:0200000460009A
:100000004643464200000156000000000103030081
:1000100000000000000000000000000000000000E0
:1000200000000000000000000000000000000000D0
:1000300000000000000000000000000000000000C0
:1000400000000000010408000000000000000000A3
:100050000000200000000000000000000000000080
:100060000000000000000000000000000000000090
:100070000000000000000000000000000000000080
:10008000EB04180A063204260000000000000000FD
:10009000050404240000000000000000000000002F
:1000A0000000000000000000000000000000000050
:1000B0000604000000000000000000000000000036
:1000C0000000000000000000000000000000000030
:1000D00020041808000000000000000000000000DC
:1000E0000000000000000000000000000000000010
:1000F0000000000000000000000000000000000000
:10010000D8041808000000000000000000000000F3
:100110000204180804200000000000000000000095
:1001200000000000000000000000000000000000CF
:10013000600400000000000000000000000000005B
:1001400000000000000000000000000000000000AF
:10015000000000000000000000000000000000009F
:10016000000000000000000000000000000000008F
:10017000000000000000000000000000000000007F
:10018000000000000000000000000000000000006F
:10019000000000000000000000000000000000005F
:1001A000000000000000000000000000000000004F
:1001B000000000000000000000000000000000003F
:1001C000000100000010000001000000000000001D
:1001D000000001000000000000000000000000001E
:1001E000000000000000000000000000000000000F
:1001F00000000000000000000000000000000000FF
:10020000FFFFFFFFFFFFFFFFFFFFFFFFFFFFFFFFFE
:10021000FFFFFFFFFFFFFFFFFFFFFFFFFFFFFFFFEE
:10022000FFFFFFFFFFFFFFFFFFFFFFFFFFFFFFFFDE
:10023000FFFFFFFFFFFFFFFFFFFFFFFFFFFFFFFFCE
:10024000FFFFFFFFFFFFFFFFFFFFFFFFFFFFFFFFBE
:10025000FFFFFFFFFFFFFFFFFFFFFFFFFFFFFFFFAE
:10026000FFFFFFFFFFFFFFFFFFFFFFFFFFFFFFFF9E
:10027000FFFFFFFFFFFFFFFFFFFFFFFFFFFFFFFF8E
:10028000FFFFFFFFFFFFFFFFFFFFFFFFFFFFFFFF7E
:10029000FFFFFFFFFFFFFFFFFFFFFFFFFFFFFFFF6E
:1002A000FFFFFFFFFFFFFFFFFFFFFFFFFFFFFFFF5E
:1002B000FFFFFFFFFFFFFFFFFFFFFFFFFFFFFFFF4E
:1002C000FFFFFFFFFFFFFFFFFFFFFFFFFFFFFFFF3E
:1002D000FFFFFFFFFFFFFFFFFFFFFFFFFFFFFFFF2E
:1002E000FFFFFFFFFFFFFFFFFFFFFFFFFFFFFFFF1E
:1002F000FFFFFFFFFFFFFFFFFFFFFFFFFFFFFFFF0E
:10030000FFFFFFFFFFFFFFFFFFFFFFFFFFFFFFFFFD
:10031000FFFFFFFFFFFFFFFFFFFFFFFFFFFFFFFFED
:10032000FFFFFFFFFFFFFFFFFFFFFFFFFFFFFFFFDD
:10033000FFFFFFFFFFFFFFFFFFFFFFFFFFFFFFFFCD
:10034000FFFFFFFFFFFFFFFFFFFFFFFFFFFFFFFFBD
:10035000FFFFFFFFFFFFFFFFFFFFFFFFFFFFFFFFAD
:10036000FFFFFFFFFFFFFFFFFFFFFFFFFFFFFFFF9D
:10037000FFFFFFFFFFFFFFFFFFFFFFFFFFFFFFFF8D
:10038000FFFFFFFFFFFFFFFFFFFFFFFFFFFFFFFF7D
:10039000FFFFFFFFFFFFFFFFFFFFFFFFFFFFFFFF6D
:1003A000FFFFFFFFFFFFFFFFFFFFFFFFFFFFFFFF5D
:1003B000FFFFFFFFFFFFFFFFFFFFFFFFFFFFFFFF4D
:1003C000FFFFFFFFFFFFFFFFFFFFFFFFFFFFFFFF3D
:1003D000FFFFFFFFFFFFFFFFFFFFFFFFFFFFFFFF2D
:1003E000FFFFFFFFFFFFFFFFFFFFFFFFFFFFFFFF1D
:1003F000FFFFFFFFFFFFFFFFFFFFFFFFFFFFFFFF0D
:10040000FFFFFFFFFFFFFFFFFFFFFFFFFFFFFFFFFC
:10041000FFFFFFFFFFFFFFFFFFFFFFFFFFFFFFFFEC
:10042000FFFFFFFFFFFFFFFFFFFFFFFFFFFFFFFFDC
:10043000FFFFFFFFFFFFFFFFFFFFFFFFFFFFFFFFCC
:10044000FFFFFFFFFFFFFFFFFFFFFFFFFFFFFFFFBC
:10045000FFFFFFFFFFFFFFFFFFFFFFFFFFFFFFFFAC
:10046000FFFFFFFFFFFFFFFFFFFFFFFFFFFFFFFF9C
:10047000FFFFFFFFFFFFFFFFFFFFFFFFFFFFFFFF8C
:10048000FFFFFFFFFFFFFFFFFFFFFFFFFFFFFFFF7C
:10049000FFFFFFFFFFFFFFFFFFFFFFFFFFFFFFFF6C
:1004A000FFFFFFFFFFFFFFFFFFFFFFFFFFFFFFFF5C
:1004B000FFFFFFFFFFFFFFFFFFFFFFFFFFFFFFFF4C
:1004C000FFFFFFFFFFFFFFFFFFFFFFFFFFFFFFFF3C
:1004D000FFFFFFFFFFFFFFFFFFFFFFFFFFFFFFFF2C
:1004E000FFFFFFFFFFFFFFFFFFFFFFFFFFFFFFFF1C
:1004F000FFFFFFFFFFFFFFFFFFFFFFFFFFFFFFFF0C
:10050000FFFFFFFFFFFFFFFFFFFFFFFFFFFFFFFFFB
:10051000FFFFFFFFFFFFFFFFFFFFFFFFFFFFFFFFEB
:10052000FFFFFFFFFFFFFFFFFFFFFFFFFFFFFFFFDB
:10053000FFFFFFFFFFFFFFFFFFFFFFFFFFFFFFFFCB
:10054000FFFFFFFFFFFFFFFFFFFFFFFFFFFFFFFFBB
:10055000FFFFFFFFFFFFFFFFFFFFFFFFFFFFFFFFAB
:10056000FFFFFFFFFFFFFFFFFFFFFFFFFFFFFFFF9B
:10057000FFFFFFFFFFFFFFFFFFFFFFFFFFFFFFFF8B
:10058000FFFFFFFFFFFFFFFFFFFFFFFFFFFFFFFF7B
:10059000FFFFFFFFFFFFFFFFFFFFFFFFFFFFFFFF6B
:1005A000FFFFFFFFFFFFFFFFFFFFFFFFFFFFFFFF5B
:1005B000FFFFFFFFFFFFFFFFFFFFFFFFFFFFFFFF4B
:1005C000FFFFFFFFFFFFFFFFFFFFFFFFFFFFFFFF3B
:1005D000FFFFFFFFFFFFFFFFFFFFFFFFFFFFFFFF2B
:1005E000FFFFFFFFFFFFFFFFFFFFFFFFFFFFFFFF1B
:1005F000FFFFFFFFFFFFFFFFFFFFFFFFFFFFFFFF0B
:10060000FFFFFFFFFFFFFFFFFFFFFFFFFFFFFFFFFA
:10061000FFFFFFFFFFFFFFFFFFFFFFFFFFFFFFFFEA
:10062000FFFFFFFFFFFFFFFFFFFFFFFFFFFFFFFFDA
:10063000FFFFFFFFFFFFFFFFFFFFFFFFFFFFFFFFCA
:10064000FFFFFFFFFFFFFFFFFFFFFFFFFFFFFFFFBA
:10065000FFFFFFFFFFFFFFFFFFFFFFFFFFFFFFFFAA
:10066000FFFFFFFFFFFFFFFFFFFFFFFFFFFFFFFF9A
:10067000FFFFFFFFFFFFFFFFFFFFFFFFFFFFFFFF8A
:10068000FFFFFFFFFFFFFFFFFFFFFFFFFFFFFFFF7A
:10069000FFFFFFFFFFFFFFFFFFFFFFFFFFFFFFFF6A
:1006A000FFFFFFFFFFFFFFFFFFFFFFFFFFFFFFFF5A
:1006B000FFFFFFFFFFFFFFFFFFFFFFFFFFFFFFFF4A
:1006C000FFFFFFFFFFFFFFFFFFFFFFFFFFFFFFFF3A
:1006D000FFFFFFFFFFFFFFFFFFFFFFFFFFFFFFFF2A
:1006E000FFFFFFFFFFFFFFFFFFFFFFFFFFFFFFFF1A
:1006F000FFFFFFFFFFFFFFFFFFFFFFFFFFFFFFFF0A
:10070000FFFFFFFFFFFFFFFFFFFFFFFFFFFFFFFFF9
:10071000FFFFFFFFFFFFFFFFFFFFFFFFFFFFFFFFE9
:10072000FFFFFFFFFFFFFFFFFFFFFFFFFFFFFFFFD9
:10073000FFFFFFFFFFFFFFFFFFFFFFFFFFFFFFFFC9
:10074000FFFFFFFFFFFFFFFFFFFFFFFFFFFFFFFFB9
:10075000FFFFFFFFFFFFFFFFFFFFFFFFFFFFFFFFA9
:10076000FFFFFFFFFFFFFFFFFFFFFFFFFFFFFFFF99
:10077000FFFFFFFFFFFFFFFFFFFFFFFFFFFFFFFF89
:10078000FFFFFFFFFFFFFFFFFFFFFFFFFFFFFFFF79
:10079000FFFFFFFFFFFFFFFFFFFFFFFFFFFFFFFF69
:1007A000FFFFFFFFFFFFFFFFFFFFFFFFFFFFFFFF59
:1007B000FFFFFFFFFFFFFFFFFFFFFFFFFFFFFFFF49
:1007C000FFFFFFFFFFFFFFFFFFFFFFFFFFFFFFFF39
:1007D000FFFFFFFFFFFFFFFFFFFFFFFFFFFFFFFF29
:1007E000FFFFFFFFFFFFFFFFFFFFFFFFFFFFFFFF19
:1007F000FFFFFFFFFFFFFFFFFFFFFFFFFFFFFFFF09
:10080000FFFFFFFFFFFFFFFFFFFFFFFFFFFFFFFFF8
:10081000FFFFFFFFFFFFFFFFFFFFFFFFFFFFFFFFE8
:10082000FFFFFFFFFFFFFFFFFFFFFFFFFFFFFFFFD8
:10083000FFFFFFFFFFFFFFFFFFFFFFFFFFFFFFFFC8
:10084000FFFFFFFFFFFFFFFFFFFFFFFFFFFFFFFFB8
:10085000FFFFFFFFFFFFFFFFFFFFFFFFFFFFFFFFA8
:10086000FFFFFFFFFFFFFFFFFFFFFFFFFFFFFFFF98
:10087000FFFFFFFFFFFFFFFFFFFFFFFFFFFFFFFF88
:10088000FFFFFFFFFFFFFFFFFFFFFFFFFFFFFFFF78
:10089000FFFFFFFFFFFFFFFFFFFFFFFFFFFFFFFF68
:1008A000FFFFFFFFFFFFFFFFFFFFFFFFFFFFFFFF58
:1008B000FFFFFFFFFFFFFFFFFFFFFFFFFFFFFFFF48
:1008C000FFFFFFFFFFFFFFFFFFFFFFFFFFFFFFFF38
:1008D000FFFFFFFFFFFFFFFFFFFFFFFFFFFFFFFF28
:1008E000FFFFFFFFFFFFFFFFFFFFFFFFFFFFFFFF18
:1008F000FFFFFFFFFFFFFFFFFFFFFFFFFFFFFFFF08
:10090000FFFFFFFFFFFFFFFFFFFFFFFFFFFFFFFFF7
:10091000FFFFFFFFFFFFFFFFFFFFFFFFFFFFFFFFE7
:10092000FFFFFFFFFFFFFFFFFFFFFFFFFFFFFFFFD7
:10093000FFFFFFFFFFFFFFFFFFFFFFFFFFFFFFFFC7
:10094000FFFFFFFFFFFFFFFFFFFFFFFFFFFFFFFFB7
:10095000FFFFFFFFFFFFFFFFFFFFFFFFFFFFFFFFA7
:10096000FFFFFFFFFFFFFFFFFFFFFFFFFFFFFFFF97
:10097000FFFFFFFFFFFFFFFFFFFFFFFFFFFFFFFF87
:10098000FFFFFFFFFFFFFFFFFFFFFFFFFFFFFFFF77
:10099000FFFFFFFFFFFFFFFFFFFFFFFFFFFFFFFF67
:1009A000FFFFFFFFFFFFFFFFFFFFFFFFFFFFFFFF57
:1009B000FFFFFFFFFFFFFFFFFFFFFFFFFFFFFFFF47
:1009C000FFFFFFFFFFFFFFFFFFFFFFFFFFFFFFFF37
:1009D000FFFFFFFFFFFFFFFFFFFFFFFFFFFFFFFF27
:1009E000FFFFFFFFFFFFFFFFFFFFFFFFFFFFFFFF17
:1009F000FFFFFFFFFFFFFFFFFFFFFFFFFFFFFFFF07
:100A0000FFFFFFFFFFFFFFFFFFFFFFFFFFFFFFFFF6
:100A1000FFFFFFFFFFFFFFFFFFFFFFFFFFFFFFFFE6
:100A2000FFFFFFFFFFFFFFFFFFFFFFFFFFFFFFFFD6
:100A3000FFFFFFFFFFFFFFFFFFFFFFFFFFFFFFFFC6
:100A4000FFFFFFFFFFFFFFFFFFFFFFFFFFFFFFFFB6
:100A5000FFFFFFFFFFFFFFFFFFFFFFFFFFFFFFFFA6
:100A6000FFFFFFFFFFFFFFFFFFFFFFFFFFFFFFFF96
:100A7000FFFFFFFFFFFFFFFFFFFFFFFFFFFFFFFF86
:100A8000FFFFFFFFFFFFFFFFFFFFFFFFFFFFFFFF76
:100A9000FFFFFFFFFFFFFFFFFFFFFFFFFFFFFFFF66
:100AA000FFFFFFFFFFFFFFFFFFFFFFFFFFFFFFFF56
:100AB000FFFFFFFFFFFFFFFFFFFFFFFFFFFFFFFF46
:100AC000FFFFFFFFFFFFFFFFFFFFFFFFFFFFFFFF36
:100AD000FFFFFFFFFFFFFFFFFFFFFFFFFFFFFFFF26
:100AE000FFFFFFFFFFFFFFFFFFFFFFFFFFFFFFFF16
:100AF000FFFFFFFFFFFFFFFFFFFFFFFFFFFFFFFF06
:100B0000FFFFFFFFFFFFFFFFFFFFFFFFFFFFFFFFF5
:100B1000FFFFFFFFFFFFFFFFFFFFFFFFFFFFFFFFE5
:100B2000FFFFFFFFFFFFFFFFFFFFFFFFFFFFFFFFD5
:100B3000FFFFFFFFFFFFFFFFFFFFFFFFFFFFFFFFC5
:100B4000FFFFFFFFFFFFFFFFFFFFFFFFFFFFFFFFB5
:100B5000FFFFFFFFFFFFFFFFFFFFFFFFFFFFFFFFA5
:100B6000FFFFFFFFFFFFFFFFFFFFFFFFFFFFFFFF95
:100B7000FFFFFFFFFFFFFFFFFFFFFFFFFFFFFFFF85
:100B8000FFFFFFFFFFFFFFFFFFFFFFFFFFFFFFFF75
:100B9000FFFFFFFFFFFFFFFFFFFFFFFFFFFFFFFF65
:100BA000FFFFFFFFFFFFFFFFFFFFFFFFFFFFFFFF55
:100BB000FFFFFFFFFFFFFFFFFFFFFFFFFFFFFFFF45
:100BC000FFFFFFFFFFFFFFFFFFFFFFFFFFFFFFFF35
:100BD000FFFFFFFFFFFFFFFFFFFFFFFFFFFFFFFF25
:100BE000FFFFFFFFFFFFFFFFFFFFFFFFFFFFFFFF15
:100BF000FFFFFFFFFFFFFFFFFFFFFFFFFFFFFFFF05
:100C0000FFFFFFFFFFFFFFFFFFFFFFFFFFFFFFFFF4
:100C1000FFFFFFFFFFFFFFFFFFFFFFFFFFFFFFFFE4
:100C2000FFFFFFFFFFFFFFFFFFFFFFFFFFFFFFFFD4
:100C3000FFFFFFFFFFFFFFFFFFFFFFFFFFFFFFFFC4
:100C4000FFFFFFFFFFFFFFFFFFFFFFFFFFFFFFFFB4
:100C5000FFFFFFFFFFFFFFFFFFFFFFFFFFFFFFFFA4
:100C6000FFFFFFFFFFFFFFFFFFFFFFFFFFFFFFFF94
:100C7000FFFFFFFFFFFFFFFFFFFFFFFFFFFFFFFF84
:100C8000FFFFFFFFFFFFFFFFFFFFFFFFFFFFFFFF74
:100C9000FFFFFFFFFFFFFFFFFFFFFFFFFFFFFFFF64
:100CA000FFFFFFFFFFFFFFFFFFFFFFFFFFFFFFFF54
:100CB000FFFFFFFFFFFFFFFFFFFFFFFFFFFFFFFF44
:100CC000FFFFFFFFFFFFFFFFFFFFFFFFFFFFFFFF34
:100CD000FFFFFFFFFFFFFFFFFFFFFFFFFFFFFFFF24
:100CE000FFFFFFFFFFFFFFFFFFFFFFFFFFFFFFFF14
:100CF000FFFFFFFFFFFFFFFFFFFFFFFFFFFFFFFF04
:100D0000FFFFFFFFFFFFFFFFFFFFFFFFFFFFFFFFF3
:100D1000FFFFFFFFFFFFFFFFFFFFFFFFFFFFFFFFE3
:100D2000FFFFFFFFFFFFFFFFFFFFFFFFFFFFFFFFD3
:100D3000FFFFFFFFFFFFFFFFFFFFFFFFFFFFFFFFC3
:100D4000FFFFFFFFFFFFFFFFFFFFFFFFFFFFFFFFB3
:100D5000FFFFFFFFFFFFFFFFFFFFFFFFFFFFFFFFA3
:100D6000FFFFFFFFFFFFFFFFFFFFFFFFFFFFFFFF93
:100D7000FFFFFFFFFFFFFFFFFFFFFFFFFFFFFFFF83
:100D8000FFFFFFFFFFFFFFFFFFFFFFFFFFFFFFFF73
:100D9000FFFFFFFFFFFFFFFFFFFFFFFFFFFFFFFF63
:100DA000FFFFFFFFFFFFFFFFFFFFFFFFFFFFFFFF53
:100DB000FFFFFFFFFFFFFFFFFFFFFFFFFFFFFFFF43
:100DC000FFFFFFFFFFFFFFFFFFFFFFFFFFFFFFFF33
:100DD000FFFFFFFFFFFFFFFFFFFFFFFFFFFFFFFF23
:100DE000FFFFFFFFFFFFFFFFFFFFFFFFFFFFFFFF13
:100DF000FFFFFFFFFFFFFFFFFFFFFFFFFFFFFFFF03
:100E0000FFFFFFFFFFFFFFFFFFFFFFFFFFFFFFFFF2
:100E1000FFFFFFFFFFFFFFFFFFFFFFFFFFFFFFFFE2
:100E2000FFFFFFFFFFFFFFFFFFFFFFFFFFFFFFFFD2
:100E3000FFFFFFFFFFFFFFFFFFFFFFFFFFFFFFFFC2
:100E4000FFFFFFFFFFFFFFFFFFFFFFFFFFFFFFFFB2
:100E5000FFFFFFFFFFFFFFFFFFFFFFFFFFFFFFFFA2
:100E6000FFFFFFFFFFFFFFFFFFFFFFFFFFFFFFFF92
:100E7000FFFFFFFFFFFFFFFFFFFFFFFFFFFFFFFF82
:100E8000FFFFFFFFFFFFFFFFFFFFFFFFFFFFFFFF72
:100E9000FFFFFFFFFFFFFFFFFFFFFFFFFFFFFFFF62
:100EA000FFFFFFFFFFFFFFFFFFFFFFFFFFFFFFFF52
:100EB000FFFFFFFFFFFFFFFFFFFFFFFFFFFFFFFF42
:100EC000FFFFFFFFFFFFFFFFFFFFFFFFFFFFFFFF32
:100ED000FFFFFFFFFFFFFFFFFFFFFFFFFFFFFFFF22
:100EE000FFFFFFFFFFFFFFFFFFFFFFFFFFFFFFFF12
:100EF000FFFFFFFFFFFFFFFFFFFFFFFFFFFFFFFF02
:100F0000FFFFFFFFFFFFFFFFFFFFFFFFFFFFFFFFF1
:100F1000FFFFFFFFFFFFFFFFFFFFFFFFFFFFFFFFE1
:100F2000FFFFFFFFFFFFFFFFFFFFFFFFFFFFFFFFD1
:100F3000FFFFFFFFFFFFFFFFFFFFFFFFFFFFFFFFC1
:100F4000FFFFFFFFFFFFFFFFFFFFFFFFFFFFFFFFB1
:100F5000FFFFFFFFFFFFFFFFFFFFFFFFFFFFFFFFA1
:100F6000FFFFFFFFFFFFFFFFFFFFFFFFFFFFFFFF91
:100F7000FFFFFFFFFFFFFFFFFFFFFFFFFFFFFFFF81
:100F8000FFFFFFFFFFFFFFFFFFFFFFFFFFFFFFFF71
:100F9000FFFFFFFFFFFFFFFFFFFFFFFFFFFFFFFF61
:100FA000FFFFFFFFFFFFFFFFFFFFFFFFFFFFFFFF51
:100FB000FFFFFFFFFFFFFFFFFFFFFFFFFFFFFFFF41
:100FC000FFFFFFFFFFFFFFFFFFFFFFFFFFFFFFFF31
:100FD000FFFFFFFFFFFFFFFFFFFFFFFFFFFFFFFF21
:100FE000FFFFFFFFFFFFFFFFFFFFFFFFFFFFFFFF11
:100FF000FFFFFFFFFFFFFFFFFFFFFFFFFFFFFFFF01
:10100000D1002043611C00600000000000000000CF
:101010002010006000100060006403600000000009
:10102000000000600070030000000000FFFFFFFFF1
:10103000FFFFFFFFFFFFFFFFFFFFFFFFFFFFFFFFC0
:10104000FFFFFFFFFFFFFFFFFFFFFFFFFFFFFFFFB0
:10105000FFFFFFFFFFFFFFFFFFFFFFFFFFFFFFFFA0
:10106000FFFFFFFFFFFFFFFFFFFFFFFFFFFFFFFF90
:10107000FFFFFFFFFFFFFFFFFFFFFFFFFFFFFFFF80
:10108000FFFFFFFFFFFFFFFFFFFFFFFFFFFFFFFF70
:10109000FFFFFFFFFFFFFFFFFFFFFFFFFFFFFFFF60
:1010A000FFFFFFFFFFFFFFFFFFFFFFFFFFFFFFFF50
:1010B000FFFFFFFFFFFFFFFFFFFFFFFFFFFFFFFF40
:1010C000FFFFFFFFFFFFFFFFFFFFFFFFFFFFFFFF30
:1010D000FFFFFFFFFFFFFFFFFFFFFFFFFFFFFFFF20
:1010E000FFFFFFFFFFFFFFFFFFFFFFFFFFFFFFFF10
:1010F000FFFFFFFFFFFFFFFFFFFFFFFFFFFFFFFF00
:10110000FFFFFFFFFFFFFFFFFFFFFFFFFFFFFFFFEF
:10111000FFFFFFFFFFFFFFFFFFFFFFFFFFFFFFFFDF
:10112000FFFFFFFFFFFFFFFFFFFFFFFFFFFFFFFFCF
:10113000FFFFFFFFFFFFFFFFFFFFFFFFFFFFFFFFBF
:10114000FFFFFFFFFFFFFFFFFFFFFFFFFFFFFFFFAF
:10115000FFFFFFFFFFFFFFFFFFFFFFFFFFFFFFFF9F
:10116000FFFFFFFFFFFFFFFFFFFFFFFFFFFFFFFF8F
:10117000FFFFFFFFFFFFFFFFFFFFFFFFFFFFFFFF7F
:10118000FFFFFFFFFFFFFFFFFFFFFFFFFFFFFFFF6F
:10119000FFFFFFFFFFFFFFFFFFFFFFFFFFFFFFFF5F
:1011A000FFFFFFFFFFFFFFFFFFFFFFFFFFFFFFFF4F
:1011B000FFFFFFFFFFFFFFFFFFFFFFFFFFFFFFFF3F
:1011C000FFFFFFFFFFFFFFFFFFFFFFFFFFFFFFFF2F
:1011D000FFFFFFFFFFFFFFFFFFFFFFFFFFFFFFFF1F
:1011E000FFFFFFFFFFFFFFFFFFFFFFFFFFFFFFFF0F
:1011F000FFFFFFFFFFFFFFFFFFFFFFFFFFFFFFFFFF
:10120000FFFFFFFFFFFFFFFFFFFFFFFFFFFFFFFFEE
:10121000FFFFFFFFFFFFFFFFFFFFFFFFFFFFFFFFDE
:10122000FFFFFFFFFFFFFFFFFFFFFFFFFFFFFFFFCE
:10123000FFFFFFFFFFFFFFFFFFFFFFFFFFFFFFFFBE
:10124000FFFFFFFFFFFFFFFFFFFFFFFFFFFFFFFFAE
:10125000FFFFFFFFFFFFFFFFFFFFFFFFFFFFFFFF9E
:10126000FFFFFFFFFFFFFFFFFFFFFFFFFFFFFFFF8E
:10127000FFFFFFFFFFFFFFFFFFFFFFFFFFFFFFFF7E
:10128000FFFFFFFFFFFFFFFFFFFFFFFFFFFFFFFF6E
:10129000FFFFFFFFFFFFFFFFFFFFFFFFFFFFFFFF5E
:1012A000FFFFFFFFFFFFFFFFFFFFFFFFFFFFFFFF4E
:1012B000FFFFFFFFFFFFFFFFFFFFFFFFFFFFFFFF3E
:1012C000FFFFFFFFFFFFFFFFFFFFFFFFFFFFFFFF2E
:1012D000FFFFFFFFFFFFFFFFFFFFFFFFFFFFFFFF1E
:1012E000FFFFFFFFFFFFFFFFFFFFFFFFFFFFFFFF0E
:1012F000FFFFFFFFFFFFFFFFFFFFFFFFFFFFFFFFFE
:10130000FFFFFFFFFFFFFFFFFFFFFFFFFFFFFFFFED
:10131000FFFFFFFFFFFFFFFFFFFFFFFFFFFFFFFFDD
:10132000FFFFFFFFFFFFFFFFFFFFFFFFFFFFFFFFCD
:10133000FFFFFFFFFFFFFFFFFFFFFFFFFFFFFFFFBD
:10134000FFFFFFFFFFFFFFFFFFFFFFFFFFFFFFFFAD
:10135000FFFFFFFFFFFFFFFFFFFFFFFFFFFFFFFF9D
:10136000FFFFFFFFFFFFFFFFFFFFFFFFFFFFFFFF8D
:10137000FFFFFFFFFFFFFFFFFFFFFFFFFFFFFFFF7D
:10138000FFFFFFFFFFFFFFFFFFFFFFFFFFFFFFFF6D
:10139000FFFFFFFFFFFFFFFFFFFFFFFFFFFFFFFF5D
:1013A000FFFFFFFFFFFFFFFFFFFFFFFFFFFFFFFF4D
:1013B000FFFFFFFFFFFFFFFFFFFFFFFFFFFFFFFF3D
:1013C000FFFFFFFFFFFFFFFFFFFFFFFFFFFFFFFF2D
:1013D000FFFFFFFFFFFFFFFFFFFFFFFFFFFFFFFF1D
:1013E000FFFFFFFFFFFFFFFFFFFFFFFFFFFFFFFF0D
:1013F000FFFFFFFFFFFFFFFFFFFFFFFFFFFFFFFFFD
:10140000884207D0904205D251F8043B40F8043B93
:101410008242F9D8704700BF884204D2002340F8C6
:10142000043B8142FBD87047BA4B0824BA4ABB49F7
:10143000BB4880B5C3F8544184B0FFF7E1FFB94A17
:10144000B949BA48FFF7DCFFB949BA48FFF7E4FFEA
:10145000B94C4FF0E0214FF470000023B74AC1F8B7
:10146000880D44F823200133B02BFAD1B44B8021EE
:10147000B44A03F8011B9342FBD14FF0E023A54A85
:101480004FF08031B048C3F8084DC2F80411C2F8DB
:101490000001AE48C2F8F410C2F8F000D3F8241DE1
:1014A000AB4841F4E021C3F8241DC16921F07F015C
:1014B00041F04001C161416A21F07F0141F04001EA
:1014C00041624FF0FF30A3498866C86608674867E5
:1014D00000211020C3F8941DC3F89C0D9E48C3F84A
:1014E000A00D1120C3F89C0D9C48C3F8A00D12203C
:1014F000C3F89C0D9A48C3F8A00D9A48C3F89C0DF8
:101500009948C3F8A00D9948C3F89C0D9848C3F8B2
:10151000A00D874840F01500C3F89C0D9548C3F80E
:10152000A00D00F181500D30C3F89C0D9248C3F816
:10153000A00D9248C3F89C0D9148C3F8A00D9148A6
:10154000C3F89C0D9048C3F8A00D9048C3F89C0DBB
:101550008F48C3F8A00D0120C3F8940DBFF34F8F3F
:10156000BFF36F8FC3F8501FBFF34F8FBFF36F8F61
:10157000D3F8140D4FF0400E4FF4805C4FF4005739
:1015800040F440304FF44046C3F8140D8148A06346
:101590008148E063632058610320996118617F48A6
:1015A0007F49C3F8200DD3F8FC0D40F08070C3F8DC
:1015B000FC0D0B687B4843F001030B604B684FF454
:1015C0008031036043F2420013699D0700F11483E8
:1015D0009D0440F11583DD0440F11483002BF3DA00
:1015E00013F4803540F011835B0640F11A834FF00D
:1015F000803355496C48C2F80431C2F80011534990
:10160000C2F8F430C2F8F01000F02AFC5048674BE2
:10161000C16E674A41F44051C1661D60C3F808516C
:10162000C3F81851C3F82851C3F83851936BD80741
:1016300008D442F615635F4951651365936B43F017
:10164000010393635A4840F23765414B81685A4A17
:1016500041F001118160D96E41F44031D966D96EF3
:1016600041F44071D966A02355649364936C1906C4
:10167000FCD4524B40F23761A02259649A649D6CAD
:1016800015F08005FBD1324B41F201074C4945F67C
:10169000C0564C4AF3EE097A0D70996F4A4841F4EE
:1016A0007F019FED4A6ADFED4A6A9967D3F880109F
:1016B0000A43C3F8802000F0CBFB00F5804000F027
:1016C000C7FB00F5804000F0C3FB00F5804000F050
:1016D000BFFB4049404A4FF00F0C43F226008D817A
:1016E0004D81A1F80EC08F82CE800D800D82888141
:1016F0008D854D85A1F82EC08F86CE840D840D86F4
:101700008885A1F84C50A1F84A50A1F84EC0A1F824
:10171000547063E000800D4088D8020004310060FE
:1017200000000000C0560020900903600000002067
:1017300000360220C056002000540020F958010055
:1017400000E400E0A0E400E01B1018200C0D1113D1
:1017500000C00F4000C00A403F00001025000803F1
:1017600009001000130020002100020714000020CF
:10177000250008130900001027000B131700004074
:1017800033001013180000602F000B0719000070C1
:101790002F000B13592D0100A52D01000000202062
:1017A000001000E010C301200046C32300400840A1
:1017B00000400D400000C05600400C4000800C402E
:1017C000246A0020000003FC00C03D400000AA4243
:1017D0000000B44200C01D4000001E40A1F8466059
:1017E000A1F84050A1F85050A1F84C00A1F86C505D
:1017F000A1F86A50A1F86EC0A1F87470A1F86660F3
:10180000A1F86050A1F87050A1F86C0003219581F7
:101810005581A2F80EC09782D680158015829081DE
:1018200095855585A2F82EC09786D6841584158691
:101830009085A2F84C50A2F84A50A2F84EC0A2F8E7
:101840005470A2F84660A2F84050A2F85050A2F896
:101850004C00A2F86C50A2F86A50A2F86EC0A2F830
:101860007470A2F86660A2F86050A2F87050A2F8F6
:101870006C00A2F58312CF4BA2F5F8529D815D81D9
:10188000A3F80EC09F82DE801D801D8298819D85F9
:101890005D85A3F82EC09F86DE841D841D869885F5
:1018A000A3F84C50A3F84A50A3F84EC0A3F85470C4
:1018B000A3F84660A3F84050A3F85050A3F84C009A
:1018C000A3F86C50A3F86A50A3F86EC0A3F8747024
:1018D000A3F86660A3F86050A3F87050A3F86C00FA
:1018E000D2F8803023F00103C2F88030B24BC2F846
:1018F0009010D3F8E030B149DFB2C3F30B261B0DD3
:10190000D2F8800007EE107A05EE906AC1F8C8653B
:10191000B8EEC77AC1F8C475B8EEE55A37EE466A34
:1019200077EE666A37EE677A07EE903AA44BF8EEE8
:10193000E77A77EEC57A26EE276A66EEA76A67EE43
:10194000274AC6EE075A86EE876AC4EE876A75EEA6
:10195000855AFCEEE55A36EE056A15EE906ABCEE45
:10196000C66A40EA065076EE856AC2F8800016EE36
:10197000100A03EA0043D2F89001FCEEE66A034342
:10198000C2F8903116EE903AD2F89001C3F30B03EF
:101990000343C2F89031D2F8803043F00203C2F81A
:1019A0008030884A884B82F84050C4F8403101F2B8
:1019B000CC5301F5BA6183ED007AC1ED007A4FF0A6
:1019C000E0230122814EC3F808213368132BFCD990
:1019D0007F4B40F66172C3F82021774A7D4BD2F8E5
:1019E000201221F07F41994280F011810A2000FBF2
:1019F00001F2B2FBF0F300FB1323092A03F13003D9
:101A00008DF8043040F210810DF1040C4FF0000EFF
:101A1000DFF8E0916746A9FB0132884670460EF177
:101A2000010ED208B8F1090F02EB8203A1EB4303C8
:101A3000114603F1300307F8013FECD801AB00F188
:101A4000100203EB0E016A44002302F80A3C1A4616
:101A500001339CF80070821A91F800E093420CF870
:101A600001EB01F80179F2DB9DF80420002A00F077
:101A7000E180594B9DF805105A84002900F0DC8064
:101A80009DF806009984002800F0D8809DF8072072
:101A9000D884002A00F0D4809DF808101A85002907
:101AA00000F0D2809DF809205985002A00F0D080EE
:101AB0009DF80A109A85002900F0C8809DF80B2037
:101AC000D985002A00F0BE809DF80C101A860029E6
:101AD00000F0C0809DF80D205986002A00F0BC80DF
:101AE0000A259A866A1C3D49520083F82020D1F8C5
:101AF00080303B4A43F00303C1F8803040F2044198
:101B0000384BC2F860111968374B194203D1D2F82B
:101B1000A8319A071BD0324A4FF00041314B59632C
:101B2000D2F8403143F00203C2F84031D2F84031DC
:101B30009B07FBD44FF0E0224FF40031294B1920D2
:101B4000C2F88C124FF000429A6300F085F9254AE2
:101B500000214FF08040224D244B906311600A22F7
:101B60001846C5F8A8214FF4207200F081F94FF40F
:101B700081021F4B02604FF48002C5F858010264D5
:101B800040F24312C5F84821C4F804324FF0E02275
:101B90004FF400310123C2F80C11C5F8403133680D
:101BA000B3F5967FFBD300F073F800F065F900F011
:101BB0005BF900BF00401E4000441F40A0A600206B
:101BC0000000FF0F00E400E0F15A01000CC3012007
:101BD00000800D4080969800B44A002000C00F405D
:101BE00000002E4000900D40001C1E000000002050
:101BF000214E0100CDCCCCCC966151619061E3E4E3
:101C00005761E1E4C2F814C0DEE49161DCE40A2328
:101C1000B1FBF3F203FB1213114630338DF804309D
:101C2000F2E6C2F814E0CFE400239DF804208DF81A
:101C300005301EE7094B55E7012553E7022551E71B
:101C400003254FE707254DE704254BE7062549E720
:101C5000052547E7082545E7092543E7B44A00205D
:101C6000074B4FF42A01074A07485A641864074A89
:101C700099639546BFF34F8FBFF36F8FFFF7D4FB88
:101C800000C00A40FFAFAAAA0700200000000520FC
:101C900000BF7047264942698B6B23F47C0370B503
:101CA00043F480231468234D8B63216853681943E0
:101CB000036921600221002419611F491C61996494
:101CC000012159629D624FF43035DD624FF00115FC
:101CD0009E6C1E651C629D651961037E174D02EBAB
:101CE000031E174B9EF808C003EB0C1CDCF80840E1
:101CF0002560DCF80440DEF80C502560DEF810406A
:101D000014B1DEF814102160407E0C4C02EB00117F
:101D100091F828000A4603EB0013D3E90130046070
:101D2000C96A1960136B0BB1526B1A6070BD00BFAA
:101D300000C00F40B80B05053B37281961F80100BA
:101D4000381E00201B494B690A7E03EB0212127AEF
:101D5000122A2DD0187AFF282AD0122825D0187ED2
:101D6000FF2825D00120844630B41C685D682468B3
:101D70002C4203D181F818C030BC704703EB00132C
:101D80000D48052400EB0212526814601A7A0B4CBD
:101D900000EB0212D2E901200460D86810601A69D1
:101DA000002AE7D05B691360E4E700208446DBE7A4
:101DB000704700BFE05E0020381E002061F801007F
:101DC0001D494B694A7E03EB021292F82820132A20
:101DD00030D093F82800FF282CD0132827D093F870
:101DE0003800FF2826D00120844630B41C685D6886
:101DF00024682C4203D181F819C030BC704703EB32
:101E000000130E48052400EB02125268146093F888
:101E100028200B4C00EB0212D2E901200460D86AA2
:101E200010601A6B002AE6D05B6B1360E3E70020BA
:101E30008446DAE7704700BFE05E0020381E0020CD
:101E400061F80100F8B500BFF8BC08BC9E467047B9
:101E50005FF800F0613201005FF800F05179010095
:101E60005FF800F0F52F01005FF800F0858C0100AD
:101E70005FF800F0A57302005FF800F055740200EF
:081E8000450000004D52020074
:101E88000000000000000100020004000600080035
:101E98000B000F00140019001F0026002E00370049
:101EA80041004B0057006300710080008F00A000C4
:101EB800B200C500DA00EF0006011E013701520129
:101EC8006E018B01A901C901EB010E023202570212
:101ED8007F02A702D202FD022B0359038A03BC0327
:101EE800EF0325045C049404CF040B05480588051A
:101EF800C9050C0651069806E0062A077607C407A6
:101F080014086608B9080F096709C0091B0A790A85
:101F1800D80A3A0B9D0B030C6A0CD40C3F0DAD0D7F
:101F28001D0E8F0E030F790FF20F6C10E910681158
:101F3800E9116C12F2127A13041490141F15B015DB
:101F48004316D91671170B18A7184619E8198B1AD2
:101F5800321BDA1B851C331DE21D951E491F01200B
:101F6800BB2077213622F722BB2381244A25162657
:101F7800E426B52788285E29362A112BEF2BD02C8A
:101F8800B32D992E812F6D305A314B323F33353472
:101F98002E352936283729382D39333A3D3B493CE7
:101FA800593D6B3E803F9740B241D042F0431345C4
:101FB8003A4663478F48BE49F04A254C5D4D974ED7
:101FC800D54F16515A52A153EB5438568757DA5801
:101FD800315A8A5BE65C455EA75F0D617662E16314
:101FE8005065C2663768AF692B6BAA6C2B6EB06FF1
:101FF8003971C4725374E5757A771279AE7A4C7C6C
:10200800EF7D947F3D81E98298844B860188BA8967
:10201800768B368DFA8EC0908A9258942996FD97C1
:10202800D499B09B8E9D709F55A13EA32AA51AA74F
:102038000DA904ABFEACFBAEFCB001B309B515B7F6
:1020480024B937BB4DBD67BF84C1A5C3CAC5F2C794
:102058001ECA4DCC80CEB7D0F1D22FD571D7B6D904
:10206800FEDB4BDE9BE0EFE247E5A2E701EA63EC2B
:10207800CAEE34F1A2F313F688F802FB7EFDFFFFE7
:10208800A000A000A00000000000000040404000A8
:102098004000A0A000000000A0F0A0F0A00040E0D8
:1020A800C020E04080204080200040A040A0500098
:1020B8004040000000002040404040208040404018
:1020C8004080A040E040A0004040E04040000000C8
:1020D800000040800000E000000000000000400018
:1020E80020204080800040A0E0A0400040C0404048
:1020F800E00040A02040E000E0204020C000A0A078
:10210800E0202000E080C020C0006080C0A0400027
:10211800E0204080800060A040A0C00040A0602077
:10212800C000004000004000004000004080204007
:102138008040200000E000E0000080402040800057
:10214800C0204000400060A0A080600040A0E0A047
:10215800A000C0A0C0A0C00040A080A04000C0A0B7
:10216800A0A0C000E080C080E000E080C0808000C7
:102178006080A0A06000A0A0E0A0A000E0404040D7
:10218800E000202020A04000A0A0C0A0A0008080E7
:102198008080E000A0E0E0A0A00020A0E0A08000F7
:1021A80040A0A0A04000C0A0C080800040A0A0A087
:1021B8004020C0A0C0A0A00060804020C000E04037
:1021C80040404000A0A0A0A0E000A0A0A0E04000E7
:1021D800A0A0E0E0A000A0A040A0A000A0A04040D7
:1021E8004000E0204080E000604040406000808087
:1021F80040202000C0404040C00040A00000000037
:102208000000000000E04020000000000060A0A0E6
:10221800600080C0A0A0C0000060808060002060D6
:10222800A0A060000040A0C060002040E040400046
:102238000060A06020C080C0A0A0A0004000C040F6
:10224800E0002000202020C080A0C0A0A000C04046
:102258004040E00000A0E0A0A00000C0A0A0A000B6
:102268000040A0A0400000C0A0C080800060A0A0E6
:10227800602000A0C08080000060C020C00040E056
:102288004040200000A0A0A0600000A0A0A0400046
:1022980000A0A0E0A00000A04040A00000A0A06016
:1022A80020C000E02040E0002040C04040204040E6
:1022B8004040400080406040408050A00000000046
:1022C80000000000000040004040400040E080E086
:1022D800400020406040A000009060609000A04056
:1022E800E040400040400040400060C0A06020C086
:1022F800A000000000006090D0D0906060A0600056
:10230800E0000050A05000000000E02000000000A5
:10231800E000000060F0D0600000E0000000000075
:1023280040A04000000040E04000E000C04080C005
:102338000000C0408040800020400000000000A055
:10234800A0A0C08070D0D050500000004000000015
:1023580000000020400040C04040000040A0400075
:10236800E00000A050A000008080805070108080A5
:10237800B0102030C0408050B01040004080600055
:102388008040A0E0A0002040A0E0A000C040A0E065
:10239800A00060C0A0E0A000A040A0E0A0004040D5
:1023A800A0E0A00070A0F0A0B00040A080A04080F5
:1023B80080E0C080E00020E0C080E00060E0C080F5
:1023C800E000A0E0C080E00080E04040E00020E0C5
:1023D8004040E00040E04040E000A0404040E000D5
:1023E800E050D050E00050A0E0E0A0008040A0A065
:1023F80040002040A0A040004040A0A0400070E065
:10240800A0A04000A040A0A0400000A040A0000064
:1024180060A0E0A0C0008040A0A0E0002040A0A0F4
:10242800E0004000A0A0E000A000A0A0E000200084
:10243800A040400080C0A0C0800040A0C0A0E080B4
:10244800804060A06000204060A06000600060A044
:10245800600050A060A06000A00060A06000400084
:1024680060A060000070B0A070000040A0806040D4
:102478008040A0C060002040A0C06000C040A0C054
:102488006000A040A0C0600080404040E00020C044
:102498004040E00040A04040E000A000C040E00014
:1024A800A04060A0400050A0C0A0A000804040A074
:1024B8004000204040A04000400040A04000E00014
:1024C80040A04000A00040A040004000E0004000C4
:1024D8000060A0A0C0008040A0A060002040A0A094
:1024E80060004000A0A06000A000A0A06000204004
:1024F800A0E020C08080C0A0C080A000A0E020C0D4
:1025080000002000210022002300240025002600CE
:102518002700280029002A002B002C002D002E005F
:102528002F0030003100320033003400350036000F
:102538003700380039003A003B003C003D003E00BF
:102548003F0040004100420043004400450046006F
:102558004700480049004A004B004C004D004E001F
:102568004F005000510052005300540055005600CF
:102578005700580059005A005B005C005D005E007F
:102588005F0060006100620063006400650066002F
:102598006700680069006A006B006C006D006E00DF
:1025A8006F0070007100720073007400750076008F
:1025B8007700780079007A007B007C007D007E003F
:1025C800A000A100A200A300A400A500A600A700E7
:1025D800A800A900AA00AB00AC00AD00AE00AF0097
:1025E800B000B100B200B300B400B500B600B70047
:1025F800B800B900BA00BB00BC00BD00BE00BF00F7
:10260800C000C100C200C300C400C500C600C700A6
:10261800C800C900CA00CB00CC00CD00CE00CF0056
:10262800D000D100D200D300D400D500D600D70006
:10263800D800D900DA00DB00DC00DD00DE00DF00B6
:10264800E000E100E200E300E400E500E600E70066
:10265800E800E900EA00EB00EC00ED00EE00EF0016
:10266800F000F100F200F300F400F500F600F700C6
:10267800F800F900FA00FB00FC00FD00FE00FF0076
:10268800DB40A4A62EAF000000000000000180007F
:1026980000000000000000000380000000000000AF
:1026A80000000007C000000000000000000007C094
:1026B8000000000000000000000FC0000000000043
:1026C800000000001FE00000000000000000001FE4
:1026D800E00000000000000000003FE000000000F3
:1026E80000000000003FF0000000000000000000B3
:1026F8007FF0000000000000001FF87FF0000000DD
:10270800000000003FFE7FF0000000000000003FD6
:10271800FF7FF0000000000000001FFFFBE000004A
:1027280000000000000FFFF9FFC0000000000000DB
:102738000FFFF9FFF800000000000007FFF1FFFF9E
:1027480000000000000003FC73FFFF800000000091
:102758000001FE3FFFFF80000000000000FF1E0F89
:10276800FF000000000000007FFE1FFC00000000CA
:102778000000003FFFFFF8000000000000000FDF2E
:10278800FFE0000000000000001F19FFC00000006B
:10279800000000003F3CFF00000000000000007E39
:1027A8007CF800000000000000007FFE7C000000B4
:1027B8000000000000FFFFFC000000000000000017
:1027C800FFFFFE0000000000000000FFFFFE000009
:1027D800000000000001FFEFFE0000000000000004
:1027E80001FFCFFE0000000000000003FF07FE000D
:1027F80000000000000003FC07FE000000000000CD
:102808000003F003FE00000000000000018000FE4D
:10281800000000000000000000007E000000000032
:1028280000000000003E0000000000000000000062
:102838000C000000000000078000FC000003C0003E
:102848000000078001FC000003C0000000078001B1
:10285800FC000003C0000000078001E00000001E2B
:10286800000000078001E00000001E007FE3F79FE2
:10287800F9FDE7787BDFC0FFF7FFBFFDFDFF787B41
:10288800DFC0FFF7FFBFFDFDFF787BDFC0F0F787F4
:10289800BC3DE1FF787BDE00F0F787BC3DE1F078D6
:1028A8007BDE0000F787803DE1E0787BDE007FF784
:1028B800879FFDE1E0787BDE00FFF787BFFDE1E061
:1028C800787BDE00F0F787BC3DE1E0787BDE00F046
:1028D800F787BC3DE1E0787BDE00F0F787BC3DE19F
:1028E800E0787BDE00FFF7FFBFFDE1E07FFBDFC0A4
:1028F800FFF7FFBFFDE1E07FFBDFC07CF3F39F3D07
:10290800E1E03E7BCFC000000000000000000000B6
:1029180000FFFFFFFFFFFFFFFFFFFFC0FFFFFFFFFD
:10292800FD68DB111A31C0FFFFFFFFFD2B5AFB6A60
:10293800EFC0FFFFFFFFFD4B5B3B1A33C0FFFFFFFC
:10294800FFFD6B5BDB6AFDC000006000000000005B
:10295800000000000000000000E00000000000008F
:102968000000000000000001E0000000000000007E
:1029780000000000000001F000000000000000005E
:10298800000000000003F00000000000000000004C
:102998000000000007F00000000000000000000038
:1029A80000000007F8000000000000000000000020
:1029B80000000FF800000003C0007E000001E000E6
:1029C8007F0FF800000003C000FE000001E000FFD8
:1029D800EFF800000003C000FE000001E000FFFF68
:1029E800F800000003C000F00000000F007FFE7F29
:1029F800C0000003C000F00000000F003FFE7FF899
:102A08003FF1FBCFFCFEF3BC3DEFE01FFE7FFF7FF5
:102A1800FBFFDFFEFEFFBC3DEFE01FC6FFFF7FFBB5
:102A2800FFDFFEFEFFBC3DEFE00FE3C7FE787BC390
:102A3800DE1EF0FFBC3DEF0007FF87FC787BC3DE9E
:102A48001EF0F83C3DEF0001FFFFF0007BC3C01E05
:102A5800F0F03C3DEF0001F37FE03FFBC3CFFEF019
:102A6800F03C3DEF0003E33F807FFBC3DFFEF0F067
:102A78003C3DEF0007E73C00787BC3DE1EF0F03CEE
:102A88003DEF0007FFBE00787BC3DE1EF0F03C3D43
:102A9800EF0007FFFE00787BC3DE1EF0F03C3DEF41
:102AA800000FFFFE007FFBFFDFFEF0F03FFDEFE0D1
:102AB8000FFFFF007FFBFFDFFEF0F03FFDEFE00FB1
:102AC800F9FF003E79F9CF9EF0F01F3DE7E01FF1D6
:102AD800FF0000000000000000000000001F80FF51
:102AE800007FFFFFFFFFFFFFFFFFFFE01C007F00ED
:102AF8007FFFFFFFFEB46D888D18E000001F007F88
:102B0800FFFFFFFE95AD7DB577E000000F007FFF6A
:102B1800FFFFFEA5AD9D8D19E0000006007FFFFFB9
:102B2800FFFEB5ADEDB57EE0AED580A8D300408DF3
:102B38002000A1C8442E00604C2B006020007E00BD
:102B4800070000000000000002000100000001056D
:102B58000200FC00010003020400FC00020005055D
:102B68000600FC00060003060400FC00090003053B
:102B78000400FC000B0004050500FC000E00010227
:102B88000200FC000F0002050300FC001100020512
:102B98000300FC00130003030400FD0015000303F9
:102BA8000400FD00170002020300000018000301E2
:102BB8000400FE0019000101020000001A000305CC
:102BC8000400FC001C0003050400FC001E000205B4
:102BD8000300FC00200003050400FC00220003059C
:102BE8000400FC00240003050400FC002600030583
:102BF8000400FC00280003050400FC002A0003056B
:102C08000400FC002C0003050400FC002E00030552
:102C18000400FC00300001030200FD003100020442
:102C28000300FD00320002030300FD00330003032C
:102C38000400FD00350002030300FD003600030513
:102C48000400FC00380003050400FC003A000305FA
:102C58000400FC003C0003050400FC003E000305E2
:102C68000400FC00400003050400FC0042000305CA
:102C78000400FC00440003050400FC0046000305B2
:102C88000400FC00480003050400FC004A0001059C
:102C98000200FC004B0003050400FC004D00030586
:102CA8000400FC004F0003050400FC00510005056A
:102CB8000600FC00550004050500FC00580003054B
:102CC8000400FC005A0003050400FC005C00030635
:102CD8000400FC005F0003050400FC00610003051C
:102CE8000400FC00630003050400FC006500030504
:102CF8000400FC00670003050400FC0069000505EA
:102D08000600FC006D0003050400FC006F000305CD
:102D18000400FC00710003050400FC0073000205B8
:102D28000300FC00750003050400FC0077000205A1
:102D38000300FC00790003020400FC007A0004018F
:102D4800040001007B0002020300FC007C00030475
:102D58000400FD007E0003050400FC00800003035E
:102D68000400FE00820003050400FC008400030444
:102D78000400FD00860002050300FC00880003052E
:102D88000400FD008A0003050400FC008C00010516
:102D98000200FC008D0002060300FC008F00030502
:102DA8000400FC00910002050300FC0093000503E9
:102DB8000600FE00950003030400FE0097000303CD
:102DC8000400FE00990003040400FE009B000304B5
:102DD8000400FE009D0002030300FE009E000304A1
:102DE8000400FD00A00002050300FC00A20003038C
:102DF8000400FE00A40003030400FE00A60005036F
:102E08000600FE00A80003030400FE00AA00030455
:102E18000400FE00AC0003040400FD00AE0003053E
:102E28000400FC00B00001060200FC00B10003052C
:102E38000400FC00B30004020500FD00E8B457D507
:102E4800F5004E3E80A54A4A5A50C06A409580AA6D
:102E5800805D0060E080254856D47540C54EC51C8D
:102E68009792F31C5354E54855545594A04664E38F
:102E78008098C50456C657DAD75C7246D6DCF3CEBE
:102E8800F34872D4B7DAF824D4BB5A924E8EEB5872
:102E9800809DB99056D4D74856D440D75A711CE96A
:102EA80024B6D4B6A48C6B5500B55AB524E54EEAC1
:102EB800C09112D5C054F090C7F0935E718025DEA2
:102EC8005E306E80779C935AB8456092EAAA40D5E6
:102ED8006AD6805500D7407590E871E0BA40B58051
:102EE800B5008D54AA80ACE0E5706A26FCC8AC5ADF
:102EF8000080C0E0F0F8FCFE000103070F1F3F7FD1
:102F080009026200030100C032080B00020202013C
:102F18000009040000010202010005240010010557
:102F28002401010104240206052406000107058284
:102F38000310001009040100020A0000000705033D
:102F48000240000007058402400000090402000254
:102F5800FF6AFF00070581024000010705010240E2
:102F68000001000009026200030100C032080B00E2
:102F78000202020100090400000102020100052406
:102F8800001001052401010104240206052406009D
:102F9800010705820310000509040100020A000068
:102FA8000007050302000200070584020002000969
:102FB80004020002FF6AC700070581020002010738
:102FC80005010200020100001603550053004200EB
:102FD8002000530065007200690061006C00000069
:102FE80018035400650065006E00730079006400E2
:102FF800750069006E006F00040309040A060002E8
:10300800EF020140010000002200FF2170C00F40C4
:10301800C00000001200000013000000D0841F4010
:1030280001000000FF000000FF0000000000000099
:10303800000000001300000013000000CC841F40B3
:1030480001000000FF000000FF0000000000000079
:10305800000000001C0000002937010070C00F406C
:10306800000C00001100000011000000E0841F4067
:10307800020000002400000012000000E0841F404D
:10308800010000001000000011000000DC841F4057
:10309800020000002500000012000000DC841F4030
:1030A800010000001E000000D937010080C00F4059
:1030B800000000031900000010000000E8841F4011
:1030C80001000000FF000000FF00000000000000F9
:1030D800000000001800000010000000E4841F40F9
:1030E80001000000FF000000FF00000000000000D9
:0C30F800000000001F00000091380100E3
:1031040000000000000000000000000000000000BB
:1031140000000000000000000000000000000000AB
:103124000548064B1B1AD90F01EBA301491002D025
:10313400034B03B118477047C0560020C056002007
:103144000000000008B5054B1BB105490548AFF365
:103154000080BDE80840FFF7E3BF00BF00000000A7
:10316400C83502200070036010B5002100F58054BA
:1031740000F64C2C0A4694F8E4E102E0CAB2964503
:1031840020D302F5CB73013100EB8303D3F83C3B2E
:103194009C45F3D1B4F8844092B29CB141F25A01F7
:1031A4000023014404E001331FFA83FC644509D978
:1031B40031F802CF9445F6D100EB8300024B00F6C0
:1031C4000870036010BD00BFCDCC4C3F01EB410142
:1031D400037D89000531C9B2C17403B141747047DC
:1031E40001EB8101037D01EB81010531C9B28174D9
:1031F40003B10174704700BF01F5E043B2F5006FFD
:1032040010B493F82440A8BF4FF40062BCB90B7A01
:103214005BB12E4C4B68A41A03EBC4035DF8044B5A
:103224001A685B680260436070474B685DF8044B42
:1032340003EBC2031A685B68026043607047D98C71
:1032440007EE902AD3ED0D4AB8EEE74A07EE901A3E
:1032540007EE101A93ED0E6AB8EEE73AD3ED0B7A47
:10326400F8EE473AD3ED0C6A74EEA77A76EE266A46
:10327400B2FBF1F401FB142237EEE47A198D76EEF9
:10328400C66A92B25DF8044B05EE901A07EE902AD6
:10329400F8EE655AF8EEE77A34EE674A67EE277A75
:1032A40084EE035A87EEA37A65EE266AC6EEA57A03
:1032B40037EE247A83ED0F7A77EE867AC3ED107AAF
:1032C40080ED007AC0ED017A704700BFFF0700204F
:1032D400582A91F8F434A8BF582210B4BBB90B7A19
:1032E4005BB1344C4B68A41A03EBC4035DF8044B84
:1032F4001A685B680260436070474B685DF8044B72
:1033040003EBC2031A685B68026043607047B1F85C
:10331400F63407EE902A01F5A06CF8EEE73A07EED2
:10332400903A9CED006AF8EE676AB8EEE73AB2FBB1
:10333400F3F403FB142201F2045401F20C5392B28D
:1033440094ED005A01F2FC4407EE902A01F5A162C3
:1033540094ED007A01F5A261F8EEE77AD2ED005A15
:1033640035EE077A31F8184C35EE866A73EEE73A93
:1033740004EE904A37EE457A5DF8044B36EE656A02
:1033840083EE834A67EE277AF8EE644A87EEA67ADC
:1033940064EE066AC6EEA47A37EE057A83ED007A07
:1033A40077EEA57AC1ED007A80ED007AC0ED017A5E
:1033B400704700BF57000020582070472DE9F041A6
:1033C40091F8356084B00C460746002E4AD1DFF8E8
:1033D400A48035E0AB422A46684606F101063ED990
:1033E400216A0B689B689847D4ED0B7A9DED007AAF
:1033F4002A4602A8B4EEE77AF1EE10FA05D5216A5E
:103404000B689B689847DDED027A216A2A46684674
:10341400C4ED0B7A0B689B689847D4ED0C7A9DED4C
:10342400017A2A4602A8B4EEE77AF1EE10FA05D53D
:10343400216A0B689B689847DDED037AC4ED0C7A2A
:10344400206AB5B258230268D2694245C2D0904777
:1034540003462A466846AB4206F10106C0D801235A
:1034640084F83530E26A3846236B3A607B6004B0F6
:10347400BDE8F081B90200002DE9F04191F8346013
:1034840084B00C460746002E4AD1DFF8A48035E00C
:10349400AB422A46684606F101063ED9216A0B680A
:1034A4009B689847D4ED097A9DED007A2A4602A8D4
:1034B400B4EEE77AF1EE10FA05DD216A0B689B6839
:1034C4009847DDED027A216A2A466846C4ED097AF6
:1034D4000B689B689847D4ED0A7A9DED017A2A46D9
:1034E40002A8B4EEE77AF1EE10FA05DD216A0B6862
:1034F4009B689847DDED037AC4ED0A7A206AB5B279
:1035040058230268D2694245C2D0904703462A46EE
:103514006846AB4206F10106C0D8012384F8343072
:10352400626A3846A36A3A607B6004B0BDE8F08101
:10353400B902000030B50B6885B00D4604461B681F
:10354400684698472B6802A829465B6898479DED12
:10355400017ADDED035AF6EE006ADDED007A2046CD
:103564009DED026A37EE257A77EE867A27EE267A83
:1035740067EEA67A84ED017AC4ED007A05B030BD19
:1035840030B50B6887B00D460446DB68684698473B
:103594002B6803A829461B699847DDED016ADDED18
:1035A400044AB6EE006A9DED027A20469DED055A66
:1035B40076EEA46ADDED007ADDED035A37EE057A86
:1035C40066EE866A77EEA57A27EE067AC4ED016A7E
:1035D40067EE867A84ED027AC4ED007A07B030BDD6
:1035E400006A70474FF40060704700BF2DE9F04156
:1035F40091F8356084B00C460746002E4BD1DFF8B5
:10360400A88035E0AB422A46684606F101063FD958
:10361400216A0B689B689847D4ED0B7A9DED007A7C
:103624002A4602A8B4EEE77AF1EE10FA05D5216A2B
:103634000B689B689847DDED027A216A2A46684642
:10364400C4ED0B7A0B689B689847D4ED0C7A9DED1A
:10365400017A2A4602A8B4EEE77AF1EE10FA05D50B
:10366400216A0B689B689847DDED037AC4ED0C7AF8
:10367400206AB5B24FF400630268D2694245C1D0F2
:10368400904703462A466846AB4206F10106BFD876
:10369400012384F83530E26A3846236B3A607B6054
:1036A40004B0BDE8F08100BFE50400002DE9F0415D
:1036B40091F8346084B00C460746002E4BD1DFF8F5
:1036C400A88035E0AB422A46684606F101063FD998
:1036D400216A0B689B689847D4ED097A9DED007ABE
:1036E4002A4602A8B4EEE77AF1EE10FA05DD216A63
:1036F4000B689B689847DDED027A216A2A46684682
:10370400C4ED097A0B689B689847D4ED0A7A9DED5D
:10371400017A2A4602A8B4EEE77AF1EE10FA05DD42
:10372400216A0B689B689847DDED037AC4ED0A7A39
:10373400206AB5B24FF400630268D2694245C1D031
:10374400904703462A466846AB4206F10106BFD8B5
:10375400012384F83430626A3846A36A3A607B6095
:1037640004B0BDE8F08100BFE504000030B50B688B
:1037740085B00D4604461B68684698472B6802A826
:1037840029465B6898479DED017ADDED035AF6EE14
:10379400006ADDED007A20469DED026A37EE257A57
:1037A40077EE867A27EE267A67EEA67A84ED017A9A
:1037B400C4ED007A05B030BD30B50B6887B00D4656
:1037C4000446DB68684698472B6803A829461B69AA
:1037D4009847DDED016ADDED044AB6EE006A9DED21
:1037E400027A20469DED055A76EEA46ADDED007A54
:1037F400DDED035A37EE057A66EE866A77EEA57A32
:1038040027EE067AC4ED016A67EE867A84ED027AC1
:10381400C4ED007A07B030BD006A704791ED067AB6
:10382400F6EE006AD1ED045AD1ED057A91ED036A02
:1038340037EE257A77EE867A27EE267A67EEA67A31
:1038440080ED017AC0ED007A704700BF91ED067AF1
:1038540091ED046AD1ED057AD1ED036A37EE467A2B
:1038640077EEE67A80ED017AC0ED007A704700BF0A
:1038740000F2045300F2FC4291ED006A00F5A16CE1
:1038840093ED004A00F5A063D2ED006AB0F8F82485
:1038940036EE446A74EE266A9CED005AD3ED007A43
:1038A40004EE902A91ED017A75EE277ADFED233A42
:1038B40037EE457A76EEC46AB8EE643A77EEC57AA6
:1038C40000B5B0F8F6E427EE037A05EE90EAF8EED8
:1038D400652AF8EEE55A26EE226A86EE265AC7EEE7
:1038E400276A35EE237AF0EE477A76EEA36AE5EEA0
:1038F400A67AFCEEE77A17EE903A98B2431E562B5E
:1039040019D8B4EEE37AF1EE10FA14DDF4EEC75AE6
:10391400F1EE10FA0FDDF4EEE36AF1EE10FA0ADDCF
:10392400F8EEE44AF4EEE64AF1EE10FAD8BF4FF0AE
:10393400FF305DF804FB4FF0FF30FAE700000000B1
:1039440001EB410124310844704700BF2430704723
:1039540000F59670704700BFD0ED056A91ED007ACE
:10396400D1ED017AF4EEC76AF1EE10FA09DC90EDBC
:10397400067A0023B4EEE77AF1EE10FA13DC0020A5
:10398400704791ED027AD0ED036AF4EEC76A90EDC8
:10399400067AF1EE10FAB4EEE77A4CBF0123002365
:1039A400F1EE10FAEBDD90ED047A03F00100D1EDB5
:1039B400037AB4EEE77AF1EE10FA58BF00207047AC
:1039C40090ED037AD1ED007A90ED046AF4EEC77AB3
:1039D400D0ED056AD0ED065AF1EE10FA13DDF4EEDF
:1039E400E67AF1EE10FA0ED5D1ED017AF4EEC67A4C
:1039F400F1EE10FA07DDF4EEE57AF1EE10FA4CBFC1
:103A04000120002070470020704700BF00EB4101F7
:103A14004FF6FF7CB1F834021080B0EB0C0018BFF5
:103A24000120704700EB41014FF6FF7CB1F8E4023E
:103A34001080B0EB0C0018BF0120704700EB41016F
:103A44004FF6FF7CB1F894031080B0EB0C0018BF64
:103A54000120704700EB41014FF6FF7CB1F84404AC
:103A64001080B0EB0C0018BF012070472DE9F04125
:103A74004F0882B01646ADF8061030D001F00104AC
:103A840005468CBBDFF8C8802B681B6B43451BD1F4
:103A940005EB41014FF6FF72B1F8941391420ED039
:103AA400631C9BB29F4202D119E09F4217D905EBD8
:103AB40041010133B1F894139BB29142F5D1002036
:103AC400318002B0BDE8F0810DF1060228460134D0
:103AD4009847A8B3A4B2BDF80610A742D4D10120D8
:103AE400318002B0BDE8F0810024DFF868802B68E3
:103AF4005B6B434518D105EB41014FF6FF72B1F8FA
:103B040044149142DBD0631C9BB2BB4202D1E6E772
:103B14009F42E4D905EB41010133B1F844149BB24F
:103B24009142F5D10020CBE70DF1060228469847D3
:103B3400631C28B19CB2BDF80610A742D7D1CEE7CA
:103B4400BDF806100020318002B0BDE8F08100BF4E
:103B54003D090000550900002DE9F0414F0882B0ED
:103B64001646ADF8061030D001F0010405468CBBB2
:103B7400DFF8C8802B68DB6A43451BD105EB4101A4
:103B84004FF6FF72B1F8E41291420ED0631C9BB25F
:103B94009F4202D119E09F4217D905EB410101333D
:103BA400B1F8E4129BB29142F5D10020318002B009
:103BB400BDE8F0810DF10602284601349847A8B308
:103BC400A4B2BDF80610A742D4D10120318002B0BE
:103BD400BDE8F0810024DFF868802B689B6A4345C8
:103BE40018D105EB41014FF6FF72B1F8341291423E
:103BF400DBD0631C9BB2BB4202D1E6E79F42E4D90F
:103C040005EB41010133B1F834129BB29142F5D175
:103C14000020CBE70DF1060228469847631C28B123
:103C24009CB2BDF80610A742D7D1CEE7BDF8061066
:103C34000020318002B0BDE8F08100BF25090000FA
:103C44000D0900002DE9F0411F1E82B01646ADF8A3
:103C540006102EDD05460024DFF860802B685B6BC0
:103C640043451BD105EB41014FF6FF70B1F84414F5
:103C740081420ED004F1010C674502D119E0674579
:103C840017DD05EB41010CF1010CB1F8441481423C
:103C9400F5D10020318002B0BDE8F0810DF10602BB
:103CA400284698470134BDF806100028F2D0A742F0
:103CB400D4D10120318002B0BDE8F0815509000063
:103CC4002DE9F0411F1E82B01646ADF806102EDD18
:103CD40005460024DFF860802B689B6A43451BD1AE
:103CE40005EB41014FF6FF70B1F8341281420ED05A
:103CF40004F1010C674502D119E0674517DD05EBB6
:103D040041010CF1010CB1F834128142F5D10020CB
:103D1400318002B0BDE8F0810DF1060228469847D3
:103D24000134BDF806100028F2D0A742D4D10120F6
:103D3400318002B0BDE8F0810D0900002DE9F043A7
:103D4400002B83B083EAE377044690460A9EA7EBF0
:103D5400E377ADF8061000F0C68040F395800025A7
:103D6400DFF8A49123685B6B4B4542D104EB41011E
:103D74004FF6FF72B1F844149142ADF8061000F00A
:103D8400B4806B1C9F4203D1ADE09F4240F3A780F7
:103D940004EB41010133B1F844149142F5D1002000
:103DA400ADF8061086EAE677002EA7EBE6771BD07F
:103DB4002BDD0025524E23689B6AB3424DD104EBA0
:103DC40041014FF6FF72B1F8341291423FD06B1C9F
:103DD4009F4208D004EB41010133B1F834129142FF
:103DE40035D09F42F6DC0120A8F8001003B0BDE8EE
:103DF400F0830DF10602204601359847002876D05D
:103E0400AF42BDF80610ADD1CCE7EDD000253D4E54
:103E14002268D36AB3422CD104EB41014FF6FF72FE
:103E2400B1F8E412914212D06B1C9F42DBD004EB38
:103E340041010133B1F8E412914208D0BB42D2DA15
:103E440004EB41010133B1F8E4129142F6D10020B0
:103E5400A8F8001003B0BDE8F0830DF10602204677
:103E640001359847002846D0AF42BDF80610A2D1CC
:103E7400BAE70DF10602204601359847D8B3AF42A0
:103E8400BDF80610C4D1AFE72DD00025DFF87C9033
:103E940023681B6B4B4517D104EB41014FF6FF72AE
:103EA400B1F894139142ADF806101ED06B1C9F42DA
:103EB40002D118E09F4212DD04EB41010133B1F855
:103EC40094139142F6D16AE70DF1060220460135BA
:103ED400984760B1AF42BDF80610D9D162E701201E
:103EE400ADF806105EE701205CE700205AE7BDF854
:103EF4000610002056E7BDF80610002074E700BF46
:103F04000D09000025090000550900003D090000C5
:103F140091ED067AF6EE006AD1ED045AD1ED057AF8
:103F240091ED036A37EE257A77EE867A27EE267AC4
:103F340067EEA67A80ED017AC0ED007A704700BF83
:103F440091ED067A91ED046AD1ED057AD1ED036A1B
:103F540037EE467A77EEE67A80ED017AC0ED007AA4
:103F6400704700BF00F5E04091ED006A91ED017AE1
:103F740040F2FE72C38C90ED0D4A05EE903AD0EDFE
:103F84000B6A038D36EE446AF8EE652A90ED0E5AFC
:103F940074EE266A04EE903AD0ED0C7A37EE457A48
:103FA400B8EE643ADFED1F3A75EE277A76EEC46A0E
:103FB40026EE226A77EEC57A27EE037A86EE265A33
:103FC400C7EE276AF8EEE55A35EE237AF0EE477A23
:103FD40076EEA36AE5EEA67AFCEEE77A17EE903A5F
:103FE40098B2431E9BB2934218D8B4EEE37AF1EE32
:103FF40010FA13DDF4EEC75AF1EE10FA0EDDF4EE0A
:10400400E36AF1EE10FA09DDF8EEE44AF4EEE64A6A
:10401400F1EE10FAD8BF4FF0FF3070474FF0FF3089
:10402400704700BF00000000034641F62400184416
:10403400704700BFD0ED056A91ED007AD1ED017AA9
:10404400F4EEC76AF1EE10FA09DC90ED067A00236B
:10405400B4EEE77AF1EE10FA13DC0020704791ED2C
:10406400027AD0ED036AF4EEC76A90ED067AF1EEB7
:1040740010FAB4EEE77A4CBF01230023F1EE10FAF4
:10408400EBDD90ED047A03F00100D1ED037AB4EE98
:10409400E77AF1EE10FA58BF0020704790ED037AEA
:1040A400D1ED007A90ED046AF4EEC77AD0ED056A9A
:1040B400D0ED065AF1EE10FA13DDF4EEE67AF1EEE5
:1040C40010FA0ED5D1ED017AF4EEC67AF1EE10FABB
:1040D40007DDF4EEE57AF1EE10FA4CBF0120002082
:1040E40070470020704700BF41F610030B444FF6A1
:1040F400FF7100EB430080881080401A18BF012034
:10410400704700BF42F210030B444FF6FF7100EBFF
:10411400430080881080401A18BF0120704700BFF8
:1041240042F610030B444FF6FF7100EB4300808806
:104134001080401A18BF0120704700BF43F21003DB
:104144000B444FF6FF7100EB430080881080401A47
:1041540018BF0120704700BF2DE9F0414F0882B01D
:104164001646ADF8061034D001F001040546002CC3
:1041740034D1DFF8D4802B681B6B43451DD142F644
:1041840010024FF6FF70114405EB4101898881420A
:104194000ED0631C9BB29F4202D11AE09F4218D9F1
:1041A4001144013305EB41019BB289888142F5D169
:1041B4000020318002B0BDE8F0810DF106022846EE
:1041C40001349847002837D0A4B2BDF80610A7429E
:1041D400D1D10120318002B0BDE8F0810024DFF8A4
:1041E4006C802B685B6B43451AD143F210024FF687
:1041F400FF70114405EB410189888142D8D0631CCA
:104204009BB2BB4202D1E4E79F42E2D9114401339D
:1042140005EB41019BB289888142F5D10020C8E7B2
:104224000DF1060228469847631C28B19CB2BDF8DC
:104234000610A742D5D1CCE7BDF806100020318086
:1042440002B0BDE8F08100BF211000003D10000065
:104254002DE9F0414F0882B01646ADF8061034D06F
:1042640001F001040546002C34D1DFF8D4802B681A
:10427400DB6A43451DD142F210024FF6FF70114430
:1042840005EB4101898881420ED0631C9BB29F4299
:1042940002D11AE09F4218D91144013305EB4101C0
:1042A4009BB289888142F5D10020318002B0BDE8FB
:1042B400F0810DF10602284601349847002837D0D2
:1042C400A4B2BDF80610A742D1D10120318002B0BA
:1042D400BDE8F0810024DFF86C802B689B6A4345BD
:1042E4001AD141F610024FF6FF70114405EB41015B
:1042F40089888142D8D0631C9BB2BB4202D1E4E7D7
:104304009F42E2D91144013305EB41019BB28988F4
:104314008142F5D10020C8E70DF1060228469847EE
:10432400631C28B19CB2BDF80610A742D5D1CCE7D6
:10433400BDF806100020318002B0BDE8F08100BF56
:1043440005100000E90F00002DE9F0411E1E82B0A7
:104354001546ADF8061030DD04460027DFF864800A
:1043640023685B6B43451DD143F210034FF6FF7284
:10437400194404EB4101898891420ED007F1010CE4
:10438400664502D119E0664517DD19440CF1010CAC
:1043940004EB410189889142F5D10020298002B0C3
:1043A400BDE8F0810DF10602204698470137BDF8BB
:1043B40006100028F2D0BE42D2D10120298002B0DA
:1043C400BDE8F0813D1000002DE9F0411E1E82B0D1
:1043D4001546ADF8061030DD04460027DFF864808A
:1043E40023689B6A43451DD141F610034FF6FF72C3
:1043F400194404EB4101898891420ED007F1010C64
:10440400664502D119E0664517DD19440CF1010C2B
:1044140004EB410189889142F5D10020298002B042
:10442400BDE8F0810DF10602204698470137BDF83A
:1044340006100028F2D0BE42D2D10120298002B059
:10444400BDE8F081E90F00002DE9F043002B83B0B3
:1044540083EAE377044690460A9EA7EBE377ADF838
:10446400061000F0C98040F396800025DFF8A8917B
:1044740023685B6B4B4546D143F210024FF6FF7045
:10448400114404EB410189888142ADF8061000F023
:10449400B5806B1C9F4203D1AEE09F4240F3A880DD
:1044A4001144013304EB410189888142F5D1002094
:1044B400ADF8061086EAE677002EA7EBE6771DD066
:1044C4002DDD0025524E23689B6AB34245D141F647
:1044D40010024FF6FF70114404EB410189888142B8
:1044E40053D06B1C9F4208D01144013304EB4101AB
:1044F4008988814249D09F42F6DC0120A8F8001047
:1045040003B0BDE8F0830DF106022046013598475B
:10451400002875D0AF42BDF80610A9D1CAE7EDD086
:1045240000253C4E2268D36AB34222D142F21002E3
:104534004FF6FF70114404EB41018988814224D075
:104544006B1C9F42D9D01144013304EB410189888B
:1045540081421AD0BB42F6DBCFE70DF106022046BA
:104564000135984700284FD0AF42BDF80610AAD1B4
:10457400C4E70DF10602204601359847002843D0D0
:10458400AF42BDF80610CDD1B8E70020A8F800105E
:1045940003B0BDE8F0832FD00025DFF880902368B6
:1045A4001B6B4B4519D142F610024FF6FF701144B4
:1045B40004EB410189888142ADF806101ED06B1CC2
:1045C4009F4202D118E09F4212DD1144013304EBF3
:1045D400410189888142F6D169E70DF1060220463E
:1045E4000135984760B1AF42BDF80610D7D161E7F5
:1045F4000120ADF806105DE701205BE7002059E7D4
:10460400BDF80610002055E7BDF80610002075E738
:10461400E90F0000051000003D100000211000000B
:10462400D0F88C0D704700BF2C20704700F6043082
:10463400704700BF3620704704307047D0F8940D9F
:10464400704700BFD0F8900D704700BF90F8140B6E
:10465400704700BFD0F8080B704700BFD0F8040BB8
:10466400704700BFD0F8100B704700BFD0F80C0B98
:10467400704700BFD0F8B400704700BF02207047F5
:104684008430704704207047D0F8BC00704700BFE6
:10469400D0F8B800704700BF90F89400704700BF8E
:1046A400D0F88800704700BFD0F88400704700BF7E
:1046B400D0F89000704700BFD0F88C00704700BF5E
:1046C40090F85400704700BF806C7047406C70478E
:1046D400006D7047C06C7047014B01221A7070471F
:1046E40000B10120084A002301210263026A80F814
:1046F4003C30826180F83D1080F83E3010B4446A4A
:10470400C4615DF8044B7047281E0020014B012250
:104714005A70704700B10120014B00205B681847B4
:1047240000B1012030B54489C56904FB01F101EBF6
:1047340041012944C57DDDB9CCB104EB44040833FF
:104744000C4491F801E0033111F801CC063211F860
:10475400030C0EFA03FE0CFA03FCA14200FA03F068
:1047640022F804EC22F802CC22F8060CE9D130BD80
:10477400002CFCD004EB4404C56A0C4411F803EB90
:10478400063211F802CC0EFA03FE11F8010CA14214
:104794000CFA03FC35F81EE000FA03F035F81CC0EF
:1047A40035F8100022F806EC22F804CC22F8020CAA
:1047B400E4D130BD90F83E30C3B190F83D300021D3
:1047C40090F83C20DBB2D2B280F83D2080F83C3037
:1047D40090F83D2090F83C300832083350F82220FD
:1047E40050F8233080F83E10C0E90632C16A084A06
:1047F40090F828C0023902F5007032F8023F0CFB31
:1048040003F390424FEA232321F8023FF5D1704786
:10481400861E006017494FF452628B6802FB003019
:10482400D0F8102112F0010302D0087B0123834049
:10483400900705D591F80DC0012000FA0CF0034350
:10484400500705D591F80EC0012000FA0CF003437F
:10485400100705D591F80FC0012000FA0CF00343AE
:10486400D20603D5087C0122824013434A69C2F868
:104874001032704700B10120D74BD8491A68B3F8F9
:1048840004C052081868B2FBFCF252094008120333
:10489400B0FBFCF02DE9F043A1FB0241400B521A9E
:1048A40001EB520100EBD1209FEDC75B9FEDC86B7C
:1048B40080B21C681A6819685208490807EE102A61
:1048C400620804EE101AB8EEC77BB8EEC44B27EEAC
:1048D400057B24EE064BFCEEC77BB2FBFCF2A0EB9F
:1048E400523217EE904ABCEEC44BC2F3C42190B2CC
:1048F4000C4414EE102AA4B294420CD21A68520842
:1049040007EE102AB8EEC77B27EE067BBCEEC77B0A
:1049140017EE102A94B21A681968520807EE102A82
:104924004A08B8EEC77B04EE102AB8EEC44B27EE53
:10493400057B24EE064BFCEEC77B17EE901ABCEE0B
:10494400C44B01EB902114EE102A89B291420CD28F
:104954001A68520807EE102AB8EEC77B27EE067BCA
:10496400BCEEC77B17EE102A91B21A680C441D687E
:10497400520807EE102A6A08B8EEC77B04EE102A24
:10498400B8EEC44B27EE057B24EE064BFCEEC77B4A
:1049940017EE901ABCEEC44B01EB502114EE102A12
:1049A40089B291420CD21A68520807EE102AB8EE66
:1049B400C77B27EE067BBCEEC77B17EE102A91B2AD
:1049C4001A680C441D68520807EE102A6A08B8EEEB
:1049D400C77B04EE102AB8EEC44B27EE057B24EE09
:1049E400064BFCEEC77B17EE901ABCEEC44B01EBF2
:1049F400102114EE102A89B291420CD21A6852087E
:104A040007EE102AB8EEC77B27EE067BBCEEC77B09
:104A140017EE102A91B21A680C441D68520807EE6A
:104A2400102A6A08B8EEC77B04EE102AB8EEC44B0D
:104A340027EE057B24EE064BFCEEC77B17EE901A9F
:104A4400BCEEC44B01EBD01114EE102A89B2914292
:104A54000CD21A68520807EE102AB8EEC77B27EE6C
:104A6400067BBCEEC77B17EE102A91B21A680C4481
:104A74001D68520807EE102A6A08B8EEC77B04EED8
:104A8400102AB8EEC44B27EE057B24EE064BFCEE51
:104A9400C77B17EE901ABCEEC44B01EB901114EED9
:104AA400102A89B291420CD21A68520807EE102AD1
:104AB400B8EEC77B27EE067BBCEEC77B17EE102A49
:104AC40091B21A680C441D68520807EE102A6A084D
:104AD400B8EEC77B04EE102AB8EEC44B27EE057B74
:104AE40024EE064BFCEEC77B17EE901ABCEEC44BCB
:104AF40001EB501114EE102A89B291420CD21A68BB
:104B0400520807EE102AB8EEC77B27EE067BBCEEF0
:104B1400C77B17EE102A91B21A680C441D6852081C
:104B240007EE102A6A08B8EEC77B04EE102AB8EE26
:104B3400C44B27EE057B24EE064BFCEEC77B17EE39
:104B4400901ABCEEC44B01EB101114EE102A89B27A
:104B540091420CD21A68520807EE102AB8EEC77BAD
:104B640027EE067BBCEEC77B17EE102A91B21A68BB
:104B74000C441D68520807EE102A6A08B8EEC77B79
:104B840004EE102AB8EEC44B27EE057B24EE064B48
:104B9400FCEEC77B17EE901ABCEEC44B01EBD001C0
:104BA40014EE102A89B291421AD21A68520807EEFA
:104BB400102AB8EEC77B27EE067BBCEEC77B17EE48
:104BC400102A91B20CE000BF48AFBC9AF2D77A3EEB
:104BD400F9978B952411E23E384A00200101100018
:104BE4001A680C441D68520807EE102A6A08B8EEC9
:104BF400C77B04EE102AB8EEC44B27EE057B24EEE7
:104C0400064BFCEEC77B17EE901ABCEEC44B01EBCF
:104C1400900114EE102A89B291420CD21A685208FB
:104C240007EE102AB8EEC77B27EE067BBCEEC77BE7
:104C340017EE102A91B21A6821441D68520807EE33
:104C4400102A6A08B8EEC77B04EE102AB8EEC44BEB
:104C540027EE057B24EE064BFCEEC77B17EE902A6D
:104C6400BCEEC44B02EB500214EE104A92B2A242C4
:104C74000CD21A68520807EE102AB8EEC77B27EE4A
:104C8400067BBCEEC77B17EE102A92B21C680A445E
:104C94001D68610807EE101A6908B8EEC77B04EEB8
:104CA400101AB8EEC44B27EE057B24EE064BFCEE3F
:104CB400C77B17EE901ABCEEC44B014414EE104AA5
:104CC40089B2A14280F0818019681C68490807EE06
:104CD400101A6108B8EEC77BB1FBFCF127EE067B26
:104CE400BCEEC77B17EE104A12FA84F2B2EB111F26
:104CF4003FF6DFAD3E4A4FF0000C3E4C956902F1A1
:104D04001C0E9FED374B9FED383B1968CCF10B0817
:104D14001A680EEB8C0749081E68520840FA08F816
:104D240006EE101A07EE102A7208B8EEC66B05FBE1
:104D340008F105EE102AB8EEC77B84FB01924FEA16
:104D4400E17926EE046B0A44B8EEC55BC9EBE219BF
:104D540027EE047B25EE035BFCEEC66BFCEEC77B03
:104D640016EE901ABCEEC55B17EE902A41444A44F5
:104D740015EE109A89B292B2494501F1FF3819D261
:104D84001E68760807EE106AB8EEC77B27EE037B31
:104D9400BCEEC77B17EE106AB6B2711A013E11441D
:104DA4007E802EF82C100CF1010CBCF10C0FACD150
:104DB400BDE8F083A7F802802EF82C200CF1010C3A
:104DC400BCF10C0FA1D1BDE8F0831C680A44610852
:104DD400B1FBFCF1B2EB111F3FF66BAD8AE700BFEC
:104DE40048AFBC9AF2D77A3EF9978B952411E23EEC
:104DF40000B1012081808080294A2A49136810B4B7
:104E04005B08294CA4FB03C3DB0BDB01A1FB03C33D
:104E1400DB09013398420DD810684008A4FB004018
:104E2400C00BC001A1FB0010C00901305DF8044BA8
:104E3400908021E5136811685B081C4C490807EE53
:104E4400101A9FED156BB8EEC77B27EE067BBCEE00
:104E5400C77B17EE101AB3FBF1F3A4FB0313DB09B2
:104E6400013B9842E2D31068136840085B0807EEE0
:104E7400103AB8EEC77B27EE067BBCEEC77B17EE75
:104E8400103AB0FBF3F0A4FB00405DF8044BC009FA
:104E9400013880B29080EFE4F9978B952411E23EBB
:104EA400384A00200980000801800080ABAAAAAA21
:104EB400094B0020D3E9131210B4013292FBF1F430
:104EC40001FB1422D3E915140139C3E91421234643
:104ED4005DF8044B184700BF00B1012010B5224C07
:104EE400224A636E94F86010D177DA8ADB8B92B22F
:104EF4009BB29A4200D010BDD4E91B20636F0130ED
:104F0400013B90FBF2F102FB110063672067E3B9F8
:104F1400A26F04F180036FF00300D4F884101360CF
:104F2400938BD06023F020031B041B0C93838847CE
:104F340094F87C2001210E4B03EB521302F01F0264
:104F44009B0001FA02F21A6010BDA3684FF452618B
:104F5400E26D01FB0033136003F58A73A26F1360E3
:104F6400FFF758FCE4E700BF00B1012000800E40C9
:104F74008038003830B54589C46905FB01F101EB7F
:104F840041012144C47DD4B9C5B105EB45050D44A7
:104F940091F801E0033111F801CC033211F8030C4C
:104FA4000EFA03FE0CFA03FCA94200FA03F002F81D
:104FB40002EC02F801CC02F8030CE9D130BD002D5B
:104FC400FCD005EB4505C46A0D4491F801E00331BA
:104FD40011F801CC033211F8030C0EFA03FE0CFA9B
:104FE40003FCA94200FA03F034F81EE034F81CC0B4
:104FF40034F810004FEA1E2E4FEA1C2C4FEA102002
:1050040002F802EC02F801CC02F8030CDDD130BD49
:10501400406B704790F83E00704700BF054B084650
:10502400114693F8883003F0FF020BB115F070BD00
:105034001046704700B1012000F5804C43F6C6735A
:10504400BCF8402003443B2A2DE9F04112D8002A41
:1050540000F08C85541E43F6C8751946A4B2054465
:1050640005EB440502E0A94200F0808531F8024FC7
:10507400042CF8D11D469E46002104E001318CB277
:10508400A24240F2B6813EF8024F042CF6D100F55C
:10509400405E03243B2A714481F88C4F40F2AC817A
:1050A400BCF84020002A00F09A851D469E46002147
:1050B40004E001318CB2A24240F279813EF8024F01
:1050C400032CF6D100F5405E00243B2A714481F89C
:1050D4008C4F40F26F81BCF84060002E00F07B855D
:1050E4001D461946002204E0013294B2A64240F261
:1050F400918131F8024F022CF6D100F5405E032174
:105104003B2E724482F88C1F40F28781BCF84050D9
:10511400002D00F058851E461946002204E0013295
:1051240094B2A54240F2548131F8024F012CF6D1D9
:1051340000F5405E03213B2D724482F88C1F40F23F
:105144004A81BCF84060002E00F04D851D4619468A
:10515400002204E0013294B2A64240F2178131F8F1
:10516400024F002CF6D100F5405E03213B2E724421
:1051740082F88C1F40F20D81BCF84040002C00F0F6
:1051840026851E461946002204E0013295B2AC423F
:1051940040F2518131F802EFBEF1150FF5D100F55F
:1051A400405E03213B2C724482F88C1F40F26C85D4
:1051B400BCF840601D461946002204E0013294B256
:1051C400B44280F0768131F802EFBEF1140FF5D1CC
:1051D40000F5405E03213B2E724482F88C1F40F29E
:1051E4000685BCF840501E461946002204E00132F0
:1051F40094B2A54240F29B8131F802EFBEF1190F3F
:10520400F5D100F5405E00213B2D724482F88C1FDD
:1052140040F2F784BCF840601D461946002204E0C1
:10522400013294B2B44280F0258131F802EFBEF12C
:10523400640FF5D100F5405E02213B2E724482F8E2
:105244008C1F40F21785BCF840501E4619460022B8
:1052540004E0013294B2A54240F2888131F802EFB1
:10526400BEF1690FF5D100F5405E02213B2D724479
:1052740082F88C1F40F2CF84BCF840601D4619466A
:10528400002204E0013294B2A64240F2318131F8A6
:1052940002EFBEF1660FF5D100F5405E02213B2E10
:1052A400724482F88C1F40F2DB84BCF840501E46E6
:1052B4001946002204E0013294B2AC4280F07581B8
:1052C40031F802EFBEF1670FF5D100F5405E02211F
:1052D4003B2D724482F88C1F40F2AE84BCF84060CF
:1052E4001D461946002204E0013294B2B44280F013
:1052F4007B8131F802EFBEF1680FF5D100F5405E15
:1053040002213B2E724482F88C1F40F29F84BCF829
:1053140040501E461946002204E0013294B2AC42C9
:1053240080F0818131F802EFBEF16A0FF5D100F50A
:10533400405E02213B2D724482F88C1F40F275843A
:10534400BCF84040002203E0013291B2A14209D2EC
:1053540033F8021F6B29F7D100F54053022113449F
:1053640083F88C1F00F5005292F8FD35012B08D804
:10537400B74902EB830401330144C4F8941582F85D
:10538400FD35012380F8A932BDE8F0813C2E3FF4BD
:10539400F3AEB04F0022074402E0A64240F250822E
:1053A40035F8021F0132152994B2F6D1E4E63C2AFD
:1053B4003FF491AEA84F0021074402E0B24240F20C
:1053C400EA8135F8024F0131022C8EB2F6D182E621
:1053D4003C2D3FF4B6AEA14F0022074402E0AC429C
:1053E40080F05982013236F8021F94B20029F6D1B6
:1053F400A7E63C2A3FF454AE994F0021074402E04B
:10540400B24240F2F38135F8024F0131032C8EB2DF
:10541400F6D145E63C2E3FF479AE924F0022074484
:1054240002E0A64240F25F8135F8021F01320129F1
:1054340094B2F6D16AE64BF6B4528B4F3C2C02443C
:1054440007440BD0002102E0744540F2518236F843
:10545400025F0131142D1FFA81FEF5D1BCF84060C2
:10546400002E7FF4A7AE44F28447012500F5405E88
:1054740017446CE24BF6B4527C4F3C2E0244074472
:105484000BD0002102E0764540F2B58235F8024F98
:105494000131692C1FFA81FEF5D1BCF84050002D72
:1054A4007FF4D3AE44F29437012600F5405E1744EE
:1054B400D3E24BF6B4526E4F3C2E024407440BD059
:1054C400002102E0B64580F03E8235F8024F0131FA
:1054D400192C1FFA81FEF5D1BCF84050002D7FF441
:1054E40082AE44F21447012600F5405E174459E2A7
:1054F4004BF6B4525F4F3C2E024407440BD00021BC
:1055040002E0B64580F0D68235F8024F0131672CAF
:105514001FFA81FEF5D1BCF84050002D7FF4C7AED0
:1055240044F2D437012600F5405E1744F4E24BF60A
:10553400B452514F3C2D024407440BD0002102E0E9
:10554400AE4580F02B8236F8024F0131642C1FFAED
:1055540081FEF5D1BCF84060002E7FF45DAE44F2CC
:105564002447012500F5405E174448E24BF6B45247
:10557400424F3C2D024407440BD0002102E0754504
:1055840040F2678236F8024F0131662C1FFA81FE21
:10559400F5D1BCF84060002E7FF470AE44F284373D
:1055A400012500F5405E174488E24BF6B452344FAF
:1055B4003C2D024407440BD0002102E0AE4580F0AC
:1055C400A78236F8024F0131682C1FFA81FEF5D10B
:1055D400BCF84060002E7FF483AE44F2F43701251A
:1055E40000F5405E1744ADE04BF6B452254F3C2E17
:1055F400024407440BD0002102E0B64580F09E80AF
:1056040035F8024F01316A2C1FFA81FEF5D1BCF83E
:105614004050002D7FF47DAE44F27437012400F530
:10562400405E174436E0184F3C2D074409D0002251
:1056340001E0AC422AD236F8021F01326B2994B23F
:10564400F7D1BCF84040002C7FF47CAE8AE600BF62
:1056540008020100F8010100C8000100A8000100CF
:10566400D8000100B8000100E8010100D8010100E0
:105674003802010038010100C8010100480101009D
:1056840088010100A8010100280101006C1C00F53B
:10569400405EA4B200EB85020026F7EE007A05EB2B
:1056A400450102F540520EEB45050EEB81014FF02A
:1056B4007C5E02F6AC5801F60C01C8F8006002F6F4
:1056C4009C68C8ED007AC2F8DC7A02F6CC3702F6A0
:1056D400BC423E6016606B22A5F8C82FC1F800E0FA
:1056E400ACF840402EE6751CADB200EB860200F526
:1056F400405E06EB4601002402F540520EEB4606DE
:105704000EEB8101F7EE007A02F6AC5E01F60C01B5
:10571400CEF8004002F69C6ECEED007AC2F8DC7A38
:1057240002F6CC3702F6BC423C6014600122A6F8B3
:10573400C82FDF4A0A60ACF84050ECE4751C00F551
:10574400405EADB200EB86020024F7EE007A06EB71
:10575400460102F540520EEB46060EEB81014FF076
:105764007C5E02F6AC5801F60C01C8F8004002F663
:105774009C68C8ED007AC2F8DC7A02F6CC3702F6EF
:10578400BC423C6014606A22A6F8C82FC1F800E04D
:10579400ACF84050BDE5561CB6B200EB820100F5F2
:1057A400405E02EB4204002501F540510EEB42023B
:1057B4000EEB8404F7EE007A01F6AC5E04F60C04FA
:1057C400CEF8005001F69C6ECEED007AC1F8DC7A7A
:1057D40001F6CC3701F6BC413D600D600221A2F810
:1057E400C81FB34A2260ACF8406079E400EB820140
:1057F4000025F7EE007A00F5405E01F5405102EB1A
:10580400420401F6AC560EEB84040EEB420E013258
:10581400356001F69C6604F60C0492B2C6ED007A7B
:1058240001F6CC36C1F8DC7A01F6BC4135600D6076
:105834000321AEF8C81F9E492160ACF8402034E42F
:10584400741CA4B200EB860200F5405E06EB460130
:10585400002502F540520EEB46060EEB8101F7EEF1
:10586400007A02F6AC5E01F60C01CEF8005002F6A6
:105874009C6ECEED007AC2F8DC7A02F6CC3702F6E2
:10588400BC423D6015601522A6F8C82F884A0A60FC
:10589400ACF8404075E46E1CB6B200EB850200F52E
:1058A400405E05EB450105F5F46502F54052002420
:1058B4000EEB8101F7EE007A0EEB450502F6AC5EC5
:1058C40001F60C01CEF8004002F69C6ECEED007A93
:1058D400C2F8DC7A02F6CC3702F6BC423C601460B3
:1058E4000022A5F88820724A0A60ACF840602DE4D2
:1058F400661CB6B200EB840200F5405E04EB440182
:10590400002502F540520EEB44040EEB8101F7EE44
:10591400007A02F6AC5E01F60C01CEF8005002F6F5
:105924009C6ECEED007AC2F8DC7A02F6CC3702F631
:10593400BC423D6015601422A4F8C82F5C4A0A607A
:10594400ACF8406036E4751C00F5405EADB200EB87
:105954008602F7EE007A06EB4601002402F5405277
:105964000EEB46060EEB810102F6AC5E01F60C016D
:10597400CEED007A02F69C6ECEF80040C2F8DC7AD6
:1059840002F6CC3702F6BC423C6014601922A6F839
:10599400C82F474A0A60ACF8405024E46E1C00F556
:1059A400405EB6B200EB85020024F7EE007A05EB08
:1059B400450102F540520EEB45050EEB81014FF017
:1059C4007C5E02F6AC5801F60C01C8F8004002F601
:1059D4009C68C8ED007AC2F8DC7A02F6CC3702F68D
:1059E400BC423C6014606422A5F8C82FC1F800E0F2
:1059F400ACF8406010E4751C00F5405EADB200EBFD
:105A040086020024F7EE007A06EB460102F54052C6
:105A14000EEB46060EEB81014FF07C5E02F6AC58AD
:105A240001F60C01C8F8004002F69C68C8ED007A43
:105A3400C2F8DC7A02F6CC3702F6BC423C60146051
:105A44006922A6F8C82FC1F800E0ACF84050FFF76F
:105A5400FCBB6E1C00F5405EB6B200EB8502002470
:105A6400F7EE007A05EB450102F540520EEB4505D1
:105A74000EEB81014FF07C5E02F6AC5801F60C018E
:105A8400C8F8004002F69C68C8ED007AC2F8DC7AD7
:105A940002F6CC3702F6BC423C6014606622A5F8DC
:105AA400C82FC1F800E0ACF84060FFF7E7BB00BFC7
:105AB4008988883D751C00F5405EADB200EB860216
:105AC4000024F7EE007A06EB460102F540520EEB95
:105AD40046060EEB81014FF07C5E02F6AC5801F6EF
:105AE4000C01C8F8004002F69C68C8ED007AC2F8C0
:105AF400DC7A02F6CC3702F6BC423C6014606722C2
:105B0400A6F8C82FC1F800E0ACF84050FFF7CFBBAF
:105B14006E1C00F5405EB6B200EB85020024F7EE81
:105B2400007A05EB450102F540520EEB45050EEBFC
:105B340081014FF07C5E02F6AC5801F60C01C8F806
:105B4400004002F69C68C8ED007AC2F8DC7A02F6DE
:105B5400CC3702F6BC423C6014606822A5F8C82F1A
:105B6400C1F800E0ACF84060FFF7BABB00EB82017B
:105B74000025494EF7EE007A01F5405100F5405EEC
:105B8400064402EB420401F6AC570EEB84043D607C
:105B940001F69C670EEB420E0132C7ED007A04F663
:105BA4000C04C1F8DC6A01F6CC3601F6BC4192B2B1
:105BB40035600D600421AEF8C81F38492160ACF887
:105BC4004020FFF757BA364F0126074465E6354FA4
:105BD400012607448EE6344F0125074485E5334FFB
:105BE40001260744D9E5324F012407442AE64BF63F
:105BF400B452304F02440744002E7FF461AC0125B7
:105C0400A5E64BF6B4522C4F02440744002D7FF412
:105C140095AC0126C6E64BF6B452284F024407441D
:105C2400002D7FF4AAAC012617E7254F0744002D69
:105C34007FF4FDAC01242DE54BF6B452214F024410
:105C44000744002D7FF4B8AC012665E74BF6B45247
:105C54001D4F02440744002E7FF4CDAC012571E5AD
:105C64004BF6B452194F02440744002E7FF447AC5C
:105C7400012523E74BF6B452154F02440744002E86
:105C84007FF4FFAB0125BAE64BF6B452054F02444C
:105C94000744FFF7D7BB00BFE80001008988883DAF
:105CA400A8000100E8010100B8000100C8000100DB
:105CB400F801010038020100C80101004801010097
:105CC4002801010088010100A80101003801010038
:105CD400D801010030B50B688DB00C4605461B6831
:105CE400684698476468F7EE007A9FED4F7AD4EDE2
:105CF400005A94ED015A75EEE77AF0EEE77AF4EE85
:105D0400C77AF1EE10FA72D5F0EEC57AD4ED024AF4
:105D1400F4EEC77AF1EE10FA6CD494ED034AD4EDA4
:105D2400057AD4ED042A25EE676A94ED063A67EE07
:105D3400A56AD4ED073A24EE677A67EEA47AA2EE58
:105D4400A56AE2EE856AA2EEA47AE2EE847AA3EE74
:105D5400646AE3EE046AA3EE257AE3EE457AA3EEE1
:105D6400C46AE3EEE46AA3EE857AE3EEA57A8DEDE8
:105D7400086ACDED096A8DED0A7ACDED0B7A94EDC2
:105D84000C5A02A894ED0B6A05AADDED016A08A974
:105D9400D4ED0D7A9DED007A66EE856ADFED235A27
:105DA40027EE067A67EEA57ACDED066A8DED057AC3
:105DB400CDED077A13F092F894ED095A2846D4ED04
:105DC4000A5A94ED086ADDED036A9DED047ADDED6F
:105DD400027A76EE856A37EE257A77EE867AC5ED15
:105DE400016A85ED027AC5ED007A0DB030BDD4EDBF
:105DF400024A92E7F0EEE47A94ED034AF4EEC77AAD
:105E0400F1EE10FA8BD5F0EEC47AF4EEC77AF1EE27
:105E140010FA84D563692169A2690993E369089139
:105E24000A920B93ABE700BF6F12833A00000000A5
:105E340030B50B688DB00C4605465B6868469847DC
:105E44006468F7EE007A9FED4F7AD4ED005A94ED32
:105E5400015A75EEE77AF0EEE77AF4EEC77AF1EEDE
:105E640010FA72D5F0EEC57AD4ED024AF4EEC77A90
:105E7400F1EE10FA6CD494ED034AD4ED057AD4ED26
:105E8400042A25EE676A94ED063A67EEA56AD4ED16
:105E9400073A24EE677A67EEA47AA2EEA56AE2EEE8
:105EA400856AA2EEA47AE2EE847AA3EE646AE3EE53
:105EB400046AA3EE257AE3EE457AA3EEC46AE3EE20
:105EC400E46AA3EE857AE3EEA57A8DED086ACDED5A
:105ED400096A8DED0A7ACDED0B7A94ED0C5A02A87D
:105EE40094ED0B6A05AADDED016A08A9D4ED0D7ADB
:105EF4009DED007A66EE856ADFED235A27EE067A79
:105F040067EEA57ACDED066A8DED057ACDED077ABB
:105F140012F0E4FF94ED095A2846D4ED0A5A94EDA0
:105F2400086ADDED036A9DED047ADDED027A76EE12
:105F3400856A37EE257A77EE867AC5ED016A85EDB6
:105F4400027AC5ED007A0DB030BDD4ED024A92E775
:105F5400F0EEE47A94ED034AF4EEC77AF1EE10FA27
:105F64008BD5F0EEC47AF4EEC77AF1EE10FA84D54C
:105F740063692169A2690993E36908910A920B9301
:105F8400ABE700BF6F12833A0000000030B50B6826
:105F94008DB00C4605461B68684698476468F7EE62
:105FA400007A9FED4F7AD4ED005A94ED015A75EEC4
:105FB400E77AF0EEE77AF4EEC77AF1EE10FA72D5EA
:105FC400F0EEC57AD4ED024AF4EEC77AF1EE10FA97
:105FD4006CD494ED034AD4ED057AD4ED042A25EE6D
:105FE400676A94ED063A67EEA56AD4ED073A24EEA3
:105FF400677A67EEA47AA2EEA56AE2EE856AA2EE5B
:10600400A47AE2EE847AA3EE646AE3EE046AA3EE71
:10601400257AE3EE457AA3EEC46AE3EEE46AA3EEDE
:10602400857AE3EEA57A8DED086ACDED096A8DEDEA
:106034000A7ACDED0B7A94ED0C5A02A894ED0B6A12
:1060440005AADDED016A08A9D4ED0D7A9DED007A6B
:1060540066EE856ADFED235A27EE067A67EEA57AA7
:10606400CDED066A8DED057ACDED077A12F036FF97
:1060740094ED095A2846D4ED0A5A94ED086ADDEDE8
:10608400036A9DED047ADDED027A76EE856A37EED9
:10609400257A77EE867AC5ED016A85ED027AC5ED3B
:1060A400007A0DB030BDD4ED024A92E7F0EEE47A06
:1060B40094ED034AF4EEC77AF1EE10FA8BD5F0EEC4
:1060C400C47AF4EEC77AF1EE10FA84D563692169D3
:1060D400A2690993E36908910A920B93ABE700BFA5
:1060E4006F12833A0000000030B50B688DB00C4687
:1060F40005465B68684698476468F7EE007A9FED4A
:106104004F7AD4ED005A94ED015A75EEE77AF0EE29
:10611400E77AF4EEC77AF1EE10FA72D5F0EEC57AAA
:10612400D4ED024AF4EEC77AF1EE10FA6CD494ED91
:10613400034AD4ED057AD4ED042A25EE676A94ED7A
:10614400063A67EEA56AD4ED073A24EE677A67EE5D
:10615400A47AA2EEA56AE2EE856AA2EEA47AE2EE41
:10616400847AA3EE646AE3EE046AA3EE257AE3EE8E
:10617400457AA3EEC46AE3EEE46AA3EE857AE3EE1D
:10618400A57A8DED086ACDED096A8DED0A7ACDED1B
:106194000B7A94ED0C5A02A894ED0B6A05AADDED76
:1061A400016A08A9D4ED0D7A9DED007A66EE856A40
:1061B400DFED235A27EE067A67EEA57ACDED066A5F
:1061C4008DED057ACDED077A12F088FE94ED095A2B
:1061D4002846D4ED0A5A94ED086ADDED036A9DED74
:1061E400047ADDED027A76EE856A37EE257A77EE6B
:1061F400867AC5ED016A85ED027AC5ED007A0DB0A7
:1062040030BDD4ED024A92E7F0EEE47A94ED034A0D
:10621400F4EEC77AF1EE10FA8BD5F0EEC47AF4EE10
:10622400C77AF1EE10FA84D563692169A2690993EA
:10623400E36908910A920B93ABE700BF6F12833AAC
:1062440000000000934B0021934A034402442DE9CB
:10625400F04F2DED048BB0EE408A8BB0074643F827
:10626400101B9A42FBD18D4C94F88930002B40F0DE
:10627400118394F88D3007F5304294F88C1003EBB9
:10628400830392F8B00D03EB83030533DBB282F88A
:10629400AE3D002840F01C8294F88E3003EB43039B
:1062A4009B00053382F8AF3D97F8A832002B00F02D
:1062B4002182062940F0FE8207F58054784A41F68F
:1062C400105541F6145604F58053B7EE003A9FED8D
:1062D400754A3D44DFED743A3E4493F839E102F5E2
:1062E400007CC4F8342FBEF1000F40F0198213680B
:1062F400C6F82432043204369445F4D107F58043B9
:1063040007F54052B3F8406092F878E05EB343F684
:10631400C67100233944084605E001331FFA83FCA3
:10632400664540F2878530F802CFF445F5D103F293
:10633400D2234FF07E5002EB8303C3F8840092F81B
:106344007AC0002303E0013398B286420BD931F8B6
:10635400020F6045F7D103F2D2234FF07E5102EBD6
:106364008303C3F884100020D2F870E094F8E41199
:10637400024602E0C2B2914221D302F5CB7301304E
:1063840007EB8303D3F83C3B9D42F3D1B4F884C0BC
:1063940092B2BCF1000F12D041F25A0000233844EB
:1063A40003E001339EB2B44509D930F8026F964236
:1063B400F7D107EB830303F60873C3F800E000206A
:1063C40094F89068024602E0C2B296421CD304EBF1
:1063D40082030130D3F840389D42F5D1B4F83067D8
:1063E40092B28EB141F206700023384403E00133C7
:1063F4009DB2AE4208D930F8025F9542F7D1F2332C
:1064040004EB8303C3F8ECE13B68284A1B6993421D
:1064140040F02C85002007F64C25024602F5CB738C
:10642400013007EB8303D3F83C3B9D4200F0098520
:10643400C2B29142F2D207F5005A0025B0EE480AE2
:10644400384607F55046A8460CF016FC13E0D6F87B
:10645400700B03689B689847D6F86C3B44191A681C
:106464001846D368984728440C3501684268836805
:1064740021606260A360D6F8700B0368DB689847FC
:10648400804508F10108E2DB094DDFF828803D442E
:10649400B84414E0A80001004802010000B1012042
:1064A4009CB10120CDCCCC3D00000000690000006F
:1064B4009C0001003C0201001035A8454BD0D5EDED
:1064C400037AF5EEC07AF1EE10FAF5DD2B68D6F812
:1064D400709B002BF0DD0024D9F8003048469B68FF
:1064E40098476A68D9F80030834652F82420484611
:1064F4009B6802EB42020BEB820B984795ED036A13
:1065040004EB4401D5E9012352F8242003EB810371
:106514000134296802EB4202D3ED004A93ED015A9B
:106524008C4200EB8200D3ED025AD0ED006A90ED6C
:10653400017AD0ED027AE4EE866AA6EE057AE6EEFA
:10654400257ACBED006A8BED017ACBED027AC3DBC1
:106554001035A845B3D10AF20C63CD4A4DF60C3977
:1065640004209A634FF08142B9440025DA632AF08B
:10657400D9F90446C0F8009042F20C602146A846BE
:10658400384417F0F3FB20462AF0D4F9012342F2F1
:10659400F0608AF854364DF61C3A384412F010FF75
:1065A40007F51C50B0EE408A12F00AFF06F62C33B1
:1065B4000022BA4483ED008A83ED010A9A6076E0F2
:1065C400D6F8700B03689B68984706F65431284444
:1065D40006F63833D1ED006A4A4691ED017AD1EDE1
:1065E400027A5146D0ED015A90ED026A90ED005ABC
:1065F40075EEC75A36EE676AD3ED003A35EE665A41
:1066040093ED014AD3ED024A06A8A5EE847AE5EE9D
:10661400236AE6EE247AF0EE478AB0EE669AB0EE8C
:10662400678A12F04FFD94ED017A6A46D4ED027A3E
:1066340006A9D4ED006A38EEC77A78EE677A03A823
:1066440079EE666A8DED017ACDED027ACDED006AC0
:1066540012F044FCD4ED006A06F62C3394ED017A72
:10666400D4ED027A9DED039ADDED048A9DED058A51
:1066740039EE269AD6F8700B78EE878A38EE278A98
:10668400D3ED006A93ED017AD3ED027A39EE269ABE
:10669400026878EE878A38EE278A936898472844F8
:1066A4000C3580ED009AC0ED018A80ED028AD6F89F
:1066B400700B06F536640368DB689847804508F17B
:1066C4000108FFF67DAF0BB0BDEC048BBDE8F08F85
:1066D40082F8AC3D94F88E3003EB43039B00053302
:1066E400DBB282F8AF3D82F8AD3D97F8A832002BBB
:1066F4007FF4DFAD072900F2BF8301A353F821F033
:10670400373300008D380000E73C0000BB3C00003C
:10671400773C0000C33B0000B93100001939000088
:10672400336892ED006A93F82C10D3ED005A0929CE
:1067340033EE655A40F28A8093ED037A5869D3EDBB
:10674400024AF0EE476A83ED027A93ED047A74EE1E
:10675400A37A1861986977EEA67AC3ED014A586165
:10676400D86983ED037A9861186AD861586A186207
:10677400986A83ED0A6A5862032977EE877A27D0EC
:1067840093ED047A042977EE877A21D093ED057A84
:10679400052977EE877A1BD093ED067A062977EEE2
:1067A400877A15D093ED077A072977EE877A0FD089
:1067B40093ED087A082977EE877A09D093ED097A60
:1067C400092977EE877A03D093ED0A7A77EE877AF0
:1067D40007EE101AD3ED116AF8EEC74A87EEA47AD1
:1067E40027EE057AA6EE257A77EE667AC7EE846AF6
:1067F400F5EEC06AF1EE10FA01D5F0EE636AD3ED5E
:106804000F5A93ED0E6AE5EEC46AD3ED0D7A26EEC7
:10681400866AC3ED0C6AE6EE047AF5EEC07AC3ED3F
:106824000D7AF1EE10FA29D4F4EEC37AF1EE10FAEF
:1068340005DDF7EE007AC3ED0C3A83ED0D3A77EE01
:10684400277A83ED117AC6ED897A53E5481C03EB68
:106854008101C0B283F82C00012881ED016AD3EDD7
:10686400017A77EEA37A10D093ED027A022877EEBC
:10687400877A0AD0014693ED037A7DE7F0EE637AD6
:10688400C3ED0C3AC3ED0D3AD9E70146A0E700BFCA
:106894000000F0C007F53043052293F8B01D83F8DB
:1068A400AE2D002967D183F8AF2D97F8A832002BBD
:1068B4003FF4C1AD07F58043B3F8401041B343F64C
:1068C400C67200233A44104603E001339CB2A1424D
:1068D4000CD930F8024F022CF7D107EB830343F6AF
:1068E400483018444FF07E53C0F88430002303E04E
:1068F400013398B288420BD232F8020F1928F7D12B
:1069040007EB830343F6483200211A44C2F884108B
:1069140007F58054002107F6F81594F8E4010A46B7
:1069240003E0CAB29042FFF486AD02F5CB730131A5
:1069340007EB8303D3F83C3B9D42F2D1B4F8844087
:1069440092B2002C3FF477AD41F25A01002339444E
:1069540004E0013398B2A042BFF46DAD31F8020FE8
:106964009042F6D107EB8303C94A07F5005A03F6B0
:1069740008731A6061E540F2055183F8AF2DA3F85E
:10698400AC1D97F8A832002B94D154E507F5804349
:10699400B3F84000A8B143F6C67200233A4403E0BA
:1069A400013399B281420CD232F8021F0429F7D183
:1069B40007EB830343F648324FF07E511A44C2F882
:1069C400841007F58054002107F6A42094F8E451BC
:1069D4000A4603E0CAB2AA423FF62DAD02F5CB73D4
:1069E400013107EB8303D3F83C3B9842F2D1B4F86E
:1069F400844092B2002C3FF41EAD41F25A010023B0
:106A0400394404E0013398B2A042BFF414AD31F824
:106A1400020F9042F6D1A5E707F5005A42F290150D
:106A24009AF8BC333D445B0805F53A7004EB8303E4
:106A340093EDA80A974BCAF8B4330CF0A9F80AF2FC
:106A4400845383ED000A9AF8BC339AF874645B08A3
:106A5400272E04EB8303D3F8A08240F2DA8142F2BA
:106A6400C83442F2C4309C223C443844214629F0C4
:106A740047FE0AF58C633146DAEDF18AC3F80080EB
:106A840023460122F3EC017A0132F4EE687AD0B2A3
:106A9400F1EE10FA77FEA88A8142F3D8DAF8C043FF
:106AA40007EB840606F5005606F58C63D3ED007AF1
:106AB400F4EE687AF1EE10FA17D042F2644314F05F
:106AC400FF083B4408D042F2684118464FEA880266
:106AD400394429F015FE034603EB880306F58C665A
:106AE400002243F8042CC6ED008A002CDFED6A7AFC
:106AF4000DDD00231A46283201330AEB8202DBB291
:106B040092EDF17A9C421A4677EE877AF3DC07EE2F
:106B1400104A0AF5B163B6EE006A07F54052B8EEC2
:106B2400C77AC7EE876AC3ED006A0AF28453D3EDCD
:106B3400007A07F5804376EEE76AB3F84040E6EE64
:106B4400867ACAEDEE7A92F878C054B343F6C671E9
:106B540000233944084604E001339EB2A64280F083
:106B64006D8130F8026F6645F6D103F2D2234FF0FF
:106B74007E5002EB8303C3F8840092F87B60002309
:106B840003E0013398B2A0420BD231F8020FB042B5
:106B9400F7D103F2D2234FF07E5102EB8303C3F803
:106BA400841007F580540020D2F874E094F8E411BE
:106BB400024602E0C2B2914221D302F5CB73013006
:106BC40007EB8303D3F83C3B9D42F3D1B4F884C074
:106BD40092B2BCF1000F12D041F25A0000233844A3
:106BE40003E001339EB2B44509D930F8026F9642EE
:106BF400F7D107EB830303F60873C3F800E0002022
:106C040094F89068024602E0C2B2B2421CD804EB87
:106C140082030130D3F840389D42F5D1B4F830678F
:106C240092B28EB141F206700023384403E001337E
:106C34009DB2B54208D230F8025F9542F7D1F233E3
:106C440004EB8303C3F8ECE13B68144A5B699342A9
:106C540040F0A681002007F64C25024603E0C2B2AC
:106C64009142FFF4EAAB02F5CB73013007EB8303E7
:106C7400D3F83C3B9D42F2D1B4F8844092B2002C4C
:106C84003FF4DBAB41F25A01002339440DE000BF6D
:106C9400CDCC4C3F9CB301200000000069000000F3
:106CA400013398B284427FF6C8AB31F8020F9042A8
:106CB400F6D107EB8303BC4A03F608731A60FFF7A7
:106CC400BCBB07F58043B3F8400048B343F6C67233
:106CD40000233A44114603E001339CB2A0420CD98C
:106CE40031F8024F032CF7D107EB830343F6483105
:106CF40019444FF07E53C1F88430002303E001337C
:106D040099B288420CD932F8021F0029F7D107EB57
:106D1400830343F648324FF07E511A44C2F884107C
:106D240007F58054002107F6D42094F8E4510A466C
:106D340003E0CAB2AA423FF67EAB02F5CB7301313F
:106D440007EB8303D3F83C3B9842F2D1B4F8844078
:106D540092B2002C3FF46FAB41F25A010023394444
:106D640004E0013398B284427FF665AB31F8020F38
:106D74009042F6D1F6E507F58043B3F840000028C9
:106D84003FF459AB43F6C67200233A4404E001339E
:106D940099B28142BFF44FAB32F8021F1529F6D1E4
:106DA40007EB830343F648324FF07E5107F5005A50
:106DB4001A44C2F88410FFF740BB07F58043B3F8C8
:106DC400400000283FF437AB43F6C67200233A4430
:106DD40004E0013399B28142BFF42DAB32F8021FB3
:106DE4000029F6D1DCE707F58043B3F8400000281A
:106DF4003FF421AB43F6C67200233A4404E0013366
:106E040099B28142BFF417AB32F8021F0129F6D1BF
:106E1400C6E7721C0AEB8603D1B201298AF87414FE
:106E2400C3F8C483DAEDF18A3FF438AE42F2C834D1
:106E34003C4425E692F87AC0FFF783BA92F87B6067
:106E44009DE6B4F8844092B2002C3FF4F4AA41F2D7
:106E54005A010023394404E0013398B284427FF696
:106E6400EAAA31F8020F9042F6D17BE5384607F5DD
:106E7400005A9847FFF7E1BA4C4D07F5805441F6A4
:106E8400940141F69806B7EE004ADFED494A9FEDBA
:106E94004A5A39443E4494F8BBEC05F5007CC4F8E6
:106EA400B45ABEF1000F40F089802A68C6F8202247
:106EB40004350436AC45F4D107F5804307F5405258
:106EC400B3F8406092F878C00EB343F6C675002359
:106ED4003D44284630F802EFE64540F0368103F29F
:106EE400D2234FF07E5002EB8303C3F8840092F860
:106EF4007900002335F802CF844540F04F8103F236
:106F0400D2234FF07E5002EB8303C3F884000025A4
:106F1400D66E94F8E4012B4603F5CB72013507EBEA
:106F24008202D2F83C2B914240F00581B4F884C02F
:106F34009AB2BCF1000F0DD041F25A0500233D4432
:106F440035F802EF964540F0098107EB830303F619
:106F540008731E60002294F890C8134604EB83055E
:106F64000132D5F84058A94240F0EA80B4F83057CD
:106F74009AB26DB141F206710023394431F802CF5F
:106F8400944540F00481F23304EB8303C3F8EC61CD
:106F94003B68084ADB68934200F0E78007F5005A33
:106FA40038469847FFF749BACDCC4C3F9CB10120F5
:106FB400CDCCCC3D69000000000000003368D5ED65
:106FC400001A93F82C2093ED001A092A74EE413A22
:106FD40000F28780501C03EB8202C0B283F82C00BD
:106FE4000128C2ED011AD3ED017A77EE857A00F01B
:106FF400A08093ED027A022877EE877A00F09980D8
:10700400024693ED037A032A77EE877A27D093ED2D
:10701400047A042A77EE877A21D093ED057A052A3B
:1070240077EE877A1BD093ED067A062A77EE877A75
:1070340015D093ED077A072A77EE877A0FD093ED70
:10704400087A082A77EE877A09D093ED097A092A13
:1070540077EE877A03D093ED0A7A77EE877A07EE94
:10706400102AD3ED115A5FED2C2AB8EEC72A93EDFE
:107074000F3AD3ED0D6A93ED0E6A87EE827A67EECE
:10708400237AE1EE817A77EEE55A85EEA47AB4EEBE
:10709400627AF1EE10FA48BFB0EE457AA3EE647A54
:1070A40027EE066A83ED0C7AB0EE667AA6EE247AB1
:1070B400B4EEE27A83ED0D7AF1EE10FA32D4B4EE46
:1070C400C47AF1EE10FA05DDB7EE007A83ED0C5ABE
:1070D40083ED0D4AC3ED117A77EE877AC6ED887A8F
:1070E400E6E693ED037A586993ED026AF0EE476A97
:1070F40083ED027A93ED047A76EE057A1861986945
:1071040077EEA67A83ED016A5861D86983ED037A34
:107114009861186AD861586A1862986AC3ED0A1AA5
:10712400586270E7B0EE457A83ED0C5A83ED0D5A40
:10713400D0E7024693E7EBB283427FF6EDAE09E770
:10714400D3B263457FF60AAF22E701331FFA83FE09
:10715400B645FFF4BFAE92F87900CAE601331FFAD0
:1071640083FEE645FFF4ECAEF4E6002107F64C2579
:107174000B4603F5CB72013107EB8202D2F83C2BAC
:10718400954212D0CBB28342F3D9FFF754B90133FD
:107194001FFA83FCAC45FFF4F1AEF9E601331FFAA4
:1071A40083FCB445FFF4A6AEB1E6B4F884009AB209
:1071B40000283FF440A941F25A010023394431F830
:1071C400024F94423FF4CEAB01339CB28442F6D3D7
:1071D400FFF731B92DE9F04F00F5E04B82469BF8FB
:1071E40024302DED0E8B85B0002B40F025810093CB
:1071F400009ADFEDB2DA9FEDB2BA95B2002B40F0FF
:10720400D2809AF80830002B40F0FC80DAF8043081
:1072140003EBC203D3ED009A93ED019A4FF0FF36CE
:10722400B7EE00EAB0EE6DDA0024B0EE6DCA374670
:10723400F0EE6DCAB146F0EE6DBAB04648E09AF889
:107244000830002B40F0BE80DAF8043003EBC403AE
:1072540093ED00AAD3ED01AA79EECA8A39EE6A8ABF
:1072640028EE080AA8EEA80AB5EE400AF1EE10FAD4
:1072740000F1DD80F1EEC07AF0EEE88AF4EECE8A19
:10728400F1EE10FA0CD5F4EEC9AAF1EE10FA3DDDD8
:10729400F4EEEB7AF1EE10FA38D5F0EE67BAA046C8
:1072A400B0EEC88AB4EECE8AF1EE10FA0CD5B4EE84
:1072B400E9AAF1EE10FA37D5F4EECC7AF1EE10FA31
:1072C40032D5B0EE67CA27460134B4F5006F3CD01E
:1072D400A2B29542F8D09BF82430002BAFD09AF894
:1072E4000830002B78D1DAF80030514602A89B68A8
:1072F4009847DDED029AF0EE4BAA9DED039AB0EEAD
:107304004BAAF0EE698AB0EE498AA9E7F4EEC9AA5D
:10731400F1EE10FAC4D5F4EEEC7AF1EE10FABFD522
:10732400F0EE67CAA146BBE7B4EEE9AAF1EE10FAA3
:10733400CADDF4EECD7AF1EE10FAC5D52646013455
:10734400B0EE67DAB4F5006FC2D1B8F1FF3F05D0F3
:1073540043F22403009A534423F81280B9F1FF3F07
:1073640005D044F22403009A534423F812907A1C63
:1073740005D045F22403009A534423F81270731C79
:1073840035D046F22403009A534423F81260531C68
:10739400B3F5006F009330D0009A9BF8243095B277
:1073A400002B3FF42EAF9AF80830ABBBDAF800306C
:1073B4002A46514602A89B689847DDED029A9DED46
:1073C400039A2BE7C4EB447143F6F872DAF80430FD
:1073D40002EBC10213443BE740F2FF70DAF80030DD
:1073E4005146801A9B6882B202A8984781E7009BA5
:1073F4000133B3F5006F0093CED105B0BDEC0E8B15
:10740400BDE8F08FC2EB427043F6F872DAF804304C
:1074140002EBC0021344FDE640F2FF72DAF80030DA
:10742400514602A8521B9B6892B29847C5E721F0C7
:10743400B1FDF0EE407A1FE743F22403BBF82600C7
:1074440046F2220544F224095344C0EBC0365544A5
:10745400D144019345F22403760002460AEB03016A
:107464004FEA400BB6B2002340F2FE7840F2FF7EB2
:107474008A4600954245A2EB0B0406EB020C03F18D
:10748400FF37B3FBF0F102DC019D25F81320012C3A
:1074940000FB1131C8BF29F813C019B1012B01DD5C
:1074A4002AF81370734503F1010102F10102A4D01B
:1074B400009C0B4624F8021F0094DBE7FFFF7F7F4C
:1074C4000000000090F8F4342DE9F04F2DED0E8B00
:1074D40085B0002B40F01481019300F50D79019AD9
:1074E4008346DFED9DDA9FED9DBA1FFA82FA002BE9
:1074F40040F0C3809BF80830002B40F0E980DBF8B3
:10750400043003EBC203D3ED009A93ED019A4FF0DC
:10751400FF35B7EE00EAB0EE6DDA0024B0EE6DCAC6
:107524002E46F0EE6DCAA846F0EE6DBA2F4647E03F
:107534009BF80830002B40F0AF80DBF8043003EBFD
:10754400C40393ED00AAD3ED01AA79EECA8A39EEF9
:107554006A8A28EE080AA8EEA80AB5EE400AF1EEF7
:1075640010FA00F1C880F1EEC07AF0EEE88AF4EE89
:10757400CE8AF1EE10FA0CD5F4EEC9AAF1EE10FAA7
:107584003CDDF4EEEB7AF1EE10FA37D5F0EE67BAA3
:107594002746B0EEC88AB4EECE8AF1EE10FA0CD5C6
:1075A400B4EEE9AAF1EE10FA36D5F4EECC7AF1EEA7
:1075B40010FA31D5B0EE67CA26460134582C3BD0B8
:1075C400A2B29245F9D09BF8F434002BB0D09BF8CA
:1075D4000830002B69D1DBF80030594602A89B68BB
:1075E4009847DDED029AF0EE4BAA9DED039AB0EEBA
:1075F4004BAAF0EE698AB0EE498AAAE7F4EEC9AA6A
:10760400F1EE10FAC5D5F4EEEC7AF1EE10FAC0D52D
:10761400F0EE67CAA046BCE7B4EEE9AAF1EE10FAB0
:10762400CBDDF4EECD7AF1EE10FAC6D52546013461
:10763400B0EE67DA582CC3D1781C019B18BFA9F8A7
:107644000070B8F1FF3F03F1010318BFA9F8B0803F
:10765400711C019318BFA9F860616A1C2FD0582BC4
:10766400A9F8105209F102092DD0019A9BF8F434BB
:107674001FFA82FA002B3FF43DAF9BF8083083BB1E
:10768400DBF800305246594602A89B689847DDED66
:10769400029A9DED039A3AE7C4EB4472DBF8043096
:1076A400D20002F52E7213444BE7DBF80030C2F12E
:1076B4005702594602A89B6892B2984791E7582B03
:1076C40009F10209D1D105B0BDEC0E8BBDE8F08FF4
:1076D400C2EB4272DBF80430D20002F52E7213447E
:1076E40011E7CAF15702DBF80030594602A89B683B
:1076F40092B29847CBE721F04DFCF0EE407A34E7A4
:10770400B0F8F64400F50D710023C4EBC4372246EB
:107714004FEA440E7F00BFB2562AA2EB0E0507EBD8
:10772400020603F1FF3CD8BF0A80012DB3FBF4F03D
:1077340004FB1030C8BFA1F8B06018B1012B01DD03
:10774400A1F860C1572B02F1010203F10103BAD081
:10775400A1F810320231DFE7FFFF7F7F0000000055
:10776400DFED8F7A2DE9F04F2DED028B60EE278A45
:1077740089B007EE903A984600910446B0EE680A44
:107784000592B8EEE78A22F023F8F0EE407AB0EEE4
:10779400680A68EE277AFDEEE77ACDED037A21F0E8
:1077A40013FF28EE000A0099B8F1000FADF81E107F
:1077B400FDEEC07ACDED047A40F3C2800023039A33
:1077C400DFF8E09100929B461F461A46CDED027AFF
:1077D4000193D51A002DB8BF6D429A422BD000F305
:1077E400B18028DA0026DFF8C0A12368DB6A53459C
:1077F40040F0978004EB41014FF6FF73B1F8E412B7
:107804009942ADF81E100CD00136B54202D112E0F7
:10781400B5420EDD04EB41010136B1F8E4129942A0
:10782400F6D10020059B198009B0BDEC028BBDE8A0
:10783400F08FADF81E100137B84500F08180009B31
:1078440093FBF8FAAAEB0B06002EB8BF7642DA4592
:107854004AD01FDC48DA0025DFF850B123681B6BDF
:107864005B4552D104EB41014FF6FF73B1F8941319
:107874009942ADF81E10D4D00135AE4202D133E0A6
:10788400AE423FDD04EB41010135B1F89413994256
:10789400F6D1C6E70025DFF818B123685B6B5B45BA
:1078A40017D104EB41014FF6FF73B1F84414994228
:1078B400ADF81E10B5D00135B54202D114E0AE4288
:1078C40020DD04EB41010135B1F844149942F6D1AD
:1078D400A7E70DF11E0220460135984700285BD02A
:1078E400B542BDF81E10D8D1DDE900230398D34674
:1078F400049D02440298009290FBF8F22844CDE9DA
:10790400012066E7ADF81E10EEE70DF11E022046D9
:107914000135984700283FD0AE42BDF81E109DD1D6
:10792400E2E70DF11E02204601369847A0B3B542A6
:10793400BDF81E107FF459AF0137B8457FF47FAF0F
:1079440001206FE7002623689B6A4B4519D104EB9D
:1079540041014FF6FF73B1F834129942ADF81E108D
:107964003FF45FAF0136AE4203D164E7AE42BFF6E7
:1079740060AF04EB41010136B1F834129942F5D1FC
:107984004FE70DF11E0220460136984720B1AE4262
:10799400BDF81E10D7D14EE7BDF81E10002041E7F8
:1079A40035FA8E3C0D090000250900003D09000050
:1079B40055090000DFED937A2DE9F04F2DED028B90
:1079C40060EE278A89B007EE903A98460091044603
:1079D400B0EE680A0592B8EEE78A21F0F9FEF0EEFF
:1079E400407AB0EE680A68EE277AFDEEE77ACDEDCC
:1079F400037A21F0E9FD28EE000A0099B8F1000F9E
:107A0400ADF81E10FDEEC07ACDED047A40F3C880C7
:107A14000023039ADFF8F09100929B461F461A4612
:107A2400CDED027A0193D51A002DB8BF6D429A426A
:107A34002DD000F3B7802ADA0026DFF8D0A123681E
:107A4400DB6A534540F09D8042F210034FF6FF720B
:107A5400194404EB410189889142ADF81E100CD001
:107A64000136B54202D112E0B5420EDD19440136A9
:107A740004EB410189889142F6D10020059B1980CD
:107A840009B0BDEC028BBDE8F08FADF81E100137D4
:107A9400B84500F08580009B93FBF8FAAAEB0B062F
:107AA400002EB8BF7642DA454ED021DC4CDA0025F0
:107AB400DFF85CB123681B6B5B4556D142F61003BB
:107AC4004FF6FF72194404EB410189889142ADF8E5
:107AD4001E10D2D00135AE4202D135E0AE4241DDB6
:107AE4001944013504EB410189889142F6D1C4E778
:107AF4000025DFF820B123685B6B5B4519D143F2A5
:107B040010034FF6FF72194404EB41018988914236
:107B1400ADF81E10B1D00135B54202D114E0AE4229
:107B240020DD1944013504EB410189889142F6D1E5
:107B3400A3E70DF11E0220460135984700285DD0C9
:107B4400B542BDF81E10D6D1DDE900230398D34613
:107B5400049D02440298009290FBF8F22844CDE977
:107B6400012060E7ADF81E10EEE70DF11E0220467D
:107B740001359847002841D0AE42BDF81E1099D176
:107B8400E2E70DF11E02204601369847B0B3B54234
:107B9400BDF81E107FF453AF0137B8457FF47BAFB7
:107BA40001206BE7002623689B6A4B451BD141F6F5
:107BB40010034FF6FF72194404EB41018988914286
:107BC400ADF81E103FF459AF0136AE4203D15EE763
:107BD400AE42BFF65AAF1944013604EB410189881D
:107BE4009142F5D149E70DF11E022046013698472E
:107BF40020B1AE42BDF81E10D5D148E7BDF81E1025
:107C040000203BE735FA8E3CE90F00000510000028
:107C1400211000003D1000002DE9F04FDFF8A4937F
:107C2400D9F84C10D9F8543099422DED028B85B017
:107C340000F01D81DFF890A309F6C82409F5D56882
:107C4400D9F85020002513444FF4327289F8A05615
:107C540093FBF1F001FB1033D9F8CC1A02FB03F2C9
:107C64009AF80630039102928A180192002B40F090
:107C7400CE81D9F89C76002F00F0AA81CA4D002647
:107C84009AF80730002B00F025813B68C7485A69F1
:107C94009AF80810824240F01B81B9755B68AB42C8
:107CA40040F01D8197F83E30BBB197F83D3097F80E
:107CB4003C20DBB2D2B287F83D2087F83C3097F8FD
:107CC4003D2097F83C300832083357F8222057F803
:107CD400233087F83E60C7E90632B54AF96A97F857
:107CE400280002F5007C023932F8023F00FB03F35E
:107CF40094454FEA232321F8023FF5D17F68002FF2
:107D0400BED1D9F8A436D9F89C56D90799F8A066FB
:107D14008AF807700DD4A74B002203F5846143F859
:107D2400042C43E903220C338B42F8D10123C9F814
:107D3400A4364FF484620021404622F0B3FB002DA8
:107D440000F05581B3B29C4F08EE103A2B68D3F87B
:107D540008B0BB4540F0B1806989EB6906FB01F2CC
:107D6400E87D02EB42021344002840F08580C9B14B
:107D740001EB4101914A03EB010C033313F802ECCC
:107D840013F8010C063213F8031C4FEA0E2E0002FE
:107D94009C454FEA012122F804EC22F8020C22F857
:107DA400061CEAD16D68002DD0D199F8A016D9F837
:107DB400C82A8348002E40F09980C2F1FF024FF098
:107DC400FF35DDE90273C2EB4212DE513346019EF8
:107DD400C6F8C45280FB0250D5170244C5EBE21525
:107DE400EDB20133019A754F02EB830CBE884FF05C
:107DF400000E788837F8062BB042034605FB00F0E6
:107E040038BF334605FB06F6934238BF134605FBDD
:107E140002F2BC4205FB03F34FEA234303F10103DF
:107E2400B6FBF3F6B0FBF3F0B2FBF3F263F01F031F
:107E34004FEA26264FEA202063F3070E4FEA222258
:107E440066F30F2E60F3174E62F31F6E4CF804EBCB
:107E5400CCD14B1CDBB289F8A036002B40F09680C5
:107E6400D9F85430D9F84C108B427FF4E9AE05B000
:107E7400BDEC028BBDE8F08F002993D001EB4101EA
:107E8400E86A4E4A194413F803CB063230F81CB0A2
:107E94008B4213F802CC30F81CE013F801CC30F814
:107EA4001CC022F806BC22F804EC22F802CCEAD169
:107EB4006D68002D7FF44AAF77E7284600234246D9
:107EC40018EE101AD8476D68002D7FF43FAF6CE7A9
:107ED400384690473B685B68AB423FF4E3AE3846B4
:107EE40098477F68002F7FF4CBAE0AE7C2F1FF0208
:107EF400B023C2EB421206FB03F380FB0250D517FA
:107F04000244C5EBE215F207EDB27FF56AAFB03378
:107F1400019A2A4F02EB830CBE884FF0000E78883A
:107F2400334637F8062B864205FB06F638BF034670
:107F340005FB00F0934238BF134605FB02F2BC4236
:107F440005FB03F34FEA234303F10103B6FBF3F606
:107F5400B0FBF3F0B2FBF3F263F01F034FEA262603
:107F64004FEA202063F3070E4FEA222266F30F2E16
:107F740060F3174E62F31F6E4CF804E9CCD14B1C2E
:107F8400DBB289F8A036002B3FF46AAFD9F854303D
:107F94000022D9F84C1089F8A0268B4229D001334D
:107FA400C9F8543060E700BFB5160000614601000F
:107FB400861E0060B4B7012025160000A8B7012072
:107FC4008180808000B10120384A00208AF8067040
:107FD400D9F8A436002199F8A06613F001038AF8B1
:107FE400071033D04FF48462404622F05BFA3146E6
:107FF400DDE6D9F85020013292FBF3F103FB1122A4
:10800400C9F8502005B0BDEC028BBDE8F08FD9F85B
:108014009C76002FDAD00E4E3B681B69B3420BD11D
:10802400D7F80A303D72C7F812307F68002FF3D1B9
:1080340000238AF806301CE63846002198477F68FA
:10804400002FE9D100238AF8063012E61D4662E6C5
:10805400394601005A4B2DE9F04FDD6E5C6F2DED72
:10806400028BAC4299B0149000F0A480544BD3F826
:10807400D83A129301231393129B002B00F0AE8382
:108084004F4A4FF45260136F91682344D2F8E02AA8
:1080940093FBF5F405FB143312F0010200FB031308
:1080A40007930DD1474B03F5407143F8042C43E982
:1080B40003220C339942F8D10123414AC2F8E03A31
:1080C4003F4BD3F8E42D12F001020ED103F6F45322
:1080D40003F5407143F8042C43E903220C3399421D
:1080E400F8D10123364AC2F8E43D4FF4407200212E
:1080F400354822F0D7F94FF440720021334822F07A
:10810400D1F92F4BD3F8D05A002D00F00884129ADD
:10811400DFF8B4A093B23032DFF8B4B008EE103A0E
:10812400103390469BB208EE903A1CE028461C4659
:1081340015F0B8F94A463946284615F0B3F97EB920
:1081440004F5C07418EE101A28460AEB040215F060
:10815400A9F91E4B18EE901A28461A1915F0A2F91F
:108164006D68002D36D01FFA88F7DFF8609000267E
:108174002968A7F1100206EB46038C6891B20AEB5A
:10818400C3125C454FEAC313D0D028460023A0474E
:108194002B684A4639469C68284600235C4500F013
:1081A400EB83203FA047002EDAD1BFB209F5C07996
:1081B4000126DDE719B0BDEC028BBDE8F08F00BFEE
:1081C40000B10120F0BB0120E4BB0120E8BE012086
:1081D4002516000019494FF45260D1E91C321344AA
:1081E400CA6E896893FBF2F402FB143300FB031399
:1081F4001793134B134A13F8101C13F80D0C0F911B
:1082040013F80F1C13F80C9C13F80B8C029113F841
:108214000E1CA2F5C27315920E93002305911693BA
:108224000890CDE910980E9BA3F5C0730493169B98
:1082340008330693159B039306E000BF00B10120A9
:10824400F8C10120E8BE012004990B88063131F8F9
:10825400042C31F8026C03F0100002F010040491B5
:10826400019602F400650F9902F4804B029E884047
:10827400B440B54044EA000802F0200403F02000B2
:10828400B440884044EA000C02F0400403F040008B
:10829400B440884044EA000E02F0800403F08000F9
:1082A400B440884044EA000702F4807403F4807008
:1082B400B4408840204302F40074099003F4007031
:1082C400B4408840044303F480600A9402F4806458
:1082D4008840B440044303F400608840284302F417
:1082E40080550B9003F48050B54002F4005688404A
:1082F40022F4FF422843029D22F07F02AE4003F4A1
:1083040000558D4046EA0509029E03F4804523F496
:10831400FF43B2400BFA06FB23F07F03019E8D401E
:10832400CDF830908B4006F0100A059906F020092C
:108334004BEA050B099D0AFA01FA09FA01F91343FC
:10834400039A48EA0A0A06F040084CEA090906F4C6
:10835400807C08FA01F812880CFA01FC4EEA08083D
:1083640006F0800E45EA0C0C0A9D0EFA01FE47EA5F
:108374000E0E06F400778F402F43354606F48066D0
:1083840005F400658E408D4026430B9C2543019CDB
:1083940004F480548C4020430C9C0990019800F410
:1083A4000050884001992043059C0A9001F48040C4
:1083B40021F4FF41A04021F07F014BEA0000A140DD
:1083C400089C019043EA010B02F01001039BA140B9
:1083D4005B884AEA010A02F020010998A14049EAAF
:1083E400010902F04001A14048EA010802F08001BD
:1083F400A1404EEA010E02F48071A1404CEA010C46
:1084040002F40071A1400F4302F48061A1400E43C5
:1084140002F40061A1400D4302F48051A1400843DD
:1084240002F400510B90A14020460A9C2143019C78
:108434000C9102F4804122F4FF42814022F07F0239
:108444002143109C824003984BEA020B063030F81B
:10845400022C039003F01000A0404AEA000003F04D
:10846400200A0AFA04FA49EA0A0A03F0400909FA56
:1084740004F948EA090903F0800808FA04F84EEA06
:10848400080803F4807E0EFA04FE4CEA0E0E03F490
:10849400007C0CFA04FC47EA0C07019703F480679C
:1084A400A7403E43099603F40066A64045EA060742
:1084B40003F480552646A5400B9C0A972C43354669
:1084C4000B9403F40054B4400C9E264303F48044FC
:1084D40023F4FF43AC400C9623F07F0341EA040CE1
:1084E4001199AB40019DCDF834C04BEA030B02F067
:1084F40010038B401843DDE90634C0F30F1024F851
:10850400130002F020030A988B404AEA030A02F09F
:1085140040038B40CAF34F1A49EA030902F080036F
:108524008B40C9F38F1948EA030C02F480738B4023
:10853400CCF3CF1C4EEA030702F4007302F4804E1E
:108544008B40C7F30F2745EA030602F48063099DB5
:108554008B40C6F34F261D4302F400638B40C5F3E2
:108564008F2540EA030402F480500B46C4F3CF2461
:10857400884002F4005122F4FF4201940EFA03FEF3
:108584000B9C994022F07F02204302FA03F3C0F3CC
:108594000F380C984BEA030301430D98C3F3CF3310
:1085A40040EA0E0EC1F34F31DDE90604CEF38F32FB
:1085B40004EB400EAEF818A1AEF83092AEF848C302
:1085C400019CAEF86074AEF87865AEF89056AEF8DB
:1085D400A847AEF8C088AEF8D819AEF8F02AAEF8BD
:1085E400083C431C049906930E9B99427FF42CAEDD
:1085F400169B159A403302F5C072802B1693159280
:1086040001F5C0720E927FF40EAEB649079B129A22
:10861400C3F81021179ACB8BA2F816318B8BA2F8D2
:1086240014314B8CA2F82E320B8CA2F82C32CB8C4A
:10863400A2F846338B8CA2F844334B8DA2F85E34F7
:108644000B8DA2F85C34CB8DA2F876358B8DA2F815
:1086540074354B8EA2F88E360B8EA2F88C36CB8EE8
:10866400A2F8A6378B8EA2F8A4374B8FA2F8BE3897
:108674000B8FA2F8BC38CB8FA2F8D6398B8FA2F817
:10868400D439B1F84230A2F8EE3AB1F84030A2F849
:10869400EC3AB1F84630A2F8063CB1F84430A2F8FE
:1086A400043CB1F84A30A2F81E3DB1F84830A2F8B3
:1086B4001C3D134622F01F0203F55263BFF34F8F94
:1086C4004FF0E021C1F8682F20329342FAD8BFF36B
:1086D4004F8FBFF36F8F834B5C6FDD6EAC4200F046
:1086E400D98001347F4B5C677E4AD2F8D83A013393
:1086F4000F2B129300F2C880C2F8D83A794B5B78FA
:10870400002B46D0784E794A33685B08A2FB0323DA
:10871400774ADB0BDB01A2FB03237289DB090133FC
:108724009A4200F2EF80734B4FF452666D4F53F848
:10873400080C13F8042C4FF48073396F9340B0F88D
:10874400882103F4706392B222EA0302A0F888211C
:10875400BA6806FB01224FF48A76B96F02EB060C65
:10876400FF6DC1F800C03A608A8B5E4F22F0800230
:10877400CE601204120C8A838A8B92B242F02002D9
:108784008A83B0F8882192B21343A0F88831002379
:108794007B70A5423FF40EAD139B0133DBB2062B75
:1087A40013937FF469AC149B002B40F0B3804E4EBE
:1087B4004E4A33685B08A2FB03234D4ADB0BDB0103
:1087C400A2FB03237289DB0901339A4200F2C680BB
:1087D400149B1393129B002B7FF452AC424E737B79
:1087E400002B40F09F803F4BD3F8D07A002F3DD030
:1087F400414D0024337B002B57D03B683F485A69D6
:10880400B17A82424FD1B9755B68AB4251D197F8C6
:108814003E30BBB197F83D3097F83C20DBB2D2B282
:1088240087F83D2087F83C3097F83D30083357F8F7
:108834002330FB6197F83C30083357F8233087F82E
:108844003E40BB612E4AF96A97F8280002F5007C85
:10885400023932F8023F00FB03F394454FEA232325
:1088640021F8023FF5D17F68002FC3D11D4B0024AE
:1088740093F8D43A347313BB1A4BD3F8D82A5C6FE9
:10888400DD6E1292FFF7FCBB0023164A1293C2F866
:10889400D83A33E719461B6F013393FBF4F204FB18
:1088A40012330B6720E7384690473B685B68AB425E
:1088B400ADD0384698477F68002F9BD1D6E7094A48
:1088C40092F8DC3A1546C3F1FF039361FBF7D4FF3A
:1088D400D5F8D82A85F8D44A12926C6FED6EFFF75A
:1088E400CFBB00BF00B10120384A002001800080C6
:1088F40009800008F8C10120B51600006146010096
:10890400861E0060013A90B27081FCF775FA01236B
:10891400337308E70023CDE91333FFF7ADBB079B9F
:10892400179366E4194BD3F8D04A14B3129F184D29
:1089340023681B69AB420AD1D4F80A302772C4F801
:1089440012306468002CF3D1002373734BE7204684
:10895400002198476468002CEAD1F5E7013A90B207
:108964007081FCF749FA01233373149B1393FFF7C7
:1089740083BB129B737379E714F094FD002E7FF48C
:10898400EFAB203F09F5C079BFB211E400B101207B
:10899400394601002DE9F04FAF4D89B0D5F8D04AE2
:1089A400002C01F0648323461A465B68002BFBD13C
:1089B400AA4B5360AA4F00264FF00109DFF8BC828E
:1089C40023681B68BB4241F0288384F83C60C4F8E8
:1089D400308084F83D9084F83E60D4E90823A26195
:1089E400E3616468002CEBD19E4C4FF000089E4B71
:1089F4009E4E6B6094F8B030B088EB669C4BC5E932
:108A04001C88C5F88430FCF7F7F90120FFF722FB36
:108A14009849994B4FF0380C4A68152042F40032BB
:108A24004A60C3F870C3C3F880014A6842F0010287
:108A34004A60C3F82CC3C3F83C014A6842F480621C
:108A44004A60C3F854C3C3F864014A6842F002029E
:108A54004A60C3F830C3C3F840014A6842F4006274
:108A64004A60C3F858C3C3F868014A6842F0040274
:108A74004A60C3F834C3C3F844014A6842F00802A8
:108A84004A6001F50041C3F838C3FF22C3F8480126
:108A9400D1F804E04EF0100EC1F804E0C3F814C29B
:108AA4005862D1F804E04EF0200EC1F804E0C3F897
:108AB40018C29862C3F87023C3F82C23C3F8542354
:108AC400C3F83023C3F85823C3F83423C3F8382336
:108AD400C3F81422C3F8182263691A7D072A01F027
:108AE400A4825A7D072A01F041879A7D072A01F062
:108AF400B687DA7D072A01F0B5871A7E072A02F0C5
:108B0400C0835A7E072A02F0CE839A7E072A02F097
:108B14001884DA7E072A01F089821A7F072A02F074
:108B240094845A7F072A02F003859A7F072A02F069
:108B34004585DA7F072A02F09B8593F82020072ACF
:108B440002F05E8693F82120072A01F03B87636ACE
:108B54001A7D072A01F07A825A7D072A01F07C8760
:108B64009A7D072A02F0F082DA7D072A02F09283C6
:108B74001A7E072A02F09A835A7E072A02F0E483B7
:108B84009A7E072A02F08584DA7E072A01F05F8242
:108B94001A7F072A02F0CF845A7F072A02F0118530
:108BA4009A7F072A02F06185DA7F072A02F02B8672
:108BB40093F82020072A01F0028793F82120072A3E
:108BC40002F0978663681A7D072A01F042875A7D6E
:108BD400072A02F0BC829A7D072A02F05583DA7DC7
:108BE400072A02F066831A7E072A02F0B0835A7EAF
:108BF400072A02F02D849A7E072A02F09F84DA7EE7
:108C0400072A1AD01A7F072A02F0D5845A7F072A26
:108C140002F028859A7F072A02F0EC85DA7F072A7A
:108C240002F0EB8593F82020072A02F0448693F89B
:108C34002120072A43F0FF810D221A44D3E90010B2
:108C44000B6803430B6092F822A0BAF1FF0F03F004
:108C5400F281DFF8108013E000B1012068C2012026
:108C6400E5150000F8C10120554F0000384A0020E6
:108C74000D1600000040004200801F40281E002006
:108C8400D8F800B04046C5F814B01EF0CFFDD8F8AF
:108C940004301A7D072A01F0E3845A7D072A03F081
:108CA40073819A7D072A03F06C81DA7D072A03F029
:108CB40077811A7E072A03F070815A7E072A03F00F
:108CC40069819A7E072A03F06281DA7E072A01F01D
:108CD400C8841A7F072A03F07F815A7F072A03F08A
:108CE40078819A7F072A03F07181DA7F072A03F0DB
:108CF4006A8193F82020072A03F05E8193F82120EB
:108D0400072A03F056811A7D0A2A01F09E845A7DAF
:108D14000A2A01F00B869A7D0A2A01F09886DA7DE8
:108D24000A2A02F017821A7E0A2A02F0B0825A7EB8
:108D34000A2A02F0B5829A7E0A2A02F00E83DA7EAB
:108D44000A2A02F05B831A7F0A2A02F00C845A7FF3
:108D54000A2A02F01D849A7F0A2A01F07784DA7FB6
:108D64000A2A02F0E88493F820200A2A02F05D859A
:108D740093F821200A2A02F0B9851A7D062A01F007
:108D840059845A7D062A01F0D5859A7D062A01F078
:108D94005C86DA7D062A02F0E0811A7E062A02F059
:108DA4005E825A7E062A02F078829A7E062A01F0B2
:108DB4004284DA7E062A02F039831A7F062A02F0F8
:108DC400C3835A7F062A02F0FF839A7F062A02F0A1
:108DD400AF84DA7F062A02F0A88493F82020062ABA
:108DE40002F01D8593F82120062A02F076851A7D6B
:108DF4000C2A01F014845A7D0C2A01F0B1859A7D65
:108E04000C2A01F02086DA7D0C2A01F033861A7EC2
:108E14000C2A02F0F0815A7E0C2A02F04D829A7ECE
:108E24000C2A02F09782DA7E0C2A02F035831A7F2C
:108E34000C2A02F059835A7F0C2A02F0F8839A7F95
:108E44000C2A02F00C84DA7F0C2A02F0058493F8D1
:108E540020200C2A01F0E48393F821200C2A02F04C
:108E640014851A7D092A01F026855A7D092A01F004
:108E740079859A7D092A01F0E485DA7D092A02F0D0
:108E840075811A7E092A02F0DE815A7E092A02F0CF
:108E94003D829A7E092A02F08482DA7E092A02F04F
:108EA400E3821A7F092A02F034835A7F092A02F0E6
:108EB400A3839A7F092A02F02084DA7F092A02F028
:108EC4003D8493F82020092A02F0B28493F82120EB
:108ED400092A02F0EA841A7D0B2A01F095835A7D4F
:108EE4000B2A01F03B859A7D0B2A01F0A885DA7DD7
:108EF4000B2A02F038811A7E0B2A02F0A1815A7ED5
:108F04000B2A02F0F7819A7E0B2A02F03E82DA7E67
:108F14000B2A02F097821A7F0B2A02F0D2825A7F20
:108F24000B2A02F06C839A7F0B2A02F0C283DA7F49
:108F34000B2A01F06A8393F820200B2A02F045845F
:108F440093F821200B2A02F08E841A7D0D2A01F059
:108F540050835A7D0D2A01F016859A7D0D2A01F061
:108F64006C85DA7D0D2A02F0FB801A7E0D2A02F050
:108F740082815A7E0D2A02F0B1819A7E0D2A02F076
:108F8400EF81DA7E0D2A02F03C821A7F0D2A02F06C
:108F9400A2825A7F0D2A02F04D839A7F0D2A02F095
:108FA4007383DA7F0D2A02F06C8393F820200D2A54
:108FB40002F0FC8393F821200D2A01F01B83052283
:108FC400D3E900100B6803430B60D8F80430CBF8E6
:108FD4000820197D0A2901F0FF82597D0A2901F030
:108FE400D484997D0A2901F02685D97D0A2902F0C5
:108FF400C080197E0A2902F03881597E0A2901F0BD
:10900400EC829A7E0A2A02F0C381DA7E0A2A02F0EE
:1090140031821A7F0A2A02F06D825A7F0A2A02F0EC
:10902400FA829A7F0A2A01F0D882DA7F0A2A02F0A9
:109034005E8393F820200A2A02F0C18393F821204A
:109044000A2A02F00D844FF0FF091A7D062A01F066
:10905400AF825A7D062A01F07F849A7D062A01F0A8
:10906400E884DA7D062A02F087801A7E062A02F056
:10907400FF805A7E062A02F03A819A7E062A01F07F
:109084009882DA7E062A02F0F2811A7F062A02F01A
:109094001F825A7F062A02F0C4829A7F062A02F0AF
:1090A4002383DA7F062A02F01C8393F82020062A01
:1090B40002F0C48393F82120062A02F00584FF21DC
:1090C4001A7D0C2A01F060825A7D0C2A01F0538427
:1090D4009A7D0C2A01F0AB84DA7D0C2A02F04F80D1
:1090E4001A7E0C2A02F0BE805A7E0C2A02F00581F8
:1090F4009A7E0C2A02F05E81DA7E0C2A02F08A81C2
:109104001A7F0C2A02F0FC815A7F0C2A02F07A8220
:109114009A7F0C2A02F0D382DA7F0C2A02F0CC82E6
:1091240093F820200C2A01F0308293F821200C2A95
:1091340002F0B583FF201A7D092A01F0C7835A7D06
:10914400092A01F001849A7D092A01F06E84DA7DEE
:10915400092A02F017801A7E092A02F07A805A7EC0
:10916400092A02F0D6809A7E092A02F01481DA7E56
:10917400092A02F076811A7F092A02F0C7815A7FF0
:10918400092A02F02D829A7F092A02F0C882DA7F26
:10919400092A02F0C78293F82020092A02F03C83AE
:1091A40093F82120092A02F09583FF211A7D0B2AC6
:1091B40001F0D6815A7D0B2A01F0DF839A7D0B2AB8
:1091C40001F03184DA7D0B2A01F0E2871A7E0B2A42
:1091D40002F03C805A7E0B2A02F09E809A7E0B2A73
:1091E40002F0DC80DA7E0B2A02F038811A7F0B2A27
:1091F40002F09B815A7F0B2A02F0F5819A7F0B2A99
:1092040002F07882DA7F0B2A01F0AB8193F82020F8
:109214000B2A02F0BF8293F821200B2A02F032833A
:10922400FF211A7D0D2A01F089815A7D0D2A01F052
:10923400A0839A7D0D2A01F0F483DA7D0D2A01F0D2
:10924400A4871A7E0D2A02F007805A7E0D2A02F0A6
:109254005A809A7E0D2A02F0A780DA7E0D2A02F047
:10926400FA801A7F0D2A02F05D815A7F0D2A02F0DE
:10927400B1819A7F0D2A02F02E82DA7F0D2A02F044
:10928400278293F820200D2A02F0AB8293F8212044
:109294000D2A01F05481FF2209F108039342B8BF5B
:1092A4001346DAB209F10F039342C1F20282524526
:1092B4002CBF00230123D14588BF43F00103002BB9
:1092C40001F0F781D8F80430197D062901F02881CE
:1092D400597D062901F05583997D062901F09F8364
:1092E400D97D062901F06087197E062901F0A2873D
:1092F400597E062902F01680997E062901F0118113
:10930400D97E062902F0BF80197F062902F0E68083
:10931400597F062902F09181997F062902F0BA81CA
:10932400D97F062902F0B38193F82010062902F0B0
:109334005E8293F82110062902F09B82FF21A1EBA3
:10934400090104F8101C197D092901F0D382597D03
:10935400092901F0FD82997D092901F05E83D97DF7
:10936400092901F01E87197E092901F06087597EB9
:10937400092901F0D487997E092902F00080D97E59
:10938400092902F07A80197F092902F0C580597FE2
:10939400092902F02E81997F092902F0B781D97F2A
:1093A400092902F0B08193F82010092902F04982BA
:1093B40093F82110092902F04D82FF21A1EB090144
:1093C40004F80F1C197D0A2901F09C80597D0A2993
:1093D40001F0D582997D0A2901F01D83D97D0A29DE
:1093E40001F0E886197E0A2901F01E87597E0A29B0
:1093F40001F08687997E0A2901F0D987D97E0A2946
:1094040002F00580197F0A2902F08980597F0A2910
:1094140002F0DD80997F0A2901F07580D97F0A293D
:1094240002F0778193F820100A2902F0F28193F870
:1094340021100A2902F03C82FF21A1EB090104F862
:109444000E1C197D0C2901F04F80597D0C2901F067
:109454007382997D0C2901F0DC82D97D0C2901F0FD
:10946400A686197E0C2901F0DC86597E0C2901F0B0
:109474006587997E0C2901F07F87D97E0C2902F03B
:109484000E80197F0C2902F00D80597F0C2902F0FF
:109494007980997F0C2902F05A81D97F0C2902F036
:1094A400598193F820100C2901F01F8093F82110A2
:1094B4000C2902F00382FF21A1EB090104F80D1C21
:1094C400197D0B2901F00280597D0B2901F042829C
:1094D400997D0B2901F09B82D97D0B2901F06D86C2
:1094E400197E0B2901F07886597E0B2901F0EA8652
:1094F400997E0B2901F07387D97E0B2901F07287BD
:10950400197F0B2902F03880597F0B2902F0438020
:10951400997F0B2902F0E280D97F0B2900F0D787CD
:1095240093F820100B2902F0478193F821100B299E
:1095340002F0B881FF21A1EB090104F80C1C197D8C
:109544000D2900F0B587597D0D2901F0FF81997D22
:109554000D2901F05A82D97D0D2901F03486197E36
:109564000D2901F03C86597E0D2901F0E186997E92
:109574000D2901F00787D97E0D2901F08187197F14
:109584000D2901F0B487597F0D2902F03E80997F9F
:109594000D2902F08280D97F0D2902F0B18093F861
:1095A40020100D2902F00E8193F821100D2900F0EE
:1095B4008087FF21A1EB090104F80B1C197D062902
:1095C40000F06887597D062901F0BC81997D062940
:1095D40001F01982D97D062901F0F885197E062942
:1095E40001F00086597E062901F09F86997E06299E
:1095F40000F05187D97E062901F04887197F062992
:1096040001F06F87597F062902F00E80997F0629A1
:1096140002F05880D97F062902F0578093F8201071
:10962400062902F0C68093F82110062902F027814A
:10963400FF21A1EB09012973197D092901F0688132
:10964400597D092901F07C81997D092901F0D9818D
:10965400D97D092901F0B485197E092901F0B9855C
:10966400597E092901F06786997E092901F08186CE
:10967400D97E092901F0C886197F092901F061877B
:10968400597F092901F0DC87997F092901F0F387C3
:10969400D97F092901F0F28793F82010092902F0F3
:1096A400A38093F82110092902F01181FF21A1EB75
:1096B40009016973197D0A2900F0DE86597D0A299A
:1096C40001F03C81997D0A2901F09981D97D0A290B
:1096D40001F06485197E0A2901F0AF85597E0A29B3
:1096E40001F00286997E0A2901F06A86D97E0A2948
:1096F40001F0A586197F0A2901F0E086597F0A291D
:1097040001F06B87997F0A2900F0B786D97F0A296F
:1097140002F0028093F820100A2902F03E8093F8A8
:1097240021100A2902F09980FF21A1EB0901A973F4
:10973400197D0C2900F09286597D0C2901F0F880DE
:10974400997D0C2901F05981D97D0C2901F02385DB
:10975400197E0C2901F09285597E0C2901F0C185EE
:10976400997E0C2901F02F86D97E0C2901F05886A8
:10977400197F0C2901F0C786597F0C2901F036871F
:10978400997F0C2901F09287D97F0C2901F08B87EE
:1097940093F820100C2900F0628693F821100C290C
:1097A40002F06A80FF21A1EB0901E973197D0B29FD
:1097B40000F04886597D0B2901F0D680997D0B294C
:1097C40001F01981D97D0B2901F05281197E0B29F1
:1097D40001F01985597E0B2901F07185997E0B29B9
:1097E40001F0FA85D97E0B2901F01786197F0B2920
:1097F40001F08386597F0B2901F0C786997F0B29D5
:1098040001F02187D97F0B2900F01D8693F82010E1
:109814000B2902F0198093F821100B2902F017800C
:10982400FF21A2EB0903A1EB09024FEA0929DA4956
:109834001B042A7409F4F859D84A03F4F8134FEABC
:109844000A2A49EA02024FF0010943F480730AF438
:10985400F85A4FF4826CCBF800314AEA0101CBF894
:1098640080204FF0020ACE4ACBF80431CBF8842092
:10987400CBF80831CBF88820CBF80C31CBF88C200E
:10988400CBF81031C74BCBF89020CBF8803440F69E
:109894000C73CBF80014CBF80035DBF8303043F010
:1098A4000803CBF83030C04BB3F8882144F8083CA7
:1098B40022F480621204120CA3F88821BB4AC2F875
:1098C4002490C2F82890326822FA09F207EE102A8E
:1098D40032689FEDAD5BB8EEC77B22FA09F29FEDCB
:1098E400AC4B27EE057BBCEEC76B07EE102A326843
:1098F400B8EEC77B22FA09F227EE057BFCEEC76BB4
:1099040007EE102AB3F88821B8EEC77B92B227EE8F
:10991400047B42F04002A3F8882116EE102AA3F833
:10992400C6C090B216EE902ABCEEC77B91B2A3F8E3
:10993400CE00A3F8D61017EE102A9D4892B2A3F8D1
:10994400DE20B3F8802104F804AC92B242F48062C1
:10995400A3F88021B3F8802192B242F04002A3F828
:109964008021B3F8882192B242F00402A3F888213E
:10997400B3F8E82092B242F40072A3F8E8204FF45E
:109984008873A4F8B2301DF0B1FE8A481DF0AEFE13
:1099940089481DF0ABFE95F87C20AB6895F868E02B
:1099A400864803F58A7195F860C0AB6F827612B26F
:1099B40080F81AE0DFF828E280F81AC00CF01F0CD7
:1099C4001960A3F804A04FF0040AC3F810E04FF4A0
:1099D4008A7EA3F81E9083F80790A3F8169083F864
:1099E400069077497748C3E902AE4FF6F87EA3F8AC
:1099F40014E04FF0100EC3F818E0002341F82230B1
:109A0400714B41F8223020F01F0384F8B4C000EBFE
:109A14000901BFF34F8F4FF0E022C2F8683F2033B3
:109A24009942FAD8BFF34F8FBFF36F8F00226B6E4A
:109A3400B0F1804F18609A80DA71C0F0268399687B
:109A4400002900F02283DA609A829A715F4A1A61CF
:109A540000229A61DA8B110400F10D860C22DA835C
:109A6400DA82A96F6FF00F0995F868308A8B1B02B0
:109A7400E86D92B2DFF86CB103F4F85322F4FC52AF
:109A840013436A6943F0200302F5007C8B834B493E
:109A9400B4F8B2300A6842F080020A60AA68D8F8C2
:109AA40004E04FF000080260C0F810C04FEA131C35
:109AB400C3F58C73C0F81890A0F81EC0C360A0F85A
:109AC40016C0838BDFF8F8C09BB243F0080383838E
:109AD400042383808382022395F86020C3718371F9
:109AE40002F1100A3A4B83609EF813300FFA82FE9B
:109AF40003F07F034CF82E804FF0010843F000433D
:109B04004CF82E30B0F81CC0324B1FFA8CFCDFF836
:109B1400D8E04CF0020CA0F81CC003EB521002F089
:109B24001F0C2D4B800008FA0CFC4BF82A30294BF3
:109B3400C0F800C0602002F80E0095F87C2002F8FE
:109B44000E9095F87C00DFF8A4E003EB501300F0CE
:109B54001F0200F1100C08FA02F29B004BF82CE0F3
:109B64001A6095F86830CB76C876286FFAF752FEFB
:109B740014F8043C54F808CC08FA03F31749BCF869
:109B840088011B0234E000BFF9978B952411E23E53
:109B940048AFBC9AF2D77A3E0100C30D020083009D
:109BA400020080000022000100803E4000801F402F
:109BB40078B1012064B101205CB1012000800E4025
:109BC40000C00E40ACC201206E0000801B800E401D
:109BD40010C0FF7F40380038DD1D00000180008088
:109BE400D6803E400054002000E400E01916000036
:109BF400B94A80B203F470630343ACF88831336824
:109C040023FA08F3A1FB0303DB0BDB01A2FB030331
:109C1400DB094344EF2B40F2CF83306820FA08F08D
:109C2400A1FB0010C00BC001A2FB0020C0094044EE
:109C3400012370813373FBF7DFF894F8AE30002B07
:109C4400FBD1012384F8AE3094F8AE30002BFBD165
:109C540094F8AC30B4F87A20002B00F09283B4F876
:109C64007C3003FB02F2D4E9241002EB420221F01F
:109C74000BFAD5F89C06002800F0928303461A4696
:109C84005B68002BFBD1954B53604FF000084FF0FD
:109C9400010ADFF8749203681B68BB4240F0ED814F
:109CA40080F83C80C0F8309080F83DA080F83E8079
:109CB400D0E908238261C36140680028EBD1884B56
:109CC40000270120AB6594F8B530C5E91477EB643F
:109CD400FDF7A2FF626994F8BC30117D994200F04F
:109CE400FA81517D994200F0F581917D994200F00D
:109CF4007F86D17D994200F0B886117E994201F0A9
:109D04007782517E994201F0E382917E994201F07B
:109D14005D83D17E994201F08683117F994201F0DF
:109D24008883517F994201F0C083917F994201F069
:109D34006F84D17F994201F0B38492F82010994244
:109D440001F0318592F82110994201F02985FF2212
:109D540084F8E420626A117D994200F01886517DEE
:109D6400994200F04386917D994200F08586D17D29
:109D7400994201F03A82117E994201F0A682517E05
:109D8400994201F02683917E994201F02E83D17E7F
:109D9400994201F0E583117F994201F0DE83517FFE
:109DA400994201F0FE83917F994201F05284D17F60
:109DB400994201F0138592F82010994201F00B8525
:109DC40092F82110994201F06385FF2284F8E4207F
:109DD4006268117D994200F0F885517D994200F046
:109DE4004D86917D994201F00982D17D994201F01D
:109DF4007282117E994201F0E082517E994201F013
:109E04001B83917E994201F05383D17E994201F0E4
:109E14005283117F994201F00184517F994201F0EC
:109E24009084917F994201F0F184D17F994201F0AD
:109E3400028592F82010994201F0438592F821108E
:109E4400994201F06285FF2384F8E4300023254918
:109E54002548C4F8E0301DF01DFDD4F8E070384604
:109E64001DF0E4FC214BD4F8D0209A4203D194F89D
:109E7400D530002B55D01D4BC4F8D030002384F8C6
:109E8400D53039681A4B994200F0F384194B186A9B
:109E94009A6A9B6AC0F3C140C2F34222C3F342638D
:109EA4000133154D02FB0333144A012818BF2A4617
:109EB400B2FBF3F2124B5208A3FB02031148824295
:109EC4004FEA535322D90130B2FBF3F2824298BFD6
:109ED40003F1FF331AE000BF0980000828C2012003
:109EE400194B000098440020484A0020404B4C0085
:109EF40000C01A4000C00F4000389C1C80204B1E3C
:109F04006BCA5F6B3F4B4C00281E0020012B94F85A
:109F1400E82038BF012302F5A07243F4706341F8CE
:109F2400223094F8D430012B11D0012384F8D4309A
:109F340094F8E9303A68E03302EB8303C4F8DC3088
:109F440094F8EB30A03302EB8302C4F8D820EFF38B
:109F5400108172B696F83C30012B00F09A83032BE3
:109F640000F097844D4B4FF0E022B362032386F850
:109F74003C30D2F8203D43F47F03C2F8203D484BE7
:109F8400CBF83C3001B962B6E022316C86F844204B
:109F9400C9B1444B44480B4406EB231383F84820CF
:109FA40096F8493096F8481096F84A208B4228BF14
:109FB4000B46934228BF134696F84B20934228BF82
:109FC400134680F87A3096F84C20384C3848394992
:109FD400B4FBF2F202EB4202D200013A1DF036FF6A
:109FE400336835495B08354AA1FB0303DB0BDB010E
:109FF400A2FB0303DB090133EF2B00F20D82F021F6
:10A004002F4A0B4601203372336C86F84C10F071E2
:10A0140003B11A6009B0BDE8F08F20469847646820
:10A02400002C7EF4CDACFEF7DFBC42461A44D3E9E3
:10A0340000100B6803430B6092F822A0BAF1FF0FE3
:10A044003EF485ADDFF88480FEF71ABE00221A4480
:10A05400D3E900100B6803430B6092F822A0BAF115
:10A06400FF0F3EF4AFADDFF86880FEF709BE154B75
:10A074001C46C5F8D03AFEF79DBC0190984701985C
:10A08400406800287FF407AE19E60022DA609A825D
:10A094009A7101229A600C4A1A61D9E4B11D000038
:10A0A400C52D010000BFF7BF00E400E040420F00EF
:10A0B400784A0020ED9200000180008009800008A9
:10A0C4008F86010068C201201B800E4008C2012057
:10A0D40018C2012001271744D2E900100A6802437C
:10A0E4000A6097F82220FF2A84F8E4203FF432AE75
:10A0F400AD4F7A6894F8C030C4F8E070117D99428D
:10A1040000F0C484517D994201F07B80917D994295
:10A1140001F02981D17D994201F06A81117E994231
:10A1240001F02782517E994201F02082917E99426A
:10A1340001F02582D17E994201F00683117F994274
:10A1440001F07083517F994201F0CA83917F994253
:10A1540001F0C983D17F994201F0D48392F8201091
:10A16400994201F0DE8392F82110994201F0D683DE
:10A17400FF2194F8C43084F8E510107D984201F072
:10A184004387507D984201F04180907D984201F0D0
:10A19400ED80D07D984201F02E81107E984201F02E
:10A1A400D981507E984201F0D281907E984201F08C
:10A1B400F581D07E984201F04982107F984201F0E7
:10A1C4000783507F984201F05183907F984201F0B9
:10A1D4009383D07F984201F0928392F820009842B2
:10A1E40001F0998392F82100984201F09183FF23B2
:10A1F400994284F8E63040F0818263691A7DFF2A2F
:10A2040001F02E855A7DFF2A01F01A859A7DFF2AD6
:10A2140001F04985DA7DFF2A01F043851A7EFF2A81
:10A2240001F05F855A7EFF2A01F0B5859A7EFF2AE8
:10A2340001F0EC85DA7EFF2A01F0E6851A7FFF2A19
:10A2440001F0E6855A7FFF2A01F0F3859A7FFF2A01
:10A2540001F0ED85DA7FFF2A01F0E78593F82020ED
:10A26400FF2A01F03F8693F82120FF2A01F0388667
:10A27400FF2384F8E530636A1A7DFF2A01F0958490
:10A284005A7DFF2A01F019859A7DFF2A01F01B856A
:10A29400DA7DFF2A01F015851A7EFF2A01F0AA85CE
:10A2A4005A7EFF2A01F0A4859A7EFF2A01F0A68532
:10A2B400DA7EFF2A01F0A0851A7FFF2A01F0FD85CE
:10A2C4005A7FFF2A01F0F7859A7FFF2A01F0FB8568
:10A2D400DA7FFF2A01F0F58593F82020FF2A01F0A8
:10A2E400EE8593F82120FF2A01F02786FF2384F8C6
:10A2F400E53063681A7DFF2A01F011855A7DFF2A33
:10A3040001F00B859A7DFF2A01F0F784DA7DFF2A9C
:10A3140001F051851A7EFF2A01F023855A7EFF2A17
:10A3240001F01D859A7EFF2A01F01785DA7EFF2A47
:10A3340001F0E8851A7FFF2A01F0F7855A7FFF2A8A
:10A3440001F0F1859A7FFF2A01F0EB85DA7FFF2A7D
:10A3540001F0E58593F82020FF2A01F0EC8593F8BD
:10A364002120FF2A01F0E585FF2384F8E53000234E
:10A37400C4F8E0300D490E481DF08CFAD4F8E070B2
:10A384006DE5B4F87C3003FB02F2D4E9240102EB5E
:10A39400420220F079FED5F89C0600287FF46EACCA
:10A3A4000448C5F89C0670E408C20120D04400208B
:10A3B400484A002028C20120336832685B085208EA
:10A3C40007EE102ACA4A9FEDC86BB8EEC77B27EE8A
:10A3D400067BBCEEC77B17EE101AB3FBF1F3A2FBAE
:10A3E4000313DB09013BF02B00F250823068336821
:10A3F40040085B0807EE103AB8EEC77B27EE067BF1
:10A40400BCEEC77B17EE103AB0FBF3F0A2FB0020C2
:10A41400C009013880B20BE433685B08A1FB031365
:10A42400DB0BDB01A2FB0323DB090133DBB2012BD2
:10A43400194638BF0121B4FBF1F404EB4404E200F3
:10A44400013ADFE500211944D3E9000C036843EA2B
:10A454000C03036091F82210FFF7E3B900211944BB
:10A46400D3E9000C036843EA0C03036091F822105B
:10A47400D8F80430FFF797B900211944D3E9000C48
:10A48400036843EA0C03036091F82210D8F80430FF
:10A49400FFF74BB900211944D3E9000C036843EAE0
:10A4A4000C03036091F82210D8F80430FFF7C1B808
:10A4B40000211944D3E9000C036843EA0C03036048
:10A4C40091F82210D8F80430FFF774B80021194429
:10A4D400D3E9000C036843EA0C03036091F82210EB
:10A4E400D8F80430FFF727B800211944D3E9000C49
:10A4F400036843EA0C03036091F82210D8F804308F
:10A50400FEF7DABF00211944D3E9000C036843EADB
:10A514000C03036091F82210D8F80430FEF78DBFC5
:10A5240000211944D3E9000C036843EA0C030360D7
:10A5340091F82210D8F80430FEF701BF00221A4423
:10A54400D3E9000C036843EA0C03036092F8222069
:10A55400914528BF91468A4238BF0A46FEF79CBE01
:10A5640000221A44D3E9000C036843EA0C03036095
:10A5740092F82230994528BF9946994238BF194626
:10A58400D8F80430FEF74DBE00221A44D3E9000C7B
:10A59400036843EA0C03036092F82200D8F80430FD
:10A5A400814528BF8146884238BF0846FEF7C3BDAF
:10A5B40000221A44D3E900100B6803430B6092F89D
:10A5C4002220D8F804304A45114638BF49469145FF
:10A5D40028BF9146FEF774BD00221A44D3E9001047
:10A5E4000B6803430B6092F82290D8F80430FEF70E
:10A5F4002CBD00221A443F4B92F83020C3F8482166
:10A60400D8F80430FEF7DBBC00221A44394B92F828
:10A614003020C3F84421D8F80430FEF796BC002259
:10A624001A44344B92F83020C3F84021D8F804304F
:10A63400FEF717BC00221A442E4B92F83020C3F8C0
:10A644006421D8F80430FEF7D2BB00221A44294B07
:10A6540092F83020C3F83C21D8F80430FEF78DBBC3
:10A664000022134493F83020224BC3F88021D8F8F9
:10A674000430FEF748BBDA8B02F47E4242F00C024F
:10A68400DA83DA8A02F47E4242F00C02DA82FFF7BD
:10A69400E8B996F83D30002B3FF464ACD6E90D23BD
:10A6A400002B00F085815A61002A00F084819361B7
:10A6B40058E495F888302BB12A210F48019210F004
:10A6C40027FA019A40F60D23ADF81C3095F888302E
:10A6D4002BB1022107A8019210F01AFA019AD5F8B9
:10A6E40014B0FEF7EFBD00BFF9978B952411E23E3D
:10A6F400ABAAAAAA00801F406C44002063691A7D9B
:10A70400FF2A01F023815A7DFF2A01F03A829A7DC3
:10A71400FF2A01F08182DA7DFF2A01F07B821A7E12
:10A72400FF2A01F006835A7EFF2A01F000839A7EF5
:10A73400FF2A01F0C082DA7EFF2A01F051831A7FDA
:10A74400FF2A01F051835A7FFF2A01F04B839A7F3D
:10A75400FF2A01F04B83DA7FFF2A01F0738393F819
:10A764002020FF2A01F0728393F82120FF2A01F0B0
:10A774006B83FF2384F8E630636A1A7DFF2A01F0B5
:10A7840047825A7DFF2A01F041829A7DFF2A01F017
:10A794002E82DA7DFF2A01F092821A7EFF2A01F0CE
:10A7A400CC825A7EFF2A01F0C6829A7EFF2A01F0EB
:10A7B400F082DA7EFF2A01F0EA821A7FFF2A01F092
:10A7C400E4825A7FFF2A01F0DE829A7FFF2A01F099
:10A7D4008D83DA7FFF2A01F0878393F82020FF2AF4
:10A7E40001F0678393F82120FF2A01F06083FF239F
:10A7F40084F8E63063681A7DFF2A01F0F6815A7DF9
:10A80400FF2A01F0E2819A7DFF2A01F05282DA7D6B
:10A81400FF2A01F04C821A7EFF2A01F046825A7EFA
:10A82400FF2A01F0DB829A7EFF2A01F0C282DA7EDF
:10A83400FF2A01F0BC821A7FFF2A01F0B6825A7FF8
:10A84400FF2A01F01D839A7FFF2A01F02E83DA7F0D
:10A85400FF2A01F0288393F82020FF2A01F02183A6
:10A8640093F82120FF2A01F07083FF2384F8E63057
:10A874007DE5A3F53023186B1A6B1B6BC0F3C11075
:10A88400C2F30232C3F34223FFF70ABBF020FFF7FF
:10A89400CFB996F83D30002B3FF464ABD6E90D23D5
:10A8A400002B00F081865A61002A7FF400AFC4F8BF
:10A8B4000C31FFF757BB0022134493F83020704B40
:10A8C400C3F86821D8F80430FEF705BB00221A4407
:10A8D400D3E9001C0B6843EA0C030B6092F82210C6
:10A8E400D8F80430894528BF8946814238BF0146DB
:10A8F400FEF75CBC00211944D3E9000C036843EA69
:10A904000C03036091F82210D8F80430FEF756BD0A
:10A9140000211944D3E9000C036843EA0C030360E3
:10A9240091F82210D8F80430FEF7C1BE01228DE65A
:10A93400012194E501227EE60121D6E501219CE571
:10A944000121E6E70121A6E50122C0E70121B0E5E6
:10A954000121D0E70121BAE501222AE6012254E6C9
:10A9640001225DE60122A7E701216CE50122FFF740
:10A974005DBB0122E3E5012207E60122F1E50121A5
:10A98400C1E50121CDE5012234E6012225E60021BD
:10A994001144D2E9000702683A43026091F8222088
:10A9A400FF2A84F8E4203FF413AA364FFFF7A1BB33
:10A9B400C4F8002178E6C4F80431FFF7D3BA0C22B6
:10A9C400FFF745BB0D22FFF731BB00211144D2E94B
:10A9D400000203681343036091F82230FF2B84F8CC
:10A9E400E4303FF433AA284FFFF783BB0121CFE7BC
:10A9F4000227FFF770BB022125E502212FE5022182
:10AA04003BE5022185E7022145E5022151E50221CA
:10AA14005DE5022169E5022175E502216BE702216A
:10AA24007FE502228BE502229BE502224FE7022208
:10AA3400ABE50222BDE50222CFE50222DAE50222DD
:10AA4400E3E5022238E70222EAE50222F3E50222E4
:10AA5400FCE50022FEF7F1B80122FFF7F8BA022262
:10AA6400FFF7E4BA0322FFF7E1BA0327FFF733BB8A
:10AA74000321E8E40322D3E5022189E70121A5E7C4
:10AA840000801F4018C20120F8C101200021114498
:10AA9400D2E900020368134303607A6891F8221034
:10AAA40094F8C43084F8E510107D98427FF469ABC3
:10AAB40000231344FF29D2E9000C026842EA0C0285
:10AAC400026093F8223084F8E6303FF496ABFF2B13
:10AAD4003FF414AED4F8C8104A1C40F0B6803A686B
:10AAE4000123FE2002929E4602220390012B387B12
:10AAF4000CBF4FF0040C4FF0030C10EA0E0300F0EF
:10AB0400EE800123104200F0EB8001335200DBB2EF
:10AB1400D2B29C45F6DCFF2384F8E8307A7B12F04D
:10AB24000100019200F0D88012F0020C00F0D582EE
:10AB340012F0040E00F0FE8212F0080F02F0080872
:10AB440040F0BB824FF0080C03204CEA02027A73F7
:10AB540012F0010A84F8E900D7F80480019208EBA6
:10AB6400000C9CF8109000F0C58012F0020C40F02C
:10AB74004F83B9F1FF0F01F05282D44698F811E0E7
:10AB8400CE4541F0A881019A12F0040E00F0C6806F
:10AB940000220492019A02F0080808F0FF0AB8F1B2
:10ABA400000F0CD1B9F1FF0F00F0BE86D7F8048076
:10ABB40098F81380C84540F0B7864FF0000ABCF1FE
:10ABC400000F00F0BD80049A002A00F06486BEF1F4
:10ABD400000F01F07A81BAF1000F01F008824FF002
:10ABE400FF0C634584F8EBC001F007823B7BFF2830
:10ABF400039A02EA03023A7384F8E8C00AD07B7B22
:10AC0400BCF1FF0F23F001037B7303D07B7B23F0A4
:10AC140001037B73FF2384F8E93084F8EB3095F863
:10AC240088301BB1312130480FF072FF40F60D22FD
:10AC340095F88830ADF81C201BB1022107A80FF04D
:10AC440067FFD4F8E070FFF70AB97B68C9B21A7DD0
:10AC54008A4201F024805A7D8A4201F003809A7D61
:10AC64008A4201F07680DA7D8A4201F070801A7E91
:10AC74008A4201F06A805A7E8A4201F07E809A7E7E
:10AC84008A4201F07E80DA7E8A4201F078801A7F5F
:10AC94008A4201F035815A7F8A4201F02F819A7FDE
:10ACA4008A4201F02981DA7F8A4201F0238193F8F4
:10ACB40020208A4201F01C8193F821208A4201F06D
:10ACC4003681FF2384F8E730084909481CF0E2FD87
:10ACD400D4F8E070FFF7C3B84FF0010C35E77246C3
:10ACE4001043387318E700BF4C4500200C45002082
:10ACF400484A0020B9F1FF0F01F0928098F810C083
:10AD0400CC4541F08D8012F0020C3FF437AF12F0C5
:10AD1400040E40F01382F246E646D44698F812A098
:10AD2400CA4541F08880019ACDF810E012F0080A73
:10AD340000F0ED814FF0000EBCF1000F7FF443AF43
:10AD44004FF0010E019A4EEA020E87F80DE0FF2B38
:10AD540084F8EBC000F0DD81FF2800F0E4810125D8
:10AD640084F8EA5040B10246013A6D0012F0FF0245
:10AD7400EDB2F9D184F8EA50012584F8EC50BCF125
:10AD8400000F08D06246013A6D0012F0FF02EDB2E6
:10AD9400F9D184F8EC50029D00B294F8E6200FFA41
:10ADA4008CFC05EB800E94F8E4001202DFF840936B
:10ADB4000002013102F4F8584FEA036205EB8C0CEF
:10ADC40000F4F85005EB830302F0E06294F8E550D8
:10ADD40040EA020042EA08024FEA0525DFF814833C
:10ADE40042F0010240EA080805F4F8554FF000006B
:10ADF40045EA0909CEF80001CEF88080CCF80001BC
:10AE0400CCF8802040F60172C3F80025C3F8009402
:10AE140000F0858194F8E720B149120202F4F85257
:10AE24001143B04AC3F880244FF6FF72C3F80425D7
:10AE34004FF48852C3F88424C3F80414029B0121FC
:10AE440094F8BC2099607B68187D904200F054818E
:10AE5400587D904200F05181997D914200F07287B3
:10AE6400D97D914200F06B87197E914200F0AD8745
:10AE7400597E914200F0A687997E914200F09F8707
:10AE8400D97E914200F0FE87197F914200F0ED8750
:10AE9400597F914200F0E687997F914200F0DF8765
:10AEA400D97F914200F0D88793F82010914201F0A5
:10AEB400498093F82110914201F041808A4994F825
:10AEC400C020187D904200F0A986587D904200F081
:10AED4004287987D904200F00087D87D904200F030
:10AEE400FA86187E904200F08D87587E904200F0DA
:10AEF4008787987E904200F05687D87E904200F073
:10AF0400CA87187F904200F0CA87587F904200F0A9
:10AF1400C487987F904200F09D87D87F904200F0CC
:10AF2400978793F82000904201F0258093F8210040
:10AF3400904201F01E8094F8C420187D904200F0E5
:10AF44002A86587D904200F0C086987D904200F099
:10AF5400C086D87D904200F0BA86187E904200F0F8
:10AF64003B87587E904200F03587987E904200F0EF
:10AF74002F87D87E904200F06387187F904200F0BC
:10AF84007D87587F904200F07787987F904200F049
:10AF94007187D87F904200F06B8793F8200090422D
:10AFA40000F0ED8793F82100904200F0E687D4F892
:10AFB400BC30B82201EB03139B691A60D4F8C0308B
:10AFC40001EB03139B691A604EF2B802D4F8C43043
:10AFD40001EB03139B691A60D4F8C8305A1C3BD0A8
:10AFE4007A68DBB2107D984200F0C187507D9842A8
:10AFF40000F0BB87907D984200F0B587D07D9842E1
:10B0040000F0AF87107E984200F0A187507E9842EE
:10B0140000F0C987907E984200F0C987D07E98429C
:10B0240000F0C387107F984200F0DF87507F98427A
:10B0340000F0D987907F984200F0D387D07F984260
:10B0440000F0CD8792F82000984200F0BA8792F879
:10B054002100984200F0B387BB681968002900F00A
:10B064007C83224A914214D05868191D002800F0AC
:10B07400768390420DD0986803F10801002800F00F
:10B084006E83904205D0D86803F10C01002800F0CB
:10B094006683012384F8D43094F8E9303A68E033C5
:10B0A40002EB8303C4F8DC3094F8EB30A03302EBFA
:10B0B4008302C4F8D820FEF7D2BECDF810C04FF0FA
:10B0C400FF0C84F8E9C0BEF1000F00F0DE86FF2219
:10B0D40091460592844605985FE54FF0020C34E5ED
:10B0E4008300030022220001281E0020B0C2012098
:10B0F4000100C301020083000021194491F83000CB
:10B10400F14901EB0212536918607B68D7E6D64611
:10B114004EE5FF2884F8E8307FF471AD76E5EB4A1C
:10B12400C3F880248AE63B7B039A1A403A7384F876
:10B13400E8006BE54FF0040C022006E5CDE904C0FD
:10B1440002F008085046C5E70222FEF780BF01223C
:10B15400FDF773BD0322FFF779BA0322FFF76BBA39
:10B164000322FFF747BA0322FFF74FBA0322FFF780
:10B17400A3BB0322FFF731BA0322FFF71ABA032253
:10B18400FFF703BA0322FFF7A2BB0322FFF7D7B9E5
:10B194000322FFF7E6B90321FFF761B90321FFF7A3
:10B1A4006CB90321FFF7A7BB0321FFF7BAB9032149
:10B1B400FFF79BB90321FFF7A6B90321FFF787B96E
:10B1C4000321FFF7A6BB0321FFF773B90321FFF7A0
:10B1D40062B90421FFF79DBB0421FFF778B904216C
:10B1E400FFF767B90421FFF756B90321FFF7D0BB76
:10B1F4000427FEF770BF0422FFF712BA0221FFF7FB
:10B20400E5BB012143E40421FFF71DB9012350E408
:10B2140012F0040E92D1B9F1FF0F00F00C86D6465D
:10B2240079E50421FFF761B90421FFF76CB9042122
:10B23400FFF761BB0421FFF774B90421FFF71DB9BF
:10B244000422FFF7E2B90422FFF736BB0422FFF71A
:10B2540088B90422FFF73BBB0422FFF770B904222C
:10B26400FFF7E9B90422FFF790B90422FFF7B5B953
:10B274000422FFF79EB90422FFF7BCB90421FFF7AB
:10B28400EEB80422FEF7D2BE0222FDF7D6BC042299
:10B29400FFF7DCB90322FEF7DABE0522FFF7CBB9CC
:10B2A4000522FFF7D3B90522FEF7C0BE0422FEF73C
:10B2B400CEBE0322FDF7C1BC0522FFF7B1B90521BB
:10B2C400FFF7C1B80521FFF702B90421FFF760BBFE
:10B2D4000527FEF700BF0321FFF778BB0522FFF720
:10B2E40089B90521FFF7BBB80521FFF7C6B80522C8
:10B2F400FFF75FB90522FFF788B90522FFF745B9C3
:10B304000521FFF700B90522FFF719B90522FFF758
:10B31400D3BA0522FFF7DBBA0522FFF722B90521CC
:10B32400FFF7E9BA0521FFF7FCB80521FFF7B3B829
:10B334000521FFF7BEB80521FFF7EBBA0521FFF79A
:10B34400D4B80622FEF772BE0522FEF780BE0422A0
:10B35400FDF773BC0622FFF763B90622FFF776B93F
:10B364000622FFF747B90221FFF791BB0223FFF73B
:10B37400A0BB0621FFF7CDBA0621FFF7B6B8062118
:10B38400FFF7B9BA0621FFF794B80622FFF73DB9D3
:10B394000622FFF722B90622FFF799BA0622FFF721
:10B3A400E0B80622FFF788BA0622FFF7C8B80621DC
:10B3B400FFF7A9B80622FFF7E8B80421FFF706BB98
:10B3C4000621FFF75AB80621FFF749B80627FEF70A
:10B3D40082BE0521FFF7DCBA0621FFF734B8062147
:10B3E400FFF775B80721FFF772B80621FFF7D0BA47
:10B3F4000321FFF74CBB0323FFF75BBB0722FFF7D7
:10B4040025B90722FFF7F6B80721FFF782BA07210B
:10B41400FFF779B80722FFF7B8B80721FFF713B889
:10B424000721FFF71CB80727FEF755BE0722FFF7D1
:10B4340002B90827FEF74FBE0521FFF7C7BA072157
:10B44400FFF71BB80722FFF7E0B80822FEF7EEBDAE
:10B454000522FDF7F2BB0722FFF771B80722FFF7B9
:10B4640080B80722FFF733BA0722FFF725BA07226D
:10B47400FFF79FB80722FFF7B0B80721FFF73BBAE1
:10B484000721FFF716B80721FFF74BB80721FFF78D
:10B4940002B80622FEF7DBBD0722FFF7C1B8072179
:10B4A400FFF723B80821FFF720B80927FEF713BEDA
:10B4B4000621FFF78BBA0721FFF788BA0821FEF7A8
:10B4C400DCBF0822FFF7A1B8281E002000220001DB
:10B4D4000822FFF76EB80822FFF78CB80821FFF79F
:10B4E40020B80821FEF7D7BF0822FFF799B8082132
:10B4F400FEF7DFBF0822FFF770B80821FEF7A3BFED
:10B504000822FFF742B80821FEF7A9BF0822FFF777
:10B51400DEB90822FFF7D0B90821FFF7ECB90821FA
:10B52400FEF7F1BF0822FFF70AB80822FFF719B89F
:10B534000922FEF77BBD0822FEF789BD0622FDF72E
:10B544007CBB0821FFF7E5B90822FFF774B805238F
:10B55400FFF7AFBA0423FFF7ACBA0821FFF718BA14
:10B564000721FFF715BA0822FFF770B80521FFF786
:10B574008EBA0421FFF78BBA0821FEF7A8BF062173
:10B58400FFF785BA0921FEF7B0BF0921FEF75BBFBB
:10B594000922FFF75BB80921FEF799BF0623FFF7DD
:10B5A40088BA0921FFF7F4B9C4F80821002A7FF406
:10B5B4007EA8FFF77CB90822FDF73FBB0A22FEF7FD
:10B5C40035BD0922FEF743BD0922FFF734B809212E
:10B5D400FEF799BF0922FEF7B2BF0921FEF74DBF5E
:10B5E4000922FFF774B90922FEF7BBBF0921FEF750
:10B5F40036BF0921FFF77FB90922FFF75DB9092298
:10B60400FFF703B80922FEF7C0BF0921FEF751BFB7
:10B614000A27FEF760BD0922FEF7DFBF0821FFF706
:10B62400D5B90922FEF7C5BF0921FEF734BF0922A7
:10B63400FEF7F6BF0922FEF7DDBF0921FEF771BF51
:10B644000921FFF766B90A21FEF7FDBE0723FFF7BC
:10B6540030BA0A21FFF79CB90B22FEF7E1BF0A2298
:10B66400FEF7DEBF0922FDF7E8BA0A22FEF7EFBCB7
:10B674000B22FEF7DBBC0A21FFF74BB90B21FFF7C6
:10B6840048B90B22FEF7B6BF0A22FEF7B3BF0B215F
:10B69400FEF747BF0A21FEF744BF0A21FEF709BFA0
:10B6A4000B27FEF718BD0B21FEF7D9BE0A21FEF7C2
:10B6B400D6BE0A22FEF7A9BF0B22FEF766BF0A22F6
:10B6C400FEF763BF0A21FEF7E6BE0B21FEF7E3BED9
:10B6D4000B22FEF734BF0A22FEF731BF0A21FEF720
:10B6E400F6BE0B22FEF765BF0A22FEF762BF0B22ED
:10B6F400FEF773BF0A22FEF734BF0A22FFF7DCB855
:10B704000B21FEF7D6BE0B21FFF7F5B80A21FFF790
:10B71400F2B80B21FEF7F7BE0B21FEF7AEBE0A22EC
:10B72400FFF7D5B80B22FFF7D2B80B22FEF783BF81
:10B734000A22FEF780BF0B22FEF788BF0B22FFF719
:10B74400BBB80921FFF742B90721FFF7A0B90A21C5
:10B75400FEF7CBBE0B21FEF7C8BE1946794ABB7B68
:10B764000A60002B7FF495AC7A68137AD2681033A0
:10B774004BF823207B680121734A1B7A02EB531296
:10B7840003F01F03920001FA03F31360B973D4F8B2
:10B79400E0707EE40C22FEF7E4BE0C21FEF76DBEE1
:10B7A4000D27FEF798BC0C27FEF795BC0C22FEF77C
:10B7B40021BF0C21FEF76FBE0C21FEF788BE0C22C0
:10B7C400FEF70BBF0C21FEF774BE0C22FEF71DBF63
:10B7D4000823FFF76EB90C21FFF7DAB80B21FFF746
:10B7E400D7B80C22FEF7ABBE0C21FFF792B80C21A0
:10B7F400FEF797BE0A22FDF720BA0B22FDF71DBA09
:10B804000C22FEF713BC0B22FEF721BC0A21FFF722
:10B81400DDB80C21FEF777BE0C22FFF758B80C22D6
:10B82400FEF709BF0821FFF732B90C22FEF70EBF5D
:10B834000C22FFF741B80B21FFF7C8B80C22FEF722
:10B84400B8BE0C21FFF757B80C21FEF7FCBD0D2143
:10B85400FEF7F9BD0D21FFF74EB80D21FEF70DBE21
:10B864000D22FEF7BABE0D22FEF7CFBE0923FFF765
:10B8740020B90D21FEF755BE0D21FEF7F0BD0D21B7
:10B88400FEF709BE0D22FEF76CBE0D22FEF7C8BE00
:10B894000D21FFF77DB84FF0020EFFF753BA0D22CA
:10B8A400FEF773BE0D21FEF712BE0D22FFF704B89A
:10B8B4000D21FEF728BE0C22FDF7BFB90D21FEF7BE
:10B8C40014BE0C21FFF782B80D22FEF772BE0D21C3
:10B8D400FFF71FB80D22FEF7FABF0D22FEF7ABBE2D
:10B8E4000921FFF7D4B80A21FFF7D1B80D22FEF7DA
:10B8F400ADBE0D22FEF7ABBB0A23FFF7DAB80B236C
:10B90400FFF7D7B80B21FFF7C2B80D21FFF75EB8D8
:10B914000D23FFF7CEB80C23FFF7CBB80D21FFF7AB
:10B92400B6B80C21FFF7B3B886464FF0080C0320D5
:10B93400019A4CEA020C87F80DC084467046FFF762
:10B9440006BA00BFB0C201204038003800221A44B1
:10B95400D3E900100B6803430B6092F82230FF2BED
:10B9640084F8E6303EF408AFB24F7B6894F8BC200C
:10B97400C4F8E070197D914200F0B380597D914282
:10B9840000F0E980997D914200F0E380D97D9142F5
:10B9940000F0E980197E914200F0E380597E9142E3
:10B9A40000F0F780997E914200F0F180D97E9142B7
:10B9B40000F09F81197F914200F09981597F914253
:10B9C40000F09981997F914200F0E781D97F9142FB
:10B9D40000F0E78193F82010914200F0E08193F8A1
:10B9E4002110914200F0C581FF2194F8C02084F811
:10B9F400E410187D90427FD0587D904200F0A780DB
:10BA0400987D904200F0A180D87D904200F0B380F0
:10BA1400187E904200F0AD80587E904200F0AF80D6
:10BA2400987E904200F0A980D87E904200F07D81FB
:10BA3400187F904200F07781587F904200F0718126
:10BA4400987F904200F0B981D87F904200F08F81B6
:10BA540093F82000904200F0888193F821009042EE
:10BA640000F081814FF0FF0C94F8C42084F8E5C005
:10BA7400187D904200F04882587D90426FD0987DA6
:10BA840090426AD0D87D904271D0187E90426CD09A
:10BA9400587E904279D0987E904274D0D87E90425D
:10BAA40000F02381187F904200F01D81587F90425E
:10BAB40000F01581987F904200F0AC81D87F9042CD
:10BAC40000F0AC8193F82000904200F0A58193F837
:10BAD4002100904200F04F81FF2384F8E630FEF706
:10BAE40049BC00221A44D3E900100B6803430B60DD
:10BAF4007B6892F8221078E700221A44D3E9000CFC
:10BB0400036843EA0C0303607B6892F822C094F84C
:10BB1400C42084F8E5C0187D9042ADD100221A44B7
:10BB2400FF2918BFBCF1FF0FD3E9000E036843EAF5
:10BB34000E03036092F8223084F8E6303EF41AAC27
:10BB4400FF2B7EF4C7AFFEF715BC0222D5E7012216
:10BB5400D3E70222C6E70122C4E70222DFE701227B
:10BB6400DDE70422BEE70322BCE70422D7E7032271
:10BB7400D5E70422C1E70322BFE70622BDE7052279
:10BB8400BBE70122E3E60622C9E70522C7E706224E
:10BB9400A8E70522A6E70020034401EB021293F86C
:10BBA400300053691860FFF702BA00221A44D3E93F
:10BBB40000100B6803430B6092F82230FF2B84F8CB
:10BBC400E5303EF496AB1C4FCFE601221A44D3E98C
:10BBD40000100B6803430B6092F82230FF2B84F8AB
:10BBE400E6303EF4C4AB154FBFE60022EEE7022276
:10BBF4001A44D3E900100B6803430B6092F8223017
:10BC0400FF2B84F8E630DED1FEF7F4BD0122EFE726
:10BC14000022EDE703229AE6022298E60020184467
:10BC240001EB021290F83000536918607B68FFF74B
:10BC340082B900BF08C2012018C20120F8C1012046
:10BC440001221A44D3E900100B6803430B6092F8F5
:10BC54002230FF2B84F8E5307FF486AEFEF70BBB71
:10BC64000022EEE701221A44D3E900100B680343D3
:10BC74000B6092F82230FF2B84F8E7303FF424A8BD
:10BC84003B68D4F8C81002934B1C00F0CD81FC2310
:10BC940006224FF0030E03930223FEF727BF002270
:10BCA400E1E70322CDE70222CBE704228EE7032259
:10BCB4008CE702228AE7062249E6012276E703227C
:10BCC40096E7032272E7022270E7012064E703206B
:10BCD40062E7022060E70320A1E702209FE7092230
:10BCE4001DE70422ADE7082219E7072217E7082217
:10BCF400F8E60722F6E60922F4E602221A44D3E91A
:10BD040000100B6803430B6092F82230FF2B84F879
:10BD1400E5307FF468AFFEF72ABB0122EEE700228C
:10BD2400ECE70922E9E60822E7E60722E5E6052230
:10BD34000DE604220BE605225AE7042258E7032104
:10BD4400FFF7DBB90221FFF7D8B904228BE70322FE
:10BD540089E7022287E7012061E70622CEE7052270
:10BD6400CCE70422CAE70D22C7E60C22C5E60B2263
:10BD7400C3E60D22B6E60D22D1E6052273E70722BB
:10BD840071E706226FE7092232E7082230E707222B
:10BD94002EE706222CE7052253E70A22A2E60C220C
:10BDA400A0E60B229EE6062039E708220EE70722CA
:10BDB4000CE706220AE70322A0E70A229DE60621F1
:10BDC400FFF79BB90521FFF798B90421FFF795B94F
:10BDD4000620E1E60520DFE60420DDE60522F5E69F
:10BDE4000722B4E50922B2E50822B0E50A22AEE54D
:10BDF4000522DBE60422D9E60722D7E60622D5E6A9
:10BE040005200CE704200AE707221AE7062218E7B0
:10BE1400082216E70A2282E60C2280E60B227EE63E
:10BE240086464FF0010C504682E50B2209E70A22B0
:10BE340007E7092205E786464FF0040C022077E560
:10BE44000720A9E60B2282E50D2280E50C227EE57F
:10BE54000B20E4E60A20E2E60B21FFF74EB90A21A3
:10BE6400FFF74BB90921FFF748B90821FFF745B996
:10BE74000B2091E60A208FE609208DE608208BE648
:10BE84000922A3E60721FFF738B94FF0FF0E4FF060
:10BE9400040C02204CE50720C1E60920BFE6082077
:10BEA400BDE60C2292E60B2290E60A228EE60D22D3
:10BEB4009EE60C229CE6092278E6082276E60C220D
:10BEC40074E60B2272E60A2270E64FF0020C4FF081
:10BED400040EFEF737BF86464FF0020C012027E51B
:10BEE4000D22AEE60C22ACE60B2281E60A227FE6A6
:10BEF4000C22B8E60B22B6E60A22B4E60922B2E620
:10BF04000822B0E60722F9E6D3E900100A680243E2
:10BF14000A6093F8223084F8E630FEF72BBA0B223D
:10BF2400ECE60A22EAE60922E8E60822E6E60D2221
:10BF340099E60D22E2E60C22E0E60D2236E60D211A
:10BF4400FFF7DBB80C21FFF7D8B80D223EE604203A
:10BF540001EB031113184A6993F830301360FFF7AB
:10BF64007BB80320F4E70220F2E70120F0E7002089
:10BF7400EEE70D2053E60C2051E60D200CE60C20D4
:10BF84000AE60222FEF76DBB0122FEF76ABB062217
:10BF9400FEF767BB0522FEF764BB0422FEF761BB14
:10BFA4000322FEF75EBB0520D2E70720D0E7062078
:10BFB400CEE70D22FEF755BB0C22FEF752BB0D2037
:10BFC400C6E70C20C4E70B22FEF74BBB0A22FEF7A0
:10BFD40048BB0922FEF745BB0822FEF742BB0B20F3
:10BFE400B6E70A20B4E70920B2E70820B0E74FF02B
:10BFF400030C4FF0080EFEF7A5BEFF2884F8E830C6
:10C004007EF404AEFEF706BED2E900100B680343CB
:10C014000B6092F8223084F8E630FEF7EEB88646DC
:10C024004FF0020C504683E40123FE2002229E4678
:10C034000390FEF75BBD00231B68FFDE437D2DE903
:10C04400F04F044687B0DFF800B3002B00F02881DE
:10C05400237D002B00F04881227C637CB749C3F127
:10C06400FF0300274FF01F09C1F8C83A4FF03F08FB
:10C07400E36881F8DC2A01221B6881F8D42A186855
:10C0840003689B699847E36805461B68586803681A
:10C094009B699847E36802901B68986803689B69EA
:10C0A40098470390002429E0BBF87A000CFB003386
:10C0B400DBF8880003EB4303C654034483F801A070
:10C0C4009A70C4F13F00814215DDBBF884104346E9
:10C0D400884510DA9BF87810002944D1BBF87A100F
:10C0E40001FB0303DBF8881003EB4303CE540B443A
:10C0F40083F801A09A700134402C6BD039192B6855
:10C10400284689B21B69019198472B680246019918
:10C114001B692846167898472B68024601992846D9
:10C124001B6992F801A09847BBF8821023468278D5
:10C134008C42C6DABBF88400CC468145C1DA9BF850
:10C1440078000028B0D002281AD00128BBF87A0061
:10C154003AD0BBF87CC04B460CF1FF3CACEB040C72
:10C164000FFA8CFCA2E7022918D0012924D0BBF8CD
:10C174007C30BBF87A10013B1B1A40461BB2AFE778
:10C18400BBF87A00BBF87CC0431E0CF1FF3C1B1BC0
:10C19400ACEB090C1BB20FFA8CFC87E7BBF87A10E6
:10C1A400BBF87C3001F1FF3C013BACEB0000A3EB9E
:10C1B400080300B21BB293E7BBF87A100346481E8B
:10C1C400A0EB080000B28BE7431EA446A3EB0903CF
:10C1D4001BB26BE708F1FF38403709F1FF39B8F1BA
:10C1E4001F0FBFB27FF45EAF9BF8AE3003F0FF05C4
:10C1F400002BF9D10123DDE902678BF8AE30ACB234
:10C204003368304621461B69984733680246214605
:10C214001B69304692F800809847336802462146ED
:10C2240030461B6992F8019098473B682146827812
:10C2340038461B698DF814808DF815908DF81620FA
:10C2440098473B68024621461B69384692F800909D
:10C2540098473B680246214638461B6992F801809C
:10C264009847034605A928B28DF810909B780135AC
:10C274008DF811808DF812301AF0A4F904F15800E9
:10C2840004A900B21AF09EF9582DB8D19BF86E306B
:10C29400002BFBD101238BF86E3007B0BDE8F08F83
:10C2A40001210BF58872417552E8003FDBF8143127
:10C2B400DBF8180142E80015002DF5D1204A526838
:10C2C4004FF47A71121A01FB03F3DBF81C11A2FB81
:10C2D4000121B1F57A7F94BF5B1803F57A73A360EB
:10C2E400237D002B7FF4B8AE164A012552E8003FA7
:10C2F400DBF81431DBF8180142E800510029F5D1CC
:10C304000F494968091ADBF81C01A1FB00104FF41E
:10C314007A7101FB03F3884294BF1B185B18D4E9BC
:10C3240001100144994211D8237D002B7FF494AE6F
:10C33400A27CE37C2575227463748FE600B101202E
:10C34400001000E008C30120F8C10120012152E8D7
:10C35400003FDBF81431DBF8180142E80015002D2A
:10C36400F5D121494968091A4FF47A7000FB03F3A7
:10C37400DBF81C01A1FB0010A1685B1AA17CB0F5DD
:10C384007A7F94BF1B1803F57A73012001FB03F332
:10C394006168B3FBF1F3237452E8003FDBF8143116
:10C3A400DBF8181142E80005002DF5D10E4A526859
:10C3B400521A4FF47A71E07C01FB03F3A1685B1A13
:10C3C400DBF81C11A2FB01216268B1F57A7F94BFEE
:10C3D4005B1803F57A7300FB03F3B3FBF2F3DBB2F0
:10C3E400227C63743AE600BF001000E02DE9F041BE
:10C3F400B24CB34B94F8ED601F6DD3F8CC5A26B110
:10C40400022E40F0A280BDE8F081082024F08AFAD0
:10C4140080461BF06BF90820C4F8F48024F082FAFB
:10C4240080461BF063F9D4F8E00004F11003C4F86B
:10C43400F880984209D004F12003984200F0658105
:10C44400A04214BF4FF0FF36022698F804204FF0A4
:10C45400000C9C4B9A76D4F8D810D8F80030B1F17F
:10C46400804F1960A3F804C083F807C080F00881E6
:10C4740001219960998B89B241F0080199830021C7
:10C48400D96094F8EBC0BCF1030F00F20981416854
:10C49400614491F810C00CF07F0C4CF0004C11B2C8
:10C4A400DFF82CE24FF000084EF821804EF821C04E
:10C4B400854901EB52118900002E00F0D08002F072
:10C4C4001F0C01261032DFF828E206FA0CF6DFF81A
:10C4D40018C24CF822E07D4A0E60C4F824219A8BDD
:10C4E400D4F8DC1092B2774EB1F1804F42F00202E0
:10C4F4009A83D4F8F4301A79B2764FF000061B68A8
:10C5040019619E829E7101D3996809B901219960CC
:10C51400998B89B241F0080199830021996194F8BB
:10C52400E930032B00F2BF8041680B44197C01F011
:10C534007F0141F0004113B20020654A42F8230014
:10C5440042F82310012384F8ED30EFF3108272B621
:10C55400604B93F83D1051B193F83C10012900F061
:10C564009480032900F0A180002183F83D1002B9D2
:10C5740062B6D4F8F4604FF432700021336800FBE3
:10C584000757C4F8F0109971002F54D0524DD97147
:10C59400D960AF424FF001011F60D8839980D882DF
:10C5A40099600FD927F01F033A18BFF34F8F4FF04C
:10C5B400E021C1F8683F20339A42FAD8BFF34F8F85
:10C5C400BFF36F8FD4F8F810002244480B68B0F121
:10C5D400804FDA7118619A829A7129D39A683AB3B2
:10C5E4000A680020D18B98610B0403D44FF4327392
:10C5F400D383D3823A4BC4F8FC300EF0E1F9D4F87B
:10C60400E01094F8EA20096894F8EC30D4F8F800C3
:10C6140013430A6B13432B4A0B630221D4F8F430FF
:10C624000079D0761B7984F8ED10D376BDE8F081DB
:10C6340001229A60D4E72B499F80B1F1804FDF71CA
:10C6440019602AD39A6842B332680020D18BD8602B
:10C654000904B7D44FF43273D383D382B2E702F020
:10C664001F0E012602F1100C1F4A06FA0EF6DFF81F
:10C6740084E042F82CE0154A0E60C4F820212EE72D
:10C68400996800297FF4F6AEF2E6D3E90D0100299A
:10C6940038D0486198B3816166E701229A60D3E794
:10C6A400DFF848C0FBE6114945E7D3E90D0119B3AA
:10C6B40048610028EFD1C4F80C1155E7F8C10120F6
:10C6C40000B1012000800E4040380038B0C2012083
:10C6D40000C00E40384A0020FFFF1F2024C3012061
:10C6E400584A0020C4C20120005400207F0000806A
:10C6F4007547010069460100C4F80801D9E7C4F888
:10C70400041131E7C4F80001C4E701269DE600BF27
:10C71400F8B5244B42F2901442F2903500F50052E1
:10C7240003F120010646044405440360C2F8901155
:10C7340054F8040F08B124F0FDF8AC42F8D141F6E6
:10C74400105441F6107506F58057174B34443544A0
:10C75400C7F8103D54F8040F08B124F0EBF8AC42CC
:10C76400F8D141F6940441F69425104B34443544F1
:10C77400C7F8943854F8040F08B124F0DBF8AC423D
:10C78400F8D1D6F8240A08B124F0D4F8D6F8280A47
:10C7940008B124F0CFF8306908B124F0CBF8304662
:10C7A400F8BD00BFC0200020F42000200821002094
:10C7B4001C4A836A02605BB3016990F8302001313E
:10C7C40027D0FF2A03D0FC22197B0A401A7390F861
:10C7D4003120FF2A03D05A7B22F001025A7390F8C9
:10C7E4003320FF2A03D05A7B22F001025A739B683C
:10C7F4001A68904212D05A68191D90420DD09A6856
:10C8040003F10801904208D0DA680C33904205D055
:10C814007047FF2ADBD0FE22D6E70B4600221A60BF
:10C82400704700BF1C210020B7EE007AD0ED157AC6
:10C8340006490022064B77EEC77A8164826343641B
:10C84400C0ED157AC0ED0D7A704700BF0000B44208
:10C854000000C04270B5B0F8BC5F3B2D11D88DB15B
:10C8640005F1FF3C00F644741FFA8CFC04EB4C0405
:10C8740000F6427C01E0A44504D03CF802EF964562
:10C88400F9D170BD07EE903AF7EE006A00EB85032C
:10C8940005F1010EF8EEE77A05EB450403F6285698
:10C8A4004FF0000C00EB840486EEA77A86ED000AB4
:10C8B40003F6186604F5F16400EB4505C6ED000ABD
:10C8C400C3F8581A03F6483103F63843C1F800C0D8
:10C8D400C3F800C0A5F8442F84ED007AA0F8BCEF9B
:10C8E40070BD00BF10B4B0F8BC4F94B100F64272F2
:10C8F400002304E001331FFA83FC644509D932F8AC
:10C9040002CF8C45F6D103F2D22300EB830080EDF5
:10C91400000A5DF8044B704710B5B0F8BC4F7CB109
:10C9240000F6427C002304E001331FFA83FE7445C1
:10C9340006D93CF802EF8E45F6D1184480F8082F4A
:10C9440010BD00BF70B5B0F84455132D11D88DB18A
:10C9540005F1FF3C00F21C541FFA8CFC04EB4C0460
:10C9640000F21A5C01E0A44504D03CF802EF9645BD
:10C97400F9D170BD07EE903AF7EE006A00EB85033B
:10C984004FF0000CF8EEE77A05EB450403F58D66ED
:10C9940005F1010E00EB840486EEA77A86ED000A09
:10C9A40003F5976600EB450503F58363C6ED000ABE
:10C9B40043F8A01C43F850CCC3F800C0A5F81C25CC
:10C9C40084EDA27AA0F844E570BD00BF10B4B0F8BD
:10C9D400444584B100F21A52002304E001331FFAE3
:10C9E40083FC644507D932F802CF8C45F6D100EBBD
:10C9F400830080EDF20A5DF8044B704790F86C20D8
:10CA0400092A00F28280D0ED187A034690ED177A55
:10CA1400F4EEE07A70B5F1EE10FA77D593ED1A7A68
:10CA2400002A7DD0B4EEC07AF1EE10FA7DD4D3EDB5
:10CA3400036AB4EEE60AF1EE10FA00F1F880012A76
:10CA44004DD0D3ED056AB4EEE60AF1EE10FA00F12A
:10CA54008380022A43D0D3ED076AB4EEE60AF1EEEE
:10CA640010FA00F1E780032A39D0D3ED096AB4EE55
:10CA7400E60AF1EE10FA00F1E080042A2FD0D3ED9B
:10CA84000B6AB4EEE60AF1EE10FA00F1D980052A39
:10CA940025D0D3ED0D6AB4EEE60AF1EE10FA00F1FA
:10CAA400D280062A1BD0D3ED0F6AB4EEE60AF1EE6B
:10CAB40010FA00F1CB80072A11D0D3ED116AB4EE3D
:10CAC400E60AF1EE10FA00F1C480092A07D1D3ED89
:10CAD400136AB4EEE60AF1EE10FA00F19E80D3ED8B
:10CAE400197A0132F4EE407A83F86C20F1EE10FAF0
:10CAF400B4EEC70A70FE277AC3ED197AF1EE10FA84
:10CB040030FE070A83ED1A0A70BD7047B4EEE07A6E
:10CB1400F1EE10FA77FE207A93ED1A7A002A81D189
:10CB240083ED030AC3ED047AD9E703EBC2010132B2
:10CB340081ED030AC1ED047AD3ED197A83F86C20F0
:10CB4400B4EE670A83ED1A0AF1EE10FA48BFF0EE6C
:10CB5400407AC3ED197A70BD4FF0010C03EBCC0E93
:10CB64000CF101055FFA8CF47146AA420EF1140E21
:10CB740001F10C0103C98EE8030047D9A61C03EB9D
:10CB8400CC05F6B21C359EE80300B24285E80300EA
:10CB94003CD9E61C03EBCC0EF6B20EF1240EB242E5
:10CBA4008EE8030032D9261D03EBCC05F6B22C35F2
:10CBB400B24285E8030029D9661D03EBCC0EF6B218
:10CBC4000EF1340EB2428EE803001FD9A61D03EB0A
:10CBD400CC05F6B23C35B24285E8030016D9E61D11
:10CBE40003EBCC0EF6B20EF1440EB2428EE8030013
:10CBF4000CD9083403EBCC05E4B24C35A24285E8E9
:10CC0400030003D903F1540484E8030003EBCC0CC0
:10CC14008CED030ACCED047A61E703F14C0103F1D6
:10CC240054044FF0080C03C984E80300EEE74FF006
:10CC3400000C93E74FF0020C90E74FF0030C8DE7E4
:10CC44004FF0040C8AE74FF0050C87E74FF0060C11
:10CC540084E703F1440103F14C04082A03C984E87E
:10CC6400030008D903F154054FF0070C94E80300BE
:10CC7400C5E90001CAE74FF0070CC7E710B59FEDFF
:10CC8400246A041DF0EE460A2046B0EE460AFFF779
:10CC9400B5FE2046B0EE060AFFF7B0FE2046B0EE21
:10CCA400080AF7EE000AFFF7A9FEF0EE460A20464E
:10CCB400B0EE0A0AFFF7A2FE20469FED160AFFF720
:10CCC4009DFE2046B2EE040AF7EE000AFFF796FE38
:10CCD400F0EE460A20469FED100AFFF78FFE20462D
:10CCE4009FED0E0AFFF78AFE2046B2EE060AF7EE23
:10CCF400000AFFF783FE20469FED090AF0EE460A7C
:10CD0400FFF77CFE2046B2EE0E0ABDE8104075E641
:10CD14000000000000001C410000244100002C41E0
:10CD24000000344110B4B0F8BC4FB4B100F6427204
:10CD3400002304E001331FFA83FC64450DD932F863
:10CD440002CF8C45F6D1B1EE400A00EB4312F1EE6E
:10CD5400600A82ED040AC2ED080A5DF8044B7047CC
:10CD640010B4B0F8BC4FACB100F64272002304E03A
:10CD740001331FFA83FC64450CD932F802CF8C4589
:10CD8400F6D103F296235DF8044B50F8233093ED6B
:10CD9400000A70479FED020A5DF8044B704700BF1C
:10CDA4000000000010B4B0F8BC4FACB100F6427201
:10CDB400002304E001331FFA83FC64450CD932F8E4
:10CDC40002CF8C45F6D103F286335DF8044B00EBB9
:10CDD400830090ED000A70479FED020A5DF8044B52
:10CDE400704700BF00000000B0F8BC3F73B1013BC6
:10CDF40000F6582100F654209BB201EB8301043065
:10CE0400D0F8D022036888421A60F8D1704700BF76
:10CE14002DE9F04FDFEDAB7A80462DED048B89B020
:10CE240091F8B870DDF858A0CDED057ACDED067A0D
:10CE3400CDED077A002F00F0F7830E4691469B460E
:10CE44009FEDA18ADFEDA18A00249FEDA19A06EB54
:10CE54008405D5ED1A7AF4EEC87AF1EE10FA1DDDE8
:10CE640033191B790C2B19D8DFE813F098035503F9
:10CE74001003CD028A024002EA0195013401C50083
:10CE8400840050000D00A9695B464A4604A80D6859
:10CE9400CDF800A02D68A84796F8B870394601343B
:10CEA4008C42D4DBDDED057A9FED887AF4EEC77A07
:10CEB400F1EE10FA40F3AD839DED067AFF27DDED28
:10CEC400077ADFED826AB4EEE67AF1EE10FA40F307
:10CED4009983FF229FED7D7AF4EEC77AF1EE10FA82
:10CEE40007DCF5EEC07AF1EE10FA40F184830023FA
:10CEF40000E0FF23404688F8007088F8012088F895
:10CF0400023009B0BDEC048BBDE8F08FA9695B4623
:10CF14004A4604A80F68CDF800A03F68B8479DF8BA
:10CF240010309DF81120802B9DF81210B4D9802A5E
:10CF3400B2D98029B0D906EE901A07EE903A07EEDE
:10CF4400102A95ED1A6AF8EE677A96F8B840B8EEAA
:10CF5400477AF8EE666A274667EE867A214627EE18
:10CF6400067A66EE866ACDED057A8DED067ACDED0C
:10CF7400076A94E7A9695B464A4604A80F68CDF896
:10CF840000A03F68B847F7EE007A95ED1A6ADDED28
:10CF9400055A77EEC67ADDED066A9DED077A9DF8AF
:10CFA400103067EEA66A96F8B87027EE877A67EEB7
:10CFB400A57A05EE903A9DF811303946F8EE655A97
:10CFC400E5EE867A05EE903A9DF81230F8EE655A51
:10CFD400CDED057AF0EE667A06EE903AE5EE867AC5
:10CFE400F8EE666ACDED067AF0EE477AE6EE867ADA
:10CFF400CDED077A53E7A9695B464A4604A80F6852
:10D00400CDF800A03F68B847F7EE007AD5ED1A6A6C
:10D01400B0EE004A9DED055AF0EE681A77EEE67A16
:10D02400DDED065A9DED076A25EE052A9DF81030C0
:10D0340065EEA52A65EEA73A96F8B87066EE274A1B
:10D0440025EE277A07EE903A9DF8113026EE063A3F
:10D05400F8EEE77A3946E7EEC41A67EE857A77EE9A
:10D06400A77AE1EE827AA7EEA67A07EE903A9DF8C7
:10D074001230F8EEE77A8DED057AB0EE687AA7EE15
:10D08400C47A67EEA57A77EEA77AE7EE227AB0EE55
:10D09400637AA7EEA67A07EE903AF8EEE77A8DED7A
:10D0A400067AB0EE687AA7EEC47A67EE867A77EEEF
:10D0B400A77AE7EE037AB0EE647AA7EEA67A8DED4E
:10D0C400077AECE600000000CDCCCC3C00007F43A6
:10D0D40000000043A9695B464A4604A80F68CDF8DE
:10D0E40000A03F68B847DDED057A9DF81010F4EE16
:10D0F400C97A9DF8112007EE101A9DF81230F1EE4E
:10D1040010FAB8EEC77A00F1988278EEE76A38EE42
:10D11400C77AB0EE685A76EEA66AA6EEC75ADDED77
:10D12400066A07EE102AF4EEC96AB8EEC77AF1EE81
:10D1340010FA40F1928236EEA64A24EE074A9DED9B
:10D14400077A06EE103AB4EEC97AB8EEC66AF1EE82
:10D1540010FA40F1778277EE074A64EE864AB7EE1A
:10D16400006AD5ED1A5A96F8B87036EE656A3946F3
:10D1740066EE866A27EE067A67EE867AE5EE846ABC
:10D18400A5EEA47AE5EE857ACDED066A8DED077AF3
:10D19400CDED057A83E6A9695B464A4604A80F6883
:10D1A400CDF800A03F68B847B7EE006AD5ED1A5A2B
:10D1B400B0EE684ADDED056A36EE656A9DED067AE5
:10D1C400DDED077A78EEE63A9DF8103078EEC74A3E
:10D1D40038EEE75A96F8B87027EE067A67EE867A44
:10D1E400394666EE866A06EE103A9DF81130B8EEBE
:10D1F400C66A38EEC66AA3EEC64AB0EE686AE4EEC2
:10D20400256ACDED056A06EE903A9DF81230F8EEE7
:10D21400E66A78EEE66AA4EEE66AF0EE686AA6EEDE
:10D22400257A8DED067A07EE103AB8EEC77A38EE15
:10D23400C77AE5EE476AE6EEA57ACDED077A2EE6E3
:10D24400A9695B464A4604A80F68CDF800A03F6868
:10D25400B8479DF810309DED054AF7EE007A07EEC9
:10D26400103AD5ED1A6ADDED064AB8EE477ADDEDDF
:10D27400075A77EEE67A9DF81130B4EE447A27EE39
:10D28400A45A27EEA56AF1EE10FA67EE847A48BF35
:10D29400B0EE447AE6EE877AB0EE457ACDED057AC3
:10D2A40007EE903A9DF81230F8EE677AF4EE647A5D
:10D2B400F1EE10FA48BFF0EE647AA6EEA77A07EE14
:10D2C400903AF8EE677AF4EE657A8DED067AF1EE2F
:10D2D40010FA48BFF0EE657AB0EE467A96F8B87068
:10D2E4003946A6EEA77A8DED077AD8E5A9695B469B
:10D2F4004A4604A80F68CDF800A03F68B8479DF8D7
:10D304001030F7EE007A9DED054A07EE103AD5EDA0
:10D314001A6ADDED064AB8EE477ADDED075A77EE74
:10D32400E67A9DF81130B4EE447A27EEA45A27EE3B
:10D33400A56AF1EE10FA67EE847A34FE077AE6EE17
:10D34400877AB0EE457ACDED057A07EE903A9DF8EE
:10D354001230F8EE677AF4EE647AF1EE10FA74FEA5
:10D36400A77AA6EEA77A07EE903AF8EE677AF4EE7B
:10D37400657A8DED067AF1EE10FA75FEA77AABE7C1
:10D38400A9695B464A4604A80F68CDF800A03F6827
:10D39400B8479DF810309DED054AF7EE007A05EE8A
:10D3A400903A95ED1A7A9DF81130F8EEE55ADDEDD4
:10D3B400064A77EEC77A9DED075A96F8B870C4EE20
:10D3C400253A394624EE276A67EEA46A67EE857A21
:10D3D400A3EE876A8DED056A06EE103A9DF81230C9
:10D3E400B8EEC66AC4EE865AE7EE256ACDED066A43
:10D3F40006EE903AF8EEE66A85EE266AE7EE067ADD
:10D40400CDED077A4BE5A9695B464A4604A80F6847
:10D41400CDF800A03F68B8479DF81030F7EE007AC9
:10D42400D5ED1A6A07EE103A9DED054A9DF81130C4
:10D4340077EEE67ADDED064AB8EEC77A9DED075A37
:10D4440096F8B87064EE275A27EE047A394627EE28
:10D45400A46A67EE857AE7EE265A07EE103A9DF83D
:10D464001230B8EEC77A27EE247ACDED055AA6EE2F
:10D47400876A07EE103AB8EEC77A27EE057A8DED83
:10D48400066AE6EE877ACDED077A08E5A9695B4678
:10D494004A4604A80F68CDF800A03F68B8479DF835
:10D4A4001030F7EE007AD5ED1A6A04EE103ADDED8D
:10D4B400055A9DF8113077EEE67A9DED066AB8EECE
:10D4C400C44A9DED077A96F8B87065EEA74A75EEE2
:10D4D400C45A394627EE865A67EE877AE5EEA64A9D
:10D4E40005EE903A9DF81230F8EEE55A36EE656A8C
:10D4F400F0EE455ACDED054AE6EE865A06EE103AB0
:10D50400B8EEC66A37EE467ACDED065AE6EE877A6D
:10D51400CDED077AC3E4A9695B464A4604A80F68BF
:10D52400CDF800A03F68B8479DF81030F7EE007AB8
:10D53400D5ED1A6A07EE103A9DED054A9DF81130B3
:10D5440077EEE67ADDED064AB8EEC77A9DED075A26
:10D5540096F8B87064EE275A37EE047A394627EE07
:10D56400A46A67EE857AE7EE265A07EE103A9DF82C
:10D574001230B8EEC77A37EE247ACDED055AA6EE0E
:10D58400876A07EE103AB8EEC77A37EE057A8DED62
:10D59400066AE6EE877ACDED077A80E4A9695B46F0
:10D5A4004A4604A80F68CDF800A03F68B8479DF824
:10D5B400103095ED1A7A07EE903A9DF8113096F8EE
:10D5C400B870F8EE677A394667EE877ACDED057A5A
:10D5D40007EE903A9DF81230F8EE677A67EE877A94
:10D5E400CDED067A07EE903AF8EE677A67EE877A21
:10D5F400CDED077A53E4FCEEE77ACDED037A9DF89E
:10D604000C3077E4B5EEC07AF1EE10FA0ED50022B4
:10D6140060E4F5EEC07AF1EE10FA29D59DED067AB4
:10D624000027DDED077A4CE4B0EE677ABCEEC77AEA
:10D634008DED037A9DF80C204CE437EEA75A25EEC5
:10D64400075A6CE578EEC75A38EEC66AF0EE684AB7
:10D6540075EEA55AE5EEC64A81E538EEE66A38EE7F
:10D66400C77AB0EE684A36EE066AA6EE474A66E521
:10D67400FCEEE77A9DED067ACDED037ADDED077ACF
:10D684009DF80C701DE400BF30B583B0044601F270
:10D694004C51069D0095FFF7BBFB204603B030BDFF
:10D6A40010B4B0F84445B4B100F21A52002304E0B7
:10D6B40001331FFA83FC64450DD932F802CF8C453F
:10D6C400F6D1B1EE400A00EB4312F1EE600A82EDAE
:10D6D400040AC2ED080A5DF8044B704710B4B0F8B0
:10D6E4004445A4B100F21A52002304E001331FFAA6
:10D6F40083FC64450BD932F802CF8C45F6D1DE3376
:10D704005DF8044B50F8233093ED000A70479FED09
:10D71400020A5DF8044B70470000000010B4B0F832
:10D724004445ACB100F21A52002304E001331FFA5D
:10D7340083FC64450CD932F802CF8C45F6D103F54D
:10D7440097735DF8044B00EB830090ED000A70477B
:10D754009FED020A5DF8044B704700BF0000000013
:10D7640010B5B0F844457CB100F21A5C002304E023
:10D7740001331FFA83FE744506D93CF802EF8E4547
:10D78400F6D1184480F8082510BD00BFB0F8443520
:10D7940073B1013B00F55E7100F55D709BB201EB66
:10D7A40083010430D0F8F020036888421A60F8D16D
:10D7B400704700BFD2ED006A92ED017A91ED024A02
:10D7C400D1ED037A24EE264AD1ED093A67EE877A41
:10D7D400D1ED076A2DE9F04134EE277A8EB037EEA9
:10D7E400237A27EE267A77EE045AFDEEE56AB8EE40
:10D7F400E66AF4EEC65AF1EE10FA06D516EE903A41
:10D80400013B06EE903AB8EEE66A77EE276ABDEE83
:10D81400C66AFDEEE65A16EE104AB8EEE56AF4EE74
:10D82400C66AF1EE10FA06D515EE903A013B05EE04
:10D83400903AB8EEE56A33EE877AFDEEC66ABDEE3D
:10D84400C76A16EE905AF8EEC66AB4EEE67AF1EEBE
:10D8540010FA06D516EE103A013B06EE103AF8EE31
:10D86400C66ABDEEE67A631906EE904A91ED086A3F
:10D8740017EE10CAB8EEC75AF8EEE65A06EE905AFA
:10D884006344F8EEE66A07EE103AB8EEC77AE7EEBC
:10D89400465AE7EE466AA7EE465A34EE654A77EEF4
:10D8A400E67A73EEC53AB4EEE74AF1EE10FAF4EE16
:10D8B400E37A1FDBF1EE10FAC0F20081B7EE005AF2
:10D8C4004FF0000E0127F0EE632AF0EE630AF046F3
:10D8D40034EE450A764637EEC53A3B46F0EE676AC3
:10D8E4003A4633EEC55AF0EE435AF0EE404AB0EEF3
:10D8F400402A1EE0F1EE10FA40F1BE80F7EE004A35
:10D904004FF0010E0023B0EE442AF0EE676A77462A
:10D9140073EEE40AF04637EEE43A1E46B0EE440AEB
:10D924001A4674EE644AB0EE605AF0EE435AF0EED2
:10D93400602A9FEDBF7A5FFA8CFC8844EDB2A4EEB6
:10D94400447A8E44E0440E44E6440F4498F8B88286
:10D954002E44E4B20A4446449EF8B882A7EEE77A1D
:10D9640007EB050E96F8B8622244C6440B443244D1
:10D974008C449EF8B86223440D440C44A3EEE37A2D
:10D98400334492F8B864B0EE001A93F8B824F0EE79
:10D99400081A9CF8B93236EE000AA6EE012A2B4486
:10D9A400A6EE013AB5EEC07A93F8B932E6EE012A52
:10D9B400E6EE214AF1EE10FA2344E6EE215AA6EEF1
:10D9C400215A93F8B93476EE266A76EE200A40F1AD
:10D9D400DB809FED986ADFED967AE0EE407AE6EE22
:10D9E400E67AE0EEE07AF5EEC07AF1EE10FA40F174
:10D9F400B480DFED906ADFED8E7AE2EE427AE3EEF8
:10DA0400437AE2EEE27AF5EEC07AF1EE10FA40F1F2
:10DA14008D809FED887ADFED867AE4EEE47AE5EE98
:10DA2400E57AE5EE457AF5EEC07AF1EE10FA66D5C0
:10DA3400DFED807A76EE266A9FED7F6A49680022E0
:10DA44000BAD039036EE877A0C6808AB246877EE4A
:10DA5400277A06920792089267EE867A09920A92CA
:10DA64000B920C920D9205AA0095CDED057AA04774
:10DA740003980EB0BDE8F081B4EEE34AF1EE10FA7B
:10DA840040F1B980F7EE004A4FF0010E0023B0EEEA
:10DA9400442AF0EE630A774677EEE46A764673EE3C
:10DAA400E42A9846B0EE440A1A4674EE644AB0EE8C
:10DAB400625AF0EE665AB0EE663A3AE7B4EEE34ADA
:10DAC400F7EE005AB0EE673AF1EE10FA7BDB34EE73
:10DAD400650A4FF0010E73EEE52A0027F0EE630AA3
:10DAE4007346F0EE676A724677EEE55AB846B0EED2
:10DAF400625A3E46F0EE404AB0EE402A19E703EB84
:10DB0400430367EEA77A01EB830367EEA77A93EDED
:10DB14000B3AD3ED0A3A65EE835A93ED0C4AE4EEE0
:10DB2400A35AE5EE045A67EEA57A83E702EB4202B4
:10DB340067EEA77A01EB820267EEA77AD2ED0B3A81
:10DB440092ED0A4A23EE233A92ED0C7AA2EE043ABD
:10DB5400A2EE873A27EE837A5DE706EB460467EE8A
:10DB6400A77A01EB840467EEA77AD4ED0B3A94ED1F
:10DB74000A4A66EEA36A94ED0C7AE0EE046AE0EEDB
:10DB8400876A67EEA66A36E79CF8B87227EE077ACA
:10DB94003D4427EE077A95F8B8522C4494F8B844DB
:10DBA40004EB440401EB840494ED0B1AD4ED0A1A3B
:10DBB40067EE817A94ED0C6AE4EE217AE3EE867ADC
:10DBC40027EE276A07E773EEE50A4FF0010E34EEFD
:10DBD400652A0027F0EE676A7346B0EE440AF04601
:10DBE40077EEE55A3E46B0EE605A3A46F0EE424AC7
:10DBF400F0EE602A9DE6B7EE005A4FF0000E0127C2
:10DC0400F0EE632AF0EE630AF04677EEC56A7246D8
:10DC140034EE452A3B46B0EE440A3E4633EEC55A3E
:10DC2400F0EE665AF0EE424AB0EE663A81E600BF84
:10DC34009A99193F0000000000000042D2ED006AEA
:10DC440092ED017A91ED024AD1ED037A24EE264A4F
:10DC5400D1ED093A67EE877AD1ED076A2DE9F041F3
:10DC640034EE277A8EB037EE237A27EE267A77EED3
:10DC7400045AFDEEE56AB8EEE66AF4EEC65AF1EE31
:10DC840010FA06D516EE903A013B06EE903AB8EE3D
:10DC9400E66A77EE276ABDEEC66AFDEEE65A16EE30
:10DCA400104AB8EEE56AF4EEC66AF1EE10FA06D54B
:10DCB40015EE903A013B05EE903AB8EEE56A33EE84
:10DCC400877AFDEEC66ABDEEC76A16EE905AF8EE84
:10DCD400C66AB4EEE67AF1EE10FA06D516EE103AFC
:10DCE400013B06EE103AF8EEC66ABDEEE67A631919
:10DCF40006EE904A91ED086A17EE10CAB8EEC75ABC
:10DD0400F8EEE65A06EE905A6344F8EEE66A07EE39
:10DD1400103AB8EEC77AE7EE465AE7EE466AA7EE3F
:10DD2400465A34EE654A77EEE67A73EEC53AB4EEB7
:10DD3400E74AF1EE10FAF4EEE37A1FDBF1EE10FAA3
:10DD4400C0F20081B7EE005A4FF0000E0127F0EE4A
:10DD5400632AF0EE630AF04634EE450A764637EE5F
:10DD6400C53A3B46F0EE676A3A4633EEC55AF0EEE2
:10DD7400435AF0EE404AB0EE402A1EE0F1EE10FAAB
:10DD840040F1BE80F7EE004A4FF0010E0023B0EEE2
:10DD9400442AF0EE676A774673EEE40AF04637EEFB
:10DDA400E43A1E46B0EE440A1A4674EE644AB0EEF3
:10DDB400605AF0EE435AF0EE602A9FEDBF7A5FFAA4
:10DDC4008CFC8844EDB2A4EE447A8E44E0440E44C4
:10DDD400E6440F4498F8B8822E44E4B20A44464418
:10DDE4009EF8B882A7EEE77A07EB050E96F8B862BC
:10DDF4002244C6440B4432448C449EF8B862234403
:10DE04000D440C44A3EEE37A334492F8B864B0EEC4
:10DE1400001A93F8B824F0EE081A9CF8B93236EEDA
:10DE2400000AA6EE012A2B44A6EE013AB5EEC07A0A
:10DE340093F8B932E6EE012AE6EE214AF1EE10FA41
:10DE44002344E6EE215AA6EE215A93F8B93476EE2D
:10DE5400266A76EE200A40F1DB809FED986ADFEDBA
:10DE6400967AE0EE407AE6EEE67AE0EEE07AF5EED7
:10DE7400C07AF1EE10FA40F1B480DFED906ADFED84
:10DE84008E7AE2EE427AE3EE437AE2EEE27AF5EE5D
:10DE9400C07AF1EE10FA40F18D809FED887ADFEDC3
:10DEA400867AE4EEE47AE5EEE57AE5EE457AF5EE97
:10DEB400C07AF1EE10FA66D5DFED807A76EE266A46
:10DEC4009FED7F6A496800220BAD039036EE877A96
:10DED4000C6808AB246877EE277A069207920892BA
:10DEE40067EE867A09920A920B920C920D9205AA19
:10DEF4000095CDED057AA04703980EB0BDE8F081FA
:10DF0400B4EEE34AF1EE10FA40F1B980F7EE004ABC
:10DF14004FF0010E0023B0EE442AF0EE630A774678
:10DF240077EEE46A764673EEE42A9846B0EE440A45
:10DF34001A4674EE644AB0EE625AF0EE665AB0EED7
:10DF4400663A3AE7B4EEE34AF7EE005AB0EE673ABF
:10DF5400F1EE10FA7BDB34EE650A4FF0010E73EE3E
:10DF6400E52A0027F0EE630A7346F0EE676A72460C
:10DF740077EEE55AB846B0EE625A3E46F0EE404AB5
:10DF8400B0EE402A19E703EB430367EEA77A01EBEF
:10DF9400830367EEA77A93ED0B3AD3ED0A3A65EE65
:10DFA400835A93ED0C4AE4EEA35AE5EE045A67EE65
:10DFB400A57A83E702EB420267EEA77A01EB8202BD
:10DFC40067EEA77AD2ED0B3A92ED0A4A23EE233A92
:10DFD40092ED0C7AA2EE043AA2EE873A27EE837A07
:10DFE4005DE706EB460467EEA77A01EB840467EE6F
:10DFF400A77AD4ED0B3A94ED0A4A66EEA36A94ED3F
:10E004000C7AE0EE046AE0EE876A67EEA66A36E709
:10E014009CF8B87227EE077A3D4427EE077A95F804
:10E02400B8522C4494F8B84404EB440401EB84043F
:10E0340094ED0B1AD4ED0A1A67EE817A94ED0C6A0A
:10E04400E4EE217AE3EE867A27EE276A07E773EE99
:10E05400E50A4FF0010E34EE652A0027F0EE676AF8
:10E064007346B0EE440AF04677EEE55A3E46B0EE0B
:10E07400605A3A46F0EE424AF0EE602A9DE6B7EE68
:10E08400005A4FF0000E0127F0EE632AF0EE630A07
:10E09400F04677EEC56A724634EE452A3B46B0EE4A
:10E0A400440A3E4633EEC55AF0EE665AF0EE424A52
:10E0B400B0EE663A81E600BF9A99193F000000006D
:10E0C40000000042806E7047012070474430704762
:10E0D40003207047006F7047C06E70472DE9F0430E
:10E0E4000646D0F8E0000C4603682DED028B1B6851
:10E0F40083B0984723682046DB699847002800F0DE
:10E10400918007460025DFED548A9FED548ADFF89D
:10E11400508124E0F5EEC07AF1EE10FA00F1878028
:10E12400D6ED3F5AB3EE096AD6ED3D6AFCEEE77AC6
:10E1340037EE657A76EEE56A17EE903A27EE067AC0
:10E144009BB2C7EE267A77EE887AF4EEC67AF1EEC1
:10E1540010FA72DD3F2B7DD90135AF4262D01FFA30
:10E1640085F92368214668464A469B689847236890
:10E17400494620461B699847037842781343EBD0FD
:10E18400D6ED3E7ADDED006A96ED3C6A76EEE76AFE
:10E194009DED017A36EE676A66EEA86AC6EE867A67
:10E1A40077EE887AF4EEE87AF1EE10FAB2DD202206
:10E1B400CF213A23D6ED3F7AB3EE096AD6ED3D6A14
:10E1C40037EE677A76EEE76A27EE067AC7EE267AA6
:10E1D40077EE887AF4EEC67AF1EE10FA1ADCF5EEF0
:10E1E400C07AF1EE10FA26D40121FCEEE77A17EE9C
:10E1F400902A92B21F2A8CBF002101F0010100294C
:10E20400AAD0D843DB0803EBC20100F007030122C4
:10E214009A40D2B218F8013001351A43AF4208F8D7
:10E2240001209CD103B0BDEC028BBDE8F0838022B9
:10E23400C8210023BEE70022E3E7F5EEC07A3F2BB6
:10E244008CBF00210121F1EE10FACED50022002965
:10E2540082D0D6E71922D4E700006842000000000B
:10E26400C056002090F84420042A00F25A81D0EDD0
:10E274000E6A034690ED0D6AF5EEC06A70B5F1EED4
:10E2840010FA40F14F81B0EE667A002A00F0558111
:10E29400D3ED107ADFEDCC5AF4EEE57AF1EE10FA14
:10E2A40000F1C881D3ED035AF5EEC05AF1EE10FA2D
:10E2B40000F37B82012A1BD0D3ED055AF5EEC05A38
:10E2C400F1EE10FA00F31F82022A11D0D3ED075A9F
:10E2D400F5EEC05AF1EE10FA00F3B282042A07D127
:10E2E400D3ED095AF5EEC05AF1EE10FA00F33E826E
:10E2F40093ED0F7A0132B5EEC07AD2B283F844209E
:10E30400F1EE10FAF5EEC07AC8BF9FEDAF7AF1EEE8
:10E3140010FA01D5DFEDAC7A052A83ED0F7AC3ED4F
:10E32400107A00F0FD80F7EE005AF4EEE56AF1EEA3
:10E3340010FA00F10981B4EEE56AB6EE005AF1EE86
:10E3440010FAF4EEC57A76FE255AF1EE10FA00F1D1
:10E354000581D3ED034AF4EEC54AF1EE10FA00F359
:10E364002782012A1BD0D3ED054AF4EEC54AF1EE0B
:10E3740010FA00F39481022A11D0D3ED074AF4EE87
:10E38400C54AF1EE10FA00F37F82042A07D1D3EDD7
:10E39400094AF4EEC54AF1EE10FA00F3F181F6EE03
:10E3A400005A02F1010C5FFA8CFCB4EE657A83F832
:10E3B40044C0F1EE10FAF4EE657A35FE877AF1EE98
:10E3C40010FA48BFF0EE657ABCF1050F83ED0F7AC1
:10E3D400C3ED107A00F0A480F5EEC06AF1EE10FAF5
:10E3E40000F1D380B5EEC06A9FED775AF7EE005A7C
:10E3F400F1EE10FAF4EEE57A36FE055AF1EE10FA73
:10E4040000F1CD80D3ED034AF4EEE54AF1EE10FAC3
:10E4140000F3C081D3ED054AF4EEE54AF1EE10FABB
:10E4240000F3D680BCF1020F12D0D3ED074AF4EE0C
:10E43400E54AF1EE10FA00F3F181BCF1040F07D1C3
:10E44400D3ED094AF4EEE54AF1EE10FA00F32E8218
:10E45400F7EE005A0CF1010C5FFA8CF2B4EE657A17
:10E4640083F84420F1EE10FAF4EE657A35FE877AEB
:10E47400F1EE10FA48BFF0EE657A052A83ED0F7AC3
:10E48400C3ED107A4CD0F5EEC06AF1EE10FA07D461
:10E49400B5EEC06ADFED4C6AF1EE10FA76FE266A3C
:10E4A4009FED4A6AF4EEC67AF1EE10FA00F1D880D4
:10E4B400D3ED035AF4EEC65AF1EE10FA00F37B8161
:10E4C400D3ED055AF4EEC65AF1EE10FA00F3A38127
:10E4D400D3ED075AF4EEC65AF1EE10FA00F3C281F6
:10E4E400042A07D1D3ED095AF4EEC65AF1EE10FA14
:10E4F40000F3E5819FED356A0132B4EE467A83F884
:10E504004420F1EE10FAF4EE467A36FE077AF1EE84
:10E5140010FA48BFF0EE467A83ED0F7AC3ED107A15
:10E5240070BD7047B5EEC06A9FED277AF1EE10FA20
:10E5340036FE077A002A7FF4ABAE0021D3ED107AC1
:10E5440083ED047AD960D3E6B6EE005AF0EE665A4B
:10E55400F4EEC57AF1EE10FA7FF5FBAEB4EEC57AAF
:10E5640002F1010C03EBC2025FFA8CFCF1EE10FA2B
:10E5740082ED035AC2ED045A83F844C040F3868006
:10E58400B0EE457AF0EE457A1EE7F7EE005AB0EEAB
:10E59400665AF4EEE57AF1EE10FA7FF533AFB4EE95
:10E5A400E57A0CF1010203EBCC0CD2B2F1EE10FAD5
:10E5B400CCED035A8CED045A83F844206CDDB0EEA4
:10E5C400657AF0EE657A58E700000000002474498B
:10E5D40003F1140103F11C02BCF1020F03C982E828
:10E5E400030040F2768102220125964603EBC20124
:10E5F40003EBC2040C31143403C984E803000EF1A4
:10E60400010161450ED203EBC2020EF1020E1C326F
:10E61400F44594E8030082E8030003D903F12C04D1
:10E62400C4E9000103EBC5054FF07E5285ED045AA1
:10E63400EA600DE703EBC2010132C1ED035AD2B225
:10E6440081ED047A93ED0F7A83F84420B5EEC07A15
:10E65400F1EE10FA17DDB0EE657AF0EE657A5BE65E
:10E66400B4EEC67A03EBC201013281ED036AF1EE26
:10E6740010FAC1ED046A83F844200ADDB0EE467A4C
:10E68400F0EE467A48E7F0EE657A45E6F0EE457A34
:10E694009AE6F0EE467A3FE7F0EE657AEDE64FF063
:10E6A400010C03EBCC0E0CF101055FFA8CF47146FE
:10E6B400AA420EF1140E01F10C0103C98EE8030005
:10E6C40018D9A61C03EBCC05F6B21C359EE8030052
:10E6D400B24285E803000DD9033403EBCC0EE4B257
:10E6E4000EF1240EA2428EE8030003D903F12C0498
:10E6F40084E8030003EBCC0C4FF07C51CCED045ABE
:10E70400CCF80C104BE64FF0010C03EBCC0E0CF1E3
:10E7140001055FFA8CF47146AA420EF1140E01F160
:10E724000C0103C98EE8030018D9A61C03EBCC0521
:10E73400F6B21C359EE80300B24285E803000DD909
:10E74400033403EBCC0EE4B20EF1240EA2428EE8A5
:10E75400030003D903F12C0484E8030003EBCC0C7D
:10E7640000218CED047ACCF80C10C1E503F12401EE
:10E7740003F12C044FF0030C03C984E80300EDE714
:10E7840003F1240103F12C044FF0030C03C984E8C2
:10E794000300AFE703F10C0103F11402002503C9E0
:10E7A40082E803000122964620E74FF0000CACE714
:10E7B4004FF0000C75E74FF0000E03EBCE0C0EF19A
:10E7C400020603EBCE04614696420CF1140C04F1EC
:10E7D4001C0401F10C015FFA8EF503C98CE80300F7
:10E7E40084E803000FD20335EEB203EBCE05964264
:10E7F40005F1240594E8030085E8030003D203F13E
:10E804002C0484E8030003EBCE0E3849CEED046AF1
:10E81400CEF80C106EE64FF0010ECEE703F11C01AA
:10E8240003F12402BCF1030F03C982E8030058D9A1
:10E8340003F12C04022592E80300C4E90001F1E687
:10E8440003F11C0103F12404032A03C984E803002F
:10E8540041D903F12C054FF0020C94E80300C5E9FB
:10E8640000017BE703F11C0103F12404032A03C91B
:10E8740084E8030037D903F12C054FF0020E94E825
:10E884000300C5E90001BEE703F11C0103F1240400
:10E89400032A03C984E8030020D903F12C054FF0AF
:10E8A400020C94E80300C5E9000123E703F1240105
:10E8B40003F12C02032503C982E80300B2E603F145
:10E8C400240103F12C044FF0030E03C984E8030070
:10E8D40099E70125A6E64FF0020C3FE74FF0020C42
:10E8E40008E702259EE64FF0020E8CE700247449E7
:10E8F400F8B52DED028B90F83050F0EE408A0446C6
:10E90400092D00F2A5806A1C00EB8503D5B2012D08
:10E9140080F8305083ED010AD0ED017A00F0AB802D
:10E9240090ED028AB4EEE78AF1EE10FA01D4B0EE6B
:10E93400678A022D52D0D4ED037AB4EE678AF1EEE1
:10E9440010FA37FE888A032D48D0D4ED047AF4EE09
:10E95400487AF1EE10FA48BFB0EE678A042D3DD034
:10E96400D4ED057AB4EE678AF1EE10FA37FE888AA0
:10E97400052D33D0D4ED067AF4EE487AF1EE10FA90
:10E9840048BFB0EE678A062D28D0D4ED077AB4EEDE
:10E99400678AF1EE10FA37FE888A072D1ED0D4ED6F
:10E9A400087AF4EE487AF1EE10FA48BFB0EE678ABE
:10E9B400082D13D0D4ED097AF4EE487AF1EE10FA6A
:10E9C40048BFB0EE678A092D08D0D4ED0A7AF4EE78
:10E9D400487AF1EE10FA48BFB0EE678A256804EB76
:10E9E4008506D6ED0A7AF4EE487AF1EE10FA02D1F1
:10E9F40094F8313093B915F0FF0704F12C0306D0D5
:10EA04001846BA0004F1300121F07AFE034603EB04
:10EA14008703002243F8042C86ED0A8A002D2DDD9D
:10EA24000023DFED187A1A46013304EB8202DBB2CD
:10EA340092ED0B7A9D4277EE877A1A46F4DC07EE64
:10EA4400105AB8EEC70ABDEC028B87EE800AF8BDF7
:10EA540000F108012422043021F052FED4ED017AA1
:10EA640094ED028AC4ED0A8AF4EEC87AF1EE10FA43
:10EA74003FF761AF5BE7B0EE678AAFE7DFED017A9E
:10EA8400DDE700BF000000007C30704730B583B084
:10EA940004467C31069D0095FEF78CFE204603B0AB
:10EAA40030BD00BF183070475430704730B583B064
:10EAB40004465431069D0095FFF7C0F8204603B084
:10EAC40030BD00BF28307047B1F804C08A79A0F87F
:10EAD40000C08270704700BF10B5044604302DEDAD
:10EAE400028BB0EE408A0AF06BFCF7EE007A84EDFC
:10EAF400130A9FED077A0022064B37EEC80AA26379
:10EB0400E36320EE070ABDEC028B84ED140A10BD0A
:10EB14000000B4430000964238B5044614302DED8D
:10EB2400048B0AF04DFC04F12400F0EE408A0AF054
:10EB340047FC04F13400B0EE408A0AF041FCDFEDFA
:10EB4400157ADFED156A04F23475B0EE679A9FED1D
:10EB5400136A95ED007A201DA8EEA69AF0EE678A56
:10EB6400E0EE267A37EE067AE8EE268A85ED007A1C
:10EB7400B0EE678A0AF024FC84ED219AC4ED228A5F
:10EB840084ED238A84ED1B0A2B68BDEC048BC4F846
:10EB9400A03038BD4260E53B0AD7A33B0AD7233BEC
:10EBA4002DE9F843B0F844352DED088B002B00F027
:10EBB400E180013B00F55F77804600F55E749BB20F
:10EBC4009FED6EBA00F20756054607EB8307DFEDAB
:10EBD4006CAA9FED6CAA0FE0002B00F0B5802368AF
:10EBE40083ED008AD4F8F030043408F10C082035A1
:10EBF400A742E36400F0BE8094ED146AF6EE006A66
:10EC0400D8EDA37AD8EDA25A36EE677A65EEA66AF5
:10EC1400B0EEC77AF4EEC76AF1EE10FA15DC98ED9F
:10EC2400A47A77EE876AB4EEE66AF1EE10FA4DDD67
:10EC340077EEA57AB7EE007AF4EEC77AF1EE10FA21
:10EC440058BFF0EE477AC8EDA37AD4ED3C8A94ED30
:10EC5400509AC4ED287A77EEE87A79EE689A16F835
:10EC6400013F012B87EEA98A38EE0B8A41D0032B92
:10EC7400B2D1D5ED037A236836EE677AB0EEC77A5F
:10EC8400B4EEEA7AF1EE10FA1DD4D5ED026AB5EECF
:10EC9400005A95ED047AD5ED085A27EE877A66EE88
:10ECA400A55A85ED057A37EE257AC5ED065A37EE75
:10ECB400067AE7EE056A85ED077AE6EE857AC5ED14
:10ECC400026AC5ED037AC3ED007A8BE737EEC77AA3
:10ECD400B4EEC76AF1EE10FAB7D577EEE57AF5EE41
:10ECE400C07AF1EE10FAD8BFDFED247AC8EDA37A2A
:10ECF400ABE7F2EE047AD4F80090B7EE000AA8EE7F
:10ED0400270A1AF017F9F3EE007AB0EE409A69EE8A
:10ED1400889A28EE270A1AF057FCF0EE006AF8EEFB
:10ED2400007AB5EE007AE8EE267A67EEA77A67EE07
:10ED3400807A67EE877AA7EE879AC9EE897A77EEAA
:10ED4400A87AC9ED007A4DE728EE0A0A1AF040FDC8
:10ED5400F7EE007AB6EE007A236837EEC00A20EEAA
:10ED6400070A77EEC07A29EE009AA8EEA79A83EDF7
:10ED7400009A37E7BDEC088BBDE8F883000000007B
:10ED84000AD7233CDB0F49402DE9F843B0F8BC3FD8
:10ED94002DED088B002B00F0E280013B00F65C2790
:10EDA40000F6582400F5F1659BB200F60778064694
:10EDB4009FED6DBADFED6DAA07EB83079FED6CAA9B
:10EDC4000FE0002B00F0B580236883ED008AD4F8AF
:10EDD400D03204340C352036A742C4F8EC3000F0AD
:10EDE400BE8094ED3C6AF6EE006AD5ED017AD5ED6D
:10EDF400005A36EE677A65EEA66AB0EEC77AF4EE8C
:10EE0400C76AF1EE10FA15DC95ED027A77EE876A9F
:10EE1400B4EEE66AF1EE10FA4DDD77EEA57AB7EEC0
:10EE2400007AF4EEC77AF1EE10FA58BFF0EE477AA2
:10EE3400C5ED017AD4EDB48A94EDF09AC4ED787AF4
:10EE440077EEE87A79EE689A18F8013F012B87EE9D
:10EE5400A98A38EE0B8A41D0032BB2D1D6ED037ABE
:10EE6400236836EE677AB0EEC77AB4EEEA7AF1EE4A
:10EE740010FA1DD4D6ED026AB5EE005A96ED047A66
:10EE8400D6ED085A27EE877A66EEA55A86ED057AFE
:10EE940037EE257AC6ED065A37EE067AE7EE056AAE
:10EEA40086ED077AE6EE857AC6ED026AC6ED037A48
:10EEB400C3ED007A8BE737EEC77AB4EEC76AF1EE9A
:10EEC40010FAB7D577EEE57AF5EEC07AF1EE10FADE
:10EED400D8BFDFED257AC5ED017AABE7F2EE047A0F
:10EEE400D4F80090B7EE000AA8EE270A1AF022F828
:10EEF400F3EE007AB0EE409A69EE889A28EE270A7B
:10EF04001AF062FBF0EE006AF8EE007AB5EE007AD1
:10EF1400E8EE267A67EEA77A67EE807A67EE877A5C
:10EF2400A7EE879AC9EE897A77EEA87AC9ED007AB6
:10EF34004DE728EE0A0A1AF04BFCF7EE007AB6EE1B
:10EF4400007A236837EEC00A20EE070A77EEC07A0B
:10EF540029EE009AA8EEA79A83ED009A37E7BDEC54
:10EF6400088BBDE8F88300BF000000000AD7233CEB
:10EF7400DB0F49402DE9F041B0F8BC7F2DED088B43
:10EF8400C7B3013F00F60873F2EE04AA064600F682
:10EF9400582400F607759FED39BA13FA87F79FEDE9
:10EFA40038AA0AE0002B52D02368C3ED007AAF429E
:10EFB40004F1040406F120061CD0D4EDB48A94EDC7
:10EFC400F09AD4ED787A79EE689A15F8013F37EE25
:10EFD400E87A012B87EE298A38EE0B8A0ED0032BB0
:10EFE400E0D1F268AF42236806F1200604F104047C
:10EFF4001A60E2D1BDEC088BBDE8F081B7EE000ADF
:10F00400D4F80080A8EE2A0A19F094FFF3EE007AEF
:10F01400B0EE409A69EE889A28EE270A1AF0D4FADC
:10F02400F0EE006AF8EE007AB5EE007AE8EE267AA1
:10F0340067EEA77A67EE807A67EE877AA7EE879AFB
:10F04400C9EE897A77EEA87AC8ED007AAFE728EEA0
:10F054000A0A1AF0BDFBF7EE007AB6EE007A2368CE
:10F0640037EEC00A20EE070A77EEC07A29EE009A3E
:10F07400A8EEA79A83ED009A99E700BF000000006C
:10F08400DB0F49402DE9F041B0F844752DED088BB4
:10F09400C7B3013F00F5A163F2EE04AA064600F5EA
:10F0A4005E7400F207559FED39BA13FA87F79FEDA6
:10F0B40038AA0AE0002B52D02368C3ED007AAF428D
:10F0C40004F1040406F120061CD0D4ED3C8A94ED2E
:10F0D400509AD4ED287A79EE689A15F8013F37EE04
:10F0E400E87A012B87EE298A38EE0B8A0ED0032B9F
:10F0F400E0D1F268AF42236806F1200604F104046B
:10F104001A60E2D1BDEC088BBDE8F081B7EE000ACD
:10F11400D4F80080A8EE2A0A19F00CFFF3EE007A66
:10F12400B0EE409A69EE889A28EE270A1AF04CFA53
:10F13400F0EE006AF8EE007AB5EE007AE8EE267A90
:10F1440067EEA77A67EE807A67EE877AA7EE879AEA
:10F15400C9EE897A77EEA87AC8ED007AAFE728EE8F
:10F164000A0A1AF035FBF7EE007AB6EE007A236845
:10F1740037EEC00A20EE070A77EEC07A29EE009A2D
:10F18400A8EEA79A83ED009A99E700BF000000005B
:10F19400DB0F4940D1ED857A9FED8D7AF0EEE76A79
:10F1A400F0B5F4EEC76A0C460546F1EE10FA2DED03
:10F1B400088B8FB040F1DF80D2ED007AD1ED836A05
:10F1C40092ED018A91ED847A77EEE67A38EE478AF9
:10F1D40094ED817AF1EE476AF4EEE76AF1EE10FA03
:10F1E40004DCB4EEE77AF1EE10FA07D500232B80A5
:10F1F400AB7028460FB0BDEC088BF0BDD4ED828A0D
:10F20400B1EE689AB4EEC89AF1EE10FAEEDCF4EEC0
:10F21400C88AF1EE10FAE9D494F82C3237EE275A62
:10F22400F6EE00AADFED6B9A5A1E05EE903A37EE21
:10F23400074A9FED690A06EE102AF8EE655AD4F8DB
:10F244002472B8EEC66A94EDFDBAC7EE254A94ED71
:10F25400FEAAB0EE467A3AEE4BAA96EE2A7A65EE0C
:10F26400075A85EE847A37EE067ABCEEC77A8DEDBE
:10F27400037A9DF80C309A1C06EE103A9E0007EEB5
:10F28400102AF8EEC65AB0EE666AB8EEC77AA4EE53
:10F29400A56AE4EE876A77EEC67A76EEC66A87EEEA
:10F2A400A67A37EE297A27EE000A1AF091FABB19EA
:10F2B400F6EE085A93ED027AB7EE006AD3ED007ABF
:10F2C40037EE4B7A77EECB7A36EE400A67EE256A54
:10F2D40027EEA57A20EE2A0AC6EE8A7AC7EE0A6AD3
:10F2E40076EE405A77EEA97A67EE807A36EEA97AFE
:10F2F400E7EE257A28EEA77A27EE2A7AB4EEC87AC2
:10F30400F1EE10FA7FF772AFDFED316AA9EE267ADB
:10F31400B4EEC87AF1EE10FA7FF568AFB1EE488A20
:10F32400D4F8F01377EE867A0BAB0A6804A888EE5B
:10F33400287A166805AA009308ABCDED069ACDEDA0
:10F34400079ACDED089ACDED099ACDED0A9ACDED47
:10F354000B9ACDED0C9ACDED0D9A37EE067A77EE39
:10F36400C77ACDED057AB04704F5067204A928469C
:10F3740009F08EFF3DE79FED197AD1ED839A67EE90
:10F38400878A91ED84AA92ED009A92ED018AB0EEFB
:10F39400680A1AF01DFAF0EE407A38EE4A8AB0EEA6
:10F3A400680AF0EE678A1AF00FF939EE699A60EE8E
:10F3B400487A28EE287AE9EE287AA9EE007A79EEDE
:10F3C400A77A3AEE078A77EEE97A38EE4A8AFFE6B8
:10F3D400CDCCCC3D00000000DB0F494035FA8E3C1B
:10F3E400D1ED857A9FED9C7AF0EEE76AF0B5F4EE04
:10F3F400C76A0C460646F1EE10FA2DED068B8FB067
:10F4040040F1FC80D2ED007AD1ED836A92ED018A5D
:10F4140091ED847A77EEE67A38EE478AD4ED816A04
:10F42400B1EE667AB4EEE77AF1EE10FA05DDF4EEA9
:10F43400E76AF1EE10FA00F1AC80D4ED828AB1EE05
:10F44400686AB4EEC86AF1EE10FA05DDF4EEC88A13
:10F45400F1EE10FA00F19D8094F8243476EEA75A68
:10F464009FED7E5A36EEA64A06EE103A94F827240B
:10F47400B8EE466A75EE463AC6EE864A65EEA35A7B
:10F48400C5EE846A76EE866AFCEEE66ACDED036A22
:10F494009DF80C30591C06EE103A06EE901AF8EE60
:10F4A400C65AB0EE476AF8EEE66AA4EEA56AA4EE80
:10F4B400A67A77EEC67A37EE467A87EE870ADFEDCC
:10F4C400687A30EE050A002A6BD120EE270A9D00E7
:10F4D4001AF07EF9B7EE007AF6EE007AD4F82072CC
:10F4E40037EE400A7B1993ED016A60EE277AD3ED7B
:10F4F400006A94F8253437EE677A67EE867AE6EE8A
:10F50400877AB0EE087A67EE877A002B69D0B0EE7E
:10F51400C88ADFED526AB7EE006A76EEE86A38EE22
:10F52400688AB1EE488A88EE267A37EE067A94F82D
:10F5340026341BB1F7EE006A36EEC77AB4EEE77AEA
:10F54400F1EE10FA25D8F7EE006AD4F87814002307
:10F5540004A80A6876EEE77A156805AA069377EE9A
:10F56400C77A0793089309930A930B930C930D930B
:10F574000BABCDED057A009308ABA847304604F5F4
:10F58400067204A909F084FE30460FB0BDEC068B68
:10F59400F0BD002330463380B3700FB0BDEC068B52
:10F5A400F0BD20EE270A04EB83051AF011F9B7EE3B
:10F5B400007AF6EE007A95ED8A6AD5ED896A37EE1F
:10F5C400400A94F8253460EE277A37EE677A67EEBE
:10F5D400867AE6EE877AB0EE087A67EE877A002BB1
:10F5E40095D138EE888A78EEA88AF7EE006AB1EEF3
:10F5F400488A88EE287A37EE267A98E79FED197ABA
:10F60400D1ED839A67EE878A91ED84AA92ED009AF0
:10F6140092ED018AB0EE680A1AF0DAF8F0EE407A58
:10F6240038EE4A8AB0EE680AF0EE678A19F0CCFF29
:10F6340039EE699A60EE487A28EE287AE9EE287A5B
:10F64400A9EE007A79EEA77A3AEE078A77EEE97A9C
:10F6540038EE4A8AE2E600BFCDCCCC3D0000000083
:10F66400DB0F494035FA8E3C10B5044621F062F9AF
:10F67400204610BD10B5044621F05CF9204610BDAB
:10F6840010B5044621F056F9204610BD10B50446C5
:10F6940021F050F9204610BD10B5044621F04AF976
:10F6A400204610BD10B5044621F044F9204610BD93
:10F6B40010B5044621F03EF9204610BD10B50446AD
:10F6C40021F038F9204610BD10B5044621F032F976
:10F6D400204610BD10B5044621F02CF9204610BD7B
:10F6E40070B5094B0646044600F50075036054F8EE
:10F6F400040F08B121F01EF9AC42F8D1304621F0D4
:10F7040019F9304670BD00BFF420002010B504463E
:10F7140021F010F9204610BD10B5044621F00AF975
:10F72400204610BD70B5094B0646044600F5007529
:10F73400036054F8040F08B121F0FCF8AC42F8D18E
:10F74400304621F0F7F8304670BD00BFE0200020BD
:10F7540010B50446C06A08B121F0ECF8206B08B17A
:10F7640021F0E8F8204621F0E5F8204610BD00BF5E
:10F7740070B5094B0646044600F50075036054F85D
:10F78400040F08B121F0D6F8AC42F8D1304621F08C
:10F79400D1F8304670BD00BF0821002010B50446E2
:10F7A400406808B121F0C6F8A06808B121F0C2F899
:10F7B400204621F0BFF8204610BD00BF70B5244C90
:10F7C400244A94F800381268272B3AD822491801A1
:10F7D40001EB03130958DB688968194231D094F8A6
:10F7E4000138CBB1D4F804380025B4F81A18D31A68
:10F7F40084F801588B4212DD94F80868174B3046A0
:10F80400C4F80428995D01360AF07CFFF6B20C2E88
:10F814001BD984F8085870BDC4F8042870BD322B75
:10F82400F9DD94F808180D48C4F804280C44435C26
:10F8340094F80C280133DBB29A424354EBD8455474
:10F8440070BD012384F8013870BD84F8086870BD68
:10F85400C05600200CC30120381E00208CB10120AA
:10F864002DE9F04F83468068BC4C8DB003680025B9
:10F874001B689847D4F83038B94A05211D61A4F8AB
:10F884001C189A640122B7495A6299624FF43031C4
:10F89400D9624FF00111986C186504F502601D627D
:10F8A40099651A6121F060F821F05AF821F060F8A6
:10F8B400722240F2011304F5026084F8C528A4F80A
:10F8C4004F3917F0F7F9002800F02482D4F83038C3
:10F8D40000260522A2491E61A4F87A29012299640E
:10F8E400A0495A6299624FF4303184F87859D96248
:10F8F4004FF00111986C18651E629B4899651A6156
:10F9040021F032F821F02CF821F032F8722240F282
:10F914000113954884F8C528A4F84F3917F0CAF99B
:10F92400002800F0BC8130464FF40062002184F8C6
:10F934008009002689481AF0B5FDD4F83038884A81
:10F944001E6188499A6401225A6299624FF43031E7
:10F95400D9624FF00111986C18651E62824899654E
:10F964001A6121F001F820F0FBFF21F001F8782260
:10F9740040F201137C4884F8C528A4F84F3917F0E5
:10F9840099F90546002800F045820BF5804585F875
:10F994003061764A0BF500531268C5F8442193F898
:10F9A4001037272B0ED8724A190102EB0313515852
:10F9B400D8684A6802434A6038219A685B681160D3
:10F9C40015221A606B499BF8BC326B4A272B84F8CA
:10F9D400F0390A60694A4A600FD8654A1801382725
:10F9E4001525105802EB03134268DE6822EA06026A
:10F9F40042609A685B6817601D606148614E426CA2
:10FA0400436C456C324003F0030305F0E0052A43E0
:10FA14000025134343F44673436400F58040A4F87F
:10FA2400F259426C436C3240466C03F0030384F891
:10FA3400FC5906F0E006A4F8FE593243524E134333
:10FA440040F6B73243F4467343644FF4FA534F48D5
:10FA54000B8110234E49A4F8F83918F0F7F94D4BEF
:10FA64009BF8BE024C4A039084F8000A18469A6038
:10FA74009A624FF03F4240F8406F5E663E4E9A6392
:10FA84009A6103F1480284F801589E6603F5DE7317
:10FA9400424DC4F85C3AD5F8DC319BF8BD12936250
:10FAA400D5F8D8312729466053624FF0C803A4F82B
:10FAB400BC3B11D80A012E4BDFF8E8C01527985833
:10FAC40003EB01134268DE6822EA060242609A6888
:10FAD4005B68C2F800C01F604FF4FA73002795F802
:10FAE400E0814FF6FF7EDFF8C090F8B284F800188A
:10FAF400A4F81A38B8F1000F2CD0C246BB0800F0A5
:10FB040003064FF0FF0C05EB4303B3F8E411244B59
:10FB1400490003EB970201EB02311303B1EB023FFF
:10FB240009D91A8802335FFA82FB5E4508BF4FEA9F
:10FB3400122C9942F5D801300C2F09F801CBC6B22A
:10FB440071D00137B8F1000F51D1D046F8B2B8F1F5
:10FB5400000FD2D1DFF854C02AE000BFC056002005
:10FB64003B372819B80B0505E05E00200CC30120C3
:10FB7400381E0020884A0020000048420000F0425D
:10FB840000400C4000FCFFFF00004345944A002065
:10FB940031ED0000C4600020000080BFB867002081
:10FBA400F001060038F001008CB101209A690020B0
:10FBB400B6490CF11E0A0A46002601F5805103E0FD
:10FBC4008B421FFA8BF607D2134606F1010B33F86A
:10FBD400022B72451A46F3D12CF8026FD445EAD1B0
:10FBE4004FF001034FF0010A85F8E03186E7721EF9
:10FBF400A74BDFF8C0E21A44B30806F0030C0EEB7F
:10FC0400960005EB43030103B3F8E4315B0003EB17
:10FC14000033B3EB003F01F23F81FF27013602F8C6
:10FC2400017F0D2EE8D19B4BB5F8EA0103EB4000B0
:10FC3400984240F29880FF261A880233D1B20229F2
:10FC440008BF160A9842F7D1FF2E00F08C80039962
:10FC540040F20A2290480A2384F80C184FF00A3123
:10FC6400A4F80E2845F6BF52C4F81008C4F81418B6
:10FC74008A488B4984F80D3884F8183818F0E6F867
:10FC8400884A002195F8493211702BB9864A01231C
:10FC9400C5F80C2285F849320DB0BDE8F08FD4F8D0
:10FCA4007C0908B120F046FE1020804F20F03AFE77
:10FCB400522300260546037020234760C360C4F81E
:10FCC4007C090672384620F04FFE2B7838465B00DC
:10FCD40084F8C53801232B7240F20115A4F84F595A
:10FCE40016F0E8FF00287FF41EAED4F87C390B90A0
:10FCF4000593062306908DF8260005A8ADF8245038
:10FD0400ADF822300BF02CFEA0F1C200B0FA80F066
:10FD1400400909E6D4F8600908B120F00BFE102070
:10FD2400624F20F0FFFD392306464760037000232D
:10FD3400C4F86009012503722023C360384620F00B
:10FD440013FE337835723846AB4084F8C53840F238
:10FD54000113A4F84F3916F0ADFF0646002800F051
:10FD6400F3840025B2E50026494F4FF003094FF014
:10FD74000508314630463E700AF0C4FC87F801900D
:10FD84000127494638460AF0BDFC414B4146022052
:10FD940083F802800AF0B6FC3D4B48463946DF70D2
:10FDA4000AF0B0FC3A4B4146042083F804800AF080
:10FDB400A9FC374B404639465F710AF0A3FC344B2B
:10FDC400394606209F710AF09DFC314B07211F46DE
:10FDD400D97108460AF096FC314608203E720AF0B2
:10FDE40091FC314609207E720AF08CFC31460A20CF
:10FDF400BE720AF087FC31460B20FE720AF082FCC8
:10FE040031460C203E730AF07DFC31460E200AF088
:10FE140079FC1CE7D4F8B009B4F98E29002800F065
:10FE2400EF85D31D48BF02F10E03B4F98C29DB1012
:10FE340003FB02F200211AF035FBB4F98E39B4F950
:10FE44008C19202B40F3C181A3F14006B1F1520279
:10FE54004FF0000836B248BFA1F15102002E4FEA1C
:10FE64006202B8BF013693B276100393002310499F
:10FE74001FFA86FE039A9E4201EB0807B4BF4FF0B7
:10FE8400000A4FF0010A50461FE000BF00001F6047
:10FE94008CB1012000301F600A02020A9C4A002033
:10FEA400BDC6000089B10120106A0020E05E002078
:10FEB40088260060F00106006D00EDB229060DD41D
:10FEC40001330132522B92B245D013F0070F19B20D
:10FED400F2D107EBE1010D7A2906F1D511B200291F
:10FEE400EEDBB4F990C98C45EADD0028E8D0B4F91A
:10FEF40092C9B445E4DD94F89EC9BCF1020F00F048
:10FF0400AE85BCF1030F00F09B85BCF1010F00F03E
:10FF14008C85B4F98CA9F146B446BCF1000F03F109
:10FF2400010302F10102B8BF0CF1070C522B92B28B
:10FF34004FEAEC0C1CFB0A1109F0070C4FF0010905
:10FF440009FA0CFCD4F8B09919F801A04CEA0A0C8F
:10FF540009F801C0B9D108F10B080EF10106B8F592
:10FF6400307F36B282D10223D4F8AC5984F8B53943
:10FF7400002D00F0C5813C23284684F8B43920F0D4
:10FF8400F3FC94F9BB39002B80F20483D4F8DC1918
:10FF940000229E482B6981421A6100F2AC869C497A
:10FFA400012299645A624FF430329A499962DA62B2
:10FFB400996C002219654FF001111A6201229965AA
:10FFC4001A61954816F008FFB4F88E199348013960
:10FFD400C9B20BF047FA924816F0FEFE94F9B5390F
:10FFE4008E48012B0CBF102114210BF03BFA8D48D5
:0CFFF40016F0F2FED4F88C398B4A8F21F5
:02000004600199
:10000000934284F8E4190CD002F50012934200F0F8
:100010006986874A934200F0E086864A934200F060
:10002000D18602257E48DA210BF01EFA29467C484B
:100030000BF01AFA81217A480BF016FA94F8E419B9
:1000400077480BF011FAD92175480BF00DFA94F9A5
:10005000B5397348012B0CBF2221F1210BF004FAB2
:10006000D4F8AC09002800F0408540F2011294F861
:10007000B439714E5B00A0F82F21026880F8A530DA
:100080001368B34240F08886B0F830312BB10223B8
:1000900080F82F31002380F8A630DFF8A8A10125D1
:1000A0004FF002090AF10607A84617E00135ADB284
:1000B00003681AF8011C1B68B34240F01F81B0F8B6
:1000C00030313BB190F82F31882B2DD9C0F8048006
:1000D000D4F8AC090AF1010ABA4531D0882DE5D12E
:1000E00016F0EAFD94F8B439D4F8AC095B00026864
:1000F00080F8A53040F20113A0F82F311368B34205
:1001000040F0EC84B0F83031002B00F0168300236F
:1001100080F82F91022580F8A63013681AF8011C88
:10012000B34240F0EB802B460AF1010AC2180133BA
:10013000BA4580F82F31D4F8AC0982F8A510CDD19A
:1001400016F0BAFDD4F8AC39002B00F0FB85D4F8DA
:10015000E01900222E481B6981421A6100F2E385F2
:100160002C49012299645A624FF430322A4999622B
:10017000DA62986C012200211865104619624FF06E
:10018000011199651A610BF58045D4F8A43985F8F9
:100190003001002B00F0C085B4F98E290021274BD7
:1001A000D4F8B009C4F8A439D31D48BF02F10E0336
:1001B000B4F98C29DB1003FB02F21AF075F9012166
:1001C00017480BF041FA16F06DFFFFF7E4BBB1F1F1
:1001D00073024FF0000848BFA1F17202B3F120068C
:1001E0004FEA620248BFA3F11F0693B27610039351
:1001F000002313491FFA86FE039A9E4201EB08076B
:10020000B4BF4FF0000A4FF0010A504625E000BF8E
:100210007F1A06003B372819B80B0505302B006004
:1002200044600020342B0060382B006080002000E8
:100230006000100040002000FD3601003C2B0060F3
:1002400088260060892600606D00EDB229060ED474
:1002500001330132732B92B246D013F0070F19B25B
:10026000F2D107EBE10191F8C8522906F0D511B29D
:100270000029EDDBB4F990C98C45E9DD0028E7D011
:10028000B4F992C9B445E3DD94F89EC9BCF1020FFC
:1002900000F01284BCF1030F00F0FF83BCF1010FEA
:1002A00000F0F183B4F98CA9F146B446BCF1000F1B
:1002B00003F1010302F10102B8BF0CF1070C732B2B
:1002C00092B24FEAEC0C1CFB0A1109F0070C4FF03C
:1002D000010909FA0CFCD4F8B09919F801A04CEA0C
:1002E0000A0C09F801C0B8D108F10F080EF1010697
:1002F000B8F5F07F36B27FF47BAF36E69847D4F896
:10030000AC09E7E694F9B919CBB2272B00F2728554
:100310001801B34A4FF0380C1527155802EB031398
:100320006868DE683043686098685B68C0F800C041
:100330001F6094F9BA59EBB2272B0ED8180102EBC3
:1003400003131658D3E9027C70685B6840EA0C001E
:100350007060382038601520186002EB0113090125
:10036000DB68C4F8D43953582901C4F8C43902EB06
:1003700005135158DB68C4F8C819C4F8D83908689F
:1003800003430B60D4F8A839002B00F0438559686B
:10039000B827DFF85882DFF864E2924ED1E900C056
:1003A000DCF8005025EA0000CCF80000D8F818006E
:1003B00000EA0E0E4EEA0606C8F818601E7C01EB35
:1003C000060801EB860698F8100002EB0010806822
:1003D00007605D7C01EB050E01EB85059EF82000B2
:1003E00002EB001080680760987C01EB000901EBCC
:1003F000800099F830A0039002EB0A1ADAF808A0FE
:10040000CAF800704868DCF800700743CCF8007048
:10041000776998F8106002EB0616766837606E6AA6
:100420009EF8205002EB05156D682E6099F830504B
:1004300002EB051252680398406B1060CA6B99F882
:1004400038001060CA6998F818001060CA6A9EF8EF
:10045000281011600222186802610F228265DA7C7E
:10046000002A3AD072B6D97CCE0708D54FF0E020EA
:100470005D69D0F880212A409A62C0F880218D07FA
:1004800008D54FF0E0209D69D0F884212A40DA6237
:10049000C0F88421480708D54FF0E020DD69D0F886
:1004A00088212A401A63C0F888210A0708D54FF02E
:1004B000E0201D6AD0F88C212A405A63C0F88C21B4
:1004C000CF0608D54FF0E021586AD1F890210240BC
:1004D0009A63C1F8902162B61868434D9A68AA429F
:1004E00000F09584414A9D6092694149C2F3011729
:1004F000C2F382623F4E51F827100132B1FBF2F194
:10050000B14240F281843C4AA2FB0162120DB1FB70
:10051000F2F1A94288BF0132B2F5817F80F0718487
:10052000022A40F27184023A5508290441EA052161
:100530000A43DA600021016103214162026407225B
:10054000026601220261DA7C12B3D60704D5986AEA
:100550004FF0E021C1F80001950704D5D86A4FF0AB
:10056000E021C1F80401500704D5186B4FF0E021D9
:10057000C1F80801110704D5586B4FF0E021C1F80C
:100580000C01D70604D59A6B4FF0E023C3F8102175
:1005900094F9BB39002B4EDB272B15DC1901104ACF
:1005A000152502EB03135258D868516801433820CF
:1005B00051609968086058680560DB6850681842A7
:1005C00000F0E783C2F8843001200AF043FA94F87F
:1005D000BB39272B1CD81901014A02EB03130FE08A
:1005E000381E00201000000800093D0000C00F4028
:1005F00064220020FF083D0083DE1B43CFFFFFE3A2
:100600005258D9685068084200F0BF83C2F8881079
:100610000A200AF01FFA94F8BB39272B0BD81901CE
:10062000474A02EB03135258D9685068084200F059
:10063000A883C2F88410D4F8AC59002D7FF4A8AC7C
:10064000D4F8A839002B6FD0D97CD4F8E829D4F895
:10065000EC59002939D072B6D87CC60708D54FF0BE
:10066000E0275E69D7F8801131409962C7F88011A0
:10067000810708D54FF0E0279E69D7F884113140F3
:10068000D962C7F88411470708D54FF0E027DE6923
:10069000D7F8881131401963C7F88811060708D5C3
:1006A0004FF0E0271E6AD7F88C1131405963C7F824
:1006B0008C11C10608D54FF0E0205E6AD0F8901189
:1006C00031409963C0F8901162B69968914200F088
:1006D0008F831C499A6089691B48C1F30116C1F3D5
:1006E000826150F826600131B6FBF1F0002A40F03B
:1006F0003E838E420ED301460131B1F5817F80F0F9
:100700007E83022940F2798302394808020242EAD4
:1007100000420A43DA601B68002119610321596213
:100720001A6401221D661A61D4F8C829D4F8D819B0
:10073000136823EA0103136045E40225CAE400BFFD
:10074000381E002000C00F406422002092232A4659
:10075000D4F860098DF8143005AB0095194615F0F2
:100760006FFF9DF81470AB2F7FF4FDAAFC232A467F
:1007700005A9D4F860098DF8143081238DF8103064
:1007800004AB17F0ABF894F86D3905A9D4F86009FB
:1007900065F30103C3F3011284F86D3903F00C0310
:1007A00043EA82132A4643F001038DF814308F2365
:1007B0008DF8103004AB17F091F894F875392A468B
:1007C00005A966F30003D4F860098DF8107080273E
:1007D00084F8753903F006038DF8143004AB17F074
:1007E0007DF894F869392A4605A966F38613D4F88A
:1007F00060098DF8107084F8693903F03F038DF8B3
:10080000143004AB17F06AF8B4F8680904AB2A4650
:10081000C0F34031C0F3803CC4F8646949018DF8ED
:10082000107041EA8C11C0F3002C41EA0C01C0F3B6
:10083000003C41EA0C11C0F3C02C41EACC0120F489
:100840009F6CC0F340202CF0070C41EA4001D4F823
:100850006009A4F868C98DF8141005A917F03EF8CE
:1008600094F869392A4605A966F34103D4F860096A
:100870008DF8107084F8693903F07D038DF8143019
:1008800004AB17F02BF894F869392A4605A966F3EA
:100890000413D4F860098DF8107084F8693903F0F6
:1008A0006F038DF8143004AB17F018F894F8693919
:1008B0002A4605A966F34513D4F860098DF810702F
:1008C00084F8693903F05F038DF8143004AB17F036
:1008D00005F8E72332463146D4F860098DF8143024
:1008E00005AB16F0FBFF94F869392A4605A966F3B3
:1008F0000003D4F860098DF8107084F8693903F0AA
:100900007E038DF8143004AB16F0E8FF0A200AF0DD
:10091000A1F894F869392A4605A943F00103D4F8EF
:1009200060098DF8107084F8693903F07E0343F094
:1009300001038DF8143004AB16F0D0FF0A200AF042
:1009400089F894F874392A4605A966F30103D4F8A6
:1009500060098DF8146084F87439AA238DF810307A
:1009600004AB16F0BBFF94F871392A4605A965F36C
:100970008713D4F8600984F8713903F03F0343F01A
:1009800040038DF81430A2238DF8103004AB16F01C
:10099000A5FF94F87239022205A9D4F8600962F320
:1009A00046132A4684F8723903F01F0343F04003CC
:1009B0008DF81430A3238DF8103004AB16F08EFFA1
:1009C00032232A4605A98DF81430A023D4F86009F3
:1009D0008DF8103004AB16F081FFC92204AB05A9D5
:1009E00084F873298DF81420A622D4F860098DF8B4
:1009F00010202A46C4F8646984F8686916F06EFF0E
:100A0000FEF766BFD31D48BF02F10E03B4F98C296F
:100A1000DB1003FB02F2104603921FF085FF039ADE
:100A2000C4F8B00900287FF407AAFFF7ACBBB4F9FB
:100A30008CA98C4691460AF1FF31A1EB0E0109B257
:100A4000FFF76DBAB4F88EC93146B4F98CA90CF130
:100A5000FF3CACEB020C1FFA8CF90FFA8CFCFFF791
:100A60005EBAB4F98CA9B4F88EC90AF1FF310CF161
:100A7000FF3C891AACEB0E0C09B21FFA8CF90FFA85
:100A80008CFCFFF74CBAB4F98CA98C4691460AF15C
:100A9000FF31A1EB0E0109B208E4B4F88EC931466A
:100AA000B4F98CA90CF1FF3CACEB020C1FFA8CF9E9
:100AB0000FFA8CFCFFF7FABBB4F98CA9B4F88EC915
:100AC0000AF1FF310CF1FF3C891AACEB0E0C09B2B4
:100AD0001FFA8CF90FFA8CFCFFF7E8BB0021022506
:100AE0009847D4F8AC09FFF7E3BAD4F8C429D4F88E
:100AF000D4091368AB4D23EA0003D4F8A81905F113
:100B0000060E1360D4F8BC29D4F8C03915F8017B5F
:100B100000293FD0D1F800C0CCF86470DCF85C004C
:100B200010F4F81FFAD0DCF874007545EED1D4F853
:100B3000C829D4F8D80913680343136039B3CB7CB0
:100B40002BB3DE0704D5886A4FF0E022C2F800011B
:100B50009D0704D5C86A4FF0E022C2F80401580787
:100B600004D5086B4FF0E022C2F808011A0704D53B
:100B7000486B4FF0E022C2F80C01DB0607D58A6B08
:100B80004FF0E0230120C3F81021FFF7FCBA012049
:100B9000FFF7F9BA106817F0800FD4F8CC690CBFD2
:100BA000B043304317F0400F10601868D4F8D06994
:100BB00040EA060018601868D4F8D06920EA0600F8
:100BC00018601068D4F8CC690CBFB043304317F0FC
:100BD000200F10601868D4F8D06940EA0600186049
:100BE0001868D4F8D06920EA060018601068D4F8B4
:100BF000CC690CBFB043304317F0100F1060186879
:100C0000D4F8D06940EA060018601868D4F8D069B2
:100C100020EA060018601068D4F8CC690CBFB04315
:100C2000304317F0080F1060D4F8D069186840EA14
:100C3000060018601868D4F8D06920EA0600186029
:100C40001068D4F8CC690CBFB043304317F0040FE0
:100C500010601868D4F8D06940EA06001860186877
:100C6000D4F8D06920EA060018601068D4F8CC697E
:100C70000CBFB043304317F0020F10601868D4F86F
:100C8000D06940EA060018601868D4F8D06920EAF4
:100C9000060018601068D4F8CC690CBFB04330432C
:100CA00017F0010F10601868D4F8D06940EA060008
:100CB00018601868D4F8D06920EA06001860106837
:100CC000D4F8CC7914BF3843B84310601868D4F80E
:100CD000D079384318601868D4F8D07920EA070032
:100CE000186022E794F9B5391225012B0CBF9F2318
:100CF000CF2384F8E439FFF795B92B4881422DD8EA
:100D00002A499964A1F121615A62A1F60C41284A4D
:100D10009962DA62FFF74EB9B4F896390633A4F84F
:100D20009639FFF739BA204881420ED81F49996495
:100D3000A1F121615A62A1F60C411D4A9962DA6261
:100D4000FFF717BAD4F8A819F1E61A4999645A625C
:100D50001949174A9962DA62FFF70BBA1549996483
:100D60005A621549124A9962DA62FFF723B9904232
:100D700043D3B0FBF2F1B0FBF1F090427FF6BDAC93
:100D8000BAE49B680D4A1A6055E49B680C4A1A60E5
:100D90003EE40A4B0B6017E400219847D4F8AC09F5
:100DA000FFF77BB9882600603F420F001C1A120C27
:100DB000007F05000A0907046009010138F00100FD
:100DC0003830010094F9B5391225012B0CBF1023DE
:100DD000CF2384F8E439FFF725B994F9B539022512
:100DE000012B0CBF1023AF2384F8E439FFF71AB9A5
:100DF000DA6890E4314AFFF79CBA00228AE4304A6C
:100E000088E42F4AFFF795BB0022FFF792BBDA6810
:100E1000FFF790BB94F9B719CBB2272B0DD8180167
:100E200002EB031310585D68D3E9026743683B4344
:100E300043603823336015232B6094F9B859EBB223
:100E4000272B0ED8180102EB03131658D3E9027CA6
:100E500070685B6840EA0C007060382038601520CC
:100E6000186002EB01130901DB68C4F8CC39535850
:100E70002901C4F8BC3902EB05135258D968C4F8EB
:100E8000C029C4F8D019136823EA0103136094F948
:100E9000BB39002BFFF648ACFFF77EBB1FFA8CFC7A
:100EA000FF270846B1F8008002310078604508BF8E
:100EB0004FEA18279942F4D3FEF7B2BE381E00203D
:100EC000FF7F7F00D1ED0C6A92ED000AF5EE406ADB
:100ED000D2ED017A92ED027AF1EE10FA30B52DEDF5
:100EE000028B91B00C4605468DED020ACDED037ADA
:100EF0008DED047A40F0BA80D4ED075AD4ED086A3B
:100F000030EE650A94ED0B8A94ED0E6A77EEE67A80
:100F1000DFED6A6AA6EE080A94F8343077EEA67A16
:100F200037EE267ACDED037A8DED047A8DED020A47
:100F30005BB167EEA77AE0EE007AF4EE667AF1EE46
:100F400010FA00F1B680B1EEE70AF0EE480A18F0A8
:100F50000BFBF1EE087AB0EEC00A9FED587A20EE56
:100F6000270AC0EE087A77EE877ABBFE677ABCEE76
:100F7000C77A8DED017A9DF80430042B13D8002137
:100F80005A1C2980D2B2A97094F8351099B103EB9C
:100F90004303284623449A889B792A80AB7011B07A
:100FA000BDEC028B30BD002100222980A97094F88D
:100FB00035100029EBD1591C07EE103A02EB420222
:100FC000DFED3E3A05EE101AB8EE477A224403EB05
:100FD0004303B8EEC55A284677EEC77A1C44137906
:100FE000F7EE005A35EE475A06EE903A537987EEFF
:100FF000856A07EE103A9379227907EE903A637981
:1010000004EE102A04EE903AA379F8EEE66AB8EE00
:10101000C77A05EE103AF8EEE77AB8EEC44AF8EE71
:10102000E44AB8EEC55A36EE236A75EEC65A66EE45
:10103000866A27EE067A67EE867AE4EE256AA5EEE2
:10104000A47AE5EE857AFCEEE66ABCEEC77AFCEEA1
:10105000E77A16EE901A17EE102A17EE903A2970DA
:101060006A70AB7011B0BDEC028B30BD144A002326
:1010700009A905A809930A93B2F85C32CDED0B6A71
:10108000ADF83030D2F860320D93D2F864320E935E
:10109000D2F868320F930CF0C3FD02AA05A909A883
:1010A00007F01EFF9DED090ADDED0A7A9DED0B7A32
:1010B00022E7B0EE670A17F06FFF46E70000000076
:1010C000B867002030B583B004461831069D0095FE
:1010D000FFF7F8FE204603B030BD00BFD1ED096A2E
:1010E00092ED000AF5EE406AD2ED017A92ED027AB5
:1010F000F1EE10FA30B52DED028B91B00C4605469D
:101100008DED020ACDED037A8DED047A50D1D4ED48
:10111000045AD4ED056A30EE650A94ED088A94ED20
:101120000B6A77EEE67ADFED646AA6EE080A94F8B9
:10113000283077EEA67A37EE267ACDED037A8DED5C
:10114000047A8DED020A5BB167EEA77AE0EE007AD1
:10115000F4EE667AF1EE10FA00F1A980B1EEE70A3A
:10116000F0EE480A18F000FAB0EEC00A9FED526A9D
:10117000002330EE000A2B80AB7094F82920C0EEDB
:10118000087A77EE867ABBFE677ABCEEC77A8DED79
:10119000017A9DF8043072B303EB430328462344DD
:1011A0009A889B792A80AB7011B0BDEC028B30BD60
:1011B000424A002309A905A809930A93B2F85C32B0
:1011C000CDED0B6AADF83030D2F860320D93D2F825
:1011D00064320E93D2F868320F930CF021FD02AA0C
:1011E00005A909A807F07CFE9DED090ADDED0A7A44
:1011F0009DED0B7A8BE75A1C06EE903AB7EE005A3B
:10120000284607EE102AF8EE666AB3FA83F203EB7B
:101210004303B8EEC77A77EEE67A5209234437EEF5
:10122000667A02EB4202197914445A79C7EE875A5A
:101230009B7904EE102A227904EE903A637906EE47
:10124000902A03EE901A07EE103AA379F8EEE66AB8
:1012500007EE903AB8EEC77AF8EEE33AF8EEE77A9E
:10126000B8EEC44AF8EEE44A35EE866A75EE465AA0
:1012700066EE866A27EE067A67EE867AE3EEA56A60
:10128000A5EE847AE5EEA47AFCEEE66ABCEEC77AB7
:10129000FCEEE77A16EE901A17EE102A17EE903A47
:1012A00029706A70AB7011B0BDEC028B30BDB0EE2E
:1012B000670A17F071FE53E700000000B8670020CE
:1012C000D1ED0A6A92ED000AF5EE406AD2ED017A9C
:1012D00092ED027AF1EE10FA30B52DED028B91B05D
:1012E0000C4605468DED020ACDED037A8DED047AAC
:1012F00040F0BA80D4ED055AD4ED066A30EE650AA6
:1013000094ED098A94ED0C6A77EEE67ADFED6A6A6D
:10131000A6EE080A94F82C3077EEA67A37EE267AF5
:10132000CDED037A8DED047A8DED020A5BB167EEA7
:10133000A77AE0EE007AF4EE667AF1EE10FA00F1A8
:10134000B680B1EEE70AF0EE480A18F00DF9F1EEBA
:10135000007AB0EEC00A9FED587A20EE270AC0EE60
:10136000087A77EE877ABBFE677ABCEEC77A8DED96
:10137000017A9DF80430022B13D800215A1C2980D1
:10138000D2B2A97094F82D1099B103EB430328460B
:1013900023449A889B792A80AB7011B0BDEC028BF4
:1013A00030BD002100222980A97094F82D10002959
:1013B000EBD1591C07EE103A02EB4202DFED3E3A48
:1013C00005EE101AB8EE477A224403EB4303B8EE59
:1013D000C55A284677EEC77A1C441379F7EE005AAF
:1013E00035EE475A06EE903A537987EE856A07EE56
:1013F000103A9379227907EE903A637904EE102A35
:1014000004EE903AA379F8EEE66AB8EEC77A05EEF4
:10141000103AF8EEE77AB8EEC44AF8EEE44AB8EECD
:10142000C55A36EE236A75EEC65A66EE866A27EE10
:10143000067A67EE867AE4EE256AA5EEA47AE5EEF2
:10144000857AFCEEE66ABCEEC77AFCEEE77A16EE29
:10145000901A17EE102A17EE903A29706A70AB7046
:1014600011B0BDEC028B30BD144A002309A905A8B8
:1014700009930A93B2F85C32CDED0B6AADF83030C7
:10148000D2F860320D93D2F864320E93D2F86832FB
:101490000F930CF0C5FB02AA05A909A807F020FDCF
:1014A0009DED090ADDED0A7A9DED0B7A22E7B0EE9B
:1014B000670A17F071FD46E700000000B8670020DA
:1014C0002DE9F0470C46916805469A46D4ED0D7A11
:1014D00092ED007AD2ED016A2DED028B9FEDA78A85
:1014E00090B0F4EE487A0491F1EE10FA04D094F83A
:1014F0007221002A00F0CA80FDEEE77AA0499FED34
:10150000A16ADFEDA15A17EE902A81FB0201D017E4
:101510001144C0EB21214FF4B47000FB112207EEFF
:10152000902AF8EEE77A37EEC66AB0EEC66AB4EEF5
:10153000E56AF1EE10FA40F1E580B1EE477AD4EDBC
:10154000097ABBEE046ADFED915A76EEE77A94ED04
:101550000A5AD4ED073A37EE457A94ED084A67EE19
:10156000A55ACDED027ADFED8A4AB3EE045A67EE52
:10157000066A8DED037AC5EEA37A86EE847A77EE5D
:10158000A47AFBFE677AFDEEE77A37EE057A17EE6E
:10159000902AFBFE477AFDEEE77AB2F5C36F17EEAD
:1015A000901A68D2132966D87A4FC817B4F8708198
:1015B00087FB01EC784E4FEA4809C0EBAC00366877
:1015C00087FB02C74FEAE27E844600EB8000CEEB49
:1015D000A70EA1EB4000B6FBF9F109FB11669C21B7
:1015E00001FB0C4C40F201214645F44494BF002617
:1015F00001269CF8387021FA00FC1CF0010F19D06C
:101600005A2F38D9002E36D0216953461A980A68C5
:10161000009005A8146802AAA047604B284609AAB2
:1016200005A9099307F036FE284610B0BDEC028BE1
:10163000BDE8F0870EEB8E0EA2EB4E02C2F109025E
:10164000D2B2D140CB07DBD4A7F12F01C9B24F29C9
:101650007FD8534B03EB810189690144013A5A2F2A
:1016600011F8011C41FA02F202F0010279D9002EB0
:1016700071D0002AC8D0B4F81720637E2A80AB70DE
:10168000284610B0BDEC028BBDE8F087454A05A89E
:10169000D4ED0C5AB2F85C1294ED0B6A76EEE56A62
:1016A000ADF83010D2F8601237EE467ACDED036A0D
:1016B0000D91D2F86412D2F868220E9109A98DED2D
:1016C000027ACDED0B7A0F928DED098A8DED0A8AA3
:1016D0000CF0A6FA05A909A802AA07F001FC9DEDE5
:1016E0000B6ADDED097A36EE086A9DED0A7AD4EDD3
:1016F0000B6AD4ED0C5A77EEA66A8DED046A37EECC
:10170000257A1CE79FED286A37EEC66AB0EEC66AF6
:10171000B4EEE56AF1EE10FA06D5F1EE477AB1EED5
:10172000667AF0EE676A0AE79FED206A77EEC67A7E
:10173000F0EEE77AF4EEE57AF1EE10FA02D5F1EE8A
:10174000666AFCE6F0EE667AF0EE476AB0EE677A1B
:10175000F5E6174981E75A2F03D9002A7FF454AFE1
:1017600089E7002A87D0216953461A9C02AA086893
:10177000009404682846A04782E700BF00000000EC
:10178000B7600BB60000B442000034420000C3C48E
:101790000000C344676666660CC301200000344342
:1017A00064220020B8670020000034430000874313
:1017B000742200202DE9F04F104C87B0064600211E
:1017C000B4F98E29D4F8B009D31DDFF834B048BF7E
:1017D00002F10E03B4F98C29DB1003FB02F218F0BE
:1017E00063FE0020019602461FFA80F900230FFADB
:1017F00080F800F0070A0BEB001C0BE0C05600203D
:10180000642200205200D2B212F0800F0FD10133B7
:10181000802B39D019B213F007069FB20D46F1D1D3
:101820000CEBE10292F8582112F0800FEFD0B4F9DE
:1018300090E98E45EBDDB4F992194145E7DD94F866
:101840009E19022900F0B682032900F0A88201291E
:10185000B4F98CE900F09D821F4656464546002D9E
:1018600003F10103B8BF0735802B4FEAE50515FBEF
:101870000E714FF00105D4F8B07905FA06F67D5CDB
:1018800045EA06057D54C5D101304028ACD1019E02
:10189000002140F20112BF4F96F8DC30C4F89819CD
:1018A000A4F89C29002B00F094823A78D6F8D8301E
:1018B0001AB9B94A127803EB820302AD19682846B7
:1018C00016F0AAFA2B4600220D2103200BF0D8FEB9
:1018D00002981FF031F83B78002B40F09282AE4B1B
:1018E0005B7802334FF0000856F823A0CDF8108043
:1018F00050468DF81480CDE9028819F063FC8146CA
:1019000058B101301FF010F838B1514680F800800E
:101910000290CDE9039918F051FE2B4601220D21CA
:1019200022200BF0ADFE02981FF006F83B78002B4A
:1019300040F06B82984BDB7902334FF0000856F889
:1019400023A0CDF8108050468DF81480CDE9028890
:1019500019F038FC814658B101301EF0E5FF38B16E
:10196000514680F800800290CDE9039918F026FED8
:101970002B4607220D2142200BF082FE02981EF01A
:10198000DBFF3B78002B40F03E82834BDB7820333B
:101990004FF0000856F823A0CDF8108050468DF87F
:1019A0001480CDE9028819F00DFC814658B1013050
:1019B0001EF0BAFF38B1514680F800800290CDE9A0
:1019C000039918F0FBFD2B4603220D2162200BF03A
:1019D00057FE02981EF0B0FF3B78002B40F02582A6
:1019E0006D4BDB7A0C334FF0000856F823A0CDF88E
:1019F000108050468DF81480CDE9028819F0E2FB82
:101A0000814658B101301EF08FFF38B1514680F841
:101A100000800290CDE9039918F0D0FD2B460B22EF
:101A20001C2103200BF02CFE02981EF085FF3B7852
:101A3000002B40F0F881584B9B7802334FF00008A0
:101A400056F823A0CDF8108050468DF81480CDE9CB
:101A5000028819F0B7FB814658B101301EF064FFCF
:101A600038B1514680F800800290CDE9039918F012
:101A7000A5FD2B4602221C2122200BF001FE02981C
:101A80001EF05AFF3B78002B40F0CB81424B1B7A73
:101A900016334FF0000856F823A0CDF810805046BA
:101AA0008DF81480CDE9028819F08CFB814658B17D
:101AB00001301EF039FF38B1514680F800800290A5
:101AC000CDE9039918F07AFD2B4608221C2142200B
:101AD0000BF0D6FD02981EF02FFF3B78002B40F054
:101AE0009E812D4B5B7920334FF0000856F823A0E0
:101AF000CDF8108050468DF81480CDE9028819F099
:101B000061FB814658B101301EF00EFF38B15146DD
:101B100080F800800290CDE9039918F04FFD2B4624
:101B200005221C2162200BF0ABFD02981EF004FF81
:101B30003B78002B40F07181174B5B7A22334FF0DA
:101B4000000856F823A0CDF8108050468DF8148078
:101B5000CDE9028819F036FB814658B101301EF0FC
:101B6000E3FE38B1514680F800800290CDE9039938
:101B700018F024FD2B4609222D2103200BF080FDB7
:101B800002981EF0D9FE3B78002B40F04481024BB6
:101B90001B7903E089B101208CB1012002334FF0A1
:101BA000000856F823A0CDF8108050468DF8148018
:101BB000CDE9028819F006FB814658B101301EF0CC
:101BC000B3FE38B1514680F800800290CDE9039908
:101BD00018F0F4FC2B4604222D2122200BF050FD9E
:101BE00002981EF0A9FE3B78002B40F01281904B2A
:101BF0009B7A22334FF0000856F823A0CDF81080CE
:101C000050468DF81480CDE9028819F0DBFA814640
:101C100058B101301EF088FE38B1514680F800807E
:101C20000290CDE9039918F0C9FC2B460A223C2109
:101C300003200BF025FD02981EF07EFE3B78002B62
:101C400040F0E5807A4B1B7B0233002756F8238057
:101C5000049740468DF81470CDE9027719F0B2FA76
:101C6000064650B101301EF05FFE30B141460770AC
:101C70000290CDE9036618F0A1FC2B463C210C2212
:101C800022200BF0FDFC02981EF056FE4FF0000CD7
:101C900023254FF0010E6146AFB24222002304EB30
:101CA0000C0608E04900C9B208060CD40133013221
:101CB000402B92B23BD013F0070F18B2F2D1C010F4
:101CC000315C0806F2D510B2B4F990898045EDDD9B
:101CD000B4F99289A845E9DD94F89E89B8F1020F1C
:101CE00046D0B8F1030F35D0B8F1010F29D0B4F9BF
:101CF0008CA9B946A846B8F1000F09F0070903F10D
:101D0000010302F10102B8BF08F107080EFA09F950
:101D1000402B92B24FEAE80818FB0A00D4F8B0A9A9
:101D20001AF8008028EA09080AF80080C3D17D1C4F
:101D30000CF1080CABB22DB2432BADD107B0BDE80E
:101D4000F08FB4F98CA9804691460AF1FF30C01B90
:101D500000B2D0E7B4F88E892846B4F98CA908F10E
:101D6000FF38A8EB02081FFA88F90FFA88F8C2E7D3
:101D7000B4F98CA9B4F88E890AF1FF3008F1FF3864
:101D8000801AA8EB070800B21FFA88F90FFA88F842
:101D9000B1E70EF1FF37A7EB09073FB25FE5B4F8F3
:101DA0008E69B4F98CE9013EF61B074635B206F0A0
:101DB000070654E5B4F98CE9B4F88E690EF1FF31E9
:101DC000013ECF1BA6EB09063FB235B206F007066F
:101DD00045E53A780AB9164B1B782C3302AD56F814
:101DE0002310284616F018F82B46032000220D2158
:101DF0000BF046FC02981EF09FFD3B78002B3FF451
:101E00006EAD00236DE50023C1E5002394E50023BA
:101E10001AE70023EDE60023C0E600238EE6002348
:101E200061E6002334E6002307E60023DAE500BF7D
:101E30008CB101202DE9F0414A4C4B4D94F8F079DA
:101E40001C2F52D895F86C32002B38D1474B3B44AD
:101E500093F85835FF2B48D01E0649D4444E3360C2
:101E6000336AD80704D408F0ADFD336AD907FAD530
:101E70003F4BD3ED097AF8EEE77AB4F8F2293D4802
:101E8000531C911C05EB820289B2C2ED9C7A9BB275
:101E9000B4F8FE29B1F5007F05EB8303A4F8F2192D
:101EA00000EB820002F10102A4F8FE294FF00002CB
:101EB000C0ED007AC3F870222CD2BDE8F0812C4E20
:101EC000DFF8B88001E008F07DFDB36C1B06FAD4A2
:101ED000D8F8483013F08003F5D185F86C32234BE5
:101EE0003B4493F85835FF2BB6D1DFED237AC4E796
:101EF000224E03F07F033360336ADA0704D408F01C
:101F000061FD336ADB07FAD51C4BD3ED097AF8EE95
:101F1000E77AB2E71A4EF168F1B11A4B00201A4A7B
:101F20000B44F0601B1105EB8305C5F8880A886037
:101F30000120C860FF201549D0545378107883429F
:101F400028BF03469078D278834228BF0346934245
:101F500028BF134681F87A30012384F8FC39BDE8A4
:101F6000F08100BFC0560020B86700206422002026
:101F700000400C409CB301200000000000800C4099
:101F8000884A002000BFF7BF804A002000E400E03C
:101F9000D1ED857A9FEDBA7AF0EEE76AF0B5F4EE0E
:101FA000C76A0C460546F1EE10FA2DED068B8FB090
:101FB00040F1D280D2ED008A91ED837A92ED018AD0
:101FC000D1ED847A78EEC78A38EE678AD4ED819AAB
:101FD000B1EE699AB4EEE89AF1EE10FA05DDF4EE8E
:101FE000E89AF1EE10FA00F1968094ED82AAF1EEF3
:101FF0004A7AF4EEC87AF1EE10FA05DDB4EEC8AA1A
:10200000F1EE10FA00F18780F0EE680AB0EE480AAF
:1020100017F0A8FA9FED9B7A28EE088AC0EE077A9F
:10202000A8EEA88AB5EE408AF1EE10FA67EE8A8A29
:1020300000F11F81F1EEC8AA94F828349FED926A4E
:1020400007EE903A94F829249FED900AF8EE677A0B
:1020500079EEA86A39EEA95A36EE677AC9EEA75A20
:1020600066EE876A86EE857A77EE277AFCEEE77A67
:10207000CDED037A9DF80C30591C07EE103A07EEAF
:10208000901AF8EEC76AB0EE497AF8EEE77AA5EE54
:10209000A67AA5EEA79A78EEC78A39EE479AC8EED7
:1020A000897A77EE867A002A3DD127EE800A9E0053
:1020B00017F090FBF7EE007AB6EE006AD4F82472BF
:1020C00037EEC00ABB19D3ED016A20EE060A93ED84
:1020D000007A77EEC07A20EE260AA7EE270AF1EE04
:1020E0006A7A94F82A34F7EE006A87EE8A7A37EE35
:1020F000267A002B5BD1B1EE006ADFED657A002312
:10210000E0EE067A76EEE77A77EEC77AF5EEC07AF9
:10211000F1EE10FA7BD4002328462B80AB700FB071
:10212000BDEC068BF0BD27EE800A04EB830617F0AA
:1021300051FBF7EE007AB6EE006AD6ED8B6A96EDAB
:102140008A7A37EEC00A20EE060A77EEC07A20EED1
:10215000260AA7EE270AC2E79FED4E7AD1ED84AAA0
:1021600027EE878AD2ED018A91ED83AAD2ED009AFB
:1021700078EEEA8AB0EE480A17F02CFBB0EE409AEF
:10218000B0EE480A79EECA9A17F020FA28EE898A4A
:1021900060EE688AA9EE808AE9EE898A3AEE888A3A
:1021A0007AEE288A38EE6A8A78EECA8A0EE7DFED80
:1021B0003A7AF1EE045A94ED876A60EE277A36EEA9
:1021C000656A77EEAA5AF4EEC65AF1EE10FAA2DD6D
:1021D0007AEEE77AB4EEE76AF1EE10FA9BDD9FED56
:1021E0002F6ADFED2F7AE0EE46AAF4EEE7AAF1EED1
:1021F00010FA2FDCDFED2B7AF4EEE7AAF1EE10FAFD
:1022000089D576EEC06AD4F87C14002303E076EE1C
:10221000C06AD4F87C1476EEC76A0A68166806931A
:1022200007930893CDED056A099305AA0A9304A8BC
:102230000B930C930D930BAB009308ABB047284660
:1022400004F5067204A907F025F828460FB0BDEC86
:10225000068BF0BD30EE260AD4F87C1400230A6801
:1022600030EE470A16680693079308938DED050A2A
:10227000DAE7B0EE480A16F08FFEF0EE40AADBE691
:10228000CDCCCC3DDB0FC94000000000DB0F494046
:102290009A99193E35FA8E3C0000164300004842D8
:1022A000000096420000FA42D1ED0A7AF5EE407A3B
:1022B00070B5F1EE10FA96680C4605462DED048BCC
:1022C000D2ED008A8EB092ED018ACDED008A8DEDBF
:1022D000018A029646D128EE080AA8EEA80AB5EEB1
:1022E000400AF1EE10FA6FD4B1EEC09AF0EE680A2F
:1022F000B0EE480A17F036F9F0EE407AD4ED086AED
:10230000B7EEC90A9FED357A67EEA67AD4ED098A51
:102310009FED301B87EE878A16F060FE237B2846F0
:10232000626807EE903AB7EEC00BF8EEE77AB0EECF
:10233000487AA8EE807AFBFE476A37EE667A67EE47
:10234000877AFBFE677AFDEEE77A17EE903A03EBA9
:102350004303D118D25A8B782A80AB700EB0BDECF3
:10236000048B70BD1E4A002307A903A80793089396
:10237000B2F85C32CDED097AADF82830D2F860328F
:102380000B93D2F864320C93D2F868320D930BF0B1
:1023900047FC94ED057A03A9D4ED047A07A838EE3A
:1023A000478A6A4678EEE78A02968DED018ACDED7E
:1023B000008A06F095FDDDED078A9DED088ACDEDDA
:1023C000008A8DED018A86E716F0E6FDB0EE409AB0
:1023D0008CE700BF000000403333D33FDB0F4940A0
:1023E000B867002030B583B004462831069D0095BB
:1023F000FFF75AFF204603B030BD00BF70B504465A
:1024000004302DED068BB0EE408A96B006F0DAFF70
:10241000DFEDDF7ADFEDDF5AB6EE009A68EE277A5D
:10242000DFEDDD6AF2EE084A04F20C76B0EE496A9E
:10243000DFEDDAAA77EEA77A96ED007A9FEDD85A0B
:10244000A0EE246ADFEDD79A67EEA57A37EE2A7AF6
:10245000E0EE059AC7EEA68A86ED007A84ED116A51
:1024600068EE898AB0EE680A17F0B0F8B0EE408ADC
:10247000B0EE680A17F0AEF9256B28EE098AB7EEC0
:10248000009A2B78F0EE408A06EE903A6B7830EEA8
:10249000499A07EE103AAB78B0EEC8AAB0EEC99AE6
:1024A00007EE903AF8EE666AB8EE477AB4EEEA9A2A
:1024B000F8EE677AF1EE10FA05D5B4EEEAAAF1EE7D
:1024C00010FA00F18C8128EE086A0023CDED036A32
:1024D0008DED047AB0EE460A0293CDED057AA8EEB2
:1024E000A80A30EE060A30EE060AB5EE400AF1EE12
:1024F00010FA00F1E482B1EEC07A02AA06A912A88D
:10250000F7EE006AC6EE877A28EE277A68EEA77A99
:10251000F1EE476A8DED077ACDED067A8DED087AFA
:102520008DED097ACDED0A7ACDED0B6ACDED0C6A11
:10253000CDED0D6A06F0C8FD0AAA12A90EA806F094
:10254000C3FDDDED0F6A9FED986A9DED107AF4EE04
:10255000C66ADDED117AF1EE10FA40F32781FF2112
:10256000DFED916AB4EEE67AF1EE10FA00F32C8119
:10257000B5EEC07AF1EE10FA40F1828200229FEDB2
:102580008A7AF4EEC77AF1EE10FA00F32681F5EEBE
:10259000C07AF1EE10FA00F17A82FCEEE77ACDED26
:1025A000017A9DF8043084F8241084F8252084F8FA
:1025B00026309FED7A6AEB78B4EEC69A06EE903A32
:1025C0002B7907EE103A6B79F1EE10FA07EE903A9C
:1025D000F8EE666AB8EE477AF8EE677A40F1D18194
:1025E000B4EEC6AAF1EE10FA40F1CB81FCEEE66A39
:1025F000CDED016A9DF80410DFED6B6AB4EEE67A6A
:10260000F1EE10FA00F31782B5EEC07AF1EE10FA8F
:1026100040F13F8200229FED647AF4EEC77AF1EE3A
:1026200010FA00F31182F5EEC07AF1EE10FA00F123
:102630001382FCEEE77ACDED017A9DF8043084F840
:10264000271084F8282084F829309FED546AAB794C
:10265000B4EEC69A06EE903AEB7907EE103A2B7A72
:10266000F1EE10FA07EE903AF8EE666AB8EE477AA5
:10267000F8EE677A40F12081B4EEC6AAF1EE10FAC6
:1026800040F11A81FCEEE66ACDED016A9DF8041076
:10269000DFED456AB4EEE67AF1EE10FA00F36681FA
:1026A000B5EEC07AF1EE10FA40F1E18100229FED23
:1026B0003E7AF4EEC77AF1EE10FA00F36081F5EE9F
:1026C000C07AF1EE10FA00F1D981FCEEE77ACDED97
:1026D000017A9DF8043084F82A1084F82B2084F8BD
:1026E0002C309FED2E6A6B7AB4EEC69A06EE903AC5
:1026F000AB7A07EE103AEB7AF1EE10FA07EE903A69
:10270000F8EE666AB8EE477AF8EE677A6ED5B4EE00
:10271000C6AAF1EE10FA69D5FCEEE66ACDED016AC3
:102720009DF80410DFED206AB4EEE67AF1EE10FABF
:1027300000F3B780B5EEC07AF1EE10FA40F1908167
:1027400000229FED197AF4EEC77AF1EE10FA00F349
:10275000B180F5EEC07AF1EE10FA00F17F81FCEE67
:10276000E77ACDED017A9DF8043084F82D1084F8D5
:102770002E2084F82F30C4ED179AC4ED189AC4EDBA
:10278000199A3368A36716B0BDEC068B70BD00BF05
:102790000000B443DB0F4940000034436F12833A1A
:1027A0006F12833B0AD7A33B00007F43F5EEC06A5C
:1027B000F1EE10FA13D55FED046A0021B4EEE67A6B
:1027C000F1EE10FA7FF7D4AE1FED097AFF22F4EE96
:1027D000C77AF1EE10FA7FF7DAAEFF23E3E6FCEEFC
:1027E000E66ACDED016A9DF80410B9E628EE086AA4
:1027F0000023CDED036A8DED047AB0EE460A029314
:10280000CDED057AA8EEA80A36EE000A30EE060AEB
:10281000B5EE400AF1EE10FA00F14281B1EEC07A55
:1028200002AA06A912A8F7EE006AC6EE877A28EE79
:10283000278A68EEA78AF1EE487A8DED078ACDEDFA
:10284000068A8DED088ACDED0B7ACDED0C7ACDEDB3
:102850000D7A8DED098ACDED0A8A06F035FC0AAABB
:1028600012A90EA806F030FCDDED0F6A1FED326AEA
:102870009DED107AF4EEC66ADDED117AF1EE10FAF4
:1028800000F3E880F5EEC06AF1EE10FA7FF544AF90
:102890005FED3B6A0021B4EEE67AF1EE10FA7FF7C5
:1028A00049AF1FED3F7AFF22F4EEC77AF1EE10FA3E
:1028B0007FF74FAFFF2358E728EE086A0023CDEDDE
:1028C000036A8DED047AB0EE460A0293CDED057AE7
:1028D000A8EEA80A36EE000A30EE060AB5EE400A67
:1028E000F1EE10FA00F1E180B1EEC07A02AA06A979
:1028F00012A8F7EE006AC6EE877A28EE277A68EE0D
:10290000A77AF1EE476A8DED077ACDED067A8DED67
:10291000087A8DED097ACDED0A7ACDED0B6ACDED11
:102920000C6ACDED0D6A06F0CFFB0AAA12A90EA81B
:1029300006F0CAFBDDED0F6A1FED656A9DED107AAA
:10294000F4EEC66ADDED117AF1EE10FA7EDCF5EEFA
:10295000C06AF1EE10FA7FF595AE5FED6D6A002169
:10296000B4EEE67AF1EE10FA7FF79AAE1FED727AC6
:10297000FF22F4EEC77AF1EE10FA7FF7A0AEFF2344
:10298000A9E628EE086A0023CDED036A8DED047AEE
:10299000B0EE460A0293CDED057AA8EEA80A36EE0F
:1029A000000A30EE060AB5EE400AF1EE10FA00F128
:1029B0008180B1EEC07A02AA06A912A8F7EE006AD9
:1029C000C6EE877A28EE277A68EEA77AF1EE476A94
:1029D0008DED077ACDED067A8DED087A8DED097AC9
:1029E000CDED0A7ACDED0B6ACDED0C6ACDED0D6A19
:1029F00006F06AFB0AAA12A90EA806F065FBDDED37
:102A00000F6A1FED976A9DED107AF4EEC66ADDED50
:102A1000117AF1EE10FA1BDCF5EEC06AF1EE10FA55
:102A20007FF5E4AD5FEDA06A0021B4EEE67AF1EE49
:102A300010FA7FF7E9AD1FEDA47AFF22F4EEC77A12
:102A4000F1EE10FA7FF7EFADFF23F8E5FF211FE667
:102A5000FF21D1E5FF2165E60023F0E5002384E6B0
:102A6000BCEEC77A8DED017A9DF8042069E6BCEED4
:102A7000C77A8DED017A9DF8042018E600232AE636
:102A8000BCEEC77A8DED017A9DF8042077E500232E
:102A900089E5BCEEC77A8DED017A9DF80420BAE590
:102AA00016F07AFAB0EE407ABAE616F075FAB0EEA1
:102AB000407A1BE716F070FAB0EE407A7BE716F02A
:102AC0006BFAB0EE407A18E5704700BF704700BF60
:102AD000704700BF704700BF704700BF026812B365
:102AE000114B124913441B1110B401EB8301002454
:102AF000C1F8884A01219460FF24D1600C4A0D4935
:102B0000D45413785478A34228BF23469478D278BB
:102B1000A34228BF2346934228BF134681F87A3048
:102B20005DF8044B7047704700BFF7BFB8670020DF
:102B3000804A002000E400E0704700BF704700BFFB
:102B4000704700BF70B5074B0646044600F5007598
:102B5000036054F8040F08B11DF0EEFEAC42F8D14A
:102B6000304670BDF4200020704700BF704700BFA2
:102B700070B5074B0646044600F50075036054F82F
:102B8000040F08B11DF0D8FEAC42F8D1304670BD3C
:102B9000E0200020F8B52DED028B90F8B460F0EE47
:102BA000408A0446272E0ED8721C00EB8603D0B252
:102BB000012884F8B40083ED010A94ED018A1DD048
:102BC00004F108050BE000F108059C2204302946B9
:102BD0001DF098FD94ED018A3046C4ED288A2946FF
:102BE0000123F1EC017A0133F4EE487ADAB2F1EE26
:102BF00010FA48BFB0EE678A8242F2D3256804EB30
:102C00008506D6ED287AF4EE487AF1EE10FA02D174
:102C100094F8B53093B915F0FF0704F1A40306D07A
:102C20001846BA0004F1A8011DF06CFD034603EB41
:102C30008703002243F8042C86ED288A002D17DD37
:102C40000023DFED0D7A1A46013304EB8202DBB27A
:102C500092ED297A9D4277EE877A1A46F4DC07EEE8
:102C6000105AB8EEC70ABDEC028B87EE800AF8BD99
:102C7000DFED017AF3E700BF000000002DE9F04F1F
:102C8000C04B00F5405504461B68EA6FB5F880104C
:102C90009A1A2DED0C8B8A4295B0F0EE408A04957D
:102CA000C0F0A282049AD367B74B1B78002B00F0C8
:102CB000A782B64BF3EE096ADFEDB57A93ED007AA1
:102CC000A3F64423DFEDB35AE7EE276A0393B24B32
:102CD0009FEDB27AD3ED019A76EEE97AF0EEE77ADB
:102CE000F4EEC77AF1EE10FA1FD493ED006AF5EE18
:102CF000007A93ED027A93ED065A29EE877A26EE52
:102D0000055A83ED037A37EE057A83ED045A37EEE0
:102D1000267AF0EE466A83ED057AE7EE276AE6EE5C
:102D2000A79AC3ED006AC3ED019A9D4B9FED9B7A74
:102D300093ED019A75EEC97AF0EEE77AF4EEC77A70
:102D4000F1EE10FA1DD4D3ED006AF5EE007A93EDA2
:102D5000027A93ED066A29EE077A26EE866A83EDFB
:102D6000037A37EE067A83ED046A37EE257AE7EECA
:102D7000276A83ED057AA6EEA79AC3ED006A83ED74
:102D8000019A884DB0EE680A9FED878A05F52A639F
:102D90008648874E83ED009AFFF730FB28EE888A3D
:102DA00096ED070A38EE088A28EE000A16F00EFCA7
:102DB000F0EE40AA96ED080A28EE000A16F006FC8E
:102DC000B0EE40AA96ED090A7A4E28EE000A16F0F7
:102DD000FDFBB1EE006A9FED787AF0EE085AF0EE56
:102DE000697A05F6A423AAEE067A05F6AC2260EE0F
:102DF000066AD5F8B41ADAEE867A93ED016AD5F848
:102E0000BC8AC6ED0D6A0591A9EE257AD3ED005A6C
:102E10006A4B77EEA57A1360F362694B37EE067A58
:102E2000C5ED767AC6ED097A536085ED777A86ED41
:102E30000A7A3363B8F1000F00F0048208F1010050
:102E40001DF072FD0746002800F0FC81059917F07F
:102E5000B5FB5FFA88F19C2941F29D8138461DF04F
:102E60006BFDD5F8CC3A0B2B40F2F581D5F8C86A4A
:102E70000C22544BC5F8D02A07CB1B783060716008
:102E8000B2603373404B1B78002B41F081814E4F71
:102E900079780DA80AF048FB0F9A0D994B4814F069
:102EA0007DFF0D981DF048FD374B1B78002B41F03E
:102EB0006C81454FB9780DA80AF036FB0F9A0D9931
:102EC000424814F06BFF0D981DF036FD2E4B1B7819
:102ED000002B41F085813C4F3D49FA783D4B002A5B
:102EE00018BF19460C22394814F058FF264B1B789E
:102EF000002B41F07281344F39790DA80AF014FB90
:102F00000F9A0D99314814F049FF0D981DF014FDEA
:102F10001D4B1B78002B41F066812B4F2C497A7991
:102F20002C4B002A18BF19460C22284814F036FFF3
:102F3000154B1B78002B41F01081234F2549BA799E
:102F4000234B002A08BF19460C22204814F026FF04
:102F50000D4B1B78002B41F00C811B4FF9790DA80C
:102F60000AF0E2FA0F9A0D99184814F017FF0D981D
:102F70001DF0E2FC044B1B78002B41F0F780124F50
:102F8000397A29E00CC3012089B1012004610020B5
:102F9000C54E6C3F0000C842C46000200AD7233CE5
:102FA000E4600020B8670020DB0F49408062002009
:102FB000884A00200C610020000020420000C84226
:102FC00000004842A04500208CB101208072002002
:102FD00080450020904500200DA80AF0A5FA0F9A20
:102FE0000D99AD4814F0DAFE0D981DF0A5FCAB4B21
:102FF0001B78002B41F0B780A94F797A0DA80AF011
:1030000093FA0F9A0D99A44814F0C8FE0D981DF07C
:1030100093FCA24B1B78002B41F0A280A04FB97A01
:103020000DA80AF081FA0F9A0D999B4814F0B6FE8C
:103030000D981DF081FC994B1B78002B41F09F806F
:10304000974FF97A0DA80AF06FFA0F9A0D999248E6
:1030500014F0A4FE0D981DF06FFC904B1B78002B14
:1030600041F08A808E4F397B0DA80AF05DFA0D99E8
:103070000F9A894814F092FE0D981DF05DFCD5F86A
:10308000C81AD5F8D07A0591002F01F07B80781C02
:103090001DF04AFC0646002801F07480059917F0DF
:1030A0008DFAF8B29C2841F2358030461DF044FC80
:1030B0007A4B1E78002E40F0F887794F3B7895F8D0
:1030C000D82A9A4200F0ED8785F8D83A754B9FEDE3
:1030D000766A93ED007ADFED757AB8EE477AC7EE3F
:1030E000066A77EEE67AC5ED957A6E4BDFED6E6A8D
:1030F00093ED007A95ED908AB8EE477AD5ED910A76
:1031000070EEC80A87EE260A30EE270A16F02CFA6F
:1031100038EE000A95F8483285ED940A23B195F807
:103120004A22002A40F07C87002E40F062875C4FE4
:10313000FB7A013BDBB2032B01F2B8865C4A02EB5F
:103140008303D3F87435B7EE007AD5ED967AF4EEB2
:10315000C77AF1EE10FA40F3958083ED017A3B7B5C
:1031600003EB830303EB8303DBB204F5005696F80D
:1031700010A786F81137BAF1270F00F2E5804D4904
:1031800011F82A2001EB8A09012A00F09B80022A0B
:1031900040F0DA8099F80120C2F30110032841F0D1
:1031A000D786454902F0030001EB401C4FEA401E60
:1031B000BCF80670BCF81020B8B2C0F1011010FACB
:1031C00082F2571E07FB03F3B7EB132F4FEA1320CE
:1031D00041F2B986131AC3F101039BB2714480B264
:1031E000ACF806300882A8E0012007F033FC2D4B34
:1031F000EA6F1B68B5F880109A1A8A42F4D351E539
:103200002E4AB2EE0A5A9FED2E6AB7EE007A92F875
:103210000838F3EE096ADFED255A002B03F10103AC
:10322000039207EE903A46FE255A02F64423F8EE42
:10323000E77A87EE856A77EE467A93ED007AE7EED5
:10324000876A44E5002738461DF076FBD5F8CC3A6E
:103250000B2B3FF60BAE0D21D5F8C80A1DF074FB01
:103260000646002800F0D2870C23C5F8C80AC5F826
:10327000CC3AD5F8D03A002B7FF4FAAD0370D5F8EC
:10328000C86AF5E5F5EEC07A0022F1EE10FA41F1D8
:1032900035865A6063E700BF8072002089B1012043
:1032A0008CB101200CC3012000007A440000000012
:1032B000642200205421002000801E40C0560020BF
:1032C0000000C84299F80100C0F30111032901F080
:1032D000C585B44A02EB813200F00300012199F860
:1032E00002C0814000EB400002EB401E1FFA81F853
:1032F000BEF80E104FEA0810B2F8887189B2BFB25A
:1033000001FB033380B21B0A07438B42A2F888718A
:1033100028BF0B46BCF1010F01F0BB85BCF1020FC9
:1033200001F0AC85BCF1000F01F09B85B2F888314B
:103330009BB248EA0308A2F888819B4B99F80320C6
:1033400003EB0A135B681A6042F2F060204406F057
:1033500039F804F51C5084EDAD0A06F033F8934BB0
:1033600084EDAE0A1B78002B40F03881904F7B79BA
:10337000002B46D0039B8F4A93F87839D2F800800F
:10338000002B41F096850CAB0DEE103A894B1B6873
:10339000A3EB0803642B01F2A985B5F8DA3AB5F876
:1033A000E01A08EE103A834B1A68D5F8DC3AD31AC3
:1033B0008B4281F02486804B93ED000A039BB8EE8C
:1033C000C88AB3F81C3807EE903AF8EEE77A77EE41
:1033D000807AB4EEE78AF1EE10FA41F3BE8501235C
:1033E00084F8A83244F24408704BA0441B78002BA8
:1033F00040F0FA80FB7A013BDBB2032B0CD96F4B18
:103400000FE00CAB44F244080DEE103AFB7AA044F6
:10341000013BDBB2032BF2D8694A02EB8303D3F8FA
:10342000743504F5804BCBF82431624BBBF82C117A
:103430001A68DBF82831D31A8B4280F0E480C4F894
:10344000188060493B79FA7801FB03F35E49053B3C
:1034500081FB0301DB17C3EBA10303F57A7307EECE
:10346000903A41F26403F8EEE77A3344C3ED007A10
:103470002AB3564BBBF8407093ED0A7ABFB143F6BE
:10348000C6720023224403E0013399B2B9420ED23E
:1034900032F8021F6B29F7D1F6EE007A03F2D2233D
:1034A000049A67EE277A02EB8303C3ED217ADFEDFE
:1034B000487AB4EEE77AF1EE10FA00F31B87039B2B
:1034C00093F8FC39002B40F00F833A4B03981A68AD
:1034D000D0F8F439B0F8F819D31A8B42C0F004834D
:1034E000C0F8F429DFED3B7AB1EE007A2F4B04F5FA
:1034F000805568EEA77A197805F6940327EE877A47
:1035000083ED867A002940F07085294B9B79002B4A
:1035100013BF0122002201230023F0EE005AD4ED54
:10352000AD6AF2EE043A9FED2C7AB3EE096A85F8A3
:10353000B92C76EEA56A85F8BA3CF6EE004A05F598
:103540005163B2EE004A05F61472A6EEA37AA6EE17
:10355000A56A37EEA75A67EE847A27EE247A83EDC0
:10356000876A82ED007A82ED017AC3ED867A83ED77
:10357000855AC6EDEA7A002940F09A850C4F3B7ACD
:10358000013B0A2B00F2AB80DFE813F0B80B8D0B88
:10359000620B370BFB0AD00AA50A7A0A4F0A240AE3
:1035A000740000BF00C03D40381E002089B10120DA
:1035B0008CB101200CC301209C72002050720020AD
:1035C000642200204AFCFFFF67666666884A002086
:1035D000CDCC4C3D0000B4430000484244F24408C6
:1035E0000CABA0440DEE103A304B04F5804B1A683A
:1035F0002F4BBBF82C11CBF82431DBF82831D31A30
:103600008B42C0F07E859BF83031CBF8282143B344
:103610009BF83131002B41F09C83DBF84421234B94
:1036200002F6C4111B68994201F2A08341F288336B
:1036300013441E4A1268934201F2608501238BF8FD
:1036400031311A4B1F6813F02DFD184B1B68DB1B23
:10365000FA2B01F283834FF400620021154816F023
:1036600023FF154BC4F818801B78002B40F04B85C6
:10367000124FE6E6002104F6F82C95F8E4010B461B
:1036800002E0CBB298422AD303F5CB72013104EBAE
:103690008202D2F83C2B9445F3D1B5F8841098B24D
:1036A000E9B141F25A02002322440EE00CC301208A
:1036B00050720020C056002089B101208CB1012039
:1036C00001331FFA83FC614509D932F802CF8445E2
:1036D000F6D104EB8303D04A03F608731A607B7AB1
:1036E0004FF0FF094FF000080DAA03EBC3031DEED6
:1036F000101A0BA8ADF830909B008DF8328007EEC1
:10370000903AF8EEE77ACDED0D7A05F0C3FDBB7A7D
:10371000ADF8309003EBC3038DF832809B0007EEC9
:10372000903AF8EEE77A0DAA1DEE101A0AA8CDED30
:103730000D7A05F0AFFDB94B9DF82C2006F5B26966
:10374000D3ED007A9DF82A30F8EE677A9FEDB47ACF
:1037500084F8093B84F8153B002387EE870A62F35F
:1037600007039DF82D2062F30F239DF82E2062F3AE
:1037700017439DF8282062F31F63C4F804330B9BA2
:10378000A4F8043B1B0C84F8063B84F8123BBDF8FC
:103790002830A4F8073BBDF82930A4F80833B4F862
:1037A000043B99ED198AD9ED1A0AD9ED1E7AA4F8CD
:1037B000103B70EEC80AB4F8073B30EE270AA4F8B5
:1037C000133BB4F80433A4F8103394F8063384F8A8
:1037D0001233B4F80733A4F8133394F8093384F898
:1037E000153315F0C1FE38EE000A89ED1D0A96F872
:1037F000FC7527B196F8FE35002B40F0328143F27C
:10380000840004F6F4172044FBF7C0FA04F5357081
:1038100005F0D8FD04F53970B0EE408A05F0D2FD10
:1038200004F53D70B0EE409A05F0CCFDDFED7D6A09
:10383000DFED7D7A04F5317097ED007AF0EE679A4E
:103840009FED7A6AB0EE67AAE9EE267AE0EE269A54
:10385000A8EE26AAB0EE678A77EE067AC7ED007A60
:1038600005F0B0FD84EDD1AA84EDCB0A04F6FC107E
:1038700084EDD28AC4EDD39A3B6804F64C27C4F891
:10388000603305F09FFDF7EE006ADFED697A04F51D
:10389000226304F52361002036EEE87ADFF8B8C130
:1038A00004F5286227EE277AD7ED157A83ED090A09
:1038B00077EEE67A83ED0A7A04F664230860C1F8AD
:1038C00004C05C49C7ED157A1963506004F5346093
:1038D000C2ED007A584ADA62FBF764F995F8E41110
:1038E00081B195F84001012304EB83025F1C9842EB
:1038F00002F58052FBB203D9D2F84471C2F8F070DD
:103900008B42F1D941F2EC102044FBF74BF995F8CA
:10391000901891B195F8EC07012204EB8203571C33
:10392000904203F58053FAB205D903F5FE6703F21E
:103930009C733F681F609142EFD2404B1B78002B75
:1039400040F0DC833E4BDB7904EE903AF8EEE44A3B
:103950003C4BB3EE046A9FED3C7AB6EE004AD3EDE1
:10396000006AF1EE003AD4EDAB7A05F61C75C6EEAE
:10397000872A9FED363ADFED366AD4EDAD5A94EDE5
:10398000AE5A94EDAC7A87EE862A049BE7EEC47AB1
:10399000B7EE006A65EEA35A25EE235ADFED2D3A05
:1039A000E2EE836AA7EE045AE2EE247A36EEC66AA5
:1039B00085ED015AB0EEC66AE7EE845AB4EEE36ACA
:1039C000F1EE10FAC5ED005AD3ED1A5AA7EE657A5A
:1039D00040F1878306F23C6206F23463F6EE006A39
:1039E00006F22C66C2ED007A82ED017AD3ED005A20
:1039F00093ED016A77EEA57A37EE067A67EEA67A3E
:103A000027EE267AC6ED007A86ED017A15B0BDEC78
:103A10000C8BBDE8F08F00BFCDCC4C3F0CC3012018
:103A200000007A440AD7A33B4260E53B0AD7233B18
:103A30000000B4430000B4420000C04289B101203C
:103A40008CB10120587200200000C8429A99193F99
:103A5000CDCCCC3E6F12833A0000964200000000AD
:103A60001F467B1EDBB203F1010809EBC802D2ED51
:103A7000017AF4EEC07AF1EE10FAF1D83FB230EEEE
:103A8000670A96F8903504EBC7075FED0C6A012BC7
:103A900007F5005707F29C5292ED007A77EE677AAD
:103AA00080EE277A37EE267A00F00484022B40F06D
:103AB000F28306F5B26303EBC803D3ED027A06F591
:103AC000B263C3ED1C7A96F8FD35002B3FF497AE38
:103AD000D6F89425012BC2ED007A3FF490AED6F8CB
:103AE0009835C3ED007A8AE6E04F0022012107F104
:103AF000040CB846384613461FE008EBC30E5CF8CA
:103B0000049CDEF800A04CF804ACCEF80090DEF87F
:103B100004904368C0F80490CEF80430CB0111F053
:103B2000020F02F1010201F10101DBB200F1080014
:103B30000CF1080C18BF43F0400312F0040F18BF3B
:103B400043F0200312F0080F18BF43F0100312F0E7
:103B5000100F18BF43F0080312F0200F18BF43F0F6
:103B6000040312F0400F18BF43F002035FEAD21EB5
:103B700018BF43F001039A42BFDBB1F5807FCDD17E
:103B8000BFEE008A9FEDBA4A9FEDBAAA4FF0010B33
:103B9000DFEDB99A05940123B1EE444AF7EE004AED
:103BA000BE4603FA0BFC0823B0EE4A5A4FF0000859
:103BB0004FEA6C0903FA0BF44FEAC90A0AEB0E0349
:103BC0000EF104017246404693ED016A6044D3ED64
:103BD000005A26EE457A51ED016A65EE257AFF28F6
:103BE000A4EEA57AE4EE867A76EEC76AC3ED006AA3
:103BF000D2ED016A76EEE76AC3ED016A234451ED26
:103C0000016A36EE877A01ED017A214492ED017A5C
:103C100077EE277AC2ED017A2244D5DD08F101085A
:103C200064EE457A25EE085A0EF1080EC145E4EE21
:103C3000887AA4EE845A02D0F0EE674ABEE70BF110
:103C4000010BBBF1090F16D0012303FA0BF35B1034
:103C500007EE903AF8EEE77A89EEA79AB0EE490AB5
:103C600015F0B8FDB0EE408AB0EE490A15F0AEFC92
:103C7000B0EE404A8FE7059C07F50069DFF81C822B
:103C800097ED010AD7ED007A20EE000AA7EEA70A09
:103C9000B5EE400AF1EE10FA01F1C484F1EEC07AFB
:103CA00008374F45E8EC017AEAD1744BF7EE009AF9
:103CB0009FED709A4FF0010AD3ED007A4FF00009A2
:103CC000D3ED01AAB0EE49AA6D4BB1EE67BA6D4AC9
:103CD0007AEEE7AADFED6CBA9B46DFF8C48117469F
:103CE000CDE90546DFED637A5FFA89F6674901227F
:103CF0001FFA89F41FFA8AFC93B201329C4205D85C
:103D00009C4503D391ED007A77EE877A802A01F102
:103D10000401F1D1AAEB0902013207EE102AB8EE34
:103D2000C70A87EE800A15F007F998F8504018ED99
:103D300001CAA8F10402132CB3EE047AF0EE4B7A18
:103D400079EECCCAE0EE077A87EEAA8A38EE0A8AC4
:103D5000B0EEC88A00F2A68002EB84020134E4B21D
:103D600088F8504082ED018ADFED427A4146002218
:103D70000132B1EC017AD3B277EE877AA342F7D35E
:103D800007EE104AF8EEC76A87EEA67A67EE2C7A3D
:103D9000E8EE0C7A78EE677A77EEA77AF4EEE97AB5
:103DA000F1EE10FA59DDF7EE007A06EBC602C8ED27
:103DB000157AEBEC017A06EB420303EBC303C3F382
:103DC000850242EA8313DBB2152B74D909F101098C
:103DD0000AF1010A043708F15C08B9F17F0F81D1BB
:103DE000F2EE047A9FED2A7ADDE9054669EE277A3C
:103DF00067EEA77AF4EEC77AF1EE10FA40F3F2809C
:103E0000F1EE046AB7EE007A67EEA67AF4EE477A2E
:103E1000F1EE10FA77FE277A184B4FF4006200217A
:103E200012481D46C3ED0A7A16F03EFB194B2A894B
:103E300005F10C000399B3FBF2F303EB4303DA0043
:103E40000023013A81F8FC39A1F8F239A1F8FE39D2
:103E5000114913F0FDFFFFF745BBF5EEC07AF1EE17
:103E600010FAA2D5F0EE4A7A9FE700BF286A002038
:103E70002EBDBBB300000000DB0F4940884A002084
:103E80009CB101209CB30120000080391C730020EC
:103E9000CDCC4C3E40420F0031ED000018730020A5
:103EA0008C7800204C2208F1040140461CF02AFCCA
:103EB00088ED138A58E797ED008ACC4C28EE2B8AC0
:103EC00095F88C3F94ED3A7AD4ED006A092B38EEE0
:103ED000477A39EEE66AB0EEC77A66D92269D4ED40
:103EE000035AE260626994ED025A2261A26975EE9A
:103EF0000A7A84ED015A6261E26977EEA57AC4ED2F
:103F0000025AA261226AE261626A2262A26A84EDB6
:103F10000A7A6262D4ED035A032B77EEA57A27D092
:103F2000D4ED045A042B77EEA57A21D0D4ED055AAE
:103F3000052B77EEA57A1BD0D4ED065A062B77EE2B
:103F4000A57A15D0D4ED075A072B77EEA57A0FD0B6
:103F5000D4ED085A082B77EEA57A09D0D4ED095A8A
:103F6000092B77EEA57A03D0D4ED0A5A77EEA57A1D
:103F700005EE903A9E48F8EEE55A87EEA59A29EEAE
:103F8000069AA7EE269AB0EE490AFEF703FE39EE2E
:103F9000409A84ED3A8AB4EEE99AF1EE10FA19DD0E
:103FA000B7EE009A84ED3B9A10E75A1C04EB8303AA
:103FB00083ED017AD3B2D4ED017A012B85F88C3FE1
:103FC00077EE8A7AD4D0D4ED025A022B77EEA57A16
:103FD000A0D1CDE7B5EEC09AF1EE10FAE2D5B0EE81
:103FE0004A9ADFE7DFED877A16E70B460022FFF7F4
:103FF00094BAB7EE007AD5ED967AF4EEC77AF1EE80
:1040000010FA00F33D81F5EEC07A0023F1EE10FACC
:1040100000F13C81774BC3ED017A0023FFF7A5B88F
:104020005A1ED2B2571C05EBC701D1ED827AB4EE0D
:10403000E70AF1EE10FA0CDA511E1346CAB2571C09
:1040400005EBC701D1ED827AF4EEC07AF1EE10FAF9
:10405000F2D8013330EE670ADFED6A6A05EBC30878
:1040600095F8083298ED827A012B77EE677A80EE28
:10407000277A37EE267A00F0E880022B40F0D480D1
:1040800005EBC707D7ED837A95F84932C5ED937AEA
:10409000002B3FF449A8D5F80C32C3ED007AFFF7A6
:1040A00043B8D5ED957AFFF720B80023FFF707B89E
:1040B0009FED548A4FF0FF0800270DAA1DEE101A3D
:1040C0000BA88DED0D8AADF830808DF8327005F0BB
:1040D000E1F8F0EE487AADF830808DF83270FFF7F5
:1040E00022BBB0EEE66AB4EEE36AF1EE10FA00F13C
:1040F000A68067EEA67A27EE267A6BE4DFED414ACA
:1041000026E4C4F8188041F264033B4A33441A6041
:10411000FFF7D5B900283EF4C8AF0022374913464F
:1041200096469F420ED916F803C00133834201F828
:1041300001CFF6D1002A3EF4B8AF002385F8C43A87
:10414000FEF7B3BF0133012201F801EF8342E8D14A
:10415000002385F8C43AFEF7A8BF2949FEF7F4BE4C
:104160000021FEF75DBF0021FEF748BF0021FEF7EA
:1041700033BF0021FEF7F3BE0021FEF775BF00211B
:10418000FEF760BF0026FEF790BF0021FEF793BE4A
:104190000021FEF77EBE00293EF460AE00223736D5
:1041A0001346944698450DD9F85C01338B4206F8C6
:1041B000010FF7D1002A3EF451AE002385F8C43A2E
:1041C000FEF74CBE0133012206F801CF8B42E9D144
:1041D000002385F8C43AFEF741BE0021FEF78DBEEC
:1041E0000749FEF77FBE0649FEF79EBE18770020FE
:1041F000487700205072002000007A44DF610020E0
:104200008045002000000000DB0F4940D5F8C80AB7
:1042100018B11CF091FBC5F8C86A0023C5F8CC3A68
:10422000C5F8D03AFEF72EBE05EBC707D8ED836A76
:10423000D7ED837A76EEE76AE7EE267A24E71FED7C
:104240000F7AF0EE477AFFF7C5BB1FED110A05EBB9
:10425000C70727EE000A15F0BDFAB7EE007AF6EEB2
:10426000007A98ED836AD7ED836A37EE400A60EEF4
:10427000277A37EE677A67EE867AE6EE877A03E783
:10428000D94B83ED017A0023FEF76FBFD64A536006
:104290000023FEF76ABF06F5B26307F5B46703EBC8
:1042A000C803D7ED006AD3ED027A76EEE76AE7EE4F
:1042B000267A04E49FEDCD0A07F5B46727EE000ADD
:1042C00015F088FAB7EE007AF6EE007A06F5B263DA
:1042D000D7ED006A37EE400A03EBC80360EE277A99
:1042E00037EE677A67EEA67AD3ED026AE6EE877A52
:1042F000FFF7E5BBBE4B06F6AC5242F65C6EB7EE7E
:10430000006A1B894FF0000CD2ED005AA64408EE5B
:10431000103AB84B36EE656ADFEDB76AB8EE488AF8
:1043200093ED015A96F8D81DF14688E07B2800F3FA
:10433000E280D3ED007AD3ED011A37EEA61A13ED21
:10434000012AD3ED022A13ED023A77EE817AD3EDFA
:10435000033A13ED034AD3ED044A77EEA17A13ED45
:10436000047A77EE827A77EEA27A77EE837A77EE26
:10437000A37A77EE847A77EEA47A77EE877A0929A2
:1043800040F296801069D2ED034AD060506992EDF8
:10439000024A1061906934EE267A82ED014A50613A
:1043A000D06937EE247AC2ED024A9061106AD0617A
:1043B000506A1062906AC2ED0A7A5062D2ED034AE6
:1043C000032937EE247A27D0D2ED044A042937EEA8
:1043D000247A21D0D2ED054A052937EE247A1BD064
:1043E000D2ED064A062937EE247A15D0D2ED074AD7
:1043F000072937EE247A0FD0D2ED084A082937EE84
:10440000247A09D0D2ED094A092937EE247A03D05B
:10441000D2ED0A4A37EE247A04EE901A0CF1010C20
:104420000433B8EEE44ABCF1800FC7EE044A24EE30
:10443000867AA7EEA57A09ED017A00F09580BCF1A5
:10444000040F0FFA8CF0E9EC016A3FF66FAF93EDC1
:10445000007A77EE267ABCF1000F3FD00CF1FF30E6
:1044600077EE877A93ED017A002877EE877A03DD7D
:1044700013ED017A77EE877AACF1020093ED027AC0
:10448000002877EE877A03DD13ED027A77EE877ADC
:1044900093ED037ABCF1040F77EE877A01D177EEC2
:1044A000857A93ED047A092977EE877A3FF66AAF29
:1044B000481C02EB8101C0B286F8D80D0128C1ED7D
:1044C000017A92ED017A37EE267A46D0D2ED024A91
:1044D000022837EE247A40D001466FE793ED014A77
:1044E000D3ED024A77EE847A93ED037A77EEA47ADD
:1044F00077EE877AD5E793ED007ABCF17F0F53ED25
:10450000014A77EE267A77EE877A77EEA47A26D07C
:10451000D3ED014A0CF1020013ED027A77EEA47A92
:104520007F2877EE877A03D893ED027A77EE877A41
:104530000CF1030013ED037A7F2877EE877A03D816
:1045400093ED037A77EE877A0CF1040013ED047A89
:104550007F2877EE877AA4D911E701465CE713ED4F
:10456000027A77EE877AE3E742F2147ADFED227A75
:1045700042F2AC7342F6AC32A24442F6AC11B0EE59
:10458000677A23440AF5E960224421440AF5D96A8E
:104590000590A3EC017A83ED7F7AA2EC017AD2ED4B
:1045A000AB6AF4EEE76AF1EE10FA58BFF0EE667A05
:1045B0009942EED106F5F46393ED01AAB4EEE7AAB1
:1045C000F1EE10FA00F1328550468022002115F0FC
:1045D0006BFF002142F6DB5A8846A2440A460B468E
:1045E0000846894617E000BF50720020DB0F4940A3
:1045F000884A00209CB10120000000000000003C1F
:10460000002474495FFA8EF009F101095FFA89F913
:10461000B9F1800F18D01AF801CF00F1010EBCF1EA
:10462000000FEFD18342A9EB000E80F0CA8109F19F
:1046300001091A46414603465FFA89F960465FFA66
:104640008EF8B9F1800FE6D1072A40F2C582072B18
:1046500040F2C282414540F2C182C3F34703434462
:1046600007EE903AC2F347030B44B8EEE77A07EE41
:10467000903AF8EEE77AF6EE006A1FED206AD6F877
:10468000941706F2147227EE067A06F5F16068EECA
:10469000266A069167EE867AD6F89817D6F8849738
:1046A000002327EE267A02F6481C67EEA67A0591CB
:1046B00006F5835102F5156290E8010C8CED007A45
:1046C000C1ED007AC9F8003003600698CAF80030DE
:1046D000CBF80030036005980360D6F89C070360B0
:1046E000DCED009AD2ED007A91ED008AF4EEE79AC3
:1046F0000790F1EE10FA05DCF4EEC87AF1EE10FA4C
:1047000040F1DD80D6F84C3793ED010AD3ED007A05
:1047100038EE400A79EEE77A20EE000AA7EEA70A03
:10472000B5EE400AF1EE10FA00F17687B1EEC09ACC
:104730005FED4D7AD6F8503793ED010AB4EEE79A63
:1047400038EE400AF1EE10FA20EE000A58BFB0EE43
:10475000679AD3ED007A79EEE77AA7EEA70AB5EE6D
:10476000400AF1EE10FA00F15187F1EEC07AF4EE52
:10477000C97AF1EE10FA00F143874FF00008D6F83D
:10478000543793ED010AD3ED007A38EE400A79EE02
:10479000E77A20EE000AA7EEA70AB5EE400AF1EE8E
:1047A00010FA00F12787F1EEC07AF4EEC97AF1EE43
:1047B00010FA03D5B0EE679A4FF00208D6F85837D2
:1047C00093ED010AD3ED007A38EE400A79EEE77AEC
:1047D00020EE000AA7EEA70AB5EE400AF1EE10FAA5
:1047E00000F10287F1EEC07AF4EEC97AF1EE10FA28
:1047F00003D5B0EE679A4FF00308D6F85C3793ED17
:10480000010AD3ED007A38EE400A79EEE77A20EE1D
:10481000000AA7EEA70AB5EE400AF1EE10FA00F181
:10482000DD86F1EEC07AF4EEC97AF1EE10FA03D526
:10483000B0EE679A4FF00408D6F8603793ED010A9E
:10484000D3ED007A38EE400A79EEE77A20EE000ADE
:10485000A7EEA70AB5EE400AF1EE10FA00F1B28613
:10486000F1EEC07AF4EEC97AF1EE10FA03D5B0EEAB
:10487000679A4FF00508D6F86437D3ED017A93EDC7
:10488000007A78EE677A39EEC77A67EEA77AE7EEB4
:10489000077AF5EE407AF1EE10FA00F19986B1EE62
:1048A000E70A4FF07E52B4EE490AF1EE10FA48BF23
:1048B0004FF0060806EB8808D8F884371A60D9F854
:1048C0000000002F3EF4FBAD43F6C67300222344E4
:1048D000194604E001321FFA82FC67450BD931F812
:1048E00002CFBCF1640FF5D102F2D222049901EBA0
:1048F0008202C2F884001946002203E0013290B21D
:1049000087420CD931F8020F6928F7D102F2D2227E
:1049100005990498096800EB8202C2F884101946D0
:10492000002203E0013290B287420CD931F8020F25
:104930006628F7D102F2D2220498DAF8001000EBD0
:104940008202C2F884101946002203E0013290B2BC
:1049500087420CD931F8020F6728F7D102F2D22230
:104960000498DBF8001000EB8202C2F884101946AC
:10497000002203E0013290B287420CD931F8020FD5
:104980006828F7D102F2D22206990498096800EB50
:104990008202C2F88410079A1168002204E00132F2
:1049A00090B287427EF68BAD33F8020F6A28F6D1BB
:1049B00002F2D223049A02EB8303C3F88410FEF7B9
:1049C0007EBD9042A9EB000E84BF02465FFA8EF1D5
:1049D000604619E6002104F64C2C95F8E4010B46DC
:1049E00003E0CBB29842FEF47AAE03F5CB7201310C
:1049F00004EB8202D2F83C2B9445F2D1B5F8841036
:104A000098B200293EF46BAE41F25A0200232244D0
:104A100005E001331FFA83FC8C45BEF460AE32F82A
:104A200002CF8445F5D1FEF754BE002104F5307C59
:104A300095F8E4010B4603E0CBB29842FEF44FAE8A
:104A400003F5CB72013104EB8202D2F83C2B944582
:104A5000F2D1B5F8841098B200293EF440AE41F28C
:104A60005A020023224405E001331FFA83FC61450A
:104A70007EF635AE32F802CF8445F5D1FEF729BE79
:104A8000002104F6F81C95F8E4010B4603E0CBB2D4
:104A90009842FEF424AE03F5CB72013104EB82029E
:104AA000D2F83C2B9445F2D1B5F8841098B2002985
:104AB0003EF415AE41F25A020023224405E00133D0
:104AC0001FFA83FC61457EF60AAE32F802CF8445B8
:104AD000F5D1FEF7FEBD002104F6D42C95F8E401D3
:104AE0000B4603E0CBB29842FEF4F9AD03F5CB726E
:104AF000013104EB8202D2F83C2B9445F2D1B5F897
:104B0000841098B200293EF4EAAD41F25A02002323
:104B1000224405E001331FFA83FC61457EF6DFADD8
:104B200032F802CF8445F5D1FEF7D3BD002104F65B
:104B3000A42C95F8E4010B4603E0CBB29842FEF4B6
:104B4000CEAD03F5CB72013104EB8202D2F83C2BDF
:104B50009445F2D1B5F8841098B200293EF4BFAD67
:104B600041F25A020023224405E001331FFA83FC7C
:104B700061457EF6B4AD32F802CF8445F5D1FEF73B
:104B8000A8BD002104F6EC2C95F8E4010B4603E0E7
:104B9000CBB29842FEF4A3AD03F5CB72013104EB26
:104BA0008202D2F83C2B9445F2D1B5F8841098B229
:104BB00000293EF494AD41F25A020023224405E05C
:104BC00001331FFA83FC61457EF689AD32F802CFCE
:104BD0008445F5D1FEF77DBD1A464146C2F3470232
:104BE000C3F347030A44434407EE902AB8EEE77A3A
:104BF00007EE903AF8EEE77A3DE5002104F6C82C7E
:104C000095F8E4010B4603E0CBB29842FEF467ADA1
:104C100003F5CB72013104EB8202D2F83C2B9445B0
:104C2000F2D1B5F8841098B200293EF458AD41F2A3
:104C30005A020023224405E001331FFA83FC614538
:104C40007EF64DAD32F802CF8445F5D1FEF741BD79
:104C5000002104F6BC2C95F8E4010B4603E0CBB22E
:104C600083423EF63CAD03F5CB72013104EB820288
:104C7000D2F83C2B9445F2D1B5F8841098B20029B3
:104C80003EF42DAD41F25A020023224405E00133E7
:104C90001FFA83FC61457EF622AD32F802CF8445CF
:104CA000F5D1FEF716BD002104F52B6C95F8E40153
:104CB0000B4603E0CBB29842FEF411AD03F5CB7284
:104CC000013104EB8202D2F83C2B9445F2D1B5F8C5
:104CD000841098B200293EF402AD41F25A0200233A
:104CE000224405E001331FFA83FC61457EF6F7ACF0
:104CF00032F802CF8445F5D1FEF7EBBC002104F574
:104D00002E6C95F8E4010B4603E0CBB29842FEF41A
:104D1000E6AC03F5CB72013104EB8202D2F83C2BF6
:104D20009445F2D1B5F8841098B200293EF4D7AC7E
:104D300041F25A020023224405E001331FFA83FCAA
:104D400061457EF6CCAC32F802CF8445F5D1FEF752
:104D5000C0BC4046FCF72EFDFEF773BC0A2005F0F0
:104D600079FECB481BF002FEFEF775BC039B4FF0AB
:104D70000009039F0021B3F98E29CA46D7F8B0096C
:104D8000D31D48BF02F10E03B7F98C29DB1003FBDA
:104D900002F215F089FB384608940996BD4B1FFABC
:104DA00089F60FFA89F4002703EB0913069309F03B
:104DB0000703079309E04FEA4A0A5FFA8AFA1AF0F2
:104DC000800F12D10137802F3FD0BBB20FFA87FC82
:104DD000059317F007036246EDD1069901EBEC0E3F
:104DE0009EF884A51AF0800FECD0B0F990E9E64562
:104DF000E8DDB0F992C9A445E4DD90F89EC9BCF1A4
:104E0000020F00F06C81BCF1030F00F05C81BCF17B
:104E1000010FB0F98CC900F051813946079B224639
:104E2000002A07F10107B8BF0732802F4FEAE202DC
:104E300012FB0C124FF0010101FA03FCD0F8B0197B
:104E40008B5C43EA0C038B54BFD109F10109B9F122
:104E5000400FA3D1DDE90846FEF7F3BB8E4AFEF70B
:104E60003BBACB1A9BB2AEF80A30B2F880319BB293
:104E700048EA0303A2F88031FEF758BA9BB2AEF8B5
:104E80001E30B2F880319BB21843A2F88001FEF7C1
:104E90004DBA9BB2AEF81630B2F880319BB243EAFD
:104EA00008239BB2A2F88031FEF740BA7B4BFEF795
:104EB0004AB995F8D93A2BB30CAB0DEE103A9C23B6
:104EC000012203988DF834300DAB00921946D0F8CA
:104ED000600911F0B5FB9DF83430A5F8DA3A704B53
:104EE0001B68A3EB0803642B7EF657AA0A2005F083
:104EF000B1FD67481BF03AFDFEF74FBAC3ED017AEA
:104F0000FEF72DB9039880220CA990F869398DF825
:104F100030200DEE101A43F00403C3F3000280F8B2
:104F2000693903F07A03D0F860091343012243F092
:104F300004038DF834300B460DA912F0CFFC012389
:104F400085F8D93ABBE7901E4FF6FF73FEF746B9D6
:104F5000544901EB8031FEF725B9039B504A93F881
:104F600080391268059203B395F81C3B002B00F0C2
:104F700054810223039801221DEE101A0093082386
:104F8000D0F87C098DF830300DAB11F059FB0028BA
:104F900000F04181BDF834304FF6FF72934200F0CB
:104FA0003A81C3F30A03A5F81E3B3D4B059A1B68E3
:104FB0009B1A642B64D8B5F81E3BB5F8241B08EE89
:104FC000103A374B1A68D5F8203BD31A8B4222D2BD
:104FD000354B93ED000A039BB8EEC88AB3F87A39D3
:104FE00007EE903AF8EEE77A77EE807AB4EEE78A49
:104FF000F1EE10FACCBF01230023FEF7F1B9B8EEB1
:10500000480A2A48C5F8DC2AF9F774FC284B83EDD6
:10501000000AFEF7D3B9B8EE480A2648C5F8202B97
:10502000F9F768FC204B83ED000AD4E796F8A087D7
:10503000DFED217AB8F1000F00F0768108F1FF3240
:1050400042F66063D2B2234403EB82037246B2ECB1
:10505000017A934277EE877AF9D107EE108AF8EE5B
:10506000476A9FED157AC7EEA69AFEEC017A734562
:1050700077EEE97AA7EEA77AF7D187EE260A57E10D
:105080000A2005F0E7FC02481BF070FC93E700BF24
:10509000E05E00206422002000803E40507200202C
:1050A0000CC3012000C01D40E0720020A07200204F
:1050B0009C720020E4720020000000000CF1FF311F
:1050C000891B09B2ACE6B0F88E394946059A013B16
:1050D000B0F98CC99B1A1AB203F00703A0E6B0F925
:1050E0008CC9B0F88E390CF1FF320599013B511A89
:1050F0009B1B09B21AB203F0070391E6039B4FF022
:105100000009039F0021B3F98E29CA46D7F8B009D8
:10511000D31D48BF02F10E03B7F98C29DB1003FB46
:1051200002F215F0C1F9384608940996C64B1FFAE9
:1051300089F60FFA89F4002703EB0913069309F0A7
:105140000703079309E04FEA4A0A5FFA8AFA1AF05E
:10515000800F12D10137802F37D0BBB20FFA87FCF6
:10516000059317F007036246EDD1069901EBEC0EAB
:105170009EF884A91AF0800FECD0B0F990E9E645CA
:10518000E8DDB0F992C9A445E4DD90F89EC9BCF110
:10519000020F31D0BCF1030F22D0BCF1010FB0F9E6
:1051A0008CC918D03946079B2246002AB8BF07325F
:1051B000D21012FB0C12012101FA03FCD0F8B01935
:1051C0008B5C43EA0C038B54C4E709F10109B9F184
:1051D000400FABD13EE60CF1FF31891B09B2E4E789
:1051E000B0F88E394946059A013BB0F98CC99B1A33
:1051F0001AB203F00703D8E7B0F98CC9B0F88E39BA
:105200000CF1FF320599013B511A9B1B09B21AB2EE
:1052100003F00703C9E70023C5E613930DA80E9317
:10522000ADF842308DF84630039BD3F87C390D93AE
:1052300040F20113ADF8443006F094FB9DF8449021
:10524000B9F1040F54D840F001031393B9F1000FE2
:105250001DD09DF84620002A4ED009F15002B9F128
:10526000010F4FEA13216A4402F80A3C0FD0B9F14A
:10527000020F02F80B1C4FEA134108D0B9F1040FDA
:105280004FEA136302F80C1C01D18DF84730BDF8CA
:105290004220DDF834A0D3B2ADF83020120ABAF1C2
:1052A000000F00F03C819DF845B0DAF80C3009EBB6
:1052B0000B029A421CD89AF80030DAF804205B00FE
:1052C00082F8A53040F20113A2F82F31BBF1000F94
:1052D00000F01681DAF804805C4AD8F800305B6888
:1052E000934240F01581B8F83031002B40F0EE8049
:1052F000012385F81C3B3CE6B9F1010F4FEA13226C
:105300008DF84730C3D0B9F1020F8DF848204FEA2D
:105310001342BCD0B9F1040F4FEA13638DF8492052
:10532000B5D18DF84A30B2E7C7EEA79AB0EE690A58
:10533000B5EE400AF1EE10FA00F1AE80B1EEC09A7F
:1053400004EB8803C8F1800B0FFA88F203F50053D1
:10535000C34503F6A81103F6A833C1ED009A83ED07
:10536000009A7FF636A9C8F1010342F66060F0EEBC
:10537000497A3946DBB2DFED36AA0719069304EB0A
:105380008202059B2AEE277A03EB880302F5005977
:10539000D3ED007A09F6A81393ED006A77EEC66A9A
:1053A000F0EEE66AF4EEC76AF1EE10FA48DDF4EECC
:1053B000C67AF1EE10FA02DD01230AF8083006F58C
:1053C000F463B7EE007AD3ED026A09F5F56337EEC0
:1053D000667A93ED006A27EE067AA7EEA67AF0EEDB
:1053E000477A09F2AC73C3ED007A069B08EB030021
:1053F000C0B2B8F1000F2DD000F6973208F1FF339C
:105400009FED137A50FA83F304EB820207EB8303D8
:105410001046F0EC017A834237EE277AF9D107EE95
:10542000908AF8EE676ADFED0A7A87EE266AB2ECB8
:10543000017A934237EE467AE7EE077AF7D10DE02C
:1054400000230AF80830CCE764220020A15D0100A7
:1054500000000000F0EE6A6A5FED037A87EEA60AAC
:10546000B5EE400AF1EE10FA1BD408F1010809F676
:10547000AC1309F6AC395FFA88F8C3ED009A89EDF0
:10548000009AC3451FD906EB88030FFA88F203F68A
:10549000A433D3ED017A72E713F07EFDB0EE409AAB
:1054A0004EE708F10108079113F076FD09F6AC13F9
:1054B0005FFA88F809F6AC39C3ED009AC34507993D
:1054C00089ED009ADFD80F46FFF783B898F82F319F
:1054D000C3F18902934538D90121C8F8041008F1B5
:1054E000A5001DEE101A0692184415F0CFFD98F88D
:1054F0002F31069A134488F82F3193457FF4F8AE84
:105500004A46504601230DF1470106F0D7FAEFE66F
:105510005A4640461DEE101A98470246EDE70E988F
:1055200070B39DF84010032918D081B903F07F03B0
:105530008DF830309DF845304A460DF14701009313
:105540001DEE103A12F010FBD2E65A46C7E70229C8
:105550002FD163F07F038DF83030EBE78DF83130D9
:1055600022F001030DF147014A468DF830309DF8D5
:105570004530013300931DEE103A12F0F5FAB7E60C
:105580000F9B002B3FF4B4AE197C9DF845200029F9
:105590003FF4AEAED3F80C80B8F1000F3FF4A8AEE4
:1055A000CDF800901DEE101A58690DF14703C04761
:1055B0009EE60129BED103F07F0343F040038DF83E
:1055C0003030B7E713F0E8FCF0EE407AFFF74AB965
:1055D000B0EE670A13F0E0FCFFF763B913F0DCFCF0
:1055E000F0EE407AFFF71FB913F0D6FCF0EE407AE8
:1055F000FFF7FAB813F0D0FCF0EE407AFFF7D5B819
:10560000B0EE679A4FF00108FFF7B9B813F0C4FC89
:10561000F0EE407AFFF7ABB813F0BEFCB0EE409A64
:10562000FFF786B8083713F0B7FCA8EC010A4F451E
:105630007EF426ABFEF739BB10B50446C06A08B14C
:105640001BF07AF9206B08B11BF076F9204610BDEB
:1056500010B50446406808B11BF06EF9A06808B1A7
:105660001BF06AF9204610BD70B5074B064604468C
:1056700000F50075036054F8040F08B11BF05CF9E5
:10568000AC42F8D1304670BD08210020704700BF01
:10569000B2EE0A7AD0ED007A084B416867EE877A5D
:1056A00003F6442203F64C23C0ED007A51604168B2
:1056B000C2ED007AC3ED077A19627047C056002028
:1056C00091ED007AD0ED007AD1ED016AF4EEC77A5F
:1056D00090ED016A90ED035AF1EE10FAB4EEE66A2D
:1056E000D0ED026A58BFF0EE477AF1EE10FA54BFDF
:1056F0000B1D031D93ED007AC0ED007A91ED006A59
:1057000080ED017AF4EEC66AD1ED015AF1EE10FA9D
:10571000B4EEE55A76FE866AB6EE006AF1EE10FA4D
:1057200076EEA77ACCBF00F10C01043167EE867AE1
:10573000D1ED005AC0ED026A35EE877AC0ED035A0A
:10574000C0ED047A27EE067A80ED057A704700BF37
:105750000B682DE9F04F0D4683B05B698246084621
:10576000002498472B68814628469B69984706463F
:105770002B682846DB699847A04240F201819AF8DD
:105780000830B7EE007ADAED016A00225B08ADF866
:10579000062007EE903AF8EEE77A77EEC77AA6EEA3
:1057A000A77AFDEEC77A17EE90BACBF100035B45FE
:1057B00025DA824B4FEA4B011B68002B00F0C580B5
:1057C0007F4A82FB0320DA171844C2EB20427D484F
:1057D00000FB12337C4800FB02F244F2A71000FBEE
:1057E0000322002A80F2E5806FF000431344734ADD
:1057F0001360B3FBF1F201FB1233A3EB0B03BBF11C
:10580000010F59DD6D4A0BF1FF301268002A00F0DC
:105810009A806B4981FB0217D1171744C1EB2741CE
:10582000684F07FB1122684F07FB01F144F2A717ED
:1058300007FB0211002980F2BE806FF000470F4481
:105840005E4A1760B7FBF0F200FB12770137296858
:105850000DF106022846D1F840802146C047BBF131
:105860000003B8BF0133B7EB630F27DB00286ED00E
:105870004FF000084346B8461F46BDF8063004EB1B
:1058800044022846611C03EB430306EB020C39F883
:1058900003E04B4426F802E09B788CF8023007B115
:1058A0008CB22B680137DB699847A04201D9B84513
:1058B000E3D10134A4B25BE70127C8E7C0B9B84619
:1058C0008346074604EB44032846611CF21882F81D
:1058D00002B026F803B007B18CB22B680137DB6940
:1058E00098478442E5D2B845ECD10134A4B23FE7F1
:1058F0004FF000083B4647469846BDF8063004EB9B
:105900004402284604F1010C03EB430306EB020EAC
:1059100009EB030191F802B006F802B019F8033060
:105920008EF801304B788EF802300FB11FFA8CF4EC
:105930002B680137DB699847A042BAD94745DCD1CB
:105940000134A4B214E7214F7AE7204B4FE7B84661
:105950008346074604EB44032846611CF21882F88C
:1059600002B026F803B007B18CB22B680137DB69AF
:10597000984784429DD2B845ECD10134A4B2F7E6F1
:10598000002404E0F05A29F803008B7893702B6808
:105990002846DB699847A3B201341A4603EB430358
:1059A000904206EB030109EB0302EBD803B0BDE81C
:1059B000F08F13461BE70F4642E700BFA0A600206A
:1059C0005F0B4E831DF30100ECF4FFFF42CE0C1F72
:1059D0002DE9F04F0B688B462DED028B89B05B698A
:1059E000B7EE008A059008469847DBF800308146FC
:1059F00058469B699847002304900293BDF808100D
:105A00005846DBF800300191DB69984701998842DC
:105A100040F28880059BB0EE487A4FF000001A7A79
:105A2000D3ED016A5208BDF80830ADF81E0007EE4C
:105A3000902A03EB4302ADF81C00F8EEE77A09EB7D
:105A4000020319F8026093F802A077EEC87A039275
:105A50005A78A6EEA77A0192FCEEC77A17EE903A32
:105A60001FFA83F8B8F1000F3CD00F460124DBF891
:105A700000300DF11E02584601341B6B9847DBF8CD
:105A80000030394607AA5F6B05465846B847BDF84F
:105A90001E10E2B2BDF81C7001EB410C1446FDB1C2
:105AA000F0B107EB470009EB0C0E19F80C3009EBCD
:105AB000000C19F80000019D03449EF801003344D6
:105AC0009EB29EF802309CF801E0704405442846DE
:105AD0009CF802502B4480B2534401901FFA83FA81
:105AE0004245C4D902984FEA48080130B6FBF8F69F
:105AF0000290FF2E0198A8BFFF26B0FBF8F5BAFB75
:105B0000F8FAFF2DDDE90312A8BFFF25BAF1FF0F58
:105B100002EB01035654A8BF4FF0FF0A9D7083F8B3
:105B200001A06BE70024049D04E0E85A29F8030073
:105B30008B789370DBF800305846DB699847A3B246
:105B400001341A4603EB4303904205EB030109EBD2
:105B50000302EAD809B0BDEC028BBDE8F08F00BFAC
:105B60000B68084670B55B690E46002598470446E9
:105B700013E0237803F1640203B1D3B26278237097
:105B800002F1640302B1DAB2A378627003F1640235
:105B900003B1D3B2033404F8013C33683046DB6907
:105BA0009847A84205F10105E3D870BD704700BFD2
:105BB0002DE9F04F0B688B462DED028B89B05B69A8
:105BC000B7EE008A059008469847DBF8003081461A
:105BD00058469B699847002304900293BDF808102B
:105BE0005846DBF800300191DB69984701998842FB
:105BF00040F28880059BB0EE487A4FF000001A7A98
:105C0000D3ED016A5208BDF80830ADF81E0007EE6A
:105C1000902A03EB4302ADF81C00F8EEE77A09EB9B
:105C2000020319F8026093F802A077EEC87A039293
:105C30005A78A6EEA77A0192FCEEC77A17EE903A50
:105C40001FFA83F8B8F1000F3CD00F460124DBF8AF
:105C500000300DF11E02584601349B6A9847DBF86C
:105C60000030394607AADF6A05465846B847BDF8EE
:105C70001E10E2B2BDF81C7001EB410C1446FDB1E0
:105C8000F0B107EB470009EB0C0E19F80C3009EBEB
:105C9000000C19F80000019D03449EF801003344F4
:105CA0009EB29EF802309CF801E0704405442846FC
:105CB0009CF802502B4480B2534401901FFA83FA9F
:105CC0004245C4D902984FEA48080130B6FBF8F6BD
:105CD0000290FF2E0198A8BFFF26B0FBF8F5BAFB93
:105CE000F8FAFF2DDDE90312A8BFFF25BAF1FF0F77
:105CF00002EB01035654A8BF4FF0FF0A9D7083F8D2
:105D000001A06BE70024049D04E0E85A29F8030091
:105D10008B789370DBF800305846DB699847A3B264
:105D200001341A4603EB4303904205EB030109EBF0
:105D30000302EAD809B0BDEC028BBDE8F08F00BFCA
:105D4000EFF3108272B6437F5BB9017F012930B453
:105D50000BD0032913D00123437702B962B630BCBC
:105D600070470AB962B670477047124C2168B1B1EA
:105D7000114943610B68086083615861EBE70F4D7F
:105D80000F492C688CB143610B68836158614FF0F7
:105D9000E0234FF080540860C3F8044DDBE7064B66
:105DA00020601860C0E90511D5E7C0E90544286006
:105DB000EDE700BFF8C20120FCC2012000C30120B2
:105DC00004C3012090F81CC003464160BCF1020FDF
:105DD000C26001D183681847EFF3108172B6427F29
:105DE0005AB930B4007F01280BD0032813D0012208
:105DF0005A7701B962B630BC704709B962B67047CC
:105E00007047124C2068D0B111485A610268036093
:105E10009A615361EBE70F4D0F482C685CB15A61F2
:105E200002689A6153614FF0E0224FF080540360A2
:105E3000C2F8044DDBE7C3E905442B60F3E7044AED
:105E400023601360C3E90500D1E700BFF8C2012059
:105E5000FCC2012000C3012004C3012070B5EFF390
:105E6000108172B60E4C2368BBB10E4E002508E0BF
:105E700062B69A6859779047EFF3108172B623683B
:105E80005BB15A69226032B1956118460029EFD0A2
:105E90009A685D77EFE73260F7E701B962B670BDE7
:105EA00000C3012004C301200449054A4968054B89
:105EB0001960136801331360704700BF001000E0E1
:105EC0000CC3012010C301206249634A49682DE9CF
:105ED000F843624B624D196013686C6801331360BC
:105EE00024B34FF000095F4F4FF002082368DBB97D
:105EF000A66806B1F360206984F8149003686E60A8
:105F00001B68BB426AD1037FC0F80490022BC460B7
:105F100033D1836898476E686268002A32D12EB107
:105F200034462368002BE3D0013B2360EFF310835A
:105F300072B60022AE68AA6003B962B6DEB100276D
:105F40006C684FF0020CBE463046B668002C40D05C
:105F5000D0F800902168894525D2A1EB09010127DD
:105F6000C0E9024EE0602160044680F814C0002EB3
:105F7000EAD107B16C60BDE8F883FFF7E1FE626823
:105F8000002ACCD02260002E51D03068824239D213
:105F9000801A6C60C4E902693060F460264684F8B7
:105FA00014803446BDE7234606E00260D3F8008043
:105FB000424518D34146914698469B68A9EB010299
:105FC000002BF2D183600260C0F80C80C8F8080092
:105FD000CBE7C0E9024401270446C6E72246002178
:105FE00098476E6898E7DA68A1EB09018360C260A0
:105FF0004144D860C2689060196080F814C0002ED7
:10600000A2D1B6E7334606E02160D3F800C061456F
:1060100012D360460A469C469B68111A002BF3D1A6
:10602000A3602160C4F80CC0CCF80840B7E7C4E90D
:1060300002666C602646B2E7801ADA68A360E26006
:106040006044DC60E2689460186084F81480344630
:106050004CE700BF001000E00CC3012010C301207A
:10606000A0A60020C12C010010B5134C236813B169
:10607000124AD168E1B9636813B1104AD16999B97C
:10608000A36813B10D4AD16A51B9E3683BB10B4A19
:10609000D16B21B10121BDE81040D163184710BD7B
:1060A0000121D1629847F0E70121D1619847E7E7E4
:1060B0000121D1609847DEE740720020004108408E
:1060C00000207047704700BFF8B50C4671B182B12F
:1060D00006468F1800253368304614F8011B1B68EC
:1060E0009847BC420544F6D12846F8BD0D462846DF
:1060F000F8BD1546F8E700BF854B864A86492DE96D
:10610000F0435E6988428CBF4FF012084FF00E08D2
:106110009C69D768D3F8801007F01F0941F0C001CF
:10612000C145C3F8801007D268F30407D76013682D
:10613000002BFCDA07F01F0916F0007324D1774A10
:106140001169774A8A4300F0DB8084F4805231463B
:106150004FF4805511F0605F04D026F060561E4366
:106160006B4B5E6112F4405F07D024F44054684AE0
:106170002C439461936C1907FCD446F00076644A72
:106180005661936C9B06FCD44FF0010C0146654CA4
:10619000634603FB011203F1010E0CF10105A2425B
:1061A00018D8BEF1080F4FF0010340F08B80BCF10E
:1061B000040F00F28D804218A24200F29B8005FB82
:1061C00000F1AC4603F1010E03FB01120CF10105D5
:1061D000A242E6D90CF1FF3453491144534A91428B
:1061E0007BD9534D6C2253484C49B0FBFEF0D1F89B
:1061F00000E0B0FBFCF0DFF868C10EEA0C0CAC4527
:1062000008D042F400524FF480550D600A600A68CD
:10621000002AFCDA3E4A116901F00701994203D0D5
:106220001361936CDD03FCD486EA8423A40213F487
:10623000E05F09D026F4E05604F4E054344A2643E3
:106240005661936C9907FCD43B493C4A0144914206
:106250003AD83B4BC909A3FB0131090B4B1E1B026A
:1062600086EA030212F4407F06D026F4407603F457
:106270004073274A33435361254A536923F000731F
:106280005361936C9B06FCD42E4BC845A3FB0023A3
:106290004FF0FF324FEA9343B0FBF1F1B2FBF3F35F
:1062A000294A1060294A1160294A136008D227F050
:1062B0001F07184A47EA0807D7601368002BFCDA63
:1062C000BDE8F083734664E74FF440730421C7E7E9
:1062D00015490CF1FF34072311441E4A1E48A2FB46
:1062E00001211E4D0A0D362A38BF362202FB00F06E
:1062F000154379E764460023AC464FF0010E6BE787
:106300001D4686F0C05122464FF0C05322E700BF21
:1063100000C00F400000084000A4781F00800D401E
:1063200040300080FFB19F26808D5B00FF7EF64DE0
:106330006C20008000643F4D7FD1F0087F17B42CA3
:106340009F10E50083DE1B43B44A0020384A00203A
:1063500014C30120819F5E16001BB700002000803F
:106360007F30018000234FF470410F224FF4604CC6
:10637000A0F88C114FF48061A0F88E21A0F8903124
:10638000B0F8882192B242F0F002A0F8882148F2D9
:10639000B822A0F804C0C1804384038643804381AF
:1063A000C2814382C3824383C383A0F864C0A0F840
:1063B0006610A0F88230A0F89030A0F86230A0F803
:1063C0006A30A0F86E20A0F87230A0F87630A0F8FD
:1063D0007A30A0F87E30A0F8C4C0A0F8C610A0F8AB
:1063E000E230A0F8F030A0F8C230A0F8CA30A0F82F
:1063F000CE20A0F8D230A0F8D630A0F8DA30A0F83D
:10640000DE30A0F824C1A0F82611A0F84231A0F88F
:106410005031A0F82231A0F82A31A0F82E21A0F89E
:106420003231A0F83631A0F83A31A0F83E31B0F858
:1064300088319BB243F00F03A0F88831B0F888315F
:106440009BB243F47063A0F88831704730BFFDE71A
:10645000836BF0B41BB1536843F40043536072B6CE
:10646000446B3CB31A4B2260D3F8B0410C421DD1AF
:10647000184E776804E07468E41BB4F5166F0BD20D
:10648000D3F8404144F48044C3F84041D3F8B851B4
:10649000D3F840416404EED50D4007D10C4CC0E95F
:1064A0000225D4F8B0310B43C4F8B031426362B670
:1064B000F0BC7047064DC0E90224D5F8B0310B435B
:1064C000C5F8B0310263426362B6F0BC704700BFEA
:1064D00000002E40001000E00B4A117B507BCBB235
:1064E00081420DD001330949092B28BF00231344F1
:1064F0001B7C02EB430201EB4323928B985C7047B9
:106500004FF0FF30704700BFA0A600208020202061
:10651000284B1B78002B4BD070B5274CA18D01B9AF
:1065200070BD94F82F0004F1400C244B01260CEBB5
:106530004012C1F5006103EBC02384F82E604001D6
:106540000D0419444CF8006003F5805045F08005B7
:106550009360D06003F500505560106103F5405022
:10656000506103F5804090610020D061BFF34F8FF0
:106570004FF0E020C0F8703F20339942FAD8BFF3C3
:106580004F8FBFF36F8F4FF480110D48FFF760FFFF
:1065900094F82F300133DBB2032B88BF002384F83B
:1065A0002F300023A385BFF34F8F84F82E3070BDAA
:1065B000704700BF88B10120A0A6002080002020E5
:1065C000400200202DE9F84F324D2B7B6A7B93422D
:1065D0005BD0DEB205F1E008DFF8C0A04FF0E024A8
:1065E0004FF40037DFED2C7A0136082E4FD85FFAD2
:1065F00086F9AB19D5F8C0C0B5F8E01101201B7CB5
:1066000005EB43024FEA431EB2F8C4B0928BABEBEA
:10661000020B08EB4312ACEB0B0CC5F8C0C04FEA01
:10662000014CC4F88C714CF0800C48F80E00D3611A
:106630000AEB4323C2F804C003F5805C936019445D
:10664000C2F80CC003F5005CC2F810C003F5405C52
:10665000C2F814C003F5804CC2F818C0BFF34F8FC6
:10666000C4F85C3F20339942FAD8BFF34F8FBFF391
:106670006F8F082117EE900AFFF7EAFEC4F80C713D
:1066800085F80C906B7B9E42AED1BDE8F88F00265A
:10669000B146AEE7A0A60020800100208020202087
:1066A000184B012193F82F2083F82E10B2B1586CAB
:1066B0008A4280F08000C0F3C0104FEAC0200ED1A3
:1066C000D3F88410090658BF00F50060032A0DD1E5
:1066D000BFF34F8F002283F82E2070471046596E6B
:1066E000090658BF00F50060022AE9D1D3F8A420BA
:1066F000120658BF00F50060BFF34F8F002283F8E9
:106700002E207047A0A60020F8B5274C94F82E3014
:10671000002B47D103F0FF05244B1B78002B41D001
:10672000A18D00293ED094F82F0004F1400C204B9D
:1067300001270CEB4012C1F5006103EBC0234001BF
:106740000E0419444CF8007003F5805046F08006A2
:10675000D561D06003F500505660106103F54050DC
:106760009360506103F580409061BFF34F8F4FF00D
:10677000E020C0F8703F20339942FAD8BFF34F8F22
:10678000BFF36F8F4FF480110A48FFF761FE94F852
:106790002F300133DBB2032B88BF002384F82F3066
:1067A0000023A385F8BD00BFA0A6002088B101206A
:1067B000800020204002002090F8A32090F8A20042
:1067C000101A704790F8A23090F8A3209A4205D989
:1067D0005A1C034480F8A220987E70474FF0FF3087
:1067E000704700BF90F8A23090F8A3209A4202D9D7
:1067F0001844807E70474FF0FF307047704700BFED
:106800000346B0F8300178B193F82F21882A03D9D4
:10681000012200205A60704702F1010C01201A4445
:1068200083F82FC182F8A510704700BF70B52A4CBD
:106830002369D3F8145115F4706201D0C3F8142100
:10684000AE070BD5D3F8701108043ED50022012005
:10685000A4F8A220224484F8A3009176EA0710D578
:1068600094F83061F6B194F82E6194F82F21B24279
:1068700027D9711C264496F8A52084F82E11C3F858
:106880006021AB050DD594F8A30018B1D4F83C31C4
:1068900003B198470023A4F8A230A4F82E3184F85D
:1068A000303170BDD4F838210AB1904723690022F5
:1068B00084F82E21012284F8302194F82F21B2424D
:1068C000D7D80022C3F86021DBE794F8A320872AF9
:1068D000C4D8501CC0B2BDE7E05E002070B52C4C9F
:1068E000D4F8F431D3F8145115F4706201D0C3F820
:1068F0001421AE070CD5D3F87011080440D500223E
:106900000120A4F88622224484F8870282F8FE112E
:10691000EA0710D594F81463F6B194F8126394F86A
:106920001323B24228D9711C264496F8892284F890
:106930001213C3F86021AB050DD594F8870218B186
:10694000D4F8203303B198470023A4F88632A4F882
:10695000123384F8143370BDD4F81C2312B190475D
:10696000D4F8F431002284F81223012284F814238D
:1069700094F81323B242D6D80022C3F86021DAE794
:1069800094F88722872AC3D8501CC0B2BBE700BF47
:10699000A0A6002070B52C4CD4F83433D3F8145191
:1069A00015F4706201D0C3F81421AE070CD5D3F8EA
:1069B0007011080440D500220120A4F8C623224407
:1069C00084F8C70382F83E13EA0710D594F854649C
:1069D000F6B194F8526494F85324B24228D9711C49
:1069E000264496F8C92384F85214C3F86021AB05F5
:1069F0000DD594F8C70318B1D4F8603403B19847A3
:106A00000023A4F8C633A4F8523484F8543470BD7B
:106A1000D4F85C2412B19047D4F83433002284F8BF
:106A20005224012284F8542494F85324B242D6D834
:106A30000022C3F86021DAE794F8C723872AC3D875
:106A4000501CC0B2BBE700BFA0A6002030B4046851
:106A5000BDF808500295A46BA44630BC604700BF47
:106A600030B40468BDF808500295E46BA44630BC0D
:106A7000604700BFD0F800C02DE9F04F90461F4698
:106A80001F4A83B0DCF8143005460C46BDF930903F
:106A90009342BDF834A029D12744A7421EDDDFF878
:106AA00064B00AE00134CDF800A0DCF8386024B20C
:106AB000B047D5F800C0BC4210DADCF820604B4685
:106AC000424621465E452846ECD00134CDF800A070
:106AD000B047D5F800C024B2BC42EEDBDCF82C3065
:106AE000074A934206D103B0BDE8F08F9847D5F826
:106AF00000C0D1E7284603B0BDE8F04F184700BFFB
:106B0000F936010049390100D0F800C02DE9F04FF5
:106B1000DCF8406083B0DFF898E0BDF9309076454E
:106B2000BDF834A032D190461F46204A0546DCF815
:106B300014300C46934235D12744BC421EDADFF8AC
:106B400074B00AE00134CDF800A0DCF8386024B25B
:106B5000B047D5F800C0BC4210DADCF820604B46E4
:106B6000424621465E452846ECD00134CDF800A0CF
:106B7000B047D5F800C024B2BC42EEDBDCF82C30C4
:106B80000A4A934209D103B0BDE8F08FB446CDE97B
:106B90000C9A03B0BDE8F04F6047284603B0BDE84B
:106BA000F04F18479847D5F800C0C5E7F9360100FF
:106BB00071390100493901002DE9F0411C460B46AD
:106BC000016884B0114E05464F69BDF82880B74270
:106BD00010D1013CCDF804802846144424B200941E
:106BE0008C6A1946A0472B68DB6AB34209D104B00E
:106BF000BDE8F081CDE90232B8472968DDE902320B
:106C0000E7E7284604B0BDE8F0411847F93601002F
:106C10002DE9F043056885B0124E04466F69994628
:106C2000BDF83080B74210D109F1FF33CDF80480B0
:106C3000009220460B44AD6A1BB2A8472368DB6A6A
:106C4000B34209D105B0BDE8F083CDE90212B847DF
:106C50002568DDE90212E7E7204605B0BDE8F0430C
:106C6000184700BFF9360100D0F800C0274B2DE9C6
:106C7000F04FDCF8404083B00F46B0F90C909C42D6
:106C8000B0F90E802FD1DCF814300546DFF880B063
:106C90005B4537D1B9F1000F1EDD0024DFF874A089
:106CA000214609E001340097DCF83860B047D5F898
:106CB00000C021B289450FDDDCF820604346002288
:106CC00028465645EED0013400220097B047D5F84B
:106CD00000C021B28945EFDCDCF82C305B450CD1DB
:106CE00003B0BDE8F08F002201914B46CDF8008043
:106CF0001146A04703B0BDE8F08F284603B0BDE8B9
:106D0000F04F18479847D5F800C0C3E77139010024
:106D1000F9360100493901002DE9F043994287B065
:106D20000546BDF93840BDF83C6022D0A24212D0E1
:106D30000768DFF88480D7F81490C14533D128461E
:106D4000CDE90046BC6AA0472B68DB6A434525D1E4
:106D500007B0BDE8F08399421CDC0E9601332C6825
:106D600028465B1AE46B1BB2A44607B0BDE8F043AB
:106D70006047A24202DD134622461C460E96631C63
:106D80002C6828469B1AA46B1BB2A44607B0BDE82A
:106D9000F0436047084619460346DEE7284607B039
:106DA000BDE8F0431847CDE904230391C8472F6895
:106DB0000399DDE90423C2E7F93601002DE9F04F1C
:106DC0001D4603681646DFF8BC905A6985B0044634
:106DD0004A45BDF93880BDF83C7043D1D3F824B0A2
:106DE0003246DFF8A4A020460097D345039108BFA0
:106DF000D3F83CB02B46D847236808F1FF320399FB
:106E0000D3F824B032440097D34512B234D1D3F82A
:106E10003CA0204603912B46D04703992368324675
:106E2000DFF868A02046D3F820B0013D0097D34595
:106E3000039108BFD3F838B04346D8470399226876
:106E400043460D44204629B2156A0097554508BFB0
:106E5000956B3246A8472368DB6A4B4507D105B0DE
:106E6000BDE8F08F0391904723680399B6E7204669
:106E700005B0BDE8F04F184703912B462046D84790
:106E80000399CBE7F93601005D390100493901006A
:106E900001F003038376CB0705D40289B0F90A30E9
:106EA0008281C38170474289B0F908308281C381F1
:106EB000704700BF704700BF00B590F81AC0BCF122
:106EC000020F0CD0BCF1030F60D0BCF1010F54D005
:106ED000012B13D0022B3AD023B35DF804FBB0F89A
:106EE00008C0012BACEB010C4189A1EB02020CF1B3
:106EF000FF3102F1FF3209B212B2EBD1002A134680
:106F0000B0F808E002F0070CB8BFD31DC06A012238
:106F1000DB1002FA0CF213FB0E13C15C0A43C254DD
:106F20005DF804FB002A1346B0F808E002F0070CF5
:106F3000B8BFD31DC06ADB1013FB0E130121C25C66
:106F400001FA0CF122EA0102C2545DF804FB002AA6
:106F50001346B0F808C0B8BFD31DC06A02F00702DC
:106F6000DB1013FB0C13012110F803C001FA02F22D
:106F700082EA0C02C2545DF804FBB0F808C0ACEB26
:106F8000020C0A460CF1FF3109B2A1E7B0F80AC0C1
:106F9000ACEB010C11460CF1FF3212B298E700BFC6
:106FA00070B504680C4E2569B54209D100298E469A
:106FB00005DBB0F90C508D4201DD002A04DA70BD0A
:106FC000AC46BDE870406047B0F90E509542F6DD22
:106FD000BDE8704070E700BF394001002DE9F04F77
:106FE00085B0A3EB01091F460D46BDF938C0164612
:106FF000BDF83C30ACEB0208B8F1000FB8BFC8F1E7
:107000000008B9F1000FB8BFC9F10009C84540F345
:1070100081803C468E460A46354639467646674666
:10702000CA46A446BD420ADD521A3446294666467F
:1070300082EAE27A3D46A4460F46AAEBE27A7A1B40
:107040001FFA8AFABB4614B292B2002C00924FF695
:10705000FF72B8BF0134B445C8BF01226410019269
:107060001DE08F423BD11769324A974237D1002E3B
:1070700005DBB0F90C20B24201DD29044DD5A4EBAB
:107080000A0214B292B2002C05DA01990E4400995A
:107090000A4436B214B201352DB2AB4527DB026883
:1070A000C84525499769DCDC8F4223D11769214AFD
:1070B000974227D1002DE2DBB0F90C20AA42DEDD99
:1070C0003204DCD4B0F90E20B242D8DD3246294673
:1070D00003930290FFF7F0FEDDE90203CFE703938D
:1070E0002A4602903146B847DDE90203C7E705B0FA
:1070F000BDE8F08F0393324602902946B847DDE998
:107100000203BCE70393324602902946B847DDE903
:107110000203B4E76146C24684E7B0F90E20AA42F2
:10712000ADDD2A46314603930290FFF7C5FEDDE947
:107130000203A4E7394001009D3E0100002905DB60
:10714000B0F90CC08C4501DD002A00DA7047B0F9B7
:107150000EC09445FADD10B490F81AC0BCF1020FCD
:107160000DD0BCF1030F58D0BCF1010F4CD0012B56
:1071700038D0022B24D07BB15DF8044B7047B0F8B7
:1071800008C00CF1FF3CACEB010C41898A1A0FFAE4
:107190008CF1013A12B2EAE7002A1346B0F808C0AF
:1071A000B8BFD31DC46A02F007020120DB1000FA49
:1071B00002F213FB0C13E15C21EA0202E254DBE76A
:1071C000002A13460489B8BFD31DC06A02F0070223
:1071D000DB1013FB04130121C45C01FA02F26240CC
:1071E000C254C9E7002A1346B0F808C002F00704E9
:1071F000B8BFD31DC06A0122DB10A24013FB0C13E1
:10720000C15C0A43C254B7E7B0F808C0ACEB020C4B
:107210000A460CF1FF3109B2A9E7B0F80AC00CF137
:10722000FF3CACEB010C11460FFA8CF29FE700BF5C
:10723000002930B5BDF80C4002DA0B4400211BB226
:10724000B0F908C05D188E46654502DDACEB010162
:107250000BB2002B0FDDD11002F00702C06A1CFB3D
:1072600001EC012101FA02F28C426044D2B271D0E9
:10727000022C3AD004B130BD9BB2D2435D1ED2B2D3
:10728000A9B22DB2022921D921464FEA930C041D3F
:1072900062F307010CF1FF3C62F30F211FFA8CFC33
:1072A00062F3174104EB8C04844662F31F61DCF83F
:1072B00000E00EEA010E4CF804EBA445F7D123F0F0
:1072C00003016D1A8B4208442DB2D4D003781340C9
:1072D0000370002DCFD04378012D03EA02034370E1
:1072E000C9D083781A40827030BD9BB25D1EA9B2AE
:1072F0002DB202291FD90024990800F1040E62F36F
:107300000704013962F30F2489B262F317440EEBCC
:10731000810E014662F31F64D1F800C08CEA040CB0
:1073200041F804CB7145F7D123F003016D1A8B426C
:1073300008442DB29FD0037853400370002D9AD09B
:107340004378012D83EA0203437094D0837853403D
:10735000837030BD9BB25D1EA9B22DB2022920D927
:107360000024990800F1040E62F30704013962F366
:107370000F2489B262F317440EEB810E014662F3CB
:107380001F64D1F800C04CEA040C41F804CB8E45D0
:10739000F7D123F003016D1A8B4208442DB23FF45C
:1073A0006AAF037813430370002D3FF464AF437852
:1073B000012D43EA020343703FF45DAF837813432A
:1073C000837030BD90F81AC0BCF1020F2DE9F04176
:1073D000BDF8184024D0BCF1030F1CD0BCF1010F44
:1073E00009D0002A15DBB0F90AC0944511DD0694D6
:1073F000BDE8F0411CE7B0F808C0ACEB020C0CF1A2
:10740000FF3C0FFA8CF2002A03DBB0F908C0944568
:1074100013DCBDE8F081CD184189491B09B2F2E7C0
:10742000B0F80AC0CD180189ACEB020C491B0CF175
:10743000FF3C09B20FFA8CF2D3E7002902DA1944B3
:107440000BB200218E46B0F90A509E44AE4501DDD4
:107450006D1A2BB2002BDCDDC1F3C405C66A11F036
:107460000701DBB21CFB052506EB050225D0C1F1A7
:10747000080EDFF808815FFA8EFE734518F80E706B
:1074800044D2AEEB03084FF0FF0C012C4CFA08FC81
:1074900007EA0C0752D0022C3CD0002CB9D116F8C8
:1074A00005C02CEA070C734506F805C0B0F9085072
:1074B000AFD308392A440B44DBB2072B16D9022C70
:1074C00041D0B4F1000C194618BF4FF0010CCCF1BB
:1074D000000C5FFA8CFC083982F800C0B0F9085043
:1074E000C9B22A440729F6D803F00703002B90D02D
:1074F0002249012C0B441B7A3BD0022C35D0002CA6
:1075000087D1117821EA0303137082E7012C15D08B
:10751000022C04D116F805C087EA0C0CC3E7002C36
:10752000BDD0083962440B44DBB2072BC9D8002B0D
:107530003FF46FAF984498F80830DEE716F805C0BE
:1075400047EA0C0CAFE7194614780839E443C9B28E
:1075500014700729B0F908402244F5D813F0070346
:107560003FF457AF05490B441B7A11784B40137019
:107570004FE711780B4313704BE700BFF82E006004
:107580002DE9F04190F81AE09446BDF81840BEF19C
:10759000020F00F08F80BEF1030F00F08680BEF175
:1075A000010F70D000296CDBB0F908E08E4568DD72
:1075B000BCF1000F04DA9C440FFA8CF34FF0000C7E
:1075C0006246B0F90A501A44AA4202DDA5EB0C0546
:1075D0002BB2002B55DDCCF3C402C66A1CF0070C9D
:1075E000DBB21EFB021106EB010224D0CCF1080530
:1075F000DFF84481EDB2AB4218F8057065D2A5EB17
:1076000003084FF0FF0E012C4EFA08FE07EA0E07A2
:1076100073D0022C5DD0A4BB16F801E02EEA070E51
:10762000AB4206F801E0B0F908102AD3ACF1080C1F
:107630000A446344DBB2072B16D9022C62D0B4F1A2
:10764000000C194618BF4FF0010CCCF1000C5FFA8A
:107650008CFC083982F800C0B0F90850C9B22A443D
:107660000729F6D803F007035BB13349012C0B441B
:107670001B7A5CD0022C56D01CB9117821EA030386
:107680001370BDE8F0819C440289A2EB0C020FFA52
:1076900082FC0029F5DBB0F90A208A42F1DD0A46B6
:1076A00006946146BDE8F041C2E54289521A013AAA
:1076B00011B2EEE702899C44521A013A11B2428992
:1076C000A2EB0C020FFA82FC6CE7012C15D0022C05
:1076D00004D116F801E087EA0E0EA1E7002C9BD03A
:1076E000ACF1080C72446344DBB2072BA7D8002B23
:1076F000C7D0984498F80830BCE716F801E047EA8C
:107700000E0E8DE7194614780839E443C9B2147097
:107710000729B0F908402244F5D813F00703B0D088
:1077200005490B441B7A11784B401370A9E7117877
:107730000B431370A5E700BFF82E006011F0FD0F9A
:10774000017204D1D0F80A30C0F81230704700231B
:107750008189428961F30F0362F31F43C0F812303D
:10776000704700BF81757047002070473E4B3F4A0D
:107770001B6830B41D6C2979D177DC6B20791077C8
:1077800011779A6B52B1B2F5004F23D3384C1444A1
:10779000364A9C63D176D07630BC70479C6A03250C
:1077A00093F8321093F8340024680843216B21EADF
:1077B0000001586C216383F8355003682D491B681C
:1077C0008B421DD1037F4260022BC2601BD18368B4
:1077D00030BC18472468B4F81EC01CF4004F15D103
:1077E0002D681FFA82FCA4F81EC0A4F816C0EC8B0A
:1077F000240434D4A5F81EC0A5F816C00024C7E799
:10780000114630BC184730BCFEF79ABAB2F5007F7B
:107810001ED21FFA82FCE28B2D6802F47E424CEAF3
:107820000202E283E28A02F47E424CEA0202E2822F
:10783000EA8B1204DED5EA8B02F47E424CEA0202A5
:10784000EA83EA8A02F47E424CEA0202EA82D5E73F
:107850002D68EC8B2404D1D41FFA82FCCAE7B2F560
:10786000007FE8D3CAE700BF18C3012000800E40A4
:107870000180FFFFC12C01003E4B3F4A5B6830B4E2
:107880001D6C2979D177DC6B2079107711779A6B91
:1078900052B1B2F5004F23D3384C1444364A9C639E
:1078A000D176D07630BC70479C6A032593F83210AD
:1078B00093F8340024680843216B21EA0001586CD6
:1078C000216383F8355003682D491B688B421DD115
:1078D000037F4260022BC2601BD1836830BC184713
:1078E0002468B4F81EC01CF4004F15D12D681FFA8F
:1078F00082FCA4F81EC0A4F816C0EC8B240434D477
:10790000A5F81EC0A5F816C00024C7E7114630BC74
:10791000184730BCFEF714BAB2F5007F1ED21FFA2A
:1079200082FCE28B2D6802F47E424CEA0202E28382
:10793000E28A02F47E424CEA0202E282EA8B1204FC
:10794000DED5EA8B02F47E424CEA0202EA83EA8A3E
:1079500002F47E424CEA0202EA82D5E72D68EC8B03
:107960002404D1D41FFA82FCCAE7B2F5007FE8D321
:10797000CAE700BF18C3012000800E400180FFFF4E
:10798000C12C010010B51C4CD4F8640420B103686C
:107990001A4A1B6893421AD1D4F8680420B10368CC
:1079A000164A1B68934217D1D4F86C0420B10368BF
:1079B000124A1B68934214D1D4F8700420B10368B2
:1079C0000E4A1B68934211D1BFF34F8F10BD0C4973
:1079D00098470028E0D010BD094998470028E3D017
:1079E00010BD074998470028E6D010BD04499847C4
:1079F0000028E9D010BD00BFA0A600206546010008
:107A000008C2012010B51C4CD4F8740420B10368DE
:107A10001A4A1B6893421AD1D4F8780420B103683B
:107A2000164A1B68934217D1D4F87C0420B103682E
:107A3000124A1B68934214D1D4F8800420B1036821
:107A40000E4A1B68934211D1BFF34F8F10BD0C49F2
:107A500098470028E0D010BD094998470028E3D096
:107A600010BD074998470028E6D010BD0449984743
:107A70000028E9D010BD00BFA0A600206546010087
:107A800018C2012010B51C4CD4F8840420B103683E
:107A90001A4A1B6893421AD1D4F8880420B10368AB
:107AA000164A1B68934217D1D4F88C0420B103689E
:107AB000124A1B68934214D1D4F8900420B1036891
:107AC0000E4A1B68934211D1BFF34F8F10BD0C4972
:107AD00098470028E0D010BD094998470028E3D016
:107AE00010BD074998470028E6D010BD04499847C3
:107AF0000028E9D010BD00BFA0A600206546010007
:107B0000F8C101204A4B4B4930B5D3F8DC44D3F8D7
:107B1000D8542079C877D3F8D42495F804C081F8D4
:107B20001CC008775AB1B2F5004F26D34249114420
:107B3000404AC3F8D414D07682F81BC030BDD3F8C5
:107B400094140F2440F201308C650324CA6108614B
:107B50004FF47C504861D3F8E00483F8D1440368C3
:107B600036491B688B422BD1037F4260022BC260D7
:107B70002AD18368BDE8304018472D68E98B090495
:107B800014D492B2EA832168EC8BA4B2EC82CC8B41
:107B9000240405D5CC8BC2F3080204F47E442243AE
:107BA000CA83CA8B92B2CA820021C1E7E98BC2F3B1
:107BB000080E92B201F47E4141EA0E01E983E2E748
:107BC0001146BDE830401847EFF3108272B6437F8C
:107BD00033B9017F012917D0032905D00123437749
:107BE000002AABD162B630BD154D16492C68DCB108
:107BF00043610B68836158614FF0E0234FF080547C
:107C00000860C3F8044DE9E70F4C216831B10F4912
:107C100043610B68086083615861DFE70B4B2060AC
:107C20001860C0E90511D9E7C0E905442860E3E719
:107C3000A0A6002000800E400180FFFFC12C0100A3
:107C400000C3012004C30120F8C20120FCC20120AE
:107C50004A4B4B4930B5D3F82C45D3F828552079F9
:107C6000C877D3F8242595F804C081F81CC008779C
:107C70005AB1B2F5004F26D342491144404AC3F8E5
:107C80002415D07682F81BC030BDD3F8E4140F243D
:107C900040F201308C650324CA6108614FF47C50C6
:107CA0004861D3F8300583F82145036836491B68DD
:107CB0008B422BD1037F4260022BC2602AD18368A2
:107CC000BDE8304018472D68E98B090414D492B2FE
:107CD000EA832168EC8BA4B2EC82CC8B240405D51A
:107CE000CC8BC2F3080204F47E442243CA83CA8BBD
:107CF00092B2CA820021C1E7E98BC2F3080E92B2A8
:107D000001F47E4141EA0E01E983E2E71146BDE854
:107D100030401847EFF3108272B6437F33B9017FCA
:107D2000012917D0032905D001234377002AABD1BD
:107D300062B630BD154D16492C68DCB143610B6845
:107D4000836158614FF0E0234FF080540860C3F81E
:107D5000044DE9E70F4C216831B10F4943610B68CD
:107D6000086083615861DFE70B4B20601860C0E951
:107D70000511D9E7C0E905442860E3E7A0A6002083
:107D800000800E400180FFFFC12C010000C30120D4
:107D900004C30120F8C20120FCC201200B682DE9B8
:107DA000F0430C465B698046084600252DED068BA6
:107DB0008BB09FED5A9A98472368074620469B69E7
:107DC00098472368064621461B6806A89847DFEDBA
:107DD000548AADF816500CE0BDF8163002EB4202A2
:107DE00003EB4303B118F85A3B44B0529B788B70B5
:107DF0000135236820461FFA85F9DB699847034659
:107E00004A4621464B4508A861D923689B68984794
:107E1000D8ED036ADDED097A9DED087A77EEA67A52
:107E2000D8ED025A9DED076A37EE257ADDED066A38
:107E300077EEC67A37EE667A27EEA70A77EEA87A4B
:107E400077EE090AA7EE070AB5EE400AF1EE10FA3E
:107E500057D4F1EEC09AB0EE670A11F083FBB7EE8B
:107E6000006AF6EE006A98ED047AF1EE007A86EE8A
:107E7000298AB0EE40AA28EE268A28EE078A28EE44
:107E8000278A11F0A7FCF0EE409AB0EE4A0A11F0F2
:107E90009DFB60EE087A69EE889AD4F800C00DF177
:107EA00016024946FDEEE77A2046BDEEE97ACDEDB1
:107EB000007A17EE103ADCF84890C847AAB20028BA
:107EC0008AD102EB4203F218F052907090E700253D
:107ED00003E0F05AF8528B78937023682046DB69F0
:107EE0009847ABB201351A4603EB4303904206EBC9
:107EF000030107EB0302ECD80BB0BDEC068BBDE829
:107F0000F083CDED037ACDED020A11F045F8DDEDF9
:107F1000037AF0EE409ADDED020A9CE700000000D3
:107F2000000048422DE9F04FAF4C85B0D4F8443101
:107F3000DF070193C4F8443152D5D4F8AC31002B9B
:107F400049D0DFF8A8A2DFF8C4B20AF26C5202F5F9
:107F500080520292C4F8AC31DBE90A20D4F84031F7
:107F600043F40053C4F84031D4F840319D04F5D5B2
:107F7000D4F8403123F40053C4F840314FF00113DA
:107F8000C4F8B431D4F8B47117F00117FAD193B230
:107F9000CAF83475B3F5086F00F06F8300F25E81A4
:107FA00040F20235AB4200F0388300F20F81822BA1
:107FB00000F0DE82B3F5817F40F0C18010F0780FD1
:107FC00083B200F0DD834FF00113C4F8C031D4F860
:107FD000AC31002BBED1844BD3F8BC51002D47D11E
:107FE000019B5E0615D5804AD2F8AC31C2F8AC319F
:107FF000D2F8BC31C2F8BC31D2F8B031002BFBD181
:108000004FF0FF307949C2F8B401D2F88421C1F8A9
:108010006435019BDC0104D5744BD3F8683503B19A
:108020009847019B580709D56F4BD3F8843113F457
:10803000007319D06D4B012283F860256A4BD3F889
:10804000482111060DD5019A12060AD5674991F803
:10805000C12532B1013AD2B281F8C125002A00F01F
:10806000908405B0BDE8F08F604A82F86035E5E79E
:10807000DFF878A1C3F8BC51DAF83425154240F096
:10808000AB83DAF8643515EA0309A9D05FEA19472A
:1080900028D0DFF878B14FF0010897FAA7F5B5FAC4
:1080A00085F50BEBC51ADAF870600AF1400AAEB13B
:1080B0003246002404E012680134012A00F0E18312
:1080C000536813F08003F6D0CAF8302034B130463C
:1080D000DAF8383036689847013CF8D108FA05F5E7
:1080E000AF43DAD11FFA89F5002D3FF479AFDFF8FD
:1080F0001CB14FF0010895FAA5F6B6FA86F60BEB1F
:10810000C619D9F83070AFB13A46002404E01268BD
:108110000134012A00F0B883536813F08003F6D0CD
:10812000C9F8302034B13846D9F838303F6898471C
:10813000013CF8D108FA06F6B543DCD150E7802BB4
:108140007FF441AF2A4B0122AAF86C75CAF8883532
:10815000029BCAF88025CAF88C35264A264BCAF8F5
:108160008425CAF8903503F5805203F50053CBF807
:108170004C70CAF89425CAF89835204BCBF8483093
:10818000D4F8B03143F48033C4F8B031D4F8B0310E
:10819000002BFBD1CAF84835CBF80C300123CAF8C4
:1081A00040358023CAF84435154BCBF808304FF0E2
:1081B0000113C4F8BC31D4F8B03143F00103C4F862
:1081C000B031D4F8B031002BFBD100E7B3F5A06F8C
:1081D00000F08881A3F5D063012B3FF6F4AE87B29F
:1081E000160C0849084B18E000002E40A0A60020FD
:1081F0000CAC0020800002000CCC002020AC002041
:10820000E0AB0020B84A00201C3100200000002014
:1082100019690C3300293FF4D6AE1A88B242F7D15F
:108220005A88BA42F4D1320A032A00F00B831F891C
:10823000000C874228BF0746B6F5007F40F0078351
:10824000B94B3A469AF8605503F16401B748002DDE
:1082500008BF1946B54D12F019FF38E342F2212547
:10826000AB4268D010D942F221318B426DD04FF62B
:10827000C0018B427FF4A7AE10F47F4F87B27FF42A
:10828000A2AE47F46E47ABE7B3F5106F7AD042F277
:108290002105AB427FF497AE030C072B7FF493AE1E
:1082A000A34BCBF80C70CAF8883543E902200122B1
:1082B000CAF880259F4ACAF8842503F58052CAF877
:1082C0008C2503F50052CAF8902503F54052CAF8F0
:1082D000942503F58042303BCAF89825CBF8083046
:1082E000D4F8B03143F00103C4F8B031D4F8B03160
:1082F000002BFBD1CAF84835CBF84C300123CAF823
:10830000403548F28003CAF844358B4BCBF84830EF
:108310004FF00113C4F8BC31D4F8B03143F48033CA
:10832000C4F8B0314FF48033CAF83435D4F8B031E2
:10833000002BFBD14BE680B238B9804BC2F3074229
:108340001B68CAF8A0358AF8A4250023CAF8483566
:10835000CBF84C300123CAF840358023CAF84435A5
:10836000754BCBF848304FF00113C4F8BC31D4F84A
:10837000B03143F48033C4F8B031D4F8B031002BBD
:10838000FBD124E6C2F307426D4B6E4E39461A709C
:1083900080226D4BA6F18400B946C4F8C8316B4BFE
:1083A000C4F8CC316A4BC4F8D0319AF86035002B50
:1083B00015BF4FF4007540254FF000734FF4800354
:1083C00014BF4FF008584FF001580393AAF8E0513A
:1083D000AAF8625512F068F839464FF4807206F137
:1083E0001C008AF82F70AAF82C7012F05DF839463C
:1083F0003760F7603C2246F8A87C46F89C7C5548DC
:108400008AF80D708AF80C70CAF8C070C6E9017756
:1084100046E9297712F048F801224F4B3946CBF84C
:1084200048213C224D481C36CBF8403112F03CF834
:10843000DAF8643501223946494843F00803CBF89D
:1084400088213C22CBF88081CAF864354FF0E027C0
:10845000444BDFF81881CBF8B83112F025F8039BB4
:108460002A464546CBF840320123CBF848324FF438
:108470000033C7F88C310123B56033601304C6F8AC
:108480001C902A4443F08003736005F58053F36029
:1084900005F50053336105F54053736105F58043DD
:1084A000B361BFF34F8F2B46C7F85C3F20339A422E
:1084B000FAD8BFF34F8FBFF36F8F082109F101097D
:1084C00032462948FDF7C4FF4FF40033894505F5CE
:1084D000007506F12006C7F80C3100F01481BAF8D7
:1084E000E021C4E70123CAF84875CBF84C70CAF8FC
:1084F00040358023CAF844350F4BCBF848304FF055
:108500000113C4F8BC31D4F8B03143F48033C4F85B
:10851000B031D4F8B031002BFBD1130C5B0643F023
:108520008073C4F8543152E5082F00600000202009
:1085300050AC002080000700E0AB00200CC30120FD
:1085400088B1012064A700200200CC00C80002000E
:108550000200C80044010020000010208401002017
:1085600044020020F55A01008001002080202020D4
:1085700083B210F078007FF426ADC54903F07F0286
:1085800051F822201906AAF86C0500F17381D7076B
:1085900000F17381BF4B0122CAF88835029BCAF8EB
:1085A0008025CAF88C35BC4ABC4BCAF88425CAF869
:1085B000903503F5805203F50053CAF89425CAF8A4
:1085C0009835B74BCBF848300023CBF84C30D4F873
:1085D000B03143F48033C4F8B031D4F8B031002B5B
:1085E000FBD1CAF84835CBF80C300123CAF8403526
:1085F0008023CAF84435AB4BCBF808304FF0011359
:10860000C4F8BC31D4F8B03143F00103C4F8B03140
:10861000D4F8B031002BFBD1D9E410F0780F83B23D
:108620007FF4D1AC03F07F02994913F0800F51F829
:10863000223014BF43F4803343F0010341F8223069
:108640000023CAF84835CBF84C300123CAF840352E
:108650008023CAF84435934BCBF848304FF00113D0
:10866000C4F8BC31D4F8B03143F48033C4F8B0312D
:10867000D4F8B031002BFBD1A9E48B4A854B12789A
:10868000CAF888358AF86C250122029BCAF8802531
:10869000CAF88C35854A814BCAF88425CAF89035CA
:1086A00003F5805203F50053CBF84C70CAF89425BB
:1086B000CAF898357A4BCBF84830D4F8B03143F447
:1086C0008033C4F8B031D4F8B031002BFBD1CAF8F4
:1086D0004835CBF80C300123CAF840358023CAF85E
:1086E0004435704BCBF808304FF00113C4F8BC315F
:1086F000D4F8B03143F00103C4F8B031D4F8B0314C
:10870000002BFBD163E46A4B002580266948CAF838
:1087100068354A23C4F884502946C4F8803032466C
:10872000D4F8483143F08073C4F8483111F0BCFEEE
:10873000614BCAF84465CBF8A03003F13C43CAF85A
:10874000485503F56C23CBF84C5003F56F73CBF809
:10875000E0300123CAF84035524BCBF848304FF097
:108760000113C4F8BC31D4F8B03143F48033C4F8F9
:10877000B031CAF83455D4F8B031002BFBD126E41F
:1087800003F07F02424913F0800F51F8223014BFEA
:1087900023F4803323F0010341F822300023CAF888
:1087A0004835CBF84C300123CAF840358023CAF84D
:1087B00044353C4BCBF848304FF00113C4F8BC3182
:1087C000D4F8B03143F48033C4F8B031D4F8B031C8
:1087D000002BFBD1FFF7FBBB42F22100BAF8A84502
:1087E0000022DAF8AC158442CAF834250AF5B662DC
:1087F0007FF447AC89B200297FF443AC92E80300D0
:10880000AAF8BC1586284FEA1141CAF8B8058AF8BB
:10881000BE157FF436AC72B69AF8C02542F0080255
:108820008AF8C025D3F84821160606D442F0800203
:108830008021C3F84411C3F8482162B650238AF856
:10884000C1351EE4000C0F78874228BF0746B6F5F5
:10885000E06F37D1194B3A469AF86005A3F16401ED
:10886000174D002808BF1946284612F00FFC0723B1
:108870006B702CE0D3037FF58DAE01238AF86C3545
:1088800088E6CAE90C3321E4C9E90C334AE400BFA5
:10889000C0012E400CAC0020800002000CCC002057
:1088A00020AC0020E0AB002088B101208000010056
:1088B00005360100800000205DCFC6B86C2F006037
:1088C00000002020434D3A46284612F0DFFBE9190C
:1088D0004048BFF34F8F4FF0E0220346C2F8703F8D
:1088E00020339942FAD8BFF34F8FBFF36F8F47B34E
:1088F0003B040122CAF8880543F08003CAF88025AA
:10890000CAF88435344B03F58052CAF88C35CAF85E
:10891000902503F5005203F54053CAF89425CAF890
:1089200098352E4BCBF848300023CBF84C30D4F898
:10893000B03143F48033C4F8B031D4F8B031002BF7
:10894000FBD101220023CAF840258022CAF848350D
:10895000CAF84425224ACBF80C30CBF808204FF057
:108960000112C4F8BC21D4F8B02142F00102C4F8CD
:10897000B021CAF83435D4F8B031002BFBD1FFF761
:1089800026BB91F8C02502F0F70281F8C0252AB96C
:10899000D3F8482122F08002C3F84821114B1B6E06
:1089A0009B0700D4FBBE72B60F4B00200F4AC3F8E2
:1089B000400103F160430E49A3F55F2311649D4616
:1089C000BFF34F8F4FF400130A480B4ADB69026074
:1089D0009B689847000020200010202020AC002039
:1089E000E0AB002000441F4000002E4000C00A40C1
:1089F0000300200000802020000012EB72B6EFF38D
:108A000005826A4BC3F88420EFF308804FF0E02121
:108A1000674AD1F8284DC3F88840D1F82C4DC3F8E7
:108A20008C40D1F8344DD1F8381DC3E92441816917
:108A3000C3F89810C169C3F89C10D2F880305B0766
:108A4000FBD5D2F880305B48C3F30B235A49574C0F
:108A500007EE903AD0F8C4354A6A07EE103AD0F8DB
:108A6000C835F8EEE77A06EE903A00F2CC5300F5FE
:108A7000BA60B8EE477AF8EE666AD3ED005A90ED28
:108A8000006A8B6A77EEE67A67EEA57AC7EE866AA9
:108A900077EE667AC4ED287A184614464A6A8B6ADD
:108AA0008342F9D1A242F7D1404C0B21DB0B434862
:108AB000C4F8801043EA424341494FF0FF32414D30
:108AC000C4F8A4300368202404305A4002F00103A3
:108AD000013C01FB03F383EA5202F7D1A842F1D132
:108AE000324BC3F8A820BFF34F8F4FF0E023334938
:108AF000354AC3F8701FC3F8702FBFF34F8FBFF311
:108B00006F8F324A02253248D36E324943F44053C4
:108B1000D3660560D369304823F07F0343F04003F8
:108B2000D3610B6883423DD8294D00214FF0E023EB
:108B30004FF0FF3229600126C5F808112749C5F812
:108B40000011C5F80861C3F88021C3F88421C3F877
:108B50008821C3F88C21C3F8902101E0FFF7E2F9E6
:108B6000D5F80C31002BF9D00134C5F80C614F2C2D
:108B7000F4D91B4B02201B494FF00042C1F84001C1
:108B80005A63D5F80C313BB917481849104A0163AC
:108B9000D2F80C31002BFAD04FF0E023144AC3F87E
:108BA0000C2DFEE7FDF7A8FABEE700BF00FF272067
:108BB00000810D40A0A6002000400D4080FF27202E
:108BC0002083B8EDA8FF2720A0FF272000C00F407A
:108BD00000400840B44A0020803DCD0B009F240097
:108BE00000900D4000002E4000800F40F100AD0BC2
:108BF0000400FA05FFF702BF2DE9F84F574D44680E
:108C0000B5F8E071C4F30E44C6693C1B002C23DDAB
:108C10006A7B297BD3B28A4209D0EA18107C05EB23
:108C20004009B9F8C480C8F5007294424ED90133A6
:108C3000002205EB4601082B8A8394BFDAB2134663
:108C4000A1F8C4406A732B44D5F8C0201E741444A4
:108C5000C5F8C040BDE8F88F4FF0E0244FF4003372
:108C600005F1E0014FF0010CC4F88C3175013C4B6B
:108C700001EB461241F805C0380403EB4623D661E8
:108C800040F0800003F580511F445060D16003F52F
:108C900000519360116103F54051516103F580412A
:108CA0009161BFF34F8FC4F85C3F20339F42FAD8E5
:108CB000BFF34F8FBFF36F8F08212A48FDF7C8FB22
:108CC0004FF40033C4F80C31BDE8F88F244B08EBA7
:108CD00040202246A04403EB462B18444FF0E02AE4
:108CE000594612F0D3F9D5F8C02005F1E001A9F8F2
:108CF000C48022444FF4003438045B46C5F8C020D9
:108D00000125CAF88C41740101EB461240F0800045
:108D10000D510BF580515F445060D1600BF500514F
:108D2000D66111610BF54051C2F808B051610BF5E5
:108D300080419161BFF34F8FCAF85C3F20339F425F
:108D4000FAD8BFF34F8FBFF36F8F08210548FDF7A7
:108D50007FFB4FF40033CAF80C317BE7A0A600205C
:108D600080202020800100202DE9F04F4FF0E023EB
:108D7000494D4FF4003285B0DFF8209105F1E0084D
:108D8000C3F88C212C7B6B7BE4B2DFF814A1A342E7
:108D900077D00134092C28BF00242B191F7C05EB48
:108DA0004703998BB3F8C4B0ABEB010BBBF1010FD8
:108DB00017D9D5F8C02001EB472738480131013ACF
:108DC000C05D9983C5F8C0208DF80F004FF0E023F7
:108DD0004FF40032C3F80C219DF80F0005B0BDE838
:108DE000F08F01EB47215A467B020DF10F004944F9
:108DF0004FF0E026019312F049F9D5F8C0C0E0B277
:108E0000B5F8E01108EB4712ACEB0B0C019B4FF0EF
:108E1000010EC5F8C0C04B4428734FF400304FEA30
:108E2000471CC6F88C01080448F80CE0194440F0CF
:108E30008000D76103F500579360506003F58050C0
:108E4000D06003F54050C2E9047003F580409061A2
:108E5000BFF34F8FC6F85C3F20339942FAD8BFF377
:108E60004F8FBFF36F8F08215046FDF7F1FA4FF493
:108E70000033C6F80C31BBF1000FA7D16B7BA342C6
:108E800087D14FF0E0234FF400324FF0FF30C3F8AA
:108E90000C2105B0BDE8F08FA0A600208020202086
:108EA0008001002038B5B0F830410CB9204638BDFB
:108EB00090F82F310546C3F18904A2420DD814461B
:108EC00005F1A5002246184412F0E0F895F82F317C
:108ED0002046234485F82F3138BD01224260EFE758
:108EE000B7EE007AD1ED007A9FED756AD1ED016A97
:108EF00037EEC77A00B5B0EEC77A2DED048BB4EE2D
:108F0000C67A85B0F1EE10FA40F18A80B0EEE67ACA
:108F1000D1ED025AB4EEC67AF1EE10FA00F19D805E
:108F2000D1ED039A26EEA60A92ED009AD2ED018ABF
:108F300092ED028AA7EEA70AA5EEA50AA9EEA90A54
:108F4000B5EE400AF1EE10FA00F1A680B1EEC07A5B
:108F50009FED5C3A9FED5A2AB7EE004A84EE076A0D
:108F600066EE266A66EE277A66EE255A26EE837A44
:108F700068EE664A26EEA85AA7EE897AE7EEA84A76
:108F8000A7EE885A37EEC44A26EE296AF1EE652A22
:108F9000B0EEC44AA5EE887AE5EE834AA5EEC95A3A
:108FA000B4EEC24AF1EE463AF1EE10FAA6EE687A55
:108FB000E6EE094AA6EE035A35D49FED426A27EE43
:108FC000873A27EE634A27EE866A22EE877AA6EE74
:108FD000C96AA2EEA86AA3EE886AA3EE867AA6EE14
:108FE000C63AA2EE864AA6EEA47AA3EEA43AB0EE62
:108FF000446AA7EEA46AA7EE857AF0EE434AE5EE4E
:10900000854AA6EEC56AB0EE475AC0ED004A80ED2B
:10901000016A80ED025A05B0BDEC048B5DF804FBDB
:10902000D1ED025A7CE7B0EEE64AB4EEC24AF1EE68
:1090300010FAC2D5B0EEE54AB4EEC24AF1EE10FA2B
:10904000BBD5B0EEC66AB4EEC26AF1EE10FAB4D582
:10905000B0EE646AF0EE474AD7E7B0EEE57AD1EDBC
:10906000039AB4EEC67AF1EE10FA7FF55BAFB0EE7C
:10907000E97AB4EEC67AF1EE10FA7FF553AFD2F882
:1090800000C051689368C0F800C04160836005B0BB
:10909000BDEC048B5DF804FB0390CDED025ACDEDE1
:1090A000016ACDED007A0FF077FF0398B0EE407AB9
:1090B000DDED025ADDED016ADDED007A48E700BF23
:1090C0006F12833A00000000F7EE007AD2ED005AEA
:1090D0009FED357A92ED015A75EEE77AF0EEE77A78
:1090E000F4EEC77AF1EE10FA3BD5F0EEC57AD2ED88
:1090F000024AF4EEC77AF1EE10FA35D492ED034A43
:10910000D1ED017AD1ED002A25EE676A91ED023AA0
:1091100067EEA56AD1ED033A24EE677A67EEA47A8A
:10912000A2EEA56AE2EE856AA2EEA47AE2EE847A65
:10913000A3EE646AE3EE046AA3EE257AE3EE457AD1
:10914000A3EEC46AE3EEE46AA3EE857AE3EEA57AC1
:1091500080ED006AC0ED016A80ED027AC0ED037A0D
:109160007047D2ED024AC9E7F0EEE47A92ED034A85
:10917000F4EEC77AF1EE10FAC2D5F0EEC47AF4EE4E
:10918000C77AF1EE10FABBD5D1F804C08A68CB6873
:10919000C0F804C08260C36000B5D1F800E0C0F838
:1091A00000E05DF804FB00BF6F12833AF7EE007A2F
:1091B0009FED377A10B52DED048B91ED008A86B0C6
:1091C0000446D1ED018A78EE677AF0EEE77AF4EEA4
:1091D000C77AF1EE10FA36D5F0EEE87A91ED029A00
:1091E000F4EEC77AF1EE10FA30D4D1ED039A28EEFE
:1091F000A80AA8EE080AA9EE090AA9EEA90AB5EE7E
:10920000400AF1EE10FA3CD4B1EEC07A204602A931
:10921000F7EE006AC6EE877A27EE888A68EEE78A5C
:1092200029EE679A67EEE97A8DED028ACDED038A21
:109230008DED049ACDED057AFFF752FE204606B07B
:10924000BDEC048B10BD91ED029ACEE7F0EEC97A29
:10925000D1ED039AF4EEC77AF1EE10FAC7D5F0EE2D
:10926000E97AF4EEC77AF1EE10FAC0D510685168C9
:109270009368206020466160A36006B0BDEC048B5B
:1092800010BD01920FF088FE019AB0EE407ABDE762
:109290006F12833AD2ED007ADFED476A9FED477A8D
:1092A00067EEA67A30B52DED048BC7EE878A0D46A2
:1092B0008DB00446B6EE009A68EE898AB0EE680A70
:1092C00010F084F92B78B0EE408A06EE903A6B7875
:1092D000B0EE680A07EE103AAB78F8EE666A07EE71
:1092E000903AB8EE477A28EE098AF8EE677ACDED23
:1092F000026A8DED037ACDED047A10F06BFA02AAC2
:1093000008A905A88DED080A8DED098A8DED0A8A58
:109310008DED0B8AFFF7E4FDDDED057A9FED287AF0
:10932000F4EEC77AF1EE10FA06DCF5EEC07AF1EE53
:1093300010FA3AD5002100E0FF21DDED067A9FED1D
:10934000207AF4EEC77AF1EE10FA06DCF5EEC07A78
:10935000F1EE10FA22D5002200E0FF22DDED077ABF
:109360009FED177AF4EEC77AF1EE10FA06DCF5EE0F
:10937000C07AF1EE10FA0AD5002300E0FF23204660
:1093800021706270A3700DB0BDEC048B30BDFCEE9B
:10939000E77ACDED017A9DF80430F0E7FCEEE77A4C
:1093A000CDED017A9DF80420D8E7FCEEE77ACDED0B
:1093B000017A9DF80410C0E7DB0F494000003443F8
:1093C00000007F43F8B54FF0010C534B534E074656
:1093D000534D2DED028B53E8002F31682C6843E884
:1093E00000C2002AF7D14F4B5B684F4A4FF47A70A6
:1093F0001B1B97ED038A126800FB01F19FED4B0ADE
:10940000F0EE480AA3FB0232824294BF8918091881
:1094100007EE901AF8EE677A87EE800A10F0A4F84B
:109420003B78C0EE087A042B73D8DFE803F0152DE3
:109430004467030037EEA77AB7EE000AB4EEC07AAD
:10944000F1EE10FA05D567EEA77AB1EE000A27EE25
:10945000800ABDEC028BF8BDB6EE007AF4EEC77A56
:10946000F1EE10FA03DDB7EE007A77EE677A97ED4A
:10947000010A77EEA77A97ED027A37EE407ABDECD3
:10948000028BA7EE870AF8BDF6EE005A97ED010AA7
:10949000D7ED026AB7EE007A9FED256AF4EEE57A21
:1094A00076EEC06AF1EE10FABDEC028B77FE067A1A
:1094B000A6EEA70AF8BDDFED1F6A9FED1F7A67EEE3
:1094C000A67A9FED1E0A97ED018A67EE877A87EEEE
:1094D000800A10F07BF8D7ED027AF7EE006A77EE9B
:1094E000C87AB6EE007A30EE260A67EE807AB0EEE1
:1094F000480ABDEC028BA7EE870AF8BD97ED010A7A
:1095000097ED027A37EE407ABDEC028BA7EE870A20
:10951000F8BD9FED070A9CE708C301200CC301209A
:1095200010C30120001000E014C30120002474497E
:10953000000000000000B443D00F49400000344355
:109540000B682DE9F0430C4680465B690846002510
:109550002DED048B8BB09FED649A984723680746E6
:1095600020469B6998472368214606461B6806A843
:10957000984708F14400ADF81650FFF723FFD8EDE7
:10958000017A08F1240027EE800A88ED040AFFF72B
:1095900019FFD8ED017A08F1340027EE800A88ED32
:1095A000020AFFF70FFFD8ED017A27EE800A88ED57
:1095B000030A0CE0BDF8163002EB420203EB430352
:1095C000B118F85A3B44B0529B788B700135236830
:1095D00020461FFA85F9DB69984703464A4621462B
:1095E0004B4508A85DD923689B689847D8ED037A56
:1095F0009DED098ADDED080A38EE278AD8ED026A6A
:109600009DED077A70EEA60ADDED067A38EE478A00
:1096100070EEE70A28EE080AA0EEA00AB5EE400AAE
:10962000F1EE10FA57D4F1EEC08AB0EE480A0FF00E
:1096300099FFC8EE897A98ED041AF0EE409AB7EED9
:10964000C11AB7EEE70A0FF0C9FCB0EE407BB0EEEE
:10965000690AF7EEC78B10F0BDF8B0EE408AB0EEA5
:10966000690A0FF0B3FF60EE287A28EE288AD4F852
:1096700000C00DF116024946FDEEE77A2046BDEE28
:10968000C87ACDED007A17EE103ADCF84890C8475A
:10969000AAB200288ED102EB4203F218F052907069
:1096A00094E7002503E0F05AF8528B789370236812
:1096B0002046DB699847ABB201351A4603EB4303FA
:1096C000904206EB030107EB0302ECD80BB0BDECB4
:1096D000048BBDE8F083CDED030A0FF05DFCDDEDFA
:1096E000030AF0EE408AA0E700004042DFEDCC7AAA
:1096F00090ED017AB4EEE77AF1EE10FA40F28E8145
:109700000B682DE9F04F0C460546DB6908462DED48
:10971000108B8BB0F7EE00EA98472368024620468C
:109720005B69F0EE6EBA0392164698472368029082
:1097300020469B6998470490074605F12C00FFF7E7
:1097400041FE2B7A95ED017AB0EE409A013B07EE8F
:10975000903AF8EEE77AE7EE87BA002E00F04B81F8
:1097600005F10C02FCEEEB7A4FF0000AF6EE009ADF
:109770000FEE902A05F11C02CDED017AB8469FED5F
:10978000A9BA0FEE102ADFEDA8AA55469FEDA7AAA9
:109790009FEDA7CA9DF80490059723682A462146A5
:1097A00008A89B689847F2EE047A9DED087A2A464D
:1097B0002368214687EE27EA08A89B6898479DED15
:1097C000097A1FEE900AF1EE047AC7EE27DAFFF766
:1097D000F9FD1FEE100AB0EE408AFFF7F3FDB0EE80
:1097E00040DAB0EE4E0AA8EE0B0A0FF0EFFEF0EEF4
:1097F00040CAB0EE6D0AADEE0B0A0FF0EBFF7CEE47
:1098000080CAB0EE4E0A7CEEAECAA8EE2A0A0FF06D
:10981000DDFEF0EE408AB0EE6D0AADEE2A0A0FF0E2
:10982000D9FF78EE808AB0EE4E0AA8EE0A0A0FF051
:10983000CDFEB0EE408AB0EE6D0AADEE0A0A0FF032
:10984000C9FF7BEEEE7AB0EE6E7A38EE008A6CEEEF
:10985000A7CAACEEA97ABCEEC77A8DED017A9DF865
:1098600004309945C0F0D880012B38BF012378EE31
:10987000AE8AB0EE6E7A68EEA78AA8EEA97ABCEE40
:10988000C77A8DED017A9DF80470B945C0F0C280A9
:10989000012F38BF012738EE2E8A28EE278AF0EEF6
:1098A0006E7AE8EE297AFCEEE77ACDED017A9DF842
:1098B0000460B145C0F0AC80012E38BF012622689B
:1098C0002946B0EE490A2046D2F84CB007AAD8473C
:1098D00022683B46294639EE0C0A0746D2F84CB0BE
:1098E00020460DF11E02D84722689FED520A3346EA
:1098F0002946D66C054639EE000A08AA2046B0472C
:10990000002F00F08280BDF81C30029A03EB430365
:10991000D35C88F8003035B1BDF81E30029A03EBF5
:10992000430313445D7888F80150002868D0BDF8DF
:1099300020300AF1010A029A03EB430313449B7897
:1099400088F802301FFA8AF5039B08F10308AB423E
:109950003FF623AF0498029DC11C039C6A1A631E44
:1099600002329BB20A2A67D9022B65D9A20800F1FC
:109970000C06011D2B46013A92B202EB420206EBA5
:10998000820600F10802059850F80C7B0C3351F860
:109990000C5B52F80C4BB04243F80C7C43F8085C6B
:1099A00043F8044CF0D1039E26F003039BB29E4281
:1099B00021D003EB4301049C029D5A1C605A92B2D1
:1099C00068526018964229448078887013D902EB57
:1099D00042020233A15A9BB2A952A1189E422A44C4
:1099E0008978917007D903EB4303E15AE218E952F1
:1099F0002B4492789A700BB0BDEC108BBDE8F08FC1
:109A00000AF1010A88F802009CE788F8007082E7F2
:109A10004E4654E74F463EE74B4628E7704700BFA7
:109A20006F12833ADB0F49425F6E5142E3CC5942D9
:109A30000000F0420000704303EB4302029B11441C
:109A4000059A108803320333914223F8030C12F86D
:109A5000010C03F8010CF4D10BB0BDEC108BBDE888
:109A6000F08F00BFDFED937A90ED017AB4EEE77AE4
:109A7000F1EE10FA40F21D810B682DE9F04F0C4613
:109A80005B69824608464FF000092DED0A8B89B0CC
:109A9000DFED89AA98472368834620469B6998474B
:109AA0009FED86AADFED869A8046CDF80CB023683C
:109AB0001FFA89F72046DB699847B84240F2DB80FD
:109AC0009AF80830B7EE00CA25682146013B9AEDA6
:109AD000017AB0EE4C8A3A4607EE903A06A8AB6897
:109AE000F6EE00BAF8EEE77AA7EE878A9847F2EE2C
:109AF000047A9DED077A0AF10C0087EE27BAFFF78A
:109B000061FCF2EE007A20EE2A0A28EE2B8AA0EE03
:109B100027BAB0EE4B0A0FF059FDB0EE409A3BEE7B
:109B20000A0A0FF053FDF0EE408A3BEE290A0FF0CF
:109B30004DFD39EE0C9A38EE087AFDEEC86AF1EE6A
:109B4000487A29EE079ACDED026AFDEEE76A9DF9A3
:109B5000085099EE2B8ACDED016A9DF90410FDEEB7
:109B6000C86ACDED016A9DF90430AB4200F38180F3
:109B70008B42B8BF0B46F7EE006AB6EE006A78EE8D
:109B8000A68AF0EE676A68EE878AE8EE866AFDEEDE
:109B9000E66ACDED016A9DF90460B54267DB8E424D
:109BA000B8BF0E46B7EE006AF6EE006A30EE060A5F
:109BB00020EE070AE0EE267AFDEEE77ACDED017A97
:109BC0009DF90420954203DB9142B8BF11460D4632
:109BD000002221682046D1F840B03946ADF8142063
:109BE000ADF81620ADF8182005AAD84721683346ED
:109BF0000DF11602D1F840B0064639462046D84746
:109C0000844620682B46394606AA076C20466546DE
:109C1000B847034616B3BDF814101FFA89F203982B
:109C200001EB410102EB4202405C08EB020108F843
:109C3000020035B1BDF81620039802EB420202443F
:109C400055784D7033B1BDF81830039A03EB4303D8
:109C500013449B7809F101098B7028E71FFA89F2F8
:109C600002EB420208EB020108F80260E1E72E462F
:109C700098E72B467FE7DDF80CB0002505E038F8C3
:109C800003002BF803008B78937023682046DB6970
:109C90009847ABB201351A4603EB4303904208EBF9
:109CA00003010BEB0302EAD809B0BDEC0A8BBDE857
:109CB000F08F70476F12833ADB0FC94042E80540CE
:109CC00042E88540DFED7B7A90ED017AB4EEE77AE9
:109CD000F1EE10FA40F2EC800B682DE9F04F5B6971
:109CE000804608460C4600262DED088B87B0DFED38
:109CF00072AA98479FED71AADFED719A0746236813
:109D00001FFA86F92046DB699847484540F2CB8028
:109D100098F80820B7EE009A23682146013A98ED9A
:109D2000017AF0EE49BA9B6807EE902A04A84A46E9
:109D3000F8EEE77AE7EE87BA9847F2EE047A9DEDFF
:109D4000047A08F10C0087EE27BAFFF73BFBF2EE2E
:109D5000007A20EE2A0AA0EE27BAB0EE4B0A0FF0E6
:109D600035FCF0EE408A3BEE0A0A0FF02FFCB0EE15
:109D7000408A3BEE290A0FF029FC78EE898A3BEEF7
:109D8000C97AF6EE007AFCEEEB6A68EE878ACDEDD2
:109D9000016AA8EEA79A9DF80450FCEEC97ACDEDB1
:109DA000017A9DF80430AB427BD8012B38BF0123E8
:109DB000F7EE007AF6EE006A38EE278A28EE078A78
:109DC000E8EE267AFCEEE77ACDED017A9DF804B054
:109DD0005D4564D3BBF1010F38BF4FF0010BF7EEC7
:109DE000007AF6EE006A30EE270A20EE070AE0EE6F
:109DF000267AFCEEE77ACDED017A9DF804209542B3
:109E000003D3012A38BF012215460020216803AA86
:109E1000D1F844A04946ADF80C00ADF80E00ADF8FD
:109E200010002046D047844620685B4649460DF125
:109E30000E02D0F844B02046E246D8478446206857
:109E40002B46494604AAD0F8449020466546C847A8
:109E50000346BAF1000F1BD0BDF80C10B2B201EBF3
:109E6000410102EB4202785CB918B8542DB1BDF83B
:109E70000E2002EB42023A4455784D702BB1BDF8EA
:109E8000103003EB43033B449B7801368B7036E77D
:109E9000B2B202EB4202B91807F802A0E6E7AB46FD
:109EA0009DE72B4684E707B0BDEC088BBDE8F08F3B
:109EB000704700BF6F12833ADB0FC94042E805408C
:109EC00042E885402DE9F04F0B680F460546DB69F7
:109ED0002DED048B8DB00390084698473B680246F1
:109EE00038465B690592144698473B688146384678
:109EF0009B6998470646069005F10C00FFF762FA49
:109F0000002C00F02481B0EE408ADFED9E8AB7EE8F
:109F1000009A0021CDF82490CDF81090CDE9076685
:109F2000039BB0EE497A1A7AD3ED016A4FF0000331
:109F300007EE902AADF82E30F8EE677AADF82C30A7
:109F4000049B77EEC97A1E785D789C78A6EEA77A96
:109F5000FCEEC77A17EE903A9BB20293002B50D0DA
:109F60004FF0010B0196A0465E468B46386833469B
:109F7000B0EE480A0DF12E02C46C59463846A0478F
:109F8000396833460BAAD1F84CA038EE280A0446AB
:109F900059463846D047731CBDF82EC0BDF82C205A
:109FA0005FFA83FE0CEB4C0C02EB4202764609EBA7
:109FB0000C0A74B119F80C40019B23449AF8014033
:109FC00025449AF802409BB24444ADB201931FFA73
:109FD00084F809EB020C70B119F80240019B9CF85F
:109FE00001009CF802202344284442449BB285B2DD
:109FF0001FFA82F80193029B9E45B7D9019E444601
:10A000005946029A01310598530089B2B6FBF3F61E
:10A01000B5FBF3F5B4FBF3F4FF2E079BA8BFFF26B7
:10A02000FF2DA8BFFF25FF2C1E70A8BFFF2488426C
:10A030009D705C7037D0049803330330079304900D
:10A04000002A7FF46DAFF7EE006A069FDDF80CC0C2
:10A050009CF80830F0EE667A9CED016A01EB410253
:10A0600007EE103A013109EB020319F80250B8EE7D
:10A07000477ABE185C7889B2987837EE667AE7EE50
:10A08000067AFCEEE77A17EE903A9BB25B00B5FBDE
:10A09000F3F5B4FBF3F4B0FBF3F3BD547370059B1D
:10A0A000B4708B42D4D80698059CC21C631EA9EBE1
:10A0B00002019BB202310A294ED9022B4CD9A308C6
:10A0C00009F10C05021D013B9BB203EB430305EBB9
:10A0D000830500F10803DDE908010C3150F80C7B21
:10A0E00052F80C6B53F80C4B8D4241F80C7C41F844
:10A0F000086C41F8044CF0D1059D25F003039BB298
:10A100009D4224D003EB4301069C5A1C605A92B234
:10A1100029F801006018954249448078887016D962
:10A1200002EB42020233A15A9BB229F80210A11895
:10A13000AB424A448978917009D203EB4303E15A58
:10A14000E21829F803109944937889F802300DB089
:10A15000BDEC048BBDE8F08F03EB43031A44DDE94B
:10A1600008311888033303319A4221F8030C13F89D
:10A17000010C01F8010CF4D10DB0BDEC048BBDE86D
:10A18000F08F00BF000034430B682DE9F04F0C4600
:10A190008246DB6908462DED048B89B09847236819
:10A1A000024620465B690392164698472368834619
:10A1B00020469B699847054604900AF12C00FFF75A
:10A1C00001F9002E00F0B8804FF00008B0EE408A90
:10A1D000DFED6E9A9FED6E9A4146DFED6E8A059532
:10A1E0009AF80830B0EE697ADAED016AB0EE480A02
:10A1F00007EE903A23680DF11E020291F8EE677A9D
:10A20000DE6C2046A6EEA77AFCEEC77ACDED007A8A
:10A210009DF800300093B047009B226838EE090A91
:10A2200002990746D66C204607AA01930091B047D1
:10A230002268064638EE280AD2F84C90204600994B
:10A240000DF11A02019BC847002F7AD0BDF81E30CD
:10A2500003EB43031BF803302B7033462EB1BDF8DC
:10A260001C3003EB43035B445B786B7000286AD0BF
:10A27000BDF81A3008F10108033503EB43031FFA58
:10A2800088F15B449B7805F8013C039B9942A7D376
:10A2900004981C46013BDDF81490C11C9BB2ABEB4B
:10A2A000010202320A2A5AD9022B58D9A20800F117
:10A2B0000C065B46011D013A92B202EB420206EB2C
:10A2C000820600F1080259F80C5B0C3351F80C4B74
:10A2D00052F80C0BB14543F80C5C43F8084C43F8BA
:10A2E000040CF0D1039D25F003039BB29D4223D0C3
:10A2F00003EB4301049C5A1C605A92B22BF80100F4
:10A300006018954259448078887015D902EB420252
:10A310000233A15A9BB22BF80210A1189D425A4455
:10A320008978917008D903EB4303E15AE2182BF8BE
:10A3300003105B4492789A7009B0BDEC048BBDE8C1
:10A34000F08F2F7089E708F10108039B033505F8AA
:10A35000010C1FFA88F18B423FF642AF98E703EBFE
:10A3600043025B461144B9F8002009F103090333A5
:10A37000894523F8032C19F8012C03F8012CF2D19C
:10A3800009B0BDEC048BBDE8F08F00BF00000000F9
:10A390000000F042000070432DE9F04F824687B084
:10A3A0009820059116F0C0FA9AED077AF6EE004A69
:10A3B000DAED087A24229AED033A0023DAED042A32
:10A3C00000F10801DAED053A73EE075A9AED064AF4
:10A3D00032EEA75A37EE236A026077EE846A0422CF
:10A3E00065EEA45A036125EE245A426026EE246AE3
:10A3F00080ED053A66EEA46AC0ED062A80ED077A84
:10A40000C0ED087AC0ED095A80ED0A5A436380ED29
:10A410000E7AC0ED0F2AC0ED103AC0ED117A80ED32
:10A42000126A80ED135A836580ED173AC0ED187AF1
:10A4300080ED197AC0E90233C0E90B33C0E9143367
:10A4400080ED1A4AC0ED1B5AC0ED1C6AC36780ED4F
:10A45000207AC0ED217AC0ED223A80ED234A80EDCA
:10A46000246AC0ED256ABAF800200293CAF80410E5
:10A470000193C0E91D33DAF80800002A60D04FF0DC
:10A48000000910E0019A791CAB68013243F827609B
:10A4900093B22980BAF80020019309F101091FFA4B
:10A4A00089F393424CD2DAF804501FFA89F30299E7
:10A4B00050F823600D4496ED0D7AD5ED057AD6ED72
:10A4C0000E6AB4EEE77AF1EE10FAE6D596ED0F7A61
:10A4D000D5ED037AB4EEE77AF1EE10FADDDDD5EDD5
:10A4E000067AF4EEE76AF1EE10FAD6D595ED047A25
:10A4F000D6ED107AB4EEE77AF1EE10FACDD52F88CA
:10A500006C88A742BED1002F50D14FF00808202000
:10A51000D5F808B016F008FAA860002340F82430F7
:10A520000134A4B2A045F8D8BBF1000F03D05846BF
:10A5300016F002FA2F88DAF80800A5F80280A1E7E1
:10A54000029B2433902B029397D118B116F0F4F9A3
:10A55000BAF800200023CAF80830019BB2EB530F71
:10A560001ED9059C0134E4B2082C19D0DAF8043065
:10A570001A88082A00F2A9809A8C03F12400082A7C
:10A5800000F29D80B3F8482003F14800082A00F249
:10A590009080B3F86C2003F16C00082A00F28580EB
:10A5A0000023AAF8003007B0BDE8F08F4FEA470853
:10A5B000D5F808B01FFA88F84FEA880016F0B4F909
:10A5C000A860B8F1000FAFD047453946CBF302027F
:10A5D00028BF414608290B46049194BF002301235C
:10A5E000002A18BF0023002B50D00BF10403C31A1C
:10A5F000082B4BD900290B4600F1200C00F110026A
:10A6000008BF01230BF110011C460393324BA40831
:10A61000013CA4B20CEB041C1C0C03F1040E103220
:10A62000002310316EF30F03624504F1040E04F1B0
:10A63000010411ED086B11ED067B6EF31F43A4B20C
:10A6400002ED086B02ED067BE6D1039921F00302CF
:10A650008A4293B216D05C1C04995BF82320A4B202
:10A6600040F823208C420DD25BF8242040F82420AF
:10A670009C1CA4B28C4205D25BF82420033340F822
:10A6800024209CB2A0453FF648AF4DE7ABF1040251
:10A69000031F0024DDF810C0013452F8041FA4B2D7
:10A6A00043F8041FA445F7D8ECE72146FFF774FEF2
:10A6B00076E72146FFF770FEDAF8043069E72146B5
:10A6C000FFF76AFEDAF804305CE718462146FFF728
:10A6D00063FEDAF804304FE702000300054B02285E
:10A6E00088BF034610B41C68184663685DF8044BC5
:10A6F000184700BF484A002010B50446006816F00D
:10A700001BF9204610BD00BFB0F5876F80F00D81AA
:10A710002DE9F047DFF84482C2B00C4698F80030CB
:10A72000002B00F0E5808308824D00F00309824E83
:10A73000A5FB0325ED0849EA8509C5EB05155D1B59
:10A740007E4B36F815E02B444FEA4E001F0300EB1A
:10A750000330B0EB033F40F2E9803B464FF0FF0C83
:10A760001A880233D1B2894508BF4FEA122C9842A9
:10A77000F6D8644500F0AA80BEF5006FC0F0A9804D
:10A780000DF108084FF48072FF2140460FF08CFE57
:10A7900007F5805CB81C3A46844534BF01204FF46D
:10A7A000006007EB4000134602321B889042D9B28A
:10A7B0004FEA132308F80130F5D108F8094072B6C2
:10A7C0005F4B00225F4999610221D96140F2064145
:10A7D000C3F8F012C3F8F422C3F8F822C3F8FC223D
:10A7E000C3F8A0204FF47022C3F8A4200122C3F8BC
:10A7F000B020BFF34F8F07F120034FF0E0219C45BD
:10A8000028BF80223B4607EB4212C1F85C3F203351
:10A810009A42FAD1BFF34F8FBFF36F8F484A536903
:10A82000D807FCD5484B012148483B405161C2F84C
:10A83000F002C2F8A0304FF47023C2F8A430C2F87E
:10A84000B0103F4A5369D907FCD50121404B002085
:10A85000DFF80CC151613F4CC2F8F032C2F8F4028B
:10A86000374AC2F8B810C2F8A000C2F8A4C0C2F8B3
:10A87000B0105369DB07FCD551612378DB07F0D4B6
:10A88000136843F0010313602D4A136813F00108A5
:10A89000FBD162B60DF107090DF2071A4C4614F808
:10A8A000012F07EB48000DF10601631EFF2AA3EB01
:10A8B000090307D043EA022308F10108ADF8063086
:10A8C0000CF088FE5445EAD126F8158042B0BDE868
:10A8D000F08749EA042902A9ADF808900CF07AFE45
:10A8E00036F81530013326F8153042B0BDE8F08750
:10A8F000DFF870C04FF6FF77174E0CF11E0EA6F56D
:10A900008053002102E0B342A9B204D21A884D1C40
:10A910000233BA42F7D12CF8021FF44506F58056EF
:10A92000EDD1012388F80030FDE670474FF0FF0CB1
:10A930001FE700BF898888889C690020F001060015
:10A9400000802A40F05AF05A00F0FF002004180856
:10A950000504012400812A4000101F60986900202E
:10A9600001000F009A6900200A498A6938B108B5C8
:10A9700013180948834204D810468B6108BD10465D
:10A9800070470FF037FD0C234FF0FF320360104685
:10A9900008BD00BFB44A00200000282000207047F6
:10A9A0004FF0FF30704700BF4FF4005300204B6062
:10A9B000704700BF012070474FF0FF30704700BF65
:10A9C00030BFFDE738B51F4D2B7F53B31E4C94F8B5
:10A9D000D42532BB012284F8D425DA0722D4002200
:10A9E0005B0784F8D4251CD5184B1A68CAB1EFF35D
:10A9F0000582B2B9EFF3108572B61868D0B194F839
:10AA0000D515B9B9012284F8D52542691A60AAB1D1
:10AA1000916105B962B6002583684577984784F847
:10AA2000D55538BDD4F8C020002AD8D1FFF7CAFFC9
:10AA30002B7FD4E7002DF4D162B638BD044B1A60E9
:10AA4000E7E700BFB44A0020A0A60020F8C201201A
:10AA5000FCC201202DE9F84F0121224C224E8146F3
:10AA6000224D54E8003F3268286844E80013002B68
:10AA7000F7D11F494B684FF47A7BDFF878A01B1A97
:10AA800001270BFB02F8DAF80020A3FB02325A453B
:10AA900094BF9044D84454E8003F3268286844E8A2
:10AAA0000073002BF7D14B68DAF800C01B1A0BFBC0
:10AAB00002F2A3FB0C3CBCF57A7F94BF624402F522
:10AAC0007A72A2EB0802B2F57A7F06D3B9F10109D6
:10AAD00008F57A78DFD1BDE8F88FFFF773FF0449F6
:10AAE000D9E700BF08C301200CC3012010C3012017
:10AAF000001000E014C30120054B10B5D3F8C0408E
:10AB00000CB1204610BDFFF75DFF204610BD00BF11
:10AB1000A0A600202DE9F04F85B08A4602900029BA
:10AB200000F0DD806F4C00236F4E04F1400BDFF826
:10AB3000C891019394F82F500123A18D84F82E30F1
:10AB40006B010BEB45170393002940F0C4800D46C1
:10AB5000084688461EE0BFF34F8F84F82E8000B968
:10AB6000356894F8D635002B40F0978033685B1B2E
:10AB7000782B00F2968099F80030002B00F08D8041
:10AB8000FFF720FF0123A18D184684F82E300029FD
:10AB900040F08E807B6813F08003DCD14FF40062BC
:10ABA00094F82F5084F8D6351146A28503EBC520C2
:10ABB000DFF8488192454FEAC525404417D25246F6
:10ABC0000391029910F062FA039B484AA3EB0A032F
:10ABD000A3854FF04043C2F88430BFF34F8F0198F4
:10ABE0000023504484F82E3005B0BDE8F08F029960
:10ABF000454410F04BFA0123039A4BF802303C4BCA
:10AC0000BD607B6005F58053FB6005F500533B613B
:10AC100005F540537B6105F58043BB610023FB6173
:10AC2000BFF34F8F05F5006105F120034FF0E020E1
:10AC3000994234BF0121402105EB41118B42C0F8FC
:10AC4000705F1D4603F12003F8D1BFF34F8FBFF3B0
:10AC50006F8F4FF480113A462648FBF7F9FB94F8C2
:10AC60002F300133DBB2032B28D8019A84F82F3020
:10AC7000A38D1A44AAEB030A0192029A1A440023F4
:10AC800002921A4AA385C2F88430BFF34F8F84F82A
:10AC90002E30BAF1000F7FF44DAF019805B0BDE83A
:10ACA000F08F0123019884F8D63505B0BDE8F08F08
:10ACB00094F82F500A46C1F5006377E7A38D019AF7
:10ACC000AAEB030A1A440192029A1A440023029240
:10ACD00084F82F30D5E70A46C1F5006366E70846D9
:10ACE000DCE700BFA0A600200CC3012000002E401E
:10ACF000800000084002002088B101208000202050
:10AD0000094B00B583B01B788DF807103BB10121CA
:10AD10000DF10700FFF7FEFE03B05DF804FB03F042
:10AD2000FF0003B05DF804FB88B10120504A2DE913
:10AD3000F04F116883B08646056905E0DB0106D453
:10AD400013685B1A102B09D86B699801F6D44FF47D
:10AD5000FE4301206B6103B0BDE8F08FDEF814B054
:10AD60009EF8183043490BEB03139EF819201B7A09
:10AD70000BEB0212180192F8282001EB031351F893
:10AD800000901520D3F80CA001EB02145B681201AF
:10AD9000E76818600093C9F884A0D9F804308E5889
:10ADA0004AEA03033449C9F8043063681860019320
:10ADB000C6F88470736831483B437360304B4C680D
:10ADC0000268A3FB0232920C02EB820252004B6833
:10ADD0001B1B9A42FBD84FF0090C274ADFF8A080D2
:10ADE000D9F808301AEA030F02D0B3681F422FD1F6
:10ADF000C6F8887054680168A8FB0131890C01EB22
:10AE0000810153681B1B9942FBD8C6F884705468B3
:10AE10000168A8FB0131890C01EB810153681B1B00
:10AE20009942FBD8BCF1010CDAD19EF8183060468B
:10AE3000009A0BEB0313DB6813609EF81930019A3C
:10AE40000BEB031BDBF82C30136003B0BDE8F08F75
:10AE50009EF81830009A0BEB0313DB6813609EF822
:10AE60001930019A0BEB0313DB6A13606FE700BF25
:10AE70000CC30120381E0020001000E0B44A00205E
:10AE800083DE1B4310B50446006808B115F054FD7D
:10AE9000204610BD2DE9F04F97B017468346BDF808
:10AEA000802005919DF888100B920791026A9DF809
:10AEB0008C10BDF884900891002A00F01081117A5E
:10AEC000D2E900205B1A0492DBB2DDE907211143CD
:10AED00000EBC30230F83330012992F905000393E7
:10AEE000937892F906400293D3781190129377D811
:10AEF000002313931093A44BDBF800C01A460C9365
:10AF0000DCF81430934240F0DB81129B002B00F000
:10AF1000C780BBB2DDE9072114932344012A08BF8F
:10AF2000012915934FF000030CBF012200229A461D
:10AF30000A9306920993029B002B00F0A980099ABC
:10AF40000025139B1499D3180898DDF8288003FB7B
:10AF500000130FFA83F9159B13441BB20D9309E0FC
:10AF60000135029B4FEA4A0AEDB25FFA8AFAAB4218
:10AF700040F2898043465A1C5B075FFA82F806D18B
:10AF8000039A0499531C11F802A09BB203931AF080
:10AF9000800FE5D0069B43B3119B059ADCF818405F
:10AFA00099187A4B29449C4209B240F08280DCF81F
:10AFB0001040774B9C427CD10029D1DBBBF90C308F
:10AFC0008B42CDDD0D9A002ACADBBBF90E309342CD
:10AFD000C6DD0B9B5846FBF76FFFDBF800C0BFE7F1
:10AFE00003B2109323B2139385E7109B059A5C1963
:10AFF000079BDCF81C6004FB0324664A1BB2BDF906
:10B000002070964224B25BD1DCF84060624A9642DE
:10B0100056D1DCF814300C9A93425BD1079B234441
:10B02000A34225DDCDE90E8AAA4698460B9D09E08C
:10B0300001340095DCF8386024B2B047444510DA9A
:10B04000DBF800C055483B46DCF820604A46214604
:10B0500086425846ECD001340095B04724B24445AE
:10B06000EEDB5546DDF83880DDF83CA0DBF800C0AB
:10B07000DCF82C300C9A93423FF472AF5846984754
:10B08000DBF800C06CE71A460A9B1344DBB20A9354
:10B09000099B129A0133DBB29A4209933FF64BAFF8
:10B0A000DCF82C300C9A934240F0FC8017B0BDE8DD
:10B0B000F08F0B9B58460D9AA047DBF800C04FE776
:10B0C0000B9A21465846009701924A46B047DBF852
:10B0D00000C045E758469847DBF800C09EE7B0F946
:10B0E0000C2005998A42E1DDB0F90E20BA42DDDD7F
:10B0F0000622079812FB0012002AD7DD089A07EBF8
:10B10000C202002AD2DD9BF81C20012A03D0AF2BFB
:10B1100001D90133DBB21C4ADBF8000011460C9266
:10B1200042698A4240F0EF80BDF8142003EB8303AC
:10B13000B8460B9F11461092194ACDF81090D318BB
:10B140000A460D934B1D9BB20E93DDE90731CDE905
:10B150000922012B08BF01299BB20CBF012100214C
:10B160000F930346584603910D9A0824BDF924B065
:10B17000002512F8016BBDF91CA00D92BDF9282025
:10B18000029706922EE000BFF93601009D3E0100B5
:10B1900039400100053A01007139010049390100C7
:10B1A000A0310020039A002A40D0D3F8189005EB74
:10B1B0000802584912B2894579D1D3F810905649FE
:10B1C000894574D1069F002F05DBB0F90C10B942F8
:10B1D00001DD002A79DA013C0135760814F0FF041C
:10B1E0006DB233D0F207DDD4049A02999142F2D0C5
:10B1F0000399E1B1D3F8189005EB0802454912B262
:10B2000089455BD1D3F810904349894556D1069FB3
:10B21000002FE0DBB0F90C10B942DCDD002ADADBEC
:10B22000B0F90E109142D6DD049B53E0029A0192D0
:10B230005946089A0590009205FB0282D3F81C90AB
:10B24000534612B2C84705980368C4E7099A0F9C91
:10B250000A992244029F013192B289B209920E9A50
:10B260000A918A4280D18346DDF8109018460B9BE4
:10B270004B4512D0039B002B33D0046A4246274B28
:10B28000CDF800909C42BDF938104FF0080308BF7C
:10B29000846B5846A047DBF80000C36A0C9A9342BF
:10B2A0003FF404AF584617B0BDE8F04F1847029B73
:10B2B00005900699C847059803688CE7049BF7E753
:10B2C00058469847DBF800C01FE6B0F90E109142CF
:10B2D00081DD029B39460590FBF7EEFD059803687A
:10B2E00079E704EB84031099CDF8049042461944A1
:10B2F000089BDB0009B20093079BC4695846A0472E
:10B30000DBF80000C9E7584602939047DBF80000DD
:10B31000029B09E79D3E01003940010049390100C7
:10B32000036AF0B5074685B0002B3AD00A292BD026
:10B330000D2933D01A7A914230D39C7A8C422DD386
:10B340008A1A5C68D2B204EBC204E578A278A5B18F
:10B350009AB1C57E002D63D1067E437EB0F91050B0
:10B36000B0F912203846CDE902630B462946FD8A22
:10B370000195BD8A0095FFF78DFD21793B8A3A7EC4
:10B3800001FB02333B8209E04FF0000C428A417E10
:10B39000A0F810C01B7B01FB03234382012005B0F2
:10B3A000F0BD0A291ED00D29F8D0C27EB0F9104098
:10B3B0000ABBB0F91220067E457E03950B46029625
:10B3C0002146FC8A38460194BC8A0094FFF762FD4E
:10B3D0003B7E3A8A012003EB430302EB43033B82AB
:10B3E00005B0F0BD428A417E038202EBC103438275
:10B3F000012005B0F0BD067E0622B0F90C5012FB0C
:10B400000642AA4208DD428A1C46457E038202EBC0
:10B41000C50212B24282D0E7B0F91220457ECCE7D5
:10B4200094F90550067E2A44B0F91050B0F90CC0CA
:10B4300006FB0252624503DC437EB0F9122091E71D
:10B440000025428A058293F80CC0437E0CFB032240
:10B4500012B2428286E700BF10B50446C06A08B146
:10B4600015F06AFA204610BD836A70B504460D4691
:10B470009BB390F8302040F20111724E5200A3F8B5
:10B480002F1183F8A520836A1A6818461268B24201
:10B4900040F0CE80B3F83021DAB193F82F21882A1A
:10B4A0002BD8511C1A4483F82F11002382F8A530A1
:10B4B000A06A026803461268B24240F0BC80B0F84D
:10B4C000302132B193F82F21882A1CD90122184645
:10B4D0005A60BDE870400BF0EFBB026C006D136862
:10B4E000616A23EA00031360C1B10A685566D36D2F
:10B4F00013F4F81FFBD0536F70BD01225A6093F80C
:10B500002F21882AE2D8511C1A4483F82F1182F87F
:10B51000A550A06ABDE870400BF0CEBBD4E90E2365
:10B52000A06C2E06116854BF814301436E06116062
:10B530001968E06C41EA000119601968E06C21EAC1
:10B54000000119601168A06C54BF81430143AE062D
:10B5500011601968E06C41EA000119601968E06C3B
:10B5600021EA000119601168A06C54BF81430143B6
:10B57000EE0611601968E06C41EA00011960196873
:10B58000E06C21EA000119601168A06C54BF81438E
:10B5900001432E0711601968E06C41EA000119604F
:10B5A0001968E06C21EA000119601168A06C54BFB1
:10B5B000814301436E0711601968E06C41EA0001A4
:10B5C00019601968E06C21EA000119601168A06C2B
:10B5D00054BF81430143AE0711601968E06C41EA32
:10B5E000000119601968E06C21EA00011960116816
:10B5F000A06C54BF81430143ED0711601968E06CF2
:10B6000041EA00011960E06C196821EA0001196043
:10B610001168A06C4CBF0143814311601A68E16C52
:10B620000A431A601A68E16C22EA01021A6070BDCE
:10B63000002190473CE729469047A06ABDE870404A
:10B640000BF03ABBFD360100F8B5836A0446002BC7
:10B6500078D0826D0020884D1B69AA42186133D8CA
:10B660008648012298645A624FF4303284489862C6
:10B67000DA62986C002218654FF001101A620122FC
:10B6800098651A615A392046C9B2FFF7EDFEA36AE0
:10B690004BB3E26D002178481B698242196100F2C8
:10B6A000BB80764C012076494FF430329C6458625E
:10B6B0009962DA629C6C00204FF0011101221C6536
:10B6C000186299651A61F8BD6E4DAA4200F2AF800A
:10B6D0006D4A9A64A2F121625862A2F60C429A6203
:10B6E0006A4ADA62C5E7616C606D0B68626A03439F
:10B6F0000B60002AE7D0D37C002BE4D0DD0704D513
:10B70000906A4FF0E021C1F800019C0704D5D06A8F
:10B710004FF0E021C1F80401580704D5106B4FF039
:10B72000E021C1F80801190704D5506B4FF0E02162
:10B73000C1F80C01DB06C6D5926B4FF0E023C3F8CD
:10B740001021F8BD436A002B5FD0D0E91925D87CC1
:10B75000002839D072B6D87CC60708D54FF0E02C47
:10B760005F69DCF880613E409E62CCF880618707AB
:10B7700008D54FF0E02C9F69DCF884613E40DE6222
:10B78000CCF88461460708D54FF0E02CDF69DCF87F
:10B7900088613E401E63CCF88861070708D54FF0EA
:10B7A000E02C1F6ADCF88C613E405E63CCF88C6153
:10B7B000C60608D54FF0E0265F6AD6F890013840FB
:10B7C0009863C6F8900162B69868824213D03048F8
:10B7D0009A6080692F4EC0F3011CC0F3826056F856
:10B7E0002C600130B6FBF0FC002A2BD0624532D928
:10B7F0000022DA6000E0DA681B680020186103208C
:10B8000058621A6401221D661A61626C606D1368C9
:10B8100023EA0003136035E71A4882420FD91E4C11
:10B820001E481A4A9C6459629862DA6242E71A4AD0
:10B830009A641A4A58629A62144ADA6219E7124CF8
:10B840001748EEE78642D4D30CF10100B0F5817FB2
:10B8500009D3144ACDE7BCFBF2F0BCFBF0FC624517
:10B86000F4D28446F0E70228C2D9023846083202F0
:10B8700042EA06420243BCE77F1A06003B3728191A
:10B88000B80B05053F420F001C1A120C007F050083
:10B8900000C00F40642200200A090704600901016A
:10B8A000100E0202FF7F7F0010B50446006808B149
:10B8B00015F042F8204610BD194B10B40360EFF3A9
:10B8C000108272B6037F012B12D0032B04D002B971
:10B8D00062B65DF8044B7047437F33B1D0E905137E
:10B8E000C3B1596161B90F490B6000230377EEE7DB
:10B8F000437F002BF9D0D0E905132BB1596131B149
:10B900008B6100230377E2E7074C2160F7E70749E3
:10B910000B60EAE7064C21600029F1D1E3E700BFA4
:10B920005021002004C30120F8C20120FCC20120E4
:10B9300000C3012003790F2B0FD8084A937672B603
:10B940000749012290F804C0B1F8D83502FA0CF288
:10B9500023EA0203A1F8D83562B6704700800E4092
:10B96000A0A6002070B5C289044684B0006804F126
:10B970001303257CADF80C20002830D0627C03A98D
:10B9800000950AF05DFE00283DD0237C002B43D0BB
:10B99000A27C8AB1012BE07C0CD0227D022B42EAF2
:10B9A000002007D0627D032B42EA002002D0A37D55
:10B9B00043EA002004B070BD1C44012BA07CF9D0E8
:10B9C000627C022B42EA0020F4D0227C032B42EA64
:10B9D0000020EFD0E37B43EA002004B070BD606834
:10B9E000E8B1267BD1B2032E2FD086B1022E25D10D
:10B9F00001F07F018DF80C10627C03A900950BF01B
:10BA00000BF80028C1D14FF0FF3004B070BD61F0D9
:10BA10007F018DF80C10EFE7184604B070BDA268E6
:10BA2000002AF0D0117C0029EDD09668002EEAD0D3
:10BA3000506903A90095627CB047A4E7012EDBD1D1
:10BA400061F03F018DF80C10D6E7120A00958DF8D1
:10BA50000D1042F00102617C8DF80C204A1C03A9F4
:10BA60000AF0DAFF8FE700BF70B5057A04469DB98A
:10BA70004668304614F07AFF237801229340227200
:10BA800086F8A53040F20113A6F82F3160680BF05C
:10BA900013F908B1284670BD237840F2011162689D
:10BAA0005B00A2F82F1182F8A53060680BF004F952
:10BAB000B0FA80F56D09284670BD00BF2DE9F04F42
:10BAC000466883B0624C07460193154633685B684D
:10BAD000A3427AD1B6F83041002C61D1A54205D0FD
:10BAE0004FF00009484603B0BDE8F08FD7F804B026
:10BAF0009BF82FA1BAF1000FF2D05846FFF716F9C4
:10BB000081460028ECD0534F0026D7F8008000E093
:10BB10002646B245DBF810105ED234464A6913055A
:10BB200037D4550500F18780900400F1848038688F
:10BB3000A0EB080032287ED8A24507D2C96D49077C
:10BB400004D19305CED4019B002BCBD0FEF73AFF56
:10BB5000B245DDD2DBF810104B691E0519D45D0526
:10BB600069D4980467D43A68A2EB0802322A62D8F2
:10BB7000A24507D2CA6D520704D19B05B2D4019BDE
:10BB8000002BAFD0FEF71EFFDBF810104B691E052F
:10BB9000E5D50B694FF0000943F440730B61A1E751
:10BBA00096F82F318C46C3F18904A24211D814466D
:10BBB00006F1A5006146224618440FF067FA96F890
:10BBC0002F31234486F82F3188E7304698470446C2
:10BBD00084E701227260EBE7C86D344600F007028B
:10BBE00040079BD413E09BF8A5500132022445F492
:10BBF0008065042A0D661CD0824502F101020BEB20
:10BC000000050ED995F8A500042A086686D0012003
:10BC1000002CE8D020460132013482450BEB0005B0
:10BC2000F0D8019B002B3FF479AF4FF400720A6605
:10BC300074E7012472E70B694FF000094FF40072BA
:10BC400043F4407348460B610A6603B0BDE8F08FC9
:10BC5000A15D01000CC3012000000000D0ED017ABD
:10BC600090ED006A67EEA77AD0ED026A90ED037A54
:10BC7000E6EE067AE6EEA67AE7EE077AF5EE407A89
:10BC8000F1EE10FA02D4B1EEE70A7047B0EE670A9F
:10BC90000DF082B900B5D2F804E0D2F800C0C1F8C6
:10BCA00004E0D2F808E0C1F800C0C1F808E0D2F81A
:10BCB0000CE0C1F80CE05168C0F800C04160916828
:10BCC000D2688160C2605DF804FB00BFD1F804C097
:10BCD0008A68CB6800B5D1F800E0C0F804C0C0F8AD
:10BCE00000E08260C3605DF804FB00BF30B40F4B1E
:10BCF0004FF0010C0E4D0F4C53E8002F28682168BF
:10BD000043E800C2002AF7D10B4B5B680B4A5B1A71
:10BD10004FF47A71126801FB00F0A3FB023230BCD1
:10BD20008A4294BF80184018704700BF08C30120A2
:10BD30000CC3012010C30120001000E014C3012037
:10BD400070B50E4C4FF6FF7E0D4E04F11E05A6F5A4
:10BD50008053002102E0B34281B204D21A88481C09
:10BD600002337245F7D124F8021FAC4206F5805623
:10BD7000EDD1044B01221A7070BD00BF9A690020FA
:10BD800000101F6098690020B64B40F2EE26B64CBA
:10BD90001D682DE9804895B0FEF714FEB34B1B7863
:10BDA000002B01F07A8094F8A435DB0741F175800F
:10BDB000AC4B1B68D4F8A0259B1A0E2B41F26D806A
:10BDC000AA4B1B781BB10C21A948FEF7A3FEA74B79
:10BDD00040F60D221B78ADF82C20002B01F0ED80F1
:10BDE0000BAB022118460BEE103AFEF793FEA1486A
:10BDF000F3F738FD6420FEF72DFE9F4BDFF8C4B249
:10BE000003939C4B9FED9D9A03F550449FED938BBC
:10BE1000944B9FED9B7A1A689A4BA3FB021341F255
:10BE200088311B0B01FB1322012107EE902AF8EE4B
:10BE3000E77AC7EE879A5BE8003F8A4B924A1B6815
:10BE400012684BE800100028F5D1904982464968F5
:10BE50008A1A8F490968A2FB01214FF47A7202FB0A
:10BE600003F3914294BF5B189B18824AC2F8F030EA
:10BE70000022884B884943F8102B9942FAD1874B0E
:10BE80001B78002B40F04B87854A8649537815462E
:10BE90000846127803EB830303EB83030533DBB21D
:10BEA00081F8AE3D91F8B01D002900F0A88780F818
:10BEB000AC3DAB7803EB43039B000533DBB280F86A
:10BEC000AF3D80F8AD3D6B4B93F8A832002B00F0EE
:10BED000C184062A40F03487039AF7EE003A724B89
:10BEE0009FED724AC3F8342F03F58053624A93F8EA
:10BEF0003961A3F53B750392002E40F0DF83136890
:10BF0000C5F8243204326A4B04359342F4D1694BAC
:10BF1000B3F84000A3F5805393F8786058B303F664
:10BF2000C6720023114604E001339DB2854281F0C0
:10BF30003F8031F8025FB542F6D15F4D03F2D22364
:10BF40004FF07E5105EB830395F87A50C3F88410C7
:10BF5000002303E0013399B281420CD232F8021F70
:10BF6000A942F7D1544A03F2D22302EB83034FF0E4
:10BF70007E52C3F88420504B00201F6FA3F500535E
:10BF8000014693F8E42102E0C1B28A4221D3394D3F
:10BF900001F5CB73013005EB8303484DD3F83C3BEF
:10BFA000AB42F1D1A5F5516389B2B3F8846086B193
:10BFB000A5F6B640002303E001339DB2AE4208D996
:10BFC00030F8025F8D42F7D13D4901EB8303C3F89E
:10BFD000C8730020344B014693F8905802E0C1B278
:10BFE0008D4220D3304B0130344E03EB8103D3F824
:10BFF0004038B342F3D1A6F5516389B2B3F8306744
:10C000008EB103F20670002303E001339DB2AE420D
:10C0100009D930F8025F8D42F7D1F233224901EBA2
:10C020008303C3F8EC7100200146124D01F5CB7378
:10C03000013005EB830305F64C25D3F83C3BAB42BE
:10C0400000F09587C1B28A42EFD20025B0EE690AAE
:10C0500008482E46F6F712FE4AE000BFFFFFFFFF3A
:10C06000FFFFEF7F0CC30120A0A6002088B10120B4
:10C07000B04500207CAC00209CB10120CDCCCC3D53
:10C0800000409C455917B7D110C30120001000E0B3
:10C0900014C3012024AD0120C4AE012089B10120C8
:10C0A0008CB101207C5C01207CBC002000000000E1
:10C0B0009CB301207CEC00207CDC00208CC900209B
:10C0C000BCB7002008C30120D4F8700B03689B683C
:10C0D0009847D4F86C3B47191A681846D3689847B4
:10C0E00028440C3501684268836839607A60BB6017
:10C0F000D4F8700B0368DB689847864206F10106A6
:10C10000E2DB474D03E01035464BAB424BD0D5ED5B
:10C11000037AF5EEC07AF1EE10FAF4DD2B68D4F86C
:10C12000708B002BEFDD0026B146D8F8003040467A
:10C1300009F101099B6898476B689B5903EB43031E
:10C1400000EB8307D8F8003040469B6898476B683F
:10C1500006EB460295ED036A9B59043603EB430355
:10C1600000EB8300AB681344D0ED006A90ED017AD8
:10C17000D3ED004A93ED015AD3ED025AE4EE866AFC
:10C18000D0ED027AA6EE057A2B68E6EE257A99457F
:10C19000C7ED006A87ED017AC7ED027AC5DB10357D
:10C1A000204BAB42B3D1204E4FF081421F490420B7
:10C1B00006F2446304F658391BEE108A196006F53E
:10C1C000C9631A6014F0B0FB194B054601460360C1
:10C1D000A3F5354001F0CCFD284614F0ADFB01235A
:10C1E00006F5DE60002586F85436FDF7EBF806F517
:10C1F000E060F0EE409AFDF7E5F804F62C330022FB
:10C20000CDF80890C3ED009A04F5336383ED000A7E
:10C2100004F634331A6004F65433019393E000BFFC
:10C2200018AD0120B8AE01207CCC00200000F0C089
:10C2300088870120D4F8700B04F6683604F664375A
:10C2400004F5366903689B689847019A504404F6E0
:10C250005C3392ED007A04F63C31029AD3ED007A19
:10C2600004F63833D2ED006A04F5346290ED015AD9
:10C27000D0ED025A90ED006A35EE665A75EEE75A37
:10C28000D1ED003A36EE476A92ED004AD3ED004A0E
:10C29000E5EE236AE5EE847AC64AA6EE247A4046A5
:10C2A00002F11001B0EE661AB0EE672AF0EE471AFE
:10C2B000FCF70AFFD6ED007A05AAD7ED006A4146E1
:10C2C00099ED007A72EE677A71EE666A08A831EE2F
:10C2D000C77ACDED077ACDED066A8DED057AFCF7CC
:10C2E000FFFDD6ED007A04F53362D9ED006A04F65D
:10C2F000343397ED007A04F62C36DDED08AA9DED77
:10C3000009AADDED0A9A7AEEA6AAD4F8700B3AEEE5
:10C3100007AA79EEA79AD6ED006AD3ED007A0168F4
:10C320007AEEA6AA92ED007A79EEA79A8B683AEE99
:10C3300007AA984750440AF10C0AC0ED00AA80ED04
:10C3400001AAC0ED029AD4F8700B0368DB68984725
:10C35000854205F10105FFF66DAF01205BE8003F66
:10C36000954B1A68954B19684BE80003002BF5D1E3
:10C37000934B5B68591A4FF47A73924802FB03F3AC
:10C38000914ADFED926A1268A1FB0212D0F8F01018
:10C390005B1A0121B2F57A7F94BF9B1803F57A737B
:10C3A00007EE903AF8EE677A87EEA67A80ED407A4B
:10C3B0005BE8003F804B814A1B6812684BE8001520
:10C3C000002DF5D17E4949688A1A7F490968A2FB88
:10C3D00001214FF47A7202FB03F3914294BF5B1880
:10C3E0009B18784A5668C2F8F43033796BB13368D9
:10C3F00053F8250009F036FA724B1B7F002B40F0F2
:10C400001382013533799D42F1DB01205BE8003F67
:10C41000694B1A68694B19684BE80003002BF5D18A
:10C42000674B5B68591A4FF47A73664802FB03F353
:10C43000654ADFED666A1268A1FB0212D0F8F410BB
:10C440005B1AB2F57A7F94BF9B1803F57A7307EEF7
:10C45000903AF8EE677A87EEA67A80ED417A01206D
:10C460005BE8003F544B1A68544B19684BE80003D3
:10C47000002BF5D1524B5B685B1A53490968A3FB4B
:10C4800001314FF47A7303FB02F2994294BF5218C0
:10C49000D2184C4B9868C3F8F82003685B6898473B
:10C4A00001215BE8003F444B444A1B6812684BE89B
:10C4B0000015002DF5D1424949688A1A4FF47A7166
:10C4C000404801FB03F34049DFED406A0646096836
:10C4D000A2FB0121D0F8F8209B1AB1F57A7F94BF16
:10C4E0005B1803F57A7307EE903A394BF8EE677AEA
:10C4F0001B7887EEA67A80ED427A2BB1052135486C
:10C50000FEF708FB96ED427A2E4BF7EE006AD3ED6C
:10C51000417A1A4693ED406A93F8EC6077EE867A9A
:10C5200093ED08AA312E76EECAAA77EE877AC6EE88
:10C53000A79A00F2E183731C02EB8606C6ED099A06
:10C54000DEB282F8EC60DFED247A244B0135B3ECE7
:10C55000017AEAB277EE877A9642F7D807EE106A48
:10C56000F8EEC76A87EEA67A67EE2A7AE9EE8A7A4B
:10C57000B7EEE76AB4EE466BF1EE10FA80F1C284D2
:10C58000B0EEC65BB4EE485BF1EE10FA00F3428405
:10C590009FED137AF4EEC77AF1EE10FA00F3B5834B
:10C5A0009FED107AF4EEC77AF1EE10FA00F1AD8348
:10C5B0001AE000BF888701200CC3012010C30120AE
:10C5C000001000E07CAC002014C30120002474495A
:10C5D00088B10120C045002000000000A0AC002070
:10C5E000FFFF7F4FFFFF7FCFF5EEC07AF1EE10FA2D
:10C5F00000F161840027B6EE007B36EE076BFCEE9F
:10C60000C67B17EE903A002B40F01E843023212089
:10C610008DF84D303FB101382D22C0B200F15003EA
:10C620006B4403F8242C964B1B7833B11BEE103A65
:10C63000C0F122011844FEF76DFA914B1B781BB133
:10C640000E219048FEF766FA8F4B93ED400AB7EE45
:10C65000C00A0BF08FF98A4B1B781BB10F218B4856
:10C66000FEF758FA884B93ED410AB7EEC00A0BF07B
:10C6700081F9834B1B781BB110218548FEF74AFADC
:10C68000814B93ED420AB7EEC00A0BF073F97C4B75
:10C690001B781BB101217F48FEF73CFA40F60D23C1
:10C6A000ADF82C30764B1B7823B102211BEE100A1B
:10C6B000FEF730FAFEF786F9FFF7AABB2B6892ED7A
:10C6C000006A93F82C10D3ED005A092933EEE55A8D
:10C6D00040F28B8093ED037A5869D3ED024AF0EE75
:10C6E000476A83ED027A93ED047A74EE847A1861D6
:10C6F000986977EEA67AC3ED014A5861D86983ED4F
:10C70000037A9861186AD861586A1862986A83ED4A
:10C710000A6A5862032977EE877A27D093ED047A64
:10C72000042977EE877A21D093ED057A052977EEF3
:10C73000877A1BD093ED067A062977EE877A15D093
:10C7400093ED077A072977EE877A0FD093ED087A71
:10C75000082977EE877A09D093ED097A092977EECF
:10C76000877A03D093ED0A7A77EE877A07EE101A6C
:10C77000D3ED116AF8EEC74A87EEA47A67EE057A20
:10C78000E6EE257A37EEE67AC7EE096AF5EEC06A7C
:10C79000F1EE10FA01D5F0EE446AD3ED0F5A93EDA5
:10C7A0000E6AE5EEC96A93ED0D7A26EE866AC3ED50
:10C7B0000C6AA6EE097AB5EEC07A83ED0D7AF1EE39
:10C7C00010FA2AD4B4EEE37AF1EE10FA05DDB7EEF2
:10C7D000007A83ED0C4AC3ED0D3AC3ED117A77EE82
:10C7E000877AC5ED897AFFF78DBB481C03EB810181
:10C7F000C0B283F82C00012881ED016AD3ED017AE3
:10C8000077EE847A24D093ED027A022877EE877A45
:10C810001ED0014693ED037A7CE7B0EE447A83EDB7
:10C820000C4A83ED0D4AD8E73368174A53F82500C0
:10C830000135976903683A689B69D2F80080984788
:10C8400001463846C0473379AB423FF7D0ADDCE50F
:10C8500001468BE7072A00F2B58301A353F822F0C3
:10C86000478F0100379B0100119B0100CF9B010006
:10C87000D79A0100E5990100D58D01009597010037
:10C8800088B10120CC4500207CAC0020DC45002094
:10C89000EC4500207C450020BA4ABB4E92F8BC33E0
:10C8A0001546C2F8B46302F58F605B0806EB83039C
:10C8B00093ED010AF6F76EF995F8BC332A465B084A
:10C8C00006EB83035E6805F2845395F8745483ED98
:10C8D000000A272D00F23E8311466B1C02EB8502F5
:10C8E000C2F8C463DAB291EDF1AA012A81F8742486
:10C8F0000ED0A6490123F1EC017A0133B4EE67AA08
:10C90000D8B2F1EE10FA48BFB0EE67AA8242F2D870
:10C910009C4AD2F8C05305F127036E1E02EB830335
:10C92000D3EDF17AF4EE4A7AF1EE10FA15D015F063
:10C93000FF0704D09649BA00081F13F0E3FE954A9A
:10C9400006F1280302EB8707A2F2644202EB83039D
:10C95000002247F8042C83EDF1AA002DDFED8E7A3A
:10C960000EDD00231A46283201338649DBB201EB83
:10C9700082029D4292EDF17A1A4677EE877AF2DCD6
:10C9800007EE105A7F4AB6EE006AB8EEC77A02F296
:10C990008453C7EE876AD3ED007A02F5B16336EEB1
:10C9A000E77AC3ED006A7D4BE7EE067AB3F8400004
:10C9B000A3F5805393F87860C2EDEE7A50B3784ACD
:10C9C0000023114604E001339DB2A84240F2EC82FC
:10C9D00031F8025FB542F6D1724D03F2D2234FF027
:10C9E0007E5105EB830395F87B50C3F88410002338
:10C9F00003E0013399B288420CD932F8021FA942F0
:10CA0000F7D1684A03F2D22302EB83034FF07E5240
:10CA1000C3F88420634B00205F6FA3F500530146E9
:10CA200093F8E42102E0C1B28A4220D35E4D01F5C1
:10CA3000CB73013005EB83035C4DD3F83C3BAB4239
:10CA4000F1D15B4B89B2B3F8846086B103F15A002F
:10CA5000002303E001339DB2AE4208D930F8025FF3
:10CA60008D42F7D1534901EB8303C3F8C87300200B
:10CA70004F4B014693F8905802E0C1B28D421FD34C
:10CA80004B4B0130494E03EB8103D3F84038B3429E
:10CA9000F3D1474B89B2B3F830678EB103F2067019
:10CAA000002303E001339DB2AE4209D930F8025FA2
:10CAB0008D42F7D1F2333E4901EB8303C3F8EC71A9
:10CAC00000200146384D01F5CB73013005EB83039F
:10CAD00005F64C25D3F83C3BAB4200F01E82C1B2B8
:10CAE0008A42EFD2FFF7B1BA2C4BB3F8400038B30B
:10CAF0002B4A0023114603E001339DB285420CD23C
:10CB000031F8025F032DF7D1264903F2D22301EB5E
:10CB100083034FF07E51C3F88410002303E00133F8
:10CB200099B281420CD232F8021F0029F7D11D4A76
:10CB300003F2D22302EB83034FF07E52C3F884202A
:10CB400000211B4B0A4693F8E40103E0CAB282427B
:10CB50003FF67BAA144D02F5CB73013105EB83033D
:10CB600005F6D425D3F83C3BAB42EFD105F22C536C
:10CB7000B5F8B05592B2002D3FF467AA03F15A01FF
:10CB800000231EE07CCC00209CB3012044D0002078
:10CB9000E4D00020E0D00020000000007CEC002069
:10CBA00042EC00207CDC00207CAC00200CCE00207D
:10CBB0007CBC0020BCB70020013398B2A842BFF46F
:10CBC00044AA31F8020F9042F6D1BD4A02EB83032A
:10CBD000BC4AC3F8C823FFF738BABB4BB3F84000D0
:10CBE00000283FF432AAB94A002304E0013399B285
:10CBF0008142BFF42AAA32F8021F1529F6D1B44A9D
:10CC000003F2D22302EB83034FF07E52C3F8842059
:10CC1000FFF71BBAAC4BB3F8400000283FF415AA4D
:10CC2000AA4A002304E0013399B288427FF60DAA94
:10CC300032F8021F0129F6D1E1E7A34BB3F8400017
:10CC4000A0B1A3F13A02002303E0013399B281427B
:10CC50000CD232F8021F0429F7D19D4A03F2D223E5
:10CC600002EB83034FF07E52C3F884200021994BDE
:10CC70000A4693F8E40103E0CAB282423FF6E5A90E
:10CC8000954D02F5CB73013105EB830305F6A42521
:10CC9000D3F83C3BAB42EFD105F25C53B5F8E0551D
:10CCA00092B2002D3FF4D1A903F15A01002304E010
:10CCB000013398B2A842BFF4C8A931F8020F9042DC
:10CCC000F6D17F4A02EB83037E4AC3F8C823FFF7FD
:10CCD000BCB97D4BB3F8400000283FF4B6A97B4AAD
:10CCE000002304E0013399B28142BFF4AEA932F8C7
:10CCF000021F0029F6D182E77849C422081F13F0E9
:10CD000001FD754BC3ED3A9A1DE4754B1B78002B62
:10CD10003FF493AC03217348FDF7FCFE8DE47249A8
:10CD2000052391F8B02D81F8AE3D002A7CD181F821
:10CD3000AF3DA1F5304393F8A832002B3FF485A90D
:10CD4000614BB3F8401039B3A3F13A020023104607
:10CD500003E001339DB2A9420CD930F8025F022DE5
:10CD6000F7D15B4803F2D22300EB83034FF07E50F0
:10CD7000C3F88400002303E0013398B288420BD249
:10CD800032F8020F1928F7D1514A03F2D22302EBED
:10CD900083030022C3F8842000214E4B0A4693F8F7
:10CDA000E40103E0CAB29042FFF44FA94A4D02F5F4
:10CDB000CB73013105EB830305F6F815D3F83C3B43
:10CDC000AB42EFD105F5C163B5F88C5692B2002D98
:10CDD0003FF43BA903F15A01002304E0013398B268
:10CDE00085427FF632A931F8020F9042F6D1344ADB
:10CDF00002EB8303334AC3F8C823FFF726B93B4B42
:10CE000039499B7803EB43039B00053381F8AF3D21
:10CE1000FFF759B8324B1B78002B3FF40EAC0321BF
:10CE20003348FDF777FE08E42F4A82F8AF3D40F221
:10CE30000553A2F8AC3DA2F5304393F8A832002B7D
:10CE40007FF47EAFFFF701B92A4E092B4FF0210086
:10CE5000A6FB03214FEAD10101EB8102A3EB4202C1
:10CE600002F130028DF84D207FF6D4AB0138A6FBDD
:10CE700001320D46C0B2D208092D00F150030DEB6E
:10CE8000030C02EB8203A1EB4303114603F13003D1
:10CE90000CF8243CEAD8FFF7BDBB174B104A1B68BF
:10CEA00012785B1B52B3B3F5FA6F3EF689AFFDF70C
:10CEB00089FDFEF771BFB1EE466B0127FFF79BBB03
:10CEC000BCB70020CDCC4C3F7CEC002042EC0020D5
:10CED0007CDC00207CBC00207CAC0020A4AC0020CA
:10CEE00088B10120C84500207C5C01208CB1012064
:10CEF000E0430020CDCCCCCC0CC30120B342D6D92A
:10CF0000FEF75EBFC54B1B78002B3FF496AB0321A9
:10CF1000C348FDF7FFFDFFF790BB05F2B453B5F82A
:10CF2000385689B2002D3FF490A803F15A0200232D
:10CF300004E0013398B285427FF687A832F8020FE9
:10CF40008842F6D1B74A02EB8303B74AC3F8C82335
:10CF5000FFF77BB8B5499C22081F13F0D3FBB44BF5
:10CF60002A4693EDF1AA03F58C631E60C1E405F235
:10CF7000B453B5F8385689B2002D3FF466A803F1D2
:10CF80005A02002304E0013398B285427FF65DA87F
:10CF900032F8020F8842F6D1A24A02EB8303A24A7A
:10CFA000C3F8C823FFF751B8A24B93F87B501EE596
:10CFB000A04B93F87A50FEF7CBBF0BAB0BEE103AB9
:10CFC000FEF715BF9C4BF7EE005A039A9B4803F6F9
:10CFD0009805DFED9B6A93F8BB6CC3F8B42A039005
:10CFE000002E66D10368C5F820320430954B043515
:10CFF0008342F5D1944BB3F84010A3F5805393F8D6
:10D000007850C9B103F6C6720023104630F8026F9B
:10D01000AE4200F0648101339EB28E42F6D3854B5E
:10D0200093F87900002332F8025F854200F06381B3
:10D0300001339DB28D42F6D37E4B0020DD6EA3F509
:10D04000005393F8E4110346804E03F5CB72013090
:10D0500006EB82027E4ED2F83C2BB24200F00381F6
:10D06000C3B28B42F0D9744B002293F890681346F8
:10D0700071480132764F00EB8300D0F84008B84287
:10D0800000F00581D3B2B342F2D9002003466F4DC0
:10D0900003F5CB72013005EB820205F64C25D2F880
:10D0A0003C2BAA4200F00781C3B28B42EFD9FEF7B6
:10D0B000CCBF2B6890ED005A93F82C20D3ED003AAA
:10D0C000092A35EEE33A00F28780511C03EB820215
:10D0D000C9B283F82C10012982ED015AD3ED017AEF
:10D0E00077EEA67A00F0BD8093ED027A022977EE02
:10D0F000877A00F0B6800A4693ED037A032A77EE2A
:10D10000877A27D093ED047A042A77EE877A21D0A4
:10D1100093ED057A052A77EE877A1BD093ED067A90
:10D12000062A77EE877A15D093ED077A072A77EEED
:10D13000877A0FD093ED087A082A77EE877A09D09C
:10D1400093ED097A092A77EE877A03D093ED0A7A6C
:10D1500077EE877A07EE102A93ED114A9FED382A71
:10D16000F8EEC71AD3ED0F2A93ED0D7AD3ED0E4AE0
:10D1700087EEA16A26EE036AA5EE236A36EE445ACC
:10D18000C5EE097AF4EE427AF1EE10FA48BFF0EEFD
:10D19000667AE2EEC97A27EEA45AC3ED0C7AF0EE75
:10D1A000477AE5EE097AF4EEC27AC3ED0D7AF1EE34
:10D1B00010FA4FD4F4EEE57AF1EE10FA05DDF7EE51
:10D1C000007AC3ED0C6AC3ED0D5A77EE867A83EDD3
:10D1D000116AC5ED887A08E793ED037A5969D3EDB2
:10D1E000024AB0EE476A83ED027A93ED047A74EE58
:10D1F000A67A1961996977EE867AC3ED014A596179
:10D20000D96983ED037A9961196AD961596A1962FA
:10D21000996A83ED0A5A596270E700BF88B101200C
:10D22000E8430020BCB70020CDCC4C3F44D00020C8
:10D230007CCC00207CDC00207CBC00209CB1012048
:10D24000000000009CB301207CEC00207CAC00209E
:10D2500010C50020F0EE667AC3ED0C6AC3ED0D6ACE
:10D26000B3E70A4676E79AB2A6F69403B3F8846069
:10D27000002E3FF4F8AE03F15A00002330F8027F8D
:10D28000974249D001339FB2BE42F7D8EBE69AB23B
:10D29000A7F69403B3F83067002E3FF4F6AEA7F577
:10D2A000C770002330F8027F97422ED001339FB21F
:10D2B000B742F7D3E9E6B5F838069AB200283EF44B
:10D2C000C4AE05F20E61002331F8025F95423FF4CF
:10D2D0007CAC01339DB28542F6D3FEF7B6BE114D4C
:10D2E00003F2D2234FF07E5005EB8303C3F8840092
:10D2F00095F8790096E60B4A03F2D22302EB8303FA
:10D300004FF07E52C3F8842096E6F233064A02EBD1
:10D310008303C3F8EC51B8E6044A02EB8303C3F875
:10D32000C853A0E67CDC00207CBC0020BCB70020F9
:10D3300030BFFDE7F8B52DED068BDFED349A002503
:10D340009FED338A0646B0EE69AA0F46F0EE69AA51
:10D35000F0EE488AB0EE489A36E03B6804EB4404AD
:10D36000586E03689B68984700EB8400D0ED006A14
:10D3700090ED017AF4EE6A6AD0ED027AF1EE10FADD
:10D38000B4EE4A7A48BFF0EE66AAF1EE10FAF4EE77
:10D39000697A48BFB0EE47AAF1EE10FAF4EE496A96
:10D3A00048BFF0EE679AF1EE10FAF4EE478A36FEC7
:10D3B000899AF1EE10FAF4EE487A48BFF0EE478A07
:10D3C000F1EE10FA37FE888A3B68ACB20135586E30
:10D3D0000368DB6898478442BFDBB6EE006A3046DC
:10D3E00079EE2A6A38EE8A7A78EE297A66EE866ACB
:10D3F00027EE067A67EE867AC6ED006A86ED017A38
:10D40000C6ED027ABDEC068BF8BD00BF0050C347E5
:10D410000050C3C770B50E4690F8A81682B0142904
:10D4200016D8154690F8A92604468AB101298AB271
:10D4300010D9901E04F25C6E04F5CB6C80B20EEB3A
:10D44000800E01E0F44505D05CF8040FA842F9D144
:10D4500002B070BD01F5C171F7EE000A201D8DED1F
:10D46000010A04EB8101EFF76FFA94F804369DEDA1
:10D47000010A132B0DD8E21882F8506504EB8302E1
:10D48000013302F2B451C2F8645581ED000A84F808
:10D49000043694F8A83603F5CB72013344F82250D1
:10D4A00084F8A836D4E700BF10B54489C36904FBEB
:10D4B00001F101EB41010B44C17DC9B9BCB104EBE1
:10D4C00044041C4493F801C0033313F8010C0632E2
:10D4D00013F8031C4FEA0C2C0002A3424FEA01216F
:10D4E00022F804CC22F8020C22F8061CEAD110BD66
:10D4F000002CFCD004EB4404C16A1C4413F803EB79
:10D50000063213F802CCA34213F8010C31F81EE0E6
:10D5100031F81CC031F8100022F806EC22F804CCD7
:10D5200022F8020CEAD110BD2DE9F04F002383B0A0
:10D53000032504460F46DFF83C8183600373C0E98E
:10D5400000330122414620460AF028FC6B1E13F0EE
:10D55000FF05F6D1042F69D907F1010ADFF818B1E8
:10D560004FF005090DF104085FFA8AFA4F4509F1F9
:10D5700030034FF00102414620463FD009F1010936
:10D580008DF804308DF805500AF008FC5FFA89F92F
:10D590000BF1010BB9F10A0FE8D1A1680B293DD8B5
:10D5A000DFF8D0904FF0000810E043184B4511D938
:10D5B0006368A9EB0006AB425AD320234354236887
:10D5C00003F805802946A5600B2927D820684D1C43
:10D5D0004845EAD963689D4224D90027023113F0F7
:10D5E000B3F9A1680028EFD0C4E9000511B1CFB1AB
:10D5F000835DE3E701702068A168F8E71BF8013B51
:10D6000001228DF80550D1468DF804300AF0C6FB92
:10D61000BAF10A0FAAD1A1680B29C1D9204603B0DB
:10D62000BDE8F08FB9F800304352CBE70DF10408A4
:10D63000A946DFF848A0EBB201224146204603F19B
:10D64000300C9F425FFA8CFC09D08DF804C08DF835
:10D6500005900AF0A3FB0135052DECD19DE715F8E7
:10D660000A308DF805908DF804300AF097FBF2E748
:10D670000127B3E7C4450020D53C0020D03C002062
:10D680002DE9F04F9FB005460E460493A84B1B783A
:10D69000934200F07481049BA64CD3F808B0258215
:10D6A0006682BBF1000F00F0AA8115AF4FF00009B0
:10D6B0005D463B465F46A945CA469B46049B1968A2
:10D6C00067D38DF854A0202F3E465D4628BF202604
:10D6D000B144BF1B5E4430E00A2B6BD00D2B2AD027
:10D6E000117A8B4227D3907A984224D3591A5068E2
:10D6F000C9B200EBC10898F8030098F8021098B17D
:10D7000091B1E07E00287FD1207E94F819C0B4F951
:10D710001010B4F91220CDE9020CE08A0190A08A21
:10D7200000908448FDF7B6FB98F80410238A227E07
:10D7300001FB02332382B54224D0226A15F8013B53
:10D74000002AC9D10A2B3ED00D2BF4D0E17E00294E
:10D7500040D1B4F91010B4F91220207E94F819C009
:10D76000CDE9020CE08A0190A08A00907148FDF793
:10D7700091FB237E228AB54203EB430302EB430372
:10D780002382DAD1002F51D0049B9D681968A945E6
:10D7900097D2A5EB090549445846202D28BF2025DE
:10D7A0002A460DF0D3FE05F178030DEB030505F8CD
:10D7B00024AC88E7638A617EA4F810A0127B01FB89
:10D7C00002336382B7E7638A617E228203EBC1037F
:10D7D0006382B0E7B4F910104FF0060C207EB4F964
:10D7E0000CE01CFB001CF44504DCB4F9122094F896
:10D7F00019C0B5E7114694F819C02282628A02EB7B
:10D80000CC0212B26282ABE798F905C0207E8C444C
:10D81000B4F91010B4F90CE000FB0C1CF44500F353
:10D820008B8094F819C0B4F9122074E75F4640F673
:10D830000D230DF15606DFF8FC904FF00008ADF80F
:10D840005430226A17F8013B002A43D00A2B5FD0DC
:10D850000D2B38D0117A8B4235D3907A984232D33F
:10D86000591A5568C9B205EBC105E878A97820B303
:10D8700019B3E07E88B195F9050094F818C0084402
:10D88000B4F91010B4F90CE00CFB0010704500F373
:10D89000B880607EB4F9122006E094F818C0607E6B
:10D8A000B4F91010B4F91220CDE902C0E08A019059
:10D8B000A08A00904846FDF7EDFA2979238A227E56
:10D8C00001FB02332382B742BBD1002363611FB047
:10D8D000BDE8F08F0A2B24D00D2BF4D0E17E002977
:10D8E00036D1B4F91010B4F91220207E657ECDE94E
:10D8F0000205E08A0190A08A00904846FDF7CAFA26
:10D90000237E228A03EB430302EB43032382DAE7FD
:10D91000638A617EA4F81080127B01FB023363826C
:10D92000D1E7638A2282627E03EBC2036382CAE785
:10D93000C85E00204460002094F819C0A4F810A02C
:10D94000117B628A01FB0C22002112B26282E2E6A4
:10D95000B4F910100625207EB4F90CC015FB001593
:10D96000654508DD1146657E2282628A02EBC502AA
:10D9700012B26282BBE7B4F91220657EB7E7A54B0D
:10D980001A68A54BA3FB02134FF4FA715B0901FB64
:10D990001322FA2A7FF67FAE049BD3F808B0BBF1BE
:10D9A000000F39D100205B46D8469C4CA84406F1B4
:10D9B00001094545A9EB00090FFA89F916DA059422
:10D9C0002F464FF0000ADFF854B21C4639460137A3
:10D9D00023464A463FB25846CDF800A0F9F7D0FD9D
:10D9E0004745F3DBDDE90434D3F808B04FF0011309
:10D9F000258266826361BBF1000F7FF456AE15AFDE
:10DA000015E7607EA4F81080117B628A01FB00227A
:10DA1000002112B2628247E71A68002A00F0A38050
:10DA200012F8011B7D4C0029E0D0277E4FF0FF3912
:10DA3000E07E47F6FF7E637EB0460A9007EB470024
:10DA4000D4F820A0400010971394099007EB4700EA
:10DA500040000890B4F90C000B9098B20790D800E1
:10DA6000BBB20C90119050460D932B46CDE905E9C1
:10DA700000287AD00A2900F09C800D295ED090F809
:10DA80000AC0077A8C4559D38F4257D8A1EB070CAF
:10DA900041685FFA8CFC01EBCC0C9CF803409CF8CD
:10DAA00002100E949CF804409CF905700F940A9C97
:10DAB0009CF906C0002C00F08480109C07EB010A42
:10DAC00004FB0A3A0B9CA2457BDD037B079C03FB0E
:10DAD000048800231FFA88FA0FFA88F8079C0CFBC9
:10DAE00004AA0D9C11FB04F1079C12910E9911FBE5
:10DAF00004FC0D9C0F9907FB04370CF1FF3C01FB64
:10DB000004331299059C1CFA8AFC01390FFA8AFA2F
:10DB10000FFA8CFC11FA87F13FB21BB2BC4209B27A
:10DB2000A8BF3C46D6450594A8BFD646069C8C4265
:10DB3000B8BF0C46E145B8BFE146069412F8011B98
:10DB4000002995D1DDE90523139C9A4255DC013368
:10DB5000CE45A3EB02081FFA88F845DD0B460FFA05
:10DB600088F8084622E72D4C40E70A292DD00D29D8
:10DB7000E4D00A9979BB0899099C19441F1989B204
:10DB8000119C013F08EB040C069CA7420CF1FF3CE2
:10DB900001DD3CB20694059CCC45C8BF0FFA8CF958
:10DBA0009C42A8BF1C46C6450BB2A8BFC6460594FA
:10DBB000C4E7037B079903FB01830FFA83F8002373
:10DBC000BCE79BB21FFA88FA88E70C9B984403468F
:10DBD0000FFA88F8B2E709995F180B998F4211DCA8
:10DBE0000899194489B2CBE70FFA88F809F10103C3
:10DBF000A3EB0E0398B21BB2D8E6CE453FF7F6AEC4
:10DC00008846F3E70C9B984403460FFA88F8DDE951
:10DC10000817B5E70CC30120D34D62104460002003
:10DC200000234FF07E52DFED517A30B52DED068B9B
:10DC3000026095B04360044683600D46C3604B7B31
:10DC4000D1ED008A91ED019A012B91ED028A68EEE7
:10DC5000A78A29EE279A28EE278A05D1F0EE687A5E
:10DC6000F0EE488AB0EE678AF6EE00AA68EEAA8A5D
:10DC700029EE2A9A28EE2A8AB0EE680A0BF0A6FC52
:10DC8000B0EE40AAB0EE490A0BF0A0FCF0EE409ACC
:10DC9000B0EE480A0BF09AFCF0EE407AB0EE680A5B
:10DCA000F0EE678A0BF096FDF0EE407AB0EE490A8E
:10DCB000B0EE679A0BF08EFDF0EE407AB0EE480AB7
:10DCC000B0EE678A0BF086FD00232A7B8DED009A6B
:10DCD0008DED01AA029303938DED048A0593CDED9A
:10DCE000069A07938DED080A09930A93CDED0B8AE6
:10DCF000052A1BD8DFE802F01A282F3203216A46D2
:10DD000008A90CA8FBF7E0F904AA0CA910A8FBF7D6
:10DD1000DBF910981199129A139B206020466160DC
:10DD2000A260E36015B0BDEC068B30BD04AA694665
:10DD30000CA8FBF7C9F908AAE7E704AA08A90CA8E8
:10DD4000FBF7C2F96A46E0E708AA69460CA8FBF7A8
:10DD5000BBF904AAD9E76A4604A9E9E708AA04A915
:10DD60000CA8FBF7B1F96A46CFE700BF35FA8E3C45
:10DD70002DE9F0432DED0C8BDFEDBDAA97B000250A
:10DD80000646B0EE6A9A0C46F0EE6A8A14E0236802
:10DD900007EB4707586E03689B68984700EB8700BE
:10DDA000D0ED006A90ED017AD0ED027A78EEA68A85
:10DDB00039EE079A7AEEA7AA2368AFB20135586EFA
:10DDC0000368DB6898478742E1DB07EE907ADFED76
:10DDD000A89A0027F8EE677AB0EE69AAF0EE69BA61
:10DDE00088EEA78AB0EE69BAC9EE278AB0EE69CA92
:10DDF0008AEEA79AF0EE69AA20E0236805EB4505B4
:10DE0000586E03689B68984700EB8500D0ED006A68
:10DE100090ED017AD0ED027A76EEC86A37EE687A34
:10DE200077EEC97AA6EEA6CAE6EE87AAA6EEA7BA4C
:10DE3000E7EE07BAA7EE27AAE7EEA79A2368BDB2D6
:10DE40000137586E0368DB6898478542D5DB2AEEB8
:10DE50004ADA6BEE4BCA6AEEEA7AABEEA9DAECEE7E
:10DE600029CAECEE2B7AB4EEECDAF1EE10FA40F3BC
:10DE70005782B4EE67DA0023F1EE10FA7DFE277ABE
:10DE8000F5EEC07AF1EE10FA40F2578237EECD7A15
:10DE9000DFED706AB0EEC77AB4EEE67AF1EE10FA12
:10DEA00040F18E8269EEEACA6BEECB9AEBEE0ACABB
:10DEB000EAEE8A9A2CEEAC0AADEE0D0AA9EEA90A9A
:10DEC000B5EE400AF1EE10FA00F1C682B1EEC07A6A
:10DED0009FED606AF7EE006A77EE667AF0EEE77A19
:10DEE000F4EEC67AF1EE10FA40F131829FED607ADD
:10DEF0009FED596A6DEE076A2CEE877A77EE267AE7
:10DF000077EEA97AF4EEC67AF1EE10FA00F1848287
:10DF10009FED526AF4EEC67AF1EE10FA40F32882D1
:10DF20009FED537AF7EE007AF0EE476AB0EE476A5B
:10DF30004B4B0FAFB26B0DF11C0839460BA8119279
:10DF40001A88CDED077AADF848205A688DED086A39
:10DF500013929A68DB68149215930023CDED096A39
:10DF60008DED0A7A0F931093FFF75AFE0BAA4146E4
:10DF700003A8FBF7A9F896ED0CAA214696ED0A7ABC
:10DF80006846D6ED0D9A4FF00009D6ED0B7A3AEEC1
:10DF900047AA79EEE79AFFF7CDF9039B0F93049B0D
:10DFA0001093059B1193069B129335E0236805EBB4
:10DFB0004505586E03689B689847034642463946B4
:10DFC00003EB85030BA8AD00D3ED016A93ED027A54
:10DFD000D3ED007A76EEE86A37EE497A77EEC87AC2
:10DFE000CDED086A8DED097ACDED077AFBF7DEF805
:10DFF00021680D9B486E0C9ADDF82CC009930368CC
:10E0000008929B68CDF81CC098470799089A284445
:10E01000099B01604260836023681FFA89F509F15A
:10E020000109586E0368DB6898478542BEDB2146CC
:10E030003846FFF77FF9DDED0FBA9DED10BA4FF0CE
:10E040000009DDED11AACDED00BA8DED01BACDEDDF
:10E0500002AA32E06F12833AEFFF7FBFEFFF7F3FEC
:10E06000146A00200050C3470050C3C700007A4321
:10E0700000000000236805EB4505586E03689B68A7
:10E08000984723685A6E00EB8503AD0093ED009A24
:10E090001046D3ED018A93ED028A39EE6B9A11682E
:10E0A00078EECB8A38EE6A8A8B689847284480EDF0
:10E0B000009AC0ED018A80ED028A23681FFA89F573
:10E0C00009F10109586E0368DB6898478542D1DB86
:10E0D0001FED1CBA4FF000091FED1D9AF0EE4BBA70
:10E0E000F0EE49AA35E0236805EB4505586E036854
:10E0F0009B689847226800EB8503506EAD00D3ED16
:10E10000008A93ED018AF4EE6B8A026893ED02CAED
:10E110009368F1EE10FAB4EE4B8A48BFF0EE68BA9D
:10E12000F1EE10FAF4EE6A8A48BFB0EE48BAF1EEAA
:10E1300010FAB4EE498A78FEAAAAF1EE10FA38FE77
:10E14000099A98472844C0ED008A80ED018A80ED45
:10E1500002CA23681FFA89F509F10109586E03689C
:10E16000DB6898478542BEDB96ED0F7A79EE4B7AF5
:10E1700033787AEEEBAA7AEE478A39EEC78A092B12
:10E1800088EEAA9AC8EE279A2BD096ED106AD6EDA3
:10E19000116AB4EEE99AB6EE007AF1EE10FA58BFC1
:10E1A000B0EE699A29EE069AF4EE499AE9EE6A8A87
:10E1B000F1EE10FA79FE299A69EEA69A68EE878A3E
:10E1C000A9EEE78A28EE078A082B0AD8DFE813F0C1
:10E1D0000D00A5002D019B0009009900A000A300DF
:10E1E0009E001FED5D8AF0EE488A5FED606A06F1E1
:10E1F000040996ED066A4046D6ED097A3A461FEDC7
:10E2000064AA4946E6EE267A96ED055AB0EE4A6AC9
:10E2100096ED087AD6ED075A4FF00008A5EE267A5B
:10E22000A5EEA66ACDED107A8DED0F7A8DED116A0F
:10E23000FAF756FE55E0236805EB4505586E03686E
:10E240009B689847034696F848C00BAA03EB8503E2
:10E2500049463846AD0093ED007AD3ED017AD3ED0F
:10E26000026A29EE077A69EEA77A76EE8A6ABCF12D
:10E27000000F01D0B1EE477A96F8493037EE287A90
:10E280000BB1F1EE677A77EE887ACDED0D6A8DED00
:10E290000B7ACDED0C7AFAF723FE23689DED0F6A19
:10E2A000DDED106ADDED117A9DED085ADDED095ABC
:10E2B0009DED077A76EE856A586E77EEA57A37EE91
:10E2C000067A03689B68CDED0C6A8DED0B7ACDED77
:10E2D0000D7A98470B990C9A28440D9B0160426077
:10E2E000836023681FFA88F508F10108586E0368F7
:10E2F000DB68984785429EDB17B0BDEC0C8BBDE810
:10E30000F083F1EE688A1FEDA68A6EE7F1EE688A67
:10E31000B1EE488A69E7B1EE488A5FEDAB8A64E7FF
:10E32000F4EE67CA0023F1EE10FA7CFEA77AF5EE50
:10E33000C07AF1EE10FA3FF6A9AD4FF07E520FAF62
:10E340000DF11C08049305930693039213E65FED09
:10E35000B87AB4EE677AF1EE10FA47D1F0EE66CAF9
:10E36000F0EE679AB0EE677AB0EE67DAF0EE676AC1
:10E370001FEDC16AF7EE005A37EE66AAD9EE86CADB
:10E38000A9EEC6DA77EEA59A2CEEAC0AA9EEA90A98
:10E39000ADEE0D0AAAEE0A0AB4EE460AF1EE10FA44
:10E3A00055D4F1EEC07AF7EE006A86EEA77A69EEF0
:10E3B000877A27EE2C6A67EE0D6A27EE0A7AB7E5B0
:10E3C00077EEEC7AF0EEE77AF4EEE67AF1EE10FA18
:10E3D0002ED569EEEA9A6AEE4C7AEBEE0A9AEAEEEC
:10E3E0008B7AB0EE69DAF0EE679A63E58DEE07DAC4
:10E3F0009FED1C6ACCEE87CAC9EE879A6DEE276A3C
:10E400002CEEA77A77EE267A77EEA97AF4EEC67A22
:10E41000F1EE10FA7FF57CAD9FED137ADFED136A14
:10E42000B0EE476ADFED127A82E5F1EE688ADCE64B
:10E430006BEECBBA2AEE4CCAF0EE4D9AEAEE8ABAEF
:10E44000AAEE8BCAB0EE6BDAF0EE4CCA32E50AF0F7
:10E45000A3FDF0EE407AA6E70AF09EFDB0EE407A0A
:10E4600036E500BFEFFF7FBF00000000698FE0BC12
:10E47000D8F97F3F054B5A6910B4511C1C6944F808
:10E4800022005DF8044B5961704700BF7CAC00204E
:10E4900090F8A936844673B190F8043653B14FF022
:10E4A0007E5201200CF24C53CCF864158CF85005C8
:10E4B0009A667047704701230A46B7EE000A19466C
:10E4C00080F8A936FEF7A6BF2DE9F04F8F4C2DED51
:10E4D000028BA4F12C0B9FED8E8A81B0A4F15C0A13
:10E4E00004F130002146FFF7D3FFA4F15009B0EE4C
:10E4F000480A5A460BF15C0028230A21A4F11408AB
:10E50000FEF788FFB0EE480A52460AF18C00282335
:10E510000A21FEF77FFFB0EE480A4A4609F1800063
:10E5200028230A21FEF776FFA4F14402B0EE480A40
:10E53000282302F174000A21FEF76CFFA4F12002E7
:10E54000B0EE480A282302F150000A21FEF762FFCC
:10E55000A4F16802B0EE480A282302F198000A21CB
:10E56000FEF758FFA4F13802B0EE480A282302F162
:10E5700068000A21FEF74EFFA4F64C029FED650AE3
:10E58000282302F67C000A21FEF744FFA4F58A72D4
:10E59000B0EE480A282302F5A2700A21FEF73AFFDE
:10E5A000A4F1C00204F6885704F2DC64B0EE480A15
:10E5B00002F1F00028230A21FEF72CFF04F628368A
:10E5C000B0EE480A424608F1440028230A2104F626
:10E5D000A875FEF71FFFB0EE480A3A46A7F6585056
:10E5E00014230A21FEF716FFB0EE480A3246A4F2C1
:10E5F000AC6014230A21FEF70DFFB0EE480A2A464C
:10E60000A4F2AC6014230A21FEF704FF204642491D
:10E61000FFF73EFFB0EE480A5A46204628230A215B
:10E62000FEF7F8FEB0EE480A5246204628230A219B
:10E63000FEF7F0FEB0EE480A4A46204628230A219B
:10E64000FEF7E8FEB0EE480AA4F5E462204628236F
:10E650000A21FEF7DFFEB0EE480AA4F2FC62204673
:10E6600028230A21FEF7D6FEB0EE480AA4F244722F
:10E67000204628230A21FEF7CDFEB0EE480AA4F278
:10E680001472204628230A21FEF7C4FEB0EE480A81
:10E69000A4F62872204628230A21FEF7BBFEB0EE1E
:10E6A000480AA4F5FE62204628230A21FEF7B2FE9E
:10E6B000B0EE480AA4F29C72204628230A21FEF7F5
:10E6C000A9FEB0EE480A4246204628230A21FEF75A
:10E6D000A1FEB0EE480A3A46204614230121FEF777
:10E6E00099FEB0EE480A3246204614230121FEF777
:10E6F00091FEB0EE480A14232A460121204601B0BB
:10E70000BDEC028BBDE8F04FFEF784BE88B7002059
:10E71000000000009A99193E0C61002030B44FF0BF
:10E720007E514FF080400022284C0025284B62602B
:10E730002560A160E06001245A601C60022498609A
:10E740001C610324D9601C62042459611C630524E4
:10E7500098611C644FF48074DA611C6540F2011406
:10E7600059629A62D86258639A63D963586499640B
:10E77000DA645A659965D8655A669866D9661C66E2
:10E780004FF4817459671C6740F203149867C3F80B
:10E7900080404FF48274DA67C3F8904040F2051469
:10E7A000C3F88410C3F8A040C3F88820C3F88C00D5
:10E7B000C3F89400C3F89820C3F89C10C3F8A400D1
:10E7C000C3F8A810C3F8AC2030BC7047146A00200E
:10E7D00028C301202DE9F04F2DED108B9BB0FB4F8E
:10E7E000FDF7AEFAF3EE0B5AB2EE085AF84BF94ABF
:10E7F0000026F949DFF804E4DFF804C49FEDF76A66
:10E80000DFEDF76A9FEDF77ADFEDF77AF74DF8481D
:10E81000DFF8F083DFF8F0A3DFF8F093DFEDF54ADF
:10E82000DFF8ECB39FEDF44AC3ED455AC3ED475A08
:10E83000C3ED495AC3ED4B5AC3F8D0E0C3F8E0E04A
:10E84000C3F8B0C0C3F800C1C3F818C1C3F8B4B06E
:10E85000C3F8B870C3F8BCB0C3F8C050C3F8C4B0B4
:10E86000C3F8CCB0C3F8D4B0C3F8F050C3F8F87014
:10E87000C3F82071C3F82851C3F8DC20C3F8E420A2
:10E88000C3F8EC20C3F8F420C3F8FC20C3F804213B
:10E89000C3F80821C3F80C21C3F81021C3F8C8003D
:10E8A000C3F8E800C3F8D880C3F83001C3ED4D5A6F
:10E8B000C3F838E1C3ED4F5AC3ED515AC3F858E1DC
:10E8C00083ED625A83ED645A83ED536A83ED556A92
:10E8D00083ED576A83ED596A83ED5B6A83ED5D6A68
:10E8E00083ED5F6A83ED616A83ED636AC3ED656AF8
:10E8F000C3ED676AC3ED696AC3ED6B6AC3F848117B
:10E90000C3F878C1C3F8A0C1C3F84081C3F85081EF
:10E91000C3F86001C3F86851C3F87071C3F880216F
:10E92000C3F89821C3F8A871C3F8B051C3ED6D6A5C
:10E93000C3ED6F6AC3F8C0E1C3ED716AC3ED736ADA
:10E94000C3ED756AC3F8E8E183ED865A83ED885A12
:10E9500083ED777A83ED797A83ED7B7A83ED7D7A27
:10E9600083ED7F7A83ED817A83ED837A83ED857AF7
:10E9700083ED877AC3ED897AC3ED8B7AC3ED8D7A07
:10E98000C3F8D011C3F8D811C3F808C2C3F830C215
:10E99000C3F8B801C3F8C881C3F8E081C3F8F00137
:10E9A000C3F8F851C3F80072C3F81022C3F8282244
:10E9B000C3F83872C3ED8F7AC3ED917AC3ED937AC1
:10E9C000C3F850E2C3ED957AC3ED977AC3ED997A17
:10E9D000C3F878E283EDAA5A83EDAC5AC3F860120B
:10E9E000C3F86812C3F898C2C3F84052C3F848028B
:10E9F000C3F85882C3F87082C3F88002C3F8885203
:10EA0000C3F89072C3F8A022C3F8B822C3F86CA26E
:10EA1000C3F874A2C3F87CA2C3F884A2C3F88CA282
:10EA2000C3F894A2C3F89CA2C3F8A4A2C3F8ACA2F2
:10EA3000C3F8B492C3F8BC92C3F8E0E2C3F800E3B1
:10EA4000C3EDCD4AC3EDCF4AC3F8C0C2C3F8F0123C
:10EA5000C3F8FC12C3F80413C3F80C13C3F814135F
:10EA6000C3F81C13C3F820C3C3F82413C3F82C1332
:10EA7000C3F830C3C3F8C492C3F8C872C3F8CC92C9
:10EA8000C3F8D052C3F8D492C3F8D802C3F8DC92CA
:10EA9000C3F8E492C3F8E882C3F8EC92C3F8F492A6
:10EAA000C3F8F882C3F80803C3F81053C3F8187307
:10EAB000C3F82823C3F83873C3F84053C3F874B3BA
:10EAC000C3F87CB3C3F884B3C3F88CB3C3F894B36E
:10EAD00003F5806BC3EDD14AC3EDD34AC3F850E3CD
:10EAE000C3EDD54AC3F870E3C3F8C0E383EDD74A5A
:10EAF00083EDD94A83EDDB4AC3F890C3C3F8A0C3C2
:10EB0000C3F84803C3F85803C3F86053C3F86873E5
:10EB1000C3F87803C3F88053C3F88873C3F8982305
:10EB2000C3F89C23C3F8A423C3F8A873C3F8AC2389
:10EB3000C3F8B053C3F8B423C3F8B803C3F8BC2375
:10EB4000C3F8C423CBF8002003F2044BC3EDF55AFD
:10EB5000CBED005A03F5816BC3F8D8E38BED005A77
:10EB600003F20C4BC3EDF75A8BED006A03F5826B91
:10EB7000C3EDF95ACBF8002003F2144BC3EDFB5A56
:10EB80008BED006A03F5836BC3EDFD5ACBF800C033
:10EB900003F21C4BC3EDFF5A8BED006A03F5846B47
:10EBA000C3F8F8C3CBF8007003F2244BC3F8C88352
:10EBB0008BED006A03F5856BC3F8CC23CBF80050CE
:10EBC00003F22C4BC3F8D08324E000BF00001042B6
:10EBD00028C301200000A041000098420000084224
:10EBE000000024420000404200005C42000030422D
:10EBF000000050420000A6420000B44200007042F3
:10EC00000000E041000088420000784200008A4293
:10EC1000000050418BED006A03F5866BC3F8E003FA
:10EC2000CBF8000003F2344BC3F8E8538BED006AD5
:10EC300003F5876BC3F8F073CBF800E003F23C4BAD
:10EC4000F54C8BED006A03F5886BCBF8008003F27E
:10EC5000444B8BED006A03F5896BCBF8001003F28F
:10EC60004C4B8BED006A03F58A6BCBF8001003F276
:10EC7000544BCBED006A03F58B6BCBF8008003F2AD
:10EC80005C4BCBED006A03F58C6BCBF800E003F234
:10EC9000644BCBED006A03F58D6BCBF8000003F2FB
:10ECA0006C4BCBED006A03F58E6BCBF8005003F292
:10ECB000744BCBED006A03F58F6BCBF8007003F259
:10ECC0007C4BCBED006A03F5906BCBF800C003F2F0
:10ECD000844BCBED006A03F5916BCBF8002003F277
:10ECE0008C4BCBED006A03F5926B8BED005A03F26F
:10ECF000944BCBED006A03F5936B8BED005A03F256
:10ED00009C4B8BED007A03F5946BCBF8002003F25B
:10ED1000A44B8BED007A03F5956BCBF800C003F2A2
:10ED2000AC4B8BED007A03F5966BCBF8007003F2D9
:10ED3000B44B8BED007A03F5976BCBF8005003F2E0
:10ED4000BC4B8BED007A03F5986BCBF8000003F217
:10ED5000C44B8BED007A03F5996BCBF800E003F21E
:10ED6000CC4B8BED007A03F59A6BCBF8008003F265
:10ED7000D44B8BED007A03F59B6BCBF8001003F2BC
:10ED8000DC4B8BED007A03F59C6BCBF8001003F2A3
:10ED9000E44BCBED007A03F59D6BCBF8008003F2DA
:10EDA000EC4BCBED007A03F59E6BCBF800E003F261
:10EDB000F44BCBED007A03F59F6BCBF8000003F228
:10EDC000FC4BCBED007A03F5A06BCBF8005003F2BF
:10EDD000045BCBED007A03F5A16BCBF8007003F276
:10EDE0000C5BCBED007A03F5A26BCBF800C003F20D
:10EDF000145BCBED007A03F5A36BCBF8002003F294
:10EE00001C5BCBED007A03F5A46B8BED005A03F28B
:10EE1000245BCBED007A03F5A56B8BED005A03F272
:10EE20002C5BCBF800A003F5A66BCBF8002003F217
:10EE3000345BCBF800A003F5A76BCBF800C003F25E
:10EE40003C5BCBF800A003F5A86BCBF8007003F295
:10EE5000445BCBF800A003F5A96BCBF8005003F29C
:10EE60004C5BCBF800A003F5AA6BCBF8000003F2D3
:10EE7000545BCBF800A003F5AB6BCBF800E003F2DA
:10EE80005C5BCBF800A003F5AC6BCBF8008003F221
:10EE9000645BCBF800A003F5AD6BCBF8001003F278
:10EEA0006C5BCBF800A003F5AE6ACAF8001003F261
:10EEB000745ACAF8009003F5AF6ACAF8008003F2EA
:10EEC0007C5ACAF8009003F5B06ACAF800E003F271
:10EED000845ACAF8009003F5B16ACAF8000003F238
:10EEE0008C5ACAF8009003F5B26ACAF8005003F2CF
:10EEF000945ACAF8009003F5B36ACAF8007003F296
:10EF00009C5ACAF8009003F5B46ACAF800C003F22C
:10EF1000A45ACAF8009003F5B56ACAF8002003F2B3
:10EF2000AC5ACAF8009003F5B66A8AED005A03F2AB
:10EF3000B45ACAF8009003F5B7694FF0010AC9F84E
:10EF4000002003F2BC5204F50379116003F5B862A6
:10EF5000C2F800C003F2C452116003F5B962176031
:10EF600003F2CC52116003F5BA62156003F2D45279
:10EF7000116003F5BB626661106003F2DC52267714
:10EF8000116003F5BC62C2F800E003F2E4521160C4
:10EF900003F5BD62C2F8008003F2EC524FF00208A4
:10EFA000116003F5BE62C2F800E003F2F452C2ED54
:10EFB000004A03F5BF62106003F2FC52C2ED004A42
:10EFC00003F5C062156003F20462C2ED004A03F566
:10EFD000C162176003F20C62C2ED004A03F5C2621F
:10EFE000C2F800C003F21462C2ED004A03F5C36226
:10EFF000176003F21C62094F82ED004A03F5C462F8
:10F00000156003F22462002582ED004A03F5C56213
:10F0100003F22C6304E000BF7CAC0020003700202A
:10F0200010600C20EB4A83ED004A2260EA4BEB4A69
:10F03000C4E901230323E36011F076FCE84B84F874
:10F04000EC602362C4F8F8602061C4F8FC50C4F896
:10F050000051C4F80451C4F80851C4E93C66FCF7F7
:10F0600045FEC4F8F000FCF741FEC4F8F400FCF7DC
:10F070003DFE04F58C7CDB4BC4F8F80004F586708B
:10F08000C4F844C104F5927CD74AD8492360C4F837
:10F090008001D74BC4F8400104F59870C4F848C10A
:10F0A00007F1280CC4F81021C4F894C1C4F8182141
:10F0B000C4F81C21C4F83061C4F80C11C4F828113C
:10F0C00084F87C6184F89061C4F81431C4F820316C
:10F0D000C4F82C31C4F88401C4F82451C4F8585140
:10F0E000C4F85C51C4F86051C4F86451C4F8685164
:10F0F000C4F86C51C4F87051C4F87451C4F8785114
:10F10000C4F83C71C4E94DA8C4F8B051C4F8E0316A
:10F11000C4F8EC31C4F8F83104F5EC73C4F8DC2120
:10F12000C4F8983104F5F273C4F8E421C4F89C31B2
:10F1300004F5F873C4F8E821C4F8A03148F280035C
:10F14000C4F8FC014846ADF85830802384F8D461F7
:10F1500084F80862C4F8D811C4F8F41116A9C4F8E8
:10F16000B451C4F8B851C4F8BC51C4F8C051C4F883
:10F17000C451C4F8C851C4F8CC51C4F8D051C4F833
:10F18000F0518DF85A3009F0D1F804F5067009F005
:10F1900065F804F59E71974A4FF07C53C4F87812D5
:10F1A00004F5CA71C4F89C224FF07A52C4F87C125C
:10F1B00004F57D709049C4F8C8224FF07F52C4F81E
:10F1C00090128E49A4F8A862C4F894128C49A4F84D
:10F1D000BC62C4F898128B49C4F8DC32C4F8A0129F
:10F1E0008949C4F8EC32C4F8A4120A21C4F8CC222C
:10F1F00084F8BE1207F14C01844AC4F8C012844955
:10F2000084F884A2C4F8D0128249C4F88092C4F869
:10F21000E0128149C4F88852C4F8F0124FF08041DE
:10F22000C4F88C52C4F8AC52C4F8B052C4F8B4520A
:10F23000C4F8B85284F8C48284F8D482C4F8D8528E
:10F2400084F8E482C4F8E85284F8F482C4F8FC320A
:10F250004BF25303C4F80423A4F808334FF07E5351
:10F26000C4F82C13B4F80713A4F81023A4F813134C
:10F2700094F80913694A84F815136949C4F84433AA
:10F28000C4F8001307F16801C4F84833C4F80C133C
:10F2900004F54171C4F84C33C4F818134EF6A0417C
:10F2A000C4F8643384F8121307F17C01C4F868339E
:10F2B000C4F83C135B49A4F834634FF4C876C4F82F
:10F2C00050135949C4F8F852C4F854135749C4F8B4
:10F2D0001C53C4F858135649C4F82053C4F85C139F
:10F2E00007F18801C4F82453C4F82853C4F83053F4
:10F2F000C4F83853C4F86053C4F86C53C4F874337A
:10F30000C4F87C33C4F89433C4F89C33C4F8A833ED
:10F31000C4F8AC33C4F8C833C4F8CC33C4F8D83319
:10F32000C4F8E033C4F87023C4F88023C4F88823F9
:10F33000C4F88C23C4F8A023C4F8B423C4F8B823B9
:10F34000C4F8C023C4F8D423C4F8E423C4F8EC23DD
:10F35000C4F87853C4F88453C4F89053C4F898534D
:10F36000C4F8A453C4F8B053C4F8BC53C4F8C4538D
:10F37000C4F8D053C4F8DC53C4F8E853C4F8F023FD
:10F380004FF480720BF082FE07F188014FF4807217
:10F3900004F2F4400BF07AFE04F54373C4F84033F2
:10F3A0000BF026FD05460BF023FD54FA80F054FACD
:10F3B00085F3013E90F8F41493F8F42483F8F414E0
:10F3C00080F8F424ECD11B491B4801F500761B4D55
:10F3D000001B35E018220020186A0120C8ED00202B
:10F3E000CDCC4C3DC02000200000FAC40000FA44FF
:10F3F000000096440000A04000003D430000BA42D7
:10F400000000564300808B430000C8420E21A0EC50
:10F4100033338B4014AE47403D0AF73F000080BFB6
:10F4200085EB9140AE67BB3E8C65583EABAAAA3EC9
:10F43000ABAA2A3E6FB200200DFAFFFFABAAAAAA20
:10F44000431854FA83F393F8F424A5FB027301F8EC
:10F45000012FB1424FEAD30303EB4303A2EB830234
:10F4600081F80022ECD1E24F4FF47F4AE14A4FF09D
:10F470000008E14B1220FA6407F11809DF4A3B61EA
:10F480003A65DF4BDF4A7B61C4F8F8290222DE4B84
:10F490009FEDDE8ADFF8B8B3DD4E84F8FC29C4F8AE
:10F4A000203A0623DB4A84F82C3AFA6087ED008A7A
:10F4B000C4F8146AC4F8186A87ED0F8A87ED108AB9
:10F4C00087ED118A87ED128AC4F80CBAC4F810BA15
:10F4D000A4F81CAA11F028FA0546C4F8240AC0F8BA
:10F4E0000C80A0F81080DFEDCC9A9FEDCC9ADFED78
:10F4F000CC8AC0E90188122011F016FAC94BC4F871
:10F50000280AAC4603F13002C4F84C3A07F20C6307
:10F510008646CDF80C90B0EE000A03F6982103F66B
:10F520009C2003F6A42507F56A63049200910190DC
:10F5300005950293039DC4F8586AC4F85C6A41F6C5
:10F540009426C4F850BAC4F854BA2644A4F860AA61
:10F55000B9E80F00ACE80F000FCDD9F800904FF0DC
:10F56000FF35AEE80F0007F15C0107F17000ACF861
:10F570000090AEF8009008F09BFD0DF1580C4FF094
:10F58000FF0907F1B00087ED2B8A6146ADF858906E
:10F590008DF85A8008F0CAFE0DF1580C4AF2FF535C
:10F5A00007F1BC008DF85A806146ADF8583008F07C
:10F5B000BDFE4FF0FF3C07F1C8008DF85A50ADF882
:10F5C00058C00DF1580C614608F0B0FE0DF1580C12
:10F5D00007F1D400ADF858A061468DF85A8008F0C4
:10F5E000A5FE0DF1580C07F1E0008DF85A50614668
:10F5F000ADF8588008F09AFE4FF0FF3C07F1EC00A0
:10F600008DF85A80ADF858C00DF1580C614608F0DD
:10F610008DFE0DF1580C07F1F8008DF85A50614637
:10F62000ADF8589008F082FE0DF1580C07F5827085
:10F63000ADF8588061468DF85A8008F077FEA4F83E
:10F64000088BC4F804BB07F5A670B4F8073B764DE9
:10F65000A4F8133B97F8153105F5A271C4F80C5BBB
:10F6600087F821310D46714BC4F83C1BC7F838317F
:10F6700007F5887387ED4A8AC4F8183B87ED4B8AF3
:10F6800087ED4C8A87ED4D8A87ED4F8A87ED518A49
:10F69000A4F8348BA4F810BB84F812AB08F02CFD4E
:10F6A00007F20C63C7F8F45707F5FF60049D87F86D
:10F6B0004C87C7F894561F46A3F8E48108F01CFD58
:10F6C0003B460099B7EE000A1A46C3F8BCBCC3F823
:10F6D000C0BC4F4B0198C2F8C43CC2F8C83C544B64
:10F6E000C7F834571293534B059DC2F8943802F66D
:10F6F000A823A7F8CCAC83ED008A02F6AC2387F8E8
:10F70000EC87A7F8908804F5D55781ED008A02F6BA
:10F71000BC4183ED008A802380ED008A01F1140052
:10F72000C2F8B83C85ED008A87ED008ACDED139ACA
:10F7300008F0BEFC4FF080430E930EAB1A4612AB9E
:10F74000194616AB184608F0B9F83B4A009902F57D
:10F750004D630198C7ED009AC2F80C3D169B0B60F3
:10F76000179B0360354B2B604FF48073029DA2F80A
:10F77000B93C012382F8BB3C482011F0D5F80023A6
:10F7800045F8040FB54280F82C3003642C4B80ED13
:10F79000009A80ED0C8A80ED0D8AC0ED0F8A80ED15
:10F7A000118A8363E8D1274DB7EE000A264B41F654
:10F7B000107605F1E00BA5F57262129305F50C7950
:10F7C000139305F21B21214B4846DFF888C0A5F1B1
:10F7D0000C0885ED008AA5F1040A88ED008AA5F1E0
:10F7E00008078AED008A264487ED008A34E000BFCE
:10F7F00070B60020000040406666663F0000E040B2
:10F800006666D64028220020042200200000000066
:10F810000000FFFFCDCC4C3F0000C842CDCCCC3E19
:10F8200000000C4290380020683700200000AF43F1
:10F8300000004843082100207CBC00200000484212
:10F84000000070419CCB00200000204300FFFF001F
:10F85000FF0000FF800000FFA5F50475CBE95133E0
:10F86000E54BC2F8103D02F6247383ED008A02F6E0
:10F87000287383ED008A02F62C7383ED008ADF4B38
:10F88000CBE94EC34FF47F03CBF84031FF238BF815
:10F890004C3108F00DFC4FF080430EAA12A916A8B7
:10F8A0000E9308F00BF8169B8AED008AC8F800301A
:10F8B0004FF00008179BCBF88C913B6040F201138E
:10F8C000DFF878A3DFF8789385ED848AABF83931D7
:10F8D0004820002711F028F8C94B45F8040FAE4224
:10F8E000C0F800A0C0F83080C0F83480C0F83C9068
:10F8F000C0F84480836380F82C700764E8D1042347
:10F90000C04DB7EE000A4FF08049CBF8C033A5F1E7
:10F910001401CBF878342846BB4B4FF07E5ACBF815
:10F920009483CBF83035CBF83435B44BCBF898838F
:10F93000CBF83835CBF83C35B44BCBF89C831293DD
:10F94000B34BCBF8A0831393B24BCBF8A483CBF883
:10F950009031B14BCBF8A883CBF8AC338023CBF8F4
:10F96000B8838BF8BC330BF264438BF87474C3F820
:10F9700000800BF58D63A94EC3F800800BF26C4339
:10F98000C3F800800BF58E63C3F800800BF21C53A4
:10F99000C3F800800BF5A463C3F800800BF2245376
:10F9A000C3F800800BF5A563C3F800804FF48073A3
:10F9B000ABF82C354FF47F43ABF8403508F078FBBB
:10F9C00012A90EAA16A8CDF8389007F077FF169B5B
:10F9D00005F14800924ACBF89433179BCBF89C83EF
:10F9E000CBF898330123CBF8A083CBF890350BF2FA
:10F9F0009C53CBF88055C3F800800BF5B463C5F871
:10FA00007C80C3F800800BF2A453C3F800800BF590
:10FA1000B563C3F800800BF2AC53C3F800800BF55C
:10FA2000B663C3F800800BF2B453C3F800800BF543
:10FA3000B763C3F800800BF2BC53C3F800800BF22D
:10FA4000C453C3F800800BF5B963C3F800800BF210
:10FA5000CC53C3F800800BF5BA63C3F800800BF2F7
:10FA6000D453C3F800800BF5BB63C3F800800BF2DE
:10FA7000DC53C3F800800BF5BC63C3F800800BF2C5
:10FA8000E453C3F800800BF5BD63C3F800800BF2AC
:10FA9000EC53C3F800800BF5BE63C3F800A00BF273
:10FAA000F4531A604FF400020BF5BF631A604FF471
:10FAB0008033CBF8FC350BF20463CBF88C650C3645
:10FAC000C3F800800BF5C163C5F8BC80C3F80080A3
:10FAD000EDF7D6F8D4F888320EAA12A9129305F1E0
:10FAE000C800D4F88C32CDF858A01393D4F89032D3
:10FAF000CDF85C800E93D4F89432CDF860800F93EB
:10FB000016ABCDF8648008F0C5FBD4F898320EAA85
:10FB100012A905F58A701293D4F89C32CDF858A03A
:10FB20001393D4F8A032CDF85C800E93D4F8A432AD
:10FB3000CDF860800F9316ABCDF8648008F0AAFB77
:10FB400016AB0EAA12A905F5B070CDF858A005F6AF
:10FB5000BC2ACDF84880CDF84C80CDF83880CDF85F
:10FB60003C80CDF85C80CDF86080CDF8648008F0F2
:10FB700091FBF8EE007A0BF2F461DFED2A6A0223C2
:10FB8000DFED295A05F50F72C1ED007A0BF5DF6143
:10FB90009FED266AB6EE007AC1F800900BF2FC6188
:10FBA000DFF8A0E043F60C00C1ED006A0BF204712F
:10FBB000DFF894C02044C1ED007A0BF5E161DFED80
:10FBC0001C7AC1F800900BF20C718BF8F036C1ED85
:10FBD000007A0F21DFED177A8BF810170BF21471F2
:10FBE0008BF800370823C1ED007A0BF5E361DFEDF8
:10FBF000127AC1ED007A2DE0F42000200000FFFF12
:10FC000000007041C0D10020FF0000FF0000484309
:10FC10000000C842E020002000002042D43800202C
:10FC2000FFFF7F7F9A99A94000C028450080544477
:10FC30006666D6400000AF4300004845CDCCCC3EC0
:10FC400000000C4200007A44000016440000FA4311
:10FC5000008089440BF21C715FED047AC1ED007ADB
:10FC60000BF5E4615FED067AC1ED005A0BF22471E9
:10FC7000C1ED007A0BF5E561C1ED005A0BF22C7174
:10FC800081ED006A0BF5E66181ED006A0BF23471DB
:10FC9000C1F800E00BF5E761C1F800E00BF23C7140
:10FCA000DFF80CE4C1F800E0DC49C5F8FC110BF208
:10FCB0004471C1F800C00BF5E961C1F800C005F559
:10FCC000E871CBF84C1705F5EC71CBF8501705F53A
:10FCD000F071CBF8541705F5F471CBF8581705F50A
:10FCE000F871CBF85C1705F5FC71CBF8601705F5DA
:10FCF0000071CBF864170BF5ED61C1F800800BF2D1
:10FD00006C71C1F800800BF5EE61C1F800808BF8D2
:10FD1000A037AAF880300BF27473CBF89C270BF253
:10FD2000A472C3F800800BF5EF63C2F800900BF5E6
:10FD3000F562C3F800800BF27C73B949C3F8008008
:10FD400005F5097382ED007A0BF6AC52CBF88437D7
:10FD500005F50A731160CBF8883705F50B73B14AC6
:10FD6000CBF88C3705F50C73CAF86420CBF89037C4
:10FD700005F50D73AC4ACBF8943705F50E73CAF848
:10FD800078200022CBF8983705F64833A749CAF8FF
:10FD90008460C5F83C828BF8D87DCAF86880CAF8C0
:10FDA0006C80CAF87080CAF874801960203343F8F8
:10FDB0001C1C43F8182C43F8142C43F8102C43F85F
:10FDC0000C2C43F8082C43F8047C9842EDD143F600
:10FDD000DC22974B974D0020224497491D600C333D
:10FDE00043F8080C43F8041C9A42F7D1DFF8C49298
:10FDF000002303213C22A9F8403001238AF888100F
:10FE0000A9F1740089F842300AF04EFB43F614025F
:10FE10008A49A9F66C73224443F8201B9A42FBD10D
:10FE200043F62402864B8749224443F8201B9A421A
:10FE3000FBD1854B09F14C019FED848A09F17408CF
:10FE400003F12C001A1D00910BF22C610390154652
:10FE50000BF5C66003F17C0603F1540EC9F844307B
:10FE6000059109F19C0C02900027049609F1CC063B
:10FE700089ED128AF7EE000A9FED759AB0EE480AF6
:10FE8000DFED749AB0EE00BADFED737AF0EE608ABF
:10FE9000DFED72CA9FED72CADFED72BA9FED72AAF2
:10FEA000DFED72AA0FCD0195009D0FC50095019D54
:10FEB0000FCD0195009D0FC52A46019D95E80300D1
:10FEC00082E80300039D0FCDA8E80F000FCDA8E83E
:10FED0000F00674A95E80300C9F8C420654A88E81E
:10FEE0000300C9F8C8204FF00908BEE80F00ACE8CD
:10FEF0000F00BEE80F00049DC9F81871ACE80F00B0
:10FF00009EE803008CE803000FCD0FC64FF0C80237
:10FF1000A9F82C21584AC9F8F420584AC9F8F82001
:10FF2000574AC9F8FC20574AC9F80021564AC9F86F
:10FF30000421564AC9F80821554AC9F80C21554AE6
:10FF4000C9F81021544AC9F8142189F82071C9ED63
:10FF5000507A89ED4F9A84EDA49AC4EDA59AA9F838
:10FF6000307189ED4D8A89ED4E8A84EDA28A84ED47
:10FF7000A38A84F8BE820FCD0FC695E8030041F234
:10FF8000167286E803004548A4F8BC2200F57D6699
:10FF9000FEF770FA28239AF8782006F5F4514048C5
:10FFA000C4F88062ECF758FC3E49F0EE680A28235A
:10FFB00001F11800B0EE480A9AF87920ECF74CFCF1
:10FFC0003949F0EE680A282301F11400B0EE480A1E
:10FFD0009AF87A20ECF740FC3449F0EE680A9AF877
:10FFE0007B20B0EE480A01F110002823ECF734FC26
:10FFF000FEF76AFA0BF5C763B6EE007A0298D3ED06
:02000004600298
:10000000007A0DF1480C83ED008A0BF2346377EE31
:10001000A97A059D0EAA16A94EE000BF000016455C
:10002000CDCCCC3D0000C843323334356F12833A17
:1000300088E40020CDCC4C3D0AD7233C000080BF93
:1000400020DD00203333B3BE0C3900200000000057
:10005000000040430000BC420000C04200005C437E
:1000600000009042F304353F0000FAC300004C4307
:1000700000460020084600201046002018460020B8
:100080002046002028460020304600203846002028
:100090003C460020444600204C46002094AE002000
:1000A00000DD0020E8DC0020ECDC0020F0DC00209B
:1000B000000061447CEC00208DED169A67EE877A93
:1000C000CDED179A8DED0EBAC0ED007A6046D3EDF6
:1000D000007A83ED008A0BF23C6377EE897A83ED38
:1000E000009ADB4B67EE877AC3ED009AC5ED007A84
:1000F00007F0E4FB129B02980EAA2B6012A9139B37
:1001000084EDAB9A0360012316A8C4EDAC9A237763
:100110008BF80C868DED0EBACDED12CA8DED13CA9B
:1001200007F0CCFB1699A6F5F47006F50B63179A49
:100130008DED0EBA196000F69C2312A9CDED12CAFE
:100140001A6000F6A4230EAA16A883ED008A06F60C
:10015000B8038DED13CA83ED008A07F0AFFB169B41
:1001600089ED4F9A0C20CBF89433179BC9ED509A28
:10017000CBF89833B74B8BEDE78A23608BEDE88A99
:1001800089ED4D8A89ED4E8A10F0CEFBB24BC9F84D
:100190004C0103603833C9ED558A4360383389ED2B
:1001A000568A8360032316A889ED578A89F850314F
:1001B0004FF4817389ED588AA9F86431CDED16BAF0
:1001C000CDED0E8A8DED0F8A8DED108A8DED118AA1
:1001D0008DED178A8DED188A8DED198AFBF73EFD9E
:1001E000C8EE807A12AA0EA916A89C4D28EE677A4E
:1001F00067EEAB7A8DED137A8DED147A8DED157A6D
:10020000CDED127AFBF746FD9DED0EBA16A8DDED99
:100210000F9A9DED109ADDED11BA8DED16BACDED68
:10022000179A8DED189ACDED19BAFBF717FDC8EEA8
:10023000807A12AA8A490AA827EE8BBA67EEA99A91
:1002400027EE899A67EEAB7A8DED12BACDED139A4F
:100250008DED149ACDED157AFBF71CFD0EAA16A9AB
:1002600006F53E508DED168A134612AA8DED178ABB
:100270008DED188A8DED128A8DED138A8DED14AAFD
:10028000CDED0E8ACDED0F8ACDED108A07F08CFFF3
:100290000EAA16A97348134612AA8DED168A8DED83
:1002A000178A8DED188ACDED12AA8DED138A8DED8A
:1002B00014AACDED0E8ACDED0F8ACDED108A07F090
:1002C00073FF0EAA06F5415016A9CDED12AA1346EA
:1002D00012AA8DED14AA8DED168A8DED178A8DED7B
:1002E000188A8DED138ACDED0E8ACDED0F8ACDEDF6
:1002F000108A07F059FF5C4B5C48AC338DED128AD5
:100300008DED138AC9F8883207F034FE45F6B8221D
:100310002B46224443F8047C43E903770C339A428A
:10032000F8D1534F47F2B821002221443B4643F80D
:10033000042C43E903220C339942F8D14D4E00239B
:100340009FED4D8A12A9C6F8C432C6F8C832129B76
:10035000DFED4A8AC6F8BC32139B4448C6F8C03267
:10036000474B86EDAD8AC6F8AE320123C6EDAE8AA4
:1003700086F8AC32F5F7A4F99DED137ADDED127A2B
:1003800016A937EE287A394877EE887A8DED177AF4
:10039000CDED167AF5F794F948F2B42C39480023DC
:1003A0004FF0FF32A444A0F5005145F8043C45E964
:1003B000033347E9033347F8043C0C35C1F8F82F01
:1003C0000C37C1F8FC2F41E902220831C0F8F82FA0
:1003D000C0F8FC2F8C4540E9022200F10800E4D16E
:1003E000DFF8B8804FF07E5A2748E6F7F5FE404622
:1003F000264907F0C7FD08F21450254907F0C2FD51
:10040000D9F854219FED238A0023169216A9D9F812
:10041000582186F8103D1792D9F85C21A6F8283D9E
:100420001892D9F86021184B199208F63422A3F5D6
:100430009A77194DC2F800A006F60452A3F5907001
:10044000C6F8143D82ED008A06F6085228E000BF87
:10045000BCD20020442200207069012034EF00202B
:10046000D0ED002044EE00200C39002010EF0020D9
:10047000340701207C5C0120000040430000C042A2
:1004800040002000303F012004EF0020D8C30120AD
:1004900098C6012000000000143A0020485F0120A7
:1004A000C6F8F80C82ED008A06F60C52C6F8F45C29
:1004B00082ED008A06F61852C6F8FC7C82ED008AAE
:1004C00006F61C5282ED008A06F5526282ED008A21
:1004D00006F6245282ED008AFBF7F8FBD9F8542186
:1004E000002307F17400169216A9D9F85821C6F80E
:1004F0004C8D05F124081792D9F85C2186F8103D3F
:100500001892D9F8602186F8483D199206F63852BB
:10051000A6F8603DC2F800A006F63C52C6F8347D4D
:1005200082ED008A06F55462C6F8300D82ED008A2D
:1005300006F64452C6F82C8D82ED008A06F5556207
:1005400082ED008A06F6545282ED008A06F6585271
:1005500082ED008A06F65C5282ED008AFBF7B6FB5C
:10056000F94A002307F1D400C6F8842D16A9D9F85A
:100570005421C6F8648D1692D9F85821DFF8DC842E
:100580001792D9F85C21C6F86C7D1892D9F86021D1
:1005900086F8483D199206F5576286F8803DC2F804
:1005A00000A006F67452A6F8983D4FF0170A82EDA7
:1005B000008A06F67852C6F8680D82ED008A06F6C3
:1005C0007C5282ED008A06F6885282ED008A06F699
:1005D0008C5282ED008A06F5596282ED008A06F699
:1005E000945282ED008AFBF771FBC6F8A08D43F2AE
:1005F0003228DFEDD66AA7F108039FEDD57AA6F879
:10060000AE8D05F14808C6F8A83D0023C6F89C8DBC
:1006100005F1600806F6B45586F8803DA6F8B03DB1
:100620004FF0080EC5ED006A06F6B855DFEDC96A51
:100630000227C94B4FF0070CC5ED006A06F6BC5502
:10064000DFEDC66AA3F51472DFEDC57A0021C5EDB2
:10065000006A06F55C65DFEDC36A4CF65050C5EDE7
:10066000006A06F6C455DFEDC06A2044C5ED006A95
:1006700006F6C855DFEDBD6AC5ED006A06F6CC5535
:10068000DFEDBB6AC5ED006A06F55D65DFEDB96AB1
:10069000C5ED006A06F6D455DFEDB76AC5ED006A10
:1006A00006F6D855DFEDB56AC5ED006A06F6DC55ED
:1006B000DFEDB36AC5ED006A06F55E65DFEDB16A90
:1006C000C5ED006A06F6E455DFEDAF6AC5ED006AD8
:1006D00006F6E855DFEDAD6AC5ED006A06F6EC55A5
:1006E000DFEDAB6AC5ED006A06F55F65DFEDA96A6F
:1006F000C5ED006A06F6F455DFEDA76AC5ED006AA0
:1007000006F6F855DFEDA56AC5ED006A06F6FC555C
:10071000DFEDA36AC5ED006AA2F50075DFEDA16A01
:10072000C5ED006A06F60465DFED9F6AC5ED006A57
:1007300006F60865DFED9D6AC5ED006A06F60C65F4
:10074000DFED9B6AC5ED006A06F56165DFED996A2C
:10075000C5ED006A06F61465DFED976AC5ED006A1F
:1007600006F61865DFED956AC5ED006A06F61C65AC
:10077000DFED936AC5ED006A06F56265DFED916A0B
:10078000C5ED006A06F62465DFED8F6AC5ED006AE7
:1007900006F62865DFED8D6AC5ED006A06F62C6564
:1007A000DFED8B6AC5ED006A06F56365DFED896AEA
:1007B000C5ED006A06F63465DFED876AC5ED006AAF
:1007C00006F63865DFED856AC5ED006A06F63C651C
:1007D000DFED836AC5ED006A06F56465DFED816AC9
:1007E000C5ED006A06F64465DFED7F6AC5ED006A77
:1007F00006F64865DFED7D6AC5ED006A06F64C65D4
:10080000DFED7B6AC5ED006A06F56565DFED796AA7
:10081000C5ED006A06F65465DFED776AC5ED006A3E
:1008200006F65865DFED756AC5ED006A06F65C658B
:10083000DFED736AC5ED006A06F56665DFED716A86
:10084000C5ED006A06F66465DFED6F6AC5ED006A06
:1008500006F66865DFED6D6AC5ED006A06F66C6543
:10086000DFED6B6AC5ED006A06F56765DFED696A65
:10087000C5ED006A06F67465DFED676AC5ED006ACE
:1008800006F67865DFED656AC5ED006A06F67C65FB
:10089000DFED636AC5ED006A06F56865DFED616A44
:1008A000C5ED006A06F68465DFED5F6AC5ED006A96
:1008B00006F68865DFED5D6AC5ED006A06F68C65B3
:1008C000DFED5B6AC5ED006A06F56965DFED596A23
:1008D000C5ED006A06F69465DFED576AC5ED006A5E
:1008E00006F69865DFED556AC5ED006A06F69C656B
:1008F000DFED536AC5ED006A06F56A65DFED516A02
:10090000C5ED006A06F6A465DFED4F6AC5ED006A25
:1009100006F6A865DFED4D6AC5ED006A06F6AC6522
:10092000DFED4B6AC5ED006A06F56B65DFED496AE0
:10093000C5ED006A06F6B465DFED476AC5ED006AED
:1009400006F6B8651AE100BF5C64012001FEE442CE
:1009500017B7D1B89EDEC842CC6E0120F0271842EE
:10096000F4CCBE42C0EC81C1A10837438186B442B9
:100970005DAD244232851E430FCB89429B15174241
:10098000C3A40943D084984296C32042FC08314353
:1009900063AE7542F24112C213E21C43B5E6D34284
:1009A000E483F0C1EC8029439000CA42812699413A
:1009B000E6BE27434BEA9A42FB5C39C0443A2A43DD
:1009C0001FA5AF42D50974420A08104388F4754246
:1009D00001DE714125B514435249AB42439CBF41EE
:1009E00067253A438E268542FC1805C11AA1194392
:1009F000EF58BE42C4B1EE3F32A53D43C74B9C42C7
:100A0000F8427B42AD09F3423A528342DE315C4206
:100A1000D8702143C2976A4285EB58C19585A74299
:100A20006A5EC8423FD79DC11DA9A242C5C0CA4245
:100A3000CE88023FFE259542C3C4BB4296B2AEC0EB
:100A4000E3258742A49FBB4236AB7B4155F07E42F3
:100A5000C54FA942E6AE164145985142404B4C0065
:100A6000F2C1A542D47AE842A1A7BE42AAC20C4272
:100A70004538E0425957BD426A5E1842BF3DE842E0
:100A80003440AE4247830242BA49CF420F0BCB42B9
:100A9000C2973A42C78BC9421BEFC142375A3F4205
:100AA00044BAD7421DC9C142DF602842AC5CDA4279
:100AB000B1A1CE4233332C4256CEB942A8F51742EB
:100AC0005C60D642CD0C49423179A542A01A04425D
:100AD000D5E78B41B35BBC423C4E3242C58F894166
:100AE000283E7742C0ECE14107DF01420C339942D6
:100AF00080F72142DDE40042F98F564222BD1542C3
:100B0000F02744425EBA7D4205C54242BA094442DA
:100B1000607627420BB53542126575429CB34B4255
:100B200008EC6C4278DC7A4274A4A94139741F4203
:100B30006F928A42719BE4415FA955428A5091426B
:100B4000D712B5C1AA62F14274B57BC12B780843B4
:100B50002AA9CBC09C740943A2450DC1692FDC4270
:100B60005EBA093FB23DD8421AC05F401739084308
:100B7000924B92417A860443D3DEB6405FED486AD9
:100B8000C5ED006A06F6BC655FED4A6AC5ED006A10
:100B900006F56C655FED4C6AC5ED006A06F6C46546
:100BA0005FED4E6AC5ED006A06F6C8655FED506AF6
:100BB000C5ED006A06F6CC655FED526AC5ED006AC8
:100BC00006F56D655FED546AC5ED006A06F6D465FD
:100BD0005FED566AC5ED006A06F6D8655FED586AA6
:100BE000C5ED006A06F6DC655FED5A6AC5ED006A80
:100BF00006F56E655FED5C6AC5ED006A06F6E465B4
:100C00005FED5E6AC5ED006A06F6E8655FED606A55
:100C1000C5ED006A06F6EC655FED626AC5ED006A37
:100C200006F56F655FED646AC5ED006A06F6F4656A
:100C30005FED666AC5ED006A06F6F8655FED686A05
:100C4000C5ED006A06F6FC655FED6A6AC5ED006AEF
:100C5000A2F580755FED6C6AC5ED006A06F6047555
:100C60005FED6E6AC5ED006A06F608755FED706AA5
:100C7000C5ED006A06F60C755FED726AC5ED006A97
:100C800006F571655FED746AC5ED006A06F61475C8
:100C90005FED766AC5ED006A06F618755FED786A55
:100CA00085ED007A06F61C75C5ED006A06F57265DD
:100CB0005FED7C6AC5ED006A06F6247585ED007A65
:100CC00006F628751FED807A85ED007A06F62C75FC
:100CD0001FED827A85ED007A06F573651FED847A43
:100CE00085ED007A06F634751FED867A85ED007A7B
:100CF00006F638751FED887A85ED007A06F63C75A4
:100D00001FED8A7A85ED007A06F574651FED8C7A01
:100D100085ED007A06F644751FED8E7A85ED007A32
:100D200006F648751FED907A85ED007A06F64C754B
:100D30001FED927A85ED007A06F575651FED947AC0
:100D400085ED007A06F654751FED967A85ED007AEA
:100D500006F658751FED987A85ED007A06F65C75F3
:100D60001FED9A7A85ED007A06F576651FED9C7A7F
:100D700085ED007A06F664751FED9E7A85ED007AA2
:100D800006F668751FEDA07A85ED007A06F66C759B
:100D90001FEDA27A85ED007A06F577651FEDA47A3E
:100DA00085ED007A06F674751FEDA67A85ED007A5A
:100DB00006F678751FEDA87A85ED007A06F67C7543
:100DC0001FEDAA7A85ED007A06F578651FEDAC7AFD
:100DD00085ED007A06F684751FEDAE7A85ED007A12
:100DE00006F688751FEDB07A85ED007A06F68C75EB
:100DF0001FEDB27A85ED007A06F579651FEDB47ABC
:100E000085ED007A06F694751FEDB67A85ED007AC9
:100E100006F698751FEDB87A85ED007A06F69C7592
:100E20001FEDBA7A85ED007A06F57A651FEDBC7A7A
:100E300085ED007A06F6A4751FEDBE7A85ED007A81
:100E400006F6A8751FEDC07AC5ED007A06F6AC75FA
:100E5000C2ED027A85ED007A06F57B651FEDC57A55
:100E6000C2ED057A85ED007A06F6B4751FEDC87AF5
:100E7000C5ED007A06F6B875C2ED087A85ED007A00
:100E800006F6BC751FEDCD7A85ED007A06F57C651A
:100E90001FEDCF7AC5ED007A06F6C47585ED007AB0
:100EA00006F6C8751FEDD37A85ED007A06F6CC7587
:100EB0001FEDD57AC5ED007A06F57D6585ED007AE2
:100EC00006F6D4751FEDD97A85ED007A06F6D87549
:100ED0001FEDDB7AC5ED007A06F6DC7585ED007A4C
:100EE00006F57E651FEDDF7A85ED007A06F6E4757E
:100EF0001FEDE17AC5ED007A06F6E87585ED007A1A
:100F000006F6EC751FEDE57A85ED007A06F57F654E
:100F10001FEDE77AC5ED007A06F6F47585ED007AE7
:100F200006F6F87506F6FC76C6ED007AE64E2E60FB
:100F30000326E64D1560E64D5560E64DD560E64D5D
:100F40001561E64D9561E64DD561E64D5562E64D7C
:100F500095620D25C2ED0B7AC2F854E0C2F890E01C
:100F6000C2E90F5E0E25C2E9136506260525C2E912
:100F700016650D25062615660B25C2E91A650F268E
:100F80000425C2E91E650A260325C2E922650C264E
:100F90000A25C2E9256522262425C2E927652326DC
:100FA0001325C2E9296512251026C2F8AC50CF4D91
:100FB0001563CF4D5563CF4D9563012555661525B6
:100FC000C2E911C7C2E91CC7C2E9207CC2E92C658D
:100FD00014261225C2F8C0A0C2F828C1C2E92E65A5
:100FE00016261925C2E932651B261C25C2E935657E
:100FF0001B252526C2E9375A2625C2E93965C2F8DC
:101000000C5128261F25C2E93B651E262025C2E972
:101010003E6522262125C2E9406524252526C2F801
:1010200008512725C2E9446528261425C2E94665EA
:101030000B260D25C2E9486509250E26C2E94B5746
:101040001825C2F8C4501A25C2F8D0501D25C2F880
:10105000F4500C25C2E94D6505250D26C2F83CE18A
:10106000C2F840510625C2F844E1C2F878E14FF0D9
:10107000310EC2F85871C2F86CC1C2F874C14FF099
:101080002D0CC2E9526504260B25C2E954650F25D3
:101090000926C2E957650325C2F870510A25C2F82E
:1010A0007C512225C2F884511025C2F89451122592
:1010B000C2F8A0511625C2F8AC511925C2F8B45196
:1010C0002125C2F880512325C2F888511325C2F882
:1010D0009051C2F898511525C2F89C511C25C2F8B0
:1010E000B0511125C2F88C511B25C2E95977C2E9CC
:1010F000691AC2F8B8511C253327C2F8BC11C2E9DD
:10110000705A28254FF0210AC2F8D0511E25C2F886
:10111000DC512325C2E97AA52425C2F8F051152512
:10112000C2F8F8511425C2F800522725C2F8C85158
:10113000C2F8FC512525C2F8CC51C2F8F451202543
:10114000C2F8D451C2F8E4511F25C2F8D851C2F8F0
:10115000E0513225C2F80452C2F838523425C2F8A0
:101160000852C2F834522F25C2E985C52A25C2F893
:101170001C52C2F830522C25C2E989553025C2E9EB
:1011800083E52B25C2F820522925C2F82C522F25A1
:10119000C2E98F752D25C2F84C82C2F844522E2523
:1011A000C2F848521D4685ED068A403505ED098A8C
:1011B00005ED088A05ED078A05ED068A05ED058A25
:1011C00005ED048A05ED038A05ED028A05F8041C85
:1011D000A842E8D1DFF82CC14CF24C2682F8601D01
:1011E0000CF522702644C2F850CD07460546C2F8D9
:1011F000540D29680C35403301EB41010CEB8101A2
:1012000043F8401C55F8081C01EB41010CEB81012F
:1012100043F83C1C55F8041CAE4201EB41010CEBB9
:10122000810143F8381CE4D1334B4DF6680533494E
:101230004FF0000CC2F8643D25440B460022C3F871
:1012400018C0403343F824CC43F820CC43F81CCCDE
:1012500043F818CC43F814CC43F810CC43F80CCC2A
:1012600043F808CC03F8042C9D42E8D1244A4DF6FB
:10127000F0254FF0000C25441346C3F800C00C3392
:1012800043F808CC43F804CC9D42F6D1DFF87880CF
:1012900000254CF23C0388F8FC5A2344194DC8F849
:1012A000F07A2F680C350C3242F80C7C55F8087C2B
:1012B000AB4242F8087C55F8047C42F8047CF0D13B
:1012C0004DF6680222E000BFA8C6D542098A6141F6
:1012D0005BD1D242584AD941DED30043E14B0542AB
:1012E000573BFC42BAC9FC41DD44D6420000A04253
:1012F000000034430000B4429C3A0020E47901200D
:10130000E4840120306A01207C7C012003680C30D9
:10131000403103EB430302EB8303234441F8403C99
:1013200050F8083C03EB430302EB8303234441F8EA
:101330003C3C50F8043CB04203EB430302EB830314
:10134000234441F8383CE1D1E44C48F280036FF08B
:101350007F0216A92046ADF858308DF85A2006F0C5
:10136000E5FF04F10C00DE4D06F078FFDD4B08F6DA
:101370007C364FF00107C8F86C3BA4F69C53C8F8C4
:10138000744BC8F8703B88F8787B9FEDD78ADFED07
:10139000D7FA9FEDD7FADFEDD7EA9FEDD7EADFED79
:1013A000D7DA9FEDD7DADFEDD7CA9FEDD7CADFEDE9
:1013B000D7BA9FEDD7BADFEDD7AA9FEDD7AADFED59
:1013C000D79A9FEDD79ADFEDD78A95E80F0086E888
:1013D0000F0005F11001A42208F68C3009F056FE2A
:1013E00005F11001A42208F5436009F04FFE05F154
:1013F0001001A42208F6D44009F048FE05F11001BE
:10140000A42208F6785009F041FE05F1B401442207
:1014100008F61C6009F03AFE05F1F801482208F5CB
:10142000666009F033FE05F1F801482208F6A8606D
:1014300009F02CFE05F1F801482208F56F6009F06B
:1014400025FE05F1F801482208F6387009F01EFE65
:1014500005F1F801482208F5786009F017FE05F15A
:10146000F801482208F6C87009F010FE05F1F801ED
:10147000482204F5A26009F009FE05F1F8014822AE
:1014800004F5AB6009F002FE05F1F801482204F50D
:10149000B46009F0FBFD05F1F801482204F5BD60D8
:1014A00009F0F4FD05F1F801482204F5C66009F0E1
:1014B000EDFD05F1F801482204F5CF6009F0E6FDE5
:1014C00005F1F801482204F5D86009F0DFFD05F1C7
:1014D000B401442204F5E16009F0D8FD05F11001E2
:1014E000A42204F24C7009F0D1FD05F11001A422F0
:1014F00004F5FE6009F0CAFD05F11001A42204F60E
:10150000940009F0C3FD04F6381105F5A07004F647
:10151000B47C069105F5B071DFED835A0CF24C579F
:10152000009105F5CE7104F5C8559FED806A0391D1
:1015300004F6581105F5A16E0495019104F6941175
:10154000CDF824E0AA46029104F6DC710446CDF8F9
:1015500014E0089176469FED767ADFED766A9FED8E
:10156000762ADFED761ADFED760A9FED761A9FED8B
:10157000760ADFED762A9FED765ADFED767ADFED9B
:10158000763A9FED764ADFED764A9FED763A0FCCBC
:101590000794069C0FC407980FC884E80F00009CAE
:1015A0000FCC0094019C0FC40194009C0FCC0094BC
:1015B000019C0FC40194009C0FCC0094019C0FC4AB
:1015C0002346009C94E80700039C83E807000FCCA7
:1015D0000394029C0FC40294039C0FCC0394029CBE
:1015E0000FC40294039C94E80F00029C84E80F004F
:1015F000A5F571626346C2ED005A2C33DFED5A5AED
:1016000003F5767342ED0A5ADFED585A42ED095A56
:10161000DFED575A42ED075AA5F62872DFED555A0D
:1016200002ED058A283242ED0A5ADFED535A02EDE7
:101630000C8A42ED095ADFED515A02ED068A42ED5D
:10164000085ADFED4F5A02ED038A42ED075ADFEDEB
:101650004D5A02ED018A42ED055ADFED4B5AC2EDBB
:10166000015ADFED4A5AC2ED025ADFED495AC2ED86
:10167000075ADFED485AC2ED085ADFED475AC2ED6E
:101680000A5ADFED5F5A42ED025ADFED445A82ED0D
:10169000008AC2ED045ADFED505A82ED038AC2ED92
:1016A000055ADFED3F5A82ED068AC2ED0B5ADFED97
:1016B0003D5A82ED098AC2ED105ADFED3B5AC2ED68
:1016C000135ADFED365AC2ED165ADFED385AC2ED25
:1016D0001C5ADFED375AC2ED1D5AA5E07C87012068
:1016E000B83A0020C86E012000000000E63F9EC00E
:1016F000BE9FB6C07FD9CFC03E79C2C08A1F1441F9
:10170000AF94C5BFA2B493C05BD3F04076E0B6C03F
:10171000A2B4B3C0849E0641ABCFD5BD2E9092C07B
:10172000BF0EAC401A409EC1B07220C0A7E818BFDF
:101730007E8CB9BD52491D3E9621264166F70DC1EA
:10174000189503C141F10340211F74BC992A384008
:101750006688FB3F030992BF3108ACBC8FE4C8C068
:10176000DCD79D400000FA437CE19BC108AC5CC023
:101770006B1ABCC1C3D37FC0E3362ABFAB3E11C1D5
:10178000AF9409C0EC5126C1CCEE00C17958F03FAE
:10179000A4DFBEC00DE0853FE6AE33C12E9098C0F9
:1017A00017D9BA40A4DF84C01FF4ECC0F16306C1AE
:1017B0007424DF3F92CBF7BF6C788AC1BADA064156
:1017C000A5BDB3C0F2D2853FBDD28CC1DE93C5406A
:1017D00030BBB3C00E4F2740C898BB3F71AC7F40B1
:1017E000539629C05BB13FBC6076A7BF0D7105C1A0
:1017F000FDF61540355EDA3F6210F8BE4BC827BFD4
:1018000061C353BD2BF646C100005440ED0D4E4060
:101810001973B7BE355E0BC1E2E9ED3FA7E8183F8B
:10182000B98DA63E4CA64EC05FED1E5AC2ED1E5AA3
:101830005FED1F5AC2ED1F5A5FED205AC2ED205ACC
:101840005FED215AC2ED225A8C325FED225A02ED31
:10185000178AC2ED005A5FED245A02ED158AC2EDD7
:10186000025A5FED265A02ED148AC2ED035A5FED6B
:10187000285A02ED128AC2ED075A5FED2A5A02ED8C
:10188000118AC2ED085A5FED225A02ED0E8A42ED2E
:10189000165A5FED2F5A02ED0B8A42ED0F5A42EDB8
:1018A0000C5A5FED295A42ED0A5A243A82ED008A19
:1018B00082ED018A82ED078A82ED0A8A82ED0D8A25
:1018C000C2ED0E5A5FED3B5A82ED0F8AC2ED125AFD
:1018D0005FED355A82ED138AC2ED145A82ED158AF6
:1018E00082ED168AC2ED175A82ED188A82ED198AA6
:1018F000C2ED1A5A6C3282ED008A82ED018AC2ED85
:10190000025A82ED038A82ED048AC2ED055A82ED05
:10191000068A82ED078AC2ED085A82ED098A82EDB5
:101920000A8AC2ED0B5A82ED0C8A82ED0D8AC2ED55
:101930000E5A82ED0F8A403282ED008AC2ED015AC2
:1019400082ED028A82ED038AC2ED045A82ED058A95
:1019500082ED068AC2ED075A82ED088A82ED098A75
:10196000C2ED0A5A82ED0B8A82ED0C8AC2ED0D5A45
:1019700082ED0E8A82ED0F8A4032C2ED005A82ED6E
:10198000018A82ED028AC2ED035A82ED048A82ED59
:10199000058AC2ED065A82ED078A82ED088AC2EDF9
:1019A000095A82ED0A8A82ED0B8AC2ED0C5A82ED49
:1019B0000D8A82ED0E8AC2ED0F5A403282ED008A06
:1019C00082ED018AC2ED025A82ED038A82ED048A19
:1019D000C2ED055A82ED068A82ED078AC2ED085AE9
:1019E0005FED815A82ED098AC2ED175A5FED835A85
:1019F000C2ED185A5FED845AC2ED1C5A5FED855A4C
:101A0000C2ED1D5A5FED865AC2ED1E5A5FED875A30
:101A1000C2ED205A84325FED885A02ED178AC2ED7A
:101A2000005A5FED8A5A02ED158AC2ED065A5FED43
:101A30008C5A02ED148A42ED165A42ED135A42EDC9
:101A4000105A02ED128A02ED118A02ED0F8A02EDA0
:101A50000D6A02ED0C8A02ED0B8A02ED088A02ED96
:101A6000076A183A5FED995A82ED008AA2F12001C7
:101A700082ED048A82ED078A01F5F67082ED086A2C
:101A800082ED098A82ED0A8A82ED0B6A82ED0D8A67
:101A900082ED0E6AC2ED175A5FEDA55A02ED088A73
:101AA000C2ED185A5FEDA75A82ED0F8AC2ED1A5A9D
:101AB0005FEDA95AC2ED1B5A74325FEDAA5A02EDCE
:101AC0000D8AC2ED005A5FEDAC5A02ED0C6AC2ED10
:101AD000015A5FEDAE5A02ED0B8AC2ED035A5FED7B
:101AE000B05A02ED0A8AC2ED045A5FEDB25A02ED15
:101AF000096AC2ED095A02ED088A02ED078A02ED71
:101B0000048A02ED018A82ED028A82ED058A18328A
:101B100082ED006A82ED018A82ED028A82ED048AFA
:101B200082ED058A82ED066A82ED078A82ED088AD7
:101B300082ED096A82ED0A8A82ED0B8A82ED0C6AD7
:101B400082ED0D8A82ED0E8A82ED0F6A82ED108A97
:101B5000443282ED008A82ED016A82ED028A82EDD2
:101B6000038A82ED046A82ED058A82ED068A82ED9F
:101B7000076A82ED088A82ED098A82ED0A6A82ED9F
:101B80000B8A82ED0C8A82ED0D6A82ED0E8A82ED5F
:101B90000F8A403282ED006A82ED018A82ED028A6C
:101BA00082ED036A82ED048A82ED058A82ED066A7F
:101BB00082ED078A82ED088A82ED096A82ED0A8A3F
:101BC00082ED0B8A82ED0D8A82ED0C6A82ED0E8A1F
:101BD00082ED0F6A403282ED008A82ED018A82ED49
:101BE000026A82ED038A82ED048A82ED056A82ED43
:101BF000068A82ED078A82ED086A82ED098A82ED03
:101C00000A8A82ED0B6A82ED0C8A82ED0D8A82EDE2
:101C10000E6A82ED0F8A403282ED016A82ED046A1B
:101C200082ED076A82ED0A6A82ED0D6A9FEDFD6A18
:101C300082ED008A82ED028A82ED038A82ED058AB6
:101C400082ED068A82ED088A82ED098A82ED0B8A8E
:101C500082ED0E8A82ED0C8A82ED136A50329FED7E
:101C6000F26A02ED047A82ED006A9FEDF06A02EDFD
:101C7000038A82ED116A9FEDEE6A02ED028A82ED1F
:101C8000126A9FEDEC6A82ED018A82ED146A9FED83
:101C9000EA6A82ED027A82ED156A82ED038A82EDAC
:101CA000048A82ED057A82ED068A82ED078A82ED4A
:101CB000087A24329FEDE16A82ED008A82ED018A82
:101CC00082ED027A82ED038A82ED048A82ED057A42
:101CD00082ED068A82ED078A82ED0A8A82ED0D8AFC
:101CE00082ED0E7A82ED0F8A82ED108A82ED117AF2
:101CF00082ED128A82ED156A68329FEDD16A02ED9B
:101D0000078A82ED006A9FEDCF6A02ED067A82EDC6
:101D1000016A02ED048A02ED037A02ED028A02ED05
:101D2000018A82ED028A82ED037A82ED048A82EDD5
:101D3000058A82ED067A82ED078A82ED088A82EDB5
:101D4000097A283281ED7B8A82ED008A82ED018A50
:101D500082ED027A82ED038A82ED048A82ED057AB1
:101D600082ED068A82ED078A82ED087A82ED098A81
:101D700082ED0A8A82ED0B7A82ED0C8A82ED0D8A61
:101D800082ED0E7A82ED0F8A403282ED008A82ED7A
:101D9000017A82ED028A82ED038A82ED047A82ED75
:101DA000058A82ED068A82ED077A82ED088A82ED45
:101DB000098A82ED0A7A82ED0B8A82ED0C8A82ED25
:101DC0000D7A82ED0E8A82ED0F8A40329FED9E6A77
:101DD00082ED007A82ED018A82ED028A82ED037A39
:101DE00082ED048A82ED058A82ED067A82ED078A09
:101DF00082ED088A82ED097A82ED0A8A82ED0B8AE9
:101E000082ED0C7A82ED0D8A82ED0E8A82ED0F7AD8
:101E1000403282ED008A82ED206A82ED018A82EDF5
:101E2000027A82ED038A82ED048A82ED057A82EDE0
:101E3000068A82ED078A82ED087A82ED098A82EDB0
:101E40000A8A82ED0B7A82ED0C8A82ED0D8A82ED90
:101E50000E7A3C3282ED027A82ED057A82ED087AC2
:101E60009FED7A7A82ED008A82ED018A82ED038A03
:101E700082ED048A82ED068A82ED078AC2ED0B6A42
:101E800082ED0C8A82ED0D8AC2ED0E6A82ED0F8A18
:101E900082ED108A8CED008A8CED097A8CED187A2F
:101EA0009FED6B7A9FED6B6A8CED1C7A9FED6A7AE1
:101EB0008CED0E6A8CED1D7A9FED687A9FED686A55
:101EC0008CED1E7A9FED677A089C8CED227A9FED4F
:101ED000667A8CED0F6A8CED237A9FED647A9FED24
:101EE000646A8CED247A9FED637A82ED0A8A02F5AA
:101EF00050628CED297A9FED607A84ED008A01F2C0
:101F0000C454CCED0B6A8CED176A8CED0C8A8CED09
:101F10000D8A8CED108ACCED116A8CED128A8CED55
:101F2000138ACCED146A8CED158A8CED168A8CED33
:101F3000198ACCED1A6A8CED1B8A8CED1F8ACCEDC8
:101F4000206A8CED218A8CED258ACCED266A8CEDF9
:101F50002A7A9FED4A7A8CED278A8CED2F7A9FEDB5
:101F6000487A8CED288A8CED307A9FED467A8CED9C
:101F70002B8ACCED2C6A8CED2D8A8CED2E8A8CED83
:101F8000318ACCED326A8CED338A8CED348ACCED1B
:101F9000356A8CED368A8CED378ACCED386A8CED5B
:101FA000398A8CED3A8ACCED3B6A8CED3C8A8CED1B
:101FB0003D8ACCED3E6A8CED3F8A8CED408ACCEDBB
:101FC000416A8CED428A8CED438ACCED446A8CEDFB
:101FD000458A8CED468ACCED476A8CED488A8CEDBB
:101FE000498ACCED4A6A8CED4B8A8CED4C8ACCED5B
:101FF0004D6A8CED4E8A8CED4F8ACCED506A8CED9B
:10200000518A8CED528ACCED536A8CED548A8CED5A
:10201000558ACCED566A8CED578A8CED588ACCEDFA
:10202000596AF9E0DE711FC1C7BA0440DF4F45C0ED
:1020300067D5673FCAC37EC06688633FF7E4213F28
:102040004CA65EC1A1F88D4071AC05C123DB1940DF
:10205000FDF6953E4E6207C192CBA3C08D28853F09
:102060009C336E409C334EC0FFB28BC08B6C97404C
:1020700005A3CEC07E1D9840D578C1BFF2B0983F71
:10208000917E7B3EA392BABD8126C23CC520B0BDE5
:10209000B8AF833D6132D5BD73D712BEFAED6B3A4E
:1020A000AAF152BD787A25BCAC8BDB3C4E6290BD68
:1020B0009EEF273D925CFEBDB3EAF3BD371A403D6B
:1020C0006154D2BD17B751BBFCA9713D8A8EE4BDE6
:1020D00007F096BD9318843D6EA301BE70CE88BCF8
:1020E0009FAB2D3D04560EBE8C4AEABD52491D3CA5
:1020F00099BB163DA913503DFD87743DBBB88DBCFF
:102100004CA68A3DFF21FDBCEBE2B6BD77BE9F3DEC
:10211000871659BDA8574ABD4FAF943D82E247BCD0
:10212000BC0592BDA4DFBEBC4260653CFD07B2C1E8
:1021300068916D3C5828F5C1E45465420378B9C1F3
:102140001E96F6C176CF4442D50941C1515ADFC12E
:102150009C843B4221B05DC1788BDEC1C62D3042EC
:102160006D56ABC08CCACAC1D7231B420091F4C0C4
:102170003934CCC1446902C19EEFE1C07958C8BF6F
:10218000789C22C0E6AECDBF888576C0840DE1C0C4
:10219000D4DA5E42CE19A140EFC9A3BEF931DAC04C
:1021A0006F813FC1F8C25441FD8794BFE8D945C152
:1021B0007CF27A41A245563F219F98C153969341A4
:1021C0006B9AB5C07C6198C177ADDE4153054BC0B9
:1021D000B89EB6C1C65CD3414CA60DC10601B3C1C1
:1021E000DDB50042EB730AC13277B8C101DE0842A7
:1021F000E6AE55C05F980CC0704E23421E27BBC18F
:10220000728A0240BC0546C0228E85BFC217F6BF47
:1022100048BF6540705FA3C08CED5A8A8CED5B8A25
:10222000CCED5C6A8CED5D8A8CED5E8ACCED5F6AEC
:102230008CED608A8CED618ACCED626A8CED638AEC
:102240008CED648ACCED656A8CED668A8CED678ACC
:10225000CCED686A8CED698A8CED7D7A1FED767A1B
:10226000CCED6B6A8CED807A1FED787ACCED6E6ADE
:102270008CED837A1FED7A7ACCED716A8CED867ADB
:102280001FED7C7ACCED746A8CED897ACCED776A9F
:10229000CCED7A6A1FED807A5FED806A1FED806A6F
:1022A0008CED8C7ACCED816A8CED826A1FED837A9D
:1022B0005FED835A5FED836A1FED836A8CED6A8A56
:1022C0008CED6C8A8CED6D8A8CED6F8A8CED708A4A
:1022D0008CED728A8CED738A8CED758A8CED768A22
:1022E0008CED788A8CED798A8CED7B8A80EDF68A8C
:1022F0008CED7E7A8CED7F8A8CED848A8CED858ADC
:10230000CCED875ACCED886A8CED8F6A1FED976A09
:102310005FED976A8CED926A1FED986ACCED8B6A3F
:102320008CED956A1FED9A6A5FED9A6A8CED986A5A
:102330001FED9B6ACCED936A8CED9B6A1FED9D6A45
:102340005FED9D6A8CED9E6A1FED9E6ACCED976AEB
:102350008CEDA16A1FEDA06A1FEDA07A8CEDA46A36
:102360001FEDA16A5FEDA15A8CEDA76A1FEDA26A6D
:102370005FEDA26A8CEDAA6A1FEDA36A8CED8A7AE2
:102380008CEDAD6A1FEDA56ACCED915A8CED8E6A8D
:10239000CCED9C6A1FEDA87A1FEDA86A5FEDA85AE4
:1023A0005FEDA86A8CED947A8CED996ACCED9A5A1F
:1023B000CCED9F6A1FEDAC7A1FEDAC6A5FEDAC5AB5
:1023C0005FEDAC6A8CED9D7A8CEDA06ACCEDA35AE2
:1023D000CCEDA56A1FEDB07A5FEDB06A1FEDB06A73
:1023E0005FEDB05A8CED8D8A8CED908A8CED968ADB
:1023F0008CEDA28A8CEDA67ACCEDA86A1FEDB67A98
:102400008CEDA96ACCEDAB5A5FEDB85A8CEDAC7A85
:10241000CCEDB05A5FEDBA6A5FEDBA5A1FEDBA7AE9
:10242000CCEDAE6ACCEDB15A8CEDB27A5FEDBD6AFF
:102430005FEDBD5A1FEDBD7ACCEDB36ACCEDB45A59
:102440008CEDB57A5FEDC06A5FEDC05A1FEDC07AC2
:10245000CCEDB66ACCEDB75A8CEDB87A5FEDC36AB5
:102460005FEDC35A1FEDC37ACCEDB96ACCEDBA5A11
:102470008CEDBB7A5FEDC66A5FEDC65A1FEDC67A7A
:10248000CCEDBC6ACCEDBD5A8CEDBE7A5FEDC96A6D
:102490005FEDC95A1FEDC97ACCEDBF6ACCEDC05AC9
:1024A0008CEDC17A5FEDCC6A5FEDCC5A1FEDCC7A32
:1024B000CCEDC26ACCEDC45A8CEDC57A5FEDCF6A23
:1024C0005FEDCF5A1FEDCF7ACCEDC76ACCEDC85A7D
:1024D0008CEDC97A1FEDD26A5FEDD26A5FEDD25AF8
:1024E0001FEDD27A8CEDAF6A8CEDC38A8CEDC68A73
:1024F000CCEDCA6ACCEDCB5A8CEDCC7A1FEDD87AF4
:102500005FEDD86A8CEDCF7A5FEDD95A1FEDD97A9D
:10251000CCEDCD6ACCEDCE5A8CEDD27A5FEDDC6A93
:102520005FEDDC5A1FEDDC7ACCEDD06ACCEDD15AF0
:102530008CEDD57A5FEDDF6A5FEDDF5A1FEDDF7A54
:10254000CCEDD36ACCEDD45A8CEDD87A5FEDE26A4B
:102550005FEDE25A1FEDE27ACCEDD66ACCEDD75AA8
:102560008CEDDB7A5FEDE56A5FEDE55A1FEDE57A0C
:10257000CCEDD96ACCEDDA5A8CEDDE7A5FEDE86A03
:102580005FEDE85A1FEDE87ACCEDDC6ACCEDDD5A60
:102590008CEDE17A5FEDEB6A5FEDEB5A1FEDEB7AC4
:1025A000CCEDDF6ACCEDE05A8CEDE37A5FEDEE6ABC
:1025B0005FEDEE5A1FEDEE7ACCEDE26ACCEDE45A17
:1025C00084ED692ACCEDE6FA8CEDE7FA8CEDE82A89
:1025D000CCEDE9EA8CEDEAEACCEDEBDA8CEDECDA65
:1025E000CCEDEDCA03ED017A1FEDFA7A1FEDFA6A20
:1025F00083ED037A1FEDFB7A83ED016A83ED047AA4
:102600001FEDFD7A1FEDFD6A83ED057A9FEDFD7AE2
:102610008CEDF66A83ED067A9FEDFB7A9FEDFB6AFF
:1026200083ED077A9FEDFA7A8CEDF76A83ED087AED
:102630009FEDF87A9FEDF86A83ED097A9FEDF77ABE
:102640008CEDF86A83ED0A7A9FEDF57A9FEDF56AD5
:1026500083ED0B7A9FEDF47A8CEDFA6A83ED0C7AB8
:102660009FEDF27A9FEDF26A83ED0D7A9FEDF17A9C
:10267000DFEDF15A83ED0E7A9FEDF07ADFEDF06A2F
:1026800083ED0F7A8CEDFB6A9FEDEE7A9FEDEE6A9B
:10269000C3ED006AC3ED025A40338CEDEECACCEDB7
:1026A000EFBA8CEDF0BACCEDF1AA8CEDF2AACCED3C
:1026B000F39A8CEDF49A8CEDF57A8CEDF98A8CED29
:1026C000FC8A8CEDFD6A9FEDE16A8CEDFE6A9FED60
:1026D000E06A8CEDFF6A9FEDDF6A83ED006A9FED93
:1026E000DE6A83ED0B6A9FEDDD6A83ED0C6A9FED78
:1026F000DC6A83ED0D6A9FEDDB6A83ED0E6A9FED68
:10270000DA6A83ED0F6A9FEDD96A83ED106A9FED57
:10271000D86A83ED116A9FEDD76A83ED126A9FED47
:10272000D66A83ED136A9FEDD56A83ED146A9FED37
:10273000D46A83ED156A9FEDD36A83ED166A9FED27
:10274000D26A83ED176A9FEDD16A83ED186A9FED17
:10275000D06A83ED196A68339FEDCE6A03ED128A61
:1027600083ED006A9FEDCC6A83ED016A9FEDCB6A31
:1027700083ED026A9FEDCA6A83ED036A9FEDC96A21
:1027800083ED056A9FEDC86A83ED066A9FEDE76AEF
:1027900003ED196A9FEDE66A03ED186A9FEDE56A9D
:1027A00003ED176A9FEDE46A03ED166A9FEDE36A95
:1027B00003ED156A9FEDE26A03ED146A9FEDE16A8D
:1027C00003ED136A9FEDE96A03ED116A9FEDB76AA5
:1027D00084EDB38A03ED106A03F5EB6384EDB68AEA
:1027E00001F50A649FEDB26A403404ED106A9FED72
:1027F000B16A04ED0F6A9FEDB06A04ED0E6A9FEDB9
:10280000AF6A04ED0D6A9FEDAE6A04ED0C6A9FEDB0
:10281000AD6A04ED0B6A9FEDAC6A04ED0A6A9FEDA8
:10282000AB6A04ED096A9FEDAA6A04ED086A9FEDA0
:10283000A96A04ED076A9FEDA86A04ED066A9FED98
:10284000A76A04ED056A9FEDA66A04ED046A9FED90
:10285000A56A04ED036A9FEDA46A04ED026A9FED88
:10286000A36A04ED016A9FEDA26A84ED006A9FED00
:10287000A16A84ED016A9FEDA06A84ED026A9FED72
:102880009F6A84ED036A9FED9E6A84ED046A9FED62
:102890009D6A84ED056A9FED9C6A84ED066A9FED52
:1028A0009B6A84ED076A9FED9A6A84ED086A9FED42
:1028B000996A84ED096A9FED986A84ED0A6A9FED32
:1028C000976A84ED0B6A9FED966A84ED0D6A9FED21
:1028D000956A84ED0C6A9FED9E6AC7ED1A6A87EDD2
:1028E0000F6A9FED4A6ADFEDA76A87ED106A9FEDD8
:1028F0004A6A87ED0E7A87ED116A9FED4A6A9FED6D
:102900008A7A87ED136A9FED4A6AC7ED1D6A87EDE3
:10291000146A9FED4D6ADFED9D6A87ED166A9FEDA3
:102920004B6AC4ED0FFA87ED176A9FED496A84ED93
:102930000E2A04F5046487ED186A9FED916A87ED0D
:1029400000FA87ED012AC7ED02EA87ED03EAC7ED39
:1029500004DA87ED05DAC7ED06CA87ED07CAC7EDC9
:1029600008BA87ED09BAC7ED0AAA87ED0BAAC7ED29
:102970000C9A87ED0D9A87ED128A87ED158A87EDFF
:10298000197A87ED1B6AC7ED1C5AC7ED1E6ADFED89
:10299000806A87ED328AC7ED1F6ADFED1A6A87ED1C
:1029A000342AC7ED206ADFED186AC7ED35FAC7EDA6
:1029B000216ADFED176A87ED36FAC7ED226ADFED8F
:1029C000156A87ED372AC7ED236ADFED146AC7ED74
:1029D00038EAC7ED246ADFED126A87ED39EAC7ED00
:1029E000256ADFED116AC7ED3ADAC7ED266ADFED39
:1029F0000F6A87ED3BDAC7ED276ADFED0E6AC7ED98
:102A00003CCA29E129CBD03F09F9B8BFDC68B6C080
:102A1000AF25743F95D483C0BE309FC0319976C036
:102A20003F351B415D6D753F539631BFC66D48C044
:102A3000211F143FDAAC3E40EE7C87BF6A4D93C045
:102A40005396993F46B677C0575B75C0BC9678C021
:102A50009CC490BF65AAA0C0FD07B2C15828F5C1AB
:102A6000E45465420378B9C11E96F6C176CF44425C
:102A7000D50941C1515ADFC19C843B4221B05DC19F
:102A8000788BDEC1C62D30426D56ABC08CCACAC130
:102A9000D7231B420091F4C03934CCC1446902C130
:102AA0009EEFE1C07958C8BF789C22C0D4DA5E425C
:102AB000E6AECDBF888576C0840DE1C0CE19A140B9
:102AC000EFC9A3BEF931DAC0F8C25441FD8794BF03
:102AD0006F813FC17CF27A41A245563FE8D945C19A
:102AE000539693416B9AB5C0219F98C177ADDE4153
:102AF00053054BC07C6198C1C65CD3414CA60DC147
:102B0000B89EB6C1DDB50042EB730AC10601B3C180
:102B100001DE0842E6AE55C03277B8C1704E23429E
:102B20001E27BBC15F980CC0728A02407F6ACA40F0
:102B30002B1885BFB76273C0B29D8940E9484EC06B
:102B40007DD099C0BB27EF405396993F46B677C0DA
:102B5000705FA3C0DC68B6C0BE309FC05D6D753FBE
:102B6000211F143F575B75C0BC9678C08D2883C069
:102B7000BB27EF407DD099C0E9484EC0B29D894047
:102B8000228E85BFBC0546C09CC490BFC217F6BF4D
:102B900048BF654029CBD03F6154DEC109F9B8BFB9
:102BA000A1164A42A9938541AF25743F95D483C0AD
:102BB000319976C03F351B41539631BFC66D48C031
:102BC000DAAC3E406A4D93C065AAA0C07F6ACA4095
:102BD0002B1885BFB76273C0C2171640928B57423D
:102BE00010FAA7C1D0B3E7C1784B3242857CDEC072
:102BF0001FF4C0C148E1BCC19CA24BC03F5727C0D5
:102C000076711B40A779473DA5BD3AC1F1F4CEC00E
:102C10000E4FAF3C38F82FC1E414C8C1025A1F420E
:102C20008C4A3AC18AB034C1BDE3CCC180772C4212
:102C3000EB62104205A3B6C0BADA02C0FF2135C06C
:102C4000C976804003786BBF3480C9C0933A5E4137
:102C5000A7799141F08509C0C7ED286A5FED276A21
:102C600087ED3DCAC7ED296A5FED296AC7ED3EBA17
:102C7000C7ED2A6A5FED536AC7ED2B6A5FED546AB0
:102C8000C7ED2C6A5FED556AC7ED2D6A5FED566A98
:102C9000C7ED2E6A5FED576AC7ED2F6A5FED586A80
:102CA000C7ED306A5FED596AC7ED316A5FED516A71
:102CB000C7ED336A87ED3FBA87ED516A1FED4F6A62
:102CC0005FED5E6A87ED536A1FED506AC7ED446A97
:102CD00087ED546A1FED526A5FED636A87ED556AAE
:102CE0001FED546AC7ED456A87ED566A1FED556AB8
:102CF0005FED686A87ED576A1FED556AC7ED466A52
:102D000087ED586A1FED576A5FED6D6A87ED596A66
:102D10001FED596AC7ED476A87ED5A6A5FED716A20
:102D20001FED5C6AC7ED496A87ED5B6A5FED746A07
:102D30001FED5F6AC7ED4A6A87ED5C6A5FED776AEF
:102D40001FED626AC7ED4C6A87ED5D6A5FED7A6AD6
:102D50001FED656AC7ED4D6A87ED5E6A5FED766AC5
:102D60001FED686AC7ED4E6A87ED5F6A5FED8A6A9C
:102D70001FED6B6AC7ED40AA87ED41AAC7ED429AE5
:102D800087ED439A87ED488A87ED4B8A87ED4F7A26
:102D9000C7ED506AC7ED525A87ED606A87ED799AA0
:102DA0001FED969A1FED776A87ED7A9A1FED989A34
:102DB00087ED616A87ED7B9A1FED9A9A1FED7C6A19
:102DC00087ED7C9A1FED9C9A87ED626A87ED7D9A6C
:102DD0001FED9E9A1FED816A87ED7F9A1FEDA09AE5
:102DE00087ED636A87ED809A1FEDA29A87ED75BA29
:102DF00087ED829A1FEDA49A1FEDA4BAC7ED76AABB
:102E000087ED77AA5FEDA6AA1FEDA6AAC7ED789A6F
:102E100087ED839A5FEDA89A1FEDA89A1FEDA86A27
:102E2000C7ED6BFA87ED6CFAC7ED6EEA87ED6FEAD6
:102E3000C7ED70DA87ED71DAC7ED72CA87ED73CA34
:102E4000C7ED74BA87ED649AC7ED659A87ED66AAF7
:102E5000C7ED67AA87ED688A87ED69BA87ED6A2AA8
:102E600087ED6D2A87ED876A1FEDBA6A1FEDBA2AD2
:102E700087ED896A1FEDBB6A87ED842A87ED8A6A30
:102E80001FEDBD6AC7ED885A87ED8B6A1FEDBF6ADB
:102E90005FEDBF5A87ED8C6A1FEDC06A1FEDC02A37
:102EA00087ED8D6A1FEDC06A5FEDC2FA87ED8E6A0D
:102EB0001FEDC26A87ED7E8A87ED8F6A1FEDC46AB7
:102EC00087ED818A87ED906A1FEDC66A87ED857A66
:102ED00087ED916A1FEDC86AC7ED866A87ED926A31
:102EE0001FEDCA6A87ED9A9A87ED936A1FEDCC6A47
:102EF000C7ED9B9A87ED946A1FEDCE6A87ED9CAA79
:102F000087ED956A1FEDD06AC7ED9DAA87ED966A99
:102F10001FEDD26A87ED9FBA87ED976A1FEDD46ADD
:102F200087ED9E8A87ED986A1FEDD66A87EDA02A05
:102F300087ED996AC7EDA18AC7EDA25AC7EDBEFA1F
:102F40005FEDDBFA1FEDDB9AC7EDBFFA5FEDDC9AB0
:102F50001FEDDCAA1FEDDC2A1FEDDCCA5FEDDCCA29
:102F60001FEDDCDA5FEDDCDA1FEDDCEA5FEDDCEAB9
:102F70001FEDDCFA5FEDDCFA1FEDDC7A5FEDDC6A59
:102F80005FEDDCAA1FEDDCBA5FEDDCBA1FEDDC6A99
:102F900087EDA39AC7EDA49A1FEDDE9A5FEDDE9A46
:102FA00087EDA5AA87EDA62A1FEDE0AA87EDADCA99
:102FB000C7EDAECA1FEDE2CA5FEDE2CA87EDB1DA36
:102FC000C7EDB2DA1FEDE4DA5FEDE4DA87EDB3EADC
:102FD000C7EDB8EA1FEDE6EA5FEDE6EA87EDB9FA7C
:102FE000C7EDC0FA1FEDE8FA5FEDE8FA1FEDE82A39
:102FF00087EDA79AC7EDA89A87EDA9AAC7EDAAAA57
:1030000087EDABBAC7EDACBA87EDAFCAC7EDB0CAB2
:1030100087EDB48A87EDB5DAC7EDB6DA87EDB78A02
:1030200087EDBA7A87EDBBEAC7EDBCEA87EDBDFA5A
:10303000C7EDC1FAC7EDC26A87EDC36A87EDC42A3E
:103040001FEDFC2AC7EDD78A87EDC52A9FEDFC2A24
:10305000C7EDD85A87EDC62A9FEDFA2A87EDDD9A8B
:1030600087EDD92A9FEDF82AC7EDDE9A87EDDA2A97
:103070009FEDF62A87EDDFAA87EDDB2A9FEDF42A84
:10308000C7EDE0AA87EDE32A9FEDF22A87EDE1BACA
:1030900087EDE42A9FEDF02A87EDC72A9FEDEF2AFE
:1030A00087EDC82A9FEDEE2A87EDC92A9FEDED2A0C
:1030B00087EDCA2A9FEDEC2A87EDCB2A9FEDEB2AFC
:1030C00087EDCC2A9FEDEA2A87EDCD2A9FEDE92AEC
:1030D00087EDCE2A9FEDE82A87EDCF2A9FEDE72ADC
:1030E00087EDD02A9FEDE62A87EDD12A9FEDE52ACC
:1030F00087EDD22A9FEDE42A87EDD32A9FEDE32ABC
:1031000087EDD42A9FEDE22A87EDD52A9FEDE12AAB
:1031100087EDD62A9FEDE02A87EDDC2AC7EDE2BADB
:1031200087EDE5CA9FEDDDCAC7EDE6CA87EDE7CAC0
:103130009FEDCCCA87EDEA8AAAEC01CA9FEDD8CAF6
:1031400087EDEBDA87EDE8CA9FEDD6CAC7EDECDA7A
:1031500087EDE9CA9FEDD4CA87EDED8A87EDEECA07
:103160009FEDD2CA87EDF07A87EDEFCA9FEDD0CA06
:1031700087EDF1EA87EDF4CA9FEDCECAC7EDF2EA1A
:1031800087EDF5CA9FEDCCCA87EDF3FA87EDF6CA55
:103190009FEDCACAC7EDF7FA87EDFACA9FEDC8CA14
:1031A000C7EDF86A87EDFBCA9FEDA5CA87EDF96AFE
:1031B00087EDFCCA9FEDA9CA87EDFECA9FEDAACA9A
:1031C0008AED00CA4FF0120A9FEDA9CA85ED03CA25
:1031D0009FEDAACA85ED06CA9FED9FCA87EDFDCA7D
:1031E0009FED9FCA87EDFFCA9FEDA0CA85ED02CA79
:1031F0009FEDA0CA85ED04CA9FED9FCAC5ED149A44
:1032000085ED05CADFEDAF9A9FED9DCAC5ED199A10
:1032100085ED07CADFEDAC9A9FED9ACAC5ED1E9AFF
:1032200085ED08CADFEDA99A9FED9ACAC5ED0E5A41
:103230001CEE10CAC5ED1F9A9FED94CADFEDA45A8B
:10324000DFEDA49A85ED0ACAC5ED0F5AC5ED249AA3
:103250009FED8FCADFEDA05ADFEDA09A049F85EDA8
:103260000BCAC5ED105A85ED139AC5ED16AA9FED50
:10327000869AC5ED259ADFED9A5ADFED9A9A9FED71
:103280009ACADFED9AAA47F830CFC5ED115A0497D4
:1032900001F6286785ED122A85ED15AA85ED17BA86
:1032A000C5ED18BA85ED1BCAC5ED1CCA85ED21DA3E
:1032B000C5ED22DA85ED27EAC5ED28EA85ED099A04
:1032C000C5ED0D8AC5ED1A9AC5ED2AAADFED88AACB
:1032D0009FED61CAC5ED2BAADFED86AA9FED862A78
:1032E000C5ED2CAADFED85AA85ED33CAC5ED30AA60
:1032F00085ED3E2ADFED82AA9FED59CA9FED812A16
:10330000C5ED31AA85ED35CA85ED412ADFED7EAAEE
:103310009FED55CA9FED7D2AC5ED32AA85ED37CACE
:1033200085ED452ADFED7AAA9FED50CA9FED792AF7
:10333000C5ED34AA85ED38CA85ED462ADFED76AABB
:103340009FED4CCA9FED752AC5ED36AA85ED3ACAA8
:1033500085ED472ADFED72AA9FED47CA9FED712ADE
:103360009FED71AA85ED2F6AC5ED39AA85ED3BCA9F
:1033700085ED3F9A85ED482ADFED6CAA9FED40CAA6
:103380009FED6B6A9FED6B2A9FED6B9A85ED1DAAF1
:1033900085ED208A85ED238A85ED267A85ED29FA4B
:1033A000C5ED2DFAC5ED3CAA85ED3DCA85ED406A17
:1033B00085ED492A85ED4A9A9FED609A9FED606AF6
:1033C00085ED4B9A9FED5F9A9FED5F2A85ED4C9AB4
:1033D0009FED5E9AC5ED2E6A85ED4E9A9FED5C9A43
:1033E00087ED006A85ED4F9A9FED5A9AC5ED438AA5
:1033F00085ED519A9FED589A85ED442A85ED529AB4
:103400009FED569AC5ED509A85ED549A9FED549ACA
:1034100085ED53AA85ED559A9FED529A85ED5C7A1C
:1034200085ED579A9FED509A9FED50AA85ED589AD9
:103430009FED4F9ADFED4F9A85ED5A9A86E100BFD6
:1034400031998DC1928B574210FAA7C1D0B3E7C111
:10345000857CDEC01FF4C0C142E0B741992A5CC040
:1034600086DA8BC1AE58C241B5A6D1C06C89A2C163
:103470004614E641FF2102C1F5CAA3C1F47D014211
:103480002B18DDBFB22EA6C1F55B14422A3A76C0D6
:10349000EE5AB1C1A1164A42784B324248E1BCC152
:1034A0009CA24BC03F5727C076711B40A779473D70
:1034B000A9938541C2171640A5BD3AC1A77991418C
:1034C000F08509C09FABA9C0849EA9C0A85792C02F
:1034D000B190504252B89E3EEE7C9FC15474F4BFEE
:1034E000DC46DEC1A178B8C1EB621042FB3A5D4117
:1034F0008BFDC53EF31F30C1083DA5C1D6C58F4128
:10350000136167C0F2C1AAC1743589C165D944424B
:10351000B7D134C052B8B6C1DE71C74160E5CCC185
:10352000841EE841579B25424BC8B7C1194400424D
:103530005F980CC0DB8A11C1BEC1B1C11AC0204264
:10354000B1212642006F5EC18A9FB6C1973F1E42DD
:10355000C7BA7CC09FAB0442B4C809C1E6AE26C15D
:103560003D0A14C11CEB86401AC0274098EE81C169
:1035700038F872C0228E85C0D8F0B4C0787A25BCE5
:10358000AF252141AC8BDB3C43ADB94005341C4138
:103590000BB546C066662DC1BBA7A141006FFD40BB
:1035A000B00311C15A647741ACADF0C03B7092C119
:1035B000652AAE4185EB05C04BD9CFC17279C2C136
:1035C0004703B0418A1F1442F697C5C08C4A17C101
:1035D0000BB593C15BD3F041AD7AA3C1A4DFB6C1F3
:1035E000B89E0642C0ECE94158A8D5BEC06C8FC158
:1035F000C58F92C1FBDCF241BF0EAC419C3394C03D
:1036000046B677C179E9AAC1D95FA3C1A9A410427E
:10361000A768B6C139B4B3C16B1AA5C127319FC120
:10362000A4707540C5201440591785C0575B75C1FB
:103630008D9778C16DC590C0206373C1448B0241E2
:10364000819599407E9D8941EE7C87C0530546C196
:10365000E9484EC1F016F6C0B1BF6541FBCBD04082
:1036600066F7B8C052277440C3D383C1AAF152BDD4
:103670009A9976C11B9E6E41AF9431C02F6E48C19E
:1036800071AC3E416A4D93C130AAA0C1B36ACA4130
:10369000B1D099C18727EF418D2883C173D79ABFD5
:1036A0007D3FF1C04703F8BE85EB813FBC052AC1D1
:1036B0006A4D8BBF1EA7C6C0810419C08A1FD33FA5
:1036C000BA6B11C17CF2BCC059172F409EEFE9C004
:1036D0007DAEDE3F5396A5400DE031C10B4615BFD0
:1036E000DA1BC6400DE034C158A81DC13F571FC0AA
:1036F000EC5140C016FB11C1A089F8C0AF25643D54
:103700005B4286BFCE88EABF386792C08E75A7C07D
:1037100088F4FB3F4B59C6BF24970340EFC900C153
:1037200038F8A0C009F9703F925CA63FE2E9B5BE47
:10373000249702C1607657C0CB10B73FF241E7BF74
:103740003F35C63F295C21C10F9C033F1FED769A90
:103750001FED767A85ED5B9A1FED779A5FED775ACC
:1037600085ED5D9A1FED789A85ED5E9A1FED799A49
:1037700085ED609A1FED7A9A85ED619A1FED7B9A2F
:1037800085ED629A1FED7C9A85ED639A1FED7D9A17
:1037900085ED649A1FED7E9A85ED659A1FED7F9AFF
:1037A00085ED669A1FED809A85ED679A1FED819AE7
:1037B00085ED689A1FED829A85ED699A1FED839ACF
:1037C00085ED6A9A85ED7A2A1FED852A85ED6BAA2B
:1037D00085ED7C2A1FED872A1FED87AA85ED7D2ABE
:1037E0001FED882A85ED6CAA85ED7E2A1FED8A2AB9
:1037F0001FED8AAA85ED7F2A1FED8B2A85ED6DAA24
:1038000085ED802A1FED8D2A1FED8DAA85ED812A79
:103810001FED8E2A85ED6EAA85ED822A1FED902A76
:103820001FED90AA85ED842A1FED912A85ED6FAAE0
:1038300085ED852A1FED93AA1FED932A85ED71AAC8
:1038400085ED862A1FED95AA1FED952A85ED72AAB2
:1038500085ED872A1FED97AA1FED972A85ED73AA9C
:1038600085ED882A1FED99AA1FED992A85ED74AA86
:1038700085ED892A1FED9BAA1FED9B2A1FED9B9AC0
:1038800085ED75AAC5ED798A85ED8A2A1FED9EAA78
:103890001FED9E2A5FED9E8A85ED4D9A85ED568A35
:1038A00085ED598AC5ED5F9A85ED77AA85ED839AF6
:1038B00085ED8B2AC5ED8D8A5FEDA68A1FEDA62AC0
:1038C000C5ED8E8A5FEDA78A85ED702AC5ED908AD9
:1038D0005FEDA98A85EDA62AC5ED918A5FEDAB8AD9
:1038E0001FEDAB2AC5ED928A5FEDAC8A85EDA72A64
:1038F000C5ED938A5FEDAE8A1FEDAE2AC5ED948AC1
:103900005FEDAF8A85EDA82AC5ED968A5FEDB18A95
:103910001FEDB12AC5ED978A5FEDB28A85ED768AF3
:10392000C5ED988A5FEDB48A87ED366A07F527679B
:10393000C5ED998A5FEDB78A0C3785ED7B6AC5EDD9
:103940009A8A5FEDB98A85ED8C8AC5ED9B8A5FED19
:10395000BB8AC5ED959AC5ED9C8A5FEDBD8A1FEDCA
:10396000BD6AC5ED9D8A5FEDBE8AC5ED9E8A5FED9D
:10397000BF8AC5ED9F8A5FEDC08AC5EDA08A5FED65
:10398000C18AC5EDA18A5FEDC28AC5EDA28A5FED4D
:10399000C38AC5EDA38A5FEDC48AC5EDA48A5FED35
:1039A000C58AC5EDA58A85EDA92A1FEDC72A85ED33
:1039B0008F8A85EDAA2A1FEDC92A85EDAC8A85ED8F
:1039C000AB2A1FEDCB2A85EDAD2A1FEDCC2A83ED66
:1039D000002A1FEDCD2A85EDAF2A1FEDCE2A85EDF9
:1039E000B02A1FEDCF2A85EDB12A1FEDD02A85ED33
:1039F000B22A1FEDD12A85EDB32A1FEDD22A85ED1B
:103A0000B42A1FEDD32A85EDB52A1FEDD42A85ED02
:103A1000B62A1FEDD52A85EDB72A1FEDD62A85EDEA
:103A2000B82A1FEDD72A85EDB92A1FEDD82A85EDD2
:103A3000BA2A1FEDD92A85EDBB2A1FEDDA2A85EDBA
:103A4000BC2A1FEDDB2A85EDBD2A1FEDDC2A85EDA2
:103A5000BE2A1FEDDD2A85EDBF2A1FEDDE2A85ED8A
:103A6000C02A1FEDDF2A85EDC12A1FEDE02A85ED72
:103A7000C32A1FEDE12A85EDC42A1FEDE22A85ED58
:103A8000C62A1FEDE32A85EDC72A1FEDE42A85ED3E
:103A9000C82A1FEDE52A85EDC92A1FEDE62A85ED26
:103AA000CA2A1FEDE72A85EDCC2A1FEDE82A85ED0D
:103AB000C28A85EDCD2A1FEDEA2A85EDC58A85EDFE
:103AC000CE2A1FEDEC2A85EDCB8A85EDCF2A1FED9E
:103AD000EE2A85EDD08A05F5886505ED3F2A1FEDB4
:103AE000F12A05ED3E2A1FEDF22A05ED3D2A1FEDD4
:103AF000F32A05ED3C2A1FEDF42A05ED3B2A1FEDC4
:103B0000F52A05ED392A1FEDF62A05ED382A1FEDB5
:103B1000F72A05ED372A1FEDF82A05ED362A1FEDA5
:103B2000F92A05ED352A1FEDFA2A05ED332A1FED96
:103B3000FB2A05ED322A1FEDFC2A05ED312A9FED07
:103B4000FC2A05ED302A9FEDFB2A05ED2F2A9FED7B
:103B5000FA2A05ED2E2A9FEDF92A05ED2D2A9FED73
:103B6000F82A82ED002A9FEDF72A05ED2B2A9FED1A
:103B7000F62A05ED2A2A9FEDF52A05ED282A9FED64
:103B8000F42A05ED272A9FEDF32A05ED252A9FED5E
:103B9000F22A05ED242A9FEDF12A05ED222A9FED58
:103BA000F02A05ED3A8A05ED212A9FEDEE2A84EDF3
:103BB000001A05ED1F2A9FEDEC2AC4ED021A05ED4F
:103BC0001E2A9FEDEA2AC4ED030A05ED1D2A9FED8A
:103BD000E82A84ED040A05ED1C2A9FEDE62A84ED0F
:103BE000061A05ED1B2AC4ED081AC4ED090A84ED76
:103BF0000A0A84ED0C1AC4ED0E1AC4ED0F0A84ED06
:103C0000018AC4ED052A84ED078AC4ED0B2A84EDF0
:103C10000D8A04F5AD649FEDD82A45ED231A1034C2
:103C200045ED1A1A45ED190A05ED161A05ED348A07
:103C300005ED298A45ED262A45ED202A05ED188A4D
:103C400045ED172A05ED158A45ED141A45ED130AC1
:103C500005ED120A45ED112A483505ED072A9FEDBD
:103C6000C72A05ED120A05ED062A9FEDC52A45ED86
:103C70000E1A05ED042A9FEDC32A45ED0D0A05ED48
:103C8000032A9FEDC12A05ED0C0A05ED022A9FEDDE
:103C9000BF2A05ED012A9FEDBE2A05ED101A85ED1C
:103CA000002A9FEDBC2A05ED0A1A85ED022A9FED38
:103CB000BA2A45ED112A85ED032A9FEDB82A45ED74
:103CC0000B2A85ED042A9FEDB62ADFEDB62A85ED95
:103CD000052A9FEDB52A85ED062A9FEDB42A85EDCC
:103CE000072A9FEDB32A85ED082A9FEDB22A85EDBC
:103CF0000A2A9FEDB12A85ED0B2A9FEDB02A85EDAA
:103D00000D2A9FEDAF2A85ED0E2A3C3D85ED008AF8
:103D100085ED068A85ED0A8AC5ED1E2ADFEDA92A02
:103D200085ED108AC5ED1F2ADFEDA72A85ED188ADB
:103D3000C5ED202ADFEDA52A85ED1B8AC5ED222AD7
:103D4000DFEDA32A85ED078AC5ED232ADFEDA12A41
:103D5000099BC5ED242ADFEDA02AC5ED252ADFED5C
:103D60009F2AC5ED262ADFED9E2AC5ED272AA0351C
:103D7000DFED9C2A05ED078AC5ED002ADFED9A2AC2
:103D800085ED058AC5ED012ADFED982AC5ED022AE9
:103D9000DFED972AC5ED032ADFED962AC5ED042A4B
:103DA000DFED952AC5ED062ADFED942AC5ED082A38
:103DB000DFED932AC5ED092ADFED922AC5ED0A2A27
:103DC000DFED912AC5ED0B2ADFED902AC5ED0C2A17
:103DD000DFED8F2AC5ED0D2ADFED8E2AC5ED0E2A07
:103DE000DFED8D2A12EE90CADFED8C2A46F820CF47
:103DF00012EE90CADFED8A2A06F2A46243F824CBC1
:103E0000C3ED002ADFED872ACEED0A2ADFED862AF0
:103E1000059BCEED0E2ADFED852A2C3383ED008A3B
:103E2000CEED0F2ADFED822A059306F5D463CEEDA1
:103E3000102ADFED802A8EED0C5ACEED112ADFED2F
:103E40007E2A8EED0D8ACEED122ADFED7C2ACEED94
:103E5000132ADFED7B2ACEED142ADFED7A2ACEED90
:103E6000152ADFED792ACEED162ADFED782ACEED80
:103E7000172ADFED772ACEED182ADFED762ACEED70
:103E8000192ADFED752ACEED1A2ADFED742ACEED60
:103E90001B2ADFED732ACEED1C2ADFED722ACEED50
:103EA0001D2ADFED712ACEED1E2ADFED702ACEED40
:103EB0001F2ADFED6F2ACEED202ADFED6E2ACEED30
:103EC000212ADFED6D2ACEED222ADFED6C2ACEED20
:103ED000232ADFED6B2ACEED242ADFED6A2ACEED10
:103EE000252ADFED692ACEED262ADFED682ACEED00
:103EF000272ADFED672ACEED282ADFED662ACEEDF0
:103F0000292ADFED652A8EED358ACEED2A2ADFEDEE
:103F1000632A8EED365ACEED2B2ADFED612A8EED27
:103F2000378ACEED2C2ADFED5F2A8EED3B8AFDE04D
:103F30008BFDE740E2E9D3C0D71232402C65A140A7
:103F40008FC295BFBDE366C1B37BB2BFBF8EB1C1A7
:103F50001B2F8BC08863C1C07A36DBBF4F2F8EC149
:103F6000711B01C0E02D10BCBA498C3E73D723C130
:103F7000CA3246C195D491BF17B711C1ECC081BFF9
:103F8000295C17403480B73DD7A3A4C0BC9609C1B3
:103F9000BC74933B5EBACD40AED82B409790E1C045
:103FA000F38E26C1CBA1A5BECBA1D5BF4D843EC10A
:103FB0003B7065C17DAEA2402D218340EC515EC1B6
:103FC000F2B046C16C09BF40EFC995405AF5EBC04D
:103FD000325524C102BCDDBF0BB5D84073D7BC40FD
:103FE000BDE3743F1FF40EC1539632C14ED145C09C
:103FF000D881F9407E1DCE406EA3A9C0A1F89DC016
:104000005474E8406B9A8740AA609CBFBA49E4C0E8
:104010007E1D37C1CA5415C0EC2FB33F60764AC12C
:104020006DE76B406744B93F7CF2B0BF098ADFBEE1
:10403000849E9D3FD712B2BEC0EC3EBFECC0693F2C
:10404000713D8ABD7FFB2A3F07CE993EA91350BE22
:10405000AE4701C08B6CB73FCE88523EB7D1A03F70
:104060000BB5A63D9FCD4ABF363C2D3FC217163F2C
:10407000B7D1A0BE956590BFCC7F883F6F1243BF7C
:10408000812612BFD5E77A3F10E9073F8F53343EB0
:10409000FA7E2A3E41F1E3BDFBCBEE3D6DC5DE3E2F
:1040A0005D6D25BF371A18C045D8F03F7DAE06BFFD
:1040B0001D38073F20D2EF3E5BD35CBF6688FBBF55
:1040C000F2D2D53FE7FBE93E05C54FBF287E2C3F26
:1040D000CEAAF73F3F57E3BFBEC16B4029EDCDBF2E
:1040E000B30C05C00309923F76E0ACBFC3F508C02E
:1040F000BE305DC1CD4CC0C153054541A3925EC0E9
:10410000D509D9C165191241CDCC2CBF76E04FC17C
:1041100089414040A60A02C0EE7C1FC2DC466541D0
:10412000F38E0340BA6BE3C0696F503FCEED2D2A8A
:104130005FED232A8EED3C5ACEED2E2A5FED252A27
:104140008EED3D8ACEED2F2A5FED272A8EED3E8A39
:10415000CEED302A5FED292A8EED3F5ACEED312A81
:104160005FED2B2A8EED408ACEED322A5FED2D2AAF
:104170008EED418ACEED332A5FED2F2A8EED425A25
:10418000CEED342A5FED312A8EED438ACEED382A0A
:104190005FED332A8EED448ACEED392A5FED352A64
:1041A0008EED455ACEED3A2A5FED372A8EED468ADE
:1041B0008EED478A8EED485A8EED498A8EED4A8AF9
:1041C0008EED4B5A8EED4C8A8EED4D8A8EED4E5A09
:1041D0008EED4F8A8EED508A8EED515A8EED528AB9
:1041E0008EED538A8EED545A8EED558A8EED568A99
:1041F0008EED575A8EED588A8EED598A8EED5A5AA9
:104200008EED5B8A8EED5C8A8EED5D5A8EED5E8A58
:104210008EED5F8A8EED605A8EED618A8EED628A38
:104220008EED635A8EED648A8EED658A8EED665A48
:104230008EED678A8EED688A8EED695A8EED6A8AF8
:104240008EED6B8A8EED6C5A8EED6F5A8EED725A32
:10425000CEED8A2A8EED755A8EED785A8EED7B5A08
:104260008EED7E5A8EED815A8EED845A5FED672A6F
:104270001FED675A8EED6D8A8EED6E8A8EED708A17
:104280008EED718A8EED738ACEED8B2A8EED748A57
:104290008EED768A8EED778A8EED798A8EED7A8A2A
:1042A0008EED7C8A8EED7D8A8EED7F8A8EED808A02
:1042B0008EED828A8EED838A8EED858A85ED8D8ADC
:1042C00005F50D75CEED877A8EED888A05F50675B4
:1042D0008EED898A8EED8C8A8EED935A8EEDA85ADA
:1042E0001FED825A5FED822A8EEDA95A1FED835A87
:1042F000CEED942A8EEDAE5A1FED855A5FED852ADC
:104300008EEDAF5A1FED865ACEEDA72ACEED8D7AEF
:104310008EED8E8A8EED8F8ACEED907A8EED918A1B
:104320008EED928A8EED958ACEED967A8EED978AF5
:104330008EED988ACEED997A8EED9A8A8EED9B8AD3
:10434000CEED9C7A8EED9D8A8EED9E8ACEED9F7A83
:104350008EEDA08A8EEDA18ACEEDA27A8EEDA38A93
:104360008EEDA48ACEEDA57A8EEDA68A8EEDAA8A70
:10437000CEEDAB7A8EEDAC8A8EEDAD8A8EEDB08A45
:10438000CEEDB17A8EEDB28A8EEDB38ACEEDB47AEF
:104390008EEDB58A8EEDB68ACEEDB77A8EEDB88AFF
:1043A0008EEDB98ACEEDBA7A8EEDBB8A8EEDBC8ADF
:1043B000CEEDBD7A8EEDBE8A8EEDBF8ACEEDC07A8F
:1043C0008EEDC18A8EEDC28ACEEDC37A8EEDC48A9F
:1043D0008EEDC58ACEEDC67A8EEDC78A8EEDC88A7F
:1043E000CEEDC97A8EEDCA8A8EEDCB8ACEEDCC7A2F
:1043F0008EEDCD8A8EEDCE8ACEEDCF7A8EEDD08A3F
:104400008EEDD18ACEEDD27A8EEDD38A8EEDD48A1E
:10441000CEEDD57A8EEDD68A8EEDD78ACEEDD87ACE
:104420008EEDD98A8EEDDA8ACEEDDB7A8EEDDC8ADE
:104430008EEDDD8ACEEDDE7A8EEDDF8A8EEDE08ABE
:10444000CEEDE17A8EEDE28A8EEDE38ACEEDE47A6E
:104450008EEDE58A8EEDE68ACEEDE77A8EEDE88A7E
:104460008EEDE98ACEEDEA7A8EEDEB8A8EEDEC8A5E
:10447000CEEDED7A8EEDEE8A8EEDEF8A05ED085ADF
:104480001FEDE45ACEEDF07A05ED075A1FEDE65A1E
:104490008EEDF18A05ED065A1FEDE85A8EEDF28A8F
:1044A00005ED055A1FEDEA5ACEEDF37A05ED045AF3
:1044B0001FEDEC5A8EEDF48A05ED035A1FEDEE5A0E
:1044C0008EEDF58A05ED025A1FEDF05ACEEDF67A23
:1044D00005ED015A1FEDF25A45ED0A3A85ED005AF5
:1044E0001FEDF45A05ED0C8A85ED015A1FEDF65AC1
:1044F00005ED098A85ED025A1FEDF85A8EEDF78A0F
:1045000085ED035A1FEDFA5A8EEDF88A85ED045AAF
:104510001FEDFC5A85ED055A1FEDFD5A85ED065A33
:104520009FEDFE5A85ED075A9FEDFD5A85ED085A1D
:104530009FEDFC5A85ED095A9FEDFB5A85ED0A5A0D
:104540009FEDFA5A85ED0B5A9FEDF95ACEEDF97AA7
:1045500004ED045A9FEDF75ACEEDFC7A04ED035AB0
:104560009FEDF55ACEEDFF7A04ED025A9FEDF35A16
:10457000DFEDF37A04ED015A9FEDF25A05ED0B8A57
:1045800005F5E47584ED005A9FEDEF5A8EEDFA8A39
:1045900084ED015A9FEDED5A8EEDFB8A84ED025AAF
:1045A0009FEDEB5A8EEDFD8A84ED035A9FEDE95A9B
:1045B0008EEDFE8A4FF0040E84ED045A9FEDE65A0C
:1045C00084ED055A9FEDE55A84ED065A9FEDE45AB5
:1045D00084ED075A9FEDE35A84ED085A9FEDE25AA5
:1045E00084ED095A9FEDE15A84ED0A5A9FEDE05A95
:1045F00084ED0B5A9FEDDF5A84ED0C5A9FEDDE5A85
:1046000084ED0D5A9FEDDD5A84ED0E5A9FEDDC5A74
:1046100084ED125A4C349FEDDB5A84ED077A84ED19
:10462000005A9FEDD95A9FEDD97A84ED015A9FED3A
:10463000D85A84ED065A9FEDD75A84ED095A9FED5A
:10464000D65A04ED048AC4ED033A44ED033A84EDEE
:10465000028A84ED048A84ED058A04ED028A84EDE1
:10466000088AC4ED0A7A84ED0B6A84ED0C5A3C3456
:104670009FEDCA5ADFEDCA7A84ED005A9FEDC95A00
:10468000C4ED027A84ED035ADFEDC77A9FEDC75A75
:10469000C4ED063AC4ED093AC4ED1A7A84ED1B5A0A
:1046A000C4ED015A84ED047A04ED028A04ED018A16
:1046B00084ED058A84ED078A84ED088A84ED0A8AF0
:1046C00084ED0B8A30349FEDBA6AC4ED003AC4ED34
:1046D000033A84ED018A84ED028A84ED048A84ED34
:1046E000058A9FEDB45AC4ED063AC4ED093AC4ED0B
:1046F0000C3A84ED078A84ED088A84ED0A8A84EDF9
:104700000B8A84ED0D8A84ED108A84ED116A483499
:1047100084ED005A9FEDA85ADFEDA87A84ED035A84
:104720009FEDA75AC4ED047A84ED065ADFEDA57A11
:104730009FEDA55AC4ED087A84ED095ADFEDA35A1E
:104740009FEDA37A9FEDA36A9FEDA35ADFEDA37AB5
:10475000C4ED025A84ED057A84ED0A6A84ED0C5AA0
:10476000C4ED0D7ADFED9E5A9FED9E7A9FED9E5A25
:10477000DFED9E7A9FED9E6AC4ED0B5A84ED0E7AB2
:1047800084ED0F5AC4ED107A84ED116A48349FED20
:10479000995ADFED997A84ED005AC4ED047AC4ED9C
:1047A000066A9FED965ADFED965A9FED967ADFEDF9
:1047B000966A9FED966ADFED967A84ED035AC4ED12
:1047C000025A84ED057AC4ED076ADFED925A84ED52
:1047D000086A9FED917AC4ED097ADFED906ADFED0A
:1047E000907AC4ED0A5A84ED0B7ABBEE047AC4EDDC
:1047F0000C7A04ED118A04ED0B8A84ED018AC4ED74
:104800000D6A3C34DFED877A85ED008AC4ED007ACD
:10481000DFED857A85ED038AC4ED027ADFED837AD8
:1048200085ED068AC4ED037ADFED817A85ED098A8C
:10483000C4ED057ADFED7F7A85ED0C8AC4ED067A4A
:10484000DFED7D7A85ED0F8AC4ED087ADFED7B7AA6
:1048500085ED128AC4ED097ADFED797A85ED158A46
:10486000C4ED0B7ADFED777ADFED776AC4ED0C7A71
:10487000DFED767A9FED766AC4ED0E7ADFED757A1C
:10488000C4ED0F7ADFED747AC4ED117ADFED737A3F
:10489000C4ED127ADFED727AC4ED147ADFED717A2D
:1048A000C4ED157ADFED707A44ED017AC5ED174A53
:1048B00085ED194AC5ED1A4A85ED1C4AC5ED1D4A1C
:1048C00085ED164A85ED188A85ED1B8A06F29C65F2
:1048D00082ED008A06F5D5622C46DFED647A82ED22
:1048E000004A06F2AC623C3407ED024A47ED014A49
:1048F00005F51E7C07ED038AC3ED004A2B4687EDC4
:10490000014AC7ED024A303387ED044AC7ED054A34
:1049100087ED074AC7ED084AC4E000BF0681FDC025
:104920004A7B4EC16B9ABB40810449C05CA0F7C171
:1049300062A12A4123DBF3C0780BCBC142CF1C41DB
:10494000FAED6B3A3BDFA940E9488FC14625D53FD8
:10495000107A8EBFAC0B94C1EF388B4011C7CEC01C
:10496000D2C02DC294879641925CA8C09F3C66C17C
:10497000B1E19540DE020AC1294B1DC2A9A48541BF
:10498000423E9240764FDEC1849ED74070CE88BCB6
:10499000AF94E5BD7CF2303BD122DBBD575B313DAE
:1049A0004E6290BD6E3400BEB3EAF3BD795828BEA6
:1049B000A913503D0AD7A33C4FAF14BE17B751BB44
:1049C0003D2CD43C07F096BD6D56FDBD04560EBE81
:1049D000FD87743DBBB88DBCE3A51B3D52491D3C12
:1049E0004CA68A3DEBE2B6BD4BC807BEFF21FDBC1D
:1049F00077BE9F3D0E2D323DA8574ABD742417BE89
:104A0000871659BD4FAF943D82E247BCBC0592BDAD
:104A10004CA60ABEA4DFBEBC4260653C68916D3CFA
:104A2000006F813CC5A0B04118261F41C1A88C4130
:104A300088F4C9409A0888419A771D4129CB2541BD
:104A4000AC1C92BF1748B8410000C84242CF6AC0B0
:104A500000004843D73498414FAF2440E6AE974119
:104A60008FE46E40B3EAC441539606410F9CEA417D
:104A700014D040421372B341D0C401425F29514166
:104A800024A8FB4197907841BA2B6B429FABC5405D
:104A90001B0D73423F354E4006C102422FDD38C127
:104AA000AE87114287ED0A4AC7ED0B4A87ED0D4AE2
:104AB000C7ED0E4A85ED0C4A85ED004AC5ED0D4A5D
:104AC00087ED008A87ED038A87ED068A87ED098ADC
:104AD00087ED0C8A87ED0F8AA1F66437C2ED004A94
:104AE00006F5D662C4ED037A5FED1F7A82ED008A87
:104AF00006F2B462C4ED047A5FED227A82ED004AD8
:104B000006F5D762C4ED067A5FED257AC2ED004A5C
:104B100006F2BC62C4ED077A5FED287A82ED008A66
:104B200006F5D862C4ED097A5FED2B7A82ED004A72
:104B300006F2C462C4ED0A7A5FED2E7AC2ED004A35
:104B400006F5D962C4ED0C7AA5F5D8565FED327A38
:104B500084ED004AC4ED0D7A5FED347AC4ED014A6C
:104B6000C4ED0F7A5FED367A82ED008AC4ED107ADB
:104B70005FED387A85ED0E8AC4ED127A5FED3A7AF0
:104B800084ED028AC4ED137A5FED3C7A84ED058AE8
:104B9000C4ED157A5FED3E7AF64AC4ED167ADFED84
:104BA000F67AC4ED187ADFEDF57AC4ED197ADFED07
:104BB000F47AC4ED1B7ADFEDF37AC4ED1C7ADFEDF5
:104BC000F27AC4ED1E7ADFEDF17AC4ED1F7A84ED3E
:104BD000088AC4F8A070A1F65437DFEDED7AC4F866
:104BE000B070A437C4ED217ADFEDEA7AC4F8E4208E
:104BF00002F5F672C4ED227ADFEDE77A84ED0B8AD6
:104C0000C4ED247ADFEDE57A84ED0E8A84ED118A15
:104C100084ED148A84ED178A84ED1A8A84ED1D8A46
:104C200084ED208AC4ED257AC4F89CE005F57D7EEC
:104C3000C4F8F420A3F5D85284ED238A84ED268AA3
:104C400084ED2A8ADFEDD67AC4E93071A1F60C2111
:104C500005F57777C4E93410A431A3F5E350A3F543
:104C6000DB53C4F8E010A431C4F8F0102921C4F8D3
:104C7000AC10C4F8BC10C4F8CC10C4F8DC1011217E
:104C8000C4F8EC101221C4F8FC1005F5247184ED71
:104C90002E8AC4F8A460A6F2646684ED328AC4F851
:104CA000006106F5716684ED368AC4F80461A6F6E3
:104CB000C86684ED3A8AC4F8106106F57A6684ED18
:104CC0003E8AC4F81461A6F6587684ED428AC4F888
:104CD0002061B44EC4F8B42005F52A72C4F82461EA
:104CE000A6F6E876C4F80CA1C4F8306106F586563D
:104CF000C4F81CA1C4F83461AB4EC4F82CA1C4F8AC
:104D000040614836C4F83CA1C4F850614836C4F844
:104D10004CA1C4F860614836C4F85CA1C4F8706165
:104D20004836C4F86CA1C4F88061A5F6F466C4F8EE
:104D30007CA14FF0110A84ED468A84ED4A8A84ED05
:104D40004E8A84ED528A84ED568AC4F84461A5F6F1
:104D50001C66C4F80002C4F85461A5F6445684EDFC
:104D60005A8AC4F86461A5F66C4684ED5E8AC4F87C
:104D70007461049E84ED628AC4F88461A0F52B7688
:104D8000C4F8CCA1C4F8906106F5A156C4F89461AA
:104D9000864EC4F8A061864EC4F8A461854EC4F85E
:104DA000B06106F5AA56C4F8B461834EC4F8C06178
:104DB000824EC4F8C461A0F5C676C4F8D06106F589
:104DC000B356C4F8D4617E4EC4F8E061059EC4F8C1
:104DD000E461A0F1A4067B48C4F8F0617A4EC4F8FF
:104DE000040200F5F670C4F8F4611226C4F88C6170
:104DF000C4F89C61C4F8AC61C4F8BC612926C4F84D
:104E0000DC61C4F8EC61C4F8FC610826C4F8140243
:104E1000C4F80C62A3F15C06C4ED8F7AC4F810628A
:104E20000F2684ED907AC4F81C62A0F5D556603048
:104E300084ED913AC4ED927AC4F824020C20C4EDBA
:104E4000936A84ED943A84ED956AC4ED966A84ED94
:104E5000973A84ED986A84ED997A84ED9A3A84EDD4
:104E6000668A84ED6A8A84ED6E8A84ED728A84EDA6
:104E7000768A84ED7A8A84ED7E8A84ED828A84ED56
:104E8000868AC4F8206205F53076C4E98B030320D6
:104E90004E4BC4F880020220C4F8843205F1480366
:104EA000C4F87402C4F87C020020C4F83432C4F898
:104EB0006C020120464BC4F870020020C4F81C3379
:104EC00005F52173C4F89012C4F8CC124FF000011C
:104ED000C4F888C2C4F8C8C284ED8A8A84ED8E8A78
:104EE000C4F8780205F21C4084EDA88A84EDA98AF2
:104EF00084EDAA8A84EDAB8A84EDAC8A84EDAD8A18
:104F000084EDAE8A84EDAF8A84EDB08A84F8C41251
:104F100084EDB88A84EDB98A84EDBA8A84EDBB8ABF
:104F200084EDBC8A84EDBD8A84EDBE8A84EDBF8A9F
:104F3000C4E9C2C284EDC08AC4F88C3205F5277377
:104F4000C4F828E3C4F8D03205F57A73C4EDE87AE2
:104F5000C4EDEB7A84EDE97A84EDF27A84EDEA3AF5
:104F6000C4EDEC6AC4EDEF6A84EDED3A84EDEE6ACF
:104F700030E000BF3497012080B7803FF5F97742D9
:104F8000BEC1EBC005E37D42235BA3C1564E204268
:104F90000F9CD4C140242B4283D1C6C1BFFD7642B1
:104FA000000091439C9B0120FC8B0120AC8D0120D3
:104FB0005CA20120F48D01203C8E01200CA4012074
:104FC000C88E012088A901209CA701208C3C0020CC
:104FD000B43C002084EDF16A84EDF03A84EDF33ABC
:104FE00084F8041384F8181384EDCE8A84EDCF8AF4
:104FF00084EDD08A84EDD18A84EDD28A84EDD38A7F
:10500000C4F8D0236FF07F02C4F82073C4F8607333
:105010004FF0010784EDD48A84EDD58A84EDD68AD9
:1050200084F85C1384EDDE8A84EDDF8A84EDE08A07
:10503000C4F8243348F28003C4F864E3ADF8583070
:1050400005F5806384EDE18AC4F8683384EDE28A73
:1050500084EDE38A84EDE48A84EDE58A84EDE68AD2
:1050600084F89C1384F8DC1316A98DF85A2003F0F9
:105070005DF905F5856003F0F1F8002384F85874B4
:10508000C4F880342F4BC4F84C64C4F85C342E4B05
:105090002E48C4F860342E4BC4F864342D4BC4F849
:1050A00068342D4BC4F86C342C4BC4F870342C4B42
:1050B000C4F874342B4BC4F878342B4BC4F87C34CC
:1050C00005F5567305F59365C4F85034F9F7D2F930
:1050D00006F5B470F9F7CEF9244B2548C9F84831E4
:1050E000244B89F82071C8F8743BC4F85434C9F8CB
:1050F0001C51DFF7A3FF0BF2FC621F490BF20C738C
:105100001E4C16A811601E4A1E49169451601E4975
:1051100019601E4B1E4983ED008A1E4B81ED008AEB
:1051200083ED008A1C491D4B11601793F0F7B0FA0C
:105130001B4A1C490E481BB0BDEC108BBDE8F04F5C
:1051400003F0F4BE10460020184600208887012096
:105150002046002028460020304600203846002007
:105160003C460020444600204C46002004EF00202E
:105170007CAC0020B8B7002015AE873F000040434C
:105180005C720020000040C01E85AB3FA84A002092
:10519000A44A0020AC4A002000008C41000060427C
:1051A0002C4B002011960000000000002DE9F04F6C
:1051B000067B85B00D78002E8368BD4C14BF80221D
:1051C000012203911542DFF800B3BA490CBF012751
:1051D00000270195BA46B4FBF3F40023E4B202932E
:1051E000B54B002C40F0CB80477B17F0F70F69D10F
:1051F000019D90F910C015EA020E14BF4FF001088E
:105200004FF0000888EA0A07BCF1FF3F0CBF0027F7
:1052100007F00107002F40F02F81C77B272F0FD801
:105220004FEA071C51F80CE001EB071CDEF8049074
:10523000DCF80C8019EA080F00F00181CEF88480B8
:10524000002C40F0048190F911C0BCF1FF3F14D054
:105250005FFA8CFCBCF1270F0FD84FEA0C1E01EB54
:105260000C1C51F80EE0DCF80CC0DEF808E01EEA79
:105270000C0F02D0029D15430295272F0FD84FEA3D
:10528000071C01EB071751F80CC0D7F80CE0DCF84D
:10529000048018EA0E0F00F0CE80CCF888E06EB9DA
:1052A0005200D2B2002A9CD190F91130013302D0C1
:1052B000DDE902231A7005B0BDE8F08F5208002A1C
:1052C0008FD1F1E70C2F6CD190F910707D1C19D0A3
:1052D000FFB2272F16D84FEA071C019D01EB0717D5
:1052E00051F80CC005EA0209D7F80CE0DCF804809C
:1052F00018EA0E0F00F05A81B9F1000F00F070812A
:10530000CCF884E090F80FC0BCF1270F00F2DE80EB
:105310004FEA0C1701EB0C1E51F80780DEF80C70F9
:10532000D8F8049019EA070F00F00E81C8F88870C9
:10533000002C40F0CE80D8F804C0DEF80C701CEAD7
:10534000070F00F0E880C8F88470002C40F0EA8075
:1053500090F911707D1CA2D0FFB2272F9FD84FEA81
:10536000071C01EB071751F80CC0FF68DCF808C0F8
:105370001CEA070F93D0029D154302958FE74F4F0C
:10538000D3F804E03F68019DABFB077C4FEA9C4CDF
:105390000CFB04FC5F68A7EB0E07BC45FAD801952F
:1053A00022E7C77B272F0FD84FEA071C51F80CE0E4
:1053B00001EB071CDEF80490DCF80C8019EA080FFA
:1053C00000F0C780CEF88480002C40F0CA8090F9AD
:1053D00010C0BCF1FF3F1BD05FFA8CFCBCF1270F63
:1053E00016D84FEA0C1E019D01EB0C1C51F80EE083
:1053F00005EA0209DCF80C80DEF8045015EA080F13
:1054000000F0DB80B9F1000F00F0F480CEF884806A
:10541000272F9DD84FEA071C01EB071751F80CC046
:10542000D7F80CE0DCF8048018EA0E0F00F0AE802C
:10543000CCF888E08CE7BF68214D3D602FE7DCF8B1
:1054400008C0204DCCF80050002C3FF4FCAE1B4DA2
:105450009146D3F80480D5F800E0019DABFB0ECE59
:105460004FEA9E4E0EFB04FE5A68A2EB080CE6457E
:10547000FAD84A460195E6E65FFA8CFCBCF1270FA4
:1054800000F288804FEA0C1801EB0C1C51F80880E0
:10549000DCF80C90D8F804A01AEA090F7CD0BEF111
:1054A000000F00F09380BA46C8F88490B5E600BFBC
:1054B00020A10700381E0020001000E0B44A0020A0
:1054C0003830010038F0010083DE1B43002C3FF42C
:1054D0003FAF4A4DD3F804802F68019DABFB077E98
:1054E0004FEA9E4E04FB0EFE5F68A7EB0807BE4521
:1054F000FAD8BCF1270F019514D84FEA0C1701EB2D
:105500000C1E51F80780DEF80C70D8F804C01CEAB5
:10551000070F7FF418AFDEF80870394D3D60002C9E
:105520003FF416AF354DD3F804E02F68019DABFB77
:10553000077C4FEA9C4C04FB0CFC5F68A7EB0E0752
:10554000BC45FAD8019503E7DEF808702D4D3D60A3
:10555000EEE6DCF808C02A4DCCF80050002C3FF4F1
:1055600036AF264D9146D3F80480D5F800E0019D72
:10557000ABFB0ECE4FEA9E4E0EFB04FE5A68A2EB2A
:10558000080CE645FAD84A46019520E7BF681D4D4C
:105590003D60DDE6C24640E6BEF1000F1AD0DCF801
:1055A00008C0BA46164DCCF8005036E6BF68B9F1CF
:1055B000000F18D0124D3D60A4E6DCF808C0B9F128
:1055C000000F13D00E4DCCF8005021E7F246C8F87A
:1055D000889022E6DCF80870F2460A4D3D601CE631
:1055E000CCF888E08EE6074D3D608BE6054DCCF8A3
:1055F00000500DE7CEF888800AE700BFB44A0020CB
:1056000038F001003830010030B405680DB930BC05
:10561000CCE50A462B6840F201210124196111787A
:105620005966186F1146800715D45B6F013C01F86D
:10563000013B0A462B685869C007F2D54CB11444A7
:1056400029680B6F9B07FCD44B6F02F8013BA24209
:10565000F6D130BC70475969C907E2D5EEE700BF03
:105660002DE9F04F83B00190806808B10BF064F928
:10567000019B5B68002B00F0F18053F8042C02EBD7
:10568000C20203EB82029342009200F0DF80009B93
:1056900053F81C0C243B009308B10BF04DF9009B10
:1056A0005B68002B00F0CC8053F8042C02EBC202A4
:1056B00003EB82094B4500F0BF8059F81C0CA9F19F
:1056C000240908B10BF038F9D9F80430002B00F0A8
:1056D000AE8053F8042C02EBC20203EB8208434570
:1056E00000F0A18058F81C0CA8F1240808B10BF0B8
:1056F00023F9D8F80430002B00F0908053F8047C94
:1057000007EBC70703EB8707BB4200F0838057F81E
:105710001C0C243F08B10BF00FF97B68002B74D0F0
:1057200053F8046C06EBC60603EB8606B34268D05A
:1057300056F81C0C243E08B10BF0FEF87368002BE1
:105740005CD053F8045C05EBC50503EB8505AB4263
:1057500050D055F81C0C243D08B10BF0EDF86B68E7
:10576000002B44D053F8044C04EBC40403EB840432
:10577000A34238D054F81C0C243C08B10BF0DCF8E0
:1057800062686AB352F8043C03EBC30302EB830B79
:105790005A4521D05BF81C0CABF1240B08B10BF07F
:1057A000CBF8DBF80420A2B152F8040C00EBC000E7
:1057B00002EB800A524508D0AAF1240A5046FFF7AE
:1057C0004FFFDBF804205245F6D1AAF108000BF098
:1057D000B3F862685A45DDD1ABF108000BF0ACF8C4
:1057E0006B68A342C6D1A4F108000BF0A5F873685A
:1057F000AB42AED1A5F108000BF09EF87B68B34236
:1058000096D1A6F108000BF097F8D8F80430BB4207
:105810007FF47DAFA7F108000BF08EF8D9F80430C3
:1058200043457FF45FAFA8F108000BF085F8009BBB
:105830005B684B457FF441AFA9F108000BF07CF8A1
:10584000019B009A5B6893427FF421AF009BA3F118
:10585000080003B0BDE8F04F0BF06EB803B0BDE830
:10586000F08F00BF2DE9F04F2DED108BB7B08346C0
:10587000047F02AF002C7FD000259FEDA48AA44EA8
:1058800065E0DBF800309B6998470146224607F146
:1058900060000B689B6898473269DBF8043007F1B9
:1058A000800C126807F15400D3ED095A93ED086A91
:1058B000D3ED0A7A07F1900397ED197AD7ED186ABC
:1058C00077EE887A916E37EE257A76EE866A0A68E8
:1058D000D2F8008007F17002C7ED1C6A87ED1D7ACF
:1058E000C7ED1E7A87ED248A87ED258A87ED268A03
:1058F00087ED208A87ED218A87ED228ACDF800C0C6
:10590000C047DBF8003058469B699847036821463A
:105910001B69984797F85420034658461A70DBF8DD
:1059200000309B699847036821461B69984797F8A0
:105930005520034658465A70DBF800309B6998475B
:10594000036821461B69984797F856308370DBF847
:1059500000305846ACB29B6998470368DB699847AA
:10596000034658469D4205F101058AD3D437BD460A
:10597000BDEC108BBDE8F08FD0E90123C7F808D04B
:10598000586899681D68DB68506007F18000916075
:1059900002F11001D3601560F3F796FBDBF80C30D1
:1059A00007F1700207F180013B6707F19000DBF817
:1059B00010307B67DBF81430BB67DBF81830FB670F
:1059C000F3F782FB534B5946D7F8902007F1380084
:1059D0001A60D7F894205A60D7F898209A60D7F8C0
:1059E0009C20DA60DBF800301B689847DBF8003059
:1059F000594607F140005B68984797ED0E5AD7ED7E
:105A00000F5A002397ED106AF6EE004AD7ED116A9F
:105A100036EE057AC7F8903076EEA57AC7F894305E
:105A2000C7F89830C7F89C3027EE247AC7F8A03022
:105A300067EEA47AC7F8A430354BC7F8B040197D9B
:105A400087ED2D5AC7ED2E5A87ED2F6AC7ED306AC4
:105A500087ED317AC7ED327AA7F8CC40C7E92A44FE
:105A6000002900F0658501252246294B1B6953F862
:105A7000223093F86C20002A40F0BE820134E2B25A
:105A80009142F2D86C2305FB03F3073323F007039D
:105A9000ADEB030D6B1E02AABA62BDB16C22BC6AEB
:105AA000A01802FB03002346002200241A606C3376
:105AB00043F8382C43F8342C43F8302C43F82C2C82
:105AC00003F8084C43F8042C9842EFD1002900F069
:105AD0001B830023DFED10BAD946C7E9033306E084
:105AE000FB680133FB60DBB2994240F20C83084A49
:105AF000126952F823209B003B6392F86C307A6362
:105B0000002BEDD04FF0000A9DE000BF0000000028
:105B10007CAC002058C901206F12833AB4EECA9AB7
:105B2000F1EE10FAB4EECB9A7AFE097AF1EE10FAA1
:105B3000F4EEE9AA54BFB0EE497AB0EE4B7AF1EE3A
:105B400010FA40F31B82F4EEE98AF1EE10FAF4EE5B
:105B5000EA8A39FEA86AF1EE10FA54BFF0EE686ADC
:105B6000F0EE6A6A6C23F96ABC6A002003FB01F15B
:105B7000D7ED2F5A0C440B46796AF4EEE57A62644D
:105B80003433E062F1EE10FA2063C4ED00FA84EDE4
:105B900001AAC4ED029A84ED03BAC4ED04AA84ED0F
:105BA000059AC4ED068AC4ED07EA84ED08EAC4ED5F
:105BB00009DA84ED0ADAC4ED0D7A84ED0E6A84ED1B
:105BC0000F7AC4ED106AC4E91215396A84F86410BA
:105BD000B969A165F969C4E91486E1657969BA6AA8
:105BE0002166134484ED1AFA29D5D7ED2D7AF4EE07
:105BF000C77AF1EE10FA22D593ED017AD7ED307A1B
:105C0000B4EEE77AF1EE10FA19D5D7ED2E7AF4EE6C
:105C1000E76AF1EE10FA12DDB7F8A860B7F8AA50FB
:105C2000AE4200F0C281B7F8CC20D7F8B0300132D4
:105C300043F826400136A7F8CC20A7F8A8600AF15F
:105C400001031FFA83FA7B6B586E3B6953449BB286
:105C5000FB6203685B689847824580F2DB81E44E13
:105C60004FEA8A183A6B3369D9F804409B58586E4A
:105C7000D9F80C303B66D9F810307B66D9F814306F
:105C8000BB66D9F81830FB6603681B6998473A6B06
:105C9000336900EB8A1B05469B589BF83C207B63CD
:105CA0009B6E3A627B6242B1DBF80C30BB61DBF881
:105CB0001030FB61DBF814307B6104F110062246E2
:105CC00007F180003146F3F7FFF907F1600207F1B1
:105CD000800107F17000F3F7F7F955F8085094EDDB
:105CE000095A07F17001D4ED0A5A07F1480094ED02
:105CF000086A07F15402D5ED016A95ED027AD5EDF7
:105D0000007A76EEC56A37EE657A77EEC67AC7ED29
:105D1000166A87ED177AC7ED157AF3F747FA94ED0F
:105D20000B7A3146D4ED0C7A224697ED12AA07F190
:105D30008000D7ED139A2AEE07AAD4ED0DCA69EEBA
:105D4000A79A97ED14DAF3F7BFF907F1600207F1AC
:105D5000800107F17000F3F7B7F9DBF8048094EDE8
:105D6000095A07F15402D4ED0A5A07F1700194ED73
:105D7000086A07F14800D8ED016A98ED027AD8ED7B
:105D8000007A76EEC56A37EE657A77EEC67AC7EDA9
:105D9000166A87ED177AC7ED157AF3F707FA94EDCF
:105DA0000B6A3146D4ED0C6A224697ED147A07F15E
:105DB0008000D4ED0D7A97ED12BAD7ED13AA27EE35
:105DC00027CA2BEE06BA6AEEA6AAF3F77DF907F109
:105DD000600207F1800107F17000F3F775F9DBF855
:105DE000086094ED095A07F15402D4ED0A5A07F1FC
:105DF000480094ED086A07F17001D6ED016A96ED4E
:105E0000027AD6ED007A76EEC56A37EE657A77EEDD
:105E1000C67AC7ED166A87ED177AC7ED157AF3F7DC
:105E2000C5F9D5ED027A3AEEE9EA98ED028A7BEE01
:105E30004AEAD5ED006A0BF1300238EE678A95ED3B
:105E4000017AD8ED004A98ED015A94ED0B6A74EE90
:105E5000E64AD4ED0C7A35EE475A94ED0D4A97EDAB
:105E6000129AD7ED138AD7ED143A29EE069A8BEDE4
:105E7000088A68EEA78A95ED027AD6ED026A79EE75
:105E80004ADACBED064A76EEC76AD6ED005AB0EE96
:105E90004C7AD5ED002A8BED075A6DEECE7A96ED51
:105EA000016A75EEE25A95ED013AADEE2C7A64EE98
:105EB000E6CACBED0B6A36EE436ACBED095A25EE06
:105EC00065CAE5EE88CA28EE468A8BED0A6AA6EE18
:105ED00024CA38EEE9DAA6EE858AA3EE847A2CEE9F
:105EE000AC0AEEEE8D7AF0EE084AB7EE005AA8EE54
:105EF000080A87EE24FAACEE0C0AC5EE27FAB5EED6
:105F0000400AF1EE10FA00F15883B1EEC07AF7EED4
:105F1000006A77EE667AF0EEE77AF4EEEB7AF1EE6D
:105F200010FA0AD4B5EE407AF1EE10FA36D088EEC7
:105F3000078ACCEE87CA8CEE07CA8BED0C8ACBEDB4
:105F40000DCA8BED0ECAB4EECABAF1EE10FA3FF7E5
:105F5000E5ADB4EECB9AF1EE10FAB4EECA9A7BFE40
:105F6000097AF1EE10FAF4EEE9AA54BFB0EE497ADC
:105F7000B0EE4A7AF1EE10FA3FF7E5ADF4EEEA8AB8
:105F8000F1EE10FAF4EEE98A3AFEA86AF1EE10FAA0
:105F900054BFF0EE686AF0EE696AE3E59FED15CA5A
:105FA000F0EE66CAB0EE4C8AC7E7002E37D1D7F8BC
:105FB000B0304FF008082020FB620AF0B5FCC7F8AB
:105FC000B000002340F825300135ADB2A845F9D81E
:105FD000FB6A4BB118460AF0AFFC054B3A6B1B69E4
:105FE000B7F8A8609B587B63A7F8AA801BE600BFA0
:105FF0007CAC002000000000586E013403685B6830
:106000009847BD4BE2B22844197D85B291423FF6D4
:106010002CAD37E5FB6A3B61B74B197D60E54FEA74
:106020004608D7F8B0501FFA88F8FD624FEA88009A
:106030000AF07AFCC7F8B000B8F1000FC8D04645A6
:10604000B646C5F30202294628BFC646BEF1080F70
:1060500094BF00230123002A18BF0023002B00F067
:1060600023812B1DC31A082B40F21E81BEF1000FA5
:1060700000F1200C00F1100201F1100114BF734671
:1060800001231D467B629D4BAD08013DADB20CEB7B
:10609000051C1D0C03F1040B1032002310316BF3AF
:1060A0000F03944505F1040B05F1010511ED086B93
:1060B00011ED067B6BF31F43ADB202ED086B02EDF1
:1060C000067BE6D1796A21F003028A4293B216D0A8
:1060D0005D1CF96AADB251F82320754540F82320C4
:1060E0000DD251F8252040F825209D1CADB27545F4
:1060F00005D251F82520033340F825209DB2A8454C
:106100003FF65FAF64E7CB4600219FED7D8ADFED70
:106110007D8A07F1A8000D469FED7B9AF4F73CF9C4
:106120002E46DBF800305846ACB29B6998470368AE
:10613000DB699847A04240F2AB80DBF8003058465C
:106140009B6998470146224607F180000B689B68CF
:106150009847D7F8AC30D7ED207AD7ED214A002BFD
:1061600000F0AA8193ED037AB4EEE77AF1EE10FA2B
:1061700015D893ED057AB4EEE77AF1EE10FA0EDB5E
:1061800093ED047AB4EEE47AF1EE10FA07D893EDC9
:10619000067AB4EEE47AF1EE10FA80F2928093ED92
:1061A0000C7AF4EEC77AF1EE10FA15DB93ED0E7A65
:1061B000B4EEE77AF1EE10FA0EDB93ED0D7AB4EE61
:1061C000E47AF1EE10FA07D893ED0F7AF4EEC74AAD
:1061D000F1EE10FA40F2178193ED157AB4EEE77AFA
:1061E000F1EE10FA15D893ED177AB4EEE77AF1EEE6
:1061F00010FA0EDB93ED167AF4EEC74AF1EE10FAC0
:1062000007DB93ED187AF4EEC74AF1EE10FA40F28C
:10621000FD8093ED1E7AF4EEC77AF1EE10FA15DBED
:1062200093ED207AF4EEC77AF1EE10FA0ED893EDE2
:106230001F7AF4EEC74AF1EE10FA07DB93ED217AEC
:10624000F4EEC74AF1EE10FA40F2E380DBF80030DA
:1062500058469B699847036821461B69984703463F
:1062600058461E70DBF800309B699847036821464A
:106270001B699847034658465E70DBF800309B69FF
:106280009847036821461B6998478670013548E79F
:1062900007F1A800FFF7E4F9D7F808D0D437BD46D6
:1062A000BDEC108BBDE8F08FFB6A00251A1F031FA1
:1062B000013552F8041FADB243F8041F7545F7D3FA
:1062C0001DE71A465368002B7FF44CAF1088002856
:1062D000BCD0D2F808E04FF0000CF7EE002AF0EE48
:1062E000481AAEF10401B0EE482AE046B0EE481A72
:1062F0006246B0EE684A0CE07CAC0020020003006D
:1063000000000000FFFF7F7F6F12833A013290424E
:1063100051D051F8043F93ED1A6AB4EEC64AF1EE3B
:1063200010FAF3DDD3ED026A93ED015A74EEE66ADA
:1063300093ED097A37EEC55AD3ED0A3AD3ED005AF8
:1063400027EE667AA5EE237A27EE257AB5EEC07A97
:10635000F1EE10FADAD493ED073AD3ED083A66EE8F
:10636000836AE5EE636A65EEA65AF5EEC05AF1EE71
:1063700010FACBD4B4EEE27AF1EE10FAC6DCF4EE09
:10638000E25AF1EE10FAC1DC72EEC76A76EEE56A07
:10639000F5EEC06AF1EE10FAB8DB90460132F0EE8D
:1063A000651A4FF0010C9042B0EE472AB0EE661A23
:1063B000B0EE464AADD1BCF1000F2DD1E046E1462A
:1063C000E246DBF8003058469B699847036821464F
:1063D0001B69984780F800A0DBF8003058469B699D
:1063E0009847036821461B69984780F80190DBF8BD
:1063F000003058469B699847036821461B699847B7
:1064000080F8028042E703F124025BE703F14802CF
:1064100058E703F16C0255E75EF828301A6D92EDEB
:10642000017AD2ED027AD2ED006A22EE077ADA6CB6
:1064300062EE277A62EE266A92ED005AD2ED015A98
:1064400092ED026AE5EE016AA5EE817A5A6DE6EEFA
:10645000017A92ED005AD2ED015A92ED026AE5EE10
:10646000216A93F86420A5EEA17AE6EE217AC7EDC1
:106470001C6A87ED1D7AC7ED1E7A02BBF0EE487AE2
:10648000B0EE487A07F16000D3E911310A68D2F81A
:10649000008007F1800287ED207AC7ED217A87ED31
:1064A000228A009207F17002C04797F860A097F81F
:1064B000619097F8628084E707F1A80206E7F7EE9B
:1064C000007A9A6D71EE677AF0EEE77AF4EEC97AA7
:1064D000F1EE10FA52D592ED006A92ED011AF7EE44
:1064E000007ADA6D72EE677AF0EEE77AF4EEC97A46
:1064F000F1EE10FA32D592ED007AD2ED017AF7EE94
:10650000006A1A6E37EE067A77EE817A71EEE66AE5
:10651000F0EEE66AF4EEC96AF1EE10FA0ED5D2EDAD
:10652000006AD2ED011A37EE267A77EEA17AA9E752
:106530009CB00B4602AABA62FFF7B0BAF0EEE16A6D
:10654000F4EEC96AF1EE10FA28D4D2ED006A92EDA9
:10655000016A61EEA66A61EE861AE4E7F0EEC27A9D
:10656000F4EEC97AF1EE10FA22D492ED007AD2ED6F
:10657000017A22EE077A62EE277AC0E7F0EEC17A5E
:10658000F4EEC97AF1EE10FA0DD492ED006AD2ED74
:10659000017A21EE066A21EE271AA0E7F0EE481AEA
:1065A000F0EE486ABFE7B0EE481AB0EE486A96E7E8
:1065B000F0EE487AB0EE487AA1E77A6002F0ECFC9F
:1065C0007A68B0EE407AA2E41C4A538A98421CDAF8
:1065D000938AD3B100B5137A5BB1022B16D0012B8D
:1065E00023D09389B2F80AC0013B1B1A1BB20CFBE3
:1065F00003F0936900EB4000B1F800C01A1823F8CB
:1066000000C08B7893705DF804FB7047B2F80AE025
:10661000B2F80CC00EF1FF330CF1FF3C1B1A0FFA5D
:106620008CFC1BB20EFB0C30E3E7B2F80AC00CF195
:10663000FF331BB20CFB0030DBE700BF28C2012098
:106640002DE9F04F89B00793C36805909A4200F294
:106650004481037844685B0084F8A53040F201135C
:10666000A4F82F310023F5F729FA0690002800F04E
:106670003481129B002B00F032814FF0000B059902
:10668000129ACB68A2EB0B024D680C789A42164620
:10669000284628BF1E46129B9B1B0496F6B25B45FC
:1066A00001938CBF002301230293F4F73FFB0028E2
:1066B00000F010814FF000036400012E4FF0000A3B
:1066C000E4B2A5F8A23040F2014338BF0126DFF85A
:1066D0004483BAF1020F44EA0303D8F8009003930D
:1066E0002B6931D9544695F8A320872A4FD9596987
:1066F0000A0500F1B28011F4105F40F07E81D8F8F5
:106700000020A2EB0902322A00F27781022C95F8D0
:10671000A30094BF00270127B0420AD34FB1D86D20
:10672000400706D18A0500F19C80029A002A00F0F9
:106730009880F4F747F9BAF1020F00F24C81A246B3
:106740002B69BAF1020FCDD8DA6D500702F00701BC
:10675000C8D4701E54465144039F40F4807044B91D
:106760001F6601340A1B032ABDD8022CBBD8002C9B
:10677000F6D0012C00F03581019A5A4502D84FF429
:1067800000721A6695F8A3200324872AAFD8D96D22
:1067900011F4E02FC1F30240A9D0511C1F6F05EB8B
:1067A000020C0128C9B285F8A3108CF81A709ED08B
:1067B00088299CD002F1020C1F6F294402285FFA3D
:1067C0008CFC85F8A3C08F7691D0BCF1880F8ED059
:1067D000D11C1F6FAC440328C9B285F8A3108CF8F4
:1067E0001A7084D0882982D002F1040C1F6F2944CA
:1067F00004285FFA8CFC85F8A3C08F763FF477AF4E
:10680000BCF1880F3FF473AF511D1F6FAC440538C6
:10681000C9B285F8A3108CF81A703FF468AF8829C4
:106820003FF465AF02F1060C1F6F294401285FFA9F
:106830008CFC85F8A3C08F763FF459AFBCF1880F6C
:106840003FF455AF196F0732AC4485F8A3208CF89C
:106850001A1059690A057FF54EAF1A6942F4407261
:106860001A61DA6D12F4E02F03D01A6942F4007253
:106870001A6195F8A330049A9A422ED1002A00F0AA
:10688000B280059B5D6800242846079F2646DDE907
:10689000045817E090F8A23090F8A3209A4203F130
:1068A0000102034440F2B18080F8A220987E0134B6
:1068B0003E44A4B206F80B00A542264640F293805F
:1068C000D8F804000368524A5B699342E2D09847C3
:1068D000C0B2ECE7049B042BD5D0002306930698A6
:1068E00009B0BDE8F08FD96D11F4E02FC1F302407B
:1068F00053D0511CD3F870C0AC180128C9B285F828
:10690000A31084F81AC048D0882946D0941CD3F824
:1069100070C029440228E4B285F8A34081F81AC067
:106920003BD0882C39D0D11CD3F870C02C4403281C
:10693000C9B285F8A31084F81AC02ED088292CD0AB
:10694000141DD3F870C029440428E4B285F8A3408C
:1069500081F81AC021D0882C1FD0511DD3F870C0E7
:106960002C440538C9B285F8A31084F81AC014D095
:10697000882912D0941DD3F870C029440128E4B2AC
:1069800085F8A34081F81AC007D0882C05D0196F6C
:1069900007322C4485F8A320A17659690C053FF5F0
:1069A0005CAF11F4105F28D1D8F80020A2EB0902E7
:1069B000322A22D895F8A320B2420AD34FB1DA6D19
:1069C000500706D18A053FF54CAF029A002A3FF4E2
:1069D00048AFF3F7F7FF95F8A3202B69872ADCD897
:1069E00081E71866BDE6049B9B44129B5B453FF61E
:1069F00046AE069809B0BDE8F08F1A6942F44072BD
:106A00001A614FF400721A662BE7FF204FE700BFB0
:106A1000C13601000CC301202DE9F0471E4682B0AB
:106A200003680546DDF82880002B70D0446893F891
:106A300013C0D4E9000ABCF1000F3FD072B693F83E
:106A400013C01CF0010F08D04FF0E0295F69D9F89E
:106A500080413C409C62C9F880411CF0020F08D084
:106A60004FF0E0299F69D9F884413C40DC62C9F8C5
:106A700084411CF0040F08D04FF0E029DF69D9F8F9
:106A800088413C401C63C9F888411CF0080F08D0BD
:106A90004FF0E0291F6AD9F88C413C405C63C9F88B
:106AA0008C411CF0100F08D04FF0E02E5F6ADEF82A
:106AB00090413C409C63CEF8904162B69C68844211
:106AC00000F0D780764C9860A469DFF8E8C1C4F381
:106AD000011EC4F382645CF82EE00134BEFBF4FCBA
:106AE000002840F0BB80A64506D30CF10104B4F5A4
:106AF000817FC0F0C8806B48D8601B6800241C618F
:106B000003245C6218640120C3F860A0186195F941
:106B10000E30581C40F0838072B1013A4C1E0DF1CA
:106B2000070A8F1814F8012F514628468DF80720C0
:106B3000FEF76AFDA742F5D1B8F1000F40D008F189
:106B4000FF330DF1070A06F1FF384FF0FF091E442D
:106B500040F2012709E051462846FEF727FB9DF841
:106B6000073008F8013F46452AD02B688DF807907A
:106B7000002BF0D01A68012154461761C2F86490C6
:106B8000136F9B0706D42346506F14B103F8010B13
:106B90001C4601395369D807F2D50029DFD0136F9D
:106BA0009B07FCD42346506F14B103F8010B1C461D
:106BB0000139F4D19DF8073008F8013F4645D4D19A
:106BC00095F90E305A1C3AD12B6823B3DA7C12B3F4
:106BD000D50704D5986A4FF0E021C1F80001940769
:106BE00004D5D86A4FF0E021C1F80401500704D55C
:106BF000186B4FF0E021C1F80801110704D5586B5C
:106C00004FF0E021C1F80C01D20604D59A6B4FF089
:106C1000E023C3F81021012002B0BDE8F087DBB209
:106C2000272B3FF679AF1C011F4800EB03130059D7
:106C3000DC68476827421ED0C0F888406CE7DBB2AA
:106C4000272BC1D81901184A02EB03135258D968EF
:106C50005068084213D0C2F88410B5E784451DD3AC
:106C6000BCFBF0F4BCFBF4FC84457FF640AFA446CB
:106C70003BE7D86841E79B680C4818604CE79B6885
:106C80000B4A1A60A0E7022C08D9023C4FEA540CC8
:106C90004FEA0C4040EA0C2020432DE700202BE770
:106CA00000C00F40FF7F7F00381E002038300100F9
:106CB00038F00100642200202DE9F84390F82F817C
:106CC000B8F1000F6DD00546F4F730F8002868D011
:106CD000414E4FF00009376800E0A146C8452A69D7
:106CE00036D24C46536919052BD4580568D49904FB
:106CF0005CD43168C91B322958D8A04504D2D26D62
:106D0000520701D1980565D4F3F75CFEC845E4D27B
:106D10002A695369190514D4580551D4990445D4E6
:106D20003168C91B322941D8A04504D2D26D52071F
:106D300001D19B054ED4F3F745FE2A695369190525
:106D4000EAD51369042043F440731361BDE8F88366
:106D5000D16D4C46480701F00703C3D413E095F802
:106D6000A5100133022441F48061042B11661BD06D
:106D7000804503F1010305EB00010ED991F8A51040
:106D8000042B1166AED00120002CE8D02046013340
:106D90000134804505EB0001F0D84FF40073136611
:106DA000A0E70420BDE8F88301249BE713694FF4B2
:106DB0000071042043F4407313611166BDE8F88349
:106DC00013694FF40071022043F44073136111669C
:106DD000BDE8F8830020E5E70CC30120F8B5A54C19
:106DE0000146A36A002B51D040F2011094F83020E4
:106DF000A14E5200A3F82F01186883F8A52002685D
:106E0000B24240F03F81B3F830210D46E2B915F8A7
:106E1000011BB3F830211ABB15F8011BB3F8302160
:106E2000002A40F0EE8015F8011BB3F83021002A4B
:106E300040F0DF802978B3F83021002A40F0CE807E
:106E40001846BDE8F84037E7022283F82F210022D8
:106E500083F8A620026815F8011BB24240F01E819B
:106E600093F82F21882A00F209819818013283F8BB
:106E70002F21A36A80F8A5101A6815F8011B126863
:106E8000B242CBD018469047A36AC5E0226C01F10C
:106E9000040C206D1368666A23EA00031360D4E9CA
:106EA0000E0311F8012B4EB135686A66EA6D12F4D3
:106EB000F81FFBD06A6F6145F3D1F8BD056812F089
:106EC000800FA76C0CBFBD433D4312F0400F05601F
:106ED0001D68E76C45EA07051D601D68E76C25EA3B
:106EE00007051D600568A76C0CBFBD433D4312F04C
:106EF000200F05601D68E76C45EA07051D601D68E9
:106F0000E76C25EA07051D600568A76C0CBFBD434B
:106F10003D4312F0100F05601D68E76C45EA070558
:106F20001D601D68E76C25EA07051D600568A76CF4
:106F30000CBFBD433D4312F0080F0560E76C1D68B0
:106F400045EA07051D601D68E76C25EA07051D6019
:106F50000568A76C0CBFBD433D4312F0040F0560EC
:106F60001D68E76C45EA07051D601D68E76C25EAAA
:106F700007051D600568A76C0CBFBD433D4312F0BB
:106F8000020F05601D68E76C45EA07051D601D6876
:106F9000E76C25EA07051D600568A76C0CBFBD43BB
:106FA0003D4312F0010F05601D68E76C45EA0705D7
:106FB0001D601D68E76C25EA07051D600268A56C69
:106FC00014BF2A43AA4302601A68E56C2A431A6078
:106FD0001A68E56C22EA05021A606CE793F82F2123
:106FE000882A3CD901225A60A36A1846BDE8F840B5
:106FF00062E693F82F21882A29D901225A60A36AD0
:1070000014E093F82F21882A1DD89818013283F8AC
:107010002F21A36A80F8A5101A6815F8011B1268C1
:10702000B2423FF402AF18469047A36A1A68297823
:107030001268B2423FF4FFAE18469047A36A184662
:10704000BDE8F84038E601225A60A36AE4E79818E0
:10705000013283F82F21A36A80F8A510E6E7501CBF
:107060001A4483F82F01A36A82F8A5101846BDE8D8
:10707000F84021E644600020FD36010001225A60FC
:10708000A36AF9E618460D4600219047A36A15F851
:10709000011B1A681268B2423FF4BBAE1846904713
:1070A000A36AE9E62DE9F047A04CA36A002B00F0A3
:1070B000D580A16D00229E481B6981421A6100F2B1
:1070C000BE8001229B489C4998645A624FF430323A
:1070D0009962DA62986C00224FF0011118651A6209
:1070E0000122996595481A61FFF778FEB4F90830D6
:1070F000402B00F04D8100218C48F4F7B5F921892F
:107100008A480139C9B2F4F7AFF9B4F90A202689DF
:10711000D31D48BF02F10E03DB10D4E90A0516FBAC
:1071200003F6B6B2002800F0408194F83030844F66
:107130005B0080F8A53040F20113A0F82F310368FE
:107140001B68BB4240F02282B0F830312BB10223E1
:1071500080F82F31402380F8A630731E9BB2002E9A
:107160004BD005F1020A012601354FF002099A447D
:10717000B04614E00136B6B2036815F8011C1B686E
:10718000BB4268D1B0F8303133B190F82F31882B41
:1071900029D9C0F80480A06A0135AA452DD0882ECF
:1071A000E8D1FFF789FD94F83030A06A5B0080F8E1
:1071B000A53040F20113A0F82F3103681A68BA42D3
:1071C00040F0D781B0F83021002A00F0EC80402256
:1071D00080F82F91022680F8A6201B6815F8011C64
:1071E000BB4238D133460135C2180133AA4580F875
:1071F0002F31A06A82F8A510D1D1FFF75DFDA36AF7
:10720000002B00F0C181E16D002249481B698142D9
:107210001A6100F2A381474C012047494FF43032F4
:107220009C6458629962DA629C6C00204FF00111F4
:1072300001221C65186299651A61BDE8F087414812
:10724000814240F29E814048404998645A62404AD7
:107250009962DA623EE79847A06A9DE7636A002B6D
:1072600000F08880D97CD4E91920002939D072B681
:10727000D97CCD0708D54FF0E0265F69D6F880515C
:107280003D409D62C6F880518F0708D54FF0E0263B
:107290009F69D6F884513D40DD62C6F884514E079F
:1072A00008D54FF0E026DF69D6F888513D401D63D0
:1072B000C6F888510D0708D54FF0E0261F6AD6F8AA
:1072C0008C513D405D63C6F88C51C90608D54FF01E
:1072D000E0255E6AD5F8901131409963C5F89011A8
:1072E00062B699688A423BD01A499A6089691A4DF8
:1072F000C1F30116C1F3826155F826600131B6FB76
:10730000F1F5002A00F04681AA4200F24781B5FB60
:10731000F2F1B5FBF1F5AA4201D20D46691CB1F5B7
:10732000817FC0F03D810D4ADA601AE044600020A0
:107330007F1A06003B372819B80B0505103000608E
:10734000FD3601003F420F000A09070460090101F0
:10735000007F050000C00F4064220020FF7F7F00F7
:10736000DA681B68002119610321596201211A643E
:1073700018661961626C616D13688E4823EA010317
:107380001360FFF72BFDB4F90830402B7FF4B3AE48
:1073900020218948F4F768F8218987481F31C9B24C
:1073A000F4F762F8B1E60226F6E6226C216D136866
:1073B000676A0B43136086B1A16B06EB050CE36BA8
:1073C00015F8012B002F39D038684266C26D12F4CF
:1073D000F81FFBD0426F6545F2D1626C616D136896
:1073E0000B431360002F3FF428AFFB7C002B3FF4CE
:1073F00024AFDC0704D5B96A4FF0E022C2F80011CF
:10740000980704D5F96A4FF0E022C2F80411590731
:1074100004D5396B4FF0E022C2F808111A0704D5E1
:10742000796B4FF0E022C2F80C11DB067FF505AF57
:10743000BA6B4FF0E023C3F81021FEE6086812F0A3
:10744000800FA66C0CBFB043304312F0400F0860B1
:107450001868E66C40EA060018601868E66C20EAD6
:10746000060018600868A66C0CBFB043304312F0E9
:10747000200F08601868E66C40EA0600186018687B
:10748000E66C20EA060018600868A66C0CBFB043E2
:10749000304312F0100F08601868E66C40EA0600EE
:1074A00018601868E66C20EA060018600868A66C88
:1074B0000CBFB043304312F0080F0860E66C186848
:1074C00040EA060018601868E66C20EA06001860BA
:1074D0000868A66C0CBFB043304312F0040F08607C
:1074E0001868E66C40EA060018601868E66C20EA46
:1074F000060018600868A66C0CBFB043304312F059
:10750000020F08601868E66C40EA06001860186808
:10751000E66C20EA060018600868A66C0CBFB04351
:10752000304312F0010F08601868E66C40EA06006C
:1075300018601868E66C20EA060018600A68A06CFB
:1075400014BF024382430A601A68E06C02431A6067
:107550001A68E06C22EA00021A603CE71748814290
:107560000CD9174C174818499C645A629862D96222
:107570005AE6402102269047A06AFDE5134C1448C4
:10758000F1E71248124960E6676A26E7402198470A
:10759000A06AE2E58E42BFF4C1AEC5E60022C3E6B2
:1075A0000229FBD902394D082A0242EA05420A4360
:1075B000BAE600BF10300060446000203F420F0078
:1075C0000A09070460090101007F05001C1A120C5A
:1075D000100E0202F8B50D4672B63D4A00233D4931
:1075E000841C91610221D16140F20641C2F8A030B1
:1075F000C2F8F0124FF47021C2F8F432C2F8F83237
:10760000C2F8FC3220F01F03C2F8A4100121C2F816
:10761000B010BFF34F8F4FF0E022C2F85C3F203331
:107620009C42FAD8BFF34F8FBFF36F8F284A53693C
:10763000DC07FCD50123284920F07F40244C53610E
:107640004026C2F8F01242F20121244FC2F8F4128F
:107650002349C2F8BC30C2F8A0000220C2F8A4102E
:10766000C2F8B03001E0590627D46369DA07FAD5C9
:1076700041211C4B0020164A61610121C4F8F032FF
:10768000194DC4F8F402194CC2F8B810C2F8A000A1
:10769000C2F8A450C2F8B0105369DF07FCD551619D
:1076A0002378DE07F0D41368094943F0010313601F
:1076B0000B68DB07FCD462B6F8BD2946024618B158
:1076C0000544384603F0E2FC00206661CDE700BFC8
:1076D00000802A40F05AF05A3204180880812A406B
:1076E00002000F000504012401000F0000812A4060
:1076F00010B472B602684B4922B190F804C0BCF1D4
:107700000F0F53D90B8813F0010C27D09C0723D5FA
:107710005A0757D51C0758D5DA0659D59C065AD5AD
:107720005A065BD51C065CD5DA055DD59C055ED591
:107730005A055FD51C0560D5DA0461D59C0462D575
:107740005A0463D5DA0B64D062B6002210230260BB
:1077500003715DF8044B70474FF0010C012202FAEF
:107760000CF213430B8062B62F4A5FFA8CF1017161
:10777000D36F43F0C003D367A2F5A03240F2824337
:1077800013602A4B91766344917711765B01D17730
:107790005DF8044B03609FED217B83ED007B83ED5F
:1077A000027B83ED047B83ED067B70470B8843FAF5
:1077B0000CF4E407A7D51D4C6444B2EB441FA2D1DE
:1077C00062B6C6E74FF0020CC8E74FF0030CC5E7FE
:1077D0004FF0040CC2E74FF0050CBFE74FF0060C6A
:1077E000BCE74FF0070CB9E74FF0080CB6E74FF0D5
:1077F000090CB3E74FF00A0CB0E74FF00B0CADE704
:107800004FF00C0CAAE74FF00D0CA7E74FF00E0C51
:10781000A4E74FF00F0CA1E7AFF3008000000000D9
:107820000000000078AC002000C00F40807400020F
:10783000174BD0E9002110B49A4215D00B684C6860
:107840001868144A20EA04005DF8044B1860106AB6
:1078500040F4C0101062906A20F00E2090621A6806
:1078600049680A431A6070470A684C6813680948F7
:1078700023EA04035DF8044B1360036B23F4FF4316
:1078800043F4C0730363136849680B431360704784
:1078900000C01A4000C00F400EB400B582B00648C8
:1078A00003AA52F8041B019202F0D0FD02B05DF869
:1078B00004EB03B0704700BF484A0020F6EE006AB0
:1078C00091ED017AD1ED007A27EE267A67EEA67A5D
:1078D00080ED017AC0ED007A704700BF2DE9F047D6
:1078E00004461546501CE268904214D822780E4691
:1078F0006168520081F8A52040F20112A1F82F2101
:107900009BB167681A4A3968D1F80480904504D160
:10791000B7F830218AB9BDE8F08719463846012208
:10792000C0478046B8F1010FF5D12A4631462046BE
:107930000123BDE8F047F4F7C1B897F82F21892A51
:107940000FD04FF00109C84607F1A50019461044B1
:10795000424603F09BFB97F82F31994487F82F910B
:10796000E0E701214FF000097960C846ECE700BF6D
:10797000A15D0100B4EE400BF1EE10FA80F1A5809C
:10798000B0EEC07B9FED6B6BB4EE467BF1EE10FA70
:1079900000F390809FED697BB4EEC70BF1EE10FA17
:1079A00000F381809FED677BB4EEC70BF1EE10FA18
:1079B00000F1B680B5EEC00B30B5F1EE10FA2DED4A
:1079C000028B8DB07DD400259FED607B30EE070BE0
:1079D000FCEEC07BB8EE678B17EE903A30EE488B2A
:1079E000002B76D1302321208DF82D303DB1013888
:1079F0002D22C0B200F130036B4403F8242C554C07
:107A000023782BB103ABC0F122011844F3F782F8BD
:107A1000B2EE046B2E2322788DF80C3028EE067B14
:107A2000FCEEC75BCDED015A9DF8043005EE903AAF
:107A30003033B8EEE55B8DF80D3037EE457B27EE41
:107A4000067BFCEEC75BCDED015A9DF8043005EED8
:107A5000903A3033B8EEE55B8DF80E3037EE457B6B
:107A600027EE067BFCEEC75BCDED015A9DF8043096
:107A700005EE903A3033B8EEE55B8DF80F3037EE17
:107A8000457B27EE067BBCEEC77B17EE103A303302
:107A90008DF810301AB1052103A8F3F73BF80DB0AB
:107AA000BDEC028B30BD2B4B1B788BB103212A48D8
:107AB000F3F730B8274B1B7853B103212748F3F76E
:107AC00029B8B1EE400B01257EE7224B1B7863BB42
:107AD0007047234C092B4FF02100A4FB032E4FEAE3
:107AE000DE0E0EEB8E02A3EB420202F130028DF8A5
:107AF0002D207FF67BAFA4FB0E3201387146D208F1
:107B0000C0B2092902EB820300F1300CAEEB430353
:107B10009646EC4403F130030CF8243CEBD865E7BF
:107B20000C4B1B78002BC1D1704703210D48F2F795
:107B3000F1BF00BFFFFFFFFFFFFFEF7F000000E08E
:107B4000FFFFEF41000000E0FFFFEFC12F431CEB00
:107B5000E2360A3F88B10120C8450020E0430020FA
:107B6000CDCCCCCCE84300202DE9F047884682B04C
:107B70000168174605460A9A002971D0446891F8B1
:107B800013C0D4E9000ABCF1000F3FD072B691F8DF
:107B900013C01CF0010F08D04FF0E0294E69D9F84E
:107BA000804134408C62C9F880411CF0020F08D03B
:107BB0004FF0E0298E69D9F884413440CC62C9F88D
:107BC00084411CF0040F08D04FF0E029CE69D9F8A9
:107BD000884134400C63C9F888411CF0080F08D074
:107BE0004FF0E0290E6AD9F88C4134404C63C9F853
:107BF0008C411CF0100F08D04FF0E02E4E6ADEF8DA
:107C0000904134408C63CEF8904162B68C688442D7
:107C10001BD05C4C8860A469DFF87CC1C4F3011EF2
:107C2000C4F382645CF82EE00134BEFBF4FC00284F
:107C300040F08880A64506D30CF10104B4F5817F9D
:107C4000C0F093805048C86000E0C868096800240C
:107C50000C6103244C6208640120C1F860A0086133
:107C600095F90E10481C4FD17AB102F1FF395C1E14
:107C70000DF10706994414F8013F314628468DF866
:107C80000730FDF7C1FCA145F5D17FB1013F08F1F7
:107C9000FF340DF10706474414F8013F31462846EA
:107CA0008DF80730FDF7B0FCBC42F5D195F90E30E8
:107CB0005E1C38D12B6823B3DA7C12B3D50704D508
:107CC000986A4FF0E021C1F80001940704D5D86A02
:107CD0004FF0E021C1F80401500704D5186B4FF0B4
:107CE000E021C1F80801110704D5586B4FF0E021DD
:107CF000C1F80C01D20604D59A6B4FF0E023C3F80B
:107D0000102102B0BDE8F087C9B22729ACD80C0118
:107D10001E4800EB01110059CC68466826421CD071
:107D2000C0F88840A0E7DBB2272BC3D81901174A57
:107D300002EB03135258D9685068084211D0C2F8B8
:107D40008410B7E784451BD3BCFBF0F4BCFBF4FC08
:107D500084457FF673AFA4466EE789680C480860D7
:107D600082E79B680B4A1A60A4E7022C08D9023C00
:107D70004FEA540C4FEA0C4040EA0C20204362E7E3
:107D8000002060E700C00F40FF7F7F00381E00200A
:107D90003830010038F00100642200202DE9F8435A
:107DA000044600680D4616468842A36816D8C218D5
:107DB000914213D20F1A4FF001096EB103EB06087E
:107DC000626890450DD8B9F1000F1BD129461844BF
:107DD00002F0F4FBC4F80880BDE8F8834FF0000916
:107DE000EBE708F1010108F0AFFD0028F4D0A3682B
:107DF000C4E90008002BE6D103702068A368B9F13C
:107E0000000FE3D03246C119184403F03FF923684C
:107E1000002203F80820DDE7F8B5002504460F46E8
:107E2000056008462573C4E9015503F0CBF968B134
:107E30000646013008F078FD40B1394605702060F3
:107E4000C4E90166BDE8F84002F0B8BBF8BD00BF68
:107E50000368F0B45BB300249C600124DC60244C14
:107E6000244D1C44241145F8241003211A60224A91
:107E700099600379214D13551378517820488B422E
:107E8000C0F8285228BF0B469178D2788B4228BF81
:107E90000B46934228BF13461A484FF0E0224FF09A
:107EA000806180F87A30C2F80C11F0BC7047164E31
:107EB0004FF0010C154CF56E154F45F44055F56625
:107EC000C7F800C0A568046075B1124DA6690560C9
:107ED00066B11035A66A056046B1A56B3034046002
:107EE00015B10360F0BC70472346B8E72B46B6E7F0
:107EF00000BFF7BF40720020804A0020652F0100BC
:107F00000054002000E400E000C00F4000410840A1
:107F1000004008401041084000000000F8B5044649
:107F20001546BAB143680E469A4206D831462068D3
:107F3000A560BDE8F84002F041BB511C006808F0A4
:107F400003FD074660B1A368C4E90005002BEDD12D
:107F50000370EBE7036803B11A700023A360F8BD58
:107F6000206810B108F0E8FC27600023C4E9013361
:107F7000F8BD00BF0023036043608360C3600361FA
:107F800043617047494B024670B540F80C3B02F51F
:107F90009C75FFF7EFFF002402F1240302F130008B
:107FA00040F8044C40E903440C30A842F8D102F5F3
:107FB0001075002440F8044C40E903440C30A842FA
:107FC000F8D1002002F2FC4582F8F444F6EE004AB3
:107FD000286002F59676686002F204554FF0000EB4
:107FE0004FF6FF7C2860686002F20C5528606860DC
:107FF00002F23220516002F1100592ED057A04314F
:1080000092ED065AD2ED037A92ED046A1472A3F847
:1080100000E0033303F801ECA3F805E183F807E17E
:1080200051ED016AD1ED005AF4EEE76AF1EE10FA73
:10803000F4EEC65A77FEA67AF1EE10FAF4EEC76AAD
:10804000D4BF0C462C46F1EE10FA01F10801B4EE53
:10805000E55A94ED006AC2ED037A58BFB0EE667A35
:1080600082ED046AF1EE10FA77EE275AD8BF11EDCF
:10807000025A9E4282ED057A75EE066A82ED065A34
:1080800065EEA45A66EEA46AC2ED075AC2ED086A0C
:1080900020F802CFA0F8B0C0A0F860C1A0F810C2CC
:1080A000B5D11046BDE87040DFF70EBAF43C0020B1
:1080B00010B4104C034680ED0B0A4FF0000C046026
:1080C00000201222996198829886C3F81CC0C3F8D8
:1080D00020C0C3F824C0C3F828C0C3F830C0C3F818
:1080E00038C0C3E90100C3E90300181D5DF8044B63
:1080F00008F008BB503D002026490346DFF8A0C029
:10810000002230B543F8081B0025014600F5227413
:10811000C3F800C0203343F81CCC43F8182C43F8B4
:10812000142C43F8102C43F80C2C43F8082C43F87B
:10813000045CA342ECD100F55E74DFF868E04FF018
:10814000000C154AC3F800E00C3343F808CC43F8A0
:10815000042CA342F6D10022012400F52073A0F8DC
:1081600044250271C0F80825C0F80C25C0F8102578
:10817000C0F81425C0F81825084A80F84645026161
:1081800020308342FBD14FF03F4241F8202F9942EB
:10819000FBD130BD643D00200AD7233C000080BFE6
:1081A0006F12833ACDCC4C3D4FF07E5C70B50446E7
:1081B000C0F800C0C0F810C090B0C0F838C00020AF
:1081C0001D4616462062E062A06460650B6860622E
:1081D0000993214BA06220636063E0642065A06581
:1081E000E0656060A060E0606061A061E061E06304
:1081F000206460645868D1F808E0D1ED017A09A9DB
:10820000B3F800C09A68DB680D9005A8CDED0A7A36
:10821000CDF82CE0ADF830C00E920F93F5F700FDCD
:10822000059B01AA05A804F110010193069B029386
:10823000079B0393089B0493F3F72CFD3268736844
:10824000B0682968226263626A68AB68A062E16212
:108250002263636310B070BD146A002000234FF0E6
:108260007E52436002608360C36002614361836148
:10827000C361036243628362C262026342638263D8
:10828000C363036443648364C364036543658365B4
:10829000C365704710B54FF0040E0446944688B08D
:1082A00080F800E04FF07E5000226060E0612064C2
:1082B00060640020A4F848200DEB0E02A062E0628A
:1082C000206360632062606291ED006AD1ED016A13
:1082D00002A99CED007ADCED017A37EE065AA06027
:1082E00077EEA65AE06020616061A061A0630E484D
:1082F00084ED0A6AC4ED0B6A84ED0C7AC4ED0D7A44
:10830000E06304A88DED025ACDED035AFFF7D6FACB
:1083100005991A46DDF810C06162211DC4F820C01D
:10832000F3F7B8FC08B010BD00002041002310B4E2
:1083300043600381054C0A888B78046082805DF875
:10834000044B8371A0F8072043727047903D0020D2
:108350002DE9F04FCA4B0024CA4F4FF47A7ACA482D
:10836000CA4ACB4DCB49CC4EDFF8D093DFF8D0834F
:108370002DED028BC3E90007A0F580409C629C872D
:1083800083B0106007F150009462506007F1A000C4
:10839000C3E90244C3E90444C3E91044C3E91244F5
:1083A000C3E90644C3E90844C3E90B44C3E90D44E7
:1083B000BA4BC2E90244C2E90444C2E90644C2E934
:1083C00008445860B64894879860B6481D609C8100
:1083D0009C73B54BB54D99609C81B5499C73C2E9BE
:1083E0000B44C2E90D44C2E91044C2E91244B14A47
:1083F000106007F1E00094815060AF489473906082
:1084000007F59072AD4807F5B477C3E90002AC4AAE
:10841000AC4800F08BFDAA4AA549AB4800F086FDA8
:10842000A74AA349A94800F081FDA54AA849A9483F
:1084300000F07CFDA24AA849A84800F077FDA84BAF
:108440008822214606F11A0074603473C6F808A029
:10845000348333613760C6F8149002F025F889221E
:10846000214606F1A500A6F8A24086F8A44002F035
:108470001BF89C4B8822214605F11A002B6109F15B
:1084800050032C732C83C6F82E41A6F832416B6141
:108490002F6086F83441C5E9014AC6E94E4402F02E
:1084A00003F88922214605F1A500A5F8A24085F828
:1084B000A44001F0F9FF09F1A00388222146C5F884
:1084C0002E41C8F8143008F11A00874BA5F8324144
:1084D000C8F808A0C8F8044088F80C40A8F818406C
:1084E000C8F81030C8F80070002785F83441C5E995
:1084F0004E4401F0D9FF8922214608F1A500A8F8D1
:10850000A2407A4D88F8A44001F0CEFF4FF07E5390
:10851000C8F82E41A8F832412B606F60AF60EF6061
:1085200088F83441C8E94E44F6F7F8F8704A7149C2
:10853000714B11600421D46211634FF48071C2F851
:10854000D470C2F8E41003F53851C2F8D870C2F8FC
:10855000DC70C2F8E070C2F8E870C2F8EC70674AEC
:108560001A605C3303F8084C43F8047C9942F7D155
:10857000534A4FF0010A56494FF0C809604800F0CD
:10858000D5FC604B6048102260499A8004604C4AD8
:1085900000F0CCFC5E4B5F481C86DF62C3F800A095
:1085A0005D4B474A5D49A3F80490046000F0BEFCAF
:1085B0005B4BDFF890811C86C3F800A0DF62594B4B
:1085C000A3F80490F3F7BCFB4FF07C51DFF87891EF
:1085D0004FF07F43C8F80C104FF0804108F11402AF
:1085E000DFF868C1C8F84410022108F1240EC8F869
:1085F000302088F804104C49A8F84C404FF4C87457
:10860000C8F8101009F11C01C8F83470C8F820101F
:1086100009F13001C8F80870C8F854104349C8F887
:108620003870C8F868104249C8F83C70C8F86C1037
:108630004049C8F84070C8F870103F49C8F8487001
:10864000C8F87410C8F85070C8F80090C8E906332C
:108650004FF0FF23C8F814304FF07E5307CAC8F814
:108660005C30C8F86030C8F864308EE80700C8F89D
:1086700078704FF48072C8F87C3009F13C0167E0F3
:1086800034AB00209C3D002000003A4084AB002029
:1086900000C01A4024AB0020E05E002008C2012088
:1086A00004AB002000001B40F8C1012084A800207A
:1086B0003188010018C2012014AB002000000242E2
:1086C0002C4B00205CB1012064B1012078B1012065
:1086D000D9F90000784A0020B5870100584A0020E7
:1086E00000003F4000803F4000C03F4058C901208B
:1086F00018770020CDCC4C3E88780020CDCC4C3D66
:10870000944A0020B46000203C600020A58701004E
:10871000E472002020600020D8720020817D0100DA
:10872000A072002094720020CDCCD440AE67BB3E36
:108730008C65583EABAAAA3EABAA2A3E1430006014
:10874000C4A9002080620020283F0020000080BFD4
:10875000C8F8803008F58670C8F88C30C8F89430B6
:10876000C8F8AC30C8F8B430C8F8C030C8F8C43065
:10877000C8F8E030C8F8E430C8F8F030C8F8F8308D
:10878000C8F888C0C8F898C0C8F8A0C0C8F8A4C085
:10879000C8F8B8C0C8F8CCC0C8F8D0C0C8F8D8C0AD
:1087A000C8F8ECC0C8F88470C8F89070C8F89C701D
:1087B000C8F8A870C8F8B070C8F8BC70C8F8C8701D
:1087C000C8F8D470C8F8DC70C8F8E870C8F8F4705D
:1087D000C8F8FCC0C8F804C1C8F808C1C8F80071DE
:1087E00002F054FC09F13C014FF4807208F503706B
:1087F00002F04CFC08F12003C8F8583002F0F8FAF7
:10880000074602F0F5FA58FA80F058FA87F3013C6F
:1088100090F80C1293F80C2283F80C1280F80C22BA
:10882000ECD1E849E84801F5007CE84FA0EB0800EE
:10883000431858FA83F393F80C22A7FB02E301F8DC
:10884000012F8C454FEAD30303EB4303A2EB8302D2
:1088500081F80022ECD19FEDDE8A4FF00009DD485F
:10886000F7EE008ADC4A4FF0010BDC4980ED008A0C
:10887000A0F20C7000F05AFBD94BDA49C3F81C90F7
:108880001960596083ED028A83ED038A83ED048ABF
:1088900083ED058A83ED068AD34BDFF8AC8383ED45
:1088A000008A83ED018A4046D04BD14F83ED008A88
:1088B00083ED018ACF4BD04A83ED008A83ED018A94
:1088C000CE4B40F8047B83ED008A83ED018A4FF69E
:1088D000FF73C2F81C901160516001A982ED028AF9
:1088E00082ED038A82ED048A82ED058A82ED068A92
:1088F000ADF804308DF80630FFF718FD6FF07F43B8
:10890000C8F81000A8F818909C22C8F8143020214C
:1089100088F8729108F1380088ED078A88ED088A96
:1089200088ED098A88ED0A8A88ED0B8A88ED0C8A21
:1089300088ED0D8A01F0B8FDDFF810A39C222021FC
:1089400008F1D40001F0B0FD4046A34AAC4900F064
:10895000EDFADFF8FC825046CAF808908AF80C90CD
:108960009C22A849CAE90099FFF7D8FA50469A4ACA
:10897000A54900F0DBFA4046C8F808909C2288F828
:108980000C90A249DFF8CCA2C8E90099FFF7C6FA1B
:10899000914A9D49404600F0C9FA9D489D4B4FF0D1
:1089A000100880ED038AC3634FF4000380ED048A4E
:1089B00003644FF4803380ED058A436407F11403A8
:1089C00080ED068A036080ED078A80ED088A80EDDD
:1089D000098A80ED0A8A80ED0B8A80ED0C8A80ED91
:1089E0000D8AC0ED0E8A80ED128A80ED138A80ED2B
:1089F000148AC0F804B0E5F737FC07F120008AEDCF
:108A0000018AB6EE002ACAF8000007F12C0ADFF846
:108A100048920221C5F810A0F0EE0C4ADFF83CA203
:108A2000032289ED018A4FF0140EC5F82CA007F13E
:108A3000380ADFED797AB1EE025AC9F800A04FF09A
:108A40001E0ADFED766A89F808A007F144099FED58
:108A5000747ADFED742A9FED743ADFED743A9FED7E
:108A6000744AC5F8649007F1500985F8241085F818
:108A7000341085F8441085F8541085ED058A85ED8D
:108A8000068A85ED078AC5ED0A8AC5ED168A85ED49
:108A90001A8A85ED1D8A85ED082AC5ED187AC5ED7F
:108AA0000E6AC5ED126A85ED0F7A85ED137A85F8A9
:108AB0006C8085F87880C5ED0C2A85ED103AC5EDFF
:108AC000143A85ED174AC5F8709085ED208A85F82F
:108AD000901085F8A01085F8B01085F8C01007F147
:108AE0005C01DFF87CC1E96752499FED536AC5F824
:108AF000981007F1680185ED232AC5F8D01007F119
:108B00007401C5ED272ACCF800104C4985ED2B3AAD
:108B10000846C5ED2F3A85ED324A85F8D88085EDB7
:108B2000218A85ED228AC5ED258AC5ED296AC5ED24
:108B30002D6A85ED2A7A85ED2E7AC5ED318AC5ED4F
:108B4000337A85ED358AC5F8DC2085ED388A85EDE8
:108B5000396AC5ED3A7A8CED018A8CF808E0CCF8D8
:108B60000C208CED048ACCED058AC1ED064A81ED1E
:108B7000018A81F808E0CA6081ED048AC1ED058AA6
:108B800007F180012E4BDFED2F5A016007F18C01B8
:108B900083ED018A196083F808E01A7383ED048A73
:108BA000C3ED058A83ED065A1A7783ED088AC3ED73
:108BB000098AC3ED0A5A83F82C2083ED0C8A83EDD1
:108BC0000D6A4FE08B650020F5FCFFFFABAAAAAA57
:108BD000000000008C6900202C4B00203DFA0000B2
:108BE000E46000206F12833A046100209069002045
:108BF0006C4000205C720020C46000206472002081
:108C000035FA00006C470020F57501000C48002083
:108C1000BC690020FFFF7F7FCDCC6C400000C0C24C
:108C20000000C04233331340CDCC2C409A99D93F39
:108C30000000C84200409C450000B4436C7800200E
:108C400014780020CDCC4C400C6100206C720020C8
:108C500080720020507200200878002000004042FE
:108C600050780020C3ED0E7A07F19803CCED064A48
:108C7000A437C5F8EC3085ED415A85ED3C8A85F87E
:108C8000F4E085F8F82085ED3F8AC5ED408A85F847
:108C9000082185ED438AC5ED448AD5F83431C5ED08
:108CA000455AD90785F8182185ED486AC5ED497AF6
:108CB00085F830E1C5F8287185ED478A85ED4B8A46
:108CC00040F1EB80F3F73CF87A487B4900237B4D79
:108CD0004FF0FF32436003614362C36286624261C8
:108CE000C0F8332080F83720754A764E764FC0E9B9
:108CF00002117649C0E907338161754B7549C0E9B6
:108D00001653016007237449C0E91913734900F031
:108D10000DF9F3F715F8724B0421724A3170196896
:108D20001B685B0807EE103A4B086F4906EE103AD5
:108D3000B8EEC77B3960B8EEC66B9FED5C5B26EE84
:108D4000056B27EE057BBCEEC66BFCEEC77B16EE13
:108D5000103A538017EE903A0133138022F01F032C
:108D60000432BFF34F8F4FF0E021C1F8683F20334A
:108D70009A42FAD8BFF34F8FBFF36F8F337813B394
:108D80004FF000084FF0E02538684FF452620021A0
:108D9000204401F089FB3A68224422F01F0302F5C7
:108DA0005262BFF34F8FC5F8683F20339A42FAD81A
:108DB000BFF34F8FBFF36F8F08F10108337804F5CD
:108DC00052649845E0DB494B002203F5C04143F86B
:108DD000042C43E903220C338B42F8D1444801268A
:108DE000444B82825A639A638261826282864249DC
:108DF000424C196201F54051414D5962DE751D60CA
:108E0000DC6240498683C0E90822C0E90E22C0E93D
:108E1000102205224260C2604FF0FF320261C2623E
:108E2000FF2283F828204FF04012C3F80A20364B67
:108E3000234A0360042383606FF47F03036300F01D
:108E400075F8324B324A04F22C6132481E7004F538
:108E500003731060002243F8042C43E903220C330F
:108E60008B42F8D12C4B01202C49D875FF2001F5FD
:108E700004745A639A6383F8280001F58460284AD1
:108E80001D60D862C3F80A20C3E9081403B0BDEC22
:108E9000028BBDE8F04FF5F79DBC094A21492248F5
:108EA000C5F834B100F042F80CE700BFF9978B9594
:108EB0002411E23E4460002080004000801A060039
:108EC0002C4B0020A8C2012008B1012001010001A3
:108ED000A0860100A836002000093D00558301004E
:108EE000384A002080B1012048332020C0D2012020
:108EF000B0C2012068C20120B4D2012090CA012072
:108F00001C410020B19600001C210020ADC20120B0
:108F1000CCBB01208030202028C2012090CC012031
:108F2000B0000100D9F900009C4A00200346084621
:108F3000194601F00BBB00BF08B52DED028BB0EE5A
:108F4000408A00F053FDB4EE488AF1EE10FA0FD6D5
:108F5000B5EEC08AF1EE10FA0AD8B5EE408AF1EE0D
:108F600010FA08D101F046FA22239FED090A0360A6
:108F7000BDEC028B08BD01F03DFABDEC028B03464F
:108F800021221A600348BDE8084000F0E5BA00BF9E
:108F9000000080FF4845002008B52DED028BB0EEA3
:108FA000408A00F00DFBB4EE488AF1EE10FA06D6C6
:108FB000DFED098AB4EEE88AF1EE10FA02D4BDECD6
:108FC000028B08BD01F016FA88EEA80ABDEC028BF0
:108FD0002123036008BD00BF000000002DE9F04F11
:108FE0005BEC10AB2DED0A8B4FEA1B5C11EE90EAA7
:108FF0000CF1FF3640F2FD70864210EE101A11EEB1
:10900000103A89B05A4665464FEA1E5400F2C680AF
:10901000C4F30A06A6F2BE367F2E98BF002000F2E7
:10902000BD80BFEE000BE14CE14B1444C4F3463568
:1090300003EB451693ED006B93ED027B96ED128BDF
:1090400096ED189B96ED162B260D241505EE904AED
:10905000360593ED0C4BB8EEE55B951BA5EE062BA4
:10906000A5EE079B93ED04AB93ED105B93ED08BB6E
:1090700093ED067B93ED0A6B93ED0E3B0C1E45ECD6
:109080001C4BACEE080BA0EE053BA0EE046B20EEF3
:109090000A5B30EE024B20EE058BA0EE0B7BA8EEB8
:1090A000036B32EE442BA8EE067B32EE002BB0EEC3
:1090B000483B39EE022B95EE003B34EE085B20EE88
:1090C000080B34EE454B32EE036B34EE084B36EEB4
:1090D000046BA0EE076B35EE064B21EE048B18EE09
:1090E000902AB0EE487BC2F30A556FF47273EB1806
:1090F0003E2B91EE047B35EE445B35EE065BA1EE34
:10910000057B00F29380AB4B93ED024B93ED005B3C
:10911000B0EE441B93ED042BA8EE051B93ED066BFC
:1091200011EE101A31EE441B01F07F0293ED0E4B4D
:10913000A1EE028BA1EE068B93ED0C6B37EE087B54
:1091400027EE072B921802F10F0403EBC202A7EEE1
:10915000046B92ED1C4B03EBC40293ED0A3B93EDC1
:10916000085B53F834605768A7EE035B401800248F
:1091700022EE023B37EE047BA219A2EE057B07EB41
:109180004033A3EE067B002D5FD043EC102BA7EEFF
:10919000000B09B0BDEC0A8BBDE8F08FD8184EEB80
:1091A0000E09461E37466FF0010849F1FF36B845F3
:1091B0006FF4001777EB0606C0F02081481842EBE9
:1091C0000209461E374669F10006B8456FF40017DC
:1091D00077EB0606C0F03981002A6ADB0020C4F371
:1091E0000A06A6F2BE337F2B40F2FF774FD9724BAF
:1091F00000209A4208BF814200F0FD8040F2BD3558
:10920000AE4240F29180012972EB030334BF012387
:109210000023BC428CBF00240124A3420ED109B01C
:10922000BDEC0A8BBDE8F04F00F060BC002BC0F233
:10923000CE80B5F5816F75D9002AF0DB09B0BDECA1
:109240000A8BBDE8F04F00F059BCA14280F21381B7
:10925000B7EE003B03F17F5101F50011104641ECE0
:10926000150B27EE057B35EE076BB0EEC64BB4EE63
:10927000C34BF1EE10FA61D49FED480B26EE000BC4
:1092800009B0BDEC0A8BBDE8F04F00F067BC002DC3
:109290007FF4C7AE9FED437B4BEC16AB26EE077B0E
:1092A00053EC172B23F0004217EE101AA2F1507264
:1092B000B7E6C4F30A0640F2FE3086427EDD40F295
:1092C0003340864200F3FA80801BA0F120054FF066
:1092D000FF374FF0FF39874009FA05F9C0F1200840
:1092E000019547EA09054FF0FF3727FA08F945EAE3
:1092F0000905874023EA07072EEA05053D435DD1AE
:10930000019DC3400EFA08F843EA08032EFA05FE51
:1093100043EA0E0303F00103980422F00042CCF369
:109320000A055EE70025EEE688429341B7EE000BA2
:1093300034BF31EE000B30EE410B2AE7B5EEC06BC7
:10934000F1EE10FA35EE465BBFEE004B35EE075BF3
:1093500058BFB0EE434B36EE043B34EE437B37EE62
:10936000067B37EE057B37EE037B37EE446BB5EEBD
:10937000406BF1EE10FA04D12A4601F0004343ECB1
:10938000162B9FED065B8DED045B9DED047B27EEB8
:10939000057B8DED067B6FE7AFF3008000000000DA
:1093A000000010000000000000003043AB6A19C04C
:1093B000000D0020800200200000F03F4BEC10ABBD
:1093C00009B0BDEC0A8BBDE8F04F00F0B7BBB7EEBB
:1093D000000B38EE000B00283FF4DBAEB1EE400B83
:1093E000D7E64918594B82F400224FF00000524151
:1093F000884293415DD3B7EE000BCAE650EA0904F8
:10940000EFD0534C0025A24208BFA94247D04918CB
:10941000504B52418D4273EB02044AD3994508BF29
:10942000A84246D103F100439A4208BFA942E2D0C4
:109430009A426FEA0E0E34BF002201224FEADE7E0E
:10944000724577D09FED3D0BA3E64BEC17AB002A9E
:1094500027EE070B34DB002250EA09095DD1BEF18B
:10946000000FBFF696AE104609B0BDEC0A8BBDE802
:10947000F04F00F04BBB03F140419FED326B01F523
:109480007001104641EC100BA7EE000B20EE060B0E
:1094900009B0BDEC0A8BBDE8F04F00F06BBBDB18E8
:1094A0002A4A8EF4002E4EEB0E0E9D4272EB0E02F7
:1094B000A1D24BEC17AB37EE010B6AE600202CE78C
:1094C000C4F30A02A2F2FF313429C4D8C2F586627D
:1094D0004FF0FF31A2F11D05033201FA05F701FA41
:1094E00002F4C2F120063C4321FA06F73C439140C6
:1094F00023EA01012EEA04042143ACD123FA02F24B
:109500000EFA06F632432EFA05F52A4312F001024E
:10951000A2D0B1EE400B01229EE7BEF1000FBFF6D4
:1095200038AEB7EE006B86EE007B8DED027B9DEDD5
:10953000020B2EE621EE010B2BE600BF000000001F
:1095400000000000000000000000007F0000F0FFAD
:109550000000F03F0000E0FF9FED010A704700BFF0
:109560000000C07F00F07EBB08B52DED028BF0EE51
:10957000408AB0EE608A00F01BFCF4EE488AF1EEFF
:1095800010FA06D6DFED098AB4EE688AF1EE10FA19
:1095900002D0BDEC028B08BD00F02CFF88EEA80ABB
:1095A000BDEC028B2123036008BD00BF000000005A
:1095B00010EE103A23F0004300EE103A704700BF5F
:1095C000B1EEC00A704700BF0000000030B510EED9
:1095D000104AC4F30A53B3F57D7FB7EEC06A83B077
:1095E0001BD226EE065BB3F5667F6ED326EE052B07
:1095F00025EE021B734B93ED1A3B93ED187B93ED15
:10960000164BA5EE037BA2EE046BB0EE460BA7EE65
:10961000010BB7EEC00B03B030BD40F22E429342B7
:109620005ED8684991ED087B26EE077BFDEEC77B8F
:1096300091ED0A5B17EE903A03F500031B1613F049
:10964000020F07EE903A01F1700208BF0A46D807F0
:10965000B8EEE77BA7EE456B26EE067B1BD403F046
:10966000030301EBC30192ED1A4B91ED002B92ED38
:10967000185B26EE026B92ED163BA7EE045B26EE1E
:10968000074B27EE047BA4EE036BA5EE076BB7EE4A
:10969000C60B03B030BD92ED142B27EE075B92EDA5
:1096A000126B92ED0E3BA7EE026B92ED0C0B92ED5E
:1096B000104BA7EE030B27EE057BA5EE040BA6EEE1
:1096C000070BB7EEC00B03B030BD220D12F4FF6FD5
:1096D000DFD1B7EEC55B00EE104A8DED015AD8E739
:1096E000B3F5FF6F4BD2384BC4F3836203EB8200B8
:1096F00053F822200569C4F31603C4F3C25143F49E
:1097000000038B40016A03FB02F2A3FB0110E3FBA1
:10971000050202F100518D0F01F04041511A00F095
:109720003BFE2A4B9FED257B05EBD47441EC160BD9
:1097300014F0020FA3F1700208BF1346E90726EEEA
:10974000077B27EE076B1FD404F0030402EBC4026F
:1097500093ED1A4B92ED002B93ED185B27EE027BF5
:1097600093ED163BA6EE045B27EE064B26EE046B4C
:10977000A4EE037BA5EE067BB7EEC70B89E703B02B
:10978000BDE8304000F022B993ED142B26EE065BC5
:1097900093ED127B93ED0E3BA6EE027B93ED0C0B4B
:1097A00093ED104BA6EE030B26EE056BA5EE040B16
:1097B000A7EE060BB7EEC00B6BE700BF182D4454A5
:1097C000FB21193C481D00209C410020B81D0020B1
:1097D0000000000038B510EE104AC4F30A53B3F588
:1097E0007D7FB7EEC07A1ED227EE077BB3F5667F8A
:1097F0006FD327EE071B634B93ED142B93ED125B96
:1098000093ED0E3BA7EE025B93ED0C0B93ED104B2B
:10981000A7EE030B27EE017BA1EE040BA5EE070BD1
:10982000B7EEC00B38BD40F22E42934254D8554992
:1098300091ED086B27EE066BFDEEC66B91ED0A5BB2
:1098400016EE903A03F500031B1613F0020F06EE16
:10985000903A01F1700208BF0A46D807B8EEE66BED
:10986000A6EE457B27EE076B1AD503F0030301EB49
:10987000C30191ED002B92ED1A4B92ED185B92ED26
:10988000163BA6EE045B27EE027B27EE064B26EE88
:10989000046BA4EE037BA5EE067BB7EEC70B38BDC9
:1098A00092ED142B92ED127B92ED0E3B92ED0C0B90
:1098B00092ED104B26EE065BA6EE027BA6EE030BA6
:1098C00026EE056BA5EE040BA7EE060BB7EEC00B5C
:1098D00038BDB7EE000A38BDB3F5FF6F3DD22A4B55
:1098E000C4F3836203EB820053F822200569C4F3BA
:1098F0001603C4F3C25143F400038B40016A03FB17
:1099000002F2A3FB0110E3FB050202F100518D0FEF
:1099100001F04041511A00F03FFD1C4B9FED177BB9
:1099200005EBD47441EC160B14F0020FA3F1700296
:1099300008BF1346E90726EE077B27EE076B10D515
:1099400004F0030402EBC40292ED002B93ED1A4BDA
:1099500093ED185B93ED163B93E7BDE8384000F0BC
:1099600035B893ED142B93ED127B93ED0E3B93EDF5
:109970000C0B93ED104B9DE7AFF30080182D445472
:10998000FB21193C481D00209C410020B81D0020EF
:1099900010B582B08DED010A044600F02BFD9DED5F
:1099A000010A046002B010BD9FED070AFFEE007AC5
:1099B000B7EE007A00284FF0220047FE277A87EEA4
:1099C000800AFFF7E5BF00BF0000000070EE407A9C
:1099D000B4EE400A87EEA77AF1EE10FAB0EE470A2D
:1099E00002D62120FFF7D4BF704700BF08B510EEA4
:1099F000103A33F000422DED028B2BD0002B32DBDE
:109A0000B3F1FF4F41DAB3F5000F35DB0021DA1572
:109A10007F3A0A44D10FC1F17F0102EBD272C3F346
:109A2000160307EE902A43EAC15300EE103AB8EE4F
:109A3000E78A00F0B3F8DFED177A9FED177A20EE92
:109A4000270ADFED167AA8EE070AA8EE270ABDEC72
:109A5000028B08BDBDEC028B9FED117ADFED117A10
:109A600087EE270A08BDBDEC028B70EE407A9FEDB1
:109A70000D7A87EE870A08BDDFED0B7A60EE277A54
:109A80006FF0180117EE903AC1E7BDEC028B30EE93
:109A9000000A08BDD95BDE3EDB27543580209A3EA4
:109AA000000000CC000000000000004C10B582B0A7
:109AB0008DED000B044600F09DFC9DED000B046055
:109AC00002B010BD82B058B1B1EE407B8DED007B8D
:109AD0009DED007B222020EE070B02B0FFF7E6BFD2
:109AE000B0EE407BF2E700BF000000009FED010BED
:109AF000FFF7E8BF00000000000000109FED010B21
:109B0000FFF7E0BF000000000000007082B00028F6
:109B1000B7EE006BBFEE007B06FE077B8DED007B92
:109B20009DED000B9FED037B222080EE070B02B022
:109B3000FFF7BCBF0000000000000000B4EE400BC7
:109B4000F1EE10FA30EE407B87EE076BB0EE460B7D
:109B500002D62120FFF7AABF704700BFB5EE400B29
:109B6000F1EE10FA00D070472220FFF79FBF00BF30
:109B7000000000009FED076BB0EEC07BB4EE467BAB
:109B8000F1EE10FA00DC70472220FFF78FBF00BF14
:109B9000AFF30080FFFFFFFFFFFFEF7F10EE103AF3
:109BA000B3F17E5F10EE102A38D0A3F50001B1F1B9
:109BB000FE4F36D2BFEE000B02F14043264903F5BB
:109BC0004D03C3F3C34001EB001091ED404B91ED09
:109BD000445B91ED467B91ED426BD90DC90590ED4B
:109BE000002B521A03EE902A90ED021BDB15B7EE04
:109BF000E33AA2EE030B03EE903A20EE002BA5EE23
:109C0000007BB8EEE33BA6EE027BA3EE041B30EE36
:109C1000010BA2EE070BB7EEC00B70479FED0F0ACA
:109C20007047590014D0B3F1FF4F14D0002B0BDB59
:109C3000B1F17F4F08D2DFED0A7A60EE277A17EE96
:109C4000903AA3F13862B5E700EE103AFFF7BEBED6
:109C50000120FFF7A9BE7047F00A002000000000B5
:109C60000000004B10B582B0CDED010A019B23F03E
:109C70000042B2F1FF4FF0EE407A30DC10EE100AF5
:109C800020F00041B1F1FF4F29DCB3F17E5F40D0FD
:109C90009C1704F0020444EAD07431B372B3B2F1F9
:109CA000FF4F3ED0B1F1FF4F28D0891AB1F1F45FD8
:109CB0004FEAE15232DA002B40DA3C323EDA9FEDD5
:109CC000330A012C4CD0022C41D064B19FED307A84
:109CD000DFED307A30EE070A30EE670A03E09DEDE3
:109CE000017A37EE270A02B010BD022C0ED09FED8C
:109CF0002A7A032C07FE000A02B010BD9FED270A46
:109D0000DFED277A002820FE270AECE79FED210AE5
:109D1000E9E702B0BDE8104000F0DAB89FED1F0A95
:109D2000CFE7B1F1FF4F04F1FF3420D0022C26D849
:109D30001C4B03EB840393ED000AD4E79DED017AFD
:109D400087EE870AFFF734FC00F0C2F8B9E79FED11
:109D5000107ADFED107A30EE070A37EEC00AC2E75C
:109D600010EE103A03F1004300EE103ABBE7022C6C
:109D700008D80D4B03EB840393ED000AB3E79FED86
:109D8000030AB0E79FED090AADE700BF000000003D
:109D90002EBDBB33DB0F4940DB0F49C0DB0FC93F92
:109DA000DB0FC9BF484100203C410020DB0F493F89
:109DB00030B583B0CDED010A019D35F0004041D0B2
:109DC00010EE10EA2EF00041B1F1FF4F3ADAB0F197
:109DD000FF4F37DC81423BDB0EF000443AD01EF0EF
:109DE000FF4F56D10B02002B6FF07D0204DD5B00AC
:109DF000002B02F1FF32FADC15F0FF4F58D10302BD
:109E00006FF07D0C03D45B000CF1FF3CFBD512F12D
:109E10007E0F47DBCEF3160E4EF400031CF17E0FCF
:109E20003ADBC5F3160141F40000B2EB0C0204D199
:109E300017E00FD04B00013A13D0191A0029F8DAB5
:109E40005B00F8E7DDED017A60EE277A87EEA70A7E
:109E500003B030BD1D4B03EB547393ED000A03B008
:109E600030BD181A58BF03461BB9F3E75B000CF16D
:109E7000FF3CB3F5000FF9DB1CF17E0F1DDBA3F5F2
:109E800000030CF17F0C234343EACC5300EE103A5D
:109E9000DEE7CA157F3AAFE76FF07D01A1EB0C0159
:109EA0008840C2E76FF07D039B1A01FA03F3B5E720
:109EB0004FEAE05CACF17F0CA9E76FF07D02A2EB0A
:109EC0000C021341234300EE103AC1E75441002035
:109ED00038B510EE105A25F00044B4F1A14FF0EE61
:109EE000407A0ADBB4F1FF4F58DCDFED517A9FED89
:109EF000517A002D37FE870A38BD4F4B9C425CDCFF
:109F0000B4F1445F4DDB4FF0FF3327EEA76ADFED7E
:109F10004B6ADFED4B5ADFED4B4A9FED4B5A9FEDFD
:109F20004B4A26EE067A5A1CE7EE265ADFED486ABF
:109F3000A5EE875AE7EE246ADFED465ADFED464A82
:109F4000E6EE875AA5EE074A9FED445ADFED446AD4
:109F5000A5EE875AE4EE074ADFED425AE4EE876A3F
:109F6000E5EE075A66EE866A65EE875A3AD03E4AB3
:109F700002EB830276EEA56A92ED007A3B4A96EEFA
:109F8000A77A02EB8303002DD3ED006A77EE677AA0
:109F900036EEE70AB0DAB1EE400A38BD30EE000A1C
:109FA00038BD9FED337A30EE077AF7EE006AB4EEF3
:109FB000E67AF1EE10FAA6DD38BDFFF7F9FA2D4B7F
:109FC0009C4216DCA3F5D0039C4227DCF0EE007A1D
:109FD000BFEE007AA0EE277A002330EE270AC7EE04
:109FE000007A92E776EEA56AE6EEE77AB0EE670AC7
:109FF00038BD214B9C420BDCF7EE087AB7EE007AB5
:10A00000A0EE277A022330EE670AC0EE077A7CE7DB
:10A01000BFEE007AC7EE007A032376E7F7EE007A08
:10A0200030EE677A30EE270A0123C7EE007A6CE73C
:10A03000DB0FC93FDB0FC9BFFFFFDF3ED769853CA0
:10A0400059DA4B3D21A215BD356B883D6E2EBA3DC8
:10A050006BF16EBD95879DBD2549123E388EE3BDDF
:10A06000ABAAAA3ECDCC4CBE3044002020440020F8
:10A07000CAF24971FFFF973FFFFF1B4081F000418B
:10A0800002E000BF83F0004330B54FEA41044FEADD
:10A09000430594EA050F08BF90EA020F1FBF54EA78
:10A0A000000C55EA020C7FEA645C7FEA655C00F014
:10A0B000E2804FEA5454D4EB5555B8BF6D420CDDE5
:10A0C0002C4480EA020281EA030382EA000083EA68
:10A0D000010180EA020281EA0303362D88BF30BD08
:10A0E00011F0004F4FEA01314FF4801C4CEA11315E
:10A0F00002D0404261EB410113F0004F4FEA0333BD
:10A100004CEA133302D0524263EB430394EA050F47
:10A1100000F0A780A4F10104D5F1200E0DDB02FAB6
:10A120000EFC22FA05F2801841F1000103FA0EF24A
:10A13000801843FA05F359410EE0A5F120050EF110
:10A14000200E012A03FA0EFC28BF4CF0020C43FA41
:10A1500005F3C01851EBE37101F0004507D54FF04E
:10A16000000EDCF1000C7EEB00006EEB0101B1F59E
:10A17000801F1BD3B1F5001F0CD349085FEA3000E4
:10A180004FEA3C0C04F101044FEA445212F5800FEF
:10A1900080F09A80BCF1004F08BF5FEA500C50F18C
:10A1A000000041EB045141EA050130BD5FEA4C0C6F
:10A1B000404141EB0101013C28BFB1F5801FE9D2CC
:10A1C00091F0000F04BF01460020B1FA81F308BFEF
:10A1D0002033A3F10B03B3F120020CDA0C3208DDBB
:10A1E00002F1140CC2F10C0201FA0CF021FA02F196
:10A1F0000CE002F11402D8BFC2F1200C01FA02F106
:10A2000020FA0CFCDCBF41EA0C019040E41AA2BF2A
:10A2100001EB0451294330BD6FEA04041F3C1CDAF2
:10A220000C340EDC04F11404C4F1200220FA04F012
:10A2300001FA02F340EA030021FA04F345EA0301BC
:10A2400030BDC4F10C04C4F1200220FA02F001FA7E
:10A2500004F340EA0300294630BD21FA04F0294600
:10A2600030BD94F0000F83F4801306BF81F4801199
:10A270000134013D4EE77FEA645C18BF7FEA655C0C
:10A2800029D094EA050F08BF90EA020F05D054EADE
:10A29000000C04BF1946104630BD91EA030F1EBFE3
:10A2A0000021002030BD5FEA545C05D140004941E7
:10A2B00028BF41F0004130BD14F580043CBF01F5DA
:10A2C000801130BD01F0004545F0FE4141F47001C0
:10A2D0004FF0000030BD7FEA645C1ABF194610469B
:10A2E0007FEA655C1CBF0B46024650EA013406BF9C
:10A2F00052EA033591EA030F41F4002130BD00BF5B
:10A3000090F0000F04BF0021704730B54FF4806417
:10A3100004F132044FF000054FF0000150E700BF98
:10A3200090F0000F04BF0021704730B54FF48064F7
:10A3300004F1320410F0004548BF40424FF00001E4
:10A340003EE700BF42004FEAE2014FEA31014FEA27
:10A3500002701FBF12F07F4393F07F4F81F0605176
:10A36000704732F07F4208BF704793F07F4F04BFC1
:10A3700041F40021704730B54FF4607401F000459E
:10A3800021F000411CE700BF50EA010208BF7047FE
:10A3900030B54FF000050AE050EA010208BF7047EF
:10A3A00030B511F0004502D5404261EB41014FF458
:10A3B000806404F132045FEA915C3FF4D8AE4FF060
:10A3C00003025FEADC0C18BF03325FEADC0C18BF43
:10A3D000033202EBDC02C2F1200300FA03FC20FA94
:10A3E00002F001FA03FE40EA0E0021FA02F11444E1
:10A3F000BDE600BF014B1868704700BFB850002091
:10A40000F0B5ADF5057D04AF009313464FF400722F
:10A410000E460392394603AA054600F005FE88B1B0
:10A4200004460246039B3146284601F05FF9BC42D0
:10A43000039004D02846214600F082FF03980DF5D2
:10A44000057DF0BD4FF0FF30F9E700BF10B4054CBB
:10A450008446134620685DF8044B0A466146FFF7C0
:10A46000CFBF00BFB850002000B50B4C2568144684
:10A47000EE681A4685B003460D464CB10749009573
:10A48000CDE901143046064901F092F8F2F750FF89
:10A4900004490C46F3E700BFB85000205C4100209F
:10A4A0006C41002048450020830730B548D0541E39
:10A4B000002A3FD0CAB2034601E0013C3AD303F878
:10A4C000012B9D07F9D1032C2DD9CDB245EA0525E5
:10A4D0000F2C45EA054536D9A4F1100222F00F0CE5
:10A4E00003F1200EE6444FEA121C03F1100242E988
:10A4F000045542E9025510327245F8D10CF10102BF
:10A5000014F00C0F03EB021204F00F0C13D0ACF19B
:10A51000040323F003030433134442F8045B93421F
:10A52000FBD10CF003042CB1C9B21C4403F8011B8D
:10A530009C42FBD130BD64461346002CF4D1F9E7B0
:10A5400003461446BFE71A46A446E0E713460A4608
:10A550000146022003F0C6BE70B50D4E0D4D761BB0
:10A56000B61006D0002455F8043B01349847A642A3
:10A57000F9D1094E094D761B06F000FAB61006D047
:10A58000002455F8043B01349847A642F9D170BD28
:10A59000801E0060801E0060881E0060801E0060BB
:10A5A000704700BF704700BF704700BF704700BFD3
:10A5B000014B93F828017047304B002080EA0102DC
:10A5C000844612F0030F4FD111F0030F32D14DF832
:10A5D000044D11F0040F51F8043B0BD0A3F10132EC
:10A5E0009A4312F0803F04BF4CF8043B51F8043BFF
:10A5F00016D100BF51F8044BA3F101329A4312F077
:10A60000803FA4F101320BD14CF8043BA24312F07D
:10A61000803F04BF51F8043B4CF8044BEAD023467A
:10A620000CF8013B13F0FF0F4FEA3323F8D15DF82C
:10A63000044B704711F0010F06D011F8012B0CF8F4
:10A64000012B002A08BF704711F0020FBFD031F86C
:10A65000022B12F0FF0F16BF2CF8022B8CF80020F3
:10A6600012F47F4FB3D1704711F8012B0CF8012B76
:10A67000002AF9D1704700BF436C70B505460C46FF
:10A680004BB153F8240080B1026843F82420002322
:10A69000C0E9033370BD2122042100F0C9FB034649
:10A6A00068640028EDD1002070BD012101FA04F694
:10A6B000721D9200284600F0BBFB0028F3D0C0E9D1
:10A6C0000146E4E731B1436C4A6853F82200086060
:10A6D00043F82210704700BF2DE9F0410E69804613
:10A6E0000F461D4601F1140E0020DEF800108CB25A
:10A6F00002FB0453090C4FEA134C02FB01CC01305E
:10A700009CB204EB0C4486424EF8044B4FEA1C45C5
:10A71000EBDC3DB1BB68B34207DD07EB86030136D6
:10A720005D613E613846BDE8F0817968404601319F
:10A73000FFF7A2FF0446B0B13A69023207F10C01FB
:10A7400092000C3000F0A2FCD8F844307A6853F83C
:10A750002210396043F82270274607EB8603013642
:10A760005D613E61DEE7034B03482246BA21FFF7F5
:10A770007BFE00BFFC41002010420020030C1B04A4
:10A78000D3B90004102310F07F4F04BF0002083338
:10A7900010F0704F04BF0001043310F0404F04BFAD
:10A7A00080000233002805DB10F0804F03F1010325
:10A7B00008BF2023184670470023E4E7036813F01E
:10A7C000070208D0D9071FD49A0722D55B08036077
:10A7D00001221046704799B209B91B0C1022D9B258
:10A7E00009B908321B0A190704BF1B09043299076B
:10A7F00004BF9B080232D90703D45B0802F10102AF
:10A8000005D0036010467047002210467047202292
:10A81000DFE79B08022203601046704738B5436C9F
:10A8200004460D464BB15868B0B102685A60002228
:10A830000123C0E90435C26038BD2122042100F0A3
:10A84000F7FA034660640028EDD1094B094800225D
:10A8500040F24511FFF708FE1C220121204600F0BE
:10A86000E7FA0028F1D001220223C0E90123DEE744
:10A87000FC410020104200202DE9F04F0E691569BF
:10A88000AE4285B08846144605DB2A462346354647
:10A890000C4616469846A3686168AF19BB42B8BF1C
:10A8A0000131FFF7E9FE0190002800F08780019B4D
:10A8B00003F1140909EB870AD14505D24B46002262
:10A8C00043F8042B9A45FBD808F1140808EB860BD3
:10A8D00004F11403D8451A4603EB85055FD22B1B00
:10A8E000153B23F0030304331534A54238BF04237A
:10A8F000CDE902A7AC461F46924605E0090C29D1D6
:10A90000C34509F1040948D958F8041B8DB2002D3C
:10A91000F4D056464C46002356F8041B22681FFA12
:10A9200081FE90B2090C05FB0E00120C034405FBDE
:10A93000012202EB13429BB243EA0243B44544F8BE
:10A94000043B4FEA1243E7D849F8073058F8041C93
:10A95000090CD5D0D9F8003050461A464C4600268E
:10A960000588120C01FB052216449BB243EA0643FC
:10A9700044F8043B50F8045B22682D0C93B201FBB1
:10A98000053303EB164384454FEA1346E8D8C34525
:10A9900049F8073009F10409B6D8DDE902A7002F0C
:10A9A00002DC05E0013F03D05AF8043D002BF9D04A
:10A9B000019B18461F6105B0BDE8F08F034B0448AA
:10A9C000019A4FF4B171FFF74FFD00BFFC41002029
:10A9D0001042002012F003032DE9F0411446064610
:10A9E00032D10D46A41020D0D6F84080B8F1000F27
:10A9F00033D0E3074FF0000707D4641015D0D8F820
:10AA00000000A8B18046E307F7D542462946304604
:10AA1000FFF732FFB5B16968736C641053F82120F9
:10AA20002A6043F821500546E9D12846BDE8F08167
:10AA3000424641463046FFF71FFFC8F80000076056
:10AA40008046E0E70546D8E7013B0F4A52F823204D
:10AA50000023FFF741FE0546C4E701213046FFF71A
:10AA60000BFE804640B1012340F27122C0E904325E
:10AA7000002330640360BCE7044B0548424640F2C3
:10AA80004511FFF7F1FC00BF60440020FC410020AD
:10AA9000104200202DE9F0470D4614462F69AB689F
:10AAA000496807EB62177E1C9E4280464FEA621996
:10AAB00004DD5B009E4201F10101FADC4046FFF734
:10AAC000DBFD8446002852D0B9F1000F00F11402DA
:10AAD0000EDD09F105014FEA810E134600EB8101FD
:10AAE000002043F8040B8B42FBD1AEF114031A444F
:10AAF000296905F1140314F01F0E03EB81012ED018
:10AB0000CEF1200910464FF0000A1C6804FA0EF43A
:10AB100044EA0A0440F8044B53F8044B994224FADF
:10AB200009FAF2D84B1B153B23F00303043305F15C
:10AB30001500814238BF0423BAF1000F18BF374611
:10AB400042F803A0D8F844306A68CCF8107053F883
:10AB500022102960604643F82250BDE8F087043A8D
:10AB600053F8040B42F8040F9942F9D8EAE7034B73
:10AB7000034862464FF4EF71FFF776FCFC4100207A
:10AB8000104200200B6984460069C01A16D10CF1EE
:10AB9000140C14310CEB830210B401EB830301E0BD
:10ABA000944508D252F8044D53F8041D8C42F7D056
:10ABB00005D24FF0FF305DF8044B7047704701201D
:10ABC0005DF8044B704700BF2DE9F84F0F6913691A
:10ABD000FF1A002F0E4690467FD101F11405143262
:10ABE00002EB830205EB830301E09D4278D253F828
:10ABF000041D52F8044DA142F7D069D37168FFF7E4
:10AC00003BFD8146002877D03569D8F81020C76011
:10AC100008F1140E06F1140009F1140A06F11001EE
:10AC20000EEB820200EB850756464FF0000C5EF8F3
:10AC3000044B51F804BFA3B21CFA8BFCACEB03032A
:10AC40004FEA144CCCEB1B4C0CEB234C9BB243EA6D
:10AC50000C43724546F8043B4FEA2C4CE7D8A2EB74
:10AC60000801153908F11508424521F0030404F1E3
:10AC7000040438BF0424204421F0030238BF00221A
:10AC800087425244544418D92646014651F8043BA1
:10AC90001CFA83FC4FEA2C4202EB13421FFA8CFC95
:10ACA0004CEA02438F4246F8043B4FEA224CEDD86F
:10ACB000013F3F1A27F00307E21923B952F8043D78
:10ACC000013D002BFAD0C9F810504846BDE8F88F76
:10ACD000334601274646984690E7F9DB00278DE783
:10ACE0000021FFF7C9FC814668B101220023C9E9B0
:10ACF00004234846BDE8F88F064B07484A4640F211
:10AD00004521FFF7B1FB034B03484A4640F2372188
:10AD1000FFF7AAFBFC410020104200202DE9F04380
:10AD2000884683B0012157EC106B1546FFF7A4FC51
:10AD30000446002851D0C7F30A59C7F31303B9F1E9
:10AD4000000F01D043F48013002E019318D101A805
:10AD5000FFF734FD019A6261012200F120032261B4
:10AD6000B9F1000F25D0A9F2334909EB03022046BF
:10AD7000C3F13503C8F800202B6003B0BDE8F083B1
:10AD800068460096FFF71AFD034610B3DDE900029E
:10AD9000C3F1200102FA01F10143DA40616101923D
:10ADA000002AA26114BF022201222261B9F1000F20
:10ADB000D9D1A3F23243C8F8003004EB82031869FA
:10ADC000FFF7DCFCC0EB421320462B6003B0BDE86C
:10ADD000F083009A6261019AE2E7034B034822463E
:10ADE00040F20F31FFF740FBFC41002010420020F1
:10ADF0000C4B0D4819680D4AD1F8983010B4D1F8B1
:10AE00009C4003FB00F002FB0400A3FB0232013371
:10AE100040EB0200C1E926305DF8044B20F0004011
:10AE2000704700BFB85000202DF451582D7F954C2D
:10AE300038B5A1FB02148CBB03F098FA0546E0B1CB
:10AE400050F8042C22F00302043A242A17D8132ABB
:10AE50001AD91B2AC0E900441DD9242A14BF00F1C5
:10AE6000100200F118024FF00003C0E9024404BFD1
:10AE700004614461C2E900339360284638BD21462D
:10AE8000FFF712FB284638BD02460023C2E9003313
:10AE90009360284638BD00F10802F6E7FFF7AAFAEA
:10AEA0000C2300250360E8E7024A0349034800F049
:10AEB000F9BB00BFAC50002049B80200184900207F
:10AEC0000C4B4168994210B5044601D003F03EFD99
:10AED000A168094B994202D0204603F037FDE16892
:10AEE000064B994204D02046BDE8104003F02EBD29
:10AEF00010BD00BF88340220F034022058350220F3
:10AF00002DE9F8432A4C2B4B2B48DFF8C090DFF893
:10AF1000C0802A4F1860002504230822294604F126
:10AF20005C00274E6566C4E90253C4E90055C4E9D4
:10AF30000455A561FFF7B8FA224B6367082229463A
:10AF400004F1C400C4E90749C4E90987C4E91A55F2
:10AF5000C4E91E55C4F8CC502567C4F88050E66299
:10AF6000FFF7A2FA184BC4F8DC30294604F1680355
:10AF7000082204F59670C4F88430C4E92298C4E924
:10AF80002476C4E93455C4E93855C4F83451C4F8BA
:10AF9000D850C4F8E850FFF787FA04F1D003C4E9A9
:10AFA0003C98C4E93E76C4F8EC30BDE8F88300BFB5
:10AFB00088340220C0350220A57D020039850200B8
:10AFC000598502000900010012000200D584020028
:10AFD000F984020010B504460A48FFF7E5FA636BEE
:10AFE00023B9094B094A1B68626323B1BDE81040CD
:10AFF0000448FFF7DBBAFFF783FFBDE810400148C4
:10B00000FFF7D4BA50340220C0350220BD7D0200C3
:10B010000148FFF7C9BA00BF503402200148FFF7CA
:10B02000C5BA00BF5034022030B5146815469BB035
:10B030001A4609B1002C19D100214FF42273ADF842
:10B040000C30009104914FF6FF7302910591ADF819
:10B050000E3069461E9B00F061FB002813DB009B4D
:10B06000286000221A7004981BB030BD4FF4C163F1
:10B0700000910491ADF80C302146E4DA8B23036093
:10B0800000201BB030BD0020EEE700BF844641EA3F
:10B09000000313F003036DD1403A41D351F8043B50
:10B0A00040F8043B51F8043B40F8043B51F8043BA2
:10B0B00040F8043B51F8043B40F8043B51F8043B92
:10B0C00040F8043B51F8043B40F8043B51F8043B82
:10B0D00040F8043B51F8043B40F8043B51F8043B72
:10B0E00040F8043B51F8043B40F8043B51F8043B62
:10B0F00040F8043B51F8043B40F8043B51F8043B52
:10B1000040F8043B51F8043B40F8043B51F8043B41
:10B1100040F8043B51F8043B40F8043B403ABDD2B0
:10B12000303211D351F8043B40F8043B51F8043B52
:10B1300040F8043B51F8043B40F8043B51F8043B11
:10B1400040F8043B103AEDD20C3205D351F8043BE1
:10B1500040F8043B043AF9D2043208D0D2071CBFAD
:10B1600011F8013B00F8013B01D30B8803806046D6
:10B17000704700BF082A13D38B078DD010F003034C
:10B180008AD0C3F10403D21ADB071CBF11F8013BBC
:10B1900000F8013B80D331F8023B20F8023B7BE70B
:10B1A000043AD9D3013A11F8013B00F8013BF9D236
:10B1B0000B7803704B7843708B78837060467047D0
:10B1C0000000000090F800F06DE9024520F0070152
:10B1D0006FF0000C10F0070491F820F040F0498067
:10B1E0004FF000046FF00700D1E9002391F840F020
:10B1F00000F1080082FA4CF2A4FA8CF283FA4CF3C4
:10B20000A2FA8CF34BBBD1E9022382FA4CF200F193
:10B210000800A4FA8CF283FA4CF3A2FA8CF3E3B997
:10B22000D1E9042382FA4CF200F10800A4FA8CF26E
:10B2300083FA4CF3A2FA8CF37BB9D1E9062301F12E
:10B24000200182FA4CF200F10800A4FA8CF283FA91
:10B250004CF3A2FA8CF3002BC6D0002A04BF0430B2
:10B260001A4612BAB2FA82F2FDE8024500EBD200A9
:10B270007047D1E9002304F00305C4F100004FEA50
:10B28000C50514F0040F91F840F00CFA05F562EAD8
:10B2900005021CBF63EA050362464FF00004A9E7FC
:10B2A000F8B5244F0C46064603F086FCBB685D6883
:10B2B000C4F57E610F3125F003054B1923F47F633C
:10B2C00023F00F03A3F58054B4F5805F07DB002162
:10B2D000304600F0D5F9BB682B44984204D0304684
:10B2E00003F070FC0020F8BD6142304600F0C8F960
:10B2F00001300DD0104ABB682D1B45F001055D6083
:10B30000136830461B1B136003F05CFC0120F8BD82
:10B310000021304600F0B4F9BA68831A0F2BDEDD45
:10B3200043F001035360054B03491B68C01A0860D2
:10B33000D5E700BF9C4C002054340220A4500020CC
:10B34000002961D0F8B50C46064603F035FC54F8E8
:10B35000042C7B4FA4F1080522F0010105EB010C40
:10B36000B868DCF80430604523F0030300F08B80FC
:10B37000D207CCF8043032D454F8082CAD1A11445A
:10B38000AA6807F1080082426AD00CEB0304D4F8E3
:10B3900004E0EC68D4601EF0010FA26000F097801A
:10B3A00041F001036B60CCF80010B1F5007F35D29D
:10B3B0007868CB080122490901338A40024357F8D3
:10B3C00033107A6007EBC302083AC5E9021247F866
:10B3D0003350CD603046BDE8F84003F0F3BB0CEBD2
:10B3E00003025268D00710D4194407F10800DCF8B2
:10B3F0000830834273D0DCF80C20DA60936041F0AF
:10B4000001036B606950D0E7704741F00103B1F56B
:10B41000007F44F8043CCCF80010C9D3B1F5206F8C
:10B420004FEA512348D28B0903F1390003F1380266
:10B43000C300F818FB580838984259D05A6822F0CF
:10B4400003028A4202D99B689842F7D1D868C5E9BD
:10B4500002308560DD603046BDE8F84003F0B2BBE5
:10B460000CEB03025268D20763D40B44DCE90212EE
:10B47000CA60916043F001026A603046EB50BDE85B
:10B48000F84003F09FBB0B44D10707D454F8082CB5
:10B49000AD1A1344D5E90212CA60916043F001026B
:10B4A0006A60284ABD6012689A4293D8264B30469B
:10B4B0001968FFF7F5FE8DE7142B0AD9542B1FD816
:10B4C0000B0B03F16F0003F16E02C300B1E71944E7
:10B4D0008DE703F15C0003F15B02C300A9E741F0D3
:10B4E0000103C7E90455C5E902006B60695071E7C3
:10B4F00079689210012404FA02F20A437A60A6E7FE
:10B50000B3F5AA7F06D8CB0B03F1780003F17702DD
:10B51000C3008EE740F25452934206D88B0C03F1DD
:10B520007D0003F17C02C30083E74FF47E737E222B
:10B530007FE741F001036B60CCF800104AE700BFE1
:10B540009C4C0020A85000208434022040EA0103D3
:10B550009B0730B501D1032A0FD8844601F1FF3E85
:10B5600007E01EF8011F03F8011B541EC1B19C46E1
:10B5700022466346002AF4D130BD0B468446194664
:10B5800053F8045BA5F1013424EA050414F0803F6C
:10B59000E4D1043A032A4CF8045B1946EFD8DDE7FE
:10B5A0009444002CE8D003F8011B6345FBD130BD67
:10B5B0000EB410B583B005AB064C53F8042B0193C1
:10B5C0000146206801F088FE03B0BDE8104003B0DA
:10B5D000704700BFB850002010B50C46B1F90E10EE
:10B5E00004F09EFD002803DB236D0344236510BD9A
:10B5F000A38923F48053A38110BD00BF2DE9F0413E
:10B600000C46B1F90C101F46CB05054616460BD467
:10B6100021F48051A1813B46B4F90E1032462846F0
:10B62000BDE8F04100F062B8B4F90E100223002228
:10B6300004F060FDB4F90C10EAE700BF10B50C4649
:10B64000B1F90E1004F056FDA389421C0EBF23F47D
:10B65000805343F480532065A38110BDB1F90E10CF
:10B6600004F0CEB949B1FF2A02D80A700120704710
:10B670008A2303604FF0FF3070470846704700BFD1
:10B6800038B5074D0022044608462A60EFF76CF9EA
:10B69000431C00D038BD2B68002BFBD0236038BD85
:10B6A000C43502202DE9F84380460F4616464FF078
:10B6B0000009D6E90154013D11D4A389012B05F1FC
:10B6C000FF3508D9B4F90E300133214603D0404686
:10B6D000B84749EA00096B1C04F16804EDD13668EB
:10B6E000002EE6D14846BDE8F88300BF38B50C46C9
:10B6F000084D8446114620461A4600232B606446B6
:10B70000EEF7ECFF431C00D038BD2B68002BFBD0BC
:10B71000236038BDC4350220000000002DE9F04F41
:10B720002DED088BD1B00C460BEE101A9046089305
:10B73000834603F007F9036812931846FFF742FDAA
:10B7400020AF1090082200213846FEF7ADFEA389F5
:10B750001B0603D52369002B00F0558700239FEDBE
:10B76000838B9FED849BCDE92533CDE91333CDE960
:10B77000153327AA0E9324929246119304934446BC
:10B78000A1467E4BD3F8E450FEF712FF4A4603462B
:10B790001CA900975846A847002800F0B080C0F2C6
:10B7A000A6801C9A252A034601D09944E9E7B9EB03
:10B7B0000405064640F0A78000234FF0FF328DF8C5
:10B7C00067309846069309F1010999F80030039211
:10B7D0002B25202609F10109A3F120025A2A00F2A3
:10B7E000CF80DFE812F0E802CD00CD00E302CD000B
:10B7F000CD00CD006A00CD00CD0005028402CD0051
:10B800001002C902CD00BD025B005B005B005B0063
:10B810005B005B005B005B005B00CD00CD00CD00FA
:10B82000CD00CD00CD00CD005301CD0083011A0223
:10B83000530153015301CD00CD00CD00CD001502C1
:10B84000CD00CD009602CD00CD00CD00AB01CD00E6
:10B85000AA02CD00CD00E306CD00CD00CD00CD0085
:10B86000CD00CD00CD00CD005301CD008301DE0120
:10B870005301530153017702DE017F00CD0089029D
:10B88000CD005F02E0062F027F00CD00AB017C00FF
:10B89000B806CD00CD00BD06CD007C00A3F130027E
:10B8A000002119F8013B01EB810102EB4101A3F1F9
:10B8B0003002092AF5D906918EE7584603F042F87E
:10B8C000436815931846FFF77DFC1690584603F021
:10B8D00039F883681393169B002B40F02D8699F856
:10B8E000003077E799F8003048F0200872E7082226
:10B8F00000213846FEF7D8FD0123994441E7B9EB12
:10B900000405064611D0269B2B442693259B013324
:10B91000072BCAE9004525931CDC0AF1080A049BA1
:10B920002B440493002E7FF447AF269B002B41F05D
:10B930000B821BEE103AB3F90C3013F0400F049B4E
:10B9400018BF4FF0FF330493049851B0BDEC088B3F
:10B95000BDE8F08F1BEE101A24AA584604F0FAFD39
:10B960000028E6D10DF19C0AD9E700BF00000000D5
:10B9700000000000FFFFFFFFFFFFEF7F304B0020C4
:10B980000B93002BD1D00021CDE90C118DF8DC30C8
:10B9900001238DF8671002930791059303910F918E
:10B9A00037AC18F00203099302D0029B02330293D2
:10B9B00018F084030A9305D1069B029A9D1A002D64
:10B9C00000F36983269A89B125990DF16700013149
:10B9D0000132CAF8000007294FF001002692259194
:10B9E000CAF8040000F3A2830AF1080A099B83B194
:10B9F000259B1AA901330232CAF80010072B4FF019
:10BA0000020126922593CAF8041000F3A3830AF1D9
:10BA1000080A0A9B802B00F06C82039B05995D1A33
:10BA2000002D00F3A58218F4807F40F00D82059B65
:10BA3000CAF804301A44259BCAF800400133072B8A
:10BA40002692259300F31B830AF1080A18F0040FCD
:10BA500005D0069B02995C1A002C00F38883049B96
:10BA6000069902988142ACBF5B181B180493002A08
:10BA700040F0B08200232593079B1BB107995846DD
:10BA8000FFF75EFC0DF19C0A4C4679E60B93089B90
:10BA9000073323F00703B3EC028BB0EEC87BB4EEA0
:10BAA000497BF1EE10FA089340F3E984B5EEC08BC0
:10BAB000F1EE10FA01F159809DF86710AB4CAC4BD8
:10BAC00028F080080B9A472AC8BF1C460023CDE9FE
:10BAD0000C33032207930292059203930F930029DC
:10BAE0003FF45FAF029B013302935AE7432B0B9362
:10BAF00003D018F0100F00F05D85089D082200218A
:10BB000022A837ACFEF7D0FC22AB55F8042B214617
:10BB1000584602F0F1FE03460133059001F0EE8233
:10BB2000059B089523EAE37302930021CDE90C11EC
:10BB30008DF86710079103910F9132E70B93089BE3
:10BB40001A4600238DF86730134653F8044B0893C8
:10BB5000002C00F048850B9B532B00F0EC8618F06E
:10BB600010030C9340F0E786039B5D1C01F0E58019
:10BB70000C991A46204604F01DF80790002801F0A1
:10BB80002883079B1A1B05920C9B039322EAE272FF
:10BB90000F930D93079373239DF8671002920B93F5
:10BBA0009DE718F0200F0B93089B3DD0073323F03F
:10BBB00007031A4611465B6851F8082B089119468D
:10BBC000002BC0F20C84039B013300F09E8228F00E
:10BBD000800052EA0103029040F09982039B002BFF
:10BBE00040F09A82804600230393059350AC06E10F
:10BBF000089B53F8042B0692002A80F21984069AB7
:10BC000008935242069299F8003048F00408E1E5A2
:10BC100099F8003048F00808DCE548F0100818F002
:10BC2000200F0B93089BC1D118F0100F40F00B842C
:10BC300018F0400F00F0038433F9042B0893D11758
:10BC40000B46BDE7089B48F00202029253F8042B12
:10BC5000089347F63003ADF868307820454B1193D0
:10BC6000002102230B900020039C8DF86700601CCC
:10BC700000F0AD80029820F0800852EA010040F008
:10BC8000A480002C40F0AE86002BACD1029B13F0B8
:10BC90000103059300F0D18330238DF83F310DF27D
:10BCA0003F14ACE018F0200F40F0D48318F0100FD0
:10BCB00040F09F8618F0400F40F0978718F4007FFF
:10BCC00000F09786089B049953F8042B0893117091
:10BCD0004C4655E599F80030682B03BF99F80130C0
:10BCE00048F4007809F1010948F0400872E599F834
:10BCF00000308DF867506DE599F800306C2B03BF6C
:10BD000099F8013048F0200809F1010948F01008BD
:10BD100060E50B9348F0100818F0200100F0518303
:10BD2000089B073323F00703596853F8082B08933F
:10BD300028F480630293002395E70B9348F01003E7
:10BD40000293029B13F0200100F02983089B073324
:10BD500023F00703596853F8082B0893012382E75F
:10BD600099F8003048F0800834E500BFDC4300203B
:10BD7000E0430020EC430020494611F8013B2A2B08
:10BD800001F04982A3F13002092A894698BF0021B7
:10BD900001F2448119F8013B01EB810102EB410101
:10BDA000A3F13002092AF5D9039115E599F800307D
:10BDB00048F001080EE59DF86730002B7FF48FAD49
:10BDC00099F800308DF8676004E5CDF80880012B04
:10BDD00000F09D81022B50AC20D1119802F00F038E
:10BDE0001209C35C04F8013D42EA0172090952EAF2
:10BDF0000103F3D150AB1B1BDDF808800593059AB6
:10BE000003989DF8671082424FF00003B8BF0246C6
:10BE1000CDE90C33079302920F9360E602F007031B
:10BE2000D20842EA4172C908303352EA010520467D
:10BE300004F8013DF2D1029AD10700F14D8250ABD6
:10BE40001B1B90460593DAE70B9B652B40F3D480D0
:10BE5000B5EE408BF1EE10FA40F0C181259BBA4956
:10BE6000CAF80010013301320121072B26922593D5
:10BE7000CAF8041000F351850AF1080A1B9B0E99B9
:10BE80008B4280F2D082109B12991A44CAE90013A7
:10BE9000259B26920133072B259300F397830AF104
:10BEA000080A0E9B5C1E002C7FF7D0AD102C259B42
:10BEB00040F36E851BEE106A102505E00AF1080AB2
:10BEC000103C102C40F364850133A0491032072B3D
:10BED000CAE90015CDE92532F0DD24AA31465846DD
:10BEE00004F038FB00287ED1DDE925320DF19C0AF3
:10BEF000E6E7069B02995D1A002D7FF78EAD102DA7
:10BF0000259B21DD099410261BEE104A04E0103D0C
:10BF1000102D0AF1080A16DD01338C491032072B67
:10BF2000CAE90016CDE92532F1DD24AA214658469A
:10BF30000DF19C0A04F00EFB002854D1103D102D89
:10BF4000DDE92532E8DC099C8049CAF80450013358
:10BF50002A44072BCDE92532CAF8001000F32685C4
:10BF6000039B05995D1A002D0AF1080A7FF75BAD66
:10BF7000102D259B1FDD514610261BEE10AA04E054
:10BF8000103D102D01F1080114DD01336F4810320E
:10BF9000072BC1E90006CDE92532F1DD24AA51467F
:10BFA000584604F0D7FAF0B9103D102DDDE92532DE
:10BFB00027A9EADC8A4601336449CAF804502A44B6
:10BFC000072BCDE92532CAF8001000F3DA810AF117
:10BFD000080A28E51BEE101A24AA584604F0BAFAFB
:10BFE00000283FF447AD079B002B3FF4A2AC079914
:10BFF0005846FFF7A5F99CE40E9B012B40F37A818C
:10C00000259BCAF80040013301320121072B2692FB
:10C010002593CAF8041000F3F8810AF1080A109970
:10C02000129801330A44072BCAE90001CDE92532F1
:10C0300000F3DD810AF1080AB5EE408BF1EE10FA4B
:10C0400000F077810E990133013901340A44072B3E
:10C05000CAF800402593CAF80410269200F35B81C9
:10C060000AF1080A1499CAF8041001330A44072B8C
:10C070001EA9CDE92532CAF800107FF7E5AC1BEE0A
:10C08000101A24AA584604F065FA0028ABD1269A63
:10C090000DF19C0ADAE4102DDDE925122C4E24DD89
:10C0A000179410231BEE104A084604E0103D102D93
:10C0B0000AF1080A17DD013010320728CAE90063C7
:10C0C000CDE92502F2DD24AA214658460DF19C0A4D
:10C0D00004F040FA002886D1103D102DDDE925023C
:10C0E0004FF01003E7DC179C014601312A44072971
:10C0F000CDE92512CAF80060CAF8045000F3BD83E8
:10C100009DF867100AF1080A5DE4CDF808800A2A54
:10C1100071F1000380F0458330320123DDF808809F
:10C120008DF83F2105930DF23F1468E61BEE101ABF
:10C1300024AA584604F00EFA00287FF454AF269A39
:10C140000DF19C0A52E400BF1C440020F44800207A
:10C15000404400201BEE101A24AA584604F0FAF9B5
:10C1600000287FF440AF269A0DF19C0A51E4102C70
:10C17000259BBE4E1FDD1BEE108A102504E0103CEF
:10C18000102C0AF1080A16DD01331032072BCAE918
:10C190000065CDE92532F2DD24AA414658460DF16D
:10C1A0009C0A04F0D7F900287FF41DAF103C102C36
:10C1B000DDE92532E8DC01332244072BCAE90064BB
:10C1C000CDE925327FF74BAC1BEE101A24AA584656
:10C1D00004F0C0F900287FF406AF269A3FE41B99CB
:10C1E000002940F35A830C9E0E9B9E42A8BF1E4618
:10C1F000002E0BDD259B01333244072BCAE9004694
:10C200002692259300F389860AF1080A0C9D002ED8
:10C21000A8BFAD1B002D00F303820C9B18F4806FA8
:10C220002344059340F01F821B9B0E998B4203DB36
:10C2300018F0010F00F0CF84109912980A44CAE94F
:10C2400000012599269201310729259100F3A58641
:10C250000AF1080A0E996518CC1A059BED1AA54239
:10C26000A8BF2546002D0DDDCAF80030259BCAF871
:10C27000045001332A44072B2692259300F3BB86F2
:10C280000AF1080A002DA8BF641B002C7FF7DEAB63
:10C29000102C259B40F37C831BEE106A102505E0D3
:10C2A0000AF1080A103C102C40F3728301337049E4
:10C2B0001032072BCAE90015CDE92532F0DD24AA9A
:10C2C0003146584604F046F900287FF48CAEDDE98B
:10C2D00025320DF19C0AE5E7302B3FF48BAD30237E
:10C2E000023804F8013C50AB1B1ADDF808800593B6
:10C2F000044684E518F0010F7FF482AE259BCAF84E
:10C300000040013301320121072B26922593CAF800
:10C3100004107FF7A5AE1BEE101A24AA584604F0AD
:10C3200019F900287FF45FAEDDE925320DF19C0A92
:10C3300098E60E994C1E002C7FF794AE102C40F31B
:10C3400061831BEE106A102505E00AF1080A103C13
:10C35000102C40F35783013345491032072BCAE9AB
:10C360000015CDE92532F0DD24AA3146584604F007
:10C37000F1F800287FF437AEDDE925320DF19C0A93
:10C38000E5E71BEE101A24AA584604F0E3F800284B
:10C390007FF429AE269A0DF19C0AFFF744BB029B5D
:10C3A00013F0100340F0C180029A12F0400200F036
:10C3B0007A83089850F8042B0890194692B201230A
:10C3C00051E418F0100355D118F0400200F05D83DD
:10C3D000089850F8042B0890194692B2A8E45242EB
:10C3E00061EB4101CDF808802D2001233CE41BEED8
:10C3F000101A24AA584604F0ADF800287FF4F3ADD3
:10C40000DDE925320DF19C0A16E61BEE101A24AA6E
:10C41000584604F09FF800287FF4E5ADDDE92532A9
:10C420000DF19C0AFBE518F0010F3FF40FAB2AE574
:10C43000089399F80030FFF7CDB950ACDFE418F459
:10C44000007F40F0DB8353F8042B0893D1170B4691
:10C45000FFF7B6BB089B049853F8041B0893C21758
:10C46000C1E900024C46FFF78BB900BF40440020F1
:10C47000F4480020089B53F8042B089358E4B4EECA
:10C48000488BF1EE10FA80F194860B9B612B00F043
:10C490005285412B00F0C085039B01330B9B23F099
:10C4A000200500F08084472D04D1039B002B08BF9A
:10C4B0000123039318EE903A002B48F4807246460D
:10C4C000C0F21886B0EE48AB00239046099307935C
:10C4D0000B9B413B252B00F29883DFE813F06F04A0
:10C4E00096039603960368046C04960396039603DA
:10C4F0009603960396039603960396039603960374
:10C500009603960396039603960396039603960363
:10C510009603960396039603960396039603960353
:10C5200096039603960368046C04089B53F8042B47
:10C5300008930123FFF797BB139B002B3FF4CFA970
:10C54000139B1B78002B3FF4CAA999F8003048F4DC
:10C550008068FFF73FB90B93CDF80880FFF7F1BB78
:10C560000B939A4B119318F0200100F00581089B62
:10C57000073323F00703596853F8082B089318F082
:10C58000010F0AD052EA010307D00B9B8DF86930E6
:10C59000302348F002088DF8683028F48063029355
:10C5A0000223FFF760BB0B93FFF7B6BB0B93884BDF
:10C5B0001193D8E7089B012153F8042B02918DF8C1
:10C5C000DC200893059137ACFFF7AFBA1BEE101AC9
:10C5D00024AA584603F0BEFF00287FF404AD269A33
:10C5E0000DF19C0A5DE4039B0794062B224628BFAD
:10C5F000062303942146CDE90C22764C0293059341
:10C600000F92FFF76CBA4021584601F0AFFE206050
:10C610002061002800F00F8640236361FFF79EB879
:10C62000102D259B40F35D82514610261BEE10AA6B
:10C6300004E00831103D102D40F35282013366486A
:10C640001032072BC1E90006CDE92532F1DD24AA1D
:10C650005146584603F07EFF00287FF4C4ACDDE964
:10C66000253227A9E6E70E9BCDF82490E318039323
:10C670000D9BCDF82880139E059DDDF85890DDF8C0
:10C680003C800B941BEE101A5046002B34D0B8F1AE
:10C69000000F35D10D9B013B013E0D93159BC0E969
:10C6A0000039259B01334A44072B269225936CDCE5
:10C6B0000830039B96F800C05B1B6345A8BF634628
:10C6C000002B9A460CDD259C01341A44072CC0E946
:10C6D00000532692259400F3778196F800C0083025
:10C6E000BAF1000FACBFACEB0A046446002C0ADCC4
:10C6F00065440D9B002BCAD1B8F1000F00F0AC834C
:10C7000008F1FF38CAE7102CDDF894C024DD059548
:10C710004FF0100A63460D4604E0103C102C00F167
:10C72000080016DD01332C491032072BC0E9001A2E
:10C73000CDE92532F1DD24AA2946584603F00AFF47
:10C7400000287FF450AC103C102CDDE9253227A8DE
:10C75000E8DC2946059D9C460CF101032244446017
:10C76000072B1D4C0460CDE9253200F3C68396F8F3
:10C7700000C008306544BCE718F0100300F0C28028
:10C78000089B53F8042B0893F9E624AA5846059110
:10C7900003F0E0FE00287FF426AC269A059927A82E
:10C7A00087E70298CDF81CA050AC00F4806000250B
:10C7B0000AEE10BA094BDDF84CA0CDF81490A34650
:10C7C0004FF00508AC46044610E000BFEC430020E3
:10C7D0000044002014440020F4480020CDCCCCCCF0
:10C7E0000A2A71F1000136D34A463146501840F109
:10C7F0000000A3FB005626F0030505EB9605401B41
:10C80000151A4FF0CC3661F1000E06FB05F6A5FBBC
:10C81000039503FB0E6609F0010E2E44AEFB085E85
:10C820002D184FEA590930350BF8015C49EAC679F1
:10C830000CF1010C0BF1FF3B7608002CD0D09AF8DC
:10C8400000008445CCD1BCF1FF0FC9D00A2A71F198
:10C85000000180F08F815C4650AB1B1BDDF814900B
:10C86000CDF84CA01AEE10BADDF81CA0DDF8088057
:10C87000CDF838C00593FFF7C2BA1BEE101A24AAF0
:10C88000584603F067FE00287FF4ADAB9DF86710B3
:10C89000269A0DF19C0AFFF796B8259BBE48CAF868
:10C8A0000000013301320120072B26922593CAF89C
:10C8B000040000F377810AF1080A002940F0AF80F4
:10C8C0000E9908F001030B433FF4C0A8109B129986
:10C8D0001A44CAE90013259B26920133072B25939E
:10C8E00000F352820AF1080A0E99CAF80040013397
:10C8F0000A44072BCDE92532CAF804107FF7A4A813
:10C90000FFF7BDBB18F0400200F0DD80089850F83A
:10C91000042B0890194692B231E61BEE101A24AA95
:10C92000584603F017FE00287FF45DAB269A0DF100
:10C930009C0AFFF7A3BA22AE0822002130461D94BC
:10C94000FDF7B2FD039B5A1C00F0DB800025CDF8FB
:10C950000890CDF81C809946A8460CE037A95846A7
:10C9600001F0CAFF431C404400F0C883484508DC7E
:10C9700000F0188480461D9A525933460435002A27
:10C98000ECD1CDF81480DDF80890DDF81C80C5E00E
:10C9900001338249CAF804402244072BCAF8001028
:10C9A000CDE925327FF750A8FFF769BB1BEE101ABF
:10C9B00024AA584603F0CEFD00287FF414AB269A33
:10C9C0000DF19C0AFFF729B824AA5846059103F0F7
:10C9D000C1FD00287FF407AB96F800C0269A0599A0
:10C9E00027A87DE6012BCDF808807FF4F3A9FFF797
:10C9F00093BB089B049953F8042B4C461160089391
:10CA0000FEF7BEBE01336549CAF804402244072B35
:10CA1000CDE92532CAF800107FF722AB7BE4109BEA
:10CA200012981A44CAE90003259B26920133072B6A
:10CA3000259300F3A9810AF1080A0029BFF654AF33
:10CA40004D42103180F20F831BEE101A102605E0C4
:10CA50000AF1080A103D102D40F3058301334F48B9
:10CA60001032072BCAE90006CDE92532F0DD24AAF1
:10CA70005846039103F06EFD00287FF4B4AADDE967
:10CA8000253203990DF19C0AE4E7089B18F4007124
:10CA90001ABF114653F8042B53F8042B089318BF00
:10CAA000D2B2FFF745B9029B13F40071089B1ABF7D
:10CAB000114653F8042B53F8042B089318BFD2B235
:10CAC0000123FFF7D0B8089B18F400711ABF114674
:10CAD00053F8042B53F8042B089318BFD2B24EE539
:10CAE0008A4601332D49CAF804502A44072BCDE960
:10CAF0002532CAF8001000F339810AF1080AFFF75D
:10CB00008CBB0023194600961DAA584602F060F817
:10CB100003460133059000F0F1821D94059B002B24
:10CB20004ED0632B00F318810023079337AC082203
:10CB300000213046FDF7B8FC059D00962B461DAA46
:10CB40002146584602F044F8854240F07C83059A1D
:10CB50000023A35422EAE272CDE90C339DF867105A
:10CB6000039302920F93FEF7BABF2D218DF8671041
:10CB7000FEF7A4BF169B1599ABEB030B1A4658465C
:10CB8000FEF7E4FC9AF80120054B0AB10AF1010A0C
:10CB90004FF0000C28E600BF1C440020F4480020A1
:10CBA000CDCCCCCC1BEE101A24AA584603F0D2FCF4
:10CBB00000287FF418AA1B99269A0DF19C0A7CE69E
:10CBC000059B9DF867100F93CDE90233CDE90C3337
:10CBD0000793FEF784BF0E99059865182D1ACC1A95
:10CBE000A542A8BF2546FFF74DBB089B049953F803
:10CBF000042B089311804C46FEF7C2BD13F9042B99
:10CC00000893D1170B46FEF7DBBF039A022122AB34
:10CC100001931DAB009358461BABB0EE4A0B02923A
:10CC200002F078F8472D029A044600F06181462D03
:10CC3000104405D12378302B00F06F821B9A1044EA
:10CC4000B5EE40ABF1EE10FA40F0468103461B1BF7
:10CC50000E93472D00F01081462D00F0B5811B9BEF
:10CC60000C930C9B412D03F1FF331B9300F0E581E6
:10CC70009DF82C200021002BB8BF0C9B8DF878204C
:10CC8000BABFC3F101032D222B22092B8DF8792085
:10CC900040F3DA810DF18F05DFF81CC42A461046F7
:10CCA0008CFB0321DA17C2EBA10202EB8201A3EB9A
:10CCB0004101303100F8011C19466329134600F187
:10CCC000FF32ECDC3033D9B2831E9D4202F8011CE6
:10CCD00040F28B8213460DF17A0201E013F8011B3A
:10CCE00002F8011B9D42F9D10DF191030DF17A0279
:10CCF0001B1A13441EAA9B1A14930E9B149A012B01
:10CD00001A44059240F30382059B109A134405933D
:10CD100026F48063059A43F480780023CDE90C3330
:10CD200022EAE2720F930292099B002B40F0B1803D
:10CD30009DF867100393FEF7D2BE2046FEF742FA35
:10CD400002460590FEF720BF1BEE101A24AA584693
:10CD500003F000FCFEF7EDBD591C584601F006FB40
:10CD60000446002800F0CA810790E0E61BEE101A86
:10CD700024AA584603F0EEFB00287FF434A9269A33
:10CD80000DF19C0AFFF749BA1BEE101A24AA584667
:10CD900003F0E0FB00287FF426A9DDE925321B998A
:10CDA0000DF19C0A49E606230393FFF783BB039B1F
:10CDB00002215A1C2BE7039A032128E71BA8B0EE97
:10CDC0004A0B02F047FFB4EE007B20EE070BB5EEF6
:10CDD000400BF1EE10FA01D101231B93B348039BE2
:10CDE000B3EE005B013B224604E0B5EE400BF1EEF2
:10CDF00010FA13D020EE050BFDEEC07BB3F1FF3F20
:10CE000017EE901A415CB8EEE76B944630EE460B95
:10CE100002F8011B194603F1FF33E6D1B6EE006BB1
:10CE2000B4EEC60BF1EE10FA00F34881B4EE460BF7
:10CE3000F1EE10FA04D117EE903ADB0700F13E81D3
:10CE4000002906DB4B1C1344302102F8011B9342DE
:10CE5000FBD1131B0E93FCE60B9C0E9BDDF824907C
:10CE6000DDF828801396E3189D42294628BF19460D
:10CE700082460591FFF7D8B91B9B0C93DA1C02DBA5
:10CE8000039A93420CDD0B9B023B0B9323F020058E
:10CE9000E7E62D2100238DF867100393FEF722BEED
:10CEA0000C9B0E9A9342C0F2BD80F0070C9B40F1A0
:10CEB0003281109A13440593710503D50C9B002B06
:10CEC00000F33581059B23EAE373029367230B93F9
:10CED00000230F930D9327E7229B8342BFF4B7AE45
:10CEE00030215A1C22921970229B9842F9D8AEE642
:10CEF000F30700F1A780229BA9E624AA58460591D2
:10CF000003F028FB00287FF46EA896F800C0269A4C
:10CF1000059927A86544FFF7ECBB1BEE101A24AA5D
:10CF2000584603F017FB00287FF45DA8269A0DF100
:10CF30009C0AFFF76BB978238DF8693030238DF8A0
:10CF40006830039B632B48F0020600F3A6800023A1
:10CF5000079337AC18EE903A002B48F481782BDB1E
:10CF6000B0EE48AB0B9B23F02005002309930B9BED
:10CF7000612B7FF4ADAAB0EE4A0B1BA802F06AFE4B
:10CF8000B4EE007B20EE070BB5EE400BF1EE10FA8D
:10CF900001D101231B93464821E71BEE101A24AA56
:10CFA000584603F0D7FA00287FF41DA81B9B269A49
:10CFB0000DF19C0AFFF74EB90B9B23F020052D23A2
:10CFC0000993B1EE48ABD2E71B9A0C92002A06F007
:10CFD000010340F30D8103990B4340F0CF800C9B7C
:10CFE000059366230B93720500F1A380059B23EA4A
:10CFF000E37302936CE71BEE101A24AA584603F061
:10D00000A9FA00287EF4EFAF1B9C0E9B269A1C1BEE
:10D010000DF19C0AFFF736B958238DE700220392E1
:10D02000FEF7DABB0E9B109A9A180C9B0592002B08
:10D0300040F3AB8067230B93D5E70B9A0F32D2B244
:10D04000012118E6A018FBE5002940F0A880302255
:10D050008DF87A200DF17B02303302F8013B1EABD4
:10D06000D31A149349E601331249CAF804502A44EA
:10D07000072BCDE92532CAF800107FF733AC1BEE41
:10D08000101A24AA584603F065FA00287EF4ABAFC4
:10D09000DDE925320DF19C0A26E4591C584601F0C1
:10D0A00065F9044650B3079054E700BF00440020E0
:10D0B000EC430020F448002067666666CDF888C01F
:10D0C00012F8011C90F80FC0614513460AD14FF0C9
:10D0D000300E03F801EC229B591E229113F8011C1B
:10D0E0008C45F6D0392916BF0131817AC9B203F8CF
:10D0F000011CAEE600239046079360E71BEE102A62
:10D10000B2F90C3043F040039381FEF716BCF507EB
:10D110007FF5FEADF8E50593CEE6B5EE40ABF1EE5A
:10D1200010FA3FF48BADC2F101021B9287E5672331
:10D130000B9313990B78FF2B79D000250C9A284676
:10D1400003E001300131FF2B08D0934206DAD21AF6
:10D150004B78002BF5D10B780135F4E70C92139145
:10D160000D900F950F9A0D9B16991344059A01FB8C
:10D170000323059323EAE3730293D5E5109BD318A9
:10D180001944662305910B932DE7C3F101031A445B
:10D1900022EAE2730293672305920B9398E60DF15E
:10D1A0007A0259E7039BDDF80890DDF81C800593AF
:10D1B000B4E418EE903A002BB4BF2D219DF867100F
:10D1C000254C264BB8BF8DF8671028F08008FEF775
:10D1D00079BC039B0293059373239DF8671003901A
:10D1E0000F900D900B93FEF77ABC0223149384E505
:10D1F000039A134305D10123662202930B920593F0
:10D2000066E6109B01331A4422EAE2730293662316
:10D2100005920B935CE6089A99F80130894652F81A
:10D22000041B089241EAE1710391FEF7D3BA00238F
:10D230000F930D9396E70C23CBF800304FF0FF339C
:10D240000493FEF781BB1BEE102A938943F0400341
:10D250009381FEF7C8BE00BFE4430020E8430020EE
:10D260002DE9F84F4B6E9C0490462DD593681268BB
:10D2700043B38B46064602F1080959E9025A5FEAB0
:10D280009A0715D0043D002401E0A7420ED055F8BE
:10D29000041F5A46304602F0AFFF431C04F101045C
:10D2A000F3D10023C8E90133BDE8F88FD8F808307E
:10D2B0002AF0030AA3EB0A03C8F8083009F10809A9
:10D2C000002BDAD10020ECE702F0CAFF0023C8E906
:10D2D0000133BDE8F88F00BF2DE9F04F2DED028B33
:10D2E000C5B00DF1500A834608EE101A164600210B
:10D2F000082250461C460793FDF7D6F8BBF1000FF5
:10D3000004D0DBF83430002B00F0A08618EE102A91
:10D31000536EDB0740F11385B2F90C108AB2950405
:10D320000BD418EE103A41F4005199815B6E8AB229
:10D3300018EE101A23F400534B66100740F10581D4
:10D3400018EE103A1B69002B00F0FF8002F01A0360
:10D350000A2B00F00A810023CDE91933CDE90D3302
:10D360001BAA0C93189291460B930593B046444622
:10D37000A84BD3F8E450FDF71BF92246034612A947
:10D38000CDF800A05846A847002800F04581C0F21B
:10D390003981129A252A034601D01C44E8E7B4EBF0
:10D3A0000806054640F03C81002361788DF8433043
:10D3B00004F1010806934FF0FF371E462B2408F1B5
:10D3C0000108A1F120035A2B00F27881DFE813F065
:10D3D000B50276017601B0027601760176016A0027
:10D3E000760176017D028D02760188029702760130
:10D3F00092025B005B005B005B005B005B005B001C
:10D400005B005B007601760176017601760176019C
:10D410007601760176015C02840076017601760160
:10D420007601760176017601760176017601E800D3
:10D4300076017601760133027601DA027601760111
:10D440008B0576017601760176017601760176010B
:10D450007601760176015C0286007601760176011E
:10D46000CD0286007F007601C0027601FD02EA004F
:10D47000ED027F00760133027C00690576017601BA
:10D480006B0576017C00A1F13003002218F8011B26
:10D4900002EB820203EB4202A1F13003092BF5D922
:10D4A00006928EE7584601F04DFA43680D931846F0
:10D4B000FDF788FE0E900546584601F043FA836852
:10D4C0000B93002D40F0D68498F8001077E798F879
:10D4D000001046F0200672E746F01006B40640F150
:10D4E0008E81079B073323F007031A46596852F8C9
:10D4F000083B07920A460029C0F27084791C00F0AC
:10D50000A28526F08001039153EA020100F03F84D6
:10D510000A2B72F1000180F0418530338DF80F3114
:10D52000039E012304930DF20F14049BBB42B8BF6A
:10D530003B460393002308939DF84330002B00F0F3
:10D54000CB80039B01330393C6E018EE101A5846B4
:10D5500018EE105A01F05EFA002840F05286AA89AF
:10D5600002F01A030A2B7FF4F6AE18EE101AB1F986
:10D570000E30002BFFF6EFAE4B6EDB0702D49705A3
:10D5800040F1128618EE101A23463246584600F033
:10D5900069FE0590059845B0BDEC028BBDE8F08FA3
:10D5A00046F0100616F0200200F03681079B073384
:10D5B00023F0070319465A6851F8083B079126F4EF
:10D5C00080610391002100208DF84300781C00F059
:10D5D0001082039820F0800653EA020040F008828F
:10D5E000002F40F03885002940F0D583039B13F0CD
:10D5F0000103049300F0118430238DF80F310DF2F4
:10D600000F1492E7082200215046FCF74DFF01233A
:10D610001C44ADE6304B0020B4EB080605461BD099
:10D62000199B1A9A01333244072BC9E900861A92D2
:10D6300019931CDD002A00F0A68318EE101A18AA10
:10D640005846FFF70DFE20BB0DF16C09059B3344D6
:10D650000593002D7FF4A8AE1A9B002B40F0C185E6
:10D6600018EE103A0022B3F90C30199215E009F1C6
:10D670000809EBE718EE101A18AA5846FFF7F0FD54
:10D68000002800F0A680089B1BB108995846FDF7BA
:10D6900057FE18EE103AB3F90C3018EE102A526EFD
:10D6A00012F0010F9AB200F0A080500600F1B2858E
:10D6B000059845B0BDEC028BBDE8F08F0029CBD0BA
:10D6C00000238DF843300123CDE903338DF8AC10EE
:10D6D0002BAC002308931F4616F00203099302D0D7
:10D6E000039B0233039316F084030A9305D1069B30
:10D6F000039A9D1A002D00F37B82DDE91903411C7A
:10D700009DF8432082B101220133C9F80420072982
:10D710000DF14302CDE91913C9F8002000F34A8244
:10D72000084609F108090131099AE2B111AA023348
:10D73000C9F8002007294FF00202CDE91913C9F8F2
:10D74000042040F35082002B00F0438318EE101A9F
:10D7500018AA5846FFF784FD002894D1DDE9190383
:10D760000DF16C09411C0A9A802A00F08481049A08
:10D77000BD1A002D00F3D781049AC9F80040134464
:10D780000729CDE91913C9F8042040F36E81002B55
:10D7900000F0758218EE101A18AA5846FFF760FDBF
:10D7A00000287FF470AF1A9B0DF16C09750705D541
:10D7B000069A0399541A002C00F36B82DDE90521C7
:10D7C00003988142ACBF521812180592002B7FF4C7
:10D7D00051AF089900231993002900F04981584658
:10D7E000FDF7AEFD0DF16C09C1E59C053FF55DAFA0
:10D7F00018EE104AA06DFCF7D9FEA28955E7F00695
:10D80000079A00F11F83710640F1198332F9043B36
:10D810000792DA1711466EE616F01003079940F0EA
:10D82000098316F0400000F001831A4651F8043BCA
:10D8300007919BB2C3E6079B1A4600238DF843303D
:10D84000134653F8044B0393002C00F01284532921
:10D8500000F0658316F0100540F061837B1C00F03A
:10D86000B3843A462946204602F0A4F908900028DD
:10D8700000F09F84031B039A049323EAE3732F466B
:10D8800007920393089557E6432902D0F50640F125
:10D890002D83079D0822002116A82BACFCF704FE5F
:10D8A00016AB55F8042B2146584601F025F80346DF
:10D8B0000133049000F0B384049B079523EAE373DB
:10D8C000039300238DF8433003E7079B53F8042BA1
:10D8D0000692002A80F29C82069A5242CDE90623E3
:10D8E00098F8001046F0040669E598F800108DF8E5
:10D8F000434064E598F8001046F080065FE5424634
:10D9000012F8011B2A2900F09684A1F13003092B9B
:10D9100090464FF000073FF654AD18F8011B07EB97
:10D92000870703EB4707A1F13003092BF5D948E539
:10D9300098F8001046F0010641E59DF84330002BB1
:10D940007FF4C2AD202398F800108DF8433036E5FF
:10D9500098F800106C2903BF98F8011046F02006D3
:10D9600008F1010846F0100629E598F8001068292A
:10D9700003BF98F8011046F4007608F1010846F05C
:10D9800040061CE546F010030393039B13F02002AE
:10D9900000F00682079B073323F0070319465A68F5
:10D9A00051F8083B079101210DE6079A46F0020362
:10D9B000039352F8043B079247F63002ADF8442037
:10D9C000B84A0C9202210022FDE5B70600F1488218
:10D9D000F50600F14683740600F1D583B00540F1E9
:10D9E0004083079B059953F8042B07931170BEE4FD
:10D9F000039601293FF48CAD022944AC11D10C9857
:10DA000003F00F011B09415C04F8011D43EA027396
:10DA1000120953EA0201F3D1039E44AB1B1B04938A
:10DA200083E503F00701DB0843EA4273D208303193
:10DA300053EA0205204604F8011DF2D1039EF307C4
:10DA4000EBD53029E8D03023023804F8013C44AB50
:10DA50001B1A039E0493044667E5049B1B94012252
:10DA60001C931A9319920DF16C0909F108099DE6AE
:10DA70000DF16C097BE4069A039D551B002D7FF781
:10DA800076AE102D40F3BB83099418EE104A07E0E0
:10DA900000F1020C09F108091046103D102D1EDDA1
:10DAA0008149C9F80010421C10331021072ACDE922
:10DAB0001923C9F80410EBDD18AA002B74D02146F5
:10DAC00058460DF16C09FFF7CBFB00287FF4DBAD66
:10DAD000DDE91903103D102D00F1010CE0DC099C7B
:10DAE000714AC9F804502B44BCF1070FCDE919C3A2
:10DAF000C9F8002040F39481002B00F01F8318EE3A
:10DB0000101A18AA5846FFF7ABFB00287FF4BBADEC
:10DB1000049ADDE91903BD1A002D00F101010DF190
:10DB20006C097FF729AE102D29DD0994102718EE16
:10DB3000104A07E000F1020C09F108091046103DF7
:10DB4000102D1ADD421C58491033072AC9E9001765
:10DB5000CDE91923EEDD18AA03B3214658460DF18D
:10DB60006C09FFF77DFB00287FF48DADDDE919031B
:10DB7000103D102D00F1010CE4DC099C61464A4A7D
:10DB8000C9F804502B440729CDE91913C9F800201E
:10DB900000F3E78009F108090131EDE54FF0010CD0
:10DBA00018460DF16C09CAE74FF0010C18460DF14B
:10DBB0006C0972E7002B00F0048118EE101A18AA05
:10DBC0005846FFF74DFB00287FF45DADDDE91903F2
:10DBD0000DF16C09411CA7E5022311AA1C931B92AD
:10DBE00001210DF16C09084609F10809411CBAE54B
:10DBF000102D40F3E582DDE919130F94084618EE65
:10DC0000104A07E000F1020C09F108091046103D26
:10DC1000102D1DDD2549C9F80010421C10331021BC
:10DC2000072ACDE91923C9F80410EBDD18AA03B3BC
:10DC3000214658460DF16C09FFF712FB00287FF4CE
:10DC400022ADDDE91903103D102D00F1010CE1DCDE
:10DC50000F9C6046154AC9F804502B440728CDE9AB
:10DC60001903C9F8002000F3C18009F10809411C1B
:10DC700046E518464FF0010C0DF16C09C7E7760731
:10DC8000199353D5069A0399541A002C4EDD0DF1C1
:10DC90006C09102C40F3B082199918EE106A102507
:10DCA0000DE000BFEC430020044900205044002058
:10DCB000881C09F108091146103C102C1ADD4A1C79
:10DCC000B3481033072AC9E90005CDE91923EFDD70
:10DCD00018AA33B331465846FFF7C2FA00287FF43A
:10DCE000D2ACDDE91913103C102C01F101000DF14B
:10DCF0006C09E4DCA64AC9F8044023440728CDE9AE
:10DD00001903C9F800207FF759AD7BB118EE101A3E
:10DD100018AA5846FFF7A4FA00287FF4B4AC1A9B5F
:10DD20004CE5012019460DF16C09C5E7DDE9053226
:10DD300003998A42ACBF9B185B18059349E5B2F979
:10DD40000C108F0518EE103A8AB23FF5E8AA18EECB
:10DD5000105A986DFCF728FCB5F90C108AB2FFF741
:10DD6000DEBA002B3FF479AE18EE101A18AA584606
:10DD7000FFF776FA00287FF486AC19991A9B0131D7
:10DD80000DF16C09F8E419920DF16C095EE4002FB5
:10DD90007FF4C3AB039E0027049744ACFFF7C5BBD9
:10DDA000039B13F0100354D1039A12F0400000F0CB
:10DDB0006B8107991A4651F8043B07919BB20121E8
:10DDC00001E4099A002A64D1184601210DF16C0979
:10DDD000C9E4012118460DF16C09C4E45B4262EB11
:10DDE000420203962D200121FFF7EEBB002B00F02D
:10DDF000888018EE101A18AA5846FFF731FA002842
:10DE00007FF441ACDDE919030DF16C09411C77E4A5
:10DE100098F800100793FFF7D2BA44ACFFF785BB20
:10DE200009F108090CF101016046A0E416F4007242
:10DE300040F0978151F8043B0791FFF7C0BBB30551
:10DE400000F1888152F8043B0792DA171146FFF778
:10DE500052BB079951F8043B07910121FFF7B3BB6F
:10DE6000079B059853F8041B0793C217C1E90002EA
:10DE7000FFF77DBA0B9B002B3FF426AB0B9B1B7867
:10DE8000002B3FF421AB98F8001046F48066FFF7B2
:10DE900096BA022311AA1C931B9201200DF16C0962
:10DEA000A2E6039671E53B4B0C9316F0200259D085
:10DEB000079B073323F0070318465A6850F8083BBE
:10DEC0000790F40709D553EA020006D08DF84510F3
:10DED000302146F002068DF8441026F4806103914B
:10DEE0000221FFF770BB2C4B0C93DEE7079B01214F
:10DEF00053F8042B03918DF8AC20079304912BACBD
:10DF0000DFE49DF84320002A40F03281099A002A7C
:10DF10007FF462AE184601210DF16C0927E400215F
:10DF2000082216A81394FCF7BFFA791C00F0BC80F5
:10DF3000002507942C460CE02BA9584600F0DCFC89
:10DF4000421C204400F06B81B84208DC00F0708174
:10DF50000446139A525916AB0435002AECD10494A6
:10DF6000079CAFE016F0100307980CD116F04004A0
:10DF700005D01A4650F8043B07909BB2A1E716F46F
:10DF8000007240F0E18050F8043B079099E700BF31
:10DF900050440020EC4300200044002003990497E3
:10DFA00044AC9E4608EE90BA01F480664FF0000C37
:10DFB000234606E0BEF10A0F72F1000239D3A646ED
:10DFC0002A46A6491EEB020040F100000F46A1FBC5
:10DFD000001424F0030101EB9401401ABEEB000190
:10DFE0004FF0CC3562F1000405FB01F507FB045549
:10DFF000A1FB07410D44052704F00101A1FB071B0C
:10E0000009186408303103F8011C44EAC5740CF1A6
:10E01000010C013B6D08002ECCD00B9909786145AD
:10E02000C8D1BCF1FF0FC5D0BEF10A0F72F10002DA
:10E030006CD21C4644AB1B1B049F039E049318EE3A
:10E0400090BAFFF772BA0396FFF762BA5846FCF728
:10E05000C1FFFFF75BB9012903967FF4CDACFFF751
:10E060005CBA079B059953F8042B11600793FFF7DF
:10E070007EB9062F3B46039A794C079228BF0623A8
:10E0800004930393FFF725BB039B079913F40072D6
:10E0900014BF51F8043B51F8043B07911CBF0246E2
:10E0A000DBB20121FFF78FBA16AB009300231946AC
:10E0B00013AA584600F08CFD03460133049000F08B
:10E0C000AE801394049B002B30D0632B63DC0023C1
:10E0D00008932BAC0822002116A8FCF7E5F9049D53
:10E0E00016AB009313AA2B462146584600F070FD4C
:10E0F000854240F0AB80039B049A07930023A3540E
:10E100001F4622EAE2730393FFF716BA0E9A0D999F
:10E110009B1A18460893FDF719FA0B99089B4A7841
:10E120000AB101310B914FF0000C48E7039B0793B4
:10E13000049B03931F460893FFF7FEB9012118467D
:10E140000DF16C09FFF713BB50F8043B0790224612
:10E15000DBB2B6E612F9043B0792DA171146FFF775
:10E16000CAB951F8043B07910246DBB2FFF727BA60
:10E1700001231C9301210DF143031B930DF16C0945
:10E180000B46FFF7CDBA079B059953F8042B07936D
:10E190001180FFF7ECB8591C584600F0E7F8044628
:10E1A00000283CD0089095E7886DFCF7FFF9FFF751
:10E1B000E9B9039B0793CDE90377089FFFF7BCB943
:10E1C00019981A9B013045E5039B07932046FCF7FD
:10E1D000F9FF20EAE0732F46049003930895FFF7B8
:10E1E000ABB918EE101A18AA5846FFF739F80028EC
:10E1F0003FF436AAFFF74DBA199801307AE58C46FC
:10E200006EE46B6ED90705D4AB899A0502D4A86D6C
:10E21000FCF7CCF94FF0FF330593FFF749BA18EE3E
:10E22000102AB2F90C3043F040039381FFF735BA5E
:10E23000079C049746E7079B98F8011053F8047B66
:10E240000793904647EAE777FFF7B9B818EE102A28
:10E25000938943F040039381FFF715BACDCCCCCC22
:10E260001444002070B50C468989ADF58E6D21F0FF
:10E270000201ADF81410616E1B91E189ADF8161022
:10E28000E1690991616A0B911CA9029106914FF411
:10E29000806106460491079118A80021CDE900325B
:10E2A0000891FCF77DF9DDE9003202A93046FFF75D
:10E2B00013F8051E07DB02A9304601F04BFC0028CD
:10E2C00018BF4FF0FF35BDF814305B0603D5A389A6
:10E2D00043F04003A3811898FCF764F928460DF534
:10E2E0008E6D70BD2DE9F047DFF87CA00646DAF8A8
:10E2F000000098460F469146FCF756F9184B1C68EB
:10E3000024B365681F2D24DC5EB96B1C0235DAF876
:10E310000000636044F82570FCF748F90020BDE870
:10E32000F08704EB85010123C1F88890D4F8882197
:10E33000AB401A43022EC4F88821C1F80881E4D109
:10E34000D4F88C211A43C4F88C21DEE7054C1C60FC
:10E35000D7E7DAF80000FCF729F94FF0FF30DEE7E5
:10E36000B4320220B8320220284B00202DE9F04FB1
:10E3700001F10B06162E83B0044624D8102900F2B2
:10E38000BA8000F019FC102618220220B54F3A443A
:10E39000A2F1080153688B4200F0BA805A68D9682C
:10E3A00022F003021A449D68E9608D60516841F0D3
:10E3B00001012046516003F1080500F003FC2846E6
:10E3C00003B0BDE8F08F36F0070600F19480B1424B
:10E3D00000F2918000F0F0FBB6F5FC7FC0F09A816E
:10E3E000730A00F08F80042B00F26F81B30903F1F0
:10E3F000390003F1380CC3009A4F3B44A3F10805E0
:10E400005B689D4206D10CE0002980F22781DB6821
:10E410009D4206D05A6822F00302911B0F29F3DDBA
:10E4200060463D69DFF850C265457CD06A6822F0DD
:10E430000302931B0F2B00F37B81002BC7E904CC55
:10E4400080F26C81B2F5007F80F01A81D308796880
:10E4500001334FEA521E012202FA0EF20A4357F824
:10E4600033E0C5F808E007EBC3010839E9607A60DA
:10E4700047F83350CEF80C50831001219940914257
:10E4800057D8114206D120F003004900114200F193
:10E490000400FAD007EBC0094D468646D5F80C803B
:10E4A000454508D11DE1002B80F22481D8F80C806D
:10E4B000454500F01681D8F8042022F00302931B92
:10E4C0000F2BF0DD2046D8E9025408EB060146F098
:10E4D0000106C8F80460EC60A56043F00104C7E9D8
:10E4E0000411C1E902CC4C6048F8023000F06AFB2C
:10E4F00008F1080502E00C2323600025284603B03C
:10E50000BDE8F08F4FF4007340204FF03F0C73E7ED
:10E51000D3689A4208BF02307FF440AF3D69DFF80C
:10E5200058C1654582D17A68831001219940914292
:10E53000A7D9BD686B6823F003094E4503D8A9EB42
:10E5400006030F2B7ADCDFF834B1474BDBF80020F1
:10E550001B680132334405EB090A00F0338103F5EF
:10E5600080530F3323F47F6828F00F08414620467C
:10E57000FDF786F8411C024600F0F380824500F268
:10E58000EE803A4B196841441960084600F04E810C
:10E59000DBF80010019301311BBFA2EB0A0109183F
:10E5A000CBF80020196012F0070B00F01781CBF1B7
:10E5B00008010A44CBF5805190440831A1EB0801D1
:10E5C000C1F30B0A514620460092FDF759F8421C50
:10E5D000DDE9002300F04F81801A00EB0A0819687A
:10E5E000BA6048F001005144BD425060196000F02B
:10E5F0002981B9F10F0F40F227816868A9F10C0C4D
:10E600002CF0070C00F0010040EA0C0068604FF0AD
:10E61000050E05EB0C00BCF10F0FC0E901EE00F296
:10E62000328150681546124B1A688A4238BF196009
:10E63000104B1A688A4238BF196094E0AA1943F057
:10E64000010346F001066E602046BA60536000F098
:10E65000B9FA0835284603B0BDE8F08FD9681A44E6
:10E66000A1E600BF9C4C00208434022054340220D8
:10E670007C34022080340220A44C0020A4500020CE
:10E68000B2F5206F4FEA522363D3142B00F2B78008
:10E6900003F15C01C9005B3307EB010E7958AEF161
:10E6A000080E8E4500F091804B6823F003039342DF
:10E6B00002D989688E45F7D1D1F80CE07A68C5E9AE
:10E6C000021ECEF80850CD60D6E6142B59D9542B33
:10E6D00000F29D80330B03F16F0003F16E0CC30059
:10E6E0008AE60EF1010E1EF0030F05F108057FF416
:10E6F000D5AE51E0424445465368D8F80C1043F07B
:10E700000103536055F8083F2046D9608B6000F044
:10E7100059FAF3E6F00806F1080237E62A442046E3
:10E72000536843F001035360083500F04BFAE5E607
:10E73000A919204646F0010643F001046E60C7E9BE
:10E740000411C1E902CC4C60AB5000F03BFA083533
:10E75000D4E6930903F13901C90038339CE7BD427F
:10E760005FD0BD68686820F003084645A8EB060343
:10E7700002D80F2B3FF762AF204600F023FA0025A6
:10E78000BCE603F15C0003F15B0CC30034E659F80E
:10E7900008394B4540F0968010F0030F00F1FF3030
:10E7A000F5D17B6823EA01037B60490099423FF67B
:10E7B000C0AE19B9BDE649000EF1040E1942FAD0F7
:10E7C000704667E603F11008D0E69A104FF0010892
:10E7D0007B6808FA02F21A437A6070E702EB0801DC
:10E7E0004942C1F30B0A514620460092FCF748FF0C
:10E7F000431CDDE900237FF4EFAEDA46EFE6542B4D
:10E8000025D8130B03F16F01C9006E3344E7B3F54C
:10E81000AA7F25D8F30B03F1780003F1770CC3002E
:10E82000EAE5294B186840441860B1E6CAF30B0CBE
:10E83000BCF1000F7FF4ACAEBD68C84448F00100E5
:10E840006860F0E61546EEE60123536094E7B3F501
:10E85000AA7F23D8D30B03F17801C90077331BE7D4
:10E8600040F25452934223D8B30C03F17D0003F1DC
:10E870007C0CC300C0E5ABF1080BD844A8EB020840
:10E880004FF0000AABE605F1080120460093FCF7C3
:10E8900057FDBD68009B68681968C4E640F2545192
:10E8A0008B420BD8930C03F17D01C9007C33F3E656
:10E8B0004FF47E737F204FF07E0C9DE54FF47E7108
:10E8C0007E23E9E67B6870E75434022082B049B1C8
:10E8D0005AB16BB113780B601278101E18BF01206B
:10E8E00002B0704701A9002AF3D1104602B0704768
:10E8F0006FF00100F4E700BF70B5054684B05BB16E
:10E900001C4669B10E4B2846D3F8E0602346B04759
:10E91000431C0FD004B070BD00F582740029F1D102
:10E92000074A2346D2F8E06028460A4601A9B047C4
:10E93000431CEFD100228A2322602B6004B070BDFB
:10E94000304B002000487047204C002070B5002953
:10E950004BD006460C4610B1436B002B48D0636E7B
:10E96000D80734D5B4F90C30002B3ED021463046C0
:10E9700001F058F8E36A054633B1E169304698473B
:10E980000028B8BF4FF0FF35A3891A063CD4216B8D
:10E9900041B104F14003994202D03046FCF7D0FC6B
:10E9A00000232363616C21B13046FCF7C9FC0023CE
:10E9B0006364FCF72DFB636E0022DB07A2811FD589
:10E9C000A06DFBF7EFFDFCF729FB284670BDA3897E
:10E9D0009905CBD4A06DFBF7E7FDB4F90C30002B03
:10E9E000C4D1656E15F0010505D00025284670BD1F
:10E9F000FCF7F0FAB3E7A06DFBF7D8FD284670BD31
:10EA0000A06DFBF7D3FDDBE721693046FCF798FCEE
:10EA1000BDE700BF38B5314B1B6805460C4613B146
:10EA20005A6B002A4ED0B4F90C3018079AB21CD594
:10EA3000216929B312F0010007D00020A0606069AD
:10EA40004042A06139B1002038BD950758BF6069C8
:10EA5000A0600029F7D1120658BF0846F4D543F04C
:10EA60004003A3814FF0FF3038BDD1062ED55207A9
:10EA700014D4216943F00803A3819AB20029D9D1A3
:10EA800002F42070B0F5007FD4D02146284600F073
:10EA900027F8B4F90C3021699AB2CBE7216B51B158
:10EAA00004F14002914204D02846FCF749FCB4F935
:10EAB0000C300022226321690022C4E9001223F0F5
:10EAC0002403D7E71846FCF785FAACE7092243F0A0
:10EAD00040032A604FF0FF30A38138BDB8500020BA
:10EAE0002DE9F0418B890C46990796B008D504F1C1
:10EAF00043030122C4E90432236016B0BDE8F0816B
:10EB0000B4F90E100029064625DB6A4601F0CAFA60
:10EB100000281FDB019D05F47045A5F50055B5FAE9
:10EB200085F54FF480686D094FF400674146304623
:10EB3000FFF71CFCE0B1B4F90C30C4F8148043F0CA
:10EB4000800320602061A38135BB3B43A38116B0C5
:10EB5000BDE8F081A38913F0800519D04FF040087B
:10EB60000025414630462F46FFF700FC0028E2D141
:10EB7000B4F90C309A05C0D423F0030304F1430226
:10EB800043F002030121C4E90421A3812260B4E718
:10EB90004FF480682F46C9E7B4F90E10304601F0F3
:10EBA00097FA10B9B4F90C30CFE7A38923F0030327
:10EBB00043F001031BB2C8E70148FBF7F5BC00BFF7
:10EBC0004C3402200148FBF7F1BC00BF4C3402205A
:10EBD00010B582B0049CCDE900344FF0FF3301F052
:10EBE00091FE02B010BD00BF2DE9F04F03690C6922
:10EBF000A34283B0C0F28780013C01F11405A30059
:10EC000000F11408009355F8243058F824200133FB
:10EC100081469A4208EB840005EB84070190B2FB21
:10EC2000F3F63BD34FF0000CAE464046E246634657
:10EC30005EF804BB02681FFA8BFC06FB0C334FEA3C
:10EC4000134C4FEA1B4B06FB0BCC9BB2AAEB030306
:10EC50001FFA8CFA13FA82F3CAEB124202EB234238
:10EC60009BB243EA0243774540F8043B4FEA224A0D
:10EC70004FEA1C43DCD2009B58F8033073B9019B68
:10EC8000043B984504D307E0984504F1FF3403D2D0
:10EC900053F80429002AF7D0C9F810404846FBF77A
:10ECA00071FF00282BDB01364146002355F8040B89
:10ECB000D1F800C082B29A1A030C12FA8CF2C3EB9C
:10ECC0001C4303EB224392B242EA0342AF4241F8B3
:10ECD000042B4FEA2343E9D258F8242008EB84039D
:10ECE0006AB9043B984504D307E0984504F1FF3422
:10ECF00003D253F80429002AF7D0C9F8104030464F
:10ED000003B0BDE8F08F002003B0BDE8F08F00BF76
:10ED1000000000002DE9F04F2DED028B8FB08DED3E
:10ED2000020B0191816B1A9D059357EC106B044601
:10ED3000934641B1C26B4A60012393408B60FBF75D
:10ED4000C1FC0023A363B7F10008B4BF0123002373
:10ED50002B60BE4BBCBF28F00048CDF80C8033EAD6
:10ED6000080300F09F809DED028BB5EE408BF1EE25
:10ED700010FA11D1059A012313601B9B002B00F0A0
:10ED80003F82B34B1B9A1360013B009300980FB076
:10ED9000BDEC028BBDE8F08F0CAA0DA92046B0EEA9
:10EDA000480BFBF7BBFF5FEA1853054640F0928023
:10EDB000DDE90C130B4403F23242202A40F3FA82BD
:10EDC000C2F1400208FA02F803F21242D64048EAC1
:10EDD000060207EE102AB8EE477B581E17EE906A1F
:10EDE00053EC172B4FF0010AA6F1F8739FED913BFE
:10EDF0009FED927B9FED935B06EE900A43EC122B06
:10EE0000B8EEE64BB7EE086B32EE466BA6EE037B30
:10EE1000A4EE057BFDEEC76BB5EEC07BF1EE10FAFC
:10EE200016EE907A08D5B8EEE66BB4EE476BF1EECD
:10EE300010FA18BF07F1FF37162F00F24581854BF6
:10EE400003EBC70393ED007BB4EEC78BF1EE10FA32
:10EE500057D5091A0023B1F1010807F1FF370A93CA
:10EE600000F1398100230693002F52DA069B0497A4
:10EE7000DB1B06937B420893019B092B4FF0000795
:10EE80004ED8052B40F39D82043B01930026019B45
:10EE90009A1E032A00F22581DFE812F0AA03A703D5
:10EEA0009D037E03059AC8F3130842F20F7358EAD4
:10EEB000060813601ED11B9B002B00F09185664B4A
:10EEC000009308331B9A009813600FB0BDEC028BBF
:10EED000BDE8F08F18EE906AC6F31306A3F2FF3078
:10EEE00053EC182B46F07F530C994FF0000A43F473
:10EEF00040137BE71B9B002B40F03B83574B009359
:10EF000044E7091A0023B1F101080A9300F1E380F4
:10EF1000069300230893019B0497092BB844B0D9AA
:10EF200000230126019307964FF0FF399B460021ED
:10EF3000E163CDF82C902046FBF79EFB0090002863
:10EF400000F04085009BA363B9F10E0F00F2DC8056
:10EF5000002E00F0D980049B002B40F3DE833D4A55
:10EF600003F00F0102EBC10292ED007B1A11DB05E9
:10EF700040F182833A4991ED086B02F00F020320C1
:10EF800088EE065B5AB13649D60704D591ED006B81
:10EF9000013027EE067B521001F10801F4D185EE15
:10EFA000076B0A9B3BB1B7EE007BB4EEC76BF1EE8B
:10EFB00010FA00F1AE8407EE900AB8EEE75BB1EE0E
:10EFC0000C7BA5EE067B17EE902A51EC170BA2F1F5
:10EFD0005071B9F1000F00F08883049E4A46079BE8
:10EFE000002B00F04784B6EE003B1A4BFDEEC64BFB
:10EFF00003EBC20CB8EEE47B36EE477B1CED026BF4
:10F0000083EE065B41EC160B14EE900A35EE465B80
:10F010000099B4EEC75B3030F1EE10FA01F8010B45
:10F0200000F3AC84B7EE002BB2EE044B4FF0000CB3
:10F0300031E000BF61436F63A787D23FB3C8608BE5
:10F04000288AC63FFB799F501344D33F0000F07FCE
:10F050001D440020380C0020704300207C43002019
:10F06000100C00200CF1010C94454DDA27EE047BC6
:10F0700025EE045BFDEEC76B16EE903AB8EEE63B6C
:10F08000303337EE437BB4EEC57BF1EE10FA01F876
:10F09000013B00F1738432EE476BB4EEC56BF1EEC9
:10F0A00010FADFD5009A049602E08A4200F05084FC
:10F0B000894611F8013D392BF7D00133DBB20B70D3
:10F0C000049B0133049355E1091A0123B1F10108AE
:10F0D0000A937FF5C7AEC1F1010306934FF0000814
:10F0E000C2E60026E66331462046FBF7C5FA0090EB
:10F0F000002800F06784009BA3634FF0FF330B935D
:10F1000099460123B34607930D9A002A55DB0499CB
:10F110000E2952DCB74BBBF1000F03EBC10393ED9B
:10F12000006B15DAB9F1000F12DC40F0F282B1EE9B
:10F13000047B26EE077BB4EEC78BF1EE10FACA46CD
:10F140004E4600F26D82DDF800806FEA0B0B70E234
:10F1500088EE067BBDEEC77B009917EE103AB9F139
:10F16000010F03F13003B8EEC75B01F8013BA5EED8
:10F17000468B00F03483B2EE044B012311E088EE9D
:10F18000067BBDEEC77B013317EE102A4B4502F11B
:10F190003002B8EEC75B01F8012BA5EE468B00F0FC
:10F1A0001E8328EE048BB5EE408BF1EE10FAE6D10B
:10F1B000049B013304938946DCE0079B43B3019B26
:10F1C000012B40F37682089B09F1FF3A534580F208
:10F1D0003F82089BCDF820A0AAEB030217444FF012
:10F1E000000AB9F1000FC0F22583069B09934B4436
:10F1F000C844069301212046FBF710FB06460CE0AD
:10F200007D4B009300980FB0BDEC028BBDE8F08FF2
:10F21000069BDDF820A0079E0993099B6BB1B8F10E
:10F22000000F0ADD434506991A46A8BF4246891ACF
:10F230009B1A06910993A8EB0208089B63B1079BF0
:10F24000002B00F0A782BAF1000F00F30482089BA4
:10F25000B3EB0A0240F0FF8201212046FBF7DEFA01
:10F26000002F824600F3AF80019B012B40F3878182
:10F27000002308930120002F40F0B180404410F09B
:10F280001F0000F07A81C0F12002042A00F3888078
:10F2900040F0F681069B002B05DD29461A462046E4
:10F2A000FBF7F8FB0546B8F1000F05DD5146424675
:10F2B0002046FBF7EFFB82460A9B002B40F03F8184
:10F2C000B9F1000F40F32581079B002B40F0A3808C
:10F2D000049B01330493DDF80080012707E02946F1
:10F2E00000230A222046FBF7F7F90137054651466D
:10F2F0002846FFF779FCB94500F1300008F8010B0A
:10F30000EDDCB9F1000F009ACCBFCB464FF0010BFA
:10F310000346934400272946012220460193FBF728
:10F32000B9FB51460546FBF72DFC002840F3AF81A1
:10F330001BF8013C009A0BF1FF3B04E05A4500F03A
:10F34000B1811BF8013D392B0BF10109F6D00133D6
:10F350008BF8003051462046FBF7B4F956B12FB177
:10F36000B74203D039462046FBF7ACF93146204678
:10F37000FBF7A8F929462046FBF7A4F9002389F8F2
:10F380000030DDE904231A601B9B002B3FF4FEAC28
:10F390000098C3F800900FB0BDEC028BBDE8F08F71
:10F3A000C0F11C00069B03440693099B0344099388
:10F3B00080446FE7C2F1200206FA02F207EE102A3B
:10F3C00009E5012663E501463A462046FBF702FBC4
:10F3D000019B012B824640F3C58100230893DAF894
:10F3E00010200AEB82021069FBF7C8F9C0F1200077
:10F3F00044E700BF380C00201C44002031460023A5
:10F400000A222046FBF768F90B9B002B064640F3C7
:10F41000CE8204979946099B002B05DD31461A469A
:10F420002046FBF737FB0646089B002B40F0EB819C
:10F43000B046029B009F03F001027B1E4B440893E1
:10F44000019B0A921343099351462846FFF7CCFBD0
:10F45000314683462846FBF795FB42465146814696
:10F460002046FBF7B1FBC26801460BF13003002ACE
:10F4700042D1CDE906032846FBF784FB06990290AA
:10F480002046FBF71FF9029A079B1AB90999002930
:10F4900000F07E82B9F1000FC0F28381019949EA40
:10F4A00001090A9951EA090900F07B81002A00F359
:10F4B000C681089A3B7007F101099742CB4600F0DC
:10F4C000C481294600230A222046FBF705F9464558
:10F4D000054631464FF000034FF00A02204612D095
:10F4E000FBF7FAF84146064600230A222046FBF7BE
:10F4F000F3F84F468046A7E720460293FBF7E2F871
:10F50000029B0122C6E7FBF7E7F84F460646804616
:10F510009AE7019B022B71DC079B002B7FF47BAFEA
:10F52000049B5146013328460493FFF75DFBDDF849
:10F5300000B000F130030BF8013B0027EBE6514629
:10F540002846FBF71FFB0028BFF6BAAE294600236A
:10F550000A222046FBF7C0F8049B5F1E079B054666
:10F56000002B7FF44BAF0B9B002B40F31882994686
:10F57000B1E6BC4B00930333A4E41C2012E7DDE9A1
:10F58000020100287FF474AEC1F31302002A00F0D8
:10F59000F480029B08936DE601230793049B5B4470
:10F5A00003F10109B9F1010FCC460B93B8BF4FF03D
:10F5B000010C0021BCF1170FE1637FF7BCAC012007
:10F5C0000422520002F114036345014600F10100D8
:10F5D000F7D9E163AFE401230793BBF1000F52DDDC
:10F5E000CDF82CB0D946DC46E3E700230793D5E7F6
:10F5F00000230793F1E7DDF82C900497B9F1000F91
:10F600007FF4A1AD51464B4605222046FBF764F836
:10F61000014682462846FBF7B5FA00287FF793ADEE
:10F62000049B03F1010B009B3122984603F8012B48
:10F63000009351462046FBF745F80BF10103DDF836
:10F6400000900493CDF80080002E7FF48FAE91E6F9
:10F65000A3EB0A0AC5E5314652462046FBF7BAF944
:10F660002A46014606462046FBF706F92946054686
:10F670002046FBF727F8EAE50220B0EE485B81E47C
:10F68000C0F13C008EE64FF0010BD9464FE403D1A8
:10F69000019BDB073FF54CAED9461BF8013D302BF3
:10F6A000FAD057E6049B009A013304933123137078
:10F6B00050E6BAF1000F00F0238102F23342069BBC
:10F6C00009931344DDF820A00693904492E507EED9
:10F6D000900AB1EE0C5BB8EEE77BA6EE075B15EE89
:10F6E000902A51EC150BA2F1507141EC150BB1EEC3
:10F6F000047B36EE477BB4EEC57BF1EE10FA00F3E7
:10F700003781B1EE455BB4EEC57BF1EE10FA7FF5C3
:10F71000FBAC4FF0000A564615E500F0F580049B5F
:10F7200051495A4202F00F0001EBC00191ED006B0C
:10F73000121128EE066B00F04281B0EE467B4B4979
:10F7400000260220D30705D591ED005B013001268C
:10F7500027EE057B521001F10801F3D1002E06FEC1
:10F76000076B1EE4029B002B7FF437AEDDE902013C
:10F77000C1F31302002A40F037813D4A0A40002AB3
:10F7800000F0FA80069B01330693012308F101087B
:10F7900008936FE52946089A2046FBF71BF90546B2
:10F7A0005AE5002A12DD2946012220460193FBF783
:10F7B00071F951460546FBF7E5F90028019B40F336
:10F7C000E180392B00F0CA800BF13103B94609F80A
:10F7D000013B049B0133374604934646BAE538EEB5
:10F7E000088BB4EEC68BF1EE10FA0ADCB4EE468B51
:10F7F000F1EE10FA7FF4DCAC17EE103AD8077FF583
:10F80000D7AC009A54E471682046FAF735FF0746F2
:10F81000002800F0DE80336902339A0006F10C0103
:10F820000C30FBF733FC394601222046FBF732F956
:10F830008046FEE5069BA3EB09030993DAE4392B26
:10F8400000F08C80B9460133C1E7049A0132374693
:10F85000049246465FE529462046FBF7BBF805467D
:10F86000FAE400BF7C430020380C0020100C00207C
:10F870000000F07F5E4BFDEEC65B03EBC20C1CED9F
:10F88000023BB8EEE57B36EE477B41EC160B15EEFE
:10F89000901A23EE063B00983031012A00F8011B34
:10F8A00000F08380B2EE044B009B991827EE047B96
:10F8B000FDEEC76B16EE903A303300F8013B814203
:10F8C000B8EEE65B37EE457BF0D1B6EE006B33EE7B
:10F8D000065BB4EEC75BF1EE10FA3FF5E3AB36EE34
:10F8E000436BB4EEC76BF1EE10FA7FF70DAC8946AF
:10F8F000013919F8013C302BF9D0731C049339E518
:10F900000C9AC2F13602DAE60220B0EE486BFFF73D
:10F9100048BBB9F1000F3FF4DAAE0B9A002A7FF72B
:10F92000F3ABB2EE044B26EE046B013007EE900A07
:10F93000049BB8EEE75BB1EE0C7BA6EE057B17EE01
:10F9400090CA51EC170B5E1EACF15071FFF747BB2C
:10F95000049B013304933123FFF7B1BB049BBB46E7
:10F9600001330493392337460BF8013B4646E1E463
:10F970004FF0000A564653E608927BE4731C04934A
:10F980008946F7E47FF422AFDA077FF51FAF18E767
:10F99000392BE3D0B9F1000F3FF716AF16E7019B03
:10F9A000022B3FF728AE0497BAE501468DE7019B8D
:10F9B000022B3FF720AEDDF82C9004972BE50220B8
:10F9C000FFF7EFBA0B4B0C48002240F2AF11FAF7E9
:10F9D0004BFD084B08483A4640F2EF21FAF744FD48
:10F9E000064B0093FFF7D2B9029B0893F7E400BFE0
:10F9F000380C0020FC410020804300207043002090
:10FA000038B5074D0022044608462A60EAF7C8FFC9
:10FA1000431C00D038BD2B68002BFBD0236038BDC1
:10FA2000C4350220B1F90C202DE9F0410C46110734
:10FA3000804647D4636842F40062002BA2815EDDF9
:10FA4000A56A002D58D00023D8F80060C8F800300F
:10FA500093B212F4805256D10123E1694046A8477F
:10FA6000431C67D0A389A56A5F0705D56368C01AE0
:10FA7000236B0BB1E36BC01AE169024600234046D9
:10FA8000A847411C41D1D8F80030002B3DD01D2B98
:10FA900001D0162B56D1A3892269226023F400637A
:10FAA00000216160A381216BC8F8006021B304F1DB
:10FAB0004003994202D04046FBF742FC00202063FD
:10FAC000BDE8F0812669BEB193B2256826609A0729
:10FAD0000CBF63690023AD1BA3600BE02B463246CD
:10FAE000E169676A4046B847B0F1000CA5EB0C0528
:10FAF000664417DD002DF1DC0020BDE8F081E36BEA
:10FB0000002B9DDCF8E7206DAEE7B4F90C302269DC
:10FB1000226023F40063A3810022DB046260C2D56B
:10FB20002065C0E7A38943F040034FF0FF30A38175
:10FB3000BDE8F081D8F80030002B93D01D2B06D003
:10FB4000162B04D0A38943F04003A381D5E7C8F85E
:10FB50000060D1E738B50C46054608B1436B03B3E6
:10FB6000B4F90C0088B1636EDB0701D481050FD5B1
:10FB700028462146FFF756FF636EDA07054602D492
:10FB8000A3899B0508D5284638BD0546284638BDBB
:10FB9000A06DFAF709FDEBE7A06DFAF707FD28461F
:10FBA00038BDFBF717FADBE700000000000000009B
:10FBB0000000000001F0FF01102A2BDB10F0070FFE
:10FBC00008D010F8013B013A8B422DD010F0070FFE
:10FBD00042B3F6D1F0B441EA012141EA014122F0F9
:10FBE00007047FF000070023F0E80256083C85EA8E
:10FBF000010586EA010685FA47F5A3FA87F586FA34
:10FC000047F6A5FA87F68EB9EED1F0BC01F0FF01F8
:10FC100002F0070232B110F8013B013A83EA010316
:10FC200013B1F8D10020704701387047002D06BF8E
:10FC300035460338073815F0010F07D1013015F4A8
:10FC4000807F02BF013015F4C03F0130F0BC0138A5
:10FC5000704700BF30B482B08DED000B019A194C93
:10FC600022F000430021A342016021DC009C1C43E0
:10FC70001ED0154C144054B99FED107B20EE077B2D
:10FC80008DED007B019A6FF0350122F0004322F0E8
:10FC9000FF42DDE9004522F4E00242F07F551B15EA
:10FCA00045F40015A3F2FE33CDE900450B44036093
:10FCB0009DED000B02B030BC704700BF000000009B
:10FCC00000005043FFFFEF7F0000F07F2DE9F84F69
:10FCD0001746002900F098800C4607F10B05804676
:10FCE000FEF76AFF162D54F8041C5BD810252A462F
:10FCF000AF425CD821F003069642A4F1080962DA0B
:10FD0000BC4BD3F808C009EB0600844500F097808F
:10FD1000D0F804C02CF0010303445B68DB0768D40F
:10FD20002CF0030C06EB0C03934247DACB0710D4FC
:10FD300054F8083CA9EB030ADAF8043023F0030175
:10FD40008C44B444944580F211817318934280F23C
:10FD5000E88039464046FEF709FB0746E0B154F813
:10FD6000043C23F001034B44A0F10802934200F04D
:10FD7000D280321F242A00F2F580132A00F2AC80D0
:10FD800003462246116819605168596092689A606A
:10FD900021464046FBF7D4FA4046FEF713FF3846AB
:10FDA000BDE8F88F25F00705002D2A46A0DA0C23C0
:10FDB000C8F8003000273846BDE8F88F1E46D0E965
:10FDC0000223D3609A60731B0F2B22D8D9F804301A
:10FDD00003F0010333434E44C9F80430736843F021
:10FDE0000103736040462746FEF7ECFE3846BDE847
:10FDF000F88FC907ADD454F8083CA9EB030ADAF828
:10FE0000041021F00301A0E7BDE8F84F1146FEF70A
:10FE1000ADBAD9F8042009EB050102F001024E4405
:10FE200043F001032A43C9F804204B60736843F090
:10FE30000103083173604046FBF782FAD2E7DCF831
:10FE4000040020F0030B06EB0B0C05F110008445B9
:10FE50004DDAC9073FF57DAF54F8081CA9EB010A3C
:10FE6000DAF8041021F003018B44B34458453FF7FE
:10FE70006CAF5746DAF80C1057F8080F321F242AD7
:10FE8000C160886000F2DB80132A40F2D6802168CE
:10FE9000CAF808106168CAF80C101B2A00F2DF804B
:10FEA00008340AF110022168116061685160A1688C
:10FEB00091600AEB0501ABEB050242F0010299608B
:10FEC0004A60DAF8043003F001032B434046CAF8D5
:10FED0000430FEF777FE6EE72368036063684360D3
:10FEE0001B2A68D804F1080200F108034AE709EB6D
:10FEF00005029A60ACEB050343F00103536054F82C
:10FF0000043C03F001032B43404644F8043CFEF755
:10FF100059FE27464FE750F8043C23F003031E44E4
:10FF200051E75746DAF80C1057F8080F321F242A09
:10FF3000C16088604CD8132A48D92168CAF80810D3
:10FF40006168CAF80C101B2A56D808340AF110024E
:10FF50001E462368136063685360A3689360D146AC
:10FF60003C4630E7214600F0CDFB11E7D0E9021313
:10FF70005746CB60996057F8081FDAF80C30CB6011
:10FF8000321F242A99602DD8132A29D92368CAF848
:10FF900008306368CAF80C301B2A42D808340AF1CA
:10FFA000100322681A6062685A60A2689A60664606
:10FFB000D1463C4607E7A3688360E368C360242A10
:10FFC00026D004F1100200F11003DBE63A46BFE749
:10FFD000214638461E46D14600F094FB3C46F2E6E8
:10FFE0003B46DEE7214638466646D14600F08AFBAE
:10FFF0003C46E8E69C4C0020A168CAF81010E16875
:02000004600397
:10000000CAF81410242A20D010340AF118029FE7ED
:10001000236903616169416104F1180200F1180369
:10002000B0E6A368CAF81030E368CAF81430242A8E
:1000300021D010340AF11803B3E73A4633E72146DA
:10004000384600F05FFB164B33E72269CAF81820E8
:100050006269CAF81C2018340AF1200278E7A16806
:10006000CAF81010E168CAF81410242A0DD0103410
:100070000AF1180217E72369CAF818306369CAF849
:100080001C3018340AF120038BE72269CAF81820C3
:100090006269CAF81C2018340AF1200203E700BF85
:1000A0009C4C002070B50C46084D034600262046A7
:1000B00011461C462E60EAF777FC431C00D070BD49
:1000C0002B68002BFBD0236070BD00BFC43502201D
:1000D00038B5074D0022044608462A60EAF76AFC54
:1000E000431C00D038BD2B68002BFBD0236038BDEB
:1000F000C435022038B50C46084D844611462046CA
:100100001A4600232B606446EAF756FC431C00D0D5
:1001100038BD2B68002BFBD0236038BDC4350220CE
:1001200038B50C46084D8446114620461A46002331
:100130002B606446EAF732FC431C00D038BD2B68C4
:10014000002BFBD0236038BDC43502202DE9F047D9
:1001500082B0824688461446FAF72AFA012803D16B
:1001600008F1FF33FE2B36D90DF10409424604F1A4
:100170005C0349465046FEF7BFFB421C064632D0A0
:1001800020B39DF804C0002509E023685A1C2260B2
:1001900083F800C00135B54218D219F801CFA36821
:1001A000013B002BA360F0DAA769BB4261462246FF
:1001B000504602DBBCF10A0FE7D100F04BFA431CBA
:1001C000E8D10646304602B0BDE8F08746463046E4
:1001D00002B0BDE8F0875FFA88FC8DF804C00646DF
:1001E0000DF10409CFE7A389304643F04003A38112
:1001F00002B0BDE8F08700BF30B5536E13F0010FB9
:10020000B2F90C30144683B005469AB201D1980574
:100210001CD5900406D4626E43F4005342F400529D
:10022000A381626622462846FFF790FF636EDA07D5
:10023000054602D4A3899B0502D5284603B030BDEC
:10024000A06DFAF7B3F9284603B030BDA06D019157
:10025000FAF7AAF9B4F90C3001999AB2D9E700BFBC
:100260009368002B00F085802DE9F04FB1F90C3038
:100270000C461907804683B0174698B225D52369E6
:100280001BB310F002033D682DD04FF0000ADFF8D9
:10029000C0B25646B9465E453346524628BF5B4615
:1002A0004046002E52D0E169676AB847002856DD03
:1002B000D9F808301B1A8244361AC9F80830002BC6
:1002C000E9D1002003B0BDE8F08F21464046FEF79B
:1002D000A1FB002840F03881B4F90C303D6898B299
:1002E00010F00203D1D110F0010944D14E4600971D
:1002F00046B38205D4F808B040F18580B3455A462C
:1003000000F2B48010F4906F40F0C1802068019238
:10031000494600F0F7F9A368019AA3EB0B012368A3
:10032000A1601344B24623600026009A9368A3EBB1
:100330000A03D1449360002BC3D0B4F90C0080B2FF
:10034000002ED6D1D5E900960835D1E7D5E900A62B
:100350000835A0E721464046FFF7FCFB88B3B4F917
:100360000C3043F040034FF0FF30A38103B0BDE8F1
:10037000F08F002070471E46BA46994618460095F1
:100380001F4666B3002832D04A46D4E904132068D9
:10039000A568B24228BF3246884204D905EB030B58
:1003A0005A4500F3A780934264DCE169656A3A46E6
:1003B0004046A847B0F1000BD1DDB9EB0B09C9D01D
:1003C0000120DAF80830A3EB0B035F44A6EB0B0621
:1003D000CAF80830002B3FF474AF002ED2D1009A37
:1003E0005668134608320092002EF8D01F68324635
:1003F0000A213846FFF7DEFB002800F09C80013020
:10040000A0EB0709C0E720682369984216D8626903
:10041000B24213D86FF00043B34228BF3346E169BC
:1004200093FBF2F3676A02FB03F340464A46B84780
:10043000B0F1000A93DDA6EB0A0676E7B345DA468B
:1004400028BFB2465246494600F05CF9A3682268CC
:10045000A3EB0A035244A3602260002BEBD1214698
:100460004046FFF777FB0028E5D078E72068B346E1
:1004700032464CE73946019200F044F9019AA368EC
:100480009B1AA360236813442360934695E723686F
:100490002169A3EB010B636903EB430A0AEBDA7AE8
:1004A0000BF101034FEA6A0A33445345524684BFB5
:1004B0009A46524643052CD511464046FDF756FF55
:1004C00000283BD05A4621690190FAF7DFFDA28946
:1004D000019B22F4906242F08002A28103EB0B00A8
:1004E0002361AAEB0B03C4F814A0A3602060B346F9
:1004F00032460CE739465A4600F004F923685B445B
:10050000236021464046FFF725FB00283FF455AF06
:1005100025E74046FFF7DAFB03460028DED12169D4
:100520004046FAF70DFFB4F90C300C2223F080039B
:10053000C8F8002015E7721C914626E70C22B4F992
:100540000C30C8F800200CE74FF0FF30BAE600BFCF
:1005500000FCFF7F2DE9F04F9368176883B0924647
:10056000002B70D081468A6808680C46083743E043
:10057000A38913F4906F2ED0D4E90416A0EB0108E0
:1005800006EB460606EBD67608F101007610284405
:10059000B042324684BF064632465B0537D5114627
:1005A0004846FDF7E3FE019000283AD04246216913
:1005B000FAF76CFDA289019B22F4906242F080025E
:1005C000A281A6EB080203EB08006661A26023612A
:1005D00020602E46A8464246594600F093F8DAF8C5
:1005E0000830A2682068921B40445B1BA260206018
:1005F000CAF808303BB3083757E902B5002DFAD0E6
:10060000AA4216469046B3D92E46A846E3E7484686
:10061000FFF75CFB03460028D3D121694846FAF76F
:100620008FFEA3890C2243F04003C9F800204FF04D
:10063000FF30A38100220023CAF80820CAF8043042
:1006400003B0BDE8F08F00200023CAF8043003B0E7
:10065000BDE8F08FF8B50D461446064610B1436B61
:10066000002B4CD0B4F90C20A369A360170790B2FB
:100670001BD52369CBB1EDB281042F4622D5226868
:100680006169D31A994229DD0133A1680139A1605A
:10069000511C2160157062699A4227D0A389DB073B
:1006A00001D50A2D22D03846F8BD21463046FEF746
:1006B000B1F908BBB4F90C20236990B2EDB2810402
:1006C0002F46DCD442F40052A281626E616922F4AA
:1006D000005262662268D31A9942D5DC2146304620
:1006E000FFF738FA40B922680123CEE721463046A9
:1006F000FFF730FA0028D6D04FF0FF37D3E7FAF7EC
:1007000069FCAFE788420DD98B1883420AD900EB08
:10071000020CBAB1624613F801CD02F801CD99423C
:10072000F9D170470F2A0ED8034602F1FF3C4AB1B7
:100730000CF1010C013B8C4411F8012B03F8012F43
:100740006145F9D1704740EA01039B0750D1A2F1FE
:10075000100370B501F1200C23F00F0501F1100E0C
:1007600000F11004AC441B095EF8105C44F8105C06
:100770005EF80C5C44F80C5C5EF8085C44F8085CBD
:100780005EF8045C44F8045C0EF1100EE64504F1DA
:100790001004E9D1013312F00C0F01EB031102F048
:1007A0000F0400EB031327D0043C24F003064FEAA8
:1007B000940C1E441C1F8E465EF8045B44F8045FD4
:1007C000B442F9D10CF1010402F0030203EB8403FB
:1007D00001EB840102F1FF3C4AB10CF1010C013B39
:1007E0008C4411F8012B03F8012F6145F9D170BD3C
:1007F00002F1FF3C03469BE72246EBE72DE9F04F71
:100800008BB0DDE9158A149F0391814605921E463F
:10081000B8F1000F5CD0039B002B5ED0059B1D68D8
:10082000002F6AD0741E4EB3039B0493043D002630
:1008300001950BE0039B2BBB019B1A68002A3AD061
:10084000BC455CD2013C631C664617D0D8F800302A
:100850000293019BDAF8E05053F8042F019307A9A3
:1008600043464846D8F804B0A847421C3AD000EBAB
:10087000060CBC45DED9029BC8E9003B30460BB0F4
:10088000BDE8F08F00280EDD049B019D18445A1E20
:1008900007A900F1FF3E11F8013B02F8013F724544
:1008A000F9D101950490059B1A6804321A60019BE6
:1008B0001A68002AC4D1039B0BB1059B1A600CF186
:1008C000FF3600223046C8F800200BB0BDE8F08F9C
:1008D000039B00F58678002BA0D1059B4FF0FF37D6
:1008E0001D689FE706468A2100223046C9F800109D
:1008F000C8F800200BB0BDE8F08F3E46BEE7664664
:10090000BCE700BF10B584B0054C0698009007986E
:100910000190044800680294FFF770FF04B010BD16
:10092000304B0020B8500020024B01461868FDF7FC
:100930001DBD00BFB8500020024B01461868FAF7F1
:10094000FFBC00BFB850002010B4044C03460A4658
:1009500020685DF8044B1946FFF7B8B9B85000207D
:10096000000000005FF800F0451D00605FF800F037
:10097000951C00605FF800F0C11D00605FF800F09A
:04098000451E0060B0
:04098400F8B500BF03
:08098800A485FF7F01000000BF
:100990000000000000000000000000000000000057
:1009A0000000000000000000000000000000000047
:1009B0000000000000000000000000000000000037
:1009C0000000000000000000000000000000000027
:1009D0000000000000000000000000000000000017
:1009E0000000000000000000000000000000000007
:1009F00000000000000000000000000000000000F7
:100A000000000000000000000000000000000000E6
:100A100000000000000000000000000000000000D6
:100A200000000000000000000000000000000000C6
:100A300000000000000000000000000000000000B6
:100A400000000000000000000000000000000000A6
:100A50000000000000000000000000000000000096
:100A60000000000000000000000000000000000086
:100A70000000000000000000000000000000000076
:100A80000000000000000000000000000000000066
:100A90000000000000000000000000000000000056
:100AA0000000000000000000000000000000000046
:100AB0000000000000000000000000000000000036
:100AC0000000000000000000000000000000000026
:100AD0000000000000000000000000000000000016
:100AE0000000000000000000000000000000000006
:100AF00000000000000000000000000000000000F6
:100B000000000000000000000000000000000000E5
:100B100000000000000000000000000000000000D5
:100B200000000000000000000000000000000000C5
:100B300000000000000000000000000000000000B5
:100B400000000000000000000000000000000000A5
:100B50000000000000000000000000000000000095
:100B60000000000000000000000000000000000085
:100B70000000000000000000000000000000000075
:100B80000000000000000000000000000000000065
:100B90000000000000000000000000000000000055
:100BA0000000000000000000000000000000000045
:100BB0000000000000000000000000000000000035
:100BC0000000000000000000000000000000000025
:100BD0000000000000000000000000000000000015
:100BE0000000000000000000000000000000000005
:100BF00000000000000000000000000000000000F5
:100C000000000000000000000000000000000000E4
:100C1000FE822B6547156740000000000000384346
:100C20000000FAFE422E76BF3A3B9EBC9AF70CBDFE
:100C3000BDFDFFFFFFFFDF3F3C5455555555C53FF8
:100C4000912B17CF5555A53F17D0A4671111813FA0
:100C5000000000000000C842EF39FAFE422EE63FD5
:100C600024C482FFBDBFCE3FB5F40CD7086BAC3FA8
:100C7000CC5046D2ABB2833F843A4E9BE0D7553F2F
:100C80000000000000000000000000000000F03F35
:100C90006EBF881A4F3B9B3C3533FBA93DF6EF3FB7
:100CA0005DDCD89C136071BC6180773E9AECEF3FAD
:100CB000D16687107A5E90BC857F6EE815E3EF3FC2
:100CC00013F6673552D28C3C748515D3B0D9EF3FFB
:100CD000FA8EF92380CE8BBCDEF6DD296BD0EF3F98
:100CE00061C8E6614EF7603CC89B751845C7EF3F89
:100CF00099D3335BE4A3903C83F3C6CA3EBEEF3F77
:100D00006D7B835DA69A973C0F89F96C58B5EF3FD0
:100D1000FCEFFD921AB58E3CF747722B92ACEF3F79
:100D2000D19C2F703DBE3E3CA2D1D332ECA3EF3F0D
:100D30000B6E908934036ABC1BD3FEAF669BEF3FFA
:100D40000EBD2F2A525695BC515B12D00193EF3F36
:100D500055EA4E8CEF8050BCCC316CC0BD8AEF3F61
:100D600016F4D5B923C991BCE02DA9AE9A82EF3F04
:100D7000AF555CE9E3D3803C518EA5C8987AEF3F2C
:100D80004893A5EA151B80BC7B517D3CB872EF3FB0
:100D90003D32DE55F01F8FBCEA8D8C38F96AEF3F8B
:100DA000BF53133F8C898B3C75CB6FEB5B63EF3F7D
:100DB00026EB11769CD996BCD45C0484E05BEF3FB3
:100DC000602F3A3EF7EC9A3CAAB968318754EF3F5E
:100DD0009D3886CB82E78FBC1DD9FC22504DEF3F5A
:100DE0008DC3A644416F8A3CD68C62883B46EF3F58
:100DF0007D04E4B0057A803C96DC7D91493FEF3F6D
:100E000094A8A8E3FD8E963C3862756E7A38EF3F61
:100E10007D4874F2185E873C3FA6B24FCE31EF3F5B
:100E2000F2E71F982B47803CDD7CE265452BEF3FC6
:100E30005E08713F7BB896BC8163F5E1DF24EF3F2C
:100E400031AB096DE1F7823CE1DE1FF59D1EEF3FFE
:100E5000FABF6F1A9B213DBC90D9DAD07F18EF3FC3
:100E6000B40A0C7282378B3C0B03E4A68512EF3F69
:100E70008FCBCE8992146E3C562F3EA9AF0CEF3F1C
:100E8000B6ABB04D754D833C15B7310AFE06EF3F4A
:100E90004C74ACE20142863C31D84CFC7001EF3F0F
:100EA0004AF8D35D39DD8F3CFF1664B208FCEE3F93
:100EB000045B8E3B80A386BCF19F925FC5F6EE3F3C
:100EC00068504BCCED4A92BCCBA93A37A7F1EE3F24
:100ED0008E2D511BF80799BC66D8056DAEECEE3F20
:100EE000D236943EE8D171BCF79FE534DBE7EE3FA4
:100EF000151BCEB3191999BCE5A813C32DE3EE3F1A
:100F00006D4C2AA7489F853C2234124CA6DEEE3F4A
:100F10008A69287A601293BC1C80AC0445DAEE3FE3
:100F20005B8917488FA758BC2A2EF7210AD6EE3FB7
:100F30001B9A49679B2C7CBC97A850D9F5D1EE3FF2
:100F400011ACC260ED63433C2D89616008CEEE3F79
:100F5000EF64063B0966963C57001DED41CAEE3F23
:100F60007903A1DAE1CC6E3CD03CC1B5A2C6EE3F1C
:100F700030120F3F8EFF933CDED3D7F02AC3EE3FF3
:100F8000B0AF7ABBCE90763C272A36D5DABFEE3F9B
:100F900077E054EBBD1D933C0DDDFD99B2BCEE3FF7
:100FA0008EA3710034948FBCA72C9D76B2B9EE3F0E
:100FB00049A393DCCCDE87BC4266CFA2DAB6EE3F13
:100FC0005F380FBDC6DE78BC824F9D562BB4EE3F16
:100FD000F65C7BEC461286BC0F925DCAA4B1EE3F74
:100FE0008ED7FD180535933CDA27B53647AFEE3F6F
:100FF000059B8A2FB7987B3CFDC797D412ADEE3F77
:1010000009541CE2E163903C295448DD07ABEE3FF4
:10101000EAC6195085C7343CB746598A26A9EE3F1F
:1010200035C0642BE632943C4821AD156FA7EE3FE6
:101030009F7699614AE48CBC09DC76B9E1A5EE3F64
:10104000A84DEF3BC5338CBC85553AB07EA4EE3F2E
:10105000AEE92B89785384BC20C3CC3446A3EE3F41
:1010600058585678DDCE93BC2522558238A2EE3FE3
:1010700064197E80AA10573C73A94CD455A1EE3F49
:1010800028225EBFEFB393BCCD3B7F669EA0EE3FB0
:1010900082B93487AD126ABCBFDA0B7512A0EE3F7D
:1010A000EEA96DB8EF6763BC2F1A653CB29FEE3FA7
:1010B0005188E0543DDC80BC849451F97D9FEE3F23
:1010C000CF3E5A7E641F78BC745FECE8759FEE3F9C
:1010D000B07D8BC04AEE86BC7481A5489A9FEE3FD6
:1010E0008AE6551E321986BCC9674256EB9FEE3F11
:1010F000D3D4095ECB9C903C3F5DDE4F69A0EE3FB0
:101100001DA54DB9DC327BBC8701EB7314A1EE3F0A
:101110006BC06754FDEC943C32C13001EDA1EE3F51
:10112000556CD6ABE1EB653C624ECF36F3A2EE3F99
:1011300042CFB32FC5A188BC121A3E5427A4EE3F5C
:1011400034373BF1B66993BC13CE4C9989A5EE3F79
:101150001EFF193A845E80BCADC723461AA7EE3F36
:101160006E5772D850D494BCED92449BD9A8EE3FF0
:10117000008A0E5B67AD903C99668AD9C7AAEE3F9C
:10118000B4EAF0C12FB78D3CDBA02A42E5ACEE3FBC
:10119000FFE7C59C60B665BC8C44B51632AFEE3F28
:1011A000445FF35983F67B3C36771599AEB1EE3F39
:1011B000833D1EA71F0993BCC6FF910B5BB4EE3F96
:1011C000291E6C8BB8A95DBCE5C5CDB037B7EE3F25
:1011D00059B9907CF9236CBC0F52C8CB44BAEE3F8E
:1011E000AAF9F422434392BC504EDE9F82BDEE3FEB
:1011F0004B8E66D76CCA85BCBA07CA70F1C0EE3F89
:1012000027CE912BFCAF713C90F0A38291C4EE3FAE
:10121000BB730AE135D26D3C2323E31963C8EE3F6B
:101220006322622204C587BC65E55D7B66CCEE3F28
:10123000D531E2E3861C8B3C332D4AEC9BD0EE3F4C
:1012400015BBBCD3D1BB91BC5D253EB203D5EE3FEF
:10125000D231EE9C31CC903C58B330139ED9EE3F46
:10126000B35A736E8469843CBFFD79556BDEEE3FE3
:10127000B49D8E97CDDF82BC7AF3D3BF6BE3EE3F94
:101280008733CB92771A8C3CADD35A999FE8EE3FC7
:10129000FAD9D14A8F7B90BC66B68D2907EEEE3F16
:1012A000BAAEDC56D9C355BCFB154FB8A2F3EE3F1E
:1012B00040F6A63D0EA490BC3A59E58D72F9EE3F7A
:1012C0003493AD38F4D668BC475EFBF276FFEE3F50
:1012D000358A586BE2EE91BC4A06A130B005EF3F6B
:1012E000CDDD5F0AD7FF743CD2C14B901E0CEF3F9F
:1012F000AC9892FAFBBD91BC091ED75BC212EF3FBE
:10130000B30CAF30AE6E733C9C5285DD9B19EF3F42
:1013100094FD9F5C32E38E3C7AD0FF5FAB20EF3FC1
:10132000AC5909D18FE0843C4BD1572EF127EF3FC8
:10133000671A4E38AFCD633CB5E706946D2FEF3F8B
:101340006819926C2C6B673C6990EFDC2037EF3F9B
:10135000D2B5CC83188A80BCFAC35D550B3FEF3FF2
:101360006FFAFF3F5DAD8FBC7C89074A2D47EF3F89
:1013700049A97538AE0D90BCF2890D08874FEF3F33
:10138000A7073DA685A3743C87A4FBDC1858EF3F54
:101390000F2240209E9182BC9883C916E360EF3FE4
:1013A000AC92C1D5505A8E3C8532DB03E669EF3FE3
:1013B0004B6B01AC593A843C60B401F32173EF3FAD
:1013C0001F3EB40721D582BC5F9B7B33977CEF3FE8
:1013D000C90D473BB92A89BC29A1F5144686EF3FC0
:1013E000D3883A6004B6743CF63F8BE72E90EF3F0B
:1013F00071729D51ECC5833C834CC7FB519AEF3F02
:10140000F091D38F12F78FBCDA90A4A2AFA4EF3F74
:101410007D7423E298AE8DBCF1678E2D48AFEF3F0F
:101420000820AA41BCC38E3C275A61EE1BBAEF3F8D
:1014300032EBA9C3942B843C97BA6B372BC5EF3F93
:10144000EE85D131A9648A3C40456E5B76D0EF3F92
:10145000EDE33BE4BA378EBC14BE9CADFDDBEF3F41
:101460009DCD914D3B89773CD8909E81C1E7EF3F60
:1014700089CC6041C105533CF1718F2BC2F3EF3F22
:10148000BEF3F879EC61F63FDEAA8C80F77BD5BF1E
:101490003D88AF4AED71F53FDB6DC0A7F0BED2BF0E
:1014A000B010F0F03995F43F673A517FAE1ED0BFCF
:1014B0008503B8B095C9F33FE92482A6D831CBBFE4
:1014C000A564880C190DF33F5877C00A4F57C6BF63
:1014D000A08E0B7B225EF23F00819CC72BAAC1BF6E
:1014E0003F341A4A4ABBF13F5E0E8CCE764EBABFED
:1014F000BAE58AF05823F13FCC1C615A3C97B1BF42
:10150000A70099413F95F03F1E0CE138F452A2BF6D
:10151000000000000000F03F00000000000000009C
:10152000AC479AFD8C60EE3F8459F25DAAA5AA3FB4
:10153000A06A021FB3A4EC3FB42E36AA535EBC3F90
:10154000E6FC6A573620EB3F08DB2077E526C53FEF
:101550002DAAA163D1C2E93F7047220D86C2CB3FBD
:10156000ED417803E686E83FE17EA0C88B05D13FD8
:10157000624853F5DC67E73F09EEB6573004D43FC5
:10158000EF39FAFE422EE63F3483B848A30ED0BFAF
:101590006A0BE00B5B57D53F23410AF2FEFFDFBF2A
:1015A0000080E03779C34143176E05B5B5B893465F
:1015B000F5F93FE9034F384D321D30F94877825A2B
:1015C0003CBF737FDD4F1575000000000000F03F49
:1015D000000000000000244000000000000059400E
:1015E0000000000000408F40000000000088C34061
:1015F00000000000006AF8400000000080842E41D6
:1016000000000000D01263410000000084D7974121
:101610000000000065CDCD41000000205FA0024227
:10162000000000E876483742000000A2941A6D429C
:10163000000040E59C30A2420000901EC4BCD6428F
:1016400000003426F56B0C430080E03779C341433A
:1016500000A0D8855734764300C84E676DC1AB43B0
:10166000003D9160E458E143408CB5781DAF1544CE
:1016700050EFE2D6E41A4B4492D54D06CFF08044A9
:10168000F64AE1C7022DB544B49DD9794378EA44BE
:101690000038FAFE422EE63F3067C79357F32E3DDF
:1016A000000000000000E0BF605555555555E5BFEE
:1016B000060000000000E03F4E5559999999E93F16
:1016C0007AA429555555E5BFE945489B5B49F2BFCA
:1016D000C33F268B2B00F03F0000000000A0F63F28
:1016E000000000000000000000C8B9F2822CD6BF44
:1016F0008056372824B4FA3C000000000080F63FF2
:101700000000000000000000000858BFBDD1D5BF98
:1017100020F7E0D808A51CBD000000000060F63FDF
:101720000000000000000000005845177776D5BF84
:101730006D50B6D5A46223BD000000000040F63F06
:10174000000000000000000000F82D87AD1AD5BF92
:10175000D567B09EE484E6BC000000000020F63FA0
:101760000000000000000000007877955FBED4BF45
:10177000E03E2993691B04BD000000000000F63F15
:10178000000000000000000000601CC28B61D4BF9C
:10179000CC844C482FD8133D0000000000E0F53FFA
:1017A000000000000000000000A886863004D4BFBE
:1017B0003A0B82EDF342DC3C0000000000C0F53F34
:1017C0000000000000000000004869554CA6D3BF8F
:1017D00060945186C6B1203D0000000000A0F53F96
:1017E00000000000000000000080989ADD47D3BF91
:1017F0009280C5D44D59253D000000000080F53F82
:1018000000000000000000000020E1BAE2E8D2BFC2
:10181000D82BB7991E7B263D000000000060F53FE5
:1018200000000000000000000088DE135A89D2BFCB
:101830003FB0CFB614CA153D000000000060F53F70
:1018400000000000000000000088DE135A89D2BFAB
:101850003FB0CFB614CA153D000000000040F53F70
:1018600000000000000000000078CFFB4129D2BF3B
:1018700076DA5328245A16BD000000000020F53FF8
:101880000000000000000000009869C198C8D1BFA6
:101890000454E768BCAF1FBD000000000000F53F26
:1018A000000000000000000000A8ABAB5C67D1BFE7
:1018B000F0A88233C61F1F3D0000000000E0F43F87
:1018C00000000000000000000048AEF98B05D1BF09
:1018D000665A05FDC4A826BD0000000000C0F43F04
:1018E0000000000000000000009073E224A3D0BFBD
:1018F0000E03F47EEE6B0CBD0000000000A0F43F70
:10190000000000000000000000D0B4942540D0BFCB
:101910007F2DF49EB836F0BC0000000000A0F43F1C
:10192000000000000000000000D0B4942540D0BFAB
:101930007F2DF49EB836F0BC000000000080F43F1C
:10194000000000000000000000405E6D18B9CFBF2D
:10195000873C99AB2A570D3D000000000060F43F22
:1019600000000000000000000060DCCBADF0CEBF46
:1019700024AF869CB7262B3D000000000040F43FBA
:10198000000000000000000000F02A6E0727CEBF14
:1019900010FF3F544F2F17BD000000000020F43F00
:1019A000000000000000000000C04F6B215CCDBFB4
:1019B0001B68CABB91BA213D000000000000F43F43
:1019C000000000000000000000A09AC7F78FCCBF05
:1019D00034849F684F79273D000000000000F43FE9
:1019E000000000000000000000A09AC7F78FCCBFE5
:1019F00034849F684F79273D0000000000E0F33FEA
:101A0000000000000000000000902D7486C2CBBFD3
:101A10008FB78B31B04E193D0000000000C0F33F7E
:101A2000000000000000000000C0804EC9F3CABFE3
:101A30006690CD3F634EBA3C0000000000A0F33F2B
:101A4000000000000000000000B0E21FBC23CABF7D
:101A5000EAC146DC648C25BD0000000000A0F33F15
:101A6000000000000000000000B0E21FBC23CABF5D
:101A7000EAC146DC648C25BD000000000080F33F15
:101A800000000000000000000050F49C5A52C9BF42
:101A9000E3D4C104D9D12ABD000000000060F33FA7
:101AA000000000000000000000D02065A07FC8BF3B
:101AB00009FADB7FBFBD2B3D000000000040F33F73
:101AC000000000000000000000E0100289ABC7BF6A
:101AD000584A537290DB2B3D000000000040F33F5A
:101AE000000000000000000000E0100289ABC7BF4A
:101AF000584A537290DB2B3D000000000020F33F5A
:101B0000000000000000000000D019E70FD6C6BF9B
:101B100066E2B2A36AE410BD000000000000F33FDB
:101B200000000000000000000090A77030FFC5BF5B
:101B30003950109F439E1EBD000000000000F33F7F
:101B400000000000000000000090A77030FFC5BF3B
:101B50003950109F439E1EBD0000000000E0F23F80
:101B6000000000000000000000B0A1E3E526C5BFB2
:101B70008F5B07908BDE20BD0000000000C0F23FAD
:101B800000000000000000000080CB6C2B4DC4BFA3
:101B90003C783561C10C173D0000000000C0F23FE9
:101BA00000000000000000000080CB6C2B4DC4BF83
:101BB0003C783561C10C173D0000000000A0F23FE9
:101BC000000000000000000000901E20FC71C3BF58
:101BD0003A54274D8678F13C000000000080F23F27
:101BE000000000000000000000F01FF85295C2BF86
:101BF00008C47117308D24BD000000000060F23F62
:101C0000000000000000000000602FD52AB7C1BF0F
:101C100096A31118A4802EBD000000000060F23FC2
:101C2000000000000000000000602FD52AB7C1BFEF
:101C300096A31118A4802EBD000000000040F23FC2
:101C400000000000000000000090D07C7ED7C0BFE4
:101C5000F45BE88896690A3D000000000040F23F0E
:101C600000000000000000000090D07C7ED7C0BFC4
:101C7000F45BE88896690A3D000000000020F23F0E
:101C8000000000000000000000E0DB3191ECBFBF6D
:101C9000F233A35C547525BD000000000000F23F44
:101CA000000000000000000000002B6E0727BEBFF0
:101CB0003C00F02A2C342A3D000000000000F23FD6
:101CC000000000000000000000002B6E0727BEBFD0
:101CD0003C00F02A2C342A3D0000000000E0F13FD7
:101CE000000000000000000000C05B8F545EBCBF1D
:101CF00006BE5F58570C1DBD0000000000C0F13F3C
:101D0000000000000000000000E04A3A6D92BABFF7
:101D1000C8AA5BE83539253D0000000000C0F13F4E
:101D2000000000000000000000E04A3A6D92BABFD7
:101D3000C8AA5BE83539253D0000000000A0F13F4E
:101D4000000000000000000000A031D645C3B8BF6D
:101D500068562F4D297C133D0000000000A0F13F84
:101D6000000000000000000000A031D645C3B8BF4D
:101D700068562F4D297C133D000000000080F13F84
:101D800000000000000000000060E58AD2F0B6BF4D
:101D9000DA7333C9379726BD000000000060F13FB9
:101DA00000000000000000000020063F071BB5BF38
:101DB000575EC6615B021F3D000000000060F13FFE
:101DC00000000000000000000020063F071BB5BF18
:101DD000575EC6615B021F3D000000000040F13FFE
:101DE000000000000000000000E01B96D741B3BFD8
:101DF000DF13F9CCDA5E2C3D000000000040F13F1B
:101E0000000000000000000000E01B96D741B3BFB7
:101E1000DF13F9CCDA5E2C3D000000000020F13F1A
:101E200000000000000000000080A3EE3665B1BF96
:101E300009A38F765E7C143D000000000000F13F96
:101E40000000000000000000008011C0300AAFBF99
:101E5000918E36839E592D3D000000000000F13F19
:101E60000000000000000000008011C0300AAFBF79
:101E7000918E36839E592D3D0000000000E0F03F1A
:101E8000000000000000000000801971DD42ABBFBF
:101E90004C70D6E57A821C3D0000000000E0F03F67
:101EA000000000000000000000801971DD42ABBF9F
:101EB0004C70D6E57A821C3D0000000000C0F03F67
:101EC000000000000000000000C032F65874A7BFF8
:101ED000EEA1F23446FC2CBD0000000000C0F03F33
:101EE000000000000000000000C032F65874A7BFD8
:101EF000EEA1F23446FC2CBD0000000000A0F03F33
:101F0000000000000000000000C0FEB9879EA3BFD3
:101F1000AAFE26F5B702F53C0000000000A0F03F45
:101F2000000000000000000000C0FEB9879EA3BFB3
:101F3000AAFE26F5B702F53C000000000080F03F45
:101F400000000000000000000000780E9B829FBF90
:101F5000E4097E7C268029BD000000000080F03F5F
:101F600000000000000000000000780E9B829FBF70
:101F7000E4097E7C268029BD000000000060F03F5F
:101F800000000000000000000080D5071BB997BFCB
:101F900039A6FA93548D28BD000000000040F03FA0
:101FA00000000000000000000000FCB0A8C08FBFCF
:101FB0009CA6D3F67C1EDFBC000000000040F03F72
:101FC00000000000000000000000FCB0A8C08FBFAF
:101FD0009CA6D3F67C1EDFBC000000000020F03F72
:101FE00000000000000000000000106B2AE07FBF2E
:101FF000E440DA0D3FE219BD000000000020F03F90
:1020000000000000000000000000106B2AE07FBF0D
:10201000E440DA0D3FE219BD000000000000F03F8F
:1020200000000000000000000000000000000000B0
:102030000000000000000000000000000000F03F71
:102040000000000000000000000000000000000090
:1020500000000000000000000000000000C0EF3F92
:102060000000000000000000000089751510803F8E
:10207000E82B9D996BC710BD000000000080EF3F6A
:102080000000000000000000008093585620903FA0
:10209000D2F7E2065BDC23BD000000000040EF3F0A
:1020A00000000000000000000000C9282549983FFA
:1020B000340C5A32BAA02ABD000000000000EF3FE5
:1020C00000000000000000000040E7895D41A03FE3
:1020D00053D7F15CC011013D0000000000C0EE3F8D
:1020E000000000000000000000002ED4AE66A43FF7
:1020F00028FDBD7573162CBD000000000080EE3F6A
:10210000000000000000000000C09F14AA94A83F37
:102110007D265AD0957919BD000000000040EE3FA1
:10212000000000000000000000C0DDCD73CBAC3F1C
:102130000728D847F2681ABD000000000020EE3FD3
:10214000000000000000000000C006C031EAAE3F01
:102150007B3BC94F3E110EBD0000000000E0ED3F8B
:102160000000000000000000006046D13B97B13F36
:102170009B9E0D565D3225BD0000000000A0ED3F86
:10218000000000000000000000E0D1A7F5BDB33F53
:10219000D74EDBA55EC82C3D000000000060ED3F7F
:1021A000000000000000000000A0974D5AE9B53F74
:1021B0001E1D5D3C06692CBD000000000040ED3F87
:1021C000000000000000000000C0EA0AD300B73F92
:1021D00032ED9DA98D1EEC3C000000000000ED3F9B
:1021E00000000000000000000040595D5E33B93F70
:1021F000DA47BD3A5C11233D0000000000C0EC3F0F
:1022000000000000000000000060AD8DC86ABB3F08
:10221000E568F72B809013BD0000000000A0EC3FA4
:1022200000000000000000000040BC015888BC3FD6
:10223000D3AC5AC6D146263D000000000060EC3FFA
:10224000000000000000000000200A8339C7BE3FE4
:10225000E045E6AF68C02DBD000000000040EC3F47
:10226000000000000000000000E0DB3991E8BF3F03
:10227000FD0AA14FD63425BD000000000000EC3F50
:10228000000000000000000000E027828E17C13F20
:10229000F2072DCE78EF213D0000000000E0EB3F7B
:1022A000000000000000000000F0237E2BAAC13FC8
:1022B000349938448EA72C3D0000000000A0EB3F6D
:1022C00000000000000000000080860C61D1C23FC9
:1022D000A1B481CB6C9D033D000000000080EB3F6A
:1022E0000000000000000000009015B0FC65C33F36
:1022F00089724B23A82FC63C000000000040EB3F32
:10230000000000000000000000B033833D91C43F96
:1023100078B6FD547983253D000000000020EB3F96
:10232000000000000000000000B0A1E4E527C53F68
:10233000C77D69E5E833263D0000000000E0EA3F84
:10234000000000000000000000108CBE4E57C63F89
:10235000782E3C2C8BCF193D0000000000C0EA3FD6
:1023600000000000000000000070758B12F0C63FF6
:10237000E1219CE58D1125BD0000000000A0EA3F91
:102380000000000000000000005044858D89C73F18
:102390000543917010661CBD000000000060EA3F1C
:1023A0000000000000000000000039EBAFBEC83F95
:1023B000D12CE9AA543D07BD000000000040EA3FCF
:1023C00000000000000000000000F7DC5A5AC93F7E
:1023D0006FFFA05828F2073D000000000000EA3F10
:1023E000000000000000000000E08A3CED93CA3FBE
:1023F00069215650437228BD0000000000E0E93F0B
:10240000000000000000000000D05B57D831CB3F37
:10241000AAE1AC4E8D350CBD0000000000C0E93FC4
:10242000000000000000000000E03B3887D0CB3FF8
:10243000B6125459C44B2DBD0000000000A0E93F66
:1024400000000000000000000010F0C6FB6FCC3F51
:10245000D22B96C572ECF1BC000000000060E93F91
:1024600000000000000000000090D4B03DB1CD3F5E
:1024700035B015F72AFF2ABD000000000040E93FF3
:1024800000000000000000000010E7FF0E53CE3FE8
:1024900030F441602712C23C000000000020E93FF8
:1024A00000000000000000000000DDE4ADF5CE3FBC
:1024B000118EBB651521CABC000000000000E93F79
:1024C000000000000000000000B0B36C1C99CF3F7A
:1024D00030DF0CCAECCB1B3D0000000000C0E83F21
:1024E000000000000000000000584D603871D03F2F
:1024F000914EED16DB9CF83C0000000000A0E83F88
:102500000000000000000000006061672DC4D03FA3
:10251000E9EA3C168B18273D000000000080E83FE8
:10252000000000000000000000E827828E17D13F65
:102530001CF0A5630E212CBD000000000060E83FE8
:10254000000000000000000000F8ACCB5C6BD13F45
:102550008116A5F7CD9A2B3D000000000040E83F12
:10256000000000000000000000685A6399BFD13FDE
:10257000B7BD4751EDA62C3D000000000020E83F0C
:10258000000000000000000000B80E6D4514D23FAE
:10259000EABA46BADE870A3D0000000000E0E73FE5
:1025A00000000000000000000090DC7CF0BED23F84
:1025B000F404504AFA9C2A3D0000000000C0E73FA6
:1025C00000000000000000000060D3E1F114D33FE0
:1025D000B83C21D37AE228BD0000000000A0E73F0C
:1025E00000000000000000000010BE76676BD33FC3
:1025F000C877F1B0CD6E113D000000000080E73FCC
:1026000000000000000000000030337752C2D33FCA
:102610005CBD06B6543B183D000000000060E73F7B
:10262000000000000000000000E8D523B419D43FEA
:102630009DE090EC36E4083D000000000040E73FDC
:10264000000000000000000000C871C28D71D43F7E
:1026500075D66709CE272FBD000000000020E73F98
:1026600000000000000000000030179EE0C9D43FC9
:10267000A4D80A1B89202EBD000000000000E73FFF
:10268000000000000000000000A03807AE22D53F87
:1026900059C7648170BE2E3D0000000000E0E63F97
:1026A000000000000000000000D0C853F77BD53FB9
:1026B000EF405DEEEDAD1F3D0000000000C0E63FC5
:1026C0000000000000000000006059DFBDD5D53FCC
:1026D000DC65A4082A0B0ABD000000000000F03FE2
:1026E000000000000000F0BF000000000000F0BF8C
:1026F000000000000000F03F83C8C96D305F6441F6
:10270000182D4454FB21F93F000000000000F03F69
:102710001C620CFDFFFFDFBF198F06E15355A53F7B
:102720009D359AE887C056BFC3F87B024393F93EB4
:1027300003A695595455C5BFC40B23057610813F98
:1027400024CF7437EB9429BF000000000000F03F55
:10275000000000000000F0BF000000000000F0BF1B
:10276000000000000000F03F83C8C96D305F644185
:10277000182D4454FB21F93F000000000000F0BF79
:102780001C620CFDFFFFDF3F198F06E15355A5BF0B
:102790009D359AE887C0563FC3F87B024393F9BE44
:1027A00003A695595455C5BFC40B23057610813F28
:1027B00024CF7437EB9429BF0406C000000000004A
:1027C000082500608820006000000042C8801F408B
:1027D000B8821F400800000000000042C4801F4073
:1027E000B4821F400400000000C0004224801F404B
:1027F00014821F401000000000C0004228801F40CB
:1028000018821F402000000000C000422C801F40A2
:102810001C821F404000000000C0004234801F4066
:1028200024821F40000100000040004264811F40DC
:1028300054831F40000400000040004280811F407C
:1028400070831F4000000200004000427C811F4056
:102850006C831F40000001000040004268811F405F
:1028600058831F4000080000004000423C811F4088
:102870002C831F40010000000040004244811F40A3
:1028800034831F40040000000040004240811F408C
:1028900030831F40020000000040004248811F407A
:1028A00038831F40080000000000004204811F40E0
:1028B000F4821F40000004000000004208811F4015
:1028C000F8821F40000008000000004218811F40ED
:1028D00008831F40000080000000004214811F4058
:1028E00004831F40000040000000004200811F40A0
:1028F000F0821F400000020000000042FC801F40E8
:10290000EC821F40000001000000004224811F40B3
:1029100014831F40000000040000004228811F4073
:1029200018831F4000000008000000421C811F4067
:102930000C831F40000000010000004220811F4066
:1029400010831F400000000200000042EC801F4086
:10295000DC821F400010000000000042F0801F4099
:10296000E0821F40002000000000004234811F4030
:1029700024831F40000000400000004238811F40B7
:1029800028831F40000000800080004294801F4088
:1029900084821F400000040000C0004290801F405D
:1029A00080821F400000008000800042A8801F40FD
:1029B00098821F400000800000800042A4801F40D9
:1029C00094821F4000004000004000426C811F4084
:1029D0005C831F400010000000C0004230801F4098
:1029E00020821F408000000000800042C8811F40FC
:1029F000B8831F400080000000800042C4811F4057
:102A0000B4831F400040000000800042C0811F408E
:102A1000B0831F400020000000800042BC811F40A6
:102A2000AC831F400010000000800042D0811F4096
:102A3000C0831F400000020000800042CC811F4084
:102A4000BC831F40000001000000000000000000E7
:102A50004933010061C700004933010049330100D7
:102A6000493301004933010000000000000000006C
:102A700095C000006DFA000025C6000000000000AF
:102A8000000000008DEE000041FA0000E1C50000EA
:102A90000000000000000000E1C200006525010008
:102AA00071C6000000000000000000006546010043
:102AB0000000000000000000FD7B01001D1F000061
:102AC0009D3501000D340100F5790100655C0100C0
:102AD000D5330100C13401000000000000000000F7
:102AE000C12C0100010100040100000401320101B8
:102AF0000132020101100101011101010112010263
:102B00000103020601030106011202020200000194
:102B10000202000102010001021000010222000174
:102B2000022300010000000000000000022100015B
:102B3000022000010000000000000000013001013F
:102B40000131010101020004010300040000000042
:102B5000000000000121020101210101000000002C
:102B6000000000000000000001100201010102014C
:102B70000101010101000201010001010102020144
:102B80000102010135FA8E3C6F12833A0000000009
:102B900000000000A5F100004D2501009DC60000C9
:102BA000000000000000000049330100493301002B
:102BB0000000000000000000E1F2000035250100E7
:102BC00051C60000D9B90000C5B9000000000000DE
:102BD000000000004531000061C70000391F0000FF
:102BE000690000006900000069000000FFFF7F7FAE
:102BF00000000000D8399D270054EA2A00A4781F5D
:102C0000007B9A1700000000000000001031002037
:102C10000831002000310020F8300020F030002082
:102C2000E8300020E0300020D8300020D0300020F4
:102C3000C8300020C0300020B830002074220020AE
:102C400074220020742200207422002074220020AC
:102C500074220020B0300020A8300020A0300020D6
:102C600098300020903000208830002080300020F4
:102C70007830002070300020683000206030002064
:102C800058300020503000204830002040300020D4
:102C90003830002030300020283000202030002044
:102CA00018300020103000200830002000300020B4
:102CB000F82F0020F02F0020E82F002008310020FE
:102CC00000310020F8300020F0300020E8300020F3
:102CD000E0300020B0300020A8300020A0300020DC
:102CE0009830002090300020883000208030002074
:102CF00078300020703000206830002060300020E4
:102D00005830002050300020483000204030002053
:102D100038300020303000202830002020300020C3
:102D20001830002010300020083000200030002033
:102D3000F82F0020F02F0020E82F0020D8300020AE
:102D4000D0300020C8300020C0300020FFFFFFFF3F
:102D5000FFFFFFFFFFFFFFFFFFFFFFFFC0000001BE
:102D6000800000018000000180000003BFFFFFFE23
:102D70007FFFFFFE7FFFFFFE7FFFFFFDA3623FFFA0
:102D8000CCC6547FC4464447D645447DAEAEFFFE14
:102D9000556DD6FE5DDDEF5E55DC6DFDA62E7FFF29
:102DA000CCED46FFCDCEEECFD6CC6DFDAEAEFFFE68
:102DB000556D56FE5DDF6DDE575D6DFDAEA23FFFCA
:102DC000CD4656FFDC44C447C4C5447DBFFFFFFE6B
:102DD0007FFFFFFE7FFFFFFE7FFFFFFDBFFFFFFFC7
:102DE000FFFFFFFFFFFFFFFFFFFFFFFDBFFFFFFE36
:102DF0007FFFFFFE7FFFFFFE7FFFFFFDBFFFFFFFA7
:102E0000FFFFFFFFFFFFFFFFFFFFFFFDBFFFFFFE15
:102E10007FFFFFFE7FFFFFFE7FFFFFFDBFFFFFFF86
:102E2000FFFFFFFE7FFFFFFFFFFFFFFDBFFFFFFE76
:102E30007FFFFFFFFFFFFFFE7FFFFFFDD5555555CD
:102E4000AAAAAAAA55555555AAAAAAABD555555509
:102E5000AAAAAAAA55555555AAAAAAABBFFFFFFE12
:102E60007FFFFFFFFFFFFFFE7FFFFFFDA222223F4C
:102E7000E4CC6546444445CFD644C445AEEEEF7E2F
:102E80005D56DD6E5DDDD5D655DD5555A6666F7F89
:102E9000ECCED46FCDCDD5CFD6CCD545AEEEEF7E32
:102EA0007556D56E5DDDD5D6575D555DA2EE237F97
:102EB000CCD4656FDC444457C4C4C45DBFFFFFFE7F
:102EC0007FFFFFFE7FFFFFFE7FFFFFFDBFFFFFFFD6
:102ED000FFFFFFFFFFFFFFFFFFFFFFFDBFFFFFFE45
:102EE0007FFFFFFE7FFFFFFE7FFFFFFDBFFFFFFFB6
:102EF000FFFFFFFFFFFFFFFFFFFFFFFDBFFFFFFE25
:102F00007FFFFFFE7FFFFFFE7FFFFFFDBFFFFFFF95
:102F1000FFFFFFFFFFFFFFFFFFFFFFFDBFFFFFFE04
:102F20007FFFFFFE7FFFFFFE7FFFFFFDC000000170
:102F3000800000018000000180000003FFFFFFFF10
:102F4000FFFFFFFFFFFFFFFFFFFFFFFFFFFFFFFF91
:102F5000FFFFFFFFFFFFFFFFFFFFFFFFC0000001BC
:102F6000800000018000000000000003BFFFFFFEA2
:102F70007FFFFFFE7FFFFFFFFFFFFFFDAAA22623CB
:102F8000D445D5FE7FFFFFFFFFFFFFFDAAAEEAB6E7
:102F900046DDD5FE7FFFFFFFFFFFFFFDA2A666B760
:102FA000C6DDD5FE7FFFFFFFFFFFFFFDAAAEEAB63D
:102FB00056DDD5FE7FFFFFFFFFFFFFFDAA22EAB728
:102FC000D4446C7E7FFFFFFFFFFFFFFDBFFFFFFECE
:102FD0007FFFFFFE7FFFFFFFFFFFFFFDBFFFFFFF44
:102FE000FFFFFFFE7FFFFFFFFFFFFFFDBFFFFFFEB5
:102FF0007FFFFFFE7FFFFFFFFFFFFFFDBFFFFFFF24
:10300000FFFFFFFE7FFFFFFFFFFFFFFDBFFFFFFE94
:103010007FFFFFFE7FFFFFFFFFFFFFFDBFFFFFFF03
:10302000FFFFFFFE7FFFFFFFFFFFFFFDBFFFFFFE74
:103030007FFFFFFE7FFFFFFFFFFFFFFDD5555555CB
:10304000AAAAAAAA7FFFFFFFFFFFFFFDD55555558E
:10305000AAAAAAAA7FFFFFFFFFFFFFFDBFFFFFFE97
:103060007FFFFFFE7FFFFFFFFFFFFFFDAAA2762B82
:10307000C6C644FE7FFFFFFFFFFFFFFDAAAEAAEA20
:103080005D55D57E7FFFFFFFFFFFFFFDA2A66AE72C
:10309000CC56C57E7FFFFFFFFFFFFFFDAAAEA2EA71
:1030A0005D575D7E7FFFFFFFFFFFFFFDAA226A2BBA
:1030B000DD54DCFE7FFFFFFFFFFFFFFDBFFFFFFED4
:1030C0007FFFFFFE7FFFFFFFFFFFFFFDBFFFFFFF53
:1030D000FFFFFFFE7FFFFFFFFFFFFFFDBFFFFFFEC4
:1030E0007FFFFFFE7FFFFFFFFFFFFFFDBFFFFFFF33
:1030F000FFFFFFFE7FFFFFFFFFFFFFFDBFFFFFFEA4
:103100007FFFFFFE7FFFFFFFFFFFFFFDBFFFFFFF12
:10311000FFFFFFFE7FFFFFFFFFFFFFFDBFFFFFFE83
:103120007FFFFFFE7FFFFFFFFFFFFFFDC0000001ED
:10313000800000018000000000000003FFFFFFFF8F
:10314000FFFFFFFFFFFFFFFFFFFFFFFF07080C0B65
:1031500006050F000D0E0102838407080C0B0605FF
:103160000F000D0E010283846C780020507800203F
:103170001478002008780020FFFFFFFFF1FFFF7F99
:103180001FFFFF4310000FFFFFFFFFE1CF9FFFBBBB
:10319000F7FFFE90700007FFFFFFFF803FBFFF9724
:1031A000F9FFFEF80E0003FFFFFFFF001FBFFFDF68
:1031B000FEFFFFFE0C0001FFFFFFFF01CC7FFF7F42
:1031C000FF7FFFFF040000FFFFFFFE07F3FFFEFF8E
:1031D000FFBFF7FFC000007FFFFFFE0FFFFFF83FBC
:1031E000FFDFFDFFF000003FFFFFFE1FFFFFF01FAE
:1031F000FFD7FE7FF800001FFFFFFE1FFFFFC00F7D
:10320000FFEFFF9FFE00000FFFFFFF3FFFFF800764
:10321000FFF3E00FFF800007FFFFFF3FFFFF00030A
:10322000FFF3C001FFF00003FFFFFF7EF87E000305
:10323000FFF780007FFC0001FFFFFF7DF03C0001F5
:10324000FFF7000007FF8000FFFFFF7FE01E000187
:10325000FFEC000030FFF800FFFFFEFFE01F000161
:10326000FF9800001F03FFC1FFFFFEFFE01F80006B
:10327000FE70000007F8001FFFFFFEFFC01FC00028
:10328000FDF0000003FFFFFFFFFFFEFFC03EF00167
:10329000F3E0000000FFFFFFFFFFFEFF80383C016E
:1032A0008FF00000007FFFFFFFFFFEDF00780F8040
:1032B00067F00000003FFFFFFFFFFEFE007001FF10
:1032C000CFB00000001FFFFFFFFFFF7C00E0000FFA
:1032D0000F9C80000007FFFFFFFFFF3803F0000690
:1032E0001F9E40000003FFFFFFFFFF9FFE0C000E2C
:1032F0001FDF30000001FFFFFFFFFFE03F62001C07
:103300003FBF8E000000FFFFFFFFFFFFC1B1807EC7
:10331000FE7F83C000007FFFFFFFFFFFFF5840FFDD
:10332000F9FFC07800007FFFFFFFFFFFFFCE20FF07
:1033300087FFE0E00000FFFFFFFFFFFFFFF311FF4B
:10334000BFFFF83FFFC3FFFFFFFFFFFFFFFDCFFF02
:10335000DFFFFE07FF07FFFFFFFFFFFFFFFE767F98
:10336000BFFFFF80001FFFFFFFFFFFFFFFFF943E37
:10337000FFFFFFFC02FFFFFFFFFFFFFFFFFFE83D36
:10338000FFFFFFFFFF7FFFFFFFFFFFFFFFFFF07863
:10339000FFFFFFBFFF3FFFFFFFFFFFFFFFFFF8F94A
:1033A000FFFFFF3FFF9FFFFFFFFFFFFFFFFFFCF758
:1033B000FFFFFC3FFFCFFFFFE03FFFE03FFFFF0FBE
:1033C000FFFFF007FFC7FFFFCF9FFFEF3FFFFFBFEC
:1033D000FFFFE000BFE7FFFFD8C03003301FFF7FD3
:1033E000FFFFF000FF1FFFFFD8CF87C327CFFF7F6E
:1033F000FFFFF00060FFFFFFD818CC632E6FFF7F48
:10340000FFFFF8020FFFFFFFD818CC63206FFFBF4C
:10341000FFFFF00DFFFFFFFFD818CC63306FFFBF39
:10342000FFFFF81BFFFFFFFFD818CFE327EFFF9F39
:10343000FFFE4067FFFFFFFFD8D8CC032C6FFFDFF4
:10344000FFFE018FFFFFFFFFD8D8CCE30C6FFFED2D
:10345000FFFFC03FFFFFFFFFCF8F87CFC7EFFFE525
:10346000FBFF81FFFFFFFFFFE0000000000FFFF008
:10347000FCFE7FFFFFFFFFFFE00000000067FFFD95
:103480001E01FFFFFFFFFFFFEF80000C30F7FFFF83
:10349000C1FFFFFFFFE1FFFFCF80000C30F7C0014D
:1034A000FFFE1FFFFFEDFFFFD8C0000C30F7DFBDB0
:1034B000FFFEDFFFFFEDFFFFD8CF8FC5FEF7D80D72
:1034C0008000C01000010207D81CCC683067D80DFE
:1034D0003C73F7C79F3C78F3D800CC63B06FD80D2E
:1034E00066C8C66CD98CCD9BD80FCC6FB06FDF0D82
:1034F00066C8C66CD98CCD83D818CC6FB06FD80D88
:103500007EC0C60CD98CC0F3D8D8CC6FB00FD80C05
:1035100060C8C6ECD98CCC1BD8D8CC6FB06FD80C97
:1035200066C8C6ECD98CCD9BCF8FCC6F9E6FDFBFAA
:103530003C7276E799BE78F3E020000FC00FC00020
:10354000010700F000008207FFFFFFFFFFFFFFFF02
:10355000FFFFFFFFFFFFFFFFFFFFFFFFFFFFFFFF7B
:10356000FFFFFFFFFFFFFFFFFFFFFFFFFFFFFFFF6B
:10357000FFFFFFFFFFFFFFFFFFFFFFFFFFFFFFFF5B
:10358000FFFFFFFFFFFFFFFFFFFFFFFFFFFFFFFF4B
:10359000FFFFFFFFFFFFFFFFFFFFFFFFFFFFFFFF3B
:1035A000FFFFFFFFFFFFFFFFF800FFFFFE03FFF03D
:1035B0001FFFFFFFFFFFFFFFF0007FFFFE01FFF097
:1035C0000FFFFFFFFFFFFFFFF1FC3FFFFE71FFF367
:1035D0008FFFFFFFFFFFFFFFF1FC00000070000303
:1035E000800100200800007FF1C700000070000388
:1035F000800000000000003FF1C77F87E3FE3F1F0F
:10360000F3F83F0FC1F8FE1FF1C77F87E3FE3F1FAE
:10361000F3F83F0FC1F8FE1FF1C771CE387071C3C8
:10362000838EE39C771CE39FF1FC71CE387071C3ED
:10363000838E039C771CE39FF1FC71CE387071C3BD
:10364000838E039C771CE39FF1C0700E387071C3AA
:1036500083803F9C07FCE01FF1C0700E387071C37F
:103660008380E39C7700E03FF1CE718E387071C3A8
:10367000839CE39C7700E7FFF1CE718E387071C3B5
:10368000839CE39C771CE7FFF1CE7187E01E3F002F
:10369000F39C3F8FC1F8E7FFF1CE71C7E01E3F00FA
:1036A000F39C3F8FC1F8E7FFF80E03E00780001C92
:1036B000001F0000000007FFF81F03F00780003C18
:1036C000003F000008000FFFFFFFFFFFFFFFFFFFAD
:1036D000FFFFFFFFFFFFFFFFFFFFFFFFFFFFFFFFFA
:1036E000FFFFFFFFFFFFFFFFFFFFFFFFFFFFFFFFEA
:1036F000FFFFFFFFFFFFFFFFFFFFFFFFFFFFFFFFDA
:10370000FFFFFFFFFFFFFFDFFFFFFFFFFFFFFFFFE9
:10371000FFFFFFFFFFFFFC77FFFFFFFFFFE0000061
:1037200000000000000003FFFFFFFFFFFFE00000BC
:103730000000001000008FFBFFFFFFFFFFE0000014
:103740000000001000023FFBFFFFFFFFFFE000E76B
:10375000FE7FE6100008FFFBFFFFFFFFFFE001E632
:1037600006606E100011FFF7E00000003FC003EE9E
:1037700006606C180043C3E7EFEF423FBFC0036E23
:103780000EE0EC38008303EFE821A120BFC006CC97
:103790000CC0CC380304079FEBA553AEBFC00CCCC4
:1037A00000C0DC3804000F1FEBA344AEBF8018CC70
:1037B00000C0DC3808001FDFEBA3BF2EBF8030DC69
:1037C00001C1D83C10003FFFE82506A0BF806198EA
:1037D000FDFFD83C3000FFDFEFEAAABFBF80FF98B3
:1037E00019FF183C6001C7DFE00CD8003F01FF98CB
:1037F0001980383CC00207BFEDA4AC20BF0301B85C
:103800001980301EC0000FBFE8C2335B3F0603388B
:103810003B80301D80001F7FEB7CF21A3F0C033091
:103820003380301F80003EFFE7082574BF18033F38
:10383000F3007F9B8000FDFFECFE11B0BE30031F44
:10384000E3007F9F8003FBFFE10AFA3FBE00000018
:1038500000000017800FE7FFE52673EABE000000B6
:1038600000000007C07FCFFFEE9A911ABE00000053
:1038700000000007FFFFBFFFEAA9C1C43FFFFFFF31
:10388000FFFFFFF7FFFE7FFFEC95330B3FFFFFFFCE
:10389000FFFFFFF7FFF9FFFFEC2AB90CBFFFFFFFA7
:1038A000FFFFFFF7FFE7FFFFED0373263FFFFFFF7B
:1038B000FFFFFFFBFF9FFFFFEEF954FF3FFFFFFFFE
:1038C000FFFFFFFCF87FFFFFE00EF08C3FFFFFFFE4
:1038D000FFFFFFFF07FFFFFFEFE755AC3FFFFFFFD5
:1038E000FFFFFFFFFFFFFFFFE823CF89BFFFFFFFC1
:1038F000F7FFFFFFDFFFFFFFEBABD3FD387FFFFFDD
:10390000E7F87FFF9FFFFFFFEBA86840BBECE7CC29
:10391000FF7BECEF39E9FFFFEBA1D2DBB88AD72BB5
:10392000E8788A94A5A5FFFFE8291036B3B0874947
:10393000E973B085AD2DFFFFEFEE23A837B3BE4C82
:10394000CB77B7BD2D6DFFFFE000000037B88F11BA
:10395000DB77388C2369FFFFFFFFFFFFFFFFFFFFCF
:10396000FFFFFFFFFFFFFFFFFFFFFFFFFFFFFFFF67
:10397000FFFFFFFFFFFFFFFFFF060C183060C0FFD7
:10398000C3663C1818181818C3663C18183C66C360
:10399000C3C3C3C3DBFFE7C3C3C3C36666663C3CA4
:1039A000C3C3C3C3C3C3FF7EFF1818181818181861
:1039B0007FC0C07E030303FEFEC3C3FED8CCC6C3D4
:1039C0007EFFC3C3C3CEFA79FEC3C3FEC0C0C0C06E
:1039D0007EFFC3C3C3C3FF7EC3C3E3F3DBCFC7C351
:1039E000E7FFDBDBC3C3C3C3C0C0C0C0C0C0C0FFF0
:1039F000C6CCD8F0D8CCC6C3FF1818181818D87081
:103A0000FF181818181818FFC3C3C3FFC3C3C3C3D4
:103A10007EC3C0C0C6C3C37EFFC0C0FFC0C0C0C09D
:103A2000FFC0C0FFC0C0C0FFFCC6C3C3C3C3C6FC49
:103A30007EC3C0C0C0C0C37EFEC3C3FCC3C3C3FE3D
:103A40003C66C3C3FFC3C3C3000038380000383826
:103A50007EC3C37F060C18307EC3C37E7EC3C37E85
:103A6000FF03060C183060C03F60C0C0FEC3C37EB9
:103A7000FFC0C0FC06C3663C060E1E3666FF0C0C7B
:103A80007EC30C380CC3663C3C7EC303061860FF43
:103A90001878D818181818FF7EFFC3C3C3C3FF7E59
:103AA0000103060C183060C0DB0F49400001000024
:103AB000B84A002012000000000600000430006038
:103AC0000A000000000200006C2F0060620000008D
:103AD00000070000082F006062000000EE030000F5
:103AE000144B002012000000000004EEEC4A0020FD
:103AF000280000000003000000300060000000000B
:103B000001030904E82F006000000000020309041B
:103B1000D02F00600000000003030904D44A0020F5
:103B20000000000000000000000000000000000095
:103B300000000000003E5B4F5B3E3E6B4F6B3E1C47
:103B40003E7C3E1C183C7E3C181C577D571C1C5E5E
:103B50007F5E1C00183C1800FFE7C3E7FF00182435
:103B60001800FFE7DBE7FF30483A060E26297929DF
:103B700026407F050507407F05253F5A3CE73C5A14
:103B80007F3E1C1C08081C1C3E7F14227F22145FF1
:103B90005F005F5F06097F017F006689956A60604C
:103BA00060606094A2FFA29408047E040810207E46
:103BB000201008082A1C08081C2A08081E101010CB
:103BC000100C1E0C1E0C30383E3830060E3E0E0611
:103BD000000000000000005F000000070007001464
:103BE0007F147F14242A7F2A122313086462364923
:103BF0005620500008070300001C2241000041220B
:103C00001C002A1C7F1C2A08083E0808008070300F
:103C1000000808080808000060600020100804027E
:103C20003E5149453E00427F400072494949462184
:103C300041494D331814127F1027454545393C4AF8
:103C4000494931412111090736494949364649490F
:103C5000291E000014000000403400000008142257
:103C600041141414141400412214080201590906C5
:103C70003E415D594E7C1211127C7F494949363EC6
:103C8000414141227F4141413E7F494949417F09AC
:103C90000909013E414151737F0808087F00417FB7
:103CA00041002040413F017F081422417F404040B5
:103CB000407F021C027F7F0408107F3E4141413E4D
:103CC0007F090909063E4151215E7F0919294626CF
:103CD0004949493203017F01033F4040403F1F20D3
:103CE00040201F3F4038403F6314081463030478AA
:103CF00004036159494D43007F41414102040810CA
:103D000020004141417F0402010204404040404004
:103D1000000307080020545478407F284444383872
:103D200044444428384444287F38545454180008E4
:103D30007E090218A4A49C787F0804047800447DBE
:103D400040002040403D007F1028440000417F405B
:103D5000007C047804787C080404783844444438AF
:103D6000FC1824241818242418FC7C08040408488F
:103D70005454542404043F44243C4040207C1C20E0
:103D800040201C3C4030403C44281028444C90903B
:103D9000907C4464544C4400083641000000770095
:103DA00000004136080002010204023C2623263CA2
:103DB0001EA1A161123A4040207A3854545559212D
:103DC0005555794122545478422155547840205415
:103DD0005579400C1E527212395555555939545463
:103DE000545939555454580000457C410002457DD2
:103DF000420001457C407D1211127DF0282528F0FB
:103E00007C545545002054547C547C0A097F493227
:103E1000494949323A4444443A324A4848303A419E
:103E200041217A3A42402078009DA0A07D3D424247
:103E3000423D3D4040403D3C24FF2424487E4943D0
:103E4000662B2FFC2F2BFF0929F620C0887E090343
:103E500020545479410000447D413048484A32386A
:103E60004040227A007A0A0A727D0D19317D262996
:103E7000292F28262929292630484D40203808088E
:103E8000080808080808382F10C8ACBA2F102834C2
:103E9000FA00007B000008142A142222142A1408B5
:103EA0005500550055AA55AA55AAFF55FF55FF00C4
:103EB0000000FF00101010FF00141414FF00101079
:103EC000FF00FF1010F010F0141414FC001414F78D
:103ED00000FF0000FF00FF1414F404FC141417107A
:103EE0001F10101F101F1414141F00101010F000CA
:103EF0000000001F101010101F10101010F0100004
:103F00000000FF101010101010101010FF10000013
:103F100000FF140000FF00FF00001F10170000FC4E
:103F200004F414141710171414F404F40000FF0020
:103F3000F714141414141414F700F71414141714A9
:103F400010101F101F141414F4141010F010F000AF
:103F5000001F101F0000001F14000000FC140000D0
:103F6000F010F01010FF10FF141414FF14101010B4
:103F70001F00000000F010FFFFFFFFFFF0F0F0F067
:103F8000F0FFFFFF0000000000FFFF0F0F0F0F0FFB
:103F90003844443844FC4A4A4A347E020206060247
:103FA0007E027E0263554941633844443C04407EAE
:103FB000201E2006027E020299A5E7A5991C2A4927
:103FC0002A1C4C7201724C304A4D4D3030487848B2
:103FD00030BC625A463D3E494949007E0101017E9E
:103FE0002A2A2A2A2A44445F444440514A444040F1
:103FF000444A51400000FF0103E080FF0000080830
:104000006B6B083612362436060F090F06000018AF
:10401000180000001010003040FF0101001F0101D6
:104020001E00191D1712003C3C3C3C000000000023
:1040300000000000000000001D820100C52F0100EB
:10404000BD2F0100C12F010039400100F9360100E8
:104050009D3E0100053A0100493901005D3901002A
:10406000D93E0100F93601008D3D01004585010072
:104070007D440100C142010071390100653B01002E
:10408000153C0100B93C01000000000000000000E8
:10409000C1150000C9150000C9AF0000CD15000012
:1040A000D1AF000039150000D1150000D515000072
:1040B0000000000000000000C5AF0000C9AF000014
:1040C000CDAF0000D1AF000039150000D5AF000022
:1040D000D9AF000000000000000000008DB9000012
:1040E00065FA00000DC6000019BA000089B9000089
:1040F0000000000000000000D9DF0000D5F900003A
:10410000A5C500000000000000000000B5A60000EA
:10411000D1F9000099C5000097A0895B5A0F830D63
:10412000C95F6035C2E907E18C24671E458E0863CC
:1041300025F0150A17BE0694F778EA4B001AC53E1B
:104140005EFCDBCB75230B2039B12158ED95385738
:10415000AE147D88ABA844AF4AA547868B301BA61A
:104160004D929EE7536FE57A3CD385E6DC695C2986
:10417000372EF528F4668F3641193FA101D85049F2
:10418000D14C84BBD05912A9C8C4878274BC9F5635
:10419000A4646DC6ADBA034034D9E2FA7C7B05CA8B
:1041A0002693767EFF5255D4CFCE3BE32F103A11A3
:1041B000B6BD1C2ADFB7AAD577F898022C9AA34679
:1041C000DD99659BA72BAC09811627FD13626C6EE8
:1041D0004F71E0E8B2B97068DAF661E4FB22F2C12F
:1041E000EED2900CBFB3A2F1513391EBF90EEF6B0D
:1041F00031C0D61FB5C76A9DB854CCB07379322D83
:104200007F0496FE8AECCD5DDE72431D1848F38D67
:1042100080C34E42D73D9CB4000000000000000067
:10422000C1DF000069FA000019C6000029970000EC
:10423000A5B90000000000000000000089A50000F2
:10424000C9F9000081C50000000000000000000066
:10425000119D0000C5F9000075C5000000000000B8
:10426000000000007D9B0000000000000000000036
:10427000259C0000619C0000A59C00005597000053
:10428000E597000019980000E99C000075BE000049
:1042900089BC00000000000000000000DDAF00004D
:1042A0004047002044470020484700204C4700205A
:1042B0005047002054470020584700205C4700200A
:1042C0006047002064470020F0460020F8460020A8
:1042D0000047002008470020104700201847002012
:1042E0002047002028470020304700203847002082
:1042F000A4460020AC460020B4460020BC46002066
:10430000C4460020CC460020D4460020D8460020D9
:10431000E0460020E8460020544600205C4600208D
:10432000644600206C460020744600207C46002035
:10433000844600208C460020944600209C460020A5
:104340000000000000000000110E0000410E0000FF
:10435000F9000000650E0000410800004D08000053
:10436000290F0000E5040000350F00009D0F00003C
:10437000E90F000005100000211000003D100000B2
:10438000591000005111000049120000C91200002C
:1043900049130000B5480000D540000000000000AF
:1043A00000000000ED040000AD0500006D060000F7
:1043B0008D2E0000E92F0000B9060000190700004B
:1043C0000000000000000000BD02000079030000B2
:1043D00035040000D52B0000312D000081040000C1
:1043E000E1040000000000000000000095580000FB
:1043F0003D8F0000E1000000CD0000000000000043
:10440000000000004D1500005515000029150000A2
:104410005D15000035150000391500006515000018
:104420006D150000000000000000000021150000D4
:10443000291500002D150000351500003915000064
:104440003D1500004515000010000000110000009F
:104450001200000013000000000000000100000036
:10446000020000000300000004000000050000003E
:10447000060000000700000008000000090000001E
:104480000A0000000B0000000C0000000D000000FE
:104490000E0000000F0000001000000011000000DE
:1044A00012000000130000001400000015000000BE
:1044B000160000001700000018000000190000009E
:1044C0001A0000001B0000001C0000001D0000007E
:1044D0001E0000001F00000020000000210000005E
:1044E000220000002300000024000000250000003E
:1044F0002600000027000000280000001100000036
:10450000120000001300000014000000150000005D
:104510001D0000001E0000001F0000002000000021
:104520002100000022000000230000002400000001
:1045300025000000260000002700000028000000E1
:104540001000000011000000120000001300000025
:1045500014000000150000001D0000001E000000F7
:104560001F000000200000002100000022000000C9
:1045700023000000240000002500000026000000A9
:1045800027000000280000000000000016000000C6
:104590001700000018000000190000001A000000B9
:1045A0001B0000001C0000000100000002000000D1
:1045B00003000000040000000500000006000000E9
:1045C0000700000008000000090000000A000000C9
:1045D0000B0000000C0000000D0000000E000000A9
:1045E0000F000000290000002A0000002B0000003E
:1045F0002C0000002D0000002E0000002F00000005
:1046000030000000310000003200000033000000E4
:1046100034000000000000000000000099150000B8
:10462000A11500007D150000A915000085150000EA
:1046300039150000B1150000B91500000000000098
:1046400000000000751500007D15000081150000B8
:10465000851500003915000089150000911500002E
:104660005B5C5D5E5F607B7C7D7E000000008000A7
:1046700000000000000000004933010000000000BD
:10468000000000001D0700004D070000D1010000E0
:1046900071070000410800004D08000051080000AB
:1046A000B902000059080000C10800000D0900000F
:1046B000250900003D090000550900006D090000B2
:1046C000590A0000450B0000C10B00003D0C000022
:1046D00061460000C543000000000000000000002B
:1046E000C1DD0000CDF900008DC500000000000014
:1046F00000000000A1A50000DDA500001DA600002F
:1047000045980000CD98000061A600008DA600002D
:1047100085BF0000A1BA00000000000000000000FA
:10472000C9B900008925010069C500006CC00F40AF
:10473000C0000000504F0000014A01000C000000C2
:10474000130000000000000024851F400B00000043
:10475000130000000000000028851F400D0000002D
:10476000130000000000000020851F400A00000028
:1047700013000000010000001C851F406CC00F40AA
:1047800030000000100F00004D4B01000100000040
:10479000170000000000000014851F401A000000F0
:1047A000120000000100000018851F401B000000DF
:1047B000120000000100000010851F4000000000F2
:1047C00017000000010000000C851F407CC00F4056
:1047D0000C0000005A000000814801000000404029
:1047E0000203040521FFFFFFFFFFFFFFFFFF04059A
:1047F000060807FFFFFFFFFFFFFFFFFF141414145D
:1048000014FFFFFFFFFFFFFFFFFF000074C00F401A
:10481000030000005B00000001490100010141416B
:10482000060708090A0B0C0D20FFFFFFFFFF0A1106
:10483000100B000201030CFFFFFFFFFF1414141400
:104840001414141414FFFFFFFFFF000084C00F4076
:10485000003000009C00000081490100FFFFFFFFC5
:1048600007080E0F10111213141516171A1B11102A
:104870000203070601000A0B08090E0F191919197E
:10488000191919191919191919190000000000002E
:1048900000000000FD360100A15D0100BD2F0100F8
:1048A000C12F0100B5360100C1360100E13601001B
:1048B0000000000000000000ADB900003DFA00005B
:1048C000D5C50000F9F20000A9B900000000000001
:1048D00000000000BDE1000039FA0000C9C5000079
:1048E00000000000000000003DAB0000D1F9000016
:1048F000BDC5000097A0895B5A0F830DC95F603565
:10490000C2E907E18C24671E458E086325F0150A6D
:1049100017BE0694F778EA4B001AC53E5EFCDBCB67
:1049200075230B2039B12158ED953857AE147D8889
:10493000ABA844AF4AA547868B301BA64D929EE795
:10494000536FE57A3CD385E6DC695C29372EF52880
:10495000F4668F3641193FA101D85049D14C84BB30
:10496000D05912A9C8C4878274BC9F56A4646DC66E
:10497000ADBA034034D9E2FA7C7B05CA2693767E31
:10498000FF5255D4CFCE3BE32F103A11B6BD1C2AAF
:10499000DFB7AAD577F898022C9AA346DD99659BD4
:1049A000A72BAC09811627FD13626C6E4F71E0E8EE
:1049B000B2B97068DAF661E4FB22F2C1EED2900C73
:1049C000BFB3A2F1513391EBF90EEF6B31C0D61F9B
:1049D000B5C76A9DB854CCB07379322D7F0496FE6A
:1049E0008AECCD5DDE72431D1848F38D80C34E42C4
:1049F000D73D9CB40000000000000000BDE30000B3
:104A000035FA0000B1C50000000000000000000001
:104A100065B100000000000000000000A92A0100AC
:104A200000000000000000003D64010000000000E4
:104A3000000000004D260100000000000000000002
:104A4000CD2801000000000000000000AD2A010098
:104A50000000000000000000994C01000000000070
:104A600000000000C16D0100000000000000000017
:104A7000616901000000000000000000C16B01003E
:104A80000000000000000000E965010000000000D7
:104A90000000000085700100000000000000000020
:104AA0005D2A01000000000000000000E515000084
:104AB000B516000025160000751E000039460100DD
:104AC00061460100111F0000151F0000DB0F49BFE8
:104AD000E4CB1640E4CB16C000000080DB0F494059
:104AE000DB0F49C000000000000000802C2066752C
:104AF0006E6374696F6E3A20000000006173736525
:104B00007274696F6E2022257322206661696C655C
:104B1000643A2066696C6520222573222C206C691A
:104B20006E65202564257325730A0000A20000002D
:104B3000F9A2000083F9A2006E83F9A24E6E83F9F8
:104B4000444E6E8315444E6E2915444EFC2915447F
:104B500027FC29155727FC29D15727FCF5D15727C2
:104B600034F5D157DD34F5D1C0DD34F5DBC0DD34AB
:104B700062DBC0DD9562DBC0999562DB3C99956292
:104B8000433C999590433C994190433C42616C6C05
:104B90006F6320737563636565646564000000007E
:104BA0002F646174612F6A656E6B696E732F776F06
:104BB000726B73706163652F474E552D746F6F6C08
:104BC000636861696E2F61726D2D31312F7372636D
:104BD0002F6E65776C69622D63796777696E2F6ECA
:104BE00065776C69622F6C6962632F7374646C699A
:104BF000622F6D707265632E63000000002020201C
:104C0000202020202020282828282820202020207C
:104C1000202020202020202020202020208810104C
:104C200010101010101010101010101010040404A8
:104C30000404040404040410101010101010414166
:104C40004141414101010101010101010101010154
:104C50000101010101010101101010101010424268
:104C60004242424202020202020202020202020224
:104C700002020202020202021010101020000000C4
:104C80000000000000000000000000000000000024
:104C90000000000000000000000000000000000014
:104CA0000000000000000000000000000000000004
:104CB00000000000000000000000000000000000F4
:104CC00000000000000000000000000000000000E4
:104CD00000000000000000000000000000000000D4
:104CE00000000000000000000000000000000000C4
:104CF00000000000000000000000000000000000B4
:104D0000496E66696E697479000000004E614E005C
:104D10002F646174612F6A656E6B696E732F776F94
:104D2000726B73706163652F474E552D746F6F6C96
:104D3000636861696E2F61726D2D31312F737263FB
:104D40002F6E65776C69622D63796777696E2F6E58
:104D500065776C69622F6C6962632F7374646C6928
:104D6000622F64746F612E6300000000494E46009C
:104D7000696E66004E414E006E616E003031323316
:104D80003435363738396162636465660000000087
:104D90003031323334353637383941424344454671
:104DA00000000000286E756C6C29000030000000C7
:104DB0003863ED3EDA0F493F5E987B3FDA0FC93F1B
:104DC0006937AC3168212233B40F14336821A23320
:104DD00020202020202020202020202020202020D3
:104DE00020202020202020202020202020202020C3
:104DF00005000000190000007D0000004572726F80
:104E0000723A20696E636F727265637420466C65D6
:104E100078494F2070696E20636F6E66696775729E
:104E20006174696F6E210000466C6578494F53507C
:104E300049202D204D6F73692070696E20646F6565
:104E400073206E6F74206D617020746F20666C65C6
:104E50007820636F6E74726F6C6C65720A0000006C
:104E6000466C6578494F535049202D206E6F742051
:104E7000616C6C2070696E73206D61707065642068
:104E8000746F2073616D6520466C657820636F6E6A
:104E900074726F6C6C65720A00000000466C657875
:104EA000494F535049202D206E6F7420616C6C2047
:104EB00070696E7328435329206D6170706564209A
:104EC000746F2073616D6520466C657820636F6E2A
:104ED00074726F6C6C65720A00000000466C657835
:104EE000494F535049202D204661696C65642074F8
:104EF0006F20616C6C6F636174652074696D65729D
:104F000073206F72207368696674657273000000A5
:104F10002020204F4E206F666620202000000000D9
:104F20002020206F6E204F464620202000000000E9
:104F300020202020202020202020202000000000F1
:104F40000A5374617274696E672E2E2E0000000081
:104F50004650533A200000006F7666002C20416EC8
:104F6000696D6174656420696E200000732C2052A5
:104F7000656E646572656420696E2000732C204440
:104F80006973706C6179656420696E2000000000AF
:104F90004F46464C494E45004F4E4C494E45000049
:104FA00044454641554C5400414E4752590000007B
:104FB000444F55425400000046524F574E000000E7
:104FC0004C4F4F4B5550000053414400415544490C
:104FD0004F310000415544494F320000415544498A
:104FE0004F33000030204445470000003336204452
:104FF0004547000037322044454700003130382013
:10500000444547003134342044454700313830208E
:10501000444547003231362044454700323532207E
:105020004445470032383820444547003332342065
:105030004445470047524449454E540059454C4C5D
:105040004F5700004F52414E4745000057484954C2
:1050500045000000475245454E0000005055525053
:105060004C45000052454400424C554500000000AC
:105070005241494E424F57004E4F495345000000A0
:105080004E4F4E4500000000504841534559000026
:105090005048415345580000504841534552000084
:1050A000474C4954434858004D41474E4554000031
:1050B0004649534845594500424C55524800000066
:1050C000424C555256000000424C555252000000CE
:1050D00031302500323025003330250034302500B2
:1050E0003530250036302500373025003830250092
:1050F00039302500313030250000000020202020EC
:1051000020202020202020202020204252494748D3
:1051100054202020205344452042524947485420DF
:10512000202020204D49432020202020204D49438D
:10513000204C4556454C202020202020424F4F50E7
:1051400020202020202020205350454320202020B4
:105150002020202053495A45202020202020204371
:105160004F4C4F52202020202020204855452046DB
:10517000202020202020204855452042202020208B
:105180002020204546464543542020202046414EBD
:10519000205350454544202000000000206120623B
:1051A000206320642065206620202031325E343563
:1051B0002020202020202031325E34352020202065
:1051C0002020204F4E206F66662020202020313284
:1051D000333435367C3820202020206F6E204F4617
:1051E000462020202020204F4E206F666620202061
:1051F00020202031325E3435202020202020313202
:10520000333435367C382020202031323334353663
:105210007C38202020203132333435367C38202031
:1052200020203132333435367C3820202020313272
:10523000333435367C382020000000002E0000007A
:105240004C435F434F4C4C41544500004C435F433B
:1052500054595045000000004C435F4D4F4E45549B
:10526000415259004C435F4E554D45524943000051
:105270004C435F54494D45004C435F4D45535341AA
:1052800047455300303030303030303030303030FF
:10529000303030303030303030303030303030300E
:1052A0003030303000000000000000008834022060
:1052B000F0340220583502200000000000000000F9
:1052C00000000000000000000000000000000000DE
:1052D00000000000000000000000000000000000CE
:1052E00000000000000000000000000000000000BE
:1052F00000000000000000000000000000000000AE
:10530000000000000000000000000000000000009D
:10531000000000000000000000000000000000008D
:10532000000000000000000000000000000000007D
:10533000000000000000000000000000000000006D
:1053400001000000000000000E33CDAB34126DE60A
:10535000ECDE05000B000000000000000000000073
:10536000000000000000000000000000000000003D
:10537000000000000000000000000000000000002D
:10538000000000000000000000000000000000001D
:10539000000000000000000000000000000000000D
:1053A00000000000000000000000000000000000FD
:1053B00000000000000000000000000000000000ED
:1053C00000000000000000000029DE07F0000101DD
:1053D0003C00F00001010000282100200000000036
:1053E000E803000000000000502100200000000041
:1053F00000000000000000000000000000000000AD
:10540000000000000000000000000000800000001C
:10541000FFFFFFFF3C000000000048420000F04298
:10542000401F00000000000080000000000000009D
:10543000800000000000803F0000803F0000803FAF
:105440000000C843007B9A1712010002EF020140DE
:10545000C01683047902010203010000E0672020E6
:10546000010000000C03000000000000000000002C
:105470000000000000000000000000002800000004
:105480000001040001000000000000000201574973
:105490004E555342000000000000000000000000D4
:1054A0000000000012034D0053004600540031007C
:1054B00030003000F80000004834022000000000F6
:1054C0004300000000000000000000000000000099
:1054D00000000000000000000000000000000000CC
:1054E0004300000000000000000000000000000079
:1054F00000000000000000000000000000000000AC
:105500004300000000000000000000000000000058
:10551000000000000000000000000000000000008B
:105520004300000000000000000000000000000038
:10553000000000000000000000000000000000006B
:105540004300000000000000000000000000000018
:10555000000000000000000000000000000000004B
:1055600043000000000000000000000000000000F8
:10557000000000000000000000000000000000002B
:1055800043000000000000000000000000000000D8
:10559000000000000000000000000000000000000B
:1055A00061850200C9B70200000000006C420020C3
:1055B000AC480020484500204845002048450020D0
:1055C0004845002048450020484500204845002027
:1055D0004845002048450020FFFFFFFFFFFFFFFF79
:1055E000FFFFFFFFFFFF0000010041534349490057
:1055F00000000000000000000000000000000000AB
:105600000000000000000000000041534349490031
:10561000000000000000000000000000000000008A
:10562000000000000000000000000000000000007A
:10563000000000009C4C00209C4C0020A44C00204A
:10564000A44C0020AC4C0020AC4C0020B44C0020FA
:10565000B44C0020BC4C0020BC4C0020C44C0020AA
:10566000C44C0020CC4C0020CC4C0020D44C00205A
:10567000D44C0020DC4C0020DC4C0020E44C00200A
:10568000E44C0020EC4C0020EC4C0020F44C0020BA
:10569000F44C0020FC4C0020FC4C0020044D002069
:1056A000044D00200C4D00200C4D0020144D002016
:1056B000144D00201C4D00201C4D0020244D0020C6
:1056C000244D00202C4D00202C4D0020344D002076
:1056D000344D00203C4D00203C4D0020444D002026
:1056E000444D00204C4D00204C4D0020544D0020D6
:1056F000544D00205C4D00205C4D0020644D002086
:10570000644D00206C4D00206C4D0020744D002035
:10571000744D00207C4D00207C4D0020844D0020E5
:10572000844D00208C4D00208C4D0020944D002095
:10573000944D00209C4D00209C4D0020A44D002045
:10574000A44D0020AC4D0020AC4D0020B44D0020F5
:10575000B44D0020BC4D0020BC4D0020C44D0020A5
:10576000C44D0020CC4D0020CC4D0020D44D002055
:10577000D44D0020DC4D0020DC4D0020E44D002005
:10578000E44D0020EC4D0020EC4D0020F44D0020B5
:10579000F44D0020FC4D0020FC4D0020044E002064
:1057A000044E00200C4E00200C4E0020144E002011
:1057B000144E00201C4E00201C4E0020244E0020C1
:1057C000244E00202C4E00202C4E0020344E002071
:1057D000344E00203C4E00203C4E0020444E002021
:1057E000444E00204C4E00204C4E0020544E0020D1
:1057F000544E00205C4E00205C4E0020644E002081
:10580000644E00206C4E00206C4E0020744E002030
:10581000744E00207C4E00207C4E0020844E0020E0
:10582000844E00208C4E00208C4E0020944E002090
:10583000944E00209C4E00209C4E0020A44E002040
:10584000A44E0020AC4E0020AC4E0020B44E0020F0
:10585000B44E0020BC4E0020BC4E0020C44E0020A0
:10586000C44E0020CC4E0020CC4E0020D44E002050
:10587000D44E0020DC4E0020DC4E0020E44E002000
:10588000E44E0020EC4E0020EC4E0020F44E0020B0
:10589000F44E0020FC4E0020FC4E0020044F00205F
:1058A000044F00200C4F00200C4F0020144F00200C
:1058B000144F00201C4F00201C4F0020244F0020BC
:1058C000244F00202C4F00202C4F0020344F00206C
:1058D000344F00203C4F00203C4F0020444F00201C
:1058E000444F00204C4F00204C4F0020544F0020CC
:1058F000544F00205C4F00205C4F0020644F00207C
:10590000644F00206C4F00206C4F0020744F00202B
:10591000744F00207C4F00207C4F0020844F0020DB
:10592000844F00208C4F00208C4F0020944F00208B
:10593000944F00209C4F00209C4F0020A44F00203B
:10594000A44F0020AC4F0020AC4F0020B44F0020EB
:10595000B44F0020BC4F0020BC4F0020C44F00209B
:10596000C44F0020CC4F0020CC4F0020D44F00204B
:10597000D44F0020DC4F0020DC4F0020E44F0020FB
:10598000E44F0020EC4F0020EC4F0020F44F0020AB
:10599000F44F0020FC4F0020FC4F0020045000205A
:1059A000045000200C5000200C5000201450002007
:1059B000145000201C5000201C50002024500020B7
:1059C000245000202C5000202C5000203450002067
:1059D000345000203C5000203C5000204450002017
:1059E000445000204C5000204C50002054500020C7
:1059F000545000205C5000205C5000206450002077
:105A0000645000206C5000206C5000207450002026
:105A1000745000207C5000207C50002084500020D6
:105A2000845000208C5000208C5000209450002086
:105A300094500020FFFFFFFF000002000000000064
:105A400003000000883402201849002000000000F4
:105A50000000000000000000000000000000000046
:105A60000000000000000000000000000000000036
:105A70000000000000000000000000000000000026
:105A80000000000000000000000000000000000016
:105A90000000000000000000000000000000000006
:105AA00000000000000000000000000000000000F6
:105AB00000000000000000000000000000000000E6
:105AC00000000000000000000000000000000000D6
:105AD00000000000000000000000000000000000C6
:105AE00000000000000000000000000000000000B6
:105AF00000000000000000000000000000000000A6
:105B00000000000000000000000000000000000095
:105B10000000000000000000000000000000000085
:105B20000000000000000000000000000000000075
:105B30000000000000000000000000000000000065
:105B40000000000000000000000000000000000055
:105B50000000000000000000000000000000000045
:105B60000000000000000000000000000000000035
:105B70000000000000000000000000000000000025
:105B80000000000000000000000000000000000015
:105B90000000000000000000000000000000000005
:105BA00000000000000000000000000000000000F5
:105BB00000000000000000000000000000000000E5
:105BC00000000000000000000000000000000000D5
:105BD00000000000000000000000000000000000C5
:105BE00000000000000000000000000000000000B5
:105BF00000000000000000000000000000000000A5
:105C00000000000000000000000000000000000094
:105C10000000000000000000000000000000000084
:105C20000000000000000000000000000000000074
:105C30000000000000000000000000000000000064
:105C40000000000000000000000000000000000054
:105C50000000000000000000000000000000000044
:105C60000000000000000000000000000000000034
:105C70000000000000000000000000000000000024
:105C80000000000000000000000000000000000014
:105C90000000000000000000000000000000000004
:105CA00000000000000000000000000000000000F4
:105CB00000000000000000000000000000000000E4
:105CC00000000000000000000000000000000000D4
:105CD00000000000000000000000000000000000C4
:105CE00000000000000000000000000000000000B4
:105CF00000000000000000000000000000000000A4
:105D00000000000000000000000000000000000093
:105D10000000000000000000000000000000000083
:105D20000000000000000000000000000000000073
:105D30000000000000000000000000000000000063
:105D40000000000000000000000000000000000053
:105D50000000000000000000000000000000000043
:105D60000000000000000000000000000000000033
:105D70000000000000000000000000000000000023
:105D80000000000000000000000000000000000013
:105D90000000000000000000000000000000000003
:105DA00000000000000000000000000000000000F3
:105DB00000000000000000000000000000000000E3
:105DC00000000000000000000000000000000000D3
:105DD00000000000000000000000000000000000C3
:105DE00000000000000000000000000000000000B3
:105DF00000000000000000000000000000000000A3
:105E00000000000000000000000000000000000092
:105E10000000000000000000000000000000000082
:105E20000000000000000000000000000000000072
:105E30000000000000000000000000000000000062
:105E40000000000000000000000000000000000052
:105E50000000000000000000000000000000000042
:105E60000000000000000000000000000000000032
:105E70000000000000000000000000000000000022
:105E80000000000000000000000000000000000012
:105E90000000000000000000000000000000000002
:105EA00000000000000000000000000000000000F2
:105EB00000000000000000000000000000000000E2
:105EC00000000000000000000000000000000000D2
:105ED00000000000000000000000000000000000C2
:105EE00000000000000000000000000000000000B2
:105EF00000000000000000000000000000000000A2
:105F00000000000000000000000000000000000091
:105F10000000000000000000000000000000000081
:105F20000000000000000000000000000000000071
:105F30000000000000000000000000000000000061
:105F40000000000000000000000000000000000051
:105F50000000000000000000000000000000000041
:105F60000000000000000000000000000000000031
:105F70000000000000000000000000000000000021
:105F80000000000000000000000000000000000011
:105F90000000000000000000000000000000000001
:105FA00000000000000000000000000000000000F1
:105FB00000000000000000000000000000000000E1
:105FC00000000000000000000000000000000000D1
:105FD00000000000000000000000000000000000C1
:105FE00000000000000000000000000000000000B1
:105FF00000000000000000000000000000000000A1
:106000000000000000000000000000000000000090
:106010000000000000000000000000000000000080
:106020000000000000000000000000000000000070
:106030000000000000000000000000000000000060
:106040000000000000000000000000000000000050
:10605000FFFFFFFFFFFFFFFFFFFFFFFFFFFFFFFF50
:10606000FFFFFFFFFFFFFFFFFFFFFFFFFFFFFFFF40
:10607000FFFFFFFFFFFFFFFFFFFFFFFFFFFFFFFF30
:10608000FFFFFFFFFFFFFFFFFFFFFFFFFFFFFFFF20
:10609000FFFFFFFFFFFFFFFFFFFFFFFFFFFFFFFF10
:1060A000FFFFFFFFFFFFFFFFFFFFFFFFFFFFFFFF00
:1060B000FFFFFFFFFFFFFFFFFFFFFFFFFFFFFFFFF0
:1060C000FFFFFFFFFFFFFFFFFFFFFFFFFFFFFFFFE0
:1060D000FFFFFFFFFFFFFFFFFFFFFFFFFFFFFFFFD0
:1060E000FFFFFFFFFFFFFFFFFFFFFFFFFFFFFFFFC0
:1060F000FFFFFFFFFFFFFFFFFFFFFFFFFFFFFFFFB0
:10610000FFFFFFFFFFFFFFFFFFFFFFFFFFFFFFFF9F
:10611000FFFFFFFFFFFFFFFFFFFFFFFFFFFFFFFF8F
:10612000FFFFFFFFFFFFFFFFFFFFFFFFFFFFFFFF7F
:10613000FFFFFFFFFFFFFFFFFFFFFFFFFFFFFFFF6F
:10614000FFFFFFFFFFFFFFFFFFFFFFFFFFFFFFFF5F
:10615000FFFFFFFFFFFFFFFFFFFFFFFFFFFFFFFF4F
:10616000FFFFFFFFFFFFFFFFFFFFFFFFFFFFFFFF3F
:10617000FFFFFFFFFFFFFFFFFFFFFFFFFFFFFFFF2F
:10618000FFFFFFFFFFFFFFFFFFFFFFFFFFFFFFFF1F
:10619000FFFFFFFFFFFFFFFFFFFFFFFFFFFFFFFF0F
:1061A000FFFFFFFFFFFFFFFFFFFFFFFFFFFFFFFFFF
:1061B000FFFFFFFFFFFFFFFFFFFFFFFFFFFFFFFFEF
:1061C000FFFFFFFFFFFFFFFFFFFFFFFFFFFFFFFFDF
:1061D000FFFFFFFFFFFFFFFFFFFFFFFFFFFFFFFFCF
:1061E000FFFFFFFFFFFFFFFFFFFFFFFFFFFFFFFFBF
:1061F000FFFFFFFFFFFFFFFFFFFFFFFFFFFFFFFFAF
:10620000FFFFFFFFFFFFFFFFFFFFFFFFFFFFFFFF9E
:10621000FFFFFFFFFFFFFFFFFFFFFFFFFFFFFFFF8E
:10622000FFFFFFFFFFFFFFFFFFFFFFFFFFFFFFFF7E
:10623000FFFFFFFFFFFFFFFFFFFFFFFFFFFFFFFF6E
:10624000FFFFFFFFFFFFFFFFFFFFFFFFFFFFFFFF5E
:10625000FFFFFFFFFFFFFFFFFFFFFFFFFFFFFFFF4E
:10626000FFFFFFFFFFFFFFFFFFFFFFFFFFFFFFFF3E
:10627000FFFFFFFFFFFFFFFFFFFFFFFFFFFFFFFF2E
:10628000FFFFFFFFFFFFFFFFFFFFFFFFFFFFFFFF1E
:10629000FFFFFFFFFFFFFFFFFFFFFFFFFFFFFFFF0E
:1062A000FFFFFFFFFFFFFFFFFFFFFFFFFFFFFFFFFE
:1062B000FFFFFFFFFFFFFFFFFFFFFFFFFFFFFFFFEE
:1062C000FFFFFFFFFFFFFFFFFFFFFFFFFFFFFFFFDE
:1062D000FFFFFFFFFFFFFFFFFFFFFFFFFFFFFFFFCE
:1062E000FFFFFFFFFFFFFFFFFFFFFFFFFFFFFFFFBE
:1062F000FFFFFFFFFFFFFFFFFFFFFFFFFFFFFFFFAE
:10630000FFFFFFFFFFFFFFFFFFFFFFFFFFFFFFFF9D
:10631000FFFFFFFFFFFFFFFFFFFFFFFFFFFFFFFF8D
:10632000FFFFFFFFFFFFFFFFFFFFFFFFFFFFFFFF7D
:10633000FFFFFFFFFFFFFFFFFFFFFFFFFFFFFFFF6D
:10634000FFFFFFFFFFFFFFFFFFFFFFFFFFFFFFFF5D
:10635000FFFFFFFFFFFFFFFFFFFFFFFFFFFFFFFF4D
:10636000FFFFFFFFFFFFFFFFFFFFFFFFFFFFFFFF3D
:10637000FFFFFFFFFFFFFFFFFFFFFFFFFFFFFFFF2D
:10638000FFFFFFFFFFFFFFFFFFFFFFFFFFFFFFFF1D
:10639000FFFFFFFFFFFFFFFFFFFFFFFFFFFFFFFF0D
:1063A000FFFFFFFFFFFFFFFFFFFFFFFFFFFFFFFFFD
:1063B000FFFFFFFFFFFFFFFFFFFFFFFFFFFFFFFFED
:1063C000FFFFFFFFFFFFFFFFFFFFFFFFFFFFFFFFDD
:1063D000FFFFFFFFFFFFFFFFFFFFFFFFFFFFFFFFCD
:1063E000FFFFFFFFFFFFFFFFFFFFFFFFFFFFFFFFBD
:1063F000FFFFFFFFFFFFFFFFFFFFFFFFFFFFFFFFAD
:10640000000000000000000000000000000000008C
:10641000000000000000000000000000000000007C
:10642000000000000000000000000000000000006C
:10643000000000000000000000000000000000005C
:10644000000000000000000000000000000000004C
:10645000000000000000000000000000000000003C
:10646000000000000000000000000000000000002C
:10647000000000000000000000000000000000001C
:10648000000000000000000000000000000000000C
:1064900000000000000000000000000000000000FC
:1064A00000000000000000000000000000000000EC
:1064B00000000000000000000000000000000000DC
:1064C00000000000000000000000000000000000CC
:1064D00000000000000000000000000000000000BC
:1064E00000000000000000000000000000000000AC
:1064F000000000000000000000000000000000009C
:10650000000000000000000000000000000000008B
:10651000000000000000000000000000000000007B
:10652000000000000000000000000000000000006B
:10653000000000000000000000000000000000005B
:10654000000000000000000000000000000000004B
:10655000000000000000000000000000000000003B
:10656000000000000000000000000000000000002B
:10657000000000000000000000000000000000001B
:10658000000000000000000000000000000000000B
:1065900000000000000000000000000000000000FB
:1065A00000000000000000000000000000000000EB
:1065B00000000000000000000000000000000000DB
:1065C00000000000000000000000000000000000CB
:1065D00000000000000000000000000000000000BB
:1065E00000000000000000000000000000000000AB
:1065F000000000000000000000000000000000009B
:10660000000000000000000000000000000000008A
:10661000000000000000000000000000000000007A
:10662000000000000000000000000000000000006A
:10663000000000000000000000000000000000005A
:10664000000000000000000000000000000000004A
:10665000000000000000000000000000000000003A
:10666000000000000000000000000000000000002A
:10667000000000000000000000000000000000001A
:10668000000000000000000000000000000000000A
:1066900000000000000000000000000000000000FA
:1066A00000000000000000000000000000000000EA
:1066B00000000000000000000000000000000000DA
:1066C00000000000000000000000000000000000CA
:1066D00000000000000000000000000000000000BA
:1066E00000000000000000000000000000000000AA
:1066F000000000000000000000000000000000009A
:106700000000000000000000000000000000000089
:106710000000000000000000000000000000000079
:106720000000000000000000000000000000000069
:106730000000000000000000000000000000000059
:106740000000000000000000000000000000000049
:106750000000000000000000000000000000000039
:106760000000000000000000000000000000000029
:106770000000000000000000000000000000000019
:106780000000000000000000000000000000000009
:1067900000000000000000000000000000000000F9
:1067A00000000000000000000000000000000000E9
:1067B00000000000000000000000000000000000D9
:1067C00000000000000000000000000000000000C9
:1067D00000000000000000000000000000000000B9
:1067E00000000000000000000000000000000000A9
:1067F0000000000000000000000000000000000099
:106800000000000000000000000000000000000088
:106810000000000000000000000000000000000078
:106820000000000000000000000000000000000068
:106830000000000000000000000000000000000058
:106840000000000000000000000000000000000048
:106850000000000000000000000000000000000038
:106860000000000000000000000000000000000028
:106870000000000000000000000000000000000018
:106880000000000000000000000000000000000008
:1068900000000000000000000000000000000000F8
:1068A00000000000000000000000000000000000E8
:1068B00000000000000000000000000000000000D8
:1068C00000000000000000000000000000000000C8
:1068D00000000000000000000000000000000000B8
:1068E00000000000000000000000000000000000A8
:1068F0000000000000000000000000000000000098
:106900000000000000000000000000000000000087
:106910000000000000000000000000000000000077
:106920000000000000000000000000000000000067
:106930000000000000000000000000000000000057
:106940000000000000000000000000000000000047
:106950000000000000000000000000000000000037
:106960000000000000000000000000000000000027
:106970000000000000000000000000000000000017
:106980000000000000000000000000000000000007
:1069900000000000000000000000000000000000F7
:1069A00000000000000000000000000000000000E7
:1069B00000000000000000000000000000000000D7
:1069C00000000000000000000000000000000000C7
:1069D00000000000000000000000000000000000B7
:1069E00000000000000000000000000000000000A7
:1069F0000000000000000000000000000000000097
:106A00000000000000000000000000000000000086
:106A10000000000000000000000000000000000076
:106A20000000000000000000000000000000000066
:106A30000000000000000000000000000000000056
:106A40000000000000000000000000000000000046
:106A50000000000000000000000000000000000036
:106A60000000000000000000000000000000000026
:106A70000000000000000000000000000000000016
:106A80000000000000000000000000000000000006
:106A900000000000000000000000000000000000F6
:106AA00000000000000000000000000000000000E6
:106AB00000000000000000000000000000000000D6
:106AC00000000000000000000000000000000000C6
:106AD00000000000000000000000000000000000B6
:106AE00000000000000000000000000000000000A6
:106AF0000000000000000000000000000000000096
:106B00000000000000000000000000000000000085
:106B10000000000000000000000000000000000075
:106B20000000000000000000000000000000000065
:106B30000000000000000000000000000000000055
:106B40000000000000000000000000000000000045
:106B50000000000000000000000000000000000035
:106B60000000000000000000000000000000000025
:106B70000000000000000000000000000000000015
:106B80000000000000000000000000000000000005
:106B900000000000000000000000000000000000F5
:106BA00000000000000000000000000000000000E5
:106BB00000000000000000000000000000000000D5
:106BC00000000000000000000000000000000000C5
:106BD00000000000000000000000000000000000B5
:106BE00000000000000000000000000000000000A5
:106BF0000000000000000000000000000000000095
:106C00000000000000000000000000000000000084
:106C10000000000000000000000000000000000074
:106C20000000000000000000000000000000000064
:106C30000000000000000000000000000000000054
:106C40000000000000000000000000000000000044
:106C50000000000000000000000000000000000034
:106C60000000000000000000000000000000000024
:106C70000000000000000000000000000000000014
:106C80000000000000000000000000000000000004
:106C900000000000000000000000000000000000F4
:106CA00000000000000000000000000000000000E4
:106CB00000000000000000000000000000000000D4
:106CC00000000000000000000000000000000000C4
:106CD00000000000000000000000000000000000B4
:106CE00000000000000000000000000000000000A4
:106CF0000000000000000000000000000000000094
:106D00000000000000000000000000000000000083
:106D10000000000000000000000000000000000073
:106D20000000000000000000000000000000000063
:106D30000000000000000000000000000000000053
:106D40000000000000000000000000000000000043
:106D50000000000000000000000000000000000033
:106D60000000000000000000000000000000000023
:106D70000000000000000000000000000000000013
:106D80000000000000000000000000000000000003
:106D900000000000000000000000000000000000F3
:106DA00000000000000000000000000000000000E3
:106DB00000000000000000000000000000000000D3
:106DC00000000000000000000000000000000000C3
:106DD00000000000000000000000000000000000B3
:106DE00000000000000000000000000000000000A3
:106DF0000000000000000000000000000000000093
:106E00000000000000000000000000000000000082
:106E10000000000000000000000000000000000072
:106E20000000000000000000000000000000000062
:106E30000000000000000000000000000000000052
:106E40000000000000000000000000000000000042
:106E50000000000000000000000000000000000032
:106E60000000000000000000000000000000000022
:106E70000000000000000000000000000000000012
:106E80000000000000000000000000000000000002
:106E900000000000000000000000000000000000F2
:106EA00000000000000000000000000000000000E2
:106EB00000000000000000000000000000000000D2
:106EC00000000000000000000000000000000000C2
:106ED00000000000000000000000000000000000B2
:106EE00000000000000000000000000000000000A2
:106EF0000000000000000000000000000000000092
:106F00000000000000000000000000000000000081
:106F10000000000000000000000000000000000071
:106F20000000000000000000000000000000000061
:106F30000000000000000000000000000000000051
:106F40000000000000000000000000000000000041
:106F50000000000000000000000000000000000031
:106F60000000000000000000000000000000000021
:106F70000000000000000000000000000000000011
:106F80000000000000000000000000000000000001
:106F900000000000000000000000000000000000F1
:106FA00000000000000000000000000000000000E1
:106FB00000000000000000000000000000000000D1
:106FC00000000000000000000000000000000000C1
:106FD00000000000000000000000000000000000B1
:106FE00000000000000000000000000000000000A1
:106FF0000000000000000000000000000000000091
:040000056000100087
:00000001FF
