:0200000460009A
:100000004643464200000156000000000103030081
:1000100000000000000000000000000000000000E0
:1000200000000000000000000000000000000000D0
:1000300000000000000000000000000000000000C0
:1000400000000000010408000000000000000000A3
:100050000000200000000000000000000000000080
:100060000000000000000000000000000000000090
:100070000000000000000000000000000000000080
:10008000EB04180A063204260000000000000000FD
:10009000050404240000000000000000000000002F
:1000A0000000000000000000000000000000000050
:1000B0000604000000000000000000000000000036
:1000C0000000000000000000000000000000000030
:1000D00020041808000000000000000000000000DC
:1000E0000000000000000000000000000000000010
:1000F0000000000000000000000000000000000000
:10010000D8041808000000000000000000000000F3
:100110000204180804200000000000000000000095
:1001200000000000000000000000000000000000CF
:10013000600400000000000000000000000000005B
:1001400000000000000000000000000000000000AF
:10015000000000000000000000000000000000009F
:10016000000000000000000000000000000000008F
:10017000000000000000000000000000000000007F
:10018000000000000000000000000000000000006F
:10019000000000000000000000000000000000005F
:1001A000000000000000000000000000000000004F
:1001B000000000000000000000000000000000003F
:1001C000000100000010000001000000000000001D
:1001D000000001000000000000000000000000001E
:1001E000000000000000000000000000000000000F
:1001F00000000000000000000000000000000000FF
:10020000FFFFFFFFFFFFFFFFFFFFFFFFFFFFFFFFFE
:10021000FFFFFFFFFFFFFFFFFFFFFFFFFFFFFFFFEE
:10022000FFFFFFFFFFFFFFFFFFFFFFFFFFFFFFFFDE
:10023000FFFFFFFFFFFFFFFFFFFFFFFFFFFFFFFFCE
:10024000FFFFFFFFFFFFFFFFFFFFFFFFFFFFFFFFBE
:10025000FFFFFFFFFFFFFFFFFFFFFFFFFFFFFFFFAE
:10026000FFFFFFFFFFFFFFFFFFFFFFFFFFFFFFFF9E
:10027000FFFFFFFFFFFFFFFFFFFFFFFFFFFFFFFF8E
:10028000FFFFFFFFFFFFFFFFFFFFFFFFFFFFFFFF7E
:10029000FFFFFFFFFFFFFFFFFFFFFFFFFFFFFFFF6E
:1002A000FFFFFFFFFFFFFFFFFFFFFFFFFFFFFFFF5E
:1002B000FFFFFFFFFFFFFFFFFFFFFFFFFFFFFFFF4E
:1002C000FFFFFFFFFFFFFFFFFFFFFFFFFFFFFFFF3E
:1002D000FFFFFFFFFFFFFFFFFFFFFFFFFFFFFFFF2E
:1002E000FFFFFFFFFFFFFFFFFFFFFFFFFFFFFFFF1E
:1002F000FFFFFFFFFFFFFFFFFFFFFFFFFFFFFFFF0E
:10030000FFFFFFFFFFFFFFFFFFFFFFFFFFFFFFFFFD
:10031000FFFFFFFFFFFFFFFFFFFFFFFFFFFFFFFFED
:10032000FFFFFFFFFFFFFFFFFFFFFFFFFFFFFFFFDD
:10033000FFFFFFFFFFFFFFFFFFFFFFFFFFFFFFFFCD
:10034000FFFFFFFFFFFFFFFFFFFFFFFFFFFFFFFFBD
:10035000FFFFFFFFFFFFFFFFFFFFFFFFFFFFFFFFAD
:10036000FFFFFFFFFFFFFFFFFFFFFFFFFFFFFFFF9D
:10037000FFFFFFFFFFFFFFFFFFFFFFFFFFFFFFFF8D
:10038000FFFFFFFFFFFFFFFFFFFFFFFFFFFFFFFF7D
:10039000FFFFFFFFFFFFFFFFFFFFFFFFFFFFFFFF6D
:1003A000FFFFFFFFFFFFFFFFFFFFFFFFFFFFFFFF5D
:1003B000FFFFFFFFFFFFFFFFFFFFFFFFFFFFFFFF4D
:1003C000FFFFFFFFFFFFFFFFFFFFFFFFFFFFFFFF3D
:1003D000FFFFFFFFFFFFFFFFFFFFFFFFFFFFFFFF2D
:1003E000FFFFFFFFFFFFFFFFFFFFFFFFFFFFFFFF1D
:1003F000FFFFFFFFFFFFFFFFFFFFFFFFFFFFFFFF0D
:10040000FFFFFFFFFFFFFFFFFFFFFFFFFFFFFFFFFC
:10041000FFFFFFFFFFFFFFFFFFFFFFFFFFFFFFFFEC
:10042000FFFFFFFFFFFFFFFFFFFFFFFFFFFFFFFFDC
:10043000FFFFFFFFFFFFFFFFFFFFFFFFFFFFFFFFCC
:10044000FFFFFFFFFFFFFFFFFFFFFFFFFFFFFFFFBC
:10045000FFFFFFFFFFFFFFFFFFFFFFFFFFFFFFFFAC
:10046000FFFFFFFFFFFFFFFFFFFFFFFFFFFFFFFF9C
:10047000FFFFFFFFFFFFFFFFFFFFFFFFFFFFFFFF8C
:10048000FFFFFFFFFFFFFFFFFFFFFFFFFFFFFFFF7C
:10049000FFFFFFFFFFFFFFFFFFFFFFFFFFFFFFFF6C
:1004A000FFFFFFFFFFFFFFFFFFFFFFFFFFFFFFFF5C
:1004B000FFFFFFFFFFFFFFFFFFFFFFFFFFFFFFFF4C
:1004C000FFFFFFFFFFFFFFFFFFFFFFFFFFFFFFFF3C
:1004D000FFFFFFFFFFFFFFFFFFFFFFFFFFFFFFFF2C
:1004E000FFFFFFFFFFFFFFFFFFFFFFFFFFFFFFFF1C
:1004F000FFFFFFFFFFFFFFFFFFFFFFFFFFFFFFFF0C
:10050000FFFFFFFFFFFFFFFFFFFFFFFFFFFFFFFFFB
:10051000FFFFFFFFFFFFFFFFFFFFFFFFFFFFFFFFEB
:10052000FFFFFFFFFFFFFFFFFFFFFFFFFFFFFFFFDB
:10053000FFFFFFFFFFFFFFFFFFFFFFFFFFFFFFFFCB
:10054000FFFFFFFFFFFFFFFFFFFFFFFFFFFFFFFFBB
:10055000FFFFFFFFFFFFFFFFFFFFFFFFFFFFFFFFAB
:10056000FFFFFFFFFFFFFFFFFFFFFFFFFFFFFFFF9B
:10057000FFFFFFFFFFFFFFFFFFFFFFFFFFFFFFFF8B
:10058000FFFFFFFFFFFFFFFFFFFFFFFFFFFFFFFF7B
:10059000FFFFFFFFFFFFFFFFFFFFFFFFFFFFFFFF6B
:1005A000FFFFFFFFFFFFFFFFFFFFFFFFFFFFFFFF5B
:1005B000FFFFFFFFFFFFFFFFFFFFFFFFFFFFFFFF4B
:1005C000FFFFFFFFFFFFFFFFFFFFFFFFFFFFFFFF3B
:1005D000FFFFFFFFFFFFFFFFFFFFFFFFFFFFFFFF2B
:1005E000FFFFFFFFFFFFFFFFFFFFFFFFFFFFFFFF1B
:1005F000FFFFFFFFFFFFFFFFFFFFFFFFFFFFFFFF0B
:10060000FFFFFFFFFFFFFFFFFFFFFFFFFFFFFFFFFA
:10061000FFFFFFFFFFFFFFFFFFFFFFFFFFFFFFFFEA
:10062000FFFFFFFFFFFFFFFFFFFFFFFFFFFFFFFFDA
:10063000FFFFFFFFFFFFFFFFFFFFFFFFFFFFFFFFCA
:10064000FFFFFFFFFFFFFFFFFFFFFFFFFFFFFFFFBA
:10065000FFFFFFFFFFFFFFFFFFFFFFFFFFFFFFFFAA
:10066000FFFFFFFFFFFFFFFFFFFFFFFFFFFFFFFF9A
:10067000FFFFFFFFFFFFFFFFFFFFFFFFFFFFFFFF8A
:10068000FFFFFFFFFFFFFFFFFFFFFFFFFFFFFFFF7A
:10069000FFFFFFFFFFFFFFFFFFFFFFFFFFFFFFFF6A
:1006A000FFFFFFFFFFFFFFFFFFFFFFFFFFFFFFFF5A
:1006B000FFFFFFFFFFFFFFFFFFFFFFFFFFFFFFFF4A
:1006C000FFFFFFFFFFFFFFFFFFFFFFFFFFFFFFFF3A
:1006D000FFFFFFFFFFFFFFFFFFFFFFFFFFFFFFFF2A
:1006E000FFFFFFFFFFFFFFFFFFFFFFFFFFFFFFFF1A
:1006F000FFFFFFFFFFFFFFFFFFFFFFFFFFFFFFFF0A
:10070000FFFFFFFFFFFFFFFFFFFFFFFFFFFFFFFFF9
:10071000FFFFFFFFFFFFFFFFFFFFFFFFFFFFFFFFE9
:10072000FFFFFFFFFFFFFFFFFFFFFFFFFFFFFFFFD9
:10073000FFFFFFFFFFFFFFFFFFFFFFFFFFFFFFFFC9
:10074000FFFFFFFFFFFFFFFFFFFFFFFFFFFFFFFFB9
:10075000FFFFFFFFFFFFFFFFFFFFFFFFFFFFFFFFA9
:10076000FFFFFFFFFFFFFFFFFFFFFFFFFFFFFFFF99
:10077000FFFFFFFFFFFFFFFFFFFFFFFFFFFFFFFF89
:10078000FFFFFFFFFFFFFFFFFFFFFFFFFFFFFFFF79
:10079000FFFFFFFFFFFFFFFFFFFFFFFFFFFFFFFF69
:1007A000FFFFFFFFFFFFFFFFFFFFFFFFFFFFFFFF59
:1007B000FFFFFFFFFFFFFFFFFFFFFFFFFFFFFFFF49
:1007C000FFFFFFFFFFFFFFFFFFFFFFFFFFFFFFFF39
:1007D000FFFFFFFFFFFFFFFFFFFFFFFFFFFFFFFF29
:1007E000FFFFFFFFFFFFFFFFFFFFFFFFFFFFFFFF19
:1007F000FFFFFFFFFFFFFFFFFFFFFFFFFFFFFFFF09
:10080000FFFFFFFFFFFFFFFFFFFFFFFFFFFFFFFFF8
:10081000FFFFFFFFFFFFFFFFFFFFFFFFFFFFFFFFE8
:10082000FFFFFFFFFFFFFFFFFFFFFFFFFFFFFFFFD8
:10083000FFFFFFFFFFFFFFFFFFFFFFFFFFFFFFFFC8
:10084000FFFFFFFFFFFFFFFFFFFFFFFFFFFFFFFFB8
:10085000FFFFFFFFFFFFFFFFFFFFFFFFFFFFFFFFA8
:10086000FFFFFFFFFFFFFFFFFFFFFFFFFFFFFFFF98
:10087000FFFFFFFFFFFFFFFFFFFFFFFFFFFFFFFF88
:10088000FFFFFFFFFFFFFFFFFFFFFFFFFFFFFFFF78
:10089000FFFFFFFFFFFFFFFFFFFFFFFFFFFFFFFF68
:1008A000FFFFFFFFFFFFFFFFFFFFFFFFFFFFFFFF58
:1008B000FFFFFFFFFFFFFFFFFFFFFFFFFFFFFFFF48
:1008C000FFFFFFFFFFFFFFFFFFFFFFFFFFFFFFFF38
:1008D000FFFFFFFFFFFFFFFFFFFFFFFFFFFFFFFF28
:1008E000FFFFFFFFFFFFFFFFFFFFFFFFFFFFFFFF18
:1008F000FFFFFFFFFFFFFFFFFFFFFFFFFFFFFFFF08
:10090000FFFFFFFFFFFFFFFFFFFFFFFFFFFFFFFFF7
:10091000FFFFFFFFFFFFFFFFFFFFFFFFFFFFFFFFE7
:10092000FFFFFFFFFFFFFFFFFFFFFFFFFFFFFFFFD7
:10093000FFFFFFFFFFFFFFFFFFFFFFFFFFFFFFFFC7
:10094000FFFFFFFFFFFFFFFFFFFFFFFFFFFFFFFFB7
:10095000FFFFFFFFFFFFFFFFFFFFFFFFFFFFFFFFA7
:10096000FFFFFFFFFFFFFFFFFFFFFFFFFFFFFFFF97
:10097000FFFFFFFFFFFFFFFFFFFFFFFFFFFFFFFF87
:10098000FFFFFFFFFFFFFFFFFFFFFFFFFFFFFFFF77
:10099000FFFFFFFFFFFFFFFFFFFFFFFFFFFFFFFF67
:1009A000FFFFFFFFFFFFFFFFFFFFFFFFFFFFFFFF57
:1009B000FFFFFFFFFFFFFFFFFFFFFFFFFFFFFFFF47
:1009C000FFFFFFFFFFFFFFFFFFFFFFFFFFFFFFFF37
:1009D000FFFFFFFFFFFFFFFFFFFFFFFFFFFFFFFF27
:1009E000FFFFFFFFFFFFFFFFFFFFFFFFFFFFFFFF17
:1009F000FFFFFFFFFFFFFFFFFFFFFFFFFFFFFFFF07
:100A0000FFFFFFFFFFFFFFFFFFFFFFFFFFFFFFFFF6
:100A1000FFFFFFFFFFFFFFFFFFFFFFFFFFFFFFFFE6
:100A2000FFFFFFFFFFFFFFFFFFFFFFFFFFFFFFFFD6
:100A3000FFFFFFFFFFFFFFFFFFFFFFFFFFFFFFFFC6
:100A4000FFFFFFFFFFFFFFFFFFFFFFFFFFFFFFFFB6
:100A5000FFFFFFFFFFFFFFFFFFFFFFFFFFFFFFFFA6
:100A6000FFFFFFFFFFFFFFFFFFFFFFFFFFFFFFFF96
:100A7000FFFFFFFFFFFFFFFFFFFFFFFFFFFFFFFF86
:100A8000FFFFFFFFFFFFFFFFFFFFFFFFFFFFFFFF76
:100A9000FFFFFFFFFFFFFFFFFFFFFFFFFFFFFFFF66
:100AA000FFFFFFFFFFFFFFFFFFFFFFFFFFFFFFFF56
:100AB000FFFFFFFFFFFFFFFFFFFFFFFFFFFFFFFF46
:100AC000FFFFFFFFFFFFFFFFFFFFFFFFFFFFFFFF36
:100AD000FFFFFFFFFFFFFFFFFFFFFFFFFFFFFFFF26
:100AE000FFFFFFFFFFFFFFFFFFFFFFFFFFFFFFFF16
:100AF000FFFFFFFFFFFFFFFFFFFFFFFFFFFFFFFF06
:100B0000FFFFFFFFFFFFFFFFFFFFFFFFFFFFFFFFF5
:100B1000FFFFFFFFFFFFFFFFFFFFFFFFFFFFFFFFE5
:100B2000FFFFFFFFFFFFFFFFFFFFFFFFFFFFFFFFD5
:100B3000FFFFFFFFFFFFFFFFFFFFFFFFFFFFFFFFC5
:100B4000FFFFFFFFFFFFFFFFFFFFFFFFFFFFFFFFB5
:100B5000FFFFFFFFFFFFFFFFFFFFFFFFFFFFFFFFA5
:100B6000FFFFFFFFFFFFFFFFFFFFFFFFFFFFFFFF95
:100B7000FFFFFFFFFFFFFFFFFFFFFFFFFFFFFFFF85
:100B8000FFFFFFFFFFFFFFFFFFFFFFFFFFFFFFFF75
:100B9000FFFFFFFFFFFFFFFFFFFFFFFFFFFFFFFF65
:100BA000FFFFFFFFFFFFFFFFFFFFFFFFFFFFFFFF55
:100BB000FFFFFFFFFFFFFFFFFFFFFFFFFFFFFFFF45
:100BC000FFFFFFFFFFFFFFFFFFFFFFFFFFFFFFFF35
:100BD000FFFFFFFFFFFFFFFFFFFFFFFFFFFFFFFF25
:100BE000FFFFFFFFFFFFFFFFFFFFFFFFFFFFFFFF15
:100BF000FFFFFFFFFFFFFFFFFFFFFFFFFFFFFFFF05
:100C0000FFFFFFFFFFFFFFFFFFFFFFFFFFFFFFFFF4
:100C1000FFFFFFFFFFFFFFFFFFFFFFFFFFFFFFFFE4
:100C2000FFFFFFFFFFFFFFFFFFFFFFFFFFFFFFFFD4
:100C3000FFFFFFFFFFFFFFFFFFFFFFFFFFFFFFFFC4
:100C4000FFFFFFFFFFFFFFFFFFFFFFFFFFFFFFFFB4
:100C5000FFFFFFFFFFFFFFFFFFFFFFFFFFFFFFFFA4
:100C6000FFFFFFFFFFFFFFFFFFFFFFFFFFFFFFFF94
:100C7000FFFFFFFFFFFFFFFFFFFFFFFFFFFFFFFF84
:100C8000FFFFFFFFFFFFFFFFFFFFFFFFFFFFFFFF74
:100C9000FFFFFFFFFFFFFFFFFFFFFFFFFFFFFFFF64
:100CA000FFFFFFFFFFFFFFFFFFFFFFFFFFFFFFFF54
:100CB000FFFFFFFFFFFFFFFFFFFFFFFFFFFFFFFF44
:100CC000FFFFFFFFFFFFFFFFFFFFFFFFFFFFFFFF34
:100CD000FFFFFFFFFFFFFFFFFFFFFFFFFFFFFFFF24
:100CE000FFFFFFFFFFFFFFFFFFFFFFFFFFFFFFFF14
:100CF000FFFFFFFFFFFFFFFFFFFFFFFFFFFFFFFF04
:100D0000FFFFFFFFFFFFFFFFFFFFFFFFFFFFFFFFF3
:100D1000FFFFFFFFFFFFFFFFFFFFFFFFFFFFFFFFE3
:100D2000FFFFFFFFFFFFFFFFFFFFFFFFFFFFFFFFD3
:100D3000FFFFFFFFFFFFFFFFFFFFFFFFFFFFFFFFC3
:100D4000FFFFFFFFFFFFFFFFFFFFFFFFFFFFFFFFB3
:100D5000FFFFFFFFFFFFFFFFFFFFFFFFFFFFFFFFA3
:100D6000FFFFFFFFFFFFFFFFFFFFFFFFFFFFFFFF93
:100D7000FFFFFFFFFFFFFFFFFFFFFFFFFFFFFFFF83
:100D8000FFFFFFFFFFFFFFFFFFFFFFFFFFFFFFFF73
:100D9000FFFFFFFFFFFFFFFFFFFFFFFFFFFFFFFF63
:100DA000FFFFFFFFFFFFFFFFFFFFFFFFFFFFFFFF53
:100DB000FFFFFFFFFFFFFFFFFFFFFFFFFFFFFFFF43
:100DC000FFFFFFFFFFFFFFFFFFFFFFFFFFFFFFFF33
:100DD000FFFFFFFFFFFFFFFFFFFFFFFFFFFFFFFF23
:100DE000FFFFFFFFFFFFFFFFFFFFFFFFFFFFFFFF13
:100DF000FFFFFFFFFFFFFFFFFFFFFFFFFFFFFFFF03
:100E0000FFFFFFFFFFFFFFFFFFFFFFFFFFFFFFFFF2
:100E1000FFFFFFFFFFFFFFFFFFFFFFFFFFFFFFFFE2
:100E2000FFFFFFFFFFFFFFFFFFFFFFFFFFFFFFFFD2
:100E3000FFFFFFFFFFFFFFFFFFFFFFFFFFFFFFFFC2
:100E4000FFFFFFFFFFFFFFFFFFFFFFFFFFFFFFFFB2
:100E5000FFFFFFFFFFFFFFFFFFFFFFFFFFFFFFFFA2
:100E6000FFFFFFFFFFFFFFFFFFFFFFFFFFFFFFFF92
:100E7000FFFFFFFFFFFFFFFFFFFFFFFFFFFFFFFF82
:100E8000FFFFFFFFFFFFFFFFFFFFFFFFFFFFFFFF72
:100E9000FFFFFFFFFFFFFFFFFFFFFFFFFFFFFFFF62
:100EA000FFFFFFFFFFFFFFFFFFFFFFFFFFFFFFFF52
:100EB000FFFFFFFFFFFFFFFFFFFFFFFFFFFFFFFF42
:100EC000FFFFFFFFFFFFFFFFFFFFFFFFFFFFFFFF32
:100ED000FFFFFFFFFFFFFFFFFFFFFFFFFFFFFFFF22
:100EE000FFFFFFFFFFFFFFFFFFFFFFFFFFFFFFFF12
:100EF000FFFFFFFFFFFFFFFFFFFFFFFFFFFFFFFF02
:100F0000FFFFFFFFFFFFFFFFFFFFFFFFFFFFFFFFF1
:100F1000FFFFFFFFFFFFFFFFFFFFFFFFFFFFFFFFE1
:100F2000FFFFFFFFFFFFFFFFFFFFFFFFFFFFFFFFD1
:100F3000FFFFFFFFFFFFFFFFFFFFFFFFFFFFFFFFC1
:100F4000FFFFFFFFFFFFFFFFFFFFFFFFFFFFFFFFB1
:100F5000FFFFFFFFFFFFFFFFFFFFFFFFFFFFFFFFA1
:100F6000FFFFFFFFFFFFFFFFFFFFFFFFFFFFFFFF91
:100F7000FFFFFFFFFFFFFFFFFFFFFFFFFFFFFFFF81
:100F8000FFFFFFFFFFFFFFFFFFFFFFFFFFFFFFFF71
:100F9000FFFFFFFFFFFFFFFFFFFFFFFFFFFFFFFF61
:100FA000FFFFFFFFFFFFFFFFFFFFFFFFFFFFFFFF51
:100FB000FFFFFFFFFFFFFFFFFFFFFFFFFFFFFFFF41
:100FC000FFFFFFFFFFFFFFFFFFFFFFFFFFFFFFFF31
:100FD000FFFFFFFFFFFFFFFFFFFFFFFFFFFFFFFF21
:100FE000FFFFFFFFFFFFFFFFFFFFFFFFFFFFFFFF11
:100FF000FFFFFFFFFFFFFFFFFFFFFFFFFFFFFFFF01
:10100000D1002043551C00600000000000000000DB
:10101000201000600010006000C0026000000000AE
:101020000000006000CC020000000000FFFFFFFF96
:10103000FFFFFFFFFFFFFFFFFFFFFFFFFFFFFFFFC0
:10104000FFFFFFFFFFFFFFFFFFFFFFFFFFFFFFFFB0
:10105000FFFFFFFFFFFFFFFFFFFFFFFFFFFFFFFFA0
:10106000FFFFFFFFFFFFFFFFFFFFFFFFFFFFFFFF90
:10107000FFFFFFFFFFFFFFFFFFFFFFFFFFFFFFFF80
:10108000FFFFFFFFFFFFFFFFFFFFFFFFFFFFFFFF70
:10109000FFFFFFFFFFFFFFFFFFFFFFFFFFFFFFFF60
:1010A000FFFFFFFFFFFFFFFFFFFFFFFFFFFFFFFF50
:1010B000FFFFFFFFFFFFFFFFFFFFFFFFFFFFFFFF40
:1010C000FFFFFFFFFFFFFFFFFFFFFFFFFFFFFFFF30
:1010D000FFFFFFFFFFFFFFFFFFFFFFFFFFFFFFFF20
:1010E000FFFFFFFFFFFFFFFFFFFFFFFFFFFFFFFF10
:1010F000FFFFFFFFFFFFFFFFFFFFFFFFFFFFFFFF00
:10110000FFFFFFFFFFFFFFFFFFFFFFFFFFFFFFFFEF
:10111000FFFFFFFFFFFFFFFFFFFFFFFFFFFFFFFFDF
:10112000FFFFFFFFFFFFFFFFFFFFFFFFFFFFFFFFCF
:10113000FFFFFFFFFFFFFFFFFFFFFFFFFFFFFFFFBF
:10114000FFFFFFFFFFFFFFFFFFFFFFFFFFFFFFFFAF
:10115000FFFFFFFFFFFFFFFFFFFFFFFFFFFFFFFF9F
:10116000FFFFFFFFFFFFFFFFFFFFFFFFFFFFFFFF8F
:10117000FFFFFFFFFFFFFFFFFFFFFFFFFFFFFFFF7F
:10118000FFFFFFFFFFFFFFFFFFFFFFFFFFFFFFFF6F
:10119000FFFFFFFFFFFFFFFFFFFFFFFFFFFFFFFF5F
:1011A000FFFFFFFFFFFFFFFFFFFFFFFFFFFFFFFF4F
:1011B000FFFFFFFFFFFFFFFFFFFFFFFFFFFFFFFF3F
:1011C000FFFFFFFFFFFFFFFFFFFFFFFFFFFFFFFF2F
:1011D000FFFFFFFFFFFFFFFFFFFFFFFFFFFFFFFF1F
:1011E000FFFFFFFFFFFFFFFFFFFFFFFFFFFFFFFF0F
:1011F000FFFFFFFFFFFFFFFFFFFFFFFFFFFFFFFFFF
:10120000FFFFFFFFFFFFFFFFFFFFFFFFFFFFFFFFEE
:10121000FFFFFFFFFFFFFFFFFFFFFFFFFFFFFFFFDE
:10122000FFFFFFFFFFFFFFFFFFFFFFFFFFFFFFFFCE
:10123000FFFFFFFFFFFFFFFFFFFFFFFFFFFFFFFFBE
:10124000FFFFFFFFFFFFFFFFFFFFFFFFFFFFFFFFAE
:10125000FFFFFFFFFFFFFFFFFFFFFFFFFFFFFFFF9E
:10126000FFFFFFFFFFFFFFFFFFFFFFFFFFFFFFFF8E
:10127000FFFFFFFFFFFFFFFFFFFFFFFFFFFFFFFF7E
:10128000FFFFFFFFFFFFFFFFFFFFFFFFFFFFFFFF6E
:10129000FFFFFFFFFFFFFFFFFFFFFFFFFFFFFFFF5E
:1012A000FFFFFFFFFFFFFFFFFFFFFFFFFFFFFFFF4E
:1012B000FFFFFFFFFFFFFFFFFFFFFFFFFFFFFFFF3E
:1012C000FFFFFFFFFFFFFFFFFFFFFFFFFFFFFFFF2E
:1012D000FFFFFFFFFFFFFFFFFFFFFFFFFFFFFFFF1E
:1012E000FFFFFFFFFFFFFFFFFFFFFFFFFFFFFFFF0E
:1012F000FFFFFFFFFFFFFFFFFFFFFFFFFFFFFFFFFE
:10130000FFFFFFFFFFFFFFFFFFFFFFFFFFFFFFFFED
:10131000FFFFFFFFFFFFFFFFFFFFFFFFFFFFFFFFDD
:10132000FFFFFFFFFFFFFFFFFFFFFFFFFFFFFFFFCD
:10133000FFFFFFFFFFFFFFFFFFFFFFFFFFFFFFFFBD
:10134000FFFFFFFFFFFFFFFFFFFFFFFFFFFFFFFFAD
:10135000FFFFFFFFFFFFFFFFFFFFFFFFFFFFFFFF9D
:10136000FFFFFFFFFFFFFFFFFFFFFFFFFFFFFFFF8D
:10137000FFFFFFFFFFFFFFFFFFFFFFFFFFFFFFFF7D
:10138000FFFFFFFFFFFFFFFFFFFFFFFFFFFFFFFF6D
:10139000FFFFFFFFFFFFFFFFFFFFFFFFFFFFFFFF5D
:1013A000FFFFFFFFFFFFFFFFFFFFFFFFFFFFFFFF4D
:1013B000FFFFFFFFFFFFFFFFFFFFFFFFFFFFFFFF3D
:1013C000FFFFFFFFFFFFFFFFFFFFFFFFFFFFFFFF2D
:1013D000FFFFFFFFFFFFFFFFFFFFFFFFFFFFFFFF1D
:1013E000FFFFFFFFFFFFFFFFFFFFFFFFFFFFFFFF0D
:1013F000FFFFFFFFFFFFFFFFFFFFFFFFFFFFFFFFFD
:10140000884207D0904205D251F8043B40F8043B93
:101410008242F9D8704700BF884204D2002340F8C6
:10142000043B8142FBD87047BB4B0824BB4ABC49F4
:10143000BC4880B5C3F8544184B0FFF7E1FFBA4A15
:10144000BA49BB48FFF7DCFFBA49BB48FFF7E4FFE6
:10145000BA4C4FF0E0214FF470000023B84AC1F8B5
:10146000880D44F823200133B02BFAD1B54B8021ED
:10147000B54A03F8011B9342FBD14FF0E023A64A83
:101480004FF08031B148C3F8084DC2F80411C2F8DA
:101490000001AF48C2F8F410C2F8F000D3F8241DE0
:1014A000AC4841F4E021C3F8241DC16921F07F015B
:1014B00041F04001C161416A21F07F0141F04001EA
:1014C00041624FF0FF30A4498866C86608674867E4
:1014D00000211020C3F8941DC3F89C0D9F48C3F849
:1014E000A00D1120C3F89C0D9D48C3F8A00D12203B
:1014F000C3F89C0D9B48C3F8A00D9B48C3F89C0DF6
:101500009A48C3F8A00D9A48C3F89C0D9948C3F8AF
:10151000A00D884840F01500C3F89C0D9648C3F80C
:10152000A00D00F181500D30C3F89C0D9348C3F815
:10153000A00D9348C3F89C0D9248C3F8A00D9248A3
:10154000C3F89C0D9148C3F8A00D9148C3F89C0DB9
:101550009048C3F8A00D0120C3F8940DBFF34F8F3E
:10156000BFF36F8FC3F8501FBFF34F8FBFF36F8F61
:10157000D3F8140D4FF0400E4FF4805C4FF4005739
:1015800040F440304FF44046C3F8140D8248A06345
:101590008248E063632058610320996118618048A4
:1015A0008049C3F8200DD3F8FC0D40F08070C3F8DB
:1015B000FC0D0B687C4843F001030B604B684FF453
:1015C0008031036043F2420013699D0700F1EE820F
:1015D0009D0440F1EF82DD0440F10E83002BF3DA2D
:1015E00013F4803540F00B835B0640F114834FF019
:1015F000803356496D48C2F80431C2F8001154498D
:10160000C2F8F430C2F8F01000F02AFC5148684BE0
:10161000C16E684A41F44051C1661D60C3F808516B
:10162000C3F81851C3F82851C3F83851936BD80741
:1016300008D442F61563604951651365936B43F016
:10164000010393635B4840F23765424B81685B4A14
:1016500041F001118160D96E41F44031D966D96EF3
:1016600041F44071D966A02355649364936C1906C4
:10167000FCD4534B40F23761A02259649A649D6CAC
:1016800015F08005FBD1334B41F20107DFF84C81A7
:1016900045F6C0564B4AF3EE097A88F8E552996F41
:1016A000494841F47F019FED496A9FED497A996766
:1016B000D3F880100A43C3F8802000F0C5FB00F582
:1016C000804000F0C1FB00F5804000F0BDFB00F55C
:1016D000804000F0B9FB3F493F4A4FF00F0C43F206
:1016E00026008D814D81A1F80EC08F82CE800D80A5
:1016F0000D8288818D854D85A1F82EC08F86CE8480
:101700000D840D868885A1F84C50A1F84A50A1F8A7
:101710004EC0A1F8547063E000800D40985702005D
:10172000FC28006000000000C03E0020988002609D
:101730000000002040910120C03E0020003C00201D
:101740005DBD000000E400E0A0E400E01B101820F4
:101750000C0D111300C00F4000C00A403F000010E4
:1017600025000803090010001300200021000207D3
:1017700014000020250008130900001027000B1397
:101780001700004033001013180000602F000B07F3
:10179000190000702F000B1395AC0000E9A80000A1
:1017A00000002020001000E03C4301200046C3233D
:1017B0000040084000400D400000C05600400C4072
:1017C00000800C40000003FC00C03D400000AA4225
:1017D0000000B44200C01D4000001E40C03E00207A
:1017E000A1F84660A1F84050A1F85050A1F84C0073
:1017F000A1F86C50A1F86A50A1F86EC0A1F87470FD
:10180000A1F86660A1F86050A1F87050A1F86C00D2
:1018100095815581A2F80EC09782D68015801582D9
:10182000908195855585A2F82EC09786D68415841B
:1018300015869085A2F84C50A2F84A50A2F84EC0E6
:10184000A2F85470A2F84660A2F84050A2F8505096
:10185000A2F84C00A2F86C50A2F86A50A2F86EC030
:10186000A2F87470A2F86660A2F86050A2F87050F6
:10187000A2F86C00A2F58312CF4BA2F5F852CF4923
:101880009D815D81A3F80EC09F82DE801D801D8238
:1018900098819D855D85A3F82EC09F86DE841D847A
:1018A0001D869885A3F84C50A3F84A50A3F84EC063
:1018B000A3F85470A3F84660A3F84050A3F8505022
:1018C000A3F84C00A3F86C50A3F86A50A3F86EC0BC
:1018D000A3F87470A3F86660A3F86050A3F8705082
:1018E000A3F86C00D2F88030B54823F00103C2F8A9
:1018F00080300323C2F89030B24BD3F8E030D2F8F6
:101900008070DEB206EE906AC8F8A462C3F30B26BC
:101910001B0DF8EEE66A05EE906AC8F8A862AA4EBA
:1019200036EEC66A36EEC77A76EEE76A07EE903A8A
:10193000B8EEE55AF8EEE77AC8EDAB6A77EEC57A0D
:1019400026EE276AC8EDAC7A27EE277A66EEA77AEC
:10195000C6EE265A87EE266A87EEA67A75EE855A77
:10196000FCEEE55A76EE056A15EE903AFCEEE66A74
:1019700047EA035777EE057AC2F8807016EE903A80
:1019800001EA0343D2F89011FCEEE77A0B43C2F868
:10199000903117EE903AD2F89011C3F30B030B433A
:1019A000C2F89031D2F8803043F00203C2F88030A0
:1019B00080F84050C4F840614FF0E0230122834E8C
:1019C000C3F808213368132BFCD9814B40F66172B0
:1019D000C3F820217B4A7F4BD2F8201221F07F41AF
:1019E000994280F00E810A2000FB01F2B2FBF0F375
:1019F00000FB1323092A03F130038DF8043040F271
:101A00000D810DF1040C4FF0000EDFF8E8916746F0
:101A1000A9FB0132884670460EF1010ED208B8F1DA
:101A2000090F02EB8203A1EB4303114603F13003DC
:101A300007F8013FECD801AB00F1100203EB0E01F7
:101A40006A44002302F80A3C1A4601339CF80070ED
:101A5000821A91F800E093420CF801EB01F8017949
:101A6000F2DB9DF80420002A00F0DE805A4B9DF83E
:101A700005105A85002900F0D9809DF80600998547
:101A8000002800F0D5809DF80720D885002A00F0B6
:101A9000D1809DF808101A86002900F0CF809DF8AB
:101AA00009205986002A00F0CD809DF80A109A86F8
:101AB000002900F0C5809DF80B20D986002A00F08F
:101AC000BB809DF80C101A87002900F0BD809DF89E
:101AD0000D205987002A00F0B9800A259A876A1CD0
:101AE0003E49520083F82820D1F880303C4A43F028
:101AF0000303C1F8803040F204413A4BC2F8601150
:101B00001968394B194203D1D2F8A8319A071BD072
:101B1000334A4FF00041334B5963D2F8403143F020
:101B20000203C2F84031D2F840319B07FBD44FF09A
:101B3000E0224FF400312B4B1920C2F88C124FF0E9
:101B400000429A6300F084F9264A00214FF0804059
:101B5000234D264B906311600A221846C5F8A82130
:101B60004FF4207200F078F94FF48102204B0260AC
:101B70004FF48002C5F85801026440F24312C5F8E0
:101B80004821C4F804324FF0E0224FF40031012321
:101B9000C2F80C11C5F840313368B3F5967FFBD31A
:101BA00000F070F800F064F900F05EF996615161A0
:101BB000906109E5576107E500401E400000FF0FF6
:101BC00000E400E000441F4045BF0000384301200E
:101BD00000800D40809698001037002000C00F4014
:101BE00000002E4000900D40001C1E000000002050
:101BF00085B20000CDCCCCCCC2F814C0E4E4916135
:101C0000E2E40A23B1FBF3F203FB12131146303373
:101C10008DF80430F5E6C2F814E0D5E400239DF811
:101C200004208DF8053021E7094B58E7012556E7D8
:101C3000022554E7032552E7072550E704254EE720
:101C400006254CE705254AE7082548E7092546E724
:101C500010370020074B4FF42A01074A07485A64FF
:101C60001864074A99639546BFF34F8FBFF36F8F90
:101C7000FFF7DAFB00C00A40FFABAAAA070020006A
:101C80000080052000BF7047264942698B6B23F412
:101C90007C0370B543F480231468234D8B63216863
:101CA00053681943036921600221002419611F4907
:101CB0001C619964012159629D624FF43035DD62E7
:101CC0004FF001159E6C1E651C629D651961037EB7
:101CD000174D02EB031E174B9EF808C003EB0C1CBC
:101CE000DCF808402560DCF80440DEF80C50256084
:101CF000DEF8104014B1DEF814102160407E0C4C68
:101D000002EB001191F828000A4603EB0013D3E917
:101D100001300460C96A1960136B0BB1526B1A6011
:101D200070BD00BF00C00F40B80B05053B37281938
:101D300061F80100381D00201B494B690A7E03EB46
:101D40000212127A122A2DD0187AFF282AD01228CD
:101D500025D0187EFF2825D00120844630B41C6889
:101D60005D6824682C4203D181F818C030BC7047EC
:101D700003EB00130D48052400EB021252681460B7
:101D80001A7A0B4C00EB0212D2E901200460D868E9
:101D900010601A69002AE7D05B691360E4E700204D
:101DA0008446DBE7704700BF44430120381D002014
:101DB00061F801001D494B694A7E03EB021292F85B
:101DC0002820132A30D093F82800FF282CD013287D
:101DD00027D093F83800FF2826D00120844630B45D
:101DE0001C685D6824682C4203D181F819C030BC9E
:101DF000704703EB00130E48052400EB02125268F3
:101E0000146093F828200B4C00EB0212D2E9012059
:101E10000460D86A10601A6B002AE6D05B6B13600E
:101E2000E3E700208446DAE7704700BF444301201F
:101E3000381D002061F80100F8B500BFF8BC08BCEF
:101E40009E467047000000005FF800F001A8000007
:101E50005FF800F0A10201005FF800F065460200A3
:101E60005FF800F0DDAC00005FF800F085070100CE
:101E70005FF800F015470200450000004928020005
:101E8000DB40A4A62EAF000000000000000180008F
:101E900000000000000000000380000000000000BF
:101EA00000000007C000000000000000000007C0A4
:101EB0000000000000000000000FC0000000000053
:101EC000000000001FE00000000000000000001FF4
:101ED000E00000000000000000003FE00000000003
:101EE00000000000003FF0000000000000000000C3
:101EF0007FF0000000000000001FF87FF0000000ED
:101F0000000000003FFE7FF0000000000000003FE6
:101F1000FF7FF0000000000000001FFFFBE000005A
:101F200000000000000FFFF9FFC0000000000000EB
:101F30000FFFF9FFF800000000000007FFF1FFFFAE
:101F400000000000000003FC73FFFF8000000000A1
:101F50000001FE3FFFFF80000000000000FF1E0F99
:101F6000FF000000000000007FFE1FFC00000000DA
:101F70000000003FFFFFF8000000000000000FDF3E
:101F8000FFE0000000000000001F19FFC00000007B
:101F9000000000003F3CFF00000000000000007E49
:101FA0007CF800000000000000007FFE7C000000C4
:101FB0000000000000FFFFFC000000000000000027
:101FC000FFFFFE0000000000000000FFFFFE000019
:101FD000000000000001FFEFFE0000000000000014
:101FE00001FFCFFE0000000000000003FF07FE001D
:101FF00000000000000003FC07FE000000000000DD
:102000000003F003FE00000000000000018000FE5D
:10201000000000000000000000007E000000000042
:1020200000000000003E0000000000000000000072
:102030000C000000000000078000FC000003C0004E
:102040000000078001FC000003C0000000078001C1
:10205000FC000003C0000000078001E00000001E3B
:10206000000000078001E00000001E007FE3F79FF2
:10207000F9FDE7787BDFC0FFF7FFBFFDFDFF787B51
:10208000DFC0FFF7FFBFFDFDFF787BDFC0F0F78704
:10209000BC3DE1FF787BDE00F0F787BC3DE1F078E6
:1020A0007BDE0000F787803DE1E0787BDE007FF794
:1020B000879FFDE1E0787BDE00FFF787BFFDE1E071
:1020C000787BDE00F0F787BC3DE1E0787BDE00F056
:1020D000F787BC3DE1E0787BDE00F0F787BC3DE1AF
:1020E000E0787BDE00FFF7FFBFFDE1E07FFBDFC0B4
:1020F000FFF7FFBFFDE1E07FFBDFC07CF3F39F3D17
:10210000E1E03E7BCFC000000000000000000000C6
:1021100000FFFFFFFFFFFFFFFFFFFFC0FFFFFFFF0D
:10212000FD68DB111A31C0FFFFFFFFFD2B5AFB6A70
:10213000EFC0FFFFFFFFFD4B5B3B1A33C0FFFFFF0C
:10214000FFFD6B5BDB6AFDC000006000000000006B
:10215000000000000000000000E00000000000009F
:102160000000000000000001E0000000000000008E
:1021700000000000000001F000000000000000006E
:10218000000000000003F00000000000000000005C
:102190000000000007F00000000000000000000048
:1021A00000000007F8000000000000000000000030
:1021B00000000FF800000003C0007E000001E000F6
:1021C0007F0FF800000003C000FE000001E000FFE8
:1021D000EFF800000003C000FE000001E000FFFF78
:1021E000F800000003C000F00000000F007FFE7F39
:1021F000C0000003C000F00000000F003FFE7FF8A9
:102200003FF1FBCFFCFEF3BC3DEFE01FFE7FFF7F05
:10221000FBFFDFFEFEFFBC3DEFE01FC6FFFF7FFBC5
:10222000FFDFFEFEFFBC3DEFE00FE3C7FE787BC3A0
:10223000DE1EF0FFBC3DEF0007FF87FC787BC3DEAE
:102240001EF0F83C3DEF0001FFFFF0007BC3C01E15
:10225000F0F03C3DEF0001F37FE03FFBC3CFFEF029
:10226000F03C3DEF0003E33F807FFBC3DFFEF0F077
:102270003C3DEF0007E73C00787BC3DE1EF0F03CFE
:102280003DEF0007FFBE00787BC3DE1EF0F03C3D53
:10229000EF0007FFFE00787BC3DE1EF0F03C3DEF51
:1022A000000FFFFE007FFBFFDFFEF0F03FFDEFE0E1
:1022B0000FFFFF007FFBFFDFFEF0F03FFDEFE00FC1
:1022C000F9FF003E79F9CF9EF0F01F3DE7E01FF1E6
:1022D000FF0000000000000000000000001F80FF61
:1022E000007FFFFFFFFFFFFFFFFFFFE01C007F00FD
:1022F0007FFFFFFFFEB46D888D18E000001F007F98
:10230000FFFFFFFE95AD7DB577E000000F007FFF7A
:10231000FFFFFEA5AD9D8D19E0000006007FFFFFC9
:10232000FFFEB5ADEDB57EE0AED580A8D300408D03
:102330002000A1C8402600604823006020007E00E5
:10234000070000002200FF21000000000200010041
:10235000000001050200FC00010003020400FC0073
:10236000020005050600FC00060003060400FC0050
:10237000090003050400FC000B0004050500FC0037
:102380000E0001020200FC000F0002050300FC0029
:10239000110002050300FC00130003030400FD000C
:1023A000150003030400FD001700020203000000F3
:1023B000180003010400FE001900010102000000E2
:1023C0001A0003050400FC001C0003050400FC00C7
:1023D0001E0002050300FC00200003050400FC00B1
:1023E000220003050400FC00240003050400FC0097
:1023F000260003050400FC00280003050400FC007F
:102400002A0003050400FC002C0003050400FC0066
:102410002E0003050400FC00300001030200FD0053
:10242000310002040300FD00320002030300FD003E
:10243000330003030400FD00350002030300FD0028
:10244000360003050400FC00380003050400FC000E
:102450003A0003050400FC003C0003050400FC00F6
:102460003E0003050400FC00400003050400FC00DE
:10247000420003050400FC00440003050400FC00C6
:10248000460003050400FC00480003050400FC00AE
:102490004A0001050200FC004B0003050400FC009B
:1024A0004D0003050400FC004F0003050400FC0080
:1024B000510005050600FC00550004050500FC0060
:1024C000580003050400FC005A0003050400FC004A
:1024D0005C0003060400FC005F0003050400FC0030
:1024E000610003050400FC00630003050400FC0018
:1024F000650003050400FC00670003050400FC0000
:10250000690005050600FC006D0003050400FC00E1
:102510006F0003050400FC00710003050400FC00CB
:10252000730002050300FC00750003050400FC00B5
:10253000770002050300FC00790003020400FC00A0
:102540007A000401040001007B0002020300FC0089
:102550007C0003040400FD007E0003050400FC0071
:10256000800003030400FE00820003050400FC0059
:10257000840003040400FD00860002050300FC0043
:10258000880003050400FD008A0003050400FC0028
:102590008C0001050200FC008D0002060300FC0017
:1025A0008F0003050400FC00910002050300FC00FD
:1025B000930005030600FE00950003030400FE00DF
:1025C000970003030400FE00990003040400FE00CA
:1025D0009B0003040400FE009D0002030300FE00B4
:1025E0009E0003040400FD00A00002050300FC009F
:1025F000A20003030400FE00A40003030400FE0085
:10260000A60005030600FE00A80003030400FE0068
:10261000AA0003040400FE00AC0003040400FD0053
:10262000AE0003050400FC00B00001060200FC003F
:10263000B10003050400FC00B30004020500FD0026
:10264000E8B457D5F5004E3E80A54A4A5A50C06AB4
:10265000409580AA805D0060E080254856D4754092
:10266000C54EC51C9792F31C5354E54855545594D8
:10267000A04664E38098C50456C657DAD75C724614
:10268000D6DCF3CEF34872D4B7DAF824D4BB5A922E
:102690004E8EEB58809DB99056D4D74856D440D72B
:1026A0005A711CE924B6D4B6A48C6B5500B55AB542
:1026B00024E54EEAC09112D5C054F090C7F0935E65
:1026C000718025DE5E306E80779C935AB8456092AB
:1026D000EAAA40D56AD6805500D7407590E871E0E7
:1026E000BA40B580B5008D54AA80ACE0E5706A268A
:1026F000FCC8AC5A09026200030100C032080B009A
:102700000202020100090400000102020100052486
:10271000001001052401010104240206052406001D
:10272000010705820310001009040100020A0000DD
:10273000000705030240000007058402400000096D
:1027400004020002FF6AFF00070581024000010742
:10275000050102400001000009026200030100C0FF
:1027600032080B000202020100090400000102020B
:1027700001000524001001052401010104240206C2
:102780000524060001070582031000050904010065
:10279000020A000000070503020002000705840288
:1027A0000002000904020002FF6AC7000705810257
:1027B0000002010705010200020100001603550096
:1027C0005300420020005300650072006900610060
:1027D0006C00000018035400650065006E00730073
:1027E00079006400750069006E006F00040309043D
:1027F0000A060002EF020140010000000080C0E074
:10280000F0F8FCFE000103070F1F3F7F70C00F4070
:10281000C00000001200000013000000D0841F4020
:1028200001000000FF000000FF00000000000000A9
:10283000000000001300000013000000CC841F40C3
:1028400001000000FF000000FF0000000000000089
:10285000000000001C000000852B010070C00F402C
:10286000000C00001100000011000000E0841F4077
:10287000020000002400000012000000E0841F405D
:10288000010000001000000011000000DC841F4067
:10289000020000002500000012000000DC841F4040
:1028A000010000001E000000352C010080C00F4018
:1028B000000000031900000010000000E8841F4021
:1028C00001000000FF000000FF0000000000000009
:1028D000000000001800000010000000E4841F4009
:1028E00001000000FF000000FF00000000000000E9
:0C28F000000000001F000000E52C0100AB
:1028FC0000000000000000000000000000000000CC
:10290C0000000000000000000000000000000000BB
:10291C000548064B1B1AD90F01EBA301491002D035
:10292C00034B03B118477047C03E0020C03E002047
:10293C000000000008B5054B1BB105490548AFF375
:10294C000080BDE80840FFF7E3BF00BF00000000B7
:10295C00EC90012000CC026070B5B0F8BC5F3B2D50
:10296C0011D88DB105F1FF3C00F644741FFA8CFCB4
:10297C0004EB4C0400F6427C01E0A44504D03CF886
:10298C0002EF9645F9D170BD07EE903AF7EE006A6A
:10299C0000EB850305F1010EF8EEE77A05EB450433
:1029AC0003F628564FF0000C00EB840486EEA77A51
:1029BC0086ED000A03F6186604F5F16400EB450594
:1029CC00C6ED000AC3F8581A03F6483103F638432B
:1029DC00C1F800C0C3F800C0A5F8442F84ED007AFC
:1029EC00A0F8BCEF70BD00BF10B5002100F58054FD
:1029FC0000F64C2C0A4694F8E4E102E0CAB2964583
:102A0C0020D302F5CB73013100EB8303D3F83C3BAD
:102A1C009C45F3D1B4F8844092B29CB141F25A0176
:102A2C000023014404E001331FFA83FC644509D9F7
:102A3C0031F802CF9445F6D100EB8300024B00F63F
:102A4C000870036010BD00BFCDCC4C3F01EB810181
:102A5C00037D01EB81010531C9B2C17403B141742D
:102A6C00704700BF01EB8101037D01EB8101053152
:102A7C00C9B2817403B10174704700BF40F23B23AB
:102A8C009A42A8BF1A4601F5805310B493F85E4FD2
:102A9C00BCB90B7A5BB1344C4B68A41A03EBC4037E
:102AAC005DF8044B1A685B680260436070474B68C2
:102ABC005DF8044B03EBC2031A685B680260436069
:102ACC007047B3F8601F07EE902A03F6687CF8EEA7
:102ADC00E73A07EE901A9CED006AF8EE676AB8EEDA
:102AEC00E73AB2FBF1F401FB142203F66C7403F623
:102AFC00747192B294ED005A03F6647407EE902A46
:102B0C0003F5776294ED007A03F67873F8EEE77AC2
:102B1C00D2ED005A35EE077A33F8164C35EE866A4C
:102B2C0073EEE73A04EE904A37EE457A5DF8044BC3
:102B3C0036EE656A83EE834A67EE277AF8EE644ACE
:102B4C0087EEA67A64EE066AC6EEA47A37EE057AAC
:102B5C0081ED007A77EEA57AC3ED007A80ED007AEC
:102B6C00C0ED017A704700BF3A02002040F23B20D2
:102B7C00704700BF2DE9F04191F8356084B00C46E8
:102B8C000746002E4BD1DFF8A88035E0AB422A4631
:102B9C00684606F101063FD9216A0B689B68984785
:102BAC00D4ED0B7A9DED007A2A4602A8B4EEE77AB2
:102BBC00F1EE10FA05D5216A0B689B689847DDED9C
:102BCC00027A216A2A466846C4ED0B7A0B689B6828
:102BDC009847D4ED0C7A9DED017A2A4602A8B4EE02
:102BEC00E77AF1EE10FA05D5216A0B689B689847D5
:102BFC00DDED037AC4ED0C7A206AB5B240F23B23CA
:102C0C000268D2694245C1D0904703462A466846BD
:102C1C00AB4206F10106BFD8012384F83530E26AD5
:102C2C003846236B3A607B6004B0BDE8F08100BF8E
:102C3C007D0200002DE9F04191F8346084B00C461F
:102C4C000746002E4BD1DFF8A88035E0AB422A4670
:102C5C00684606F101063FD9216A0B689B689847C4
:102C6C00D4ED097A9DED007A2A4602A8B4EEE77AF3
:102C7C00F1EE10FA05DD216A0B689B689847DDEDD3
:102C8C00027A216A2A466846C4ED097A0B689B6869
:102C9C009847D4ED0A7A9DED017A2A4602A8B4EE43
:102CAC00E77AF1EE10FA05DD216A0B689B6898470C
:102CBC00DDED037AC4ED0A7A206AB5B240F23B230B
:102CCC000268D2694245C1D0904703462A466846FD
:102CDC00AB4206F10106BFD8012384F83430626A96
:102CEC003846A36A3A607B6004B0BDE8F08100BF4F
:102CFC007D02000030B50B6885B00D4604461B689C
:102D0C00684698472B6802A829465B6898479DED52
:102D1C00017ADDED035AF6EE006ADDED007A20460D
:102D2C009DED026A37EE257A77EE867A27EE267AC3
:102D3C0067EEA67A84ED017AC4ED007A05B030BD59
:102D4C0030B50B6887B00D460446DB68684698477B
:102D5C002B6803A829461B699847DDED016ADDED58
:102D6C00044AB6EE006A9DED027A20469DED055AA6
:102D7C0076EEA46ADDED007ADDED035A37EE057AC6
:102D8C0066EE866A77EEA57A27EE067AC4ED016ABE
:102D9C0067EE867A84ED027AC4ED007A07B030BD16
:102DAC00006A704791ED067AF6EE006AD1ED045A8E
:102DBC00D1ED057A91ED036A37EE257A77EE867AB6
:102DCC0027EE267A67EEA67A80ED017AC0ED007ABE
:102DDC00704700BF91ED067A91ED046AD1ED057A4A
:102DEC00D1ED036A37EE467A77EEE67A80ED017A1A
:102DFC00C0ED007A704700BF00F5805091ED006A7D
:102E0C0091ED017A40F2392200F66C7300F6647C85
:102E1C00DFED2F3A93ED004A00F57763DCED006AA5
:102E2C0000F6687030F806CC36EE446A74EE266A0A
:102E3C0093ED005A04EE90CA37EE457A76EEC46AEA
:102E4C00B8EE643A00B530F808EC27EE037AD0ED12
:102E5C00007A05EE90EA75EE277AF8EE652AF8EE20
:102E6C00E55A77EEC57A26EE226A86EE265AC7EE2A
:102E7C00276A35EE237AF0EE477A76EEA36AE5EE12
:102E8C00A67AFCEEE77A17EE903A98B2431E9BB204
:102E9C00934219D8B4EEE37AF1EE10FA14DDF4EEA5
:102EAC00C75AF1EE10FA0FDDF4EEE36AF1EE10FA08
:102EBC000ADDF8EEE44AF4EEE64AF1EE10FAD8BF79
:102ECC004FF0FF305DF804FB4FF0FF30FAE700BF26
:102EDC000000000001EB410124310844704700BFA1
:102EEC002430704700F2D560704700BFD0ED056A02
:102EFC0091ED007AD1ED017AF4EEC76AF1EE10FA99
:102F0C0009DC90ED067A0023B4EEE77AF1EE10FAC4
:102F1C0013DC0020704791ED027AD0ED036AF4EED9
:102F2C00C76A90ED067AF1EE10FAB4EEE77A4CBF70
:102F3C0001230023F1EE10FAEBDD90ED047A03F09F
:102F4C000100D1ED037AB4EEE77AF1EE10FA58BF36
:102F5C000020704790ED037AD1ED007A90ED046A71
:102F6C00F4EEC77AD0ED056AD0ED065AF1EE10FA00
:102F7C0013DDF4EEE67AF1EE10FA0ED5D1ED017A0E
:102F8C00F4EEC67AF1EE10FA07DDF4EEE57AF1EE26
:102F9C0010FA4CBF0120002070470020704700BF82
:102FAC0000EB41014FF6FF7CB1F8860D1080B0EBC1
:102FBC000C0018BF0120704701F6FC014FF6FF7C96
:102FCC0000EB410080881080B0EB0C0018BF012092
:102FDC00704700BF01F638314FF6FF7C00EB410023
:102FEC0040881080B0EB0C0018BF0120704700BF68
:102FFC0001F674514FF6FF7C30F811001080B0EBE5
:10300C000C0018BF012070472DE9F0414F0882B029
:10301C001646ADF8061032D001F0010405469CBBF3
:10302C00DFF8CC802B681B6B43451DD101F6383182
:10303C004FF6FF7205EB4101498891420FD0631C9A
:10304C009BB29F4202D11AE09F4218D901F6383147
:10305C00013305EB41019BB249889142F4D1002028
:10306C00318002B0BDE8F0810DF106022846013432
:10307C009847A8B3A4B2BDF80610A742D2D101203C
:10308C00318002B0BDE8F0810024DFF868802B6845
:10309C005B6B434518D101F674514FF6FF7235F84E
:1030AC0011109142DBD0631C9BB2BB4202D1E6E70C
:1030BC009F42E4D901F67451013335F811109BB2DB
:1030CC009142F5D10020CBE70DF106022846984736
:1030DC00631C28B19CB2BDF80610A742D7D1CEE72D
:1030EC00BDF806100020318002B0BDE8F08100BFB1
:1030FC00E5060000010700002DE9F0414F0882B001
:10310C001646ADF8061032D001F0010405469CBB02
:10311C00DFF8CC802B68DB6A43451DD101F6FC013E
:10312C004FF6FF7205EB4101898891420FD0631C69
:10313C009BB29F4202D11AE09F4218D901F6FC01C2
:10314C00013305EB41019BB289889142F4D10020F7
:10315C00318002B0BDE8F0810DF106022846013441
:10316C009847A8B3A4B2BDF80610A742D2D101204B
:10317C00318002B0BDE8F0810024DFF868802B6854
:10318C009B6A434518D105EB41014FF6FF72B1F82C
:10319C00861D9142DBD0631C9BB2BB4202D1E6E799
:1031AC009F42E4D905EB41010133B1F8861D9BB276
:1031BC009142F5D10020CBE70DF106022846984745
:1031CC00631C28B19CB2BDF80610A742D7D1CEE73C
:1031DC00BDF806100020318002B0BDE8F08100BFC0
:1031EC00C9060000B10600002DE9F0411F1E82B097
:1031FC001646ADF806102EDD05460024DFF860807B
:10320C002B685B6B43451BD101F674514FF6FF7075
:10321C0035F8111081420ED004F1010C674502D132
:10322C0019E0674517DD01F674510CF1010C35F806
:10323C0011108142F5D10020318002B0BDE8F0813F
:10324C000DF10602284698470134BDF806100028F7
:10325C00F2D0A742D4D10120318002B0BDE8F08178
:10326C00010700002DE9F0411F1E82B01646ADF893
:10327C0006102EDD05460024DFF860802B689B6A63
:10328C0043451BD105EB41014FF6FF70B1F8861D8C
:10329C0081420ED004F1010C674502D119E067455B
:1032AC0017DD05EB41010CF1010CB1F8861D8142D3
:1032BC00F5D10020318002B0BDE8F0810DF106029D
:1032CC00284698470134BDF806100028F2D0A742D2
:1032DC00D4D10120318002B0BDE8F081B1060000EC
:1032EC002DE9F043002B83B083EAE3770446904644
:1032FC000A9EA7EBE377ADF8061000F0C58040F30B
:10330C0092800025DFF8A09123685B6B4B4542D17E
:10331C0001F674514FF6FF7234F811109142ADF86A
:10332C00061000F0B3806B1C9F4203D1ACE09F42AF
:10333C0040F3A68001F67451013334F81110914218
:10334C00F5D10020ADF8061086EAE677002EA7EB43
:10335C00E6771BD02BDD0025514E23689B6AB342C8
:10336C0043D104EB41014FF6FF72B1F8861D914237
:10337C0053D06B1C9F4208D004EB41010133B1F8D0
:10338C00861D914249D09F42F6DC0120A8F800101E
:10339C0003B0BDE8F0830DF10602204601359847D5
:1033AC00002875D0AF42BDF80610ADD1CCE7EDD0FA
:1033BC0000253C4E2268D36AB34222D101F6FC01AF
:1033CC004FF6FF7204EB41018988914225D06B1CAA
:1033DC009F42DAD001F6FC01013304EB41018988EC
:1033EC0091421AD0BB42F5DBCFE70DF10602204625
:1033FC000135984700284FD0AF42BDF80610ACD12C
:10340C00C4E70DF10602204601359847002843D049
:10341C00AF42BDF80610CDD1B8E70020A8F80010D7
:10342C0003B0BDE8F0832FD00025DFF8809023682F
:10343C001B6B4B4519D101F638314FF6FF7204EB7B
:10344C00410149889142ADF806101FD06B1C9F4278
:10345C0002D119E09F4213DD01F63831013304EB40
:10346C00410149889142F5D16BE70DF106022046E6
:10347C000135984760B1AF42BDF80610D7D163E76C
:10348C000120ADF806105FE701205DE700205BE747
:10349C00BDF80610002057E7BDF80610002075E7B0
:1034AC00B1060000C906000001070000E506000097
:1034BC00D0F8B400704700BF0220704784307047CA
:1034CC000420704704307047D0F8BC00704700BF30
:1034DC00D0F8B800704700BF90F89400704700BF58
:1034EC00D0F88800704700BFD0F88400704700BF48
:1034FC00D0F89000704700BFD0F88C00704700BF28
:10350C0000F58050D0F8A406704700BF4A207047E1
:10351C00034641F284201844704700BF582070477E
:10352C0000F58050D0F8AC06704700BF00F5805015
:10353C00D0F8A806704700BF00F5805090F89402B0
:10354C00704700BF00F58050D0F88802704700BF6C
:10355C0000F58050D0F88402704700BF00F5805011
:10356C00D0F89002704700BF00F58050D0F88C0264
:10357C00704700BFD0F86C06704700BF142070472E
:10358C0000F20450704700BF1E207047D0F874063C
:10359C00704700BFD0F87006704700BF90F8140554
:1035AC00704700BFD0F80805704700BFD0F804057D
:1035BC00704700BFD0F81005704700BFD0F80C055D
:1035CC00704700BFD0F80C0C704700BF2620704726
:1035DC0000F68410704700BF36207047D0F8140CEA
:1035EC00704700BFD0F8100C704700BF90F89409DA
:1035FC00704700BFD0F88809704700BFD0F8840925
:10360C00704700BFD0F89009704700BFD0F88C0904
:10361C00704700BF90F85400704700BF806C704733
:10362C00406C7047006D7047C06C704710B4B0F8B8
:10363C00BC4F94B100F64272002304E001331FFA30
:10364C0083FC644509D932F802CF8C45F6D103F2DC
:10365C00D22300EB830080ED000A5DF8044B704729
:10366C0010B5B0F8BC4F7CB100F6427C002304E0EE
:10367C0001331FFA83FE744506D93CF802EF8E45E0
:10368C00F6D1184480F8082F10BD00BF70B5B0F803
:10369C004455132D11D88DB105F1FF3C00F21C548B
:1036AC001FFA8CFC04EB4C0400F21A5C01E0A445FC
:1036BC0004D03CF802EF9645F9D170BD07EE903A74
:1036CC00F7EE006A00EB85034FF0000CF8EEE77A9A
:1036DC0005EB450403F58D6605F1010E00EB840442
:1036EC0086EEA77A86ED000A03F5976600EB450592
:1036FC0003F58363C6ED000A43F8A01C43F850CCD5
:10370C00C3F800C0A5F81C2584EDA27AA0F844E506
:10371C0070BD00BF10B4B0F8444584B100F21A5229
:10372C00002304E001331FFA83FC644507D932F807
:10373C0002CF8C45F6D100EB830080EDF20A5DF8E8
:10374C00044B704790F86C20092A00F28280D0ED6F
:10375C00187A034690ED177AF4EEE07A70B5F1EE34
:10376C0010FA77D593ED1A7A002A7DD0B4EEC07A90
:10377C00F1EE10FA7DD4D3ED036AB4EEE60AF1EE65
:10378C0010FA00F1F880012A4DD0D3ED056AB4EEA1
:10379C00E60AF1EE10FA00F18380022A43D0D3ED51
:1037AC00076AB4EEE60AF1EE10FA00F1E780032A9C
:1037BC0039D0D3ED096AB4EEE60AF1EE10FA00F155
:1037CC00E080042A2FD0D3ED0B6AB4EEE60AF1EEBA
:1037DC0010FA00F1D980052A25D0D3ED0D6AB4EE8C
:1037EC00E60AF1EE10FA00F1D280062A1BD0D3EDD6
:1037FC000F6AB4EEE60AF1EE10FA00F1CB80072A5C
:10380C0011D0D3ED116AB4EEE60AF1EE10FA00F124
:10381C00C480092A07D1D3ED136AB4EEE60AF1EE9F
:10382C0010FA00F19E80D3ED197A0132F4EE407A51
:10383C0083F86C20F1EE10FAB4EEC70A70FE277A0A
:10384C00C3ED197AF1EE10FA30FE070A83ED1A0A6D
:10385C0070BD7047B4EEE07AF1EE10FA77FE207A84
:10386C0093ED1A7A002A81D183ED030AC3ED047A11
:10387C00D9E703EBC201013281ED030AC1ED047AF1
:10388C00D3ED197A83F86C20B4EE670A83ED1A0A2B
:10389C00F1EE10FA48BFF0EE407AC3ED197A70BD24
:1038AC004FF0010C03EBCC0E0CF101055FFA8CF41C
:1038BC007146AA420EF1140E01F10C0103C98EE8F7
:1038CC00030047D9A61C03EBCC05F6B21C359EE8C9
:1038DC000300B24285E803003CD9E61C03EBCC0E96
:1038EC00F6B20EF1240EB2428EE8030032D9261D38
:1038FC0003EBCC05F6B22C35B24285E8030029D98E
:10390C00661D03EBCC0EF6B20EF1340EB2428EE80D
:10391C0003001FD9A61D03EBCC05F6B23C35B24211
:10392C0085E8030016D9E61D03EBCC0EF6B20EF1BA
:10393C00440EB2428EE803000CD9083403EBCC05DC
:10394C00E4B24C35A24285E8030003D903F15404D8
:10395C0084E8030003EBCC0C8CED030ACCED047A69
:10396C0061E703F14C0103F154044FF0080C03C957
:10397C0084E80300EEE74FF0000C93E74FF0020CE5
:10398C0090E74FF0030C8DE74FF0040C8AE74FF0F3
:10399C00050C87E74FF0060C84E703F1440103F1B3
:1039AC004C04082A03C984E8030008D903F1540520
:1039BC004FF0070C94E80300C5E90001CAE74FF08B
:1039CC00070CC7E710B59FED246A041DF0EE460AFC
:1039DC002046B0EE460AFFF7B5FE2046B0EE060ACA
:1039EC00FFF7B0FE2046B0EE080AF7EE000AFFF72C
:1039FC00A9FEF0EE460A2046B0EE0A0AFFF7A2FE38
:103A0C0020469FED160AFFF79DFE2046B2EE040AF3
:103A1C00F7EE000AFFF796FEF0EE460A20469FED01
:103A2C00100AFFF78FFE20469FED0E0AFFF78AFE65
:103A3C002046B2EE060AF7EE000AFFF783FE204698
:103A4C009FED090AF0EE460AFFF77CFE2046B2EE27
:103A5C000E0ABDE8104075E60000000000001C4195
:103A6C000000244100002C410000344110B4B0F897
:103A7C00BC4FB4B100F64272002304E001331FFACC
:103A8C0083FC64450DD932F802CF8C45F6D1B1EEEA
:103A9C00400A00EB4312F1EE600A82ED040AC2ED1B
:103AAC00080A5DF8044B704710B4B0F8BC4FACB1C9
:103ABC0000F64272002304E001331FFA83FC6445D4
:103ACC000CD932F802CF8C45F6D103F296235DF86F
:103ADC00044B50F8233093ED000A70479FED020A17
:103AEC005DF8044B704700BF0000000010B4B0F844
:103AFC00BC4FACB100F64272002304E001331FFA54
:103B0C0083FC64450CD932F802CF8C45F6D103F214
:103B1C0086335DF8044B00EB830090ED000A704790
:103B2C009FED020A5DF8044B704700BF00000000D7
:103B3C00B0F8BC3F73B1013B00F6582100F654209D
:103B4C009BB201EB83010430D0F8D0220368884289
:103B5C001A60F8D1704700BF2DE9F04FDFEDAB7A5A
:103B6C0080462DED048B89B091F8B870DDF858A023
:103B7C00CDED057ACDED067ACDED077A002F00F06C
:103B8C00F7830E4691469B469FEDA18ADFEDA18AF5
:103B9C0000249FEDA19A06EB8405D5ED1A7AF4EE7C
:103BAC00C87AF1EE10FA1DDD33191B790C2B19D8DC
:103BBC00DFE813F0980355031003CD028A0240028C
:103BCC00EA0195013401C500840050000D00A9697B
:103BDC005B464A4604A80D68CDF800A02D68A8479E
:103BEC0096F8B870394601348C42D4DBDDED057A99
:103BFC009FED887AF4EEC77AF1EE10FA40F3AD83BC
:103C0C009DED067AFF27DDED077ADFED826AB4EED3
:103C1C00E67AF1EE10FA40F39983FF229FED7D7A5C
:103C2C00F4EEC77AF1EE10FA07DCF5EEC07AF1EE9D
:103C3C0010FA40F18483002300E0FF23404688F80B
:103C4C00007088F8012088F8023009B0BDEC048BB4
:103C5C00BDE8F08FA9695B464A4604A80F68CDF809
:103C6C0000A03F68B8479DF810309DF81120802BBC
:103C7C009DF81210B4D9802AB2D98029B0D906EE99
:103C8C00901A07EE903A07EE102A95ED1A6AF8EEA4
:103C9C00677A96F8B840B8EE477AF8EE666A274627
:103CAC0067EE867A214627EE067A66EE866ACDEDB9
:103CBC00057A8DED067ACDED076A94E7A9695B4626
:103CCC004A4604A80F68CDF800A03F68B847F7EE45
:103CDC00007A95ED1A6ADDED055A77EEC67ADDEDC0
:103CEC00066A9DED077A9DF8103067EEA66A96F885
:103CFC00B87027EE877A67EEA57A05EE903A9DF8B4
:103D0C0011303946F8EE655AE5EE867A05EE903AB2
:103D1C009DF81230F8EE655ACDED057AF0EE667A24
:103D2C0006EE903AE5EE867AF8EE666ACDED067A06
:103D3C00F0EE477AE6EE867ACDED077A53E7A9697D
:103D4C005B464A4604A80F68CDF800A03F68B84708
:103D5C00F7EE007AD5ED1A6AB0EE004A9DED055AE1
:103D6C00F0EE681A77EEE67ADDED065A9DED076AFD
:103D7C0025EE052A9DF8103065EEA52A65EEA73ACA
:103D8C0096F8B87066EE274A25EE277A07EE903A39
:103D9C009DF8113026EE063AF8EEE77A3946E7EE52
:103DAC00C41A67EE857A77EEA77AE1EE827AA7EEEF
:103DBC00A67A07EE903A9DF81230F8EEE77A8DED80
:103DCC00057AB0EE687AA7EEC47A67EEA57A77EE3C
:103DDC00A77AE7EE227AB0EE637AA7EEA67A07EE20
:103DEC00903AF8EEE77A8DED067AB0EE687AA7EEA7
:103DFC00C47A67EE867A77EEA77AE7EE037AB0EEAE
:103E0C00647AA7EEA67A8DED077AECE60000000046
:103E1C00CDCCCC3C00007F4300000043A9695B463D
:103E2C004A4604A80F68CDF800A03F68B847DDEDFE
:103E3C00057A9DF81010F4EEC97A9DF8112007EE62
:103E4C00101A9DF81230F1EE10FAB8EEC77A00F1A4
:103E5C00988278EEE76A38EEC77AB0EE685A76EE5A
:103E6C00A66AA6EEC75ADDED066A07EE102AF4EE36
:103E7C00C96AB8EEC77AF1EE10FA40F1928236EECA
:103E8C00A64A24EE074A9DED077A06EE103AB4EEE8
:103E9C00C97AB8EEC66AF1EE10FA40F1778277EE85
:103EAC00074A64EE864AB7EE006AD5ED1A5A96F8C0
:103EBC00B87036EE656A394666EE866A27EE067A83
:103ECC0067EE867AE5EE846AA5EEA47AE5EE857A4D
:103EDC00CDED066A8DED077ACDED057A83E6A969FD
:103EEC005B464A4604A80F68CDF800A03F68B84767
:103EFC00B7EE006AD5ED1A5AB0EE684ADDED056AE8
:103F0C0036EE656A9DED067ADDED077A78EEE63AD7
:103F1C009DF8103078EEC74A38EEE75A96F8B8702C
:103F2C0027EE067A67EE867A394666EE866A06EEE4
:103F3C00103A9DF81130B8EEC66A38EEC66AA3EE98
:103F4C00C64AB0EE686AE4EE256ACDED056A06EE67
:103F5C00903A9DF81230F8EEE66A78EEE66AA4EE36
:103F6C00E66AF0EE686AA6EE257A8DED067A07EE23
:103F7C00103AB8EEC77A38EEC77AE5EE476AE6EE45
:103F8C00A57ACDED077A2EE6A9695B464A4604A8C8
:103F9C000F68CDF800A03F68B8479DF810309DED34
:103FAC00054AF7EE007A07EE103AD5ED1A6ADDED08
:103FBC00064AB8EE477ADDED075A77EEE67A9DF8B9
:103FCC001130B4EE447A27EEA45A27EEA56AF1EE2E
:103FDC0010FA67EE847A48BFB0EE447AE6EE877A40
:103FEC00B0EE457ACDED057A07EE903A9DF8123099
:103FFC00F8EE677AF4EE647AF1EE10FA48BFF0EE60
:10400C00647AA6EEA77A07EE903AF8EE677AF4EEA9
:10401C00657A8DED067AF1EE10FA48BFF0EE657A0E
:10402C00B0EE467A96F8B8703946A6EEA77A8DEDC2
:10403C00077AD8E5A9695B464A4604A80F68CDF80B
:10404C0000A03F68B8479DF81030F7EE007A9DED60
:10405C00054A07EE103AD5ED1A6ADDED064AB8EEC0
:10406C00477ADDED075A77EEE67A9DF81130B4EE1B
:10407C00447A27EEA45A27EEA56AF1EE10FA67EE01
:10408C00847A34FE077AE6EE877AB0EE457ACDED87
:10409C00057A07EE903A9DF81230F8EE677AF4EE56
:1040AC00647AF1EE10FA74FEA77AA6EEA77A07EE00
:1040BC00903AF8EE677AF4EE657A8DED067AF1EEC9
:1040CC0010FA75FEA77AABE7A9695B464A4604A8C5
:1040DC000F68CDF800A03F68B8479DF810309DEDF3
:1040EC00054AF7EE007A05EE903A95ED1A7A9DF8AE
:1040FC001130F8EEE55ADDED064A77EEC77A9DED04
:10410C00075A96F8B870C4EE253A394624EE276A59
:10411C0067EEA46A67EE857AA3EE876A8DED056A71
:10412C0006EE103A9DF81230B8EEC66AC4EE865A06
:10413C00E7EE256ACDED066A06EE903AF8EEE66AF1
:10414C0085EE266AE7EE067ACDED077A4BE5A9698E
:10415C005B464A4604A80F68CDF800A03F68B847F4
:10416C009DF81030F7EE007AD5ED1A6A07EE103A8A
:10417C009DED054A9DF8113077EEE67ADDED064AA5
:10418C00B8EEC77A9DED075A96F8B87064EE275AC8
:10419C0027EE047A394627EEA46A67EE857AE7EEB5
:1041AC00265A07EE103A9DF81230B8EEC77A27EE71
:1041BC00247ACDED055AA6EE876A07EE103AB8EED2
:1041CC00C77A27EE057A8DED066AE6EE877ACDED95
:1041DC00077A08E5A9695B464A4604A80F68CDF83A
:1041EC0000A03F68B8479DF81030F7EE007AD5ED87
:1041FC001A6A04EE103ADDED055A9DF8113077EE8F
:10420C00E67A9DED066AB8EEC44A9DED077A96F8FB
:10421C00B87065EEA74A75EEC45A394627EE865A31
:10422C0067EE877AE5EEA64A05EE903A9DF81230D5
:10423C00F8EEE55A36EE656AF0EE455ACDED054AD4
:10424C00E6EE865A06EE103AB8EEC66A37EE467AB5
:10425C00CDED065AE6EE877ACDED077AC3E4A9696F
:10426C005B464A4604A80F68CDF800A03F68B847E3
:10427C009DF81030F7EE007AD5ED1A6A07EE103A79
:10428C009DED054A9DF8113077EEE67ADDED064A94
:10429C00B8EEC77A9DED075A96F8B87064EE275AB7
:1042AC0037EE047A394627EEA46A67EE857AE7EE94
:1042BC00265A07EE103A9DF81230B8EEC77A37EE50
:1042CC00247ACDED055AA6EE876A07EE103AB8EEC1
:1042DC00C77A37EE057A8DED066AE6EE877ACDED74
:1042EC00077A80E4A9695B464A4604A80F68CDF8B2
:1042FC0000A03F68B8479DF8103095ED1A7A07EE8C
:10430C00903A9DF8113096F8B870F8EE677A394605
:10431C0067EE877ACDED057A07EE903A9DF812306C
:10432C00F8EE677A67EE877ACDED067A07EE903A6B
:10433C00F8EE677A67EE877ACDED077A53E4FCEEF8
:10434C00E77ACDED037A9DF80C3077E4B5EEC07AC0
:10435C00F1EE10FA0ED5002260E4F5EEC07AF1EE23
:10436C0010FA29D59DED067A0027DDED077A4CE48D
:10437C00B0EE677ABCEEC77A8DED037A9DF80C200F
:10438C004CE437EEA75A25EE075A6CE578EEC75A7F
:10439C0038EEC66AF0EE684A75EEA55AE5EEC64AE6
:1043AC0081E538EEE66A38EEC77AB0EE684A36EE4A
:1043BC00066AA6EE474A66E5FCEEE77A9DED067ABC
:1043CC00CDED037ADDED077A9DF80C701DE400BF8E
:1043DC0030B583B0044601F24C51069D0095FFF7B1
:1043EC00BBFB204603B030BD10B4B0F84445B4B1AB
:1043FC0000F21A52002304E001331FFA83FC6445D7
:10440C000DD932F802CF8C45F6D1B1EE400A00EB53
:10441C004312F1EE600A82ED040AC2ED080A5DF85F
:10442C00044B704710B4B0F84445A4B100F21A52D2
:10443C00002304E001331FFA83FC64450BD932F8E6
:10444C0002CF8C45F6D1DE335DF8044B50F82330A7
:10445C0093ED000A70479FED020A5DF8044B70471C
:10446C000000000010B4B0F84445ACB100F21A5290
:10447C00002304E001331FFA83FC64450CD932F8A5
:10448C0002CF8C45F6D103F597735DF8044B00EB26
:10449C00830090ED000A70479FED020A5DF8044B13
:1044AC00704700BF0000000010B5B0F844457CB167
:1044BC0000F21A5C002304E001331FFA83FE7445FA
:1044CC0006D93CF802EF8E45F6D1184480F8082541
:1044DC0010BD00BFB0F8443573B1013B00F55E71FF
:1044EC0000F55D709BB201EB83010430D0F8F02035
:1044FC00036888421A60F8D1704700BF054B084624
:10450C0011461B7803F0FF020BB10EF0A1BB104655
:10451C00704700BF3043012000F5804143F6C6735D
:10452C002DE9F047B1F8404003443B2C12D8002C45
:10453C0001F01184651E43F6C8761A46ADB20644E6
:10454C0006EB450602E0B24201F0058432F8025F48
:10455C00132DF8D11E461A464FF0000C06E00CF154
:10456C00010C1FFA8CF5AC4240F2A88332F8025FC2
:10457C00132DF4D100F540524AF2242E3B2C9444D6
:10458C004FF0030286448CF88C2F40F29D83B1F8D7
:10459C004040002C01F065841E461A464FF0000C7A
:1045AC0006E00CF1010C1FFA8CF5AC4240F274835E
:1045BC0032F8025F012DF4D100F540523B2C9444AB
:1045CC004FF000028CF88C2F40F26983B1F8405008
:1045DC00002D01F01B841E461A464FF0000C06E01D
:1045EC000CF1010C1FFA8CF4A54240F2C48332F892
:1045FC00024F172CF4D100F540523B2D94444FF050
:10460C0000028CF88C2F40F2B983B1F84060002E78
:10461C0001F001841D461A464FF0000C06E00CF127
:10462C00010C1FFA8CF4A64240F2818332F8024F3F
:10463C00002CF4D100F540523B2E94448CF88C4F56
:10464C0040F27883B1F84050002D01F004841E46EE
:10465C001A464FF0000C06E00CF1010C1FFA8CF41A
:10466C00A54240F2E28332F8024F052CF4D100F55A
:10467C0040523B2D94444FF003028CF88C2F40F2A7
:10468C00D783B1F84060002E01F0DA831D461A463C
:10469C004FF0000C06E00CF1010C1FFA8CF4A64252
:1046AC0040F29F8332F8024F0F2CF4D100F54052A8
:1046BC003B2E94444FF000028CF88C2F40F29483E4
:1046CC00B1F84050002D01F0C1831E461A464FF040
:1046DC00000C06E00CF1010C1FFA8CF4A54240F220
:1046EC005C8332F8024F182CF4D100F540523B2D6C
:1046FC0094444FF000028CF88C2F40F25183B1F8A7
:10470C004060002E01F07C831D461A464FF0000CD1
:10471C0006E00CF1010C1FFA8CF4A64240F24F8318
:10472C0032F8024F0A2CF4D100F540523B2E94443F
:10473C004FF000028CF88C2F40F24483B1F84050BB
:10474C00002D01F06D831E461A464FF0000C06E05A
:10475C000CF1010C1FFA8CF4AC4280F0548332F84B
:10476C00024F082CF4D100F540523B2D94444FF0ED
:10477C0003028CF88C2F40F24983B1F84060002E74
:10478C0001F059831D461A464FF0000C06E00CF15F
:10479C00010C1FFA8CF4B44280F0DB8232F8024F29
:1047AC00162CF4D100F540523B2E94444FF00302EA
:1047BC008CF88C2F40F2D082B1F84050002D01F0D3
:1047CC000E831E461A464FF0000C06E00CF1010C4D
:1047DC001FFA8CF4A54240F2868232F8024F112C5B
:1047EC00F4D100F540523B2D94444FF003028CF869
:1047FC008C2F40F27B82B1F84060002E01F01683C2
:10480C001D461A464FF0000C06E00CF1010C1FFA85
:10481C008CF4B44280F0798232F8024F1B2CF4D124
:10482C0000F540523B2E94444FF000028CF88C2F34
:10483C0040F26E82B1F84070002F01F0D5821E4616
:10484C001A46002404E00134A5B2AF4240F2608362
:10485C0032F8025F1A2DF6D100F540523B2F14446A
:10486C004FF0030284F88C2F41F21083B1F840C052
:10487C001E461A46002404E00134A5B2AC4540F2B1
:10488C004F8432F8025F192DF6D100F54052032502
:10489C00BCF13B0F144484F88C5F41F25383B1F8A4
:1048AC0040601F461A46002404E00134A5B2AE4213
:1048BC0040F24C8332F8025F242DF6D100F54052C1
:1048CC0003253B2E144484F88C5F41F22983B1F804
:1048DC0040701E461A46002404E00134A5B2BD42C5
:1048EC0080F06E8332F8025F252DF6D100F5405230
:1048FC0003253B2F144484F88C5F41F23483B1F8C8
:10490C0040601F461A46002404E00134A5B2B542AB
:10491C0080F0398332F8025F262DF6D100F5405233
:10492C0003253B2E144484F88C5F41F2A782B1F826
:10493C0040701E461A46002404E00134A5B2AF4272
:10494C0040F25B8332F8025F272DF6D100F540521E
:10495C0003253B2F144484F88C5F41F2CA82B1F8D2
:10496C0040601F461A46002404E00134A5B2AE4252
:10497C0040F2608332F8025F282DF6D100F54052E8
:10498C0003253B2E144484F88C5F41F2AA82B1F8C3
:10499C0040701E461A46002404E00134A5B2BD4204
:1049AC0080F0818332F8025F292DF6D100F5405258
:1049BC0003253B2F144484F88C5F41F2A282B1F89A
:1049CC0040601F461A46002404E00134A5B2B542EB
:1049DC0080F04C8332F8025F2A2DF6D100F540525C
:1049EC0003253B2E144484F88C5F41F29182B1F87C
:1049FC0040701E461A46002404E00134A5B2BD42A4
:104A0C0080F06D8332F8025F2B2DF6D100F5405209
:104A1C0003253B2F144484F88C5F41F29C82B1F83F
:104A2C0040609C461A46002404E00134A5B2B5420D
:104A3C0080F0948332F8025F2C2DF6D100F54052B1
:104A4C0003253B2E144484F88C5F00F5704494F8D5
:104A5C00EC7C41F26D82B1F840801A464FF0000CAC
:104A6C0005E00CF1010C1FFA8CF5454509D232F822
:104A7C00025FBD42F5D100F54052944403228CF8FC
:104A8C008C2F00F5005595F8FD25012A09D841F623
:104A9C00CC0605EB820701327644C7F8946585F89D
:104AAC00FD25012241F69C17B8F13B0F774480F8A5
:104ABC00A92240F2CC81B1F84060002E01F09A811D
:104ACC001F461A464FF0000C06E00CF1010C1FFAC1
:104ADC008CF5AE4240F26B8332F8025F642DF4D158
:104AEC0000F540523B2E94444FF002028CF88C2F70
:104AFC0041F2D181B1F840701E461A464FF0000CBD
:104B0C0006E00CF1010C1FFA8CF5AF4240F2E48187
:104B1C0032F8025F692DF4D100F5405202253B2F8B
:104B2C0094448CF88C5F41F2BB81B1F840601F4615
:104B3C001A464FF0000C06E00CF1010C1FFA8CF534
:104B4C00AE4240F2528332F8025F662DF4D100F58A
:104B5C00405202253B2E94448CF88C5F41F2A88184
:104B6C00B1F840701E461A464FF0000C06E00CF1EE
:104B7C00010C1FFA8CF5BD4280F0538332F8025FB2
:104B8C00672DF4D100F5405202253B2F94448CF84C
:104B9C008C5F41F29D81B1F840601F461A464FF080
:104BAC00000C06E00CF1010C1FFA8CF5AE4240F241
:104BBC00558332F8025F682DF4D100F5405202257E
:104BCC003B2E94448CF88C5F41F2D581B1F8407047
:104BDC001E461A464FF0000C06E00CF1010C1FFAB1
:104BEC008CF5AF4240F2568332F8025F6A2DF4D155
:104BFC0000F5405202253B2F94448CF88C5F41F217
:104C0C003581B1F84050002203E0013291B2A94243
:104C1C0009D233F8021F6B29F7D100F5405302215A
:104C2C00134483F88C1F94F8FD3A3BB94CF6D853D7
:104C3C000122034484F8FD2AC4F8983A94F8753B91
:104C4C003BB94CF6E8530122034484F8752BC4F8A5
:104C5C00103B94F8ED3B3BB94CF6F853012203445E
:104C6C0084F8ED2BC4F8883B94F8653C3BB94CF6C2
:104C7C0008630122034484F8652CC4F8003C94F8C2
:104C8C00DD3C3BB94CF618630122034484F8DD2C5F
:104C9C00C4F8783CBDE8F0873C2C3FF497AC41F667
:104CAC001C1C0022F44402E0BC4241F2278036F87E
:104CBC00025F0132172D97B2F6D187E44AF2242E07
:104CCC003C2C86443FF463AC4BF6E01C002284443D
:104CDC0002E0BC4240F2428436F8025F0132012D00
:104CEC0097B2F6D153E43C2D3FF485AD41F65C1CF4
:104CFC000022F44402E0BD4240F2048636F8024F32
:104D0C0001321B2C97B2F6D175E53C2E3FF492ADD7
:104D1C0041F64C1C0022F44402E0B74280F00D85B1
:104D2C0035F8024F01321A2C97B2F6D182E53C2E9F
:104D3C003FF488AC41F2FC7C0022F44402E0BE4219
:104D4C0040F2938435F8024F0132052C97B2F6D11C
:104D5C0078E43C2E3FF430AD41F6BC0C0022F44418
:104D6C0002E0B74280F0168535F8024F0132112C63
:104D7C0097B2F6D120E53C2D3FF447AC41F2AC7C28
:104D8C000022F44402E0BD4240F2A884013236F81D
:104D9C00024F97B2002CF6D137E43C2D3FF4AFAC68
:104DAC0041F64C0C0022F44402E0BD4240F21F8557
:104DBC0036F8024F01320A2C97B2F6D19FE43C2E02
:104DCC003FF4BCAC41F62C0C0022F44402E0BE4291
:104DDC0040F2778235F8024F0132082C97B2F6D1A7
:104DEC00ACE43C2E3FF46CAC41F62C1C0022F44499
:104DFC0002E0BE4240F2DF8335F8024F0132182C3C
:104E0C0097B2F6D15CE43C2D3FF4B7AC41F60C1CE8
:104E1C000022F44402E0AF4280F0FA8336F8024FED
:104E2C000132162C97B2F6D1A7E43C2D3FF429ACF5
:104E3C0041F69C0C0022F44402E0BD4240F2618336
:104E4C0036F8024F01320F2C97B2F6D119E4B8F1B3
:104E5C00000F00F0BF8708F1FF3243F6C87692B21C
:104E6C00064406EB42061A4632F8025F642D3FF404
:104E7C0022AE9642F8D108F10106B6B200EB8805D5
:104E8C0000F5405208EB480CF7EE007A05F540555A
:104E9C0002EB480802EB8C024FF0000C05F6AC5A02
:104EAC004FF07C5902F60C02CAF800C005F69C6A59
:104EBC00CAED007AC5F8DC7A05F6CC3705F6BC45A8
:104ECC00C7F800C0C5F800C06425A8F8C85FC2F8D0
:104EDC000090A1F84060F3E541F68C183C2FF044AB
:104EEC000BD0002202E0674540F2D78636F8025F0D
:104EFC000132662D1FFA82FCF5D1B1F84060002E0C
:104F0C007FF415AE00F53C48012700F540526AE2EB
:104F1C0041F63C183C2FF0440AD0002202E0AF428C
:104F2C0040F28E8636F8024F0132192C95B2F6D12A
:104F3C00B1F840C0BCF1000F7FF49AAC41F6EC170D
:104F4C00012600F54052774400F0B4BC41F6FC1C3D
:104F5C003C2EF4440AD0002202E0B54280F0BC851D
:104F6C0037F8024F0132252C95B2F6D1B1F84070CA
:104F7C00002F7FF4AEAC41F60C2C012600F540520C
:104F8C00F44400F0DABD41F61C2C3C2EF4440AD05B
:104F9C00002202E0B54280F0F98537F8024F013269
:104FAC00272C95B2F6D1B1F84070002F7FF4C1AC2C
:104FBC0041F62C2C012600F54052F44400F017BEAB
:104FCC0041F60C2C3C2FF4440AD0002202E0AF42F4
:104FDC0040F2AF8536F8024F0132262C95B2F6D14D
:104FEC00B1F84060002E7FF48CAC41F61C2C0127EC
:104FFC0000F54052F44400F0CDBD41F62C2C3C2F72
:10500C00F4440AD0002202E0BD4280F0EC8536F870
:10501C00024F0132282C95B2F6D1B1F84060002E27
:10502C007FF49FAC41F63C2C012700F54052F44430
:10503C0000F099BC41F63C2C3C2EF4440AD00022E2
:10504C0002E0AE4240F28B8437F8024F0132292C39
:10505C0095B2F6D1B1F84070002F7FF49AAC00F500
:10506C003A4C012600F5405200F0AABC41F65C2CEB
:10507C003C2EF4440AD0002202E0B54280F0C984F0
:10508C0037F8024F01322B2C95B2F6D1B1F84070A3
:10509C00002F7FF4AEAC41F66C2C012600F540528B
:1050AC00F44400F0E7BC3C2F00F53A4C0AD0002247
:1050BC0002E0BD4280F0808436F8024F01322A2C87
:1050CC0095B2F6D1B1F84060002E7FF47AAC41F67F
:1050DC005C2C012700F54052F44400F09EBC41F6D4
:1050EC006C2C3C2FF4440AD0002202E0BD4280F02C
:1050FC00BD8436F8024F01322C2C95B2F6D1B1F8A2
:10510C004060002E7FF48DAC4FF6F04900F57044F2
:10511C004FF0010800F54052814494F8EC7CC6E154
:10512C0041F6EC17BCF13C0F77440AD0002202E0A8
:10513C00AC4540F2BA8336F8024F0132242C95B2BA
:10514C00F6D1B1F84060002E7FF4ABAB41F6FC1CFD
:10515C00012700F54052F44400F0C2BC4FF6F04970
:10516C0000F570443C2E814494F8EC7C0BD000226A
:10517C0002E0B04580F095813CF8025F0132BD42FF
:10518C001FFA82F8F5D1B1F84080B8F1000F7FF426
:10519C0064AC00F5005595F8FD25012A40F20A860D
:1051AC00012641F69C1780F8A962774466E641F621
:1051BC006C183C2EF0440BD0002202E0664540F205
:1051CC003F8137F8025F0132692D1FFA82FCF5D15D
:1051DC00B1F84070002F7FF48FAC41F68C1801268B
:1051EC0000F54052F04400F05CBD3C2E00F53C480C
:1051FC000BD0002202E0664540F2F18037F8025FE6
:10520C000132672D1FFA82FCF5D1B1F84070002FE6
:10521C007FF4A8AC41F67C18012600F54052F0440E
:10522C00B0E041F67C183C2FF0440BD0002202E099
:10523C00BC4580F0A38036F8025F0132682D1FFA5E
:10524C0082FCF5D1B1F84060002E7FF4A6AC41F69B
:10525C00BC18012700F54052F04463E041F6BC183D
:10526C003C2EF0440AD0002201E0664556D937F8AE
:10527C00025F01326A2D1FFA82FCF6D1B1F8407040
:10528C00002F7FF4A5AC41F6CC18012500F5405257
:10529C00F044DDE241F6CC183C2FF0440BD0002258
:1052AC0002E0674540F2D08236F8025F01326B2D86
:1052BC001FFA82FCF5D1B1F84050002D7FF4A3AC5D
:1052CC00B1E4751CADB200EB860400F5405206EB60
:1052DC0046074FF07E5904F5405402EB460602EBAC
:1052EC008702002704F6AC5802F60C02C8F80070CE
:1052FC0004F69C68C8F80090C4F8DCCA04F6CC3CF0
:10530C0004F6BC44CCF8007027600824A6F8C84FFB
:10531C00EC4C1460A1F84050FFF715BA771C00F55F
:10532C004052BFB200EB8605F7EE007A06EB460C56
:10533C004FF07C5905F5405502EB460602EB8C020A
:10534C004FF0000C05F6AC5A02F60C02CAF800C07D
:10535C0005F69C6ACAED007AC5F8DC8A05F6CC38ED
:10536C0005F6BC45C8F800C0C5F800C06A25A6F80B
:10537C00C85FC2F80090A1F8407029E47E1C00F5CB
:10538C004052B6B200EB8705F7EE007A07EB470CFC
:10539C004FF07C5905F5405502EB470702EB8C02A8
:1053AC004FF0000C05F6AC5A02F60C02CAF800C01D
:1053BC0005F69C6ACAED007AC5F8DC8A05F6CC388D
:1053CC0005F6BC45C8F800C0C5F800C06825A7F8AC
:1053DC00C85FC2F80090A1F84060FFF7DEBB771CF5
:1053EC0000F54052BFB200EB8605F7EE007A06EBF3
:1053FC00460C4FF07C5905F5405502EB460602EB86
:10540C008C024FF0000C05F6AC5A02F60C02CAF8EE
:10541C0000C005F69C6ACAED007AC5F8DC8A05F670
:10542C00CC3805F6BC45C8F800C0C5F800C06725E7
:10543C00A6F8C85FC2F80090A1F84070FFF792BBC5
:10544C00771CBFB200EB860500F5405206EB460C0C
:10545C00F7EE007A05F5405502EB460602EB8C029E
:10546C004FF0000C05F6AC5A4FF07C5902F60C02CA
:10547C00CAF800C005F69C6ACAED007AC5F8DC8A49
:10548C0005F6CC3805F6BC45C8F800C0C5F800C018
:10549C006925A6F8C85FC2F80090A1F84070FFF724
:1054AC002BBB06F1010800F540521FFA88F800EBFF
:1054BC008605F7EE007A06EB460C05F5405502EB37
:1054CC00460602EB8C024FF0000C05F6AC5A02F6C5
:1054DC000C02CAF800C005F69C6ACAED007AC5F841
:1054EC00DC9A05F6CC3905F6BC45C9F800C0C5F800
:1054FC0000C0754DA6F8C87F1560A1F84080FFF775
:10550C00ACBA6E1CB6B200EB850400F5405205EB4C
:10551C0045074FF07E5904F5405402EB450502EB6C
:10552C008702002704F6AC5802F60C02C8F800708B
:10553C0004F69C68C8F80090C4F8DCCA04F6CC3CAD
:10554C0004F6BC44CCF8007027600F24A5F8C84FB3
:10555C005E4C1460A1F84060FFF798B800EB84052E
:10556C004FF07E59002700F5405205F5405504EBED
:10557C00440605F6AC5802EB860602EB44020134F5
:10558C00C8F8009005F69C6806F60C06A4B2C8F89C
:10559C000070C5F8DCCA05F6CC3C05F6BC45CCF869
:1055AC0000702F600125A2F8C85F494A3260A1F84B
:1055BC004040FEF7F1BF751CADB200EB860400F560
:1055CC00405206EB46074FF07E5904F5405402EB6F
:1055DC00460602EB8702002704F6AC5802F60C02D2
:1055EC00C8F8007004F69C68C8F80090C4F8DCCACF
:1055FC0004F6CC3C04F6BC44CCF8007027601824AC
:10560C00A6F8C84F334C1460A1F84050FFF75DB8B2
:10561C006E1CB6B200EB850400F5405205EB450755
:10562C004FF07E5804F5405402EB450502EB87021F
:10563C00002704F6AC5902F60C02C9F8007004F607
:10564C009C69C9F80080C4F8DCCA04F6CC3C04F6AA
:10565C00BC44CCF8007027601624A5F8C84FC2F8DB
:10566C000080A1F84060FFF78DB8751CADB200EB5F
:10567C00860400F5405206EB46074FF07E5904F5C0
:10568C00405402EB460602EB8702002704F6AC58A6
:10569C0002F60C02C8F8007004F69C68C8F800907A
:1056AC00C4F8DCCA04F6CC3C04F6BC44CCF800705C
:1056BC0027600524A6F8C84F074C1460A1F8405089
:1056CC00FEF7C5BF0AD7A33C610B363CA10E6A3C62
:1056DC00CDCCCC3DCDCC4C3C8988883C6E1CB6B234
:1056EC0000F5405200EB850405EB450705F5F46524
:1056FC0004F540544FF07E5902EB870704F6AC5882
:10570C0002EB450507F60C020027C8F8007004F6FA
:10571C009C68C8F80090C4F8DCCA04F6CC3C04F6CB
:10572C00BC44CCF8007027600024A5F88840E64CF7
:10573C001460A1F84060FEF76DBF771CBFB200EBA0
:10574C00860400F5405206EB46054FF07E5904F5F1
:10575C00405402EB460602EB8502002504F6AC58D9
:10576C0002F60C02C8F8005004F69C68C8F80090C9
:10577C00C4F8DCCA04F6CC3C04F6BC44CCF80050AB
:10578C0025601A24A6F8C84FD04C1460A1F84070BC
:10579C00FFF755B8751CADB200EB860400F540520E
:1057AC0006EB46074FF07E5904F5405402EB4606D3
:1057BC0002EB8702002704F6AC5802F60C02C8F87C
:1057CC00007004F69C68C8F80090C4F8DCCA04F6B3
:1057DC00CC3C04F6BC44CCF8007027601124A6F82D
:1057EC00C84FBB4C1460A1F84050FEF7EABF6E1CCA
:1057FC00B6B200EB850400F5405205EB45074FF0BF
:10580C007E5904F5405402EB450502EB8702002754
:10581C0004F6AC5802F60C02C8F8007004F69C684A
:10582C00C8F80090C4F8DCCA04F6CC3C04F6BC44BE
:10583C00CCF8007027600A24A5F8C84FA34C14605C
:10584C00A1F84060FEF760BF7D1C00F54052ADB280
:10585C0000EB87064FF07E5A07EB470C4FF07C5E4F
:10586C0006F5405602EB470702EB8C024FF0000C9A
:10587C0006F6AC5902F60C02C9F800C006F69C6993
:10588C00C9F800A0C6F8DC8A06F6CC3806F6BC4689
:10589C00C8F800C0C6F800C06B26A7F8C86FC2F8DD
:1058AC0000E0A1F84050FFF7AEB90CF1010600F58D
:1058BC004052B6B200EB8C044FF07E590CEB4C0509
:1058CC0004F5405402EB4C0C02EB8502002504F667
:1058DC00AC5802F60C02C8F8005004F69C68C8F8E4
:1058EC000090C4F8DC7A04F6CC3704F6BC443D6076
:1058FC0025602424ACF8C84F744C1460A1F84060A7
:10590C00FEF7CFBF6E1CB6B200EB850400F540521B
:10591C0005EB45074FF07E5904F5405402EB450565
:10592C0002EB8702002704F6AC5802F60C02C8F80A
:10593C00007004F69C68C8F80090C4F8DCCA04F641
:10594C00CC3C04F6BC44CCF8007027601B24A5F8B2
:10595C00C84F5E4C1460A1F84060FEF751BF771C35
:10596C0000F54052BFB200EB86044FF07E5906EBB7
:10597C00460504F5405402EB460602EB8502002571
:10598C0004F6AC5802F60C02C8F8005004F69C68F9
:10599C00C8F80090C4F8DCCA04F6CC3C04F6BC444D
:1059AC00CCF8005025602924A6F8C84F494C146047
:1059BC00A1F84070FEF7EDBF7E1C00F54052B6B268
:1059CC0000EB87044FF07E5907EB470504F5405474
:1059DC0002EB470702EB8502002504F6AC5802F6F1
:1059EC000C02C8F8005004F69C68C8F80090C4F883
:1059FC00DCCA04F6CC3C04F6BC44CCF80050256060
:105A0C002A24A7F8C84F334C1460A1F84060FEF765
:105A1C00D8BF771C00F54052BFB200EB86044FF0A4
:105A2C007E5906EB460504F5405402EB460602EBA4
:105A3C008502002504F6AC5802F60C02C8F800509A
:105A4C0004F69C68C8F80090C4F8DCCA04F6CC3C98
:105A5C0004F6BC44CCF8005025602B24A6F8C84FA3
:105A6C001A4C1460A1F84070FEF7C3BF7E1C00F501
:105A7C004052B6B200EB87044FF07E5907EB470556
:105A8C0004F5405402EB470702EB8502002504F6AF
:105A9C00AC5802F60C02C8F8005004F69C68C8F822
:105AAC000090C4F8DCCA04F6CC3C04F6BC44CCF838
:105ABC00005025602C24A7F8C84F044C1460A1F8A2
:105ACC004060FEF7AEBF00BFCDCCCC3D610B363C89
:105ADC008988083DCDCC4C3D771C00F54052BFB2B7
:105AEC0000EB86044FF07E5906EB460504F5405456
:105AFC0002EB460602EB8502002504F6AC5802F6D2
:105B0C000C02C8F8005004F69C68C8F80090C4F861
:105B1C00DCCA04F6CC3C04F6BC44CCF8005025603E
:105B2C002524A6F8C84FE64C1460A1F84070FEF787
:105B3C00D0BE7E1C00F54052B6B200EB87044FF08D
:105B4C007E5907EB470504F5405402EB470702EB7F
:105B5C008502002504F6AC5802F60C02C8F8005079
:105B6C0004F69C68C8F80090C4F8DCCA04F6CC3C77
:105B7C0004F6BC44CCF8005025602624A7F8C84F86
:105B8C00CF4C1460A1F84060FEF7BBBE771C00F54B
:105B9C004052BFB200EB86044FF07E5906EB46052F
:105BAC0004F5405402EB460602EB8502002504F690
:105BBC00AC5802F60C02C8F8005004F69C68C8F801
:105BCC000090C4F8DCCA04F6CC3C04F6BC44CCF817
:105BDC00005025602724A6F8C84FBA4C1460A1F8D1
:105BEC004070FEF7A6BE7E1C00F54052B6B200EB2C
:105BFC0087044FF07E5907EB470504F5405402EB40
:105C0C00470702EB8502002504F6AC5802F60C029D
:105C1C00C8F8005004F69C68C8F80090C4F8DCCAB8
:105C2C0004F6CC3C04F6BC44CCF800502560282487
:105C3C00A7F8C84FA34C1460A1F84060FEF791BEC2
:105C4C0007F1010C1FFA8CFC00EB870400F54052A5
:105C5C0007EB47054FF07E5904F5405402EB47071C
:105C6C0002EB8502002504F6AC5602F60C023560F8
:105C7C0004F69C66C6F8009004F6CC36C4F8DC8AB0
:105C8C0004F6BC44356025601924A7F8C84F8E4C27
:105C9C001460A1F840C0FEF7EBBD7E1C00F540522D
:105CAC00B6B200EB8705F7EE007A07EB470C4FF026
:105CBC007C5905F5405502EB470702EB8C024FF07F
:105CCC00000C05F6AC5A02F60C02CAF800C005F638
:105CDC009C6ACAED007AC5F8DC8A05F6CC3805F664
:105CEC00BC45C8F800C0C5F800C06625A7F8C85F59
:105CFC00C2F80090A1F84060FEF719BF651CADB268
:105D0C0000EB840600F5405204EB44074FF07E593B
:105D1C0006F5405602EB440402EB8702002706F618
:105D2C00AC5802F60C02C8F8007006F69C68C8F86D
:105D3C000090C6F8DCCA06F6CC3C06F6BC46CCF89D
:105D4C00007037601726A4F8C86F604C1460A1F877
:105D5C004050FEF740BC00EB840500274FF07E5E00
:105D6C0000F5405205F5405504EB440605F6AC5CD5
:105D7C0002EB860602EB44020134CCF8007005F607
:105D8C009C6C06F60C06A4B2CCF800E000F53B4C7B
:105D9C00C5F8DCCA05F6CC3C05F6BC45CCF8007061
:105DAC002F601325A2F8C85F454A3260A1F8404025
:105DBC00FEF7D0BB41F6CC0605EB820701327644E8
:105DCC00C7F8946541F69C1785F8FD2501227744A8
:105DDC0080F8A92201264FF00008FFF74FB841F6D2
:105DEC005C1C0126F4448FE541F63C184FF0010C85
:105DFC00F04429E741F66C180127F044FFF722BB69
:105E0C0041F62C0C0125F444FFF75DBA41F2AC7C51
:105E1C000126F44464E441F2FC7C0125F44426E4BC
:105E2C0041F60C1C0126F444FFF7F4BB41F64C1C64
:105E3C000127F44483E441F6BC0C0125F444ABE4A3
:105E4C0041F62C1C0125F444FFF7B7BB41F64C0C72
:105E5C000126F444CDE441F69C0C0126F444FFF7F2
:105E6C0052BB41F61C1C0125F44449E741F6CC1801
:105E7C00F044002F7FF413AA0125E9E441F61C2C11
:105E8C00F444002E7FF484A8012783E641F63C18E5
:105E9C00F044FFF742B841F66C18F044FFF78CB9A8
:105EAC0041F68C18F044002F7FF41BA80126F8E66D
:105EBC0000F53C48002E7FF49CA90127FFF793BA0C
:105ECC00CDCCCC3C8988883C8988083DCDCCCC3D58
:105EDC0041F67C18F044002F7FF4A8A90126FFF7A7
:105EEC0051BA41F63C2CF444002E7FF4A8A80127AB
:105EFC0039E541F62C2CF444002F7FF483A80126BD
:105F0C0075E600F53A4C002F7FF4D1A8012657E531
:105F1C0041F65C2CF444002E7FF4ADA801277CE5FF
:105F2C0041F6FC1CF444002E7FF415A80127D7E59C
:105F3C004FF6F0498144002E7FF419A94FF0010867
:105F4C00FFF7B5BA41F6EC177744BCF1000F7FF4BC
:105F5C00EDA80126AEE441F66C2CF444002F7FF43E
:105F6C00C3A8012686E541F60C2CF444002F7FF4DF
:105F7C002CA80126E1E541F6BC18F044002E7FF474
:105F8C0072A90127FFF7CEB910B5044622F052F8DA
:105F9C00204610BD10B5044622F04CF8204610BD2A
:105FAC0010B5044622F046F8204610BD10B5044644
:105FBC0022F040F8204610BD10B5044622F03AF805
:105FCC00204610BDDFED917A2DE9F04F2DED028BBF
:105FDC0060EE278A89B007EE903A98460091044605
:105FEC00B0EE680A0592B8EEE78A20F09DF9F0EE63
:105FFC00407AB0EE680A68EE277AFDEEE77ACDEDCE
:10600C00037A20F08DF828EE000A0099B8F1000F01
:10601C00ADF81E10FDEEC07ACDED047A40F3C680CB
:10602C000023039ADFF8E89100929B461F461A461C
:10603C00CDED027A0193D51A002DB8BF6D429A426C
:10604C002DD000F3B5802ADA0026DFF8C8A123682A
:10605C00DB6A534540F09B8001F6FC014FF6FF7361
:10606C0004EB410189889942ADF81E100DD0013620
:10607C00B54202D113E0B5420FDD01F6FC01013649
:10608C0004EB410189889942F5D10020059B1980C8
:10609C0009B0BDEC028BBDE8F08FADF81E100137D6
:1060AC00B84500F08380009B93FBF8FAAAEB0B0633
:1060BC00002EB8BF7642DA454CD021DC4ADA0025F6
:1060CC00DFF854B123681B6B5B4554D101F63831B2
:1060DC004FF6FF7304EB410149889942ADF81E104D
:1060EC00D3D00135AE4202D134E0AE4240DD01F6F0
:1060FC003831013504EB410149889942F5D1C4E7A7
:10610C000025DFF818B123685B6B5B4517D101F6EE
:10611C0074514FF6FF7334F811109942ADF81E10FC
:10612C00B3D00135B54202D114E0AE4220DD01F608
:10613C007451013534F811109942F6D1A5E70DF1DF
:10614C001E0220460135984700285BD0B542BDF8A9
:10615C001E10D8D1DDE900230398D346049D0244D8
:10616C000298009290FBF8F22844CDE9012062E7F6
:10617C00ADF81E10EEE70DF11E02204601359847D2
:10618C0000283FD0AE42BDF81E109BD1E2E70DF1C6
:10619C001E02204601369847A0B3B542BDF81E102A
:1061AC007FF455AF0137B8457FF47DAF01206DE723
:1061BC00002623689B6A4B4519D104EB41014FF62D
:1061CC00FF73B1F8861D9942ADF81E103FF45DAF18
:1061DC000136AE4203D162E7AE42BFF65EAF04EBCE
:1061EC0041010136B1F8861D9942F5D14DE70DF10B
:1061FC001E0220460136984720B1AE42BDF81E1053
:10620C00D7D14CE7BDF81E1000203FE735FA8E3C85
:10621C00B1060000C9060000E506000001070000F9
:10622C002DE9F04F00F58056834696F85E3F2DED34
:10623C000E8B85B0002B40F0238100F68652DFEDEB
:10624C00A8DA9FEDA8BACDE90023019A95B2002BEC
:10625C0040F0CF809BF80830002B40F0F780DBF843
:10626C00043003EBC203D3ED009A93ED019A4FF087
:10627C00FF37B7EE00EAB0EE6DDA0024B0EE6DCA6F
:10628C00B846F0EE6DCABA46F0EE6DBAB94649E0C2
:10629C009BF80830002B40F0BB80DBF8043003EB9C
:1062AC00C40393ED00AAD3ED01AA79EECA8A39EEA4
:1062BC006A8A28EE080AA8EEA80AB5EE400AF1EEA2
:1062CC0010FA00F1D880F1EEC07AF0EEE88AF4EE24
:1062DC00CE8AF1EE10FA0CD5F4EEC9AAF1EE10FA52
:1062EC003EDDF4EEEB7AF1EE10FA39D5F0EE67BA4A
:1062FC00A146B0EEC88AB4EECE8AF1EE10FA0CD5F7
:10630C00B4EEE9AAF1EE10FA38D5F4EECC7AF1EE4F
:10631C0010FA33D5B0EE67CAA046013440F23B23E5
:10632C009C423DD0A2B29542F7D096F85E3F002B2E
:10633C00AED09BF80830002B74D1DBF800305946F6
:10634C0002A89B689847DDED029AF0EE4BAA9DEDF2
:10635C00039AB0EE4BAAF0EE698AB0EE498AA8E730
:10636C00F4EEC9AAF1EE10FAC3D5F4EEEC7AF1EE24
:10637C0010FABED5F0EE67CAA246BAE7B4EEE9AAA7
:10638C00F1EE10FAC9DDF4EECD7AF1EE10FAC4D5C7
:10639C00274640F23B230134B0EE67DA9C42C1D170
:1063AC00B9F1FF3F02D0009BA3F80090BAF1FF3F78
:1063BC0002D0009BA3F876A4B8F1FF3F02D0009B5B
:1063CC00A3F8EC88019A781C40F23B23009902F167
:1063DC000102019231D0A1F8627D9A4201F10201D1
:1063EC0000912ED0019A96F85E3F95B2002B3FF4A7
:1063FC0031AF9BF808309BBBDBF800302A4659467E
:10640C0002A89B689847DDED029A9DED039A2EE752
:10641C00C4EB447141F2D012DBF8043002EBC10240
:10642C0013443EE740F23A21DBF8003002A8891A07
:10643C009B688AB25946984785E702319A42009187
:10644C00D0D105B0BDEC0E8BBDE8F08FC2EB427025
:10645C0041F2D012DBF8043002EBC002134402E725
:10646C0040F23A22DBF80030594602A8521B9B68D6
:10647C0092B29847C7E71FF037FBF0EE407A24E75B
:10648C00B6F8604F00F68651002340F2392EC4EB6B
:10649C00C43622464FEA440940F23A287600B6B296
:1064AC007245A2EB090506EB020C03F1FF37D8BFCE
:1064BC000A80012DB3FBF4F004FB1030C8BFA1F827
:1064CC0076C418B1012B01DDA1F8EC78434502F13B
:1064DC00010203F10103B4D0A1F8623D0231DFE700
:1064EC00FFFF7F7F0000000030B50B688DB00C46BD
:1064FC0005461B68684698476468F7EE007A9FED7E
:10650C004F7AD4ED005A94ED015A75EEE77AF0EE1D
:10651C00E77AF4EEC77AF1EE10FA72D5F0EEC57A9E
:10652C00D4ED024AF4EEC77AF1EE10FA6CD494ED85
:10653C00034AD4ED057AD4ED042A25EE676A94ED6E
:10654C00063A67EEA56AD4ED073A24EE677A67EE51
:10655C00A47AA2EEA56AE2EE856AA2EEA47AE2EE35
:10656C00847AA3EE646AE3EE046AA3EE257AE3EE82
:10657C00457AA3EEC46AE3EEE46AA3EE857AE3EE11
:10658C00A57A8DED086ACDED096A8DED0A7ACDED0F
:10659C000B7A94ED0C5A02A894ED0B6A05AADDED6A
:1065AC00016A08A9D4ED0D7A9DED007A66EE856A34
:1065BC00DFED235A27EE067A67EEA57ACDED066A53
:1065CC008DED057ACDED077A08F0AEFC94ED095A05
:1065DC002846D4ED0A5A94ED086ADDED036A9DED68
:1065EC00047ADDED027A76EE856A37EE257A77EE5F
:1065FC00867AC5ED016A85ED027AC5ED007A0DB09B
:10660C0030BDD4ED024A92E7F0EEE47A94ED034A01
:10661C00F4EEC77AF1EE10FA8BD5F0EEC47AF4EE04
:10662C00C77AF1EE10FA84D563692169A2690993DE
:10663C00E36908910A920B93ABE700BF6F12833AA0
:10664C000000000030B50B688DB00C4605465B6849
:10665C00684698476468F7EE007A9FED4F7AD4ED60
:10666C00005A94ED015A75EEE77AF0EEE77AF4EE03
:10667C00C77AF1EE10FA72D5F0EEC57AD4ED024A73
:10668C00F4EEC77AF1EE10FA6CD494ED034AD4ED23
:10669C00057AD4ED042A25EE676A94ED063A67EE86
:1066AC00A56AD4ED073A24EE677A67EEA47AA2EED7
:1066BC00A56AE2EE856AA2EEA47AE2EE847AA3EEF3
:1066CC00646AE3EE046AA3EE257AE3EE457AA3EE60
:1066DC00C46AE3EEE46AA3EE857AE3EEA57A8DED67
:1066EC00086ACDED096A8DED0A7ACDED0B7A94ED41
:1066FC000C5A02A894ED0B6A05AADDED016A08A9F3
:10670C00D4ED0D7A9DED007A66EE856ADFED235AA5
:10671C0027EE067A67EEA57ACDED066A8DED057A41
:10672C00CDED077A08F000FC94ED095A2846D4ED1B
:10673C000A5A94ED086ADDED036A9DED047ADDEDED
:10674C00027A76EE856A37EE257A77EE867AC5ED93
:10675C00016A85ED027AC5ED007A0DB030BDD4ED3D
:10676C00024A92E7F0EEE47A94ED034AF4EEC77A2B
:10677C00F1EE10FA8BD5F0EEC47AF4EEC77AF1EEA6
:10678C0010FA84D563692169A2690993E3690891B8
:10679C000A920B93ABE700BF6F12833A0000000024
:1067AC0008B51DF041FCBDE808401DF025BE00BF3A
:1067BC002DE9F04F437D87B00390002B00F06682EB
:1067CC00039B1B7D002B00F08282039BAF4CDB688C
:1067DC001B68186802689269A24240F0A382076A9B
:1067EC00586803689B69A34240F09982D0F820B0A6
:1067FC000BF124034FF0000907F12402DFF894A2F7
:10680C0098460293A24E5B46BB464F46C146009249
:10681C000192DBF80020B9B21269524540F0568162
:10682C000198039C524590F8008094F810C045786C
:10683C0018FB0CF815FB0CF5A6FB08488478A6FB96
:10684C00050514FB0CF4C8F3C718C5F3C715A6FB54
:10685C000404C4F3C71440F04C81019880F8008004
:10686C00457084701A681269524540F03981484667
:10687C00039C524590F8008094F810C0457818FBA2
:10688C000CF815FB0CF5A6FB08488478A6FB05054F
:10689C0014FB0CF4C8F3C718C5F3C715A6FB040406
:1068AC00C4F3C71440F0F880019A013789F80080CE
:1068BC0009F10309033209F8025C09F8014C019251
:1068CC0040F23B229742A4D15F469B46002407F23C
:1068DC002F430BF22F4801930123CDF80C80049326
:1068EC0066E01FFA84F81B6940F259165345A6EB73
:1068FC000806B6B240F05181039B93F80090039BBD
:10690C005D7803982D028178204645EA094504F507
:10691C00AD7929431CF00EFCDBF800301B695345A4
:10692C0040F01F81029B1B78029A557802982D0229
:10693C008178484604F5AD6945EA034529431CF0C6
:10694C00F9FB3B681B69534540F0F180019B1B78B8
:10695C00019A557801982D028178484604F2C26656
:10696C0045EA034529431CF0E5FB3B681B6953458D
:10697C0040F0C680009B93F80090009B5D780098D7
:10698C002D028178304645EA094529431CF0D2FB9B
:10699C00049B013401330493009B03330093019B4C
:1069AC00033B0193029B03330293039B033B03932F
:1069BC00B4F5AD7FDBF8003093D3A2B21B6904F5BC
:1069CC00AD78C2F5657653450592B6B240F0458177
:1069DC00039B93F8B196039B93F8B256039B03F277
:1069EC00B1602D028178404604F52D7845EA0945C1
:1069FC0029431CF09FFBDBF800301B69534540F02A
:106A0C001381029B93F80090029B5D7802982D02F3
:106A1C008178404604F2C26845EA094529431CF0D6
:106A2C0089FB3B681B69534540F0E780019B93F859
:106A3C00B196019B93F8B256019B03F2B1602D0203
:106A4C008178404604F61C0645EA094529431CF0AA
:106A5C0071FB3B681B69534540F0B880009B93F871
:106A6C000080009B5D7800982D028178304645EAC5
:106A7C00084529431CF05EFB049B40F23B229342E9
:106A8C0086D107B0BDE8F04F1DF0B6BCB1040000D4
:106A9C0081808080E505000001980137049309F19D
:106AAC000309033001901846904740F23B2380F8CD
:106ABC0000809F424570049B84703FF405AFDBF867
:106ACC000020B9B2126952453FF4AAAE5846CDE93E
:106ADC0004139047DBF80020DDE904131269A0E6EB
:106AEC001846059104939047049B05991A681269FE
:106AFC00BEE6CDE9041358469047DDE90413ADE634
:106B0C004146384698473B6890F800901B695345BE
:106B1C003FF433AF4146384698473B6845781B698C
:106B2C0053453FF42CAF41463846984728E7314649
:106B3C00384698473A680378126952453FF408AFD3
:106B4C0005933146384690473A6845781269059B5B
:106B5C0052453FF4FFAE0593314638469047059BAE
:106B6C00F9E6414658469847DBF80020037812694D
:106B7C0052453FF4D9AE0593414658469047DBF851
:106B8C00002045781269059B52453FF4CFAE059322
:106B9C00414658469047059BC9E6314658469847AA
:106BAC00DBF8003090F800901B6953453FF4A7AE1A
:106BBC00314658469847DBF8003045781B695345F9
:106BCC003FF49FAE3146584698479BE605993846A8
:106BDC0098473B6890F800801B6953453FF441AFE0
:106BEC000599384698473B6845781B6953453FF4EF
:106BFC003AAF05993846984736E7314638469847B4
:106C0C003B6890F800901B6953453FF412AF314636
:106C1C00384698473B6845781B6953453FF40CAFA1
:106C2C003146384698470AE7059958469847DBF8A5
:106C3C00003090F800901B6953453FF4E5AE059980
:106C4C0058469847DBF8003045781B6953453FF4AC
:106C5C00DDAE059958469847D9E6314658469847CF
:106C6C00DBF8003090F800901B6953453FF4B3AE4D
:106C7C00314658469847DBF8003045781B69534538
:106C8C003FF4ACAE314658469847AAE64B4B01242C
:106C9C001A1D447552E8001F9868DD6842E80041EF
:106CAC000029F7D1464A52681969531B4FF47A727E
:106CBC00A3FB0131039B02FB00F0914294BF4018EF
:106CCC0080189860039B1B7D002B7FF47EAD3B4BA3
:106CDC0001241A1D52E8001F9868DD6842E8004143
:106CEC000029F7D136494968491B1D69A1FB0515D7
:106CFC004FF47A7101FB00F08D4294BF401940189B
:106D0C00039DD5E901152944814211D8039A137DBD
:106D1C00002B7FF45AAD538A1475138255E59847AE
:106D2C00834665E59047039B0746DB681B6857E580
:106D3C00012552E8001F9968DC6842E800500028E1
:106D4C00F7D11F484068001B1C690125A0FB0404F7
:106D5C004FF47A7000FB01F1844294BF09190918B1
:106D6C00039CA068091AA07C00FB01F16068B1FBD0
:106D7C00F0F1217452E8001F9968DC6842E8005079
:106D8C000028F7D10E4A52681869131B4FF47A7217
:106D9C00039CA3FB003002FB01F3A268E17CB0F57D
:106DAC007A7F94BF1B1803F57A739B1A626801FBF8
:106DBC0003F3B3FBF2F3637407E500BF3043012028
:106DCC00001000E02DE9F04F8DB0BB4A02908068B6
:106DDC0003681B68934240F067831DF025F91DF092
:106DEC000BFBB64C0025B6490122636A1D61996400
:106DFC00B4495A6299624FF43031D9624FF00111A3
:106E0C00986C186504F114001D6299651A6121F0E3
:106E1C0027F921F02DF921F027F9722240F2011304
:106E2C0004F1140084F8B920A4F843311CF078FE66
:106E3C00002800F0EB812B46626A0025A049156101
:106E4C0084F86C31012391649E49536291624FF432
:106E5C003031D1624FF00111906C106515629A4877
:106E6C009165136121F0FCF821F002F921F0FCF896
:106E7C00722240F20113944884F8B920A4F84331EB
:106E8C001CF04EFE002800F0E78228464FF400620A
:106E9C00002184F8740100278C4820F05BF8636AA9
:106EAC00874A1F6187499A6401225A6299624FF49A
:106EBC003031D9624FF00111986C18651F6282480D
:106ECC0099651A6121F0CCF821F0D2F821F0CCF8B8
:106EDC00782240F201137C4884F8B920A4F843319D
:106EEC001CF01EFE0546002800F01182029B03F5E3
:106EFC00804686F83071029BA26803F50053C6F8F1
:106F0C00442193F81037272B0ED8714A190102EB44
:106F1C0003135158D8684A6802434A6038219A686A
:106F2C005B68116015221A60029B93F8BC32272B08
:106F3C0084F8E4390FD8664A190102EB031351584F
:106F4C00D8684A6822EA00024A6038219A685B686D
:106F5C00116015221A605F4900265F4D4A6C4B6C1C
:106F6C00486C2A4003F0030300F0E0000243134393
:106F7C0043F446734B6401F580414A6C4B6C486C8E
:106F8C002A4003F00303554D00F0E000024354483F
:106F9C0013434FF4FA5243F446734B64102320F816
:106FAC00042B40F6B7324F49A4F8E669A4F8EC3943
:106FBC00A4F8F0691DF076FD029B85F8D06193F87A
:106FCC00BE2293F8BD12484B484E27291846029210
:106FDC0084F8F229464A40F8406F9A609A624FF062
:106FEC003F425E66434E9A639A6103F148029E6685
:106FFC0003F5DE734660C4F84C3AD5F8CC31936295
:10700C00D5F8C83153624FF0C803A4F8AC3B0FD885
:10701C002F4B0A01384F1524985803EB0113426883
:10702C00DE6822EA060242609A685B6817601C60A0
:10703C004FF4FA734FF0000E95F8D4714FF6FF76BB
:10704C00DFF8B8805FFA8EF0DFF8B49085F8D111D4
:10705C00A5F8D231002F55D0BB464FEA9E0300F065
:10706C00030409EB9E024FF0FF0A05EB4303B3F850
:10707C00E8111303490001EB0231B1EB023F09D9CE
:10708C001A8802335FFA82FC644508BF4FEA122A61
:10709C009942F5D80130BEF10C0F08F801AB5FFA3C
:1070AC0080FC6FD00EF1010E002F4CD15F465FFAC1
:1070BC008EF0002FD0D125E0B13E000030430120EE
:1070CC003B372819B80B050544430120A84401207F
:1070DC00381D002000400C4000FCFFFF285401200C
:1070EC00E036002069010100244D012000004345D9
:1070FC00000080BF0000484238F00100005601201B
:10710C00F0010600DFF84CC3C9490CF11E0A0A460F
:10711C00002401F5805103E08B421FFA8BF407D257
:10712C00134604F1010B33F8022BB2421A46F3D189
:10713C002CF8024FE245EAD14FF001034FF0010B5E
:10714C0085F8D43189E70CF1FF36BA4BBA4F1E449F
:10715C004FEA9C030CF0030407EB9C0105EB430383
:10716C000A03B3F8E8315B0003EB0133B3EB013FE7
:10717C0001F27184FF200CF1010C06F8010FBCF137
:10718C000D0FE5D1AD4BB5F8EE0103EB4000984285
:10719C0065D9FF241A880233D1B2022908BF140A18
:1071AC009842F7D1FF2C5AD00A230221029845F6B7
:1071BC00BF5285F8093285F8080285F80A3285F83D
:1071CC000B1285F80C3285F80D1285F80E1285F825
:1071DC000F3285F8103285F8113285F8123285F8A5
:1071EC00133285F81432964996481DF05BFC002248
:1071FC0095F85D3285F815222BB9934A0123C5F811
:10720C00202285F85D320DB0BDE8F08FD4F8540122
:10721C0008B120F00FFF10208C4F20F003FF392312
:10722C000646476003700023C4F85401012503721D
:10723C002023C360384620F013FF3378357238466C
:10724C00AB4084F8B93040F20113A4F843311CF080
:10725C0067FC0646002800F06F840023ECE5002450
:10726C0001264FF0030805272146204685F8D84112
:10727C000BF0F6F94146304685F8D9810BF0F0F960
:10728C003946022085F8DA710BF0EAF940463146AE
:10729C0085F8DB610BF0E4F93946042085F8DC71E4
:1072AC000BF0DEF93846314685F8DD610BF0D8F984
:1072BC003146062085F8DE610BF0D2F9072108462D
:1072CC0085F8DF110BF0CCF92146082085F8E04158
:1072DC000BF0C6F92146092085F8E1410BF0C0F905
:1072EC0021460A2085F8E2410BF0BAF921460B2021
:1072FC0085F8E3410BF0B4F921460C2085F8E44104
:10730C000BF0AEF921460E200BF0AAF94CE7D4F89D
:10731C00A409B4F98229002800F0DA87D31D48BFEC
:10732C0002F10E03B4F98029DB1003FB02F20021F9
:10733C001FF010FEB4F98239B4F98019202B40F3F8
:10734C00B580A3F14006B1F152024FF0000836B2FD
:10735C0048BFA1F15102002E4FEA6202B8BF0136BC
:10736C001FFA82FB761000233949B7B25A469E4267
:10737C0001EB0800B4BF4FF0000C4FF0010C08E01B
:10738C006D00EDB229060DD401330132522B92B2AD
:10739C0046D013F0070F19B2F2D100EBE1010D7AD0
:1073AC002906F1D511B20029EEDBB4F984E98E453A
:1073BC00EADDBCF1000FE7D0B4F986E9B645E3DDB0
:1073CC0094F892E9BEF1020F01F01281BEF1030FA5
:1073DC0001F0FF80BEF1010F01F01C81B4F980A90E
:1073EC00B946B646BEF1000F03F1010302F10102EA
:1073FC00B8BF0EF1070E522B92B24FEAEE0E1EFBE7
:10740C000A1109F0070E4FF0010909FA0EFED4F823
:10741C00A49919F801A04EEA0A0E09F801E0B8D1B6
:10742C0008F10B087E1CB8F5307F36B29BD1B3E067
:10743C0000001F6000560120F001060000301F60A4
:10744C00D1FF0000EC36002094560120444301206B
:10745C00801E00600E560120D4F8700108B120F097
:10746C00E9FD10209D4F20F0DDFD5223002506463E
:10747C00037020234760C360C4F87001057238465E
:10748C0020F0EEFD3378384601275B00377240F26E
:10749C00011684F8B930A4F843611CF041FB0028B4
:1074AC0000F0B0840020F1E498479AE4B1F1730243
:1074BC004FF0000848BFA1F17202B3F120064FEA69
:1074CC00620248BFA3F11F061FFA82FB761000234D
:1074DC008349B7B25A469E4201EB0800B4BF4FF045
:1074EC00000C4FF0010C08E06D00EDB229060ED433
:1074FC0001330132732B92B247D013F0070F19B23C
:10750C00F2D100EBE10191F8C8522906F0D511B285
:10751C000029EDDBB4F984E98E45E9DDBCF1000FFF
:10752C00E6D0B4F986E9B645E2DD94F892E9BEF10D
:10753C00020F00F0FE86BEF1030F00F0EB86BEF1E9
:10754C00010F01F03C80B4F980A9B946B646BEF1F2
:10755C00000F03F1010302F10102B8BF0EF1070E97
:10756C00732B92B24FEAEE0E1EFB0A1109F0070EB6
:10757C004FF0010909FA0EFED4F8A49919F801A0EC
:10758C004EEA0A0E09F801E0B7D108F10F087E1C8B
:10759C00B8F5F07F36B29AD10223D4F8A05984F80A
:1075AC00A939002D00F06E843C23284684F8A839B4
:1075BC0020F056FD94F9AF39002B80F2AF85D4F84A
:1075CC00D019002247482B6981421A6101F230819F
:1075DC004549012299645A624FF430324349996209
:1075EC00DA62996C002219654FF001111A620122BE
:1075FC0099651A613E481CF025FBB4F882193D4888
:10760C000139C9B20FF038FB3B481CF01BFB94F955
:10761C00A9393848012B0CBF102114210FF02CFB79
:10762C0036481CF00FFBD4F88039354A8F21934231
:10763C0084F8D8190CD002F50012934200F0F487AC
:10764C00304A934201F08E812F4A934201F07F81A0
:10765C0002252848DA210FF00FFB294625480FF0A8
:10766C000BFB812123480FF007FB94F8D819214814
:10767C000FF002FBD9211F480FF0FEFA94F9A9393B
:10768C001C48012B0CBF2221F1210FF0F5FAD4F884
:10769C00A009002800F0D38740F2011294F8A83911
:1076AC00DFF868805B00A0F82F21026880F8A53015
:1076BC001368434541F04581B0F830312BB10223BA
:1076CC0080F82F31002380F8A630DFF844A0012584
:1076DC004FF002090AF106062F4632E0444301201E
:1076EC00801E00607F1A06003B372819B80B050571
:1076FC0028230060A84C01202C230060302300605C
:10770C00800020006000100040002000592B010078
:10771C00811E00600135ADB203681AF8011C1B68AC
:10772C00434540F05C81B0F8303133B190F82F31E3
:10773C00882B2CD94760D4F8A0090AF1010A5645C8
:10774C0031D0882DE6D11CF0EBF994F8A839D4F897
:10775C00A0095B00026880F8A53040F20113A0F884
:10776C002F311368434540F0AC85B0F83031002B15
:10777C0000F0E081002380F82F91022580F8A630DC
:10778C0013681AF8011C434540F029812B460AF175
:10779C00010AC2180133564580F82F31D4F8A009DC
:1077AC0082F8A510CDD11CF0BBF9D4F8A039002B70
:1077BC0001F04D80D4F8D41900228E481B69814207
:1077CC001A6100F2EC868C49012299645A624FF4DA
:1077DC0030328A499962DA62986C0122002118656C
:1077EC00104619624FF0011199651A61029B03F55D
:1077FC008046D4F8983986F83001002B00F0C88602
:10780C00B4F9822900217E4BD4F8A409C4F8983924
:10781C00D31D48BF02F10E03B4F98029DB1003FB22
:10782C0002F21FF097FB012176480FF015FBD4F8FC
:10783C00A039002B00F0EC80D4F8D01900226D4850
:10784C001B6981421A6100F28D856B4A9A64012290
:10785C005A626A4A9A624FF43032DA629A6C6A4817
:10786C001A6500221A624FF001129A6501221A6100
:10787C001CF0E8F9B4F98039402B00F04F8100215D
:10788C0060480FF0F9F9B4F880195E480139C9B2B3
:10789C000FF0F2F9B4F98229B4F88079D31DD4F839
:1078AC00A009D4F8A45948BF02F10E03DB1017FB52
:1078BC0003F7BFB2002800F0628594F8A839DFF80E
:1078CC004C815B0080F8A53040F20113A0F82F31F9
:1078DC0003681B68434541F02E80B0F830312BB162
:1078EC00022380F82F31402380F8A63007F1FF39AE
:1078FC001FFA89F9002F4ED0AB1C012705F1010BA3
:10790C004FF0020A99443D4615E00137BFB20368B7
:10791C001BF8011C1B68434565D1B0F8303133B1FD
:10792C0090F82F31882B2AD94560D4F8A0090BF197
:10793C00010BD9452FD0882FE7D11CF0F1F894F822
:10794C00A839D4F8A0095B00026880F8A53040F291
:10795C000113A0F82F311368434540F0FC84B0F8B4
:10796C003031002B43D0402380F82FA1022780F820
:10797C00A63013681BF8011C434534D13B460BF170
:10798C00010BC2180133D94580F82F31D4F8A00966
:10799C0082F8A510CFD11CF0C3F8D4F8A039002B75
:1079AC0000F07D87D4F8D419002212481B6981425B
:1079BC001A6100F2A284104A9A6401225A620F4A98
:1079CC009A624FF43032DA629A6C1A6500221A62AB
:1079DC004FF001129A6501221A61FFF78CBA984791
:1079EC00D4F8A009A9E69847D4F8A0099FE7022784
:1079FC009DE700BF7F1A06003B372819B80B050519
:107A0C0034230060A84C012044230060592B010052
:107A1C00D4F89C39002B71D0D97CD4F8DC29D4F85B
:107A2C00E059002939D072B6D97CCF0708D54FF070
:107A3C00E02C5F69DCF8800138409862CCF880015A
:107A4C00880708D54FF0E02C9F69DCF8840138409A
:107A5C00D862CCF884014F0708D54FF0E02CDF69D1
:107A6C00DCF8880138401863CCF88801080708D581
:107A7C004FF0E02C1F6ADCF88C0138405863CCF8CE
:107A8C008C01C90608D54FF0E027586AD7F8901139
:107A9C0001409963C7F8901162B69968914200F061
:107AAC004787D4499A608969D348C1F30117C1F358
:107ABC00826100EB87000131D0F88072B7FBF1F0E6
:107ACC00002A40F029878F420ED301460131B1F5CF
:107ADC00817F80F0B387022940F2AD8702394808D4
:107AEC00020242EA00420A43DA601B680021196173
:107AFC00032159621A6401221D661A61D4F8BC294B
:107B0C00D4F8CC191368BD4823EA010313601CF0A8
:107B1C0099F8B4F98039402B7FF4B1AE2021B848E4
:107B2C000FF0AAF8B4F88019B5481F31C9B20FF09C
:107B3C00A3F8AFE6022500E6922300952A46D4F876
:107B4C0054018DF8143005AB19461BF071FC9DF8EF
:107B5C001470AB2F7FF481ABFC232A4605A9D4F813
:107B6C0054018DF8143081238DF8103004AB1CF0C7
:107B7C004DFF94F8613105A9D4F8540165F3010364
:107B8C00C3F3011284F8613103F00C0343EA82134E
:107B9C002A4643F001038DF814308F238DF81030F2
:107BAC0004AB1CF033FF94F869312A4605A966F33F
:107BBC000003D4F854018DF81070802784F86931D3
:107BCC0003F006038DF8143004AB1CF01FFF94F87F
:107BDC005D312A4605A966F38613D4F854018DF855
:107BEC00107084F85D3103F03F038DF8143004AB52
:107BFC001CF00CFFB4F85C0104AB2A46C0F3403116
:107C0C00C0F3803CC4F8586149018DF8107041EA0A
:107C1C008C11C0F3002C41EA0C01C0F3003C41EA8A
:107C2C000C11C0F3C02C41EACC0120F49F6CC0F3C2
:107C3C0040202CF0070C41EA4001D4F85401A4F880
:107C4C005CC18DF8141005A91CF0E0FE94F85D31B0
:107C5C002A4605A966F34103D4F854018DF8107037
:107C6C0084F85D3103F07D038DF8143004AB1CF007
:107C7C00CDFE94F85D312A4605A966F30413D4F8B9
:107C8C0054018DF8107084F85D3103F06F038DF89A
:107C9C00143004AB1CF0BAFE94F85D312A4605A9E9
:107CAC0066F34513D4F854018DF8107084F85D31E7
:107CBC0003F05F038DF8143004AB1CF0A7FEE72330
:107CCC0032463146D4F854018DF8143005AB1CF013
:107CDC009DFE94F85D312A4605A966F30003D4F89D
:107CEC0054018DF8107084F85D3103F07E038DF82B
:107CFC00143004AB1CF08AFE0A200AF049FF94F8F9
:107D0C005D312A4605A943F00103D4F854018DF8DE
:107D1C00107084F85D3103F07E0343F001038DF89D
:107D2C00143004AB1CF072FE0A200AF031FF94F8F8
:107D3C0068312A4605A966F30103D4F854018DF87D
:107D4C00146084F86831AA238DF8103004AB1CF051
:107D5C005DFE94F865312A4605A965F38713D4F8BE
:107D6C00540184F8653103F03F0343F040038DF870
:107D7C001430A2238DF8103004AB1CF047FE94F89D
:107D8C006631022205A9D4F8540162F346132A463F
:107D9C0084F8663103F01F0343F040038DF8143070
:107DAC00A3238DF8103004AB1CF030FE32232A468E
:107DBC0005A98DF81430A023D4F854018DF8103097
:107DCC0004AB1CF023FEC92204AB05A984F867217F
:107DDC008DF81420A622D4F854018DF810202A46D0
:107DEC00C4F8586184F85C611CF010FE2B46FFF758
:107DFC0023B800BF00C00F40381D00204423006092
:107E0C00A84C012006230B9006908DF82600D4F880
:107E1C007001ADF82460ADF82230ADF8103005904B
:107E2C00002800F0AC850DF127033A4604A9009711
:107E3C001BF0FEFA00283FF429A89DF82400002826
:107E4C003FF424A89DF82630002B00F00B85012868
:107E5C009DF827300FD09DF82820022842EA0323F2
:107E6C0009D09DF82920032842EA032303D09DF86A
:107E7C002A2042EA0323A3F1C200B0FA80F04009A1
:107E8C00FFF704B894F9AD19B14ACBB2272B0FD830
:107E9C0018014FF0380C02EB031315271558DE6848
:107EAC0068683043686098685B68C0F800C01F6001
:107EBC0094F9AE59EBB2272B0ED8180102EB031331
:107ECC001658D3E9027C70685B6840EA0C0070605D
:107EDC00382038601520186002EB01130901DB68AB
:107EEC00C4F8C83953582901C4F8B83902EB051342
:107EFC005158DB68C4F8BC19C4F8CC390868034382
:107F0C000B60D4F89C39002B00F04E855968B827CB
:107F1C00DFF848824FF0020BDFF84CE28D4ED1E9CE
:107F2C0000C0DCF8005025EA0000CCF80000D8F8BE
:107F3C00180000EA0E0E4EEA0606C8F818601E7C01
:107F4C0001EB060801EB860698F8100002EB001016
:107F5C00806807605D7C01EB050E01EB85059EF8E2
:107F6C00200002EB001080680760987C01EB000990
:107F7C0001EB800099F830A0039002EB0A1ADAF8B2
:107F8C0008A0CAF800704868DCF800700743CCF809
:107F9C000070776998F8106002EB06167668376007
:107FAC006E6A9EF8205002EB05156D682E6099F8EC
:107FBC00305002EB05156D680398406B2860C86B58
:107FCC0099F838500560C86998F81850C96A056066
:107FDC009EF8280008600F211868C0F810B0816561
:107FEC00D97C00293AD072B6D87CC70708D54FF097
:107FFC00E0255E69D5F8801131409962C5F8801191
:10800C00860708D54FF0E0259E69D5F884113140DC
:10801C00D962C5F88411450708D54FF0E025DE6913
:10802C00D5F8881131401963C5F88811010708D5B6
:10803C004FF0E0251E6AD5F88C1131405963C5F814
:10804C008C11C70608D54FF0E0205D6AD0F890116E
:10805C0029409963C0F8901162B618683E4D996832
:10806C00A94200F0F5843D499D6089693C4FC1F3FC
:10807C00011602EB8606C1F38262D6F88012013239
:10808C00B1FBF2F1B94240F2E084364AA2FB016244
:10809C00120DB1FBF2F1A94288BF0132B2F5817F1A
:1080AC0080F0C684022A40F2D084023A5508290294
:1080BC0041EA05410A43DA60002101610321416272
:1080CC0002640722026601220261DA7C12B3D6072F
:1080DC0004D5986A4FF0E021C1F80001950704D54A
:1080EC00D86A4FF0E021C1F80401500704D5186B91
:1080FC004FF0E021C1F80801110704D5586B4FF07F
:10810C00E021C1F80C01D70604D59A6B4FF0E0239F
:10811C00C3F8102194F9AF39002B4DDB272B25DC4C
:10812C0019010B4A152502EB03135258D8685168F4
:10813C000143382051609968086058680560DB6815
:10814C005068184200F0E583C2F884300EE000BF9E
:10815C00381D00201000000800093D0000C00F4031
:10816C00FF083D0083DE1B43CFFFFFE301200AF035
:10817C000FFD94F8AF39272B0BD81901AA4A02EB43
:10818C0003135258D9685068084200F0BE83C2F8F5
:10819C0088100A200AF0FCFC94F8AF39272B0BD876
:1081AC001901A14A02EB03135258D96850680842CE
:1081BC0000F0A783C2F88410D4F8A059002D7FF4E6
:1081CC00FEA9D4F89C39002B71D0D97CD4F8DC29C9
:1081DC00D4F8E059002939D072B6D87CC60708D536
:1081EC004FF0E0275E69D7F8801131409962C7F8EB
:1081FC008011810708D54FF0E0279E69D7F88411CC
:10820C003140D962C7F88411470708D54FF0E027F1
:10821C00DE69D7F8881131401963C7F88811060751
:10822C0008D54FF0E0271E6AD7F88C1131405963FE
:10823C00C7F88C11C10608D54FF0E0205E6AD0F863
:10824C00901131409963C0F8901162B699688A42D6
:10825C0000F0938375499A6089697348C1F30116DC
:10826C00C1F3826100EB86000131D0F88062B6FB6D
:10827C00F1F0002A40F03A838E420ED301460131D0
:10828C00B1F5817F80F0DF83022940F2DA83023975
:10829C004808020442EA00220A43DA601B68002103
:1082AC001961032159621A6401221D661A61D4F8FE
:1082BC00BC29D4F8CC19136823EA01031360FFF727
:1082CC0099B9002102259847D4F8A009FFF724BAE0
:1082DC00D31D48BF02F10E03B4F98029DB1003FB58
:1082EC0002F2104603921FF09DFE039AC4F8A409F3
:1082FC0000287FF41CA8FFF779BA4D48814200F2A0
:10830C00EC824C4999645A624B4A9A624B4ADA6243
:10831C00FFF75ABBB4F882E93146B4F980A90EF1E3
:10832C00FF3EAEEB020E1FFA8EF90FFA8EFEFFF730
:10833C000EB9B4F980A9B4F882E90AF1FF310EF153
:10834C00FF3E891AAEEB070E09B21FFA8EF90FFA2F
:10835C008EFEFFF7FCB8402102279847D4F8A009FD
:10836C00FFF7D5BA3248814200F2AE8231499964A6
:10837C005A62314A9A62314ADA62FFF76FBAD4F81C
:10838C00B829D4F8C81913680B431360002F00F0F8
:10839C00868205EB070CD4F89C19D4F8B029B646A4
:1083AC00D4F8B43915F8010B002949D00E68706661
:1083BC00F06D10F4F81FFBD0706F6545F2D1764666
:1083CC00D4F8BC29D4F8CC091368034313600029F2
:1083DC003EF491ADCB7C002B3EF48DADDF0704D584
:1083EC00886A4FF0E022C2F800019D0704D5C86AE4
:1083FC004FF0E022C2F80401580704D5086B4FF087
:10840C00E022C2F808011A0704D5486B4FF0E022AD
:10841C00C2F80C01DB067EF56EAD8A6B4FF0E023E3
:10842C00C3F81021FEF767BD381D002000C00F40B7
:10843C003F420F001C1A120C100E0202007F0500A6
:10844C00166810F0800FD4F8C0790CBFBE433E43C1
:10845C0010F0400F16601E68D4F8C47946EA07067F
:10846C001E601E68D4F8C47926EA07061E601668DA
:10847C00D4F8C0790CBFBE433E4310F0200F1660F9
:10848C001E68D4F8C47946EA07061E601E68D4F844
:10849C00C47926EA07061E601668D4F8C0790CBFAA
:1084AC00BE433E4310F0100F16601E68D4F8C4791A
:1084BC0046EA07061E601E68D4F8C47926EA070649
:1084CC001E601668D4F8C0790CBFBE433E4310F052
:1084DC00080F1660D4F8C4791E6846EA07061E60B9
:1084EC001E68D4F8C47926EA07061E601668D4F80C
:1084FC00C0790CBFBE433E4310F0040F16601E68DB
:10850C00D4F8C47946EA07061E601E68D4F8C4790C
:10851C0026EA07061E601668D4F8C0790CBFBE4365
:10852C003E4310F0020F16601E68D4F8C47946EA78
:10853C0007061E601E68D4F8C47926EA07061E607A
:10854C001668D4F8C0790CBFBE433E4310F0010F3F
:10855C0016601E68D4F8C47946EA07061E601E68C9
:10856C00D4F8C47926EA07061E601068D4F8C069EE
:10857C0014BF3043B04310601868D4F8C46930435A
:10858C0018601868D4F8C46920EA0600186014E76B
:10859C00B4F88A390633A4F88A39FFF731B9AD48F3
:1085AC00814200F28881AC499964A1F121615A623F
:1085BC00A1F60C41A94A9962DA62FFF70DB9B4F938
:1085CC0080A98E4691460AF1FF31C91B09B2FEF70C
:1085DC00BEBFB4F882E93146B4F980A90EF1FF3E72
:1085EC00AEEB020E1FFA8EF90FFA8EFEFEF7FABEF4
:1085FC00B4F980A9B4F882E90AF1FF310EF1FF3E1B
:10860C00891AAEEB070E09B21FFA8EF90FFA8EFE1D
:10861C00FEF7E8BEB4F980A98E4691460AF1FF3107
:10862C00C91B09B2FEF7DEBE94F9A9391225012B3C
:10863C000CBF9F23CF2384F8D839FFF70AB8D4F89E
:10864C00B829D4F8C8091368854D23EA0003D4F877
:10865C009C1905F1060C1360D4F8B029D4F8B43980
:10866C0015F8010B00293BD00F687866F86D10F4F3
:10867C00F81FFBD0786F6545F2D1D4F8BC29D4F83B
:10868C00CC0913680343136039B3CB7C2BB3DE07DF
:10869C0004D5886A4FF0E022C2F800019D0704D58A
:1086AC00C86A4FF0E022C2F80401580704D5086BE1
:1086BC004FF0E022C2F808011A0704D5486B4FF0BE
:1086CC00E022C2F80C01DB0607D58A6B4FF0E023E1
:1086DC000120C3F81021FFF789B80120FFF786B8F5
:1086EC00176810F0800FD4F8C0690CBFB74337433C
:1086FC0010F0400F17601F68D4F8C46947EA0607EA
:10870C001F601F68D4F8C46927EA06071F60176842
:10871C00D4F8C0690CBFB743374310F0200F176073
:10872C001F68D4F8C46947EA06071F601F68D4F8AD
:10873C00C46927EA06071F601768D4F8C0690CBF24
:10874C00B743374310F0100F17601F68D4F8C46993
:10875C0047EA06071F601F68D4F8C46927EA0607B2
:10876C001F601768D4F8C0690CBFB743374310F0CB
:10877C00080F1760D4F8C4691F6847EA06071F6022
:10878C001F68D4F8C46927EA06071F601768D4F875
:10879C00C0690CBFB743374310F0040F17601F6854
:1087AC00D4F8C46947EA06071F601F68D4F8C46987
:1087BC0027EA06071F601768D4F8C0690CBFB743D7
:1087CC00374310F0020F17601F68D4F8C46947EAEA
:1087DC0006071F601F68D4F8C46927EA06071F60E4
:1087EC001768D4F8C0690CBFB743374310F0010FBA
:1087FC0017601F68D4F8C46947EA06071F601F6832
:10880C00D4F8C46927EA06071F601068D4F8C07949
:10881C0014BF3843B84310601868D4F8C47938438F
:10882C0018601868D4F8C47920EA0700186022E7A9
:10883C000848814236D808499964A1F121615A62ED
:10884C00A1F60C41054A9962DA62FEF7CABED4F869
:10885C009C1912E73F420F001C1A120C007F0500F6
:10886C00801E006000F1300301280DEB030212F8AA
:10887C000A3C3FF400AB12F80B1C022841EA03231C
:10888C003FF4F9AA12F80C1C032841EA03233FF425
:10889C00F2AA12F80D2C42EA0323FFF7ECBAD4F833
:1088AC009C198DE5734999645A627349734A9962AC
:1088BC00DA62FEF796BE6F4999645A626E496F4A46
:1088CC009962DA62FEF788BF6A4999645A626A4A09
:1088DC009A626A4ADA62FEF7C1BF664999645A62C3
:1088EC00654A9A62654ADA62FFF76EB8824200F214
:1088FC00A880B0FBF2F1B0FBF1F08242BFF4C0AC47
:10890C00BDE49B685E4A1A6056E49B685D4A1A6037
:10891C003FE45B4B0B6029E49042C0F08C80B0FBD1
:10892C00F2F1B0FBF1F090427FF6D1A8FFF7CEB890
:10893C00DA68FFF7DAB840219847D4F8A009FEF7B7
:10894C00D5BF00219847D4F8A009FEF7BEBE94F914
:10895C00A9391225012B0CBF1023CF2384F8D83949
:10896C00FEF777BE94F9A9390225012B0CBF102311
:10897C00AF2384F8D839FEF76CBEDA688EE4079B17
:10898C00002B3EF48FAD1A7C002A3EF48BAD9D6813
:10899C00002D3EF487AD58693A460DF1270304A922
:1089AC000097A847FFF746BA94F9AB19CBB2272B1F
:1089BC000DD8180102EB031310585D68D3E9026758
:1089CC0043683B4343603823336015232B6094F991
:1089DC00AC59EBB2272B0ED8180102EB0313165827
:1089EC00D3E9027C70685B6840EA0C007060382048
:1089FC0038601520186002EB01130901DB68C4F81C
:108A0C00C03953582901C4F8B03902EB0513525838
:108A1C00D968C4F8B429C4F8C419136823EA01034B
:108A2C00136094F9AF39002BFFF641ACFFF776BB1E
:108A3C00154AFFF740BB0022FFF756B8124AFFF762
:108A4C0053B8002229E4104A27E40022FFF733BB75
:108A5C00DA68FFF731BBA4B2FF201146B2F800E090
:108A6C0002320978A14208BF4FEA1E209A42F4D381
:108A7C00FEF781BB0A09070460090101007F0500AC
:108A8C0038F0010038300100FF7F7F002DE9F843FA
:108A9C00B0F8BC3F2DED088B002B00F0E280013BC1
:108AAC0000F65C2700F6582400F5F1659BB200F641
:108ABC00077806469FED6DBADFED6DAA07EB8307CD
:108ACC009FED6CAA0FE0002B00F0B580236883EDBE
:108ADC00008AD4F8D03204340C352036A742C4F8BE
:108AEC00EC3000F0BE8094ED3C6AF6EE006AD5EDF9
:108AFC00017AD5ED005A36EE677A65EEA66AB0EECD
:108B0C00C77AF4EEC76AF1EE10FA15DC95ED027A2D
:108B1C0077EE876AB4EEE66AF1EE10FA4DDD77EE89
:108B2C00A57AB7EE007AF4EEC77AF1EE10FA58BFD8
:108B3C00F0EE477AC5ED017AD4EDB48A94EDF09A53
:108B4C00C4ED787A77EEE87A79EE689A18F8013FF6
:108B5C00012B87EEA98A38EE0B8A41D0032BB2D1B8
:108B6C00D6ED037A236836EE677AB0EEC77AB4EEA8
:108B7C00EA7AF1EE10FA1DD4D6ED026AB5EE005A7F
:108B8C0096ED047AD6ED085A27EE877A66EEA55A4A
:108B9C0086ED057A37EE257AC6ED065A37EE067A5B
:108BAC00E7EE056A86ED077AE6EE857AC6ED026A8F
:108BBC00C6ED037AC3ED007A8BE737EEC77AB4EED5
:108BCC00C76AF1EE10FAB7D577EEE57AF5EEC07A12
:108BDC00F1EE10FAD8BFDFED257AC5ED017AABE7DF
:108BEC00F2EE047AD4F80090B7EE000AA8EE270A49
:108BFC001CF04AFFF3EE007AB0EE409A69EE889AC8
:108C0C0028EE270A1DF08CFAF0EE006AF8EE007AD6
:108C1C00B5EE007AE8EE267A67EEA77A67EE807AF0
:108C2C0067EE877AA7EE879AC9EE897A77EEA87AEB
:108C3C00C9ED007A4DE728EE0A0A1DF075FBF7EE38
:108C4C00007AB6EE007A236837EEC00A20EE070AE7
:108C5C0077EEC07A29EE009AA8EEA79A83ED009AD7
:108C6C0037E7BDEC088BBDE8F88300BF00000000BF
:108C7C000AD7233CDB0F49402DE9F843B0F84435C3
:108C8C002DED088B002B00F0E180013B00F55F77A8
:108C9C00804600F55E749BB29FED6EBA00F20756EB
:108CAC00054607EB8307DFED6CAA9FED6CAA0FE07E
:108CBC00002B00F0B580236883ED008AD4F8F030E7
:108CCC00043408F10C082035A742E36400F0BE80A0
:108CDC0094ED146AF6EE006AD8EDA37AD8EDA25A98
:108CEC0036EE677A65EEA66AB0EEC77AF4EEC76A1E
:108CFC00F1EE10FA15DC98EDA47A77EE876AB4EEF3
:108D0C00E66AF1EE10FA4DDD77EEA57AB7EE007A51
:108D1C00F4EEC77AF1EE10FA58BFF0EE477AC8EDD0
:108D2C00A37AD4ED3C8A94ED509AC4ED287A77EE70
:108D3C00E87A79EE689A16F8013F012B87EEA98A3A
:108D4C0038EE0B8A41D0032BB2D1D5ED037A2368D0
:108D5C0036EE677AB0EEC77AB4EEEA7AF1EE10FA34
:108D6C001DD4D5ED026AB5EE005A95ED047AD5ED19
:108D7C00085A27EE877A66EEA55A85ED057A37EE06
:108D8C00257AC5ED065A37EE067AE7EE056A85EDCB
:108D9C00077AE6EE857AC5ED026AC5ED037AC3ED76
:108DAC00007A8BE737EEC77AB4EEC76AF1EE10FAA9
:108DBC00B7D577EEE57AF5EEC07AF1EE10FAD8BFBA
:108DCC00DFED247AC8EDA37AABE7F2EE047AD4F89F
:108DDC000090B7EE000AA8EE270A1CF055FEF3EE41
:108DEC00007AB0EE409A69EE889A28EE270A1DF0B8
:108DFC0097F9F0EE006AF8EE007AB5EE007AE8EE3C
:108E0C00267A67EEA77A67EE807A67EE877AA7EE06
:108E1C00879AC9EE897A77EEA87AC9ED007A4DE780
:108E2C0028EE0A0A1DF080FAF7EE007AB6EE007A08
:108E3C00236837EEC00A20EE070A77EEC07A29EED7
:108E4C00009AA8EEA79A83ED009A37E7BDEC088B41
:108E5C00BDE8F883000000000AD7233CDB0F494033
:108E6C002DE9F041B0F8BC7F2DED088BC7B3013F65
:108E7C0000F60873F2EE04AA064600F6582400F633
:108E8C0007759FED39BA13FA87F79FED38AA0AE0F8
:108E9C00002B52D02368C3ED007AAF4204F10404D6
:108EAC0006F120061CD0D4EDB48A94EDF09AD4EDE2
:108EBC00787A79EE689A15F8013F37EEE87A012B4B
:108ECC0087EE298A38EE0B8A0ED0032BE0D1F2689C
:108EDC00AF42236806F1200604F104041A60E2D1C3
:108EEC00BDEC088BBDE8F081B7EE000AD4F8008029
:108EFC00A8EE2A0A1CF0C8FDF3EE007AB0EE409AF8
:108F0C0069EE889A28EE270A1DF00AF9F0EE006A3D
:108F1C00F8EE007AB5EE007AE8EE267A67EEA77ADC
:108F2C0067EE807A67EE877AA7EE879AC9EE897A20
:108F3C0077EEA87AC8ED007AAFE728EE0A0A1DF0A2
:108F4C00F3F9F7EE007AB6EE007A236837EEC00A32
:108F5C0020EE070A77EEC07A29EE009AA8EEA79ABF
:108F6C0083ED009A99E700BF00000000DB0F494039
:108F7C002DE9F041B0F844752DED088BC7B3013FD6
:108F8C0000F5A163F2EE04AA064600F55E7400F249
:108F9C0007559FED39BA13FA87F79FED38AA0AE007
:108FAC00002B52D02368C3ED007AAF4204F10404C5
:108FBC0006F120061CD0D4ED3C8A94ED509AD4EDE9
:108FCC00287A79EE689A15F8013F37EEE87A012B8A
:108FDC0087EE298A38EE0B8A0ED0032BE0D1F2688B
:108FEC00AF42236806F1200604F104041A60E2D1B2
:108FFC00BDEC088BBDE8F081B7EE000AD4F8008018
:10900C00A8EE2A0A1CF040FDF3EE007AB0EE409A6E
:10901C0069EE889A28EE270A1DF082F8F0EE006AB5
:10902C00F8EE007AB5EE007AE8EE267A67EEA77ACB
:10903C0067EE807A67EE877AA7EE879AC9EE897A0F
:10904C0077EEA87AC8ED007AAFE728EE0A0A1DF091
:10905C006BF9F7EE007AB6EE007A236837EEC00AA9
:10906C0020EE070A77EEC07A29EE009AA8EEA79AAE
:10907C0083ED009A99E700BF00000000DB0F494028
:10908C00D1ED0C6A92ED000AF5EE406AD2ED017A50
:10909C0092ED027AF1EE10FA30B52DED028B91B013
:1090AC000C4605468DED020ACDED037A8DED047A62
:1090BC0040F0BA80D4ED075AD4ED086A30EE650A58
:1090CC0094ED0B8A94ED0E6A77EEE67ADFED6A6A20
:1090DC00A6EE080A94F8343077EEA67A37EE267AA4
:1090EC00CDED037A8DED047A8DED020A5BB167EE5E
:1090FC00A77AE0EE007AF4EE667AF1EE10FA00F15F
:10910C00B680B1EEE70AF0EE480A1CF0D7FFF1EE9C
:10911C00087AB0EEC00A9FED587A20EE270AC0EE0E
:10912C00087A77EE877ABBFE677ABCEEC77A8DED4C
:10913C00017A9DF80430042B13D800215A1C298085
:10914C00D2B2A97094F8351099B103EB43032846B9
:10915C0023449A889B792A80AB7011B0BDEC028BAA
:10916C0030BD002100222980A97094F83510002907
:10917C00EBD1591C07EE103A02EB4202DFED3E3AFE
:10918C0005EE101AB8EE477A224403EB4303B8EE0F
:10919C00C55A284677EEC77A1C441379F7EE005A65
:1091AC0035EE475A06EE903A537987EE856A07EE0C
:1091BC00103A9379227907EE903A637904EE102AEB
:1091CC0004EE903AA379F8EEE66AB8EEC77A05EEAB
:1091DC00103AF8EEE77AB8EEC44AF8EEE44AB8EE84
:1091EC00C55A36EE236A75EEC65A66EE866A27EEC7
:1091FC00067A67EE867AE4EE256AA5EEA47AE5EEA9
:10920C00857AFCEEE66ABCEEC77AFCEEE77A16EEDF
:10921C00901A17EE102A17EE903A29706A70AB70FC
:10922C0011B0BDEC028B30BD144A002309A905A86E
:10923C0009930A93B2F87032CDED0B6AADF8303069
:10924C00D2F874320D93D2F878320E93D2F87C3275
:10925C000F9318F0AFFB02AA05A909A805F064FE4C
:10926C009DED090ADDED0A7A9DED0B7A22E7B0EE51
:10927C00670A1CF039FC46E7000000002854012066
:10928C00F8B5244B42F2901442F2903500F500529E
:10929C0003F120010646044405440360C2F8901112
:1092AC0054F8040F08B11EF0C5FEAC42F8D141F6DB
:1092BC00105441F6107506F58057174B344435445D
:1092CC00C7F8103D54F8040F08B11EF0B3FEAC42C1
:1092DC00F8D141F6940441F69425104B34443544AE
:1092EC00C7F8943854F8040F08B11EF0A3FEAC4232
:1092FC00F8D1D6F8240A08B11EF09CFED6F8280A3C
:10930C0008B11EF097FE306908B11EF093FE30468E
:10931C00F8BD00BFD01F0020042000201820002022
:10932C000368002B40DD2DE9F041002406460F4672
:10933C00A0463B68384608F101089B68984773685B
:10934C003A6805461B593846926803EB430305EB14
:10935C008305904796ED036A04EB4401D6E901239B
:10936C0012590B443168043402EB4202D3ED004A2B
:10937C0093ED015A414500EB8200D3ED025AD0ED3A
:10938C00006A90ED017AD0ED027AE4EE866AA6EEE0
:10939C00057AE6EE257AC5ED006A85ED017AC5ED14
:1093AC00027AC6DCBDE8F081704700BF2DE9F047BA
:1093BC0000F50056C74F42F2901504462DED028B76
:1093CC0096F8BC33054496F82C955B08C6F8B47334
:1093DC00B9F1270F03F1010307EB8307D7F800A0BE
:1093EC0011D809F1010106F58F63C8B203EB8902AC
:1093FC00012886F82C05C2F804A093ED018A20D030
:10940C0004F512580FE000F5125842F27C409C22F1
:10941C00204441461EF08AFD06F58F63484693EDC5
:10942C00018AC3F8A0A041460123F1EC017A013373
:10943C00B4EE678ADAB2F1EE10FA37FE888A9042FF
:10944C00F3D8D6F8788404EB880909F5005909F5A6
:10945C00A363D3ED007AF4EE487AF1EE10FA02D160
:10946C0096F82D35BBB942F21C5318F0FF0A234471
:10947C0008D042F2205118464FEA8A0221441EF0CD
:10948C0055FD034603EB8A0309F5A369002243F853
:10949C00042C89ED008AB8F1000FDFED8F7A0EDD18
:1094AC00002306F58F611A46013301EB8202DBB211
:1094BC0092ED297A984577EE877A1A46F4DC07EE16
:1094CC00108A06F28453B8EEC77AC7EE876AC3EDEA
:1094DC00006A96F87484D7F80090B8F1270F10D86A
:1094EC0008F1010206EB8803D0B2012886F8740457
:1094FC00C3F8C49396EDF18A22D042F2C8372744C0
:10950C0010E042F2C83742F2C4309C222744204477
:10951C0039461EF00BFD06F58C63404696EDF18A3C
:10952C00C3F8009039460123F1EC017A0133F4EED3
:10953C00487ADAB2F1EE10FA37FE888A8242F3D317
:10954C00D6F8C07304EB870808F5005808F58C634F
:10955C00D3ED007AF4EE487AF1EE10FA17D042F21D
:10956C00644317F0FF09234408D042F268411846BF
:10957C004FEA890221441EF0D9FC034603EB890310
:10958C0008F58C68002243F8042C88ED008A002F23
:10959C0040F3EF800023DFED507A1A462832013376
:1095AC0006EB8202DBB292EDF17A9F421A4677EE1D
:1095BC00877AF3DC07EE107A06F28452F6EE005A44
:1095CC0006F5B163B8EEC77AD2ED006A04F54057E0
:1095DC0087EE876A76EE667A83ED006A04F580433F
:1095EC00E7EEA56AB3F84010C6EDEE6A97F878C0BE
:1095FC0051B343F6C67200232244104604E00133F3
:10960C009EB28E4280F0908030F8026F6645F6D1A3
:10961C0003F2D2234FF07E5007EB8303C3F8840090
:10962C0097F87B60002303E0013398B288420BD299
:10963C0032F8020FB042F7D103F2D2234FF07E5230
:10964C0007EB8303C3F8842004F580500026D7F879
:10965C0074E090F8E411324602E0F2B2914221D368
:10966C0002F5CB73013604EB8303D3F83C3B9D42EC
:10967C00F3D1B0F884C092B2BCF1000F12D041F219
:10968C005A060023264403E001339FB2BC4509D996
:10969C0036F8027F9742F7D104EB830303F6087385
:1096AC00C3F800E0002690F89078324602E0F2B25F
:1096BC00BA4220D800EB82030136D3F840389D42E1
:1096CC00F5D1B0F8307792B2AFB141F20675002304
:1096DC00254407E0A85601200000000001339EB28B
:1096EC00B74208D935F8026F9642F7D1F23300EB46
:1096FC008303C3F8ECE123681F4A5B69934232D1C0
:10970C00002504F64C262A4602F5CB73013504EBF2
:10971C008303D3F83C3B9E4209D0EAB29142F3D288
:10972C00BDEC028BBDE8F08797F87B607AE7B0F868
:10973C00845092B2002DF3D041F25A0100232144FF
:10974C0003E0013398B28542EAD931F8020F904216
:10975C00F7D104EB8303094A03F60873BDEC028BC3
:10976C001A60BDE8F087BDEC028B2046BDE8F047DF
:10977C001847DFED037A1DE7F9000000CDCC4C3F14
:10978C00000000004BF6D0134BF6A041002203441E
:10979C0001442DE9F04F2DED068BB0EE408A93B0CD
:1097AC00054643F8102B9942FBD14CF69443BB4F22
:1097BC0005F530462B4497F81542C3F84421C3F8FD
:1097CC005421C3F86421C3F87421C3F88421C3F86D
:1097DC009421002C00F04381B14BB3EE097ADFEDFC
:1097EC00B17A93ED006ADFEDB06AA6EE277AAF4B43
:1097FC009FEDAF6AD3ED018A77EE687AF0EEE77AE7
:10980C00F4EEC67AF1EE10FA1FD493ED006AB5EEC1
:10981C00005AD3ED027AD3ED065A68EEA77A66EEBB
:10982C00255AC3ED037A77EEA57AC3ED045A77EE89
:10983C00877AB0EE467AC3ED057AA7EE857AE7EE25
:10984C00058A83ED007AC3ED018A9A4B9FED987AD5
:10985C0093ED019A76EEC97AF0EEE77AF4EEC77AD8
:10986C00F1EE10FA1DD493ED007AF5EE005AD3ED1B
:10987C00027A93ED066A69EE277A27EE066AC3ED43
:10988C00037A77EE867A83ED046A77EEA67AA7EEF2
:10989C00A57AC3ED057AA7EE259A83ED007A83EDC0
:1098AC00019ADFF83C82B0EE480A834888ED009AB2
:1098BC0006F0BCFFDFED817ADFF8289228EE278ACC
:1098CC0099ED050A38EE088A28EE000A1CF028FCEF
:1098DC00B0EE40AA99ED060A28EE000A1CF020FC16
:1098EC00D9ED077AF0EE409A28EE270A1CF018FC06
:1098FC00F1EE006ADFED727AB0EE086A714B424607
:10990C00E9EEA67A7049DAEE268A20EE267AD8EDB0
:10991C00026A42F80C1FD9626C49E9EE067A98ED9E
:10992C00016A196378EE868A83ED0D7A5160C3ED76
:10993C00098A77EEA67AC7ED728AC3ED0A7AC7ED6B
:10994C00737A05F00BF9002C40F05F8497F8D8314E
:10995C0097F8A0269A4200F0528487F8A0365C4B08
:10996C009FED5C6A93ED027ADFED5B7AB8EE477A95
:10997C000193C7EE066A77EEE67AC7ED9A7A93ED15
:10998C00027ADFED546AB8EE477A97ED958AD7EDF7
:10999C00960A87EE260A70EEC80A30EE270A1CF0EB
:1099AC008DFB38EE000A97F85C2287ED990A22B1FC
:1099BC0097F85E32002B40F08483002C40F0C58376
:1099CC0097F8E331013BDBB2032B01F23583434AB9
:1099DC0002EB8303D3F8EC32B7EE007AD7ED9B7A27
:1099EC00F4EEC77AF1EE10FA7EDD83ED017A05F51F
:1099FC00004197F8D93191F8A40103EB830397F850
:109A0C00D82103EB83030533DBB281F8A2310028A4
:109A1C0000F0868081F8A03197F8DA3103EB8303EC
:109A2C0003EB83030533DBB281F8A33181F8A13159
:109A3C0095F8A832002B40F081800C2A01F270833B
:109A4C00DFE812F0AB032909590AA508C009080878
:109A5C007107DB063B06B4051D054B04D40697F8CD
:109A6C008836F2EE0A4AB7EE006ADFED0F5A002B89
:109A7C0003F10103DFED186AB3EE097A07EE903AB1
:109A8C00074B45FEA66AF8EEE77AD3ED005A87EE4F
:109A9C00A45A76EE457AA7EEA57AA8E628540120BA
:109AAC00644D0120C54E6C3F0000C842244D01207E
:109ABC000AD7233C444D0120E04E0120DB0F4940E6
:109ACC00000020426C4D01200000C84200004842BA
:109ADC003043012000007A4400000000381D0020B3
:109AEC00B45A0120E0360020F5EEC07A0022F1EEE7
:109AFC0010FA00F1C683C3ED017A97F8D93105F558
:109B0C00004197F8D82103EB830391F8A40103EBF0
:109B1C0083030533DBB281F8A23100287FF47AAFDE
:109B2C0097F8DA3103EB830303EB8303053381F8F6
:109B3C00A33195F8A832002B3FF47FAF05F5005800
:109B4C00002388F8FE3598F8FD355BB108F5B26254
:109B5C00D8F89415012BD06D086003D0D26DD8F8CD
:109B6C0098351A6005F58043B3F84030002B64D06B
:109B7C0043F6C67100222944084603E0013294B230
:109B8C00A3420CD930F8024F132CF7D105EB82020B
:109B9C0043F6483010444FF07E52C0F884200846FB
:109BAC00002203E0013294B2A3420BD930F8024FE9
:109BBC00012CF7D105EB820243F648301044002209
:109BCC00C0F884200846002203E0013294B2A3427C
:109BDC000CD930F8024F172CF7D105EB820243F663
:109BEC00483010444FF07E52C0F8842008460022C2
:109BFC0003E0013294B2A3420CD930F8024F002C8E
:109C0C00F7D105EB820243F6483010444FF07E52F8
:109C1C00C0F88420002203E0013290B283420CD9B8
:109C2C0031F8020F0528F7D105EB820243F64833D1
:109C3C0013444FF07E52C3F8842005F5805900215F
:109C4C0005F6F81099F8E4410A4602E0CAB29442CB
:109C5C001FD302F5CB73013105EB8303D3F83C3BE7
:109C6C009842F3D1B9F8844092B294B141F25A01BE
:109C7C000023294403E0013398B2844209D931F816
:109C8C00020F9042F7D105EB8303DD4A03F608730C
:109C9C001A604FF694204BF2EC794BF6C4144BF649
:109CAC00944A2844A9441AF061FF4FF60C302C4416
:109CBC00AA4428441AF05AFF4FF6843028441AF06C
:109CCC0055FF4FF6FC3028441AF050FF4FF6744005
:109CDC0028441AF04BFF484606F01AFBD4ED037AE1
:109CEC0020461034F5EEC07AF1EE10FA03DDD6F80A
:109CFC005018FFF715FB5445F0D104F6F8531846ED
:109D0C0009EE103A06F004FB41F694433344D3EDCC
:109D1C00517A05F54043F5EEC07A0293F1EE10FA54
:109D2C0006DD4CF6CC50D3F8F01A2844FFF7F8FABD
:109D3C0041F694433344D3ED557AF5EEC07AF1EE07
:109D4C0010FA07DD4CF6DC50029B2844D3F8F01ACD
:109D5C00FFF7E6FA41F694433344D3ED597AF5EE26
:109D6C00C07AF1EE10FA07DD4CF6EC50029B284459
:109D7C00D3F8F01AFFF7D4FA41F694433344D3EDF9
:109D8C005D7AF5EEC07AF1EE10FA07DD4CF6FC5078
:109D9C00029B2844D3F8F01AFFF7C2FA41F6944319
:109DAC003344D3ED617AF5EEC07AF1EE10FA07DDAB
:109DBC004CF60C60029B2844D3F8F01AFFF7B0FA6B
:109DCC0041F694433344D3ED657AF5EEC07AF1EE67
:109DDC0010FA07DD4CF61C60029B2844D3F8F01AED
:109DEC00FFF79EFA4FF28C74F1EE008A08F20C6BBE
:109DFC0042F20C6A2C449FED838A204606F088FAC6
:109E0C00814ACBED0F8A0420CBF838201EF00AF9DA
:109E1C000146C0F8009003900AEB050017F072FEA3
:109E2C00039908461EF006F901224FF6282088F8FF
:109E3C005426284406F0F8FBCBED0F8A8BED0E0A66
:109E4C0004201EF0EFF801460AEB05008A460C6070
:109E5C0017F058FE504642F2F06A1EF0EBF84FF045
:109E6C00000308F5CB61694888F85436AA44886326
:109E7C000420C1ED0F8A1EF0D5F8834680ED009AC0
:109E8C0042F258605946284417F03CFE58461EF0E2
:109E9C00D1F84FF0000305F51C5B504688F8A0364E
:109EAC0005F5704806F0C0FB5846F0EE408A06F007
:109EBC00BBFB06F54161FBEE047A30EE080A06F6B0
:109ECC000C0691ED007A484686ED028AE7EE278A69
:109EDC0086ED010AC6ED008A4FF6382606F0AAFA7E
:109EEC004FF648202E44284408F54F6506F09CFB9D
:109EFC0008F2AC7109A881ED010A81ED008A81EDAF
:109F0C00028A214606F0C4F908F2D4710998086057
:109F1C000A9848600B9888603046D5ED008A06F0A8
:109F2C0083FB286808F5F76128EE800A4860886092
:109F3C0009A881ED000A214606F0AAF908F5FC6192
:109F4C003046099E08F29C780E600A9E4E600B9E6D
:109F5C008E6006F069FBB7F87012F2EE0E7A05A867
:109F6C00ADF83010D7F87412E0EE277A8DED098A2F
:109F7C000D91D7F878128DED0A8A0E91D7F87C12D4
:109F8C00CDED0B7A0F9109A917F014FD059B204616
:109F9C00C8F80030069BC8F80430079BC8F8083096
:109FAC00089BC8F80C3006F045FAD5ED005A012292
:109FBC00B7EEE57AB4EE477BF1EE10FA81F16D80E5
:109FCC00B0EEC76B9FED0C4BB4EE446BF1EE10FA98
:109FDC0000F34A81DFED0E6AF4EEE65AF1EE10FA68
:109FEC0000F31681DFED0B6AF4EEE65AF1EE10FA8F
:109FFC0000F10E8110E000BFFFFFFFFFFFFFEF7FBE
:10A00C00CDCC4C3F00000000000034430000C8C120
:10A01C00FFFF7F4FFFFF7FCFF5EEC05AF1EE10FA36
:10A02C0000F13C8100279FEDCE6B37EE067BFCEEFA
:10A03C00C76BB8EE668B16EE903A37EE488B002B5A
:10A04C0040F0FD87302321208DF845303FB1013899
:10A05C002D22C0B200F148036B4403F8242C019B61
:10A06C001B782BB109ABC0F12201184408F0F0FDAC
:10A07C00B2EE046B2E238DF8243028EE067B019B68
:10A08C001A78FCEEC75BCDED035A9DF80C3005EE4B
:10A09C00903A3033B8EEE55B8DF8253037EE457BE2
:10A0AC0027EE067BFCEEC77B17EE903A30338DF82B
:10A0BC002630002A00F0B380032109A808F0C8FD5F
:10A0CC00ADE0531EDBB203F1010907EBC901D1ED81
:10A0DC00877AB4EEE70AF1EE10FA0DDA591E1A4639
:10A0EC00CBB203F1010907EBC901D1ED877AF4EE8C
:10A0FC00C07AF1EE10FAF1D8013230EE670A97F817
:10A10C001C3207EBC208DFED986A012B98ED877AB9
:10A11C0077EE677A80EE277A37EE267A00F0C280E7
:10A12C00022B40F0B08007EBC909D9ED887A97F87B
:10A13C005D32C7ED987A002B3FF43FACD7F8203254
:10A14C00C3ED007A002C3FF43BACB7EE007AD7EDB0
:10A15C009B7AF4EEC77AF1EE10FA00F38E80F5EEEE
:10A16C00C07A0023F1EE10FA40F192877F4A5360D7
:10A17C0005F50043052293F8A41183F8A2210029C8
:10A18C0000F0518783F8A32140F20552A3F8A021D7
:10A19C0095F8A832002B7FF4D1AC05F5005898F84F
:10A1AC00FD2552B108F5B263D8F89415012ADB6D80
:10A1BC000B6002D0D8F89825136005F58043B3F8EE
:10A1CC004000012388F8FE3500283FF462AD43F6C9
:10A1DC00C67200232A4404E0013399B28142BFF4D1
:10A1EC0058AD32F8021F0029F6D105EB830343F674
:10A1FC0048321A444FF07E53C2F8843049E55C4B28
:10A20C00D7ED9A7A0193FFF7BABB0023FFF7A0BBF7
:10A21C00019B1B781BB10321564808F019FD019BCB
:10A22C0040F60D221B78ADF824201BB109A80221A1
:10A23C0008F00EFD504606F0F7F95846B0EE408A8D
:10A24C0006F0F2F9029B002219EE100A03F6AC2379
:10A25C0083ED008A83ED010A9A6013B0BDEC068B86
:10A26C00BDE8F04F06F0E6B8019B1B78002BD6D06A
:10A27C000321414808F0ECFCD1E73C4B83ED017A1B
:10A28C0076E75A6039E407EBC909D8ED886AD9ED4D
:10A29C00887A76EEE76AE7EE267A48E7B1EE477BF6
:10A2AC001746C0E69FED350A07EBC90927EE000AF1
:10A2BC001CF03AF8B7EE007AF6EE007A98ED886A60
:10A2CC00D9ED886A37EE400A60EE277A37EE677A66
:10A2DC0067EE867AE6EE877A29E705F5805941F62E
:10A2EC001058274B09F58052A844C9F8343F92F80E
:10A2FC003921002A40F0DC8641F6387203F50070F3
:10A30C002A4453F8041B984242F8041BF9D105F572
:10A31C00804305F54051B3F8400091F878E00028EF
:10A32C0040D043F6C67200232A44144605E001339C
:10A33C001FFA83FC844580F0CB8634F802CFF445B9
:10A34C00F5D103F2D2234FF07E5401EB8303C3F813
:10A35C00844091F87AC0002318E000BFAFF300806E
:10A36C007C14AE47E17A743F00000000A85A01202B
:10A37C00304301204C32002048320020DB0F494092
:10A38C00CC5A012001339CB284420BD232F8024FDA
:10A39C006445F7D103F2D2234FF07E5201EB8303D5
:10A3AC00C3F884200020D1F870E099F8E42101462C
:10A3BC0002E0C1B2914221D801F5CB73013005EB1B
:10A3CC008303D3F83C3B9845F3D1B9F884C089B2E8
:10A3DC00BCF1000F12D041F25A000023284403E0D4
:10A3EC0001339CB2644509D230F8024F8C42F7D14C
:10A3FC0005EB830303F60873C3F800E0002099F81B
:10A40C009048014602E0C1B2A1421ED809EB81037B
:10A41C000130D3F840389845F5D1B9F830C789B236
:10A42C00BCF1000F11D041F206700023284403E068
:10A43C0001339CB2644508D230F8024F8C42F7D1FC
:10A44C00F23309EB8303C3F8ECE12B68BE491B69BB
:10A45C008B4240F05F86002005F64C24014601F546
:10A46C00CB73013005EB8303D3F83C3B9C4200F0EB
:10A47C003386C1B29142F2D905F5005809E405F5CD
:10A48C00005898F8FD2552B108F5B263D8F8941528
:10A49C00012ADB6D0B6002D0D8F89825136005F506
:10A4AC0080430122B3F8403088F8FE25002B51D0B0
:10A4BC0043F6C67100222944084603E0013294B2E7
:10A4CC009C420CD230F8024F012CF7D105EB8202E2
:10A4DC0043F6483010444FF07E52C0F884200846B2
:10A4EC00002203E0013294B29C420CD230F8024FAD
:10A4FC00002CF7D105EB820243F6483010444FF0A4
:10A50C007E52C0F884200846002203E0013294B247
:10A51C009C420CD230F8024F2B2CF7D105EB820267
:10A52C0043F6483010444FF07E52C0F8842000228D
:10A53C0003E0013290B298420CD231F8020F2C2871
:10A54C00F7D105EB820243F6483313444FF07E52A9
:10A55C00C3F8842005F58059002105F6C82499F824
:10A56C00E4010A4603E0CAB282423FF692AB02F51E
:10A57C00CB73013105EB8303D3F83C3B9C42F2D106
:10A58C00B9F8844092B2002C3FF483AB41F25A01EB
:10A59C000023294404E0013398B2A042BFF479AB04
:10A5AC0031F8020F9042F6D1FFF76DBB05F500585C
:10A5BC00002398F8FD2588F8FE355AB108F5B263EA
:10A5CC00D8F89415012AD86D086003D0DA6DD8F844
:10A5DC0098351A6005F58043B3F84020002A40D026
:10A5EC0043F6C67100232944084603E001339CB2AC
:10A5FC00A2420BD930F8024F012CF7D105EB8303A3
:10A60C0043F6483018440023C0F884300846002331
:10A61C0003E001339CB2A2420CD930F8024F1A2C41
:10A62C00F7D105EB830343F6483018444FF07E53C3
:10A63C00C0F8843005F57043B3F8EC4C002303E00C
:10A64C00013398B282420CD931F8020FA042F7D1F3
:10A65C0005EB830343F648321A444FF07E53C2F89D
:10A66C00843005F58059002105F6F82499F8E401A9
:10A67C000A4603E0CAB282423FF60BAB02F5CB733B
:10A68C00013105EB8303D3F83C3B9C42F2D1B9F882
:10A69C00844092B2002C3FF4FCAA41F25A010023F0
:10A6AC00294404E0013398B2A042BFF4F2AA31F875
:10A6BC00020F9042F6D1FFF7E6BA05F500580023D9
:10A6CC0098F8FD2588F8FE355AB108F5B263D8F82C
:10A6DC009415012AD86D086003D0DA6DD8F8983536
:10A6EC001A6005F58043B3F84030002B52D043F686
:10A6FC00C67100222944084603E0013294B29C4200
:10A70C000BD230F8024F012CF7D105EB820243F645
:10A71C00483010440022C0F884200846002203E090
:10A72C00013294B29C420BD230F8024F002CF7D17C
:10A73C0005EB820243F6483010440022C0F8842016
:10A74C000846002206E000BFF9000000013294B276
:10A75C009C420CD230F8024F292CF7D105EB820227
:10A76C0043F6483010444FF07E52C0F8842000224B
:10A77C0003E0013290B298420CD231F8020F2A2831
:10A78C00F7D105EB820243F6483313444FF07E5267
:10A79C00C3F8842005F58059002105F52E6499F83D
:10A7AC00E4010A4603E0CAB282423FF672AA02F5FD
:10A7BC00CB73013105EB8303D3F83C3B9C42F2D1C4
:10A7CC00B9F8844092B2002C3FF463AA41F25A01CA
:10A7DC000023294404E0013398B2A042BFF459AAE3
:10A7EC0031F8020F9042F6D1FFF74DBA284605F525
:10A7FC000058FEF7DBFDFFF74CBA05F5005898F84A
:10A80C00FD2552B108F5B263D8F89415012ADB6D19
:10A81C000B6002D0D8F89825136005F5804301220F
:10A82C00B3F8403088F8FE25002B50D043F6C671A3
:10A83C0000222944084603E0013294B2A3420CD909
:10A84C0030F8024F012CF7D105EB820243F6483069
:10A85C0010444FF07E52C0F884200846002203E0DA
:10A86C00013294B29C420BD230F8024F002CF7D13B
:10A87C0005EB820243F6483010440022C0F88420D5
:10A88C000846002203E0013294B29C420CD230F80C
:10A89C00024F272CF7D105EB820243F648301044C7
:10A8AC004FF07E52C0F88420002203E0013290B2B7
:10A8BC0098420CD231F8020F2828F7D105EB82020E
:10A8CC0043F6483313444FF07E52C3F8842005F509
:10A8DC008059002105F6EC2499F8E4010A4603E0BE
:10A8EC00CAB29042FFF4D5A902F5CB73013105EB46
:10A8FC008303D3F83C3B9C42F2D1B9F8844092B22A
:10A90C00002C3FF4C6A941F25A010023294404E06B
:10A91C00013398B2A042BFF4BCA931F8020F9042A7
:10A92C00F6D1FFF7B0B905F5005898F8FD2552B1EE
:10A93C0008F5B263D8F89415012ADB6D0B6002D0D0
:10A94C00D8F89825136005F580430122B3F8403000
:10A95C0088F8FE25002B51D043F6C67100222944FD
:10A96C00084603E0013294B2A3420CD930F8024FEE
:10A97C00012CF7D105EB820243F6483010444FF01E
:10A98C007E52C0F884200846002203E0013294B2C3
:10A99C00A3420CD930F8024F002CF7D105EB820200
:10A9AC0043F6483010444FF07E52C0F884200846DD
:10A9BC00002203E0013294B29C420CD230F8024FD8
:10A9CC00252CF7D105EB820243F6483010444FF0AA
:10A9DC007E52C0F88420002203E0013290B29842EB
:10A9EC000CD231F8020F2628F7D105EB820243F680
:10A9FC00483313444FF07E52C3F8842005F5805938
:10AA0C00002105F6A42499F8E4010A4603E0CAB231
:10AA1C0082423FF63EA902F5CB73013105EB83036D
:10AA2C00D3F83C3B9C42F2D1B9F8844092B2002C52
:10AA3C003FF42FA941F25A010023294404E00133C9
:10AA4C0098B284427FF625A931F8020F9042F6D1D4
:10AA5C00FFF719B905F50058002398F8FD2588F87B
:10AA6C00FE355AB108F5B263D8F89415012AD86DA1
:10AA7C00086003D0DA6DD8F898351A6005F5804374
:10AA8C00B3F8401041B343F6C67200232A44104673
:10AA9C0003E001339CB28C420BD230F8024F012CF4
:10AAAC00F7D105EB830343F6483018440023C0F874
:10AABC008430002303E0013398B288420CD232F880
:10AACC00020F2428F7D105EB830343F648321A44CE
:10AADC004FF07E53C2F8843005F58059002105F6FD
:10AAEC00BC2499F8E4010A4602E0CAB282421FD89B
:10AAFC0002F5CB73013105EB8303D3F83C3B9C424D
:10AB0C00F3D1B9F8844092B294B141F25A010023C6
:10AB1C00294403E0013398B2844209D931F8020F79
:10AB2C009042F7D105EB8303C04A03F608731A6011
:10AB3C00002105F6D42499F890080A4603E0CAB21D
:10AB4C0082423FF6A6A809EB82030131D3F84038C4
:10AB5C009C42F4D1B9F8304792B2002C3FF499A83A
:10AB6C0041F206710023294404E0013398B2A0425B
:10AB7C00BFF48FA831F8020F9042F6D1F2334FF0A8
:10AB8C007D5209EB8303C3F8EC21FFF782B805F57E
:10AB9C000058002398F8FD2588F8FE355AB108F5C1
:10ABAC00B263D8F89415012AD86D086003D0DA6D19
:10ABBC00D8F898351A6005F58043B3F84020002A80
:10ABCC003DD043F6C67100232944084603E0013307
:10ABDC009CB2A2420CD930F8024F082CF7D105EBED
:10ABEC00830343F6483018444FF07E53C0F884304A
:10ABFC000846002303E001339CB2A2420CD930F882
:10AC0C00024F162CF7D105EB830343F6483018445A
:10AC1C004FF07E53C0F88430002303E0013398B228
:10AC2C0082420CD931F8020F0028F7D105EB8303CF
:10AC3C0043F648321A444FF07E53C2F8843005F57F
:10AC4C008059002105F6A42499F8E4010A4603E092
:10AC5C00CAB29042FFF41DA802F5CB73013105EB8B
:10AC6C008303D3F83C3B9C42F2D1B9F8844092B2B6
:10AC7C00002C3FF40EA841F25A010023294404E0B1
:10AC8C00013398B284427FF604A831F8020F904247
:10AC9C00F6D1FEF7F8BF05F5005898F8FD2552B12E
:10ACAC0008F5B263D8F89415012ADB6D0B6002D05D
:10ACBC00D8F89825136005F580430122B3F840308D
:10ACCC0088F8FE25002B51D043F6C671002229448A
:10ACDC00084603E0013294B2A3420CD930F8024F7B
:10ACEC000F2CF7D105EB820243F6483010444FF09D
:10ACFC007E52C0F884200846002203E0013294B250
:10AD0C00A3420CD930F8024F182CF7D105EB820274
:10AD1C0043F6483010444FF07E52C0F88420084669
:10AD2C00002203E0013294B2A3420CD930F8024F56
:10AD3C000A2CF7D105EB820243F6483010444FF051
:10AD4C007E52C0F88420002203E0013290B2984277
:10AD5C000CD231F8020F0028F7D105EB820243F632
:10AD6C00483313444FF07E52C3F8842005F58059C4
:10AD7C00002105F6D42499F8E4010A4603E0CAB28E
:10AD8C0082423EF686AF02F5CB73013105EB8303AD
:10AD9C00D3F83C3B9C42F2D1B9F8844092B2002CDF
:10ADAC003EF477AF41F25A010023294404E0013309
:10ADBC0098B2A042BEF46DAF31F8020F9042F6D1BA
:10ADCC00FEF761BF05F5005898F8FD2552B108F55E
:10ADDC00B263D8F89415012ADB6D0B6002D0D8F859
:10ADEC009825136005F580430122B3F8403088F8AC
:10ADFC00FE25002B53D043F6C67100222944084689
:10AE0C0003E0013294B29C420CD230F8024F012C78
:10AE1C00F7D105EB820243F6483010444FF07E52D6
:10AE2C00C0F884200846002206E000BFCDCC4C3F81
:10AE3C00013294B2A3420CD930F8024F172CF7D13F
:10AE4C0005EB820243F6483010444FF07E52C0F8B6
:10AE5C0084200846002203E0013294B29C420CD2BA
:10AE6C0030F8024F192CF7D105EB820243F648302B
:10AE7C0010444FF07E52C0F88420002203E00132CF
:10AE8C0090B298420BD231F8020F0028F7D105EBA3
:10AE9C00820243F6483313440022C3F8842005F59C
:10AEAC008059002105F6A42499F8E4010A4603E030
:10AEBC00CAB282423EF6EDAE02F5CB73013105EB20
:10AECC008303D3F83C3B9C42F2D1B9F8844092B254
:10AEDC00002C3EF4DEAE41F25A010023294404E07A
:10AEEC00013398B284427EF6D4AE31F8020F904210
:10AEFC00F6D1FEF7C8BE05F50058002398F8FD25DD
:10AF0C0088F8FE355AB108F5B263D8F89415012AC1
:10AF1C00D86D086003D0DA6DD8F898351A6005F54D
:10AF2C008043B3F84030002B51D043F6C671002259
:10AF3C002944084603E0013294B2A3420CD930F8FC
:10AF4C00024F112CF7D105EB820243F64830104426
:10AF5C004FF07E52C0F884200846002203E00132F4
:10AF6C0094B2A3420CD930F8024F172CF7D105EB51
:10AF7C00820243F6483010444FF07E52C0F88420D1
:10AF8C000846002203E0013294B2A3420CD930F8F7
:10AF9C00024F052CF7D105EB820243F648301044E2
:10AFAC004FF07E52C0F88420002203E0013290B2B0
:10AFBC0098420CD231F8020F0028F7D105EB82022F
:10AFCC0043F6483313444FF07E52C3F8842005F502
:10AFDC008059002105F6F81499F8E4010A4603E0BB
:10AFEC00CAB29042FEF455AE02F5CB73013105EBBB
:10AFFC008303D3F83C3B9C42F2D1B9F8844092B223
:10B00C00002C3EF446AE41F25A010023294404E0E0
:10B01C00013398B284427EF63CAE31F8020F904276
:10B02C00F6D1FEF730BE83F8A32195F8A832002B99
:10B03C003FF4B3A8FEF782BDAB4BFEF7CDBCAB4ED5
:10B04C00092B4FF02100A6FB03124FEAD20202EBB0
:10B05C008201A3EB410101F130018DF845107EF620
:10B06C00F5AF0138A6FB02311446C0B2C908092C51
:10B07C0000F148030DEB030501EB8103A2EB430345
:10B08C000A4603F1300305F8243CEAD8FEF7DEBF8C
:10B09C00954BC3ED017AFFF76BB8019B1B78002B26
:10B0AC003FF4BDA80321924807F0D2FDFFF7B7B8D3
:10B0BC001C46C34603F5007AB4EC010A5BF8040F96
:10B0CC0019F0DAFAA2458BED890AF5D1FFF71FB911
:10B0DC0091F87AC0FFF73FB9B9F8844089B2002CD7
:10B0EC003FF4CAA941F25A0200232A4404E0013376
:10B0FC0098B2A042BFF4C0A932F8020F8842F6D130
:10B10C0005EB83037B4A05F5005803F608731A60B8
:10B11C00FEF7BFBD284605F500589847FEF7B9BDA8
:10B12C0005F5805941F69408734B99F8BB2CA8444B
:10B13C00C9F8B43A002A64D141F6B82203F500717B
:10B14C002A4453F8040B8B4242F8040BF9D105F551
:10B15C00804305F54051B3F8400091F878C0D0B168
:10B16C0043F6C67200232A44144634F802EFE6452F
:10B17C0056D001331FFA83FE8645F6D391F87940F9
:10B18C00002332F802CFA44500F0A48001331FFA4B
:10B19C0083FC6045F5D80020CC6E99F8E421034679
:10B1AC0003F5CB71013005EB8101D1F83C1B8845CF
:10B1BC0041D0C3B29342F3D9002199F890C80B4601
:10B1CC0009EB83000131D0F84008804547D0CBB261
:10B1DC006345F5D92B684949DB688B4253D1002074
:10B1EC0005F64C24034603F5CB71013005EB8101C8
:10B1FC00D1F83C1B8C4252D0C3B29342F3D9FFF727
:10B20C003BB91C46C24603F5007BB4EC010A5AF864
:10B21C00040F19F031FAA3458AED880AF5D196E7A7
:10B22C0003F2D2234FF07E5401EB8303C3F8844026
:10B23C0091F87940A4E7B9F884C099B2BCF1000F39
:10B24C00BAD041F25A000023284430F802EF8E4560
:10B25C003AD001331FFA83FEF445F6D8ACE7B9F8BF
:10B26C0030C799B2BCF1000FB4D041F20670002384
:10B27C00284430F802EF8E450BD001331FFA83FEC1
:10B28C00E645F6D3A6E7284605F500589847FEF79D
:10B29C0000BDF23309EB8303C3F8EC419AE7B9F82C
:10B2AC0084009AB200283FF4E7A841F25A01002327
:10B2BC00294431F8024F94423FF422AF01339CB23F
:10B2CC00A042F6D8FFF7D8B805EB830303F6087352
:10B2DC001C6071E703F2D2234FF07E5201EB830323
:10B2EC00C3F8842057E700BFA85A0120CDCCCCCCA2
:10B2FC0044320020CDCC4C3FCC5A0120F900000048
:10B30C00704700BF704700BF704700BF704700BF59
:10B31C00704700BF90F86820092A00F28280D0EDB7
:10B32C00177A034690ED167AF4EEE07A70B5F1EEEA
:10B33C0010FA77D593ED197A002A7AD0B4EEC07A48
:10B34C00F1EE10FA7AD4D3ED026AB4EEE60AF1EE1D
:10B35C0010FA00F1FA80012A4CD0D3ED046AB4EE55
:10B36C00E60AF1EE10FA7FD4022A43D0D3ED066A36
:10B37C00B4EEE60AF1EE10FA00F1EA80032A39D0B5
:10B38C00D3ED086AB4EEE60AF1EE10FA00F1E380B0
:10B39C00042A2FD0D3ED0A6AB4EEE60AF1EE10FAC5
:10B3AC0000F1DC80052A25D0D3ED0C6AB4EEE60A58
:10B3BC00F1EE10FA00F1D580062A1BD0D3ED0E6AFF
:10B3CC00B4EEE60AF1EE10FA00F1CE80072A11D0A5
:10B3DC00D3ED106AB4EEE60AF1EE10FA00F1C78074
:10B3EC00092A07D1D3ED126AB4EEE60AF1EE10FA8F
:10B3FC0000F1A280D3ED187A0132F4EE407A83F892
:10B40C006820F1EE10FA70FE277AB4EEC07AC3ED24
:10B41C00187AF1EE10FA58BFB0EE470A83ED190A0C
:10B42C0070BD7047B4EEE07AF1EE10FA77FE207A38
:10B43C0080E783ED020AC3ED037ADBE703EBC2017D
:10B44C00013281ED020AC1ED037AD3ED187A83F84B
:10B45C006820B4EEE70AF1EE10FA02D493ED197AF3
:10B46C00D3E783ED180AD9E74FF0010C0CF1010179
:10B47C000CF1020E0CF101055FFA8CF403EBC10127
:10B48C0003EBCE0EAA4203C98EE803004BD9A61CCF
:10B49C000CF10305F6B203EBC505B2429EE80300BE
:10B4AC0085E803003FD9E61C0CF1040EF6B203EB61
:10B4BC00CE0EB2428EE8030035D9261D0CF10505DF
:10B4CC00F6B203EBC505B24285E803002BD9661D25
:10B4DC000CF1060EF6B203EBCE0EB2428EE8030070
:10B4EC0021D9A61D0CF10705F6B203EBC505B24236
:10B4FC0085E8030017D9E61D0CF1080EF6B203EB34
:10B50C00CE0EB2428EE803000DD908340CF10905B9
:10B51C00E4B203EBC505A24285E8030003D903F1AD
:10B52C00500484E8030003EBCC0C8CED020ACCED48
:10B53C00037A93ED197A5DE703F150044FF0080C90
:10B54C00D3E9120184E80300EDE74FF0000C8DE71E
:10B55C004FF0020C8AE74FF0030C87E74FF0040C16
:10B56C0084E74FF0050C81E74FF0060C7EE703F102
:10B57C004804082AD3E9100198BF4FF0070C84E85F
:10B58C000300D0D903F150054FF0070C94E80300E9
:10B59C00C5E90001C7E700BFD2ED006A92ED017A60
:10B5AC0091ED024AD1ED037A24EE264AD1ED093A07
:10B5BC0067EE877AD1ED076A2DE9F04134EE277AF0
:10B5CC008EB037EE237A27EE267A77EE045AFDEE0C
:10B5DC00E56AB8EEE66AF4EEC65AF1EE10FA06D554
:10B5EC0016EE903A013B06EE903AB8EEE66A77EE2C
:10B5FC00276ABDEEC66AFDEEE65A16EE104AB8EEA4
:10B60C00E56AF4EEC66AF1EE10FA06D515EE903A3C
:10B61C00013B05EE903AB8EEE56A33EE877AFDEE23
:10B62C00C66ABDEEC76A16EE905AF8EEC66AB4EE5C
:10B63C00E67AF1EE10FA06D516EE103A013B06EE5C
:10B64C00103AF8EEC66ABDEEE67A631906EE904A39
:10B65C0091ED086A17EE10CAB8EEC75AF8EEE65A22
:10B66C0006EE905A6344F8EEE66A07EE103AB8EE2E
:10B67C00C77AE7EE465AE7EE466AA7EE465A34EE2C
:10B68C00654A77EEE67A73EEC53AB4EEE74AF1EE28
:10B69C0010FAF4EEE37A1FDBF1EE10FAC0F200813F
:10B6AC00B7EE005A4FF0000E0127F0EE632AF0EED1
:10B6BC00630AF04634EE450A764637EEC53A3B4609
:10B6CC00F0EE676A3A4633EEC55AF0EE435AF0EEA6
:10B6DC00404AB0EE402A1EE0F1EE10FA40F1BE8076
:10B6EC00F7EE004A4FF0010E0023B0EE442AF0EEC4
:10B6FC00676A774673EEE40AF04637EEE43A1E4684
:10B70C00B0EE440A1A4674EE644AB0EE605AF0EE9B
:10B71C00435AF0EE602A9FEDBF7A5FFA8CFC8844A6
:10B72C00EDB2A4EE447A8E44E0440E44E6440F4459
:10B73C0098F8B8822E44E4B20A4446449EF8B88283
:10B74C00A7EEE77A07EB050E96F8B8622244C644DA
:10B75C000B4432448C449EF8B86223440D440C4490
:10B76C00A3EEE37A334492F8B864B0EE001A93F87F
:10B77C00B824F0EE081A9CF8B93236EE000AA6EEA0
:10B78C00012A2B44A6EE013AB5EEC07A93F8B932F1
:10B79C00E6EE012AE6EE214AF1EE10FA2344E6EE3B
:10B7AC00215AA6EE215A93F8B93476EE266A76EE33
:10B7BC00200A40F1DB809FED986ADFED967AE0EE8F
:10B7CC00407AE6EEE67AE0EEE07AF5EEC07AF1EE5B
:10B7DC0010FA40F1B480DFED906ADFED8E7AE2EE84
:10B7EC00427AE3EE437AE2EEE27AF5EEC07AF1EEDB
:10B7FC0010FA40F18D809FED887ADFED867AE4EEC9
:10B80C00E47AE5EEE57AE5EE457AF5EEC07AF1EE0E
:10B81C0010FA66D5DFED807A76EE266A9FED7F6AA8
:10B82C00496800220BAD039036EE877A0C6808ABA2
:10B83C00246877EE277A06920792089267EE867A4A
:10B84C0009920A920B920C920D9205AA0095CDEDDD
:10B85C00057AA04703980EB0BDE8F081B4EEE34A38
:10B86C00F1EE10FA40F1B980F7EE004A4FF0010EFC
:10B87C000023B0EE442AF0EE630A774677EEE46AD2
:10B88C00764673EEE42A9846B0EE440A1A4674EEF5
:10B89C00644AB0EE625AF0EE665AB0EE663A3AE797
:10B8AC00B4EEE34AF7EE005AB0EE673AF1EE10FA56
:10B8BC007BDB34EE650A4FF0010E73EEE52A0027B0
:10B8CC00F0EE630A7346F0EE676A724677EEE55A5D
:10B8DC00B846B0EE625A3E46F0EE404AB0EE402A10
:10B8EC0019E703EB430367EEA77A01EB830367EEDB
:10B8FC00A77A93ED0B3AD3ED0A3A65EE835A93EDA2
:10B90C000C4AE4EEA35AE5EE045A67EEA57A83E7F7
:10B91C0002EB420267EEA77A01EB820267EEA77A8E
:10B92C00D2ED0B3A92ED0A4A23EE233A92ED0C7AC1
:10B93C00A2EE043AA2EE873A27EE837A5DE706EB95
:10B94C00460467EEA77A01EB840467EEA77AD4ED80
:10B95C000B3A94ED0A4A66EEA36A94ED0C7AE0EE8B
:10B96C00046AE0EE876A67EEA66A36E79CF8B8725E
:10B97C0027EE077A3D4427EE077A95F8B8522C4407
:10B98C0094F8B84404EB440401EB840494ED0B1AD2
:10B99C00D4ED0A1A67EE817A94ED0C6AE4EE217A02
:10B9AC00E3EE867A27EE276A07E773EEE50A4FF097
:10B9BC00010E34EE652A0027F0EE676A7346B0EE8E
:10B9CC00440AF04677EEE55A3E46B0EE605A3A46E7
:10B9DC00F0EE424AF0EE602A9DE6B7EE005A4FF0C8
:10B9EC00000E0127F0EE632AF0EE630AF04677EEC4
:10B9FC00C56A724634EE452A3B46B0EE440A3E46D2
:10BA0C0033EEC55AF0EE665AF0EE424AB0EE663AA4
:10BA1C0081E600BF9A99193F000000000000004227
:10BA2C00D2ED006A92ED017A91ED024AD1ED037AE2
:10BA3C0024EE264AD1ED093A67EE877AD1ED076AF2
:10BA4C002DE9F04134EE277A8EB037EE237A27EECB
:10BA5C00267A77EE045AFDEEE56AB8EEE66AF4EE65
:10BA6C00C65AF1EE10FA06D516EE903A013B06EEE8
:10BA7C00903AB8EEE66A77EE276ABDEEC66AFDEE3E
:10BA8C00E65A16EE104AB8EEE56AF4EEC66AF1EE26
:10BA9C0010FA06D515EE903A013B05EE903AB8EE49
:10BAAC00E56A33EE877AFDEEC66ABDEEC76A16EE1E
:10BABC00905AF8EEC66AB4EEE67AF1EE10FA06D5B4
:10BACC0016EE103A013B06EE103AF8EEC66ABDEEE1
:10BADC00E67A631906EE904A91ED086A17EE10CAE1
:10BAEC00B8EEC75AF8EEE65A06EE905A6344F8EEF2
:10BAFC00E66A07EE103AB8EEC77AE7EE465AE7EE7A
:10BB0C00466AA7EE465A34EE654A77EEE67A73EE4D
:10BB1C00C53AB4EEE74AF1EE10FAF4EEE37A1FDB25
:10BB2C00F1EE10FAC0F20081B7EE005A4FF0000EA1
:10BB3C000127F0EE632AF0EE630AF04634EE450A74
:10BB4C00764637EEC53A3B46F0EE676A3A4633EE38
:10BB5C00C55AF0EE435AF0EE404AB0EE402A1EE0D1
:10BB6C00F1EE10FA40F1BE80F7EE004A4FF0010EF4
:10BB7C000023B0EE442AF0EE676A774673EEE40ACF
:10BB8C00F04637EEE43A1E46B0EE440A1A4674EE1E
:10BB9C00644AB0EE605AF0EE435AF0EE602A9FED24
:10BBAC00BF7A5FFA8CFC8844EDB2A4EE447A8E44E2
:10BBBC00E0440E44E6440F4498F8B8822E44E4B2B4
:10BBCC000A4446449EF8B882A7EEE77A07EB050EC6
:10BBDC0096F8B8622244C6440B4432448C449EF816
:10BBEC00B86223440D440C44A3EEE37A334492F838
:10BBFC00B864B0EE001A93F8B824F0EE081A9CF86A
:10BC0C00B93236EE000AA6EE012A2B44A6EE013A12
:10BC1C00B5EEC07A93F8B932E6EE012AE6EE214A87
:10BC2C00F1EE10FA2344E6EE215AA6EE215A93F8CF
:10BC3C00B93476EE266A76EE200A40F1DB809FED71
:10BC4C00986ADFED967AE0EE407AE6EEE67AE0EE80
:10BC5C00E07AF5EEC07AF1EE10FA40F1B480DFED47
:10BC6C00906ADFED8E7AE2EE427AE3EE437AE2EE10
:10BC7C00E27AF5EEC07AF1EE10FA40F18D809FED8C
:10BC8C00887ADFED867AE4EEE47AE5EEE57AE5EEA5
:10BC9C00457AF5EEC07AF1EE10FA66D5DFED807AD2
:10BCAC0076EE266A9FED7F6A496800220BAD039001
:10BCBC0036EE877A0C6808AB246877EE277A069202
:10BCCC000792089267EE867A09920A920B920C926E
:10BCDC000D9205AA0095CDED057AA04703980EB0FC
:10BCEC00BDE8F081B4EEE34AF1EE10FA40F1B98010
:10BCFC00F7EE004A4FF0010E0023B0EE442AF0EEAE
:10BD0C00630A774677EEE46A764673EEE42A984641
:10BD1C00B0EE440A1A4674EE644AB0EE625AF0EE83
:10BD2C00665AB0EE663A3AE7B4EEE34AF7EE005ADA
:10BD3C00B0EE673AF1EE10FA7BDB34EE650A4FF0A9
:10BD4C00010E73EEE52A0027F0EE630A7346F0EE5F
:10BD5C00676A724677EEE55AB846B0EE625A3E46CE
:10BD6C00F0EE404AB0EE402A19E703EB430367EECE
:10BD7C00A77A01EB830367EEA77A93ED0B3AD3ED29
:10BD8C000A3A65EE835A93ED0C4AE4EEA35AE5EEBB
:10BD9C00045A67EEA57A83E702EB420267EEA77AB4
:10BDAC0001EB820267EEA77AD2ED0B3A92ED0A4ACA
:10BDBC0023EE233A92ED0C7AA2EE043AA2EE873AE5
:10BDCC0027EE837A5DE706EB460467EEA77A01EB74
:10BDDC00840467EEA77AD4ED0B3A94ED0A4A66EE2A
:10BDEC00A36A94ED0C7AE0EE046AE0EE876A67EEE3
:10BDFC00A66A36E79CF8B87227EE077A3D4427EE20
:10BE0C00077A95F8B8522C4494F8B84404EB4404DF
:10BE1C0001EB840494ED0B1AD4ED0A1A67EE817AC7
:10BE2C0094ED0C6AE4EE217AE3EE867A27EE276A2B
:10BE3C0007E773EEE50A4FF0010E34EE652A002792
:10BE4C00F0EE676A7346B0EE440AF04677EEE55AB8
:10BE5C003E46B0EE605A3A46F0EE424AF0EE602AA8
:10BE6C009DE6B7EE005A4FF0000E0127F0EE632A64
:10BE7C00F0EE630AF04677EEC56A724634EE452A58
:10BE8C003B46B0EE440A3E4633EEC55AF0EE665AD7
:10BE9C00F0EE424AB0EE663A81E600BF9A99193F3D
:10BEAC000000000000000042806E704701207047C7
:10BEBC004430704703207047006F7047C06E704766
:10BECC002DE9F04F0646D0F8E0000D4603682DED45
:10BEDC00028B1B6885B098472968A34ACB699342AB
:10BEEC0040F0388140F23B2805F12407DFED9F8AB2
:10BEFC009FED9F8A0024DFF880B2DFF8809261E02A
:10BF0C0005F5805322465046019493F85ECFBCF160
:10BF1C00000F6BD12B7A1BB1C2F1005202F23A2204
:10BF2C006B6803EBC2031A6802925B6803930B699C
:10BF3C004B4540F0AE8038460378427813433BD0F3
:10BF4C00D6ED3E7ADDED026A96ED3C6A76EEE76A56
:10BF5C009DED037A36EE676A66EEA86AC6EE867ABF
:10BF6C0077EE887AF4EEE87AF1EE10FA00F3958029
:10BF7C00F5EEC07AF1EE10FA00F1D880D6ED3F6AFA
:10BF8C00F3EE095A96ED3D6AFCEEE77A37EE667AE7
:10BF9C0036EE666A17EE903A67EE256A99B286EE2F
:10BFAC00867A37EE087AB4EEE57AF1EE10FA40F3C1
:10BFBC00C3803F2940F2D58001340337444580F0DB
:10BFCC00AA8029688B681FFA84FA5B4540F0A88028
:10BFDC00B4F50F7F94D305F5805340F23B2293F8D0
:10BFEC005ECF10460192BCF1000F93D0B3F8602FD6
:10BFFC00DDED017AB0FBF2FC02FB1C00B8EEE77A37
:10C00C0007EE902A03F66C7280B2F8EEE76AB8EE8F
:10C01C00676A07EE900AF8EEE77A37EE677AC7EEB2
:10C02C00265AD2ED006A03F6647292ED007A03F59B
:10C03C00776236EE877A37EE667A67EE277A87EE86
:10C04C00867A37EE267AD2ED006A03F66872D2ED64
:10C05C00007AB3F8622F76EEA77A8DED027A06EEAF
:10C06C00102A03F6747203F6787377EEE67A82ED93
:10C07C00007AB8EE466A65EEA75AC5EE867A77EE78
:10C08C00A67AC3ED007A0B69CDED037A4B453FF4EC
:10C09C0052AF5146284698474EE72022CF233A21EB
:10C0AC00D6ED3F7AB3EE096AD6ED3D6A37EE677A84
:10C0BC0076EEE76A67EE067A87EEA67A37EE087AAE
:10C0CC00B4EEC67AF1EE10FA1BDCB5EEC07AF1EEE6
:10C0DC0010FA2FD40122BCEEC77A17EE103A9BB29D
:10C0EC001F2B8CBF002202F00102002A3FF464AF28
:10C0FC00CA43C90801EBC30302F0070101228A40BD
:10C10C00D2B21C4901340337C85C444542EA0002F0
:10C11C00CA54FFF456AF05B0BDEC028BBDE8F08FEE
:10C12C002946524602A89847296800E78022C8236E
:10C13C000021B5E70023DBE7B5EEC07A3F298CBFC1
:10C14C0000220122F1EE10FAC5D50023002A3FF49B
:10C15C0033AFCDE72846984780460028DBD02968C6
:10C16C00C2E61923C4E700BF7D020000000068424C
:10C17C0000000000A84401208D010000E50500002E
:10C18C0090F84420042A00F25A81D0ED0E6A03463E
:10C19C0090ED0D6AF5EEC06A70B5F1EE10FA40F153
:10C1AC004F81B0EE667A002A00F05581D3ED107AFB
:10C1BC00DFEDCC5AF4EEE57AF1EE10FA00F1C8811D
:10C1CC00D3ED035AF5EEC05AF1EE10FA00F37B8270
:10C1DC00012A1BD0D3ED055AF5EEC05AF1EE10FA38
:10C1EC0000F31F82022A11D0D3ED075AF5EEC05A84
:10C1FC00F1EE10FA00F3B282042A07D1D3ED095AFA
:10C20C00F5EEC05AF1EE10FA00F33E8293ED0F7A80
:10C21C000132B5EEC07AD2B283F84420F1EE10FAB6
:10C22C00F5EEC07AC8BF9FEDAF7AF1EE10FA01D5EA
:10C23C00DFEDAC7A052A83ED0F7AC3ED107A00F0AE
:10C24C00FD80F7EE005AF4EEE56AF1EE10FA00F11B
:10C25C000981B4EEE56AB6EE005AF1EE10FAF4EE8E
:10C26C00C57A76FE255AF1EE10FA00F10581D3ED70
:10C27C00034AF4EEC54AF1EE10FA00F32782012AC4
:10C28C001BD0D3ED054AF4EEC54AF1EE10FA00F3DB
:10C29C009481022A11D0D3ED074AF4EEC54AF1EE8F
:10C2AC0010FA00F37F82042A07D1D3ED094AF4EE89
:10C2BC00C54AF1EE10FA00F3F181F6EE005A02F1E4
:10C2CC00010C5FFA8CFCB4EE657A83F844C0F1EE95
:10C2DC0010FAF4EE657A35FE877AF1EE10FA48BF63
:10C2EC00F0EE657ABCF1050F83ED0F7AC3ED107A91
:10C2FC0000F0A480F5EEC06AF1EE10FA00F1D380E4
:10C30C00B5EEC06A9FED775AF7EE005AF1EE10FACF
:10C31C00F4EEE57A36FE055AF1EE10FA00F1CD8016
:10C32C00D3ED034AF4EEE54AF1EE10FA00F3C081C6
:10C33C00D3ED054AF4EEE54AF1EE10FA00F3D6809F
:10C34C00BCF1020F12D0D3ED074AF4EEE54AF1EE40
:10C35C0010FA00F3F181BCF1040F07D1D3ED094AB7
:10C36C00F4EEE54AF1EE10FA00F32E82F7EE005AE5
:10C37C000CF1010C5FFA8CF2B4EE657A83F8442070
:10C38C00F1EE10FAF4EE657A35FE877AF1EE10FADA
:10C39C0048BFF0EE657A052A83ED0F7AC3ED107A6B
:10C3AC004CD0F5EEC06AF1EE10FA07D4B5EEC06AC7
:10C3BC00DFED4C6AF1EE10FA76FE266A9FED4A6AC2
:10C3CC00F4EEC67AF1EE10FA00F1D880D3ED035AF0
:10C3DC00F4EEC65AF1EE10FA00F37B81D3ED055A58
:10C3EC00F4EEC65AF1EE10FA00F3A381D3ED075A1E
:10C3FC00F4EEC65AF1EE10FA00F3C281042A07D10A
:10C40C00D3ED095AF4EEC65AF1EE10FA00F3E581B9
:10C41C009FED356A0132B4EE467A83F84420F1EE92
:10C42C0010FAF4EE467A36FE077AF1EE10FA48BFAF
:10C43C00F0EE467A83ED0F7AC3ED107A70BD70473B
:10C44C00B5EEC06A9FED277AF1EE10FA36FE077A48
:10C45C00002A7FF4ABAE0021D3ED107A83ED047A81
:10C46C00D960D3E6B6EE005AF0EE665AF4EEC57A11
:10C47C00F1EE10FA7FF5FBAEB4EEC57A02F1010CC9
:10C48C0003EBC2025FFA8CFCF1EE10FA82ED035A58
:10C49C00C2ED045A83F844C040F38680B0EE457A6E
:10C4AC00F0EE457A1EE7F7EE005AB0EE665AF4EE5F
:10C4BC00E57AF1EE10FA7FF533AFB4EEE57A0CF1D4
:10C4CC00010203EBCC0CD2B2F1EE10FACCED035A14
:10C4DC008CED045A83F844206CDDB0EE657AF0EEF6
:10C4EC00657A58E7000000000024744903F1140138
:10C4FC0003F11C02BCF1020F03C982E8030040F2F5
:10C50C00768102220125964603EBC20103EBC2049D
:10C51C000C31143403C984E803000EF101016145A8
:10C52C000ED203EBC2020EF1020E1C32F44594E85B
:10C53C00030082E8030003D903F12C04C4E90001D1
:10C54C0003EBC5054FF07E5285ED045AEA600DE70A
:10C55C0003EBC2010132C1ED035AD2B281ED047A70
:10C56C0093ED0F7A83F84420B5EEC07AF1EE10FA11
:10C57C0017DDB0EE657AF0EE657A5BE6B4EEC67A5E
:10C58C0003EBC201013281ED036AF1EE10FAC1ED49
:10C59C00046A83F844200ADDB0EE467AF0EE467A5F
:10C5AC0048E7F0EE657A45E6F0EE457A9AE6F0EE6D
:10C5BC00467A3FE7F0EE657AEDE64FF0010C03EBBF
:10C5CC00CC0E0CF101055FFA8CF47146AA420EF107
:10C5DC00140E01F10C0103C98EE8030018D9A61C36
:10C5EC0003EBCC05F6B21C359EE80300B24285E89D
:10C5FC0003000DD9033403EBCC0EE4B20EF1240E80
:10C60C00A2428EE8030003D903F12C0484E8030052
:10C61C0003EBCC0C4FF07C51CCED045ACCF80C1045
:10C62C004BE64FF0010C03EBCC0E0CF101055FFA5D
:10C63C008CF47146AA420EF1140E01F10C0103C9DF
:10C64C008EE8030018D9A61C03EBCC05F6B21C35FA
:10C65C009EE80300B24285E803000DD9033403EBD6
:10C66C00CC0EE4B20EF1240EA2428EE8030003D9E4
:10C67C0003F12C0484E8030003EBCC0C00218CEDBB
:10C68C00047ACCF80C10C1E503F1240103F12C045D
:10C69C004FF0030C03C984E80300EDE703F1240118
:10C6AC0003F12C044FF0030C03C984E80300AFE73B
:10C6BC0003F10C0103F11402002503C982E8030005
:10C6CC000122964620E74FF0000CACE74FF0000C2F
:10C6DC0075E74FF0000E03EBCE0C0EF1020603EBE8
:10C6EC00CE04614696420CF1140C04F11C0401F1C9
:10C6FC000C015FFA8EF503C98CE8030084E8030093
:10C70C000FD20335EEB203EBCE05964205F12405AC
:10C71C0094E8030085E8030003D203F12C0484E8B9
:10C72C00030003EBCE0E3849CEED046ACEF80C10A4
:10C73C006EE64FF0010ECEE703F11C0103F124026B
:10C74C00BCF1030F03C982E8030058D903F12C0490
:10C75C00022592E80300C4E90001F1E603F11C0193
:10C76C0003F12404032A03C984E8030041D903F12B
:10C77C002C054FF0020C94E80300C5E900017BE79F
:10C78C0003F11C0103F12404032A03C984E8030008
:10C79C0037D903F12C054FF0020E94E80300C5E9DC
:10C7AC000001BEE703F11C0103F12404032A03C9B1
:10C7BC0084E8030020D903F12C054FF0020C94E817
:10C7CC000300C5E9000123E703F1240103F12C0266
:10C7DC00032503C982E80300B2E603F1240103F147
:10C7EC002C044FF0030E03C984E8030099E70125DC
:10C7FC00A6E64FF0020C3FE74FF0020C08E70225CB
:10C80C009EE64FF0020E8CE7002474497C30704792
:10C81C0030B583B004467C31069D0095FEF7BCFE16
:10C82C00204603B030BD00BFB7EE007AD0ED157ACC
:10C83C0006490022064B77EEC77A81648263436413
:10C84C00C0ED157AC0ED0D7A704700BF0000B44200
:10C85C000000C042183070475430704730B583B078
:10C86C0004465431069D0095FFF7DAF8204603B0D4
:10C87C0030BD00BF28307047B1F804C08A79A0F8E9
:10C88C0000C08270704700BF0A682DE9F04F5369F1
:10C89C0087B0B94C0E460390A34240F0818101F160
:10C8AC00240302939369B5498B4240F05F8106F2F1
:10C8BC00D569DFF8E4B20024D3695B4540F00E8102
:10C8CC0040F23B20A04240F20F810399B7EE007A70
:10C8DC000B7AD1ED016A00215B08ADF8141007EE5C
:10C8EC00903AF8EEE77A77EEC77AA6EEA77AFDEEE5
:10C8FC00C77A17EE901ACDED017A4F428F4224DAA7
:10C90C009F4B48001B68002B00F025819D4981FB43
:10C91C000315D9171D44C1EB25419B4D05FB113364
:10C92C009A4D05FB01F144F2A71505FB03110029F3
:10C93C0080F218816FF000470F44914B1F60B7FBDA
:10C94C00F0F300FB1377019BFF1A019B012B40F3C3
:10C95C00F1808B49581E0968002900F0FA80894B38
:10C96C0083FB0135CB170D44C3EB2543864D05FBEB
:10C97C001311864D05FB03F344F2A71505FB01319A
:10C98C00002980F2F1806FF000430B447C49156C58
:10C99C000B60B3FBF0F100FB11387D4B9D4208F1AD
:10C9AC00010840F0CE80002F2146ADF8164040F330
:10C9BC00BF800025DFF8E4A1536B534578D101F615
:10C9CC0074514FF6FF7336F811109942ADF81610EA
:10C9DC000DD00135AF4203D1AAE0BD4280F2A88050
:10C9EC0001F67451013536F811109942F5D1002336
:10C9FC00ADF8141001990025DDF808A01F46002998
:10CA0C00B8BF0131B8EB610F3BDBEFB1BDF81410CF
:10CA1C0004EB440301EB41013AF80100514429F8BD
:10CA2C0003004B44897899700DB10134A4B2D369D9
:10CA3C005B4577D140F23B20A04248D90135A8454F
:10CA4C0045D03268002FE1D104EB440309EB03011C
:10CA5C008F7029F80370E7E704EB440309EB03013B
:10CA6C008F7029F803700DB10134A4B2D2695A4504
:10CA7C005BD140F23B20A04229D90135454526D057
:10CA8C003268002FE8D0BDF8143004EB440103EBFE
:10CA9C00430309EB01000AEB030C9CF802E009F8D4
:10CAAC0001E01AF8033043709CF801308370DAE728
:10CABC000DF1160230460135984700284DD0BD4285
:10CACC00BDF8161032687FF477AF034690E73268F2
:10CADC000134D369A4B25B453FF4F2AE30469847BB
:10CAEC00A04232683FF6F1AE002440F23A25029F94
:10CAFC000EE0AC4213D804EB4403013439F80300C4
:10CB0C0009EB0301FA18A4B2F8528B7893703268CF
:10CB1C00D3695B45EDD0304698478442EBD307B0E0
:10CB2C00BDE8F08F3046984786E730469047A2E73D
:10CB3C0001235DE7156C4FF00108154B9D423FF446
:10CB4C0032AF3B4605AA21463046A8473268034619
:10CB5C0050E7104B1AE70F4FEFE60346BDF81610DF
:10CB6C00326845E70F46E8E60B460FE73046984734
:10CB7C00326881469DE600BFF1050000F505000016
:10CB8C00C03E00205F0B4E831DF30100ECF4FFFF51
:10CB9C00F908000042CE0C1F7D02000001070000C6
:10CBAC0008469847326802907CE600BF0A682DE977
:10CBBC00F04F536989B0824C8A460590A34240F0ED
:10CBCC00EF8001F1240B93697E498B4240F0F28097
:10CBDC000AF2D563049300237B480293D369BDF812
:10CBEC000810834240F0B38040F23B20884240F270
:10CBFC00B780059BB7EE007A187AD3ED016A40082E
:10CC0C00BDF8083007EE900A002003EB4303F8EE62
:10CC1C00E77AADF81E00ADF81C00039377EEC77AE7
:10CC2C00A6EEA77ABCEEC77A17EE100A84B21846A5
:10CC3C005B441BF800005F789E7801940090002CF8
:10CC4C0063D00D4601244FF6FF79B0463EE0438891
:10CC5C0005F674515D48B3EB0906ADF81E30536B05
:10CC6C0018BF0126834246D13AF81150B5EB0900A2
:10CC7C00ADF81C5018BF01200134BDF81E1006B3CE
:10CC8C0001EB4103E8B10BEB030600981BF80330F2
:10CC9C0005EB450C184403460BEB0C001BF80CC0C1
:10CCAC001CFA83F39BB2009373781F44B3784678D5
:10CCBC004344807816FA87F610FA83F3B7B21FFA5A
:10CCCC0083F8E3B2019883421C461DD8136B01F61E
:10CCDC0038303F4E0AEB4000B342B8D00DF11E0283
:10CCEC0050469847DAF8002006463848536B05F64C
:10CCFC0074518342B8D0294607AA50469847BDF8CC
:10CD0C001C50DAF80020B7E746460299019B013126
:10CD1C005B0002910099B1FBF3F1B7FBF3F7B6FBA3
:10CD2C00F3F6FF29A8BFFF21FF2FDDE90303A8BFFE
:10CD3C00FF27FF2E19540344A8BFFF2622489F70DB
:10CD4C005E70D369BDF8081083423FF44DAF00917B
:10CD5C00504698470099DAF8002088423FF649AFD0
:10CD6C00002440F23A25049E0FE0AC4215D804EBA7
:10CD7C0044030134F05AF1180BEB0302A4B22BF864
:10CD8C0003008B789370DAF80020D3690E4A934233
:10CD9C00EBD0504698478442E9D309B0BDE8F08FF8
:10CDAC0008469847DAF800200649834693698B4277
:10CDBC003FF40EAF50469847DAF8002004900AE78B
:10CDCC00F1050000F50500007D02000001070000E0
:10CDDC00E5060000F8B50B680E4616485A69824203
:10CDEC0022D101F124040025134F15E040F23B2021
:10CDFC00854218D223780BB16433DBB2627823708E
:10CE0C000AB16432D2B2A37862700BB16433DBB274
:10CE1C00A370013533680334DB69BB42E6D030467E
:10CE2C0098478542E6D3F8BD0846904733680446D8
:10CE3C00D9E700BFF10500007D020000704700BF7C
:10CE4C000A682DE9F04F536989B0804C8A460590E9
:10CE5C00A34240F0EA8001F1240B93697C498B4298
:10CE6C0040F0ED800AF2D5630493002379480293D5
:10CE7C00D369BDF80810834240F0AE8040F23B20ED
:10CE8C00884240F2B280059BB7EE007A187AD3ED57
:10CE9C00016A4008BDF8083007EE900A002003EB49
:10CEAC004303F8EEE77AADF81E00ADF81C000393CF
:10CEBC0077EEC77AA6EEA77ABCEEC77A17EE100A01
:10CECC0084B218465B441BF800005F789E7801948E
:10CEDC000090002C5ED00D4601244FF6FF79B04631
:10CEEC0040E0B0F8863DB3EB0906ADF81E3018BF34
:10CEFC000126D36A05F6FC0157480AEB410183422F
:10CF0C003ED18D88B5EB0900ADF81C5018BF01203F
:10CF1C000134BDF81E1006B301EB4103E8B10BEB75
:10CF2C00030600981BF8033005EB450C1844034628
:10CF3C000BEB0C001BF80CC01CFA83F39BB2009398
:10CF4C0073781F44B37846784344807816FA87F692
:10CF5C0010FA83F3B7B21FFA83F8E3B20198834255
:10CF6C001C4616D8936A0AEB41003C4EB342B8D02B
:10CF7C000DF11E0250469847DAF800200646B8E735
:10CF8C00294607AA50469847BDF81C50DAF80020ED
:10CF9C00BEE746460299019B01315B000291009964
:10CFAC00B1FBF3F1B7FBF3F7B6FBF3F6FF29A8BF20
:10CFBC00FF21FF2FDDE90303A8BFFF27FF2E195424
:10CFCC000344A8BFFF2623489F705E70D369BDF849
:10CFDC00081083423FF452AF009150469847009995
:10CFEC00DAF8002088423FF64EAF002440F23A2592
:10CFFC00049E0FE0AC4215D804EB44030134F05A04
:10D00C00F1180BEB0302A4B22BF803008B7893708E
:10D01C00DAF80020D3690F4A9342EBD05046984778
:10D02C008442E9D309B0BDE8F08F08469847DAF896
:10D03C0000200749834693698B423FF413AF504657
:10D04C009847DAF8002004900FE700BFF1050000C4
:10D05C00F50500007D020000C9060000B1060000C5
:10D06C0010B5134C236A13B1124AD168E1B9636A43
:10D07C0013B1104AD16999B9A36A13B10D4AD16A97
:10D08C0051B9E36A3BB10B4AD16B21B10121BDE827
:10D09C001040D163184710BD0121D1629847F0E7C9
:10D0AC000121D1619847E7E70121D1609847DEE77C
:10D0BC00C03E00200041084000207047704700BF70
:10D0CC00F8B50C4671B182B106468F18002533684D
:10D0DC00304614F8011B1B689847BC420544F6D136
:10D0EC002846F8BD0D462846F8BD1546F8E700BFA2
:10D0FC0000234FF470410F224FF4604CA0F88C11B8
:10D10C004FF48061A0F88E21A0F89031B0F88821FE
:10D11C0092B242F0F002A0F8882148F2B822A0F8AE
:10D12C0004C0C1804384038643804381C28143820F
:10D13C00C3824383C383A0F864C0A0F86610A0F830
:10D14C008230A0F89030A0F86230A0F86A30A0F8D5
:10D15C006E20A0F87230A0F87630A0F87A30A0F8E3
:10D16C007E30A0F8C4C0A0F8C610A0F8E230A0F839
:10D17C00F030A0F8C230A0F8CA30A0F8CE20A0F849
:10D18C00D230A0F8D630A0F8DA30A0F8DE30A0F813
:10D19C0024C1A0F82611A0F84231A0F85031A0F813
:10D1AC002231A0F82A31A0F82E21A0F83231A0F8B3
:10D1BC003631A0F83A31A0F83E31B0F888319BB244
:10D1CC0043F00F03A0F88831B0F888319BB243F4D8
:10D1DC007063A0F8883170470449054A4968054BCB
:10D1EC001960136801331360704700BF001000E032
:10D1FC00384301203C43012030BFFDE7836BF0B482
:10D20C001BB1536843F40043536072B6446B3CB398
:10D21C001A4B2260D3F8B0410C421DD1184E7768DE
:10D22C0004E07468E41BB4F5166F0BD2D3F84041DC
:10D23C0044F48044C3F84041D3F8B851D3F840418A
:10D24C006404EED50D4007D10C4CC0E90225D4F88E
:10D25C00B0310B43C4F8B031426362B6F0BC7047D6
:10D26C00064DC0E90224D5F8B0310B43C5F8B031F6
:10D27C000263426362B6F0BC704700BF00002E40F0
:10D28C00001000E00D4A92F8301092F83100CBB249
:10D29C0081420FD001330A49092B28BF00231344C4
:10D2AC0093F8343002EB430201EB4323B2F84020F5
:10D2BC00985C70474FF0FF30704700BFC03E0020B5
:10D2CC0080202020294B1B78002B4DD070B5284C8A
:10D2DC00B4F8501001B970BD94F8530004F1600C0F
:10D2EC00244B01260CEB4012C1F5006103EBC0236B
:10D2FC0084F8526040010D0419444CF8006003F5A9
:10D30C00805045F080059360D06003F50050556067
:10D31C00106103F54050506103F58040906100208E
:10D32C00D061BFF34F8F4FF0E020C0F8703F203337
:10D33C009942FAD8BFF34F8FBFF36F8F4FF4801120
:10D34C000D48FFF75BFF94F853300133DBB2032B2E
:10D35C0088BF002384F853300023A4F85030BFF367
:10D36C004F8F84F8523070BD704700BF304301209E
:10D37C00C03E002080002020400200202DE9F84F04
:10D38C00354D95F8303095F8312093425ED0DEB2B1
:10D39C0005F58078DFF8C8A04FF0E0244FF4003793
:10D3AC00DFED2E7A0136082E52D85FFA86F9AB19CA
:10D3BC00D5F8E0C0B5F80012012093F8343005EB35
:10D3CC0043024FEA431EB2F8E4B0B2F84020ABEB94
:10D3DC00020B08EB4312ACEB0B0CC5F8E0C04FEAA8
:10D3EC00014CC4F88C714CF0800C48F80E00D361E1
:10D3FC000AEB4323C2F804C003F5805C9360194424
:10D40C00C2F80CC003F5005CC2F810C003F5405C18
:10D41C00C2F814C003F5804CC2F818C0BFF34F8F8C
:10D42C00C4F85C3F20339942FAD8BFF34F8FBFF357
:10D43C006F8F082117EE900AFFF7E0FEC4F80C710D
:10D44C0085F8309095F831309E42ABD1BDE8F88F1D
:10D45C000026B146ABE700BFC03E00208001002093
:10D46C0080202020194B012193F8532083F852106F
:10D47C00B2B1586E8A4280F08000C0F3C0104FEAFF
:10D48C00C0200ED1D3F8A410090658BF00F50060D7
:10D49C00032A0ED1BFF34F8F002283F8522070471E
:10D4AC001046D3F88410090658BF00F50060022A14
:10D4BC00E8D1D3F8C420120658BF00F50060BFF3C2
:10D4CC004F8F002283F85220704700BFC03E0020CF
:10D4DC00F8B5284C94F85230002B49D103F0FF05D5
:10D4EC00254B1B78002B43D0B4F8501000293FD0AB
:10D4FC0094F8530004F1600C204B01270CEB401204
:10D50C00C1F5006103EBC02340010E0419444CF833
:10D51C00007003F5805046F08006D561D06003F5AD
:10D52C0000505660106103F540509360506103F554
:10D53C0080409061BFF34F8F4FF0E020C0F8703FF8
:10D54C0020339942FAD8BFF34F8FBFF36F8F4FF44C
:10D55C0080110B48FFF752FE94F853300133DBB2C5
:10D56C00032B88BF002384F853300023A4F85030D9
:10D57C00F8BD00BFC03E00203043012080002020B9
:10D58C004002002038B5EFF3108172B60E4CD4F87F
:10D59C0004329BB100255A691846C4F8042202B122
:10D5AC00956171B962B69A68184659779047EFF34E
:10D5BC00108172B6D4F80432002BECD101B962B6EA
:10D5CC0038BD9A685D77F1E7C03E0020844B854AF0
:10D5DC0085492DE9F0435E6988428CBF4FF01208F3
:10D5EC004FF00E089C69D768D3F8801007F01F091C
:10D5FC0041F0C001C145C3F8801007D268F304079D
:10D60C00D7601368002BFCDA07F01F0916F00073C3
:10D61C0024D1764A1169764A8A4300F0DA8084F480
:10D62C00805231464FF4805511F0605F04D026F0E3
:10D63C0060561E436A4B5E6112F4405F07D024F4BF
:10D64C004054674A2C439461936C1907FCD446F000
:10D65C000076634A5661936C9B06FCD44FF0010C28
:10D66C000146644C634603FB011203F1010E0CF1FD
:10D67C000105A24218D8BEF1080F4FF0010340F08B
:10D68C008A80BCF1040F00F28C804218A24200F296
:10D69C009A8005FB00F1AC4603F1010E03FB01126D
:10D6AC000CF10105A242E6D90CF1FF3452491144A8
:10D6BC00524A91427AD9524D6C2252484B49B0FB96
:10D6CC00FEF0D1F800E0B0FBFCF0DFF860C10EEA30
:10D6DC000C0CAC4508D042F400524FF480550D6050
:10D6EC000A600A68002AFCDA3D4A116901F0070158
:10D6FC00994203D01361936CDD03FCD486EA842336
:10D70C00A40213F4E05F09D026F4E05604F4E054CC
:10D71C00334A26435661936C9907FCD43A493B4AE9
:10D72C000144914239D83A4BC909A3FB0131090B89
:10D73C004B1E1B0286EA030212F4407F06D026F42D
:10D74C00407603F44073264A33435361244A5369A9
:10D75C0023F000735361936C9B06FCD42D4BC8458E
:10D76C00A3FB00234FF0FF32B0FBF1F14FEA9343E0
:10D77C00B2FBF3F3284A10605160284A136008D2B8
:10D78C0027F01F07174A47EA0807D7601368002BD2
:10D79C00FCDABDE8F083734665E74FF4407304216F
:10D7AC00C8E715490CF1FF34072311441C4A1D48E6
:10D7BC00A2FB01211C4D0A0D362A38BF362202FB72
:10D7CC0000F015437AE764460023AC464FF0010E97
:10D7DC006CE71D4686F0C05122464FF0C05323E73C
:10D7EC0000C00F400000084000A4781F00800D40CE
:10D7FC0040300080FFB19F26808D5B00FF7EF64D90
:10D80C006C20008000643F4D7FD1F0087F17B42C52
:10D81C009F10E50083DE1B4310370020404301209E
:10D82C00819F5E16001BB700002000807F300180B6
:10D83C0010B504461AF0FEFB204610BD10B5044688
:10D84C001AF0F8FB204610BD10B504461AF0F2FB96
:10D85C00204610BD10B504461AF0ECFB204610BD56
:10D86C0070B5094B0646044600F50075036054F884
:10D87C00040F08B11AF0DEFBAC42F8D130461AF0B6
:10D88C00D9FB304670BD00BF0420002010B5044603
:10D89C001AF0D0FB204610BD10B504461AF0CAFB96
:10D8AC00204610BD70B5094B0646044600F50075C0
:10D8BC00036054F8040F08B11AF0BCFBAC42F8D169
:10D8CC0030461AF0B7FB304670BD00BFF01F002089
:10D8DC0010B50446C06A08B11AF0ACFB206B08B155
:10D8EC001AF0A8FB20461AF0A5FB204610BD00BF7D
:10D8FC0070B5094B0646044600F50075036054F8F4
:10D90C00040F08B11AF096FBAC42F8D130461AF06D
:10D91C0091FB304670BD00BF1820002010B50446A6
:10D92C001AF088FB204610BD10B50446406808B1BB
:10D93C001AF080FBA06808B11AF07CFB20461AF0A4
:10D94C0079FB204610BD00BF0B682DE9F0475A69E2
:10D95C000D467C4C8146A2422DED068B8AB040F0E0
:10D96C00CC8001F124079A6977498A4240F0CE8035
:10D97C001A6805F2D56675498A4240F0D08095ED5B
:10D98C00067AF6EE006AD5ED045AD5ED057A95EDDA
:10D99C00036A37EE257A77EE867A27EE267A67EEDB
:10D9AC00A67A8DED077ACDED067A00249FED689A64
:10D9BC00DFED688ADFF8A081ADF816400EE0BDF807
:10D9CC001630A2B203EB430302EB4202F85A3B447B
:10D9DC00B118B0529B788B702B680134DA691FFA3E
:10D9EC0084FA424567D140F23B20504568D99B6888
:10D9FC005246294608A89847D9ED036ADDED097A05
:10DA0C009DED087A77EEA67AD9ED025A9DED076A5C
:10DA1C0037EE257ADDED066A77EEC67A37EE667A52
:10DA2C0027EEA70A77EEA87A77EE090AA7EE070A7F
:10DA3C00B5EE400AF1EE10FA76D4F1EEC09AB0EEE3
:10DA4C00670A18F039FBB7EE006AF6EE006A99ED3A
:10DA5C00047AF1EE007A86EE298AB0EE40AA28EE1E
:10DA6C00268A28EE078A28EE278A18F05DFCF0EE4D
:10DA7C00409AB0EE4A0A18F053FB60EE087A69EE51
:10DA8C00889AD5F800C051460DF11602FDEEE77AE2
:10DA9C002846BDEEE97ACDED007A17EE103ADCF8A7
:10DAAC0048A0D04700288AD1A3B203EB4303F21855
:10DABC00F052907090E72846904750452B6896D8C6
:10DACC00002440F23A290CE04C4511D804EB4403F5
:10DADC000134F05AF118FA18A4B2F8528B789370FA
:10DAEC002B68DB694345EFD0284698478442EDD339
:10DAFC000AB0BDEC068BBDE8F087084690472B6852
:10DB0C00114907469A698A423FF432AF284690473A
:10DB1C002B680E4906461A688A423FF430AF2946F4
:10DB2C0006A890472B6840E7CDED037ACDED020AAD
:10DB3C0017F0DAFFDDED037AF0EE409ADDED020A24
:10DB4C007DE700BFF1050000F5050000B5040000FD
:10DB5C0000000000000048427D02000030B583B098
:10DB6C0004461831069D0095FBF78AFA204603B04F
:10DB7C0030BD00BF2DE9F04FAF4C85B0D4F8443127
:10DB8C00DF070193C4F8443152D5D4F8AC31002BE3
:10DB9C0049D0DFF8A8A2DFF8C4B20AF5137202F577
:10DBAC0080520292C4F8AC31DBE90A20D4F840313F
:10DBBC0043F40053C4F84031D4F840319D04F5D5FA
:10DBCC00D4F8403123F40053C4F840314FF0011322
:10DBDC00C4F8B431D4F8B47117F00117FAD193B278
:10DBEC00CAF80872B3F5086F00F06F8300F25E811B
:10DBFC0040F20235AB4200F0388300F20F81822BE9
:10DC0C0000F0DE82B3F5817F40F0C18010F0780F18
:10DC1C0083B200F0DD834FF00113C4F8C031D4F8A7
:10DC2C00AC31002BBED1844BD3F8BC51002D47D165
:10DC3C00019B5E0615D5804AD2F8AC31C2F8AC31E6
:10DC4C00D2F8BC31C2F8BC31D2F8B031002BFBD1C8
:10DC5C004FF0FF307949C2F8B401D2F88421C1F8F1
:10DC6C004432019BDC0104D5744BD3F8483203B128
:10DC7C009847019B580709D56F4BD3F8843113F49F
:10DC8C00007319D06D4B012283F840226A4BD3F8F4
:10DC9C00482111060DD5019A12060AD5674991F84B
:10DCAC00A12232B1013AD2B281F8A122002A00F0AD
:10DCBC00908405B0BDE8F08F604A82F84032E5E709
:10DCCC00DFF878A1C3F8BC51DAF80822154240F00D
:10DCDC00AB83DAF8443215EA0309A9D05FEA194795
:10DCEC0028D0DFF878B14FF0010897FAA7F5B5FA0C
:10DCFC0085F50BEBC51ADAF870600AF1400AAEB183
:10DD0C003246002404E012680134012A00F0E18359
:10DD1C00536813F08003F6D0CAF8302034B1304683
:10DD2C00DAF8383036689847013CF8D108FA05F52E
:10DD3C00AF43DAD11FFA89F5002D3FF479AFDFF844
:10DD4C001CB14FF0010895FAA5F6B6FA86F60BEB66
:10DD5C00C619D9F83070AFB13A46002404E0126805
:10DD6C000134012A00F0B883536813F08003F6D015
:10DD7C00C9F8302034B13846D9F838303F68984764
:10DD8C00013CF8D108FA06F6B543DCD150E7802BFC
:10DD9C007FF441AF2A4B0122AAF84C72CAF86832C0
:10DDAC00029BCAF86022CAF86C32264A264BCAF883
:10DDBC006422CAF8703203F5805203F50053CBF895
:10DDCC004C70CAF87422CAF87832204BCBF8483021
:10DDDC00D4F8B03143F48033C4F8B031D4F8B03156
:10DDEC00002BFBD1CAF82832CBF80C300123CAF82F
:10DDFC0020328023CAF82432154BCBF808304FF070
:10DE0C000113C4F8BC31D4F8B03143F00103C4F8A9
:10DE1C00B031D4F8B031002BFBD100E7B3F5A06FD3
:10DE2C0000F08881A3F5D063012B3FF6F4AE87B2E6
:10DE3C00160C0849084B18E000002E40C03E00208C
:10DE4C000C410020800002000C61002020410020C9
:10DE5C00E040002018370020D820002000000020CF
:10DE6C0019690C3300293FF4D6AE1A88B242F7D1A7
:10DE7C005A88BA42F4D1320A032A00F00B831F8964
:10DE8C00000C874228BF0746B6F5007F40F0078399
:10DE9C00B94B3A469AF8405203F16401B748002D49
:10DEAC0008BF1946B54D19F053F938E342F2212554
:10DEBC00AB4268D010D942F221318B426DD04FF673
:10DECC00C0018B427FF4A7AE10F47F4F87B27FF472
:10DEDC00A2AE47F46E47ABE7B3F5106F7AD042F2BF
:10DEEC002105AB427FF497AE030C072B7FF493AE66
:10DEFC00A34BCBF80C70CAF86832CAE9A2200122F5
:10DF0C00CAF860229F4ACAF8642203F58052CAF804
:10DF1C006C2203F50052CAF8702203F54052CAF87D
:10DF2C00742203F58042303BCAF87822CBF80830D3
:10DF3C00D4F8B03143F00103C4F8B031D4F8B031A7
:10DF4C00002BFBD1CAF82832CBF84C300123CAF88D
:10DF5C00203248F28003CAF824328B4BCBF848307D
:10DF6C004FF00113C4F8BC31D4F8B03143F4803312
:10DF7C00C4F8B0314FF48033CAF80832D4F8B03159
:10DF8C00002BFBD14BE680B238B9804BC2F3074271
:10DF9C001B68CAF880328AF884220023CAF8283217
:10DFAC00CBF84C300123CAF820328023CAF8243233
:10DFBC00754BCBF848304FF00113C4F8BC31D4F892
:10DFCC00B03143F48033C4F8B031D4F8B031002B05
:10DFDC00FBD124E6C2F307426D4B6E4E39461A70E4
:10DFEC0080226D4BA6F18400B946C4F8C8316B4B46
:10DFFC00C4F8CC316A4BC4F8D0319AF84032002BBB
:10E00C0015BF4FF4007540254FF000734FF480039B
:10E01C0014BF4FF008584FF001580393AAF8005260
:10E02C00AAF8425218F096FF39464FF4807206F166
:10E03C001C008AF85370AAF8507018F08BFF394600
:10E04C003760F7603C2246F8A47C46F8987C55482B
:10E05C008AF831708AF83070CAF8E070C6E9017736
:10E06C0046E9287718F076FF01224F4B3946CBF85A
:10E07C0048213C224D481C36CBF8403118F06AFF41
:10E08C00DAF8443201223946494843F00803CBF808
:10E09C0088213C22CBF88081CAF844324FF0E0272B
:10E0AC00444BDFF81881CBF8B83118F053FF039BC1
:10E0BC002A464546CBF840320123CBF848324FF480
:10E0CC000033C7F88C310123B56033601304C6F8F4
:10E0DC001C902A4443F08003736005F58053F36071
:10E0EC0005F50053336105F54053736105F5804325
:10E0FC00B361BFF34F8F2B46C7F85C3F20339A4276
:10E10C00FAD8BFF34F8FBFF36F8F082109F10109C4
:10E11C0032462948FFF772F84FF40033894505F56C
:10E12C00007506F12006C7F80C3100F01481BAF81E
:10E13C000022C4E70123CAF82872CBF84C70CAF845
:10E14C0020328023CAF824320F4BCBF848304FF0E2
:10E15C000113C4F8BC31D4F8B03143F48033C4F8A3
:10E16C00B031D4F8B031002BFBD1130C5B0643F06B
:10E17C008073C4F8543152E5F4260060000020206E
:10E18C005041002080000700E0400020384301206F
:10E19C0030430120A43F00200200CC00C800020044
:10E1AC000200C8004401002000001020840100205F
:10E1BC004402002049BF0000800100208020202064
:10E1CC0083B210F078007FF426ADC54903F07F02CE
:10E1DC0051F822201906AAF84C0200F17381D707D6
:10E1EC0000F17381BF4B0122CAF86832029BCAF856
:10E1FC006022CAF86C32BC4ABC4BCAF86422CAF81A
:10E20C00703203F5805203F50053CAF87422CAF831
:10E21C007832B74BCBF848300023CBF84C30D4F8DD
:10E22C00B03143F48033C4F8B031D4F8B031002BA2
:10E23C00FBD1CAF82832CBF80C300123CAF82032B3
:10E24C008023CAF82432AB4BCBF808304FF00113C3
:10E25C00C4F8BC31D4F8B03143F00103C4F8B03188
:10E26C00D4F8B031002BFBD1D9E410F0780F83B285
:10E27C007FF4D1AC03F07F02994913F0800F51F871
:10E28C00223014BF43F4803343F0010341F82230B1
:10E29C000023CAF82832CBF84C300123CAF82032BC
:10E2AC008023CAF82432934BCBF848304FF001133B
:10E2BC00C4F8BC31D4F8B03143F48033C4F8B03175
:10E2CC00D4F8B031002BFBD1A9E48B4A854B1278E2
:10E2DC00CAF868328AF84C220122029BCAF86022E2
:10E2EC00CAF86C32854A814BCAF86422CAF870327B
:10E2FC0003F5805203F50053CBF84C70CAF8742226
:10E30C00CAF878327A4BCBF84830D4F8B03143F4B1
:10E31C008033C4F8B031D4F8B031002BFBD1CAF83B
:10E32C002832CBF80C300123CAF820328023CAF8EB
:10E33C002432704BCBF808304FF00113C4F8BC31C9
:10E34C00D4F8B03143F00103C4F8B031D4F8B03193
:10E35C00002BFBD163E46A4B002580266948CAF880
:10E36C0048324A23C4F884502946C4F880303246D7
:10E37C00D4F8483143F08073C4F8483118F0EAFD02
:10E38C00614BCAF82462CBF8A03003F13C43CAF8C5
:10E39C00285203F56C23CBF84C5003F56F73CBF874
:10E3AC00E0300123CAF82032524BCBF848304FF002
:10E3BC000113C4F8BC31D4F8B03143F48033C4F841
:10E3CC00B031CAF80852D4F8B031002BFBD126E496
:10E3DC0003F07F02424913F0800F51F8223014BF32
:10E3EC0023F4803323F0010341F822300023CAF8D0
:10E3FC002832CBF84C300123CAF820328023CAF8DB
:10E40C0024323C4BCBF848304FF00113C4F8BC31EC
:10E41C00D4F8B03143F48033C4F8B031D4F8B0310F
:10E42C00002BFBD1FFF7FBBBBAF8880242F22101AB
:10E43C0000228842CAF80822DAF88C227FF449AC10
:10E44C0092B2002A7FF445AC0AF5247292E80300DC
:10E45C00AAF89C1286284FEA1141CAF898028AF849
:10E46C009E127FF436AC72B69AF8A02242F00802E3
:10E47C008AF8A022D3F84821160606D442F080026E
:10E48C008021C3F84411C3F8482162B650238AF89E
:10E49C00A1321EE4000C0F78874228BF0746B6F560
:10E4AC00E06F37D1194B3A469AF84002A3F1640158
:10E4BC00174D002808BF1946284618F049FE0723B7
:10E4CC006B702CE0D3037FF58DAE01238AF84C32B0
:10E4DC0088E6CAE90C3321E4C9E90C334AE400BFED
:10E4EC00C0012E400C410020800002000C61002075
:10E4FC0020410020E040002030430120800001003A
:10E50C00E1AB0000800000205DCFC6B8582700604A
:10E51C0000002020434D3A46284618F019FEE91910
:10E52C004048BFF34F8F4FF0E0220346C2F8703FD4
:10E53C0020339942FAD8BFF34F8FBFF36F8F47B395
:10E54C003B040122CAF8680243F08003CAF8602237
:10E55C00CAF86432344B03F58052CAF86C32CAF8EC
:10E56C00702203F5005203F54053CAF87422CAF81E
:10E57C0078322E4BCBF848300023CBF84C30D4F803
:10E58C00B03143F48033C4F8B031D4F8B031002B3F
:10E59C00FBD101220023CAF820228022CAF828329B
:10E5AC00CAF82422224ACBF80C30CBF808204FF0C2
:10E5BC000112C4F8BC21D4F8B02142F00102C4F815
:10E5CC00B021CAF80832D4F8B031002BFBD1FFF7D8
:10E5DC0026BB91F8A02202F0F70281F8A0222AB9FA
:10E5EC00D3F8482122F08002C3F84821114B1B6E4E
:10E5FC009B0700D4FBBE72B60F4B00200F4AC3F82A
:10E60C00400103F160430E49A3F55F2311649D465D
:10E61C00BFF34F8F4FF400130A480B4ADB690260BB
:10E62C009B689847000020200010202020410020EB
:10E63C00E040002000441F4000002E4000C00A4073
:10E64C000300200000802020000012EB72B6EFF3D4
:10E65C000582664BC3F88420EFF308804FF0E0216D
:10E66C00634AD1F8284DC3F88840D1F82C4DC3F833
:10E67C008C40D1F8344DD1F8381DC3E9244181695F
:10E68C00C3F89810C169C3F89C10D2F880305B07AE
:10E69C00FBD5D2F880305748C3F30B235649D0ED45
:10E6AC00AA6A07EE903AD0EDAB5AF8EE666A90ED96
:10E6BC00AC6AF8EEE77A90EDA97A4C4CB8EE477A52
:10E6CC004A6A77EEE67A8B6A67EEA57AC7EE866AB7
:10E6DC0077EE667AC4ED287A184614464A6A8B6A35
:10E6EC008342F9D1A242F7D1404C0B21DB0B4348BA
:10E6FC00C4F8801043EA424341494FF0FF32414D88
:10E70C00C4F8A4300368202404305A4002F00103FA
:10E71C00013C01FB03F383EA5202F7D1A842F1D189
:10E72C00324BC3F8A820BFF34F8F4FF0E02333498F
:10E73C00354AC3F8701FC3F8702FBFF34F8FBFF368
:10E74C006F8F324A02253248D36E324943F440531C
:10E75C00D3660560D369304823F07F0343F0400350
:10E76C00D3610B6883423DD8294D00214FF0E02343
:10E77C004FF0FF3229600126C5F808112749C5F86A
:10E78C000011C5F80861C3F88021C3F88421C3F8CF
:10E79C008821C3F88C21C3F8902101E0FFF7EAF936
:10E7AC00D5F80C31002BF9D00134C5F80C614F2C85
:10E7BC00F4D91B4B02201B494FF00042C1F8400119
:10E7CC005A63D5F80C313BB917481849104A016304
:10E7DC00D2F80C31002BFAD04FF0E023144AC3F8D6
:10E7EC000C2DFEE7FEF7F2FEBEE700BF00FF272070
:10E7FC0000810D40C03E002000400D4080FF2720CE
:10E80C002083B8EDA8FF2720A0FF272000C00F40D1
:10E81C000040084010370020803DCD0B009F2400A5
:10E82C0000900D4000002E4000800F40F100AD0B19
:10E83C000400FA05FFF70ABF2DE9F84F5A4D44685A
:10E84C00B5F80072C4F30E44C6693C1B002C29DDDC
:10E85C0095F8312095F83010D3B28A420AD0EA18D4
:10E86C0092F8340005EB4009B9F8E480C8F5007261
:10E87C00944251D90133002205EB4601082BA1F833
:10E88C00402094BFDAB21346A1F8E44085F8312059
:10E89C002B44D5F8E02083F834601444C5F8E040EC
:10E8AC00BDE8F88F4FF0E0244FF4003305F580718C
:10E8BC004FF0010CC4F88C3175013C4B01EB461246
:10E8CC0041F805C0380403EB4623D66140F08000C4
:10E8DC0003F580511F445060D16003F500519360E3
:10E8EC00116103F54051516103F580419161BFF312
:10E8FC004F8FC4F85C3F20339F42FAD8BFF34F8F41
:10E90C00BFF36F8F08212A48FEF778FC4FF40033D1
:10E91C00C4F80C31BDE8F88F244B08EB402022469C
:10E92C00A04403EB462B18444FF0E02A594618F04C
:10E93C000FFCD5F8E02005F58071A9F8E48022449D
:10E94C004FF4003438045B46C5F8E0200125CAF8C2
:10E95C008C41740101EB461240F080000D510BF517
:10E96C0080515F445060D1600BF50051D66111614C
:10E97C000BF54051C2F808B051610BF58041916123
:10E98C00BFF34F8FCAF85C3F20339F42FAD8BFF3D6
:10E99C004F8FBFF36F8F08210548FEF72FFC4FF404
:10E9AC000033CAF80C317BE7C03E002080202020C9
:10E9BC00800100202DE9F04F4FF0E0234D4D4FF436
:10E9CC00003285B0DFF8309105F58078C3F88C21E2
:10E9DC0095F8304095F83130E4B2DFF820A1A3422D
:10E9EC007CD00134092C28BF00242B1993F83470E7
:10E9FC0005EB4703B3F84010B3F8E4B0ABEB010BF5
:10EA0C00BBF1010F18D9D5F8E02001EB47273A48A4
:10EA1C000131013AC05DA3F84010C5F8E0208DF833
:10EA2C000F004FF0E0234FF40032C3F80C219DF897
:10EA3C000F0005B0BDE8F08F01EB47215A467B0271
:10EA4C000DF10F0049444FF0E026019318F080FBC4
:10EA5C00D5F8E0C0E0B2B5F8001208EB4712ACEB09
:10EA6C000B0C019B4FF0010EC5F8E0C04B4485F830
:10EA7C0030004FF400304FEA471CC6F88C010804F4
:10EA8C0048F80CE0194440F08000D76103F50057BA
:10EA9C009360506003F58050D06003F54050C2E99C
:10EAAC00047003F580409061BFF34F8FC6F85C3F54
:10EABC0020339942FAD8BFF34F8FBFF36F8F0821E1
:10EACC005046FEF79BFB4FF40033C6F80C31BBF1FC
:10EADC00000FA6D195F83130A34282D14FF0E0233C
:10EAEC004FF400324FF0FF30C3F80C2105B0BDE8F5
:10EAFC00F08F00BFC03E002080202020800100202D
:10EB0C00026812B3114B124913441B1110B401EBE0
:10EB1C00830100240C6201219460FF24D1600D4A12
:10EB2C000D4913441C77137F547FA34228BF2346FF
:10EB3C00947FD27FA34228BF2346934228BF13461B
:10EB4C0081F87A305DF8044B7047704700BFF7BF0F
:10EB5C00C03E00201037002000E400E02DE9F04119
:10EB6C00B54D84B0D5F8BC42D5F8B472002C00F089
:10EB7C007581601C19F056FA0646002800F06E816B
:10EB8C00394618F067FAE1B29C2940F20F81304601
:10EB9C0019F050FAD5F8CC320B2B40F22481D5F871
:10EBAC00C8420C22A54BC5F8D02207CB1B7820609D
:10EBBC006160A2602373A24C2378002B40F050813B
:10EBCC00A04B5978684612F049FE029A00999E486B
:10EBDC0012F006FE009819F02DFA2378002B40F065
:10EBEC004781984B9978684612F038FE029A009942
:10EBFC00954812F0F5FD009819F01CFA2378002BBB
:10EC0C0040F034818F4B9149DA78914B002A18BF30
:10EC1C0019460C228C4812F0E3FD2378002B40F0AF
:10EC2C002381884B1979684612F018FE029A0099D4
:10EC3C00854812F0D5FD009819F0FCF92378002BCB
:10EC4C0040F010817F4B81495A79814B002A18BFC3
:10EC5C0019460C227C4812F0C3FD2378002B40F09F
:10EC6C001D81784B7A499A79784B002A08BF19464E
:10EC7C000C22754812F0B4FD2378002B40F00C8167
:10EC8C00704BD979684612F0E9FD029A00996E48EA
:10EC9C0012F0A6FD009819F0CDF92378002B40F066
:10ECAC00F980684B197A684612F0D8FD029A0099DF
:10ECBC00654812F095FD009819F0BCF92378002BEB
:10ECCC0040F0E6805F4B597A684612F0C7FD029A15
:10ECDC0000995D4812F084FD009819F0ABF9237887
:10ECEC00002B40F0D380574B997A684612F0B6FD52
:10ECFC00029A0099544812F073FD009819F09AF991
:10ED0C002378002B40F0C0804E4BD97A684612F025
:10ED1C00A5FD029A00994C4812F062FD009819F07A
:10ED2C0089F92378002B40F0AD80464B197B68465F
:10ED3C0012F094FD029A0099434812F051FD00988C
:10ED4C0019F078F9D5F8D042D5F8C862002C00F04B
:10ED5C009180601C19F066F98046002800F08A80CA
:10ED6C00314618F077F9E1B29C2905D9404604B038
:10ED7C00BDE8F04119F05EB90029F7D00027354AFB
:10ED8C003B46BC469C4242D918F803600133994279
:10ED9C0002F8016FF6D1002FE8D0002385F8C432B9
:10EDAC00404604B0BDE8F04119F044B900293FF4E5
:10EDBC00EEAE0027284A3B46BC469C4231D9F05C5B
:10EDCC0001338B4202F8010FF7D1002F3FF4DFAE75
:10EDDC00002385F8C432304619F02CF9D5F8CC3222
:10EDEC000B2B3FF6DCAE0D21D5F8C80219F02AF931
:10EDFC000446002854D00C22D5F8D032C5E9B20212
:10EE0C00002B7FF4CEAE0370D5F8C842C9E60133AF
:10EE1C00012702F801CF8B42B4D1002385F8C4320C
:10EE2C00BEE70133012702F801CF8B42C5D1002385
:10EE3C0085F8C432CFE700BFC03E002070320020FE
:10EE4C003D56012000560120884100205032002000
:10EE5C00603200203F4E0120A34D0120002696E693
:10EE6C000021AFE61449F4E60021DCE61249D0E6B5
:10EE7C000021B8E64FF00008404604B0BDE8F04170
:10EE8C0019F0D8B8002152E700213FE700212CE708
:10EE9C00002119E7002106E70021F3E60649E7E621
:10EEAC00D5F8C80218B119F0C5F8C5F8C842002346
:10EEBC00C5E9B3337FE600BF5032002010B50446DD
:10EECC00006819F0B7F8204610BD00BF704700BFAE
:10EEDC00704700BF704700BF70B5074B064604462D
:10EEEC0000F50075036054F8040F08B119F0A2F88E
:10EEFC00AC42F8D1304670BD04200020704700BFF2
:10EF0C00704700BF70B5074B0646044600F5007508
:10EF1C00036054F8040F08B119F08CF8AC42F8D126
:10EF2C00304670BDF01F0020B7EE007AD1ED007AAC
:10EF3C009FED756AD1ED016A37EEC77A00B5B0EE78
:10EF4C00C77A2DED048BB4EEC67A85B0F1EE10FACB
:10EF5C0040F18A80B0EEE67AD1ED025AB4EEC67A70
:10EF6C00F1EE10FA00F19D80D1ED039A26EEA60A7F
:10EF7C0092ED009AD2ED018A92ED028AA7EEA70AD1
:10EF8C00A5EEA50AA9EEA90AB5EE400AF1EE10FA13
:10EF9C0000F1A680B1EEC07A9FED5C3A9FED5A2A43
:10EFAC00B7EE004A84EE076A66EE266A66EE277AAA
:10EFBC0066EE255A26EE837A68EE664A26EEA85A45
:10EFCC00A7EE897AE7EEA84AA7EE885A37EEC44A2C
:10EFDC0026EE296AF1EE652AB0EEC44AA5EE887ACF
:10EFEC00E5EE834AA5EEC95AB4EEC24AF1EE463AB2
:10EFFC00F1EE10FAA6EE687AE6EE094AA6EE035A8E
:10F00C0035D49FED426A27EE873A27EE634A27EE06
:10F01C00866A22EE877AA6EEC96AA2EEA86AA3EEE9
:10F02C00886AA3EE867AA6EEC63AA2EE864AA6EEC9
:10F03C00A47AA3EEA43AB0EE446AA7EEA46AA7EEB3
:10F04C00857AF0EE434AE5EE854AA6EEC56AB0EE47
:10F05C00475AC0ED004A80ED016A80ED025A05B0B6
:10F06C00BDEC048B5DF804FBD1ED025A7CE7B0EEED
:10F07C00E64AB4EEC24AF1EE10FAC2D5B0EEE54A59
:10F08C00B4EEC24AF1EE10FABBD5B0EEC66AB4EEDD
:10F09C00C26AF1EE10FAB4D5B0EE646AF0EE474AEB
:10F0AC00D7E7B0EEE57AD1ED039AB4EEC67AF1EE7D
:10F0BC0010FA7FF55BAFB0EEE97AB4EEC67AF1EEFA
:10F0CC0010FA7FF553AFD2F800C051689368C0F8BE
:10F0DC0000C04160836005B0BDEC048B5DF804FB9F
:10F0EC000390CDED025ACDED016ACDED007A16F00C
:10F0FC00FBFC0398B0EE407ADDED025ADDED016ABF
:10F10C00DDED007A48E700BF6F12833A0000000083
:10F11C00D1ED096A92ED000AF5EE406AD2ED017A62
:10F12C0092ED027AF1EE10FA30B52DED028B91B022
:10F13C000C4605468DED020ACDED037A8DED047A71
:10F14C0050D1D4ED045AD4ED056A30EE650A94ED35
:10F15C00088A94ED0B6A77EEE67ADFED626AA6EE2A
:10F16C00080A94F8283077EEA67A37EE267ACDED99
:10F17C00037A8DED047A8DED020A5BB167EEA77A06
:10F18C00E0EE007AF4EE667AF1EE10FA00F1A5806A
:10F19C00B1EEE70AF0EE480A16F090FFB0EEC00AA6
:10F1AC009FED506A002330EE000A2B80AB7094F870
:10F1BC002920C0EE087A77EE867ABBFE677ABCEE21
:10F1CC00C77A8DED017A9DF8043052B303EB4303FB
:10F1DC00284623449A889B792A80AB7011B0BDECE9
:10F1EC00028B30BD404A002309A905A809930A9354
:10F1FC001388CDED0B6AADF8303053680D939368DE
:10F20C000E93D3680F9312F0D5FB02AA05A909A897
:10F21C00FFF78AFE9DED090ADDED0A7A9DED0B7A6A
:10F22C008FE75A1C06EE903AB7EE005A284607EEC6
:10F23C00102AF8EE666AB3FA83F203EB4303B8EED6
:10F24C00C77A77EEE67A5209234437EE667A02EBF8
:10F25C004202197914445A79C7EE875A9B7904EE05
:10F26C00102A227904EE903A637906EE902A03EE86
:10F27C00901A07EE103AA379F8EEE66A07EE903A88
:10F28C00B8EEC77AF8EEE33AF8EEE77AB8EEC44A8D
:10F29C00F8EEE44A35EE866A75EE465A66EE866AF4
:10F2AC0027EE067A67EE867AE3EEA56AA5EE847AF7
:10F2BC00E5EEA47AFCEEE66ABCEEC77AFCEEE77AE1
:10F2CC0016EE901A17EE102A17EE903A29706A7003
:10F2DC00AB7011B0BDEC028B30BDB0EE670A16F00E
:10F2EC0003FC57E70000000098560120D1ED0A6A94
:10F2FC0092ED000AF5EE406AD2ED017A92ED027AB7
:10F30C00F1EE10FA30B52DED028B91B00C4605469E
:10F31C008DED020ACDED037A8DED047A40F0BA80C2
:10F32C00D4ED055AD4ED066A30EE650A94ED098ADF
:10F33C0094ED0C6A77EEE67ADFED686AA6EE080AC1
:10F34C0094F82C3077EEA67A37EE267ACDED037A48
:10F35C008DED047A8DED020A5BB167EEA77AE0EED3
:10F36C00007AF4EE667AF1EE10FA00F1B280B1EEAA
:10F37C00E70AF0EE480A16F0A1FEF1EE007AB0EEC4
:10F38C00C00A9FED567A20EE270AC0EE087A77EE77
:10F39C00877ABBFE677ABCEEC77A8DED017A9DF851
:10F3AC000430022B13D800215A1C2980D2B2A97028
:10F3BC0094F82D1099B103EB4303284623449A8803
:10F3CC009B792A80AB7011B0BDEC028B30BD002153
:10F3DC0000222980A97094F82D100029EBD1591C1A
:10F3EC0007EE103A02EB4202DFED3C3A05EE101A42
:10F3FC00B8EE477A224403EB4303B8EEC55A2846CD
:10F40C0077EEC77A1C441379F7EE005A35EE475A5B
:10F41C0006EE903A537987EE856A07EE103A9379A7
:10F42C00227907EE903A637904EE102A04EE903AB2
:10F43C00A379F8EEE66AB8EEC77A05EE103AF8EE64
:10F44C00E77AB8EEC44AF8EEE44AB8EEC55A36EE9E
:10F45C00236A75EEC65A66EE866A27EE067A67EE62
:10F46C00867AE4EE256AA5EEA47AE5EE857AFCEEC2
:10F47C00E66ABCEEC77AFCEEE77A16EE901A17EE47
:10F48C00102A17EE903A29706A70AB7011B0BDEC6F
:10F49C00028B30BD124A002309A905A809930A93CF
:10F4AC001388CDED0B6AADF8303053680D9393682B
:10F4BC000E93D3680F9312F07DFA02AA05A909A83E
:10F4CC00FFF732FD9DED090ADDED0A7A9DED0B7A11
:10F4DC0026E7B0EE670A16F007FB4AE700000000CB
:10F4EC0098560120D2ED007ADFED476A9FED477AFE
:10F4FC0067EEA67A30B52DED048BC7EE878A0D46E4
:10F50C008DB00446B6EE009A68EE898AB0EE680AB1
:10F51C0016F006FE2B78B0EE408A06EE903A6B7829
:10F52C00B0EE680A07EE103AAB78F8EE666A07EEB2
:10F53C00903AB8EE477A28EE098AF8EE677ACDED64
:10F54C00026A8DED037ACDED047A16F0EDFE02AA77
:10F55C0008A905A88DED080A8DED098A8DED0A8A9A
:10F56C008DED0B8AFFF7E0FCDDED057A9FED287A37
:10F57C00F4EEC77AF1EE10FA06DCF5EEC07AF1EE95
:10F58C0010FA3AD5002100E0FF21DDED067A9FED5F
:10F59C00207AF4EEC77AF1EE10FA06DCF5EEC07ABA
:10F5AC00F1EE10FA22D5002200E0FF22DDED077A01
:10F5BC009FED177AF4EEC77AF1EE10FA06DCF5EE51
:10F5CC00C07AF1EE10FA0AD5002300E0FF232046A2
:10F5DC0021706270A3700DB0BDEC048B30BDFCEEDD
:10F5EC00E77ACDED017A9DF80430F0E7FCEEE77A8E
:10F5FC00CDED017A9DF80420D8E7FCEEE77ACDED4D
:10F60C00017A9DF80410C0E7DB0F49400000344339
:10F61C0000007F432DE9F0470C46916805469A4659
:10F62C00D4ED0D7A92ED007AD2ED016A2DED028BBC
:10F63C009FEDA58A90B0F4EE487A0491F1EE10FAA1
:10F64C0004D094F87221002A00F0CB80FDEEE77A0A
:10F65C009E499FED9F6ADFED9F5A17EE902A81FB22
:10F66C000201D0171144C0EB21214FF4B47000FB00
:10F67C00112207EE902AF8EEE77A37EEC66AB0EE62
:10F68C00C66AB4EEE56AF1EE10FA40F1E280B1EE32
:10F69C00477AD4ED097ABBEE046ADFED8F5A76EE29
:10F6AC00E77A94ED0A5AD4ED073A37EE457A94EDA1
:10F6BC00084A67EEA55ACDED027ADFED884AB3EE23
:10F6CC00045A67EE066A8DED037AC5EEA37A86EED0
:10F6DC00847A77EEA47AFBFE677AFDEEE77A37EE52
:10F6EC00057A17EE902AFBFE477AFDEEE77AB2F523
:10F6FC00C36F17EE901A69D2132967D8784FC817C1
:10F70C00B4F8708187FB01EC764E4FEA4809C0EBE8
:10F71C00AC00366887FB02C74FEAE27E844600EBFA
:10F72C008000CEEBA70EA1EB4000B6FBF9F109FB74
:10F73C0011669C2101FB0C4C40F201214645F4441E
:10F74C0094BF002601269CF8387021FA00FC1CF0AE
:10F75C00010F19D05A2F39D9002E37D021695346B1
:10F76C001A980A68009005A8146802AAA0475E4B74
:10F77C00284609AA05A90993FFF7B4FE284610B03C
:10F78C00BDEC028BBDE8F0870EEB8E0EA2EB4E02A9
:10F79C00C2F10902D2B2D140CB07DBD4A7F12F01C1
:10F7AC00C9B24F297CD8514B03EB8101D1F88C1095
:10F7BC000144013A5A2F11F8011C41FA02F202F0ED
:10F7CC00010275D9002E6DD0002AC7D0B4F81720CD
:10F7DC00637E2A80AB70284610B0BDEC028BBDE86E
:10F7EC00F087434A05A8D4ED0C5A118894ED0B6AA6
:10F7FC0076EEE56AADF83010516837EE467ACDED0D
:10F80C00036A0D919168D2680E9109A98DED027A67
:10F81C00CDED0B7A0F928DED098A8DED0A8A12F0DF
:10F82C00C9F805A909A802AAFFF77EFB9DED0B6A92
:10F83C00DDED097A36EE086A9DED0A7AD4ED0B6A95
:10F84C00D4ED0C5A77EEA66A8DED046A37EE257A64
:10F85C001FE79FED286A37EEC66AB0EEC66AB4EEB3
:10F86C00E56AF1EE10FA06D5F1EE477AB1EE667A5A
:10F87C00F0EE676A0DE79FED206A77EEC67AF0EE40
:10F88C00E77AF4EEE57AF1EE10FA02D5F1EE666A5B
:10F89C00FFE6F0EE667AF0EE476AB0EE677AF8E6CD
:10F8AC00164985E75A2F03D9002A7FF457AF8DE705
:10F8BC00002A8BD0216953461A9C02AA086800942E
:10F8CC0004682846A04786E700000000B7600BB626
:10F8DC000000B442000034420000C3C40000C34422
:10F8EC00676666663843012000003443D820002048
:10F8FC009856012000003443000087435C2100200F
:10F90C00D1ED857A9FEDBA7AF0EEE76AF0B5F4EEB8
:10F91C00C76A0C460546F1EE10FA2DED068B8FB03A
:10F92C0040F1D280D2ED008A91ED837A92ED018A7A
:10F93C00D1ED847A78EEC78A38EE678AD4ED819A55
:10F94C00B1EE699AB4EEE89AF1EE10FA05DDF4EE38
:10F95C00E89AF1EE10FA00F1968094ED82AAF1EE9D
:10F96C004A7AF4EEC87AF1EE10FA05DDB4EEC8AAC4
:10F97C00F1EE10FA00F18780F0EE680AB0EE480A5A
:10F98C0016F09AFB9FED9B7A28EE088AC0EE077A58
:10F99C00A8EEA88AB5EE408AF1EE10FA67EE8A8AD4
:10F9AC0000F11F81F1EEC8AA94F828349FED926AF9
:10F9BC0007EE903A94F829249FED900AF8EE677AB6
:10F9CC0079EEA86A39EEA95A36EE677AC9EEA75ACB
:10F9DC0066EE876A86EE857A77EE277AFCEEE77A12
:10F9EC00CDED037A9DF80C30591C07EE103A07EE5A
:10F9FC00901AF8EEC76AB0EE497AF8EEE77AA5EEFF
:10FA0C00A67AA5EEA79A78EEC78A39EE479AC8EE81
:10FA1C00897A77EE867A002A3DD127EE800A9E00FD
:10FA2C0016F082FCF7EE007AB6EE006AD4F8247277
:10FA3C0037EEC00ABB19D3ED016A20EE060A93ED2E
:10FA4C00007A77EEC07A20EE260AA7EE270AF1EEAE
:10FA5C006A7A94F82A34F7EE006A87EE8A7A37EEDF
:10FA6C00267A002B5BD1B1EE006ADFED657A0023BC
:10FA7C00E0EE067A76EEE77A77EEC77AF5EEC07AA4
:10FA8C00F1EE10FA7BD4002328462B80AB700FB01C
:10FA9C00BDEC068BF0BD27EE800A04EB830616F056
:10FAAC0043FCF7EE007AB6EE006AD6ED8B6A96ED63
:10FABC008A7A37EEC00A20EE060A77EEC07A20EE7C
:10FACC00260AA7EE270AC2E79FED4E7AD1ED84AA4B
:10FADC0027EE878AD2ED018A91ED83AAD2ED009AA6
:10FAEC0078EEEA8AB0EE480A16F01EFCB0EE409AA8
:10FAFC00B0EE480A79EECA9A16F012FB28EE898A03
:10FB0C0060EE688AA9EE808AE9EE898A3AEE888AE4
:10FB1C007AEE288A38EE6A8A78EECA8A0EE7DFED2A
:10FB2C003A7AF1EE045A94ED876A60EE277A36EE53
:10FB3C00656A77EEAA5AF4EEC65AF1EE10FAA2DD17
:10FB4C007AEEE77AB4EEE76AF1EE10FA9BDD9FED00
:10FB5C002F6ADFED2F7AE0EE46AAF4EEE7AAF1EE7B
:10FB6C0010FA2FDCDFED2B7AF4EEE7AAF1EE10FAA7
:10FB7C0089D576EEC06AD4F87C14002303E076EEC7
:10FB8C00C06AD4F87C1476EEC76A0A6816680693C5
:10FB9C0007930893CDED056A099305AA0A9304A867
:10FBAC000B930C930D930BAB009308ABB04728460B
:10FBBC0004F5067204A9FFF795FC28460FB0BDECBE
:10FBCC00068BF0BD30EE260AD4F87C1400230A68AC
:10FBDC0030EE470A16680693079308938DED050AD5
:10FBEC00DAE7B0EE480A15F07FFFF0EE40AADBE64C
:10FBFC00CDCCCC3DDB0FC94000000000DB0F4940F1
:10FC0C009A99193E35FA8E3C000016430000484282
:10FC1C00000096420000FA42D1ED857A9FED8D7A74
:10FC2C00F0EEE76AF0B5F4EEC76A0C460546F1EE65
:10FC3C0010FA2DED088B8FB040F1DF80D2ED007AF9
:10FC4C00D1ED836A92ED018A91ED847A77EEE67AB2
:10FC5C0038EE478A94ED817AF1EE476AF4EEE76A62
:10FC6C00F1EE10FA04DCB4EEE77AF1EE10FA07D5F7
:10FC7C0000232B80AB7028460FB0BDEC088BF0BD79
:10FC8C00D4ED828AB1EE689AB4EEC89AF1EE10FA0D
:10FC9C00EEDCF4EEC88AF1EE10FAE9D494F82C32CA
:10FCAC0037EE275AF6EE00AADFED6B9A5A1E05EED8
:10FCBC00903A37EE074A9FED690A06EE102AF8EEE5
:10FCCC00655AD4F82472B8EEC66A94EDFDBAC7EE44
:10FCDC00254A94EDFEAAB0EE467A3AEE4BAA96EE81
:10FCEC002A7A65EE075A85EE847A37EE067ABCEEF0
:10FCFC00C77A8DED037A9DF80C309A1C06EE103AFB
:10FD0C009E0007EE102AF8EEC65AB0EE666AB8EE00
:10FD1C00C77AA4EEA56AE4EE876A77EEC67A76EE29
:10FD2C00C66A87EEA67A37EE297A27EE000A16F015
:10FD3C00FBFABB19F6EE085A93ED027AB7EE006A9D
:10FD4C00D3ED007A37EE4B7A77EECB7A36EE400A6B
:10FD5C0067EE256A27EEA57A20EE2A0AC6EE8A7A85
:10FD6C00C7EE0A6A76EE405A77EEA97A67EE807A89
:10FD7C0036EEA97AE7EE257A28EEA77A27EE2A7ACC
:10FD8C00B4EEC87AF1EE10FA7FF772AFDFED316A9C
:10FD9C00A9EE267AB4EEC87AF1EE10FA7FF568AFC8
:10FDAC00B1EE488AD4F8F01377EE867A0BAB0A687A
:10FDBC0004A888EE287A166805AA009308ABCDED46
:10FDCC00069ACDED079ACDED089ACDED099ACDEDB9
:10FDDC000A9ACDED0B9ACDED0C9ACDED0D9A37EE2E
:10FDEC00067A77EEC77ACDED057AB04704F5067240
:10FDFC0004A92846FFF776FB3DE79FED197AD1ED74
:10FE0C00839A67EE878A91ED84AA92ED009A92ED1F
:10FE1C00018AB0EE680A16F087FAF0EE407A38EEF6
:10FE2C004A8AB0EE680AF0EE678A16F079F939EE74
:10FE3C00699A60EE487A28EE287AE9EE287AA9EEDB
:10FE4C00007A79EEA77A3AEE078A77EEE97A38EEFD
:10FE5C004A8AFFE6CDCCCC3D00000000DB0F4940C8
:10FE6C0035FA8E3CD1ED857A9FED9C7AF0EEE76AFF
:10FE7C00F0B5F4EEC76A0C460646F1EE10FA2DED1D
:10FE8C00068B8FB040F1FC80D2ED007AD1ED836A05
:10FE9C0092ED018A91ED847A77EEE67A38EE478A14
:10FEAC00D4ED816AB1EE667AB4EEE77AF1EE10FA2F
:10FEBC0005DDF4EEE76AF1EE10FA00F1AC80D4ED5A
:10FECC00828AB1EE686AB4EEC86AF1EE10FA05DD0A
:10FEDC00F4EEC88AF1EE10FA00F19D8094F8243407
:10FEEC0076EEA75A9FED7E5A36EEA64A06EE103AEB
:10FEFC0094F82724B8EE466A75EE463AC6EE864A62
:10FF0C0065EEA35AC5EE846A76EE866AFCEEE66A66
:10FF1C00CDED036A9DF80C30591C06EE103A06EE36
:10FF2C00901AF8EEC65AB0EE476AF8EEE66AA4EEFE
:10FF3C00A56AA4EEA67A77EEC67A37EE467A87EEF5
:10FF4C00870ADFED687A30EE050A002A6BD120EEC5
:10FF5C00270A9D0016F0E8F9B7EE007AF6EE007A63
:10FF6C00D4F8207237EE400A7B1993ED016A60EEEB
:10FF7C00277AD3ED006A94F8253437EE677A67EE6A
:10FF8C00867AE6EE877AB0EE087A67EE877A002BEF
:10FF9C0069D0B0EEC88ADFED526AB7EE006A76EE31
:10FFAC00E86A38EE688AB1EE488A88EE267A37EE2F
:10FFBC00067A94F826341BB1F7EE006A36EEC77A4F
:10FFCC00B4EEE77AF1EE10FA25D8F7EE006AD4F821
:10FFDC007814002304A80A6876EEE77A156805AA57
:10FFEC00069377EEC77A0793089309930A930B93BA
:04FFFC000C930D93C2
:02000004600199
:100000000BABCDED057A009308ABA847304604F55D
:10001000067204A9FFF76CFA30460FB0BDEC068BF0
:10002000F0BD002330463380B3700FB0BDEC068BBB
:10003000F0BD20EE270A04EB830516F07BF9B7EE3E
:10004000007AF6EE007A95ED8A6AD5ED896A37EE88
:10005000400A94F8253460EE277A37EE677A67EE27
:10006000867AE6EE877AB0EE087A67EE877A002B1A
:1000700095D138EE888A78EEA88AF7EE006AB1EE5C
:10008000488A88EE287A37EE267A98E79FED197A23
:10009000D1ED839A67EE878A91ED84AA92ED009A5A
:1000A00092ED018AB0EE680A16F044F9F0EE407A5B
:1000B00038EE4A8AB0EE680AF0EE678A16F036F833
:1000C00039EE699A60EE487A28EE287AE9EE287AC5
:1000D000A9EE007A79EEA77A3AEE078A77EEE97A06
:1000E00038EE4A8AE2E600BFCDCCCC3D00000000ED
:1000F000DB0F494035FA8E3CD1ED0A7AF5EE407AB5
:1001000070B5F1EE10FA96680C4605462DED048B9D
:10011000D2ED008A8EB092ED018ACDED008A8DED90
:10012000018A029646D128EE080AA8EEA80AB5EE82
:10013000400AF1EE10FA6BD4B1EEC09AF0EE680A04
:10014000B0EE480A15F0BEFFF0EE407AD4ED086A32
:10015000B7EEC90A9FED337A67EEA67AD4ED098A25
:100160009FED2E1B87EE878A15F0E8FC237B28463F
:10017000626807EE903AB7EEC00BF8EEE77AB0EEA1
:10018000487AA8EE807AFBFE476A37EE667A67EE19
:10019000877AFBFE677AFDEEE77A17EE903A03EB7B
:1001A0004303D118D25A8B782A80AB700EB0BDECC5
:1001B000048B70BD1C4A002307A903A8079308936A
:1001C0001388CDED097AADF8283053680B93936806
:1001D0000C93D3680D9311F0F3FB94ED057A03A90A
:1001E000D4ED047A07A838EE478A6A4678EEE78AA3
:1001F00002968DED018ACDED008AFEF79BFEDDEDC6
:10020000078A9DED088ACDED008A8DED018A8AE787
:1002100015F070FCB0EE409A90E700BF000000407F
:100220003333D33FDB0F49409856012030B583B0BC
:1002300004462831069D0095FFF75EFF204603B077
:1002400030BD00BF10B50446C06A08B117F0F8FE13
:10025000206B08B117F0F4FE204610BD10B504461F
:10026000406808B117F0ECFEA06808B117F0E8FE8E
:10027000204610BD70B5074B0646044600F50075D4
:10028000036054F8040F08B117F0DAFEAC42F8D15D
:10029000304670BD18200020704700BFF8B500251B
:1002A00007460E462C462DED048B9FED1B8AF0EE83
:1002B000488AB0EE489A0FE09B68984728440C356E
:1002C000D0ED006A90ED017AD0ED027A39EE269AEF
:1002D00078EE878A38EE278A706E0368DB68984765
:1002E000A042706E04F101040368E5DCDB68984706
:1002F00007EE900A3846F8EEE77A89EE276AC8EEEC
:10030000A76A88EE277ABDEC048B87ED006AC7EDFB
:10031000016A87ED027AF8BD00000000F8B50025FB
:1003200007462E4611E0786E03689B6898473B6E3F
:1003300044191A681846D368984728440C35016850
:100340004268836821606260A360786E0368DB683E
:100350009847B04206F10106E5DCF8BDF7EE007AF9
:10036000D2ED005A9FED357A92ED015A75EEE77A9B
:10037000F0EEE77AF4EEC77AF1EE10FA3BD5F0EE44
:10038000C57AD2ED024AF4EEC77AF1EE10FA35D40E
:1003900092ED034AD1ED017AD1ED002A25EE676A8C
:1003A00091ED023A67EEA56AD1ED033A24EE677A41
:1003B00067EEA47AA2EEA56AE2EE856AA2EEA47ABE
:1003C000E2EE847AA3EE646AE3EE046AA3EE257A91
:1003D000E3EE457AA3EEC46AE3EEE46AA3EE857A1F
:1003E000E3EEA57A80ED006AC0ED016A80ED027A45
:1003F000C0ED037A7047D2ED024AC9E7F0EEE47A25
:1004000092ED034AF4EEC77AF1EE10FAC2D5F0EE9F
:10041000C47AF4EEC77AF1EE10FABBD5D1F804C075
:100420008A68CB68C0F804C08260C36000B5D1F8A8
:1004300000E0C0F800E05DF804FB00BF6F12833AF3
:10044000F0B50025044600F110072E462DED048B73
:100450008BB06EE0606E03689B6898472844D4EDCB
:10046000127A2246D4ED136A394694ED147A90ED4F
:10047000015AD0ED025A90ED006A35EE665A75EEDB
:10048000C75AD4ED0B4A36EE676AD4ED0C3A94EDB8
:100490000D4A06A8E5EE236AA5EE847AE6EE247AF4
:1004A000B0EE661AF0EE471AB0EE672AFFF756FF75
:1004B000D4ED166A014694ED177A03AAD4ED157AA5
:1004C00071EE666A31EEC77A684672EE677ACDEDF4
:1004D000046A8DED057ACDED037AFEF72BFDD4EDA0
:1004E000156A94ED167AD4ED177A9DED009ADDED3C
:1004F000018A9DED028A39EE269A606E78EE878A2F
:1005000038EE278AD4ED086A036894ED097A39EE4B
:10051000269AD4ED0A7A78EE878A9B6838EE278A85
:10052000984728440C3580ED009AC0ED018A80ED93
:10053000028A606E0368DB689847B04206F10106E4
:1005400088DC0BB0BDEC048BF0BD00BFF7EE007A89
:100550009FED377A10B52DED048B91ED008A86B0B2
:100560000446D1ED018A78EE677AF0EEE77AF4EE90
:10057000C77AF1EE10FA36D5F0EEE87A91ED029AEC
:10058000F4EEC77AF1EE10FA30D4D1ED039A28EEEA
:10059000A80AA8EE080AA9EE090AA9EEA90AB5EE6A
:1005A000400AF1EE10FA3CD4B1EEC07A204602A91E
:1005B000F7EE006AC6EE877A27EE888A68EEE78A49
:1005C00029EE679A67EEE97A8DED028ACDED038A0E
:1005D0008DED049ACDED057AFEF7ACFC204606B011
:1005E000BDEC048B10BD91ED029ACEE7F0EEC97A16
:1005F000D1ED039AF4EEC77AF1EE10FAC7D5F0EE1A
:10060000E97AF4EEC77AF1EE10FAC0D510685168B5
:100610009368206020466160A36006B0BDEC048B47
:1006200010BD019215F066FA019AB0EE407ABDE76E
:100630006F12833AF8B54FF0010C534B534E0746F7
:10064000534D2DED028B53E8002F31682C6843E8A1
:1006500000C2002AF7D14F4B5B684F4A4FF47A70C3
:100660001B1B97ED038A126800FB01F19FED4B0AFB
:10067000F0EE480AA3FB0232824294BF891809189F
:1006800007EE901AF8EE677A87EE800A15F01CFDE7
:100690003B78C0EE087A042B73D8DFE803F0152D01
:1006A0004467030037EEA77AB7EE000AB4EEC07ACB
:1006B000F1EE10FA05D567EEA77AB1EE000A27EE43
:1006C000800ABDEC028BF8BDB6EE007AF4EEC77A74
:1006D000F1EE10FA03DDB7EE007A77EE677A97ED68
:1006E000010A77EEA77A97ED027A37EE407ABDECF1
:1006F000028BA7EE870AF8BDF6EE005A97ED010AC5
:10070000D7ED026AB7EE007A9FED256AF4EEE57A3E
:1007100076EEC06AF1EE10FABDEC028B77FE067A37
:10072000A6EEA70AF8BDDFED1F6A9FED1F7A67EE00
:10073000A67A9FED1E0A97ED018A67EE877A87EE0B
:10074000800A15F0F3FCD7ED027AF7EE006A77EE37
:10075000C87AB6EE007A30EE260A67EE807AB0EEFE
:10076000480ABDEC028BA7EE870AF8BD97ED010A97
:1007700097ED027A37EE407ABDEC028BA7EE870A3E
:10078000F8BD9FED070A9CE7344301203843012060
:100790003C430120001000E0404301200024744944
:1007A000000000000000B443D00F49400000344373
:1007B00038B5044614302DED048BFFF73BFF04F1F0
:1007C0002400F0EE408AFFF735FF04F13400B0EE6C
:1007D000408AFFF72FFFDFED157ADFED156A04F28F
:1007E0003475B0EE679A9FED136A95ED007A201D7F
:1007F000A8EEA69AF0EE678AE0EE267A37EE067A41
:10080000E8EE268A85ED007AB0EE678AFFF712FFE0
:1008100084ED219AC4ED228A84ED238A84ED1B0A9B
:100820002B68BDEC048BC4F8A03038BD4260E53BBA
:100830000AD7A33B0AD7233B70B5044604302DEDFD
:10084000068BB0EE408A96B0FFF7F4FEDFEDDF7A5C
:10085000DFEDDF5AB6EE009A68EE277ADFEDDD6A4B
:10086000F2EE084A04F20C76B0EE496ADFEDDAAA3D
:1008700077EEA77A96ED007A9FEDD85AA0EE246A1B
:10088000DFEDD79A67EEA57A37EE2A7AE0EE059A81
:10089000C7EEA68A86ED007A84ED116A68EE898A31
:1008A000B0EE680A15F042FCB0EE408AB0EE680A7D
:1008B00015F040FD256B28EE098AB7EE009A2B78DB
:1008C000F0EE408A06EE903A6B7830EE499A07EEE9
:1008D000103AAB78B0EEC8AAB0EEC99A07EE903ADB
:1008E000F8EE666AB8EE477AB4EEEA9AF8EE677AFE
:1008F000F1EE10FA05D5B4EEEAAAF1EE10FA00F125
:100900008C8128EE086A0023CDED036A8DED047A10
:10091000B0EE460A0293CDED057AA8EEA80A30EEB5
:10092000060A30EE060AB5EE400AF1EE10FA00F1C2
:10093000E482B1EEC07A12A802AA06A9F7EE006A14
:10094000C6EE877A28EE277A68EEA77AF1EE476A34
:100950008DED077ACDED067A8DED087A8DED097A69
:10096000CDED0A7ACDED0B6ACDED0C6ACDED0D6AB9
:10097000FFF7F4FC01460AAA0EA8FFF7EFFCDDED35
:100980000F6A9FED986A9DED107AF4EEC66ADDED70
:10099000117AF1EE10FA40F32781FF21DFED916A21
:1009A000B4EEE67AF1EE10FA00F32C81B5EEC07ADF
:1009B000F1EE10FA40F1828200229FED8A7AF4EE85
:1009C000C77AF1EE10FA00F32681F5EEC07AF1EE67
:1009D00010FA00F17A82FCEEE77ACDED017A9DF80B
:1009E000043084F8241084F8252084F826309FED04
:1009F0007A6AEB78B4EEC69A06EE903A2B7907EE57
:100A0000103A6B79F1EE10FA07EE903AF8EE666A5A
:100A1000B8EE477AF8EE677A40F1D181B4EEC6AA13
:100A2000F1EE10FA40F1CB81FCEEE66ACDED016A01
:100A30009DF80410DFED6B6AB4EEE67AF1EE10FA81
:100A400000F31782B5EEC07AF1EE10FA40F13F8262
:100A500000229FED647AF4EEC77AF1EE10FA00F30B
:100A60001182F5EEC07AF1EE10FA00F11382FCEE7D
:100A7000E77ACDED017A9DF8043084F8271084F8E8
:100A8000282084F829309FED546AAB79B4EEC69AD9
:100A900006EE903AEB7907EE103A2B7AF1EE10FA67
:100AA00007EE903AF8EE666AB8EE477AF8EE677AA3
:100AB00040F12081B4EEC6AAF1EE10FA40F11A819D
:100AC000FCEEE66ACDED016A9DF80410DFED456AA3
:100AD000B4EEE67AF1EE10FA00F36681B5EEC07A74
:100AE000F1EE10FA40F1E18100229FED3E7AF4EE42
:100AF000C77AF1EE10FA00F36081F5EEC07AF1EEFC
:100B000010FA00F1D981FCEEE77ACDED017A9DF87B
:100B1000043084F82A1084F82B2084F82C309FEDC0
:100B20002E6A6B7AB4EEC69A06EE903AAB7A07EE6E
:100B3000103AEB7AF1EE10FA07EE903AF8EE666AA8
:100B4000B8EE477AF8EE677A6ED5B4EEC6AAF1EE43
:100B500010FA69D5FCEEE66ACDED016A9DF8041045
:100B6000DFED206AB4EEE67AF1EE10FA00F3B7801A
:100B7000B5EEC07AF1EE10FA40F1908100229FEDBF
:100B8000197AF4EEC77AF1EE10FA00F3B180F5EEBF
:100B9000C07AF1EE10FA00F17F81FCEEE77ACDED3C
:100BA000017A9DF8043084F82D1084F82E2084F802
:100BB0002F30C4ED179AC4ED189AC4ED199A336812
:100BC000A36716B0BDEC068B70BD00BF0000B44338
:100BD000DB0F4940000034436F12833A6F12833BAE
:100BE0000AD7A33B00007F43F5EEC06AF1EE10FA8E
:100BF00013D55FED046A0021B4EEE67AF1EE10FA47
:100C00007FF7D4AE1FED097AFF22F4EEC77AF1EE3A
:100C100010FA7FF7DAAEFF23E3E6FCEEE66ACDEDED
:100C2000016A9DF80410B9E628EE086A0023CDEDAC
:100C3000036A8DED047AB0EE460A0293CDED057A93
:100C4000A8EEA80A36EE000A30EE060AB5EE400A13
:100C5000F1EE10FA00F14281B1EEC07A12A802AAB8
:100C600006A9F7EE006AC6EE877A28EE278A68EEB4
:100C7000A78AF1EE487A8DED078ACDED068A8DEDD3
:100C8000088ACDED0B7ACDED0C7ACDED0D7A8DED98
:100C9000098ACDED0A8AFFF761FB01460AAA0EA870
:100CA000FFF75CFBDDED0F6A1FED326A9DED107AF8
:100CB000F4EEC66ADDED117AF1EE10FA00F3E88089
:100CC000F5EEC06AF1EE10FA7FF544AF5FED3B6AD6
:100CD0000021B4EEE67AF1EE10FA7FF749AF1FED8E
:100CE0003F7AFF22F4EEC77AF1EE10FA7FF74FAFAA
:100CF000FF2358E728EE086A0023CDED036A8DED47
:100D0000047AB0EE460A0293CDED057AA8EEA80A61
:100D100036EE000A30EE060AB5EE400AF1EE10FAA1
:100D200000F1E180B1EEC07A12A802AA06A9F7EE9E
:100D3000006AC6EE877A28EE277A68EEA77AF1EE87
:100D4000476A8DED077ACDED067A8DED087A8DED47
:100D5000097ACDED0A7ACDED0B6ACDED0C6ACDEDB9
:100D60000D6AFFF7FBFA01460AAA0EA8FFF7F6FA8A
:100D7000DDED0F6A1FED656A9DED107AF4EEC66A2F
:100D8000DDED117AF1EE10FA7EDCF5EEC06AF1EEDF
:100D900010FA7FF595AE5FED6D6A0021B4EEE67A4C
:100DA000F1EE10FA7FF79AAE1FED727AFF22F4EEA1
:100DB000C77AF1EE10FA7FF7A0AEFF23A9E628EE7E
:100DC000086A0023CDED036A8DED047AB0EE460A81
:100DD0000293CDED057AA8EEA80A36EE000A30EEB1
:100DE000060AB5EE400AF1EE10FA00F18180B1EE8C
:100DF000C07A12A802AA06A9F7EE006AC6EE877AA0
:100E000028EE277A68EEA77AF1EE476A8DED077A29
:100E1000CDED067A8DED087A8DED097ACDED0A7A61
:100E2000CDED0B6ACDED0C6ACDED0D6AFFF796FAAC
:100E300001460AAA0EA8FFF791FADDED0F6A1FED31
:100E4000976A9DED107AF4EEC66ADDED117AF1EE47
:100E500010FA1BDCF5EEC06AF1EE10FA7FF5E4AD96
:100E60005FEDA06A0021B4EEE67AF1EE10FA7FF7AA
:100E7000E9AD1FEDA47AFF22F4EEC77AF1EE10FA85
:100E80007FF7EFADFF23F8E5FF211FE6FF21D1E556
:100E9000FF2165E60023F0E5002384E6BCEEC77A77
:100EA0008DED017A9DF8042069E6BCEEC77A8DEDE0
:100EB000017A9DF8042018E600232AE6BCEEC77AE2
:100EC0008DED017A9DF8042077E5002389E5BCEEDD
:100ED000C77A8DED017A9DF80420BAE514F00AFE78
:100EE000B0EE407ABAE614F005FEB0EE407A1BE7A9
:100EF00014F000FEB0EE407A7BE714F0FBFDB0EE9C
:100F0000407A18E510B5044604302DED028BB0EEA2
:100F1000408AFFF78FFBF7EE007A84ED130A9FED0E
:100F2000077A0022064B37EEC80AA263E36320EE7D
:100F3000070ABDEC028B84ED140A10BD0000B44317
:100F4000000096420B682DE9F0475A690D46854C22
:100F50008146A2422DED048B8AB040F0E48001F17D
:100F600024079A6980498A4240F0E6801B6805F2AE
:100F7000D5667E4A934240F0E88095ED067AF6EE1B
:100F8000006AD5ED045AD5ED057A95ED036A37EE82
:100F9000257A77EE867A27EE267A67EEA67A8DEDA9
:100FA000077ACDED067A002409F144009FED709A8E
:100FB000ADF81640FFF73EFBD9ED017A09F12400A8
:100FC000DFF8B08127EE800A89ED040AFFF732FBD3
:100FD000D9ED017A09F1340027EE800A89ED020A81
:100FE000FFF728FBD9ED017A27EE800A89ED030A85
:100FF0000DE0BDF81630A2B203EB430302EB420250
:10100000F85A3B44B118B0529B788B7001342B686E
:101010001FFA84FADA69424563D140F23B20504519
:1010200064D99B685246294608A89847D9ED037AA7
:101030009DED098ADDED080A38EE278AD9ED026AAE
:101040009DED077A70EEA60ADDED067A38EE478A46
:1010500070EEE70A28EE080AA0EEA00AB5EE400AF4
:10106000F1EE10FA75D4F1EEC08AB0EE480A15F030
:1010700029F8C8EE897A99ED041AF0EE409AB7EE95
:10108000C11AB7EEE70A14F059FDB0EE407BB0EE9E
:10109000690AF7EEC78B15F04DF9B0EE408AB0EE55
:1010A000690A15F043F860EE287A28EE288AD5F808
:1010B00000C051460DF11602FDEEE77A2846BDEE5E
:1010C000C87ACDED007A17EE103ADCF848A0D04788
:1010D00000288ED1A3B203EB4303F218F0529070B4
:1010E00094E72846904750452B689AD8002440F250
:1010F0003A290CE04C4511D804EB44030134F05A72
:10110000F118FA18A4B2F8528B7893702B68DB6947
:101110004345EFD0284698478442EDD30AB0BDEC52
:10112000048BBDE8F087084690472B680E490746B8
:101130009A698A423FF41AAF284690472B680B4AB7
:1011400006461B6893423FF418AF294606A8984705
:1011500029E7CDED030A14F0CDFCDDED030AF0EE36
:10116000408A82E7F1050000F5050000B5040000A3
:10117000000040427D020000DFEDCD7A90ED017A63
:10118000B4EEE77AF1EE10FA40F291810B682DE9A6
:10119000F04FDA690C46C74905468A422DED108B9F
:1011A0008BB040F0BC8140F23B2203925A69C249A5
:1011B0008A4240F0A78104F124029B690292BF4A4F
:1011C000934240F0A88104F2D563049305F12C000A
:1011D000F7EE00EAFFF72EFA2B7A95ED017AB0EEE2
:1011E000409A013BF0EE6EBA07EE903A039BF8EEA0
:1011F000E77AE7EE87BA002B00F0468105F10C0391
:10120000FCEEEB7A4FF0000AF6EE009A0FEE903A01
:1012100005F11C03CDED017A55460FEE103A049B03
:101220009FEDA7BADFEDA7AA98469FEDA7AA9FED6D
:10123000A7CA9DF80490059323682A46214608A86A
:101240009B689847F2EE047A9DED087A2A46236857
:10125000214687EE27EA08A89B6898479DED097A02
:101260001FEE900AF1EE047AC7EE27DAFFF7E2F9F3
:101270001FEE100AB0EE408AFFF7DCF9B0EE40DA5C
:10128000B0EE4E0AA8EE0B0A14F050FFF0EE40CA82
:10129000B0EE6D0AADEE0B0A15F04CF87CEE80CA8C
:1012A000B0EE4E0A7CEEAECAA8EE2A0A14F03EFF5B
:1012B000F0EE408AB0EE6D0AADEE2A0A15F03AF86B
:1012C00078EE808AB0EE4E0AA8EE0A0A14F02EFFDD
:1012D000B0EE408AB0EE6D0AADEE0A0A15F02AF8BB
:1012E0007BEEEE7AB0EE6E7A38EE008A6CEEA7CA2C
:1012F000ACEEA97ABCEEC77A8DED017A9DF8043088
:101300004B4500F2D280012B38BF012378EEAE8A24
:10131000B0EE6E7A68EEA78AA8EEA97ABCEEC77A1C
:101320008DED017A9DF804704F4500F2BC80012FCD
:1013300038BF012738EE2E8A28EE278AF0EE6E7A23
:10134000E8EE297AFCEEE77ACDED017A9DF80460AB
:101350004E4500F2A680012E38BF0126226829469C
:10136000B0EE490A2046D2F84CB007AAD847226806
:101370003B46294639EE0C0A0746D2F84CB02046C7
:101380000DF11E02D84722689FED510A33462946C7
:10139000D66C054639EE000A08AA2046B047002F51
:1013A0007CD0BDF81C30029A03EB4303D35C88F871
:1013B000003035B1BDF81E30029A03EB43031344ED
:1013C0005D7888F80150002863D0BDF820300AF11C
:1013D000010A029A03EB430313449B7888F8023016
:1013E0001FFA8AF5039B08F10308AB423FF624AFCE
:1013F000049A0299D3430B440A2B6BD90398431EDA
:101400009BB2022B66D9C0F38F060B460598111DBF
:1014100006EB460602EB8606083250F80C7B0C33CE
:1014200051F80C5B52F80C4BB04243F80C7C43F87B
:10143000085C43F8044CF0D1039E26F003039BB2F2
:101440009E4221D003EB4301049C029D5A1C605A2A
:1014500092B268526018964229448078887013D9F5
:1014600002EB42020233A15A9BB2A952A1189E423A
:101470002A448978917007D903EB4303E15AE218B3
:10148000E9522B4492789A700BB0BDEC108BBDE8FA
:10149000F08F0AF1010A88F80200A1E788F80070CD
:1014A00087E74E465AE74F4644E74B462EE77047DC
:1014B0006F12833A7D020000F1050000F50500007F
:1014C000DB0F49425F6E5142E3CC59420000F042CB
:1014D00000007043039B049903EB4302029B1144F9
:1014E0000A4605990888033103338A4223F8030C1E
:1014F00011F8010C03F8010CF4D10BB0BDEC108B0A
:10150000BDE8F08F204690472368074A9B69029008
:1015100093423FF458AE20469847049056E6204642
:1015200090472368039041E6F5050000DFEDA27ABD
:1015300090ED017AB4EEE77A2DE9F04FF1EE10FA72
:101540002DED0A8B8BB0059040F2BD810E680C46E4
:101550009A4A7369934240F02C8201F12403039369
:10156000B369974A934240F01F8204F2D563049313
:101570000023944ADFED94AA0093F3699FED93AAA8
:101580009342DFED939ABDF8005040F0778140F22E
:101590003B20A84240F27881059FB7EE00CA2A4658
:1015A00021463B7A08A8B0EE4C8A97ED017A013BC0
:1015B000F6EE00BA07EE903AB368F8EEE77AA7EED7
:1015C000878A9847F2EE047A9DED097A07F10C00BC
:1015D00087EE27BAFFF72EF8F2EE007A20EE2A0AFD
:1015E00028EE2B8AA0EE27BAB0EE4B0A14F09EFD2F
:1015F000B0EE409A3BEE0A0A14F098FDF0EE408AF5
:101600003BEE290A14F092FD39EE0C9A78EE086A46
:10161000FDEEC87AB1EE487A29EE269ACDED027A2F
:10162000F0EE407ABDEEC76A9DF9088099EE2B8AEC
:101630008DED016A9DF90420BDEEC86A8DED016A49
:101640009DF90490C14500F36C819145B8BF914666
:10165000B7EE006AF6EE005A78EE868AB0EE476A78
:1016600068EEA68AA8EEA56ABDEEC66A8DED016A8F
:101670009DF90470B845C0F252819742B8BF174631
:10168000F7EE005AB6EE006A77EEA57A67EEA67A14
:10169000A7EE867AFDEEC77ACDED017A9DF904308A
:1016A000984503DB9A42B8BF1A4690462268002349
:1016B000DFF824B1166CADF81A305E45ADF81C3079
:1016C000ADF81E3040F03B8199452946ADF82050D9
:1016D00040F3678118463F4E2B464D46B246814641
:1016E000566B564540F00781484601F67451A946AD
:1016F0001D4634F8111003464FF6FF70ADF8201068
:1017000081420DD00133994503D104E1994540F35D
:10171000028101F67451013334F811108142F5D180
:10172000166C4FF6FF714FF0000A5E45ADF81A10C7
:1017300040F01181002F2946ADF8205040F32E8152
:101740000023244E3D46B1461F460B46566B4E4580
:1017500040F0BE80184601F674513B462F4634F8DF
:10176000111005464FF6FF70ADF8201081420DD0E4
:1017700001339F4203D1BAE09F4240F3B88001F6A3
:101780007451013334F811108142F5D1166C4FF6C3
:10179000FF714FF000095E45ADF81C1040F0E68087
:1017A000B8F1000FADF8205033DD0027094E4FF699
:1017B000FF7B29461CE000BF6F12833AF105000051
:1017C000F50500007D020000DB0FC94042E805403E
:1017D00042E8854001070000F908000034F81010C5
:1017E0005945ADF8201000F0A780B84510D0226808
:1017F000536B01F674500137B342EFD008AA20466C
:101800009847002800F0C780B845BDF82010EED1F9
:101810000D460120ADF81E50BAF1000F00F0838094
:10182000BDF81A20BDF8003002EB4202049D03EB24
:1018300043030399895CEA18E954B9F1000F07D012
:10184000BDF81C30039903EB43030B4493F801905C
:1018500082F8019030B1BDF81E30039903EB4303C9
:101860000B449878009B907001332668534A00938C
:10187000F369BDF8005093423FF489AE2046984783
:10188000A84226683FF688AE002540F23A27DDE9F7
:10189000038910E0BD4216D805EB4503013539F840
:1018A000030009EB030108EB0302ADB228F80300C3
:1018B0008B7893702668F369404A9342EAD02046B9
:1018C00098478542E8D30BB0BDEC0A8BBDE8F08F9A
:1018D000019308AA20460137B047019B002853D046
:1018E000BD42BDF8201022687FF430AF1D46166C53
:1018F0004FF001094FE7019308AA204609F10109B9
:10190000B047019B002838D04D45BDF82010226813
:101910007FF4E6AE1D46166C4FF0010A05E7474618
:10192000AEE6C14694E6BDF80030049903EB4303EC
:10193000CA1801F803A080E70D4600206AE70DF100
:101940001A024B4629462046B04722688246166C4A
:101950005E453FF4EFAE07AA3B4629462046B04716
:1019600022688146166C5E453FF41AAF434629460D
:101970000DF11E022046B0474EE7226882461D4602
:10198000BDF82010166CD0E6226881461D46BDF8D1
:101990002010166CFFE6BDF820503BE74FF0010920
:1019A000F9E64FF0010AC0E6204698472668049001
:1019B000DEE50846984726680390D1E57D020000E1
:1019C000DFEDC67A90ED017AB4EEE77A2DE9F04FBB
:1019D000F1EE10FA2DED088B89B0039040F278817A
:1019E0000B680C46BE495A698A4240F0EE8104F108
:1019F000240202920022DB69DFEDBAAA0092BA4A01
:101A00009FEDBAAA9342DFEDBA9ABDF8005040F0BC
:101A10005A8140F23B20A84240F25A81039EB7EE21
:101A2000009A23682146327A06A8F0EE49BA96ED6C
:101A3000017A013A9B6807EE902A2A46F8EEE77A87
:101A4000E7EE87BA9847F2EE047A9DED067A06F142
:101A50000C0087EE27BAFEF7EDFDF2EE007A20EEDD
:101A60002A0AA0EE27BAB0EE4B0A14F05FFBF0EEA4
:101A7000408A3BEE0A0A14F059FBB0EE408A3BEE76
:101A8000290A14F053FB78EE898A7BEEC96AB6EE18
:101A9000007AFCEEEB7A68EEA68ACDED017AF0EEE4
:101AA000407AA8EE879A9DF80480BCEEC97A8DED45
:101AB000017A9DF80490C14500F24881B9F1010F07
:101AC00038BF4FF00109B7EE007AB6EE006A38EE83
:101AD000078A28EE268AA8EE067ABCEEC77A8DED34
:101AE000017A9DF80470B845C0F02E81012F38BFEF
:101AF0000127B7EE007AB6EE006A77EE877A67EED6
:101B0000A67AA7EE867AFCEEC77ACDED017A9DF82B
:101B10000430984503D3012B38BF0123984622682F
:101B20000023DFF8D4B1566CADF812305E45ADF845
:101B30001430ADF8163040F027812946ADF8185022
:101B4000B9F1000F00F03E8118466A4E2B464D4613
:101B5000B2468146966A564540F0E380484604EB1B
:101B60004101A9461D46B1F8861D03464FF6FF7098
:101B7000ADF8181081420DD00133994503D1DFE053
:101B8000994540F3DD8004EB41010133B1F8861D36
:101B90008142F5D1566C4FF6FF714FF0000AADF857
:101BA00012105E4540F0E7802946ADF81850002F2E
:101BB00000F0058100234F4E3D46B1461F460B46BF
:101BC000966A4E4540F09A80184604EB41013B4628
:101BD0002F46B1F8861D05464FF6FF70ADF8181078
:101BE00081420DD001339F4203D196E09F4240F3E2
:101BF000948004EB41010133B1F8861D8142F5D197
:101C0000566C4FF6FF714FF00009ADF814105E45A9
:101C100040F0AA80ADF81850B8F1000F20D000278E
:101C2000344E4FF6FF7B294609E0B0F8861D594532
:101C3000ADF8181000F09580B84510D02268936A6E
:101C400004EB41000137B342EFD006AA2046984783
:101C5000002800F0B180B845BDF81810EED10D464F
:101C60000120ADF81650BAF1000F71D0BDF8122066
:101C7000BDF80030029D02EB420203EB4303A95C76
:101C8000EA18E954B9F1000F07D0BDF814300299F1
:101C900003EB43030B4493F8019082F8019030B1B9
:101CA000BDF81630029903EB43030B449878009B70
:101CB000907001330C4A00932368BDF80050DB6933
:101CC00093423FF4A6AE20469847A8423FF6A6AE00
:101CD00009B0BDEC088BBDE8F08F00BF6F12833AEE
:101CE000F1050000DB0FC9407D02000042E805401D
:101CF00042E88540B106000075090000019306AA7C
:101D000020460137B047019B00284ED0BD42BDF8A8
:101D1000181022687FF454AF1D46566C4FF001092D
:101D200073E7019306AA204609F10109B047019B18
:101D3000A0B34D45BDF8181022687FF40BAF1D46C7
:101D4000566C4FF0010A2AE74746D2E6C146BAE68A
:101D5000BDF80030029903EB4303CA1801F803A051
:101D600090E70D4600207CE7434629460DF1160218
:101D70002046B04777E705AA3B4629462046B047AC
:101D800022688146566C42E70DF112024B46294605
:101D90002046B04722688246566C02E72268824697
:101DA0001D46BDF81810566CF9E6226881461D469E
:101DB000BDF81810566C28E7BDF8185051E74FF0E1
:101DC000010922E74FF0010AE9E62046904723681F
:101DD00002900FE60B682DE9F04FDA690F46B74C19
:101DE0002DED048BA2428DB0039040F0498140F26A
:101DF0003B2205925A69B2498A4240F03C8107F180
:101E000024099B69AF4A934240F0318107F2D563C0
:101E10000693039B03F10C00FEF70CFC059BB0EE50
:101E2000408A002B00F01E81B7EE009A069BDFED82
:101E3000A68A0021CDF82490CDF81090CDE9073383
:101E4000039BB0EE497A1A7AD3ED016A4FF0000392
:101E500007EE902AADF82E30F8EE677AADF82C3008
:101E6000049B77EEC97A1E785D789C78A6EEA77AF7
:101E7000FCEEC77A17EE903A9BB20293002B50D03B
:101E80004FF0010B0196A0465E468B4638683346FC
:101E9000B0EE480A0DF12E02C46C59463846A047F0
:101EA000396833460BAAD1F84CA038EE280A04460C
:101EB00059463846D047731CBDF82EC0BDF82C20BB
:101EC0005FFA83FE0CEB4C0C02EB4202764609EB08
:101ED0000C0A74B119F80C40019B23449AF8014094
:101EE00025449AF802409BB24444ADB201931FFAD4
:101EF00084F809EB020C70B119F80240019B9CF8C0
:101F000001009CF802202344284442449BB285B23D
:101F10001FFA82F80193029B9E45B7D9019E444661
:101F20005946029A01310598530089B2B6FBF3F67F
:101F3000B5FBF3F5B4FBF3F4FF2E079BA8BFFF2618
:101F4000FF2DA8BFFF25FF2C1E70A8BFFF248842CD
:101F50009D705C7037D0049803330330079304906E
:101F6000002A7FF46DAFF7EE006A069FDDF80CC023
:101F70009CF80830F0EE667A9CED016A01EB4102B4
:101F800007EE103A013109EB020319F80250B8EEDE
:101F9000477ABE185C7889B2987837EE667AE7EEB1
:101FA000067AFCEEE77A17EE903A9BB25B00B5FB3F
:101FB000F3F5B4FBF3F4B0FBF3F3BD547370059B7E
:101FC000B4708B42D4D8069AD3434B440A2B5CD9C5
:101FD00005994B1E9BB2022B57D9C1F38F051346AF
:101FE000043205EB4505083309EB8505DDE90801F9
:101FF0000C3150F80C7B52F80C6B53F80C4B8D42A3
:1020000041F80C7C41F8086C41F8044CF0D1059D76
:1020100025F003039BB29D4224D003EB4301069CB1
:102020005A1C605A92B229F801006018954249443E
:102030008078887016D902EB42020233A15A9BB213
:1020400029F80210A118AB424A448978917009D24C
:1020500003EB4303E15AE21829F8031099449378FB
:1020600089F802300DB0BDEC048BBDE8F08F384626
:1020700098470690CDE6384690473B688146C0E6D3
:10208000084690473B680590B4E6059B069A03EB2B
:1020900043031A441346DDE9082110880332033153
:1020A000934221F8030C12F8010C01F8010CF4D151
:1020B0000DB0BDEC048BBDE8F08F00BF7D020000C9
:1020C000F1050000F5050000000034430B682DE920
:1020D000F04FDA690C46874D8246AA422DED048BFB
:1020E00089B040F0E88040F23B2203925A6982496D
:1020F0008A4240F0DB8004F1240B9B697F4A9342C3
:1021000040F0D08004F2D56304930AF12C00FEF76E
:1021100091FA039BB0EE408A002B00F0B0804FF0A4
:102120000008049DDFED769A9FED769A4146DFED3B
:10213000768A05959AF80830B0EE697ADAED016A88
:10214000B0EE480A07EE903A23680DF11E020291A4
:10215000F8EE677ADE6C2046A6EEA77AFCEEC77A28
:10216000CDED007A9DF800300093B047009B2268C7
:1021700038EE090A02990746D66C204607AA019351
:102180000091B0472268064638EE280AD2F84C90F3
:10219000204600990DF11A02019BC847002F73D009
:1021A000BDF81E3003EB43031BF803302B7033469E
:1021B0002EB1BDF81C3003EB43035B445B786B70BE
:1021C000002863D0BDF81A3008F10108033503EB8D
:1021D00043031FFA88F15B449B7805F8013C039B9D
:1021E0009942A7D3DDE90429D3435B440A2B67D97D
:1021F00003994B1E9BB2022B62D9C1F38F065B463B
:10220000111D06EB460602EB8606083259F80C5BF8
:102210000C3351F80C4B52F80C0BB14543F80C5CE5
:1022200043F8084C43F8040CF0D1039D25F0030358
:102230009BB2AB4223D003EB4301049C5A1C605A6F
:1022400092B22BF80100601895425944807888704A
:1022500015D902EB42020233A15A9BB22BF80210AD
:10226000A1189D425A448978917008D903EB430321
:10227000E15AE2182BF803105B4492789A7009B087
:10228000BDEC048BBDE8F08F2F7090E708F10108DA
:10229000039B033505F8010C1FFA88F18B423FF6CA
:1022A00049AF9FE72046984704902EE72046904785
:1022B0002368834621E7084690472368039015E783
:1022C000039B049903EB43025B4611440A46B9F8A9
:1022D000001009F103090333914523F8031C19F891
:1022E000011C03F8011CF2D109B0BDEC048BBDE860
:1022F000F08F00BF7D020000F1050000F505000031
:10230000000000000000F042000070432DE9F04F93
:10231000824687B09820059115F08AFE9AED077ADB
:10232000F6EE004ADAED087A24229AED033A002309
:10233000DAED042A00F10801DAED053A73EE075AE6
:102340009AED064A32EEA75A37EE236A026077EE1C
:10235000846A042265EEA45A036125EE245A426081
:1023600026EE246A80ED053A66EEA46AC0ED062AE0
:1023700080ED077AC0ED087AC0ED095A80ED0A5A5F
:10238000436380ED0E7AC0ED0F2AC0ED103AC0ED28
:10239000117A80ED126A80ED135A836580ED173A49
:1023A000C0ED187A80ED197AC0E90233C0E90B3329
:1023B000C0E9143380ED1A4AC0ED1B5AC0ED1C6A07
:1023C000C36780ED207AC0ED217AC0ED223A80ED1E
:1023D000234A80ED246AC0ED256ABAF800200293F2
:1023E000CAF804100193C0E91D33DAF80800002A86
:1023F00060D04FF0000910E0019A791CAB680132FF
:1024000043F8276093B22980BAF80020019309F1BC
:1024100001091FFA89F393424CD2DAF804501FFAEB
:1024200089F3029950F823600D4496ED0D7AD5EDAD
:10243000057AD6ED0E6AB4EEE77AF1EE10FAE6D53B
:1024400096ED0F7AD5ED037AB4EEE77AF1EE10FA55
:10245000DDDDD5ED067AF4EEE76AF1EE10FAD6D5B9
:1024600095ED047AD6ED107AB4EEE77AF1EE10FA33
:10247000CDD52F886C88A742BED1002F50D14FF008
:1024800008082020D5F808B015F0D2FDA860002378
:1024900040F824300134A4B2A045F8D8BBF1000FB5
:1024A00003D0584615F0CCFD2F88DAF80800A5F8BF
:1024B0000280A1E7029B2433902B029397D118B19D
:1024C00015F0BEFDBAF800200023CAF80830019BC1
:1024D000B2EB530F1ED9059C0134E4B2082C19D07D
:1024E000DAF804301A88082A00F2A9809A8C03F1DD
:1024F0002400082A00F29D80B3F8482003F1480028
:10250000082A00F29080B3F86C2003F16C00082ACE
:1025100000F285800023AAF8003007B0BDE8F08FF4
:102520004FEA4708D5F808B01FFA88F84FEA880044
:1025300015F07EFDA860B8F1000FAFD047453946D1
:10254000CBF3020228BF414608290B46049194BFF1
:1025500000230123002A18BF0023002B50D00BF1C9
:102560000403C31A082B4BD900290B4600F1200C99
:1025700000F1100208BF01230BF110011C46039368
:10258000324BA408013CA4B20CEB041C1C0C03F15C
:10259000040E1032002310316EF30F03624504F174
:1025A000040E04F1010411ED086B11ED067B6EF3CE
:1025B0001F43A4B202ED086B02ED067BE6D103993E
:1025C00021F003028A4293B216D05C1C04995BF896
:1025D0002320A4B240F823208C420DD25BF82420A3
:1025E00040F824209C1CA4B28C4205D25BF8242025
:1025F000033340F824209CB2A0453FF648AF4DE796
:10260000ABF10402031F0024DDF810C0013452F8BE
:10261000041FA4B243F8041FA445F7D8ECE72146F1
:10262000FFF774FE76E72146FFF770FEDAF8043014
:1026300069E72146FFF76AFEDAF804305CE71846DE
:102640002146FFF763FEDAF804304FE7020003008B
:10265000054B022888BF034610B41C6818466368FF
:102660005DF8044B184700BF00370020B0F5876FB6
:1026700080F00D812DE9F047DFF84482C2B00C46AE
:1026800098F80030002B00F0E5808308824D00F0C0
:102690000309824EA5FB0325ED0849EA8509C5EB30
:1026A00005155D1B7E4B36F815E02B444FEA4E00B6
:1026B0001F0300EB0330B0EB033F40F2E9803B46E1
:1026C0004FF0FF0C1A880233D1B2894508BF4FEA98
:1026D000122C9842F6D8644500F0AA80BEF5006F2F
:1026E000C0F0A9800DF108084FF48072FF21404628
:1026F00014F036FC07F5805CB81C3A46844534BFBC
:1027000001204FF4006007EB4000134602321B88A3
:102710009042D9B24FEA132308F80130F5D108F8F6
:10272000094072B65F4B00225F4999610221D9616D
:1027300040F20641C3F8F012C3F8F422C3F8F822BD
:10274000C3F8FC22C3F8A0204FF47022C3F8A420E1
:102750000122C3F8B020BFF34F8F07F120034FF0E1
:10276000E0219C4528BF80223B4607EB4212C1F87E
:102770005C3F20339A42FAD1BFF34F8FBFF36F8F84
:10278000484A5369D807FCD5484B012148483B408B
:102790005161C2F8F002C2F8A0304FF47023C2F8C1
:1027A000A430C2F8B0103F4A5369D907FCD50121C3
:1027B000404B0020DFF80CC151613F4CC2F8F032B1
:1027C000C2F8F402374AC2F8B810C2F8A000C2F842
:1027D000A4C0C2F8B0105369DB07FCD5516123785F
:1027E000DB07F0D4136843F0010313602D4A13682C
:1027F00013F00108FBD162B60DF107090DF2071ABB
:102800004C4614F8012F07EB48000DF10601631E3A
:10281000FF2AA3EB090307D043EA022308F10108CA
:10282000ADF8063011F078FB5445EAD126F8158052
:1028300042B0BDE8F08749EA042902A9ADF8089042
:1028400011F06AFB36F81530013326F8153042B026
:10285000BDE8F087DFF870C04FF6FF77174E0CF138
:102860001E0EA6F58053002102E0B342A9B204D2A5
:102870001A884D1C0233BA42F7D12CF8021FF445D6
:1028800006F58056EDD1012388F80030FDE670474B
:102890004FF0FF0C1FE700BF898888881056012081
:1028A000F001060000802A40F05AF05A00F0FF00C4
:1028B000200418080504012400812A4000101F602C
:1028C000FC55012001000F000E56012038B5234BA6
:1028D000234A1B781268272B39D82249180101EBAB
:1028E00003130958DB688968194230D01E490B78F8
:1028F000C3B11E4800241E4DD0F8D8320C70D31A34
:1029000029888B4212DD1B4D1B4BC0F8D82228783A
:10291000195CFFF7ABFE2B780133DBB20C2B1AD915
:102920002C7038BD114BC3F8D82238BD322BF8DDDE
:10293000104B1149C0F8D8221A78104B985C8B5C68
:102940000133DBB298428B54EBD88C5438BD064B24
:1029500001221A7038BD2B7038BD00BFF955012017
:1029600038430120381D0020F8550120C03E0020CA
:10297000FA550120B05A012000560120305601209E
:102980000A490A6A38B108B513180948834204D8BD
:1029900010460B6208BD1046704714F0DBFA0C239A
:1029A0004FF0FF320360104608BD00BF1037002013
:1029B00000002820002070474FF0FF30704700BF14
:1029C0004FF4005300204B60704700BF0120704758
:1029D0004FF0FF30704700BF30BFFDE738B51F4DE7
:1029E00095F8243063B31E4C94F8DC2242BB0122DC
:1029F00084F8DC22DA0724D400225B0784F8DC2286
:102A00001ED5D4F8E032DBB1EFF30583C3B9EFF3A1
:102A1000108272B6D4F8E002E0B194F8E432CBB997
:102A2000012184F8E4124169C4F8E01201B18B611C
:102A300002B962B6002583684577984784F8E45266
:102A400038BDD4F8E020002AD6D1FFF7C7FF95F8AB
:102A50002430D1E7002AF3D162B638BD1037002008
:102A6000C03E0020F8B5404B1D781C2D66D83F4F66
:102A700097F8E532002B4DD13D4B2B4493F8CC31E8
:102A8000FF2B5BD01C065CD43A4C2360236AD8072A
:102A900004D4FFF7A3FF236AD907FAD5354BD3ED4A
:102AA000097AF8EEE77A3448344C038822880233F6
:102AB00033499BB201EB82010132B3F5007F038001
:102AC000C1ED007A228000D2F8BD2E4C2268002A87
:102AD000FAD02D4B0021254813441B1100EB830035
:102AE000016201209160D060FF20284A13441877CA
:102AF000537F107F957F834228BF0346D07F244AAF
:102B0000AB4228BF2B46834228BF034682F87A3067
:102B10002160F8BD174C1F4E01E0FFF75FFFA36C6B
:102B20001B06FAD4B36C13F08003F6D187F8E532B4
:102B30000F4B2B4493F8CC31FF2BA3D1DFED167A4A
:102B4000B1E7144C03F07F032360236ADA0704D44F
:102B5000FFF744FF236ADB07FAD50E4BD3ED097A62
:102B6000F8EEE77A9FE700BF144D0120C03E002039
:102B7000D820002000400C40164D0120204D01209F
:102B8000A8560120E436002000BFF7BF1037002010
:102B900000E400E000800C40000000002DE9F84F48
:102BA0000121224C224E8146224D54E8003F3268DA
:102BB000286844E80013002BF7D11F494B684FF4F5
:102BC0007A7BDFF878A01B1A01270BFB02F8DAF8F2
:102BD0000020A3FB02325A4594BF9044D84454E8E5
:102BE000003F3268286844E80073002BF7D14B6837
:102BF000DAF800C01B1A0BFB02F2A3FB0C3CBCF57D
:102C00007A7F94BF624402F57A72A2EB0802B2F5B1
:102C10007A7F06D3B9F1010908F57A78DFD1BDE8EA
:102C2000F88FFFF7DBFE0449D9E700BF34430120EA
:102C3000384301203C430120001000E040430120C4
:102C4000054B10B5D3F8E0400CB1204610BDFFF79E
:102C5000C5FE204610BD00BFC03E00202DE9F04F4C
:102C600085B08A460290002900F0E480724C00236F
:102C7000724E04F1600BDFF8D491019394F8535035
:102C80000123B4F8501084F852306B010BEB451758
:102C90000393002940F0CA800D46084688461FE08D
:102CA000BFF34F8F84F8528000B9356894F8E6324C
:102CB000002B40F09C8033685B1B782B00F29B80DC
:102CC00099F80030002B00F09280FFF787FE012377
:102CD000B4F85010184684F85230002940F0928021
:102CE0007B6813F08003DBD14FF4006294F85350FB
:102CF00084F8E6321146A4F8502003EBC520DFF833
:102D0000508192454FEAC525404418D2524603915E
:102D1000029914F023FA039B494AA3EB0A03A4F88F
:102D200050304FF04043C2F88430BFF34F8F0198CA
:102D30000023504484F8523005B0BDE8F08F02996A
:102D4000454414F00BFA0123039A4BF802303D4B33
:102D5000BD607B6005F58053FB6005F500533B616A
:102D600005F540537B6105F58043BB610023FB61A2
:102D7000BFF34F8F05F5006105F120034FF0E02010
:102D8000994234BF0121402105EB41118B42C0F82B
:102D9000705F1D4603F12003F8D1BFF34F8FBFF3DF
:102DA0006F8F4FF480113A462748FAF72DFA94F8BE
:102DB00053300133DBB2032B2AD8019A84F8533005
:102DC000B4F850301A44AAEB030A0192029A1A444A
:102DD000002302921A4AA4F85030C2F88430BFF39C
:102DE0004F8F84F85230BAF1000F7FF447AF01984B
:102DF00005B0BDE8F08F0123019884F8E63205B0F4
:102E0000BDE8F08F94F853500A46C1F5006374E7AB
:102E1000B4F85030019AAAEB030A1A440192029ABC
:102E20001A440023029284F85330D3E70A46C1F5CE
:102E3000006362E70846DBE7C03E0020384301201C
:102E400000002E4080000008400200203043012096
:102E500080002020094B00B583B01B788DF8071047
:102E60003BB101210DF10700FFF7F8FE03B05DF85B
:102E700004FB03F0FF0003B05DF804FB30430120C6
:102E80000000000000B5D2F804E0D2F800C0C1F89C
:102E900004E0D2F808E0C1F800C0C1F808E0D2F8B8
:102EA0000CE0C1F80CE05168C0F800C041609168C6
:102EB000D2688160C2605DF804FB00BFB2EE0A7A9E
:102EC000D0ED007A4168074A67EE877A064BC0ED7D
:102ED000007A51604168C2ED007AC3ED077A196249
:102EE000704700BF644D01206C4D0120D0ED017A88
:102EF00090ED006A67EEA77AD0ED026A90ED037A52
:102F0000E6EE067AE6EEA67AE7EE077AF5EE407A86
:102F1000F1EE10FA02D4B1EEE70A7047B0EE670A9C
:102F200012F0E8BD0B464FF0804C10B504465868CF
:102F3000D3ED006A86B0E06294ED0D6A01AAD3ED8C
:102F4000017A04A994ED0C7A02A877EE867AC4ED92
:102F50000A6A37EE267ACDF804C0CDED057A8DEDFC
:102F6000047A11F04FFC029A039B2262636206B05E
:102F700010BD00BF0B464FF0804C10B5044658689A
:102F8000D3ED006A86B06063D4ED0B7A01AA93EDAD
:102F9000016A04A994ED0A7A02A877EE867AC4ED54
:102FA0000C6A37EE267ACDF804C0CDED057A8DEDAA
:102FB000047A11F027FC029A039B2262636206B036
:102FC00010BD00BFD1F804C08A68CB6800B5D1F845
:102FD00000E0C0F804C0C0F800E08260C3605DF8A3
:102FE00004FB00BF30B40F4B4FF0010C0E4D0F4CE3
:102FF00053E8002F2868216843E800C2002AF7D16F
:103000000B4B5B680B4A5B1A4FF47A71126801FB39
:1030100000F0A3FB023230BC8A4294BF80184018F3
:10302000704700BF34430120384301203C43012056
:10303000001000E04043012070B50E4C4FF6FF7EBB
:103040000D4E04F11E05A6F58053002102E0B342A7
:1030500081B204D21A88481C02337245F7D124F891
:10306000021FAC4206F58056EDD1044B01221A70C6
:1030700070BD00BF0E56012000101F60FC550120DE
:10308000D24DD34E2C682DE9804840F2EE2791B006
:10309000FFF7A4FCCF4B1B78002B02F0268096F89C
:1030A0008432DB0742F121802B68D6F880229B1AFC
:1030B0000E2B42F21A80C74B1B781BB10C21C6485D
:1030C000FFF7CCFDC34B40F60D221B78ADF81C205A
:1030D000002B02F0928007AB022118460BEE103A4B
:1030E000FFF7BCFDBD480126BD4CF3F771FE9FED17
:1030F000BD8A64209FEDBC9AFFF750FDDFF8648322
:10310000DFF8D892DFF860B32A68B84B9FEDB87A41
:10311000A3FB021341F288311B0B01FB132207EEC4
:10312000902AF8EEE77AC7EE878A54E8003F2B68CA
:10313000D8F8002044E80067002FF6D1AD4949686F
:103140008A1A4FF47A7101FB03F3AB490968A2FBB9
:103150000121B1F57A7F94BF5B1803F57A73C9F842
:10316000F030A64B1A46103382ED008AA44A9A42E8
:10317000F8D102F5587202F6D85383ED008A02F6B0
:10318000E85383ED008A02F6F85383ED008A02F6D5
:10319000086383ED008A02F6186383ED008A02F665
:1031A000286383ED008A974B1B78002B01F0DC85A8
:1031B000954BB3EE097ADFED957A93ED006ADFED7A
:1031C000946AA6EE277A934B9FED936A93ED01AA3A
:1031D00077EE4A7AF0EEE77AF4EEC67AF1EE10FA7C
:1031E0001FD493ED006AB5EE005AD3ED027AD3ED09
:1031F000065A6AEE277A66EE255AC3ED037A77EE11
:10320000A57AC3ED045A77EE877AB0EE467AC3ED1D
:10321000057AA7EE857AA7EE05AA83ED007A83EDFD
:1032200001AA7E4B9FED7C6AD3ED017A36EEE77AF8
:10323000B0EEC77AB4EEC67AF1EE10FA1FD493ED71
:10324000006AB5EE005A93ED027AD3ED065A27EEE6
:10325000877A66EE255A83ED037A37EE257AC3ED39
:10326000045A37EE267AF0EE466A83ED057AE7EEE9
:10327000056AE6EE857AC3ED006AC3ED017A684B14
:10328000B0EE680A6748C3ED007AFDF7D5FADFEDC6
:10329000667A664A68EEA78A92ED000A78EEA88AF6
:1032A00028EE800A12F042FF614AF0EE40AA92ED49
:1032B000000A28EE800A12F039FF5E4AF0EE409ACA
:1032C00092ED000A28EE800A12F030FFB1EE006A9B
:1032D0009FED597AF0EE4A7A514BB0EE085AA9EEBA
:1032E000867A564ADAEE867AD3ED004A544B60EE7F
:1032F000066A5449D3ED005A93ED016AA4EE857A2B
:10330000514B77EEA57AC2ED0D6AC3ED007AC2ED9E
:10331000097A77EE067AC3ED017A4C4BC2ED0A7A50
:103320000B60D3624A4B13634B60FBF71DFC354BBC
:103330001978002941F05185464B1B78464A12788E
:103340009A4201F0458595ED007ADFED446AB8EECA
:10335000477A414A1370C7EE267A414B78EE677A76
:10336000C3ED147A95ED007ADFED3C6AB8EE477A4A
:103370003B4B0091D3ED0F8A87EE260AD3ED100A5E
:1033800070EEE80A30EE270A12F09EFE344B38EE5B
:10339000800A009993F8442083ED130A002A00F074
:1033A0009D802F4890F84630002B00F09780531EE8
:1033B000DBB203F1010A00EBCA00D0ED017AB4EEF2
:1033C000E70AF1EE10FA60DA50E000BF384301205E
:1033D000C03E00203043012080320020A841002060
:1033E0003443012000000000002474495917B7D16C
:1033F00000409C45001000E04043012078FB002085
:1034000048FE00203D560120644D0120C54E6C3F12
:103410000000C842244D01200AD7233C444D01201E
:10342000B45A0120E04E0120DB0F4940F436002061
:10343000F8360020FC360020000020426C4D0120B0
:10344000B85A0120C05A0120F05501200000C8429E
:103450000000484200560120C85A012000007A446A
:10346000405601203C4301203CFE0020581E1A46D5
:10347000C3B2434803F1010A00EBCA00D0ED017A60
:10348000F4EEC07AF1EE10FAF0D8531C3C4A30EE5C
:10349000670A02EBC303127993ED017A012A77EEF2
:1034A000677A80EE277A37EE087A01F03F86022AA3
:1034B00001F03586D3ED026A314B03EBCA0ADAED2F
:1034C000027A76EEE76AE7EE267A2D4A92F84530E0
:1034D000C2ED127A13B19368C3ED007A002941F06E
:1034E000C583284BDB7A013BDBB2032B01F27D85E0
:1034F000254A52F82330254AB7EE007AD2ED007AF9
:10350000F4EEC77AF1EE10FA41F328851D4A83EDF7
:10351000017A53781E4903EB8303127803EB83038C
:103520000533DBB281F8A23191F8A411002901F032
:103530002D85174981F8A031124B15499B7803EB73
:10354000830303EB83030533DBB281F8A33181F8F6
:10355000A13199F8A832002B41F04A840C2A01F2DB
:103560005186DFE812F0A60BB007FC06450A5E069E
:10357000A3090109E30A5008BF051D051E04170031
:10358000405601200056012024200020945601209E
:10359000A8C10020D148F5F70FFFD14811F0ECFA8F
:1035A000D04811F0E9FAD04811F0E6FACF4FD048F0
:1035B00011F0E2FACF4811F0DFFAA7F5EC70FCF752
:1035C000ADFED7ED037A38461037F5EEC07AF1EE4E
:1035D00010FA04DDC84BD3F85018F5F7A7FEBB4529
:1035E000EFD1C648FCF79AFEC54A02F6D853D3ED90
:1035F000007AF5EEC07AF1EE10FA05DDD2F8F01A95
:1036000002F6CC50F5F792FEBD4A02F6E853D3ED30
:10361000007AF5EEC07AF1EE10FA05DDD2F8F01A74
:1036200002F6DC50F5F782FEB54A02F6F853D3ED08
:10363000007AF5EEC07AF1EE10FA05DDD2F8F01A54
:1036400002F6EC50F5F772FEAD4A02F60863D3EDD0
:10365000007AF5EEC07AF1EE10FA05DDD2F8F01A34
:1036600002F6FC50F5F762FEA54A02F61863D3EDA8
:10367000007AF5EEC07AF1EE10FA05DDD2F8F01A14
:1036800002F60C60F5F752FE9D4A02F62863D3ED70
:10369000007AF5EEC07AF1EE10FA05DDD2F8F01AF4
:1036A00002F61C60F5F742FE9648F1EE008AFCF740
:1036B00035FE954A042002F5C96A02F24463934A32
:1036C000CAED008A1A60009314F0B2FC904B0746D2
:1036D00001460360AAF13C000EF01AFA384614F0D5
:1036E000AFFC8C488AF80C60FCF7A4FF009BCAED85
:1036F000008A042083ED000A14F09AFC814B0746EF
:1037000001460360AAF13C000EF002FA384614F0BC
:1037100097FC814A0AF1480300271A600420CAED89
:10372000138A0AF14C038AF80C7014F081FC734B75
:1037300082460146036079480EF0EAF9504614F0DB
:103740007FFC714901F5DE6081F8A076FCF772FF1D
:103750007348F0EE408AFCF76DFF674AFBEE047A8F
:1037600030EE080A02F5416302F2EC7093ED007A44
:1037700002F60C03E7EE278AC3ED008A02F5016327
:1037800083ED000A02F6140383ED008AFCF758FE6D
:103790006448FCF74FFF644A1BEE100A02F2AC7358
:1037A00002F28C7183ED008A02F5F66383ED000A64
:1037B00002F2B47383ED008AFCF770FD5A4B079850
:1037C00003F54F6A03F2D47308991860A3F2D47317
:1037D000099A184603F5FB63DAED008A196000F2D6
:1037E000DC7300F638201A60FCF724FF28EE800A0C
:1037F000AAF5A762DAF80030AAF264511BEE100AAB
:1038000082ED000AAAF234521360AAF5A662136090
:10381000FCF744FD0798AAF5A2630899099A186075
:10382000A3F5FC63184603F2E473196000F5FD6329
:1038300000F638201A60FCF7FDFE3C4AF2EE0E7AE4
:103840001BEE101A138803A88DED078AE0EE277A85
:10385000ADF8283053688DED088A0B9393680C936C
:10386000D368CDED097A0D930EF0AAF8AAF254535D
:10387000DDF80CC00498C3F800C004330599186043
:10388000A3F5F460069A0433196000F5F56300F2BD
:103890008C701A60FCF7D4FDDAED005AB7EEE57AC9
:1038A000B4EE477BF1EE10FA81F17084B0EEC76B95
:1038B0009FED084BB4EE446BF1EE10FA01F37D83FB
:1038C000DFED1B6AF4EEE65AF1EE10FA01F37582B1
:1038D00032E000BFFFFFFFFFFFFFEF7FA8410020A6
:1038E0003C3C0120B43C01202C3D01206CFB00201D
:1038F000A43D01201C3E0120A8F10020340C012031
:10390000A801012034390120A861002000003443BF
:1039100094F90020D03B01200000C8C100680020BD
:10392000A8680020F03B0120A83101209856012012
:10393000FFFF7F4FFFFF7FCF5FED026AF4EEE65A95
:10394000F1EE10FA01F13982F5EEC05AF1EE10FAFB
:1039500002D5B1EE477B01279FED5C6B37EE067B0E
:10396000FCEEC76BB8EE66AB16EE903A37EE4AAB9C
:10397000002B41F03D83302321208DF83D303FB1B5
:1039800001382D22C0B200F140036B4403F8242C0F
:10399000504B1B7833B11BEE103AC0F12201184492
:1039A000FFF75CF9B2EE046B2E238DF81C302AEE83
:1039B000067B484B1A78FCEEC75BCDED005A9DF8AC
:1039C000003005EE903A3033B8EEE55B8DF81D30EF
:1039D00037EE457B27EE067BFCEEC77B17EE903A71
:1039E00030338DF81E3022B103211BEE100AFFF791
:1039F00035F940F60D23ADF81C30364B1B7823B15A
:103A000002211BEE100AFFF729F93348FCF712FEDA
:103A10003248F0EE408AFCF70DFE314A02F6AC2344
:103A200002F68C20C3ED008A02F52B6383ED000AB9
:103A300002F6B42383ED008AFCF702FD54E8003F50
:103A40002A68D8F8001044E80063002BF6D1254B13
:103A50005B685B1A4FF47A7101FB02F22249096834
:103A6000A3FB0131D9F8F030D21AB1F57A7F94BFB7
:103A7000521802F57A7207EE902AF8EE677A87EE0E
:103A8000897A89ED407A54E8003F2B68D8F8002005
:103A900044E80067002FF6D1124949688A1A4FF4AA
:103AA0007A71D9F804A001FB03F30F490968A2FB5E
:103AB0000121B1F57A7F94BF5B1803F57A73C9F8D9
:103AC000F4309AF80430B3B936E000BF7C14AE4746
:103AD000E17A743F3043012098680020A8680020F4
:103AE000A8010120001000E04043012001379AF8AE
:103AF00004309F4220DADAF8003053F827000EF045
:103B000089FB99F81C30002BF0D0DAF80020D9F8A6
:103B1000183052F827001A680168D2F800C0896985
:103B2000BE4A914241F0F680016A18460137E047EB
:103B30009AF804309F42DEDB54E8003F2A68D8F848
:103B4000001044E80063002BF6D1B54B5B685B1AAC
:103B50004FF47A7101FB02F2B2490968A3FB01310B
:103B6000D9F8F430D21AB1F57A7F94BF521802F521
:103B70007A7207EE902AF8EE677A87EE897A89EDF5
:103B8000417A54E8003F2A68D8F8001044E80063FE
:103B9000002BF6D1A24B5B685B1A4FF47A71D9F80F
:103BA000080001FB02F29F490968A3FB0131036889
:103BB000B1F57A7F94BF521802F57A725B68C9F842
:103BC000F820984754E8003F2B68D8F8002044E8D4
:103BD0000067002FF6D1924949688A1A4FF47A712A
:103BE00001FB03F38F490968A2FB0121D9F8F820F2
:103BF0009B1AB1F57A7F94BF5B1803F57A7307EED1
:103C0000903A894BF8EE677A1B7887EE897A89EDCE
:103C1000427A2BB105218548FFF720F899ED427AC9
:103C2000D9ED417AF7EE006A99ED406A99F8ECA077
:103C300077EE867AD9ED088ABAF1310F36EEE8AA26
:103C400077EE877AC6EEA79A01F26C800AF101033B
:103C500009EB8A0ADBB2CAED099A9A4689F8EC3078
:103C6000DFED737A734B0137B3EC017AFAB277EE7A
:103C7000877A5245F7D307EE10AAF8EEC76A87EEA7
:103C8000A67A67EE0A7AE9EEA87AB7EEE76AB4EEAA
:103C9000466BF1EE10FA81F16E82B0EEC65B9FEDDD
:103CA0005D4BB4EE445BF1EE10FA01F37B819FEDC6
:103CB000627AF4EEC77AF1EE10FA01F373809FEDA9
:103CC0005F7AF4EEC77AF1EE10FA01F16B80F5EE4F
:103CD000C07AF1EE10FA01F116824FF0000AB6EE4A
:103CE000007B36EE076BFCEEC67B17EE903A002B9E
:103CF00041F0D081302321208DF83D30BAF1000F02
:103D000007D001382D22C0B200F140036B4403F804
:103D1000242C454B1B7833B11BEE103AC0F1220125
:103D20001844FEF79BFF404B1B781BB10E21444803
:103D3000FEF794FF99ED400AB7EEC00A10F072FD4D
:103D4000394B1B781BB10F213E48FEF787FF99EDD9
:103D5000410AB7EEC00A10F065FD334B1B781BB16A
:103D600010213948FEF77AFF99ED420AB7EEC00AF2
:103D700010F058FD2C4B1B781BB101213348FEF786
:103D80006DFF40F60D23ADF81C30274B1B7823B197
:103D900002211BEE100AFEF761FFFEF71FFEFFF780
:103DA000B3B92B4B2B4A03F5805343F8CC2C93F833
:103DB0003931002B41F00E824FF40072254926481C
:103DC00013F0CCF9254BB3F84010A3F5805393F8CA
:103DD00078E0002957D003F6C6720023104605E0AC
:103DE00001331FFA83FC8C4581F0E78130F802CF64
:103DF000F445F5D11A4803F2D22300EB83034FF0C8
:103E00007E50C3F88400164890F87AC000232DE055
:103E1000AFF30080FFFFFFFFFFFFEF7FB104000063
:103E2000001000E040430120304301209032002088
:103E300000000000CC410020FFFF7F4FFFFF7FCF3D
:103E400098320020A8320020B8320020CC32002066
:103E5000A8510020CC5A0120E0600020A881002059
:103E6000A8710020013398B281420CD932F8020FB8
:103E70006045F7D1B44A03F2D22302EB83034FF03B
:103E80007E52C3F88420B04B0020BC46D3F870A00B
:103E9000A3F50053014693F8E42103E0C1B28A423E
:103EA000C1F0908101F5CB73A84F013009EB83037A
:103EB000D3F83C3BBB42F1D1A54B1FFA81FE6746CC
:103EC000B3F8841089B103F15A00002304E00133F0
:103ED0001FFA83FC8C4508D230F802CFF445F6D1A6
:103EE0009C4901EB8303C3F8C8A30020984B964676
:103EF00093F890C8014603E0C1B2614501F26781C1
:103F0000934B0130914A03EB8103D3F8403893423D
:103F1000F2D18F4B72461FFA81FEB3F8301791B180
:103F200003F20670002304E001331FFA83FC8C4582
:103F300009D230F802CFF445F6D1F233844901EBCF
:103F40008303C3F8ECA10020BC46014603E0C1B2E4
:103F500091423FF622AB01F5CB737F4F013009EB65
:103F60008303D3F83C3BBB42F1D1794B674689B21E
:103F7000B3F8840000283FF410AB5A3304E0013753
:103F8000BAB28242BFF409AB33F8022F8A42F6D1AB
:103F9000704B03EB8707714BC7F8C833FFF7FDBAC7
:103FA0006F4B93F8FD2562B16D49012A01F2EC5384
:103FB0000846D1F894151B680B6002D0D0F89825FC
:103FC0001360674B83F8FE6503F50053B3F8403088
:103FD000002B57D063490022084604E001321FFA43
:103FE00082FC9C450DD230F802CFBCF1010FF5D117
:103FF000554802F2D22200EB82024FF07E50C2F806
:104000008400584800229E4605E001321FFA82FCD7
:10401000F44581F0C68030F8023F002BF5D14A48C4
:1040200002F2D222734600EB82024FF07E50C2F8B9
:1040300084004C48002204E001321FFA82FC9C45B7
:104040000DD230F802CFBCF12B0FF5D13E4802F271
:10405000D22200EB82024FF07E50C2F88400002290
:1040600003E0013290B298420CD231F8020F2C28B2
:10407000F7D102F2D223344A02EB83034FF07E528F
:10408000C3F884200021324BBC4693F8E4010A4671
:1040900003E0CAB29042FFF480AA02F5CB73324F1C
:1040A000013109EB8303D3F83C3BBB42F1D1284BF0
:1040B000674692B2B3F8840000283FF46EAA5A33E0
:1040C00004E00137B9B28142BFF467AA33F8021F96
:1040D0009142F6D11F4B03EB8707204BC7F8C8333B
:1040E000FFF75BBA1E4A002382F8FE3592F8FD25E1
:1040F00062B11B49012A01F2EC53D1F894151868FA
:10410000086003D01A6853F8543C1A60174BB3F890
:104110004020002A55D013490023084604E001330B
:104120001FFA83FC94450BD230F802CFBCF1010F8B
:10413000F5D103F2D223044800EB830383ED218AF7
:104140000848002319E000BFA8710020B85E0020D5
:10415000A8510020E84C0020F44B0020CDCC4C3F6F
:10416000A86100206E810020704C0020A8810020F2
:1041700001331FFA83FC62450DD930F802CFBCF140
:104180001A0FF5D1B14803F2D22300EB83034FF0AD
:104190007E50C3F88400AE4BB3F8ECCC002303E0B0
:1041A000013398B282420CD931F8020F6045F7D141
:1041B000A64A03F2D22302EB83034FF07E52C3F8E8
:1041C00084200021A34BBC4693F8E4010A4603E097
:1041D000CAB29042FFF4E1A902F5CB739E4F0131C0
:1041E00009EB8303D3F83C3BBB42F1D1994B6746C3
:1041F00092B2B3F8840000283FF4CFA95A3304E008
:104200000137B9B28142BFF4C8A933F8021F914205
:10421000F6D1924B03EB8707914BC7F8C833FFF7F2
:10422000BCB9904B93F8FD2562B18E49012A01F289
:10423000EC530846D1F894151B680B6002D0D0F8F7
:1042400098251360874B83F8FE6503F50053B3F898
:104250004030002B53D084490022084604E001324C
:104260001FFA82FC63450DD930F802CFBCF1010F73
:10427000F5D1764802F2D22200EB82024FF07E5056
:10428000C2F884007848002204E001321FFA82FC60
:1042900063450DD930F802CFBCF1170FF5D16B484B
:1042A00002F2D22200EB82024FF07E50C2F884006C
:1042B0006D48002204E001321FFA82FC63450DD9EB
:1042C00030F802CFBCF1190FF5D1604802F2D222CA
:1042D00000EB82024FF07E50C2F88400002203E01F
:1042E000013290B283420AD931F8020F0028F7D187
:1042F00002F2D223554A02EB830383ED218A002187
:10430000544BBC4693F8E4010A4603E0CAB290421B
:10431000FFF443A902F5CB73544F013109EB83033A
:10432000D3F83C3BBB42F1D14A4B674692B2B3F85B
:10433000840000283FF431A95A3304E00137B9B2B0
:1043400088427FF62AA933F8021F9142F6D1434BE7
:1043500003EB8707424BC7F8C833FFF71EB9414A42
:10436000002382F8FE3592F8FD2562B13D49012A0D
:1043700001F2EC53D1F894151868086003D01A685C
:1043800053F8543C1A603A4BB3F84030002B55D0E8
:1043900035490022084604E001321FFA82FC9C45A0
:1043A0000DD230F802CFBCF1110FF5D1274802F23F
:1043B000D22200EB82024FF07E50C2F884002A48DD
:1043C000002204E001321FFA82FC9C450DD230F835
:1043D00002CFBCF1170FF5D11C4802F2D22200EB3C
:1043E00082024FF07E50C2F884001F48002204E091
:1043F00001321FFA82FC9C450DD230F802CFBCF18D
:10440000050FF5D1114802F2D22200EB82024FF0E3
:104410007E50C2F88400002203E0013290B298423C
:104420000CD231F8020F0028F7D102F2D223074A4A
:1044300002EB83034FF07E52C3F884200021054B2A
:10444000BC4693F8E4010A4618E000BFA8710020BA
:10445000A8310120A8510020A04C0020E84C0020E9
:10446000CDCC4C3FA86100206E8100204C4C002038
:10447000A8810020CAB282423FF68FA802F5CB7312
:10448000AF4F013109EB8303D3F83C3BBB42F1D181
:10449000AC4B674692B2B3F8840000283FF47DA885
:1044A0005A3304E00137B9B28142BFF476A833F839
:1044B000021F9142F6D1A44B03EB8707A34BC7F829
:1044C000C833FFF76AB8A24B93F8FD2562B1A04943
:1044D000012A01F2EC530846D1F894151B680B60D1
:1044E00002D0D0F898251360994B83F8FE6503F548
:1044F0000053B3F84030002B55D0964900220846AF
:1045000004E001321FFA82FC9C450DD230F802CF44
:10451000BCF10F0FF5D1904802F2D22200EB8202DB
:104520004FF07E50C2F884008A48002204E0013235
:104530001FFA82FC9C450DD230F802CFBCF1180F57
:10454000F5D1854802F2D22200EB82024FF07E5074
:10455000C2F884007F48002204E001321FFA82FC86
:104560009C450DD230F802CFBCF10A0FF5D17A4844
:1045700002F2D22200EB82024FF07E50C2F8840099
:10458000002203E0013290B298420CD231F8020FBF
:104590000028F7D102F2D2236F4A02EB83034FF0D7
:1045A0007E52C3F884200021664BBC4693F8E40198
:1045B0000A4603E0CAB29042FEF4EFAF02F5CB73B5
:1045C000664F013109EB8303D3F83C3BBB42F1D189
:1045D0005C4B674692B2B3F8840000283EF4DDAF2E
:1045E0005A3304E00137B9B288427EF6D6AF33F8C9
:1045F000021F9142F6D1544B03EB8707534BC7F888
:10460000C833FEF7CABF524A002382F8FE3592F83B
:10461000FD2562B14E49012A01F2EC53D1F89415FF
:104620001868086003D01A6853F8543C1A604C4B61
:10463000B3F84030002B53D046490022084604E02E
:1046400001321FFA82FC63450BD930F802CFBCF16E
:10465000010FF5D102F2D2223F4800EB820282ED37
:10466000218A3C4800229E4605E001321FFA82FC66
:10467000F44580F09C8530F8023F002BF5D102F222
:10468000D2223548734600EB820282ED218A3148FE
:10469000002204E001321FFA82FC9C450DD230F862
:1046A00002CFBCF1290FF5D12B4802F2D22200EB48
:1046B00082024FF07E50C2F88400002203E00132F3
:1046C00090B283420CD931F8020F2A28F7D102F2B6
:1046D000D223214A02EB83034FF07E52C3F8842099
:1046E0000021184BBC4693F8E4010A4603E0CAB225
:1046F00082423EF652AF02F5CB731A4F013109EBFD
:104700008303D3F83C3BBB42F1D10E4B674692B2D8
:10471000B3F8840000283EF440AF5A3304E0013778
:10472000B9B288427EF639AF33F8021F9142F6D112
:10473000054B03EB8707054BC7F8C833FEF72DBFC2
:10474000A04B0020A8510020E84C0020CDCC4C3FCD
:10475000A86100206E810020A87100207C4C002000
:10476000A8810020884C0020B04B93F8FD2562B151
:10477000AE49012A01F2EC530846D1F894151B68A2
:104780000B6002D0D0F898251360A84B83F8FE6523
:1047900003F50053B3F84030002B57D0A449002252
:1047A000084604E001321FFA82FC9C450DD230F825
:1047B00002CFBCF1010FF5D19E4802F2D22200EBEC
:1047C00082024FF07E50C2F88400994800229E4633
:1047D00005E001321FFA82FCF44580F0E58430F8F0
:1047E000023F002BF5D1934802F2D222734600EB30
:1047F00082024FF07E50C2F884008D48002204E00F
:1048000001321FFA82FC9C450DD230F802CFBCF178
:10481000250FF5D1874802F2D22200EB82024FF039
:104820007E50C2F88400002203E0013290B2984228
:104830000CD231F8020F2628F7D102F2D2237D4A9A
:1048400002EB83034FF07E52C3F8842000217A4BA1
:10485000BC4693F8E4010A4603E0CAB282423EF63F
:104860009CAE02F5CB73754F013109EB8303D3F88E
:104870003C3BBB42F1D1704B674692B2B3F8840027
:1048800000283EF48AAE5A3304E00137B9B28142BF
:10489000BEF483AE33F8021F9142F6D1684B03EBAE
:1048A0008707684BC7F8C833FEF777BE5F4A002317
:1048B00082F8FE3592F8FD2562B15C49012A01F2C9
:1048C000EC53D1F894151868086003D01A6853F8AF
:1048D000543C1A605C4BB3F8401039B3544A00237F
:1048E000104604E001331FFA83FC8C450BD230F8EC
:1048F00002CFBCF1010FF5D103F2D2234D4800EBFA
:10490000830383ED218A002303E0013398B28842B8
:104910000CD232F8020F2428F7D1464A03F2D223F0
:1049200002EB83034FF07E52C3F884200021424BF8
:10493000BC4693F8E4010A4603E0CAB2824200F2A0
:10494000398402F5CB73414F013109EB8303D3F86E
:104950003C3BBB42F1D1384B674692B2B3F884C0BE
:10496000BCF1000F11D003F15A01002303E0013321
:1049700098B2844509D931F8020F9042F7D1304AF4
:1049800002EB83032F4AC3F8C82300212A4BBC46FD
:1049900093F890080A4603E0CAB282423EF6FDADA3
:1049A000254B01312A4F03EB8203D3F84038BB4239
:1049B000F2D1214B674692B2B3F8300700283EF49B
:1049C000ECAD03F2067304E00137B9B28142BEF4E4
:1049D000E4AD33F8021F9142F6D1174A07F1F20312
:1049E00002EB83034FF07D52C3F8EC21FEF7D5BDF7
:1049F0000E4A002382F8FE3592F8FD2562B10B497C
:104A0000012A01F2EC53D1F894151868086003D01C
:104A10001A6853F8543C1A600B4BB3F84020002A34
:104A200054D003490023084619E000BFA8610020C4
:104A30006E810020A8710020A85100204C4C00205D
:104A4000E84C0020CDCC4C3FA8810020644C0020D5
:104A50007C4C002001331FFA83FC62450DD930F8ED
:104A600002CFBCF1080FF5D1B34803F2D22300EB1B
:104A700083034FF07E50C3F88400B048002304E065
:104A800001331FFA83FC94450DD230F802CFBCF1FC
:104A9000160FF5D1A84803F2D22300EB83034FF0A1
:104AA0007E50C3F88400002303E0013398B28242B1
:104AB0000CD931F8020F0028F7D19F4A03F2D22314
:104AC00002EB83034FF07E52C3F8842000219C4BFD
:104AD000BC4693F8E4010A4603E0CAB29042FEF4F1
:104AE0005CAD02F5CB73974F013109EB8303D3F82B
:104AF0003C3BBB42F1D1924B674692B2B3F8840083
:104B000000283EF44AAD5A3304E00137B9B281427D
:104B1000BEF443AD33F8021F9142F6D18A4B03EB4A
:104B200087078A4BC7F8C833FEF737BD884B93F821
:104B3000FD2562B18649012A01F2EC530846D1F8FD
:104B400094151B680B6002D0D0F898251360804B39
:104B500083F8FE6503F50053B3F84030002B55D0C1
:104B600076490022084604E001321FFA82FC6345C0
:104B70000DD930F802CFBCF1010FF5D16E4802F229
:104B8000D22200EB82024FF07E50C2F884006B48C4
:104B900000229E4605E001321FFA82FCE64540F203
:104BA000148330F8023F002BF5D102F2D222624882
:104BB000734600EB820282ED218A6048002204E005
:104BC00001321FFA82FC63450DD930F802CFBCF1E7
:104BD000270FF5D1584802F2D22200EB82024FF0A3
:104BE0007E50C2F88400002203E0013290B283427A
:104BF0000CD931F8020F2828F7D102F2D2234E4AFD
:104C000002EB83034FF07E52C3F8842000214C4B0B
:104C1000BC4693F8E4010A4603E0CAB29042FEF4AF
:104C2000BCAC02F5CB734B4F013109EB8303D3F8D6
:104C30003C3BBB42F1D1424B674692B2B3F8840091
:104C400000283EF4AAAC5A3304E00137B9B28142DD
:104C5000BEF4A3AC33F8021F9142F6D13A4B03EBFA
:104C600087073A4BC7F8C833FEF797BC3A4BB7EE05
:104C7000007AD3ED007AF4EEC77AF1EE10FA40F341
:104C8000A781364B83ED017A354A052382F8A2319C
:104C900092F8A421002A00F0A380314A82F8A331BF
:104CA00040F20553A2F8A03199F8A832002B40F049
:104CB0009F80274B93F8FD2562B12549012A01F217
:104CC000EC530846D1F894151B680B6002D0D0F85D
:104CD000982513601E4B83F8FE6503F50053B3F867
:104CE000401000293EF459AC144B04E00137BAB22D
:104CF00091427EF652AC33F8022F002AF6D10E4ACA
:104D000007F2D22302EB83034FF07E52C3F88420D4
:104D1000FEF743BCCDE900C388470146DDE900C387
:104D2000FEF703BF0F49C422081F13F005F9C9EDB0
:104D30003A9AFEF795BF00BFA87100206E8100204F
:104D4000A85100204C4C0020E84C0020CDCC4C3F1A
:104D5000A8610020944C002094560120A85A0120FC
:104D6000A8C10020D0410020B74BF2EE0A4AB7EEAE
:104D7000006ADFEDB66AD3ED005AB3EE097AB44BA0
:104D80001B78002B03F1010307EE903A46FE886A78
:104D9000F8EEE77A87EEA45A76EE457AA7EEA57A82
:104DA000FEF711BAAB4B1B78002B3EF4BCAF0321CE
:104DB000A948FDF753FFFEF7B6BFA64B1B78002BA3
:104DC0003EF417AE0321A448FDF748FFFEF711BEDD
:104DD000A24BD3ED147AFEF7C5BA0023FEF7AEBAA4
:104DE0009F4A82F8A33199F8A832002B3FF461AFB3
:104DF00000239C4A82F8FE3592F8FD356BB1994943
:104E0000012B01F2EC52D1F894151068086004D01F
:104E100094491268D1F898351A60934BB3F8403032
:104E2000002B6BD091490022084604E001321FFAA2
:104E300082FC63450DD930F802CFBCF1130FF5D1D8
:104E40008B4802F2D22200EB82024FF07E50C2F871
:104E500084008648002204E001321FFA82FC634588
:104E60000BD930F802CFBCF1010FF5D102F2D222FA
:104E70007F4800EB820282ED218A7C48002204E018
:104E800001321FFA82FC63450DD930F802CFBCF124
:104E9000170FF5D1764802F2D22200EB82024FF0D2
:104EA0007E50C2F88400714800229E4605E001321F
:104EB0001FFA82FCE64540F22C8130F8023F002BBD
:104EC000F5D16B4802F2D222734600EB82024FF01A
:104ED0007E50C2F88400002203E0013290B2834287
:104EE0000CD931F8020F0528F7D102F2D223604A1B
:104EF00002EB83034FF07E52C3F8842000215D4B08
:104F0000BC4693F8E4010A4603E0CAB29042FEF4BC
:104F100044AB02F5CB73584F013109EB8303D3F84F
:104F20003C3BBB42F1D1534B674692B2B3F884008D
:104F300000283EF432AB5A3304E00137B9B288425C
:104F40007EF62BAB33F8021F9142F6D14B4B03EBAD
:104F500087074B4BC7F8C833FEF71FBBF5EEC07A87
:104F6000F1EE10FA3ED583ED018A464A3C4953786A
:104F7000127803EB830303EB83030533DBB281F881
:104F8000A23191F8A41100297EF4D3AA3D4B3449F3
:104F90009B7803EB830303EB8303053381F8A33191
:104FA000FEF7D7BA2B4B1B78002B3EF4BCAE032187
:104FB0003548FDF753FEFEF7B6BE264B1B78002B97
:104FC0003EF417AD03213048FDF748FEFEF711BD52
:104FD000F5EEC07AF1EE10FA40F19D802B4B83ED97
:104FE000018A51E6C3ED017ABFE7284BFEF783BA89
:104FF000DFF89CA0092B4FF02100AAFB03214FEA08
:10500000D10101EB8102A3EB420202F130028DF8E3
:105010003D207EF6B4AC0138AAFB013E0A46C0B280
:105020004FEADE0E092A00F140030DEB030C0EEBF4
:105030008E03A1EB4303714603F130030CF8243CCB
:10504000E9D8FEF79CBC00BF644D01200000C842B7
:10505000B05A0120304301204C320020405601203C
:10506000A8C10020A8610020A88100206E81002036
:10507000A8710020A8510020A04B0020E84C00207F
:10508000CDCC4C3F0056012048320020A85A0120C8
:10509000CDCCCCCCDFF870E3092B4FF02100AEFB78
:1050A00003214FEAD10101EB8102A3EB420202F19D
:1050B00030028DF83D207EF621AE0138AEFB013C7A
:1050C0000A46C0B24FEADC0C092A00F140030DEB9E
:1050D00003070CEB8C03A1EB4303614603F13003A0
:1050E00007F8243CE9D8FEF709BEB84A2B681278C5
:1050F0001B1B002A3BD0B3F5FA6F3DF6DCAFFDF782
:105100006DFCFDF7C5BFB1EE466B4FF0010AFEF72F
:10511000E6BD7346DFE6AE4BC3ED017AB4E5AD4BB9
:1051200003EBCA0ADAED027AFEF7CFB99FEDAA0ABD
:1051300027EE000ACDE9001311F0FCF8B7EE007A73
:10514000F6EE007A019B009937EE400A93ED026A71
:10515000A04B60EE277A03EBCA0ADAED026A37EE5B
:10516000677A67EE867AE6EE877AFEF7AEB9BB42DB
:10517000C5D9FDF7A0BF954B1B78002B3EF4D3ADEE
:1051800003219648FDF76AFDFEF7CDBD8F4B1B78D6
:10519000002B3EF42EAC03219048FDF75FFDFEF797
:1051A00028BC7346FEF745BF7346FFF726BB734620
:1051B000FFF76DBA6746FFF7E8BB894B93F87AC0F3
:1051C000FEF724BE6746FEF790BE7346F5E47246CE
:1051D000FEF7B9BE834B0097DFF830A21F465AF89E
:1051E000040FB7EC010A0FF04DFA7F4B8AED890AE4
:1051F0005345F4D1009FFEF7E5BD07AB0BEE103A27
:10520000FDF770BF794B774AC3F8B42A93F8BB3CDB
:10521000002B66D14FF400727249754811F09EFF61
:10522000744BB3F84020A3F5805393F878C0D2B103
:1052300003F6C6710023084630F802EFE64562D057
:1052400001331FFA83FE7245F6D8654B93F8790057
:10525000002331F802CF844500F0AD8001331FFAFE
:1052600083FC6245F5D85E4B0020D3F86CA0A3F513
:1052700000530146844693F8E42101F5CB735E4860
:105280000CF1010C09EB8303D3F83C3B834247D07C
:105290005FFA8CF18A42F0D2544B0021964693F883
:1052A00090C80B4651480131534A00EB8300D0F8B7
:1052B0004008904249D0CBB26345F3D972460020F2
:1052C0009446034603F5CB714C4A013009EB81014A
:1052D000D1F83C1B91424DD0C3B29C45F2D2FEF7AF
:1052E0005CB9404B0097DFF810A11F465AF8040F35
:1052F000B7EC010A0FF0C6F9414B8AED880A534515
:10530000F4D1009F8CE7364803F2D22300EB8303ED
:105310004FF07E50C3F88400314890F8790097E749
:10532000A0F6940389B2B3F884C0BCF1000FB3D0E7
:10533000A0F63A00002330F802EF8E4535D0013355
:105340001FFA83FEF445F6D8A6E799B2274B7246BA
:10535000B3F830C7BCF1000FB1D003F206700023E0
:1053600030F802EF8E4519D001331FFA83FEF44561
:10537000F6D8A4E7B2F838169BB202F2B45200296C
:105380003EF40BA95A3232F8020F98423EF400AEB6
:105390000137B8B28142F6D8FEF7FFB8F2331349AD
:1053A00001EB8303C3F8ECA189E7164901EB830302
:1053B000C3F8C8A370E70A4A03F2D22302EB8303BF
:1053C0004FF07E52C3F884204DE700BF30430120E8
:1053D000A85A012040560120DB0F494044320020EA
:1053E000A8710020CC5A0120B8600020A8510020EC
:1053F000605C0020A88100203C5A0020F44B002073
:105400003C5C0020E84C0020CDCCCCCCB85E002029
:1054100090F8A32090F8A200101A704790F8A230DC
:1054200090F8A3209A4205D95A1C034480F8A22080
:10543000987E70474FF0FF30704700BF90F8A23061
:1054400090F8A3209A4202D91844807E70474FF00A
:10545000FF3070470346B0F8300178B193F82F2140
:10546000882A03D9012200205A60704702F1010CFA
:1054700001201A4483F82FC182F8A510704700BF9D
:1054800070B52A4C2369D3F8145115F4706201D019
:10549000C3F81421AE070BD5D3F8701108043ED51C
:1054A00000220120A4F8A220224484F8A3009176CF
:1054B000EA0710D594F83061F6B194F82E6194F8AB
:1054C0002F21B24227D9711C264496F8A52084F8D2
:1054D0002E11C3F86021AB050DD594F8A30018B1C7
:1054E000D4F83C3103B198470023A4F8A230A4F8C3
:1054F0002E3184F8303170BDD4F838210AB190478C
:105500002369002284F82E21012284F8302194F8A6
:105510002F21B242D7D80022C3F86021DBE794F8EC
:10552000A320872AC4D8501CC0B2BDE74443012041
:1055300070B52A4C2369D3F8145115F4706201D068
:10554000C3F81421AE070BD5D3F8701108043ED56B
:1055500000220120A4F8A220224484F8A30091761E
:10556000EA0710D594F83061F6B194F82E6194F8FA
:105570002F21B24227D9711C264496F8A52084F821
:105580002E11C3F86021AB050DD594F8A30018B116
:10559000D4F83C3103B198470023A4F8A230A4F812
:1055A0002E3184F8303170BDD4F838210AB19047DB
:1055B0002369002284F82E21012284F8302194F8F6
:1055C0002F21B242D7D80022C3F86021DBE794F83C
:1055D000A320872AC4D8501CC0B2BDE7A03E01203A
:1055E00070B52C4CD4F85031D3F8145115F47062C6
:1055F00001D0C3F81421AE070CD5D3F870110804FC
:1056000040D500220120A4F8E221224484F8E301DD
:1056100082F85A11EA0710D594F87062F6B194F83E
:105620006E6294F86F22B24228D9711C264496F813
:10563000E52184F86E12C3F86021AB050DD594F80E
:10564000E30118B1D4F87C3203B198470023A4F8E1
:10565000E231A4F86E3284F8703270BDD4F878224A
:1056600012B19047D4F85031002284F86E22012202
:1056700084F8702294F86F22B242D6D80022C3F880
:105680006021DAE794F8E321872AC3D8501CC0B21E
:10569000BBE700BFA03E0120704700BF30B40468E4
:1056A000BDF808500295A46BA44630BC604700BF0B
:1056B00030B40468BDF808500295E46BA44630BCD1
:1056C000604700BFD0F800C02DE9F04F90461F465C
:1056D0001F4A83B0DCF8143005460C46BDF9309003
:1056E0009342BDF834A029D12744A7421EDDDFF83C
:1056F00064B00AE00134CDF800A0DCF8386024B2D0
:10570000B047D5F800C0BC4210DADCF820604B4648
:10571000424621465E452846ECD00134CDF800A033
:10572000B047D5F800C024B2BC42EEDBDCF82C3028
:10573000074A934206D103B0BDE8F08F9847D5F8E9
:1057400000C0D1E7284603B0BDE8F04F184700BFBE
:105750009D2D0100A12D0100D0F800C02DE9F04FD2
:10576000DCF8406083B0DFF898E0BDF93090764512
:10577000BDF834A032D190461F46204A0546DCF8D9
:1057800014300C46934235D12744BC421EDADFF870
:1057900074B00AE00134CDF800A0DCF8386024B21F
:1057A000B047D5F800C0BC4210DADCF820604B46A8
:1057B000424621465E452846ECD00134CDF800A093
:1057C000B047D5F800C024B2BC42EEDBDCF82C3088
:1057D0000A4A934209D103B0BDE8F08FB446CDE93F
:1057E0000C9A03B0BDE8F04F6047284603B0BDE80F
:1057F000F04F18479847D5F800C0C5E79D2D010028
:10580000C92D0100A12D01002DE9F0411C460B46D8
:10581000016884B0114E05464F69BDF82880B74233
:1058200010D1013CCDF804802846144424B20094E1
:105830008C6A1946A0472B68DB6AB34209D104B0D1
:10584000BDE8F081CDE90232B8472968DDE90232CE
:10585000E7E7284604B0BDE8F04118479D2D010058
:105860002DE9F043056885B0124E04466F699946EC
:10587000BDF83080B74210D109F1FF33CDF8048074
:10588000009220460B44AD6A1BB2A8472368DB6A2E
:10589000B34209D105B0BDE8F083CDE90212B847A3
:1058A0002568DDE90212E7E7204605B0BDE8F043D0
:1058B000184700BF9D2D0100D0F800C0274B2DE9EF
:1058C000F04FDCF8404083B00F46B0F90C909C429A
:1058D000B0F90E802FD1DCF814300546DFF880B027
:1058E0005B4537D1B9F1000F1EDD0024DFF874A04D
:1058F000214609E001340097DCF83860B047D5F85C
:1059000000C021B289450FDDDCF82060434600224B
:1059100028465645EED0013400220097B047D5F80E
:1059200000C021B28945EFDCDCF82C305B450CD19E
:1059300003B0BDE8F08F002201914B46CDF8008006
:105940001146A04703B0BDE8F08F284603B0BDE87C
:10595000F04F18479847D5F800C0C3E7C92D01009C
:105960009D2D0100A12D01002DE9F043994287B042
:105970000546BDF93840BDF83C6022D0A24212D0A5
:105980000768DFF88480D7F81490C14533D12846E2
:10599000CDE90046BC6AA0472B68DB6A434525D1A8
:1059A00007B0BDE8F08399421CDC0E9601332C68E9
:1059B00028465B1AE46B1BB2A44607B0BDE8F0436F
:1059C0006047A24202DD134622461C460E96631C27
:1059D0002C6828469B1AA46B1BB2A44607B0BDE8EE
:1059E000F0436047084619460346DEE7284607B0FD
:1059F000BDE8F0431847CDE904230391C8472F6859
:105A00000399DDE90423C2E79D2D01002DE9F04F44
:105A10001D4603681646DFF8BC905A6985B00446F7
:105A20004A45BDF93880BDF83C7043D1D3F824B065
:105A30003246DFF8A4A020460097D345039108BF63
:105A4000D3F83CB02B46D847236808F1FF320399BE
:105A5000D3F824B032440097D34512B234D1D3F8EE
:105A60003CA0204603912B46D04703992368324639
:105A7000DFF868A02046D3F820B0013D0097D34559
:105A8000039108BFD3F838B04346D847039922683A
:105A900043460D44204629B2156A0097554508BF74
:105AA000956B3246A8472368DB6A4B4507D105B0A2
:105AB000BDE8F08F0391904723680399B6E720462D
:105AC00005B0BDE8F04F184703912B462046D84754
:105AD0000399CBE79D2D0100B52D0100A12D0100FB
:105AE00001F003038376CB0705D40289B0F90A30AD
:105AF0008281C38170474289B0F908308281C381B5
:105B0000704700BF704700BF00B590F81AC0BCF1E5
:105B1000020F0CD0BCF1030F60D0BCF1010F54D0C8
:105B2000012B13D0022B3AD023B35DF804FBB0F85D
:105B300008C0012BACEB010C4189A1EB02020CF176
:105B4000FF3102F1FF3209B212B2EBD1002A134643
:105B5000B0F808E002F0070CB8BFD31DC06A0122FC
:105B6000DB1002FA0CF213FB0E13C15C0A43C254A1
:105B70005DF804FB002A1346B0F808E002F0070CB9
:105B8000B8BFD31DC06ADB1013FB0E130121C25C2A
:105B900001FA0CF122EA0102C2545DF804FB002A6A
:105BA0001346B0F808C0B8BFD31DC06A02F00702A0
:105BB000DB1013FB0C13012110F803C001FA02F2F1
:105BC00082EA0C02C2545DF804FBB0F808C0ACEBEA
:105BD000020C0A460CF1FF3109B2A1E7B0F80AC085
:105BE000ACEB010C11460CF1FF3212B298E700BF8A
:105BF00070B504680C4E2569B54209D100298E465E
:105C000005DBB0F90C508D4201DD002A04DA70BDCD
:105C1000AC46BDE870406047B0F90E509542F6DDE5
:105C2000BDE8704070E700BF553A01002DE9F04F24
:105C300085B0A3EB01091F460D46BDF938C01646D5
:105C4000BDF83C30ACEB0208B8F1000FB8BFC8F1AA
:105C50000008B9F1000FB8BFC9F10009C84540F309
:105C600081803C468E460A4635463946764667462A
:105C7000CA46A446BD420ADD521A34462946664643
:105C800082EAE27A3D46A4460F46AAEBE27A7A1B04
:105C90001FFA8AFABB4614B292B2002C00924FF659
:105CA000FF72B8BF0134B445C8BF0122641001922D
:105CB0001DE08F423BD11769324A974237D1002EFF
:105CC00005DBB0F90C20B24201DD29044DD5A4EB6F
:105CD0000A0214B292B2002C05DA01990E4400991E
:105CE0000A4436B214B201352DB2AB4527DB026847
:105CF000C84525499769DCDC8F4223D11769214AC1
:105D0000974227D1002DE2DBB0F90C20AA42DEDD5C
:105D10003204DCD4B0F90E20B242D8DD3246294636
:105D200003930290FFF7F0FEDDE90203CFE7039350
:105D30002A4602903146B847DDE90203C7E705B0BD
:105D4000BDE8F08F0393324602902946B847DDE95B
:105D50000203BCE70393324602902946B847DDE9C7
:105D60000203B4E76146C24684E7B0F90E20AA42B6
:105D7000ADDD2A46314603930290FFF7C5FEDDE90B
:105D80000203A4E7553A0100F53201002DE9F04F76
:105D900097B017468346BDF8802005919DF888107E
:105DA0000B920791026A9DF88C10BDF884900891BF
:105DB000002A00F01081117AD2E900205B1A0492C7
:105DC000DBB2DDE90721114300EBC30230F83330C9
:105DD000012992F905000393937892F90640029302
:105DE000D3781190129377D8002313931093A44B78
:105DF000DBF800C01A460C93DCF81430934240F0F4
:105E0000DB81129B002B00F0C780BBB2DDE90721CC
:105E100014932344012A08BF012915934FF000036E
:105E20000CBF012200229A460A9306920993029B14
:105E3000002B00F0A980099A0025139B1499D31810
:105E40000898DDF8288003FB00130FFA83F9159BEF
:105E500013441BB20D9309E00135029B4FEA4A0A35
:105E6000EDB25FFA8AFAAB4240F2898043465A1C8F
:105E70005B075FFA82F806D1039A0499531C11F864
:105E800002A09BB203931AF0800FE5D0069B43B3A8
:105E9000119B059ADCF8184099187A4B29449C42CA
:105EA00009B240F08280DCF81040774B9C427CD1F4
:105EB0000029D1DBBBF90C308B42CDDD0D9A002AD5
:105EC000CADBBBF90E309342C6DD0B9B5846FFF789
:105ED0001BFEDBF800C0BFE703B2109323B213939D
:105EE00085E7109B059A5C19079BDCF81C6004FB96
:105EF0000324664A1BB2BDF92070964224B25BD1DE
:105F0000DCF84060624A964256D1DCF814300C9AB4
:105F100093425BD1079B2344A34225DDCDE90E8A42
:105F2000AA4698460B9D09E001340095DCF83860DC
:105F300024B2B047444510DADBF800C055483B4670
:105F4000DCF820604A46214686425846ECD00134AF
:105F50000095B04724B24445EEDB5546DDF8388065
:105F6000DDF83CA0DBF800C0DCF82C300C9A934242
:105F70003FF472AF58469847DBF800C06CE71A460A
:105F80000A9B1344DBB20A93099B129A0133DBB2DA
:105F90009A4209933FF64BAFDCF82C300C9A9342AF
:105FA00040F0FC8017B0BDE8F08F0B9B58460D9A6F
:105FB000A047DBF800C04FE70B9A214658460097F0
:105FC00001924A46B047DBF800C045E7584698477B
:105FD000DBF800C09EE7B0F90C2005998A42E1DDAC
:105FE000B0F90E20BA42DDDD0622079812FB00123E
:105FF000002AD7DD089A07EBC202002AD2DD9BF8FF
:106000001C20012A03D0AF2B01D90133DBB21C4A7B
:10601000DBF8000011460C9242698A4240F0EF80A2
:10602000BDF8142003EB8303B8460B9F1146109272
:10603000194ACDF81090D3180A460D934B1D9BB208
:106040000E93DDE90731CDE90922012B08BF0129B3
:106050009BB20CBF012100210F93034658460391C8
:106060000D9A0824BDF924B0002512F8016BBDF982
:106070001CA00D92BDF92820029706922EE000BFC9
:106080009D2D0100F5320100553A01005D2E010001
:10609000C92D0100A12D0100F0230020039A002A40
:1060A00040D0D3F8189005EB0802584912B2894540
:1060B00079D1D3F810905649894574D1069F002FA5
:1060C00005DBB0F90C10B94201DD002A79DA013C98
:1060D0000135760814F0FF046DB233D0F207DDD439
:1060E000049A02999142F2D00399E1B1D3F8189041
:1060F00005EB0802454912B289455BD1D3F81090EF
:106100004349894556D1069F002FE0DBB0F90C10BA
:10611000B942DCDD002ADADBB0F90E109142D6DD9F
:10612000049B53E0029A01925946089A0590009206
:1061300005FB0282D3F81C90534612B2C84705985B
:106140000368C4E7099A0F9C0A992244029F01310F
:1061500092B289B209920E9A0A918A4280D18346FC
:10616000DDF8109018460B9B4B4512D0039B002B7B
:1061700033D0046A4246274BCDF800909C42BDF9CB
:1061800038104FF0080308BF846B5846A047DBF86F
:106190000000C36A0C9A93423FF404AF584617B00C
:1061A000BDE8F04F1847029B05900699C84705982F
:1061B00003688CE7049BF7E758469847DBF800C074
:1061C0001FE6B0F90E10914281DD029B3946059021
:1061D000FFF79AFC0598036879E704EB84031099AC
:1061E000CDF8049042461944089BDB0009B20093A5
:1061F000079BC4695846A047DBF80000C9E758462A
:1062000002939047DBF80000029B09E7F53201009A
:10621000553A0100A12D0100036AF0B5074685B08B
:10622000002B3AD00A292BD00D2933D01A7A91426B
:1062300030D39C7A8C422DD38A1A5C68D2B204EB9C
:10624000C204E578A278A5B19AB1C57E002D63D1CC
:10625000067E437EB0F91050B0F912203846CDE9E1
:1062600002630B462946FD8A0195BD8A0095FFF71A
:106270008DFD21793B8A3A7E01FB02333B8209E0A6
:106280004FF0000C428A417EA0F810C01B7B01FB3E
:1062900003234382012005B0F0BD0A291ED00D2939
:1062A000F8D0C27EB0F910400ABBB0F91220067EC9
:1062B000457E03950B4602962146FC8A384601949A
:1062C000BC8A0094FFF762FD3B7E3A8A012003EB13
:1062D000430302EB43033B8205B0F0BD428A417E9B
:1062E000038202EBC1034382012005B0F0BD067EAC
:1062F0000622B0F90C5012FB0642AA4208DD428A7F
:106300001C46457E038202EBC50212B24282D0E7F0
:10631000B0F91220457ECCE794F90550067E2A4458
:10632000B0F91050B0F90CC006FB0252624503DC14
:10633000437EB0F9122091E70025428A058293F846
:106340000CC0437E0CFB032212B2428286E700BFE0
:10635000002905DBB0F90CC08C4501DD002A00DA0C
:106360007047B0F90EC09445FADD10B490F81AC029
:10637000BCF1020F0DD0BCF1030F58D0BCF1010FDE
:106380004CD0012B38D0022B24D07BB15DF8044BCC
:106390007047B0F808C00CF1FF3CACEB010C418930
:1063A0008A1A0FFA8CF1013A12B2EAE7002A134670
:1063B000B0F808C0B8BFD31DC46A02F007020120BC
:1063C000DB1000FA02F213FB0C13E15C21EA02027B
:1063D000E254DBE7002A13460489B8BFD31DC06A24
:1063E00002F00702DB1013FB04130121C45C01FA65
:1063F00002F26240C254C9E7002A1346B0F808C04E
:1064000002F00704B8BFD31DC06A0122DB10A2400E
:1064100013FB0C13C15C0A43C254B7E7B0F808C0C1
:10642000ACEB020C0A460CF1FF3109B2A9E7B0F857
:106430000AC00CF1FF3CACEB010C11460FFA8CF2D8
:106440009FE700BF002930B5BDF80C4002DA0B44CD
:1064500000211BB2B0F908C05D188E46654502DD0B
:10646000ACEB01010BB2002B0FDDD11002F00702E3
:10647000C06A1CFB01EC012101FA02F28C4260446B
:10648000D2B271D0022C3AD004B130BD9BB2D2430B
:106490005D1ED2B2A9B22DB2022921D921464FEAFE
:1064A000930C041D62F307010CF1FF3C62F30F2112
:1064B0001FFA8CFC62F3174104EB8C04844662F3F0
:1064C0001F61DCF800E00EEA010E4CF804EBA44575
:1064D000F7D123F003016D1A8B4208442DB2D4D0BA
:1064E000037813400370002DCFD04378012D03EAC9
:1064F00002034370C9D083781A40827030BD9BB2CA
:106500005D1EA9B22DB202291FD90024990800F1FD
:10651000040E62F30704013962F30F2489B262F3B7
:1065200017440EEB810E014662F31F64D1F800C0E0
:106530008CEA040C41F804CB7145F7D123F0030138
:106540006D1A8B4208442DB29FD0037853400370DC
:10655000002D9AD04378012D83EA0203437094D032
:1065600083785340837030BD9BB25D1EA9B22DB2BB
:10657000022920D90024990800F1040E62F30704CF
:10658000013962F30F2489B262F317440EEB810ED6
:10659000014662F31F64D1F800C04CEA040C41F8D4
:1065A00004CB8E45F7D123F003016D1A8B420844CA
:1065B0002DB23FF46AAF037813430370002D3FF40C
:1065C00064AF4378012D43EA020343703FF45DAFAB
:1065D00083781343837030BD90F81AC0BCF1020F6A
:1065E0002DE9F041BDF8184024D0BCF1030F1CD0B8
:1065F000BCF1010F09D0002A15DBB0F90AC094459F
:1066000011DD0694BDE8F0411CE7B0F808C0ACEB22
:10661000020C0CF1FF3C0FFA8CF2002A03DBB0F9FC
:1066200008C0944513DCBDE8F081CD184189491BB1
:1066300009B2F2E7B0F80AC0CD180189ACEB020C40
:10664000491B0CF1FF3C09B20FFA8CF2D3E7002989
:1066500002DA19440BB200218E46B0F90A509E446A
:10666000AE4501DD6D1A2BB2002BDCDDC1F3C40594
:10667000C66A11F00701DBB21CFB052506EB05021B
:1066800025D0C1F1080EDFF808815FFA8EFE734550
:1066900018F80E7044D2AEEB03084FF0FF0C012C3B
:1066A0004CFA08FC07EA0C0752D0022C3CD0002C14
:1066B000B9D116F805C02CEA070C734506F805C0D9
:1066C000B0F90850AFD308392A440B44DBB2072B8A
:1066D00016D9022C41D0B4F1000C194618BF4FF066
:1066E000010CCCF1000C5FFA8CFC083982F800C078
:1066F000B0F90850C9B22A440729F6D803F00703B5
:10670000002B90D02249012C0B441B7A3BD0022C49
:1067100035D0002C87D1117821EA0303137082E76A
:10672000012C15D0022C04D116F805C087EA0C0CF8
:10673000C3E7002CBDD0083962440B44DBB2072B01
:10674000C9D8002B3FF46FAF984498F80830DEE7C3
:1067500016F805C047EA0C0CAFE71946147808395B
:10676000E443C9B214700729B0F908402244F5D8AF
:1067700013F007033FF457AF05490B441B7A117818
:106780004B4013704FE711780B4313704BE700BF7A
:10679000FC2700602DE9F04190F81AE09446BDF81E
:1067A0001840BEF1020F00F08F80BEF1030F00F021
:1067B0008680BEF1010F70D000296CDBB0F908E0D3
:1067C0008E4568DDBCF1000F04DA9C440FFA8CF3AF
:1067D0004FF0000C6246B0F90A501A44AA4202DD9A
:1067E000A5EB0C052BB2002B55DDCCF3C402C66A19
:1067F0001CF0070CDBB21EFB021106EB010224D0D9
:10680000CCF10805DFF84481EDB2AB4218F8057011
:1068100065D2A5EB03084FF0FF0E012C4EFA08FEDF
:1068200007EA0E0773D0022C5DD0A4BB16F801E076
:106830002EEA070EAB4206F801E0B0F908102AD3A1
:10684000ACF1080C0A446344DBB2072B16D9022CC6
:1068500062D0B4F1000C194618BF4FF0010CCCF116
:10686000000C5FFA8CFC083982F800C0B0F90850BF
:10687000C9B22A440729F6D803F007035BB13349AC
:10688000012C0B441B7A5CD0022C56D01CB9117819
:1068900021EA03031370BDE8F0819C440289A2EB56
:1068A0000C020FFA82FC0029F5DBB0F90A208A42BB
:1068B000F1DD0A4606946146BDE8F041C2E5428931
:1068C000521A013A11B2EEE702899C44521A013A77
:1068D00011B24289A2EB0C020FFA82FC6CE7012C88
:1068E00015D0022C04D116F801E087EA0E0EA1E7BC
:1068F000002C9BD0ACF1080C72446344DBB2072B34
:10690000A7D8002BC7D0984498F80830BCE716F8F1
:1069100001E047EA0E0E8DE7194614780839E44382
:10692000C9B214700729B0F908402244F5D813F011
:106930000703B0D005490B441B7A11784B40137004
:10694000A9E711780B431370A5E700BFFC2700608F
:106950002C4B2D4930B5D3E9B1542079C877D3F801
:10696000C02295F804C081F81CC008775AB1B2F56E
:10697000004F1ED325491144234AC3F8C012D076D4
:1069800082F81BC030BDD3F880120F24D3F8CC029C
:106990008C6540F20134CA610C614FF47C544C6147
:1069A0000324114683F8BD420368BDE830401B68EC
:1069B00018472D68E98B09041AD492B2EA8321683A
:1069C000EC8BA4B2EC82CC8B240405D5CC8BC2F327
:1069D000080204F47E442243CA83CA8B92B2CA825C
:1069E0000021094AC3F8C012D07682F81BC030BD1E
:1069F000E98BC2F3080E92B201F47E4141EA0E0126
:106A0000E983DCE7A03E012000800E400180FFFF0B
:106A10002C4B2D4930B5D3E9C5542079C877D3F82C
:106A2000102395F804C081F81CC008775AB1B2F55C
:106A3000004F1ED325491144234AC3F81013D076C2
:106A400082F81BC030BDD3F8D0120F24D3F81C033A
:106A50008C6540F20134CA610C614FF47C544C6186
:106A60000324114683F80D430368BDE830401B68DA
:106A700018472D68E98B09041AD492B2EA83216879
:106A8000EC8BA4B2EC82CC8B240405D5CC8BC2F366
:106A9000080204F47E442243CA83CA8B92B2CA829B
:106AA0000021094AC3F81013D07682F81BC030BD0C
:106AB000E98BC2F3080E92B201F47E4141EA0E0165
:106AC000E983DCE7A03E012000800E400180FFFF4B
:106AD00038B5B0F830410CB9204638BD90F82F31A8
:106AE0000546C3F18904A2420DD8144605F1A5005C
:106AF0002246184410F032FB95F82F3120462344EB
:106B000085F82F3138BD01224260EFE7504A2DE968
:106B1000F04F116883B08646056905E0DB0106D4B5
:106B200013685B1A102B09D86B699801F6D44FF4DF
:106B3000FE4301206B6103B0BDE8F08FDEF814B0B6
:106B40009EF8183043490BEB03139EF819201B7A6B
:106B50000BEB0212180192F8282001EB031351F8F5
:106B600000901520D3F80CA001EB02145B68120111
:106B7000E76818600093C9F884A0D9F804308E58EB
:106B80004AEA03033449C9F8043063681860019382
:106B9000C6F88470736831483B437360304B4C686F
:106BA0000268A3FB0232920C02EB820252004B6895
:106BB0001B1B9A42FBD84FF0090C274ADFF8A08034
:106BC000D9F808301AEA030F02D0B3681F422FD158
:106BD000C6F8887054680168A8FB0131890C01EB84
:106BE000810153681B1B9942FBD8C6F88470546816
:106BF0000168A8FB0131890C01EB810153681B1B63
:106C00009942FBD8BCF1010CDAD19EF818306046ED
:106C1000009A0BEB0313DB6813609EF81930019A9E
:106C20000BEB031BDBF82C30136003B0BDE8F08FD7
:106C30009EF81830009A0BEB0313DB6813609EF884
:106C40001930019A0BEB0313DB6A13606FE700BF87
:106C500038430120381D0020001000E010370020CC
:106C600083DE1B4310B50446006808B111F0E8F953
:106C7000204610BD10B50446C06A08B111F0E0F915
:106C8000204610BD836A70B504460D469BB390F84C
:106C9000302040F20111724E5200A3F82F1183F8F8
:106CA000A520836A1A6818461268B24240F0CE8066
:106CB000B3F83021DAB193F82F21882A2BD8511C50
:106CC0001A4483F82F11002382F8A530A06A0268C5
:106CD00003461268B24240F0BC80B0F8302132B1B5
:106CE00093F82F21882A1CD9012218465A60BDE842
:106CF00070400CF01BBF026C006D1368616A23EAE0
:106D000000031360C1B10A685566D36D13F4F81F10
:106D1000FBD0536F70BD01225A6093F82F21882A4F
:106D2000E2D8511C1A4483F82F1182F8A550A06AAA
:106D3000BDE870400CF0FABED4E90E23A06C2E061C
:106D4000116854BF814301436E0611601968E06CFD
:106D500041EA000119601968E06C21EA000119603C
:106D60001168A06C54BF81430143AE0611601968DD
:106D7000E06C41EA000119601968E06C21EA000149
:106D800019601168A06C54BF81430143EE06116085
:106D90001968E06C41EA000119601968E06C21EAA9
:106DA000000119601168A06C54BF814301432E0794
:106DB00011601968E06C41EA000119601968E06C23
:106DC00021EA000119601168A06C54BF814301439E
:106DD0006E0711601968E06C41EA000119601968DA
:106DE000E06C21EA000119601168A06C54BF814376
:106DF0000143AE0711601968E06C41EA00011960B7
:106E00001968E06C21EA000119601168A06C54BF98
:106E100081430143ED0711601968E06C41EA00010C
:106E20001960E06C196821EA000119601168A06C12
:106E30004CBF0143814311601A68E16C0A431A6038
:106E40001A68E16C22EA01021A6070BD00219047C5
:106E50003CE729469047A06ABDE870400CF066BE4A
:106E6000592B0100F8B5836A0446002B78D0826D57
:106E70000020884D1B69AA42186133D88648012238
:106E800098645A624FF4303284489862DA62986C9F
:106E9000002218654FF001101A62012298651A61EC
:106EA0005A392046C9B2FFF7EDFEA36A4BB3E26D33
:106EB000002178481B698242196100F2BB80764C40
:106EC000012076494FF430329C6458629962DA624C
:106ED0009C6C00204FF0011101221C65186299651D
:106EE0001A61F8BD6E4DAA4200F2AF806D4A9A64F5
:106EF000A2F121625862A2F60C429A626A4ADA62F0
:106F0000C5E7616C606D0B68626A03430B60002A21
:106F1000E7D0D37C002BE4D0DD0704D5906A4FF096
:106F2000E021C1F800019C0704D5D06A4FF0E021B0
:106F3000C1F80401580704D5106B4FF0E021C1F8E7
:106F40000801190704D5506B4FF0E021C1F80C017E
:106F5000DB06C6D5926B4FF0E023C3F81021F8BDD5
:106F6000436A002B5FD0D0E91925D87C002839D09E
:106F700072B6D87CC60708D54FF0E02C5F69DCF804
:106F800080613E409E62CCF88061870708D54FF053
:106F9000E02C9F69DCF884613E40DE62CCF88461BD
:106FA000460708D54FF0E02CDF69DCF888613E40E9
:106FB0001E63CCF88861070708D54FF0E02C1F6AE4
:106FC000DCF88C613E405E63CCF88C61C60608D567
:106FD0004FF0E0265F6AD6F8900138409863C6F813
:106FE000900162B69868824213D030489A608069F6
:106FF0002F4EC0F3011CC0F3826056F82C600130A4
:10700000B6FBF0FC002A2BD0624532D90022DA60B0
:1070100000E0DA681B6800201861032058621A64D7
:1070200001221D661A61626C606D136823EA000319
:10703000136035E71A4882420FD91E4C1E481A4A7F
:107040009C6459629862DA6242E71A4A9A641A4A60
:1070500058629A62144ADA6219E7124C1748EEE74E
:107060008642D4D30CF10100B0F5817F09D3144AD4
:10707000CDE7BCFBF2F0BCFBF0FC6245F4D28446E9
:10708000F0E70228C2D902384608320242EA064234
:107090000243BCE77F1A06003B372819B80B0505E9
:1070A0003F420F001C1A120C007F050000C00F4069
:1070B000B81F00200A09070460090101100E02022E
:1070C000FF7F7F0003790F2B0FD8084A937672B6A3
:1070D0000749012290F804C0B1F8203302FA0CF2FB
:1070E00023EA0203A1F8203362B6704700800E4005
:1070F000A03E012010B580308E461EF801CB1CF05A
:10710000800F04D150F8804C1C4340F8804C1CF098
:10711000400F04D150F8704C1C4340F8704C1CF0E8
:10712000200F04D150F8604C1C4340F8604C1CF018
:10713000100F04D150F8504C1C4340F8504C1CF038
:10714000080F04D150F8404C1C4340F8404C1CF050
:10715000040F04D150F8304C1C4340F8304C1CF064
:10716000020F04D150F8204C1C4340F8204C1CF076
:10717000010F04D150F8104C1C4340F8104CA2EB06
:107180000E0C80308C44BCF1000FB6DC10BD00BF8B
:107190002DE9F84F334F344B97F82823DA7797F8D7
:1071A0002C33002B51D00023304E87F82C334FF472
:1071B000A052002130460FF0D3FED7F83033D7F875
:1071C0003493D7F8302397F83813A9EB0202282A12
:1071D00028BF282202EB030BC7F830B3B1B1244C0F
:1071E0004FF0010A01EB0408D7F88C1304F12805CD
:1071F000194414F8010B15F8013B06EB80000AFA5C
:1072000003F3FFF777FFA0454944F2D1334606EB7D
:10721000C210BFF34F8F4FF0E021C1F8703F203311
:107220009842FAD8BFF34F8FBFF36F8FD7F834333C
:10723000D200D7F8A01392B2B3EB0B030E60CA8250
:1072400008D108238B83BDE8F88F0123094E87F806
:107250002C33ACE7282B94BF102312238B83BDE87B
:10726000F88F00BFA03E012000800E40803020201B
:10727000DC4101208044202010B50446006808B19C
:1072800010F0DEFE204610BD70B5057A04469DB9AB
:107290004668304610F0EAFE2378012293402272BD
:1072A00086F8A53040F20113A6F82F3160680CF083
:1072B0003DFC08B1284670BD237840F20111626898
:1072C0005B00A2F82F1182F8A53060680CF02EFC4C
:1072D000B0FA80F56D09284670BD00BF2DE9F04F6A
:1072E000466883B0624C07460193154633685B6875
:1072F000A3427AD1B6F83041002C61D1A54205D025
:107300004FF00009484603B0BDE8F08FD7F804B04D
:107310009BF82FA1BAF1000FF2D05846FFF7F6FB09
:1073200081460028ECD0534F0026D7F8008000E0BB
:107330002646B245DBF810105ED234464A69130582
:1073400037D4550500F18780900400F184803868B7
:10735000A0EB080032287ED8A24507D2C96D4907A4
:1073600004D19305CED4019B002BCBD0FBF736FB89
:10737000B245DDD2DBF810104B691E0519D45D054E
:1073800069D4980467D43A68A2EB0802322A62D81A
:10739000A24507D2CA6D520704D19B05B2D4019B06
:1073A000002BAFD0FBF71AFBDBF810104B691E0562
:1073B000E5D50B694FF0000943F440730B61A1E779
:1073C00096F82F318C46C3F18904A24211D8144695
:1073D00006F1A5006146224618440FF0BFFE96F85C
:1073E0002F31234486F82F3188E7304698470446EA
:1073F00084E701227260EBE7C86D344600F00702B3
:1074000040079BD413E09BF8A5500132022445F4B9
:107410008065042A0D661CD0824502F101020BEB47
:1074200000050ED995F8A500042A086686D001202B
:10743000002CE8D020460132013482450BEB0005D8
:10744000F0D8019B002B3FF479AF4FF400720A662D
:1074500074E7012472E70B694FF000094FF40072E2
:1074600043F4407348460B610A6603B0BDE8F08FF1
:10747000D541010038430120F0B54FF07E514FF067
:1074800080400022364C0027364B6260A16003F535
:107490008065E06003F58A6627600124696003F572
:1074A0008E6EC3F8E0430224AA6003F5906CE86096
:1074B00003F58265C3F8F04303246860AA60E960BD
:1074C00003F58465C3F8004404246860A960EA6099
:1074D00003F58665C3F8104405246A60A960E86076
:1074E00003F58865C3F820444FF480746A60A8608F
:1074F000E96003F58C65C3F8304440F20114C3F829
:10750000E423C3F8EC13C3F8E803C3F8F413C3F897
:10751000F803C3F8FC23C3F840444FF4817471604E
:10752000B060F2606960AA60E860CEF80400CCF850
:10753000040040F20510CEF80820CEF80C10CCF86C
:10754000081040F20311CCF80C204FF48272C3F8FB
:107550005044C3F88004C3F86014C3F87024F0BD2D
:1075600098560120A03E012070B50E4690F8A8164E
:1075700082B0142916D8154690F8A92604468AB177
:1075800001298AB210D9901E04F25C6E04F5CB6C0E
:1075900080B20EEB800E01E0F44505D05CF8040FDC
:1075A000A842F9D102B070BD01F5C171F7EE000A31
:1075B000201D8DED010A04EB8101ECF76DF894F8C4
:1075C00004369DED010A132B0DD8E21882F85065A0
:1075D00004EB8302013302F2B451C2F8645581ED29
:1075E000000A84F8043694F8A83603F5CB72013308
:1075F00044F8225084F8A836D4E700BF054B5A69F6
:1076000010B4511C1C6944F822005DF8044B596108
:10761000704700BFA841002090F8A936844673B196
:1076200090F8043653B14FF07E5201200CF24C53C7
:10763000CCF864158CF850059A66704770470123A2
:107640000A46B7EE000A194680F8A936FFF78CBF44
:107650002DE9F04F8F4C2DED028BA4F12C0B9FEDFB
:107660008E8A81B0A4F15C0A04F130002146FFF754
:10767000D3FFA4F15009B0EE480A5A460BF15C0062
:1076800028230A21A4F11408FFF76EFFB0EE480A80
:1076900052460AF18C0028230A21FFF765FFB0EE5D
:1076A000480A4A4609F1800028230A21FFF75CFFB7
:1076B000A4F14402B0EE480A282302F174000A2122
:1076C000FFF752FFA4F12002B0EE480A282302F18E
:1076D00050000A21FFF748FFA4F16802B0EE480A03
:1076E000282302F198000A21FFF73EFFA4F1380297
:1076F000B0EE480A282302F168000A21FFF734FFA0
:10770000A4F64C029FED650A282302F67C000A21AC
:10771000FFF72AFFA4F58A72B0EE480A282302F583
:10772000A2700A21FFF720FFA4F1C00204F68857D7
:1077300004F2DC64B0EE480A02F1F00028230A21CA
:10774000FFF712FF04F62836B0EE480A424608F169
:10775000440028230A2104F6A875FFF705FFB0EEC0
:10776000480A3A46A7F6585014230A21FFF7FCFEB0
:10777000B0EE480A3246A4F2AC6014230A21FFF7A7
:10778000F3FEB0EE480A2A46A4F2AC6014230A21A4
:10779000FFF7EAFE20464249FFF73EFFB0EE480AF7
:1077A0005A46204628230A21FFF7DEFEB0EE480A9B
:1077B0005246204628230A21FFF7D6FEB0EE480A9B
:1077C0004A46204628230A21FFF7CEFEB0EE480A9B
:1077D000A4F5E462204628230A21FFF7C5FEB0EE97
:1077E000480AA4F2FC62204628230A21FFF7BCFEC7
:1077F000B0EE480AA4F24472204628230A21FFF77B
:10780000B3FEB0EE480AA4F21472204628230A21DF
:10781000FFF7AAFEB0EE480AA4F6287220462823F5
:107820000A21FFF7A1FEB0EE480AA4F5FE62204649
:1078300028230A21FFF798FEB0EE480AA4F29C72B2
:10784000204628230A21FFF78FFEB0EE480A424661
:10785000204628230A21FFF787FEB0EE480A3A4661
:10786000204614230121FFF77FFEB0EE480A32467E
:10787000204614230121FFF777FEB0EE480A1423B7
:107880002A460121204601B0BDEC028BBDE8F04F35
:10789000FFF76ABEB44C0020000000009A99193E20
:1078A0006C4D01202DE9F04F2DED108BADF5037DD2
:1078B0009FEDFB8AFBF7C0FB9FEDFA9AFA4B4FF066
:1078C0000009DFEDFA6A9FEDFAAA03F65C12DFED1C
:1078D000F9AADFF844E402F2A461DFF840C4DFED66
:1078E000F6CAA1F540609FEDF5CADFEDF5BA9FED50
:1078F000F5FADFEDF5EA9FEDF5EA9FEDF5DAF54FE4
:10790000F54EDFF81C84DFEDF5FADFEDF5DAC3F8AC
:1079100068E0C3F870C0C3ED006A83ED048A83EDAC
:1079200001AAC3ED02FA83ED03AA83ED05AA83ED54
:1079300007AA83ED09AA83ED0BAA83ED0DAA83EDB7
:107940000FAA83ED11AA83ED13AA83ED15AA83ED87
:10795000179A83ED199A83ED1B9A83ED1D9A83ED97
:107960001F9AC3ED08AAC3ED10CA83ED12CAC3ED76
:1079700014BA83ED06FAC3ED0AEA83ED0CEAC3ED0F
:107980000EDA83ED16DA9F67C3F86080C3F8806073
:10799000C3ED40DADFEDE9DADFEDD22AC3ED28DA14
:1079A000DFEDE7DADFEDD07AC3ED2CDADFEDE7DAF1
:1079B000DFEDCE8ADFEDCE9A9FEDCEBAC3ED34FA7D
:1079C000C3ED30DADFEDDCFADFEDDCDAC3ED2A2AD5
:1079D00083ED219A83ED22BA83ED239A83ED259AD4
:1079E000C3ED269A83ED279A83ED299A83ED2B9A8E
:1079F00083ED2D9AC3ED2E7A83ED2F9AC3ED318A54
:107A0000C3ED326AC3ED338AC3ED358A83ED368A1E
:107A1000C3ED378A83ED38FAC3ED398AC3ED3AAA4C
:107A2000C3ED3B8AC3ED3CEAC3ED3D8A83ED3EEAFC
:107A3000C3ED3F8AC3ED24FAC3ED418AC3ED5EDA9C
:107A4000DFEDADDA9FEDAD0AC3ED4EDADFEDACDA76
:107A5000AC4DDFF8D0A2C3ED5CDADFEDB9DAC3F8E4
:107A600040E1C3ED602AC3F848C1C3ED42CAC3ED8B
:107A7000438A83ED44CAC3ED458AC3ED46BAC3EDDC
:107A8000478AC3F82051C3ED498A83ED4B0A83ED41
:107A90004CDA83ED4D0A83ED4F0A83ED510A83EDF5
:107AA000530AC3F8507183ED550AC3F8586183ED4A
:107AB000570A83ED58BA83ED590AC3ED5AFA83ED9C
:107AC0005B0A83ED5D0A83ED5F0A83ED610AC3F80B
:107AD00028A1C3ED62DADFED9DDADFED80FAC3EDB8
:107AE00066DADFED9CDA9FED881ADFED880AC3EDD8
:107AF0006AFAC3ED80DADFED7AFADFED90DA83ED32
:107B0000630AC3ED647A83ED650AC3ED670AC3EDCA
:107B1000686AC3ED690AC3ED6B0A83ED6C8AC3ED35
:107B20006D0A83ED6EFAC3ED6F0AC3ED70AAC3ED63
:107B3000710AC3ED72EAC3ED730A83ED74EAC3ED13
:107B4000750AC3ED76FAC3ED770AC3ED78CAC3EDC3
:107B5000790A83ED7ACAC3ED7B0AC3ED7CBAC3ED23
:107B60007D0AC3F8F851C3ED7F0AC3ED810AC3F85B
:107B700008A283ED831AC3ED96DADFED71DADFED4B
:107B80006EFAC3ED9ADADFED71DA9FED612AC3ED8B
:107B900092FAC3ED9EDADFED51FADFED6EDAC3F84B
:107BA00020E2C3ED982AC3F828C283ED84DA83ED7E
:107BB000851AC3F8188283ED871A83ED891A83ED3D
:107BC0008B1AC3F8307283ED8D1AC3F8386283EDD7
:107BD0008F1A83ED90BA83ED911A83ED931AC3ED5A
:107BE000949A83ED951A83ED971A83ED991A83ED94
:107BF0009B1AC3ED9C7A83ED9D1A83ED9F2AC3EDFA
:107C0000A06A83EDA12AC3EDA2FA83EDA32ADFEDDA
:107C100034FA83EDA48AC3EDB8DADFED50DA9FEDD4
:107C20003D3AC3EDAEFAC3EDBADADFED51FADFED5E
:107C300043DAC3F810E383EDA52A83EDA6FA83EDBA
:107C4000A72AC3EDA8AA83EDA92AC3EDAAEA83ED6A
:107C5000AB2A83EDACEA83EDAD2A83EDAF2AC3ED09
:107C6000B0CA83EDB12A83EDB2CA83EDB32AC3ED66
:107C7000B4BA83EDB52AC3F8D85283EDB72A83EDA1
:107C8000B92A83EDBB2AC3EDBCFA83EDBD3A83ED7F
:107C9000BF3A83EDC0DA83EDC13AC3F808836BE0E5
:107CA0001147C3420D71F440F07820201147AF42D4
:107CB000956528401147D7421147FF4288A30443E6
:107CC00088A309431147CD421147E1421147EB42D6
:107CD00096A10E432D43F5422D43EB421147B94285
:107CE0001147F5422D43B9422D43A54265194A413A
:107CF0002D43CD422D43E1427E9D0943431C8D41DE
:107D0000FB3ACD4288A30E43431CDD41B30CB54181
:107D100059860242228E164296A104432D43FF4209
:107D200096A1094396A1134359862A42228E3E42C8
:107D300059865242228E66422D43D7422D43C3427A
:107D40002D43AF4259867A421147B9421147A542A5
:107D50001147F54288A3134388A31D4388A3184302
:107D600088A3224396A1224388A327431147874231
:107D700096A1184396A11D4383EDC33A5FED12FA15
:107D8000C3F8F8A283EDC53AC3EDD2DA5FED14DA99
:107D9000C3EDCEFAC3EDD6DA5FED15FA5FED15DA75
:107DA0001FED1F4AC3EDDADAC3EDDEFA5FED17DA35
:107DB0005FED19FAC3EDD42AC3F818C383EDC73AAF
:107DC000C3F8207383EDC93AC3F8286383EDCB3A37
:107DD00083EDCCBA83EDCD3A83EDCF3AC3EDD09AA3
:107DE00083EDD13A83EDD33A83EDD53A83EDD73A9B
:107DF000C3EDD87A83EDD93A83EDDB4AC3EDDC6A73
:107E000083EDDD4A83EDDF4A83EDE08A83EDE14ACD
:107E100083EDE2FA83EDE34AC3EDE4AA83EDE54A9C
:107E2000C3EDE6EAC3EDEAFAC3EDF4DA5FED36FA44
:107E30005FED36DA5FED434AC3EDF6DAC3EDF8FAEB
:107E40005FED34DA5FED36FAC0F810E0C0F818C024
:107E500080ED00DAC0ED014AC0F80880C0ED034AA9
:107E6000C0ED054A83EDE74A83EDE8EA83EDE94A90
:107E700083EDEB4AC3EDECCA83EDED4A83EDEECA28
:107E800083EDEF4AC3EDF0BA83EDF14AC3F8C8536E
:107E900083EDF34A83EDF54A83EDF74A83EDF94A22
:107EA000C3EDFADAC3EDFB4AC3EDFCFAC3EDFD4ABC
:107EB000C3EDFF4A5FED5FDAC3F8F8A3C0ED074AF0
:107EC0000762A1F6DC305FED64FAC0ED09DA4030FC
:107ED0005FED65DA40ED0BFA40ED03DA1FED6C5A09
:107EE0005FED66DA5FED68FA40ED052A40ED104A75
:107EF00040F83C6C40ED0E4A00ED0DBA40ED0C4AE6
:107F000040ED0A4A40ED099A40ED084A40ED064A24
:107F100040ED044A40ED024A40ED017AC0ED004ACE
:107F2000C0ED01DA80ED025AC0ED036A80ED045A1B
:107F3000C0ED05FA80ED065A80ED078A80ED085AFB
:107F400080ED09FA80ED0A5AC0ED0BAA80ED0C5ABB
:107F5000C0ED0DEA80ED0E5A5FED83FA80ED0FEA79
:107F600040305FED84DAC0ED01FAC0ED0BDA5FED71
:107F700086FA5FED86DAC0ED0FFAC0ED0DDA80ED1E
:107F8000005A80ED025AC0ED03CA80ED045A80ED1C
:107F900005CA80ED065AC0ED07BA80ED085A456261
:107FA00080ED0A5A80ED0C5A80ED0E5A40305FED9C
:107FB00094DA5FEDA05AC0ED01DA5FED96DA5FED7D
:107FC00094FAC0ED03DA5FED95DAC0F83CE0C0ED5D
:107FD000045AC0ED05DAC0ED065AC0ED07FAC0ED4F
:107FE000085AC0ED0A5AC0ED0C5AC0ED0E5A80ED89
:107FF000005A80ED025A80ED0BDAC0F83480C0F8E8
:1080000024A040305FEDB4FA5FEDB4DAC0ED005A61
:10801000C0ED0F2AC0F804C0C0ED025AC760C0ED21
:10802000045A4661C0ED065A80ED07BAC0ED085A01
:10803000C0ED09FAC0ED0A5AC0ED0B9AC0ED0C5A1A
:10804000C0ED0DDAC0ED0E5A40305FEDC3DA1FED22
:10805000C37AC0ED01DA5FEDC4FA5FEDC4DA80EDFA
:10806000067AC0ED05DA80ED087AC0ED09FA80EDF8
:108070000A7A80ED0C7A80ED0E7AC0ED005AC0EDE0
:10808000025AC0ED037AC0ED045AC0ED076A80EDD4
:108090000B8A80ED0DFAC0ED0FAA40305FEDD4FAE7
:1080A0005FEDD4DA80ED007AC0ED01EA80ED027A6E
:1080B00080ED03EA80ED047AC0ED05FA80ED067AE2
:1080C000C0ED07CA80ED087A80ED09CA80ED0A7A12
:1080D000C0ED0BBA80ED0C7A456380ED0E7AC0EDF1
:1080E0000FDA40305FEDE4FA5FEDE4DAC0ED03FA59
:1080F0005FEDE5FAC0ED01DAC0ED05FA5FEDE7DA14
:108100005FEDE7FA1FEDE76AC0ED07FAC0ED0BDAA5
:108110005FEDE9FA5FEDE9DA80ED0A6A80ED0C6A5D
:10812000C0ED0DDA80ED0E6AC0ED0FFA80ED106A39
:1081300080ED007A80ED027A80ED047A80ED067A97
:1081400080ED087A4430F74BC0F800A040F8203C9E
:10815000DFEDF5DA80ED016AC0F818E0C0F820C064
:1081600080ED02DA80ED036AC0F8108080ED056AC8
:1081700080ED076A80ED096A876280ED0B6A06630D
:1081800080ED0D6A80ED0EBA3C30C0ED05DADFED12
:10819000F4DADFEDE63AC0ED09DADFEDEFFADFED14
:1081A000E4DAC0ED0E3AC0ED072AC0ED01FAC0EDE9
:1081B0000DDA80ED006A80ED026AC0ED039A80ED71
:1081C000046A80ED066A80ED086A80ED0A6AC0EDF7
:1081D0000B7A80ED0C6AC0ED0F6A4030DFEDD5FA06
:1081E000C0ED003AC0ED01FADFEDDFFAC0ED023A72
:1081F000DFEDDCDA80ED038AC0ED043AC0ED063A2B
:10820000C0ED083AC0ED0A3AC0ED0C3AC0ED0E3AA6
:1082100080ED05FAC0ED07AAC0ED09EA80ED0BEA92
:10822000C0ED0DFAC0ED0FCA4030DFEDC3FAC0ED6E
:1082300007DADFEDCEDAC0ED0DFAC0ED09DADFEDD9
:10824000BFFADFEDCBDAC0ED003AC0ED023AC0ED87
:10825000043AC0ED063AC0ED083AC0ED0A3AC0ED66
:108260000C3AC0ED0E3AC0ED0BDAC0ED0FFA80ED1E
:1082700001CAC0ED03BA45614030DFEDB1DADFED90
:10828000B11AC0ED03DAB04BDFEDB1DAC0ED021A7E
:10829000C0ED003A4360DFEDB7FAC0ED041AC0ED5F
:1082A00005DADFEDACDAC0ED061AC0ED081AC0ED54
:1082B0000A1AC0ED0C1AC0ED0E1AC0ED07DAC0EDB7
:1082C00009FA80ED0DDAC0F83C80C0F82CA04030EF
:1082D000DFEDA1FADFED94DAC0ED001AC0F804E09A
:1082E000C0ED021AC0ED041AC0ED061AC0ED081A5E
:1082F000C0ED0A1AC0ED0C1AC0ED0E1AC0F80CC081
:10830000C0ED0BFAC0ED0FDA4761C66180ED09BA26
:10831000C0ED0D9A4030DFED92DADFED86FAC0ED68
:1083200003DADFED83DAC0ED001AC0ED012AC0EDFB
:10833000021AC0ED041AC0ED057AC0ED061AC0EDB0
:1083400007DAC0ED087AC0ED096AC0ED0A7AC0ED1F
:108350000BFAC0ED0C7A80ED0D8AC0ED0E7A80ED3F
:108360000FFA4030DFED80FAC0ED007AC0ED07FA79
:10837000C0ED01AAC0ED027AC0ED03EAC0ED047AB7
:1083800080ED05EAC0ED067AC0ED087AC0ED09CAB5
:10839000C0ED0A7A80ED0BCAC0ED0C7AC0ED0DBAC3
:1083A000C0ED0E7AC5634030DFED6EFAC0ED007AA5
:1083B000C0ED01FADFED6DFAC0ED027AC0ED03FA0F
:1083C000DFED6BFAC0ED047AC0ED05FADFED5CFA83
:1083D000C0ED067AC0ED0DFADFED57FAC0ED087A70
:1083E000C0ED07FADFED55FAC0ED0A7AC0ED09FAE3
:1083F000DFED57FAC0ED0C7AC0ED0E6AC0ED0FFA52
:10840000C0ED106A4430DFED53FAC0F828E0C0ED4B
:1084100000FADFED58FAC0F830C0C0ED02FAC0ED46
:10842000016AC0ED036AC0ED056A80ED06DAC0EDB1
:10843000076AC0F82080C0ED096AC0ED0B6AC0ED84
:108440000D6A8763C0ED0F6AC0F810A04030DFED01
:1084500042FA3E4BC0ED04FA40F8583C1346066021
:10846000C0ED016A80ED02BAC0ED036AC0ED056A95
:10847000C0ED069AC0ED10DADFED2BDADFED2DFA54
:10848000C0ED08DADFED36DAC0ED0A2AC0ED076A82
:10849000C0ED14FAC0ED096AC0ED0B6AC0ED0CDA4C
:1084A0003430DFED31DAC0ED042AC0ED062AC0ED2C
:1084B000082AC0ED0A2AC0ED0C2AC0ED0E2AC0ED34
:1084C000102AC0ED006AC0ED017AC0ED026AC0ED6D
:1084D000056A80ED098A80ED0BFAC0ED0DAAC0EDAA
:1084E0000FEA80ED11EA4830C0ED01DADFED12DA73
:1084F000C0ED002AC0ED022AC0ED042AC0ED062A14
:10850000C0ED03CA80ED05CAC0ED07BAC0ED082A68
:10851000C2ED03DADFED09DADFED12FAC2ED05DABA
:108520002EE000BF7E9D27432D43C3422D43914241
:108530001147A5421147B94288A3224388A3274384
:1085400096A1274311479B4296A12C4388A32C4315
:1085500096A1224396A11D432D43D7422D43C342EA
:108560002D43AF4288A313431147F54288A3184314
:1085700088A31D4396A11843431CD54159866242E6
:108580005FED0DDAE3EC012AC2ED07DA5FED0FDAF9
:10859000C0ED0BFAC2ED09DA5FED0BDA5FED0DFA13
:1085A000C3ED00DA00F587635FED0EDAC0ED0DFA7A
:1085B000C2ED0BDA5FED18FA5FED18DAC0ED0A2AAA
:1085C000C0ED0C2AC2ED022AC2ED042AC2ED062A31
:1085D000C2F84CE0C2F854C0456282ED088A82EDD0
:1085E0000A8A82ED0C8A82ED0E8A82ED0FDA82ED24
:1085F000108AC2F8448082ED128A82ED148A82EDDC
:10860000168AD76582ED188A566682ED1A8AC2F8F4
:1086100034A082ED1BBAC2ED1DFAC2ED21DA82ED63
:108620002FEA5FED31FA1FED31EA5FED31DAC2ED8D
:10863000232AC2ED25FA82ED29FAC2ED2DEAC2ED18
:1086400031DA82ED1C8A82ED1E8AC2ED1F9A82ED1C
:10865000208A82ED228A82ED248A82ED268A82EDAA
:10866000278AC2ED289AC2ED2A9AC2ED2BAAC2ED42
:108670002C9AC2ED2E9AC2ED309AC2ED329AC2ED1A
:1086800033CAC2ED349A82ED35CAC2ED369AC2EDD4
:1086900037BAC2ED389AC2F8E450C2ED3A9A82ED88
:1086A0003BEA5FED4EFAC2ED3C9A1FED4F8A82ED38
:1086B0005BEA5FED50DA1FED50EAC2F824E1C2F840
:1086C0002CC1C2ED3DFA82ED3F8AC2ED41DA82ED66
:1086D00045DAC2F81C814FF00108C2F83471C2F8C3
:1086E0003C61C2ED53CA82ED55CAC2ED57BAC2F819
:1086F0006451C2ED3E9AC2ED409AC2ED42AAC2ED6B
:1087000044AAC2ED46AAC2ED48AAC2ED4AAAC2EDE9
:108710004CAAC2ED4EAAC2ED50AAC2ED52AA82EDF9
:1087200051BA82ED54BA82ED56BA82ED58BA82ED52
:108730005ABA82ED5CBAC2F80CA182ED5DEA82ED14
:108740005EAA82ED60AA82ED62AA82ED64AA82ED41
:1087500066AA82ED68AA82ED6AAA82ED6CAA82ED11
:108760006EAA82ED70AA1FED7BAAFD4C82ED79AA5C
:108770009FEDFCAADFEDFCEA82ED7BAA9FEDFBAA50
:108780009FEDFBFADFEDFBFA9FEDFB8ADFEDFB9A35
:10879000DFEDFBAA9FEDFBBADFEDFBBA9FEDFBCA55
:1087A000DFEDFBCA9FEDFBDADFEDFBDA82ED7DAAA0
:1087B0009FEDFAAAC2ED5FEA82ED61FAC2ED63FABB
:1087C00082ED658AC2ED679AC2ED69AA82ED6BBA45
:1087D000C2ED6DBAC2F8BC4182ED71CA82ED729AE7
:1087E000C2ED73CA82ED749A82ED75DA82ED769AE3
:1087F000C2ED77DA82ED789A82ED7A9A82ED7C9AF0
:1088000082ED7E9A82ED7FAA9FEDE9AA82ED809AA1
:1088100082ED81AA9FEDE7AA82ED829A82ED83AA7A
:1088200082ED849A82ED869A82ED889A9FEDE2AA83
:108830009FEDE39A82ED85AAB0EE4BAA82ED879A6E
:1088400082ED99BA9FEDE19A9FEDE2BA82ED899AA5
:10885000B0EE699AC2ED8A8A82ED8BEAC2ED8C8A0B
:10886000C2ED8DEAC2ED8E8A82ED8FFAC2ED908A5A
:10887000C2ED91FAC2ED928A82ED938AC2ED948A9A
:10888000C2ED959AF0EE6A9AC2ED968AC2ED97AA69
:10889000F0EE6BAAC2ED988AC2ED9A8AC2ED9BBA3D
:1088A000F0EE6CBAC2ED9C8AC2F87442C2ED9E8AA8
:1088B00082ED9FBAB0EE4CBAC2EDA08A82EDA1CA99
:1088C000B0EE4DCA82EDA20A82EDA40A82EDA5DACD
:1088D00082EDA60A82EDA80A82EDAA0A82EDAC0A10
:1088E00082EDAE0A82EDB00A82EDB20A82EDB40AE0
:1088F00082EDB60A82EDB80A82EDBA0ADFEDA88AE7
:108900009FED98DA9FEDAD0AC2EDA3CAF0EE6DCAF5
:10891000C2EDA7DAC2EDA98A82EDABDA82EDB90A1F
:10892000DFED92DADFED9D8A9FEDA1DA9FEDA50ADA
:10893000C2EDADDAC2EDAF8A82EDB1DA82EDBB0AEB
:10894000DFED9CDADFED9C8A9FED9DDA9FED9F0ABB
:10895000C2EDB3DAF0EE6EDAC2EDB58AF0EE4A8A15
:1089600082EDB7DAB0EE4EDAC2EDBC0A82EDBD0A96
:10897000B0EE480AC2EDBE0A82EDBFEAB0EE4FEAA1
:10898000C2EDC00AC2EDC1EAF0EE6FEAC2EDC20A62
:1089900082EDC3FAC2EDC40A9FED81FAC2EDC5FAB9
:1089A000C2EDC60ADFED6FFAC2EDC80AC2EDCA0A0F
:1089B000C2EDCC0A82EDCDAAC2EDCE0AC2EDD00A3C
:1089C000C2EDD20AC2EDD40A9FED82AADFED670A9A
:1089D00082EDC78AB0EE698A82EDC99AC2EDCB9A60
:1089E000F0EE6A9AC2EDCFAAF0EE6BAAC2F8444349
:1089F00082EDD3AAB0EE4BAA82EDD5BAB0EE4CBA56
:108A000082EDD61AC2EDD7BAF0EE6CBA82EDD81A62
:108A100082EDD9CA82EDDA1AC2EDDBCA82EDDC1A28
:108A200082EDDDFA82EDDE1AC2EDDFFA82EDE01AA8
:108A3000C2EDE10AF0EE490A83ED019A82EDE21AF5
:108A400082EDE41A82EDE61A82EDE81A82EDEA1A66
:108A500082EDEC1A82EDEE1A82EDF01A9FED4F9A3C
:108A60009FED521A82EDE39A82EDEF1A9FED50CA04
:108A7000DFED50CA9FED509A9FED521A82EDE5CA84
:108A8000C2EDE7CA82EDE99A82EDF31A9FED4CCA76
:108A9000DFED4ACA9FED4C9A9FED4C1A83ED002AF8
:108AA00082EDEBCAB0EE4DCAC2EDEDCAF0EE6DCA72
:108AB00082EDF19AB0EE4A9A82EDF22A82EDF42A22
:108AC00082EDF51AB0EE401A82EDF62A82EDF7DA61
:108AD000B0EE4EDA82EDF82AC2EDF9DAF0EE6EDA97
:108AE00082EDFA2A82EDFBEAB0EE4FEA82EDFC2A33
:108AF000C2EDFDEAF0EE6FEA82EDFE2A82EDFF0A9A
:108B0000B0EE480A83ED022A83ED038AB0EE688A4C
:108B100083ED042AC3ED058AF0EE698A83ED062A07
:108B2000C3ED079A83ED082A00F25C43DFED299A32
:108B300014201C60403303ED0F2A03ED0D2A43ED92
:108B40000E9AF0EE6A9A03ED0CAAB0EE4BAA43ED32
:108B50000AAAF0EE6BAA03ED08BA43ED06BA3DE0AF
:108B600011478F4259864E42431CFD4159863A4275
:108B7000228E1242228E2642228E3A42228E4E426D
:108B8000228E6242228E7642114785422D439942BF
:108B90002D438F422D43854259867642598626427F
:108BA0005986624259863A425986264265193A41A7
:108BB00059861242B30CFD41B30CD541B30C85412B
:108BC000B30CAD41431C854186383A41431CAD414D
:108BD000CA32D440114799420D71D4401FED0C2A7E
:108BE0001FED0CBA5FED0CBA03ED0B3A03ED093A39
:108BF00003ED073A03ED053A03ED04FA03ED033AFA
:108C000043ED02FA03ED013A1FED1AFA83ED042A4F
:108C100083ED06BAC3ED08BA5FED1DFA1FED182A01
:108C20001FED1ABA5FED1FBA83ED00FA83ED013A2A
:108C3000C3ED02FA83ED033A83ED053A83ED073A7B
:108C400083ED093A83ED0A2A83ED0B3A83ED0CBAE2
:108C500083ED0D3AC3ED0EBAF0EE6CBA83ED0F3A28
:108C6000443383ED003A1FED283A1FED272A83EDA8
:108C7000033A1FED2C3A1FED28BA83ED053A1FED9C
:108C80002D3A03ED012AB0EE402A83ED01BAB0EE91
:108C90004CBA83ED073AB0EE413A83ED024A83EDD8
:108CA000044A83ED064A83ED084A83ED09CAB0EE13
:108CB0004DCA83ED0A4AC3ED0BCAF0EE6DCA83EDCF
:108CC0000C4A83ED0DDAB0EE6FDA83ED0E4A3C33D9
:108CD000C3ED040AC3ED00DA83ED014A83ED021A05
:108CE000B0EE481A83ED034A83ED054A83ED060A88
:108CF000B0EE680A83ED074A83ED088A83ED094ADE
:108D0000C3ED0A8A83ED0B4A83ED0D4A83ED0F4ACA
:108D10001FED504A1C6383ED0E4A40331FED5D8A00
:108D2000B0EE494A83ED009AB0EE6A9AC3ED014A6B
:108D3000C3ED029AF0EE4E9AC3ED034A83ED04AA06
:108D4000B0EE6EAAC3ED054AC3ED06AAF0EE4FAA37
:108D5000C3ED074A83ED08EAC3ED094AC3ED0AEA09
:108D6000C3ED0B4A83ED0CFAC3ED0D4AC3ED0EFAC9
:108D7000C3ED0F4A40335FED72DA83ED0A8A1FEDCF
:108D800073EA5FED73EA1FED72FA5FED74FA1FED9F
:108D9000708A5FED6F8AC3ED014AC3ED034AC3EDEC
:108DA000054AC3ED074AC3ED094AC3ED0B4AC3EDBB
:108DB00000DA83ED02EAC3ED04EA83ED06FAC3EDBF
:108DC00008FA83ED0C8AC3ED0D4AC3ED0E8A83EDDC
:108DD0000F5A40335FED854A1FED858AC3ED024A85
:108DE0005FED864A83ED0E3AC3ED044A83ED008AB7
:108DF00083ED015A83ED035A83ED055A83ED075A3B
:108E000083ED095A83ED0B5A83ED0D5A83ED0F5A0A
:108E100083ED06BAC3ED08BA83ED0ACAC3ED0CCAE6
:108E200040335FED958A83ED015A83ED035A83ED5C
:108E3000055A83ED075A83ED095A83ED0B5A1FED4E
:108E40009B5AC3ED000A83ED0A5A83ED022A83ED93
:108E5000041A83ED060A83ED0C4A1C62C3ED0D5A19
:108E6000C3ED288A5FEDA48ADFF820B4C3ED2A8A17
:108E7000B033DFEDF88A83ED008A9FEDF78A43ED8A
:108E80001D5A43ED1B5A43ED195A43ED189A43ED11
:108E9000175A43ED155A43ED135A43ED115A03ED9A
:108EA0001E8A43ED1C8A03ED1A9A03ED16AA43EDC0
:108EB00014AA03ED12DA43ED10DA3C3BDFEDE79A3A
:108EC000C3ED005AC3ED025AC3ED045AC3ED065A6E
:108ED000C3ED085AC3ED0A5AC3ED0C5ADFEDE05A50
:108EE000C3ED099A83ED0E7A83ED107A83ED01EAE2
:108EF000C3ED03EA83ED05FAC3ED07FAC3ED115A9A
:108F0000C1ED004A81ED0A3AC1ED0C0A81ED0E2A4D
:108F100081ED101A81ED120A81ED165A81ED184A81
:108F200083ED127A0C65CF4B81ED017A81ED02BAA7
:108F300081ED037AC1ED04BA81ED057A81ED06CAAF
:108F400081ED077AC1ED08CA81ED097A81ED0B7ACE
:108F500081ED0D7A81ED0F7A81ED117A81ED137A31
:108F600081ED157A81ED177A81ED196A81ED1A8A02
:108F700081ED1B6AC1ED1C8A81ED1D6A81ED1E9A8F
:108F800081ED1F6AC1ED329ADFEDB79AC1ED344A27
:108F9000C1ED353AC1ED373AC1ED393AC1ED3B3A51
:108FA000C1ED3D3A81ED3E3AC1ED3F3AAF4AB04E98
:108FB00081ED2AEAC1ED2CEAA6F57D5781ED2EFA66
:108FC000C1ED30FA81ED36BAC1ED38BA81ED3ACA59
:108FD000C1ED3CCAC1ED209A81ED216A81ED22AA42
:108FE00081ED236AC1ED24AA81ED256A81ED26DA9F
:108FF00081ED276AC1ED28DA81ED296A81ED2B6ABE
:1090000081ED2D6A81ED2F6A81ED316A81ED336A40
:10901000C1ED400A81ED5E3AC1ED600AC1ED413A11
:1090200081ED422AC1ED433A81ED441AC1ED453A42
:1090300081ED460AC1ED473AC1ED493AC1ED4B3ADF
:1090400081ED4A5A81ED4C4AC1ED4D1AC1ED4F1ADE
:10905000C1ED511AC1ED531AC1ED551AC1ED571AA0
:10906000C1ED591AC1ED5B1AC1ED5D1AC1F820417D
:10907000C1ED549A81ED56AAC1ED58AA81ED5ADA94
:10908000C1ED5CDA81ED4E8AC1ED508A81ED529AD4
:10909000C1ED5F7AC1ED617ACBF80830052381ED2F
:1090A000622A81ED641A81ED660A81ED6A5A81EDCA
:1090B0006C4AC1ED752AC1F8A041C1F8D041002425
:1090C00081ED6E8AC1ED708A81ED729AC1ED637A8D
:1090D000C1ED657AC1ED677AC1ED697AC1ED6B7A50
:1090E000C1ED6D6AC1ED6F6AC1ED716AC1ED736A60
:1090F000CBF80C30CBF814908BF81C905D4DCBE97D
:1091000000260EF095FF5C4B8BF8EC900226CBF816
:109110002030CBF81000CBF8F890CBF8FC40CBF81F
:109120000041CBF80441CBF80841CBE93C99F9F771
:1091300059FFCBF8F000F9F755FFCBF8F400F9F739
:1091400051FFCBF8F800A7F580704C4B4C4ACBF898
:109150008001CBF84001A7F1DC004A49A0F1180CCE
:10916000CBF80030484BCBF844C1A0F10C0CCBF845
:109170001021CBF848C105F1280CCBF81821CBF809
:1091800094C1CBF81C21CBF80C11CBF82811CBF8EB
:109190003C51CBF81431CBF82031CBF82C31CBF843
:1091A0008401CBF82441CBF83091CBF85841CBF86F
:1091B0005C41CBF86041CBF86441CBF86841CBF817
:1091C0006C41CBF87041CBF87441CBF878418BF807
:1091D0007C918BF89091CBE94D86CBF8B041CBF8E0
:1091E000E031CBF8EC31CBF8F83100F1A803CBF843
:1091F000FC01CBF8983100F1B403CBF8D811384614
:10920000CBF89C310C33CBF8F4117EA9CBF8A0310C
:1092100048F28003CBF8DC21ADF8F8318023CBF89D
:10922000E421CBF8E8218DF8FA31CBF8B441CBF842
:10923000B841CBF8BC41CBF8C041CBF8C441CBF826
:10924000C841CBF8CC41CBF8D0418BF8D4918BF806
:1092500008921DE02D4385422D438F4265193A4106
:10926000431C854138C3002059866242802000207B
:10927000F482002050290020CDCC4C3DD01F00208E
:109280000000FAC40000FA4400009644A8410020FF
:10929000CBF8F0410BF044FF07F10C000BF0D8FEC7
:1092A000A7F1D001E74A4FF07C53CBF87812A7F131
:1092B0007801CBF89C224FF07A52CBF87C12E2492D
:1092C000CBF8C8224FF07F52CBF89012DF49CBF891
:1092D000DC32CBF89412DE49CBF8EC32CBF89812A2
:1092E000DC49CBF8CC22CBF8A012DB49DB4ACBF827
:1092F000A4120A218BF884828BF8BE1205F14C016E
:10930000CBF88072CBF8C012D549CBF88842CBF8A5
:10931000D012D449CBF88C42CBF8E012D249ABF84A
:10932000A892CBF8F0124FF08041CBF8AC42CBF8CA
:10933000B042CBF8B442CBF8B842ABF8BC928BF851
:10934000C4628BF8D462CBF8D8428BF8E462CBF8D5
:10935000E8428BF8F462CBF8FC324BF25303CBF8C3
:109360000423ABF808334FF07E53CBF82C13BBF833
:10937000071397F8FD00ABF81313BC49ABF81023A3
:10938000CBF8001305F16801B94ACBF80C1307F1CB
:10939000F801CBF84433CBF818134EF6A041CBF8C4
:1093A00048338BF8121305F17C01CBF84C33CBF822
:1093B0003C13B049CBF86433CBF85013AE49CBF82B
:1093C0006833CBF85413AD4987F8090107F5F470F9
:1093D000CBF85813AA49ABF83493CBF85C1305F1DA
:1093E0008801CBF8F842CBF81C43CBF82043CBF8EC
:1093F0002443CBF82843CBF83043CBF83843CBF8A1
:109400006043CBF86C43CBF87433CBF87C33CBF8A8
:109410009433CBF89C33CBF8A833CBF8AC33CBF8F0
:10942000C833CBF8CC33CBF8D833CBF8E033CBF818
:109430007023CBF88023CBF88823CBF88C23CBF890
:10944000A023CBF8B423CBF8B823CBF8C023CBF8B8
:10945000D423CBF8E423CBF8EC23CBF87843CBF838
:109460008443CBF89043CBF89843CBF8A443CBF894
:10947000B043CBF8BC43CBF8C443CBF8D043CBF8D4
:10948000DC43CBF8E843CBF8F0234FF480720DF0C7
:1094900065FE05F188014FF4807207F53A700DF012
:1094A0005DFE4FF4C87507F58073CBF840330DF0BF
:1094B00035FE04460DF032FE5BFA80F05BFA84F371
:1094C000013D90F8F41493F8F42483F8F41480F830
:1094D000F424ECD16B496C4801F500756B4CA0EBA2
:1094E0000B0043185BFA83F393F8F424A4FB0263A4
:1094F00001F8012F8D424FEAD30303EB4303A2EBA4
:10950000830281F80022ECD1614E4FF00008614ADD
:109510004FF6007A604B1220F26406F20C675F4A45
:10952000336132655E4A5F4BCBF8F82902227361E2
:109530005D4B9FED5E8A8BF8FC295D4ADFF88891D0
:109540005C4DCBF8203A0623F26086ED008A86ED6A
:109550000F8A86ED108A86ED118A86ED128A8BF8C5
:109560002C3ACBF8145ACBF8185AABF81CAACBF803
:109570000C9ACBF8109A0EF05BFD0446CBF8240A47
:10958000C0F80C80A0F81080DFED4B9A9FED4B9A4D
:10959000DFED4B8AC0E9018812200EF049FD494BEE
:1095A000ABF860AA06F1180ACBF8280A03F13002DA
:1095B000A446864607F6982107F69C2007F6A424C1
:1095C000CBF84C3A06F56A63CDF810A00592B0EEE0
:1095D000000A0191029006940393049CCBF8585A18
:1095E000CBF85C5A41F69425CBF8509ACBF8549AB4
:1095F0005D44BAE80F00ACE80F000FCCDAF800A029
:109600004FF0FF04AEE80F0006F15C0106F17000B8
:10961000ACF800A0AEF800A00BF044FC0DF5FC7C0B
:1096200006F1B00086ED2B8A4FF6007A6146ADF860
:10963000F8418DF8FA810BF073FD0DF5FC7C4AF2D0
:10964000FF5343E00000A04000003D430000BA4249
:109650000000564300808B430000C8420E21A0EC5E
:1096600033338B4014AE47403D0AF73F85EB9140C2
:10967000000080BFAE67BB3E8C65583EABAAAA3ED9
:10968000ABAA2A3E9B4700200DFAFFFFABAAAAAA6D
:109690009C4B0020000040406666663F0000E040B2
:1096A000902000206666D6406C200020000000005C
:1096B000CDCC4C3F0000FFFF0000C842CDCCCC3EDB
:1096C00000000C42E02A0020FF0000FF06F1BC0071
:1096D0008DF8FA816146ADF8F8310BF021FD0DF5FA
:1096E000FC7E4FF0FF3C06F1C8007146ADF8F8C1B2
:1096F0008DF8FAC10BF014FD0DF5FC7E06F1D400D7
:10970000ADF8F8A171468DF8FA810BF009FD4FF024
:10971000FF3C06F1E000ADF8F8818DF8FAC10DF5D7
:10972000FC7C61460BF0FCFC4FF0FF3C06F1EC00CA
:109730008DF8FA81ADF8F8C10DF5FC7C61460BF0AF
:10974000EFFC4FF0FF3C06F1F800ADF8F8418DF862
:10975000FAC10DF5FC7C61460BF0E2FC0DF5FC7CDA
:1097600006F58270ADF8F88161468DF8FA810BF04C
:10977000D7FCDD4BABF8088B4FF0000CCBF80C3B63
:1097800003F5A273CBF8049B06F5A6701C46CBF834
:109790003C3BBBF8073B86ED4A8AABF8133B96F897
:1097A000153186ED4B8A86F82131D04B86ED4C8AF7
:1097B000C6F8383106F5887386ED4D8A86ED4F8AF6
:1097C00086ED518A8BF812CBCBF8183BABF8348B73
:1097D000ABF8109B0BF08AFB06F5FF60059EC7F8FF
:1097E000E841C7F8886087F84081A7F8E4810BF06A
:1097F0007DFBBF4B0199B7EE000AC7F8C43CC7F820
:10980000C83CBC4B069C7A93BB4B0298C7F8943873
:1098100007F6A823C7F834670BF5D55683ED008A01
:1098200007F6AC2381ED008A07F6BC4183ED008A80
:10983000802380ED008A01F1140084ED008AC7F8CE
:10984000B83CA7F8CCAC87F8EC87A7F8908886EDF1
:10985000008AC7F8BC9CC7F8C09CCDED7B9A0BF082
:1098600021FB4FF08043769376AB1A467AAB1946CC
:109870007EAB18460AF0C6FF07F54D630199C7F89D
:109880000C3D7E9B02980B607F9BC6ED009A0360A7
:109890009A4B23604FF48073039CA7F8B93C0123D3
:1098A00087F8BB3C48200EF0C3FB002344F8040FAC
:1098B000A54280F82C300364914B80ED009A80ED36
:1098C0000C8A80ED0D8AC0ED0F8A80ED118A8363CA
:1098D000E8D18C4C07F614788B4B07F61C7A8B4931
:1098E00004F50C797A9307F618767B93234648465D
:1098F000B7EE000AE03384ED008A88ED008A41F675
:1099000010751A46824B8AED008A5D4486ED008A06
:109910000192C2E951337F4BC7F8103D07F624731B
:1099200083ED008A07F6287383ED008A07F62C730F
:1099300083ED008A6E4BC2E94E134FF47F0304F2AD
:109940001B21A4F50474C2F84031FF2382F84C3186
:109950000BF0A8FA4FF080437AA97EA8769376ABF5
:109960001A460AF04FFF7E9B019AC8F800304FF06C
:1099700000087F9B8AED008AC2F88C91336040F228
:109980000113DFF8B0A1DFF8B09184ED848AA2F86A
:109990003931482000260EF04BFB594B44F8040F98
:1099A000A542C0F800A0C0F83080C0F83480C0F8EC
:1099B0003C90C0F84480836380F82C600664E8D152
:1099C000019D0423544CB7EE000AC5F8C0334FF094
:1099D0008049C5F87834A4F11401504B2046C5F8ED
:1099E00094834FF07E5AC5F83035C5F83435404B76
:1099F000C5F89883C5F83835C5F83C353D4BC5F8F2
:109A00009C837A93464BC5F8A0837B93454BC5F85E
:109A1000A483C5F89031444BC5F8A883C5F8AC338E
:109A20008023C5F8B88385F8BC3305F2644385F814
:109A30007464C3F8008005F58D63C3F8008005F2F7
:109A40006C43C3F8008005F58E63C3F8008005F20F
:109A50001C53C3F8008005F5A463C3F8008005F229
:109A60002453C3F8008005F5A563C3F800804FF4C4
:109A70008073A5F82C354FF47F43A5F840350BF0E3
:109A800011FA76AA7AA97EA8CDF8D8910AF0BAFE82
:109A90007E9B2946254A04F14800C5F894337F9BF4
:109AA000C5F89C83C5F898330123C5F8A083C1F895
:109AB000903501F29C53C5F88045C3F8008001F54C
:109AC000B463C4F87C80C3F8008001F2A453184D3D
:109AD000C3F8008001F5B563C3F8008001F2AC5310
:109AE000C3F800802EE000BFB82900200000AF437B
:109AF0000000FFFF000048431820002000004842FB
:109B000000007041C860002000002043800000FF7A
:109B100000FFFF0004200020EC660020FF0000FF93
:109B20000000C842F01F002000002042FFFF7F7F9E
:109B3000242B0020CDCCCC3E00000C429A99A940A9
:109B400000C0284501F5B663C3F8008001F2B453A4
:109B5000C3F8008001F5B763C3F8008001F2BC537D
:109B6000C3F8008001F2C453C3F8008001F5B96363
:109B7000C3F8008001F2CC53C3F8008001F5BA634A
:109B8000C3F8008001F2D453C3F8008001F5BB6331
:109B9000C3F8008001F2DC53C3F8008001F5BC6318
:109BA000C3F8008001F2E453C3F8008001F5BD63FF
:109BB000C3F8008001F2EC53C3F8008001F5BE63E6
:109BC000C3F800A001F2F4531A6001F5BF634FF42B
:109BD00000021A604FF48033C1F8FC3501F20463CF
:109BE000C1F88C550C35C3F8008001F5C163C4F889
:109BF000BC80C3F800800191E9F7EAFEDBF8883207
:109C00007AA876AACDF8F8A17A930146DBF88C32CF
:109C100004F1C800CDF8FC817B93DBF89032CDF8DD
:109C200000827693DBF89432CDF8048277937EAB92
:109C30000BF02AFADBF898327AA876AA7A93DBF846
:109C40009C32014604F58A70CDF8F8A17B93DBF8CD
:109C5000A032CDF8FC817693DBF8A432CDF80082F7
:109C600077937EABCDF804820BF00EFA7AA87EAB28
:109C700076AACDF8F8A1014604F5B070CDF8E881D8
:109C8000CDF8EC81CDF8D881CDF8DC81CDF8FC8120
:109C9000CDF80082CDF804820BF0F6F9019AF8EEC7
:109CA000007A5FED5A6A022302F2F4611FED5C6AEA
:109CB000DFF850A4B6EE007AC1ED007A02F5DF615C
:109CC000DFF844E443F60C00C1F8009002F2FC61B6
:109CD000DFF838C45844C1ED006A02F2047182F81A
:109CE000F036C1ED007A02F5E161DFEDDE7AC1F810
:109CF000009002F20C7182F800370823C1ED007A5F
:109D00000F21DFEDD97A82F8101702F21471C1ED3C
:109D1000007A02F5E361DFEDD57AC1ED007A02F257
:109D20001C71DFEDD37AC1ED007A02F5E461DFED5D
:109D3000D17A81ED006A02F22471C1ED007A02F558
:109D4000E56181ED006A02F22C71C1F800A002F514
:109D5000E661C1F800A002F23471C1F800E002F53A
:109D6000E761C1F800E002F23C71DFF8A4E3C1F85A
:109D700000E0C149C4F8FC1102F24471C1F800C00E
:109D800002F5E961C1F800C004F5E871C2F84C17AA
:109D900004F5EC71C2F8501704F5F071C2F85417CD
:109DA00004F5F471C2F8581704F5F871C2F85C179D
:109DB00004F5FC71C2F8601704F50071C2F864176D
:109DC00002F5ED61C1F8008002F26C71C1F800800B
:109DD00002F5EE6182F8A037A4F83C3B02F27473FE
:109DE000C4F8405B04F50F75C3F8008002F5EF631B
:109DF000C1F8008004F6BC21C3F8008002F27C7335
:109E0000C2F89C57C3F8008004F5097382F8D86D36
:109E1000C2F8843704F50A73C1F86880C2F888373D
:109E200004F50B73C1F86C80C2F88C3704F50C7321
:109E3000C1F87080C2F8903704F50D73C1F87480D2
:109E4000C2F8943704F50E73C5F800800D46C2F8C9
:109E50009837114602F2A47204F64833C2F8009013
:109E600001F5F56282ED007A01F6AC52834911608A
:109E7000834A84496A66844AAA67002219602033AB
:109E800043F81C1C43F8182C43F8142C43F8102CEE
:109E900043F80C2C43F8082C43F8046C8342EDD1B2
:109EA00043F6DC22794B7A4C00205A4479491C60F5
:109EB0000C3343F8080C43F8041C9342F7D10321F8
:109EC000754B764C3C2283F888100023A4F1740073
:109ED000A4F84030012384F842300DF041F843F6F5
:109EE00014026F49A4F66C735A4443F8201B9A423B
:109EF000FBD143F624026B4B6B495A4443F8201BB9
:109F00009342FBD1694A4FF0000A9FED698AF7EE50
:109F1000000A624B111D02F17C0502F12C0983ED50
:109F2000128A03F14C005A6403F1740803F19C0C8B
:109F30000E46CC33039002F1540E04950293F0EEDA
:109F4000608A5C4CB0EE480ADFED5B7AB0EE00BA96
:109F50009FED5A9ADFED5A9A9FED5ACADFED5ABA31
:109F60009FED5AAADFED5AAA0FCE3546039E0FC6C3
:109F700003962E460FCE3546039E0FC6D5E9000147
:109F8000C6E90001B9E80F00A8E80F00B9E80F0022
:109F9000A8E80F00A4F580434E49C3F8C4101E463C
:109FA0004D49C3F8C81099E803004FF0020988E84A
:109FB0000300BEE80F00ACE80F00BEE80F00ACE8FD
:109FC0000F009EE80300049DC6F818A186F820A1A2
:109FD0008CE803000FCD0395029D0FC53F49029504
:109FE000C6F8FC103E49039DC6F800113D49C6F86D
:109FF00004114FF0C801A6F82C113B49C6F8F41023
:10A000003A49C6F8F8103A49C6F808113949C6F86D
:10A010000C113949C6F810113849C6F814110FCD82
:10A020000395029DC6ED507A86ED4F9AA6F830A1B1
:10A0300086ED4D8A86ED4E8A8BEDA49ACBEDA59ADE
:10A040008BEDA28A8BEDA38A0FC5039B029593E843
:10A050000300C5E9000141F216712948ABF8BC12B2
:10A0600058E000BF6666D6400000AF430000484598
:10A070000000FA430080894400001645CDCCCC3D59
:10A080000000C8436F12833A32333435B47900206C
:10A09000CDCC4C3D0AD7233CA8710020A8810020DC
:10A0A000000080BF4C7200203333B3BE5C2B002015
:10A0B00000000000A8C100200000C0420000404392
:10A0C0000000D24200005C4300009042F304353FA0
:10A0D0000000FAC3D0320020D8320020F032002035
:10A0E000F832002000330020E0320020E832002067
:10A0F000083300200C330020143300201C330020D0
:10A10000C04300200080544400007A4400001644FC
:10A11000000061444FF00E0100F57D658BF8BE1222
:10A12000FDF76CFAA4F5A0412823E04805F5415855
:10A130000E4691F878206831CBF88052E8F712FC8F
:10A1400006F16C0196F87920F0EE680A01F118002A
:10A15000B0EE480A2823E8F705FC06F1700196F8EE
:10A160007A20F0EE680A01F11400B0EE480A2823C4
:10A17000E8F7F8FB06F17401F0EE680A96F87B2028
:10A18000B0EE480A282301F1100005F53E56E8F725
:10A19000E9FB05F6B805FDF75BFA7EA9C4488DED2D
:10A1A0007E9ACDED7F9AF8F7E5FE7EA9C0488DED49
:10A1B0007E8A8DED7F8AF8F7B5FE01994FF0090090
:10A1C0008BEDAB9A81F80C064FF00100CBEDAC9A09
:10A1D0008BF81C0076A88DED76BA02467AA88DED34
:10A1E0007ACA01467EA8CDED7BBA0AF00BFB7E99B8
:10A1F00007F698237F9A76A8196007F69C2307F63E
:10A20000A42785ED008A1A6002467AA887ED008AA5
:10A210008DED76BA01467EA88DED7ACACDED7BBA7A
:10A220000AF0F0FAA4F5804301990820A14F1D46D9
:10A2300083ED4F9AC3ED509A83ED4D8A83ED4E8A9C
:10A240007E9B81EDE78AC1F894337F9B81EDE88A9C
:10A25000C1F89833984BCBF800300DF0E9FE04F5C7
:10A26000907385F85091C5F84C01036004F5AC7308
:10A27000C5ED558A43604FF481737EA885ED568AFB
:10A28000A5F8643185ED578A85ED588A8DED7EAA53
:10A29000CDED768A8DED778A8DED788A8DED798A90
:10A2A0008DED7F8A8DED808A8DED818AF8F71EFE17
:10A2B000C8EE807A7AAB76A97EA81A4628EE677A2D
:10A2C00067EE8A7A8DED7B7A8DED7C7A8DED7D7AE5
:10A2D000CDED7A7AF8F7D6FD9DED76AA7EA8DDED74
:10A2E000779A9DED789A9DED79BA8DED7EAACDEDA8
:10A2F0007F9A8DED809A8DED81BAF8F7F7FDC8EE63
:10A30000807A7AAB05F5AA7172A81A4627EE8AAA56
:10A3100067EEA99A27EE899A67EE8B7A8DED7AAA75
:10A32000CDED7B9A8DED7C9ACDED7D7AF8F7AAFD87
:10A330007AA9304676AB8DED7E8A0A467EA98DEDF0
:10A340007F8A8DED808A8DED7A8A8DED7B8ACDEDC9
:10A350007CAACDED768ACDED778ACDED788A0AF0AC
:10A360001DFE7AA976AB05F5E470CDED7CAA0A4610
:10A3700052498DED7E8A809151498DED7F8A7A9187
:10A380005049CDED768A7B917EA9CDED778ACDEDD2
:10A39000788A0AF003FE40460AF09EFC4A480AF01A
:10A3A0009BFCD5F854313046C4F824617E93143EAA
:10A3B000D5F858317EA9C4F840814FF020087F932A
:10A3C000D5F85C31C4F820718093D5F86031C4F8B9
:10A3D0002861C4ED4B8A84ED4C8A84ED4D8A84ED6E
:10A3E0004E8A84F83CA184ED518A84ED528A84ED32
:10A3F000538A84ED548AA4F854A18193F8F7E2FDBE
:10A40000314B7EA9C4F85871C4F878312F4BC4F889
:10A4100060611846C4F85C31D5F8543184F83CA129
:10A420007E93D5F85831C4ED598A7F93D5F85C31C5
:10A4300084ED5A8A8093D5F8603184ED5B8A84ED8F
:10A440005C8A84F874A184ED5F8A84ED608A84ED6F
:10A45000618A84ED628AA4F88CA18193F8F7B2FD39
:10A4600005F5A6731A4E4FF4AD701A49C4F89C3125
:10A470004FF03203C4F8A8010925A4F8A231022341
:10A4800084F874A1C6F81C32134BA4F8A4A1188058
:10A4900003F10C0283F808904FF01E0903C982E80B
:10A4A00003000E4A4FF422701AE000BF2C72002005
:10A4B000B4670020082C0020AC20002000001CC342
:10A4C00014AEBF4352F85E434CA3002070830020BB
:10A4D000A8E100208C370020545D0120404B4C0047
:10A4E000BC49C4F8942107F12402C4F89021BA4A67
:10A4F000116004F5D6725A604FF00802B74B1A701B
:10A500000DF096FDB6490446B64B0160B64943606E
:10A510008160B6490361C160B549C3614161B54914
:10A5200083628161B44943630162B4490364416257
:10A53000B349C364C162B34983650163B2494366E9
:10A540008163B2490367C163B149C3674164B149DB
:10A55000B14A8164B1490165B1494165B149C165FB
:10A56000B1490166B1498166B149C166B1494167E6
:10A57000B1498167B149C0F88010B149C0F8EC20F9
:10A58000C0F88410AF49C0F88830C0F88C10AE49CC
:10A59000C0F89430C0F89010AC49C0F8A030C0F8B2
:10A5A0009810AB49C0F8AC30C0F89C10A949C0F86D
:10A5B000B830C0F8A410A849C0F8C430C0F8A8103A
:10A5C000A649C0F8D030C0F8B010A549C0F8DC30BA
:10A5D000C0F8B410A349C0F8E830C0F8BC10A249D4
:10A5E000C0F8F430C0F8C010A049C0F80031C0F87D
:10A5F000C8109F49C0F8CC109E49C0F8D4109E499D
:10A60000C0F8D8109D49C0F8E0109D49C0F8E4108A
:10A610009C49C0F8F0109C49C0F8F8109B49C0F85C
:10A62000FC109B49C0F804119A49C0F80C31C0F8DD
:10A6300008119949C0F81831C0F810119749C0F8AD
:10A640002431C0F814119649C0F83031C0F81C11FB
:10A650009449C0F83C31C0F820119349C0F8483102
:10A66000C0F828119149C0F85431C0F82C11904914
:10A67000C0F86031C0F834118E49C0F86C31C0F8B0
:10A6800038118D49C0F87831C0F840118B49C0F8B5
:10A690008431C0F844118A49C0F84C118949C0F886
:10A6A00050118949C0F858118849C0F85C1188498F
:10A6B000C0F864118749C0F868118749C0F8701163
:10A6C0008649C0F874118649C0F87C118549C0F8E4
:10A6D00080118549C0F888118449C0F89031C0F8CC
:10A6E0008C118349C0F89C31C0F894118149C0F89D
:10A6F000A831C0F898118049C0F8B431C0F8A01151
:10A700007E49C0F8C031C0F8A4117D49C0F8CC31F1
:10A71000C0F8AC117B49C0F8D831C0F8B0117A4903
:10A72000C0F8E431C0F8B8117849C0F8F031C0F889
:10A73000BC117749C0F8FC31C0F8C4117549C0F8A4
:10A740000832C0F8C8117449C0F8D0117349C0F874
:10A75000D4117349C0F8DC117249C0F8E011724994
:10A76000C0F8E8117149C0F8EC117149C0F8F41152
:10A770007049C0F8F8117049C0F800126F49C0F86C
:10A780000412C0F80C22C0F81432C0F82032C0F80D
:10A790002C32C0F83832C0F84432C0F85032C0F819
:10A7A0005C32C0F86832C0F87432C0F88032644B52
:10A7B000C6F82402C0F81032624BC0F81832624B5F
:10A7C000C0F81C32614BC0F82432614BC0F828320B
:10A7D000C0E000BF805820202C420120D841012039
:10A7E00099D88CC60020CBC5E47A0AC596BD6DC643
:10A7F00082CB86C5E6C485C693BAA3C4A68668C6BE
:10A800004F1346C578BC24C66E7CC7C4E23926C641
:10A81000755122C51DF4B8C53B7106C6E9B07EC5A9
:10A82000D05CC6C5D9299AC535BF8DC52530E0C5D0
:10A8300072DF82C531FDAFC53D1949C50C5EB1C59A
:10A84000A56C12C58DADE1C5A974CBC4072F97C502
:10A850002F7C09C5DDD580C50DC91DC640CCFBC503
:10A8600053B901C6C15EC5C5E4C9FAC5D44D0AC60F
:10A870007D19EDC5374FCEC58F38DBC544C2D5C570
:10A880007EAA99C533BCE4C540D10FC68762BBC55B
:10A89000621618C688F556C5C22A0AC6BFCE84C538
:10A8A00076E90AC6B40F9DC561E91CC6D19543C5BA
:10A8B0003AF027C6389839C6D50E3FC6170644C6A3
:10A8C000749317C620081EC6ADB528C60DE92FC65D
:10A8D0000BDB5CC6210FF3C57C5A38C6102314C6A7
:10A8E000264D70C68771BAC5C54544C6AA1EEAC5BD
:10A8F000908A82C6C795A5C5F9BB6EC624243CC5FF
:10A90000CF6258C6BCFB49C623A631C660F14FC60C
:10A91000A70942C6A1153BC6184E64C6AF8842C6F9
:10A9200015F870C62FD118C680C187C66AFAFEC551
:10A93000BDE485C6A6A09AC6A578B6C55C0A95C62C
:10A940004DEC93C6FDD6C9C57BF190C6B606F8C5D9
:10A950004F4287C6DA4BC0F83032DA4BC0F8343297
:10A96000D94BC0F83C32D94BC0F84032D84BC0F874
:10A970004832D84BC0F84C32D74BC0F85432D74B82
:10A98000C0F85832D64BC0F86032D64BC0F86432AB
:10A99000D54BC0F86C32D54BC0F87032D44BC0F8F0
:10A9A0007832D44BC0F87C32D34BC0F884324FF4A9
:10A9B000E4700DF03DFB022207F13C030A21026026
:10A9C0000B2742610122029306F50C7302610326F4
:10A9D00002624FF02B0CC2624FF0260EC6608661F9
:10A9E0000C264166C16681670767C0E9012A082213
:10A9F000C0E9125204250922C56145620563052597
:10AA000042658562856345640625026608224563C2
:10AA1000C563C565072582660564056585651C25D2
:10AA200042674AF6B032C0E91F670E27C0F8F050FF
:10AA3000C0F884100F21C0F890701E27C0F8941041
:10AA40005A44C0F89C101021C0F88C602826C0F829
:10AA50009810C0F8A4101321C0E938551D25C0F87E
:10AA6000AC10C0F8B4101421C0F8E8501D25C0F88F
:10AA7000B010C0F8BC101821C0E93D751F25C0F802
:10AA8000C010C0F8D41016212727C0E93F954FF019
:10AA90000D091E25C0F888904FF01109C0F8A0904C
:10AAA0004FF01209C0F8A8904FF01509C0F8B890FF
:10AAB0004FF01709C0F8C4904FF01909C0E93211DE
:10AAC000C0F8D0901A214FF01B09C0F8D810C0F878
:10AAD000EC102D21C0F8DC904FF01D09C0F8781162
:10AAE000C0F80C81C0F81481C0F82081C0F82C8116
:10AAF000C0F85871C0F850E1C0F85CE1C0F854618A
:10AB0000C0F86461C0F86CC1C0E941951F25C0F868
:10AB10001051C0F81C512125C0E95FC1C0F818517F
:10AB20002321C0F828512225C0F830112421C0F873
:10AB30002451C0F840112921C0E94D5E2525C0F8F7
:10AB400060112A21C0F83C51C0F84C512C25C0F8A6
:10AB50006851C0F874512E25C0E951E7C0F88451FE
:10AB6000C0F870110299C0F894C143F8041C302158
:10AB700043F8080CC0F89811C0F8AC113221C0E9B4
:10AB800068113321C0F8A811C0F8B8113221C0F8FB
:10AB9000B011C0F8BC113421C0F8B411C0F8C41110
:10ABA0002F21C0F890113121C0F89C113521C0F837
:10ABB000C0111946C0E962C581ED068A403101ED38
:10ABC000098A01ED088A01ED078A01ED068A01ED87
:10ABD000058A01ED048A01ED038A01ED028A01F87C
:10ABE00004AC9142E8D14549064681F8C0ABC1F8B2
:10ABF000B04BC1F8B40B0146356840330C3605EB59
:10AC0000450504EB850543F8405C56F8085C05EB08
:10AC1000450504EB850543F83C5C56F8045C05EB00
:10AC2000450504EB850543F8385C9342E4D1344A8A
:10AC30004BF24855334B00275D44002642F8043C54
:10AC400013469F61403343F8247C43F8207C43F84B
:10AC50001C7C43F8187C43F8147C43F8107C43F8C0
:10AC60000C7C43F8087C03F8046CAB42E9D1264B1A
:10AC70004BF2D0764FF0000C5E441F46C7F800C080
:10AC80000C3747F808CC47F804CCBE42F6D1DFF8C1
:10AC90007C90C9F8D007002089F8DC0720680C33C5
:10ACA0000C3443F80C0C54F8080C43F8080C54F816
:10ACB000040C43F8040C9E42F0D14BF2485027E0BC
:10ACC000967B00C6BA6A82C6FDA20EC69D7341C6B7
:10ACD000EF2512C644EF2AC649120BC6F758DAC54B
:10ACE000AD8D22C6ECC7E0C5481030C610A534C5EE
:10ACF000A1FA4DC6ACF350C5CEA43BC6A8E10020D6
:10AD000070ED00206C2C0020F0F60020A8F100204F
:10AD10000B6840320C3103EB430300EB83035B44CD
:10AD200042F8403C51F8083C03EB430300EB83033B
:10AD30005B4442F83C3C51F8043C03EB430300EB1A
:10AD400083035B4442F8383C9542E1D148F28002EB
:10AD500080237EA9F248ADF8F82101268DF8FA315A
:10AD60000AF0DEF9EE4B062703254FF0000A03F147
:10AD70000C001C460AF06CF94FF00102C9F8544867
:10AD80000C2089F858284FF00808E64A9FEDE68A1B
:10AD9000C9F84C28A4F61C420F24DFEDE49AC9F848
:10ADA00050280DF045F931233222C9F85C08DFED57
:10ADB000E08A9FEDE09A9FEDE0BADFEDE0FA9FEDCB
:10ADC000E0FADFEDE0EA9FEDE0EADFEDE0DA9FEDAB
:10ADD000E0DADFEDE0CA9FEDE0CADFEDE0BADFEDDB
:10ADE000E0AA9FEDE0AAC0E9003235228260182077
:10ADF0000DF01EF913211622C9F86008C0E90312EC
:10AE00001122C0E90042122200248260172242610E
:10AE100004200DF00DF90022C9F86408026030200A
:10AE20000DF006F903220923C9F86808C0E9006299
:10AE300005220526C0E903270A2207270262072206
:10AE400042610C228262042282600822C0E9062349
:10AE50000B2242620D22C26238200DF0E9F8012275
:10AE60004FF0090C4FF00B0EC9F86C08C0E9004216
:10AE700004220624C0E9035206220825C0E905621F
:10AE800008220A26C0E907720A220C27C0E909C273
:10AE90000C22C0E90BE20D224263022282603820BC
:10AEA0000DF0C6F8012202230421C9F87008C0E998
:10AEB00000A203224FF00A0AC0E902320522C0E9CB
:10AEC00004120722C0E9064209220224C0E90852FE
:10AED0000B220425C0E90A620D220626C0E90C7285
:10AEE000282008270DF0A4F84FF0040C05224FF09D
:10AEF000060E0C23C9F87408C0E900C20722C0E995
:10AF000002E20922C0E904820B224FF00108C0E9E5
:10AF100006A20D224FF0040AC0E9083238200DF0D5
:10AF200087F8002101224FF00A0C4FF00C0EC9F8EF
:10AF30007808C0E900120322C0E9024205220A246F
:10AF4000C0E9045207220C25C0E906620922002646
:10AF5000C0E908720B220227C0E90AC20D22C0E92B
:10AF60000CE230200DF064F8032206230821C9F812
:10AF70007C08C0E9008205224FF00808C0E902A25F
:10AF800007224FF00A0AC0E904320922C0E906127A
:10AF90000B22C0E908420D220424C0E90A523820DD
:10AFA00006250DF045F801224FF0040C4FF0060E77
:10AFB0000C23C9F88008C0E9006203220826C0E912
:10AFC000027205220A27C0E904C20722C0E906E28C
:10AFD0000922C0E908820B224FF00308C0E90AA247
:10AFE0000D224FF0050AC0E90C3230200DF020F898
:10AFF000012103224FF00C0CC9F88408C0E90012AB
:10B000000522C0E9024207220B24C0E904520922AA
:10B010000125C0E906620B220426C0E908720D2250
:10B020000627C0E90AC234200DF002F84FF0000EE6
:10B03000012207230921C9F88808C0E900E2042297
:10B04000C0E9028206224FF00C08C0E904A20822DF
:10B050004FF0000AC0E906320A22C0E908120C22A9
:10B06000C0E90A420D220624026330200CF0E0FF02
:10B0700003224FF0080C4FF00A0EC9F88C08C0E903
:10B08000005205220825C0E9026207220A26C0E90B
:10B09000047209220C27C0E906C20B22C0E908E2AB
:10B0A0000D22C0E90A8238204FF01D080CF0C0FFC5
:10B0B000012202230421C9F89008C0E900A203225A
:10B0C0004FF01A0AC0E902320522C0E90412072231
:10B0D000C0E9064209222124C0E908520B221F259B
:10B0E000C0E90A620D221A26C0E90C722820232723
:10B0F0000CF09EFF1A22C9F8940802601C224561D8
:10B1000082602222476202621D22C2602022C0E9C0
:10B1100006241B2242601E220261142024E000BF8C
:10B1200088F90020D4E3002000000000C5FFCAC356
:10B13000CC233BC5CD9F314449C9324439FCAD4392
:10B14000CECBC04460B25AC4043EC14469070FC4A8
:10B15000D17DE044FEB5D9447006DB43E0980C4550
:10B16000171C03C4F5DD26C40CF062FF1D22C9F8CC
:10B170009808C0E900A222224FF01A0AC0E902543E
:10B18000026124200CF054FF1A231B221C21C9F851
:10B190009C080561C0E900321E22C0E9021220228B
:10B1A000C0E905242222C0E9072728200CF040FF2F
:10B1B0001B224FF01C0CC9F8A008C0E900621D2238
:10B1C0002426C0E902C21E22C0E904252022C0E9CB
:10B1D00006242222C0E9082720200CF029FF4FF086
:10B1E0001A0E1C22C9F8A408C0E900E21E22C0E918
:10B1F000028222224FF02808C0E90454C0E9062741
:10B2000024200CF015FF1B221C23C9F8A808C0E954
:10B2100000A21D224FF0290AC0E902321E22C0E915
:10B2200004252022C0E906242222026218200CF004
:10B23000FFFE2622C9F8AC08826025220660426023
:10B240002722C0F814A0C0F81080C26014200CF0AF
:10B25000EFFE4FF01A0C1D22C9F8B008C0E900C279
:10B260002222C0E90254026140200CF0E1FE4FF0BE
:10B270001A0E1B221C232521C9F8B4088662C0F8C7
:10B280003CA0C0E900E21D22C0E902321E22C0E952
:10B2900004252022C0E906242222C0E9082726220C
:10B2A000C0E90B122722C0E90D280C200CF0C0FECB
:10B2B0002622C9F8B8080660C0E9012A18200CF057
:10B2C000B7FE4FF0250C2622C9F8BC080660C0F86E
:10B2D00014A0C0E901C22722C0E9032854200CF0C1
:10B2E000A7FE4FF0000E0122032306214FF0080CA9
:10B2F000C9F8C0080564C0E900E205224FF00A0E53
:10B30000C0E9023207220C23C0E9041209221A21E3
:10B31000C0E906C20B224FF01C0CC0E908E20D2266
:10B32000C0E90A321B228023C0E90C121D22C0E9A9
:10B330000EC22022C0E911242222C0E91327184698
:10B340000CF076FE4FF0000E0146802301224FF0F4
:10B35000080C18460523CE65C1E900E20722C1E9C1
:10B3600002320B221A23C1E904C20C224FF01C0C3A
:10B370008A611B22C1E90D321D222E23C1E90FC2B1
:10B380001E224FF0100CC1E911252022C1E913241F
:10B390002222C1E915272622C1E9182A0E22CA61F4
:10B3A0001822CA621422C1E908C215228A6219222F
:10B3B0000A633422CA6730224A672C228A66332203
:10B3C0008A672D22C1E91B23C9F8C4180CF030FE8E
:10B3D0004FF0000E0122052308214FF00C0C85646C
:10B3E000C665C0E900E207224FF0100EC0E9023244
:10B3F0000B221523C0E904120E221921C0E906C24E
:10B4000014224FF01B0CC0E908E218224FF01D0E69
:10B41000C0E90A321A222C23C0E90C121C22332163
:10B42000C0E90EC21E22C0E910E22022C0E91324A6
:10B430002222C0E915272622C0E9182A2D22C0E9B8
:10B440001A322E233022C0E91C323422C0E91E12E7
:10B45000C9F8C80814200CF0EBFD4FF0000C0122D5
:10B460004FF0050EC9F8CC08C0E900C20722C0E9B8
:10B4700002E2082202610C200CF0DAFD0023012216
:10B48000C9F8D008C0E900320322826018200CF00D
:10B49000CFFD022103224FF0040C4FF0090EF84BB0
:10B4A000C9F8D408A3F5FC69C0E900120622C0E976
:10B4B00002C20A22C0E904E21C200CF0B9FD0222FB
:10B4C000032304214FF0090CC9F8D808C0E9002370
:10B4D0000623C0E902130A23C0E904C30D238361D4
:10B4E0001C200CF0A5FD4FF0000E012302220421C8
:10B4F000C9F8DC08C0E900E30323C0E902230523FF
:10B50000C0E904130723836118200CF091FD4FF06C
:10B51000000C01234FF0020E0422C9F8E008C0E934
:10B5200000C30323C0E902E30523C0E90423182074
:10B530000CF07EFD032104234FF0060C4FF00A0EA1
:10B54000C9F8E408C0E900130923C0E902C30D23C8
:10B55000C0E904E318200CF06BFD00220123022156
:10B560004FF0040CC9F8E808C0E900230323C0E940
:10B5700002130523C0E904C3C4200CF059FD4FF0A9
:10B58000000E0123022204214FF0060CC0E900E363
:10B5900003234FF0080EC0E9022305230A22C0E965
:10B5A000041307230C21C0E906C309234FF00E0C36
:10B5B000C0E908E30B234FF0110EC0E90A230D2365
:10B5C0001322C0E90C130F231521C0E90EC3122367
:10B5D0004FF0170CC0E910E314234FF0190EC0E927
:10B5E000122316231B22C0E9141318232521C0E9B6
:10B5F00016C31A23C0E918E31C234FF0300EC0E92C
:10B600001A231D232D22C0E91C352023C0E91E3436
:10B610002223C0F880302E23C9F8EC08C0E9292382
:10B6200027233222C0E923132C23C0F8A030312372
:10B63000C0E92CE33423C0E92E233523C0F8C03001
:10B640002A23C0F89C302F23C0E92176C0E9258A3F
:10B65000C0F8AC3040460CF0EBFC1D234FF0250C3D
:10B660008460C0F824A0C9F8F008C0E9003522239E
:10B67000C0E903362623C0E905C32723C0E90738FC
:10B6800040460CF0D5FC4FF0010E032304220621A6
:10B690004FF0080CC9F8F408C0E900E305234FF0A7
:10B6A0000A0EC0E902230723C0E904130923C0E9F5
:10B6B00006C30B23C0E908E358200CF0B9FC1A219B
:10B6C00003461B224FF01C0C4FF0250E9E622C20CF
:10B6D000C3F83CA0C9F8F838C3E900121D22302194
:10B6E000C3E902C21E224FF0320CC3E90425202216
:10B6F000C3E906242222C3E908272622C3E90BE274
:10B7000027224FF0340EC3E90D283122C3E910126D
:10B710003322C3E912C23522C3E914E20CF088FCDB
:10B720000122022303214FF0050C4FF0070EC9F848
:10B73000FC08C0E9002304230922C0E90213062300
:10B74000C0E904C30823C0E906E30A23C0E90823CB
:10B750000B23836288200CF06BFC30234FF0320CFB
:10B760004FF00E0E03673323102212218665C0F8B6
:10B770006CA0C0E91EC30F234FF0140CC0E900E316
:10B7800011234FF0160EC0E9022313231822C0E93B
:10B79000041315231A21C0E906C317234FF01C0C0C
:10B7A000C0E908E319234FF0250EC0E90A231B2343
:10B7B000C0E90C131D233421C0E90EC31E23C0E9C8
:10B7C00010352023C0E912342223C0E91437262380
:10B7D000C0E917E32723C0E919383123436735232C
:10B7E000C0E92013C9F8000938200CF021FC4FF003
:10B7F000000C01234FF0020E04220621C9F80409AF
:10B80000C0E900C303234FF0080CC0E902E305239D
:10B810004FF00A0EC0E9042307230C22C0E90613E7
:10B820000923C0E908C30B23C0E90AE30D23C0E9DB
:10B830000C2340200CF0FCFB1E2203462521342063
:10B84000DC611A245F62C3F83CA04FF0060A9E62D6
:10B85000C9F808390B4FC3E9042526221C25C3E982
:10B860000B122722C3E90D281B224FF00408C3E95D
:10B8700000421D220B24C3E90252202204E000BF33
:10B8800088F90020B8BF7DC3BB4D9A6122221A629D
:10B890000CF0CEFB4FF0000C034601224FF0020EDD
:10B8A00009213046C9F80C39B44EC3E900C203225D
:10B8B000C3E902E20522C3E904820822DFF8BC835F
:10B8C000C3E906A20A22DFF8B8A3C3E908120C22D2
:10B8D000C3E90A420D22AA4C1A630CF0A9FBA94B3A
:10B8E000DFEDA94A0360A94B9FEDA95A8360A94BDC
:10B8F000C0ED034A8361A84B80ED055A0362C9F885
:10B90000100980ED018A80ED048A80ED078A4820C5
:10B91000CDED144A8DED135A0CF08AFB9F4B9FED31
:10B92000A04A03609F4B80ED034A83609E4B80EDED
:10B93000018A43619D4B80ED048A83619C4B80EDBD
:10B94000078A03629B4B80ED0A8A43629A4B80ED23
:10B950000D8AC362994B80ED108A0363984BC9F836
:10B9600014098363974B8DED124AC363964B43646E
:10B970000C200CF05DFB80ED008A80ED018A80EDEB
:10B98000028AC9F8180990200CF052FB8F4BC0EDC9
:10B99000059A836143628E4BC0ED1E8A0362C362C7
:10B9A0008C4B80ED018A836343648B4B80ED048A6A
:10B9B0000365C365894B80ED078A0360884B80ED82
:10B9C0000A8A8360874B80ED0D8AC360864B80EDC9
:10B9D000108A0363854B80ED138AC363844B80ED2B
:10B9E000168A8364834B80ED198A4365824B80ED10
:10B9F0001C8A0366814B80ED1F8A8366804BC36679
:10BA0000804B4367804BC0F88030804B80ED228AAA
:10BA1000C0F884307E4BC9F81C09C0F88C30A820CF
:10BA20000CF006FB7B4B0660836003627A4B8661F9
:10BA30000365C365794BC5608364794B4562436593
:10BA4000784B47610366784BC7628366774BC0F8D3
:10BA500030A0C366764BC0F83CA08367754BC0F836
:10BA6000748080ED018A80ED048A80ED078A80ED84
:10BA70000A8A80ED0D8A80ED0E8A80ED108A80EDB5
:10BA8000118A80ED138A80ED168A80ED198A80ED87
:10BA90001C8A80ED1F8A80ED209AC0F88430664BA6
:10BAA000C0ED268AC0F88C30644BC0F89C40C0F8CA
:10BAB0009030634B80ED228AC0F8A43080ED258A57
:10BAC00080ED288AC9F82009A8200CF0B1FA5D4B56
:10BAD000DFED5D8AC36043625C4B05664361C36210
:10BAE0005B4BC566836343645A4B5B4D836443651C
:10BAF0005A4B87660365C365594BC0ED1D9A836732
:10BB0000584B8460046205608561C0ED0C8AC0ED0D
:10BB10000F8A80ED018A80ED048A80ED078A80ED2E
:10BB20000A8A80ED0D8A80ED108A80ED138A80EDFF
:10BB3000168A80ED198A80ED1C8A80ED1F8AC0F874
:10BB400080A0C0F88430484B484FC0F89030484B34
:10BB5000C0F88C70C0F89830464B80ED228AC0F84F
:10BB60009C30454B80ED258AC0F8A43080ED288AB2
:10BB7000C9F82409782085E0CA4F3EC4CA4FBEC424
:10BB8000CF9FB1C4C722B4C4A5DE4DC3E774E2C3DE
:10BB9000B52958C4DD74E24399AE92C4D97DE0C49E
:10BBA0007006DBC3FEB5D9C4E0980CC5373A98C31C
:10BBB00076C013C523E086C43D298DC4BCFD9A43DD
:10BBC000BE2BEEC4A90742C457FF8FC4D2C321C500
:10BBD000C8FF4A44D23F1843BB677745CC57D1C40E
:10BBE000CCFFCAC2D0A7C4C4CF35B3C5CE35B3C508
:10BBF000BCBF7DC5BABF7DC5C4AF57C5CD4FBE4420
:10BC0000DC7580C5C6FFCA44D0EFA444D1EF24C57B
:10BC1000CF9FB144CAA7C4C4B8BFFDC3D6E711C5FE
:10BC2000D8E711C5CD9FB1C4D46B1B45D19FB1C41A
:10BC3000D0F7B7C4D53F18C5C2AF5744BABFFDC48B
:10BC4000CB7B41C5D43F1844D6E791C4D98F0B456F
:10BC5000CBA744C5D0EFA4C4D3F7B7C4BABFFD4443
:10BC6000D3979EC4DB3705C54F1020C5CCFF4A4291
:10BC7000038102C5C554F4C4E97118C5DA630845E7
:10BC8000CD9F31C40CF0D4F9AA4BDFF808A4836629
:10BC90004367A94BC0F820A00360A84B80ED018A40
:10BCA0008360A74B80ED048AC360A64B80ED078AB2
:10BCB0004361A54B80ED0A8A8361A44B80ED0D8A18
:10BCC0004362A34B80ED108AC362A24B80ED138ABE
:10BCD0000363A14B80ED168A8363A04B80ED198A24
:10BCE000C3639F4B80ED1C8A43649E4BC9F82809AF
:10BCF00083649D4BDFED9D9A03659D4B43659D4B92
:10BD0000C3659D4B03669D4BC366A8200CF090F95C
:10BD10009B4A9C4B82609C4A036002629B4A8361FF
:10BD200082649B4A9B4B02659B4AC36042659B4A67
:10BD30004362C2659A4A9B4B02669B4A4361826694
:10BD40009A4AC362C2669A4B9A4A0363C3634267C4
:10BD5000994B9A4A836343648267994B994A80ED71
:10BD6000018A80ED048A80ED078A80ED0A8A80EDE1
:10BD70000D8A80ED108A80ED138A80ED168A80EDA1
:10BD8000198A80ED1C8A80ED1F8AC0F88020C0F8D7
:10BD90009830C0F8A4308C4B80ED228AC0F88430F3
:10BDA0008A4B80ED258AC0F88C30894B80ED288A3B
:10BDB000C0F89030874BC9F82C09C0F89C3090200F
:10BDC0000CF036F98449854B01608549854AC1608C
:10BDD0008549836141618549436201628449854B9C
:10BDE000C1628549826701638449C0F808A0816304
:10BDF000834980ED018AC163824980ED048A4164F0
:10BE0000814980ED078A8164804980ED0A8A016555
:10BE10007F4980ED0D8A41657E4980ED108AC165BC
:10BE20007D4980ED138A01667C4980ED168A816622
:10BE30007B4980ED198AC1667A4980ED1C8A416789
:10BE400080ED1F8AC0F88030C0F88420C0F88C30A4
:10BE500080ED228AC9F83009A8200CF0E9F8724B6D
:10BE6000DFF834A2C360714BC0ED028A8361704B6E
:10BE700080ED059A03626F4BC0F800A043626E4BE1
:10BE800080ED018AC3626D4B80ED048A03636C4BC5
:10BE900080ED078A83636B4B80ED0A8AC3636A4B2C
:10BEA00080ED0D8A4364694B80ED108A8364684B92
:10BEB00080ED138A0365674B80ED168A4365664BF8
:10BEC00080ED198AC365654B80ED1C8A0366644B5F
:10BED00080ED1F8A8366634B9FED639AC366634B55
:10BEE000DFED638A4367634B8367634BC0F8803041
:10BEF000624BC0F89870C0F88430614B80ED228AA4
:10BF0000C0F88C305F4B80ED258AC0F890305E4BD6
:10BF100080ED288AC0F89C305C4BC9F83409C0F821
:10BF2000A43090200CF084F8594B07600362C36280
:10BF3000B4E000BF44F33A4539D293C440E82DC47D
:10BF400035849CC4541462C4AE4180C5546D66C52A
:10BF50004BB0D0445B7873C55C2A7C45306E82C59B
:10BF6000546D664549574CC5AF4180453D298D44C8
:10BF700059D177C534798F45362B18C5372B18C55D
:10BF800034208BC334208BC231208BC3D84BF1C5F6
:10BF900039841C45336E82C4D599E8C5372B1845C2
:10BFA0001BF605C64FB050C30D6E95455E080AC618
:10BFB000B8579AC5B26E7F4555C6EAC43135F0C54B
:10BFC000C1D9EEC364B5D3442CC80BC6C16C0A45B5
:10BFD00014FF04C61EB5F9C54FB0504334200BC33F
:10BFE000B023C2423EE8AD43F0DDE04431208B4354
:10BFF0002E208B4334790F4535D293C43C362545EA
:10C000006C60B4C4A28F204569EF42C4CBE1944573
:10C0100007D75EC42BE87F451B6D01C3C3DC7B459E
:10C020003924E8C317DC9245BE5FE4C4EA95834433
:10C03000F9CC7144B828FD43148415451E92E3C41D
:10C04000DC9FA443D8258DC5CF9FB1C37B4B9AC538
:10C05000F6A31E45C333E1C5CA4F3E44C519D6C534
:10C06000D6E711453C64A3C5A9074244B38766459A
:10C0700057FF8F44153496C5620E3645C6EDD2C5BE
:10C08000D5131545CE61B6C55787A4C5D93D3DC06A
:10C09000C7AF57C45878F344E23785C4A94BC7608B
:10C0A0008360A94B86614361A84B46620363A84B3A
:10C0B00080ED018A8363A74B80ED048AC363A64B9E
:10C0C00080ED078A4364A54B80ED0A8A8364A44B04
:10C0D00080ED0D8A0365A34B80ED108A4365A24B6A
:10C0E00080ED138AC365A14B80ED168A0366A04BD1
:10C0F00080ED198A83669F4B80ED1C8AC3669E4B38
:10C1000080ED1F8A43679D4B9D4E83679D4B9E4FDD
:10C11000C0F880309D4B80ED228AC0F884309C4B63
:10C12000C9F83809C0F88C309C200BF081FF994B7E
:10C1300080ED018AC3604361974B80ED048A036000
:10C14000964B80ED078A8360954B80ED0A8A836168
:10C15000944B80ED0D8A0362934B80ED108A43620D
:10C16000924B80ED138AC362914B80ED168A036374
:10C17000904B80ED198A83638F4B80ED1C8AC363DB
:10C180008E4B80ED1F8A43648D4B83648D4B03651A
:10C190008D4B43658D4BC3658D4B03668D4B83661D
:10C1A0008D4BC3668D4B43678D4B83678D4BC0F8BA
:10C1B00080308D4B80ED228AC0F884308B4B80ED2F
:10C1C000258AC0F88C308A4BC9F83C09C0F89030F9
:10C1D000884BC0F8983090200BF02AFF864B80EDFA
:10C1E000018A836083634364844B80ED048A8361A6
:10C1F0004362834B80ED078A0362C362814B80ED0B
:10C200000A8A83644365804B80ED0D8A0365C365AC
:10C210007E4B80ED108A03607D4B80ED138AC360F6
:10C220007C4B80ED168A43617B4B80ED198A03635A
:10C230007A4B80ED1C8AC363794B80ED1F8A0366BD
:10C24000784B8366784BC366784B4367784B83673C
:10C25000784BC0F88030784B80ED228AC0F884306B
:10C26000764BC9F84009C0F88C30A8200BF0E0FEEE
:10C27000734BC0F80CA00363C363724B0560836308
:10C280004364714B85614361704B84604362704BC2
:10C290000462C3626F4BC0F8508083646E4BC0F879
:10C2A0005C8043656D4B80ED018A03666C4B80EDCD
:10C2B000048A83666B4B80ED078AC3666A4B80ED08
:10C2C0000A8A4367694B80ED0D8A8367684B80ED6E
:10C2D000108A80ED138A80ED168A80ED198A80ED30
:10C2E0001C8A80ED1F8AC0F88030624B80ED228A64
:10C2F000C0F88430604B80ED258AC0F88C305F4BED
:10C3000080ED288AC0F890305D4BC9F84409C0F828
:10C3100098305C4B5C4CC0F89C305C4B5C4DC0F87A
:10C32000A43078200BF084FE5A4B80ED018A036024
:10C33000594B80ED048A8360584B80ED078AC360B7
:10C34000AEE000BFD88F8B44DA8F8B44FEBF84C52C
:10C350008ED7C44419A280C5CE15BE4472697CC56F
:10C36000E3977F45E95089C52CC44E45226481C5B9
:10C370009CDC7B45069795C5D883964541599FC55A
:10C38000B981B7447CE03E451E1C83C4BCEF8CC51C
:10C39000C8752D456423B2C3EE7294C38F846DC3F8
:10C3A0005D34E0C403E708459F27A9C5E11E784432
:10C3B000D45CFCC4FADE9BC4FBCF11C618A0664552
:10C3C000DF4D96C5D35C7CC40FBCD5C5A3ECEB4454
:10C3D000E6901EC67FADA445B83424C62F0D9F45F8
:10C3E0007D7715C6A5326245066127C63EB0114568
:10C3F0005C6F25C657F41C45F5C02945C53666C592
:10C40000DF3C5F44CBB505C679E363450708BAC393
:10C41000DA3802C4D9791945200DE5C5210DE5C5E5
:10C4200058D90DC61249D144D5D826C65B1A254520
:10C43000AE4F31C6DCBA30C40DC722C60C868BC4E1
:10C44000BDB76AC5D9E711C5DB370545CA0F71C449
:10C45000C15FE444C371DCC5C271DCC5D7A996C510
:10C46000C08B6745D6A996C5C3075E45D77D93C5E2
:10C47000CDFF4A44C911C3C5C457D1440E9AADC5B6
:10C480006A2440C41A8D8FC5437CBFC208887EC40D
:10C49000709A93442D270E4436A737C54931754409
:10C4A0009F4B80ED0A8A43619E4B80ED0D8A83612C
:10C4B0009D4B80ED108A03629C4B80ED138A436292
:10C4C0009B4B80ED168AC3629A4B80ED198A0363F9
:10C4D000994B80ED1C8A8363984BC9F84809C36364
:10C4E000974BDFF8A8834364964BDFF8A4A38364DB
:10C4F000954B0365954B4365954BC365954B03661B
:10C50000954B8366954BC366954B43673C200BF078
:10C510008FFD944B44620360934B86638360934B1F
:10C5200080ED018AC360924B80ED048A4361914B98
:10C5300080ED078A8361904B80ED0A8A03628F4BFE
:10C5400080ED0D8AC3628E4BC9F84C0903636C20E1
:10C550000BF06EFD8B4B4564036003628A4B80EDEC
:10C56000018A8360894B80ED048AC360884B80ED2B
:10C57000078A4361874B80ED0A8A8361864B80ED91
:10C580000D8A4362854B80ED108AC362844B80ED37
:10C59000138A0363834B80ED168A8363824B80ED9D
:10C5A000198AC363814BC9F850098364804B0365C2
:10C5B000804B4365804BC365804B0366804B83662D
:10C5C00078200BF035FD7F4B80ED018A03607E4BB8
:10C5D00080ED048A83607D4B80ED078AC3607C4BCD
:10C5E00080ED0A8A43617B4B80ED0D8A83617A4B33
:10C5F00080ED108A0362794B80ED138A4362784B99
:10C6000080ED168AC362774B80ED198A0363764BFF
:10C6100080ED1C8A8363754BC9F85409C363744B5E
:10C620004364744B8364744B0365744B4365744B70
:10C63000C365744B0366744B8366744BC366744B5B
:10C64000436760200BF0F4FC724BC0F84880036332
:10C65000C363714B80ED018A836343646F4B80ED4C
:10C66000048A03606E4B80ED078A83606D4B80ED1A
:10C670000A8AC3606C4B80ED0D8A43616B4B80ED81
:10C68000108A83616A4B80ED138A0362694B80EDE7
:10C69000168A4362684BC9F85809C362674B036541
:10C6A000674B4365674BC3656C200BF0C1FC664B61
:10C6B00005660360654B80ED018A8360644B80ED05
:10C6C000048AC360634B80ED078A4361624B80ED4F
:10C6D0000A8A8361614B80ED0D8A0362604B80EDB5
:10C6E000108A43625F4B80ED138AC3625E4B80ED1C
:10C6F000168A03635D4B80ED198A83635C4BC9F82E
:10C700005C09C3635B4B43645B4B83645B4B0365B6
:10C710005B4B43655B4BC3655B4B83664820B9E06D
:10C720006F823BC3060506C4989577C5E1D344459F
:10C730003E7B56C55591CFC32A589BC5ACC7B5455E
:10C74000E3CDA2448CD25C443A66E5C4137B1CC59D
:10C750007BDBDA45070573C5492588453B06C1C51E
:10C76000F2E536455850FFC35550FF4232665FC36D
:10C770003B71CF43229D8FC34766DF4461754945B6
:10C7800030921F4437929F4349714FC4A8A28744F7
:10C790004766DFC43F872FC4BD9096C4071DCF44B2
:10C7A000BFEE0BC3B5AE16C44C665F43437CBF42BD
:10C7B000229D8F435550FFC219921F43CC60E7C49E
:10C7C0004A507F44FE7C04C42D3220C587072A448A
:10C7D0000A8453C59740DFC380736FC49EEF38C18E
:10C7E000CA76FEC4C1502EC469935F4426048A43AE
:10C7F000BCB41AC316CE4CC40911A74367247843AE
:10C800005B3123C2DFE7C2C32EE423C464CD28C555
:10C8100026B380C3768FA344256D5545764FFFC15F
:10C82000BF76C74462507F42437C3F43D055774434
:10C830009D7D3D45BC4437C34636AE433F872F44BC
:10C84000AEA287C4AE9717C445714F458E9E8DC565
:10C8500021EE0645FA0D55C5CA60E7C4C36B5744BF
:10C86000BD813745C46BD7C4A3724DC5F989AB44AC
:10C87000C36B57C4CF5577455650FFC449714F44D9
:10C880003B7C3FC4ED9F8B45B0A28744437CBF43B4
:10C89000DE616EC30BF0CCFBAB4B86630363C363FB
:10C8A000AA4B46640360AA4B80ED018A8360A94BC2
:10C8B00080ED048AC360A84B80ED078A4361A74BD3
:10C8C00080ED0A8A8361A64B80ED0D8A0362A54B39
:10C8D00080ED108A4362A44BC9F86009C3623C2012
:10C8E0000BF0A6FBA14BC56083600362A04B4462C2
:10C8F0000360A04B046343619F4BC0F838808361A1
:10C900009E4B80ED018AC36280ED048A80ED078A28
:10C9100080ED0A8A80ED0D8AC9F86409C0200BF009
:10C9200087FB974B80ED018A0360964B80ED048A6C
:10C930008360954B80ED078AC360944B80ED0A8A33
:10C940004361934B80ED0D8A8361924B80ED108A99
:10C950000362914B80ED138A4362904B80ED168AFF
:10C96000C3628F4B80ED198A03638E4B80ED1C8A66
:10C9700083638D4B80ED1F8AC3638C4B8C4C436467
:10C980008C4B8D4E83648D4B8D4D03658D4B436574
:10C990008D4BC3658D4B03668D4B83668D4BC36694
:10C9A0008D4B43678D4B83678D4BC0F880308D4B2B
:10C9B00080ED228AC0F884308B4B80ED258AC0F848
:10C9C0008C308A4B80ED288AC0F89030884B80EDFF
:10C9D0002B8AC0F89830874B80ED2E8AC0F89C30A7
:10C9E000854BC9F86809C0F8A430844BC0F8A8305A
:10C9F000834BC0F8B030834BC0F8B430824BC0F8E2
:10CA0000BC3024200BF014FB804B0460876046612F
:10CA10008561C0F820A0C36080ED018A80ED048AA2
:10CA200080ED078AC9F86C0948200BF001FB784BB0
:10CA3000C0F8208083614362764BC0F82C8003608D
:10CA4000754B80ED018A8360744B80ED048AC3606E
:10CA5000734B80ED078A4361724B80ED0A8A036352
:10CA6000714B80ED0D8A8363704B80ED108AC36338
:10CA70006F4BC9F870094364FC200BF0D9FA6D4B79
:10CA800080ED018A03606C4B80ED048A83606B4B00
:10CA900080ED078AC3606A4B80ED0A8A4361694B67
:10CAA00080ED0D8A8361684B80ED108A0362674BCD
:10CAB00080ED138A4362664B80ED168AC362654B34
:10CAC00080ED198A0363644B80ED1C8A8363634B9A
:10CAD00080ED1F8AC363624BDFF8C8814364614BFA
:10CAE0008364614B0365614B4365614BC365614B77
:10CAF0000366614B8366614BC366614B4367614B61
:10CB00008367614BC0F88030604B80ED228AC0F8AB
:10CB100084305F4B80ED258AC0F88C305D4B80ED12
:10CB2000288AC0F890305C4B80ED2B8AC0F8983092
:10CB30005A4B80ED2E8AC0F89C30594B80ED318ADB
:10CB4000C0F8A430B0E000BF8E58F3445C507F437F
:10CB500039921FC47C84B344A8A287C4909E0D451B
:10CB6000764FFF415496194532665F432B9D8F44A3
:10CB7000AE9717444171CF44B9813744BF764744DB
:10CB800000B026C41AF7AB448CD91D446889C1C3D0
:10CB9000B5F553C3467520C4E2FABA44B4F95C440F
:10CBA000061132C4B1F596C485E48F4405985A4401
:10CBB0008FB4BEC3C6387BC4D49F4AC4231ECBC423
:10CBC000D49FCAC45E836C44CF732D44A8B544C3BC
:10CBD0001B5E1DC2C5521BC533B4B7C40B0ADB456F
:10CBE00066F7B9C2222ACF45B6ECCB445D6726452D
:10CBF000BBAF104476E0094509BFE844C2FD33C528
:10CC0000536DFB44264670C5F7349044A361EEC3D0
:10CC1000CA6067453C7CBF443F7C3FC5148E2545B8
:10CC2000568B29C5C58EA4458C9E0D45C19994454A
:10CC3000F3941B456FBD1FC47EBD1FC4492CEBC4BC
:10CC400064BC66C4307CF8C3BFFD0D44F9AD00C5BB
:10CC5000A6FCD4C4E91D05C5A9FC54C4734CE2C4A8
:10CC60007EDCDDC4327DB14382DCDD440F7CF843E1
:10CC7000A8A51445F13C43447BDC5DC4A0DD16C48B
:10CC8000F63C43C4DD8D894484A45BC5D9FD8D4346
:10CC9000BD544EC588851DC580851D4591FE0D423C
:10CCA000C3FD8DC4DB6A90C4EB4B80ED348AC0F8C1
:10CCB000A830EA4B80ED378AC0F8B030E84B80ED01
:10CCC0003A8AC0F8B430E74B80ED3D8AC0F8BC30FA
:10CCD000E54BC9F87409C0F8C030E44BC0F8C8305F
:10CCE000E34BC0F8CC30E34BC0F8D430E24BC0F893
:10CCF000D830E24BC0F8E030E14BC0F8E430E14B13
:10CD0000C0F8EC30E04BC0F8F030E04BC0F8F83041
:10CD10004FF4C0700BF08CF9DD49DE4ADE4BDFEDDD
:10CD2000DF5A9FEDDF6ADFEDDF6A9FEDDF7ADFED2F
:10CD3000DF7ADFF8E0C301624262C362C0ED005AED
:10CD400080ED026AC0ED036A80ED057AC0ED067AD7
:10CD50000C910B920A9380ED018A80ED048A80ED9C
:10CD6000078A80ED0A8A80ED0D8A80ED108A80EDB9
:10CD7000138A80ED168A80ED198A80ED1C8A80ED79
:10CD80001F8A80ED14BACDED115A8DED106ACDEDEC
:10CD90000F6A8DED0E7ACDED0D7AC0ED0CFA80EDB7
:10CDA0000EFAC0ED0FEA80ED11EAC0ED12DAC0F81C
:10CDB0009CC0DFF864C3DFEDBE7AC0F8A4C0DFF822
:10CDC0005CC39FEDBC7AC0F8A8C0DFF854C3DFEDA8
:10CDD000BA6AC0F8B0C0DFF84CC39FEDB86AC0F8BB
:10CDE000B4C0DFF844C3DFEDB65AC0F8BCC0DFF80A
:10CDF0003CC39FEDB45AC0F8C0C0DFF834C3C0EDE7
:10CE00001B7A80ED1D7AC0ED1E6A80ED246AC0EDAC
:10CE1000265A80ED365AC0ED209A80ED219AC0ED59
:10CE2000238AC0F8E08080ED15DAC0ED17CA80EDE6
:10CE300018CAC0ED1ABA80ED228A80ED258A80EDED
:10CE4000288A80ED2B8A80ED2E8A80ED318A80ED54
:10CE5000348A80ED378A80ED3A8A80ED3D8A80ED14
:10CE6000408AC0F8C8C0DFF8CCC2DFED972AC0F80E
:10CE7000CCC0DFF8C4C29FED952AC0F8D4C0DFF85B
:10CE8000BCC2DFED931AC0F8E4C0DFF8B4C29FED76
:10CE9000911AC0F8ECC0DFF8ACC2DFED8F0AC0F821
:10CEA000F0C0DFF8A4C29FED8D3AC0F8F8C0DFF8FB
:10CEB0009CC29FED8B0AC0F8FCC0DFF894C2DFED86
:10CEC000893AC0F804C1DFF88CC2C0ED4E2A80ED6B
:10CED000502AC0ED541A80ED561ADFED834A9FEDBB
:10CEE000834AC0F81441C0F81C7180ED483AC0F87C
:10CEF0002861C0F82C51C0F834A1CDED082A8DED81
:10CF0000072ACDED061A8DED051A80ED438A80EDD6
:10CF1000468A8DED093A80ED498A9FED753A80ED9C
:10CF20004C8A80ED4F8AC0ED51AA80ED528A80ED87
:10CF300053AA80ED558AC0ED570AC0F808C1DFF842
:10CF400018C280ED590AC0F810C1C0ED5A4A80EDF0
:10CF50005C4A80ED5D3AC0ED5F3A80ED588A80ED25
:10CF60005B8A80ED5E8AC9F878094FF4C070CDED18
:10CF7000040A8DED030ACDED023A0BF059F8DDED10
:10CF80000F6A9DED0E7ADDED0D7A0A9B0C990B9AD6
:10CF9000DDED115A9DED106AC0ED036A80ED057A52
:10CFA000DFED456A9FED437AC0ED067AC362DFED9F
:10CFB000407A504BC0ED1B7A80ED1D7AC0ED1E6AA1
:10CFC00001624262C0ED005A80ED026AC0ED0CFAC7
:10CFD00080ED0EFAC0ED0FEA80ED11EAC0ED12DA35
:10CFE00080ED15DAC0ED17CA80ED18CAC0ED1ABA87
:10CFF00080ED018A80ED048A80ED078A80ED0A8A3F
:10D0000080ED0D8AC0F89C303B4B9FED2C6AC0F838
:10D01000A4303A4BDFED2A5AC0F8A830384B9FEDC8
:10D02000295AC0F8B030374B80ED246AC0F8B430CC
:10D03000354BC0ED265AC0F8BC30344B80ED365A23
:10D04000C0F8C030324BC0ED209A80ED219AC0ED7F
:10D05000238AC0F8E08081E0BCFD8D430F7C78C35B
:10D060006AFCD4C2C01C4C441BFE8D429FFD0DC304
:10D070003E9C6FC4327D31C4EA1D05C4D9FD8DC309
:10D08000A1FC54C443646DC5357D31C5C7FD0DC5D4
:10D09000F74C7A44298BD643208B56445E76624403
:10D0A0006A76624404DEA64369078F44CAB4BE426E
:10D0B000373A984376C0134523E08644BCFD9AC3B3
:10D0C000BE2BEE44394940C4198B56C4B8F21A44F9
:10D0D000A0F21A446D7662C4C722B444C161EEC3A3
:10D0E000C674E24399AE9244A5DE4D43B529584437
:10D0F000DD74E2C32BDEF343E17802C5B3B7F64437
:10D10000012A36C503B145449AB499C4E03C0543AD
:10D110000BE6B0C4832C73453E18214300728E4544
:10D1200001DC13C521EC04453AA69EC48C167C4450
:10D13000D8FD15C5B16151C3FAFE85C39FA2FCC4D9
:10D14000236AF7433C612CC5E9A72E4381B99AC5F0
:10D1500045F49CC41D889BC5DBC2DE4480ED108A6B
:10D1600080ED138A80ED14BA80ED168A80ED198A5D
:10D1700080ED1C8A80ED1F8A80ED228A80ED258A51
:10D1800080ED288A80ED2B8A80ED2E8A80ED318A11
:10D1900080ED348A80ED378A80ED3A8A80ED3D8AD1
:10D1A00080ED408AC0F8C830BF4B9DED093AC0F809
:10D1B000CC30BE4BDDED082AC0F8D430BC4B9DED21
:10D1C000072AC0F8E430BB4BDDED061AC0F8EC309E
:10D1D000B94B9DED051AC0F8F030B84BDDED040AEF
:10D1E000C0F8F830B64B9DED030AC0F8FC30B54BE3
:10D1F000DDED023ADFEDB44A9FEDB44AC0F80431E8
:10D2000080ED483AB24B9FEDB33AC0ED4E2A80ED27
:10D21000502AC0ED541A80ED561AC0ED570A80ED21
:10D22000590A80ED5D3AC0ED5F3AC0ED5A4A80ED93
:10D230005C4AC0F81C71C0F82861C0F82C51C0F8D5
:10D2400034A180ED438AC0F81441C0F80831A24BE4
:10D2500080ED468AC0F8103180ED498A80ED4C8A15
:10D2600080ED4F8AC0ED51AA80ED528A80ED53AA1D
:10D2700080ED558A80ED588A80ED5B8A80ED5E8A6C
:10D28000C9F87C093C200AF0D3FE944B944D83608E
:10D29000C362944B944E4361944B45600362944B3C
:10D2A0000561C56185624662836380ED008A80ED19
:10D2B000038A80ED068A80ED0C8A80ED0D8AC9F81C
:10D2C000800924200AF0B4FE8A4BDFED8B9A83603C
:10D2D0008A4B456043618A4B0561036280ED008A99
:10D2E00080ED038A80ED068AC9F88409C0ED079AAB
:10D2F00048200AF09DFE834BC66183604361824BE8
:10D3000086620362C362814BC5638363804B80ED99
:10D31000008A436480ED018A80ED038A80ED048AEF
:10D3200080ED068A80ED098A80ED0C8AC0ED0D9AA9
:10D33000C0ED109AC9F8880954200AF079FE754B9F
:10D34000754FC362836343640365744B45628662B1
:10D35000056346630664C664836043610362C76312
:10D36000876480ED008A80ED018A80ED038A80ED7C
:10D37000048A80ED068A80ED078AC9F88C0902903C
:10D3800054200AF055FE664B80ED008A83604361AD
:10D390000365644B80ED018A03628363624B80ED19
:10D3A000038AC362614B80ED048A436480ED068A80
:10D3B00080ED078A80ED098A80ED0A8A80ED0C8A6B
:10D3C00080ED0D8A80ED0F8A80ED108A80ED128A43
:10D3D00080ED138AC9F89009039048200AF028FECE
:10D3E000534BDFED548A8360534B45604361534B8D
:10D3F00005640362524B80ED008AC362514B80ED9D
:10D40000038A8363504B80ED068A436480ED078A6C
:10D41000C0ED0A9A80ED0C8A80ED0D8A80ED0F8AAE
:10D42000C9F89409C0ED048AC0ED098A0490482027
:10D430000AF0FEFD454BC763836043614364444B80
:10D4400046600362434B0661C362434B456205631A
:10D450000664836380ED008A80ED038A80ED068A8E
:10D46000C0ED079AC0ED0A9AC0ED0D9AC9F8980967
:10D47000059048200AF0DCFD384B4560C3628363A9
:10D48000374B05618360374B86624361364B466399
:10D490000362364B0564436480ED008A80ED038AA5
:10D4A00080ED068A64E000BF72A92BC3F8BF03C4F5
:10D4B000FE658EC45C0C3AC44C0BAFC40060F1C274
:10D4C000DE2C12C5E2C54FC4A5DE4D43B529584434
:10D4D000967476C5DD74E2C3857F62C43F0D2DC5A9
:10D4E0006F1203BA3D0D2DC56F12033A3E0D2DC5C7
:10D4F000B8632AC4F0F5E4C46F12833AF4F5E4C4C7
:10D50000CEB62F45C3632A43095DBA443B17154580
:10D5100039171545BA4FDA4417B751B9DBA25F4442
:10D52000B1632AC41FB03F4421B03F44AC632AC456
:10D530001CC48FC46F1283BAE709B5C49CFCD443E2
:10D540009BFC5445B6632AC30DB0BFC39210A544DB
:10D55000FE700A45EEFF4C45F0FF4C45FF708A44D3
:10D560004FEFF4C42E9CEFC48E957FC3309CEFC464
:10D5700080ED078A80ED098A80ED0C8A80ED0F8AA4
:10D58000C9F89C0906904FF413700AF051FDCB4B7B
:10D590009FEDCB9A804603618362DFF8A8A4C94B54
:10D5A000C0F87CA043630364C0ED199AC0ED1C9AD7
:10D5B00080ED139A80ED169AC348C449C8F800005C
:10D5C000C348C44AC8F80400C348C44BC8F808009C
:10D5D000C348C8F80C00C348C8F81400C248C8F8CB
:10D5E0001800C248C8F81C00C148C8F82000C1484B
:10D5F000C8F82400C048C8F82C00C048C8F830005B
:10D60000BF48C8F83800BF48C8F83C00BE48C8F852
:10D610004400BE48C8F84800BD48C8F85000BD489E
:10D62000C8F85400BC48C8F85C00BC48C8F86000A2
:10D63000BB48C8F86800BB48C8F86C00BA48C8F8CE
:10D640007400BA48C8F87800B948C8F88000782053
:10D65000C8F88810C8F89410B6499DED124AC8F869
:10D660008410B54988ED304AC8F88C10B349C8F821
:10D67000E860C8F89010B249C8F8F460C8F898108B
:10D68000B049C8F80051C8F89C10AF4988ED2B8A02
:10D69000C8F8A010AD4988ED2E8AC8F8A410AC498E
:10D6A00088ED318AC8F8A810AA4988ED348AC8F8EC
:10D6B000B010A949C8ED379AC8F8B410A749C8F8FE
:10D6C000BC10A749C8F8C810A649C8F8CC10A6498C
:10D6D000C8F8D410A549C8F8D810A549C8F8E01072
:10D6E000A449C8F8E410A449C8F8EC10A349C8F844
:10D6F000F010A349C8F8F810A249C8F8FC10C8F8FF
:10D700000421C8F82821A04AC8F85031C8F80821D7
:10D710009E4AC8F80C51C8F810219D4AC8F8185103
:10D72000C8F814219B4AC8F82451C8F81C219A4A09
:10D73000C8F83061C8F82021984AC8F86C51C8F878
:10D740002C21974A88ED4F8AC8F83421954A88EDF4
:10D75000528AC8F83821944A88ED558AC8F8402181
:10D76000924A88ED588AC8F84421914A88ED5E8A29
:10D77000C8F84C218F4A88ED618AC8F858218E4A32
:10D78000C8F85C218D4AC8F864218D4AC8F8682120
:10D790008C4AC8F870218C4AC8F874218B4AC8F8A2
:10D7A0007C218B4AC8F88021C8F88831894BC8F899
:10D7B0000042C8F88C31884BC8F89C51C8F89431A5
:10D7C000864BC8F8C051C8F89831854BC8F8E45169
:10D7D000C8F8A031834B88ED75BAC8F8A431824BE4
:10D7E000C8ED7BAAC8F8AC31804B88ED7DAAC8F89B
:10D7F000B0317F4B88ED648AC8F8B8317D4B88ED35
:10D800006A8AC8F8BC317C4B88ED6D8AC8F8C4318F
:10D810007A4B88ED738AC8F8C831794BC8ED768A9F
:10D82000C8F8D031774B88ED7C8AC8F8DC31764B6C
:10D8300088ED7F8AC8F8E031744B88ED828AC8F899
:10D84000E831734B734CC8F8F831734BC8F80432A5
:10D85000724BDDED144AC8F80C32714B9DED135A32
:10D86000C8F810326F4BC8ED8A4AC8F818326E4BB0
:10D8700088ED8C5AC8F81C326C4BC8F82062C8F886
:10D8800024326B4BC8F83862C8F83432694BC8EDA3
:10D89000859AC8F83C32684B88ED8B8AC8F84032CC
:10D8A000664BC8ED919AC8F84832C9F8A0890AF0C9
:10D8B000BFFB634BC6610366C6E000BF6C0979BB62
:10D8C0003480B7BAED0D3EBB2048BC4552491D3BE4
:10D8D000C364AABBE3073EC55ED85FC6F28559455F
:10D8E0003A829945F7D020C6ACB9884552499DBBCC
:10D8F000598A64C668AD5D45FD7F2DC662317643A9
:10D90000CD6620C6236A9E44941215C6EE2C88C5A7
:10D910006B84A6C520073CC5A03394C5E2149DC501
:10D92000DE3353439BC1C3C5044BBDC45EFDFDC57F
:10D93000FF421A44B8DB00C66C3B2145A37C25C6D8
:10D94000E4B7F84480FB25C66C09F93AA581124476
:10D9500071900145477B46C4228C8A43D1791EC50C
:10D96000E4980CC57E4D19C312F465443567CCC3E9
:10D970009BAC27453C4D1943A5A8AF4400772C44E8
:10D980004857EC4407F4E5C4ACA437C5136F3CC555
:10D990004A5509C5A32569C57BBC07C54F218045EC
:10D9A000198BD6430BFD9445161C03C53C0212454A
:10D9B000F74C7AC438021245F9DBD444A6CA5F4555
:10D9C0007176E2C47EB43E447A078FC347759945A9
:10D9D000B6F21AC511FD94C555210045A2616E44E9
:10D9E000D39F4AC5F5DDA644C11109C5C161EE4307
:10D9F000E39F4A44C51109C5ABD32C45B2616EC53E
:10DA000089ED1D459BD32CC53F070FC3F11606C5F5
:10DA1000CA80DCC4DF5F96450EFD14C5451C034477
:10DA20004F1FA245D152EFC4382D6A45FEF713C5EA
:10DA3000657586C5C952EF44289C70C55048394465
:10DA40008CB399453480B73AC366A34B4566836669
:10DA50004367A24B05670360A14B44658360A14BFC
:10DA600080ED018AC360A04B80ED048A43619F4B27
:10DA700080ED0A8A83619E4BC0ED0D8A03629D4B47
:10DA8000C0ED108A43629C4BC0ED138AC3629B4B6E
:10DA9000C0ED168A03639A4BC9F8A4098363994BB6
:10DAA0000790C363984B4364984B8364984B03651A
:10DAB000984BC36578200AF0BBFA974B4663036026
:10DAC000C360964B066483614362954BC0F84CA0DB
:10DAD0008360944BC0F858A04361934B4666036241
:10DAE000924B0667C362924B80ED018A0363914BB0
:10DAF00080ED048A8363904B80ED078AC3638F4B6C
:10DB000080ED0A8A43648E4BC9F8A80983648D4B63
:10DB10001B9003658C4B43658C4BC3658C4B036634
:10DB20008C4B83668C4BC3668C4B43674FF484707D
:10DB30000AF07EFA8A4B446207460360894B8A4C9E
:10DB400083608A4BC0F858A0C360894BC0F864A0BA
:10DB50004361884BC0F870A08361874B0461036206
:10DB6000864BC461C362864BC0ED018A0363854B5B
:10DB7000C0ED0A8A8363844B80ED0D9AC363834BA7
:10DB800080ED108A4364824B80ED138A8364814B5D
:10DB9000C0ED1F8A0365804B4365804BC365804B96
:10DBA0000366804B8366804BC366804B4367804B24
:10DBB0008367804BC0F880307F4BC0F89440C0F83A
:10DBC00084307E4BC0F8A040C0F88C307C4BC0F84D
:10DBD000C440C0F890307B4BC0F8F460C0F8983077
:10DBE000794BC0ED229AC0F89C30784B80ED2B8A9F
:10DBF000C0F8A430764BC0ED2E9AC0F8A830754B13
:10DC000080ED349AC0F8B030734BC0ED379AC0F84D
:10DC1000B430724BC0ED3A9AC0F8BC30704B80ED16
:10DC2000409AC0F8C0306F4BC0F8C8306E4BC0F897
:10DC3000CC306E4BC0F8D4306D4BC0F8D8306D4B43
:10DC4000C0F8E0306C4BC0F8E4306C4BC0F8EC30FE
:10DC50006B4BC0F8F0306B4BC0F8F8306A4BC0F833
:10DC6000FC306A4BC0F80431C9F8AC0984200AF0D2
:10DC7000DFF9674B066403608361664BC6648360AB
:10DC80000362654BC0F858A043620363634BC0F85E
:10DC900064A0C3628363624B0667C360614B80ED1F
:10DCA000018A4361604B80ED048AC3635F4B80ED62
:10DCB000078A43645E4B80ED0A8A83645D4B80ED86
:10DCC0000D8A03655C4BC0ED1F9A43655B4BC365D2
:10DCD0005B4B0366B6E000BF470B954351EB54C363
:10DCE00071EBD443233AE24454FBB44480BA0B456D
:10DCF000F05726457BE3E44483B88F44320D114549
:10DD0000A5A633C569EF4C45E15F16C5DE609445B5
:10DD1000A4A03FC486A0BFC3CB90DF43A1A8AFC4DB
:10DD200028138544251385448FB497C4ED59A2C4A4
:10DD3000054C3EC5BB90DF438FB21BC5E755AA43D8
:10DD400064F3C4C434327245D290DFC4C5945745DD
:10DD5000BE984FC4CE6982443432F2C4A6A4B744FC
:10DD60007902BD4562318D436C09F9BACCB1EC45FD
:10DD700032B6E6C487B79145A7A23BC5D0807FC421
:10DD8000D38CE744333076C50E512144B4B8954462
:10DD9000F6D951C568D7F6C4FA51B2C4D3668845DE
:10DDA0008BDD70C51E3E5A457BF2BFC581D900454B
:10DDB000E9F1D6443A3876C50E56C944308854C580
:10DDC0003815D8456A3104C521F9F24576FDF6C407
:10DDD00076BABA4553018545A61F7545727B8F45B6
:10DDE000D78CE745241109C592B09F45014C3EC52B
:10DDF000742E5DC51BD6CC43D9CF6FC58F83ED4440
:10DE00005A9D09C64CC424C527C1F5C58C3D4EC5D5
:10DE10003B817FC2F2807FC3C894D7C404562AC313
:10DE2000A4A03FC3350B15C482BA8BC5470B95C35D
:10DE3000CC6A80C5D890DFC3A8A633C5E6827B45EF
:10DE400011464AC5AE4B8366AE4BC366AE4B4367C5
:10DE5000AE4B8367AE4BC0F880300890C9F8B0096C
:10DE60004FF4CC700AF0E4F8AA4BC4610360AA4BEB
:10DE700084628360A94B4463C360A94BC46443615B
:10DE8000A84B45668361A84B80ED019A0362A74BBE
:10DE900080ED049A4362A64B80ED109AC362A54BB5
:10DEA00080ED169A0363A44BC0ED1C8A8363A34BD9
:10DEB000C0ED1F8AC363A24B4364A24B8364A24B91
:10DEC0000365A24B4365A24BC365A24B0366A24BFD
:10DED0008366A24BC366A24B4367A24B8367A24BE8
:10DEE000C0F88030A14BC0F88850C0F88430A04BF7
:10DEF000C0F8B850C0F88C309E4BC0F8D050C0F875
:10DF000090309D4B80ED258AC0F898309B4BC0ED3A
:10DF1000288AC0F89C309A4BC0ED2B8AC0F8A430F8
:10DF2000984BC0ED318AC0F8A830974BC0ED378AC6
:10DF3000C0F8B030954B80ED3A8AC0F8B430944BBD
:10DF400080ED3D8AC0F8BC30924B80ED408AC0F82D
:10DF5000C030914BC0F8C830904BC0F8CC30904BDB
:10DF6000C0F8D4308F4BC0F8D8308F4BC0F8E030B9
:10DF70008E4BC0F8E4308E4BC0F8EC308D4BC0F8BF
:10DF8000F0308D4BC0F8F8308C4BC0F8FC308C4B27
:10DF9000C0F804318B4BC0F80C41C0F808318A4BF3
:10DFA000C0F81841C0F81031884BC0F83C51C0F897
:10DFB0001431874BC0F84851C0F81C31854BC0F86C
:10DFC0005451C0F82031844BC0F86C61C0F828313E
:10DFD000824BC0F87861C0F82C31814B80ED499AB2
:10DFE000C0F834317F4B80ED4C9AC0F838317E4B0D
:10DFF000C0ED588AC0F840317C4BC0ED619AC0F842
:10E0000044317B4BC0F84C317A4BC0F850317A4BDD
:10E01000C0F85831794BC0F85C31794BC0F86431A5
:10E02000784BC0F86831784BC0F87031774BC0F846
:10E030007431774BC0F87C31764BC0F88031764B29
:10E04000C0F88831754BC0ED649AC0F88C31744BC0
:10E05000C9F8B409C0F894311A90A82009F0E8FF73
:10E06000704B4560824603606F4B056183606F4B68
:10E07000C561C3606E4B856243616E4BC56483614D
:10E080006D4B856503626D4B466643626C4B06675C
:10E09000C3626C4BC0ED0D8A03636B4BC0ED108AFD
:10E0A00083636A4B80ED1F8AC363694B4364694B8A
:10E0B0008364694B0365694B4365694BC365694B71
:10E0C0000366694B8366694BC366694B4367694B5B
:10E0D0008367694BC0F88030684BC0F88860C0F82F
:10E0E0008430674B80ED258AC0F88C30654B80ED1D
:10E0F000288AC0F89030644BC9F8B809C6E000BF60
:10E100002738664587DFECC4DD619244A2A82FC59D
:10E11000B59CC7444B037245F5223AC592B51045EC
:10E12000FD5F79C569E32B45D18046C558FA364570
:10E13000DAEA9CC560DB0245D904DBC59DB01F440B
:10E1400009B890C52B1305456FDEB5C5AC21D14488
:10E1500087758EC52C8698C41BC92DC5C52580C45E
:10E160004A1244C52535D142B2E86DC501A68FC417
:10E170001D741BC53F3A624461F28D4340F703456D
:10E18000490423C561F28DC3A8C071C59DB09F43EA
:10E19000025B59C4BB8289C4EA8379C5D96E31C395
:10E1A000FC886FC4F42C43C3A1B848C5BA820944A3
:10E1B00061F20D430A68F84294A300C42720A4C466
:10E1C000B0CADDC350D5F44531D7AFC5E12E0746FF
:10E1D00034DD91C54B41FD457FA5E3C469800B4605
:10E1E000A5F68FC461D2D6457F1DF644654B9E458A
:10E1F000BA3D1345AD5AF34458BA38C5F94F05C274
:10E20000E1333EC5F34A07C5D96E3143ABB3D2C43F
:10E210008FCADD43DF7B50C50B2F06450B3C25C560
:10E2200072EBD444829D0D454192A843CE90D144D7
:10E230001E6A88445DCEC2443F3730C3246DC0445B
:10E240002BC42744B0805B4590EE08C56E9A5445B8
:10E250007C26EEC41A313043D724C6C40E1DDC43DD
:10E2600099E9D0C4DE92164386F3EE44E3A5C0C21A
:10E2700000289744ED9E0242BC864EC3AB7275C423
:10E28000D9058143FE14B6C2D636ADC3C0F8983066
:10E29000BB4BC0F89C30BB4BC0F8A430C02009F089
:10E2A000C7FEB94B456004460360B84B8562836086
:10E2B000B74B8665C360B74B06674361B64BC5670E
:10E2C0008361B64B80ED048A0362B54B80ED078A0B
:10E2D0004362B44B80ED0D8AC362B34B80ED108A6C
:10E2E0000363B24B80ED138A8363B14B80ED198ACF
:10E2F000C363B04B4364B04B8364B04B0365B04B16
:10E300004365B04BC365B04B0366B04B8366B04BFF
:10E31000C366B04B4367B04B8367B04BC0F88030E7
:10E32000AF4BC0F88850C0F88430AE4BC0F8B8602E
:10E33000C0F88C30AC4B80ED258AC0F89030AB4BE8
:10E3400080ED288AC0F89830A94B80ED2B8AC0F860
:10E350009C30A84BC9F8BC09C0F8A430A64BC0F843
:10E36000A830A64BC0F8B030A54BC0F8B430A54BD0
:10E37000C0F8BC309C2009F05BFEA34B066709F592
:10E380002366036309F5276CC36309F5266E9F4B6B
:10E39000456003609E4B056183609E4BC561C36011
:10E3A0009D4B856209F51D6543619C4B2946C0ED77
:10E3B0001F9A09F51E658361994B2A4680ED0D9AD7
:10E3C00009F51F650362974B80ED109A4362964BE7
:10E3D00080ED138AC362954B80ED168A8363944B5C
:10E3E00080ED198A4364934B8364934B0365934B8D
:10E3F0004365934BC365934B0366934B8366934B83
:10E40000C366934B4367934B8367934BC0F880304D
:10E410000C9609F52566914B0D9609F52866C0F80E
:10E4200084300E9609F529668D4B0F9609F52A66FC
:10E43000C0F88C30109609F52C668A4B119609F5B8
:10E440002D66C0F89030129609F52E66864B13960D
:10E4500009F52F6681ED008A149609F53166D9F821
:10E460005C18159609F53266C0F8983009F52163F5
:10E47000169609F53366099509F52265179609F58B
:10E480003466C9F8C819189609F53566D9F810190F
:10E4900082ED008AD9F86028C0ED228AC0ED258A75
:10E4A000C9F8C0090A9309F52B630B9509F5246592
:10E4B0001996C9F8CC19C9F8D829D9F81429099995
:10E4C000C9F8DC2981ED008A0A99D9F8642881ED20
:10E4D000008A0B99C9F8E82981ED008AD9F8182932
:10E4E000D9F87018C9F8EC29C9F8181AD9F86828A9
:10E4F000D9F82419C9F8F829C9F81C1AD9F81C291F
:10E500000C99C9F8FC2981ED008AD9F86C28D9F852
:10E510007418C9F8082AC9F8281AD9F82029D9F88E
:10E52000281985ED008AD9F87858C9F80C2A09F518
:10E530002062C9F82C1AC9F8385A032503ED2C8A31
:10E54000C9F8C45906258CED008A4CF2F03CC9F894
:10E55000D45901258EED008ADC44C9F8E4590C2514
:10E56000C9F8F4590E25C9F8045AC9F8145A0A25ED
:10E57000C9F8245A0E25C9F8345AD9F82C5975E02F
:10E5800089BAA743458F20C4EDEECA43C46A1AC4B2
:10E59000BCB24EC465369FC4365D1AC43E080AC478
:10E5A000C82BD344BC4D29C4F076D7C390110B437C
:10E5B00015A4654486390244760991C3C0A3284452
:10E5C0009EDE6A44F74C144570ADAA444D65D244B2
:10E5D000C47141C23DBEC144A10DD845CF4C77C5E1
:10E5E0004FF8EE45EBBD40C56EBBDA4539450AC371
:10E5F00080D9F245C189D643FC6FBB45BADB3545AE
:10E6000008388845D60A4B45F98C11458078514326
:10E610002481ACC434493745C2FF854451CBDD4227
:10E62000B1FCBEC4062031452D812C44613D52C54C
:10E63000753A48C52481ACC3AF25C5C1078A07C454
:10E640002481AC43E3BE35C4D62545C30E1D6AC341
:10E65000BEFF85441F5292C46BA1D744068A07C4EB
:10E66000A9CD24C5D92E2043820824C5C9F83C5A17
:10E670000D9D85ED008AD9F87C58C9F8485AD9F81B
:10E680003059C9F84C5AD9F88058C9F8585AD9F8AD
:10E690003459C9F85C5AD9F88458C9F8685AD9F875
:10E6A0003859C9F86C5A0E9D85ED008AD9F88858FA
:10E6B000C9F8785AD9F83C59C9F87C5A0F9D119E6F
:10E6C00085ED008AD9F88C5883ED008AC9F8885AFC
:10E6D000D9F84059D9F87C39C9F88C5A109D86ED83
:10E6E000008A85ED008AD9F89058C9F8985AD9F867
:10E6F0004459C9F89C5AD9F89458C9F8A85AD9F875
:10E700004859C9F8AC5AD9F89858C9F8B85A0C25DC
:10E71000C9F8445A0E25C9F8545A0C25C9F8645A48
:10E720000D25C9F8745A0C25C9F8845A0E25C9F864
:10E73000945A0A25C9F8A45A0525C9F8B45AD9F833
:10E740004C59C9F8BC5A129ED9F89C5886ED008ADB
:10E75000C9F8C85AD9F85059139EC9F8CC5AD9F8F3
:10E76000A05886ED008AC9F8D85AD9F85459149E91
:10E77000C9F8DC5AD9F8A45886ED008AC9F8E85AD5
:10E78000D9F85859159EC9F8EC5AD9F8A85886ED09
:10E79000008AC9F8F85AD9F85C59169EC9F8FC5A8B
:10E7A000D9F8AC5886ED008AC9F8085BD9F86059E9
:10E7B000C9F80C5BD9F8B058C9F8185BD9F8645996
:10E7C000179EC9F81C5BD9F8B45886ED008AC9F8C1
:10E7D000285BD9F86859189EC9F82C5B092586ED85
:10E7E000008AC9F8C45A0A25D9F8B868C9F8D45AB1
:10E7F0000825C9F8386BC9F8E45A0925D9F86C69B5
:10E80000C9F8F45A0625C9F83C6BC9F8045B05251C
:10E81000199EC9F8145B102586ED008AD9F8BC68EA
:10E82000C9F8245B0325C9F8486BD9F87069C9F8A1
:10E83000345BC9F84C6BD9F88459D9F8C06882EDBB
:10E84000408AC9F8586BD9F87469C9F87C3BC9F893
:10E850009C5BD9F88839D9F8D458C9F85C6BC9F8E9
:10E86000A85B0625D9F8C468C9F8AC3B09F536633E
:10E87000C9F8686B83ED008A09F53763D9F87869C0
:10E88000C9F8445B152583ED008A09F53863C9F89A
:10E890006C6BC9F8545B2025D9F8C86883ED008AF1
:10E8A00009F53963C9F8786BC9F8645BD9F8CC68A5
:10E8B000C9F8745B052583ED008A09F53A63C9F848
:10E8C000886BC9F8845B0325D9F88069C9F8945B23
:10E8D0000625C9F88C6B83ED008A09F53B63D9F8EE
:10E8E000D068C9F8A45B0725C9F8986B164683ED74
:10E8F000008A09F53C63029983ED008AD9F8D8387B
:10E90000C9F8BC1BC9F8B83B079B0399C9F81C3C64
:10E910000623C9F8CC1BC9F8D43BC9F8E43BC9F8B5
:10E92000F43B0A230499C9F8143CD9F8DC38C9F837
:10E93000DC1BC9F8C83B0599D9F8E038C9F8EC1BCD
:10E94000C9F8D83B0699D9F8E438C9F8FC1B31213D
:10E95000C9F8E83BD9F8E838C9F8B45BC9F8041C31
:10E96000C9F8C45B82ED808AC9F80C8CC9F8F83B01
:10E97000D9F8EC381B9AC9F8083CC9F82C2C089A2D
:10E98000D9F8F038C9F84C2C2222C9F8183C09F5FE
:10E990003D63C9F8542C0A2283ED008A09F53E63D1
:10E9A0001A99C9F8242C162283ED008A09F53F63D1
:10E9B000C9F85C1CC9F8342C0B22D9F8F81883ED7F
:10E9C000008A09F54163C9F8442C0E22C9F8381CA5
:10E9D000D9F8FC18D9F8F45883ED008A09F5426398
:10E9E000C9F8642C1022C9F8481CD9F8001983ED25
:10E9F000008A09F56F63C9F8285CC9F87C4CC9F82E
:10EA0000742CC9F83C7CC9F86CACC9F8581CD9F80E
:10EA10000419C9F88C0CC9F8681CD9F80819BB4846
:10EA2000C9F8781C09F54361B94C81ED008A09F5F4
:10EA30004461D9F80C2981ED008A09F54561C9F8CE
:10EA4000882C012281ED008A09F54661B14D81EDE6
:10EA5000008A09F5476181ED008A09F5486181ED79
:10EA6000008A09F5496181ED008A0D21C9F8841CED
:10EA700009F69441086009F69841A748086009F62C
:10EA80009C41A6480C6009F54A61086009F6A4415A
:10EA9000A348086009F6A841A2480C6009F6AC41F9
:10EAA000086009F54B61A048086009F6B4419F4829
:10EAB0000C6009F6B841086009F6BC419C48086042
:10EAC00009F54C619B480C6009F6C441086009F6E1
:10EAD000C8419948086009F6CC4198480C6009F58E
:10EAE0004D61086009F6D4419548086009F6D8419F
:10EAF00094480C6009F6DC41086009F54E619248C3
:10EB0000086009F6E44191480C6009F6E8410860A4
:10EB100009F6EC418E48086009F54F618D480C609C
:10EB200009F6F441086009F6F8418B48086009F6D7
:10EB3000FC418A480C608A49C6F8001309F6045162
:10EB4000086009F6085187480C6009F60C51086006
:10EB500009F551618448086009F6145183480C6036
:10EB600009F61851086009F61C518148086009F53A
:10EB7000526180480C6009F62451086009F628515A
:10EB80007D480D6009F62C510C6009F55361086051
:10EB900009F634517948086009F6385178480C6014
:10EBA00009F63C51086009F554617648086009F699
:10EBB000445175480C6009F64851086009F64C51FB
:10EBC0007248086009F5556171480C6009F65451A6
:10EBD000086009F658516F48086009F65C516E48A4
:10EBE0000C6009F55661C9F8002E0222086009F68A
:10EBF00064516A48C9F8FC2D0022086009F6685182
:10EC000067480C6009F66C51C9F8042E086009F5D4
:10EC100057616448C9F8082E0322086009F6745148
:10EC200061480C6009F67851C9F80C2E0222086080
:10EC300009F67C515D48C9F8102E0322086009F5D9
:10EC400058615B480C6009F68451086009F68851E8
:10EC50005848086009F68C5157480C6009F559610D
:10EC6000086009F694515548086009F698515448CF
:10EC70000C6009F69C51086009F55A61514808601A
:10EC800009F6A45150480C6009F6A851086009F62D
:10EC9000AC514E48086009F55B614D480C6009F6BF
:10ECA000B451086009F6B8514A480D6009F6BC51E4
:10ECB00000250C6009F55C61086009F6C4514648FE
:10ECC000086009F6C85145480C6009F6CC51C9F8EE
:10ECD000142E0222086009F55D61C9F81C2E03227A
:10ECE0003F48C9F8202E0522086009F6D451C9F81A
:10ECF000242E06220C6009F6D851C9F8342E0B22B6
:10ED00003848C9F8542E0C226EE000BF1D780C4222
:10ED1000000082C2D084C7424FC0C24281843442C4
:10ED2000BAE9AA42AFE5144287A70F42250645413A
:10ED300064BB9B418E064442FD76CE41B13F6A42A0
:10ED4000E483E240A3E32C423F55CB42F0C5A1420D
:10ED5000BE90C6422BD856425BA2B0425819A74279
:10ED60004AFB8842DC067442B1E10B42D1F18F428A
:10ED7000090AC04134C0B642C996CE42DC66B542EB
:10ED80003364A84237C90C4275B3D942308C3D4236
:10ED9000834FEC42C8D81A428874FB42F0A7D04196
:10EDA000AAA2CD425249CC42B0430643B3AAC642BE
:10EDB000BCB4E0427D1FBB42EAA4F5423EC8AF426C
:10EDC0007DCEF2426BAB4042895205432428224259
:10EDD000B38B0F43980E184392ABBB4240740C4365
:10EDE0005AB50A427B141843086009F6DC51C9F889
:10EDF000642E1122E548C9F8842E1222086009F514
:10EE00005E61C9F8942E04220C6009F6E451E048D2
:10EE1000C9F8182EC9F8282E0822086009F6E8510A
:10EE2000DC48C9F82C2EC9F8382E0722086009F6EC
:10EE3000EC51C9F8302E09220C6009F55F61D64803
:10EE4000C9F83C2EC9F84C2E0722086009F6F45187
:10EE5000D248C9F8402E0A22086009F6F851C9F8CC
:10EE6000442E18EE100AC9F8502E07220C60C9F87B
:10EE7000482EC9F8582E0E22C949C9F85C2E0D2219
:10EE8000C9F8602EC9F8702E0E22C9F8682E0F221C
:10EE9000C9F86C2EC9F87C2E0E22C9F8742EC9F858
:10EEA000802E1022C9F8782EC9F8882E1422C9F8AD
:10EEB0008C2E1322C9F8902E1422C9F8982E1722EE
:10EEC000C9F8B82E1822C9F8C42E1D22C9F8E42E9C
:10EED0001522C9F89C2EC9F8A42E1322C9F8A02E19
:10EEE0001622C9F8A82EC9F8B42E1322C9F8AC2EE0
:10EEF000C9F8B02E1A22C9F8BC2E1922C9F8C02EA2
:10EF0000C9F8D02E1A22C9F8C82E1B22C9F8CC2E57
:10EF1000C9F8DC2E1A22C9F8D42EC9F8E02E1C221A
:10EF2000C9F8D82EC9F8E82EC9F8EC1E1946886130
:10EF3000403141F8240C41F8200C41F81C0C41F8F8
:10EF4000180C41F8140C41F8100C41F80C0C41F865
:10EF5000080C01F8045C8C45E9D1924C4BF6EC604E
:10EF6000A4F50171A4F55B7784F8005458440D466C
:10EF70000E46C4F8F413C4F8F07332680C3640330C
:10EF800002EB420207EB820243F8402C56F8082CB1
:10EF900002EB420207EB820243F83C2C56F8042CA9
:10EFA000B04202EB420207EB820243F8382CE4D174
:10EFB0007D4B4CF608127D4E4FF0000CC4F8043423
:10EFC0005A4433460027C3F818C0403343F824CCD2
:10EFD00043F820CC43F81CCC43F818CC43F814CCAD
:10EFE00043F810CC43F80CCC43F808CC03F8047C6D
:10EFF0009A42E8D16E4A4CF670274FF0000C5F44FD
:10F000001346C3F800C00C3343F808CC43F804CCD3
:10F010009F42F6D10023C4F8705A4BF6FC5584F891
:10F020007C3A5D44634B1F680C330C3242F80C7C15
:10F0300053F8087C9D4242F8087C53F8047C42F85F
:10F04000047CF0D14CF608120B680C31403603EB0F
:10F05000430302EB83035B4446F8403C51F8083C11
:10F0600003EB430302EB83035B4446F83C3C51F85B
:10F07000043C884203EB430302EB83035B4446F802
:10F08000383CE1D148F280034B4E7EA904F6083AA1
:10F09000ADF8F8318023304604F532678DF8FA3147
:10F0A00006F03EF806F10C009FED448A05F0D0FF13
:10F0B00004F6FC22424B04F61431154604F62C32B9
:10F0C0004FF0010003F10C080392A6F6943202916E
:10F0D00003F1180EC4F8EC2AA6F27C6284F8F80A50
:10F0E00003F1240CC4F8F02AC4F8F46A93E807008A
:10F0F00085E8070098E80700029D04F53E688AE865
:10F1000007009EE8070085E807009CE8070087E8FD
:10F11000070003F1300204F6CC3704F6EC3A07CAD4
:10F12000039D85E8070003F13C0104F6383078229E
:10F1300004F6C43508F012F804F6B83385ED008AF9
:10F1400004F6C83583ED008A04F53C63039504F5A5
:10F150003D65029304F6E43385ED008A04F6DC3560
:10F16000049304F53F6385ED008A04F6E8350593C2
:10F1700004F6F83385ED008A04F6F435069304F6B8
:10F18000FC3385ED008A04F60C451DE0BC055942B0
:10F19000498D204374644E42978F2443A1F82A423C
:10F1A000902C0020A8010120B82C0020B0050120DF
:10F1B000B00A01203CFE0020280C012000000000C5
:10F1C000D42C0020A1F8B13D079304F6044385ED4B
:10F1D000008A04F61845089304F6084385ED008A72
:10F1E00004F62445099304F5416385ED008A04F58E
:10F1F0003B600A9304F614435FED0E7A04F6B431D3
:10F200000B9304F61C4304F6BC3204F6D43C0C9376
:10F2100004F5426304F6D83E04F628450D9304F63F
:10F220002C430E9304F543630F9304F63443109379
:10F2300004F63843119304F63C43129304F54463F7
:10F24000139304F64443149304F64843159304F6C9
:10F250004C43169304F54563179304F654431893EF
:10F2600004F65843199304F65C431A9304F5466375
:10F270001B9304F664431C9304F668431D9304F641
:10F280006C431E9304F547631F9304F67443209365
:10F2900004F67843219304F67C43229304F54863F3
:10F2A000239304F68443249304F68843259304F6B9
:10F2B0008C43269304F54963279304F694432893DB
:10F2C00004F69843299304F69C432A9304F54A6371
:10F2D0002B9304F6A4432C9304F6A8432D9304F631
:10F2E000AC432E9304F54B632F9304F6B443309351
:10F2F00004F6B843319304F6BC43329304F54C63EF
:10F30000339304F6C443349304F6C843359304F6A8
:10F31000CC43369304F54D63379304F6D4433893C6
:10F3200004F6D843399304F6DC433A9304F54E636C
:10F330003B9304F6E4433C9304F6E8433D9304F620
:10F34000EC433E9304F54F633F9304F6F44340933C
:10F3500004F6F843419304F6FC43429304F6045345
:10F36000439304F60853449304F60C53459304F571
:10F370005163469304F61453479304F61853489385
:10F3800004F61C53499304F552634A9304F624533C
:10F390004B9304F628534C9304F62C534D9304F5E9
:10F3A00053634E9304F634534F9304F638535093FB
:10F3B00004F63C53519304F55463529304F64453BA
:10F3C000539304F64853549304F64C53559304F561
:10F3D0005563569304F65453579304F65853589371
:10F3E00004F65C53599304F556635A9304F6645338
:10F3F0005B9304F66853C0ED007A5C9304F66C539B
:10F4000099485D9304F5576308604FF484605E93F8
:10F4100004F6745395495F9304F678531160609332
:10F4200004F67C53924A619304F55863629304F6A0
:10F430008453639304F68853649304F68C53659362
:10F4400004F55963669304F69453679304F698534E
:10F45000689304F69C53699304F55A636A9304F61F
:10F46000A4536B9304F6A8536C9304F6AC536D93BA
:10F4700004F55B636E9304F6B4536F9304F6B853CC
:10F48000709304F6BC537193029B1A60039A794BF4
:10F490001360794B3B60794B794FCCF80030794B56
:10F4A000CEF80030784BC8F80030049A774B1299A8
:10F4B0001360774B059ACAF80030764B81ED008ACD
:10F4C0001360069A744B15991360079A734B81ED7C
:10F4D000008A13600BF54C43089A83ED008A704B49
:10F4E00018991360099A6F4BDFF860A213600A9AAB
:10F4F0006D4BDFF85C8213600B9A6C4B13600C9AB7
:10F500006B4B13600D9A6B4B13606B4B0E9A2B6019
:10F510006A4B13600F9B83ED008A81ED008A684B74
:10F52000109A1B991360119A664B81ED008A136043
:10F53000139A654B1E991360149A644B81ED008AEF
:10F5400013602199169A624B81ED008A1360249909
:10F55000179A604B81ED008A13602799199A5E4BC8
:10F5600081ED008A13602A991A9A5C4B81ED008A1A
:10F5700013602D995A4B1C9A81ED008A13601D9AD5
:10F58000584B339913601F9A574B81ED008A1360D3
:10F59000209A564B36991360229A554B81ED008A7A
:10F5A0001360239A534B1360259A534B1360269A8A
:10F5B000524B1360289A524B1360299A514B136097
:10F5C0002B9A514B13602C9A504B13602E9A504B30
:10F5D00013602F9A4F4B1360309B83ED008A39994B
:10F5E0004D4B319A81ED008A13603C99329A4B4B16
:10F5F00081ED008A13603F99349A494B81ED008A6E
:10F6000013604299359A474B81ED008A1360449903
:10F61000379A454B81ED008A13604799389A434BDE
:10F6200081ED008A13604A993A9A414B81ED008A34
:10F6300013604D993F4B3B9A81ED008A13603D9AD0
:10F640003D4B539913603E9A3C4B81ED008A136009
:10F65000409A3B4B56991360419A3A4B13600BF515
:10F660004D43394A1A6075E0D94EB6C17DAE154199
:10F670005F070E416F1217C153965E419F3CFE40DB
:10F680003C9DD0C2A83519C1D34DB2C088850BC1ED
:10F6900098DD17C0645D92417B147A4066089FC173
:10F6A0005227E040BB27FF405F982EC1EE7C3E41D1
:10F6B000A9A4BE408638C6C03F5747C01748ACC053
:10F6C00013F235C04F4039413FC60C40E0BE6FC118
:10F6D000849E5540F9A00F416132B1C0CD3BC0407E
:10F6E00096218E4005C550C2B840B2C0F61721C25F
:10F6F000BA6B1540485014418EF5D941CDBBCD4170
:10F70000F62817C134009B418E0698C11C6B184225
:10F710000DF19F41439CEDC1705F8DC13D8ADAC1FF
:10F72000F90F1841B1D082C15BD3A8C04B5939C180
:10F73000CA540D40ADFA1342E71D0CC159D73F42E0
:10F74000F2415E4114D02DC27F6AFC3F9545E8C26C
:10F75000B82FEEC2439AC84B1360459AC74B13604B
:10F76000469AC74B1360489AC64B1360499AC64BDA
:10F7700013604B9AC54B13604C9AC54B13604E9A5D
:10F78000C44B13604F9AC44B1360509B83ED008AA7
:10F7900081ED008AC14B5999519A81ED008A13601D
:10F7A0005C99529ABE4B81ED008A13605F99549A1E
:10F7B000BC4B81ED008A13606299559ABA4B81ED7A
:10F7C000008A13606599579AB84B81ED008A1360DF
:10F7D0006899589AB64B81ED008A13606B995A9AD2
:10F7E000B44B81ED008A13606E99B34B5B9A81ED47
:10F7F000008A04F6C85113605D9AB04B13605E9A9C
:10F80000AF4B1360609AAF4B1360619AAE4B1360BD
:10F81000639AAE4B1360649AAD4B1360669AAD4B1E
:10F820001360679AAC4B1360699AAC4B13606A9A89
:10F83000AB4B13606C9AAB4B13606D9AAA4B136081
:10F840006F9AAA4B1360709AA94B136004F55C621F
:10F85000719B83ED008A0323C4F8CC3DC4F8DC3DE2
:10F86000C4F8EC3D06F17C0381ED008A04F6D85122
:10F87000C4F8D03D06F5987381ED008A04F6E8518E
:10F88000C4F8D43D06F1880381ED008A04F6F851EE
:10F89000C4F8E03D06F5AA7381ED008A0321C4F89F
:10F8A000E43D06F19403C6F87C13C6F88C131E21C0
:10F8B000C4F8F03D06F5BC73C6F89C138D49C4F836
:10F8C000F43D04F6C453116004F608648A4A84EDDA
:10F8D000008AA6F528641A6006F1A00386EDE68A80
:10F8E000C6F8803306F5CE7386EDEA8AC6F884330F
:10F8F00006F1AC03C6F8903306F5E073C6F894330E
:10F9000006F1B803C6F8A03306F5F273C6F8A433BF
:10F9100008F08EFBDFED796A054680ED018A80ED07
:10F92000048A00F2144380ED078A00F5816280EDBD
:10F930000A8A80ED0D8A80ED108A80ED138A80EDB1
:10F94000168A80ED198A80ED1C8A80ED1F8AC5ED2C
:10F95000006ADFED6B6A9FED6B7AC5ED026ADFED41
:10F960006A6ADFED6A7AC5ED036ADFED696ADFF87E
:10F970001CE2C5ED056ADFED676ADFED675AC5ED8C
:10F98000066ADFED666A9FED666AC5ED086ADFED1F
:10F99000656ADFF8FCC1C5ED096ADFED636A634E95
:10F9A000C5ED0B6ADFED626A6249C5ED0C6ADFEDF9
:10F9B000626A6248C5ED0E6ADFED616AC5ED0F6AE5
:10F9C000DFED606AC5ED116ADFED5F6AC5ED126AB1
:10F9D000DFED5E6AC5ED146ADFED5D6AC5ED156A9F
:10F9E000DFED5C6AC5ED176ADFED5B6AC5ED186A8D
:10F9F000DFED5A6AC5ED1A6ADFED596AC5ED1B6A7B
:10FA0000DFED586AC5ED1D6ADFED576AC5ED1E6A68
:10FA1000DFED566AC5ED206A85ED2D7A85ED307AE9
:10FA20009FED537A85ED228A85ED217A9FED517AFB
:10FA300085ED258A85ED237A9FED4F7A85ED288A1D
:10FA400085ED247A9FED4D7A85ED2B8A85ED267A1A
:10FA50009FED4B7A85ED2E8A85ED277A9FED497AC9
:10FA600085ED318A85ED297A9FED477A85ED348AD7
:10FA700085ED2A7AFCE000BF2C9409C20091A841D0
:10FA8000DFE0A841426065C074B50E4186384EC1C2
:10FA9000BEC18C4155B0A3C129CBF141D0C4924124
:10FAA000304CBCC10F9C51C1B7D1A5C109F90C4163
:10FAB000BA496FC12D43D4BFC58F14C17D3F75BEF8
:10FAC0004182F341378942C167441842029A0A4190
:10FAD000C1CA13C263EE1A3E8A30F8C134113C41E8
:10FAE000D712E1411361033E8FE40841637F05C1F2
:10FAF000AD69334140A445C17E8CA041EB4332C384
:10FB0000239A32C36B9B2AC330DA31C39632C5C203
:10FB10008C7A28C356AF28C3406487C2060223C329
:10FB200067D561C27A861BC3C44226C343DC1AC2AE
:10FB3000020C1CC3BE10CDC2F2602DC3993BD6C2CD
:10FB40009B6524C3E92638C300FF20C38F843AC3D2
:10FB5000D22F1EC3B55735C3A05916C3AA6232C3EC
:10FB600045B718C3848D3BC36E9425C3E72B41C3AF
:10FB700033D32CC3E72D3DC3A9242CC30AF736C3C6
:10FB80003FC522C3CB402AC3F01728C3C916E7C21A
:10FB90001CEBE2C11CEC28C351BB2BC32EDF2FC3CF
:10FBA00005F312C344CB31C347B20FC30D0138C3B1
:10FBB0001EB6EDC26A9E2CC36871F2C230DA26C34B
:10FBC0006C8902C33BCF29C3F8C20BC3FE8315C3A4
:10FBD00025D613C3E81919C3DA1C0BC3EF182EC3BB
:10FBE00029CC01C3708F11C3B11FD8C2070027C32E
:10FBF00029DC22C34685CAC252A903C37660DBC290
:10FC000052A707C3A62AD5C26F921EC3CB10E3C268
:10FC100000FF15C3CDFBD3C242BE12C34B88D7C26F
:10FC200053A50BC3B81EEDC2936911C3CE08F3C22E
:10FC300068910DC3A25402C34578ABC279891DC334
:10FC40009A179CC2788B19C3842D96C2CD2C06C3FB
:10FC500058598AC22ED014C3A99373C2BD4311C38D
:10FC60005A5592C2647BEEC22B87A0C27A65F4C259
:10FC70001FED387A85ED378A85ED2C7A1FED3A7ABB
:10FC800085ED3A8A85ED2F7A1FED3C7A85ED3D8A28
:10FC900085ED327A1FED3E7A85ED408A85ED337A27
:10FCA0001FED407A85ED357A1FED417A85ED367A84
:10FCB0001FED427A85ED387A1FED437A85ED397A6A
:10FCC0001FED447A85ED3B7A1FED457A85ED3C7A50
:10FCD0001FED467A85ED3E7A1FED477A85ED3F7A36
:10FCE0001FED487A85ED417A1FED497AC5ED517ACD
:10FCF00085ED427A1FED4B7A85ED438A85ED447A96
:10FD00001FED4D7A85ED468A85ED457A1FED4F7AD8
:10FD100085ED498A85ED477A1FED517A85ED4C8A4C
:10FD200085ED487A1FED537A85ED4F8A85ED4A7A45
:10FD30001FED557A85ED528A85ED4B7A1FED577A86
:10FD400085ED558A85ED4D7A1FED597A85ED588AF6
:10FD500085ED4E7A1FED5B7A85ED5B8A85ED507AF5
:10FD60001FED5D7A85ED5E8A85ED537A1FED5F7A32
:10FD700085ED618A85ED547A1FED617A85ED567ABD
:10FD80001FED627A85ED577A1FED637A85ED597A1A
:10FD90001FED647A85ED5A7A1FED657A85ED5C7A00
:10FDA0001FED667A85ED5D7A1FED677A85ED5F7AE6
:10FDB0001FED687A85ED607A1FED697A85ED627ACC
:10FDC000C5ED6C7A5FED6B7A85ED648AC5ED637A7B
:10FDD0005FED6D7A85ED678AC5ED657A5FED6F7AC7
:10FDE00085ED6A8AC5ED667A5FED717A85ED6D8A7B
:10FDF000C5ED687A5FED737A85ED708AC5ED697A35
:10FE00005FED757A85ED738AC5ED6B7A5FED777A74
:10FE100085ED768AC5ED6E7A5FED797A85ED798A22
:10FE2000C5ED6F7A5FED7B7A85ED7C8AC5ED717AE1
:10FE30005FED7D7A85ED7F8AC5ED727A5FED7F7A21
:10FE400085ED828AC5ED747A5FED817AC5ED757AAC
:10FE50005FED827AC5ED777A5FED837AC5ED787ACA
:10FE60005FED847AC5ED7A7A5FED857AC5ED7B7AB0
:10FE70005FED867AC5ED7D7A5FED877AC5ED7E7A96
:10FE80005FED887AC5ED807A5FED897AC5ED817A7C
:10FE90005FED8A7AC5ED837AC5F830A2C5F878A2FD
:10FEA000DFF884A5C5ED8A5AC5F810A2DFF87CA555
:10FEB000C5ED9C5AC5F818A2DFF874A585ED9F6AB8
:10FEC000C5F81CA2DFF86CA5C5F88482C5F824A289
:10FED000DFF864A585ED858AC5F834A2DFF85CA556
:10FEE00085ED888AC5F83CA2DFF854A585ED8B8A9C
:10FEF000C5F840A2DFF84CA585ED8E8AC5F848A26A
:10FF0000DFF844A585ED918AC5F84CA2DFF83CA541
:10FF100085ED948AC5F854A2DFF834A585ED978A5B
:10FF2000C5F858A2DFF82CA585ED9A8AC5F860A21D
:10FF3000DFF824A585ED9D8AC5F864A2DFF81CA52D
:10FF400085EDA08AC5F86CA2DFF814A585EDA38A1B
:10FF5000C5F888A24FF0150AC5F890E2C5F8CC8222
:10FF6000DFF80085C5F8DCC2C5F89482DFF8F884B4
:10FF700085EDB16AC5F89C82DFF8F084C5F8D062DF
:10FF8000C5F8A082DFF8E884C5F8D812C5F8A882C1
:10FF9000DFF8E084C5F8E472C5F8AC82DFF8D884F5
:10FFA00085EDA68AC5F8B482DFF8D08485EDA98AEC
:10FFB000C5F8B882DFF8C88485EDAC8AC5F8C08280
:10FFC000DFF8C08485EDAF8AC5F8E882DFF8B88431
:10FFD00085EDB28AC5F8F082DFF8B08485EDB58A88
:10FFE000C5F8F482DFF8A88485EDB88AC5F8FC82EC
:10FFF000DFF8A08485EDBB8AC5F80083DFF898841C
:02000004600298
:1000000085EDBE8AC5F80883DFF8908485EDC18A46
:10001000C5F80C83DFF8888485EDC48AC5F814839D
:100020004FF00608C5F86813DA49C5F820E3C5F8AB
:100030001813D949C5F854C3C5F82413D749C5F8CE
:100040005C734F27C5F82C13D549C5F860634B2660
:10005000C5F83013D349C5F88C03C5F83813D24915
:1000600085EDC78AC5F83C13D04985EDCA8AC5F825
:100070004413CF4985EDCD8AC5F84813CD4985EDA8
:10008000D08AC5F85013CC4985EDD38AC5F86C13D6
:10009000CA4985EDD68AC5F87413C94985EDD98A50
:1000A000C5F87813C74985EDDC8AC5F88013C649C1
:1000B00085EDDF8AC5F88413C44985EDE28AC5F869
:1000C0009013C34985EDE58AC5F89813C14985EDBC
:1000D000E88AC5F89C13C04985EDEB8AC5F8A413DE
:1000E000BE4985EDEE8AC5F8A813BD4985EDF18AB4
:1000F000C5F8B013BB4985EDF48AC5F8B413BA4905
:1001000085EDF78AC5F8BC13B84985EDFA8AC5F8BC
:10011000C013B74985EDFD8AC5F8C813B549C5F8C0
:10012000CC13B549C5F8D413B449C5F8D813B449AC
:10013000C5F8E013B349C5F8E413B349C5F8EC13A7
:10014000B249C5F8F013B249C5F8F813B149C5F87A
:10015000FC1305F5806181ED008A05F20441086019
:100160004FF45E70AC4982ED018A1160AB49916039
:10017000AB4A83ED018A1A60AA4A9A60C4F82C5EE1
:1001800007F056FF50218760552701604FF0440C5F
:1001900001614FF00D0E816104F6386341634EF248
:1001A000B8020164816456214762512741615A4473
:1001B000016281625421C7643C27C161C7654D2734
:1001C000C0E90B114E2181654166C1663E21016681
:1001D000016781674D2141673F21C1675721416018
:1001E000C1605321C0E90E115221416401653D21D6
:1001F000416581660021C0E920773F27C0F8E460AF
:10020000C0F8C4C0C0F88870C0F890704C27C0F81F
:10021000D0C0C0F88C704027C0F8E0C0C0F894701F
:100220004C27C0E926774027C0E92967C0F8A070AD
:100230004127C0E92B76C0F8BC70C0F8C8704227CF
:10024000C0F8C070C0F8D4704527C0E92DC6C0E919
:1002500036764A26C0F8E870C0F8F4704FF0360CD5
:10026000C0F8FC703727C0E93B664926C0F8F86043
:100270004626C0F800614326C0F8CC604926C0E994
:1002800041664626C0F80C61C0F814614826C0F8E3
:100290001061C0F81C613426C0E949C6C0F82C6161
:1002A00036264FF0370CC0F83061C0F8386133267D
:1002B000C0F834613326C0E94FC6C0F84461322625
:1002C0004FF03A0CC0F85061C0E952763726382713
:1002D000C0F85461C0F85C613126C0F8586131261D
:1002E000C0E95876C0F8686138263927C0F86C61D3
:1002F000C0F874613026C0F870613026C0E95E76BF
:10030000C0F8806139262F27C0F884614726C0F8DD
:1003100018613526C0F820613926C0E962762F269B
:100320002A27C0E964C6C0F898613A264FF02C0C21
:10033000C0F89C61C0F8A4612E26C0F8A061C0F886
:10034000AC612826C0E96D76C0F8BC612A262B274F
:10035000C0F8C061C0F8C8612726C0F8C46127266C
:10036000C0E97376C0F8D4612B262C27C0F8D86179
:10037000C0F8E0612626C0F8DC612626C0E979765F
:10038000C0F8EC6125261E27C0F8F861C0E97CC6DC
:100390002C2687E07E9DC0C1728AD3C134A0DDC205
:1003A000AB4F9EC1ECEFD5C217D994C1448BCEC2DE
:1003B000856BB2C18C4ACBC2DB0AA3C1AE18BDC2E9
:1003C000AAF129C16960C5C2F7E456C141F1C5C0AF
:1003D000EEEBDDC21EA714C16F70F1C2DA2CD1C1E1
:1003E0001DDA00C339B4C83C1AC0E9C2FB5C354011
:1003F000D8F0C0C2D5E7F2BF18A6ABC2780BBE409A
:100400005D5EA3C25BD331418340B9C27A36DC4121
:10041000DEF3CDC239569C419643214107D0C9C273
:1004200039B41041D20FE2C2E6CEA8C245B70DC31F
:10043000CCEEB4C25590FDC2C4825CC218E60EC3B5
:1004400082A21CC233C406C365AA0CC22BB8F9C26F
:10045000AE7628C2C71ADFC2241750C27D5FDAC247
:1004600072B94DC2AE873FC2D40BEAC2918F2FC280
:1004700004E7FAC2C17935C232C602C390A046C2AF
:100480008E6604C35997A6C13DAAEFC27C617AC1AA
:10049000F3EEEAC220D269C104D6E3C2E71D90C1DF
:1004A000B32CE1C24FF02D0CC0F8FC61C0F804621F
:1004B0002426C0F800623B26C0F8A8612926C0F8AF
:1004C000B0612426C0E982C61D264FF01E0CC0F87C
:1004D0001462C0F81C621B26C0F818621B26C0E913
:1004E00088C6C0F828621A264FF0220CC0F8346281
:1004F000C0E98B761E261F27C0F83862C0F840621C
:100500001926C0F83C621926C0E9917619260427FD
:10051000C0E993C6C0F85C621F264FF0180CC0F803
:1005200054622226C0E998661F26C0F86862C0F8A7
:1005300070622126C0F86C62C0F878621626C0E9A5
:10054000A0C6C0F888621826C0F88C621C26C0F8C5
:1005500010622326C0F858622026C0F8746217265D
:10056000C0F87C621226C0F890A2C0F8B4A2C0F80D
:10057000BCA2C0F8D882C0F8E082C0E9A56A1826FB
:100580004FF00C0AC0F89C62C0F8A4621226C0F8B2
:10059000A062C0F8AC621326C0F8B062C0F8C062B6
:1005A0000826C0F8C862C0E9B3860926C0F8D4623C
:1005B000C0F8E4620A26C0F8DC62C0F8F0620B26DC
:1005C000C0E9BA68C0E9BD86C0F800630526C0F876
:1005D000FC620526C0E9C1A6C0F80C630C264FF0EA
:1005E0000F0AC0F810631126C0F8A8621426C0F8DC
:1005F000B8620726C0F8C4620C26C0E9C576042696
:10060000C0F81CE3C0F828E318EE107AC0F834E311
:10061000C0F83CE34FF00E0EC0F87413C4F8300E6F
:10062000C0E9C8660326C0E9CB660226C0F8386375
:100630000226C0E9D0E6C0F848630E26C0F84C6335
:10064000C0F854630126C0F850630126C0E9D6A65D
:10065000C0F860630F26C0F86463C0E9DA1610269C
:10066000C0F87063F14EC4F8346E1E46B761403670
:1006700046F8247C46F8207C46F81C7C46F8187C1A
:1006800046F8147C46F8107C46F80C7C46F8087C4A
:1006900006F8041CB242E9D1E54E844686F8C8103B
:1006A0000146C6E92E50DCF8007040330CF10C0C0A
:1006B00007EB470705EB870743F8407C5CF8087CAD
:1006C00007EB470705EB870743F83C7C5CF8047CA5
:1006D00007EB470705EB870743F8387C9A42E2D1DE
:1006E000D44B4FF25037D44A4FF0000CC6F8CC3000
:1006F0005F4413460026C3F818C0403343F824CCA7
:1007000043F820CC43F81CCC43F818CC43F814CC65
:1007100043F810CC43F80CCC43F808CC03F8046C35
:100720009F42E8D1C54B4FF2707C4FF0000EDC4485
:100730001E46C6F800E00C3646F808EC46F804EC15
:10074000B445F6D1BE4EC6F87007002086F87C0787
:1007500028680C330C3543F80C0C55F8080C43F89A
:10076000080C55F8040C43F8040C9C45F0D14FF2EA
:1007700050300B6840320C3103EB430300EB830332
:100780005B4442F8403C51F8083C03EB430300EB68
:1007900083035B4442F83C3C51F8043C03EB4303C5
:1007A00000EB83035B4442F8383CBA42E1D1A54DEB
:1007B00048F280036FF07F027EA92846ADF8F83139
:1007C0008DF8FA2104F0ACFC05F10C009FED9E8A37
:1007D00004F03EFCDFF888C29FED9C6A0027C6F853
:1007E000ECC74FF00208DFF87CC24FF0010ADFEDE2
:1007F000986A05F19400C6F8F0C706F2FC7C9FEDFC
:10080000957A05F5F07E8CED006A06F6040CDFEDB6
:10081000927AF7EE008A8CED008A06F6080C8F4A71
:100820008CED006A06F60C0C02F12801C6F844288B
:10083000CCED006A06F5016C05F17C02C5ED207A6D
:100840008CED008A06F6140CC6F8F4570B468CEDB6
:10085000007A06F6180CC6F82C7805F1AC01CCED40
:10086000006A06F61C0CC6F838788CED008A06F58E
:10087000026CC6F834888CED007A06F6240CC6F8B3
:100880003C88CCED007A06F6280C86F8F8A78CEDAB
:10089000008A4FF0030CC6F830A8C6F840C806F529
:1008A000066C8CED008A06F6640C8CED008A06F668
:1008B000680C8CED008A06F66C0C8CED008A06F54F
:1008C000076C8CED008A06F6740C8CED008A06F637
:1008D000780C8CED008A06F67C0C8CED008A06F50F
:1008E000086C8CED008A86F88478C6F8C828C6F8AB
:1008F0004828C6F8882806F50A62C6F8DC3848F2A7
:10090000800382ED008A06F6A402C6F8CC1882EDB8
:10091000008A06F6A802C6F8500882ED008A06F69C
:10092000AC02C6F88C0805F5087082ED008A06F561
:100930000B6286F8C47882ED008A06F6B40286F867
:10094000D87882ED008A06F6B80285ED608A82EDDD
:10095000008A06F6BC0286F81C7982ED008A06F54C
:100960000C6282ED008A05F18802C6F84C2805F178
:10097000A002C6F8902806F6F80282ED008A06F674
:10098000FC0282ED008A06F6041282ED008A06F669
:10099000081282ED008A06F60C1282ED008A06F536
:1009A000116282ED008A06F6141282ED008A06F6C4
:1009B000181282ED008A06F6381282ED008A06F6D9
:1009C0003C1282ED008A06F5146282ED008A6FF017
:1009D0007F02ADF8F83105F5FC73C6F8E0E8C6F81B
:1009E000E838C6F8243906F64413C6F820E983ED42
:1009F000008A06F64813C6F890197EA983ED008A8E
:100A000006F64C1386F85C7983ED008A06F51563CB
:100A100086F89C7983ED008A06F654138DF8FA2146
:100A200083ED008A06F658131EE000BF902D0020CB
:100A3000A8210120B82D002078220120F8340120BF
:100A4000A8310120283901200000000000001644D0
:100A50000000C8420000C8430000C8C2DC2D0020CE
:100A6000DC0F01207422012083ED008A06F5166355
:100A700083ED006A06F66413C3ED007A06F6681388
:100A800083ED008A06F66C1383ED006A06F51763A2
:100A9000C3ED006A06F6741383ED008A06F6781338
:100AA00083ED007A06F67C13C3ED006A06F5186341
:100AB00083ED008A06F6841383ED007A06F6881328
:100AC000C3ED007A06F68C1383ED008A05F5F67304
:100AD000C6F8E43805F50173C6F8283904F020FBA0
:100AE00005F50B7004F0B4FA05F508737EA905F559
:100AF0002770C6F8143A05F1C40386F818AAC6F898
:100B00000C3A05F5AE738DF8FA71C6F8103A4FF449
:100B10007F43ADF8F83104F003FBDFF82CE406F670
:100B20002C23DFF828C4C3F800E006F52363DF4A6E
:100B3000C3F800C006F63423C6F8907AC6F8582ADF
:100B4000DB4FDC4A1F6006F63C23C6F85C2ADA4815
:100B5000DA4A186006F52463C6F8682AD84AC3ED55
:100B6000008A06F64423C6F8842AD648D64AD749CE
:100B7000186006F64C23C6F8882A05F54570D44A55
:100B8000196006F52563C6F88C2AD24A86F8288AA9
:100B90001A6006F65423D04A86F8388A1A60CF4B7A
:100BA00086F8488AC6F8603ACD4BC6F8643ACD4B11
:100BB000C6F86C3ACC4BC6F8703ACC4BC6F8743ACF
:100BC000CB4BC6F8783ACB4BC6F87C3ACA4BC6F842
:100BD000803A04F037F905F5637004F033F905F253
:100BE000044004F02FF905F27C4004F02BF905F2E3
:100BF000F44004F027F9C823C048C6F8EC3C06F5D9
:100C00004F6383ED008AF6F7F9FC00F59550F6F78F
:100C1000F5FC05F50B70F6F7F1FC05F10C00F6F7A5
:100C2000EDFC00F52473B648C6F8F437B54BC9F8A7
:100C30005438C4F8F43AC6F8143AE3F773FCF0EE0B
:100C4000480AB0EE480A05F54570EAF769FBF0EE90
:100C5000480AB0EE480A05F56370EAF761FBF0EE6A
:100C6000480AB0EE480A05F20440EAF759FBF0EEF4
:100C7000480AB0EE480A05F27C40EAF751FBF0EE74
:100C8000680AB0EE480A05F2F440EAF749FBF0EED4
:100C9000680A05F54570B6EE000AEAF741FBF0EE8A
:100CA000480A05F56370B6EE000AEAF739FBF0EE84
:100CB000480A05F20440B6EE000AEAF731FBF0EE0E
:100CC000480A05F27C40B6EE000AEAF729FBF0EE8E
:100CD000480A05F2F440B6EE000AEAF721FBF0EE0E
:100CE000480AB0EE680A05F54570EAF719FBF0EE20
:100CF000680AB0EE680A05F56370EAF711FBF0EEDA
:100D0000480AB0EE680A05F20440EAF709FBF0EE83
:100D1000480AB0EE680A05F27C40EAF701FBF0EE03
:100D2000480AB0EE680A05F2F440EAF7F9FAF0EE84
:100D3000480A05F54570B7EE080AEAF7F1FAF0EE51
:100D4000480A05F56370B7EE080AEAF7E9FAF0EE2B
:100D5000680A05F20440B7EE080AEAF7E1FAF0EE95
:100D6000480A05F27C40B7EE080AEAF7D9FAF0EE35
:100D7000480A05F2F440B7EE080AEAF7D1FAF0EEB5
:100D8000480A05F54570B0EE000AEAF7C9FAF0EE38
:100D9000480A05F56370B0EE000AEAF7C1FAF0EE12
:100DA000480A05F20440B0EE000AEAF7B9FAF0EE9C
:100DB000680A05F27C40B0EE000AEAF7B1FAF0EEFC
:100DC000480A05F2F440B0EE000AEAF7A9FAF0EE9C
:100DD000480A05F54570B0EE040AEAF7A1FAF0EE0C
:100DE000480A05F56370B0EE040AEAF799FAF0EEE6
:100DF000480A05F20440B0EE040AEAF791FAF0EE70
:100E0000480A05F27C40B0EE040AEAF789FAF0EEEF
:100E1000680AB0EE040A05F2F440EAF781FA05F533
:100E20003675394B7EA9394AA5F5544083F820A17F
:100E3000C3F81C51364BCBF89822CBF89C327F93E9
:100E4000344B7E92CBF8A032334B344CCBF8A432E7
:100E5000F2F768F8DBF8A0227EA9DBF8A432A5F54A
:100E600054407E927F93F2F785F82D4A2D4B0198DE
:100E7000136054604FF085422B4C00F2FC6100F28D
:100E80000C737F927E947EA8284A294C0A601C60CD
:100E90002849294A294B81ED008A82ED008A83ED99
:100EA000008AF2F70BF8264A264951E0E03200208A
:100EB0000000A04008330020000080BFE83200207E
:100EC0000C3300206666F640143300200000F0C0AA
:100ED0001C3300200000F0409A9939402433002050
:100EE0002C330020343300203C33002044330020D6
:100EF0004C330020543300205C33002094F9002050
:100F0000A8410020E44C0020A8810020291C7B433C
:100F100052B845423373CC4333335743000040C08B
:100F2000B85A0120000020400000704315AE873FF2
:100F30001E85AB3FF4360020F8360020FC3600203A
:100F40009837002091690000000070C100007041D6
:100F500004480DF5037DBDEC108BBDE8F04F04F0A7
:100F600093BD00BFA841002000000000F8B52DEDA2
:100F7000068BDFED349A00259FED338A0646B0EEEE
:100F800069AA0F46F0EE69AAF0EE488AB0EE489AD8
:100F900036E03B6804EB4404586E03689B6898474E
:100FA00000EB8400D0ED006A90ED017AF4EE6A6AFD
:100FB000D0ED027AF1EE10FAB4EE4A7A48BFF0EEC4
:100FC00066AAF1EE10FAF4EE697A48BFB0EE47AACD
:100FD000F1EE10FAF4EE496A48BFF0EE679AF1EECE
:100FE00010FAF4EE478A36FE899AF1EE10FAF4EE22
:100FF000487A48BFF0EE478AF1EE10FA37FE888A49
:101000003B68ACB20135586E0368DB689847844290
:10101000BFDBB6EE006A304679EE2A6A38EE8A7A8D
:1010200078EE297A66EE866A27EE067A67EE867A89
:10103000C6ED006A86ED017AC6ED027ABDEC068B3C
:10104000F8BD00BF0050C3470050C3C72DE9F04FA3
:10105000067B85B00D78002E8368BD4C14BF8022BE
:10106000012203911542DFF800B3BA490CBF0127F2
:1010700000270195BA46B4FBF3F40023E4B20293CF
:10108000B54B002C40F0CB80477B17F0F70F69D1B0
:10109000019D90F910C015EA020E14BF4FF001082F
:1010A0004FF0000888EA0A07BCF1FF3F0CBF002799
:1010B00007F00107002F40F02F81C77B272F0FD8A3
:1010C0004FEA071C51F80CE001EB071CDEF8049016
:1010D000DCF80C8019EA080F00F00181CEF884805A
:1010E000002C40F0048190F911C0BCF1FF3F14D0F6
:1010F0005FFA8CFCBCF1270F0FD84FEA0C1E01EBF6
:101100000C1C51F80EE0DCF80CC0DEF808E01EEA1A
:101110000C0F02D0029D15430295272F0FD84FEADE
:10112000071C01EB071751F80CC0D7F80CE0DCF8EE
:10113000048018EA0E0F00F0CE80CCF888E06EB97B
:101140005200D2B2002A9CD190F91130013302D062
:10115000DDE902231A7005B0BDE8F08F5208002ABD
:101160008FD1F1E70C2F6CD190F910707D1C19D044
:10117000FFB2272F16D84FEA071C019D01EB071776
:1011800051F80CC005EA0209D7F80CE0DCF804803D
:1011900018EA0E0F00F05A81B9F1000F00F07081CB
:1011A000CCF884E090F80FC0BCF1270F00F2DE808D
:1011B0004FEA0C1701EB0C1E51F80780DEF80C709B
:1011C000D8F8049019EA070F00F00E81C8F888706B
:1011D000002C40F0CE80D8F804C0DEF80C701CEA79
:1011E000070F00F0E880C8F88470002C40F0EA8017
:1011F00090F911707D1CA2D0FFB2272F9FD84FEA23
:10120000071C01EB071751F80CC0FF68DCF808C099
:101210001CEA070F93D0029D154302958FE74F4FAD
:10122000D3F804E03F68019DABFB077C4FEA9C4C80
:101230000CFB04FC5F68A7EB0E07BC45FAD80195D0
:1012400022E7C77B272F0FD84FEA071C51F80CE085
:1012500001EB071CDEF80490DCF80C8019EA080F9B
:1012600000F0C780CEF88480002C40F0CA8090F94E
:1012700010C0BCF1FF3F1BD05FFA8CFCBCF1270F04
:1012800016D84FEA0C1E019D01EB0C1C51F80EE024
:1012900005EA0209DCF80C80DEF8045015EA080FB4
:1012A00000F0DB80B9F1000F00F0F480CEF884800C
:1012B000272F9DD84FEA071C01EB071751F80CC0E8
:1012C000D7F80CE0DCF8048018EA0E0F00F0AE80CE
:1012D000CCF888E08CE7BF68214D3D602FE7DCF853
:1012E00008C0204DCCF80050002C3FF4FCAE1B4D44
:1012F0009146D3F80480D5F800E0019DABFB0ECEFB
:101300004FEA9E4E0EFB04FE5A68A2EB080CE6451F
:10131000FAD84A460195E6E65FFA8CFCBCF1270F45
:1013200000F288804FEA0C1801EB0C1C51F8088081
:10133000DCF80C90D8F804A01AEA090F7CD0BEF1B2
:10134000000F00F09380BA46C8F88490B5E600BF5D
:1013500020A10700381D0020001000E010370020F9
:101360003830010038F0010083DE1B43002C3FF4CD
:101370003FAF4A4DD3F804802F68019DABFB077E39
:101380004FEA9E4E04FB0EFE5F68A7EB0807BE45C2
:10139000FAD8BCF1270F019514D84FEA0C1701EBCE
:1013A0000C1E51F80780DEF80C70D8F804C01CEA57
:1013B000070F7FF418AFDEF80870394D3D60002C40
:1013C0003FF416AF354DD3F804E02F68019DABFB19
:1013D000077C4FEA9C4C04FB0CFC5F68A7EB0E07F4
:1013E000BC45FAD8019503E7DEF808702D4D3D6045
:1013F000EEE6DCF808C02A4DCCF80050002C3FF493
:1014000036AF264D9146D3F80480D5F800E0019D13
:10141000ABFB0ECE4FEA9E4E0EFB04FE5A68A2EBCB
:10142000080CE645FAD84A46019520E7BF681D4DED
:101430003D60DDE6C24640E6BEF1000F1AD0DCF8A2
:1014400008C0BA46164DCCF8005036E6BF68B9F170
:10145000000F18D0124D3D60A4E6DCF808C0B9F1C9
:10146000000F13D00E4DCCF8005021E7F246C8F81B
:10147000889022E6DCF80870F2460A4D3D601CE6D2
:10148000CCF888E08EE6074D3D608BE6054DCCF844
:1014900000500DE7CEF888800AE700BF1037002023
:1014A00038F001003830010010B472B602684B49C0
:1014B00022B190F804C0BCF10F0F53D90B8813F080
:1014C000010C27D09C0723D55A0757D51C0758D5A0
:1014D000DA0659D59C065AD55A065BD51C065CD54A
:1014E000DA055DD59C055ED55A055FD51C0560D52E
:1014F000DA0461D59C0462D55A0463D5DA0B64D052
:1015000062B600221023026003715DF8044B70473D
:101510004FF0010C012202FA0CF213430B8062B669
:101520002F4A5FFA8CF10171D36F43F0C003D36788
:10153000A2F5A03240F2824313602A4B91766344B5
:10154000917711765B01D1775DF8044B03609FEDD5
:10155000217B83ED007B83ED027B83ED047B83EDB8
:10156000067B70470B8843FA0CF4E407A7D51D4CA3
:101570006444B2EB441FA2D162B6C6E74FF0020C3E
:10158000C8E74FF0030CC5E74FF0040CC2E74FF07B
:10159000050CBFE74FF0060CBCE74FF0070CB9E7AE
:1015A0004FF0080CB6E74FF0090CB3E74FF00A0C08
:1015B000B0E74FF00B0CADE74FF00C0CAAE74FF083
:1015C0000D0CA7E74FF00E0CA4E74FF00F0CA1E7AE
:1015D000AFF300800000000000000000C0410120C7
:1015E00000C00F40807400022DE9F04F83B00190DD
:1015F000806808B106F024FD019B5B68002B00F0B9
:10160000F18053F8042C02EBC20203EB82029342F6
:10161000009200F0DF80009B53F81C0C243B0093E9
:1016200008B106F00DFD009B5B68002B00F0CC803C
:1016300053F8042C02EBC20203EB82094B4500F085
:10164000BF8059F81C0CA9F1240908B106F0F8FC78
:10165000D9F80430002B00F0AE8053F8042C02EBD4
:10166000C20203EB8208434500F0A18058F81C0C2D
:10167000A8F1240808B106F0E3FCD8F80430002BE8
:1016800000F0908053F8047C07EBC70703EB870753
:10169000BB4200F0838057F81C0C243F08B106F0D1
:1016A000CFFC7B68002B74D053F8046C06EBC606A5
:1016B00003EB8606B34268D056F81C0C243E08B1F2
:1016C00006F0BEFC7368002B5CD053F8045C05EB9D
:1016D000C50503EB8505AB4250D055F81C0C243DE5
:1016E00008B106F0ADFC6B68002B44D053F8044CF5
:1016F00004EBC40403EB8404A34238D054F81C0C5C
:10170000243C08B106F09CFC62686AB352F8043CC1
:1017100003EBC30302EB830B5A4521D05BF81C0C8F
:10172000ABF1240B08B106F08BFCDBF80420A2B16E
:1017300052F8040C00EBC00002EB800A524508D0BE
:10174000AAF1240A5046FFF74FFFDBF80420524568
:10175000F6D1AAF1080006F073FC62685A45DDD1A3
:10176000ABF1080006F06CFC6B68A342C6D1A4F193
:10177000080006F065FC7368AB42AED1A5F1080025
:1017800006F05EFC7B68B34296D1A6F1080006F035
:1017900057FCD8F80430BB427FF47DAFA7F10800B6
:1017A00006F04EFCD9F8043043457FF45FAFA8F152
:1017B000080006F045FC009B5B684B457FF441AF99
:1017C000A9F1080006F03CFC019B009A5B6893427B
:1017D0007FF421AF009BA3F1080003B0BDE8F04FF8
:1017E00006F02EBC03B0BDE8F08F00BF2DE9F84332
:1017F000044600680D4616468842A36816D8C218EB
:10180000914213D20F1A4FF001096EB103EB060893
:10181000626890450DD8B9F1000F1BD129461844D4
:1018200005F01EFCC4F80880BDE8F8834FF00009FD
:10183000EBE708F1010106F00BFC0028F4D0A368E7
:10184000C4E90008002BE6D103702068A368B9F151
:10185000000FE3D03246C119184405F07FFC23681D
:10186000002203F80820DDE72DE9F04F002383B0C4
:10187000032504460F46DFF83C8183600373C0E90B
:101880000033012241462046FFF7B0FF6B1E13F0E4
:10189000FF05F6D1042F69D907F1010ADFF818B165
:1018A0004FF005090DF104085FFA8AFA4F4509F176
:1018B00030034FF00102414620463FD009F10109B3
:1018C0008DF804308DF80550FFF790FF5FFA89F925
:1018D0000BF1010BB9F10A0FE8D1A1680B293DD832
:1018E000DFF8D0904FF0000810E043184B4511D9B5
:1018F0006368A9EB0006AB425AD320234354236804
:1019000003F805802946A5600B2927D820684D1CBF
:101910004845EAD963689D4224D90027023106F080
:1019200097FBA1680028EFD0C4E9000511B1CFB141
:10193000835DE3E701702068A168F8E71BF8013BCD
:1019400001228DF80550D1468DF80430FFF74EFF87
:10195000BAF10A0FAAD1A1680B29C1D9204603B058
:10196000BDE8F08FB9F800304352CBE70DF1040821
:10197000A946DFF848A0EBB201224146204603F118
:10198000300C9F425FFA8CFC09D08DF804C08DF8B2
:101990000590FFF72BFF0135052DECD19DE715F8DC
:1019A0000A308DF805908DF80430FFF71FFFF2E73D
:1019B0000127B3E794320020352E0020302E00207E
:1019C00000234FF07E52DFED517A30B52DED068BBE
:1019D000026095B04360044683600D46C3604B7B54
:1019E000D1ED008A91ED019A012B91ED028A68EE0A
:1019F000A78A29EE279A28EE278A05D1F0EE687A81
:101A0000F0EE488AB0EE678AF6EE00AA68EEAA8A7F
:101A100029EE2A9A28EE2A8AB0EE680A04F086FB9C
:101A2000B0EE40AAB0EE490A04F080FBF0EE409A16
:101A3000B0EE480A04F07AFBF0EE407AB0EE680AA5
:101A4000F0EE678A04F076FCF0EE407AB0EE490AD8
:101A5000B0EE679A04F06EFCF0EE407AB0EE480A01
:101A6000B0EE678A04F066FC00232A7B8DED009AB5
:101A70008DED01AA029303938DED048A0593CDEDBC
:101A8000069A07938DED080A09930A93CDED0B8A08
:101A9000052A1BD8DFE802F01A282F3203216A46F4
:101AA00008A90CA8EEF75AFC04AA0CA910A8EEF796
:101AB00055FC10981199129A139B20602046616082
:101AC000A260E36015B0BDEC068B30BD04AA694688
:101AD0000CA8EEF743FC08AAE7E704AA08A90CA89B
:101AE000EEF73CFC6A46E0E708AA69460CA8EEF768
:101AF00035FC04AAD9E76A4604A9E9E708AA04A9BB
:101B00000CA8EEF72BFC6A46CFE700BF35FA8E3CF7
:101B10002DE9F0432DED0C8BDFEDBDAA97B000252C
:101B20000646B0EE6A9A0C46F0EE6A8A14E0236824
:101B300007EB4707586E03689B68984700EB8700E0
:101B4000D0ED006A90ED017AD0ED027A78EEA68AA7
:101B500039EE079A7AEEA7AA2368AFB20135586E1C
:101B60000368DB6898478742E1DB07EE907ADFED98
:101B7000A89A0027F8EE677AB0EE69AAF0EE69BA83
:101B800088EEA78AB0EE69BAC9EE278AB0EE69CAB4
:101B90008AEEA79AF0EE69AA20E0236805EB4505D6
:101BA000586E03689B68984700EB8500D0ED006A8B
:101BB00090ED017AD0ED027A76EEC86A37EE687A57
:101BC00077EEC97AA6EEA6CAE6EE87AAA6EEA7BA6F
:101BD000E7EE07BAA7EE27AAE7EEA79A2368BDB2F9
:101BE0000137586E0368DB6898478542D5DB2AEEDB
:101BF0004ADA6BEE4BCA6AEEEA7AABEEA9DAECEEA1
:101C000029CAECEE2B7AB4EEECDAF1EE10FA40F3DE
:101C10005782B4EE67DA0023F1EE10FA7DFE277AE0
:101C2000F5EEC07AF1EE10FA40F2578237EECD7A37
:101C3000DFED706AB0EEC77AB4EEE67AF1EE10FA34
:101C400040F18E8269EEEACA6BEECB9AEBEE0ACADD
:101C5000EAEE8A9A2CEEAC0AADEE0D0AA9EEA90ABC
:101C6000B5EE400AF1EE10FA00F1C682B1EEC07A8C
:101C70009FED606AF7EE006A77EE667AF0EEE77A3B
:101C8000F4EEC67AF1EE10FA40F131829FED607AFF
:101C90009FED596A6DEE076A2CEE877A77EE267A09
:101CA00077EEA97AF4EEC67AF1EE10FA00F18482AA
:101CB0009FED526AF4EEC67AF1EE10FA40F32882F4
:101CC0009FED537AF7EE007AF0EE476AB0EE476A7E
:101CD0004B4B0FAFB26B0DF11C0839460BA811929C
:101CE0001A88CDED077AADF848205A688DED086A5C
:101CF00013929A68DB68149215930023CDED096A5C
:101D00008DED0A7A0F931093FFF75AFE0BAA414606
:101D100003A8EEF723FB96ED0CAA214696ED0A7A6E
:101D20006846D6ED0D9A4FF00009D6ED0B7A3AEEE3
:101D300047AA79EEE79AFFF719F9039B0F93049BE3
:101D40001093059B1193069B129335E0236805EBD6
:101D50004505586E03689B689847034642463946D6
:101D600003EB85030BA8AD00D3ED016A93ED027A76
:101D7000D3ED007A76EEE86A37EE497A77EEC87AE4
:101D8000CDED086A8DED097ACDED077AEEF7DEFB31
:101D900021680D9B486E0C9ADDF82CC009930368EE
:101DA00008929B68CDF81CC098470799089A284468
:101DB000099B01604260836023681FFA89F509F17D
:101DC0000109586E0368DB6898478542BEDB2146EF
:101DD0003846FFF7CBF8DDED0FBA9DED10BA4FF0A6
:101DE0000009DDED11AACDED00BA8DED01BACDED02
:101DF00002AA32E06F12833AEFFF7FBFEFFF7F3F0F
:101E0000985601200050C3470050C3C700007A43D2
:101E100000000000236805EB4505586E03689B68C9
:101E2000984723685A6E00EB8503AD0093ED009A46
:101E30001046D3ED018A93ED028A39EE6B9A116850
:101E400078EECB8A38EE6A8A8B689847284480ED12
:101E5000009AC0ED018A80ED028A23681FFA89F595
:101E600009F10109586E0368DB6898478542D1DBA8
:101E70001FED1CBA4FF000091FED1D9AF0EE4BBA92
:101E8000F0EE49AA35E0236805EB4505586E036876
:101E90009B689847226800EB8503506EAD00D3ED38
:101EA000008A93ED018AF4EE6B8A026893ED02CA10
:101EB0009368F1EE10FAB4EE4B8A48BFF0EE68BAC0
:101EC000F1EE10FAF4EE6A8A48BFB0EE48BAF1EECD
:101ED00010FAB4EE498A78FEAAAAF1EE10FA38FE9A
:101EE000099A98472844C0ED008A80ED018A80ED68
:101EF00002CA23681FFA89F509F10109586E0368BF
:101F0000DB6898478542BEDB96ED0F7A79EE4B7A17
:101F100033787AEEEBAA7AEE478A39EEC78A092B34
:101F200088EEAA9AC8EE279A2BD096ED106AD6EDC5
:101F3000116AB4EEE99AB6EE007AF1EE10FA58BFE3
:101F4000B0EE699A29EE069AF4EE499AE9EE6A8AA9
:101F5000F1EE10FA79FE299A69EEA69A68EE878A60
:101F6000A9EEE78A28EE078A082B0AD8DFE813F0E3
:101F70000D00A5002D019B0009009900A000A30001
:101F80009E001FED5D8AF0EE488A5FED606A06F103
:101F9000040996ED066A4046D6ED097A3A461FEDE9
:101FA00064AA4946E6EE267A96ED055AB0EE4A6AEC
:101FB00096ED087AD6ED075A4FF00008A5EE267A7E
:101FC000A5EEA66ACDED107A8DED0F7A8DED116A32
:101FD000ECF7B0FF55E0236805EB4505586E036844
:101FE0009B689847034696F848C00BAA03EB850305
:101FF00049463846AD0093ED007AD3ED017AD3ED32
:10200000026A29EE077A69EEA77A76EE8A6ABCF14F
:10201000000F01D0B1EE477A96F8493037EE287AB2
:102020000BB1F1EE677A77EE887ACDED0D6A8DED22
:102030000B7ACDED0C7AECF77DFF23689DED0F6AEE
:10204000DDED106ADDED117A9DED085ADDED095ADE
:102050009DED077A76EE856A586E77EEA57A37EEB3
:10206000067A03689B68CDED0C6A8DED0B7ACDED99
:102070000D7A98470B990C9A28440D9B0160426099
:10208000836023681FFA88F508F10108586E036819
:10209000DB68984785429EDB17B0BDEC0C8BBDE832
:1020A000F083F1EE688A1FEDA68A6EE7F1EE688A8A
:1020B000B1EE488A69E7B1EE488A5FEDAB8A64E722
:1020C000F4EE67CA0023F1EE10FA7CFEA77AF5EE73
:1020D000C07AF1EE10FA3FF6A9AD4FF07E520FAF85
:1020E0000DF11C08049305930693039213E65FED2C
:1020F000B87AB4EE677AF1EE10FA47D1F0EE66CA1C
:10210000F0EE679AB0EE677AB0EE67DAF0EE676AE3
:102110001FEDC16AF7EE005A37EE66AAD9EE86CAFD
:10212000A9EEC6DA77EEA59A2CEEAC0AA9EEA90ABA
:10213000ADEE0D0AAAEE0A0AB4EE460AF1EE10FA66
:1021400055D4F1EEC07AF7EE006A86EEA77A69EE12
:10215000877A27EE2C6A67EE0D6A27EE0A7AB7E5D2
:1021600077EEEC7AF0EEE77AF4EEE67AF1EE10FA3A
:102170002ED569EEEA9A6AEE4C7AEBEE0A9AEAEE0E
:102180008B7AB0EE69DAF0EE679A63E58DEE07DAE6
:102190009FED1C6ACCEE87CAC9EE879A6DEE276A5E
:1021A0002CEEA77A77EE267A77EEA97AF4EEC67A45
:1021B000F1EE10FA7FF57CAD9FED137ADFED136A37
:1021C000B0EE476ADFED127A82E5F1EE688ADCE66E
:1021D0006BEECBBA2AEE4CCAF0EE4D9AEAEE8ABA12
:1021E000AAEE8BCAB0EE6BDAF0EE4CCA32E503F021
:1021F00081FCF0EE407AA6E703F07CFCB0EE407A7A
:1022000036E500BFEFFF7FBF00000000698FE0BC34
:10221000D8F97F3F2DE9F04F2DED108BB7B08346F5
:10222000047F02AF002C00F0C4800026BB4B2425A5
:10223000BB4C9FEDBC8AB146DFF8F0A2DFF8F48218
:102240007B6382E0DBF820007A6B0368DB699342F2
:1022500040F0898040F23B20814580F08880DBF8A7
:1022600000309B69A34240F09680DBF820100B6899
:102270001FFA89F207F160009B6808EE902A9847E0
:10228000DAF81020DBF804301268D3ED095A916EA9
:1022900007F18002D3ED0A7A93ED086A07F1900303
:1022A000D7ED196A77EE887A97ED187A086876EE96
:1022B000A56A37EE067A0068C7ED1D6A064687ED07
:1022C0001C7AC7ED1E7A07F1540087ED248A87ED4A
:1022D000258A87ED268A87ED208A87ED218A87ED7A
:1022E000228A009207F17002B047DBF800309B6948
:1022F000A34246D1DBF8200003681B69434546D161
:10230000284497F854300370DBF800309B69A342EF
:102310004CD1DBF8200003681B69434542D12844B7
:1023200097F855304370DBF800309B69A34236D1F3
:10233000DBF8200003681B6943451ED1284497F849
:10234000563009F1010903358370DBF800309B69D1
:10235000A3423FF477AF5846984703687A6BDB692E
:1023600093423FF477AF98478145FFF478AFD43775
:10237000BD46BDEC108BBDE8F08F18EE901A984763
:10238000DDE75846984703681B694345B8D018EE07
:10239000901A9847B5E758469847014667E7584668
:1023A0009847C7E718EE901A9847B9E758469847F4
:1023B000B1E7D0E90123C7F808D0586899681D68CB
:1023C000DB68506007F18000916002F11001D3607A
:1023D0001560EDF7C3FFDBF80C3007F1700207F171
:1023E00080013B6707F19000DBF810307B67DBF87A
:1023F0001430BB67DBF81830FB67EDF7AFFF4A4BD3
:102400005946D7F8902007F138001A60D7F8942081
:102410005A60D7F898209A60D7F89C20DA60DBF8E9
:1024200000301B689847DBF80030594607F1400040
:102430005B68984797ED0E5AD7ED0F5A002397ED3A
:10244000106AF6EE004AD7ED116A36EE057AC7F843
:10245000903076EEA57AC7F89430C7F89830C7F870
:102460009C3027EE247AC7F8A03067EEA47AC7F82C
:10247000A4302E4BC7F8B040197D87ED2D5AC7ED1B
:102480002E5A87ED2F6AC7ED306A87ED317AC7ED96
:10249000327AA7F8CC40C7E92A44002900F0048624
:1024A00001252246214B1B6953F8223093F86C20FA
:1024B000002A40F0C7820134E2B29142F2D86C2384
:1024C00005FB03F3073323F00703ADEB030D6B1E8E
:1024D00002AABA62BDB16C22BC6AA01802FB03005A
:1024E0002346002200241A606C3343F8382C43F84A
:1024F000342C43F8302C43F82C2C03F8084C43F8C8
:10250000042C9842EFD1002900F024830023DFED52
:1025100008BAD946C7E9033315E000BF7D020000C1
:10252000B104000000000000885D0120A8410020E7
:102530006F12833AE5050000FB680133FB60DBB2F4
:10254000994240F20683074A126952F823209B0001
:102550003B6392F86C307A63002BEDD04FF0000AA9
:1025600097E000BFA8410020B4EECA9AF1EE10FA3D
:10257000B4EECB9A7AFE097AF1EE10FAF4EEE9AAFB
:1025800054BFB0EE497AB0EE4B7AF1EE10FA40F358
:102590001B82F4EEE98AF1EE10FAF4EEEA8A39FED3
:1025A000A86AF1EE10FA54BFF0EE686AF0EE6A6ABB
:1025B0006C23F96ABC6A002003FB01F1D7ED2F5AA6
:1025C0000C440B46796AF4EEE57A62643433E062D7
:1025D000F1EE10FA2063C4ED00FA84ED01AAC4ED17
:1025E000029A84ED03BAC4ED04AA84ED059AC4ED01
:1025F000068AC4ED07EA84ED08EAC4ED09DA84ED41
:102600000ADAC4ED0D7A84ED0E6A84ED0F7AC4ED1A
:10261000106AC4E91215396A84F86410B969A165B1
:10262000F969C4E91486E1657969BA6A21661344D7
:1026300084ED1AFA29D5D7ED2D7AF4EEC77AF1EEAA
:1026400010FA22D593ED017AD7ED307AB4EEE77A1D
:10265000F1EE10FA19D5D7ED2E7AF4EEE76AF1EE25
:1026600010FA12DDB7F8A860B7F8AA50AE4200F031
:10267000C281B7F8CC20D7F8B030013243F82640F9
:102680000136A7F8CC20A7F8A8600AF101031FFAC9
:1026900083FA7B6B586E3B6953449BB2FB620368C1
:1026A0005B689847824580F2DB81E44E4FEA8A18E6
:1026B0003A6B3369D9F804409B58586ED9F80C30FE
:1026C0003B66D9F810307B66D9F81430BB66D9F870
:1026D0001830FB6603681B6998473A6B336900EB57
:1026E0008A1B05469B589BF83C207B639B6E3A6295
:1026F0007B6242B1DBF80C30BB61DBF81030FB6170
:10270000DBF814307B6104F11006224607F18000EB
:102710003146EDF723FE07F1600207F1800107F172
:102720007000EDF71BFE55F8085094ED095A07F1BB
:102730007001D4ED0A5A07F1480094ED086A07F1D8
:102740005402D5ED016A95ED027AD5ED007A76EE68
:10275000C56A37EE657A77EEC67AC7ED166A87EDF9
:10276000177AC7ED157AEDF7F1FE94ED0B7A314645
:10277000D4ED0C7A224697ED12AA07F18000D7ED2E
:10278000139A2AEE07AAD4ED0DCA69EEA79A97ED1F
:1027900014DAEDF7E3FD07F1600207F1800107F1BC
:1027A0007000EDF7DBFDDBF8048094ED095A07F1CA
:1027B0005402D4ED0A5A07F1700194ED086A07F14A
:1027C0004800D8ED016A98ED027AD8ED007A76EEED
:1027D000C56A37EE657A77EEC67AC7ED166A87ED79
:1027E000177AC7ED157AEDF7B1FE94ED0B6A314615
:1027F000D4ED0C6A224697ED147A07F18000D4EDEF
:102800000D7A97ED12BAD7ED13AA27EE27CA2BEE51
:1028100006BA6AEEA6AAEDF7A1FD07F1600207F17C
:10282000800107F17000EDF799FDDBF8086094ED89
:10283000095A07F15402D4ED0A5A07F1480094ED01
:10284000086A07F17001D6ED016A96ED027AD6EDBD
:10285000007A76EEC56A37EE657A77EEC67AC7ED0E
:10286000166A87ED177AC7ED157AEDF76FFED5ED8D
:10287000027A3AEEE9EA98ED028A7BEE4AEAD5ED71
:10288000006A0BF1300238EE678A95ED017AD8EDD7
:10289000004A98ED015A94ED0B6A74EEE64AD4EDC5
:1028A0000C7A35EE475A94ED0D4A97ED129AD7ED12
:1028B000138AD7ED143A29EE069A8BED088A68EE52
:1028C000A78A95ED027AD6ED026A79EE4ADACBED67
:1028D000064A76EEC76AD6ED005AB0EE4C7AD5EDD0
:1028E000002A8BED075A6DEECE7A96ED016A75EEF1
:1028F000E25A95ED013AADEE2C7A64EEE6CACBEDE4
:102900000B6A36EE436ACBED095A25EE65CAE5EE51
:1029100088CA28EE468A8BED0A6AA6EE24CA38EEEB
:10292000E9DAA6EE858AA3EE847A2CEEAC0AEEEE06
:102930008D7AF0EE084AB7EE005AA8EE080A87EE44
:1029400024FAACEE0C0AC5EE27FAB5EE400AF1EE19
:1029500010FA00F1EE83B1EEC07AF7EE006A77EE7E
:10296000667AF0EEE77AF4EEEB7AF1EE10FA0AD43A
:10297000B5EE407AF1EE10FA36D088EE078ACCEE4A
:1029800087CA8CEE07CA8BED0C8ACBED0DCA8BED96
:102990000ECAB4EECABAF1EE10FA3FF7E5ADB4EEE6
:1029A000CB9AF1EE10FAB4EECA9A7BFE097AF1EEF8
:1029B00010FAF4EEE9AA54BFB0EE497AB0EE4A7AC2
:1029C000F1EE10FA3FF7E5ADF4EEEA8AF1EE10FA17
:1029D000F4EEE98A3AFEA86AF1EE10FA54BFF0EE7E
:1029E000686AF0EE696AE3E59FED15CAF0EE66CA23
:1029F000B0EE4C8AC7E7002E37D1D7F8B0304FF091
:102A000008082020FB6205F013FBC7F8B000002384
:102A100040F825300135ADB2A845F9D8FB6A4BB175
:102A2000184605F00DFB054B3A6B1B69B7F8A8601B
:102A30009B587B63A7F8AA801BE600BFA841002033
:102A400000000000586E013403685B689847C34B70
:102A5000E2B22844197D85B291423FF623AD2EE5BE
:102A6000FB6A3B61BD4B197D66E54FEA4608D7F826
:102A7000B0501FFA88F8FD624FEA880005F0D8FAD6
:102A8000C7F8B000B8F1000FC8D04645B646C5F348
:102A90000202294628BFC646BEF1080F94BF002394
:102AA0000123002A18BF0023002B00F07D812B1D7D
:102AB000C31A082B40F27881BEF1000F00F1200C00
:102AC00000F1100201F1100114BF734601231D46ED
:102AD0007B62A34BAD08013DADB20CEB051C1D0C98
:102AE00003F1040B1032002310316BF30F039445F4
:102AF00005F1040B05F1010511ED086B11ED067BE5
:102B00006BF31F43ADB202ED086B02ED067BE6D11D
:102B1000796A21F003028A4293B216D05D1CF96AE9
:102B2000ADB251F82320754540F823200DD251F85D
:102B3000252040F825209D1CADB2754505D251F8E1
:102B40002520033340F825209DB2A8453FF65FAF0E
:102B500064E7CB46002107F1A800EFF7D7FB814BD4
:102B6000814C00259A46DBF800309FED808AAEB29A
:102B70009B69DFED7F8AA3429FED7E9ADFF8F881A3
:102B800040F0D580DBF820000368DB69534540F056
:102B9000D58040F23B20B04240F2D480DBF80030D8
:102BA0009B69A34240F0EA80DBF820100B683246B4
:102BB00007F180009B689847D7F8AC30D7ED207AB2
:102BC000D7ED214A002B00F0338293ED037AB4EE67
:102BD000E77AF1EE10FA15D893ED057AB4EEE77ABC
:102BE000F1EE10FA0EDB93ED047AB4EEE47AF1EE36
:102BF00010FA07D893ED067AB4EEE47AF1EE10FA03
:102C000080F2DF8093ED0C7AF4EEC77AF1EE10FAE1
:102C100015DB93ED0E7AB4EEE77AF1EE10FA0EDBE7
:102C200093ED0D7AB4EEE47AF1EE10FA07D893ED55
:102C30000F7AF4EEC74AF1EE10FA40F2758193ED87
:102C4000157AB4EEE77AF1EE10FA15D893ED177A0B
:102C5000B4EEE77AF1EE10FA0EDB93ED167AF4EEAD
:102C6000C74AF1EE10FA07DB93ED187AF4EEC74A83
:102C7000F1EE10FA40F25B8193ED1E7AF4EEC77A22
:102C8000F1EE10FA15DB93ED207AF4EEC77AF1EE4F
:102C900010FA0ED893ED1F7AB4EEE47AF1EE10FA42
:102CA00007D893ED217AB4EEE47AF1EE10FA80F2CF
:102CB0004181DBF800309B69A34272D1DBF8200030
:102CC00003681B69434569D1ABB203EB430324336B
:102CD000184400230370DBF800309B69A3425AD1EB
:102CE000DBF8200003681B69434551D1ABB203EB0D
:102CF00043032433184400234370DBF800309B69FE
:102D0000A34242D1DBF8200003681B69434539D157
:102D1000ABB203EB43032433184400238370DBF886
:102D2000003001359B69AEB2A3423FF42BAF584649
:102D300098470368DB6953453FF42BAF9847B0428F
:102D40003FF62CAF07F1A800FEF74EFCD7F808D0ED
:102D5000D437BD46BDEC108BBDE8F08FA8410020F4
:102D6000020003007D020000B1040000000000002A
:102D7000FFFF7F7F6F12833AE505000058469847B2
:102D8000014613E731469847C7E758469847BBE7DF
:102D900031469847AFE758469847A3E731469847EA
:102DA00097E7584698478BE7FB6A00251A1F031FD1
:102DB000013552F8041FADB243F8041F7545F7D32F
:102DC000C3E61A465368002B7FF4FFAE1088002834
:102DD0003FF46FAFD2F808C04FF00009F7EE002AB9
:102DE000F0EE481AACF10401B0EE482ACE46B0EE3F
:102DF000481A4A46B0EE684A02E00132904251D089
:102E000051F8043F93ED1A6AB4EEC64AF1EE10FA97
:102E1000F3DDD3ED026A93ED015A74EEE66A93EDA9
:102E2000097A37EEC55AD3ED0A3AD3ED005A27EEA8
:102E3000667AA5EE237A27EE257AB5EEC07AF1EE12
:102E400010FADAD493ED073AD3ED083A66EE836AC6
:102E5000E5EE636A65EEA65AF5EEC05AF1EE10FA99
:102E6000CBD4B4EEE27AF1EE10FAC6DCF4EEE25A1C
:102E7000F1EE10FAC1DC72EEC76A76EEE56AF5EEA5
:102E8000C06AF1EE10FAB8DB96460132F0EE651A30
:102E90004FF001099042B0EE472AB0EE661AB0EE4C
:102EA000464AADD1B9F1000F47D1DBF800304A46B0
:102EB000C7F834909B69A34240F09680DBF820006D
:102EC00003681B69434540F09880ABB203EB4303B2
:102ED000243318440270DBF800309B69A34240F0B1
:102EE0009780DBF8200003681B69434540F097801A
:102EF000ABB203EB4303243318447B6B4370DBF822
:102F000000309B69A34240F09080DBF8200003680A
:102F10001B69434540F08680ABB203EB4303243387
:102F2000184480F80290FAE603F124024AE703F11C
:102F3000480247E703F16C0244E75CF82E301A6D53
:102F400092ED017AD2ED027AD2ED006A22EE077A92
:102F5000DA6C62EE277A62EE266A92ED005AD2EDC2
:102F6000015A92ED026AE5EE016AA5EE817A5A6D88
:102F7000E6EE017A92ED005AD2ED015A92ED026A24
:102F8000E5EE216A93F86420A5EEA17AE6EE217AB7
:102F9000C7ED1C6A87ED1D7AC7ED1E7A002A4AD15B
:102FA000F0EE487AB0EE487A07F16000D3E91131CB
:102FB0000A68D2F8009007F1800287ED207AC7ED09
:102FC000217A87ED228A009207F17002C84797F8AC
:102FD000613097F860207B63DBF8003097F86290EF
:102FE0009B69A3423FF46AAF3A6358469847036827
:102FF0003A6B1B6943453FF468AF3A6331469847E3
:103000003A6B0270DBF800309B69A3423FF469AF72
:103010005846984703681B6943453FF469AF3146FA
:1030200098476AE7314698477BE7584698476EE7E6
:1030300007F1A802CAE6F7EE007A9A6D71EE677A98
:10304000F0EEE77AF4EEC97AF1EE10FA52D592ED8D
:10305000006A92ED011AF7EE007ADA6D72EE677A85
:10306000F0EEE77AF4EEC97AF1EE10FA32D592ED8D
:10307000007AD2ED017AF7EE006A1A6E37EE067A20
:1030800077EE817A71EEE66AF0EEE66AF4EEC96AEE
:10309000F1EE10FA0ED5D2ED006AD2ED011A37EE3C
:1030A000267A77EEA17A7FE79CB00B4602AABA6235
:1030B000FFF711BAF0EEE16AF4EEC96AF1EE10FA28
:1030C00028D4D2ED006A92ED016A61EEA66A61EE43
:1030D000861AE4E7F0EEC27AF4EEC97AF1EE10FA5D
:1030E00022D492ED007AD2ED017A22EE077A62EED6
:1030F000277AC0E7F0EEC17AF4EEC97AF1EE10FA61
:103100000DD492ED006AD2ED017A21EE066A21EE2D
:10311000271AA0E7F0EE481AF0EE486ABFE7B0EED3
:10312000481AB0EE486A96E7F0EE487AB0EE487A70
:10313000A1E77A6002F0DEFC7A68B0EE407A0CE437
:10314000BA4B30B51B7803F01F02052A09D803F0EB
:103150000703013B042B2AD8DFE803F0424B552438
:103160003800063A0C124FEA214E172A00F2588115
:10317000DFE812F00601FF00F000E1004F0051010E
:10318000490141013A012A011D010D01B000A900C8
:103190009E009000830076006F006800D500D1008B
:1031A000C500B700A24B03EA012343EA2141A14B2A
:1031B00000EB40004FEA214E1A684FEA212C131809
:1031C00002F800E083F801C0997030BD0A0401F4F0
:1031D0007F4302F47F0243EA214342EA0301E6E728
:1031E0000B02C1F3072201F47F019BB21343194381
:1031F000DDE70B020A1203F47F03C9B202F47F4237
:1032000013431943D3E70B0403F47F0343EA21215B
:10321000CDE7894DC1F3072E00230D4045EA016536
:103220004FEA156CC5F30745002282496CF307028B
:10323000096865F30F226EF3174263F31F6241F8CA
:10324000202030BD5FFA8EFC4FF0000ECDB2E3B20D
:10325000EAE75FFA8EFC4FF0000EE5B2CBB2E3E78F
:103260004EEA016501F47F432B434FEA156CC5F329
:103270000745C3F3072EDBB2D6E7E3B243EA0E23DA
:1032800043EA01634FEA136CC3F30745C3F3072E08
:10329000DBB2C9E70B029BB243EA046343EA0E03C5
:1032A0004FEA136CC3F30745C3F3072EDBB2BBE74A
:1032B0002206CBB242EA0E2E4FEA1E6CCEF3074531
:1032C000CEF3072EB0E75FFA8EFC00255FFA81FE91
:1032D000E3B2A9E75FFA8EFC0025C1F3072ECBB25B
:1032E000A2E722044EEA016302F47F024FEA136C64
:1032F0001343C3F30745C3F3072EDBB294E74E4DE8
:10330000E3B24FF0000E0D4045EA01654FEA156C3F
:10331000C5F3074588E70B0403F47F03BCE721F4FA
:103320007F434FF0000E43EA04634FEA136CC3F38C
:103330000745DBB278E70B0403F47F0343EA046339
:1033400043EA0E234FEA136CC3F30745C3F3072E7A
:10335000DBB269E70B02384A9BB20A4043EA0463D6
:1033600013434FEA136CC3F30745C3F3072EDBB2D5
:103370005AE75FFA8EFC0023CDB2C1F3072E53E764
:103380005FFA8EFC0023E5B25FFA81FE4CE70B0486
:1033900001F47F414FF0000C41EA0E0103F47F037A
:1033A0000B43C3F30745C3F3072EDBB23CE70A0424
:1033B0004FF0000CE3B202F47F0242EA0E2ECEF38D
:1033C0000745CEF3072E2FE70B0222049BB202F42F
:1033D0007F0243EA0E0313434FF0000CC3F307458B
:1033E000C3F3072EDBB21FE7CBB2220443EA0E235E
:1033F00002F47F02EFE7C1F307455FFA81FEE3B213
:103400004FF0000C10E7C1F30745C1F3072ECBB214
:103410004FF0000C08E7CBB21B0443EA01638FE7CF
:1034200000239E461D469C46FEE600BF5C5D0120D3
:1034300000FFFF00585D01200000FFFF2DE9F04F65
:1034400089B00793C36805909A4200F244810378DB
:1034500044685B0084F8A53040F20113A4F82F31D2
:103460000023F3F73BFF0690002800F03481129B05
:10347000002B00F032814FF0000B0599129ACB68B7
:10348000A2EB0B024D680C789A421646284628BFDC
:103490001E46129B9B1B0496F6B25B4501938CBFA4
:1034A000002301230293F3F731FB002800F0108181
:1034B0004FF000036400012E4FF0000AE4B2A5F8BB
:1034C000A23040F2014338BF0126DFF84483BAF14D
:1034D000020F44EA0303D8F8009003932B6931D913
:1034E000544695F8A320872A4FD959690A0500F157
:1034F000B28011F4105F40F07E81D8F80020A2EB7A
:103500000902322A00F27781022C95F8A30094BFB9
:1035100000270127B0420AD34FB1D86D400706D12A
:103520008A0500F19C80029A002A00F09880EFF74B
:1035300055FABAF1020F00F24C81A2462B69BAF19A
:10354000020FCDD8DA6D500702F00701C8D4701E03
:1035500054465144039F40F4807044B91F660134BF
:103560000A1B032ABDD8022CBBD8002CF6D0012C94
:1035700000F03581019A5A4502D84FF400721A665C
:1035800095F8A3200324872AAFD8D96D11F4E02F32
:10359000C1F30240A9D0511C1F6F05EB020C01289A
:1035A000C9B285F8A3108CF81A709ED088299CD0D7
:1035B00002F1020C1F6F294402285FFA8CFC85F887
:1035C000A3C08F7691D0BCF1880F8ED0D11C1F6F15
:1035D000AC440328C9B285F8A3108CF81A7084D0C3
:1035E000882982D002F1040C1F6F294404285FFA55
:1035F0008CFC85F8A3C08F763FF477AFBCF1880FC1
:103600003FF473AF511D1F6FAC440538C9B285F844
:10361000A3108CF81A703FF468AF88293FF465AFA7
:1036200002F1060C1F6F294401285FFA8CFC85F813
:10363000A3C08F763FF459AFBCF1880F3FF455AF6C
:10364000196F0732AC4485F8A3208CF81A10596919
:103650000A057FF54EAF1A6942F440721A61DA6DBD
:1036600012F4E02F03D01A6942F400721A6195F83F
:10367000A330049A9A422ED1002A00F0B280059B12
:103680005D6800242846079F2646DDE9045817E0B8
:1036900090F8A23090F8A3209A4203F1010203446B
:1036A00040F2B18080F8A220987E01343E44A4B25A
:1036B00006F80B00A542264640F29380D8F8040095
:1036C0000368524A5B699342E2D09847C0B2ECE784
:1036D000049B042BD5D000230693069809B0BDE8BF
:1036E000F08FD96D11F4E02FC1F3024053D0511C7B
:1036F000D3F870C0AC180128C9B285F8A31084F8BB
:103700001AC048D0882946D0941CD3F870C02944E8
:103710000228E4B285F8A34081F81AC03BD0882C77
:1037200039D0D11CD3F870C02C440328C9B285F815
:10373000A31084F81AC02ED088292CD0141DD3F8D9
:1037400070C029440428E4B285F8A34081F81AC067
:1037500021D0882C1FD0511DD3F870C02C440538BF
:10376000C9B285F8A31084F81AC014D0882912D0E1
:10377000941DD3F870C029440128E4B285F8A34011
:1037800081F81AC007D0882C05D0196F07322C4455
:1037900085F8A320A17659690C053FF55CAF11F4BB
:1037A000105F28D1D8F80020A2EB0902322A22D8D3
:1037B00095F8A320B2420AD34FB1DA6D500706D173
:1037C0008A053FF54CAF029A002A3FF448AFEFF765
:1037D00005F995F8A3202B69872ADCD881E71866BC
:1037E000BDE6049B9B44129B5B453FF646AE0698A4
:1037F00009B0BDE8F08F1A6942F440721A614FF4C3
:1038000000721A662BE7FF204FE700BF212B010053
:10381000384301202DE9F04F066883B09B46DDF860
:103820003090002E36D0446896F813C0D4E90035A5
:10383000BCF1000F40F00481B468B6469C4200F031
:103840004581AB4CB360A469DFF8B4C2C4F301187E
:10385000C4F382645CF828800134B8FBF4FC002BCC
:1038600040F03681A04506D30CF10104B4F5817F08
:10387000C0F04E819F4BF36034684FF0000C7646E9
:10388000C4F810C04FF0030CC4F824C02364012313
:103890002566236190F90E305C1C40F0BF80002A41
:1038A0003AD0013A01F1FF3A0DF1070440F2012844
:1038B0008D1804E02146FDF7C9FB55452CD01AF8B8
:1038C000013F8DF80730002EF4D032684FF0010C24
:1038D0002146C2F810805366136F9F0707D40B462A
:1038E000576F11B103F8017B19460CF1FF3C536986
:1038F000DB07F1D5BCF1000FDFD0136F9F07FCD4BD
:103900000B46D2F874E011B103F801EB1946BCF193
:10391000010CF2D15545D2D1B9F1000F41D009F1D6
:10392000FF350BF1FF380DF10704FF275D4440F22E
:10393000012909E02146FDF789FB9DF8073008F8C9
:10394000013F454506682CD08DF80770002EF1D058
:10395000326821460126C2F810905766136F9B0704
:1039600007D40B46D2F874E011B103F801EB194605
:10397000013E5369DB07F1D5002EDED0136F9B07A4
:10398000FCD40B46D2F874E011B103F801EB1946F0
:10399000013EF3D19DF8073008F8013F4545066820
:1039A000D2D190F90E305D1C29D126B3F37C13B32C
:1039B000DC0704D5B16A4FF0E022C2F80011980785
:1039C00004D5F16A4FF0E022C2F80411590704D57A
:1039D000316B4FF0E022C2F808111A0704D5716B61
:1039E0004FF0E022C2F80C11DB0604D5B26B4FF0A9
:1039F000E023C3F81021012003B0BDE8F08FDBB253
:103A0000272BD2D819013C4A02EB03135258D9682C
:103A10005068084276D0C2F88410C6E7DBB2272B84
:103A20003FF63DAF1D01344C04EB03136459DD68D0
:103A3000D4F804C01CEA050F55D0C4F888502EE70E
:103A400072B696F813C01CF0010F08D04FF0E028B2
:103A50007769D8F880413C40B462C8F880411CF0D6
:103A6000020F08D04FF0E028B769D8F884413C40F5
:103A7000F462C8F884411CF0040F08D04FF0E0282D
:103A8000F769D8F888413C403463C8F888411CF095
:103A9000080F08D04FF0E028376AD8F88C413C4036
:103AA0007463C8F88C411CF0100F08D04FF0E02E62
:103AB000776ADEF890413C40B463CEF8904162B63C
:103AC000B468D0F800E09C427FF4BBAEF368D3E664
:103AD0009C451BD3BCFBF3F4BCFBF4FC9C457FF67C
:103AE000C5AEA446C0E69B68044C1C60D7E600BF88
:103AF00000C00F40FF7F7F00381D002038300100DC
:103B0000B81F00209B68084A1A604EE70023B2E6FF
:103B1000022CFBD9023C4FEA540C4FEA0C4343EA17
:103B20000C232343A7E600BF38F001002DE9F8433A
:103B300090F82F81B8F1000F6DD00546F2F7E6FF3F
:103B4000002868D0414E4FF00009376800E0A146D8
:103B5000C8452A6936D24C46536919052BD45805F5
:103B600068D499045CD43168C91B322958D8A0455F
:103B700004D2D26D520701D1980565D4EEF72EFF1D
:103B8000C845E4D22A695369190514D4580551D49B
:103B9000990445D43168C91B322941D8A04504D2C3
:103BA000D26D520701D19B054ED4EEF717FF2A695B
:103BB00053691905EAD51369042043F4407313616E
:103BC000BDE8F883D16D4C46480701F00703C3D424
:103BD00013E095F8A5100133022441F48061042B11
:103BE00011661BD0804503F1010305EB00010ED9DE
:103BF00091F8A510042B1166AED00120002CE8D05E
:103C0000204601330134804505EB0001F0D84FF424
:103C100000731366A0E70420BDE8F88301249BE746
:103C200013694FF40071042043F44073136111666B
:103C3000BDE8F88313694FF40071022043F4407328
:103C400013611166BDE8F8830020E5E738430120E1
:103C5000F8B5A54C0146A36A002B51D040F20110E3
:103C600094F83020A14E5200A3F82F01186883F871
:103C7000A5200268B24240F03F81B3F830210D46E2
:103C8000E2B915F8011BB3F830211ABB15F8011B76
:103C9000B3F83021002A40F0EE8015F8011BB3F88C
:103CA0003021002A40F0DF802978B3F83021002A43
:103CB00040F0CE801846BDE8F84037E7022283F88E
:103CC0002F21002283F8A620026815F8011BB242BA
:103CD00040F01E8193F82F21882A00F2098198185C
:103CE000013283F82F21A36A80F8A5101A6815F80D
:103CF000011B1268B242CBD018469047A36AC5E0B8
:103D0000226C01F1040C206D1368666A23EA00033B
:103D10001360D4E90E0311F8012B4EB135686A66C1
:103D2000EA6D12F4F81FFBD06A6F6145F3D1F8BD5C
:103D3000056812F0800FA76C0CBFBD433D4312F025
:103D4000400F05601D68E76C45EA07051D601D68AA
:103D5000E76C25EA07051D600568A76C0CBFBD432D
:103D60003D4312F0200F05601D68E76C45EA07052A
:103D70001D601D68E76C25EA07051D600568A76CD6
:103D80000CBFBD433D4312F0100F05601D68E76C8A
:103D900045EA07051D601D68E76C25EA07051D60FB
:103DA0000568A76C0CBFBD433D4312F0080F0560CA
:103DB000E76C1D6845EA07051D601D68E76C25EA8C
:103DC00007051D600568A76C0CBFBD433D4312F09D
:103DD000040F05601D68E76C45EA07051D601D6856
:103DE000E76C25EA07051D600568A76C0CBFBD439D
:103DF0003D4312F0020F05601D68E76C45EA0705B8
:103E00001D601D68E76C25EA07051D600568A76C45
:103E10000CBFBD433D4312F0010F05601D68E76C08
:103E200045EA07051D601D68E76C25EA07051D606A
:103E30000268A56C14BF2A43AA4302601A68E56CA5
:103E40002A431A601A68E56C22EA05021A606CE7D8
:103E500093F82F21882A3CD901225A60A36A184678
:103E6000BDE8F84062E693F82F21882A29D901227B
:103E70005A60A36A14E093F82F21882A1DD8981855
:103E8000013283F82F21A36A80F8A5101A6815F86B
:103E9000011B1268B2423FF402AF18469047A36A72
:103EA0001A6829781268B2423FF4FFAE184690476C
:103EB000A36A1846BDE8F84038E601225A60A36AB2
:103EC000E4E79818013283F82F21A36A80F8A5103F
:103ED000E6E7501C1A4483F82F01A36A82F8A51064
:103EE0001846BDE8F84021E6A84C0120592B0100F6
:103EF00001225A60A36AF9E618460D460021904750
:103F0000A36A15F8011B1A681268B2423FF4BBAEEF
:103F100018469047A36AE9E6F8B50D4672B63D4AE1
:103F200000233D49841C91610221D16140F2064188
:103F3000C2F8A030C2F8F0124FF47021C2F8F43287
:103F4000C2F8F832C2F8FC3220F01F03C2F8A41005
:103F50000121C2F8B010BFF34F8F4FF0E022C2F83A
:103F60005C3F20339C42FAD8BFF34F8FBFF36F8F73
:103F7000284A5369DC07FCD50123284920F07F40FB
:103F8000244C53614026C2F8F01242F20121244F22
:103F9000C2F8F4122349C2F8BC30C2F8A0000220D3
:103FA000C2F8A410C2F8B03001E0590627D4636902
:103FB000DA07FAD541211C4B0020164A6161012124
:103FC000C4F8F032194DC4F8F402194CC2F8B81014
:103FD000C2F8A000C2F8A450C2F8B0105369DF07BD
:103FE000FCD551612378DE07F0D41368094943F00A
:103FF000010313600B68DB07FCD462B6F8BD2946E9
:10400000024618B10544384603F0A8F8002066615E
:10401000CDE700BF00802A40F05AF05A3204180859
:1040200080812A4002000F000504012401000F00D6
:1040300000812A40C14B0021C14A2DE9F04F1B7875
:1040400083B0DFF874A303F01F03BE4D9AF800B0ED
:10405000052BBD4B1B8894BF03EB43039B00C5E9B5
:1040600000111360C5E90211BBF1000F3AD0B74847
:104070004FF0010EB64CDFF84493DFF84483B54FA0
:1040800010F8013B272B4FEA031C04EB031226D840
:1040900054F80C3003F1040CC3F38733032B1ED800
:1040A000D26855F8236092FAA2F208F80130B2FA09
:1040B00082F209F801200EFA02F246EA020BA64E3D
:1040C00045F823B057F823B02BEA020B47F823B08A
:1040D0005CF806301A434CF806209AF800B001311B
:1040E0005945CDD3974B03F11001BFF34F8F4FF0DC
:1040F000E022C2F8703F20339942FAD8BFF34F8FC5
:10410000BFF36F8F954A9FED967AD2ED007AD2ED8C
:10411000006AF8EE677ADFED935AF8EE666A9FED73
:10412000926A864B67EE877A92ED007A66EEA56A10
:104130001B78B8EE477A8D4EFCEEE77A03F0C003A9
:10414000FCEEE66A27EE067A402B17EE901A16EE82
:10415000902ABCEEC77A8FB290B2378217EE102A3F
:10416000708292B2B28208D17F0040005200BFB28A
:1041700080B292B237827082B2827D4B4FF02508B6
:1041800000244FF0050ED98B43F20B0C4FF4804BFB
:10419000DFF8309221F007010904090CD983A3F854
:1041A0000E804FF041087349A3F814805C81DC80D5
:1041B0001F801F8243F22307DFF80C829F81A3F840
:1041C0002EE05C85DC841884188641F61D50A3F827
:1041D0002CC0A3F84EE0A3F84A40A3F84640A3F849
:1041E0004020A3F85020A3F84CC00B6F43F44003C9
:1041F0000B671D21604B1A8802F47F4242F02402B3
:104200001A801A88D2B242F414521A805A8802F4E0
:104210007F4242F026025A80A3F88400A3F8861059
:104220005648FDF741F9464BB2694FF4A07C196836
:104230005348C900156050608FB25249D4609161F3
:104240005149C2F8088011610821D782A2F814B040
:10425000D78396F81CE091834C4F4D4AD9F8003033
:1042600047F82E4047F82E204A4A4B481A604B4ADE
:10427000A3F814B01A614A4AA3F816C05A60A3F80A
:104280001EC09B619C83C3E90284FDF70DF903689E
:10429000D9F80020998BDFF834C121F0800109049E
:1042A000090CD2E9009E9983D2E90217C3E9009E66
:1042B00099600179DF600CEB511001F01F0E4FF097
:1042C000010C80000CFA0EFCD2E90479D2E906E276
:1042D000C3E90479C3E906E22C4F0BB2314A10312D
:1042E00047F8234047F823202F4B304A43F821203A
:1042F000C0F800C02E48FDF7D7F8114B21491868C7
:10430000336A1F4A9961C1005A6089B2234A1D600D
:104310001A61D982D983882196F82420998321466D
:10432000C3F80880A3F814B0DC60224B47F82240A1
:1043300047F822309AF800204AE000BF5C5D012077
:10434000D4410120E08A2020545D0120605D0120DD
:10435000381D002068C00A4000801BFE1437002072
:10436000ACC5A735B00FA1349C534935885D0120F9
:1043700000801E4000C00F4000C03B40A05D0120F7
:10438000080002230000FFFF84801B4000C00E4095
:104390001E00008080302020C441012088801B4006
:1043A000080002031F000080003C00209548010027
:1043B000A85D01205E000080D84101200442012058
:1043C000DC410120404201201000007C40380038D0
:1043D0000A4D00FB02F22868019202F0C1FD084B71
:1043E000186830B1019A214603B0BDE8F04F02F0E1
:1043F000B7BD2A681A6003B0BDE8F08F2C420120D7
:10440000585D01202DE9F04FDFF86C8285B0D8F8B7
:104410002020938B1B06FCD5844B854C19682068A3
:10442000DFF858A28142834D06D09AF800302A68FE
:1044300003FB02F202F092FE7F4B4FF0050C7F4827
:104440004FF0250EDA8B41F21006002192B217468A
:1044500003924FF4205227F00707BFB2DF83A3F87F
:104460000EE0A3F82EC0A3F84EC0B0F884309BB283
:104470001E43A0F88460B0F886309BB243F010036E
:10448000A0F886306E4802F06BFD29686D4850290F
:104490000A469AF8003028BF50220260002B00F034
:1044A000C28023684FF0010B674F0024674EDFF88E
:1044B00090910193029501E0029B196816F8013B67
:1044C00017F8010B019D0BFA03F309EB8000009232
:1044D00001FB04510134F2F70DFE9AF80030009A06
:1044E0009C42E9D3029D564B09EBC210BFF34F8F9C
:1044F0004FF0E021C1F8703F20339842FAD8BFF363
:104500004F8FBFF36F8F296850296ED8D300504862
:10451000504C082102689BB2C2F800901461D3820B
:10452000918398F824104FF47A7A4B4AB8F81030F7
:10453000117798F81C400133DFF84491D4769BB290
:1045400000790124DFF820B1D076D17602F580120F
:1045500000214248518153854149A2F84A30414BDC
:1045600053E8002F0E68076843E80042002AF7D19D
:10457000DBF804E02A68AEEB070ED9F800C00AFBAE
:1045800006F6D8F8287002EB8202AEFB0CECF61BA4
:104590005200BCF57A7F94BF664406F57A7602F540
:1045A00096729642DCD3039A0126234C42F007020E
:1045B000E28353E8002F0C68056843E80062002A94
:1045C000F7D1294B5B684FF47A71D9F800205B1B57
:1045D00001FB04F4A3FB02328A4294BFA4186418BE
:1045E000C8F8284005B0BDE8F08F204B4FF4A07408
:1045F000174878291A68174E0368C3F800901E619F
:104600004FF00006DC829E834FF012069E83184B0B
:104610001360D48204D99683164B01221A7080E766
:1046200010239383F8E7DFF818905CE7585D0120CA
:104630002C420120D441012000801E4000C03B409C
:1046400080302020D0410120DC41012004420120A3
:10465000C441012088801B4000800E403C43012063
:104660003843012034430120001000E04042012083
:1046700080442020CC410120885D0120D8410120C8
:104680004043012038B52DED048B90F82C50F7EE07
:10469000007A90ED009AB0EE408A092D044677EE3C
:1046A000C98A5BD86A1C00EB85039FED547AD5B2AA
:1046B00080F82C50012D83ED010AD0ED017A77EEC0
:1046C000877A05D090ED027A022D77EE877A57D15E
:1046D00007EE105A94ED116ADFED495AB8EEC77A29
:1046E000C7EE876A66EEA87AE8EE097A77EEC66AC0
:1046F00086EEA57AB5EEC07AF1EE10FA01D59FEDFF
:104700003F7A9FED3F6AD4ED0F5AD4ED0E6AA5EEC5
:10471000C67A94ED0D0ADFED395A67EE266A84ED0C
:104720000C7AA6EE860AB4EEE50A84ED0D0AF1EEE7
:1047300010FA55D4B7EE007AB4EEC70AF1EE10FACB
:1047400005DDB0EE470AC4ED0C5A84ED0D7A37EE64
:10475000800AC4ED117ABDEC048B38BD00F108016C
:104760002422043003F0E8FBD4ED017ADFED236A64
:1047700094ED027A77EEA67A84ED0A8A77EE877A4C
:1047800094ED037A032D77EE877AA1D094ED047A25
:10479000042D77EE877A9BD094ED057A052D77EE80
:1047A000877A95D094ED067A062D77EE877A8FD0AA
:1047B00094ED077A072D77EE877A89D094ED087A01
:1047C000082D77EE877A83D094ED097A092D77EE5C
:1047D000877A3FF47DAF94ED0A7A77EE877A77E7B0
:1047E000B0EE650AC4ED0C5AC4ED0D5AC4ED117A51
:1047F00037EE800ABDEC048B38BD00BF000000001E
:10480000CDCCCC3DF6EE006A91ED017AD1ED007A87
:1048100027EE267A67EEA67A80ED017AC0ED007A5F
:10482000704700BFB4EE400BF1EE10FA80F1A580A6
:10483000B0EEC07B9FED6B6BB4EE467BF1EE10FAF1
:1048400000F390809FED697BB4EEC70BF1EE10FA98
:1048500000F381809FED677BB4EEC70BF1EE10FA99
:1048600000F1B680B5EEC00B30B5F1EE10FA2DEDCB
:10487000028B8DB07DD400259FED607B30EE070B61
:10488000FCEEC07BB8EE678B17EE903A30EE488BAB
:10489000002B76D1302321208DF82D303DB1013809
:1048A0002D22C0B200F130036B4403F8242C554C88
:1048B00023782BB103ABC0F122011844EEF7CEF9F7
:1048C000B2EE046B2E2322788DF80C3028EE067B96
:1048D000FCEEC75BCDED015A9DF8043005EE903A31
:1048E0003033B8EEE55B8DF80D3037EE457B27EEC3
:1048F000067BFCEEC75BCDED015A9DF8043005EE5A
:10490000903A3033B8EEE55B8DF80E3037EE457BEC
:1049100027EE067BFCEEC75BCDED015A9DF8043017
:1049200005EE903A3033B8EEE55B8DF80F3037EE98
:10493000457B27EE067BBCEEC77B17EE103A303383
:104940008DF810301AB1052103A8EEF787F90DB0E4
:10495000BDEC028B30BD2B4B1B788BB103212A4859
:10496000EEF77CB9274B1B7853B103212748EEF7AC
:1049700075B9B1EE400B01257EE7224B1B7863BB76
:104980007047234C092B4FF02100A4FB032E4FEA64
:10499000DE0E0EEB8E02A3EB420202F130028DF826
:1049A0002D207FF67BAFA4FB0E3201387146D20872
:1049B000C0B2092902EB820300F1300CAEEB4303D5
:1049C0009646EC4403F130030CF8243CEBD865E741
:1049D0000C4B1B78002BC1D1704703210D48EEF71B
:1049E0003DB900BFFFFFFFFFFFFFEF7F000000E0CA
:1049F000FFFFEF41000000E0FFFFEFC12F431CEB82
:104A0000E2360A3F304301204C3200204832002079
:104A1000CDCCCCCC443200202DE9F04704461546DD
:104A2000501CE268904214D822780E466168520009
:104A300081F8A52040F20112A1F82F219BB16768EF
:104A40001A4A3968D1F80480904504D1B7F830216A
:104A50008AB9BDE8F087194638460122C04780462A
:104A6000B8F1010FF5D12A46314620460123BDE8B1
:104A7000F047F2F733BC97F82F21892A0FD04FF077
:104A80000109C84607F1A50019461044424602F044
:104A900065FB97F82F31994487F82F91E0E70121C2
:104AA0004FF000097960C846ECE700BFD54101002E
:104AB0000368F0B45BB300249C600124DC60244CE8
:104AC000244D1C44241145F8241003211A60224A65
:104AD00099600379214D13551378517820488B4202
:104AE000C0F8285228BF0B469178D2788B4228BF55
:104AF0000B46934228BF13461A484FF0E0224FF06E
:104B0000806180F87A30C2F80C11F0BC7047164E04
:104B10004FF0010C154CF56E154F45F44055F566F8
:104B2000C7F800C0A568046075B1124DA66905609C
:104B300066B11035A66A056046B1A56B30340460D5
:104B400015B10360F0BC70472346B8E72B46B6E7C3
:104B500000BFF7BFE03E00202C37002071A7000007
:104B6000003C002000E400E000C00F40004108408D
:104B700000400840104108403D4BDFED3E6AD3ED58
:104B8000007AD0ED190AF8EE677A90ED1D7A70B5CB
:104B900087EEA60A04462DED028B90ED188A70EE82
:104BA000C80A30EE070A01F08FFA38EE000A94F8CE
:104BB000682084ED1C0A92B394F86A307BB3531ECC
:104BC000DBB202E0591E1A46CBB25E1C04EBC601F2
:104BD000D1ED007AF4EEC07AF1EE10FAF2D812B20A
:104BE00030EE670A237804EBC205DFED236A012B60
:104BF00095ED027A77EE677A80EE277A37EE267A9D
:104C00001BD0022B0ED104EBC606D6ED017A94F828
:104C10006930C4ED1B7A13B16368C3ED007ABDEC53
:104C2000028B70BD04EBC606D5ED036AD6ED017AA2
:104C300076EEE76AE7EE267AE9E79FED100A04EBE5
:104C4000C60627EE000A01F075FBB7EE007AF6EE15
:104C5000007A95ED036AD6ED016A37EE400A60EE00
:104C6000277A37EE677A67EE867AE6EE877ACEE7BE
:104C70003843012000007A4400000000DB0F494067
:104C8000F8B504461546BAB143680E469A4206D8AE
:104C900031462068A560BDE8F84002F0E1B9511C3A
:104CA000006803F0D5F9074660B1A368C4E90005C0
:104CB000002BEDD10370EBE7036803B11A700023FA
:104CC000A360F8BD206810B103F0BAF92760002393
:104CD000C4E90133F8BD00BF002100F1240300F155
:104CE0003002C160016141618161C16101620021E5
:104CF00070B5514C046000F5DB6442F8041C42E9D5
:104D000003110C329442F8D100F2D565C0F8CC16EC
:104D1000C0F8D01600F67D5480F8D4162A4600213B
:104D200011600C3242F8081C42F8041CA242F7D170
:104D300000F580529FED416A80F87D1DF6EE004A35
:104D400002F66476A0F87E1DC0F8801DF0EE465A8B
:104D5000A0F8841DF0EE466A82F85E1FB0EE467A37
:104D600086ED006AF0EE467A86ED016A02F66C7610
:104D7000334C02F6747286ED006A4FF0000E86ED39
:104D8000016A4FF6FF7C82ED006A00F1100682EDA9
:104D9000016A00F684520172211D446011ED016A1E
:104DA000033391ED005AB4EEE66A23F803EC03F8FE
:104DB00001ECA3F8AEE6F1EE10FA83F8B0E6B4EE3B
:104DC000E55A76FE866AF1EE10FAB4EEE76AD4BFD1
:104DD0000C463446F1EE10FA01F10801B4EEC75A60
:104DE000D4ED005AC0ED036A58BFF0EE467AC0ED2C
:104DF000045AF1EE10FAC0ED057A58BFB0EE457ACC
:104E00009D4237EEA65A37EE256A80ED067A25EEEA
:104E1000245A26EE246A80ED075A80ED086A22F8AB
:104E200002CFA2F876C4A2F8ECC8A2F862CDB5D140
:104E3000BDE87040E1F7FAB9442E00200000000000
:104E4000F0782020DFF858C0002301224FF07E5177
:104E5000C0F860C04FF4000C8360C0F864C04FF02D
:104E6000000CC360036143618361C36103624362F9
:104E70008362C362036343638363C3630364436402
:104E80008364C3640365436580F86A20C36603676F
:104E90004367A0F868C08365C1650270704700BFB2
:104EA000FFFF7F7F10B4104C034680ED0B0A4FF0DC
:104EB000000C046000201222996198829886C3F841
:104EC0001CC0C3F820C0C3F824C0C3F828C0C3F86E
:104ED00030C0C3F838C0C3E90100C3E90300181D9E
:104EE0005DF8044B03F028B8A02E002026490346A5
:104EF000DFF8A0C0002230B543F8081B00250146AA
:104F000000F52274C3F800C0203343F81CCC43F8EA
:104F1000182C43F8142C43F8102C43F80C2C43F8AD
:104F2000082C43F8045CA342ECD100F55E74DFF872
:104F300068E04FF0000C154AC3F800E00C3343F86A
:104F400008CC43F8042CA342F6D10022012400F53A
:104F50002073A0F844250271C0F80825C0F80C257C
:104F6000C0F81025C0F81425C0F81825084A80F8A4
:104F70004645026120308342FBD14FF03F4241F869
:104F8000202F9942FBD130BDB42E00200AD7233CFC
:104F9000000080BF6F12833ACDCC4C3D4FF07E5C59
:104FA00070B50446C0F800C0C0F810C090B0C0F89A
:104FB00038C000201D4616462062E062A06460658D
:104FC0000B6860620993214BA06220636063E06418
:104FD0002065A065E0656060A060E0606061A06140
:104FE000E061E063206460645868D1F808E0D1EDC6
:104FF000017A09A9B3F800C09A68DB680D9005A88A
:10500000CDED0A7ACDF82CE0ADF830C00E920F93BA
:10501000FCF7D6FC059B01AA05A804F11001019339
:10502000069B0293079B0393089B0493EDF72AFFCB
:1050300032687368B0682968226263626A68AB6824
:10504000A062E1622263636310B070BD98560120D4
:1050500000234FF07E52436002608360C3600261B0
:1050600043618361C361036243628362C26202631C
:1050700042638263C363036443648364C3640365FC
:1050800043658365C365704710B54FF0040E044651
:10509000944688B080F800E04FF07E5000226060B7
:1050A000E061206460640020A4F848200DEB0E024B
:1050B000A062E062206360632062606291ED006A3A
:1050C000D1ED016A02A99CED007ADCED017A37EEA0
:1050D000065AA06077EEA65AE06020616061A06188
:1050E000A0630E4884ED0A6AC4ED0B6A84ED0C7A65
:1050F000C4ED0D7AE06304A88DED025ACDED035A9C
:10510000FFF780FB05991A46DDF810C06162211D8A
:10511000C4F820C0EDF7B6FE08B010BD0000204175
:10512000002310B443600381054C0A888B78046027
:1051300082805DF8044B8371A0F8072043727047AA
:10514000E02E0020D54BD648D649D74A2DE9F04F5E
:105150002DED028BC3E90010A1F580410024D34D51
:1051600083B0116000F150019C6200F1A8099C8796
:1051700005F1180051604FF47A7B9462CC4EDFF851
:1051800098A3DFF89883CB4FC3E90244C3E90444F2
:10519000C3E91044C3E91244C3E90644C3E908441F
:1051A000C3E90B44C3E90D44C2E90244C2E9044423
:1051B000C2E90644C2E908449487D4629463C2E910
:1051C0000C44C2E91044C2E91244FCF76DF9BA4A32
:1051D000BA4900F059FCBA48FCF766F9B64AB74933
:1051E00000F052FC05F12000FCF75EF9B24AB34929
:1051F00000F04AFCB34B214606F11A0003F12002ED
:10520000C6F8009074601A608822AF4B3473336123
:10521000C6F808B03483C6F814A001F0A1FE8922B4
:10522000214606F1A500A6F8A24086F8A44001F0A8
:1052300097FEA64B8822214608F11A00C8F81030C4
:105240000AF1500388F80C40A8F81840C8F8143048
:10525000C8F80090C6F82E41A6F8324186F83441CD
:10526000C8E9014BC6E94E4401F07AFE8922214685
:1052700008F1A500A8F8A24088F8A44001F070FE4B
:105280000AF1A0038822214607F11A007B61904BA6
:10529000C7F808B0C8F82E41A8F832417C603C73CA
:1052A0003C833B61C7F800904FF0000988F8344117
:1052B000C8E94E4401F054FE8922214607F1A500B9
:1052C000A7F8A24087F8A44001F04AFE4FF07E53B1
:1052D000C7F82E41A7F832412B60C5F80490C5F8F5
:1052E0000890C5F80C9087F83441C7E94E44F2F7AE
:1052F000C3F8784B7849EB620423AC65EB654FF457
:105300008073C5F80091C5F81031744BC5F804914D
:1053100003F53852C5F80891C5F80C91C5F81491F9
:10532000C5F8189119605C3303F8084C43F8049CE5
:105330009342F7D1604A4FF0C8086949694800F0C4
:10534000A3FB694B6948102269499A8004605A4A54
:1053500000F09AFB6748584A6749A5F82081046025
:1053600000F092FBA5F828814FF4C878634FEDF761
:1053700063FE4FF07C51DFF8A8A14FF07F4307F1A7
:105380001402F9604FF0804107F1240C3A6379640C
:105390000221A7F84C40397159495A4C39610AF138
:1053A0001C01C7F8349039620AF13001C7F808903F
:1053B00079655549C7F83890B9665449C7F83C90A3
:1053C000F9665349C7F8409039675249C7F8489081
:1053D0007967C7F85090C7F800A0C7E906334FF0C7
:1053E000FF237B614FF07E5307CAFB653B667B66FC
:1053F0008CE80700C7F878904FF48072FB670AF1D9
:105400003C01C7F8803007F58670C7F88C30C7F8C4
:105410009430C7F8AC30C7F8B430C7F8C030C7F81C
:10542000C430C7F8E030C7F8E430C7F8F030C7F848
:10543000F830C7F88840C7F89840C7F8A040C7F8C8
:10544000A440C7F8B840C7F8CC40C7F8D040C7F868
:10545000D840C7F8EC40C7F88490C7F89090C7F8D8
:105460009C90C7F8A890C7F8B090C7F8BC90C7F850
:10547000C890C7F8D490C7F8DC90C7F8E890C7F890
:10548000F490C7F8FC40C7F80091C7F80441C7F88A
:10549000084101F063FE0AF13C0143E02041012094
:1054A000EC2E002000003A4070410120885D012070
:1054B00044430120E03F012098370020C947010004
:1054C000C44101204042012000003F4000803F4095
:1054D00000C03F40CDCC4C3ECDCC4C3DE05F0120E8
:1054E00011C20000E4360020184D0120A044012024
:1054F0007D4901008444012069430100E04E012000
:10550000CDCCD440000080BFAE67BB3E8C65583E1A
:10551000ABAAAA3EABAA2A3E0C280060A03E0120FE
:10552000B82F00204FF4807207F5037001F016FECB
:1055300007F12003BB6501F0F1FD044601F0EEFD2B
:1055400057FA80F057FA84F3B8F1010890F80C127A
:1055500093F80C2283F80C1280F80C22EBD1E64968
:10556000E64801F5007CE64CC01B431857FA83F36C
:1055700093F80C22A4FB02E301F8012F8C454FEABB
:10558000D30303EB4303A2EB830281F80022ECD1A7
:105590009FEDDC8A4FF00008DB48F7EE008ADB4A1B
:1055A000DB4980ED008AA0F20C7000F06DFAD94B57
:1055B000D949C3F81C801960596083ED028A83EDD4
:1055C000038A83ED048A83ED058A83ED068AD34B33
:1055D000D34F83ED008A83ED018A3846D14BD24CFC
:1055E00083ED008A83ED018A04F1200BCF4BD04A72
:1055F00083ED008A83ED018ACE4B40F8044B83EDA6
:10560000008A83ED018A4FF6FF73C2F81C80116097
:10561000516001A982ED028A82ED038A82ED048A3B
:1056200082ED058A82ED068AADF804308DF80630E9
:10563000FFF776FD6FF07F433861A7F818809C2252
:105640007B61202187F8728107F1380087ED078A96
:1056500087ED088A87ED098A87ED0A8A87ED0B8A2C
:1056600087ED0C8A87ED0D8A01F07AFCDFF818933C
:105670009C22202107F1D400DFF810A301F070FC78
:105680003846A24AAC4900F0FFF9AC4F4846C9F889
:10569000088089F80C809C22A949C9E90088FFF795
:1056A000EFFA4846994AA74900F0EEF93846C7F89C
:1056B00008809C2287F80C80A349DFF8D492C7E9C0
:1056C0000088FFF7DDFA914A9E49384600F0DCF980
:1056D0009E489F4B4FF0010880ED038AC3634FF44F
:1056E000000380ED048A03644FF4803380ED058A63
:1056F000436404F1140380ED068A036080ED078A99
:1057000080ED088A80ED098A80ED0A8A80ED0B8A97
:1057100080ED0C8A80ED0D8A80ED128A80ED138A6F
:1057200080ED148AC0ED0E8AC0F80480E6F72EFDE5
:105730008AED018ACAF800B004F12C0A89ED018AC9
:10574000B6EE002AC5F82CA10221DFF848A24FF0DE
:10575000100EDFED807A0322C5F848A104F1380A63
:10576000DFED7D6A4FF0140CC9F800A04FF01E0A5F
:105770009FED7A7AB1EE025A89F808A004F1440943
:10578000DFED772AF0EE0C4A9FED763ADFED763AC0
:105790009FED764AC5F8809104F1500985F84011D3
:1057A00085F8501185F8601185F8701185ED4C8AE7
:1057B00085ED4D8A85ED4E8AC5ED518AC5ED5D8A30
:1057C00085ED618A85ED648A85ED4F2AC5ED5F7AA6
:1057D000C5ED556AC5ED596A85ED567A85ED5A7A5B
:1057E00085F888E185F894E1C5ED532A85ED573AAF
:1057F000C5ED5B3A85ED5E4AC5F88C9185ED678A0B
:1058000085F8AC1185F8BC1185F8CC1185F8DC1150
:1058100004F15C01564FC5F8981156495648C5F831
:10582000B41104F168019FED556AC5F8EC1104F15B
:105830007401534B396004F18001DFED525A85ED5C
:105840006A2AC5ED6E2A85ED723AC5ED763A85ED88
:10585000794A85F8F4E185ED688A85ED698AC5EDB8
:105860006C8AC5ED706AC5ED746A85ED717A85ED57
:10587000757AC5ED788AC5ED7A7A85ED7C8AC5F8AA
:10588000F82185ED7F8A85ED806AC5ED817A87ED07
:10589000018A87F808C0FA6087ED048AC7ED058A97
:1058A000016004F18C0183ED018A83F808C01A734A
:1058B00083ED048AC3ED058A83ED065A1A7783EDDA
:1058C000088AC3ED098AC3ED0A5A83F82C2083EDB8
:1058D0000C8A83ED0D6AC3ED0E7A196004F198030A
:1058E000C7ED064AA434C5F80832C0ED064A80ED7B
:1058F000018A80F808C04FE0EB510120F5FCFFFF62
:10590000ABAAAAAA00000000EC550120983700209D
:10591000E5C50000444D01206F12833A644D01201B
:105920006C4D0120F0550120FC300020B85A0120B8
:10593000244D0120C05A0120DDC50000884100200F
:105940007C340020CDC500001C35002040560120CD
:10595000FFFF7F7FCDCC6C400000C0C20000C04282
:1059600033331340CDCC2C409A99D93F0000C84224
:10597000145D012000409C45305D01200000B443CF
:10598000D85C0120CDCC4C4074410020A85A0120A5
:10599000CC5C012000004042C26080ED048AC0ED72
:1059A000058A85ED885A85ED838A85F810C285F8C9
:1059B000142285ED868AC5ED878A85F8242285ED37
:1059C0008A8AC5ED8B8AD5F85032C5ED8C5ADB0733
:1059D00085F8342285ED8F6AC5ED907A85F84CC242
:1059E000C5F8444285ED8E8A85ED928A2DD5EDF776
:1059F00023FB1A4800231A494FF0FF32194C1A4D65
:105A00004362C362C0F8332080F837208662856520
:105A1000C0E90131C0E90313144901601449C0E928
:105A20000524C0E90733134C0723134A4166134981
:105A30008366C46500F028F8EDF7FEFA03B0BDEC0C
:105A4000028BBDE8F04FF1F72DBF0B4A0C490D4812
:105A5000C5F8508200F018F8C9E700BFA84C012033
:105A60008000400001010001801A0600F828002093
:105A700000093D00A086010098370020794301000D
:105A800011C20000EC36002003460846194601F01A
:105A9000B9BA00BF08B52DED028BB0EE408A00F018
:105AA00055FDB4EE488AF1EE10FA0FD6B5EEC08A75
:105AB000F1EE10FA0AD8B5EE408AF1EE10FA08D1EC
:105AC00001F048FA22239FED090A0360BDEC028B26
:105AD00008BD01F03FFABDEC028B034621221A609B
:105AE0000348BDE8084000F0E7BA00BF000080FFAF
:105AF0007C32002008B52DED028BB0EE408A00F01C
:105B00000FFBB4EE488AF1EE10FA06D6DFED098AF3
:105B1000B4EEE88AF1EE10FA02D4BDEC028B08BDB7
:105B200001F018FA88EEA80ABDEC028B212303606D
:105B300008BD00BF00000000000000002DE9F04F8C
:105B40005BEC10AB2DED0A8B4FEA1B5C11EE90EA7B
:105B50000CF1FF3640F2FD70864210EE101A11EE85
:105B6000103A89B05A4665464FEA1E5400F2C68084
:105B7000C4F30A06A6F2BE367F2E98BF002000F2BC
:105B8000BD80BFEE000BE14CE14B1444C4F346353D
:105B900003EB451693ED006B93ED027B96ED128BB4
:105BA00096ED189B96ED162B260D241505EE904AC2
:105BB000360593ED0C4BB8EEE55B951BA5EE062B79
:105BC000A5EE079B93ED04AB93ED105B93ED08BB43
:105BD00093ED067B93ED0A6B93ED0E3B0C1E45ECAB
:105BE0001C4BACEE080BA0EE053BA0EE046B20EEC8
:105BF0000A5B30EE024B20EE058BA0EE0B7BA8EE8D
:105C0000036B32EE442BA8EE067B32EE002BB0EE97
:105C1000483B39EE022B95EE003B34EE085B20EE5C
:105C2000080B34EE454B32EE036B34EE084B36EE88
:105C3000046BA0EE076B35EE064B21EE048B18EEDD
:105C4000902AB0EE487BC2F30A556FF47273EB18DA
:105C50003E2B91EE047B35EE445B35EE065BA1EE08
:105C6000057B00F29380AB4B93ED024B93ED005B11
:105C7000B0EE441B93ED042BA8EE051B93ED066BD1
:105C800011EE101A31EE441B01F07F0293ED0E4B22
:105C9000A1EE028BA1EE068B93ED0C6B37EE087B29
:105CA00027EE072B921802F10F0403EBC202A7EEB6
:105CB000046B92ED1C4B03EBC40293ED0A3B93ED96
:105CC000085B53F834605768A7EE035B4018002464
:105CD00022EE023B37EE047BA219A2EE057B07EB16
:105CE0004033A3EE067B002D5FD043EC102BA7EED4
:105CF000000B09B0BDEC0A8BBDE8F08FD8184EEB55
:105D00000E09461E37466FF0010849F1FF36B845C7
:105D10006FF4001777EB0606C0F02081481842EBBD
:105D20000209461E374669F10006B8456FF40017B0
:105D300077EB0606C0F03981002A6ADB0020C4F345
:105D40000A06A6F2BE337F2B40F2FF774FD9724B83
:105D500000209A4208BF814200F0FD8040F2BD352C
:105D6000AE4240F29180012972EB030334BF01235C
:105D70000023BC428CBF00240124A3420ED109B0F1
:105D8000BDEC0A8BBDE8F04F00F060BC002BC0F208
:105D9000CE80B5F5816F75D9002AF0DB09B0BDEC76
:105DA0000A8BBDE8F04F00F059BCA14280F213818C
:105DB000B7EE003B03F17F5101F50011104641ECB5
:105DC000150B27EE057B35EE076BB0EEC64BB4EE38
:105DD000C34BF1EE10FA61D49FED480B26EE000B99
:105DE00009B0BDEC0A8BBDE8F04F00F067BC002D98
:105DF0007FF4C7AE9FED437B4BEC16AB26EE077BE3
:105E000053EC172B23F0004217EE101AA2F1507238
:105E1000B7E6C4F30A0640F2FE3086427EDD40F269
:105E20003340864200F3FA80801BA0F120054FF03A
:105E3000FF374FF0FF39874009FA05F9C0F1200814
:105E4000019547EA09054FF0FF3727FA08F945EAB7
:105E50000905874023EA07072EEA05053D435DD182
:105E6000019DC3400EFA08F843EA08032EFA05FE26
:105E700043EA0E0303F00103980422F00042CCF33E
:105E80000A055EE70025EEE688429341B7EE000B77
:105E900034BF31EE000B30EE410B2AE7B5EEC06B9C
:105EA000F1EE10FA35EE465BBFEE004B35EE075BC8
:105EB00058BFB0EE434B36EE043B34EE437B37EE37
:105EC000067B37EE057B37EE037B37EE446BB5EE92
:105ED000406BF1EE10FA04D12A4601F0004343EC86
:105EE000162B9FED065B8DED045B9DED047B27EE8D
:105EF000057B8DED067B6FE7AFF3008000000000AF
:105F0000000010000000000000003043AB6A19C020
:105F1000100C0020800200200000F03F4BEC10AB82
:105F200009B0BDEC0A8BBDE8F04F00F0B7BBB7EE8F
:105F3000000B38EE000B00283FF4DBAEB1EE400B57
:105F4000D7E64918594B82F400224FF00000524125
:105F5000884293415DD3B7EE000BCAE650EA0904CC
:105F6000EFD0534C0025A24208BFA94247D04918A0
:105F7000504B52418D4273EB02044AD3994508BFFE
:105F8000A84246D103F100439A4208BFA942E2D099
:105F90009A426FEA0E0E34BF002201224FEADE7EE3
:105FA000724577D09FED3D0BA3E64BEC17AB002A73
:105FB00027EE070B34DB002250EA09095DD1BEF160
:105FC000000FBFF696AE104609B0BDEC0A8BBDE8D7
:105FD000F04F00F04BBB03F140419FED326B01F5F8
:105FE0007001104641EC100BA7EE000B20EE060BE3
:105FF00009B0BDEC0A8BBDE8F04F00F06BBBDB18BD
:106000002A4A8EF4002E4EEB0E0E9D4272EB0E02CB
:10601000A1D24BEC17AB37EE010B6AE600202CE760
:10602000C4F30A02A2F2FF313429C4D8C2F5866251
:106030004FF0FF31A2F11D05033201FA05F701FA15
:1060400002F4C2F120063C4321FA06F73C4391409A
:1060500023EA01012EEA04042143ACD123FA02F21F
:106060000EFA06F632432EFA05F52A4312F0010223
:10607000A2D0B1EE400B01229EE7BEF1000FBFF6A9
:1060800038AEB7EE006B86EE007B8DED027B9DEDAA
:10609000020B2EE621EE010B2BE600BF00000000F4
:1060A00000000000000000000000007F0000F0FF82
:1060B0000000F03F0000E0FF9FED010A704700BFC5
:1060C0000000C07F00F07EBB08B52DED028BF0EE26
:1060D000408AB0EE608A00F01BFCF4EE488AF1EED4
:1060E00010FA06D6DFED098AB4EE688AF1EE10FAEE
:1060F00002D0BDEC028B08BD00F02CFF88EEA80A90
:10610000BDEC028B2123036008BD00BF000000002E
:1061100010EE103A23F0004300EE103A704700BF33
:10612000B1EEC00A704700BF0000000030B510EEAD
:10613000104AC4F30A53B3F57D7FB7EEC06A83B04B
:106140001BD226EE065BB3F5667F6ED326EE052BDB
:1061500025EE021B734B93ED1A3B93ED187B93EDE9
:10616000164BA5EE037BA2EE046BB0EE460BA7EE3A
:10617000010BB7EEC00B03B030BD40F22E4293428C
:106180005ED8684991ED087B26EE077BFDEEC77B64
:1061900091ED0A5B17EE903A03F500031B1613F01E
:1061A000020F07EE903A01F1700208BF0A46D807C5
:1061B000B8EEE77BA7EE456B26EE067B1BD403F01B
:1061C000030301EBC30192ED1A4B91ED002B92ED0D
:1061D000185B26EE026B92ED163BA7EE045B26EEF3
:1061E000074B27EE047BA4EE036BA5EE076BB7EE1F
:1061F000C60B03B030BD92ED142B27EE075B92ED7A
:10620000126B92ED0E3BA7EE026B92ED0C0B92ED32
:10621000104BA7EE030B27EE057BA5EE040BA6EEB5
:10622000070BB7EEC00B03B030BD220D12F4FF6FA9
:10623000DFD1B7EEC55B00EE104A8DED015AD8E70D
:10624000B3F5FF6F4BD2384BC4F3836203EB82008C
:1062500053F822200569C4F31603C4F3C25143F472
:1062600000038B40016A03FB02F2A3FB0110E3FB76
:10627000050202F100518D0F01F04041511A00F06A
:106280003BFE2A4B9FED257B05EBD47441EC160BAE
:1062900014F0020FA3F1700208BF1346E90726EEBF
:1062A000077B27EE076B1FD404F0030402EBC40244
:1062B00093ED1A4B92ED002B93ED185B27EE027BCA
:1062C00093ED163BA6EE045B27EE064B26EE046B21
:1062D000A4EE037BA5EE067BB7EEC70B89E703B000
:1062E000BDE8304000F022B993ED142B26EE065B9A
:1062F00093ED127B93ED0E3BA6EE027B93ED0C0B20
:1063000093ED104BA6EE030B26EE056BA5EE040BEA
:10631000A7EE060BB7EEC00B6BE700BF182D445479
:10632000FB21193C581C0020C4310020C81C00204F
:106330000000000038B510EE104AC4F30A53B3F55C
:106340007D7FB7EEC07A1ED227EE077BB3F5667F5E
:106350006FD327EE071B634B93ED142B93ED125B6A
:1063600093ED0E3BA7EE025B93ED0C0B93ED104B00
:10637000A7EE030B27EE017BA1EE040BA5EE070BA6
:10638000B7EEC00B38BD40F22E42934254D8554967
:1063900091ED086B27EE066BFDEEC66B91ED0A5B87
:1063A00016EE903A03F500031B1613F0020F06EEEB
:1063B000903A01F1700208BF0A46D807B8EEE66BC2
:1063C000A6EE457B27EE076B1AD503F0030301EB1E
:1063D000C30191ED002B92ED1A4B92ED185B92EDFB
:1063E000163BA6EE045B27EE027B27EE064B26EE5D
:1063F000046BA4EE037BA5EE067BB7EEC70B38BD9E
:1064000092ED142B92ED127B92ED0E3B92ED0C0B64
:1064100092ED104B26EE065BA6EE027BA6EE030B7A
:1064200026EE056BA5EE040BA7EE060BB7EEC00B30
:1064300038BDB7EE000A38BDB3F5FF6F3DD22A4B29
:10644000C4F3836203EB820053F822200569C4F38E
:106450001603C4F3C25143F400038B40016A03FBEB
:1064600002F2A3FB0110E3FB050202F100518D0FC4
:1064700001F04041511A00F03FFD1C4B9FED177B8E
:1064800005EBD47441EC160B14F0020FA3F170026B
:1064900008BF1346E90726EE077B27EE076B10D5EA
:1064A00004F0030402EBC40292ED002B93ED1A4BAF
:1064B00093ED185B93ED163B93E7BDE8384000F091
:1064C00035B893ED142B93ED127B93ED0E3B93EDCA
:1064D0000C0B93ED104B9DE7AFF30080182D445447
:1064E000FB21193C581C0020C4310020C81C00208E
:1064F00010B582B08DED010A044600F02BFD9DED34
:10650000010A046002B010BD9FED070AFFEE007A99
:10651000B7EE007A00284FF0220047FE277A87EE78
:10652000800AFFF7E5BF00BF0000000070EE407A70
:10653000B4EE400A87EEA77AF1EE10FAB0EE470A01
:1065400002D62120FFF7D4BF704700BF08B510EE78
:10655000103A33F000422DED028B2BD0002B32DBB2
:10656000B3F1FF4F41DAB3F5000F35DB0021DA1547
:106570007F3A0A44D10FC1F17F0102EBD272C3F31B
:10658000160307EE902A43EAC15300EE103AB8EE24
:10659000E78A00F0B3F8DFED177A9FED177A20EE67
:1065A000270ADFED167AA8EE070AA8EE270ABDEC47
:1065B000028B08BDBDEC028B9FED117ADFED117AE5
:1065C00087EE270A08BDBDEC028B70EE407A9FED86
:1065D0000D7A87EE870A08BDDFED0B7A60EE277A29
:1065E0006FF0180117EE903AC1E7BDEC028B30EE68
:1065F000000A08BDD95BDE3EDB27543580209A3E79
:10660000000000CC000000000000004C10B582B07B
:106610008DED000B044600F09DFC9DED000B046029
:1066200002B010BD82B058B1B1EE407B8DED007B61
:106630009DED007B222020EE070B02B0FFF7E6BFA6
:10664000B0EE407BF2E700BF000000009FED010BC1
:10665000FFF7E8BF00000000000000109FED010BF5
:10666000FFF7E0BF000000000000007082B00028CB
:10667000B7EE006BBFEE007B06FE077B8DED007B67
:106680009DED000B9FED037B222080EE070B02B0F7
:10669000FFF7BCBF0000000000000000B4EE400B9C
:1066A000F1EE10FA30EE407B87EE076BB0EE460B52
:1066B00002D62120FFF7AABF704700BFB5EE400BFE
:1066C000F1EE10FA00D070472220FFF79FBF00BF05
:1066D000000000009FED076BB0EEC07BB4EE467B80
:1066E000F1EE10FA00DC70472220FFF78FBF00BFE9
:1066F000AFF30080FFFFFFFFFFFFEF7F10EE103AC8
:10670000B3F17E5F10EE102A38D0A3F50001B1F18D
:10671000FE4F36D2BFEE000B02F14043264903F58F
:106720004D03C3F3C34001EB001091ED404B91EDDD
:10673000445B91ED467B91ED426BD90DC90590ED1F
:10674000002B521A03EE902A90ED021BDB15B7EED8
:10675000E33AA2EE030B03EE903A20EE002BA5EEF7
:10676000007BB8EEE33BA6EE027BA3EE041B30EE0B
:10677000010BA2EE070BB7EEC00B70479FED0F0A9F
:106780007047590014D0B3F1FF4F14D0002B0BDB2E
:10679000B1F17F4F08D2DFED0A7A60EE277A17EE6B
:1067A000903AA3F13862B5E700EE103AFFF7BEBEAB
:1067B0000120FFF7A9BE7047F00A0020000000008A
:1067C0000000004B10B582B0CDED010A019B23F013
:1067D0000042B2F1FF4FF0EE407A30DC10EE100ACA
:1067E00020F00041B1F1FF4F29DCB3F17E5F40D0D2
:1067F0009C1704F0020444EAD07431B372B3B2F1CE
:10680000FF4F3ED0B1F1FF4F28D0891AB1F1F45FAC
:106810004FEAE15232DA002B40DA3C323EDA9FEDA9
:10682000330A012C4CD0022C41D064B19FED307A58
:10683000DFED307A30EE070A30EE670A03E09DEDB7
:10684000017A37EE270A02B010BD022C0ED09FED60
:106850002A7A032C07FE000A02B010BD9FED270A1A
:10686000DFED277A002820FE270AECE79FED210ABA
:10687000E9E702B0BDE8104000F0DAB89FED1F0A6A
:10688000CFE7B1F1FF4F04F1FF3420D0022C26D81E
:106890001C4B03EB840393ED000AD4E79DED017AD2
:1068A00087EE870AFFF734FC00F0C2F8B9E79FEDE6
:1068B000107ADFED107A30EE070A37EEC00AC2E731
:1068C00010EE103A03F1004300EE103ABBE7022C41
:1068D00008D80D4B03EB840393ED000AB3E79FED5B
:1068E000030AB0E79FED090AADE700BF0000000012
:1068F0002EBDBB33DB0F4940DB0F49C0DB0FC93F67
:10690000DB0FC9BFB0310020A4310020DB0F493FAD
:1069100030B583B0CDED010A019D35F0004041D086
:1069200010EE10EA2EF00041B1F1FF4F3ADAB0F16B
:10693000FF4F37DC81423BDB0EF000443AD01EF0C3
:10694000FF4F56D10B02002B6FF07D0204DD5B0080
:10695000002B02F1FF32FADC15F0FF4F58D1030291
:106960006FF07D0C03D45B000CF1FF3CFBD512F102
:106970007E0F47DBCEF3160E4EF400031CF17E0FA4
:106980003ADBC5F3160141F40000B2EB0C0204D16E
:1069900017E00FD04B00013A13D0191A0029F8DA8A
:1069A0005B00F8E7DDED017A60EE277A87EEA70A53
:1069B00003B030BD1D4B03EB547393ED000A03B0DD
:1069C00030BD181A58BF03461BB9F3E75B000CF142
:1069D000FF3CB3F5000FF9DB1CF17E0F1DDBA3F5C7
:1069E00000030CF17F0C234343EACC5300EE103A32
:1069F000DEE7CA157F3AAFE76FF07D01A1EB0C012E
:106A00008840C2E76FF07D039B1A01FA03F3B5E7F4
:106A10004FEAE05CACF17F0CA9E76FF07D02A2EBDE
:106A20000C021341234300EE103AC1E7BC310020B1
:106A300038B510EE105A25F00044B4F1A14FF0EE35
:106A4000407A0ADBB4F1FF4F58DCDFED517A9FED5D
:106A5000517A002D37FE870A38BD4F4B9C425CDCD3
:106A6000B4F1445F4DDB4FF0FF3327EEA76ADFED53
:106A70004B6ADFED4B5ADFED4B4A9FED4B5A9FEDD2
:106A80004B4A26EE067A5A1CE7EE265ADFED486A94
:106A9000A5EE875AE7EE246ADFED465ADFED464A57
:106AA000E6EE875AA5EE074A9FED445ADFED446AA9
:106AB000A5EE875AE4EE074ADFED425AE4EE876A14
:106AC000E5EE075A66EE866A65EE875A3AD03E4A88
:106AD00002EB830276EEA56A92ED007A3B4A96EECF
:106AE000A77A02EB8303002DD3ED006A77EE677A75
:106AF00036EEE70AB0DAB1EE400A38BD30EE000AF1
:106B000038BD9FED337A30EE077AF7EE006AB4EEC7
:106B1000E67AF1EE10FAA6DD38BDFFF7F9FA2D4B53
:106B20009C4216DCA3F5D0039C4227DCF0EE007AF1
:106B3000BFEE007AA0EE277A002330EE270AC7EED8
:106B4000007A92E776EEA56AE6EEE77AB0EE670A9B
:106B500038BD214B9C420BDCF7EE087AB7EE007A89
:106B6000A0EE277A022330EE670AC0EE077A7CE7B0
:106B7000BFEE007AC7EE007A032376E7F7EE007ADD
:106B800030EE677A30EE270A0123C7EE007A6CE711
:106B9000DB0FC93FDB0FC9BFFFFFDF3ED769853C75
:106BA00059DA4B3D21A215BD356B883D6E2EBA3D9D
:106BB0006BF16EBD95879DBD2549123E388EE3BDB4
:106BC000ABAAAA3ECDCC4CBE3432002024320020E9
:106BD000CAF24971FFFF973FFFFF1B4081F0004160
:106BE00002E000BF83F0004330B54FEA41044FEAB2
:106BF000430594EA050F08BF90EA020F1FBF54EA4D
:106C0000000C55EA020C7FEA645C7FEA655C00F0E8
:106C1000E2804FEA5454D4EB5555B8BF6D420CDDB9
:106C20002C4480EA020281EA030382EA000083EA3C
:106C3000010180EA020281EA0303362D88BF30BDDC
:106C400011F0004F4FEA01314FF4801C4CEA113132
:106C500002D0404261EB410113F0004F4FEA033391
:106C60004CEA133302D0524263EB430394EA050F1C
:106C700000F0A780A4F10104D5F1200E0DDB02FA8B
:106C80000EFC22FA05F2801841F1000103FA0EF21F
:106C9000801843FA05F359410EE0A5F120050EF1E5
:106CA000200E012A03FA0EFC28BF4CF0020C43FA16
:106CB00005F3C01851EBE37101F0004507D54FF023
:106CC000000EDCF1000C7EEB00006EEB0101B1F573
:106CD000801F1BD3B1F5001F0CD349085FEA3000B9
:106CE0004FEA3C0C04F101044FEA445212F5800FC4
:106CF00080F09A80BCF1004F08BF5FEA500C50F161
:106D0000000041EB045141EA050130BD5FEA4C0C43
:106D1000404141EB0101013C28BFB1F5801FE9D2A0
:106D200091F0000F04BF01460020B1FA81F308BFC3
:106D30002033A3F10B03B3F120020CDA0C3208DD8F
:106D400002F1140CC2F10C0201FA0CF021FA02F16A
:106D50000CE002F11402D8BFC2F1200C01FA02F1DA
:106D600020FA0CFCDCBF41EA0C019040E41AA2BFFF
:106D700001EB0451294330BD6FEA04041F3C1CDAC7
:106D80000C340EDC04F11404C4F1200220FA04F0E7
:106D900001FA02F340EA030021FA04F345EA030191
:106DA00030BDC4F10C04C4F1200220FA02F001FA53
:106DB00004F340EA0300294630BD21FA04F02946D5
:106DC00030BD94F0000F83F4801306BF81F480116E
:106DD0000134013D4EE77FEA645C18BF7FEA655CE1
:106DE00029D094EA050F08BF90EA020F05D054EAB3
:106DF000000C04BF1946104630BD91EA030F1EBFB8
:106E00000021002030BD5FEA545C05D140004941BB
:106E100028BF41F0004130BD14F580043CBF01F5AE
:106E2000801130BD01F0004545F0FE4141F4700194
:106E30004FF0000030BD7FEA645C1ABF194610466F
:106E40007FEA655C1CBF0B46024650EA013406BF70
:106E500052EA033591EA030F41F4002130BD00BF2F
:106E600090F0000F04BF0021704730B54FF48064EC
:106E700004F132044FF000054FF0000150E700BF6D
:106E800090F0000F04BF0021704730B54FF48064CC
:106E900004F1320410F0004548BF40424FF00001B9
:106EA0003EE700BF42004FEAE2014FEA31014FEAFC
:106EB00002701FBF12F07F4393F07F4F81F060514B
:106EC000704732F07F4208BF704793F07F4F04BF96
:106ED00041F40021704730B54FF4607401F0004573
:106EE00021F000411CE700BF50EA010208BF7047D3
:106EF00030B54FF000050AE050EA010208BF7047C4
:106F000030B511F0004502D5404261EB41014FF42C
:106F1000806404F132045FEA915C3FF4D8AE4FF034
:106F200003025FEADC0C18BF03325FEADC0C18BF17
:106F3000033202EBDC02C2F1200300FA03FC20FA68
:106F400002F001FA03FE40EA0E0021FA02F11444B5
:106F5000BDE600BF014B1868704700BFAC3B002086
:106F6000830730B548D0541E002A3FD0CAB203462A
:106F700001E0013C3AD303F8012B9D07F9D1032C22
:106F80002DD9CDB245EA05250F2C45EA054536D960
:106F9000A4F1100222F00F0C03F1200EE6444FEA98
:106FA000121C03F1100242E9045542E90255103265
:106FB0007245F8D10CF1010214F00C0F03EB021230
:106FC00004F00F0C13D0ACF1040323F003030433DB
:106FD000134442F8045B9342FBD10CF003042CB140
:106FE000C9B21C4403F8011B9C42FBD130BD64466E
:106FF0001346002CF4D1F9E703461446BFE71A46BE
:10700000A446E0E713460A460146022000F0A8BA6B
:1070100070B50D4E0D4D761BB61006D0002455F8F8
:10702000043B01349847A642F9D1094E094D761B1D
:1070300001F028F8B61006D0002455F8043B0134BE
:107040009847A642F9D170BD781E0060781E006096
:10705000801E0060781E0060704700BF704700BF50
:1070600080EA0102844612F0030F4FD111F0030FA2
:1070700032D14DF8044D11F0040F51F8043B0BD000
:10708000A3F101329A4312F0803F04BF4CF8043B55
:1070900051F8043B16D100BF51F8044BA3F1013263
:1070A0009A4312F0803FA4F101320BD14CF8043B1B
:1070B000A24312F0803F04BF51F8043B4CF8044B4C
:1070C000EAD023460CF8013B13F0FF0F4FEA3323BD
:1070D000F8D15DF8044B704711F0010F06D011F89C
:1070E000012B0CF8012B002A08BF704711F0020F8A
:1070F000BFD031F8022B12F0FF0F16BF2CF8022B75
:107100008CF8002012F47F4FB3D1704711F8012B97
:107110000CF8012B002AF9D1704700BF0C4B0D4829
:1071200019680D4AD1F8983010B4D1F89C4003FB8F
:1071300000F002FB0400A3FB0232013340EB02002B
:10714000C1E926305DF8044B20F00040704700BFD5
:10715000AC3B00202DF451582D7F954C844641EADC
:10716000000313F003036DD1403A41D351F8043BBF
:1071700040F8043B51F8043B40F8043B51F8043B11
:1071800040F8043B51F8043B40F8043B51F8043B01
:1071900040F8043B51F8043B40F8043B51F8043BF1
:1071A00040F8043B51F8043B40F8043B51F8043BE1
:1071B00040F8043B51F8043B40F8043B51F8043BD1
:1071C00040F8043B51F8043B40F8043B51F8043BC1
:1071D00040F8043B51F8043B40F8043B51F8043BB1
:1071E00040F8043B51F8043B40F8043B403ABDD220
:1071F000303211D351F8043B40F8043B51F8043BC2
:1072000040F8043B51F8043B40F8043B51F8043B80
:1072100040F8043B103AEDD20C3205D351F8043B50
:1072200040F8043B043AF9D2043208D0D2071CBF1C
:1072300011F8013B00F8013B01D30B880380604645
:10724000704700BF082A13D38B078DD010F00303BB
:107250008AD0C3F10403D21ADB071CBF11F8013B2B
:1072600000F8013B80D331F8023B20F8023B7BE77A
:10727000043AD9D3013A11F8013B00F8013BF9D2A5
:107280000B7803704B7843708B788370604670473F
:10729000F8B5244F0C46064600F056FCBB685D6806
:1072A000C4F57E610F3125F003054B1923F47F638C
:1072B00023F00F03A3F58054B4F5805F07DB0021B2
:1072C000304600F03BF9BB682B44984204D030466E
:1072D00000F040FC0020F8BD6142304600F02EF97D
:1072E00001300DD0104ABB682D1B45F001055D60D3
:1072F000136830461B1B136000F02CFC0120F8BD06
:107300000021304600F01AF9BA68831A0F2BDEDD2F
:1073100043F001035360054B03491B68C01A086022
:10732000D5E700BF9C3700207C8F0120A43B0020C4
:10733000002961D0F8B50C46064600F005FC54F86B
:10734000042C7B4FA4F1080522F0010105EB010C90
:10735000B868DCF80430604523F0030300F08B804C
:10736000D207CCF8043032D454F8082CAD1A1144AA
:10737000AA6807F1080082426AD00CEB0304D4F833
:1073800004E0EC68D4601EF0010FA26000F097806A
:1073900041F001036B60CCF80010B1F5007F35D2ED
:1073A0007868CB080122490901338A40024357F823
:1073B00033107A6007EBC302083AC5E9021247F8B6
:1073C0003350CD603046BDE8F84000F0C3BB0CEB55
:1073D00003025268D00710D4194407F10800DCF802
:1073E0000830834273D0DCF80C20DA60936041F0FF
:1073F00001036B606950D0E7704741F00103B1F5BC
:10740000007F44F8043CCCF80010C9D3B1F5206FDC
:107410004FEA512348D28B0903F1390003F13802B6
:10742000C300F818FB580838984259D05A6822F01F
:1074300003028A4202D99B689842F7D1D868C5E90D
:1074400002308560DD603046BDE8F84000F082BB68
:107450000CEB03025268D20763D40B44DCE902123E
:10746000CA60916043F001026A603046EB50BDE8AB
:10747000F84000F06FBB0B44D10707D454F8082C38
:10748000AD1A1344D5E90212CA60916043F00102BB
:107490006A60284ABD6012689A4293D8264B3046EB
:1074A0001968FFF7F5FE8DE7142B0AD9542B1FD866
:1074B0000B0B03F16F0003F16E02C300B1E7194437
:1074C0008DE703F15C0003F15B02C300A9E741F023
:1074D0000103C7E90455C5E902006B60695071E713
:1074E00079689210012404FA02F20A437A60A6E74E
:1074F000B3F5AA7F06D8CB0B03F1780003F177022E
:10750000C3008EE740F25452934206D88B0C03F12D
:107510007D0003F17C02C30083E74FF47E737E227B
:107520007FE741F001036B60CCF800104AE700BF31
:107530009C370020A83B0020AC8F012038B5074DB8
:107540000022044608462A60EBF71AFA431C00D0D2
:1075500038BD2B68002BFBD0236038BDE89001209C
:107560002DE9F047DFF87CA00646DAF800009846DF
:107570000F469146FFF770FD184B1C6824B36568F1
:107580001F2D24DC5EB96B1C0235DAF80000636045
:1075900044F82570FFF762FD0020BDE8F08704EB9A
:1075A00085010123C1F88890D4F88821AB401A43A3
:1075B000022EC4F88821C1F80881E4D1D4F88C21C6
:1075C0001A43C4F88C21DEE7054C1C60D7E7DAF8D3
:1075D0000000FFF743FD4FF0FF30DEE7E08D0120B4
:1075E000E48D0120943700202DE9F04F01F10B06C6
:1075F000162E83B0044624D8102900F2BA8000F079
:10760000A3FA102618220220B54F3A44A2F108012D
:1076100053688B4200F0BA805A68D96822F003029E
:107620001A449D68E9608D60516841F0010120466F
:10763000516003F1080500F08DFA284603B0BDE85B
:10764000F08F36F0070600F19480B14200F291808D
:1076500000F07AFAB6F5FC7FC0F09A81730A00F068
:107660008F80042B00F26F81B30903F1390003F11D
:10767000380CC3009A4F3B44A3F108055B689D4258
:1076800006D10CE0002980F22781DB689D4206D0FC
:107690005A6822F00302911B0F29F3DD60463D6911
:1076A000DFF850C265457CD06A6822F00302931B64
:1076B0000F2B00F37B81002BC7E904CC80F26C8197
:1076C000B2F5007F80F01A81D308796801334FEA60
:1076D000521E012202FA0EF20A4357F833E0C5F8AF
:1076E00008E007EBC3010839E9607A6047F83350D6
:1076F000CEF80C50831001219940914257D8114285
:1077000006D120F003004900114200F10400FAD034
:1077100007EBC0094D468646D5F80C80454508D193
:107720001DE1002B80F22481D8F80C80454500F043
:107730001681D8F8042022F00302931B0F2BF0DDF2
:107740002046D8E9025408EB060146F00106C8F8C5
:107750000460EC60A56043F00104C7E90411C1E9CD
:1077600002CC4C6048F8023000F0F4F908F108054A
:1077700002E00C2323600025284603B0BDE8F08F0B
:107780004FF4007340204FF03F0C73E7D3689A42E8
:1077900008BF02307FF440AF3D69DFF858C165454E
:1077A00082D17A688310012199409142A7D9BD689E
:1077B0006B6823F003094E4503D8A9EB06030F2B92
:1077C0007ADCDFF834B1474BDBF800201B6801326C
:1077D000334405EB090A00F0338103F580530F337E
:1077E00023F47F6828F00F0841462046FFF7A6FEE5
:1077F000411C024600F0F380824500F2EE803A4BD5
:10780000196841441960084600F04E81DBF8001009
:10781000019301311BBFA2EB0A010918CBF800202C
:10782000196012F0070B00F01781CBF108010A4430
:10783000CBF5805190440831A1EB0801C1F30B0A4C
:10784000514620460092FFF779FE421CDDE90023F5
:1078500000F04F81801A00EB0A081968BA6048F0FE
:1078600001005144BD425060196000F02981B9F116
:107870000F0F40F227816868A9F10C0C2CF0070C5F
:1078800000F0010040EA0C0068604FF0050E05EBC7
:107890000C00BCF10F0FC0E901EE00F2328150681C
:1078A0001546124B1A688A4238BF1960104B1A6885
:1078B0008A4238BF196094E0AA1943F0010346F0E8
:1078C00001066E602046BA60536000F043F9083547
:1078D000284603B0BDE8F08FD9681A44A1E600BF7E
:1078E0009C370020AC8F01207C8F0120A48F0120C9
:1078F000A88F0120A4370020A43B0020B2F5206F00
:107900004FEA522363D3142B00F2B78003F15C01DA
:10791000C9005B3307EB010E7958AEF1080E8E45B6
:1079200000F091804B6823F00303934202D98968E9
:107930008E45F7D1D1F80CE07A68C5E9021ECEF881
:107940000850CD60D6E6142B59D9542B00F29D80F7
:10795000330B03F16F0003F16E0CC3008AE60EF1E6
:10796000010E1EF0030F05F108057FF4D5AE51E0BE
:10797000424445465368D8F80C1043F00103536065
:1079800055F8083F2046D9608B6000F0E3F8F3E635
:10799000F00806F1080237E62A442046536843F00F
:1079A00001035360083500F0D5F8E5E6A919204633
:1079B00046F0010643F001046E60C7E90411C1E915
:1079C00002CC4C60AB5000F0C5F80835D4E6930902
:1079D00003F13901C90038339CE7BD425FD0BD686F
:1079E000686820F003084645A8EB060302D80F2B71
:1079F0003FF762AF204600F0ADF80025BCE603F18A
:107A00005C0003F15B0CC30034E659F808394B45C0
:107A100040F0968010F0030F00F1FF30F5D17B6845
:107A200023EA01037B60490099423FF6C0AE19B9D1
:107A3000BDE649000EF1040E1942FAD0704667E621
:107A400003F11008D0E69A104FF001087B6808FA9D
:107A500002F21A437A6070E702EB08014942C1F36F
:107A60000B0A514620460092FFF768FD431CDDE9F2
:107A700000237FF4EFAEDA46EFE6542B25D8130B44
:107A800003F16F01C9006E3344E7B3F5AA7F25D82F
:107A9000F30B03F1780003F1770CC300EAE5294BFF
:107AA000186840441860B1E6CAF30B0CBCF1000F33
:107AB0007FF4ACAEBD68C84448F001006860F0E6F1
:107AC0001546EEE60123536094E7B3F5AA7F23D869
:107AD000D30B03F17801C90077331BE740F254520E
:107AE000934223D8B30C03F17D0003F17C0CC30057
:107AF000C0E5ABF1080BD844A8EB02084FF0000A30
:107B0000ABE605F1080120460093FFF711FCBD68C4
:107B1000009B68681968C4E640F254518B420BD848
:107B2000930C03F17D01C9007C33F3E64FF47E73BF
:107B30007F204FF07E0C9DE54FF47E717E23E9E6B9
:107B40007B6870E77C8F01200148FFF785BA00BF92
:107B5000788F01200148FFF781BA00BF788F01209C
:107B60002DE9F84F1746002900F098800C4607F1E0
:107B70000B058046FFF7E8FF162D54F8041C5BD870
:107B800010252A46AF425CD821F003069642A4F1A4
:107B9000080962DABC4BD3F808C009EB060084453B
:107BA00000F09780D0F804C02CF0010303445B6818
:107BB000DB0768D42CF0030C06EB0C03934247DA86
:107BC000CB0710D454F8083CA9EB030ADAF80430C8
:107BD00023F003018C44B444944580F2118173185E
:107BE000934280F2E88039464046FFF7FDFC0746A5
:107BF000E0B154F8043C23F001034B44A0F1080227
:107C0000934200F0D280321F242A00F2F580132A1A
:107C100000F2AC8003462246116819605168596031
:107C200092689A6021464046FFF782FB4046FFF784
:107C300091FF3846BDE8F88F25F00705002D2A464C
:107C4000A0DA0C23C8F8003000273846BDE8F88FCA
:107C50001E46D0E90223D3609A60731B0F2B22D8F3
:107C6000D9F8043003F0010333434E44C9F804301B
:107C7000736843F00103736040462746FFF76AFFCD
:107C80003846BDE8F88FC907ADD454F8083CA9EBD5
:107C9000030ADAF8041021F00301A0E7BDE8F84F69
:107CA0001146FFF7A1BCD9F8042009EB050102F049
:107CB00001024E4443F001032A43C9F804204B60FB
:107CC000736843F00103083173604046FFF730FBEF
:107CD000D2E7DCF8040020F0030B06EB0B0C05F1F7
:107CE000100084454DDAC9073FF57DAF54F8081CF4
:107CF000A9EB010ADAF8041021F003018B44B34424
:107D000058453FF76CAF5746DAF80C1057F8080F94
:107D1000321F242AC160886000F2DB80132A40F2FF
:107D2000D6802168CAF808106168CAF80C101B2AAE
:107D300000F2DF8008340AF11002216811606168E6
:107D40005160A16891600AEB0501ABEB050242F0BE
:107D5000010299604A60DAF8043003F001032B4312
:107D60004046CAF80430FFF7F5FE6EE7236803606B
:107D7000636843601B2A68D804F1080200F1080315
:107D80004AE709EB05029A60ACEB050343F00103F7
:107D9000536054F8043C03F001032B43404644F87D
:107DA000043CFFF7D7FE27464FE750F8043C23F08A
:107DB00003031E4451E75746DAF80C1057F8080F32
:107DC000321F242AC16088604CD8132A48D9216800
:107DD000CAF808106168CAF80C101B2A56D8083473
:107DE0000AF110021E462368136063685360A3689B
:107DF0009360D1463C4630E7214600F09DF811E7FC
:107E0000D0E902135746CB60996057F8081FDAF89B
:107E10000C30CB60321F242A99602DD8132A29D91F
:107E20002368CAF808306368CAF80C301B2A42D8A5
:107E300008340AF1100322681A6062685A60A26866
:107E40009A606646D1463C4607E7A3688360E368CC
:107E5000C360242A26D004F1100200F11003DBE6EF
:107E60003A46BFE7214638461E46D14600F064F840
:107E70003C46F2E63B46DEE7214638466646D146BA
:107E800000F05AF83C46E8E69C370020A168CAF8A2
:107E90001010E168CAF81410242A20D010340AF116
:107EA00018029FE7236903616169416104F11802C7
:107EB00000F11803B0E6A368CAF81030E368CAF806
:107EC0001430242A21D010340AF11803B3E73A46BB
:107ED00033E72146384600F02FF8164B33E7226986
:107EE000CAF818206269CAF81C2018340AF1200266
:107EF00078E7A168CAF81010E168CAF81410242ABB
:107F00000DD010340AF1180217E72369CAF81830A7
:107F10006369CAF81C3018340AF120038BE7226920
:107F2000CAF818206269CAF81C2018340AF1200225
:107F300003E700BF9C37002088420DD98B1883428D
:107F40000AD900EB020CBAB1624613F801CD02F86F
:107F500001CD9942F9D170470F2A0ED8034602F19C
:107F6000FF3C4AB10CF1010C013B8C4411F8012B90
:107F700003F8012F6145F9D1704740EA01039B07DF
:107F800050D1A2F1100370B501F1200C23F00F05C0
:107F900001F1100E00F11004AC441B095EF8105CF6
:107FA00044F8105C5EF80C5C44F80C5C5EF8085C0D
:107FB00044F8085C5EF8045C44F8045C0EF1100EB2
:107FC000E64504F11004E9D1013312F00C0F01EB86
:107FD000031102F00F0400EB031327D0043C24F03C
:107FE00003064FEA940C1E441C1F8E465EF8045B89
:107FF00044F8045FB442F9D10CF1010402F0030229
:1080000003EB840301EB840102F1FF3C4AB10CF164
:10801000010C013B8C4411F8012B03F8012F614541
:10802000F9D170BD02F1FF3C03469BE72246EBE726
:10803000024B01461868FFF7D7BA00BFAC3B0020DF
:10804000024B01461868FFF773B900BFAC3B002034
:1080500010B4044C03460A4620685DF8044B1946E8
:10806000FFF77EBDAC3B0020000000005FF800F091
:10807000891C00605FF800F0B51D00605FF800F03B
:0C808000391D00605FF800F0391E006040
:04808C00F8B500BF84
:08809000F8D9FF7F0100000098
:1080980000000000000000000000000000000000D8
:1080A80000000000000000000000000000000000C8
:1080B80000000000000000000000000000000000B8
:1080C80000000000000000000000000000000000A8
:1080D8000000000000000000000000000000000098
:1080E8000000000000000000000000000000000088
:1080F8000000000000000000000000000000000078
:108108000000000000000000000000000000000067
:108118000000000000000000000000000000000057
:108128000000000000000000000000000000000047
:108138000000000000000000000000000000000037
:108148000000000000000000000000000000000027
:108158000000000000000000000000000000000017
:108168000000000000000000000000000000000007
:1081780000000000000000000000000000000000F7
:1081880000000000000000000000000000000000E7
:1081980000000000000000000000000000000000D7
:1081A80000000000000000000000000000000000C7
:1081B80000000000000000000000000000000000B7
:1081C80000000000000000000000000000000000A7
:1081D8000000000000000000000000000000000097
:1081E8000000000000000000000000000000000087
:1081F8000000000000000000000000000000000077
:108208000000000000000000000000000000000066
:108218000000000000000000000000000000000056
:108228000000000000000000000000000000000046
:108238000000000000000000000000000000000036
:108248000000000000000000000000000000000026
:108258000000000000000000000000000000000016
:108268000000000000000000000000000000000006
:1082780000000000000000000000000000000000F6
:1082880000000000000000000000000000000000E6
:1082980000000000000000000000000000000000D6
:1082A80000000000000000000000000000000000C6
:1082B80000000000000000000000000000000000B6
:1082C80000000000000000000000000000000000A6
:1082D8000000000000000000000000000000000096
:1082E8000000000000000000000000000000000086
:1082F8000000000000000000000000000000000076
:108308000000000000000000000000000000000065
:10831800FE822B65471567400000000000003843C7
:108328000000FAFE422E76BF3A3B9EBC9AF70CBD7F
:10833800BDFDFFFFFFFFDF3F3C5455555555C53F79
:10834800912B17CF5555A53F17D0A4671111813F21
:10835800000000000000C842EF39FAFE422EE63F56
:1083680024C482FFBDBFCE3FB5F40CD7086BAC3F29
:10837800CC5046D2ABB2833F843A4E9BE0D7553FB0
:108388000000000000000000000000000000F03FB6
:108398006EBF881A4F3B9B3C3533FBA93DF6EF3F38
:1083A8005DDCD89C136071BC6180773E9AECEF3F2E
:1083B800D16687107A5E90BC857F6EE815E3EF3F43
:1083C80013F6673552D28C3C748515D3B0D9EF3F7C
:1083D800FA8EF92380CE8BBCDEF6DD296BD0EF3F19
:1083E80061C8E6614EF7603CC89B751845C7EF3F0A
:1083F80099D3335BE4A3903C83F3C6CA3EBEEF3FF8
:108408006D7B835DA69A973C0F89F96C58B5EF3F51
:10841800FCEFFD921AB58E3CF747722B92ACEF3FFA
:10842800D19C2F703DBE3E3CA2D1D332ECA3EF3F8E
:108438000B6E908934036ABC1BD3FEAF669BEF3F7B
:108448000EBD2F2A525695BC515B12D00193EF3FB7
:1084580055EA4E8CEF8050BCCC316CC0BD8AEF3FE2
:1084680016F4D5B923C991BCE02DA9AE9A82EF3F85
:10847800AF555CE9E3D3803C518EA5C8987AEF3FAD
:108488004893A5EA151B80BC7B517D3CB872EF3F31
:108498003D32DE55F01F8FBCEA8D8C38F96AEF3F0C
:1084A800BF53133F8C898B3C75CB6FEB5B63EF3FFE
:1084B80026EB11769CD996BCD45C0484E05BEF3F34
:1084C800602F3A3EF7EC9A3CAAB968318754EF3FDF
:1084D8009D3886CB82E78FBC1DD9FC22504DEF3FDB
:1084E8008DC3A644416F8A3CD68C62883B46EF3FD9
:1084F8007D04E4B0057A803C96DC7D91493FEF3FEE
:1085080094A8A8E3FD8E963C3862756E7A38EF3FE2
:108518007D4874F2185E873C3FA6B24FCE31EF3FDC
:10852800F2E71F982B47803CDD7CE265452BEF3F47
:108538005E08713F7BB896BC8163F5E1DF24EF3FAD
:1085480031AB096DE1F7823CE1DE1FF59D1EEF3F7F
:10855800FABF6F1A9B213DBC90D9DAD07F18EF3F44
:10856800B40A0C7282378B3C0B03E4A68512EF3FEA
:108578008FCBCE8992146E3C562F3EA9AF0CEF3F9D
:10858800B6ABB04D754D833C15B7310AFE06EF3FCB
:108598004C74ACE20142863C31D84CFC7001EF3F90
:1085A8004AF8D35D39DD8F3CFF1664B208FCEE3F14
:1085B800045B8E3B80A386BCF19F925FC5F6EE3FBD
:1085C80068504BCCED4A92BCCBA93A37A7F1EE3FA5
:1085D8008E2D511BF80799BC66D8056DAEECEE3FA1
:1085E800D236943EE8D171BCF79FE534DBE7EE3F25
:1085F800151BCEB3191999BCE5A813C32DE3EE3F9B
:108608006D4C2AA7489F853C2234124CA6DEEE3FCB
:108618008A69287A601293BC1C80AC0445DAEE3F64
:108628005B8917488FA758BC2A2EF7210AD6EE3F38
:108638001B9A49679B2C7CBC97A850D9F5D1EE3F73
:1086480011ACC260ED63433C2D89616008CEEE3FFA
:10865800EF64063B0966963C57001DED41CAEE3FA4
:108668007903A1DAE1CC6E3CD03CC1B5A2C6EE3F9D
:1086780030120F3F8EFF933CDED3D7F02AC3EE3F74
:10868800B0AF7ABBCE90763C272A36D5DABFEE3F1C
:1086980077E054EBBD1D933C0DDDFD99B2BCEE3F78
:1086A8008EA3710034948FBCA72C9D76B2B9EE3F8F
:1086B80049A393DCCCDE87BC4266CFA2DAB6EE3F94
:1086C8005F380FBDC6DE78BC824F9D562BB4EE3F97
:1086D800F65C7BEC461286BC0F925DCAA4B1EE3FF5
:1086E8008ED7FD180535933CDA27B53647AFEE3FF0
:1086F800059B8A2FB7987B3CFDC797D412ADEE3FF8
:1087080009541CE2E163903C295448DD07ABEE3F75
:10871800EAC6195085C7343CB746598A26A9EE3FA0
:1087280035C0642BE632943C4821AD156FA7EE3F67
:108738009F7699614AE48CBC09DC76B9E1A5EE3FE5
:10874800A84DEF3BC5338CBC85553AB07EA4EE3FAF
:10875800AEE92B89785384BC20C3CC3446A3EE3FC2
:1087680058585678DDCE93BC2522558238A2EE3F64
:1087780064197E80AA10573C73A94CD455A1EE3FCA
:1087880028225EBFEFB393BCCD3B7F669EA0EE3F31
:1087980082B93487AD126ABCBFDA0B7512A0EE3FFE
:1087A800EEA96DB8EF6763BC2F1A653CB29FEE3F28
:1087B8005188E0543DDC80BC849451F97D9FEE3FA4
:1087C800CF3E5A7E641F78BC745FECE8759FEE3F1D
:1087D800B07D8BC04AEE86BC7481A5489A9FEE3F57
:1087E8008AE6551E321986BCC9674256EB9FEE3F92
:1087F800D3D4095ECB9C903C3F5DDE4F69A0EE3F31
:108808001DA54DB9DC327BBC8701EB7314A1EE3F8B
:108818006BC06754FDEC943C32C13001EDA1EE3FD2
:10882800556CD6ABE1EB653C624ECF36F3A2EE3F1A
:1088380042CFB32FC5A188BC121A3E5427A4EE3FDD
:1088480034373BF1B66993BC13CE4C9989A5EE3FFA
:108858001EFF193A845E80BCADC723461AA7EE3FB7
:108868006E5772D850D494BCED92449BD9A8EE3F71
:10887800008A0E5B67AD903C99668AD9C7AAEE3F1D
:10888800B4EAF0C12FB78D3CDBA02A42E5ACEE3F3D
:10889800FFE7C59C60B665BC8C44B51632AFEE3FA9
:1088A800445FF35983F67B3C36771599AEB1EE3FBA
:1088B800833D1EA71F0993BCC6FF910B5BB4EE3F17
:1088C800291E6C8BB8A95DBCE5C5CDB037B7EE3FA6
:1088D80059B9907CF9236CBC0F52C8CB44BAEE3F0F
:1088E800AAF9F422434392BC504EDE9F82BDEE3F6C
:1088F8004B8E66D76CCA85BCBA07CA70F1C0EE3F0A
:1089080027CE912BFCAF713C90F0A38291C4EE3F2F
:10891800BB730AE135D26D3C2323E31963C8EE3FEC
:108928006322622204C587BC65E55D7B66CCEE3FA9
:10893800D531E2E3861C8B3C332D4AEC9BD0EE3FCD
:1089480015BBBCD3D1BB91BC5D253EB203D5EE3F70
:10895800D231EE9C31CC903C58B330139ED9EE3FC7
:10896800B35A736E8469843CBFFD79556BDEEE3F64
:10897800B49D8E97CDDF82BC7AF3D3BF6BE3EE3F15
:108988008733CB92771A8C3CADD35A999FE8EE3F48
:10899800FAD9D14A8F7B90BC66B68D2907EEEE3F97
:1089A800BAAEDC56D9C355BCFB154FB8A2F3EE3F9F
:1089B80040F6A63D0EA490BC3A59E58D72F9EE3FFB
:1089C8003493AD38F4D668BC475EFBF276FFEE3FD1
:1089D800358A586BE2EE91BC4A06A130B005EF3FEC
:1089E800CDDD5F0AD7FF743CD2C14B901E0CEF3F20
:1089F800AC9892FAFBBD91BC091ED75BC212EF3F3F
:108A0800B30CAF30AE6E733C9C5285DD9B19EF3FC3
:108A180094FD9F5C32E38E3C7AD0FF5FAB20EF3F42
:108A2800AC5909D18FE0843C4BD1572EF127EF3F49
:108A3800671A4E38AFCD633CB5E706946D2FEF3F0C
:108A48006819926C2C6B673C6990EFDC2037EF3F1C
:108A5800D2B5CC83188A80BCFAC35D550B3FEF3F73
:108A68006FFAFF3F5DAD8FBC7C89074A2D47EF3F0A
:108A780049A97538AE0D90BCF2890D08874FEF3FB4
:108A8800A7073DA685A3743C87A4FBDC1858EF3FD5
:108A98000F2240209E9182BC9883C916E360EF3F65
:108AA800AC92C1D5505A8E3C8532DB03E669EF3F64
:108AB8004B6B01AC593A843C60B401F32173EF3F2E
:108AC8001F3EB40721D582BC5F9B7B33977CEF3F69
:108AD800C90D473BB92A89BC29A1F5144686EF3F41
:108AE800D3883A6004B6743CF63F8BE72E90EF3F8C
:108AF80071729D51ECC5833C834CC7FB519AEF3F83
:108B0800F091D38F12F78FBCDA90A4A2AFA4EF3FF5
:108B18007D7423E298AE8DBCF1678E2D48AFEF3F90
:108B28000820AA41BCC38E3C275A61EE1BBAEF3F0E
:108B380032EBA9C3942B843C97BA6B372BC5EF3F14
:108B4800EE85D131A9648A3C40456E5B76D0EF3F13
:108B5800EDE33BE4BA378EBC14BE9CADFDDBEF3FC2
:108B68009DCD914D3B89773CD8909E81C1E7EF3FE1
:108B780089CC6041C105533CF1718F2BC2F3EF3FA3
:108B8800BEF3F879EC61F63FDEAA8C80F77BD5BF9F
:108B98003D88AF4AED71F53FDB6DC0A7F0BED2BF8F
:108BA800B010F0F03995F43F673A517FAE1ED0BF50
:108BB8008503B8B095C9F33FE92482A6D831CBBF65
:108BC800A564880C190DF33F5877C00A4F57C6BFE4
:108BD800A08E0B7B225EF23F00819CC72BAAC1BFEF
:108BE8003F341A4A4ABBF13F5E0E8CCE764EBABF6E
:108BF800BAE58AF05823F13FCC1C615A3C97B1BFC3
:108C0800A70099413F95F03F1E0CE138F452A2BFEE
:108C1800000000000000F03F00000000000000001D
:108C2800AC479AFD8C60EE3F8459F25DAAA5AA3F35
:108C3800A06A021FB3A4EC3FB42E36AA535EBC3F11
:108C4800E6FC6A573620EB3F08DB2077E526C53F70
:108C58002DAAA163D1C2E93F7047220D86C2CB3F3E
:108C6800ED417803E686E83FE17EA0C88B05D13F59
:108C7800624853F5DC67E73F09EEB6573004D43F46
:108C8800EF39FAFE422EE63F3483B848A30ED0BF30
:108C98006A0BE00B5B57D53F23410AF2FEFFDFBFAB
:108CA8000038FAFE422EE63F3067C79357F32E3D51
:108CB800000000000000E0BF605555555555E5BF60
:108CC800060000000000E03F4E5559999999E93F88
:108CD8007AA429555555E5BFE945489B5B49F2BF3C
:108CE800C33F268B2B00F03F0000000000A0F63F9A
:108CF800000000000000000000C8B9F2822CD6BFB6
:108D08008056372824B4FA3C000000000080F63F63
:108D18000000000000000000000858BFBDD1D5BF0A
:108D280020F7E0D808A51CBD000000000060F63F51
:108D38000000000000000000005845177776D5BFF6
:108D48006D50B6D5A46223BD000000000040F63F78
:108D5800000000000000000000F82D87AD1AD5BF04
:108D6800D567B09EE484E6BC000000000020F63F12
:108D78000000000000000000007877955FBED4BFB7
:108D8800E03E2993691B04BD000000000000F63F87
:108D9800000000000000000000601CC28B61D4BF0E
:108DA800CC844C482FD8133D0000000000E0F53F6C
:108DB800000000000000000000A886863004D4BF30
:108DC8003A0B82EDF342DC3C0000000000C0F53FA6
:108DD8000000000000000000004869554CA6D3BF01
:108DE80060945186C6B1203D0000000000A0F53F08
:108DF80000000000000000000080989ADD47D3BF03
:108E08009280C5D44D59253D000000000080F53FF3
:108E180000000000000000000020E1BAE2E8D2BF34
:108E2800D82BB7991E7B263D000000000060F53F57
:108E380000000000000000000088DE135A89D2BF3D
:108E48003FB0CFB614CA153D000000000060F53FE2
:108E580000000000000000000088DE135A89D2BF1D
:108E68003FB0CFB614CA153D000000000040F53FE2
:108E780000000000000000000078CFFB4129D2BFAD
:108E880076DA5328245A16BD000000000020F53F6A
:108E98000000000000000000009869C198C8D1BF18
:108EA8000454E768BCAF1FBD000000000000F53F98
:108EB800000000000000000000A8ABAB5C67D1BF59
:108EC800F0A88233C61F1F3D0000000000E0F43FF9
:108ED80000000000000000000048AEF98B05D1BF7B
:108EE800665A05FDC4A826BD0000000000C0F43F76
:108EF8000000000000000000009073E224A3D0BF2F
:108F08000E03F47EEE6B0CBD0000000000A0F43FE1
:108F1800000000000000000000D0B4942540D0BF3D
:108F28007F2DF49EB836F0BC0000000000A0F43F8E
:108F3800000000000000000000D0B4942540D0BF1D
:108F48007F2DF49EB836F0BC000000000080F43F8E
:108F5800000000000000000000405E6D18B9CFBF9F
:108F6800873C99AB2A570D3D000000000060F43F94
:108F780000000000000000000060DCCBADF0CEBFB8
:108F880024AF869CB7262B3D000000000040F43F2C
:108F9800000000000000000000F02A6E0727CEBF86
:108FA80010FF3F544F2F17BD000000000020F43F72
:108FB800000000000000000000C04F6B215CCDBF26
:108FC8001B68CABB91BA213D000000000000F43FB5
:108FD800000000000000000000A09AC7F78FCCBF77
:108FE80034849F684F79273D000000000000F43F5B
:108FF800000000000000000000A09AC7F78FCCBF57
:1090080034849F684F79273D0000000000E0F33F5B
:10901800000000000000000000902D7486C2CBBF45
:109028008FB78B31B04E193D0000000000C0F33FF0
:10903800000000000000000000C0804EC9F3CABF55
:109048006690CD3F634EBA3C0000000000A0F33F9D
:10905800000000000000000000B0E21FBC23CABFEF
:10906800EAC146DC648C25BD0000000000A0F33F87
:10907800000000000000000000B0E21FBC23CABFCF
:10908800EAC146DC648C25BD000000000080F33F87
:1090980000000000000000000050F49C5A52C9BFB4
:1090A800E3D4C104D9D12ABD000000000060F33F19
:1090B800000000000000000000D02065A07FC8BFAD
:1090C80009FADB7FBFBD2B3D000000000040F33FE5
:1090D800000000000000000000E0100289ABC7BFDC
:1090E800584A537290DB2B3D000000000040F33FCC
:1090F800000000000000000000E0100289ABC7BFBC
:10910800584A537290DB2B3D000000000020F33FCB
:10911800000000000000000000D019E70FD6C6BF0D
:1091280066E2B2A36AE410BD000000000000F33F4D
:1091380000000000000000000090A77030FFC5BFCD
:109148003950109F439E1EBD000000000000F33FF1
:1091580000000000000000000090A77030FFC5BFAD
:109168003950109F439E1EBD0000000000E0F23FF2
:10917800000000000000000000B0A1E3E526C5BF24
:109188008F5B07908BDE20BD0000000000C0F23F1F
:1091980000000000000000000080CB6C2B4DC4BF15
:1091A8003C783561C10C173D0000000000C0F23F5B
:1091B80000000000000000000080CB6C2B4DC4BFF5
:1091C8003C783561C10C173D0000000000A0F23F5B
:1091D800000000000000000000901E20FC71C3BFCA
:1091E8003A54274D8678F13C000000000080F23F99
:1091F800000000000000000000F01FF85295C2BFF8
:1092080008C47117308D24BD000000000060F23FD3
:10921800000000000000000000602FD52AB7C1BF81
:1092280096A31118A4802EBD000000000060F23F34
:10923800000000000000000000602FD52AB7C1BF61
:1092480096A31118A4802EBD000000000040F23F34
:1092580000000000000000000090D07C7ED7C0BF56
:10926800F45BE88896690A3D000000000040F23F80
:1092780000000000000000000090D07C7ED7C0BF36
:10928800F45BE88896690A3D000000000020F23F80
:10929800000000000000000000E0DB3191ECBFBFDF
:1092A800F233A35C547525BD000000000000F23FB6
:1092B800000000000000000000002B6E0727BEBF62
:1092C8003C00F02A2C342A3D000000000000F23F48
:1092D800000000000000000000002B6E0727BEBF42
:1092E8003C00F02A2C342A3D0000000000E0F13F49
:1092F800000000000000000000C05B8F545EBCBF8F
:1093080006BE5F58570C1DBD0000000000C0F13FAD
:10931800000000000000000000E04A3A6D92BABF69
:10932800C8AA5BE83539253D0000000000C0F13FC0
:10933800000000000000000000E04A3A6D92BABF49
:10934800C8AA5BE83539253D0000000000A0F13FC0
:10935800000000000000000000A031D645C3B8BFDF
:1093680068562F4D297C133D0000000000A0F13FF6
:10937800000000000000000000A031D645C3B8BFBF
:1093880068562F4D297C133D000000000080F13FF6
:1093980000000000000000000060E58AD2F0B6BFBF
:1093A800DA7333C9379726BD000000000060F13F2B
:1093B80000000000000000000020063F071BB5BFAA
:1093C800575EC6615B021F3D000000000060F13F70
:1093D80000000000000000000020063F071BB5BF8A
:1093E800575EC6615B021F3D000000000040F13F70
:1093F800000000000000000000E01B96D741B3BF4A
:10940800DF13F9CCDA5E2C3D000000000040F13F8C
:10941800000000000000000000E01B96D741B3BF29
:10942800DF13F9CCDA5E2C3D000000000020F13F8C
:1094380000000000000000000080A3EE3665B1BF08
:1094480009A38F765E7C143D000000000000F13F08
:109458000000000000000000008011C0300AAFBF0B
:10946800918E36839E592D3D000000000000F13F8B
:109478000000000000000000008011C0300AAFBFEB
:10948800918E36839E592D3D0000000000E0F03F8C
:10949800000000000000000000801971DD42ABBF31
:1094A8004C70D6E57A821C3D0000000000E0F03FD9
:1094B800000000000000000000801971DD42ABBF11
:1094C8004C70D6E57A821C3D0000000000C0F03FD9
:1094D800000000000000000000C032F65874A7BF6A
:1094E800EEA1F23446FC2CBD0000000000C0F03FA5
:1094F800000000000000000000C032F65874A7BF4A
:10950800EEA1F23446FC2CBD0000000000A0F03FA4
:10951800000000000000000000C0FEB9879EA3BF45
:10952800AAFE26F5B702F53C0000000000A0F03FB7
:10953800000000000000000000C0FEB9879EA3BF25
:10954800AAFE26F5B702F53C000000000080F03FB7
:1095580000000000000000000000780E9B829FBF02
:10956800E4097E7C268029BD000000000080F03FD1
:1095780000000000000000000000780E9B829FBFE2
:10958800E4097E7C268029BD000000000060F03FD1
:1095980000000000000000000080D5071BB997BF3D
:1095A80039A6FA93548D28BD000000000040F03F12
:1095B80000000000000000000000FCB0A8C08FBF41
:1095C8009CA6D3F67C1EDFBC000000000040F03FE4
:1095D80000000000000000000000FCB0A8C08FBF21
:1095E8009CA6D3F67C1EDFBC000000000020F03FE4
:1095F80000000000000000000000106B2AE07FBFA0
:10960800E440DA0D3FE219BD000000000020F03F01
:1096180000000000000000000000106B2AE07FBF7F
:10962800E440DA0D3FE219BD000000000000F03F01
:109638000000000000000000000000000000000022
:109648000000000000000000000000000000F03FE3
:109658000000000000000000000000000000000002
:1096680000000000000000000000000000C0EF3F04
:109678000000000000000000000089751510803F00
:10968800E82B9D996BC710BD000000000080EF3FDC
:109698000000000000000000008093585620903F12
:1096A800D2F7E2065BDC23BD000000000040EF3F7C
:1096B80000000000000000000000C9282549983F6C
:1096C800340C5A32BAA02ABD000000000000EF3F57
:1096D80000000000000000000040E7895D41A03F55
:1096E80053D7F15CC011013D0000000000C0EE3FFF
:1096F800000000000000000000002ED4AE66A43F69
:1097080028FDBD7573162CBD000000000080EE3FDB
:10971800000000000000000000C09F14AA94A83FA9
:109728007D265AD0957919BD000000000040EE3F13
:10973800000000000000000000C0DDCD73CBAC3F8E
:109748000728D847F2681ABD000000000020EE3F45
:10975800000000000000000000C006C031EAAE3F73
:109768007B3BC94F3E110EBD0000000000E0ED3FFD
:109778000000000000000000006046D13B97B13FA8
:109788009B9E0D565D3225BD0000000000A0ED3FF8
:10979800000000000000000000E0D1A7F5BDB33FC5
:1097A800D74EDBA55EC82C3D000000000060ED3FF1
:1097B800000000000000000000A0974D5AE9B53FE6
:1097C8001E1D5D3C06692CBD000000000040ED3FF9
:1097D800000000000000000000C0EA0AD300B73F04
:1097E80032ED9DA98D1EEC3C000000000000ED3F0D
:1097F80000000000000000000040595D5E33B93FE2
:10980800DA47BD3A5C11233D0000000000C0EC3F80
:1098180000000000000000000060AD8DC86ABB3F7A
:10982800E568F72B809013BD0000000000A0EC3F16
:1098380000000000000000000040BC015888BC3F48
:10984800D3AC5AC6D146263D000000000060EC3F6C
:10985800000000000000000000200A8339C7BE3F56
:10986800E045E6AF68C02DBD000000000040EC3FB9
:10987800000000000000000000E0DB3991E8BF3F75
:10988800FD0AA14FD63425BD000000000000EC3FC2
:10989800000000000000000000E027828E17C13F92
:1098A800F2072DCE78EF213D0000000000E0EB3FED
:1098B800000000000000000000F0237E2BAAC13F3A
:1098C800349938448EA72C3D0000000000A0EB3FDF
:1098D80000000000000000000080860C61D1C23F3B
:1098E800A1B481CB6C9D033D000000000080EB3FDC
:1098F8000000000000000000009015B0FC65C33FA8
:1099080089724B23A82FC63C000000000040EB3FA3
:10991800000000000000000000B033833D91C43F08
:1099280078B6FD547983253D000000000020EB3F08
:10993800000000000000000000B0A1E4E527C53FDA
:10994800C77D69E5E833263D0000000000E0EA3FF6
:10995800000000000000000000108CBE4E57C63FFB
:10996800782E3C2C8BCF193D0000000000C0EA3F48
:1099780000000000000000000070758B12F0C63F68
:10998800E1219CE58D1125BD0000000000A0EA3F03
:109998000000000000000000005044858D89C73F8A
:1099A8000543917010661CBD000000000060EA3F8E
:1099B8000000000000000000000039EBAFBEC83F07
:1099C800D12CE9AA543D07BD000000000040EA3F41
:1099D80000000000000000000000F7DC5A5AC93FF0
:1099E8006FFFA05828F2073D000000000000EA3F82
:1099F800000000000000000000E08A3CED93CA3F30
:109A080069215650437228BD0000000000E0E93F7C
:109A1800000000000000000000D05B57D831CB3FA9
:109A2800AAE1AC4E8D350CBD0000000000C0E93F36
:109A3800000000000000000000E03B3887D0CB3F6A
:109A4800B6125459C44B2DBD0000000000A0E93FD8
:109A580000000000000000000010F0C6FB6FCC3FC3
:109A6800D22B96C572ECF1BC000000000060E93F03
:109A780000000000000000000090D4B03DB1CD3FD0
:109A880035B015F72AFF2ABD000000000040E93F65
:109A980000000000000000000010E7FF0E53CE3F5A
:109AA80030F441602712C23C000000000020E93F6A
:109AB80000000000000000000000DDE4ADF5CE3F2E
:109AC800118EBB651521CABC000000000000E93FEB
:109AD800000000000000000000B0B36C1C99CF3FEC
:109AE80030DF0CCAECCB1B3D0000000000C0E83F93
:109AF800000000000000000000584D603871D03FA1
:109B0800914EED16DB9CF83C0000000000A0E83FF9
:109B18000000000000000000006061672DC4D03F15
:109B2800E9EA3C168B18273D000000000080E83F5A
:109B3800000000000000000000E827828E17D13FD7
:109B48001CF0A5630E212CBD000000000060E83F5A
:109B5800000000000000000000F8ACCB5C6BD13FB7
:109B68008116A5F7CD9A2B3D000000000040E83F84
:109B7800000000000000000000685A6399BFD13F50
:109B8800B7BD4751EDA62C3D000000000020E83F7E
:109B9800000000000000000000B80E6D4514D23F20
:109BA800EABA46BADE870A3D0000000000E0E73F57
:109BB80000000000000000000090DC7CF0BED23FF6
:109BC800F404504AFA9C2A3D0000000000C0E73F18
:109BD80000000000000000000060D3E1F114D33F52
:109BE800B83C21D37AE228BD0000000000A0E73F7E
:109BF80000000000000000000010BE76676BD33F35
:109C0800C877F1B0CD6E113D000000000080E73F3D
:109C180000000000000000000030337752C2D33F3C
:109C28005CBD06B6543B183D000000000060E73FED
:109C3800000000000000000000E8D523B419D43F5C
:109C48009DE090EC36E4083D000000000040E73F4E
:109C5800000000000000000000C871C28D71D43FF0
:109C680075D66709CE272FBD000000000020E73F0A
:109C780000000000000000000030179EE0C9D43F3B
:109C8800A4D80A1B89202EBD000000000000E73F71
:109C9800000000000000000000A03807AE22D53FF9
:109CA80059C7648170BE2E3D0000000000E0E63F09
:109CB800000000000000000000D0C853F77BD53F2B
:109CC800EF405DEEEDAD1F3D0000000000C0E63F37
:109CD8000000000000000000006059DFBDD5D53F3E
:109CE800DC65A4082A0B0ABD000000000000F03F54
:109CF800000000000000F0BF000000000000F0BFFE
:109D0800000000000000F03F83C8C96D305F644167
:109D1800182D4454FB21F93F000000000000F03FDB
:109D28001C620CFDFFFFDFBF198F06E15355A53FED
:109D38009D359AE887C056BFC3F87B024393F93E26
:109D480003A695595455C5BFC40B23057610813F0A
:109D580024CF7437EB9429BF000000000000F03FC7
:109D6800000000000000F0BF000000000000F0BF8D
:109D7800000000000000F03F83C8C96D305F6441F7
:109D8800182D4454FB21F93F000000000000F0BFEB
:109D98001C620CFDFFFFDF3F198F06E15355A5BF7D
:109DA8009D359AE887C0563FC3F87B024393F9BEB6
:109DB80003A695595455C5BFC40B23057610813F9A
:109DC80024CF7437EB9429BF00000042C8801F409D
:109DD800B8821F400800000000000042C4801F40F5
:109DE800B4821F400400000000C0004224801F40CD
:109DF80014821F401000000000C0004228801F404D
:109E080018821F402000000000C000422C801F4024
:109E18001C821F404000000000C0004234801F40E8
:109E280024821F40000100000040004264811F405E
:109E380054831F40000400000040004280811F40FE
:109E480070831F4000000200004000427C811F40D8
:109E58006C831F40000001000040004268811F40E1
:109E680058831F4000080000004000423C811F400A
:109E78002C831F40010000000040004244811F4025
:109E880034831F40040000000040004240811F400E
:109E980030831F40020000000040004248811F40FC
:109EA80038831F40080000000000004204811F4062
:109EB800F4821F40000004000000004208811F4097
:109EC800F8821F40000008000000004218811F406F
:109ED80008831F40000080000000004214811F40DA
:109EE80004831F40000040000000004200811F4022
:109EF800F0821F400000020000000042FC801F406A
:109F0800EC821F40000001000000004224811F4035
:109F180014831F40000000040000004228811F40F5
:109F280018831F4000000008000000421C811F40E9
:109F38000C831F40000000010000004220811F40E8
:109F480010831F400000000200000042EC801F4008
:109F5800DC821F400010000000000042F0801F401B
:109F6800E0821F40002000000000004234811F40B2
:109F780024831F40000000400000004238811F4039
:109F880028831F40000000800080004294801F400A
:109F980084821F400000040000C0004290801F40DF
:109FA80080821F400000008000800042A8801F407F
:109FB80098821F400000800000800042A4801F405B
:109FC80094821F4000004000004000426C811F4006
:109FD8005C831F400010000000C0004230801F401A
:109FE80020821F408000000000800042C8811F407E
:109FF800B8831F400080000000800042C4811F40D9
:10A00800B4831F400040000000800042C0811F4010
:10A01800B0831F400020000000800042BC811F4028
:10A02800AC831F400010000000800042D0811F4018
:10A03800C0831F400000020000800042CC811F4006
:10A04800BC831F4000000100D8399D270054EA2A2C
:10A0580000A4781F007B9A17000000000000000091
:10A0680009A90000D544000009A9000009A90000B9
:10A0780009A9000009A90000000000000000000074
:10A0880029D3000015C60000B5AF0000000000008D
:10A098000000000011D00000E9C5000071AF000009
:10A0A800000000000000000075D5000079D900000C
:10A0B80001B00000305D0120145D0120D85C012052
:10A0C800CC5C0120000000000000000059050100E0
:10A0D8000D1C000075AB0000D5A900004503010068
:10A0E800C5C0000095A900008DAA000035FA8E3C75
:10A0F8006F12833A0000000000000000FDD7000046
:10A1080061D9000039B00000000000000000000024
:10A1180009A9000009A900000000000000000000D3
:10A1280031D9000049D90000E1AF000009E600007C
:10A13800859F00000000000000000000956E0000F0
:10A14800D5440000291C0000F9000000F9000000B7
:10A15800F9000000FFFF7F7F000000000000803F43
:10A16800DB0F494000000000000100001837002004
:10A178001200000000060000F02700600A0000003E
:10A18800000200005827006062000000000700007D
:10A19800F426006062000000EE030000783700201B
:10A1A80012000000000004EE5037002028000000D4
:10A1B80000030000EC270060000000000103090410
:10A1C800D42700600000000002030904BC270060D7
:10A1D80000000000030309043837002000000000D5
:10A1E8000000000000000000000000000000000067
:10A1F80000000000E8230020E0230020D8230020EE
:10A20800D0230020C8230020C0230020B82300202A
:10A21800B0230020A8230020A0230020982300209A
:10A22800902300205C2100205C2100205C2100207C
:10A238005C2100205C2100205C2100208823002074
:10A24800802300207823002070230020682300202A
:10A25800602300205823002050230020482300209A
:10A26800402300203823002030230020282300200A
:10A27800202300201823002010230020082300207A
:10A2880000230020F8220020F0220020E8220020ED
:10A29800E0220020D8220020D0220020C82200205E
:10A2A800C0220020E0230020D8230020D023002053
:10A2B800C8230020C0230020B823002088230020C2
:10A2C80080230020782300207023002068230020AA
:10A2D800602300205823002050230020482300201A
:10A2E800402300203823002030230020282300208A
:10A2F80020230020182300201023002008230020FA
:10A3080000230020F8220020F0220020E82200206C
:10A31800E0220020D8220020D0220020C8220020DD
:10A32800C0220020B0230020A8230020A023002062
:10A338009823002007080C0B06050F000D0E0102DC
:10A34800838407080C0B06050F000D0E0102838499
:10A35800FF060C183060C0FFC3663C1818181818A0
:10A36800C3663C18183C66C3C3C3C3C3DBFFE7C35B
:10A37800C3C3C36666663C3CC3C3C3C3C3C3FF7ED3
:10A38800FF181818181818187FC0C07E030303FE9A
:10A39800FEC3C3FED8CCC6C37EFFC3C3C3CEFA79FF
:10A3A800FEC3C3FEC0C0C0C07EFFC3C3C3C3FF7E1D
:10A3B800C3C3E3F3DBCFC7C3E7FFDBDBC3C3C3C35D
:10A3C800C0C0C0C0C0C0C0FFC6CCD8F0D8CCC6C3BF
:10A3D800FF1818181818D870FF181818181818FF28
:10A3E800C3C3C3FFC3C3C3C37EC3C0C0C6C3C37E86
:10A3F800FFC0C0FFC0C0C0C0FFC0C0FFC0C0C0FF1A
:10A40800FCC6C3C3C3C3C6FC7EC3C0C0C0C0C37E32
:10A41800FEC3C3FCC3C3C3FE3C66C3C3FFC3C3C3FD
:10A4280000003838000038387EC3C37F060C183067
:10A438007EC3C37E7EC3C37EFF03060C183060C094
:10A448003F60C0C0FEC3C37EFFC0C0FC06C3663CFD
:10A45800060E1E3666FF0C0C7EC30C380CC3663C19
:10A468003C7EC303061860FF1878D818181818FF20
:10A478007EFFC3C3C3C3FF7E0103060C183060C050
:10A4880000000000003E5B4F5B3E3E6B4F6B3E1C86
:10A498003E7C3E1C183C7E3C181C577D571C1C5E9D
:10A4A8007F5E1C00183C1800FFE7C3E7FF00182474
:10A4B8001800FFE7DBE7FF30483A060E262979291E
:10A4C80026407F050507407F05253F5A3CE73C5A53
:10A4D8007F3E1C1C08081C1C3E7F14227F22145F30
:10A4E8005F005F5F06097F017F006689956A60608B
:10A4F80060606094A2FFA29408047E040810207E85
:10A50800201008082A1C08081C2A08081E10101009
:10A51800100C1E0C1E0C30383E3830060E3E0E064F
:10A52800000000000000005F0000000700070014A2
:10A538007F147F14242A7F2A122313086462364961
:10A548005620500008070300001C22410000412249
:10A558001C002A1C7F1C2A08083E0808008070304E
:10A5680000080808080800006060002010080402BD
:10A578003E5149453E00427F4000724949494621C3
:10A5880041494D331814127F1027454545393C4A37
:10A59800494931412111090736494949364649494E
:10A5A800291E000014000000403400000008142296
:10A5B8004114141414140041221408020159090604
:10A5C8003E415D594E7C1211127C7F494949363E05
:10A5D800414141227F4141413E7F494949417F09EB
:10A5E8000909013E414151737F0808087F00417FF6
:10A5F80041002040413F017F081422417F404040F4
:10A60800407F021C027F7F0408107F3E4141413E8B
:10A618007F090909063E4151215E7F09192946260D
:10A628004949493203017F01033F4040403F1F2011
:10A6380040201F3F4038403F6314081463030478E8
:10A6480004036159494D43007F4141410204081008
:10A6580020004141417F0402010204404040404043
:10A66800000307080020545478407F2844443838B1
:10A6780044444428384444287F3854545418000823
:10A688007E090218A4A49C787F0804047800447DFD
:10A6980040002040403D007F1028440000417F409A
:10A6A800007C047804787C080404783844444438EE
:10A6B800FC1824241818242418FC7C0804040848CE
:10A6C8005454542404043F44243C4040207C1C201F
:10A6D80040201C3C4030403C44281028444C90907A
:10A6E800907C4464544C44000836410000007700D4
:10A6F80000004136080002010204023C2623263CE1
:10A708001EA1A161123A4040207A3854545559216B
:10A718005555794122545478422155547840205453
:10A728005579400C1E5272123955555559395454A1
:10A73800545939555454580000457C410002457D10
:10A74800420001457C407D1211127DF0282528F039
:10A758007C545545002054547C547C0A097F493266
:10A76800494949323A4444443A324A4848303A41DD
:10A7780041217A3A42402078009DA0A07D3D424286
:10A78800423D3D4040403D3C24FF2424487E49430F
:10A79800662B2FFC2F2BFF0929F620C0887E090382
:10A7A80020545479410000447D413048484A3238A9
:10A7B8004040227A007A0A0A727D0D19317D2629D5
:10A7C800292F28262929292630484D4020380808CD
:10A7D800080808080808382F10C8ACBA2F10283401
:10A7E800FA00007B000008142A142222142A1408F4
:10A7F8005500550055AA55AA55AAFF55FF55FF0003
:10A808000000FF00101010FF00141414FF001010B7
:10A81800FF00FF1010F010F0141414FC001414F7CB
:10A8280000FF0000FF00FF1414F404FC14141710B8
:10A838001F10101F101F1414141F00101010F00008
:10A848000000001F101010101F10101010F0100042
:10A858000000FF101010101010101010FF10000052
:10A8680000FF140000FF00FF00001F10170000FC8D
:10A8780004F414141710171414F404F40000FF005F
:10A88800F714141414141414F700F71414141714E8
:10A8980010101F101F141414F4141010F010F000EE
:10A8A800001F101F0000001F14000000FC1400000F
:10A8B800F010F01010FF10FF141414FF14101010F3
:10A8C8001F00000000F010FFFFFFFFFFF0F0F0F0A6
:10A8D800F0FFFFFF0000000000FFFF0F0F0F0F0F3A
:10A8E8003844443844FC4A4A4A347E020206060286
:10A8F8007E027E0263554941633844443C04407EED
:10A90800201E2006027E020299A5E7A5991C2A4965
:10A918002A1C4C7201724C304A4D4D3030487848F0
:10A9280030BC625A463D3E494949007E0101017EDC
:10A938002A2A2A2A2A44445F444440514A4440402F
:10A94800444A51400000FF0103E080FF000008086E
:10A958006B6B083612362436060F090F06000018EE
:10A96800180000001010003040FF0101001F010115
:10A978001E00191D1712003C3C3C3C000000000062
:10A9880000000000000000001D390100D1A70000F0
:10A99800C9A70000CDA70000553A01009D2D010070
:10A9A800F53201005D2E0100A12D0100B52D010039
:10A9B800313301009D2D0100E53101006945010099
:10A9C800993E0100DD3C0100C92D0100BD2F0100A9
:10A9D8006D3001001131010000000000000000008E
:10A9E800250D00002D0D0000BD950000310D000063
:10A9F800C5950000D50B0000350D0000390D00008D
:10AA08000000000000000000B9950000BD9500009E
:10AA1800C1950000C5950000D50B0000C995000040
:10AA2800CD9500000000000000000000219F0000FC
:10AA38000DC600009DAF0000B5DE00001D9F0000A0
:10AA4800000000000000000021C80000218A00006A
:10AA5800C93600000000000000000000A98C0000BA
:10AA68001D8A0000BD36000097A0895B5A0F830D30
:10AA7800C95F6035C2E907E18C24671E458E08630B
:10AA880025F0150A17BE0694F778EA4B001AC53E5A
:10AA98005EFCDBCB75230B2039B12158ED95385777
:10AAA800AE147D88ABA844AF4AA547868B301BA659
:10AAB8004D929EE7536FE57A3CD385E6DC695C29C5
:10AAC800372EF528F4668F3641193FA101D8504931
:10AAD800D14C84BBD05912A9C8C4878274BC9F5674
:10AAE800A4646DC6ADBA034034D9E2FA7C7B05CACA
:10AAF8002693767EFF5255D4CFCE3BE32F103A11E2
:10AB0800B6BD1C2ADFB7AAD577F898022C9AA346B7
:10AB1800DD99659BA72BAC09811627FD13626C6E26
:10AB28004F71E0E8B2B97068DAF661E4FB22F2C16D
:10AB3800EED2900CBFB3A2F1513391EBF90EEF6B4B
:10AB480031C0D61FB5C76A9DB854CCB07379322DC1
:10AB58007F0496FE8AECCD5DDE72431D1848F38DA6
:10AB680080C34E42D73D9CB40000000000000000A6
:10AB78006DB2000011C60000A9AF0000399F0000A7
:10AB8800659F00000000000000000000E11A0000BE
:10AB9800158A0000A5360000000000000000000033
:10ABA80069120000118A00009936000000000000B8
:10ABB80000000000D51000000000000000000000A8
:10ABC8007D110000B9110000FD11000069000000AE
:10ABD8003D0D0000710D000041120000716500007C
:10ABE8009D6100000000000000000000D1950000F9
:10ABF8005034002054340020583400205C340020A5
:10AC08006034002064340020683400206C34002054
:10AC180070340020743400200034002008340020F0
:10AC2800103400201834002020340020283400205C
:10AC380030340020383400204034002048340020CC
:10AC4800B4330020BC330020C4330020CC330020B0
:10AC5800D4330020DC330020E4330020E833002024
:10AC6800F0330020F8330020643300206C330020D8
:10AC7800743300207C330020843300208C33002080
:10AC8800943300209C330020A4330020AC330020F0
:10AC980000000000000000008502000045030000DD
:10ACA80005040000F93B0000553D00005104000078
:10ACB800B10400000000000000000000B13E0000E8
:10ACC800C13E0000750100005D01000000000000A9
:10ACD80000000000FD0C0000050D0000DD0C000068
:10ACE8000D0D0000E90C0000D50B0000150D00004B
:10ACF8001D0D00000000000000000000D50C000041
:10AD0800DD0C0000E10C0000E90C0000D50B000090
:10AD1800ED0C0000F50C0000000000000000000031
:10AD2800AD0C0000B50C00008D0C0000BD0C00003F
:10AD3800990C0000D50B0000C50C0000CD0C0000DC
:10AD48000000000000000000850C00008D0C0000D1
:10AD5800910C0000990C0000D50B00009D0C000020
:10AD6800A50C000000000000030000000500000022
:10AD780006000000070000000B0000000C000000A7
:10AD88000E00000011000000120000001300000077
:10AD980017000000180000001A0000001D00000045
:10ADA8000000000001000000020000000300000095
:10ADB8000400000005000000060000000700000075
:10ADC80008000000090000000A0000000B00000055
:10ADD8000C0000000D0000000E0000000F00000035
:10ADE8001000000011000000120000001300000015
:10ADF80014000000150000001600000017000000F5
:10AE080018000000190000001A0000001B000000D4
:10AE18001C0000001D0000000000000000000000F1
:10AE2800490C0000550C00001D0C0000610C0000CE
:10AE38002D0C0000D50B00006D0C0000790C0000F3
:10AE48000000000000000000110C00001D0C0000B4
:10AE5800210C00002D0C0000D50B0000310C000067
:10AE68003D0C00000000000000000000E90B00009D
:10AE7800F10B0000C90B0000F90B0000D10B00001A
:10AE8800D50B0000010C0000090C000000000000B8
:10AE980000000000C10B0000C90B0000CD0B000032
:10AEA800D10B0000D50B0000D90B0000E10B00000E
:10AEB80000008000000000000000000009A9000058
:10AEC8005B5C5D5E5F607B7C7D7E00000000000057
:10AED80000000000B5040000E50400008D0100003A
:10AEE80009050000E5050000F1050000F505000072
:10AEF8007D020000FD05000065060000B1060000A7
:10AF0800C9060000E5060000010700001907000057
:10AF180009080000F908000075090000F10900009F
:10AF2800D5360000313900000000000000000000A4
:10AF380091670000198A0000B13600000000000087
:10AF480000000000F91A0000351B0000751B000006
:10AF58009D0D0000250E0000B91B0000E51B000038
:10AF68008166000089630000000000000000000006
:10AF7800899F00009DD900002DB000006CC00F40D3
:10AF8800C0000000504F0000554001000C000000B8
:10AF9800130000000000000024851F400B00000083
:10AFA800130000000000000028851F400D0000006D
:10AFB800130000000000000020851F400A00000068
:10AFC80013000000010000001C851F406CC00F40EA
:10AFD80030000000100F00001541010001000000C2
:10AFE800170000000000000014851F401A00000030
:10AFF800120000000100000018851F401B0000001F
:10B00800120000000100000010851F400000000031
:10B0180017000000010000000C851F400000000020
:10B0280000000000592B0100D5410100C9A700000C
:10B03800CDA70000152B0100212B0100412B010099
:10B0480000000000000000006D9F0000E5C5000042
:10B0580065AF00003DDF0000699F000000000000B0
:10B0680000000000FDC90000E1C5000059AF000064
:10B078000000000000000000319100001D8A00005F
:10B088004DAF000097A0895B5A0F830DC95F6035EB
:10B09800C2E907E18C24671E458E086325F0150A6E
:10B0A80017BE0694F778EA4B001AC53E5EFCDBCB68
:10B0B80075230B2039B12158ED953857AE147D888A
:10B0C800ABA844AF4AA547868B301BA64D929EE796
:10B0D800536FE57A3CD385E6DC695C29372EF52881
:10B0E800F4668F3641193FA101D85049D14C84BB31
:10B0F800D05912A9C8C4878274BC9F56A4646DC66F
:10B10800ADBA034034D9E2FA7C7B05CA2693767E31
:10B11800FF5255D4CFCE3BE32F103A11B6BD1C2AAF
:10B12800DFB7AAD577F898022C9AA346DD99659BD4
:10B13800A72BAC09811627FD13626C6E4F71E0E8EE
:10B14800B2B97068DAF661E4FB22F2C1EED2900C73
:10B15800BFB3A2F1513391EBF90EEF6B31C0D61F9B
:10B16800B5C76A9DB854CCB07379322D7F0496FE6A
:10B178008AECCD5DDE72431D1848F38D80C34E42C4
:10B18800D73D9CB4000000000000000025CD000061
:10B19800DDC5000041AF0000000000000000000015
:10B1A8009198000000000000000000004DA500007C
:10B1B800000000000000000049E600000000000058
:10B1C80000000000999F000000000000000000003F
:10B1D800BDA20000000000000000000051A5000012
:10B1E800000000000000000059B00000000000004E
:10B1F80000000000D9F4000000000000000000007A
:10B2080031EC00000000000000000000C5F0000064
:10B2180000000000000000007DE8000000000000C1
:10B2280000000000D1F7000000000000000000004E
:10B23800E5A40000DB0F49BFE4CB1640E4CB16C001
:10B2480000000080DB0F4940DB0F49C00000000010
:10B2580000000080A2000000F9A2000083F9A2000B
:10B268006E83F9A24E6E83F9444E6E8315444E6E7A
:10B278002915444EFC29154427FC29155727FC2974
:10B28800D15727FCF5D1572734F5D157DD34F5D1FF
:10B29800C0DD34F5DBC0DD3462DBC0DD9562DBC0C8
:10B2A800999562DB3C999562433C999590433C990A
:10B2B8004190433C3863ED3EDA0F493F5E987B3F4F
:10B2C800DA0FC93F6937AC3168212233B40F143320
:10B2D8006821A2336E616E00696E66006F76660043
:10B2E8002020204F4E206F6666202020000000009E
:10B2F8002020206F6E204F464620202000000000AE
:10B3080020202020202020202020202000000000B5
:10B318000A5374617274696E672E2E2E0000000045
:10B328004650533A200000002C20416E696D61742C
:10B33800656420696E200000732C2052656E646578
:10B3480072656420696E2000732C20446973706CE8
:10B358006179656420696E200000000073000000B8
:10B368004F46464C494E45004F4E4C494E4500000D
:10B3780044454641554C5400414E4752590000003F
:10B38800444F55425400000046524F574E000000AB
:10B398004C4F4F4B555000005341440041554449D0
:10B3A8004F310000415544494F320000415544494E
:10B3B8004F33000048454152540000004445414481
:10B3C80000000000435241534800000046525553C4
:10B3D8005452410044495A5A5900000053484F43B7
:10B3E8004B4544005354414E4442590047454E543E
:10B3F8004C450000302044454700000033362044C7
:10B408004547000037322044454700003130382096
:10B418004445470031343420444547003138302012
:10B428004445470032313620444547003235322002
:10B4380044454700323838204445470033323420E9
:10B448004445470047524449454E540059454C4CE1
:10B458004F5700004F52414E474500005748495446
:10B4680045000000475245454E00000050555250D7
:10B478004C45000052454400424C55450000000030
:10B488005241494E424F57004E4F49534500000024
:10B498004E4F4E45000000005048415345590000AA
:10B4A8005048415345580000504841534552000008
:10B4B800474C4954434858004D41474E45540000B5
:10B4C8004649534845594500424C555248000000EA
:10B4D800424C555256000000424C55525200000052
:10B4E8003130250032302500333025003430250036
:10B4F8003530250036302500373025003830250016
:10B50800393025003130302500000000202020206F
:10B518002020202020202020202020425249474857
:10B528005420202020534445204252494748542063
:10B53800202020204D49432020202020204D494311
:10B54800204C4556454C202020202020424F4F506B
:10B558002020202020202020535045432020202038
:10B568002020202053495A452020202020202043F5
:10B578004F4C4F522020202020202048554520465F
:10B58800202020202020204855452042202020200F
:10B598002020204546464543542020202046414E41
:10B5A80020535045454420200000000020612062BF
:10B5B800206320642065206620202031325E3435E7
:10B5C8002020202020202031325E343520202020E9
:10B5D8002020204F4E206F66662020202020313208
:10B5E800333435367C3820202020206F6E204F469B
:10B5F800462020202020204F4E206F6666202020E5
:10B6080020202031325E3435202020202020313285
:10B61800333435367C3820202020313233343536E7
:10B628007C38202020203132333435367C382020B5
:10B6380020203132333435367C38202020203132F6
:10B64800333435367C38202000000000000000002C
:10B6580000000000B08F0120189001208090012088
:10B6680000000000000000000000000000000000D2
:10B6780000000000000000000000000000000000C2
:10B6880000000000000000000000000000000000B2
:10B6980000000000000000000000000000000000A2
:10B6A8000000000000000000000000000000000092
:10B6B8000000000000000000000000000000000082
:10B6C8000000000000000000000000000000000072
:10B6D8000000000000000000000000000000000062
:10B6E8000000000000000000010000000000000051
:10B6F8000E33CDAB34126DE6ECDE05000B00000016
:10B708000000000000000000000000000000000031
:10B718000000000000000000000000000000000021
:10B728000000000000000000000000000000000011
:10B738000000000000000000000000000000000001
:10B7480000000000000000000000000000000000F1
:10B7580000000000000000000000000000000000E1
:10B7680000000000000000000000000000000000D1
:10B77800401F0000000000008000000000000000E2
:10B78800800000000000803F0000803F0000803FF4
:10B798003C20002000000000E8030000000000003A
:10B7A800007B9A170029DE0712010002EF02014010
:10B7B800C01683047902010203010000FFFFFFFFA6
:10B7C800008B2020010000000C0300000000000096
:10B7D8000000000000000000000000000000000061
:10B7E8002800000000010400010000000000000023
:10B7F800020157494E555342000000000000000066
:10B80800000000000000000012034D005300460035
:10B818005400310030003000F8000000020E070824
:10B8280006141505748F01200000000000000000B8
:10B83800000000009C3700209C370020A43700201F
:10B84800A4370020AC370020AC370020B4370020E4
:10B85800B4370020BC370020BC370020C437002094
:10B86800C4370020CC370020CC370020D437002044
:10B87800D4370020DC370020DC370020E4370020F4
:10B88800E4370020EC370020EC370020F4370020A4
:10B89800F4370020FC370020FC3700200438002053
:10B8A800043800200C3800200C3800201438002000
:10B8B800143800201C3800201C38002024380020B0
:10B8C800243800202C3800202C3800203438002060
:10B8D800343800203C3800203C3800204438002010
:10B8E800443800204C3800204C38002054380020C0
:10B8F800543800205C3800205C3800206438002070
:10B90800643800206C3800206C380020743800201F
:10B91800743800207C3800207C38002084380020CF
:10B92800843800208C3800208C380020943800207F
:10B93800943800209C3800209C380020A43800202F
:10B94800A4380020AC380020AC380020B4380020DF
:10B95800B4380020BC380020BC380020C43800208F
:10B96800C4380020CC380020CC380020D43800203F
:10B97800D4380020DC380020DC380020E4380020EF
:10B98800E4380020EC380020EC380020F43800209F
:10B99800F4380020FC380020FC380020043900204E
:10B9A800043900200C3900200C39002014390020FB
:10B9B800143900201C3900201C39002024390020AB
:10B9C800243900202C3900202C390020343900205B
:10B9D800343900203C3900203C390020443900200B
:10B9E800443900204C3900204C39002054390020BB
:10B9F800543900205C3900205C390020643900206B
:10BA0800643900206C3900206C390020743900201A
:10BA1800743900207C3900207C39002084390020CA
:10BA2800843900208C3900208C390020943900207A
:10BA3800943900209C3900209C390020A43900202A
:10BA4800A4390020AC390020AC390020B4390020DA
:10BA5800B4390020BC390020BC390020C43900208A
:10BA6800C4390020CC390020CC390020D43900203A
:10BA7800D4390020DC390020DC390020E4390020EA
:10BA8800E4390020EC390020EC390020F43900209A
:10BA9800F4390020FC390020FC390020043A002049
:10BAA800043A00200C3A00200C3A0020143A0020F6
:10BAB800143A00201C3A00201C3A0020243A0020A6
:10BAC800243A00202C3A00202C3A0020343A002056
:10BAD800343A00203C3A00203C3A0020443A002006
:10BAE800443A00204C3A00204C3A0020543A0020B6
:10BAF800543A00205C3A00205C3A0020643A002066
:10BB0800643A00206C3A00206C3A0020743A002015
:10BB1800743A00207C3A00207C3A0020843A0020C5
:10BB2800843A00208C3A00208C3A0020943A002075
:10BB3800943A00209C3A00209C3A0020A43A002025
:10BB4800A43A0020AC3A0020AC3A0020B43A0020D5
:10BB5800B43A0020BC3A0020BC3A0020C43A002085
:10BB6800C43A0020CC3A0020CC3A0020D43A002035
:10BB7800D43A0020DC3A0020DC3A0020E43A0020E5
:10BB8800E43A0020EC3A0020EC3A0020F43A002095
:10BB9800F43A0020FC3A0020FC3A0020043B002044
:10BBA800043B00200C3B00200C3B0020143B0020F1
:10BBB800143B00201C3B00201C3B0020243B0020A1
:10BBC800243B00202C3B00202C3B0020343B002051
:10BBD800343B00203C3B00203C3B0020443B002001
:10BBE800443B00204C3B00204C3B0020543B0020B1
:10BBF800543B00205C3B00205C3B0020643B002061
:10BC0800643B00206C3B00206C3B0020743B002010
:10BC1800743B00207C3B00207C3B0020843B0020C0
:10BC2800843B00208C3B00208C3B0020943B002070
:10BC3800943B0020FFFFFFFF00000200C0350020FA
:10BC480000000000000000000000000000000000EC
:10BC580000000000000000000000000000000000DC
:10BC680000000000000000000000000000000000CC
:10BC780000000000000000000000000000000000BC
:10BC880000000000000000000000000000000000AC
:10BC9800000000000000000000000000000000009C
:10BCA800000000000000000000000000000000008C
:10BCB800000000000000000000000000000000007C
:10BCC800000000000000000000000000000000006C
:10BCD800000000000000000000000000000000005C
:10BCE800000000000000000000000000000000004C
:10BCF800000000000000000000000000000000003C
:10BD0800000000000000000000000000000000002B
:10BD1800000000000000000000000000000000001B
:10BD2800000000000000000000000000000000000B
:10BD380000000000000000000000000000000000FB
:10BD480000000000000000000000000000000000EB
:10BD580000000000000000000000000000000000DB
:10BD680000000000000000000000000000000000CB
:10BD780000000000000000000000000000000000BB
:10BD880000000000000000000000000000000000AB
:10BD9800000000000000000000000000000000009B
:10BDA800000000000000000000000000000000008B
:10BDB800000000000000000000000000000000007B
:10BDC800000000000000000000000000000000006B
:10BDD800000000000000000000000000000000005B
:10BDE800000000000000000000000000000000004B
:10BDF800000000000000000000000000000000003B
:10BE0800000000000000000000000000000000002A
:10BE1800000000000000000000000000000000001A
:10BE2800000000000000000000000000000000000A
:10BE380000000000000000000000000000000000FA
:10BE480000000000000000000000000000000000EA
:10BE580000000000000000000000000000000000DA
:10BE680000000000000000000000000000000000CA
:10BE780000000000000000000000000000000000BA
:10BE880000000000000000000000000000000000AA
:10BE9800000000000000000000000000000000009A
:10BEA800000000000000000000000000000000008A
:10BEB800000000000000000000000000000000007A
:10BEC800000000000000000000000000000000006A
:10BED800000000000000000000000000000000005A
:10BEE800000000000000000000000000000000004A
:10BEF800000000000000000000000000000000003A
:10BF08000000000000000000000000000000000029
:10BF18000000000000000000000000000000000019
:10BF28000000000000000000000000000000000009
:10BF380000000000000000000000000000000000F9
:10BF480000000000000000000000000000000000E9
:10BF5800FFFFFFFFFFFFFFFFFFFFFFFFFFFFFFFFE9
:10BF6800FFFFFFFFFFFFFFFFFFFFFFFFFFFFFFFFD9
:10BF7800FFFFFFFFFFFFFFFFFFFFFFFFFFFFFFFFC9
:10BF8800FFFFFFFFFFFFFFFFFFFFFFFFFFFFFFFFB9
:10BF9800FFFFFFFFFFFFFFFFFFFFFFFFFFFFFFFFA9
:10BFA800FFFFFFFFFFFFFFFFFFFFFFFFFFFFFFFF99
:10BFB800FFFFFFFFFFFFFFFFFFFFFFFFFFFFFFFF89
:10BFC800FFFFFFFFFFFFFFFFFFFFFFFFFFFFFFFF79
:10BFD800FFFFFFFFFFFFFFFFFFFFFFFFFFFFFFFF69
:10BFE800FFFFFFFFFFFFFFFFFFFFFFFFFFFFFFFF59
:10BFF800FFFFFFFFFFFFFFFF000000000000000041
:10C008000000000000000000000000000000000028
:10C018000000000000000000000000000000000018
:10C028000000000000000000000000000000000008
:10C0380000000000000000000000000000000000F8
:10C0480000000000000000000000000000000000E8
:10C0580000000000000000000000000000000000D8
:10C0680000000000000000000000000000000000C8
:10C0780000000000000000000000000000000000B8
:10C0880000000000000000000000000000000000A8
:10C098000000000000000000000000000000000098
:10C0A8000000000000000000000000000000000088
:10C0B8000000000000000000000000000000000078
:10C0C8000000000000000000000000000000000068
:10C0D8000000000000000000000000000000000058
:10C0E8000000000000000000000000000000000048
:10C0F8000000000000000000000000000000000038
:10C108000000000000000000000000000000000027
:10C118000000000000000000000000000000000017
:10C128000000000000000000000000000000000007
:10C1380000000000000000000000000000000000F7
:10C1480000000000000000000000000000000000E7
:10C1580000000000000000000000000000000000D7
:10C1680000000000000000000000000000000000C7
:10C1780000000000000000000000000000000000B7
:10C1880000000000000000000000000000000000A7
:10C198000000000000000000000000000000000097
:10C1A8000000000000000000000000000000000087
:10C1B8000000000000000000000000000000000077
:10C1C8000000000000000000000000000000000067
:10C1D8000000000000000000000000000000000057
:10C1E8000000000000000000000000000000000047
:10C1F8000000000000000000000000000000000037
:10C208000000000000000000000000000000000026
:10C218000000000000000000000000000000000016
:10C228000000000000000000000000000000000006
:10C2380000000000000000000000000000000000F6
:10C2480000000000000000000000000000000000E6
:10C2580000000000000000000000000000000000D6
:10C2680000000000000000000000000000000000C6
:10C2780000000000000000000000000000000000B6
:10C2880000000000000000000000000000000000A6
:10C298000000000000000000000000000000000096
:10C2A8000000000000000000000000000000000086
:10C2B8000000000000000000000000000000000076
:10C2C8000000000000000000000000000000000066
:10C2D8000000000000000000000000000000000056
:10C2E8000000000000000000000000000000000046
:10C2F8000000000000000000000000000000000036
:10C308000000000000000000000000000000000025
:10C318000000000000000000000000000000000015
:10C328000000000000000000000000000000000005
:10C3380000000000000000000000000000000000F5
:10C3480000000000000000000000000000000000E5
:10C3580000000000000000000000000000000000D5
:10C3680000000000000000000000000000000000C5
:10C3780000000000000000000000000000000000B5
:10C3880000000000000000000000000000000000A5
:10C398000000000000000000000000000000000095
:10C3A8000000000000000000000000000000000085
:10C3B8000000000000000000000000000000000075
:10C3C8000000000000000000000000000000000065
:10C3D8000000000000000000000000000000000055
:10C3E8000000000000000000000000000000000045
:10C3F8000000000000000000000000000000000035
:10C408000000000000000000000000000000000024
:10C418000000000000000000000000000000000014
:10C428000000000000000000000000000000000004
:10C4380000000000000000000000000000000000F4
:10C4480000000000000000000000000000000000E4
:10C4580000000000000000000000000000000000D4
:10C4680000000000000000000000000000000000C4
:10C4780000000000000000000000000000000000B4
:10C4880000000000000000000000000000000000A4
:10C498000000000000000000000000000000000094
:10C4A8000000000000000000000000000000000084
:10C4B8000000000000000000000000000000000074
:10C4C8000000000000000000000000000000000064
:10C4D8000000000000000000000000000000000054
:10C4E8000000000000000000000000000000000044
:10C4F8000000000000000000000000000000000034
:10C508000000000000000000000000000000000023
:10C518000000000000000000000000000000000013
:10C528000000000000000000000000000000000003
:10C5380000000000000000000000000000000000F3
:10C5480000000000000000000000000000000000E3
:10C5580000000000000000000000000000000000D3
:10C5680000000000000000000000000000000000C3
:10C5780000000000000000000000000000000000B3
:10C5880000000000000000000000000000000000A3
:10C598000000000000000000000000000000000093
:10C5A8000000000000000000000000000000000083
:10C5B8000000000000000000000000000000000073
:10C5C8000000000000000000000000000000000063
:10C5D8000000000000000000000000000000000053
:10C5E8000000000000000000000000000000000043
:10C5F8000000000000000000000000000000000033
:10C608000000000000000000000000000000000022
:10C618000000000000000000000000000000000012
:10C628000000000000000000000000000000000002
:10C6380000000000000000000000000000000000F2
:10C6480000000000000000000000000000000000E2
:10C6580000000000000000000000000000000000D2
:10C6680000000000000000000000000000000000C2
:10C6780000000000000000000000000000000000B2
:10C6880000000000000000000000000000000000A2
:10C698000000000000000000000000000000000092
:10C6A8000000000000000000000000000000000082
:10C6B8000000000000000000000000000000000072
:10C6C8000000000000000000000000000000000062
:10C6D8000000000000000000000000000000000052
:10C6E8000000000000000000000000000000000042
:10C6F8000000000000000000000000000000000032
:10C708000000000000000000000000000000000021
:10C718000000000000000000000000000000000011
:10C728000000000000000000000000000000000001
:10C7380000000000000000000000000000000000F1
:10C7480000000000000000000000000000000000E1
:10C7580000000000000000000000000000000000D1
:10C7680000000000000000000000000000000000C1
:10C7780000000000000000000000000000000000B1
:10C7880000000000000000000000000000000000A1
:10C798000000000000000000000000000000000091
:10C7A8000000000000000000000000000000000081
:10C7B8000000000000000000000000000000000071
:10C7C8000000000000000000000000000000000061
:10C7D8000000000000000000000000000000000051
:10C7E8000000000000000000000000000000000041
:10C7F8000000000000000000000000000000000031
:10C808000000000000000000000000000000000020
:10C818000000000000000000000000000000000010
:10C828000000000000000000000000000000000000
:10C8380000000000000000000000000000000000F0
:10C8480000000000000000000000000000000000E0
:10C8580000000000000000000000000000000000D0
:10C8680000000000000000000000000000000000C0
:10C8780000000000000000000000000000000000B0
:10C8880000000000000000000000000000000000A0
:10C898000000000000000000000000000000000090
:10C8A8000000000000000000000000000000000080
:10C8B8000000000000000000000000000000000070
:10C8C8000000000000000000000000000000000060
:10C8D8000000000000000000000000000000000050
:10C8E8000000000000000000000000000000000040
:10C8F8000000000000000000000000000000000030
:10C90800000000000000000000000000000000001F
:10C91800000000000000000000000000000000000F
:10C9280000000000000000000000000000000000FF
:10C9380000000000000000000000000000000000EF
:10C9480000000000000000000000000000000000DF
:10C9580000000000000000000000000000000000CF
:10C9680000000000000000000000000000000000BF
:10C9780000000000000000000000000000000000AF
:10C98800000000000000000000000000000000009F
:10C99800000000000000000000000000000000008F
:10C9A800000000000000000000000000000000007F
:10C9B800000000000000000000000000000000006F
:10C9C800000000000000000000000000000000005F
:10C9D800000000000000000000000000000000004F
:10C9E800000000000000000000000000000000003F
:10C9F800000000000000000000000000000000002F
:10CA0800000000000000000000000000000000001E
:10CA1800000000000000000000000000000000000E
:10CA280000000000000000000000000000000000FE
:10CA380000000000000000000000000000000000EE
:10CA480000000000000000000000000000000000DE
:10CA580000000000000000000000000000000000CE
:10CA680000000000000000000000000000000000BE
:10CA780000000000000000000000000000000000AE
:10CA8800000000000000000000000000000000009E
:10CA9800000000000000000000000000000000008E
:10CAA800000000000000000000000000000000007E
:10CAB800000000000000000000000000000000006E
:10CAC800000000000000000000000000000000005E
:10CAD800000000000000000000000000000000004E
:10CAE800000000000000000000000000000000003E
:10CAF800000000000000000000000000000000002E
:10CB0800000000000000000000000000000000001D
:10CB1800000000000000000000000000000000000D
:10CB280000000000000000000000000000000000FD
:10CB380000000000000000000000000000000000ED
:10CB480000000000000000000000000000000000DD
:10CB580000000000000000000000000000000000CD
:10CB680000000000000000000000000000000000BD
:10CB780000000000000000000000000000000000AD
:10CB8800000000000000000000000000000000009D
:10CB9800000000000000000000000000000000008D
:10CBA800000000000000000000000000000000007D
:10CBB800000000000000000000000000000000006D
:10CBC800000000000000000000000000000000005D
:10CBD800000000000000000000000000000000004D
:10CBE800000000000000000000000000000000003D
:08CBF800000000000000000035
:040000056000100087
:00000001FF
