:0200000460009A
:100000004643464200000156000000000103030081
:1000100000000000000000000000000000000000E0
:1000200000000000000000000000000000000000D0
:1000300000000000000000000000000000000000C0
:1000400000000000010408000000000000000000A3
:100050000000200000000000000000000000000080
:100060000000000000000000000000000000000090
:100070000000000000000000000000000000000080
:10008000EB04180A063204260000000000000000FD
:10009000050404240000000000000000000000002F
:1000A0000000000000000000000000000000000050
:1000B0000604000000000000000000000000000036
:1000C0000000000000000000000000000000000030
:1000D00020041808000000000000000000000000DC
:1000E0000000000000000000000000000000000010
:1000F0000000000000000000000000000000000000
:10010000D8041808000000000000000000000000F3
:100110000204180804200000000000000000000095
:1001200000000000000000000000000000000000CF
:10013000600400000000000000000000000000005B
:1001400000000000000000000000000000000000AF
:10015000000000000000000000000000000000009F
:10016000000000000000000000000000000000008F
:10017000000000000000000000000000000000007F
:10018000000000000000000000000000000000006F
:10019000000000000000000000000000000000005F
:1001A000000000000000000000000000000000004F
:1001B000000000000000000000000000000000003F
:1001C000000100000010000001000000000000001D
:1001D000000001000000000000000000000000001E
:1001E000000000000000000000000000000000000F
:1001F00000000000000000000000000000000000FF
:10020000FFFFFFFFFFFFFFFFFFFFFFFFFFFFFFFFFE
:10021000FFFFFFFFFFFFFFFFFFFFFFFFFFFFFFFFEE
:10022000FFFFFFFFFFFFFFFFFFFFFFFFFFFFFFFFDE
:10023000FFFFFFFFFFFFFFFFFFFFFFFFFFFFFFFFCE
:10024000FFFFFFFFFFFFFFFFFFFFFFFFFFFFFFFFBE
:10025000FFFFFFFFFFFFFFFFFFFFFFFFFFFFFFFFAE
:10026000FFFFFFFFFFFFFFFFFFFFFFFFFFFFFFFF9E
:10027000FFFFFFFFFFFFFFFFFFFFFFFFFFFFFFFF8E
:10028000FFFFFFFFFFFFFFFFFFFFFFFFFFFFFFFF7E
:10029000FFFFFFFFFFFFFFFFFFFFFFFFFFFFFFFF6E
:1002A000FFFFFFFFFFFFFFFFFFFFFFFFFFFFFFFF5E
:1002B000FFFFFFFFFFFFFFFFFFFFFFFFFFFFFFFF4E
:1002C000FFFFFFFFFFFFFFFFFFFFFFFFFFFFFFFF3E
:1002D000FFFFFFFFFFFFFFFFFFFFFFFFFFFFFFFF2E
:1002E000FFFFFFFFFFFFFFFFFFFFFFFFFFFFFFFF1E
:1002F000FFFFFFFFFFFFFFFFFFFFFFFFFFFFFFFF0E
:10030000FFFFFFFFFFFFFFFFFFFFFFFFFFFFFFFFFD
:10031000FFFFFFFFFFFFFFFFFFFFFFFFFFFFFFFFED
:10032000FFFFFFFFFFFFFFFFFFFFFFFFFFFFFFFFDD
:10033000FFFFFFFFFFFFFFFFFFFFFFFFFFFFFFFFCD
:10034000FFFFFFFFFFFFFFFFFFFFFFFFFFFFFFFFBD
:10035000FFFFFFFFFFFFFFFFFFFFFFFFFFFFFFFFAD
:10036000FFFFFFFFFFFFFFFFFFFFFFFFFFFFFFFF9D
:10037000FFFFFFFFFFFFFFFFFFFFFFFFFFFFFFFF8D
:10038000FFFFFFFFFFFFFFFFFFFFFFFFFFFFFFFF7D
:10039000FFFFFFFFFFFFFFFFFFFFFFFFFFFFFFFF6D
:1003A000FFFFFFFFFFFFFFFFFFFFFFFFFFFFFFFF5D
:1003B000FFFFFFFFFFFFFFFFFFFFFFFFFFFFFFFF4D
:1003C000FFFFFFFFFFFFFFFFFFFFFFFFFFFFFFFF3D
:1003D000FFFFFFFFFFFFFFFFFFFFFFFFFFFFFFFF2D
:1003E000FFFFFFFFFFFFFFFFFFFFFFFFFFFFFFFF1D
:1003F000FFFFFFFFFFFFFFFFFFFFFFFFFFFFFFFF0D
:10040000FFFFFFFFFFFFFFFFFFFFFFFFFFFFFFFFFC
:10041000FFFFFFFFFFFFFFFFFFFFFFFFFFFFFFFFEC
:10042000FFFFFFFFFFFFFFFFFFFFFFFFFFFFFFFFDC
:10043000FFFFFFFFFFFFFFFFFFFFFFFFFFFFFFFFCC
:10044000FFFFFFFFFFFFFFFFFFFFFFFFFFFFFFFFBC
:10045000FFFFFFFFFFFFFFFFFFFFFFFFFFFFFFFFAC
:10046000FFFFFFFFFFFFFFFFFFFFFFFFFFFFFFFF9C
:10047000FFFFFFFFFFFFFFFFFFFFFFFFFFFFFFFF8C
:10048000FFFFFFFFFFFFFFFFFFFFFFFFFFFFFFFF7C
:10049000FFFFFFFFFFFFFFFFFFFFFFFFFFFFFFFF6C
:1004A000FFFFFFFFFFFFFFFFFFFFFFFFFFFFFFFF5C
:1004B000FFFFFFFFFFFFFFFFFFFFFFFFFFFFFFFF4C
:1004C000FFFFFFFFFFFFFFFFFFFFFFFFFFFFFFFF3C
:1004D000FFFFFFFFFFFFFFFFFFFFFFFFFFFFFFFF2C
:1004E000FFFFFFFFFFFFFFFFFFFFFFFFFFFFFFFF1C
:1004F000FFFFFFFFFFFFFFFFFFFFFFFFFFFFFFFF0C
:10050000FFFFFFFFFFFFFFFFFFFFFFFFFFFFFFFFFB
:10051000FFFFFFFFFFFFFFFFFFFFFFFFFFFFFFFFEB
:10052000FFFFFFFFFFFFFFFFFFFFFFFFFFFFFFFFDB
:10053000FFFFFFFFFFFFFFFFFFFFFFFFFFFFFFFFCB
:10054000FFFFFFFFFFFFFFFFFFFFFFFFFFFFFFFFBB
:10055000FFFFFFFFFFFFFFFFFFFFFFFFFFFFFFFFAB
:10056000FFFFFFFFFFFFFFFFFFFFFFFFFFFFFFFF9B
:10057000FFFFFFFFFFFFFFFFFFFFFFFFFFFFFFFF8B
:10058000FFFFFFFFFFFFFFFFFFFFFFFFFFFFFFFF7B
:10059000FFFFFFFFFFFFFFFFFFFFFFFFFFFFFFFF6B
:1005A000FFFFFFFFFFFFFFFFFFFFFFFFFFFFFFFF5B
:1005B000FFFFFFFFFFFFFFFFFFFFFFFFFFFFFFFF4B
:1005C000FFFFFFFFFFFFFFFFFFFFFFFFFFFFFFFF3B
:1005D000FFFFFFFFFFFFFFFFFFFFFFFFFFFFFFFF2B
:1005E000FFFFFFFFFFFFFFFFFFFFFFFFFFFFFFFF1B
:1005F000FFFFFFFFFFFFFFFFFFFFFFFFFFFFFFFF0B
:10060000FFFFFFFFFFFFFFFFFFFFFFFFFFFFFFFFFA
:10061000FFFFFFFFFFFFFFFFFFFFFFFFFFFFFFFFEA
:10062000FFFFFFFFFFFFFFFFFFFFFFFFFFFFFFFFDA
:10063000FFFFFFFFFFFFFFFFFFFFFFFFFFFFFFFFCA
:10064000FFFFFFFFFFFFFFFFFFFFFFFFFFFFFFFFBA
:10065000FFFFFFFFFFFFFFFFFFFFFFFFFFFFFFFFAA
:10066000FFFFFFFFFFFFFFFFFFFFFFFFFFFFFFFF9A
:10067000FFFFFFFFFFFFFFFFFFFFFFFFFFFFFFFF8A
:10068000FFFFFFFFFFFFFFFFFFFFFFFFFFFFFFFF7A
:10069000FFFFFFFFFFFFFFFFFFFFFFFFFFFFFFFF6A
:1006A000FFFFFFFFFFFFFFFFFFFFFFFFFFFFFFFF5A
:1006B000FFFFFFFFFFFFFFFFFFFFFFFFFFFFFFFF4A
:1006C000FFFFFFFFFFFFFFFFFFFFFFFFFFFFFFFF3A
:1006D000FFFFFFFFFFFFFFFFFFFFFFFFFFFFFFFF2A
:1006E000FFFFFFFFFFFFFFFFFFFFFFFFFFFFFFFF1A
:1006F000FFFFFFFFFFFFFFFFFFFFFFFFFFFFFFFF0A
:10070000FFFFFFFFFFFFFFFFFFFFFFFFFFFFFFFFF9
:10071000FFFFFFFFFFFFFFFFFFFFFFFFFFFFFFFFE9
:10072000FFFFFFFFFFFFFFFFFFFFFFFFFFFFFFFFD9
:10073000FFFFFFFFFFFFFFFFFFFFFFFFFFFFFFFFC9
:10074000FFFFFFFFFFFFFFFFFFFFFFFFFFFFFFFFB9
:10075000FFFFFFFFFFFFFFFFFFFFFFFFFFFFFFFFA9
:10076000FFFFFFFFFFFFFFFFFFFFFFFFFFFFFFFF99
:10077000FFFFFFFFFFFFFFFFFFFFFFFFFFFFFFFF89
:10078000FFFFFFFFFFFFFFFFFFFFFFFFFFFFFFFF79
:10079000FFFFFFFFFFFFFFFFFFFFFFFFFFFFFFFF69
:1007A000FFFFFFFFFFFFFFFFFFFFFFFFFFFFFFFF59
:1007B000FFFFFFFFFFFFFFFFFFFFFFFFFFFFFFFF49
:1007C000FFFFFFFFFFFFFFFFFFFFFFFFFFFFFFFF39
:1007D000FFFFFFFFFFFFFFFFFFFFFFFFFFFFFFFF29
:1007E000FFFFFFFFFFFFFFFFFFFFFFFFFFFFFFFF19
:1007F000FFFFFFFFFFFFFFFFFFFFFFFFFFFFFFFF09
:10080000FFFFFFFFFFFFFFFFFFFFFFFFFFFFFFFFF8
:10081000FFFFFFFFFFFFFFFFFFFFFFFFFFFFFFFFE8
:10082000FFFFFFFFFFFFFFFFFFFFFFFFFFFFFFFFD8
:10083000FFFFFFFFFFFFFFFFFFFFFFFFFFFFFFFFC8
:10084000FFFFFFFFFFFFFFFFFFFFFFFFFFFFFFFFB8
:10085000FFFFFFFFFFFFFFFFFFFFFFFFFFFFFFFFA8
:10086000FFFFFFFFFFFFFFFFFFFFFFFFFFFFFFFF98
:10087000FFFFFFFFFFFFFFFFFFFFFFFFFFFFFFFF88
:10088000FFFFFFFFFFFFFFFFFFFFFFFFFFFFFFFF78
:10089000FFFFFFFFFFFFFFFFFFFFFFFFFFFFFFFF68
:1008A000FFFFFFFFFFFFFFFFFFFFFFFFFFFFFFFF58
:1008B000FFFFFFFFFFFFFFFFFFFFFFFFFFFFFFFF48
:1008C000FFFFFFFFFFFFFFFFFFFFFFFFFFFFFFFF38
:1008D000FFFFFFFFFFFFFFFFFFFFFFFFFFFFFFFF28
:1008E000FFFFFFFFFFFFFFFFFFFFFFFFFFFFFFFF18
:1008F000FFFFFFFFFFFFFFFFFFFFFFFFFFFFFFFF08
:10090000FFFFFFFFFFFFFFFFFFFFFFFFFFFFFFFFF7
:10091000FFFFFFFFFFFFFFFFFFFFFFFFFFFFFFFFE7
:10092000FFFFFFFFFFFFFFFFFFFFFFFFFFFFFFFFD7
:10093000FFFFFFFFFFFFFFFFFFFFFFFFFFFFFFFFC7
:10094000FFFFFFFFFFFFFFFFFFFFFFFFFFFFFFFFB7
:10095000FFFFFFFFFFFFFFFFFFFFFFFFFFFFFFFFA7
:10096000FFFFFFFFFFFFFFFFFFFFFFFFFFFFFFFF97
:10097000FFFFFFFFFFFFFFFFFFFFFFFFFFFFFFFF87
:10098000FFFFFFFFFFFFFFFFFFFFFFFFFFFFFFFF77
:10099000FFFFFFFFFFFFFFFFFFFFFFFFFFFFFFFF67
:1009A000FFFFFFFFFFFFFFFFFFFFFFFFFFFFFFFF57
:1009B000FFFFFFFFFFFFFFFFFFFFFFFFFFFFFFFF47
:1009C000FFFFFFFFFFFFFFFFFFFFFFFFFFFFFFFF37
:1009D000FFFFFFFFFFFFFFFFFFFFFFFFFFFFFFFF27
:1009E000FFFFFFFFFFFFFFFFFFFFFFFFFFFFFFFF17
:1009F000FFFFFFFFFFFFFFFFFFFFFFFFFFFFFFFF07
:100A0000FFFFFFFFFFFFFFFFFFFFFFFFFFFFFFFFF6
:100A1000FFFFFFFFFFFFFFFFFFFFFFFFFFFFFFFFE6
:100A2000FFFFFFFFFFFFFFFFFFFFFFFFFFFFFFFFD6
:100A3000FFFFFFFFFFFFFFFFFFFFFFFFFFFFFFFFC6
:100A4000FFFFFFFFFFFFFFFFFFFFFFFFFFFFFFFFB6
:100A5000FFFFFFFFFFFFFFFFFFFFFFFFFFFFFFFFA6
:100A6000FFFFFFFFFFFFFFFFFFFFFFFFFFFFFFFF96
:100A7000FFFFFFFFFFFFFFFFFFFFFFFFFFFFFFFF86
:100A8000FFFFFFFFFFFFFFFFFFFFFFFFFFFFFFFF76
:100A9000FFFFFFFFFFFFFFFFFFFFFFFFFFFFFFFF66
:100AA000FFFFFFFFFFFFFFFFFFFFFFFFFFFFFFFF56
:100AB000FFFFFFFFFFFFFFFFFFFFFFFFFFFFFFFF46
:100AC000FFFFFFFFFFFFFFFFFFFFFFFFFFFFFFFF36
:100AD000FFFFFFFFFFFFFFFFFFFFFFFFFFFFFFFF26
:100AE000FFFFFFFFFFFFFFFFFFFFFFFFFFFFFFFF16
:100AF000FFFFFFFFFFFFFFFFFFFFFFFFFFFFFFFF06
:100B0000FFFFFFFFFFFFFFFFFFFFFFFFFFFFFFFFF5
:100B1000FFFFFFFFFFFFFFFFFFFFFFFFFFFFFFFFE5
:100B2000FFFFFFFFFFFFFFFFFFFFFFFFFFFFFFFFD5
:100B3000FFFFFFFFFFFFFFFFFFFFFFFFFFFFFFFFC5
:100B4000FFFFFFFFFFFFFFFFFFFFFFFFFFFFFFFFB5
:100B5000FFFFFFFFFFFFFFFFFFFFFFFFFFFFFFFFA5
:100B6000FFFFFFFFFFFFFFFFFFFFFFFFFFFFFFFF95
:100B7000FFFFFFFFFFFFFFFFFFFFFFFFFFFFFFFF85
:100B8000FFFFFFFFFFFFFFFFFFFFFFFFFFFFFFFF75
:100B9000FFFFFFFFFFFFFFFFFFFFFFFFFFFFFFFF65
:100BA000FFFFFFFFFFFFFFFFFFFFFFFFFFFFFFFF55
:100BB000FFFFFFFFFFFFFFFFFFFFFFFFFFFFFFFF45
:100BC000FFFFFFFFFFFFFFFFFFFFFFFFFFFFFFFF35
:100BD000FFFFFFFFFFFFFFFFFFFFFFFFFFFFFFFF25
:100BE000FFFFFFFFFFFFFFFFFFFFFFFFFFFFFFFF15
:100BF000FFFFFFFFFFFFFFFFFFFFFFFFFFFFFFFF05
:100C0000FFFFFFFFFFFFFFFFFFFFFFFFFFFFFFFFF4
:100C1000FFFFFFFFFFFFFFFFFFFFFFFFFFFFFFFFE4
:100C2000FFFFFFFFFFFFFFFFFFFFFFFFFFFFFFFFD4
:100C3000FFFFFFFFFFFFFFFFFFFFFFFFFFFFFFFFC4
:100C4000FFFFFFFFFFFFFFFFFFFFFFFFFFFFFFFFB4
:100C5000FFFFFFFFFFFFFFFFFFFFFFFFFFFFFFFFA4
:100C6000FFFFFFFFFFFFFFFFFFFFFFFFFFFFFFFF94
:100C7000FFFFFFFFFFFFFFFFFFFFFFFFFFFFFFFF84
:100C8000FFFFFFFFFFFFFFFFFFFFFFFFFFFFFFFF74
:100C9000FFFFFFFFFFFFFFFFFFFFFFFFFFFFFFFF64
:100CA000FFFFFFFFFFFFFFFFFFFFFFFFFFFFFFFF54
:100CB000FFFFFFFFFFFFFFFFFFFFFFFFFFFFFFFF44
:100CC000FFFFFFFFFFFFFFFFFFFFFFFFFFFFFFFF34
:100CD000FFFFFFFFFFFFFFFFFFFFFFFFFFFFFFFF24
:100CE000FFFFFFFFFFFFFFFFFFFFFFFFFFFFFFFF14
:100CF000FFFFFFFFFFFFFFFFFFFFFFFFFFFFFFFF04
:100D0000FFFFFFFFFFFFFFFFFFFFFFFFFFFFFFFFF3
:100D1000FFFFFFFFFFFFFFFFFFFFFFFFFFFFFFFFE3
:100D2000FFFFFFFFFFFFFFFFFFFFFFFFFFFFFFFFD3
:100D3000FFFFFFFFFFFFFFFFFFFFFFFFFFFFFFFFC3
:100D4000FFFFFFFFFFFFFFFFFFFFFFFFFFFFFFFFB3
:100D5000FFFFFFFFFFFFFFFFFFFFFFFFFFFFFFFFA3
:100D6000FFFFFFFFFFFFFFFFFFFFFFFFFFFFFFFF93
:100D7000FFFFFFFFFFFFFFFFFFFFFFFFFFFFFFFF83
:100D8000FFFFFFFFFFFFFFFFFFFFFFFFFFFFFFFF73
:100D9000FFFFFFFFFFFFFFFFFFFFFFFFFFFFFFFF63
:100DA000FFFFFFFFFFFFFFFFFFFFFFFFFFFFFFFF53
:100DB000FFFFFFFFFFFFFFFFFFFFFFFFFFFFFFFF43
:100DC000FFFFFFFFFFFFFFFFFFFFFFFFFFFFFFFF33
:100DD000FFFFFFFFFFFFFFFFFFFFFFFFFFFFFFFF23
:100DE000FFFFFFFFFFFFFFFFFFFFFFFFFFFFFFFF13
:100DF000FFFFFFFFFFFFFFFFFFFFFFFFFFFFFFFF03
:100E0000FFFFFFFFFFFFFFFFFFFFFFFFFFFFFFFFF2
:100E1000FFFFFFFFFFFFFFFFFFFFFFFFFFFFFFFFE2
:100E2000FFFFFFFFFFFFFFFFFFFFFFFFFFFFFFFFD2
:100E3000FFFFFFFFFFFFFFFFFFFFFFFFFFFFFFFFC2
:100E4000FFFFFFFFFFFFFFFFFFFFFFFFFFFFFFFFB2
:100E5000FFFFFFFFFFFFFFFFFFFFFFFFFFFFFFFFA2
:100E6000FFFFFFFFFFFFFFFFFFFFFFFFFFFFFFFF92
:100E7000FFFFFFFFFFFFFFFFFFFFFFFFFFFFFFFF82
:100E8000FFFFFFFFFFFFFFFFFFFFFFFFFFFFFFFF72
:100E9000FFFFFFFFFFFFFFFFFFFFFFFFFFFFFFFF62
:100EA000FFFFFFFFFFFFFFFFFFFFFFFFFFFFFFFF52
:100EB000FFFFFFFFFFFFFFFFFFFFFFFFFFFFFFFF42
:100EC000FFFFFFFFFFFFFFFFFFFFFFFFFFFFFFFF32
:100ED000FFFFFFFFFFFFFFFFFFFFFFFFFFFFFFFF22
:100EE000FFFFFFFFFFFFFFFFFFFFFFFFFFFFFFFF12
:100EF000FFFFFFFFFFFFFFFFFFFFFFFFFFFFFFFF02
:100F0000FFFFFFFFFFFFFFFFFFFFFFFFFFFFFFFFF1
:100F1000FFFFFFFFFFFFFFFFFFFFFFFFFFFFFFFFE1
:100F2000FFFFFFFFFFFFFFFFFFFFFFFFFFFFFFFFD1
:100F3000FFFFFFFFFFFFFFFFFFFFFFFFFFFFFFFFC1
:100F4000FFFFFFFFFFFFFFFFFFFFFFFFFFFFFFFFB1
:100F5000FFFFFFFFFFFFFFFFFFFFFFFFFFFFFFFFA1
:100F6000FFFFFFFFFFFFFFFFFFFFFFFFFFFFFFFF91
:100F7000FFFFFFFFFFFFFFFFFFFFFFFFFFFFFFFF81
:100F8000FFFFFFFFFFFFFFFFFFFFFFFFFFFFFFFF71
:100F9000FFFFFFFFFFFFFFFFFFFFFFFFFFFFFFFF61
:100FA000FFFFFFFFFFFFFFFFFFFFFFFFFFFFFFFF51
:100FB000FFFFFFFFFFFFFFFFFFFFFFFFFFFFFFFF41
:100FC000FFFFFFFFFFFFFFFFFFFFFFFFFFFFFFFF31
:100FD000FFFFFFFFFFFFFFFFFFFFFFFFFFFFFFFF21
:100FE000FFFFFFFFFFFFFFFFFFFFFFFFFFFFFFFF11
:100FF000FFFFFFFFFFFFFFFFFFFFFFFFFFFFFFFF01
:10100000D1002043651C00600000000000000000CB
:10101000201000600010006000B4026000000000BA
:101020000000006000C0020000000000FFFFFFFFA2
:10103000FFFFFFFFFFFFFFFFFFFFFFFFFFFFFFFFC0
:10104000FFFFFFFFFFFFFFFFFFFFFFFFFFFFFFFFB0
:10105000FFFFFFFFFFFFFFFFFFFFFFFFFFFFFFFFA0
:10106000FFFFFFFFFFFFFFFFFFFFFFFFFFFFFFFF90
:10107000FFFFFFFFFFFFFFFFFFFFFFFFFFFFFFFF80
:10108000FFFFFFFFFFFFFFFFFFFFFFFFFFFFFFFF70
:10109000FFFFFFFFFFFFFFFFFFFFFFFFFFFFFFFF60
:1010A000FFFFFFFFFFFFFFFFFFFFFFFFFFFFFFFF50
:1010B000FFFFFFFFFFFFFFFFFFFFFFFFFFFFFFFF40
:1010C000FFFFFFFFFFFFFFFFFFFFFFFFFFFFFFFF30
:1010D000FFFFFFFFFFFFFFFFFFFFFFFFFFFFFFFF20
:1010E000FFFFFFFFFFFFFFFFFFFFFFFFFFFFFFFF10
:1010F000FFFFFFFFFFFFFFFFFFFFFFFFFFFFFFFF00
:10110000FFFFFFFFFFFFFFFFFFFFFFFFFFFFFFFFEF
:10111000FFFFFFFFFFFFFFFFFFFFFFFFFFFFFFFFDF
:10112000FFFFFFFFFFFFFFFFFFFFFFFFFFFFFFFFCF
:10113000FFFFFFFFFFFFFFFFFFFFFFFFFFFFFFFFBF
:10114000FFFFFFFFFFFFFFFFFFFFFFFFFFFFFFFFAF
:10115000FFFFFFFFFFFFFFFFFFFFFFFFFFFFFFFF9F
:10116000FFFFFFFFFFFFFFFFFFFFFFFFFFFFFFFF8F
:10117000FFFFFFFFFFFFFFFFFFFFFFFFFFFFFFFF7F
:10118000FFFFFFFFFFFFFFFFFFFFFFFFFFFFFFFF6F
:10119000FFFFFFFFFFFFFFFFFFFFFFFFFFFFFFFF5F
:1011A000FFFFFFFFFFFFFFFFFFFFFFFFFFFFFFFF4F
:1011B000FFFFFFFFFFFFFFFFFFFFFFFFFFFFFFFF3F
:1011C000FFFFFFFFFFFFFFFFFFFFFFFFFFFFFFFF2F
:1011D000FFFFFFFFFFFFFFFFFFFFFFFFFFFFFFFF1F
:1011E000FFFFFFFFFFFFFFFFFFFFFFFFFFFFFFFF0F
:1011F000FFFFFFFFFFFFFFFFFFFFFFFFFFFFFFFFFF
:10120000FFFFFFFFFFFFFFFFFFFFFFFFFFFFFFFFEE
:10121000FFFFFFFFFFFFFFFFFFFFFFFFFFFFFFFFDE
:10122000FFFFFFFFFFFFFFFFFFFFFFFFFFFFFFFFCE
:10123000FFFFFFFFFFFFFFFFFFFFFFFFFFFFFFFFBE
:10124000FFFFFFFFFFFFFFFFFFFFFFFFFFFFFFFFAE
:10125000FFFFFFFFFFFFFFFFFFFFFFFFFFFFFFFF9E
:10126000FFFFFFFFFFFFFFFFFFFFFFFFFFFFFFFF8E
:10127000FFFFFFFFFFFFFFFFFFFFFFFFFFFFFFFF7E
:10128000FFFFFFFFFFFFFFFFFFFFFFFFFFFFFFFF6E
:10129000FFFFFFFFFFFFFFFFFFFFFFFFFFFFFFFF5E
:1012A000FFFFFFFFFFFFFFFFFFFFFFFFFFFFFFFF4E
:1012B000FFFFFFFFFFFFFFFFFFFFFFFFFFFFFFFF3E
:1012C000FFFFFFFFFFFFFFFFFFFFFFFFFFFFFFFF2E
:1012D000FFFFFFFFFFFFFFFFFFFFFFFFFFFFFFFF1E
:1012E000FFFFFFFFFFFFFFFFFFFFFFFFFFFFFFFF0E
:1012F000FFFFFFFFFFFFFFFFFFFFFFFFFFFFFFFFFE
:10130000FFFFFFFFFFFFFFFFFFFFFFFFFFFFFFFFED
:10131000FFFFFFFFFFFFFFFFFFFFFFFFFFFFFFFFDD
:10132000FFFFFFFFFFFFFFFFFFFFFFFFFFFFFFFFCD
:10133000FFFFFFFFFFFFFFFFFFFFFFFFFFFFFFFFBD
:10134000FFFFFFFFFFFFFFFFFFFFFFFFFFFFFFFFAD
:10135000FFFFFFFFFFFFFFFFFFFFFFFFFFFFFFFF9D
:10136000FFFFFFFFFFFFFFFFFFFFFFFFFFFFFFFF8D
:10137000FFFFFFFFFFFFFFFFFFFFFFFFFFFFFFFF7D
:10138000FFFFFFFFFFFFFFFFFFFFFFFFFFFFFFFF6D
:10139000FFFFFFFFFFFFFFFFFFFFFFFFFFFFFFFF5D
:1013A000FFFFFFFFFFFFFFFFFFFFFFFFFFFFFFFF4D
:1013B000FFFFFFFFFFFFFFFFFFFFFFFFFFFFFFFF3D
:1013C000FFFFFFFFFFFFFFFFFFFFFFFFFFFFFFFF2D
:1013D000FFFFFFFFFFFFFFFFFFFFFFFFFFFFFFFF1D
:1013E000FFFFFFFFFFFFFFFFFFFFFFFFFFFFFFFF0D
:1013F000FFFFFFFFFFFFFFFFFFFFFFFFFFFFFFFFFD
:10140000884207D0904205D251F8043B40F8043B93
:101410008242F9D8704700BF884204D2002340F8C6
:10142000043B8142FBD87047BB4B0824BB4ABC49F4
:10143000BC4880B5C3F8544184B0FFF7E1FFBA4A15
:10144000BA49BB48FFF7DCFFBA49BB48FFF7E4FFE6
:10145000BA4C4FF0E0214FF470000023B84AC1F8B5
:10146000880D44F823200133B02BFAD1B54B8021ED
:10147000B54A03F8011B9342FBD14FF0E023A64A83
:101480004FF08031B148C3F8084DC2F80411C2F8DA
:101490000001AF48C2F8F410C2F8F000D3F8241DE0
:1014A000AC4841F4E021C3F8241DC16921F07F015B
:1014B00041F04001C161416A21F07F0141F04001EA
:1014C00041624FF0FF30A4498866C86608674867E4
:1014D00000211020C3F8941DC3F89C0D9F48C3F849
:1014E000A00D1120C3F89C0D9D48C3F8A00D12203B
:1014F000C3F89C0D9B48C3F8A00D9B48C3F89C0DF6
:101500009A48C3F8A00D9A48C3F89C0D9948C3F8AF
:10151000A00D884840F01500C3F89C0D9648C3F80C
:10152000A00D00F181500D30C3F89C0D9348C3F815
:10153000A00D9348C3F89C0D9248C3F8A00D9248A3
:10154000C3F89C0D9148C3F8A00D9148C3F89C0DB9
:101550009048C3F8A00D0120C3F8940DBFF34F8F3E
:10156000BFF36F8FC3F8501FBFF34F8FBFF36F8F61
:10157000D3F8140D4FF0400E4FF4805C4FF4005739
:1015800040F440304FF44046C3F8140D8248A06345
:101590008248E063632058610320996118618048A4
:1015A0008049C3F8200DD3F8FC0D40F08070C3F8DB
:1015B000FC0D0B687C4843F001030B604B684FF453
:1015C0008031036043F2420013699D0700F1F58208
:1015D0009D0440F1F682DD0440F11683002BF3DA1E
:1015E00013F4803540F013835B0640F11C834FF009
:1015F000803356496D48C2F80431C2F8001154498D
:10160000C2F8F430C2F8F01000F02EFC5148684BDC
:10161000C16E684A41F44051C1661D60C3F808516B
:10162000C3F81851C3F82851C3F83851936BD80741
:1016300008D442F61563604951651365936B43F016
:10164000010393635B4840F23765424B81685B4A14
:1016500041F001118160D96E41F44031D966D96EF3
:1016600041F44071D966A02355649364936C1906C4
:10167000FCD4534B40F23761A02259649A649D6CAC
:1016800015F08005FBD1334B41F20107DFF84C81A7
:1016900045F6C0564B4AF3EE097A88F8C152996F65
:1016A000494841F47F019FED496A9FED497A996766
:1016B000D3F880100A43C3F8802000F0D9FB00F56E
:1016C000804000F0D5FB00F5804000F0D1FB00F534
:1016D000804000F0CDFB3F493F4A4FF00F0C43F2F2
:1016E00026008D814D81A1F80EC08F82CE800D80A5
:1016F0000D8288818D854D85A1F82EC08F86CE8480
:101700000D840D868885A1F84C50A1F84A50A1F8A7
:101710004EC0A1F8547063E000800D40083902000B
:101720000C29006000000000C04E0020186202601A
:101730000000002080970120C04E0020004C0020B7
:1017400035BD000000E400E0A0E400E01B1018201C
:101750000C0D111300C00F4000C00A403F000010E4
:1017600025000803090010001300200021000207D3
:1017700014000020250008130900001027000B1397
:101780001700004033001013180000602F000B07F3
:10179000190000702F000B136DAC0000C1A80000F1
:1017A00000002020001000E0FC3C01200046C32384
:1017B0000040084000400D400000C05600400C4072
:1017C00000800C40000003FC00C03D400000AA4225
:1017D0000000B44200C01D4000001E40C04E00206A
:1017E000A1F84660A1F84050A1F85050A1F84C0073
:1017F000A1F86C50A1F86A50A1F86EC0A1F87470FD
:10180000A1F86660A1F86050A1F87050A1F86C00D2
:1018100095815581A2F80EC09782D68015801582D9
:10182000908195855585A2F82EC09786D68415841B
:1018300015869085A2F84C50A2F84A50A2F84EC0E6
:10184000A2F85470A2F84660A2F84050A2F8505096
:10185000A2F84C00A2F86C50A2F86A50A2F86EC030
:10186000A2F87470A2F86660A2F86050A2F87050F6
:10187000A2F86C00A2F58312D34BA2F5F852D3491B
:101880009D815D81A3F80EC09F82DE801D801D8238
:1018900098819D855D85A3F82EC09F86DE841D847A
:1018A0001D869885A3F84C50A3F84A50A3F84EC063
:1018B000A3F85470A3F84660A3F84050A3F8505022
:1018C000A3F84C00A3F86C50A3F86A50A3F86EC0BC
:1018D000A3F87470A3F86660A3F86050A3F8705082
:1018E000A3F86C00D2F88030B94823F00103C2F8A5
:1018F00080300323C2F89030B64BD3F8E030D2F8F2
:101900008070DEB206EE906AC8F8A462C3F30B26BC
:101910001B0DF8EEE66A05EE906AC8F8A862AE4EB6
:1019200036EEC66A36EEC77A76EEE76A07EE903A8A
:10193000B8EEE55AF8EEE77AC8EDAB6A77EEC57A0D
:1019400026EE276AC8EDAC7A27EE277A66EEA77AEC
:10195000C6EE265A87EE266A87EEA67A75EE855A77
:10196000FCEEE55A76EE056A15EE903AFCEEE66A74
:1019700047EA035777EE057AC2F8807016EE903A80
:1019800001EA0343D2F89011FCEEE77A0B43C2F868
:10199000903117EE903AD2F89011C3F30B030B433A
:1019A000C2F89031D2F8803043F00203C2F88030A0
:1019B00080F84050C4F840614FF0E0230122874E88
:1019C000C3F808213368132BFCD9854B40F66172AC
:1019D000C3F820217F4A834BD2F8201221F07F41A7
:1019E000994280F016810A2000FB01F2B2FBF0F36D
:1019F00000FB1323092A03F130038DF8043040F271
:101A000015810DF1040C4FF0000EDFF8F8916746D8
:101A1000A9FB0132884670460EF1010ED208B8F1DA
:101A2000090F02EB8203A1EB4303114603F13003DC
:101A300007F8013FECD801AB00F1100203EB0E01F7
:101A40006A44002302F80A3C1A4601339CF80070ED
:101A5000821A91F800E093420CF801EB01F8017949
:101A6000F2DB9DF80420002A00F0E6805E4B9DF832
:101A700005105A87002900F0E1809DF8060099873B
:101A8000002800F0DD809DF80720D887002A00F0AC
:101A9000D9809DF80810A3F84020002900F0D680D6
:101AA0009DF80920A3F84210002A00F0D3809DF889
:101AB0000A10A3F84420002900F0CA809DF80B20EA
:101AC000A3F84610002A00F0BF809DF80C10A3F880
:101AD0004820002900F0C0809DF80D20A3F84A108E
:101AE000002A00F0BB800A25A3F84C206A1C3F495D
:101AF000520083F83820D1F880303D4A43F0030388
:101B0000C1F8803040F204413A4BC2F860111968C4
:101B1000394B194203D1D2F8A8319A071BD0344A65
:101B20004FF00041334B5963D2F8403143F0020388
:101B3000C2F84031D2F840319B07FBD44FF0E0228D
:101B40004FF400312B4B1920C2F88C124FF0004299
:101B50009A6300F091F9274A00214FF08040244D0C
:101B6000264B906311600A221846C5F8A8214FF44D
:101B7000207200F071F94FF48102214B02604FF4A2
:101B80008002C5F85801026440F24312C5F84821AA
:101B9000C4F804324FF0E0224FF400310123C2F8C0
:101BA0000C11C5F840313368B3F5967FFBD300F0D4
:101BB00071F800F065F900F053F996615161906198
:101BC00002E5576100E500BF00401E400000FF0F26
:101BD00000E400E000441F401DBF0000F83C01206D
:101BE00000800D4080969800A443002000C00F4064
:101BF00000002E4000900D40001C1E000000002040
:101C00005DB20000CDCCCCCCC2F814C0DCE4916154
:101C1000DAE40A23B1FBF3F203FB1213114630336B
:101C20008DF80430EDE6C2F814E0CDE400239DF811
:101C300004208DF8053019E7094B57E7012555E7D2
:101C4000022553E7032551E707254FE704254DE714
:101C500006254BE7052549E7082547E7092545E718
:101C6000A4430020074B4FF42A01074A07485A644F
:101C70001864074A99639546BFF34F8FBFF36F8F80
:101C8000FFF7D2FB00C00A40FFABAAAA0700200062
:101C90000080052000BF7047264942698B6B23F402
:101CA0007C0370B543F480231468234D8B63216853
:101CB00053681943036921600221002419611F49F7
:101CC0001C619964012159629D624FF43035DD62D7
:101CD0004FF001159E6C1E651C629D651961037EA7
:101CE000174D02EB031E174B9EF808C003EB0C1CAC
:101CF000DCF808402560DCF80440DEF80C50256074
:101D0000DEF8104014B1DEF814102160407E0C4C57
:101D100002EB001191F828000A4603EB0013D3E907
:101D200001300460C96A1960136B0BB1526B1A6001
:101D300070BD00BF00C00F40B80B05053B37281928
:101D400061F80100381D00201B494B690A7E03EB36
:101D50000212127A122A2DD0187AFF282AD01228BD
:101D600025D0187EFF2825D00120844630B41C6879
:101D70005D6824682C4203D181F818C030BC7047DC
:101D800003EB00130D48052400EB021252681460A7
:101D90001A7A0B4C00EB0212D2E901200460D868D9
:101DA00010601A69002AE7D05B691360E4E700203D
:101DB0008446DBE7704700BF083D0120381D002046
:101DC00061F801001D494B694A7E03EB021292F84B
:101DD0002820132A30D093F82800FF282CD013286D
:101DE00027D093F83800FF2826D00120844630B44D
:101DF0001C685D6824682C4203D181F819C030BC8E
:101E0000704703EB00130E48052400EB02125268E2
:101E1000146093F828200B4C00EB0212D2E9012049
:101E20000460D86A10601A6B002AE6D05B6B1360FE
:101E3000E3E700208446DAE7704700BF083D012051
:101E4000381D002061F80100F8B500BFF8BC08BCDF
:101E50009E467047000000005FF800F05D2602001B
:101E60005FF800F0A50A01005FF800F0B5AC0000D3
:101E70005FF800F0D9A700005FF800F065060100E8
:101E80005FF800F00D27020045000000090802007D
:101E9000DB40A4A62EAF000000000000000180007F
:101EA00000000000000000000380000000000000AF
:101EB00000000007C000000000000000000007C094
:101EC0000000000000000000000FC0000000000043
:101ED000000000001FE00000000000000000001FE4
:101EE000E00000000000000000003FE000000000F3
:101EF00000000000003FF0000000000000000000B3
:101F00007FF0000000000000001FF87FF0000000DC
:101F1000000000003FFE7FF0000000000000003FD6
:101F2000FF7FF0000000000000001FFFFBE000004A
:101F300000000000000FFFF9FFC0000000000000DB
:101F40000FFFF9FFF800000000000007FFF1FFFF9E
:101F500000000000000003FC73FFFF800000000091
:101F60000001FE3FFFFF80000000000000FF1E0F89
:101F7000FF000000000000007FFE1FFC00000000CA
:101F80000000003FFFFFF8000000000000000FDF2E
:101F9000FFE0000000000000001F19FFC00000006B
:101FA000000000003F3CFF00000000000000007E39
:101FB0007CF800000000000000007FFE7C000000B4
:101FC0000000000000FFFFFC000000000000000017
:101FD000FFFFFE0000000000000000FFFFFE000009
:101FE000000000000001FFEFFE0000000000000004
:101FF00001FFCFFE0000000000000003FF07FE000D
:1020000000000000000003FC07FE000000000000CC
:102010000003F003FE00000000000000018000FE4D
:10202000000000000000000000007E000000000032
:1020300000000000003E0000000000000000000062
:102040000C000000000000078000FC000003C0003E
:102050000000078001FC000003C0000000078001B1
:10206000FC000003C0000000078001E00000001E2B
:10207000000000078001E00000001E007FE3F79FE2
:10208000F9FDE7787BDFC0FFF7FFBFFDFDFF787B41
:10209000DFC0FFF7FFBFFDFDFF787BDFC0F0F787F4
:1020A000BC3DE1FF787BDE00F0F787BC3DE1F078D6
:1020B0007BDE0000F787803DE1E0787BDE007FF784
:1020C000879FFDE1E0787BDE00FFF787BFFDE1E061
:1020D000787BDE00F0F787BC3DE1E0787BDE00F046
:1020E000F787BC3DE1E0787BDE00F0F787BC3DE19F
:1020F000E0787BDE00FFF7FFBFFDE1E07FFBDFC0A4
:10210000FFF7FFBFFDE1E07FFBDFC07CF3F39F3D06
:10211000E1E03E7BCFC000000000000000000000B6
:1021200000FFFFFFFFFFFFFFFFFFFFC0FFFFFFFFFD
:10213000FD68DB111A31C0FFFFFFFFFD2B5AFB6A60
:10214000EFC0FFFFFFFFFD4B5B3B1A33C0FFFFFFFC
:10215000FFFD6B5BDB6AFDC000006000000000005B
:10216000000000000000000000E00000000000008F
:102170000000000000000001E0000000000000007E
:1021800000000000000001F000000000000000005E
:10219000000000000003F00000000000000000004C
:1021A0000000000007F00000000000000000000038
:1021B00000000007F8000000000000000000000020
:1021C00000000FF800000003C0007E000001E000E6
:1021D0007F0FF800000003C000FE000001E000FFD8
:1021E000EFF800000003C000FE000001E000FFFF68
:1021F000F800000003C000F00000000F007FFE7F29
:10220000C0000003C000F00000000F003FFE7FF898
:102210003FF1FBCFFCFEF3BC3DEFE01FFE7FFF7FF5
:10222000FBFFDFFEFEFFBC3DEFE01FC6FFFF7FFBB5
:10223000FFDFFEFEFFBC3DEFE00FE3C7FE787BC390
:10224000DE1EF0FFBC3DEF0007FF87FC787BC3DE9E
:102250001EF0F83C3DEF0001FFFFF0007BC3C01E05
:10226000F0F03C3DEF0001F37FE03FFBC3CFFEF019
:10227000F03C3DEF0003E33F807FFBC3DFFEF0F067
:102280003C3DEF0007E73C00787BC3DE1EF0F03CEE
:102290003DEF0007FFBE00787BC3DE1EF0F03C3D43
:1022A000EF0007FFFE00787BC3DE1EF0F03C3DEF41
:1022B000000FFFFE007FFBFFDFFEF0F03FFDEFE0D1
:1022C0000FFFFF007FFBFFDFFEF0F03FFDEFE00FB1
:1022D000F9FF003E79F9CF9EF0F01F3DE7E01FF1D6
:1022E000FF0000000000000000000000001F80FF51
:1022F000007FFFFFFFFFFFFFFFFFFFE01C007F00ED
:102300007FFFFFFFFEB46D888D18E000001F007F87
:10231000FFFFFFFE95AD7DB577E000000F007FFF6A
:10232000FFFFFEA5AD9D8D19E0000006007FFFFFB9
:10233000FFFEB5ADEDB57EE0AED580A8D300408DF3
:102340002000A1C84C2600605423006020007E00BD
:10235000070000000000000002000100000001056D
:102360000200FC00010003020400FC00020005055D
:102370000600FC00060003060400FC00090003053B
:102380000400FC000B0004050500FC000E00010227
:102390000200FC000F0002050300FC001100020512
:1023A0000300FC00130003030400FD0015000303F9
:1023B0000400FD00170002020300000018000301E2
:1023C0000400FE0019000101020000001A000305CC
:1023D0000400FC001C0003050400FC001E000205B4
:1023E0000300FC00200003050400FC00220003059C
:1023F0000400FC00240003050400FC002600030583
:102400000400FC00280003050400FC002A0003056A
:102410000400FC002C0003050400FC002E00030552
:102420000400FC00300001030200FD003100020442
:102430000300FD00320002030300FD00330003032C
:102440000400FD00350002030300FD003600030513
:102450000400FC00380003050400FC003A000305FA
:102460000400FC003C0003050400FC003E000305E2
:102470000400FC00400003050400FC0042000305CA
:102480000400FC00440003050400FC0046000305B2
:102490000400FC00480003050400FC004A0001059C
:1024A0000200FC004B0003050400FC004D00030586
:1024B0000400FC004F0003050400FC00510005056A
:1024C0000600FC00550004050500FC00580003054B
:1024D0000400FC005A0003050400FC005C00030635
:1024E0000400FC005F0003050400FC00610003051C
:1024F0000400FC00630003050400FC006500030504
:102500000400FC00670003050400FC0069000505E9
:102510000600FC006D0003050400FC006F000305CD
:102520000400FC00710003050400FC0073000205B8
:102530000300FC00750003050400FC0077000205A1
:102540000300FC00790003020400FC007A0004018F
:10255000040001007B0002020300FC007C00030475
:102560000400FD007E0003050400FC00800003035E
:102570000400FE00820003050400FC008400030444
:102580000400FD00860002050300FC00880003052E
:102590000400FD008A0003050400FC008C00010516
:1025A0000200FC008D0002060300FC008F00030502
:1025B0000400FC00910002050300FC0093000503E9
:1025C0000600FE00950003030400FE0097000303CD
:1025D0000400FE00990003040400FE009B000304B5
:1025E0000400FE009D0002030300FE009E000304A1
:1025F0000400FD00A00002050300FC00A20003038C
:102600000400FE00A40003030400FE00A60005036E
:102610000600FE00A80003030400FE00AA00030455
:102620000400FE00AC0003040400FD00AE0003053E
:102630000400FC00B00001060200FC00B10003052C
:102640000400FC00B30004020500FD00E8B457D507
:10265000F5004E3E80A54A4A5A50C06A409580AA6D
:10266000805D0060E080254856D47540C54EC51C8D
:102670009792F31C5354E54855545594A04664E38F
:102680008098C50456C657DAD75C7246D6DCF3CEBE
:10269000F34872D4B7DAF824D4BB5A924E8EEB5872
:1026A000809DB99056D4D74856D440D75A711CE96A
:1026B00024B6D4B6A48C6B5500B55AB524E54EEAC1
:1026C000C09112D5C054F090C7F0935E718025DEA2
:1026D0005E306E80779C935AB8456092EAAA40D5E6
:1026E0006AD6805500D7407590E871E0BA40B58051
:1026F000B5008D54AA80ACE0E5706A26FCC8AC5ADF
:1027000009026200030100C032080B00020202014C
:102710000009040000010202010005240010010567
:102720002401010104240206052406000107058294
:102730000310001009040100020A0000000705034D
:102740000240000007058402400000090402000264
:10275000FF6AFF00070581024000010705010240F2
:102760000001000009026200030100C032080B00F2
:102770000202020100090400000102020100052416
:1027800000100105240101010424020605240600AD
:10279000010705820310000509040100020A000078
:1027A0000007050302000200070584020002000979
:1027B00004020002FF6AC700070581020002010748
:1027C00005010200020100001603550053004200FB
:1027D0002000530065007200690061006C00000079
:1027E00018035400650065006E00730079006400F2
:1027F000750069006E006F00040309040A060002F8
:10280000EF020140010000000080C0E0F0F8FCFE93
:10281000000103070F1F3F7F2200FF2170C00F4000
:10282000C00000001200000013000000D0841F4010
:1028300001000000FF000000FF0000000000000099
:10284000000000001300000013000000CC841F40B3
:1028500001000000FF000000FF0000000000000079
:10286000000000001C0000000521010070C00F40A6
:10287000000C00001100000011000000E0841F4067
:10288000020000002400000012000000E0841F404D
:10289000010000001000000011000000DC841F4057
:1028A000020000002500000012000000DC841F4030
:1028B000010000001E000000B521010080C00F4093
:1028C000000000031900000010000000E8841F4011
:1028D00001000000FF000000FF00000000000000F9
:1028E000000000001800000010000000E4841F40F9
:1028F00001000000FF000000FF00000000000000D9
:0C290000000000001F0000006522010024
:10290C0000000000000000000000000000000000BB
:10291C0000000000000000000000000000000000AB
:10292C000548064B1B1AD90F01EBA301491002D025
:10293C00034B03B118477047C04E0020C04E002017
:10294C000000000008B5054B1BB105490548AFF365
:10295C000080BDE80840FFF7E3BF00BF00000000A7
:10296C004497012000C0026070B5B0F8BC5F3B2DED
:10297C0011D88DB105F1FF3C00F644741FFA8CFCA4
:10298C0004EB4C0400F6427C01E0A44504D03CF876
:10299C0002EF9645F9D170BD07EE903AF7EE006A5A
:1029AC0000EB850305F1010EF8EEE77A05EB450423
:1029BC0003F628564FF0000C00EB840486EEA77A41
:1029CC0086ED000A03F6186604F5F16400EB450584
:1029DC00C6ED000AC3F8581A03F6483103F638431B
:1029EC00C1F800C0C3F800C0A5F8442F84ED007AEC
:1029FC00A0F8BCEF70BD00BF10B5002100F58054ED
:102A0C0000F64C2C0A4694F8E4E102E0CAB2964572
:102A1C0020D302F5CB73013100EB8303D3F83C3B9D
:102A2C009C45F3D1B4F8844092B29CB141F25A0166
:102A3C000023014404E001331FFA83FC644509D9E7
:102A4C0031F802CF9445F6D100EB8300024B00F62F
:102A5C000870036010BD00BFCDCC4C3F01EB810171
:102A6C00037D01EB81010531C9B2C17403B141741D
:102A7C00704700BF01EB8101037D01EB8101053142
:102A8C00C9B2817403B10174704700BF40F23B239B
:102A9C009A42A8BF1A4601F5805310B493F85E4FC2
:102AAC00BCB90B7A5BB1344C4B68A41A03EBC4036E
:102ABC005DF8044B1A685B680260436070474B68B2
:102ACC005DF8044B03EBC2031A685B680260436059
:102ADC007047B3F8601F07EE902A03F6687CF8EE97
:102AEC00E73A07EE901A9CED006AF8EE676AB8EECA
:102AFC00E73AB2FBF1F401FB142203F66C7403F613
:102B0C00747192B294ED005A03F6647407EE902A35
:102B1C0003F5776294ED007A03F67873F8EEE77AB2
:102B2C00D2ED005A35EE077A33F8164C35EE866A3C
:102B3C0073EEE73A04EE904A37EE457A5DF8044BB3
:102B4C0036EE656A83EE834A67EE277AF8EE644ABE
:102B5C0087EEA67A64EE066AC6EEA47A37EE057A9C
:102B6C0081ED007A77EEA57AC3ED007A80ED007ADC
:102B7C00C0ED017A704700BF3A02002040F23B20C2
:102B8C00704700BF2DE9F04191F8356084B00C46D8
:102B9C000746002E4BD1DFF8A88035E0AB422A4621
:102BAC00684606F101063FD9216A0B689B68984775
:102BBC00D4ED0B7A9DED007A2A4602A8B4EEE77AA2
:102BCC00F1EE10FA05D5216A0B689B689847DDED8C
:102BDC00027A216A2A466846C4ED0B7A0B689B6818
:102BEC009847D4ED0C7A9DED017A2A4602A8B4EEF2
:102BFC00E77AF1EE10FA05D5216A0B689B689847C5
:102C0C00DDED037AC4ED0C7A206AB5B240F23B23B9
:102C1C000268D2694245C1D0904703462A466846AD
:102C2C00AB4206F10106BFD8012384F83530E26AC5
:102C3C003846236B3A607B6004B0BDE8F08100BF7E
:102C4C007D0200002DE9F04191F8346084B00C460F
:102C5C000746002E4BD1DFF8A88035E0AB422A4660
:102C6C00684606F101063FD9216A0B689B689847B4
:102C7C00D4ED097A9DED007A2A4602A8B4EEE77AE3
:102C8C00F1EE10FA05DD216A0B689B689847DDEDC3
:102C9C00027A216A2A466846C4ED097A0B689B6859
:102CAC009847D4ED0A7A9DED017A2A4602A8B4EE33
:102CBC00E77AF1EE10FA05DD216A0B689B689847FC
:102CCC00DDED037AC4ED0A7A206AB5B240F23B23FB
:102CDC000268D2694245C1D0904703462A466846ED
:102CEC00AB4206F10106BFD8012384F83430626A86
:102CFC003846A36A3A607B6004B0BDE8F08100BF3F
:102D0C007D02000030B50B6885B00D4604461B688B
:102D1C00684698472B6802A829465B6898479DED42
:102D2C00017ADDED035AF6EE006ADDED007A2046FD
:102D3C009DED026A37EE257A77EE867A27EE267AB3
:102D4C0067EEA67A84ED017AC4ED007A05B030BD49
:102D5C0030B50B6887B00D460446DB68684698476B
:102D6C002B6803A829461B699847DDED016ADDED48
:102D7C00044AB6EE006A9DED027A20469DED055A96
:102D8C0076EEA46ADDED007ADDED035A37EE057AB6
:102D9C0066EE866A77EEA57A27EE067AC4ED016AAE
:102DAC0067EE867A84ED027AC4ED007A07B030BD06
:102DBC00006A704791ED067AF6EE006AD1ED045A7E
:102DCC00D1ED057A91ED036A37EE257A77EE867AA6
:102DDC0027EE267A67EEA67A80ED017AC0ED007AAE
:102DEC00704700BF91ED067A91ED046AD1ED057A3A
:102DFC00D1ED036A37EE467A77EEE67A80ED017A0A
:102E0C00C0ED007A704700BF00F5805091ED006A6C
:102E1C0091ED017A40F2392200F66C7300F6647C75
:102E2C00DFED2F3A93ED004A00F57763DCED006A95
:102E3C0000F6687030F806CC36EE446A74EE266AFA
:102E4C0093ED005A04EE90CA37EE457A76EEC46ADA
:102E5C00B8EE643A00B530F808EC27EE037AD0ED02
:102E6C00007A05EE90EA75EE277AF8EE652AF8EE10
:102E7C00E55A77EEC57A26EE226A86EE265AC7EE1A
:102E8C00276A35EE237AF0EE477A76EEA36AE5EE02
:102E9C00A67AFCEEE77A17EE903A98B2431E9BB2F4
:102EAC00934219D8B4EEE37AF1EE10FA14DDF4EE95
:102EBC00C75AF1EE10FA0FDDF4EEE36AF1EE10FAF8
:102ECC000ADDF8EEE44AF4EEE64AF1EE10FAD8BF69
:102EDC004FF0FF305DF804FB4FF0FF30FAE700BF16
:102EEC000000000001EB410124310844704700BF91
:102EFC002430704700F2D560704700BFD0ED056AF2
:102F0C0091ED007AD1ED017AF4EEC76AF1EE10FA88
:102F1C0009DC90ED067A0023B4EEE77AF1EE10FAB4
:102F2C0013DC0020704791ED027AD0ED036AF4EEC9
:102F3C00C76A90ED067AF1EE10FAB4EEE77A4CBF60
:102F4C0001230023F1EE10FAEBDD90ED047A03F08F
:102F5C000100D1ED037AB4EEE77AF1EE10FA58BF26
:102F6C000020704790ED037AD1ED007A90ED046A61
:102F7C00F4EEC77AD0ED056AD0ED065AF1EE10FAF0
:102F8C0013DDF4EEE67AF1EE10FA0ED5D1ED017AFE
:102F9C00F4EEC67AF1EE10FA07DDF4EEE57AF1EE16
:102FAC0010FA4CBF0120002070470020704700BF72
:102FBC0000EB41014FF6FF7CB1F8860D1080B0EBB1
:102FCC000C0018BF0120704701F6FC014FF6FF7C86
:102FDC0000EB410080881080B0EB0C0018BF012082
:102FEC00704700BF01F638314FF6FF7C00EB410013
:102FFC0040881080B0EB0C0018BF0120704700BF58
:10300C0001F674514FF6FF7C30F811001080B0EBD4
:10301C000C0018BF012070472DE9F0414F0882B019
:10302C001646ADF8061032D001F0010405469CBBE3
:10303C00DFF8CC802B681B6B43451DD101F6383172
:10304C004FF6FF7205EB4101498891420FD0631C8A
:10305C009BB29F4202D11AE09F4218D901F6383137
:10306C00013305EB41019BB249889142F4D1002018
:10307C00318002B0BDE8F0810DF106022846013422
:10308C009847A8B3A4B2BDF80610A742D2D101202C
:10309C00318002B0BDE8F0810024DFF868802B6835
:1030AC005B6B434518D101F674514FF6FF7235F83E
:1030BC0011109142DBD0631C9BB2BB4202D1E6E7FC
:1030CC009F42E4D901F67451013335F811109BB2CB
:1030DC009142F5D10020CBE70DF106022846984726
:1030EC00631C28B19CB2BDF80610A742D7D1CEE71D
:1030FC00BDF806100020318002B0BDE8F08100BFA1
:10310C00E5060000010700002DE9F0414F0882B0F0
:10311C001646ADF8061032D001F0010405469CBBF2
:10312C00DFF8CC802B68DB6A43451DD101F6FC012E
:10313C004FF6FF7205EB4101898891420FD0631C59
:10314C009BB29F4202D11AE09F4218D901F6FC01B2
:10315C00013305EB41019BB289889142F4D10020E7
:10316C00318002B0BDE8F0810DF106022846013431
:10317C009847A8B3A4B2BDF80610A742D2D101203B
:10318C00318002B0BDE8F0810024DFF868802B6844
:10319C009B6A434518D105EB41014FF6FF72B1F81C
:1031AC00861D9142DBD0631C9BB2BB4202D1E6E789
:1031BC009F42E4D905EB41010133B1F8861D9BB266
:1031CC009142F5D10020CBE70DF106022846984735
:1031DC00631C28B19CB2BDF80610A742D7D1CEE72C
:1031EC00BDF806100020318002B0BDE8F08100BFB0
:1031FC00C9060000B10600002DE9F0411F1E82B087
:10320C001646ADF806102EDD05460024DFF860806A
:10321C002B685B6B43451BD101F674514FF6FF7065
:10322C0035F8111081420ED004F1010C674502D122
:10323C0019E0674517DD01F674510CF1010C35F8F6
:10324C0011108142F5D10020318002B0BDE8F0812F
:10325C000DF10602284698470134BDF806100028E7
:10326C00F2D0A742D4D10120318002B0BDE8F08168
:10327C00010700002DE9F0411F1E82B01646ADF883
:10328C0006102EDD05460024DFF860802B689B6A53
:10329C0043451BD105EB41014FF6FF70B1F8861D7C
:1032AC0081420ED004F1010C674502D119E067454B
:1032BC0017DD05EB41010CF1010CB1F8861D8142C3
:1032CC00F5D10020318002B0BDE8F0810DF106028D
:1032DC00284698470134BDF806100028F2D0A742C2
:1032EC00D4D10120318002B0BDE8F081B1060000DC
:1032FC002DE9F043002B83B083EAE3770446904634
:10330C000A9EA7EBE377ADF8061000F0C58040F3FA
:10331C0092800025DFF8A09123685B6B4B4542D16E
:10332C0001F674514FF6FF7234F811109142ADF85A
:10333C00061000F0B3806B1C9F4203D1ACE09F429F
:10334C0040F3A68001F67451013334F81110914208
:10335C00F5D10020ADF8061086EAE677002EA7EB33
:10336C00E6771BD02BDD0025514E23689B6AB342B8
:10337C0043D104EB41014FF6FF72B1F8861D914227
:10338C0053D06B1C9F4208D004EB41010133B1F8C0
:10339C00861D914249D09F42F6DC0120A8F800100E
:1033AC0003B0BDE8F0830DF10602204601359847C5
:1033BC00002875D0AF42BDF80610ADD1CCE7EDD0EA
:1033CC0000253C4E2268D36AB34222D101F6FC019F
:1033DC004FF6FF7204EB41018988914225D06B1C9A
:1033EC009F42DAD001F6FC01013304EB41018988DC
:1033FC0091421AD0BB42F5DBCFE70DF10602204615
:10340C000135984700284FD0AF42BDF80610ACD11B
:10341C00C4E70DF10602204601359847002843D039
:10342C00AF42BDF80610CDD1B8E70020A8F80010C7
:10343C0003B0BDE8F0832FD00025DFF8809023681F
:10344C001B6B4B4519D101F638314FF6FF7204EB6B
:10345C00410149889142ADF806101FD06B1C9F4268
:10346C0002D119E09F4213DD01F63831013304EB30
:10347C00410149889142F5D16BE70DF106022046D6
:10348C000135984760B1AF42BDF80610D7D163E75C
:10349C000120ADF806105FE701205DE700205BE737
:1034AC00BDF80610002057E7BDF80610002075E7A0
:1034BC00B1060000C906000001070000E506000087
:1034CC00D0F88C0D704700BF2C20704700F60430EC
:1034DC00704700BF3620704704307047D0F8940D09
:1034EC00704700BFD0F8900D704700BF90F8140BD8
:1034FC00704700BFD0F8080B704700BFD0F8040B22
:10350C00704700BFD0F8100B704700BFD0F80C0B01
:10351C00704700BF90F85400704700BF806C704734
:10352C00406C7047006D7047C06C704710B4B0F8B9
:10353C00BC4F94B100F64272002304E001331FFA31
:10354C0083FC644509D932F802CF8C45F6D103F2DD
:10355C00D22300EB830080ED000A5DF8044B70472A
:10356C0010B5B0F8BC4F7CB100F6427C002304E0EF
:10357C0001331FFA83FE744506D93CF802EF8E45E1
:10358C00F6D1184480F8082F10BD00BF70B5B0F804
:10359C004455132D11D88DB105F1FF3C00F21C548C
:1035AC001FFA8CFC04EB4C0400F21A5C01E0A445FD
:1035BC0004D03CF802EF9645F9D170BD07EE903A75
:1035CC00F7EE006A00EB85034FF0000CF8EEE77A9B
:1035DC0005EB450403F58D6605F1010E00EB840443
:1035EC0086EEA77A86ED000A03F5976600EB450593
:1035FC0003F58363C6ED000A43F8A01C43F850CCD6
:10360C00C3F800C0A5F81C2584EDA27AA0F844E507
:10361C0070BD00BF10B4B0F8444584B100F21A522A
:10362C00002304E001331FFA83FC644507D932F808
:10363C0002CF8C45F6D100EB830080EDF20A5DF8E9
:10364C00044B704790F86C20092A00F28280D0ED70
:10365C00187A034690ED177AF4EEE07A70B5F1EE35
:10366C0010FA77D593ED1A7A002A7DD0B4EEC07A91
:10367C00F1EE10FA7DD4D3ED036AB4EEE60AF1EE66
:10368C0010FA00F1F880012A4DD0D3ED056AB4EEA2
:10369C00E60AF1EE10FA00F18380022A43D0D3ED52
:1036AC00076AB4EEE60AF1EE10FA00F1E780032A9D
:1036BC0039D0D3ED096AB4EEE60AF1EE10FA00F156
:1036CC00E080042A2FD0D3ED0B6AB4EEE60AF1EEBB
:1036DC0010FA00F1D980052A25D0D3ED0D6AB4EE8D
:1036EC00E60AF1EE10FA00F1D280062A1BD0D3EDD7
:1036FC000F6AB4EEE60AF1EE10FA00F1CB80072A5D
:10370C0011D0D3ED116AB4EEE60AF1EE10FA00F125
:10371C00C480092A07D1D3ED136AB4EEE60AF1EEA0
:10372C0010FA00F19E80D3ED197A0132F4EE407A52
:10373C0083F86C20F1EE10FAB4EEC70A70FE277A0B
:10374C00C3ED197AF1EE10FA30FE070A83ED1A0A6E
:10375C0070BD7047B4EEE07AF1EE10FA77FE207A85
:10376C0093ED1A7A002A81D183ED030AC3ED047A12
:10377C00D9E703EBC201013281ED030AC1ED047AF2
:10378C00D3ED197A83F86C20B4EE670A83ED1A0A2C
:10379C00F1EE10FA48BFF0EE407AC3ED197A70BD25
:1037AC004FF0010C03EBCC0E0CF101055FFA8CF41D
:1037BC007146AA420EF1140E01F10C0103C98EE8F8
:1037CC00030047D9A61C03EBCC05F6B21C359EE8CA
:1037DC000300B24285E803003CD9E61C03EBCC0E97
:1037EC00F6B20EF1240EB2428EE8030032D9261D39
:1037FC0003EBCC05F6B22C35B24285E8030029D98F
:10380C00661D03EBCC0EF6B20EF1340EB2428EE80E
:10381C0003001FD9A61D03EBCC05F6B23C35B24212
:10382C0085E8030016D9E61D03EBCC0EF6B20EF1BB
:10383C00440EB2428EE803000CD9083403EBCC05DD
:10384C00E4B24C35A24285E8030003D903F15404D9
:10385C0084E8030003EBCC0C8CED030ACCED047A6A
:10386C0061E703F14C0103F154044FF0080C03C958
:10387C0084E80300EEE74FF0000C93E74FF0020CE6
:10388C0090E74FF0030C8DE74FF0040C8AE74FF0F4
:10389C00050C87E74FF0060C84E703F1440103F1B4
:1038AC004C04082A03C984E8030008D903F1540521
:1038BC004FF0070C94E80300C5E90001CAE74FF08C
:1038CC00070CC7E710B59FED246A041DF0EE460AFD
:1038DC002046B0EE460AFFF7B5FE2046B0EE060ACB
:1038EC00FFF7B0FE2046B0EE080AF7EE000AFFF72D
:1038FC00A9FEF0EE460A2046B0EE0A0AFFF7A2FE39
:10390C0020469FED160AFFF79DFE2046B2EE040AF4
:10391C00F7EE000AFFF796FEF0EE460A20469FED02
:10392C00100AFFF78FFE20469FED0E0AFFF78AFE66
:10393C002046B2EE060AF7EE000AFFF783FE204699
:10394C009FED090AF0EE460AFFF77CFE2046B2EE28
:10395C000E0ABDE8104075E60000000000001C4196
:10396C000000244100002C410000344110B4B0F898
:10397C00BC4FB4B100F64272002304E001331FFACD
:10398C0083FC64450DD932F802CF8C45F6D1B1EEEB
:10399C00400A00EB4312F1EE600A82ED040AC2ED1C
:1039AC00080A5DF8044B704710B4B0F8BC4FACB1CA
:1039BC0000F64272002304E001331FFA83FC6445D5
:1039CC000CD932F802CF8C45F6D103F296235DF870
:1039DC00044B50F8233093ED000A70479FED020A18
:1039EC005DF8044B704700BF0000000010B4B0F845
:1039FC00BC4FACB100F64272002304E001331FFA55
:103A0C0083FC64450CD932F802CF8C45F6D103F215
:103A1C0086335DF8044B00EB830090ED000A704791
:103A2C009FED020A5DF8044B704700BF00000000D8
:103A3C00B0F8BC3F73B1013B00F6582100F654209E
:103A4C009BB201EB83010430D0F8D022036888428A
:103A5C001A60F8D1704700BF2DE9F04FDFEDAB7A5B
:103A6C0080462DED048B89B091F8B870DDF858A024
:103A7C00CDED057ACDED067ACDED077A002F00F06D
:103A8C00F7830E4691469B469FEDA18ADFEDA18AF6
:103A9C0000249FEDA19A06EB8405D5ED1A7AF4EE7D
:103AAC00C87AF1EE10FA1DDD33191B790C2B19D8DD
:103ABC00DFE813F0980355031003CD028A0240028D
:103ACC00EA0195013401C500840050000D00A9697C
:103ADC005B464A4604A80D68CDF800A02D68A8479F
:103AEC0096F8B870394601348C42D4DBDDED057A9A
:103AFC009FED887AF4EEC77AF1EE10FA40F3AD83BD
:103B0C009DED067AFF27DDED077ADFED826AB4EED4
:103B1C00E67AF1EE10FA40F39983FF229FED7D7A5D
:103B2C00F4EEC77AF1EE10FA07DCF5EEC07AF1EE9E
:103B3C0010FA40F18483002300E0FF23404688F80C
:103B4C00007088F8012088F8023009B0BDEC048BB5
:103B5C00BDE8F08FA9695B464A4604A80F68CDF80A
:103B6C0000A03F68B8479DF810309DF81120802BBD
:103B7C009DF81210B4D9802AB2D98029B0D906EE9A
:103B8C00901A07EE903A07EE102A95ED1A6AF8EEA5
:103B9C00677A96F8B840B8EE477AF8EE666A274628
:103BAC0067EE867A214627EE067A66EE866ACDEDBA
:103BBC00057A8DED067ACDED076A94E7A9695B4627
:103BCC004A4604A80F68CDF800A03F68B847F7EE46
:103BDC00007A95ED1A6ADDED055A77EEC67ADDEDC1
:103BEC00066A9DED077A9DF8103067EEA66A96F886
:103BFC00B87027EE877A67EEA57A05EE903A9DF8B5
:103C0C0011303946F8EE655AE5EE867A05EE903AB3
:103C1C009DF81230F8EE655ACDED057AF0EE667A25
:103C2C0006EE903AE5EE867AF8EE666ACDED067A07
:103C3C00F0EE477AE6EE867ACDED077A53E7A9697E
:103C4C005B464A4604A80F68CDF800A03F68B84709
:103C5C00F7EE007AD5ED1A6AB0EE004A9DED055AE2
:103C6C00F0EE681A77EEE67ADDED065A9DED076AFE
:103C7C0025EE052A9DF8103065EEA52A65EEA73ACB
:103C8C0096F8B87066EE274A25EE277A07EE903A3A
:103C9C009DF8113026EE063AF8EEE77A3946E7EE53
:103CAC00C41A67EE857A77EEA77AE1EE827AA7EEF0
:103CBC00A67A07EE903A9DF81230F8EEE77A8DED81
:103CCC00057AB0EE687AA7EEC47A67EEA57A77EE3D
:103CDC00A77AE7EE227AB0EE637AA7EEA67A07EE21
:103CEC00903AF8EEE77A8DED067AB0EE687AA7EEA8
:103CFC00C47A67EE867A77EEA77AE7EE037AB0EEAF
:103D0C00647AA7EEA67A8DED077AECE60000000047
:103D1C00CDCCCC3C00007F4300000043A9695B463E
:103D2C004A4604A80F68CDF800A03F68B847DDEDFF
:103D3C00057A9DF81010F4EEC97A9DF8112007EE63
:103D4C00101A9DF81230F1EE10FAB8EEC77A00F1A5
:103D5C00988278EEE76A38EEC77AB0EE685A76EE5B
:103D6C00A66AA6EEC75ADDED066A07EE102AF4EE37
:103D7C00C96AB8EEC77AF1EE10FA40F1928236EECB
:103D8C00A64A24EE074A9DED077A06EE103AB4EEE9
:103D9C00C97AB8EEC66AF1EE10FA40F1778277EE86
:103DAC00074A64EE864AB7EE006AD5ED1A5A96F8C1
:103DBC00B87036EE656A394666EE866A27EE067A84
:103DCC0067EE867AE5EE846AA5EEA47AE5EE857A4E
:103DDC00CDED066A8DED077ACDED057A83E6A969FE
:103DEC005B464A4604A80F68CDF800A03F68B84768
:103DFC00B7EE006AD5ED1A5AB0EE684ADDED056AE9
:103E0C0036EE656A9DED067ADDED077A78EEE63AD8
:103E1C009DF8103078EEC74A38EEE75A96F8B8702D
:103E2C0027EE067A67EE867A394666EE866A06EEE5
:103E3C00103A9DF81130B8EEC66A38EEC66AA3EE99
:103E4C00C64AB0EE686AE4EE256ACDED056A06EE68
:103E5C00903A9DF81230F8EEE66A78EEE66AA4EE37
:103E6C00E66AF0EE686AA6EE257A8DED067A07EE24
:103E7C00103AB8EEC77A38EEC77AE5EE476AE6EE46
:103E8C00A57ACDED077A2EE6A9695B464A4604A8C9
:103E9C000F68CDF800A03F68B8479DF810309DED35
:103EAC00054AF7EE007A07EE103AD5ED1A6ADDED09
:103EBC00064AB8EE477ADDED075A77EEE67A9DF8BA
:103ECC001130B4EE447A27EEA45A27EEA56AF1EE2F
:103EDC0010FA67EE847A48BFB0EE447AE6EE877A41
:103EEC00B0EE457ACDED057A07EE903A9DF812309A
:103EFC00F8EE677AF4EE647AF1EE10FA48BFF0EE61
:103F0C00647AA6EEA77A07EE903AF8EE677AF4EEAA
:103F1C00657A8DED067AF1EE10FA48BFF0EE657A0F
:103F2C00B0EE467A96F8B8703946A6EEA77A8DEDC3
:103F3C00077AD8E5A9695B464A4604A80F68CDF80C
:103F4C0000A03F68B8479DF81030F7EE007A9DED61
:103F5C00054A07EE103AD5ED1A6ADDED064AB8EEC1
:103F6C00477ADDED075A77EEE67A9DF81130B4EE1C
:103F7C00447A27EEA45A27EEA56AF1EE10FA67EE02
:103F8C00847A34FE077AE6EE877AB0EE457ACDED88
:103F9C00057A07EE903A9DF81230F8EE677AF4EE57
:103FAC00647AF1EE10FA74FEA77AA6EEA77A07EE01
:103FBC00903AF8EE677AF4EE657A8DED067AF1EECA
:103FCC0010FA75FEA77AABE7A9695B464A4604A8C6
:103FDC000F68CDF800A03F68B8479DF810309DEDF4
:103FEC00054AF7EE007A05EE903A95ED1A7A9DF8AF
:103FFC001130F8EEE55ADDED064A77EEC77A9DED05
:10400C00075A96F8B870C4EE253A394624EE276A5A
:10401C0067EEA46A67EE857AA3EE876A8DED056A72
:10402C0006EE103A9DF81230B8EEC66AC4EE865A07
:10403C00E7EE256ACDED066A06EE903AF8EEE66AF2
:10404C0085EE266AE7EE067ACDED077A4BE5A9698F
:10405C005B464A4604A80F68CDF800A03F68B847F5
:10406C009DF81030F7EE007AD5ED1A6A07EE103A8B
:10407C009DED054A9DF8113077EEE67ADDED064AA6
:10408C00B8EEC77A9DED075A96F8B87064EE275AC9
:10409C0027EE047A394627EEA46A67EE857AE7EEB6
:1040AC00265A07EE103A9DF81230B8EEC77A27EE72
:1040BC00247ACDED055AA6EE876A07EE103AB8EED3
:1040CC00C77A27EE057A8DED066AE6EE877ACDED96
:1040DC00077A08E5A9695B464A4604A80F68CDF83B
:1040EC0000A03F68B8479DF81030F7EE007AD5ED88
:1040FC001A6A04EE103ADDED055A9DF8113077EE90
:10410C00E67A9DED066AB8EEC44A9DED077A96F8FC
:10411C00B87065EEA74A75EEC45A394627EE865A32
:10412C0067EE877AE5EEA64A05EE903A9DF81230D6
:10413C00F8EEE55A36EE656AF0EE455ACDED054AD5
:10414C00E6EE865A06EE103AB8EEC66A37EE467AB6
:10415C00CDED065AE6EE877ACDED077AC3E4A96970
:10416C005B464A4604A80F68CDF800A03F68B847E4
:10417C009DF81030F7EE007AD5ED1A6A07EE103A7A
:10418C009DED054A9DF8113077EEE67ADDED064A95
:10419C00B8EEC77A9DED075A96F8B87064EE275AB8
:1041AC0037EE047A394627EEA46A67EE857AE7EE95
:1041BC00265A07EE103A9DF81230B8EEC77A37EE51
:1041CC00247ACDED055AA6EE876A07EE103AB8EEC2
:1041DC00C77A37EE057A8DED066AE6EE877ACDED75
:1041EC00077A80E4A9695B464A4604A80F68CDF8B3
:1041FC0000A03F68B8479DF8103095ED1A7A07EE8D
:10420C00903A9DF8113096F8B870F8EE677A394606
:10421C0067EE877ACDED057A07EE903A9DF812306D
:10422C00F8EE677A67EE877ACDED067A07EE903A6C
:10423C00F8EE677A67EE877ACDED077A53E4FCEEF9
:10424C00E77ACDED037A9DF80C3077E4B5EEC07AC1
:10425C00F1EE10FA0ED5002260E4F5EEC07AF1EE24
:10426C0010FA29D59DED067A0027DDED077A4CE48E
:10427C00B0EE677ABCEEC77A8DED037A9DF80C2010
:10428C004CE437EEA75A25EE075A6CE578EEC75A80
:10429C0038EEC66AF0EE684A75EEA55AE5EEC64AE7
:1042AC0081E538EEE66A38EEC77AB0EE684A36EE4B
:1042BC00066AA6EE474A66E5FCEEE77A9DED067ABD
:1042CC00CDED037ADDED077A9DF80C701DE400BF8F
:1042DC0030B583B0044601F24C51069D0095FFF7B2
:1042EC00BBFB204603B030BD10B4B0F84445B4B1AC
:1042FC0000F21A52002304E001331FFA83FC6445D8
:10430C000DD932F802CF8C45F6D1B1EE400A00EB54
:10431C004312F1EE600A82ED040AC2ED080A5DF860
:10432C00044B704710B4B0F84445A4B100F21A52D3
:10433C00002304E001331FFA83FC64450BD932F8E7
:10434C0002CF8C45F6D1DE335DF8044B50F82330A8
:10435C0093ED000A70479FED020A5DF8044B70471D
:10436C000000000010B4B0F84445ACB100F21A5291
:10437C00002304E001331FFA83FC64450CD932F8A6
:10438C0002CF8C45F6D103F597735DF8044B00EB27
:10439C00830090ED000A70479FED020A5DF8044B14
:1043AC00704700BF0000000010B5B0F844457CB168
:1043BC0000F21A5C002304E001331FFA83FE7445FB
:1043CC0006D93CF802EF8E45F6D1184480F8082542
:1043DC0010BD00BFB0F8443573B1013B00F55E7100
:1043EC0000F55D709BB201EB83010430D0F8F02036
:1043FC00036888421A60F8D1704700BF054B084625
:10440C0011461B7803F0FF020BB10EF00BBE1046E9
:10441C00704700BFF03C012000F5804C43F6C6739A
:10442C00BCF8402003443B2A2DE9F04112D8002A65
:10443C0000F07A85541E43F6C8751946A4B205449B
:10444C0005EB440502E0A94200F06E8531F8024FFD
:10445C00042CF8D11D469E46002104E001318CB29B
:10446C00A24240F2BA813EF8024F042CF6D100F57C
:10447C00405E03243B2A714481F88C4F40F2B0819A
:10448C00BCF84020002A00F08C851D469E46002179
:10449C0004E001318CB2A24240F27B813EF8024F23
:1044AC00032CF6D100F5405E00243B2A714481F8C0
:1044BC008C4F40F27181BCF84060002E00F06C858E
:1044CC001D461946002204E0013294B2A64240F285
:1044DC00968131F8024F022CF6D100F5405E032193
:1044EC003B2E724482F88C1F40F28C81BCF84050F9
:1044FC00002D00F047851E461946002204E00132CB
:10450C0094B2A54240F2578131F8024F012CF6D1FA
:10451C0000F5405E03213B2D724482F88C1F40F263
:10452C004D81BCF84060002E00F040851D461946B8
:10453C00002204E0013294B2A64240F2188131F814
:10454C00024F002CF6D100F5405E03213B2E724445
:10455C0082F88C1F40F20E81BCF84040002C00F019
:10456C0016851E461946002204E0013295B2AC4273
:10457C0040F2578131F802EFBEF1150FF5D100F57D
:10458C00405E03213B2C724482F88C1F40F26885FC
:10459C00BCF840601D461946002204E0013294B27A
:1045AC00B44280F07E8131F802EFBEF1140FF5D1E8
:1045BC0000F5405E03213B2E724482F88C1F40F2C2
:1045CC00FA84BCF840501E461946002204E0013221
:1045DC0094B2A54240F2A58131F802EFBEF1190F59
:1045EC00F5D100F5405E00213B2D724482F88C1F02
:1045FC0040F2EC84BCF840601D461946002204E0F1
:10460C00013294B2B44280F02C8131F802EFBEF149
:10461C00640FF5D100F5405E02213B2E724482F806
:10462C008C1F40F21285BCF840501E4619460022E1
:10463C0004E0013294B2A54240F2938131F802EFCA
:10464C00BEF1690FF5D100F5405E02213B2D72449D
:10465C0082F88C1F40F2C584BCF840601D46194698
:10466C00002204E0013294B2A64240F23A8131F8C1
:10467C0002EFBEF1660FF5D100F5405E02213B2E34
:10468C00724482F88C1F40F2D584BCF840501E4610
:10469C001946002204E0013294B2AC4280F08181D0
:1046AC0031F802EFBEF1670FF5D100F5405E022143
:1046BC003B2D724482F88C1F40F2A684BCF84060FB
:1046CC001D461946002204E0013294B2B44280F037
:1046DC00888131F802EFBEF1680FF5D100F5405E2C
:1046EC0002213B2E724482F88C1F40F29884BCF855
:1046FC0040501E461946002204E0013294B2AC42EE
:10470C0080F08E8131F802EFBEF16A0FF5D100F521
:10471C00405E02213B2D724482F88C1F40F26C8467
:10472C00BCF84040002203E0013291B2A14209D210
:10473C0033F8021F6B29F7D100F5405302211344C3
:10474C0083F88C1F00F5005292F8FD35012B09D827
:10475C004EF2786102EB830401330144C4F89415E2
:10476C0082F8FD35012380F8A932BDE8F0813C2E9A
:10477C003FF4F2AE4EF268670022074402E0A64214
:10478C0040F23D8235F8021F0132152994B2F6D160
:10479C00E2E63C2A3FF48FAE4EF238570021074434
:1047AC0002E0B24240F2D68135F8024F0131022CC0
:1047BC008EB2F6D17FE63C2D3FF4B3AE4EF21857D5
:1047CC000022074402E0AC4280F04482013236F809
:1047DC00021F94B20029F6D1A3E63C2A3FF450AE56
:1047EC004EF248570021074402E0B24240F2DD810C
:1047FC0035F8024F0131032C8EB2F6D140E63C2E37
:10480C003FF474AE4EF228570022074402E0A64251
:10481C0040F2488135F8021F0132012994B2F6D1D9
:10482C0064E64AF224224EF258673C2C02440744B8
:10483C000BD0002102E0744540F2398236F8025F59
:10484C000131142D1FFA81FEF5D1BCF84060002E09
:10485C007FF4A0AE44F28447012500F5405E174476
:10486C0054E24AF224224EF248673C2E024407449A
:10487C000BD0002102E0764540F29C8235F8024FC5
:10488C000131692C1FFA81FEF5D1BCF84050002D86
:10489C007FF4CBAE44F29437012600F5405E17440A
:1048AC00B9E24AF224224EF2A8673C2E0244074495
:1048BC000BD0002102E0B64580F0248235F8024F7F
:1048CC000131192C1FFA81FEF5D1BCF84050002D96
:1048DC007FF479AE44F21447012600F5405E17448C
:1048EC003FE24AF224224EF2A8573C2E02440744DF
:1048FC000BD0002102E0B64580F0BA8235F8024FA9
:10490C000131672C1FFA81FEF5D1BCF84050002D07
:10491C007FF4BDAE44F2D437012600F5405E174457
:10492C00D8E24AF224224EF238673C2D0244074466
:10493C000BD0002102E0AE4580F00F8236F8024F1A
:10494C000131642C1FFA81FEF5D1BCF84060002EB9
:10495C007FF452AE44F22447012500F5405E174423
:10496C002CE24AF224224EF2B8573C2D0244074462
:10497C000BD0002102E0754540F2498236F8024F17
:10498C000131662C1FFA81FEF5D1BCF84060002E77
:10499C007FF464AE44F28437012500F5405E174481
:1049AC006AE24AF224224EF2F8573C2D02440744A4
:1049BC000BD0002102E0AE4580F0888236F8024F21
:1049CC000131682C1FFA81FEF5D1BCF84060002E35
:1049DC007FF476AE44F2F437012500F5405E1744BF
:1049EC008FE04AF224224EF218673C2E0244074410
:1049FC000AD0002101E0B6457FD235F8024F0131D3
:104A0C006A2C1FFA81FEF6D1BCF84050002D7FF4C1
:104A1C0070AE44F27437012400F5405E174418E080
:104A2C004EF298573C2D074409D0002201E0AC42CD
:104A3C000BD236F8021F01326B2994B2F7D1BCF8B5
:104A4C004040002C7FF46EAE7CE66C1C00F5405EA2
:104A5C00A4B200EB85020026F7EE007A05EB4501C7
:104A6C0002F540520EEB45050EEB81014FF07C5EDA
:104A7C0002F6AC5801F60C01C8F8006002F69C680E
:104A8C00C8ED007AC2F8DC7A02F6CC3702F6BC42EA
:104A9C003E6016606B22A5F8C82FC1F800E0ACF898
:104AAC0040403FE6751CADB200EB860200F5405E5F
:104ABC0006EB4601002402F540520EEB46060EEBC7
:104ACC008101F7EE007A02F6AC5E01F60C01CEF82D
:104ADC00004002F69C6ECEED007AC2F8DC7A02F64B
:104AEC00CC3702F6BC423C6014600122A6F8C82FF9
:104AFC00DE4A0A60ACF84050FDE4751C00F5405EDF
:104B0C00ADB200EB86020024F7EE007A06EB46010C
:104B1C0002F540520EEB46060EEB81014FF07C5E27
:104B2C0002F6AC5801F60C01C8F8004002F69C687D
:104B3C00C8ED007AC2F8DC7A02F6CC3702F6BC4239
:104B4C003C6014606A22A6F8C82FC1F800E0ACF8EB
:104B5C004050CEE5561CB6B200EB820100F5405E2B
:104B6C0002EB4204002501F540510EEB42020EEB24
:104B7C008404F7EE007A01F6AC5E04F60C04CEF871
:104B8C00005001F69C6ECEED007AC1F8DC7A01F68D
:104B9C00CC3701F6BC413D600D600221A2F8C81F64
:104BAC00B24A2260ACF840608AE400EB8201002536
:104BBC00F7EE007A00F5405E01F5405102EB42043D
:104BCC0001F6AC560EEB84040EEB420E013235604E
:104BDC0001F69C6604F60C0492B2C6ED007A01F65E
:104BEC00CC36C1F8DC7A01F6BC4135600D6003218E
:104BFC00AEF8C81F9D492160ACF8402045E4741CF8
:104C0C00A4B200EB860200F5405E06EB46010025DF
:104C1C0002F540520EEB46060EEB8101F7EE007AE0
:104C2C0002F6AC5E01F60C01CEF8005002F69C6E5A
:104C3C00CEED007AC2F8DC7A02F6CC3702F6BC4232
:104C4C003D6015601522A6F8C82F884A0A60ACF89A
:104C5C00404086E46E1CB6B200EB850200F5405E67
:104C6C0005EB450105F5F46502F5405200240EEB09
:104C7C008101F7EE007A0EEB450502F6AC5E01F60B
:104C8C000C01CEF8004002F69C6ECEED007AC2F814
:104C9C00DC7A02F6CC3702F6BC423C60146000228F
:104CAC00A5F88820714A0A60ACF840603EE4661CA6
:104CBC00B6B200EB840200F5405E04EB4401002523
:104CCC0002F540520EEB44040EEB8101F7EE007A34
:104CDC0002F6AC5E01F60C01CEF8005002F69C6EAA
:104CEC00CEED007AC2F8DC7A02F6CC3702F6BC4282
:104CFC003D6015601422A4F8C82F5C4A0A60ACF819
:104D0C00406047E4751C00F5405EADB200EB8602D6
:104D1C00F7EE007A06EB4601002402F540520EEB4A
:104D2C0046060EEB810102F6AC5E01F60C01CEEDEF
:104D3C00007A02F69C6ECEF80040C2F8DC7A02F6DD
:104D4C00CC3702F6BC423C6014601922A6F8C82F7E
:104D5C00464A0A60ACF8405035E46E1C00F5405EE3
:104D6C00B6B200EB85020024F7EE007A05EB4501A4
:104D7C0002F540520EEB45050EEB81014FF07C5EC7
:104D8C0002F6AC5801F60C01C8F8004002F69C681B
:104D9C00C8ED007AC2F8DC7A02F6CC3702F6BC42D7
:104DAC003C6014606422A5F8C82FC1F800E0ACF890
:104DBC00406021E4751C00F5405EADB200EB86024C
:104DCC000024F7EE007A06EB460102F540520EEB9A
:104DDC0046060EEB81014FF07C5E02F6AC5801F6F4
:104DEC000C01C8F8004002F69C68C8ED007AC2F8C5
:104DFC00DC7A02F6CC3702F6BC423C6014606922C5
:104E0C00A6F8C82FC1F800E0ACF840500DE46E1CB9
:104E1C0000F5405EB6B200EB85020024F7EE007A96
:104E2C0005EB450102F540520EEB45050EEB8101F9
:104E3C004FF07C5E02F6AC5801F60C01C8F800404D
:104E4C0002F69C68C8ED007AC2F8DC7A02F6CC3720
:104E5C0002F6BC423C6014606622A5F8C82FC1F86B
:104E6C0000E0ACF84060FFF7F9BB00BF8988883DD3
:104E7C00751C00F5405EADB200EB86020024F7EE27
:104E8C00007A06EB460102F540520EEB46060EEB9D
:104E9C0081014FF07C5E02F6AC5801F60C01C8F8AB
:104EAC00004002F69C68C8ED007AC2F8DC7A02F683
:104EBC00CC3702F6BC423C6014606722A6F8C82FBF
:104ECC00C1F800E0ACF84050FFF7E1BB6E1C00F5F8
:104EDC00405EB6B200EB85020024F7EE007A05EBDB
:104EEC00450102F540520EEB45050EEB81014FF0EA
:104EFC007C5E02F6AC5801F60C01C8F8004002F6D4
:104F0C009C68C8ED007AC2F8DC7A02F6CC3702F65F
:104F1C00BC423C6014606822A5F8C82FC1F800E0C0
:104F2C00ACF84060FFF7CCBB00EB820100254EF2E1
:104F3C005856F7EE007A01F5405100F5405E0644F4
:104F4C0002EB420401F6AC570EEB84043D6001F613
:104F5C009C670EEB420E0132C7ED007A04F60C048E
:104F6C00C1F8DC6A01F6CC3601F6BC4192B2356070
:104F7C000D600421AEF8C81F3D492160ACF84020FB
:104F8C00FFF768BA4EF218570126074464E64EF252
:104F9C005867012607448CE64EF228570125074432
:104FAC0082E54EF2385701260744D5E54EF2686784
:104FBC000124074425E64AF224224EF2A867024453
:104FCC000744002E7FF475AC01259FE64AF224229B
:104FDC004EF2386702440744002D7FF4AAAC012638
:104FEC00BFE64AF224224EF2B85702440744002D81
:104FFC007FF4BFAC01260EE74EF298570744002D04
:10500C007FF413AD012424E54AF224224EF2F85722
:10501C0002440744002D7FF4CCAC01265AE74AF237
:10502C0024224EF2186702440744002E7FF4E1ACB0
:10503C00012566E54AF224224EF2A85702440744A1
:10504C00002E7FF456AC012516E74AF224224EF2CC
:10505C00486702440744002E7FF40BAC0125ADE6F3
:10506C004AF224224EF2586702440744FFF7E1BB90
:10507C008988883D30B50B688DB00C4605461B6899
:10508C00684698476468F7EE007A9FED4F7AD4ED46
:10509C00005A94ED015A75EEE77AF0EEE77AF4EEE9
:1050AC00C77AF1EE10FA72D5F0EEC57AD4ED024A59
:1050BC00F4EEC77AF1EE10FA6CD494ED034AD4ED09
:1050CC00057AD4ED042A25EE676A94ED063A67EE6C
:1050DC00A56AD4ED073A24EE677A67EEA47AA2EEBD
:1050EC00A56AE2EE856AA2EEA47AE2EE847AA3EED9
:1050FC00646AE3EE046AA3EE257AE3EE457AA3EE46
:10510C00C46AE3EEE46AA3EE857AE3EEA57A8DED4C
:10511C00086ACDED096A8DED0A7ACDED0B7A94ED26
:10512C000C5A02A894ED0B6A05AADDED016A08A9D8
:10513C00D4ED0D7A9DED007A66EE856ADFED235A8B
:10514C0027EE067A67EEA57ACDED066A8DED057A27
:10515C00CDED077A0AF0A8F994ED095A2846D4ED5A
:10516C000A5A94ED086ADDED036A9DED047ADDEDD3
:10517C00027A76EE856A37EE257A77EE867AC5ED79
:10518C00016A85ED027AC5ED007A0DB030BDD4ED23
:10519C00024A92E7F0EEE47A94ED034AF4EEC77A11
:1051AC00F1EE10FA8BD5F0EEC47AF4EEC77AF1EE8C
:1051BC0010FA84D563692169A2690993E36908919E
:1051CC000A920B93ABE700BF6F12833A000000000A
:1051DC0030B50B688DB00C4605465B686846984741
:1051EC006468F7EE007A9FED4F7AD4ED005A94ED97
:1051FC00015A75EEE77AF0EEE77AF4EEC77AF1EE43
:10520C0010FA72D5F0EEC57AD4ED024AF4EEC77AF4
:10521C00F1EE10FA6CD494ED034AD4ED057AD4ED8A
:10522C00042A25EE676A94ED063A67EEA56AD4ED7A
:10523C00073A24EE677A67EEA47AA2EEA56AE2EE4C
:10524C00856AA2EEA47AE2EE847AA3EE646AE3EEB7
:10525C00046AA3EE257AE3EE457AA3EEC46AE3EE84
:10526C00E46AA3EE857AE3EEA57A8DED086ACDEDBE
:10527C00096A8DED0A7ACDED0B7A94ED0C5A02A8E1
:10528C0094ED0B6A05AADDED016A08A9D4ED0D7A3F
:10529C009DED007A66EE856ADFED235A27EE067ADD
:1052AC0067EEA57ACDED066A8DED057ACDED077A20
:1052BC000AF0FAF894ED095A2846D4ED0A5A94EDFE
:1052CC00086ADDED036A9DED047ADDED027A76EE77
:1052DC00856A37EE257A77EE867AC5ED016A85ED1B
:1052EC00027AC5ED007A0DB030BDD4ED024A92E7DA
:1052FC00F0EEE47A94ED034AF4EEC77AF1EE10FA8C
:10530C008BD5F0EEC47AF4EEC77AF1EE10FA84D5B0
:10531C0063692169A2690993E36908910A920B9365
:10532C00ABE700BF6F12833A0000000010B50446D3
:10533C0020F03EFF204610BD10B5044620F038FF8B
:10534C00204610BD10B5044620F032FF204610BD9B
:10535C0010B5044620F02CFF204610BD10B50446B5
:10536C0020F026FF204610BD2DE9F04F00F58056A9
:10537C00834696F85E3F2DED0E8B85B0002B40F0EA
:10538C00238100F68652DFEDA8DA9FEDA8BACDE9AD
:10539C000023019A95B2002B40F0CF809BF8083087
:1053AC00002B40F0F780DBF8043003EBC203D3EDA5
:1053BC00009A93ED019A4FF0FF37B7EE00EAB0EE8A
:1053CC006DDA0024B0EE6DCAB846F0EE6DCABA467E
:1053DC00F0EE6DBAB94649E09BF80830002B40F06E
:1053EC00BB80DBF8043003EBC40393ED00AAD3EDD0
:1053FC0001AA79EECA8A39EE6A8A28EE080AA8EE62
:10540C00A80AB5EE400AF1EE10FA00F1D880F1EEE0
:10541C00C07AF0EEE88AF4EECE8AF1EE10FA0CD5F2
:10542C00F4EEC9AAF1EE10FA3EDDF4EEEB7AF1EEF1
:10543C0010FA39D5F0EE67BAA146B0EEC88AB4EED0
:10544C00CE8AF1EE10FA0CD5B4EEE9AAF1EE10FA10
:10545C0038D5F4EECC7AF1EE10FA33D5B0EE67CA4B
:10546C00A046013440F23B239C423DD0A2B295426F
:10547C00F7D096F85E3F002BAED09BF80830002B8F
:10548C0074D1DBF80030594602A89B689847DDEDD3
:10549C00029AF0EE4BAA9DED039AB0EE4BAAF0EEF9
:1054AC00698AB0EE498AA8E7F4EEC9AAF1EE10FABF
:1054BC00C3D5F4EEEC7AF1EE10FABED5F0EE67CA75
:1054CC00A246BAE7B4EEE9AAF1EE10FAC9DDF4EEA1
:1054DC00CD7AF1EE10FAC4D5274640F23B230134C5
:1054EC00B0EE67DA9C42C1D1B9F1FF3F02D0009B0C
:1054FC00A3F80090BAF1FF3F02D0009BA3F876A46A
:10550C00B8F1FF3F02D0009BA3F8EC88019A781CFD
:10551C0040F23B23009902F10102019231D0A1F833
:10552C00627D9A4201F1020100912ED0019A96F807
:10553C005E3F95B2002B3FF431AF9BF808309BBB1C
:10554C00DBF800302A46594602A89B689847DDEDE7
:10555C00029A9DED039A2EE7C4EB447141F2D012EE
:10556C00DBF8043002EBC10213443EE740F23A216F
:10557C00DBF8003002A8891A9B688AB25946984712
:10558C0085E702319A420091D0D105B0BDEC0E8B6B
:10559C00BDE8F08FC2EB427041F2D012DBF8043060
:1055AC0002EBC002134402E740F23A22DBF800306F
:1055BC00594602A8521B9B6892B29847C7E71EF047
:1055CC0097FAF0EE407A24E7B6F8604F00F6865171
:1055DC00002340F2392EC4EBC43622464FEA44096C
:1055EC0040F23A287600B6B27245A2EB090506EBFA
:1055FC00020C03F1FF37D8BF0A80012DB3FBF4F086
:10560C0004FB1030C8BFA1F876C418B1012B01DD22
:10561C00A1F8EC78434502F1010203F10103B4D087
:10562C00A1F8623D0231DFE7FFFF7F7F0000000041
:10563C00DFED917A2DE9F04F2DED028B60EE278A8C
:10564C0089B007EE903A984600910446B0EE680A8D
:10565C000592B8EEE78A1EF06BFEF0EE407AB0EEE3
:10566C00680A68EE277AFDEEE77ACDED037A1EF034
:10567C005BFD28EE000A0099B8F1000FADF81E1082
:10568C00FDEEC07ACDED047A40F3C6800023039A78
:10569C00DFF8E89100929B461F461A46CDED027A40
:1056AC000193D51A002DB8BF6D429A422DD000F34C
:1056BC00B5802ADA0026DFF8C8A12368DB6A5345D7
:1056CC0040F09B8001F6FC014FF6FF7304EB4101A7
:1056DC0089889942ADF81E100DD00136B54202D121
:1056EC0013E0B5420FDD01F6FC01013604EB41017C
:1056FC0089889942F5D10020059B198009B0BDEC31
:10570C00028BBDE8F08FADF81E100137B84500F0E4
:10571C008380009B93FBF8FAAAEB0B06002EB8BF14
:10572C007642DA454CD021DC4ADA0025DFF854B158
:10573C0023681B6B5B4554D101F638314FF6FF7370
:10574C0004EB410149889942ADF81E10D3D00135C4
:10575C00AE4202D134E0AE4240DD01F638310135C3
:10576C0004EB410149889942F5D1C4E70025DFF8E3
:10577C0018B123685B6B5B4517D101F674514FF67A
:10578C00FF7334F811109942ADF81E10B3D00135E7
:10579C00B54202D114E0AE4220DD01F67451013560
:1057AC0034F811109942F6D1A5E70DF11E022046EE
:1057BC000135984700285BD0B542BDF81E10D8D1F2
:1057CC00DDE900230398D346049D0244029800921D
:1057DC0090FBF8F22844CDE9012062E7ADF81E10E9
:1057EC00EEE70DF11E0220460135984700283FD008
:1057FC00AE42BDF81E109BD1E2E70DF11E02204611
:10580C0001369847A0B3B542BDF81E107FF455AFD2
:10581C000137B8457FF47DAF01206DE70026236882
:10582C009B6A4B4519D104EB41014FF6FF73B1F85C
:10583C00861D9942ADF81E103FF45DAF0136AE42A5
:10584C0003D162E7AE42BFF65EAF04EB4101013615
:10585C00B1F8861D9942F5D14DE70DF11E02204697
:10586C000136984720B1AE42BDF81E10D7D14CE797
:10587C00BDF81E1000203FE735FA8E3CB106000043
:10588C00C9060000E50600000107000008B51CF081
:10589C00B1FBBDE808401CF095BD00BF2DE9F04FF1
:1058AC00437D87B00290002B00F0B881029B1B7DDA
:1058BC00002B00F0D481029BB54CDB681B68186888
:1058CC0002689269A24240F0F581D0F820905868A5
:1058DC0003689B69A34240F0EA81D0F8208009F16B
:1058EC0024034FF0000B08F12402AA4E9A460593AC
:1058FC00A94F4346D846D34601921A681FFA88F13D
:10590C001269B24240F0EA800198029CB24290F8CF
:10591C0000A094F810C045781AFB0CFA15FB0CF596
:10592C00A7FB0A4A8478A7FB050514FB0CF4CAF301
:10593C00C71AC5F3C715A7FB0404C4F3C71440F07A
:10594C00E080019880F800A045708470D9F80020A0
:10595C001269B24240F0CB805846029CB24290F899
:10596C0000A094F810C045781AFB0CFA15FB0CF546
:10597C00A7FB0A4A8478A7FB050514FB0CF4CAF3B1
:10598C00C71AC5F3C715A7FB0404C4F3C71440F02A
:10599C008A80019A08F101088BF800A00BF1030B27
:1059AC0003320BF8025C0BF8014C019240F23B22E3
:1059BC009045A2D1002498464FF0010AA3F2EA3593
:1059CC00B4F5AD7F059FD8F80030CDF804A036D2E1
:1059DC001B6904F5AD6BB34240F0B98095F8B13654
:1059EC0095F8B2A605F2B1604FEA0A2A81785846BA
:1059FC0004F2C26B4AEA034A4AEA01011BF024F999
:105A0C00D9F800301B69B34240F082803B7897F89C
:105A1C0001A038464FEA0A2A817858464AEA034AD6
:105A2C004AEA01011BF010F9019B013403370335DD
:105A3C000133B4F5AD7F0193D8F80030C8D31B699E
:105A4C0004F2C26BB34240F0C8802B7895F801A0E9
:105A5C0028464FEA0A2A8178584604F61C0B4AEA73
:105A6C00034A4AEA01011BF0EFF8D9F800301B6930
:105A7C00B34240F093803B7897F801A038464FEA48
:105A8C000A2A817858464AEA034A4AEA01011BF07D
:105A9C00DBF8019B40F23B229342C5D107B0BDE835
:105AAC00F04F1CF08FBC03934846019B08F1010892
:105ABC000BF1030B03330193904740F23B2380F827
:105ACC0000A098454570039B84703FF473AF1A682F
:105ADC001FFA88F11269B2423FF416AF18460491CE
:105AEC0003939047039B04991A6812690DE7CDE95B
:105AFC00031348469047D9F80020DDE903131269D7
:105B0C002BE71846049103939047DDE9033119E71D
:105B1C00A1B2484602919847D9F80020037812693F
:105B2C000299B2423FF473AF4846CDE90213904755
:105B3C00D9F8002090F801A01269B242DDE90213F5
:105B4C003FF467AF029348469047029B62E704F12B
:105B5C00E101404689B202919847D8F800200378B9
:105B6C0012690299B2423FF43BAF4046CDE90213B1
:105B7C009047D8F8002090F801A01269B242DDE9F4
:105B8C0002133FF42FAF029340469047029B2BE742
:105B9C00B1040000E505000081808080A1B2484678
:105BAC0002919847D9F80020037812690299B24201
:105BBC003FF462AF4846CDE902139047D9F8002074
:105BCC0090F801A01269B242DDE902133FF456AF1E
:105BDC00029348469047029B51E7A4F5AD714046AD
:105BEC0089B202919847D8F800200378126902997B
:105BFC00B2423FF42BAF4046CDE902139047D8F8A0
:105C0C00002090F801A01269B242DDE902133FF4C2
:105C1C001FAF029340469047029B1AE74B4B01245F
:105C2C001A1D447552E8001F9868DD6842E800416F
:105C3C000029F7D1464A52681969531B4FF47A72FE
:105C4C00A3FB0131029B02FB00F0914294BF401870
:105C5C0080189860029B1B7D002B7FF42CAE3B4B75
:105C6C0001241A1D52E8001F9868DD6842E80041C3
:105C7C000029F7D136494968491B1D69A1FB051557
:105C8C004FF47A7101FB00F08D4294BF401940181B
:105C9C00029DD5E901152944814211D8029A137D40
:105CAC00002B7FF408AE538A1475138203E69847D1
:105CBC00804614E69047029B8146DB681B6806E62B
:105CCC00012552E8001F9968DC6842E80050002862
:105CDC00F7D11F484068001B1C690125A0FB040478
:105CEC004FF47A7000FB01F1844294BF0919091832
:105CFC00029CA068091AA07C00FB01F16068B1FB52
:105D0C00F0F1217452E8001F9968DC6842E80050F9
:105D1C000028F7D10E4A52681869131B4FF47A7297
:105D2C00029CA3FB003002FB01F3A268E17CB0F5FE
:105D3C007A7F94BF1B1803F57A739B1A626801FB78
:105D4C0003F3B3FBF2F36374B5E500BFF03C012041
:105D5C00001000E02DE9F843B0F844352DED088B28
:105D6C00002B00F0E180013B00F55F77804600F5E9
:105D7C005E749BB29FED6EBA00F20756054607EBB8
:105D8C008307DFED6CAA9FED6CAA0FE0002B00F0EF
:105D9C00B580236883ED008AD4F8F030043408F120
:105DAC000C082035A742E36400F0BE8094ED146A21
:105DBC00F6EE006AD8EDA37AD8EDA25A36EE677AE1
:105DCC0065EEA66AB0EEC77AF4EEC76AF1EE10FA89
:105DDC0015DC98EDA47A77EE876AB4EEE66AF1EEFC
:105DEC0010FA4DDD77EEA57AB7EE007AF4EEC77AAD
:105DFC00F1EE10FA58BFF0EE477AC8EDA37AD4ED65
:105E0C003C8A94ED509AC4ED287A77EEE87A79EED4
:105E1C00689A16F8013F012B87EEA98A38EE0B8A97
:105E2C0041D0032BB2D1D5ED037A236836EE677AD5
:105E3C00B0EEC77AB4EEEA7AF1EE10FA1DD4D5EDD5
:105E4C00026AB5EE005A95ED047AD5ED085A27EEA4
:105E5C00877A66EEA55A85ED057A37EE257AC5ED7B
:105E6C00065A37EE067AE7EE056A85ED077AE6EE16
:105E7C00857AC5ED026AC5ED037AC3ED007A8BE72E
:105E8C0037EEC77AB4EEC76AF1EE10FAB7D577EEF3
:105E9C00E57AF5EEC07AF1EE10FAD8BFDFED247A90
:105EAC00C8EDA37AABE7F2EE047AD4F80090B7EE23
:105EBC00000AA8EE270A1DF0EBFDF3EE007AB0EE17
:105ECC00409A69EE889A28EE270A1EF02DF9F0EE1A
:105EDC00006AF8EE007AB5EE007AE8EE267A67EE04
:105EEC00A77A67EE807A67EE877AA7EE879AC9EE73
:105EFC00897A77EEA87AC9ED007A4DE728EE0A0A7E
:105F0C001EF016FAF7EE007AB6EE007A236837EE3A
:105F1C00C00A20EE070A77EEC07A29EE009AA8EEA6
:105F2C00A79A83ED009A37E7BDEC088BBDE8F883A0
:105F3C00000000000AD7233CDB0F49402DE9F84351
:105F4C00B0F8BC3F2DED088B002B00F0E280013B3C
:105F5C0000F65C2700F6582400F5F1659BB200F6BC
:105F6C00077806469FED6DBADFED6DAA07EB830748
:105F7C009FED6CAA0FE0002B00F0B580236883ED39
:105F8C00008AD4F8D03204340C352036A742C4F839
:105F9C00EC3000F0BE8094ED3C6AF6EE006AD5ED74
:105FAC00017AD5ED005A36EE677A65EEA66AB0EE48
:105FBC00C77AF4EEC76AF1EE10FA15DC95ED027AA9
:105FCC0077EE876AB4EEE66AF1EE10FA4DDD77EE05
:105FDC00A57AB7EE007AF4EEC77AF1EE10FA58BF54
:105FEC00F0EE477AC5ED017AD4EDB48A94EDF09ACF
:105FFC00C4ED787A77EEE87A79EE689A18F8013F72
:10600C00012B87EEA98A38EE0B8A41D0032BB2D133
:10601C00D6ED037A236836EE677AB0EEC77AB4EE23
:10602C00EA7AF1EE10FA1DD4D6ED026AB5EE005AFA
:10603C0096ED047AD6ED085A27EE877A66EEA55AC5
:10604C0086ED057A37EE257AC6ED065A37EE067AD6
:10605C00E7EE056A86ED077AE6EE857AC6ED026A0A
:10606C00C6ED037AC3ED007A8BE737EEC77AB4EE50
:10607C00C76AF1EE10FAB7D577EEE57AF5EEC07A8D
:10608C00F1EE10FAD8BFDFED257AC5ED017AABE75A
:10609C00F2EE047AD4F80090B7EE000AA8EE270AC4
:1060AC001DF0F6FCF3EE007AB0EE409A69EE889A99
:1060BC0028EE270A1EF038F8F0EE006AF8EE007AA7
:1060CC00B5EE007AE8EE267A67EEA77A67EE807A6C
:1060DC0067EE877AA7EE879AC9EE897A77EEA87A67
:1060EC00C9ED007A4DE728EE0A0A1EF021F9F7EE09
:1060FC00007AB6EE007A236837EEC00A20EE070A63
:10610C0077EEC07A29EE009AA8EEA79A83ED009A52
:10611C0037E7BDEC088BBDE8F88300BF000000003A
:10612C000AD7233CDB0F49402DE9F041B0F8BC7F86
:10613C002DED088BC7B3013F00F60873F2EE04AAED
:10614C00064600F6582400F607759FED39BA13FA87
:10615C0087F79FED38AA0AE0002B52D02368C3EDD5
:10616C00007AAF4204F1040406F120061CD0D4EDF1
:10617C00B48A94EDF09AD4ED787A79EE689A15F8A1
:10618C00013F37EEE87A012B87EE298A38EE0B8A2D
:10619C000ED0032BE0D1F268AF42236806F1200643
:1061AC0004F104041A60E2D1BDEC088BBDE8F08167
:1061BC00B7EE000AD4F80080A8EE2A0A1DF068FC9D
:1061CC00F3EE007AB0EE409A69EE889A28EE270A30
:1061DC001DF0AAFFF0EE006AF8EE007AB5EE007A38
:1061EC00E8EE267A67EEA77A67EE807A67EE877A12
:1061FC00A7EE879AC9EE897A77EEA87AC8ED007A6D
:10620C00AFE728EE0A0A1EF093F8F7EE007AB6EE26
:10621C00007A236837EEC00A20EE070A77EEC07AC0
:10622C0029EE009AA8EEA79A83ED009A99E700BF91
:10623C0000000000DB0F49402DE9F041B0F8447537
:10624C002DED088BC7B3013F00F5A163F2EE04AA54
:10625C00064600F55E7400F207559FED39BA13FA45
:10626C0087F79FED38AA0AE0002B52D02368C3EDC4
:10627C00007AAF4204F1040406F120061CD0D4EDE0
:10628C003C8A94ED509AD4ED287A79EE689A15F8F8
:10629C00013F37EEE87A012B87EE298A38EE0B8A1C
:1062AC000ED0032BE0D1F268AF42236806F1200632
:1062BC0004F104041A60E2D1BDEC088BBDE8F08156
:1062CC00B7EE000AD4F80080A8EE2A0A1DF0E0FB15
:1062DC00F3EE007AB0EE409A69EE889A28EE270A1F
:1062EC001DF022FFF0EE006AF8EE007AB5EE007AAF
:1062FC00E8EE267A67EEA77A67EE807A67EE877A01
:10630C00A7EE879AC9EE897A77EEA87AC8ED007A5B
:10631C00AFE728EE0A0A1EF00BF8F7EE007AB6EE9D
:10632C00007A236837EEC00A20EE070A77EEC07AAF
:10633C0029EE009AA8EEA79A83ED009A99E700BF80
:10634C0000000000DB0F49402DE9F04F83468068C8
:10635C00B34A8DB003681B68934240F0AE841BF0C7
:10636C0049FE1CF02FF8AF4D0024AF490122AB6A57
:10637C0005201C619964AD495A6299624FF4303121
:10638C00A882D9624FF00111986C186505F11800BC
:10639C001C6299651A611FF01FFF1FF029FF1FF087
:1063AC001FFF722240F2011305F1180085F8BD2081
:1063BC00A5F847311BF002F9002800F02582AB6AE2
:1063CC000026052298491E61A5F8722101229964C4
:1063DC0096495A6299624FF4303185F87041D9620E
:1063EC004FF00111986C18651E62914899651A61FD
:1063FC001FF0F2FE1FF0FCFE1FF0F2FE722240F2C4
:10640C0001138B4885F8BD20A5F847311BF0D6F851
:10641C00002800F0BE8130464FF40062002185F860
:10642C007801002683481EF099FDAB6A7E4A1E61F6
:10643C007E499A6401225A6299624FF43031D962D2
:10644C004FF00111986C18651E62794899651A61B4
:10645C001FF0C2FE1FF0CCFE1FF0C2FE782240F2ED
:10646C000113734885F8BD20A5F847311BF0A6F839
:10647C000446002800F049820BF5804484F8306112
:10648C00AA680BF50053C4F8442193F81037272B56
:10649C000ED8694A190102EB03135158D8684A689F
:1064AC0002434A6038219A685B68116015221A60B1
:1064BC0062499BF8BC32624A272B85F8E8390A609E
:1064CC00604A4A600FD85C4A18013827152402EB41
:1064DC0003131058DE68426822EA060242609A688A
:1064EC005B6817601C605848584C426C436C466C97
:1064FC00224003F0030306F0E00632430026134368
:10650C0043F44673436400F58040A5F8EA69426C95
:10651C00436C2240446C03F0030385F8F46904F0E7
:10652C00E004A5F8F6692243494C134340F6B73210
:10653C0043F4467343644FF4FA5346480B811023DB
:10654C004549A5F8F0391CF049FB9BF8BE32434A8B
:10655C00039385F8F839424B84F8D8611846414EBC
:10656C009A609A624FF03F4240F8406F5E66344E3C
:10657C009A639A6103F148029E6603F5DE739BF8F9
:10658C00BD12C5F8543AD4F8D43127294660936229
:10659C00D4F8D03153624FF0C803A5F8B43B0FD8F0
:1065AC00254B0A01304F1525985803EB011342680F
:1065BC00DE6822EA060242609A685B6817601D601A
:1065CC004FF4FA73002694F8DC714FF6FF7EDFF877
:1065DC009C80F0B2DFF8989084F8D911A4F8DA31E5
:1065EC00002F53D0BA46B30800F0030509EB96020E
:1065FC004FF0FF0C04EB4303B3F8F0111303490005
:10660C0001EB0231B1EB023F34D91A8802335FFA45
:10661C0082FB5D4508BF4FEA122C9942F5D829E060
:10662C008D2F0000F03C01203B372819B80B0505D5
:10663C00083D01206C3E0120381D002078430020CD
:10664C00000048420000F04200400C4000FCFFFFFC
:10665C00E84D0120844300200D050100000080BF9F
:10666C00EC4601200000434538F00100C84F0120E2
:10667C00F001060001300C2E08F801CBC5B242D057
:10668C00013627BB5746F0B2002FABD1DFF810C351
:10669C00BB490CF11E0A0A46002501F5805103E0A6
:1066AC008B421FFA8BF507D2134605F1010B33F819
:1066BC00022B72451A46F3D12CF8025FD445EAD16D
:1066CC004FF001034FF0010A84F8DC318BE76F1EA9
:1066DC00AC4BDFF8D0C21F44AB0805F003060CEB43
:1066EC00950104EB43030A03B3F8F0315B0003EBB1
:1066FC000133B3EB013F01F24681FF20013507F86E
:10670C00010F0D2DE8D1A04BB4F8F60103EB4000BE
:10671C00984240F2A280FF251A880233D1B2022996
:10672C0008BF150A9842F7D1FF2D00F096800A2376
:10673C000221039845F6BF5284F8113284F81002F6
:10674C0084F8123284F8131284F8143284F8151277
:10675C0084F8161284F8173284F8183284F8193237
:10676C0084F81A3284F81B3284F81C328749884822
:10677C001CF034FA002294F8653284F81D222BB9EF
:10678C00844A0123C4F8282284F865320DB0BDE890
:10679C00F08FD5F8740108B11FF00AFD10207E4F60
:1067AC001FF0FEFC52230026044603702023476092
:1067BC00C360C5F87401067238461FF00DFD2378CE
:1067CC0038465B0085F8BD300123237240F201147A
:1067DC00A5F847411AF0F2FE00287FF41CAED5F85C
:1067EC0074310B900593062306908DF8260005A8AE
:1067FC00ADF82440ADF8223010F006F8A0F1C2003C
:10680C00B0FA80F0400907E6D5F8580108B11FF03E
:10681C00CFFC1020604F1FF0C3FC392306464760A5
:10682C0003700023C5F85801012403722023C360B0
:10683C0038461FF0D1FC337834723846A34085F8C3
:10684C00BD3040F20113A5F847311AF0B7FE0646E9
:10685C00002800F0F1840024B1E5002501264FF05A
:10686C00030805272946284684F8E0510CF0D2F895
:10687C004146304684F8E1810CF0CCF839460220D0
:10688C0084F8E2710CF0C6F84046314684F8E361B6
:10689C000CF0C0F83946042084F8E4710CF0BAF816
:1068AC003846314684F8E5610CF0B4F831460620E0
:1068BC0084F8E6610CF0AEF80721084684F8E7117D
:1068CC000CF0A8F82946082084F8E8510CF0A2F83E
:1068DC002946092084F8E9510CF09CF829460A2035
:1068EC0084F8EA510CF096F829460B2084F8EB5109
:1068FC000CF090F829460C2084F8EC510CF08AF836
:10690C0029460E200CF086F811E7D5F8A809B5F940
:10691C008629002800F0EC85D31D48BF02F10E0338
:10692C00B5F98429DB1003FB02F200211EF016FBE3
:10693C00B5F98639B5F98419202B40F3C181A3F13F
:10694C004006B1F152024FF0000836B248BFA1F137
:10695C005102002E4FEA6202B8BF013693B2761094
:10696C00039300230D491FFA86FE039A9E4201EB06
:10697C000807B4BF4FF0000A4FF0010A50461CE064
:10698C0000001F60C84F012000301F60750301001C
:10699C008C4300205C500120083D0120901E0060BB
:1069AC00D64F0120F00106006400E4B221060DD49C
:1069BC0001330132522B92B245D013F0070F19B2AA
:1069CC00F2D107EBE1010C7A2106F1D511B20029C5
:1069DC00EEDBB5F988C98C45EADD0028E8D0B5F9BD
:1069EC008AC9B445E4DD95F896C9BCF1020F00F0F4
:1069FC00AE85BCF1030F00F09B85BCF1010F00F0DC
:106A0C008C85B5F984A9F146B446BCF1000F03F1AD
:106A1C00010302F10102B8BF0CF1070C522B92B228
:106A2C004FEAEC0C1CFB0A1109F0070C4FF00109A2
:106A3C0009FA0CFCD5F8A89919F801A04CEA0A0C33
:106A4C0009F801C0B9D108F10B080EF10106B8F52F
:106A5C00307F36B285D10223D5F8A44985F8AD39FB
:106A6C00002C00F0C7813C23204685F8AC391FF080
:106A7C00B3FB95F9B339002B80F20683D5F8D41902
:106A8C0000229F48236981421A6100F2AC869D491D
:106A9C00012299645A624FF430329B499962DA624E
:106AAC00996C002219654FF001111A620122996547
:106ABC001A6196481AF014FEB5F8861994480139F3
:106ACC00C9B20FF09FFB93481AF00AFE95F9AD3945
:106ADC008F48012B0CBF102114210FF093FB8E4813
:106AEC001AF0FEFDD5F884398C4A8F21934285F833
:106AFC00DC190CD002F50012934200F06986884A2A
:106B0C00934200F0E486874A934200F0D586022433
:106B1C007F48DA210FF076FB21467D480FF072FB9F
:106B2C0081217B480FF06EFB95F8DC1978480FF04B
:106B3C0069FBD92176480FF065FB95F9AD3974489E
:106B4C00012B0CBF2221F1210FF05CFBD5F8A4091D
:106B5C00002800F0408540F2011295F8AC39724ED5
:106B6C005B00A0F82F21026880F8A5301368B342AF
:106B7C0040F08986B0F830312BB1022380F82F31E8
:106B8C00002380F8A630DFF8ACA101244FF00209F5
:106B9C000AF10607A04617E00134A4B203681AF8FC
:106BAC00011C1B68B34240F02181B0F830313BB17D
:106BBC0090F82F31882B2DD9C0F80480D5F8A40972
:106BCC000AF1010ABA4531D0882CE5D11AF0F6FC4D
:106BDC0095F8AC39D5F8A4095B00026880F8A530AB
:106BEC0040F20113A0F82F311368B34240F0EC844B
:106BFC00B0F83031002B00F01983002380F82F916E
:106C0C00022480F8A63013681AF8011CB34240F035
:106C1C00ED8023460AF1010AC2180133BA4580F807
:106C2C002F31D5F8A40982F8A510CDD11AF0C6FCE5
:106C3C00D5F8A439002B00F0FB85D5F8D819002223
:106C4C002F481B6981421A6100F2E3852D4901220C
:106C5C0099645A624FF430322B499962DA62986C1B
:106C6C00012200211865104619624FF00111996537
:106C7C001A610BF58044D5F89C3984F83001002B4F
:106C8C0000F0C085B5F986290021284BD5F8A80954
:106C9C00C5F89C39D31D48BF02F10E03B5F9842900
:106CAC00DB1003FB02F21EF059F9012118480FF01A
:106CBC0099FB1AF079FEFFF7E3BB9847FFF753BB3C
:106CCC00B1F173024FF0000848BFA1F17202B3F1A9
:106CDC0020064FEA620248BFA3F11F0693B276105A
:106CEC000393002312491FFA86FE039A9E4201EB7E
:106CFC000807B4BF4FF0000A4FF0010A504624E0D9
:106D0C007F1A06003B372819B80B0505382300609D
:106D1C006C4601203C230060402300608000200072
:106D2C006000100040002000D920010044230060C6
:106D3C00901E0060911E00606400E4B221060ED427
:106D4C0001330132732B92B246D013F0070F19B2F4
:106D5C00F2D107EBE10191F8C8422106F0D511B24E
:106D6C000029EDDBB5F988C98C45E9DD0028E7D0B1
:106D7C00B5F98AC9B445E3DD95F896C9BCF1020FA3
:106D8C0000F01084BCF1030F00F0FD83BCF1010F87
:106D9C0000F0EF83B5F984A9F146B446BCF1000FBD
:106DAC0003F1010302F10102B8BF0CF1070C732BC4
:106DBC0092B24FEAEC0C1CFB0A1109F0070C4FF0D5
:106DCC00010909FA0CFCD5F8A89919F801A04CEAAC
:106DDC000A0C09F801C0B8D108F10F080EF1010630
:106DEC00B8F5F07F36B27FF47CAF34E69847D5F82F
:106DFC00A409E5E695F9B119B04ACBB2272B0FD807
:106E0C0018014FF0380C02EB031315271458DE68E9
:106E1C0060683043606098685B68C0F800C01F60B1
:106E2C0095F9B249E3B2272B0ED8180102EB0313E4
:106E3C001658D3E9027C70685B6840EA0C007060FD
:106E4C00382038601520186002EB01130901DB684B
:106E5C00C5F8CC3953582101C5F8BC3902EB0413E1
:106E6C005158DB68C5F8C019C5F8D0390868034318
:106E7C000B60D5F8A039002B00F037855968B8277E
:106E8C00DFF84482DFF84CE28D4ED1E900C0DCF82B
:106E9C00004024EA0000CCF80000D8F8180000EA02
:106EAC000E0E4EEA0606C8F818601E7C01EB0608AA
:106EBC0001EB860698F8100002EB00108068076062
:106ECC005C7C01EB040E01EB84049EF8200002EBC9
:106EDC00001080680760987C01EB000901EB8000D2
:106EEC0099F830A0039002EB0A1ADAF808A0CAF855
:106EFC0000704868DCF800700743CCF800707769C4
:106F0C0098F8106002EB061676683760666A9EF891
:106F1C00204002EB04146468266099F8304002EBC0
:106F2C00041464680398406B2060C86B99F838406F
:106F3C000460C86998F81840C96A04609EF8280073
:106F4C0008600221186801610F218165D97C002934
:106F5C003AD072B6D87CC70708D54FF0E0245E69EA
:106F6C00D4F8801131409962C4F88011860708D595
:106F7C004FF0E0249E69D4F884113140D962C4F8F2
:106F8C008411440708D54FF0E024DE69D4F8881149
:106F9C0031401963C4F88811010708D54FF0E0247B
:106FAC001E6AD4F88C1131405963C4F88C11C70691
:106FBC0008D54FF0E0205C6AD0F89011214099631D
:106FCC00C0F8901162B618683E4C9968A14200F066
:106FDC00D7843D499C6089693C4FC1F3011602EB93
:106FEC008606C1F38262D6F880120132B1FBF2F14F
:106FFC00B94240F2C284364AA2FB0162120DB1FBC7
:10700C00F2F1A14288BF0132B2F5817F80F06A842F
:10701C00022A40F2B284023A5408210441EA0421C3
:10702C000A43DA60002101610321416202640722F4
:10703C00026601220261DA7C12B3D60704D5986A83
:10704C004FF0E021C1F80001940704D5D86A4FF045
:10705C00E021C1F80401500704D5186B4FF0E02172
:10706C00C1F80801110704D5586B4FF0E021C1F8A5
:10707C000C01D70604D59A6B4FF0E023C3F810210E
:10708C0095F9B339002B4DDB272B25DC19010B4A65
:10709C00152402EB03135258D86851680143382069
:1070AC0051609968086058680460DB685068184241
:1070BC0000F0E683C2F884300EE000BF381D0020DB
:1070CC001000000800093D0000C00F40FF083D0003
:1070DC0083DE1B43CFFFFFE301200BF043FF95F84A
:1070EC00B339272B0BD81901514A02EB0313525811
:1070FC00D9685068084200F0BF83C2F888100A2093
:10710C000BF030FF95F8B339272B0BD81901484AEF
:10711C0002EB03135258D9685068084200F0A88358
:10712C00C2F88410D5F8A449002C7FF4A7ACD5F88C
:10713C00A039002B71D0D97CD5F8E029D5F8E449D9
:10714C00002939D072B6D87CC60708D54FF0E02795
:10715C005E69D7F8801131409962C7F880118107B8
:10716C0008D54FF0E0279E69D7F884113140D962D9
:10717C00C7F88411470708D54FF0E027DE69D7F828
:10718C00881131401963C7F88811060708D54FF0EC
:10719C00E0271E6AD7F88C1131405963C7F88C115F
:1071AC00C10608D54FF0E0205E6AD0F8901131404E
:1071BC009963C0F8901162B69968914200F07A8395
:1071CC001C499A6089691A48C1F30116C1F382619E
:1071DC0000EB86000131D0F88062B6FBF1F0002A9A
:1071EC0040F03B838E420ED301460131B1F5817FD5
:1071FC0080F0C183022940F2BC83023948080204A2
:10720C0042EA00220A43DA601B680021196103215B
:10721C0059621A6401221C661A61D5F8C029D5F886
:10722C00D019136823EA0103136042E40224C7E473
:10723C00381D002000C00F40922300942246D5F840
:10724C0058018DF8143005AB194619F07BFE9DF8EA
:10725C001470AB2F7FF4FFAAFC23224605A9D5F8A6
:10726C0058018DF8143081238DF8103004AB1BF0CD
:10727C00F9F995F8653105A9D5F8580164F30103BE
:10728C00C3F3011285F8653103F00C0343EA821352
:10729C00224643F001038DF814308F238DF8103003
:1072AC0004AB1BF0DFF995F86D31224605A966F3A6
:1072BC000003D5F858018DF81070802785F86D31D2
:1072CC0003F006038DF8143004AB1BF0CBF995F8E2
:1072DC006131224605A966F38613D5F858018DF85D
:1072EC00107085F8613103F03F038DF8143004AB56
:1072FC001BF0B8F9B5F8600104AB2246C0F340317D
:10730C00C0F3803CC5F85C6149018DF8107041EA0E
:10731C008C11C0F3002C41EA0C01C0F3003C41EA93
:10732C000C11C0F3C02C41EACC0120F49F6CC0F3CB
:10733C0040202CF0070C41EA4001D5F85801A5F883
:10734C0060C18DF8141005A91BF08CF995F861310A
:10735C00224605A966F34103D5F858018DF8107043
:10736C0085F8613103F07D038DF8143004AB1BF00C
:10737C0079F995F86131224605A966F30413D5F81D
:10738C0058018DF8107085F8613103F06F038DF89A
:10739C00143004AB1BF066F995F86131224605A94F
:1073AC0066F34513D5F858018DF8107085F86131E6
:1073BC0003F05F038DF8143004AB1BF053F9E72393
:1073CC0032463146D5F858018DF8143005AB1BF018
:1073DC0049F995F86131224605A966F30003D5F801
:1073EC0058018DF8107085F8613103F07E038DF82B
:1073FC00143004AB1BF036F90A200BF0B3FD95F8F2
:10740C006131224605A943F00103D5F858018DF8E6
:10741C00107085F8613103F07E0343F001038DF8A1
:10742C00143004AB1BF01EF90A200BF09BFD95F8F1
:10743C006C31224605A966F30103D5F858018DF885
:10744C00146085F86C31AA238DF8103004AB1BF056
:10745C0009F995F86931224605A964F38713D5F823
:10746C00580185F8693103F03F0343F040038DF870
:10747C001430A2238DF8103004AB1BF0F3F895F800
:10748C006A31022205A9D5F8580162F34613224647
:10749C0085F86A3103F01F0343F040038DF8143074
:1074AC00A3238DF8103004AB1BF0DCF832232246FA
:1074BC0005A98DF81430A023D5F858018DF810309B
:1074CC0004AB1BF0CFF8C92204AB05A985F86B21DE
:1074DC008DF81420A622D5F858018DF810202246DC
:1074EC00C5F85C6185F860611BF0BCF8FEF767BFFE
:1074FC00D31D48BF02F10E03B5F98429DB1003FB41
:10750C0002F2104603921EF04BFE039AC5F8A8092E
:10751C0000287FF40AAAFFF7ACBBB5F984A98C4606
:10752C0091460AF1FF31A1EB0E0109B2FFF76DBADA
:10753C00B5F886C93146B5F984A90CF1FF3CACEB22
:10754C00020C1FFA8CF90FFA8CFCFFF75EBAB5F936
:10755C0084A9B5F886C90AF1FF310CF1FF3C891AF0
:10756C00ACEB0E0C09B21FFA8CF90FFA8CFCFFF77E
:10757C004CBAB5F984A98C4691460AF1FF31A1EBBE
:10758C000E0109B20AE4B5F886C93146B5F984A9E9
:10759C000CF1FF3CACEB020C1FFA8CF90FFA8CFCD3
:1075AC00FFF7FCBBB5F984A9B5F886C90AF1FF3120
:1075BC000CF1FF3C891AACEB0E0C09B21FFA8CF9DA
:1075CC000FFA8CFCFFF7EABB002102249847D5F890
:1075DC00A409FFF7E3BAD5F8BC29D5F8CC09136890
:1075EC00AC4C23EA0003D5F8A01904F1060E136085
:1075FC00D5F8B429D5F8B83914F8017B00293FD057
:10760C00D1F800C0CCF86470DCF85C0010F4F81F02
:10761C00FAD0DCF874007445EED1D5F8C029D5F851
:10762C00D00913680343136039B3CB7C2BB3DE074B
:10763C0004D5886A4FF0E022C2F800019C0704D5FB
:10764C00C86A4FF0E022C2F80401580704D5086B51
:10765C004FF0E022C2F808011A0704D5486B4FF02E
:10766C00E022C2F80C01DB0607D58A6B4FF0E02351
:10767C000120C3F81021FFF7FCBA0120FFF7F9BA7B
:10768C00106817F0800FD5F8C4690CBFB0433043B5
:10769C0017F0400F10601868D5F8C86940EA06006A
:1076AC0018601868D5F8C86920EA060018601068D8
:1076BC00D5F8C4690CBFB043304317F0200F1060ED
:1076CC001868D5F8C86940EA060018601868D5F83B
:1076DC00C86920EA060018601068D5F8C4690CBFA8
:1076EC00B043304317F0100F10601868D5F8C86914
:1076FC0040EA060018601868D5F8C86920EA060048
:10770C0018601068D5F8C4690CBFB043304317F04B
:10771C00080F1060D5F8C869186840EA06001860B0
:10772C001868D5F8C86920EA060018601068D5F802
:10773C00C4690CBFB043304317F0040F10601868D5
:10774C00D5F8C86940EA060018601868D5F8C86909
:10775C0020EA060018601068D5F8C4690CBFB04365
:10776C00304317F0020F10601868D5F8C86940EA6A
:10777C00060018601868D5F8C86920EA0600186079
:10778C001068D5F8C4690CBFB043304317F0010F33
:10779C0010601868D5F8C86940EA060018601868C7
:1077AC00D5F8C86920EA060018601068D5F8C479C5
:1077BC0014BF3843B84310601868D5F8C8793843FB
:1077CC0018601868D5F8C87920EA0700186022E715
:1077DC0095F9AD391224012B0CBF9F23CF2385F8CB
:1077EC00DC39FFF795B92C4881422DD82B49996487
:1077FC00A1F121615A62A1F60C41294A9962DA621F
:10780C00FFF74EB9B5F88E390633A5F88E39FFF768
:10781C0039BA214881420ED820499964A1F12161DD
:10782C005A62A1F60C411E4A9962DA62FFF717BA46
:10783C00D5F8A019F1E61B4999645A621A49184AFD
:10784C009962DA62FFF70BBA164999645A621649C3
:10785C00134A9962DA62FFF723B99042C0F089802B
:10786C00B0FBF2F1B0FBF1F090427FF6BFACBCE4A0
:10787C009B680E4A1A6055E49B680D4A1A603EE4F8
:10788C000A4B0B6028E400219847D5F8A409FFF7B0
:10789C007AB900BF901E00603F420F001C1A120CF8
:1078AC00007F05000A0907046009010138F0010096
:1078BC0038300100DA68A7E495F9AD391224012BB0
:1078CC000CBF1023CF2385F8DC39FFF721B995F9CC
:1078DC00AD390224012B0CBF1023AF2385F8DC3902
:1078EC00FFF716B92F4AFFF79CBB95F9AF19CBB22E
:1078FC00272B0DD8180102EB031310585C68D3E941
:10790C00026743683B43436038233360152323608D
:10791C0095F9B049E3B2272B0ED8180102EB0313EB
:10792C001658D3E9027C70685B6840EA0C00706002
:10793C00382038601520186002EB01130901DB6850
:10794C00C5F8C43953582101C5F8B43902EB0413F6
:10795C005258D968C5F8B829C5F8C819136823EA6C
:10796C000103136095F9B339002BFFF656ACFFF702
:10797C008BBB002247E40B4A45E40022FFF751BBC6
:10798C00DA68FFF74FBBB6B2FF201146B2F800E041
:10799C0002320978B14208BF4FEA1E209A42F4D352
:1079AC00FEF7ACBEFF7F7F00D1ED0C6A92ED000AB2
:1079BC00F5EE406AD2ED017A92ED027AF1EE10FA10
:1079CC0030B52DED028B91B00C4605468DED020ABB
:1079DC00CDED037A8DED047A40F0BA80D4ED075AE0
:1079EC00D4ED086A30EE650A94ED0B8A94ED0E6ABC
:1079FC0077EEE67ADFED6A6AA6EE080A94F8343080
:107A0C0077EEA67A37EE267ACDED037A8DED047AF1
:107A1C008DED020A5BB167EEA77AE0EE007AF4EE28
:107A2C00667AF1EE10FA00F1B680B1EEE70AF0EEEC
:107A3C00480A1CF047FBF1EE087AB0EEC00A9FED45
:107A4C00587A20EE270AC0EE087A77EE877ABBFECA
:107A5C00677ABCEEC77A8DED017A9DF80430042B61
:107A6C0013D800215A1C2980D2B2A97094F8351071
:107A7C0099B103EB4303284623449A889B792A80C7
:107A8C00AB7011B0BDEC028B30BD002100222980FF
:107A9C00A97094F835100029EBD1591C07EE103A57
:107AAC0002EB4202DFED3E3A05EE101AB8EE477AD1
:107ABC00224403EB4303B8EEC55A284677EEC77A47
:107ACC001C441379F7EE005A35EE475A06EE903AFD
:107ADC00537987EE856A07EE103A9379227907EE8F
:107AEC00903A637904EE102A04EE903AA379F8EEFA
:107AFC00E66AB8EEC77A05EE103AF8EEE77AB8EE19
:107B0C00C44AF8EEE44AB8EEC55A36EE236A75EE6E
:107B1C00C65A66EE866A27EE067A67EE867AE4EE39
:107B2C00256AA5EEA47AE5EE857AFCEEE66ABCEE53
:107B3C00C77AFCEEE77A16EE901A17EE102A17EEBB
:107B4C00903A29706A70AB7011B0BDEC028B30BDED
:107B5C00144A002309A905A809930A93B2F87832AC
:107B6C00CDED0B6AADF83030D2F87C320D93D2F8F3
:107B7C0080320E93D2F884320F9317F0A5FC02AA30
:107B8C0005A909A807F090FC9DED090ADDED0A7A1C
:107B9C009DED0B7A22E7B0EE670A1BF0A9FF46E7D2
:107BAC0000000000E84D0120F8B5244B42F290147F
:107BBC0042F2903500F5005203F1200106460444D0
:107BCC0005440360C2F8901154F8040F08B11EF07C
:107BDC00EFFAAC42F8D141F6105441F6107506F5A7
:107BEC008057174B34443544C7F8103D54F8040FF4
:107BFC0008B11EF0DDFAAC42F8D141F6940441F61E
:107C0C009425104B34443544C7F8943854F8040F79
:107C1C0008B11EF0CDFAAC42F8D1D6F8240A08B15E
:107C2C001EF0C6FAD6F8280A08B11EF0C1FA30695F
:107C3C0008B11EF0BDFA3046F8BD00BFD01F0020C1
:107C4C0004200020182000202DE9F04F00F54055AD
:107C5C00D34E0446B368EA6FB5F880109A1A2DED2E
:107C6C000C8B8A4295B0F0EE408A0795C0F0978352
:107C7C00CC4D079AD36795F81D32002B00F09A83F0
:107C8C00C94BF3EE096ADFEDC97A93ED007ADFEDAB
:107C9C00C85AE7EE276AC74B9FEDC77AD3ED019A16
:107CAC0076EEE97AF0EEE77AF4EEC77AF1EE10FAB6
:107CBC001FD493ED006AF5EE007A93ED027A93ED02
:107CCC00065A29EE877A26EE055A83ED037A37EEAB
:107CDC00057A83ED045A37EE267AF0EE466A83ED88
:107CEC00057AE7EE276AE6EEA79AC3ED006AC3EDC4
:107CFC00019AB24B9FEDB07A93ED019A75EEC97A69
:107D0C00F0EEE77AF4EEC77AF1EE10FA1DD4D3ED6B
:107D1C00006AF5EE007A93ED027A93ED066A29EE8D
:107D2C00077A26EE866A83ED037A37EE067A83EDC0
:107D3C00046A37EE257AE7EE276A83ED057AA6EE1C
:107D4C00A79AC3ED006A83ED019A9FED9D8AB0EE70
:107D5C00680A9C4885EDA59A08F042FF28EE888AAF
:107D6C00994FDFF8809297ED070A38EE088A28EED3
:107D7C00000A1CF0D9F9F0EE40AA97ED080A28EE9B
:107D8C00000A1CF0D1F9B0EE40AA97ED090A28EED2
:107D9C00000A1CF0C9F9B1EE006A9FED8C7AF0EE86
:107DAC00085AF0EE697A95EDA65AAAEE067A884B37
:107DBC0060EE066AD5F8A812DAEE867A95EDA76A17
:107DCC00C5F8A032C9F82C30D5F8B082A9EE257AC6
:107DDC00804BC9ED0D6A77EE857AC5F8A432C9F8E7
:107DEC0030300391C5ED747A37EE067AC9ED097A15
:107DFC0085ED757A89ED0A7AB8F1000F00F0F982F9
:107E0C0008F101001EF0CCF90746002800F0F182C1
:107E1C0003991DF023F95FFA88F09C2841F2A9829E
:107E2C0038461EF0C5F9D5F8C0320B2B40F2EA8269
:107E3C00D5F8BC720C22684BC5F8C42207CB1B7852
:107E4C0038607960BA603B7395F81D32002B41F0B5
:107E5C008D8295F8E1110DA80EF012FF0F9A0D9975
:107E6C005E481AF061FE0D981EF0A2F995F81D32CD
:107E7C00002B41F0788295F8E2110DA80EF000FF6E
:107E8C000F9A0D9955481AF04FFE0D981EF090F967
:107E9C0095F81D32002B41F05E8295F8E331002BF2
:107EAC0001F0BB820C224E494C481AF03DFE95F86D
:107EBC00E4110DA80EF0E4FE0F9A0D9947481AF044
:107ECC0033FE0D981EF074F995F81D32002B41F01D
:107EDC00358295F8E531002B01F0A6820C22404941
:107EEC003E481AF021FE95F8E631002B01F0828213
:107EFC000C223B4939481AF017FE95F8E7110DA8EA
:107F0C000EF0BEFE0F9A0D9934481AF00DFE0D9826
:107F1C001EF04EF995F81D32002B41F0548295F865
:107F2C00E8110DA80EF0ACFE0F9A0D992B481AF023
:107F3C00FBFD0D981EF03CF995F81D32002B41F01D
:107F4C003F8295F8E9110DA80EF09AFE0F9A0D9943
:107F5C0022481AF0E9FD0D981EF02AF995F81D3209
:107F6C00002B41F02A8295F8EA110DA80EF088FE3C
:107F7C000F9A0D9919481AF0D7FD0D981EF018F9A3
:107F8C0095F81D32002B41F0248295F8EB110DA8C9
:107F9C000EF076FE0F9A0D9910481AF0C5FD23E0ED
:107FAC00F03C0120E84D01202C470120C54E6C3FD0
:107FBC000000C842EC4601200AD7233C0C470120A4
:107FCC00DB0F4940A84801207843002000002042E4
:107FDC000000C842000048421C3F0020A450012071
:107FEC002C3F0020344701200D981EF0E1F895F845
:107FFC001D32002B41F0EA8195F8EC110DA80EF022
:10800C003FFE0D990F9AD1481AF08EFD0D981EF077
:10801C00CFF8D5F8BC12D5F8C4820391B8F1000F93
:10802C0001F0DA8108F101001EF0BAF807460028C9
:10803C0001F0D28103991DF011F85FFA88F09C28A9
:10804C0041F2598138461EF0B3F895F81D3206936B
:10805C00002B41F04D8195F8E03195F8CC229A42F5
:10806C0001F0428196ED027A9FEDB96AB8EE477A3B
:10807C00DFEDC07A85F8CC32C7EE066A77EEE67A89
:10808C00C5ED9C7A96ED027ADFEDB16AB8EE477ACF
:10809C0095ED978AD5ED980A87EE260A70EEC80AF8
:1080AC0030EE270A1CF00EF838EE000A95F8643210
:1080BC0085ED9B0A23B195F86622002A41F0D18008
:1080CC00069B002B41F0978095F8EB31013BDBB21E
:1080DC00032B01F254849F4A02EB8303D3F8EC3256
:1080EC00B7EE007AD5ED9D7AF4EEC77AF1EE10FA80
:1080FC0040F39F8183ED017A95F8EC3104F5005241
:10810C0003EB830392F810E7039203EB8303BEF1B6
:10811C00270FDBB282F8113701F25E808E4911F81D
:10812C002E2001EB8E0C012A00F08C81022A34D116
:10813C009CF80120C2F30110032801F0368787490F
:10814C0001EB803102F00307384601EB4717B7F813
:10815C00068040013A8A1FFA88F8C8F1011818FA0B
:10816C0082F202F1FF3808FB03F3B8EB132F4FEA4E
:10817C00132941F2E086A2EB0903C3F101039BB280
:10818C0001441FFA89F9FB80A1F81090714B9CF8FF
:10819C00032003EB0E135B681A6042F2F06020447C
:1081AC0008F01CFC04F51C5084EDAD0A08F016FC1C
:1081BC00069B84EDAE0A002B41F04A8095F8E53120
:1081CC00002B00F0798196F87031B768002B01F024
:1081DC00C08695F8CD32002B01F0EE860CAB0DEE7F
:1081EC00103A9C2301228DF834300DAB00921946C5
:1081FC00D6F8580118F0A6FE9DF83430A5F8CE320A
:10820C00B368DB1B642B01F29C86B5F8CE32B268E6
:10821C0008EE103AD5F8D032B5F8D412D31A8B42F6
:10822C0081F07E8695EDB60AB38AB8EEC88A07EE61
:10823C00903AF8EEE77A77EE807AB4EEE78AF1EED0
:10824C0010FA41F32086012344F2440884F8A83242
:10825C0095F81D32A0440693002B00F0338104F5F1
:10826C00804B3F4BB268CBF82431DBF82831BBF89C
:10827C002C11D31A8B4280F03D81C4F81880039ADC
:10828C0041F264031344374A1A600123069396F8AB
:10829C00F439002B40F0AA82B268D6F8EC39B6F863
:1082AC00F019D31A8B42C0F0A182C6F8EC29DFED8D
:1082BC002E7AB1EE007A04F5805768EEA77A07F6AD
:1082CC00940327EE877A83ED867A069B002B40F089
:1082DC00708795F8E631002B13BF01220022012391
:1082EC000023F0EE005AD4EDAD6AF2EE043A9FEDA5
:1082FC001F7AB3EE096A87F8B92C76EEA56A87F86F
:10830C00BA3CF6EE004A07F55163B2EE004A07F6A6
:10831C001472A6EEA37AA6EEA56A37EEA75A67EEFC
:10832C00847A27EE247A83ED876A82ED007A82EDD7
:10833C00017AC3ED867A83ED855A039BC3EDEA7A05
:10834C00069B002B40F01C8716E000BFA4500120B8
:10835C0000007A44381D00203420002000C01D404D
:10836C007050012000007A440000B44300004842E1
:10837C000000C8420000000095F8E831013B0A2BD0
:10838C0000F22F83DFE813F0D50CAA0C790C4E0CFD
:10839C00230CF80BCD0BA20B770B4C0BFA02012024
:1083AC000AF0E0FDB368EA6FB5F880109A1A8A42B9
:1083BC00F5D35DE495F89032F2EE0A4AB7EE007A06
:1083CC001FED156A002B03F101035FED165AF3EE56
:1083DC00096A07EE903A914B46FE255AF8EEE77A79
:1083EC0093ED006A87EEA45A77EE457AE7EE866A3B
:1083FC0051E4002738461DF0DBFED5F8C0320B2BBC
:10840C003FF616AD0D21D5F8BC021DF0D9FE07467E
:10841C00002800F0F6870C23C5F8BC02C5F8C03262
:10842C00D5F8C432002B7FF405AD0370D5F8BC72BF
:10843C0000E5F5EEC07A0022F1EE10FA41F1B885B4
:10844C005A6059E69CF80110C1F30110032841F061
:10845C00A785734A01F0030101209CF802A0884013
:10846C0001EB410102EB411180B2CF894FEA0018B8
:10847C00B2F88891BFB21FFA89F907FB03331FFAD0
:10848C0088F81B0A49EA0809BB42A2F8889128BF60
:10849C003B46BAF1010F01F07785BAF1020F01F0FA
:1084AC006885BAF1000F01F05985B2F888319BB29A
:1084BC001843A2F8880169E644F244080CABA044C6
:1084CC000DEE103A95F8EB31013BDBB2032B01F2C8
:1084DC00D784544A02EB8303D3F8EC3204F5804B77
:1084EC00B268CBF82431DBF82831BBF82C11D31A45
:1084FC008B422CD39BF83031CBF8282123B39BF83B
:10850C003131002B41F04084DBF84421B36802F692
:10851C00C411994201F2458441F288331344B26884
:10852C00934201F2288701238BF83131B76819F097
:10853C003BFAB368DB1BFA2B01F22B844FF400627D
:10854C00002139481CF00AFD95F81D320693069857
:10855C00C4F8188000287FF492AE344A95F8E431C0
:10856C0002FB03F3324A053B82FB0312DB17C3EB1E
:10857C00A203039A03F57A7307EE903A41F264036F
:10858C00F8EEE77A1344C3ED007A95F8E331002B4B
:10859C003FF47DAE274BBBF8409093ED0A7AB9F1CE
:1085AC00000F17D043F6C6720346224403E0013392
:1085BC0099B289450ED932F8021F6B29F7D1F6EE24
:1085CC00007A03F2D223079A67EE277A02EB830331
:1085DC00C3ED217ADFED187AB4EEE77AF1EE10FAFA
:1085EC007FF755AE039B42F65C6C1249B7EE006AFE
:1085FC0003F6AC52A44409890027D2ED005AE64692
:10860C0008EE101A95EDD65A93F8D81D36EE656A19
:10861C00B8EE488ADFED096A094B9AE02C47012035
:10862C0000803E40381D00206C3E01204AFCFFFFBC
:10863C006766666678430020CDCC4C3D0000000098
:10864C003C5101207B2800F32287D3ED007AD3ED37
:10865C00011A37EEA61A13ED012AD3ED022A13EDF7
:10866C00023A77EE817AD3ED033A13ED034AD3ED58
:10867C00044A77EEA17A13ED047A77EE827A77EEDC
:10868C00A27A77EE837A77EEA37A77EE847A77EE16
:10869C00A47A77EE877A092940F28F801069D2ED9F
:1086AC00034AD060506992ED024A1061906934EE31
:1086BC00267A82ED014A5061D06937EE247AC2EDF8
:1086CC00024A9061106AD061506A1062906AC2EDE1
:1086DC000A7A5062D2ED034A032937EE247A27D066
:1086EC00D2ED044A042937EE247A21D0D2ED054A82
:1086FC00052937EE247A1BD0D2ED064A062937EE2F
:10870C00247A15D0D2ED074A072937EE247A0FD0F8
:10871C00D2ED084A082937EE247A09D0D2ED094A5D
:10872C00092937EE247A03D0D2ED0A4A37EE247A9F
:10873C0004EE901A01370433B8EEE44A802FC7EEEA
:10874C00044A24EE867AA7EEA57A0EED017A00F0A3
:10875C00D686042F38B2EEEC016A3FF673AF93ED78
:10876C00007A77EE267A002F00F08386781E77EE5B
:10877C00877A93ED017A002877EE877A03DD13ED83
:10878C00017A77EE877AB81E93ED027A002877EE9D
:10879C00877A03DD13ED027A77EE877A93ED037A0D
:1087AC00042F77EE877A01D177EE857A93ED047AF0
:1087BC00092977EE877A3FF671AF481C02EB8108E6
:1087CC000399C0B281F8D80D0128C8ED017A92ED59
:1087DC00017A37EE267A00F08A86D2ED024A022818
:1087EC0037EE247A00F08386014673E7714F00223E
:1087FC00012107F1040CB846384613461FE008EB7C
:10880C00C30E5CF8049CDEF800A04CF804ACCEF867
:10881C000090DEF804904368C0F80490CEF8043061
:10882C00CB0111F0020F02F1010201F10101DBB2E7
:10883C0000F108000CF1080C18BF43F0400312F0D3
:10884C00040F18BF43F0200312F0080F18BF43F0B9
:10885C00100312F0100F18BF43F0080312F0200F92
:10886C0018BF43F0040312F0400F18BF43F002038B
:10887C005FEAD21E18BF43F001039A42BFDBB1F589
:10888C00807FCDD1BFEE008A9FED4B4A9FED4BAA66
:10889C004FF0010BDFED4A9A04940123B1EE444AE8
:1088AC00F7EE004ABE4603FA0BFC0823B0EE4A5A18
:1088BC004FF000084FEA6C0903FA0BF44FEAC90AAF
:1088CC000AEB0E030EF104017246404693ED016A69
:1088DC006044D3ED005A25EE467A51ED016A65EEFF
:1088EC00857AFF28A4EEA57AE4EE867A76EEC76A3E
:1088FC00C3ED006AD2ED016A76EEE76AC3ED016A58
:10890C00234451ED016A36EE877A01ED017A214458
:10891C0092ED017A77EE277AC2ED017A2244D5DD09
:10892C0008F1010865EE447A25EE085A0EF1080E9E
:10893C00C145E4EE887AA4EE845A02D0F0EE674A80
:10894C00BEE70BF1010BBBF1090F00F04C820123C8
:10895C0003FA0BF35B1007EE903AF8EEE77A89EE28
:10896C00A79AB0EE490A1BF0E3FCB0EE408AB0EED9
:10897C00490A1BF0D9FBB0EE404A8EE7002104F601
:10898C00F82C97F8E4010B4602E0CBB2984228D3BE
:10899C0003F5CB72013104EB8202D2F83C2B9445E7
:1089AC00F3D1B7F884009AB2D8B141F25A0100233E
:1089BC0021440CE03C5301202EBDBBB30000000051
:1089CC00DB0F494001331FFA83FC604509D931F8AC
:1089DC0002CF9445F6D104EB8303D14A03F6087316
:1089EC001A6095F8E9314FF0FF094FF000080DAA15
:1089FC0003EBC3031DEE101A0BA8ADF830909B00CF
:108A0C008DF8328007EE903AF8EEE77ACDED0D7ADC
:108A1C0007F028F895F8EA31ADF8309003EBC30372
:108A2C008DF832809B0007EE903AF8EEE77A039BC4
:108A3C000DAA1DEE101A0AA803F5B269CDED0D7A38
:108A4C0007F010F89DF82A309DF82C2084F8093B8B
:108A5C0084F8153B0023D6ED027A62F307039DF8E8
:108A6C002D20F8EE677A9FEDAF7A62F30F239DF815
:108A7C002E2062F317439DF8282087EE870A62F3B5
:108A8C001F63C4F804330B9BA4F8043B1B0C84F841
:108A9C00063B84F8123BBDF82830A4F8073BBDF820
:108AAC002930A4F80833B4F8043B99ED198AD9EDB0
:108ABC001A0AD9ED1E7AA4F8103B70EEC80AB4F865
:108ACC00073B30EE270AA4F8133BB4F80433A4F8A0
:108ADC00103394F8063384F81233B4F80733A4F83F
:108AEC00133394F8093384F815331BF0EBFA38EE92
:108AFC00000A039B89ED1D0A93F8FC6526B193F8D7
:108B0C00FE35002B40F0298143F2840004F6F41664
:108B1C002044FDF713FA04F5357007F05FFF04F5F8
:108B2C003970B0EE408A07F059FF04F53D70B0EE95
:108B3C00409A07F053FFDFED7C6ADFED7C7A04F599
:108B4C00317096ED007AF0EE679A9FED796AB0EE8F
:108B5C0067AAE9EE267AE0EE269AA8EE26AAB0EEEF
:108B6C00678A77EE067AC6ED007A07F037FF84ED58
:108B7C00D1AA84EDCB0A04F6FC1084EDD28AC4EDA4
:108B8C00D39A336804F64C26C4F8603307F026FFFA
:108B9C00F7EE006ADFED677A04F5226304F52361D2
:108BAC00002036EEE87ADFF8A8C104F5286227EE3B
:108BBC00277AD6ED157A83ED090A77EEE67A83EDFE
:108BCC000A7A04F664230860C1F804C05A49C6ED59
:108BDC00157A1963506004F53460C2ED007A574A77
:108BEC00DA62FDF7B7F897F8E41181B197F8400114
:108BFC00012304EB83025E1C984202F58052F3B20F
:108C0C0003D9D2F84461C2F8F0609942F1D241F232
:108C1C00EC102044FDF79EF897F8901891B197F856
:108C2C00EC07012204EB8203561C824203F58053AD
:108C3C00F2B205D203F5FE6603F29C7336681E6031
:108C4C008A42EFD9069B002B40F0C38295F8E7319E
:108C5C0004EE903AF8EEE44AD5EDA56AB3EE046A58
:108C6C009FED377AB6EE004AD4EDAB7AF1EE003ACE
:108C7C00C6EE872A9FED333ADFED336A07F61C7791
:108C8C00D4EDAD5A94EDAE5A94EDAC7A87EE862ABB
:108C9C00079BE7EEC47AB7EE006A65EEA35A25EEA1
:108CAC00235ADFED2A3AE2EE836AA7EE045AE2EE8B
:108CBC00247A36EEC66A87ED015AB0EEC66AE7EE44
:108CCC00845AB4EEE36AF1EE10FAC7ED005AD3ED14
:108CDC001A5AA7EE657A40F16F82039BF6EE006A92
:108CEC0003F23C6103F2346203F22C63C1ED007AAF
:108CFC0081ED017AD2ED005A92ED016A77EEA57AF8
:108D0C0037EE067A67EEA67A27EE267AC3ED007A5E
:108D1C0083ED017A15B0BDEC0C8BBDE8F08F00BF74
:108D2C00CDCC4C3F00007A440AD7A33B4260E53BD4
:108D3C000AD7233B0000B4430000B4420000C042F9
:108D4C000000C8429A99193FCDCCCC3E6F12833AA1
:108D5C0000009642000000001E46731EDBB203F1B9
:108D6C00010809EBC802D2ED017AF4EEC07AF1EEFB
:108D7C0010FAF1D836B230EE670A039B04EBC60644
:108D8C005FED0C6A93F8903506F50056012B06F250
:108D9C009C5292ED007A77EE677A80EE277A37EE66
:108DAC00267A00F01C86022B40F0F285039B03F51B
:108DBC00B26303EBC803D3ED027A039901F5B263F6
:108DCC00C3ED1C7A91F8FD35002B3FF49DAED1F824
:108DDC009425012BC2ED007A3FF496AED1F898356C
:108DEC00C3ED007A90E6049C07F50069DFF88483F4
:108DFC0097ED010AD7ED007A20EE000AA7EEA70A3C
:108E0C00B5EE400AF1EE10FA01F1A383F1EEC07A4F
:108E1C0008374F45E8EC017AEAD1CC4BF7EE009AD3
:108E2C009FEDD69A4FF00009D3ED007AD3ED01AA4D
:108E3C00B0EE49AAC64BB1EE67BAC64A7AEEE7AABB
:108E4C0005930123A2F15C01DFEDC3BADFF828839F
:108E5C0002F5806A1F46049208910994DFEDC77AE7
:108E6C005FFA89FBBD4901221FFA89F41FFA87FCBE
:108E7C0093B201329C4205D89C4503D391ED007A04
:108E8C0077EE877A802A01F10401F1D1A7EB090270
:108E9C00013207EE102AB8EEC70A87EE800A1AF0E4
:108EAC00F7FD98F8504018ED01CAA8F10402132CF4
:108EBC00B3EE047AF0EE4B7A79EECCCAE0EE077A98
:108ECC0087EEAA8A38EE0A8AB0EEC88A00F28B8046
:108EDC0002EB84020134E4B288F8504082ED018A3E
:108EEC00DFEDA67A414600220132B1EC017AD3B211
:108EFC0077EE877AA342F7D307EE104AF8EEC76AEB
:108F0C0087EEA67A67EE2C7AE8EE0C7A78EE677A22
:108F1C0077EEA77AF4EEE97AF1EE10FA5BDDF7EE74
:108F2C00007A059B0BEBCB02C8ED157AE3EC017ACA
:108F3C0005930BEB420303EBC303C3F3850242EA35
:108F4C008313DBB2152B57D9049B09F101090137A7
:108F5C0008F15C080433B9F17F0F04937FF47EAF02
:108F6C00F2EE047A9FED7E7A099C69EE277A67EE21
:108F7C00A77AF4EEC77AF1EE10FA40F3E480F1EE42
:108F8C00046AB7EE007A67EEA67AF4EE477AF1EE51
:108F9C0010FA77FE277A6D4B4FF40062002171486E
:108FAC001F46C3ED0A7A1BF0D9FF6F4B3A8907F1C4
:108FBC000C006E49B3FBF2F303EB4303DA0000231E
:108FCC00013A86F8F439A6F8EA39A6F8F63919F018
:108FDC0005FEFFF76CB9F5EEC07AF1EE10FAA0D5EC
:108FEC00F0EE4A7A9DE74C2208F1040140461DF050
:108FFC005BF888ED138A73E7049B9AED3A7AD3ED0C
:10900C00007A089B27EEAB8A9AED005A93F88834C5
:10901C0079EEC56A38EE477A092BB0EEC77A74D967
:10902C00DAF810209AED036ACAF80C20DAF814204A
:10903C00DAED025ACAF81020DAF8182075EE8A7A9E
:10904C00CAED015ACAF81420DAF81C2077EE867A99
:10905C008AED026ACAF81820DAF82020CAF81C2017
:10906C00DAF82420CAF82020DAF828208AED0A7AC7
:10907C00CAF824209AED036A032B77EE867A27D060
:10908C009AED046A042B77EE867A21D09AED056A64
:10909C00052B77EE867A1BD09AED066A062B77EEB7
:1090AC00867A15D09AED076A072B77EE867A0FD061
:1090BC009AED086A082B77EE867A09D09AED096A40
:1090CC00092B77EE867A03D09AED0A6A77EE867AC8
:1090DC0006EE103A2648B8EEC66A87EE869A29EE56
:1090EC00269AA7EE059AB0EE490A06F069F939EE10
:1090FC00409A8AED3A8AB4EEE99AF1EE10FA1ADD4A
:10910C00B7EE009A8AED3B9A1EE75A1C0AEB8303D2
:10911C0083ED017AD3B2DAED017A089A012B77EE5E
:10912C008A7A82F88834D3D09AED026A022B77EED1
:10913C00867A9FD1CCE7B5EEC09AF1EE10FAE1D564
:10914C00B0EE4A9ADEE7DFED0D7A24E77843002093
:10915C003C5101203C5F012000008039405B012024
:10916C00CDCC4C3E3C53012040420F000D0501007C
:10917C006C6301203C5B0120B06401200000000006
:10918C001FED028A4FF0FF094FF000080DAA1DEEEB
:10919C00101A0BA88DED0D8AADF830908DF8328039
:1091AC0006F060FCF0EE487AADF830908DF8328025
:1091BC003DE40022FFF795B8B0EEE66AB4EEE36A40
:1091CC00F1EE10FA00F1DE8367EEA67A27EE267A2E
:1091DC0083E55FED164A3FE542F2F060204407F06C
:1091EC00FDFB04F51C5084EDAD0A07F0F7FB84ED94
:1091FC00AE0AFEF7E3BFB7EE007AD5ED9D7AF4EE3A
:10920C00C77AF1EE10FA00F33181F5EEC07A002343
:10921C00F1EE10FA40F1A783C5F88C3204F5005337
:10922C001A460393002392F810E782F81137BEF127
:10923C00270F7EF673AF42F2F060204407F0CEFBAE
:10924C0004F51C5084EDAD0A07F0C8FB84EDAE0AA2
:10925C0044F244080CAACA4BA0440DEE102AFFF7A6
:10926C003DB95A1ED2B202F1010805EBC801D1ED8D
:10927C00897AB4EEE70AF1EE10FA0DDA1346013AE8
:10928C00D2B202F1010805EBC801D1ED897AF4EEF6
:10929C00C07AF1EE10FAF1D8013330EE670ADFED47
:1092AC00B96A05EBC30795F8243297ED897A012B3F
:1092BC0077EE677A80EE277A37EE267A00F0BB805D
:1092CC00022B40F08C8005EBC803D3ED8A7A95F81D
:1092DC006532C5ED9A7A002B3EF4F2AED5F8283201
:1092EC00C3ED007AFEF7ECBED5ED9C7AFEF7CABE54
:1092FC000023FEF7B2BE00283EF4A4AE0022A24921
:10930C001346944698450ED917F803E0013383426F
:10931C0001F801EFF6D1002A3EF494AE002385F853
:10932C00B832FEF78FBE0133012201F801CF834220
:10933C00E8D1002385F8B832FEF784BE0C2293499D
:10934C00934819F0F1FB91490C22914819F0ECFB70
:10935C000021FEF7D4BD8D490C228D4819F0E4FB99
:10936C000021FEF7A6BD0021FEF787BD0021FEF708
:10937C0072BD00283EF454AD002109F137030A46B2
:10938C008C4690450ED917F802E00132824203F860
:10939C0001EFF6D100293EF443AD002385F8B83235
:1093AC00FEF73EBD0132012103F801CF8242E8D124
:1093BC00002385F8B832FEF733BD0021FEF7D5BD8A
:1093CC000021FEF7C0BD0021FEF7ABBD0021FEF76A
:1093DC0015BE0021FEF7DBBD0027FEF733BE05EB03
:1093EC00C803D7ED8A6AD3ED8A7A76EEE76AE7EEA0
:1093FC00267A6CE70C226549654819F095FBFEF757
:10940C007CBDD5F8BC0218B11CF0D2FEC5F8BC72FC
:10941C000023C5E9B033FEF717BD0C225B495C484D
:10942C0019F082FBFEF743BD0C225849584819F03D
:10943C007BFBFEF758BD9FED570A27EE000A1AF08A
:10944C0077FFB7EE007AF6EE007A97ED8A6A05EBB5
:10945C00C80337EE400AD3ED8A6A60EE277A37EEFE
:10946C00677A67EE867AE6EE877A30E785EDA37A3F
:10947C00D4E693ED014AD3ED024A77EE847A93ED6C
:10948C00037A77EEA47A77EE877AFFF78FB993EDAC
:10949C00007A7F2F53ED014A77EE267A77EE877AA2
:1094AC0077EEA47A26D0D3ED014AB81C13ED027ADC
:1094BC0077EEA47A7F2877EE877A03D893ED027A39
:1094CC0077EE877AF81C13ED037A7F2877EE877A8C
:1094DC0003D893ED037A77EE877A381D13ED047A6F
:1094EC007F2877EE877A7FF661A9FFF7D4B801461B
:1094FC00FFF71EB913ED027A77EE877AE2E742F2B4
:10950C00147ADFED207A42F2AC7342F6AC32A2440C
:10951C0042F6AC11B0EE677A23440AF5E9602244B6
:10952C0021440AF5D96A0490A3EC017A83ED7F7A81
:10953C00A2EC017AD2EDAB6AF4EEE76AF1EE10FA26
:10954C0058BFF0EE667A9942EED1039B03F5F463B3
:10955C0093ED01AAB4EEE7AAF1EE10FA00F15785EB
:10956C005046802200211BF0F9FC002142F6DB5A08
:10957C000F46A2440A460B460846884619E000BF2F
:10958C007050012000000000074801203C3F0020E3
:10959C00A4500120DB0F49400000003C002474491A
:1095AC005FFA8EF008F101085FFA88F8B8F1800FC5
:1095BC0018D01AF801CF00F1010EBCF1000FEFD159
:1095CC008342A8EB000E80F0D18108F101081A4605
:1095DC00394603465FFA88F860465FFA8EF7B8F1B1
:1095EC00800FE6D1072B40F2E981072A40F2E68191
:1095FC00B94240F2E581C3F347033B4407EE903A8E
:10960C00C2F347030B44B8EEE77A07EE903AF8EE54
:10961C00E77AF6EE006A1FED206A0399002327EE25
:10962C00067A68EE266AD1F8947767EE867A01F2AC
:10963C00147201F5F160D1F8848727EE267A02F5D1
:10964C00156C67EEA67A049702F64817D1F898279E
:10965C0001F58351069290E8010C87ED007AC1ED7B
:10966C00007AC8F8003003600498CAF80030CBF8D0
:10967C000030036003981360D0F89C271360D7ED7B
:10968C00009ADCED007A91ED008AF4EEE79A0592EF
:10969C00F1EE10FA05DCF4EEC87AF1EE10FA40F1B6
:1096AC00DF80039BD3F84C3793ED010AD3ED007A9E
:1096BC0038EE400A79EEE77A20EE000AA7EEA70A08
:1096CC00B5EE400AF1EE10FA00F17687B1EEC09AD1
:1096DC005FED4E7A039BD3F85037B4EEE79A93EDD7
:1096EC00010AF1EE10FA38EE400A58BFB0EE679A54
:1096FC00D3ED007A20EE000A79EEE77AA7EEA70AFE
:10970C00B5EE400AF1EE10FA00F15087F1EEC07A96
:10971C00F4EEC97AF1EE10FA00F143870027039BAF
:10972C00D3F8543793ED010AD3ED007A38EE400AA2
:10973C0079EEE77A20EE000AA7EEA70AB5EE400A0A
:10974C00F1EE10FA00F12787F1EEC07AF4EEC97A47
:10975C00F1EE10FA02D5B0EE679A0227039BD3F80C
:10976C00583793ED010AD3ED007A38EE400A79EEC2
:10977C00E77A20EE000AA7EEA70AB5EE400AF1EE52
:10978C0010FA00F10287F1EEC07AF4EEC97AF1EE2C
:10979C0010FA02D5B0EE679A0327039BD3F85C3717
:1097AC0093ED010AD3ED007A38EE400A79EEE77AB0
:1097BC0020EE000AA7EEA70AB5EE400AF1EE10FA69
:1097CC0000F1DD86F1EEC07AF4EEC97AF1EE10FA12
:1097DC0002D5B0EE679A0427039BD3F8603793ED5C
:1097EC00010AD3ED007A38EE400A79EEE77A20EEE2
:1097FC00000AA7EEA70AB5EE400AF1EE10FA00F146
:10980C00B286F1EEC07AF4EEC97AF1EE10FA02D516
:10981C00B0EE679A0527039BD3F86437D3ED017A32
:10982C0093ED007A78EE677A39EEC77A67EEA77A0D
:10983C00E7EE077AF5EE407AF1EE10FA00F1998630
:10984C00B1EEE70A039B4FF07E52B4EE490AF1EEFB
:10985C0010FA48BF062703EB8707D7F884371A603E
:10986C00B9F1000F00F0A58043F6C6730022234423
:10987C00194603E0013290B281450CD931F8020F40
:10988C006428F7D102F2D2220798D8F8001000EB26
:10989C008202C2F884101946002203E0013290B211
:1098AC0081450CD931F8020F6928F7D102F2D22286
:1098BC0006990798096800EB8202C2F884101946D1
:1098CC00002203E0013290B281450CD931F8020F2D
:1098DC006628F7D102F2D2220798DAF8001000EBD2
:1098EC008202C2F884101946002203E0013290B2C1
:1098FC0081450CD931F8020F6728F7D102F2D22238
:10990C000798DBF8001000EB8202C2F884101946AD
:10991C00002203E0013290B281450CD931F8020FDC
:10992C006828F7D102F2D22204990798096800EB53
:10993C008202C2F88410002203E0013291B2894500
:10994C0037D933F8021F6A29F7D102F2D2230799CB
:10995C00059A01EB83031268C3F8842095F81D3235
:10996C000693FEF794BCC5EDA37A57E49042A8EB9E
:10997C00000E84BF02465FFA8EF1604612E6CE4BB3
:10998C00FEF7AEBB9FEDCD7AF0EE477AFFF7A5B9A7
:10999C00039B06F5B46603F5B263D6ED006A03EBE0
:1099AC00C803D3ED027A76EEE76AE7EE267AFFF784
:1099BC0004BA95F81D320693FEF769BC1A4639466F
:1099CC00C2F34702C3F347030A443B4407EE902A11
:1099DC00B8EEE77A07EE903AF8EEE77A19E69FEDE3
:1099EC00B80A06F5B46627EE000A1AF0A1FCB7EE29
:1099FC00007AF6EE007A039BD6ED006A37EE400A49
:109A0C0003F5B26303EBC80360EE277A37EE677A8F
:109A1C0067EEA67AD3ED026AE6EE877AFFF7CDB948
:109A2C00002104F64C2C97F8E4010B4603E0CBB272
:109A3C0083423EF6D6AF03F5CB72013104EB8202C2
:109A4C00D2F83C2B9445F2D1B7F884009AB2002896
:109A5C003EF4C7AF41F25A010023214405E0013323
:109A6C001FFA83FC8445BEF4BCAF31F802CF944599
:109A7C00F5D1FEF7B0BF002104F5307C97F8E40176
:109A8C000B4603E0CBB29842FEF4ABAF03F5CB72BE
:109A9C00013104EB8202D2F83C2B9445F2D1B7F899
:109AAC0084009AB200283EF49CAF41F25A01002384
:109ABC00214405E001331FFA83FC60457EF691AF2B
:109ACC0031F802CF9445F5D1FEF785BF002104F69D
:109ADC00F81C97F8E4010B4603E0CBB29842FEF475
:109AEC0080AF03F5CB72013104EB8202D2F83C2B30
:109AFC009445F2D1B7F884009AB200283EF471AFC5
:109B0C0041F25A010023214405E001331FFA83FC82
:109B1C0060457EF666AF31F802CF9445F5D1FEF77D
:109B2C005ABF002104F6D42C97F8E4010B4603E04D
:109B3C00CBB29842FEF455AF03F5CB72013104EB76
:109B4C008202D2F83C2B9445F2D1B7F884009AB239
:109B5C0000283EF446AF41F25A010023214405E0AF
:109B6C0001331FFA83FC60457EF63BAF31F802CF20
:109B7C009445F5D1FEF72FBF002104F6A42C97F8DD
:109B8C00E4010B4603E0CBB29842FEF42AAF03F596
:109B9C00CB72013104EB8202D2F83C2B9445F2D10A
:109BAC00B7F884009AB200283EF41BAF41F25A0178
:109BBC000023214405E001331FFA83FC60457EF647
:109BCC0010AF31F802CF9445F5D1FEF704BF002158
:109BDC0004F6EC2C97F8E4010B4603E0CBB2984268
:109BEC00FEF4FFAE03F5CB72013104EB8202D2F826
:109BFC003C2B9445F2D1B7F884009AB200283EF47D
:109C0C00F0AE41F25A010023214405E001331FFA62
:109C1C0083FC60457EF6E5AE31F802CF9445F5D174
:109C2C00FEF7D9BE002104F6C82C97F8E4010B46C8
:109C3C0003E0CBB29842FEF4D4AE03F5CB72013103
:109C4C0004EB8202D2F83C2B9445F2D1B7F8840095
:109C5C009AB200283EF4C5AE41F25A0100232144C9
:109C6C0005E001331FFA83FC60457EF6BAAE31F88D
:109C7C0002CF9445F5D1FEF7AEBE002104F6BC2C04
:109C8C0097F8E4010B4603E0CBB283423EF6A9AE53
:109C9C0003F5CB72013104EB8202D2F83C2B9445D4
:109CAC00F2D1B7F884009AB200283EF49AAE41F291
:109CBC005A01002321440BE07050012000000000E9
:109CCC00DB0F494001331FFA83FC60457EF689AEF9
:109CDC0031F802CF9445F5D1FEF77DBE002104F595
:109CEC002B6C97F8E4010B4603E0CBB29842FEF4E0
:109CFC0078AE03F5CB72013104EB8202D2F83C2B27
:109D0C009445F2D1B7F884009AB200283EF469AEBB
:109D1C0041F25A010023214405E001331FFA83FC70
:109D2C0060457EF65EAE31F802CF9445F5D1FEF774
:109D3C0052BE002104F52E6C97F8E4010B4603E0AB
:109D4C00CBB29842FEF44DAE03F5CB72013104EB6D
:109D5C008202D2F83C2B9445F2D1B7F884009AB227
:109D6C0000283EF43EAE41F25A010023214405E0A6
:109D7C0001331FFA83FC60457EF633AE31F802CF17
:109D8C009445F5D1FEF727BE404604F0ADFEFEF734
:109D9C00CDBB0A2009F0E6F8B4481CF01DFAFEF71A
:109DAC00CDBBB6F986294FF000090021D6F8A809D9
:109DBC00D31DCA4648BF02F10E03B6F98429DB1045
:109DCC0003FB02F21BF0CAF80894A94B1FFA89FC9A
:109DDC000FFA89F4002003EB0913059309F007032C
:109DEC00069309E04FEA4A0A5FFA8AFA1AF0800FE2
:109DFC0011D1013080283BD083B207B2049310F00C
:109E0C0007033A46EED1059901EBE70E9EF89CA3A9
:109E1C001AF0800FEDD0B6F988E9BE45E9DDB6F948
:109E2C008A79A742E5DD96F89679022F00F09482A4
:109E3C00032F00F08582012FB6F9847900F07B8224
:109E4C000146069B2246002A00F10100B8BF0732EA
:109E5C0080284FEAE20212FB07124FF0010101FACF
:109E6C0003F7D6F8A8198B5C43EA07038B54C3D1CC
:109E7C0009F10109B9F1400FA7D1089CFEF756BBB7
:109E8C007C4BFEF72BBB96F87831D6F808B0FBB1BB
:109E9C0095F81033002B00F0C081022301221DEE37
:109EAC00101A00930823D6F874018DF830300DABDE
:109EBC0017F048F8002800F0AE81BDF834304FF6AA
:109ECC00FF72934200F0A781C3F30A03A5F8123383
:109EDC00B368A3EB0B03642B00F2C080B5F812330C
:109EEC00B26808EE103AD5F81433B5F81813D31A33
:109EFC008B4280F0828095EDC70AB6F87231B8EECD
:109F0C00C88A07EE903AF8EEE77A77EE807AB4EEEC
:109F1C00E78AF1EE10FACCBF01230023FEF794B9C7
:109F2C00B8EE480A5448C5F8D02205F055F985ED2D
:109F3C00B60AFEF779B9A2F102094FF6FF73FEF7E4
:109F4C001FB90A2009F00EF848481CF045F9FEF735
:109F5C005CB90CAB0DEE103AFEF752B9FB1A9BB282
:109F6C004B81B2F880319BB20343A2F88031FEF7EB
:109F7C009CBA9BB2CB83B2F880319BB248EA0308FF
:109F8C00A2F88081FEF791BA9BB2CB82B2F88031F5
:109F9C009BB243EA00239BB2A2F88031FEF785BA4C
:109FAC00364A02EB8032FEF755BA3549FEF7CAB88D
:109FBC00C3ED017AFEF7A0B896F8613180220CA9A6
:109FCC00D6F8580143F004038DF830200DEE101A2A
:109FDC00C3F3000286F8613103F07A0313430122C4
:109FEC0043F004038DF834300B460DA918F03AFBFE
:109FFC00012385F8CD32FEF7F4B8B8EE480A2148B3
:10A00C00C5F8142305F0E8F885EDC70A75E7039B3E
:10A01C00DFED1D7A93F8A077C7B37A1E42F6606322
:10A02C00D2B2234403EB82036246B2EC017A934230
:10A03C0077EE877AF9D107EE107AF8EE476A9FED42
:10A04C00127AC7EEA69AFCEC017A634577EEE97AB0
:10A05C00A7EEA77AF7D187EE260A1BE00A2008F0B4
:10A06C0081FF02481CF0B8F838E700BF083D01201A
:10A07C00381D002070500120C450012000C03D400C
:10A08C0000801E400851012000000000C7EEA79A76
:10A09C00B0EE690AB5EE400AF1EE10FA00F1A380B9
:10A0AC00B1EEC09A04EB8703C7F1800B3AB203F50B
:10A0BC000053BB4503F6A81103F6A833C1ED009A73
:10A0CC0083ED009A7FF651AAC7F1010342F6606056
:10A0DC00F0EE497A4946DBB25FED15AA00EB0409B4
:10A0EC00059304EB8202049B2AEE277A03EB870389
:10A0FC0002F50058D3ED007A08F6A81393ED006A28
:10A10C0077EEC66AF0EEE66AF4EEC76AF1EE10FA84
:10A11C0045DDF4EEC67AF1EE10FA02DD01230AF801
:10A12C000730039BB7EE007A03F5F463D3ED026AB4
:10A13C0008F5F56337EE667A93ED006A27EE067A3A
:10A14C00A7EEA67AF0EE477A08F2AC73C3ED007A6C
:10A15C00059BF818C0B237B300F697327B1E1FED83
:10A16C00367A50FA83F304EB820209EB8303104630
:10A17C00F0EC017A834237EE277AF9D107EE907A28
:10A18C00F8EE676A5FED407A87EE266AB2EC017AE8
:10A19C00934237EE467AE7EE077AF7D107E00023D1
:10A1AC000AF80730D0E7F0EE6A6A5FED497A87EE7D
:10A1BC00A60AB5EE400AF1EE10FA19D4013708F6EA
:10A1CC00AC1308F6AC38FFB2C3ED009A88ED009AD8
:10A1DC00BB451DD9039B3AB203EB870303F6A433AB
:10A1EC00D3ED017A7DE719F083FCB0EE409A59E784
:10A1FC000137069119F07CFC08F6AC13FFB208F697
:10A20C00AC38C3ED009ABB45069988ED009AE1D8AD
:10A21C008946FFF7AAB9002358E613930DA80E93AD
:10A22C00ADF842308DF84630D6F874310D9340F2CB
:10A23C000113ADF844300CF0E7FA9DF84470042F8C
:10A24C004CD840F001031393DFB19DF84620002A4F
:10A25C0000F0158107F15002012F4FEA13216A44D7
:10A26C0002F80A3C0DD0022F02F80B1C4FEA1341E6
:10A27C0007D0042F4FEA136302F80C1C01D18DF8A0
:10A28C004730BDF84220DDF834A0D3B2ADF8302011
:10A29C00120ABAF1000F00F00A819DF84590DAF825
:10A2AC000C3007EB09029A4218D89AF80030DAF809
:10A2BC0004205B0082F8A53040F20113A2F82F3184
:10A2CC00B9F1000F28D0DAF80480BE4AD8F8003073
:10A2DC005B68934228D1B8F830311BB9012385F85B
:10A2EC001033DAE598F82F31C3F18902914540F229
:10A2FC00F4800121C8F8041008F1A5001DEE101A15
:10A30C00049218441AF028FF98F82F31049A134439
:10A31C0088F82F319145E1D13A46504601230DF191
:10A32C0047010CF01DFBD9E74A4640461DEE101ABA
:10A33C0098470246EEE7791EA1EB0C0109B282E5C3
:10A34C00B6F886394946049A013BB6F984799B1ACA
:10A35C001AB203F0070376E5B6F98479B6F88639B4
:10A36C007A1E0499013B511AA3EB0C0309B21AB2E1
:10A37C0003F0070367E5B6F986294FF000090021C1
:10A38C00D6F8A809D31DCA4648BF02F10E03B6F988
:10A39C008429DB1003FB02F21AF0E0FD08948A4BCF
:10A3AC001FFA89FC0FFA89F4002003EB09130593BB
:10A3BC0009F00703069309E04FEA4A0A5FFA8AFAA2
:10A3CC001AF0800F11D10130802832D083B207B23D
:10A3DC00049310F007033A46EED1059901EBE70E12
:10A3EC009EF89CA71AF0800FEDD0B6F988E9BE450F
:10A3FC00E9DDB6F98A79A742E5DD96F89679022F60
:10A40C002ED0032F20D0012FB6F9847917D0014616
:10A41C00069B2246002AB8BF0732D21012FB071245
:10A42C00012101FA03F7D6F8A8198B5C3B438B5436
:10A43C00C9E709F10109B9F1400FB0D11DE5791E49
:10A44C00A1EB0C0109B2E5E7B6F886394946049A46
:10A45C00013BB6F984799B1A1AB203F00703D9E7CA
:10A46C00B6F98479B6F886397A1E0499013B511AEB
:10A47C00A3EB0C0309B21AB203F00703CAE7012FCE
:10A48C004FEA13228DF847303FF4FBAE022F8DF8C4
:10A49C0048204FEA13423FF4F4AE042F4FEA136303
:10A4AC008DF849207FF4EDAE8DF84A30E9E60E9830
:10A4BC0070B39DF84010032918D081B903F07F03C5
:10A4CC008DF830309DF845303A460DF14701009338
:10A4DC001DEE103A18F00EFA00E74A460CE7022976
:10A4EC002ED163F07F038DF83030EBE78DF83130EF
:10A4FC0022F001030DF147013A468DF830309DF8FA
:10A50C004530013300931DEE103A18F0F3F9E5E6EF
:10A51C000F9B002B3FF4E2AE197C9DF845200029DF
:10A52C003FF4DCAED3F80C80B8F1000F3FF4D6AE9C
:10A53C0000971DEE101A58690DF14703C047CDE680
:10A54C000129BFD103F07F0343F040038DF8303075
:10A55C00B8E7083719F0CCFAA8EC010A4F457EF49D
:10A56C0047ACFEF75ABC19F0C3FAF0EE407AFFF78D
:10A57C004AB9B0EE670A19F0BBFAFFF763B919F0E4
:10A58C00B7FAF0EE407AFFF71FB919F0B1FAF0EE16
:10A59C00407AFFF7FAB819F0ABFAF0EE407AFFF711
:10A5AC00D5B8B0EE679A0127FFF7B9B819F0A0FA41
:10A5BC00F0EE407AFFF7ACB819F09AFAB0EE409A88
:10A5CC00FFF786B88D310100381D00204EF218536C
:10A5DC004EF2B8620021034402442DE9F04F2DEDF8
:10A5EC00048BB0EE408A8BB0074643F8101B9342A5
:10A5FC00FBD1914A92F81D32002B40F0178392F850
:10A60C00E13107F5004192F8E00103EB830391F887
:10A61C00A44103EB83030533DBB281F8A231002C98
:10A62C0040F0208292F8E23103EB830303EB8303C7
:10A63C00053381F8A33197F8A832002B00F025825E
:10A64C00062840F0078307F580547C4A41F61055E4
:10A65C0041F6145604F58053B7EE003ADFED783A24
:10A66C003D449FED784A3E4493F839E102F5007C75
:10A67C00C4F8342FBEF1000F40F01E821368C6F8E8
:10A68C002432043204369445F4D107F5804307F59F
:10A69C004052B3F8400092F878E058B343F6C671D4
:10A6AC00002339440E4605E001331FFA83FC844530
:10A6BC0080F08F8536F802CFF445F5D103F2D22322
:10A6CC004FF07E5602EB8303C3F8846092F87AC095
:10A6DC00002303E001339EB286420BD231F8026FA5
:10A6EC006645F7D103F2D2234FF07E5102EB830380
:10A6FC00C3F884100020D2F870E094F8E4110246FC
:10A70C0002E0C2B2914221D302F5CB73013007EBC8
:10A71C008303D3F83C3B9D42F3D1B4F884C092B28E
:10A72C00BCF1000F12D041F25A000023384403E070
:10A73C0001339EB2664509D230F8026F9642F7D1CA
:10A74C0007EB830303F60873C3F800E0002094F8CA
:10A75C009068024602E0C2B2B2421CD804EB8203FB
:10A76C000130D3F840389D42F5D1B4F8306792B23D
:10A77C008EB141F206700023384403E001339DB2E0
:10A78C00B54208D230F8025F9542F7D1F23304EBB0
:10A79C008303C3F8ECE13B682B4A1B69934240F0FE
:10A7AC003185002007F64C25024602F5CB730130AB
:10A7BC0007EB8303D3F83C3B9D4200F00E85C2B2FD
:10A7CC009142F2D207F5005AB0EE480A3846FDF72E
:10A7DC003BFA07F560434FF07E52002503F5D1613B
:10A7EC0003F5D36307F53046A8460A601A6013E0F8
:10A7FC00D6F8E00F03689B689847D6F8DC3F4419FD
:10A80C001A681846D368984728440C350168426882
:10A81C00836821606260A360D6F8E00F0368DB6890
:10A82C009847804508F10108E2DB4EF20C554EF2D8
:10A83C00AC683D44B8440CE0E84D01203C5101208B
:10A84C00CDCCCC3D00000000F90000001035A8452F
:10A85C004BD0D5ED037AF5EEC07AF1EE10FAF5DDBA
:10A86C002B68D6F8E09F002BF0DD0024D9F80030DF
:10A87C0048469B6898476A68D9F80030834652F876
:10A88C00242048469B6802EB42020BEB820B984754
:10A89C0095ED036A04EB4401D5E9012352F8242019
:10A8AC0003EB81030134296802EB4202D3ED004A29
:10A8BC0093ED015A8C4200EB8200D3ED025AD0ED9D
:10A8CC00006A90ED017AD0ED027AE4EE866AA6EE8B
:10A8DC00057AE6EE257ACBED006A8BED017ACBEDAD
:10A8EC00027AC3DB1035A845B3D10AF20C63CE4A09
:10A8FC004BF67C7904209A634FF08142B9440025D1
:10A90C00DA631BF04DFC0446C0F8009042F20C6078
:10A91C002146A846384414F07FFE20461BF048FC24
:10A92C00012342F2F0608AF854364BF68C7A3844A4
:10A93C0006F054F807F51C50B0EE408A06F04EF8BD
:10A94C0006F69C730022BA4483ED008A83ED010A5B
:10A95C009A6076E0D6F8E00F03689B68984706F695
:10A96C00C471284406F6A873D1ED006A4A4691EDED
:10A97C00017AD1ED027A5146D0ED015A90ED026A7E
:10A98C0090ED005A75EEC75A36EE676AD3ED003A71
:10A99C0035EE665A93ED014AD3ED024A06A8A5EEB0
:10A9AC00847AE5EE236AE6EE247AF0EE478AB0EE7E
:10A9BC00669AB0EE678A05F02BFF94ED017A6A4631
:10A9CC00D4ED027A06A9D4ED006A38EEC77A78EE97
:10A9DC00677A03A879EE666A8DED017ACDED027A7D
:10A9EC00CDED006A04F060FDD4ED006A06F69C73B0
:10A9FC0094ED017AD4ED027A9DED039ADDED048A93
:10AA0C009DED058A39EE269AD6F8E00F78EE878A06
:10AA1C0038EE278AD3ED006A93ED017AD3ED027AF2
:10AA2C0039EE269A026878EE878A38EE278A936880
:10AA3C00984728440C3580ED009AC0ED018A80EDD2
:10AA4C00028AD6F8E00F06F57D640368DB68984748
:10AA5C00804508F10108FFF67DAF0BB0BDEC048B0F
:10AA6C00BDE8F08F81F8A03192F8E23103EB83035B
:10AA7C0003EB83030533DBB281F8A33181F8A131F9
:10AA8C0097F8A832002B7FF4DBAD072800F2C083C7
:10AA9C0001A353F820F000BFC57E00003D870000E5
:10AAAC00FF860000BB8600007D880000C98700007F
:10AABC00477D000025840000336892ED006A93F80E
:10AACC002C10D3ED005A092933EE655A40F28A80D6
:10AADC0093ED037A5869D3ED024AF0EE476A83EDA1
:10AAEC00027A93ED047A74EE847A1861986977EEA1
:10AAFC00A67AC3ED014A5861D86983ED037A98614F
:10AB0C00186AD861586A1862986A83ED0A6A5862A2
:10AB1C00032977EE877A27D093ED047A042977EE10
:10AB2C00877A21D093ED057A052977EE877A1BD0A9
:10AB3C0093ED067A062977EE877A15D093ED077A8E
:10AB4C00072977EE877A0FD093ED087A082977EEEC
:10AB5C00877A09D093ED097A092977EE877A03D0A1
:10AB6C0093ED0A7A77EE877A07EE101AD3ED116A15
:10AB7C00F8EEC74A87EEA47A27EE057AA6EE257A78
:10AB8C0077EE667AC7EEA36AF5EEC06AF1EE10FABC
:10AB9C0001D5F0EE446AD3ED0F5A93ED0E6AE5EE53
:10ABAC00E36AD3ED0D7A26EE866AC3ED0C6AE6EE07
:10ABBC00237AF5EEC07AC3ED0D7AF1EE10FA29D4B2
:10ABCC00F4EEC37AF1EE10FA05DDF7EE007A83EDC0
:10ABDC000C4A83ED0D3A77EE277A83ED117AC6EDA8
:10ABEC00897A4EE5481C03EB8101C0B283F82C0036
:10ABFC00012881ED016AD3ED017A77EE847A10D0C9
:10AC0C0093ED027A022877EE877A0AD0014693ED0B
:10AC1C00037A7DE7F0EE447A83ED0C4A83ED0D4A1E
:10AC2C00D9E70146A0E700BF0000F0C007F50043DC
:10AC3C00052293F8A41183F8A22100296BD040F2CD
:10AC4C00055183F8A321A3F8A01197F8A832002B83
:10AC5C003FF4B8AD07F58043B3F8400040B343F67A
:10AC6C00C67200233A44114603E001339CB2A04261
:10AC7C000CD931F8024F022CF7D107EB830343F6C2
:10AC8C00483119444FF07E53C1F88430002303E05F
:10AC9C00013399B281420BD232F8021F1929F7D134
:10ACAC0007EB830343F6483200211A44C2F88410A0
:10ACBC0007F58054002107F6F81094F8E4510A4681
:10ACCC0003E0CAB2AA423FF67DAD02F5CB73013167
:10ACDC0007EB8303D3F83C3B9842F2D1B4F88440A1
:10ACEC0092B2002C3FF46EAD41F25A01002339446C
:10ACFC0004E0013398B2A042BFF464AD31F8020F06
:10AD0C009042F6D107EB8303C84A07F5005A03F6C5
:10AD1C0008731A6058E583F8A32197F8A832002B22
:10AD2C0098D14FE507F5005AC14C42F290159AF8AC
:10AD3C00BC333D445B0805F53A7004EB830393ED9B
:10AD4C00180A04F15C03CAF8B43304F039FB0AF2B4
:10AD5C00845383ED000A9AF8BC339AF874645B0848
:10AD6C00272E04EB8304D4F8608000F21D82721C41
:10AD7C000AEB8603D1B201298AF87414C3F8C48390
:10AD8C00DAEDF18A10D042F2C8343C442346012259
:10AD9C00F3EC017A0132F4EE687AD0B2F1EE10FAEB
:10ADAC0077FEA88A8842F3D3DAF8C04307EB84060F
:10ADBC0006F5005606F58C63D3ED007AF4EE687A4E
:10ADCC00F1EE10FA17D042F2644314F0FF083B4442
:10ADDC0008D042F2684118464FEA880239441BF009
:10ADEC0063F9034603EB880306F58C66002243F8EF
:10ADFC00042CC6ED008A002CDFED8E7A0DDD0023CD
:10AE0C001A46283201330AEB8202DBB292EDF17A58
:10AE1C009C421A4677EE877AF3DC07EE104A0AF565
:10AE2C00B163B6EE006A07F54052B8EEC77AC7EECA
:10AE3C00876AC3ED006A0AF28453D3ED007A07F5F2
:10AE4C00804376EEE76AB3F84000E6EE867ACAED08
:10AE5C00EE7A92F878C050B343F6C67100233944A9
:10AE6C000C4604E001339EB2B04240F2AF8134F89C
:10AE7C00026F6645F6D103F2D2234FF07E5402EBFB
:10AE8C008303C3F8844092F87B60002303E0013312
:10AE9C009CB2A0420BD931F8024FB442F7D103F265
:10AEAC00D2234FF07E5102EB8303C3F8841007F5D5
:10AEBC0080540020D2F874E094F8E411024602E0C9
:10AECC00C2B2914221D302F5CB73013007EB83035D
:10AEDC00D3F83C3B9D42F3D1B4F884C092B2BCF1A0
:10AEEC00000F12D041F25A000023384403E0013322
:10AEFC009EB2B44509D930F8026F9642F7D107EBF0
:10AF0C00830303F60873C3F800E0002094F89068FC
:10AF1C00024602E0C2B2B2421CD804EB82030130FA
:10AF2C00D3F840389D42F5D1B4F8306792B28EB167
:10AF3C0041F206700023384403E001339DB2B54260
:10AF4C0008D230F8025F9542F7D1F23304EB830359
:10AF5C00C3F8ECE13B68384A5B69934240F0EB8103
:10AF6C00002007F64C25024603E0C2B28A423FF6A7
:10AF7C002BAC02F5CB73013007EB8303D3F83C3BCE
:10AF8C009D42F2D1B4F8840092B200283FF41CAC7C
:10AF9C0041F25A010023394404E001339CB284424B
:10AFAC00BFF412AC31F8024F9442F6D107EB830395
:10AFBC001E4A03F608731A6006E407F58043B3F8DB
:10AFCC00400000283FF4FEAB43F6C67200233A441F
:10AFDC0004E0013399B28142BFF4F4AB32F8021FA2
:10AFEC000029F6D107EB830343F648324FF07E512C
:10AFFC0007F5005A1A44C2F88410FFF7E5BB07F5B1
:10B00C008043B3F8400000283FF4DCAB43F6C67233
:10B01C0000233A4404E0013399B288427FF6D2AB64
:10B02C0032F8021F0129F6D1DCE700BFCDCC4C3F32
:10B03C00E05E012000000000F900000007F58043ED
:10B04C00B3F84000A8B143F6C67200233A4403E0BB
:10B05C00013399B288420CD932F8021F0429F7D176
:10B06C0007EB830343F648324FF07E511A44C2F883
:10B07C00841007F58054002107F6A42594F8E40108
:10B08C000A4603E0CAB29042FFF49CAB02F5CB73C4
:10B09C00013107EB8303D3F83C3B9D42F2D1B4F86A
:10B0AC00844092B2002C3FF48DAB41F25A01002344
:10B0BC00394404E0013398B2A042BFF483AB31F8B9
:10B0CC00020F9042F6D11DE607F58043B3F840100D
:10B0DC0049B343F6C67200233A44104603E00133E9
:10B0EC009CB28C420CD230F8024F032CF7D107EBF8
:10B0FC00830343F6483018444FF07E53C0F8843035
:10B10C00002303E0013398B288420CD232F8020FCC
:10B11C000028F7D107EB830343F648324FF07E51FA
:10B12C001A44C2F8841007F58054002107F6D42580
:10B13C0094F8E4010A4603E0CAB282423FF642ABFD
:10B14C0002F5CB73013107EB8303D3F83C3B9D42F3
:10B15C00F2D1B4F8844092B2002C3FF433AB41F2FC
:10B16C005A010023394404E0013398B2A042BFF4E1
:10B17C0029AB31F8020F9042F6D1C3E507F58043B5
:10B18C00B3F8400000283FF41DAB43F6C672002311
:10B19C003A4404E0013399B28142BFF413AB32F864
:10B1AC00021F1529F6D11DE742F2C83442F2C43011
:10B1BC009C223C44384421461AF076FF0AF58C63F5
:10B1CC00DAEDF18A3146C3F80080DFE592F87B6056
:10B1DC005BE692F87AC0FFF77BBAB4F8840092B2BF
:10B1EC0000283FF4EFAA41F25A010023394404E04D
:10B1FC0001339CB2A0427FF6E5AA31F8024F94428B
:10B20C00F6D17FE5384607F5005A9847FFF7DCBAC8
:10B21C00C64D07F5805441F6940141F69806B7EEF9
:10B22C00004ADFEDC34A9FEDC35A39443E4494F8BB
:10B23C00BBEC05F5007CC4F8B45ABEF1000F7ED10E
:10B24C002A68C6F8202204350436AC45F5D107F53A
:10B25C00804307F54052B3F8406092F878C00EB3C3
:10B26C0043F6C67500233D44284630F802EFE64508
:10B27C0040F02C8103F2D2234FF07E5002EB83037B
:10B28C00C3F8840092F87900002335F802CF844586
:10B29C0040F0458103F2D2234FF07E5002EB830342
:10B2AC00C3F884000025D66E94F8E4012B4603F510
:10B2BC00CB72013507EB8202D2F83C2B914240F065
:10B2CC00FB80B4F884C09AB2BCF1000F0DD041F2EF
:10B2DC005A0500233D4435F802EF964540F0FF80B7
:10B2EC0007EB830303F608731E60002294F890C8E2
:10B2FC00134604EB83050132D5F84058A94240F0BF
:10B30C00E080B4F830579AB26DB141F20671002367
:10B31C00394431F802CF944540F0FA80F23304EB13
:10B32C008303C3F8EC613B68834ADB68934200F00B
:10B33C00DD8007F5005A38469847FFF745BA336861
:10B34C00D5ED001A93F82C2093ED001A092A74EE0F
:10B35C00413A00F28780501C03EB8202C0B283F8A2
:10B36C002C000128C2ED011AD3ED017A77EE857A13
:10B37C0000F0A08093ED027A022877EE877A00F035
:10B38C009980024693ED037A032A77EE877A27D0C9
:10B39C0093ED047A042A77EE877A21D093ED057A1F
:10B3AC00052A77EE877A1BD093ED067A062A77EE7C
:10B3BC00877A15D093ED077A072A77EE877A0FD024
:10B3CC0093ED087A082A77EE877A09D093ED097AFB
:10B3DC00092A77EE877A03D093ED0A7A77EE877A8B
:10B3EC0007EE102AD3ED115ADFED522AB8EEC72A18
:10B3FC0093ED0F3AD3ED0D6A93ED0E6A87EE827AD8
:10B40C0067EE237AE1EE817A77EEE55A85EEA47A3F
:10B41C00B4EE627AF1EE10FA48BFB0EE457AA3EEC4
:10B42C00647A27EE066A83ED0C7AB0EE667AA6EEA5
:10B43C00247AB4EEE27A83ED0D7AF1EE10FA32D47E
:10B44C00B4EEC47AF1EE10FA05DDB7EE007A83EDB6
:10B45C000C5A83ED0D4AC3ED117A77EE877AC6ED5F
:10B46C00887AF0E693ED037A586993ED026AF0EE70
:10B47C00476A83ED027A93ED047A76EE057A1861C9
:10B48C00986977EEA67A83ED016A5861D86983EDE5
:10B49C00037A9861186AD861586A1862986AC3ED81
:10B4AC000A1A586270E7B0EE457A83ED0C5A83EDB8
:10B4BC000D5AD0E7024693E7EBB283427FF6F7AE24
:10B4CC0013E7D3B29C45BFF414AF2CE701331FFA3A
:10B4DC0083FEB645FFF4C9AE92F87900D4E6013389
:10B4EC001FFA83FEF4453FF6F6AEFEE6002107F6A2
:10B4FC004C250B4603F5CB72013107EB8202D2F8D7
:10B50C003C2B95421AD0CBB28342F3D9FFF75AB9F0
:10B51C0001331FFA83FCAC45FFF4FBAE03E70133A8
:10B52C001FFA83FCB445FFF4B0AEBBE63C510120DE
:10B53C00CDCCCC3D00000000F9000000B4F8840034
:10B54C009AB200283FF43EA941F25A010023394433
:10B55C0031F8024F94423FF4D5AB01339CB2A04278
:10B56C00F6D8FFF72FB900BF704700BF704700BF78
:10B57C00704700BF704700BF704700BF000000005D
:10B58C00D2ED006A92ED017A91ED024AD1ED037A87
:10B59C0024EE264AD1ED093A67EE877AD1ED076A97
:10B5AC002DE9F04134EE277A8EB037EE237A27EE70
:10B5BC00267A77EE045AFDEEE56AB8EEE66AF4EE0A
:10B5CC00C65AF1EE10FA06D516EE903A013B06EE8D
:10B5DC00903AB8EEE66A77EE276ABDEEC66AFDEEE3
:10B5EC00E65A16EE104AB8EEE56AF4EEC66AF1EECB
:10B5FC0010FA06D515EE903A013B05EE903AB8EEEE
:10B60C00E56A33EE877AFDEEC66ABDEEC76A16EEC2
:10B61C00905AF8EEC66AB4EEE67AF1EE10FA06D558
:10B62C0016EE103A013B06EE103AF8EEC66ABDEE85
:10B63C00E67A631906EE904A91ED086A17EE10CA85
:10B64C00B8EEC75AF8EEE65A06EE905A6344F8EE96
:10B65C00E66A07EE103AB8EEC77AE7EE465AE7EE1E
:10B66C00466AA7EE465A34EE654A77EEE67A73EEF2
:10B67C00C53AB4EEE74AF1EE10FAF4EEE37A1FDBCA
:10B68C00F1EE10FAC0F20081B7EE005A4FF0000E46
:10B69C000127F0EE632AF0EE630AF04634EE450A19
:10B6AC00764637EEC53A3B46F0EE676A3A4633EEDD
:10B6BC00C55AF0EE435AF0EE404AB0EE402A1EE076
:10B6CC00F1EE10FA40F1BE80F7EE004A4FF0010E99
:10B6DC000023B0EE442AF0EE676A774673EEE40A74
:10B6EC00F04637EEE43A1E46B0EE440A1A4674EEC3
:10B6FC00644AB0EE605AF0EE435AF0EE602A9FEDC9
:10B70C00BF7A5FFA8CFC8844EDB2A4EE447A8E4486
:10B71C00E0440E44E6440F4498F8B8822E44E4B258
:10B72C000A4446449EF8B882A7EEE77A07EB050E6A
:10B73C0096F8B8622244C6440B4432448C449EF8BA
:10B74C00B86223440D440C44A3EEE37A334492F8DC
:10B75C00B864B0EE001A93F8B824F0EE081A9CF80E
:10B76C00B93236EE000AA6EE012A2B44A6EE013AB7
:10B77C00B5EEC07A93F8B932E6EE012AE6EE214A2C
:10B78C00F1EE10FA2344E6EE215AA6EE215A93F874
:10B79C00B93476EE266A76EE200A40F1DB809FED16
:10B7AC00986ADFED967AE0EE407AE6EEE67AE0EE25
:10B7BC00E07AF5EEC07AF1EE10FA40F1B480DFEDEC
:10B7CC00906ADFED8E7AE2EE427AE3EE437AE2EEB5
:10B7DC00E27AF5EEC07AF1EE10FA40F18D809FED31
:10B7EC00887ADFED867AE4EEE47AE5EEE57AE5EE4A
:10B7FC00457AF5EEC07AF1EE10FA66D5DFED807A77
:10B80C0076EE266A9FED7F6A496800220BAD0390A5
:10B81C0036EE877A0C6808AB246877EE277A0692A6
:10B82C000792089267EE867A09920A920B920C9212
:10B83C000D9205AA0095CDED057AA04703980EB0A0
:10B84C00BDE8F081B4EEE34AF1EE10FA40F1B980B4
:10B85C00F7EE004A4FF0010E0023B0EE442AF0EE52
:10B86C00630A774677EEE46A764673EEE42A9846E6
:10B87C00B0EE440A1A4674EE644AB0EE625AF0EE28
:10B88C00665AB0EE663A3AE7B4EEE34AF7EE005A7F
:10B89C00B0EE673AF1EE10FA7BDB34EE650A4FF04E
:10B8AC00010E73EEE52A0027F0EE630A7346F0EE04
:10B8BC00676A724677EEE55AB846B0EE625A3E4673
:10B8CC00F0EE404AB0EE402A19E703EB430367EE73
:10B8DC00A77A01EB830367EEA77A93ED0B3AD3EDCE
:10B8EC000A3A65EE835A93ED0C4AE4EEA35AE5EE60
:10B8FC00045A67EEA57A83E702EB420267EEA77A59
:10B90C0001EB820267EEA77AD2ED0B3A92ED0A4A6E
:10B91C0023EE233A92ED0C7AA2EE043AA2EE873A89
:10B92C0027EE837A5DE706EB460467EEA77A01EB18
:10B93C00840467EEA77AD4ED0B3A94ED0A4A66EECE
:10B94C00A36A94ED0C7AE0EE046AE0EE876A67EE87
:10B95C00A66A36E79CF8B87227EE077A3D4427EEC4
:10B96C00077A95F8B8522C4494F8B84404EB440484
:10B97C0001EB840494ED0B1AD4ED0A1A67EE817A6C
:10B98C0094ED0C6AE4EE217AE3EE867A27EE276AD0
:10B99C0007E773EEE50A4FF0010E34EE652A002737
:10B9AC00F0EE676A7346B0EE440AF04677EEE55A5D
:10B9BC003E46B0EE605A3A46F0EE424AF0EE602A4D
:10B9CC009DE6B7EE005A4FF0000E0127F0EE632A09
:10B9DC00F0EE630AF04677EEC56A724634EE452AFD
:10B9EC003B46B0EE440A3E4633EEC55AF0EE665A7C
:10B9FC00F0EE424AB0EE663A81E600BF9A99193FE2
:10BA0C000000000000000042D2ED006A92ED017AC5
:10BA1C0091ED024AD1ED037A24EE264AD1ED093A92
:10BA2C0067EE877AD1ED076A2DE9F04134EE277A7B
:10BA3C008EB037EE237A27EE267A77EE045AFDEE97
:10BA4C00E56AB8EEE66AF4EEC65AF1EE10FA06D5DF
:10BA5C0016EE903A013B06EE903AB8EEE66A77EEB7
:10BA6C00276ABDEEC66AFDEEE65A16EE104AB8EE2F
:10BA7C00E56AF4EEC66AF1EE10FA06D515EE903AC8
:10BA8C00013B05EE903AB8EEE56A33EE877AFDEEAF
:10BA9C00C66ABDEEC76A16EE905AF8EEC66AB4EEE8
:10BAAC00E67AF1EE10FA06D516EE103A013B06EEE8
:10BABC00103AF8EEC66ABDEEE67A631906EE904AC5
:10BACC0091ED086A17EE10CAB8EEC75AF8EEE65AAE
:10BADC0006EE905A6344F8EEE66A07EE103AB8EEBA
:10BAEC00C77AE7EE465AE7EE466AA7EE465A34EEB8
:10BAFC00654A77EEE67A73EEC53AB4EEE74AF1EEB4
:10BB0C0010FAF4EEE37A1FDBF1EE10FAC0F20081CA
:10BB1C00B7EE005A4FF0000E0127F0EE632AF0EE5C
:10BB2C00630AF04634EE450A764637EEC53A3B4694
:10BB3C00F0EE676A3A4633EEC55AF0EE435AF0EE31
:10BB4C00404AB0EE402A1EE0F1EE10FA40F1BE8001
:10BB5C00F7EE004A4FF0010E0023B0EE442AF0EE4F
:10BB6C00676A774673EEE40AF04637EEE43A1E460F
:10BB7C00B0EE440A1A4674EE644AB0EE605AF0EE27
:10BB8C00435AF0EE602A9FEDBF7A5FFA8CFC884432
:10BB9C00EDB2A4EE447A8E44E0440E44E6440F44E5
:10BBAC0098F8B8822E44E4B20A4446449EF8B8820F
:10BBBC00A7EEE77A07EB050E96F8B8622244C64466
:10BBCC000B4432448C449EF8B86223440D440C441C
:10BBDC00A3EEE37A334492F8B864B0EE001A93F80B
:10BBEC00B824F0EE081A9CF8B93236EE000AA6EE2C
:10BBFC00012A2B44A6EE013AB5EEC07A93F8B9327D
:10BC0C00E6EE012AE6EE214AF1EE10FA2344E6EEC6
:10BC1C00215AA6EE215A93F8B93476EE266A76EEBE
:10BC2C00200A40F1DB809FED986ADFED967AE0EE1A
:10BC3C00407AE6EEE67AE0EEE07AF5EEC07AF1EEE6
:10BC4C0010FA40F1B480DFED906ADFED8E7AE2EE0F
:10BC5C00427AE3EE437AE2EEE27AF5EEC07AF1EE66
:10BC6C0010FA40F18D809FED887ADFED867AE4EE54
:10BC7C00E47AE5EEE57AE5EE457AF5EEC07AF1EE9A
:10BC8C0010FA66D5DFED807A76EE266A9FED7F6A34
:10BC9C00496800220BAD039036EE877A0C6808AB2E
:10BCAC00246877EE277A06920792089267EE867AD6
:10BCBC0009920A920B920C920D9205AA0095CDED69
:10BCCC00057AA04703980EB0BDE8F081B4EEE34AC4
:10BCDC00F1EE10FA40F1B980F7EE004A4FF0010E88
:10BCEC000023B0EE442AF0EE630A774677EEE46A5E
:10BCFC00764673EEE42A9846B0EE440A1A4674EE81
:10BD0C00644AB0EE625AF0EE665AB0EE663A3AE722
:10BD1C00B4EEE34AF7EE005AB0EE673AF1EE10FAE1
:10BD2C007BDB34EE650A4FF0010E73EEE52A00273B
:10BD3C00F0EE630A7346F0EE676A724677EEE55AE8
:10BD4C00B846B0EE625A3E46F0EE404AB0EE402A9B
:10BD5C0019E703EB430367EEA77A01EB830367EE66
:10BD6C00A77A93ED0B3AD3ED0A3A65EE835A93ED2D
:10BD7C000C4AE4EEA35AE5EE045A67EEA57A83E783
:10BD8C0002EB420267EEA77A01EB820267EEA77A1A
:10BD9C00D2ED0B3A92ED0A4A23EE233A92ED0C7A4D
:10BDAC00A2EE043AA2EE873A27EE837A5DE706EB21
:10BDBC00460467EEA77A01EB840467EEA77AD4ED0C
:10BDCC000B3A94ED0A4A66EEA36A94ED0C7AE0EE17
:10BDDC00046AE0EE876A67EEA66A36E79CF8B872EA
:10BDEC0027EE077A3D4427EE077A95F8B8522C4493
:10BDFC0094F8B84404EB440401EB840494ED0B1A5E
:10BE0C00D4ED0A1A67EE817A94ED0C6AE4EE217A8D
:10BE1C00E3EE867A27EE276A07E773EEE50A4FF022
:10BE2C00010E34EE652A0027F0EE676A7346B0EE19
:10BE3C00440AF04677EEE55A3E46B0EE605A3A4672
:10BE4C00F0EE424AF0EE602A9DE6B7EE005A4FF053
:10BE5C00000E0127F0EE632AF0EE630AF04677EE4F
:10BE6C00C56A724634EE452A3B46B0EE440A3E465D
:10BE7C0033EEC55AF0EE665AF0EE424AB0EE663A30
:10BE8C0081E600BF9A99193F0000000000000042B3
:10BE9C00806E704701207047443070470320704714
:10BEAC00006F7047C06E70472DE9F04F0646D0F812
:10BEBC00E0000D4603682DED028B1B6885B098479A
:10BECC002968A34ACB69934240F0388140F23B2861
:10BEDC0005F12407DFED9F8A9FED9F8A0024DFF890
:10BEEC0080B2DFF8809261E005F58053224650461F
:10BEFC00019493F85ECFBCF1000F6BD12B7A1BB180
:10BF0C00C2F1005202F23A226B6803EBC2031A68C8
:10BF1C0002925B6803930B694B4540F0AE80384648
:10BF2C000378427813433BD0D6ED3E7ADDED026ABE
:10BF3C0096ED3C6A76EEE76A9DED037A36EE676A1B
:10BF4C0066EEA86AC6EE867A77EE887AF4EEE87A20
:10BF5C00F1EE10FA00F39580F5EEC07AF1EE10FADE
:10BF6C0000F1D880D6ED3F6AF3EE095A96ED3D6AA2
:10BF7C00FCEEE77A37EE667A36EE666A17EE903AA2
:10BF8C0067EE256A99B286EE867A37EE087AB4EEB9
:10BF9C00E57AF1EE10FA40F3C3803F2940F2D580E8
:10BFAC0001340337444580F0AA8029688B681FFA56
:10BFBC0084FA5B4540F0A880B4F50F7F94D305F567
:10BFCC00805340F23B2293F85ECF10460192BCF1B5
:10BFDC00000F93D0B3F8602FDDED017AB0FBF2FCCB
:10BFEC0002FB1C00B8EEE77A07EE902A03F66C729F
:10BFFC0080B2F8EEE76AB8EE676A07EE900AF8EEE0
:10C00C00E77A37EE677AC7EE265AD2ED006A03F666
:10C01C00647292ED007A03F5776236EE877A37EE2A
:10C02C00667A67EE277A87EE867A37EE267AD2ED35
:10C03C00006A03F66872D2ED007AB3F8622F76EEDE
:10C04C00A77A8DED027A06EE102A03F6747203F6C7
:10C05C00787377EEE67A82ED007AB8EE466A65EE92
:10C06C00A75AC5EE867A77EEA67AC3ED007A0B69ED
:10C07C00CDED037A4B453FF452AF514628469847D5
:10C08C004EE72022CF233A21D6ED3F7AB3EE096A50
:10C09C00D6ED3D6A37EE677A76EEE76A67EE067A9A
:10C0AC0087EEA67A37EE087AB4EEC67AF1EE10FA7D
:10C0BC001BDCB5EEC07AF1EE10FA2FD40122BCEEE7
:10C0CC00C77A17EE103A9BB21F2B8CBF002202F0DE
:10C0DC000102002A3FF464AFCA43C90801EBC30351
:10C0EC0002F0070101228A40D2B21C490134033705
:10C0FC00C85C444542EA0002CA54FFF456AF05B08E
:10C10C00BDEC028BBDE8F08F2946524602A8984739
:10C11C00296800E78022C8230021B5E70023DBE76C
:10C12C00B5EEC07A3F298CBF00220122F1EE10FA45
:10C13C00C5D50023002A3FF433AFCDE728469847F6
:10C14C0080460028DBD02968C2E61923C4E700BF6B
:10C15C007D02000000006842000000006C3E0120DF
:10C16C008D010000E505000090F84420042A00F23F
:10C17C005A81D0ED0E6A034690ED0D6AF5EEC06A59
:10C18C0070B5F1EE10FA40F14F81B0EE667A002AEC
:10C19C0000F05581D3ED107ADFEDCC5AF4EEE57A50
:10C1AC00F1EE10FA00F1C881D3ED035AF5EEC05A46
:10C1BC00F1EE10FA00F37B82012A1BD0D3ED055A65
:10C1CC00F5EEC05AF1EE10FA00F31F82022A11D0DC
:10C1DC00D3ED075AF5EEC05AF1EE10FA00F3B28225
:10C1EC00042A07D1D3ED095AF5EEC05AF1EE10FA34
:10C1FC0000F33E8293ED0F7A0132B5EEC07AD2B2E3
:10C20C0083F84420F1EE10FAF5EEC07AC8BF9FED2A
:10C21C00AF7AF1EE10FA01D5DFEDAC7A052A83ED99
:10C22C000F7AC3ED107A00F0FD80F7EE005AF4EEB1
:10C23C00E56AF1EE10FA00F10981B4EEE56AB6EEAA
:10C24C00005AF1EE10FAF4EEC57A76FE255AF1EEAC
:10C25C0010FA00F10581D3ED034AF4EEC54AF1EE74
:10C26C0010FA00F32782012A1BD0D3ED054AF4EE15
:10C27C00C54AF1EE10FA00F39481022A11D0D3EDE5
:10C28C00074AF4EEC54AF1EE10FA00F37F82042A55
:10C29C0007D1D3ED094AF4EEC54AF1EE10FA00F3DA
:10C2AC00F181F6EE005A02F1010C5FFA8CFCB4EE4F
:10C2BC00657A83F844C0F1EE10FAF4EE657A35FE37
:10C2CC00877AF1EE10FA48BFF0EE657ABCF1050FF3
:10C2DC0083ED0F7AC3ED107A00F0A480F5EEC06AFE
:10C2EC00F1EE10FA00F1D380B5EEC06A9FED775AEB
:10C2FC00F7EE005AF1EE10FAF4EEE57A36FE055A36
:10C30C00F1EE10FA00F1CD80D3ED034AF4EEE54ADC
:10C31C00F1EE10FA00F3C081D3ED054AF4EEE54AD4
:10C32C00F1EE10FA00F3D680BCF1020F12D0D3ED6F
:10C33C00074AF4EEE54AF1EE10FA00F3F181BCF194
:10C34C00040F07D1D3ED094AF4EEE54AF1EE10FAE9
:10C35C0000F32E82F7EE005A0CF1010C5FFA8CF20E
:10C36C00B4EE657A83F84420F1EE10FAF4EE657AB7
:10C37C0035FE877AF1EE10FA48BFF0EE657A052AA1
:10C38C0083ED0F7AC3ED107A4CD0F5EEC06AF1EE66
:10C39C0010FA07D4B5EEC06ADFED4C6AF1EE10FA74
:10C3AC0076FE266A9FED4A6AF4EEC67AF1EE10FA32
:10C3BC0000F1D880D3ED035AF4EEC65AF1EE10FA20
:10C3CC0000F37B81D3ED055AF4EEC65AF1EE10FA68
:10C3DC0000F3A381D3ED075AF4EEC65AF1EE10FA2E
:10C3EC0000F3C281042A07D1D3ED095AF4EEC65AE0
:10C3FC00F1EE10FA00F3E5819FED356A0132B4EEEF
:10C40C00467A83F84420F1EE10FAF4EE467A36FEC2
:10C41C00077AF1EE10FA48BFF0EE467A83ED0F7A08
:10C42C00C3ED107A70BD7047B5EEC06A9FED277AE8
:10C43C00F1EE10FA36FE077A002A7FF4ABAE00213B
:10C44C00D3ED107A83ED047AD960D3E6B6EE005AB8
:10C45C00F0EE665AF4EEC57AF1EE10FA7FF5FBAE0B
:10C46C00B4EEC57A02F1010C03EBC2025FFA8CFC4C
:10C47C00F1EE10FA82ED035AC2ED045A83F844C06F
:10C48C0040F38680B0EE457AF0EE457A1EE7F7EE83
:10C49C00005AB0EE665AF4EEE57AF1EE10FA7FF53A
:10C4AC0033AFB4EEE57A0CF1010203EBCC0CD2B253
:10C4BC00F1EE10FACCED035A8CED045A83F84420BB
:10C4CC006CDDB0EE657AF0EE657A58E7000000009E
:10C4DC000024744903F1140103F11C02BCF1020F96
:10C4EC0003C982E8030040F27681022201259646B8
:10C4FC0003EBC20103EBC2040C31143403C984E80E
:10C50C0003000EF1010161450ED203EBC2020EF1E4
:10C51C00020E1C32F44594E8030082E8030003D9B0
:10C52C0003F12C04C4E9000103EBC5054FF07E5266
:10C53C0085ED045AEA600DE703EBC2010132C1ED4F
:10C54C00035AD2B281ED047A93ED0F7A83F844202A
:10C55C00B5EEC07AF1EE10FA17DDB0EE657AF0EEBA
:10C56C00657A5BE6B4EEC67A03EBC201013281ED6B
:10C57C00036AF1EE10FAC1ED046A83F844200ADD77
:10C58C00B0EE467AF0EE467A48E7F0EE657A45E68C
:10C59C00F0EE457A9AE6F0EE467A3FE7F0EE657AF1
:10C5AC00EDE64FF0010C03EBCC0E0CF101055FFA3C
:10C5BC008CF47146AA420EF1140E01F10C0103C960
:10C5CC008EE8030018D9A61C03EBCC05F6B21C357B
:10C5DC009EE80300B24285E803000DD9033403EB57
:10C5EC00CC0EE4B20EF1240EA2428EE8030003D965
:10C5FC0003F12C0484E8030003EBCC0C4FF07C51CA
:10C60C00CCED045ACCF80C104BE64FF0010C03EBBC
:10C61C00CC0E0CF101055FFA8CF47146AA420EF1B6
:10C62C00140E01F10C0103C98EE8030018D9A61CE5
:10C63C0003EBCC05F6B21C359EE80300B24285E84C
:10C64C0003000DD9033403EBCC0EE4B20EF1240E2F
:10C65C00A2428EE8030003D903F12C0484E8030002
:10C66C0003EBCC0C00218CED047ACCF80C10C1E55A
:10C67C0003F1240103F12C044FF0030C03C984E8EB
:10C68C000300EDE703F1240103F12C044FF0030C3C
:10C69C0003C984E80300AFE703F10C0103F11402B2
:10C6AC00002503C982E803000122964620E74FF0DB
:10C6BC00000CACE74FF0000C75E74FF0000E03EBED
:10C6CC00CE0C0EF1020603EBCE04614696420CF141
:10C6DC00140C04F11C0401F10C015FFA8EF503C972
:10C6EC008CE8030084E803000FD20335EEB203EBB1
:10C6FC00CE05964205F1240594E8030085E8030075
:10C70C0003D203F12C0484E8030003EBCE0E38496A
:10C71C00CEED046ACEF80C106EE64FF0010ECEE7AB
:10C72C0003F11C0103F12402BCF1030F03C982E8DD
:10C73C00030058D903F12C04022592E80300C4E944
:10C74C000001F1E603F11C0103F12404032A03C9DF
:10C75C0084E8030041D903F12C054FF0020C94E856
:10C76C000300C5E900017BE703F11C0103F124047C
:10C77C00032A03C984E8030037D903F12C054FF0D1
:10C78C00020E94E80300C5E90001BEE703F11C01A9
:10C79C0003F12404032A03C984E8030020D903F11C
:10C7AC002C054FF0020C94E80300C5E9000123E7C7
:10C7BC0003F1240103F12C02032503C982E80300D1
:10C7CC00B2E603F1240103F12C044FF0030E03C96C
:10C7DC0084E8030099E70125A6E64FF0020C3FE739
:10C7EC004FF0020C08E702259EE64FF0020E8CE794
:10C7FC00002474497C30704730B583B004467C31DA
:10C80C00069D0095FEF7BCFE204603B030BD00BF70
:10C81C00B7EE007AD0ED157A06490022064B77EE7A
:10C82C00C77A816482634364C0ED157AC0ED0D7ADA
:10C83C00704700BF0000B4420000C042183070477F
:10C84C005430704730B583B004465431069D009582
:10C85C00FFF7DAF8204603B030BD00BF2830704730
:10C86C00B1F804C08A79A0F800C08270704700BF8C
:10C87C000A682DE9F04F536987B0B94C0E46039006
:10C88C00A34240F0818101F1240302939369B549DD
:10C89C008B4240F05F8106F2D569DFF8E4B20024E8
:10C8AC00D3695B4540F00E8140F23B20A04240F240
:10C8BC000F810399B7EE007A0B7AD1ED016A002152
:10C8CC005B08ADF8141007EE903AF8EEE77A77EEC5
:10C8DC00C77AA6EEA77AFDEEC77A17EE901ACDEDC1
:10C8EC00017A4F428F4224DA9F4B48001B68002B81
:10C8FC0000F025819D4981FB0315D9171D44C1EB1F
:10C90C0025419B4D05FB11339A4D05FB01F144F27A
:10C91C00A71505FB0311002980F218816FF0004761
:10C92C000F44914B1F60B7FBF0F300FB1377019B97
:10C93C00FF1A019B012B40F3F1808B49581E0968AB
:10C94C00002900F0FA80894B83FB0135CB170D448D
:10C95C00C3EB2543864D05FB1311864D05FB03F3F5
:10C96C0044F2A71505FB0131002980F2F1806FF02C
:10C97C0000430B447C49156C0B60B3FBF0F100FBDE
:10C98C0011387D4B9D4208F1010840F0CE80002FFC
:10C99C002146ADF8164040F3BF800025DFF8E4A136
:10C9AC00536B534578D101F674514FF6FF7336F83B
:10C9BC0011109942ADF816100DD00135AF4203D1CC
:10C9CC00AAE0BD4280F2A88001F67451013536F818
:10C9DC0011109942F5D10023ADF8141001990025DE
:10C9EC00DDF808A01F460029B8BF0131B8EB610F74
:10C9FC003BDBEFB1BDF8141004EB440301EB410138
:10CA0C003AF80100514429F803004B448978997095
:10CA1C000DB10134A4B2D3695B4577D140F23B2010
:10CA2C00A04248D90135A84545D03268002FE1D144
:10CA3C0004EB440309EB03018F7029F80370E7E75B
:10CA4C0004EB440309EB03018F7029F803700DB15B
:10CA5C000134A4B2D2695A455BD140F23B20A042CA
:10CA6C0029D90135454526D03268002FE8D0BDF8CC
:10CA7C00143004EB440103EB430309EB01000AEB14
:10CA8C00030C9CF802E009F801E01AF8033043703B
:10CA9C009CF801308370DAE70DF11602304601354F
:10CAAC00984700284DD0BD42BDF8161032687FF46F
:10CABC0077AF034690E732680134D369A4B25B4583
:10CACC003FF4F2AE30469847A04232683FF6F1AEE2
:10CADC00002440F23A25029F0EE0AC4213D804EB3E
:10CAEC004403013439F8030009EB0301FA18A4B22A
:10CAFC00F8528B7893703268D3695B45EDD0304631
:10CB0C0098478442EBD307B0BDE8F08F3046984786
:10CB1C0086E730469047A2E701235DE7156C4FF09E
:10CB2C000108154B9D423FF432AF3B4605AA214606
:10CB3C003046A8473268034650E7104B1AE70F4FB0
:10CB4C00EFE60346BDF81610326845E70F46E8E6F7
:10CB5C000B460FE730469847326881469DE600BF8A
:10CB6C00F1050000F5050000C04E00205F0B4E8360
:10CB7C001DF30100ECF4FFFFF908000042CE0C1F7E
:10CB8C007D020000010700000846984732680290B9
:10CB9C007CE600BF0A682DE9F04F536989B0824CDE
:10CBAC008A460590A34240F0EF8001F1240B936973
:10CBBC007E498B4240F0F2800AF2D5630493002345
:10CBCC007B480293D369BDF80810834240F0B380D0
:10CBDC0040F23B20884240F2B780059BB7EE007ACA
:10CBEC00187AD3ED016A4008BDF8083007EE900AB8
:10CBFC00002003EB4303F8EEE77AADF81E00ADF826
:10CC0C001C00039377EEC77AA6EEA77ABCEEC77A20
:10CC1C0017EE100A84B218465B441BF800005F78CC
:10CC2C009E7801940090002C63D00D4601244FF6A1
:10CC3C00FF79B0463EE0438805F674515D48B3EB8E
:10CC4C000906ADF81E30536B18BF0126834246D13E
:10CC5C003AF81150B5EB0900ADF81C5018BF012083
:10CC6C000134BDF81E1006B301EB4103E8B10BEB28
:10CC7C00030600981BF8033005EB450C18440346DB
:10CC8C000BEB0C001BF80CC01CFA83F39BB200934B
:10CC9C0073781F44B37846784344807816FA87F645
:10CCAC0010FA83F3B7B21FFA83F8E3B20198834208
:10CCBC001C461DD8136B01F638303F4E0AEB400072
:10CCCC00B342B8D00DF11E0250469847DAF8002056
:10CCDC0006463848536B05F674518342B8D0294642
:10CCEC0007AA50469847BDF81C50DAF80020B7E761
:10CCFC0046460299019B01315B0002910099B1FB00
:10CD0C00F3F1B7FBF3F7B6FBF3F6FF29A8BFFF214E
:10CD1C00FF2FDDE90303A8BFFF27FF2E195403449F
:10CD2C00A8BFFF2622489F705E70D369BDF808101B
:10CD3C0083423FF44DAF0091504698470099DAF882
:10CD4C00002088423FF649AF002440F23A25049E69
:10CD5C000FE0AC4215D804EB44030134F05AF1183F
:10CD6C000BEB0302A4B22BF803008B789370DAF868
:10CD7C000020D3690E4A9342EBD050469847844228
:10CD8C00E9D309B0BDE8F08F08469847DAF80020DF
:10CD9C000649834693698B423FF40EAF5046984741
:10CDAC00DAF8002004900AE7F1050000F505000010
:10CDBC007D02000001070000E5060000F8B50B68D5
:10CDCC000E4616485A69824222D101F124040025EC
:10CDDC00134F15E040F23B20854218D223780BB15B
:10CDEC006433DBB2627823700AB16432D2B2A378B6
:10CDFC0062700BB16433DBB2A3700135336803345A
:10CE0C00DB69BB42E6D0304698478542E6D3F8BD95
:10CE1C000846904733680446D9E700BFF105000087
:10CE2C007D020000704700BF0A682DE9F04F53697E
:10CE3C0089B0804C8A460590A34240F0EA8001F10B
:10CE4C00240B93697C498B4240F0ED800AF2D56348
:10CE5C000493002379480293D369BDF808108342E8
:10CE6C0040F0AE8040F23B20884240F2B280059BFD
:10CE7C00B7EE007A187AD3ED016A4008BDF8083095
:10CE8C0007EE900A002003EB4303F8EEE77AADF8C7
:10CE9C001E00ADF81C00039377EEC77AA6EEA77AB6
:10CEAC00BCEEC77A17EE100A84B218465B441BF826
:10CEBC0000005F789E7801940090002C5ED00D46A7
:10CECC0001244FF6FF79B04640E0B0F8863DB3EB55
:10CEDC000906ADF81E3018BF0126D36A05F6FC0111
:10CEEC0057480AEB410183423ED18D88B5EB0900CE
:10CEFC00ADF81C5018BF01200134BDF81E1006B34C
:10CF0C0001EB4103E8B10BEB030600981BF803306F
:10CF1C0005EB450C184403460BEB0C001BF80CC03E
:10CF2C001CFA83F39BB2009373781F44B378467852
:10CF3C004344807816FA87F610FA83F3B7B21FFAD7
:10CF4C0083F8E3B2019883421C4616D8936A0AEB25
:10CF5C0041003C4EB342B8D00DF11E0250469847EA
:10CF6C00DAF800200646B8E7294607AA5046984743
:10CF7C00BDF81C50DAF80020BEE746460299019B2A
:10CF8C0001315B0002910099B1FBF3F1B7FBF3F7B0
:10CF9C00B6FBF3F6FF29A8BFFF21FF2FDDE9030342
:10CFAC00A8BFFF27FF2E19540344A8BFFF26234810
:10CFBC009F705E70D369BDF8081083423FF452AF86
:10CFCC000091504698470099DAF8002088423FF6C5
:10CFDC004EAF002440F23A25049E0FE0AC4215D827
:10CFEC0004EB44030134F05AF1180BEB0302A4B226
:10CFFC002BF803008B789370DAF80020D3690F4A72
:10D00C009342EBD0504698478442E9D309B0BDE82F
:10D01C00F08F08469847DAF8002007498346936951
:10D02C008B423FF413AF50469847DAF80020049037
:10D03C000FE700BFF1050000F50500007D020000C0
:10D04C00C9060000B106000010B5134C236A13B1D9
:10D05C00124AD168E1B9636A13B1104AD16999B91E
:10D06C00A36A13B10D4AD16A51B9E36A3BB10B4AB9
:10D07C00D16B21B10121BDE81040D163184710BD1F
:10D08C000121D1629847F0E70121D1619847E7E788
:10D09C000121D1609847DEE7C04E002000410840D6
:10D0AC0000207047704700BFF8B50C4671B182B1D3
:10D0BC0006468F1800253368304614F8011B1B6890
:10D0CC009847BC420544F6D12846F8BD0D46284683
:10D0DC00F8BD1546F8E700BF00234FF470410F224E
:10D0EC004FF4604CA0F88C114FF48061A0F88E21A5
:10D0FC00A0F89031B0F8882192B242F0F002A0F87A
:10D10C00882148F2B822A0F804C0C1804384038669
:10D11C0043804381C2814382C3824383C383A0F88B
:10D12C0064C0A0F86610A0F88230A0F89030A0F887
:10D13C006230A0F86A30A0F86E20A0F87230A0F827
:10D14C007630A0F87A30A0F87E30A0F8C4C0A0F8F1
:10D15C00C610A0F8E230A0F8F030A0F8C230A0F869
:10D16C00CA30A0F8CE20A0F8D230A0F8D630A0F863
:10D17C00DA30A0F8DE30A0F824C1A0F82611A0F80F
:10D18C004231A0F85031A0F82231A0F82A31A0F891
:10D19C002E21A0F83231A0F83631A0F83A31A0F89F
:10D1AC003E31B0F888319BB243F00F03A0F88831C0
:10D1BC00B0F888319BB243F47063A0F888317047A3
:10D1CC000449054A4968054B19601368013313601B
:10D1DC00704700BF001000E0F83C0120FC3C01202F
:10D1EC0030BFFDE7836BF0B41BB1536843F40043CD
:10D1FC00536072B6446B3CB31A4B2260D3F8B04107
:10D20C000C421DD1184E776804E07468E41BB4F529
:10D21C00166F0BD2D3F8404144F48044C3F840411C
:10D22C00D3F8B851D3F840416404EED50D4007D182
:10D23C000C4CC0E90225D4F8B0310B43C4F8B03122
:10D24C00426362B6F0BC7047064DC0E90224D5F8C3
:10D25C00B0310B43C5F8B0310263426362B6F0BC27
:10D26C00704700BF00002E40001000E00D4A92F8FD
:10D27C00301092F83100CBB281420FD001330A4901
:10D28C00092B28BF0023134493F8343002EB4302DC
:10D29C0001EB4323B2F84020985C70474FF0FF300D
:10D2AC00704700BFC04E002080202020294B1B78E7
:10D2BC00002B4DD070B5284CB4F8501001B970BD8E
:10D2CC0094F8530004F1600C244B01260CEB401233
:10D2DC00C1F5006103EBC02384F8526040010D04DA
:10D2EC0019444CF8006003F5805045F080059360BC
:10D2FC00D06003F500505560106103F5405050614B
:10D30C0003F5804090610020D061BFF34F8F4FF048
:10D31C00E020C0F8703F20339942FAD8BFF34F8F0A
:10D32C00BFF36F8F4FF480110D48FFF75BFF94F83C
:10D33C0053300133DBB2032B88BF002384F8533006
:10D34C000023A4F85030BFF34F8F84F8523070BDD7
:10D35C00704700BFF03C0120C04E00208000202010
:10D36C00400200202DE9F84F354D95F8303095F8F6
:10D37C00312093425ED0DEB205F58078DFF8C8A08C
:10D38C004FF0E0244FF40037DFED2E7A0136082EF3
:10D39C0052D85FFA86F9AB19D5F8E0C0B5F800128F
:10D3AC00012093F8343005EB43024FEA431EB2F8E8
:10D3BC00E4B0B2F84020ABEB020B08EB4312ACEB41
:10D3CC000B0CC5F8E0C04FEA014CC4F88C714CF062
:10D3DC00800C48F80E00D3610AEB4323C2F804C05A
:10D3EC0003F5805C93601944C2F80CC003F5005C33
:10D3FC00C2F810C003F5405CC2F814C003F5804CB1
:10D40C00C2F818C0BFF34F8FC4F85C3F2033994269
:10D41C00FAD8BFF34F8FBFF36F8F082117EE900A26
:10D42C00FFF7E0FEC4F80C7185F8309095F83130B8
:10D43C009E42ABD1BDE8F88F0026B146ABE700BFEA
:10D44C00C04E00208001002080202020194B01219B
:10D45C0093F8532083F85210B2B1586E8A4280F080
:10D46C008000C0F3C0104FEAC0200ED1D3F8A41036
:10D47C00090658BF00F50060032A0ED1BFF34F8F89
:10D48C00002283F8522070471046D3F88410090606
:10D49C0058BF00F50060022AE8D1D3F8C420120668
:10D4AC0058BF00F50060BFF34F8F002283F8522065
:10D4BC00704700BFC04E0020F8B5284C94F852308D
:10D4CC00002B49D103F0FF05254B1B78002B43D0D3
:10D4DC00B4F8501000293FD094F8530004F1600CBC
:10D4EC00204B01270CEB4012C1F5006103EBC0236C
:10D4FC0040010E0419444CF8007003F5805046F0BE
:10D50C008006D561D06003F500505660106103F5BC
:10D51C0040509360506103F580409061BFF34F8F92
:10D52C004FF0E020C0F8703F20339942FAD8BFF397
:10D53C004F8FBFF36F8F4FF480110B48FFF752FEE4
:10D54C0094F853300133DBB2032B88BF002384F8EB
:10D55C0053300023A4F85030F8BD00BFC04E00205B
:10D56C00F03C0120800020204002002038B5EFF371
:10D57C00108172B60E4CD4F804329BB100255A6956
:10D58C001846C4F8042202B1956171B962B69A6862
:10D59C00184659779047EFF3108172B6D4F80432DD
:10D5AC00002BECD101B962B638BD9A685D77F1E712
:10D5BC00C04E0020844B854A85492DE9F0435E69B5
:10D5CC0088428CBF4FF012084FF00E089C69D76848
:10D5DC00D3F8801007F01F0941F0C001C145C3F812
:10D5EC00801007D268F30407D7601368002BFCDAAD
:10D5FC0007F01F0916F0007324D1764A1169764A98
:10D60C008A4300F0DA8084F4805231464FF480551E
:10D61C0011F0605F04D026F060561E436A4B5E61C9
:10D62C0012F4405F07D024F44054674A2C439461B1
:10D63C00936C1907FCD446F00076634A5661936CE0
:10D64C009B06FCD44FF0010C0146644C634603FB73
:10D65C00011203F1010E0CF10105A24218D8BEF122
:10D66C00080F4FF0010340F08A80BCF1040F00F268
:10D67C008C804218A24200F29A8005FB00F1AC4665
:10D68C0003F1010E03FB01120CF10105A242E6D9D4
:10D69C000CF1FF3452491144524A91427AD9524DFD
:10D6AC006C2252484B49B0FBFEF0D1F800E0B0FBC5
:10D6BC00FCF0DFF860C10EEA0C0CAC4508D042F46B
:10D6CC0000524FF480550D600A600A68002AFCDA9B
:10D6DC003D4A116901F00701994203D01361936C23
:10D6EC00DD03FCD486EA8423A40213F4E05F09D0A2
:10D6FC0026F4E05604F4E054334A26435661936C06
:10D70C009907FCD43A493B4A0144914239D83A4BE7
:10D71C00C909A3FB0131090B4B1E1B0286EA03024C
:10D72C0012F4407F06D026F4407603F44073264A68
:10D73C0033435361244A536923F000735361936C50
:10D74C009B06FCD42D4BC845A3FB00234FF0FF32A6
:10D75C00B0FBF1F14FEA9343B2FBF3F3284A1060AC
:10D76C005160284A136008D227F01F07174A47EA6E
:10D77C000807D7601368002BFCDABDE8F08373460A
:10D78C0065E74FF440730421C8E715490CF1FF34E9
:10D79C00072311441C4A1D48A2FB01211C4D0A0DF4
:10D7AC00362A38BF362202FB00F015437AE764466E
:10D7BC000023AC464FF0010E6CE71D4686F0C051BD
:10D7CC0022464FF0C05323E700C00F400000084032
:10D7DC0000A4781F00800D4040300080FFB19F26D0
:10D7EC00808D5B00FF7EF64D6C20008000643F4D09
:10D7FC007FD1F0087F17B42C9F10E50083DE1B430C
:10D80C00A4430020003D0120819F5E16001BB70041
:10D81C00002000807F30018010B5044618F0C8FC51
:10D82C00204610BD10B5044618F0C2FC204610BDB1
:10D83C0010B5044618F0BCFC204610BD10B50446CB
:10D84C0018F0B6FC204610BD70B5094B06460446D0
:10D85C0000F50075036054F8040F08B118F0A8FC2B
:10D86C00AC42F8D1304618F0A3FC304670BD00BF76
:10D87C000420002010B5044618F09AFC204610BD78
:10D88C0010B5044618F094FC204610BD70B5094B39
:10D89C000646044600F50075036054F8040F08B101
:10D8AC0018F086FCAC42F8D1304618F081FC3046BA
:10D8BC0070BD00BFF01F002010B50446C06A08B14F
:10D8CC0018F076FC206B08B118F072FC204618F0AA
:10D8DC006FFC204610BD00BF70B5094B06460446D0
:10D8EC0000F50075036054F8040F08B118F060FCE3
:10D8FC00AC42F8D1304618F05BFC304670BD00BF2E
:10D90C001820002010B5044618F052FC204610BD1B
:10D91C0010B50446406808B118F04AFCA06808B17C
:10D92C0018F046FC204618F043FC204610BD00BF02
:10D93C000B682DE9F0475A690D467C4C8146A24292
:10D94C002DED068B8AB040F0CC8001F124079A694A
:10D95C0077498A4240F0CE801A6805F2D56675493F
:10D96C008A4240F0D08095ED067AF6EE006AD5ED4D
:10D97C00045AD5ED057A95ED036A37EE257A77EEE4
:10D98C00867A27EE267A67EEA67A8DED077ACDEDAC
:10D99C00067A00249FED689ADFED688ADFF8A08193
:10D9AC00ADF816400EE0BDF81630A2B203EB4303FF
:10D9BC0002EB4202F85A3B44B118B0529B788B7080
:10D9CC002B680134DA691FFA84FA424567D140F2B8
:10D9DC003B20504568D99B685246294608A8984771
:10D9EC00D9ED036ADDED097A9DED087A77EEA67A1A
:10D9FC00D9ED025A9DED076A37EE257ADDED066A00
:10DA0C0077EEC67A37EE667A27EEA70A77EEA87A13
:10DA1C0077EE090AA7EE070AB5EE400AF1EE10FA06
:10DA2C0076D4F1EEC09AB0EE670A16F049FBB7EE69
:10DA3C00006AF6EE006A99ED047AF1EE007A86EE51
:10DA4C00298AB0EE40AA28EE268A28EE078A28EE0C
:10DA5C00278A16F06DFCF0EE409AB0EE4A0A16F0EA
:10DA6C0063FB60EE087A69EE889AD5F800C05146DF
:10DA7C000DF11602FDEEE77A2846BDEEE97ACDED02
:10DA8C00007A17EE103ADCF848A0D04700288AD16B
:10DA9C00A3B203EB4303F218F052907090E72846C0
:10DAAC00904750452B6896D8002440F23A290CE058
:10DABC004C4511D804EB44030134F05AF118FA1810
:10DACC00A4B2F8528B7893702B68DB694345EFD086
:10DADC00284698478442EDD30AB0BDEC068BBDE8CE
:10DAEC00F087084690472B68114907469A698A4285
:10DAFC003FF432AF284690472B680E4906461A6809
:10DB0C008A423FF430AF294606A890472B6840E77D
:10DB1C00CDED037ACDED020A15F0EAFFDDED037AC7
:10DB2C00F0EE409ADDED020A7DE700BFF105000042
:10DB3C00F5050000B504000000000000000048429C
:10DB4C007D02000030B583B004461831069D009567
:10DB5C00F9F72AFF204603B030BD00BF2DE9F04F86
:10DB6C00AF4C85B0D4F84431DF070193C4F844318D
:10DB7C0052D5D4F8AC31002B49D0DFF8A8A2DFF88D
:10DB8C00C4B20AF5137202F580520292C4F8AC3199
:10DB9C00DBE90A20D4F8403143F40053C4F8403197
:10DBAC00D4F840319D04F5D5D4F8403123F400531A
:10DBBC00C4F840314FF00113C4F8B431D4F8B47147
:10DBCC0017F00117FAD193B2CAF80872B3F5086FBF
:10DBDC0000F06F8300F25E8140F20235AB4200F040
:10DBEC00388300F20F81822B00F0DE82B3F5817F47
:10DBFC0040F0C18010F0780F83B200F0DD834FF05D
:10DC0C000113C4F8C031D4F8AC31002BBED1844B15
:10DC1C00D3F8BC51002D47D1019B5E0615D5804A27
:10DC2C00D2F8AC31C2F8AC31D2F8BC31C2F8BC314C
:10DC3C00D2F8B031002BFBD14FF0FF307949C2F84C
:10DC4C00B401D2F88421C1F84432019BDC0104D523
:10DC5C00744BD3F8483203B19847019B580709D548
:10DC6C006F4BD3F8843113F4007319D06D4B012230
:10DC7C0083F840226A4BD3F8482111060DD5019A3E
:10DC8C0012060AD5674991F8A12232B1013AD2B2F3
:10DC9C0081F8A122002A00F0908405B0BDE8F08F35
:10DCAC00604A82F84032E5E7DFF878A1C3F8BC514E
:10DCBC00DAF80822154240F0AB83DAF8443215EA60
:10DCCC000309A9D05FEA194728D0DFF878B14FF0E3
:10DCDC00010897FAA7F5B5FA85F50BEBC51ADAF832
:10DCEC0070600AF1400AAEB13246002404E01268BA
:10DCFC000134012A00F0E183536813F08003F6D05D
:10DD0C00CAF8302034B13046DAF8383036689847E3
:10DD1C00013CF8D108FA05F5AF43DAD11FFA89F5C1
:10DD2C00002D3FF479AFDFF81CB14FF0010895FAE4
:10DD3C00A5F6B6FA86F60BEBC619D9F83070AFB16A
:10DD4C003A46002404E012680134012A00F0B8833A
:10DD5C00536813F08003F6D0C9F8302034B138463C
:10DD6C00D9F838303F689847013CF8D108FA06F6E4
:10DD7C00B543DCD150E7802B7FF441AF2A4B012215
:10DD8C00AAF84C72CAF86832029BCAF86022CAF828
:10DD9C006C32264A264BCAF86422CAF8703203F554
:10DDAC00805203F50053CBF84C70CAF87422CAF8B1
:10DDBC007832204BCBF84830D4F8B03143F4803370
:10DDCC00C4F8B031D4F8B031002BFBD1CAF82832EA
:10DDDC00CBF80C300123CAF820328023CAF8243245
:10DDEC00154BCBF808304FF00113C4F8BC31D4F804
:10DDFC00B03143F00103C4F8B031D4F8B031002B8A
:10DE0C00FBD100E7B3F5A06F00F08881A3F5D063D8
:10DE1C00012B3FF6F4AE87B2160C0849084B18E0FC
:10DE2C0000002E40C04E00200C510020800002004B
:10DE3C000C71002020510020E0500020AC43002049
:10DE4C00542900200000002019690C3300293FF4EC
:10DE5C00D6AE1A88B242F7D15A88BA42F4D1320AF5
:10DE6C00032A00F00B831F89000C874228BF07464A
:10DE7C00B6F5007F40F00783B94B3A469AF840520A
:10DE8C0003F16401B748002D08BF1946B54D17F0D2
:10DE9C0063F938E342F22125AB4268D010D942F243
:10DEAC0021318B426DD04FF6C0018B427FF4A7AE6F
:10DEBC0010F47F4F87B27FF4A2AE47F46E47ABE706
:10DECC00B3F5106F7AD042F22105AB427FF497AED6
:10DEDC00030C072B7FF493AEA34BCBF80C70CAF852
:10DEEC006832CAE9A2200122CAF860229F4ACAF805
:10DEFC00642203F58052CAF86C2203F50052CAF86A
:10DF0C00702203F54052CAF8742203F58042303B6C
:10DF1C00CAF87822CBF80830D4F8B03143F00103BA
:10DF2C00C4F8B031D4F8B031002BFBD1CAF8283288
:10DF3C00CBF84C300123CAF8203248F28003CAF8DF
:10DF4C0024328B4BCBF848304FF00113C4F8BC3162
:10DF5C00D4F8B03143F48033C4F8B0314FF480338B
:10DF6C00CAF80832D4F8B031002BFBD14BE680B2A2
:10DF7C0038B9804BC2F307421B68CAF880328AF862
:10DF8C0084220023CAF82832CBF84C300123CAF87B
:10DF9C0020328023CAF82432754BCBF848304FF02E
:10DFAC000113C4F8BC31D4F8B03143F48033C4F855
:10DFBC00B031D4F8B031002BFBD124E6C2F30742C8
:10DFCC006D4B6E4E39461A7080226D4BA6F1840053
:10DFDC00B946C4F8C8316B4BC4F8CC316A4BC4F8A1
:10DFEC00D0319AF84032002B15BF4FF40075402504
:10DFFC004FF000734FF4800314BF4FF008584FF0EC
:10E00C0001580393AAF80052AAF8425216F0A6FF40
:10E01C0039464FF4807206F11C008AF85370AAF846
:10E02C00507016F09BFF39463760F7603C2246F87B
:10E03C00A47C46F8987C55488AF831708AF8307080
:10E04C00CAF8E070C6E9017746E9287716F086FF32
:10E05C0001224F4B3946CBF848213C224D481C3607
:10E06C00CBF8403116F07AFFDAF844320122394607
:10E07C00494843F00803CBF888213C22CBF8808137
:10E08C00CAF844324FF0E027444BDFF81881CBF844
:10E09C00B83116F063FF039B2A464546CBF8403255
:10E0AC000123CBF848324FF40033C7F88C310123ED
:10E0BC00B56033601304C6F81C902A4443F0800307
:10E0CC00736005F58053F36005F50053336105F576
:10E0DC004053736105F58043B361BFF34F8F2B46FB
:10E0EC00C7F85C3F20339A42FAD8BFF34F8FBFF387
:10E0FC006F8F082109F1010932462948FFF772F8A0
:10E10C004FF40033894505F5007506F12006C7F874
:10E11C000C3100F01481BAF80022C4E70123CAF8CC
:10E12C002872CBF84C70CAF820328023CAF82432FB
:10E13C000F4BCBF848304FF00113C4F8BC31D4F876
:10E14C00B03143F48033C4F8B031D4F8B031002B83
:10E15C00FBD1130C5B0643F08073C4F8543152E5C9
:10E16C000027006000002020505100208000070094
:10E17C00E0500020F83C0120F03C0120A44F00208E
:10E18C000200CC00C80002000200C80044010020BC
:10E19C0000001020840100204402002021BF000058
:10E1AC00800100208020202083B210F078007FF4C2
:10E1BC0026ADC54903F07F0251F822201906AAF8B2
:10E1CC004C0200F17381D70700F17381BF4B012220
:10E1DC00CAF86832029BCAF86022CAF86C32BC4A90
:10E1EC00BC4BCAF86422CAF8703203F5805203F5AE
:10E1FC000053CAF87422CAF87832B74BCBF84830BF
:10E20C000023CBF84C30D4F8B03143F48033C4F84D
:10E21C00B031D4F8B031002BFBD1CAF82832CBF88E
:10E22C000C300123CAF820328023CAF82432AB4BBD
:10E23C00CBF808304FF00113C4F8BC31D4F8B0312E
:10E24C0043F00103C4F8B031D4F8B031002BFBD14A
:10E25C00D9E410F0780F83B27FF4D1AC03F07F02D5
:10E26C00994913F0800F51F8223014BF43F48033D6
:10E27C0043F0010341F822300023CAF82832CBF8CE
:10E28C004C300123CAF820328023CAF82432934B35
:10E29C00CBF848304FF00113C4F8BC31D4F8B0318E
:10E2AC0043F48033C4F8B031D4F8B031002BFBD137
:10E2BC00A9E48B4A854B1278CAF868328AF84C224A
:10E2CC000122029BCAF86022CAF86C32854A814B43
:10E2DC00CAF86422CAF8703203F5805203F5005371
:10E2EC00CBF84C70CAF87422CAF878327A4BCBF857
:10E2FC004830D4F8B03143F48033C4F8B031D4F89A
:10E30C00B031002BFBD1CAF82832CBF80C300123EA
:10E31C00CAF820328023CAF82432704BCBF808306C
:10E32C004FF00113C4F8BC31D4F8B03143F0010301
:10E33C00C4F8B031D4F8B031002BFBD163E46A4B94
:10E34C00002580266948CAF848324A23C4F884500C
:10E35C002946C4F880303246D4F8483143F08073F3
:10E36C00C4F8483116F0FAFD614BCAF82462CBF8B8
:10E37C00A03003F13C43CAF8285203F56C23CBF8C8
:10E38C004C5003F56F73CBF8E0300123CAF8203200
:10E39C00524BCBF848304FF00113C4F8BC31D4F8D1
:10E3AC00B03143F48033C4F8B031CAF80852D4F811
:10E3BC00B031002BFBD126E403F07F02424913F06D
:10E3CC00800F51F8223014BF23F4803323F0010363
:10E3DC0041F822300023CAF82832CBF84C30012304
:10E3EC00CAF820328023CAF824323C4BCBF8483090
:10E3FC004FF00113C4F8BC31D4F8B03143F480337E
:10E40C00C4F8B031D4F8B031002BFBD1FFF7FBBB13
:10E41C00BAF8880242F2210100228842CAF8082286
:10E42C00DAF88C227FF449AC92B2002A7FF445AC26
:10E43C000AF5247292E80300AAF89C1286284FEA87
:10E44C001141CAF898028AF89E127FF436AC72B663
:10E45C009AF8A02242F008028AF8A022D3F84821A8
:10E46C00160606D442F080028021C3F84411C3F88A
:10E47C00482162B650238AF8A1321EE4000C0F78B2
:10E48C00874228BF0746B6F5E06F37D1194B3A469D
:10E49C009AF84002A3F16401174D002808BF1946F1
:10E4AC00284616F059FE07236B702CE0D3037FF53A
:10E4BC008DAE01238AF84C3288E6CAE90C3321E48C
:10E4CC00C9E90C334AE400BFC0012E400C510020B6
:10E4DC00800002000C71002020510020E050002030
:10E4EC00F03C012080000100B9AB0000800000204E
:10E4FC005DCFC6B86427006000002020434D3A462B
:10E50C00284616F029FEE9194048BFF34F8F4FF00B
:10E51C00E0220346C2F8703F20339942FAD8BFF389
:10E52C004F8FBFF36F8F47B33B040122CAF86802C9
:10E53C0043F08003CAF86022CAF86432344B03F506
:10E54C008052CAF86C32CAF8702203F5005203F5F7
:10E55C004053CAF87422CAF878322E4BCBF84830A4
:10E56C000023CBF84C30D4F8B03143F48033C4F8EA
:10E57C00B031D4F8B031002BFBD101220023CAF802
:10E58C0020228022CAF82832CAF82422224ACBF848
:10E59C000C30CBF808204FF00112C4F8BC21D4F891
:10E5AC00B02142F00102C4F8B021CAF80832D4F804
:10E5BC00B031002BFBD1FFF726BB91F8A02202F063
:10E5CC00F70281F8A0222AB9D3F8482122F0800260
:10E5DC00C3F84821114B1B6E9B0700D4FBBE72B6CF
:10E5EC000F4B00200F4AC3F8400103F160430E4962
:10E5FC00A3F55F2311649D46BFF34F8F4FF40013B7
:10E60C000A480B4ADB6902609B689847000020208F
:10E61C000010202020510020E050002000441F401A
:10E62C0000002E4000C00A40030020000080202083
:10E63C00000012EB72B6EFF30582664BC3F8842030
:10E64C00EFF308804FF0E021634AD1F8284DC3F86E
:10E65C008840D1F82C4DC3F88C40D1F8344DD1F80A
:10E66C00381DC3E924418169C3F89810C169C3F806
:10E67C009C10D2F880305B07FBD5D2F8803057481D
:10E68C00C3F30B235649D0EDAA6A07EE903AD0EDAE
:10E69C00AB5AF8EE666A90EDAC6AF8EEE77A90ED5C
:10E6AC00A97A4C4CB8EE477A4A6A77EEE67A8B6ACE
:10E6BC0067EEA57AC7EE866A77EE667AC4ED287A9D
:10E6CC00184614464A6A8B6A8342F9D1A242F7D1A2
:10E6DC00404C0B21DB0B4348C4F8801043EA424307
:10E6EC0041494FF0FF32414DC4F8A4300368202457
:10E6FC0004305A4002F00103013C01FB03F383EAAE
:10E70C005202F7D1A842F1D1324BC3F8A820BFF383
:10E71C004F8F4FF0E0233349354AC3F8701FC3F8CD
:10E72C00702FBFF34F8FBFF36F8F324A02253248E1
:10E73C00D36E324943F44053D3660560D3693048F5
:10E74C0023F07F0343F04003D3610B6883423DD831
:10E75C00294D00214FF0E0234FF0FF3229600126B4
:10E76C00C5F808112749C5F80011C5F80861C3F8A8
:10E77C008021C3F88421C3F88821C3F88C21C3F805
:10E78C00902101E0FFF7EAF9D5F80C31002BF9D014
:10E79C000134C5F80C614F2CF4D91B4B02201B49DA
:10E7AC004FF00042C1F840015A63D5F80C313BB927
:10E7BC0017481849104A0163D2F80C31002BFAD0D3
:10E7CC004FF0E023144AC3F80C2DFEE7FEF7F2FEDF
:10E7DC00BEE700BF00FF272000810D40C04E002087
:10E7EC0000400D4080FF27202083B8EDA8FF272094
:10E7FC00A0FF272000C00F4000400840A443002089
:10E80C00803DCD0B009F240000900D4000002E4059
:10E81C0000800F40F100AD0B0400FA05FFF70ABFB2
:10E82C002DE9F84F5A4D4468B5F80072C4F30E4404
:10E83C00C6693C1B002C29DD95F8312095F8301069
:10E84C00D3B28A420AD0EA1892F8340005EB400998
:10E85C00B9F8E480C8F50072944251D90133002212
:10E86C0005EB4601082BA1F8402094BFDAB2134601
:10E87C00A1F8E44085F831202B44D5F8E02083F84A
:10E88C0034601444C5F8E040BDE8F88F4FF0E02444
:10E89C004FF4003305F580714FF0010CC4F88C3146
:10E8AC0075013C4B01EB461241F805C0380403EBF3
:10E8BC004623D66140F0800003F580511F44506020
:10E8CC00D16003F500519360116103F54051516122
:10E8DC0003F580419161BFF34F8FC4F85C3F203347
:10E8EC009F42FAD8BFF34F8FBFF36F8F08212A488E
:10E8FC00FEF778FC4FF40033C4F80C31BDE8F88F08
:10E90C00244B08EB40202246A04403EB462B184432
:10E91C004FF0E02A594616F01FFCD5F8E02005F51B
:10E92C008071A9F8E48022444FF4003438045B462B
:10E93C00C5F8E0200125CAF88C41740101EB4612A0
:10E94C0040F080000D510BF580515F445060D16058
:10E95C000BF50051D66111610BF54051C2F808B0AE
:10E96C0051610BF580419161BFF34F8FCAF85C3F49
:10E97C0020339F42FAD8BFF34F8FBFF36F8F08211C
:10E98C000548FEF72FFC4FF40033CAF80C317BE737
:10E99C00C04E002080202020800100202DE9F04F67
:10E9AC004FF0E0234D4D4FF4003285B0DFF830913D
:10E9BC0005F58078C3F88C2195F8304095F8313006
:10E9CC00E4B2DFF820A1A3427CD00134092C28BF8B
:10E9DC0000242B1993F8347005EB4703B3F840105F
:10E9EC00B3F8E4B0ABEB010BBBF1010F18D9D5F8C0
:10E9FC00E02001EB47273A480131013AC05DA3F80A
:10EA0C004010C5F8E0208DF80F004FF0E0234FF4D4
:10EA1C000032C3F80C219DF80F0005B0BDE8F08F53
:10EA2C0001EB47215A467B020DF10F0049444FF090
:10EA3C00E026019316F090FBD5F8E0C0E0B2B5F8F3
:10EA4C00001208EB4712ACEB0B0C019B4FF0010EC4
:10EA5C00C5F8E0C04B4485F830004FF400304FEA65
:10EA6C00471CC6F88C01080448F80CE0194440F027
:10EA7C008000D76103F500579360506003F5805018
:10EA8C00D06003F54050C2E9047003F580409061FA
:10EA9C00BFF34F8FC6F85C3F20339942FAD8BFF3CF
:10EAAC004F8FBFF36F8F08215046FEF79BFB4FF43F
:10EABC000033C6F80C31BBF1000FA6D195F83130FC
:10EACC00A34282D14FF0E0234FF400324FF0FF30DD
:10EADC00C3F80C2105B0BDE8F08F00BFC04E00207C
:10EAEC0080202020800100202DE9F04F104D87B0B0
:10EAFC0006460021B5F90A20E86AD31DDFF834B0C8
:10EB0C0048BF02F10E03B5F90820DB1003FB02F23B
:10EB1C0016F024FA0020019602461FFA80F9002311
:10EB2C000FFA80F800F0070A0BEB001C0CE000BF9A
:10EB3C006C460120542900205200D2B212F0800FF2
:10EB4C000FD10133802B37D019B213F007069FB2C7
:10EB5C000C46F1D10CEBE10292F8842012F0800FFC
:10EB6C00EFD0B5F90CE08E45EBDDB5F90E10414553
:10EB7C00E7DDA97E022900F0B282032900F0A5820C
:10EB8C000129B5F908E000F09A821F465646444622
:10EB9C00002C03F10103B8BF0734802B4FEAE404C7
:10EBAC0014FB0E714FF00104EF6A04FA06F67C5C5C
:10EBBC0044EA06047C54C7D101304028ADD1019EF3
:10EBCC00002140F20112BE4F96F8DC3069612A83B5
:10EBDC00002B00F092823A78D6F8D8301AB9B94A9C
:10EBEC00127803EB820302AC1968204613F0DAFFAB
:10EBFC00234600220D21032008F0EEF8029817F0AE
:10EC0C00D7FA3B78002B40F09082AE4B5B78023306
:10EC1C004FF0000856F823A0CDF8108050468DF820
:10EC2C001480CDE9028816F04BFB814658B10130B7
:10EC3C0017F0B6FA38B1514680F800800290CDE951
:10EC4C00039916F00BFA234601220D21222008F01D
:10EC5C00C3F8029817F0ACFA3B78002B40F06982AD
:10EC6C00984BDB7902334FF0000856F823A0CDF80F
:10EC7C00108050468DF81480CDE9028816F020FBE8
:10EC8C00814658B1013017F08BFA38B1514680F8F3
:10EC9C0000800290CDE9039916F0E0F92346072293
:10ECAC000D21422008F098F8029817F081FA3B7871
:10ECBC00002B40F03C82834BDB7820334FF0000874
:10ECCC0056F823A0CDF8108050468DF81480CDE96D
:10ECDC00028816F0F5FA814658B1013017F060FA47
:10ECEC0038B1514680F800800290CDE9039916F0B6
:10ECFC00B5F9234603220D21622008F06DF8029825
:10ED0C0017F056FA3B78002B40F023826D4BDB7AE0
:10ED1C000C334FF0000856F823A0CDF81080504665
:10ED2C008DF81480CDE9028816F0CAFA814658B1E4
:10ED3C00013017F035FA38B1514680F80080029056
:10ED4C00CDE9039916F08AF923460B221C210320E6
:10ED5C0008F042F8029817F02BFA3B78002B40F0A1
:10ED6C00F681584B9B7802334FF0000856F823A0DD
:10ED7C00CDF8108050468DF81480CDE9028816F03D
:10ED8C009FFA814658B1013017F00AFA38B1514652
:10ED9C0080F800800290CDE9039916F05FF92346C4
:10EDAC0002221C21222008F017F8029817F000FA12
:10EDBC003B78002B40F0C981424B1B7A16334FF045
:10EDCC00000856F823A0CDF8108050468DF814801A
:10EDDC00CDE9028816F074FA814658B1013017F06B
:10EDEC00DFF938B1514680F800800290CDE90399E3
:10EDFC0016F034F9234608221C21422007F0ECFFC0
:10EE0C00029817F0D5F93B78002B40F09C812D4BE4
:10EE1C005B7920334FF0000856F823A0CDF8108012
:10EE2C0050468DF81480CDE9028816F049FA8146D7
:10EE3C0058B1013017F0B4F938B1514680F8008060
:10EE4C000290CDE9039916F009F9234605221C21FD
:10EE5C00622007F0C1FF029817F0AAF93B78002B4B
:10EE6C0040F06F81174B5B7A22334FF0000856F855
:10EE7C0023A0CDF8108050468DF81480CDE902887F
:10EE8C0016F01EFA814658B1013017F089F938B1E5
:10EE9C00514680F800800290CDE9039916F0DEF817
:10EEAC00234609222D21032007F096FF029817F024
:10EEBC007FF93B78002B40F04281024B1B7903E039
:10EECC0005500120C84F012002334FF0000856F8BE
:10EEDC0023A0CDF8108050468DF81480CDE902881F
:10EEEC0016F0EEF9814658B1013017F059F938B1E6
:10EEFC00514680F800800290CDE9039916F0AEF8E7
:10EF0C00234604222D21222007F066FF029817F0D9
:10EF1C004FF93B78002B40F010818F4B9B7A2233BA
:10EF2C004FF0000856F823A0CDF8108050468DF80D
:10EF3C001480CDE9028816F0C3F9814658B101302E
:10EF4C0017F02EF938B1514680F800800290CDE9C7
:10EF5C00039916F083F823460A223C21032007F07C
:10EF6C003BFF029817F024F93B78002B40F0E3802C
:10EF7C00794B1B7B0233002756F8238004974046BD
:10EF8C008DF81470CDE9027716F09AF9064650B157
:10EF9C00013017F005F930B1414607700290CDE908
:10EFAC00036616F05BF823463C210C222220002439
:10EFBC0007F012FF0298232617F0FAF8DFF89CC12D
:10EFCC0021464FF0010EB7B24222002308E049005F
:10EFDC00C9B208060ED401330132402B92B23DD097
:10EFEC0013F0070F18B2F2D104EBE0001CF800107C
:10EFFC000806F0D510B2B5F90C808045EBDDB5F9FB
:10F00C000E80B045E7DD95F81A80B8F1020F45D0B7
:10F01C00B8F1030F34D0B8F1010F28D0B5F908A01E
:10F02C00B946B046B8F1000F09F0070903F1010326
:10F03C0002F10102B8BF08F107080EFA09F9402BDA
:10F04C0092B24FEAE80818FB0A00D5F82CA01AF87F
:10F05C00008028EA09080AF80080C1D17E1C083417
:10F06C00B3B236B2432BAED107B0BDE8F08FB5F9D1
:10F07C0008A0804691460AF1FF30C01B00B2D1E7D0
:10F08C00B5F80A803046B5F908A008F1FF38A8EBAE
:10F09C0002081FFA88F90FFA88F8C3E7B5F908A037
:10F0AC00B5F80A800AF1FF3008F1FF38801AA8EB96
:10F0BC00070800B21FFA88F90FFA88F8B2E70EF1C8
:10F0CC00FF37A7EB09073FB262E56E89B5F908E097
:10F0DC00013EF61B074634B206F0070658E5B5F9B3
:10F0EC0008E06E890EF1FF31013ECF1BA6EB09063D
:10F0FC003FB234B206F007064AE53A780AB9164B25
:10F10C001B782C3302AC56F82310204613F04AFD22
:10F11C002346032000220D2107F05EFE029817F013
:10F12C0047F83B78002B3FF470AD00236FE50023CC
:10F13C00C3E5002396E500231CE70023EFE600233C
:10F14C00C2E6002390E6002363E6002336E60023A4
:10F15C0009E60023DCE500BFC84F01206C3E01200E
:10F16C0010B50446006817F023F8204610BD00BF08
:10F17C00026812B3114B124913441B1110B401EB6A
:10F18C00830100240C6201219460FF24D1600D4A9C
:10F19C000D4913441C77137F547FA34228BF234689
:10F1AC00947FD27FA34228BF2346934228BF1346A5
:10F1BC0081F87A305DF8044B7047704700BFF7BF99
:10F1CC00C04E0020A443002000E400E0704700BFC4
:10F1DC00704700BF704700BFF8B52DED028B90F85B
:10F1EC003050F0EE408A0446092D00F2A5806A1CCE
:10F1FC0000EB8503D5B2012D80F8305083ED010A68
:10F20C00D0ED017A00F0AB8090ED028AB4EEE78A83
:10F21C00F1EE10FA01D4B0EE678A022D52D0D4ED83
:10F22C00037AB4EE678AF1EE10FA37FE888A032D62
:10F23C0048D0D4ED047AF4EE487AF1EE10FA48BFD7
:10F24C00B0EE678A042D3DD0D4ED057AB4EE678A12
:10F25C00F1EE10FA37FE888A052D33D0D4ED067AFC
:10F26C00F4EE487AF1EE10FA48BFB0EE678A062D3C
:10F27C0028D0D4ED077AB4EE678AF1EE10FA37FE97
:10F28C00888A072D1ED0D4ED087AF4EE487AF1EE78
:10F29C0010FA48BFB0EE678A082D13D0D4ED097A66
:10F2AC00F4EE487AF1EE10FA48BFB0EE678A092DF9
:10F2BC0008D0D4ED0A7AF4EE487AF1EE10FA48BF91
:10F2CC00B0EE678A256804EB8506D6ED0A7AF4EE73
:10F2DC00487AF1EE10FA02D194F8313093B915F066
:10F2EC00FF0704F12C0306D01846BA0004F13001D4
:10F2FC0016F0DAFE034603EB8703002243F8042CD6
:10F30C0086ED0A8A002D2DDD0023DFED187A1A46D2
:10F31C00013304EB8202DBB292ED0B7A9D4277EE65
:10F32C00877A1A46F4DC07EE105AB8EEC70ABDEC21
:10F33C00028B87EE800AF8BD00F10801242204300C
:10F34C0016F0B2FED4ED017A94ED028AC4ED0A8A6D
:10F35C00F4EEC87AF1EE10FA3FF761AF5BE7B0EE6E
:10F36C00678AAFE7DFED017ADDE700BF0000000040
:10F37C0070B5074B0646044600F50075036054F85B
:10F38C00040F08B116F014FFAC42F8D1304670BD32
:10F39C0004200020704700BF704700BF70B5074BBA
:10F3AC000646044600F50075036054F8040F08B1D6
:10F3BC0016F0FEFEAC42F8D1304670BDF01F0020B6
:10F3CC00F8B52DED028B90F8B460F0EE408A04464F
:10F3DC00272E0ED8721C00EB8603D0B2012884F8BD
:10F3EC00B40083ED010A94ED018A1DD004F10805E7
:10F3FC000BE000F108059C220430294616F054FE5F
:10F40C0094ED018A3046C4ED288A29460123F1EC9B
:10F41C00017A0133F4EE487ADAB2F1EE10FA48BF11
:10F42C00B0EE678A8242F2D3256804EB8506D6EDEE
:10F43C00287AF4EE487AF1EE10FA02D194F8B5304D
:10F44C0093B915F0FF0704F1A40306D01846BA00CF
:10F45C0004F1A80116F028FE034603EB87030022F3
:10F46C0043F8042C86ED288A002D17DD0023DFEDF0
:10F47C000D7A1A46013304EB8202DBB292ED297A43
:10F48C009D4277EE877A1A46F4DC07EE105AB8EEF6
:10F49C00C70ABDEC028B87EE800AF8BDDFED017A5E
:10F4AC00F3E700BF00000000B7EE007AD1ED007A60
:10F4BC009FED756AD1ED016A37EEC77A00B5B0EEF3
:10F4CC00C77A2DED048BB4EEC67A85B0F1EE10FA46
:10F4DC0040F18A80B0EEE67AD1ED025AB4EEC67AEB
:10F4EC00F1EE10FA00F19D80D1ED039A26EEA60AFA
:10F4FC0092ED009AD2ED018A92ED028AA7EEA70A4C
:10F50C00A5EEA50AA9EEA90AB5EE400AF1EE10FA8D
:10F51C0000F1A680B1EEC07A9FED5C3A9FED5A2ABD
:10F52C00B7EE004A84EE076A66EE266A66EE277A24
:10F53C0066EE255A26EE837A68EE664A26EEA85ABF
:10F54C00A7EE897AE7EEA84AA7EE885A37EEC44AA6
:10F55C0026EE296AF1EE652AB0EEC44AA5EE887A49
:10F56C00E5EE834AA5EEC95AB4EEC24AF1EE463A2C
:10F57C00F1EE10FAA6EE687AE6EE094AA6EE035A08
:10F58C0035D49FED426A27EE873A27EE634A27EE81
:10F59C00866A22EE877AA6EEC96AA2EEA86AA3EE64
:10F5AC00886AA3EE867AA6EEC63AA2EE864AA6EE44
:10F5BC00A47AA3EEA43AB0EE446AA7EEA46AA7EE2E
:10F5CC00857AF0EE434AE5EE854AA6EEC56AB0EEC2
:10F5DC00475AC0ED004A80ED016A80ED025A05B031
:10F5EC00BDEC048B5DF804FBD1ED025A7CE7B0EE68
:10F5FC00E64AB4EEC24AF1EE10FAC2D5B0EEE54AD4
:10F60C00B4EEC24AF1EE10FABBD5B0EEC66AB4EE57
:10F61C00C26AF1EE10FAB4D5B0EE646AF0EE474A65
:10F62C00D7E7B0EEE57AD1ED039AB4EEC67AF1EEF7
:10F63C0010FA7FF55BAFB0EEE97AB4EEC67AF1EE74
:10F64C0010FA7FF553AFD2F800C051689368C0F838
:10F65C0000C04160836005B0BDEC048B5DF804FB19
:10F66C000390CDED025ACDED016ACDED007A14F088
:10F67C003FFA0398B0EE407ADDED025ADDED016AF7
:10F68C00DDED007A48E700BF6F12833A00000000FE
:10F69C00D1ED096A92ED000AF5EE406AD2ED017ADD
:10F6AC0092ED027AF1EE10FA30B52DED028B91B09D
:10F6BC000C4605468DED020ACDED037A8DED047AEC
:10F6CC0050D1D4ED045AD4ED056A30EE650A94EDB0
:10F6DC00088A94ED0B6A77EEE67ADFED626AA6EEA5
:10F6EC00080A94F8283077EEA67A37EE267ACDED14
:10F6FC00037A8DED047A8DED020A5BB167EEA77A81
:10F70C00E0EE007AF4EE667AF1EE10FA00F1A580E4
:10F71C00B1EEE70AF0EE480A14F0D4FCB0EEC00AE1
:10F72C009FED506A002330EE000A2B80AB7094F8EA
:10F73C002920C0EE087A77EE867ABBFE677ABCEE9B
:10F74C00C77A8DED017A9DF8043052B303EB430375
:10F75C00284623449A889B792A80AB7011B0BDEC63
:10F76C00028B30BD404A002309A905A809930A93CE
:10F77C001388CDED0B6AADF8303053680D93936858
:10F78C000E93D3680F930FF09FFE02AA05A909A848
:10F79C00FFF78AFE9DED090ADDED0A7A9DED0B7AE5
:10F7AC008FE75A1C06EE903AB7EE005A284607EE41
:10F7BC00102AF8EE666AB3FA83F203EB4303B8EE51
:10F7CC00C77A77EEE67A5209234437EE667A02EB73
:10F7DC004202197914445A79C7EE875A9B7904EE80
:10F7EC00102A227904EE903A637906EE902A03EE01
:10F7FC00901A07EE103AA379F8EEE66A07EE903A03
:10F80C00B8EEC77AF8EEE33AF8EEE77AB8EEC44A07
:10F81C00F8EEE44A35EE866A75EE465A66EE866A6E
:10F82C0027EE067A67EE867AE3EEA56AA5EE847A71
:10F83C00E5EEA47AFCEEE66ABCEEC77AFCEEE77A5B
:10F84C0016EE901A17EE102A17EE903A29706A707D
:10F85C00AB7011B0BDEC028B30BDB0EE670A14F08A
:10F86C0047F957E70000000060500120D1ED0A6A0B
:10F87C0092ED000AF5EE406AD2ED017A92ED027A31
:10F88C00F1EE10FA30B52DED028B91B00C46054619
:10F89C008DED020ACDED037A8DED047A40F0BA803D
:10F8AC00D4ED055AD4ED066A30EE650A94ED098A5A
:10F8BC0094ED0C6A77EEE67ADFED686AA6EE080A3C
:10F8CC0094F82C3077EEA67A37EE267ACDED037AC3
:10F8DC008DED047A8DED020A5BB167EEA77AE0EE4E
:10F8EC00007AF4EE667AF1EE10FA00F1B280B1EE25
:10F8FC00E70AF0EE480A14F0E5FBF1EE007AB0EE00
:10F90C00C00A9FED567A20EE270AC0EE087A77EEF1
:10F91C00877ABBFE677ABCEEC77A8DED017A9DF8CB
:10F92C000430022B13D800215A1C2980D2B2A970A2
:10F93C0094F82D1099B103EB4303284623449A887D
:10F94C009B792A80AB7011B0BDEC028B30BD0021CD
:10F95C0000222980A97094F82D100029EBD1591C94
:10F96C0007EE103A02EB4202DFED3C3A05EE101ABC
:10F97C00B8EE477A224403EB4303B8EEC55A284647
:10F98C0077EEC77A1C441379F7EE005A35EE475AD6
:10F99C0006EE903A537987EE856A07EE103A937922
:10F9AC00227907EE903A637904EE102A04EE903A2D
:10F9BC00A379F8EEE66AB8EEC77A05EE103AF8EEDF
:10F9CC00E77AB8EEC44AF8EEE44AB8EEC55A36EE19
:10F9DC00236A75EEC65A66EE866A27EE067A67EEDD
:10F9EC00867AE4EE256AA5EEA47AE5EE857AFCEE3D
:10F9FC00E66ABCEEC77AFCEEE77A16EE901A17EEC2
:10FA0C00102A17EE903A29706A70AB7011B0BDECE9
:10FA1C00028B30BD124A002309A905A809930A9349
:10FA2C001388CDED0B6AADF8303053680D939368A5
:10FA3C000E93D3680F930FF047FD02AA05A909A8EE
:10FA4C00FFF732FD9DED090ADDED0A7A9DED0B7A8B
:10FA5C0026E7B0EE670A14F04BF84AE70000000006
:10FA6C0060500120D2ED007ADFED476A9FED477AB6
:10FA7C0067EEA67A30B52DED048BC7EE878A0D465E
:10FA8C008DB00446B6EE009A68EE898AB0EE680A2C
:10FA9C0014F04AFB2B78B0EE408A06EE903A6B7865
:10FAAC00B0EE680A07EE103AAB78F8EE666A07EE2D
:10FABC00903AB8EE477A28EE098AF8EE677ACDEDDF
:10FACC00026A8DED037ACDED047A14F031FC02AAB2
:10FADC0008A905A88DED080A8DED098A8DED0A8A15
:10FAEC008DED0B8AFFF7E0FCDDED057A9FED287AB2
:10FAFC00F4EEC77AF1EE10FA06DCF5EEC07AF1EE10
:10FB0C0010FA3AD5002100E0FF21DDED067A9FEDD9
:10FB1C00207AF4EEC77AF1EE10FA06DCF5EEC07A34
:10FB2C00F1EE10FA22D5002200E0FF22DDED077A7B
:10FB3C009FED177AF4EEC77AF1EE10FA06DCF5EECB
:10FB4C00C07AF1EE10FA0AD5002300E0FF2320461C
:10FB5C0021706270A3700DB0BDEC048B30BDFCEE57
:10FB6C00E77ACDED017A9DF80430F0E7FCEEE77A08
:10FB7C00CDED017A9DF80420D8E7FCEEE77ACDEDC7
:10FB8C00017A9DF80410C0E7DB0F494000003443B4
:10FB9C0000007F432DE9F0470C46916805469A46D4
:10FBAC00D4ED0D7A92ED007AD2ED016A2DED028B37
:10FBBC009FEDA58A90B0F4EE487A0491F1EE10FA1C
:10FBCC0004D094F87221002A00F0CB80FDEEE77A85
:10FBDC009E499FED9F6ADFED9F5A17EE902A81FB9D
:10FBEC000201D0171144C0EB21214FF4B47000FB7B
:10FBFC00112207EE902AF8EEE77A37EEC66AB0EEDD
:10FC0C00C66AB4EEE56AF1EE10FA40F1E280B1EEAC
:10FC1C00477AD4ED097ABBEE046ADFED8F5A76EEA3
:10FC2C00E77A94ED0A5AD4ED073A37EE457A94ED1B
:10FC3C00084A67EEA55ACDED027ADFED884AB3EE9D
:10FC4C00045A67EE066A8DED037AC5EEA37A86EE4A
:10FC5C00847A77EEA47AFBFE677AFDEEE77A37EECC
:10FC6C00057A17EE902AFBFE477AFDEEE77AB2F59D
:10FC7C00C36F17EE901A69D2132967D8784FC8173B
:10FC8C00B4F8708187FB01EC764E4FEA4809C0EB63
:10FC9C00AC00366887FB02C74FEAE27E844600EB75
:10FCAC008000CEEBA70EA1EB4000B6FBF9F109FBEF
:10FCBC0011669C2101FB0C4C40F201214645F44499
:10FCCC0094BF002601269CF8387021FA00FC1CF029
:10FCDC00010F19D05A2F39D9002E37D0216953462C
:10FCEC001A980A68009005A8146802AAA0475E4BEF
:10FCFC00284609AA05A90993FFF7B4FE284610B0B7
:10FD0C00BDEC028BBDE8F0870EEB8E0EA2EB4E0223
:10FD1C00C2F10902D2B2D140CB07DBD4A7F12F013B
:10FD2C00C9B24F297CD8514B03EB8101D1F88C140B
:10FD3C000144013A5A2F11F8011C41FA02F202F067
:10FD4C00010275D9002E6DD0002AC7D0B4F8172047
:10FD5C00637E2A80AB70284610B0BDEC028BBDE8E8
:10FD6C00F087434A05A8D4ED0C5A118894ED0B6A20
:10FD7C0076EEE56AADF83010516837EE467ACDED87
:10FD8C00036A0D919168D2680E9109A98DED027AE2
:10FD9C00CDED0B7A0F928DED098A8DED0A8A0FF05D
:10FDAC0093FB05A909A802AAFFF77EFB9DED0B6A40
:10FDBC00DDED097A36EE086A9DED0A7AD4ED0B6A10
:10FDCC00D4ED0C5A77EEA66A8DED046A37EE257ADF
:10FDDC001FE79FED286A37EEC66AB0EEC66AB4EE2E
:10FDEC00E56AF1EE10FA06D5F1EE477AB1EE667AD5
:10FDFC00F0EE676A0DE79FED206A77EEC67AF0EEBB
:10FE0C00E77AF4EEE57AF1EE10FA02D5F1EE666AD5
:10FE1C00FFE6F0EE667AF0EE476AB0EE677AF8E647
:10FE2C00164985E75A2F03D9002A7FF457AF8DE77F
:10FE3C00002A8BD0216953461A9C02AA08680094A8
:10FE4C0004682846A04786E700000000B7600BB6A0
:10FE5C000000B442000034420000C3C40000C3449C
:10FE6C0067666666F83C0120000034435429002084
:10FE7C00605001200000344300008743D82D00203F
:10FE8C00D1ED857A9FEDBA7AF0EEE76AF0B5F4EE33
:10FE9C00C76A0C460546F1EE10FA2DED068B8FB0B5
:10FEAC0040F1D280D2ED008A91ED837A92ED018AF5
:10FEBC00D1ED847A78EEC78A38EE678AD4ED819AD0
:10FECC00B1EE699AB4EEE89AF1EE10FA05DDF4EEB3
:10FEDC00E89AF1EE10FA00F1968094ED82AAF1EE18
:10FEEC004A7AF4EEC87AF1EE10FA05DDB4EEC8AA3F
:10FEFC00F1EE10FA00F18780F0EE680AB0EE480AD5
:10FF0C0014F0DEF89FED9B7A28EE088AC0EE077A93
:10FF1C00A8EEA88AB5EE408AF1EE10FA67EE8A8A4E
:10FF2C0000F11F81F1EEC8AA94F828349FED926A73
:10FF3C0007EE903A94F829249FED900AF8EE677A30
:10FF4C0079EEA86A39EEA95A36EE677AC9EEA75A45
:10FF5C0066EE876A86EE857A77EE277AFCEEE77A8C
:10FF6C00CDED037A9DF80C30591C07EE103A07EED4
:10FF7C00901AF8EEC76AB0EE497AF8EEE77AA5EE79
:10FF8C00A67AA5EEA79A78EEC78A39EE479AC8EEFC
:10FF9C00897A77EE867A002A3DD127EE800A9E0078
:10FFAC0014F0C6F9F7EE007AB6EE006AD4F82472B3
:10FFBC0037EEC00ABB19D3ED016A20EE060A93EDA9
:10FFCC00007A77EEC07A20EE260AA7EE270AF1EE29
:10FFDC006A7A94F82A34F7EE006A87EE8A7A37EE5A
:10FFEC00267A002B5BD1B1EE006ADFED657A002337
:04FFFC00E0EE067AB3
:02000004600199
:1000000076EEE77A77EEC77AF5EEC07AF1EE10FA7F
:100010007BD4002328462B80AB700FB0BDEC068B41
:10002000F0BD27EE800A04EB830614F087F9F7EEA3
:10003000007AB6EE006AD6ED8B6A96ED8A7A37EED4
:10004000C00A20EE060A77EEC07A20EE260AA7EE56
:10005000270AC2E79FED4E7AD1ED84AA27EE878A60
:10006000D2ED018A91ED83AAD2ED009A78EEEA8A68
:10007000B0EE480A14F062F9B0EE409AB0EE480AC9
:1000800079EECA9A14F056F828EE898A60EE688AEA
:10009000A9EE808AE9EE898A3AEE888A7AEE288A81
:1000A00038EE6A8A78EECA8A0EE7DFED3A7AF1EE28
:1000B000045A94ED876A60EE277A36EE656A77EE29
:1000C000AA5AF4EEC65AF1EE10FAA2DD7AEEE77AF9
:1000D000B4EEE76AF1EE10FA9BDD9FED2F6ADFEDDB
:1000E0002F7AE0EE46AAF4EEE7AAF1EE10FA2FDC42
:1000F000DFED2B7AF4EEE7AAF1EE10FA89D576EE71
:10010000C06AD4F87C14002303E076EEC06AD4F809
:100110007C1476EEC76A0A681668069307930893FC
:10012000CDED056A099305AA0A9304A80B930C93D5
:100130000D930BAB009308ABB047284604F506724D
:1001400004A9FFF795FC28460FB0BDEC068BF0BD67
:1001500030EE260AD4F87C1400230A6830EE470AF1
:1001600016680693079308938DED050ADAE7B0EE5B
:10017000480A13F0C3FCF0EE40AADBE6CDCCCC3D40
:10018000DB0FC94000000000DB0F49409A99193E7F
:1001900035FA8E3C000016430000484200009642AB
:1001A0000000FA42D1ED857A9FED8D7AF0EEE76A94
:1001B000F0B5F4EEC76A0C460546F1EE10FA2DEDE7
:1001C000088B8FB040F1DF80D2ED007AD1ED836AE9
:1001D00092ED018A91ED847A77EEE67A38EE478ADD
:1001E00094ED817AF1EE476AF4EEE76AF1EE10FAE7
:1001F00004DCB4EEE77AF1EE10FA07D500232B8089
:10020000AB7028460FB0BDEC088BF0BDD4ED828AF0
:10021000B1EE689AB4EEC89AF1EE10FAEEDCF4EEA4
:10022000C88AF1EE10FAE9D494F82C3237EE275A46
:10023000F6EE00AADFED6B9A5A1E05EE903A37EE05
:10024000074A9FED690A06EE102AF8EE655AD4F8BF
:100250002472B8EEC66A94EDFDBAC7EE254A94ED55
:10026000FEAAB0EE467A3AEE4BAA96EE2A7A65EEF0
:10027000075A85EE847A37EE067ABCEEC77A8DEDA2
:10028000037A9DF80C309A1C06EE103A9E0007EE99
:10029000102AF8EEC65AB0EE666AB8EEC77AA4EE37
:1002A000A56AE4EE876A77EEC67A76EEC66A87EECE
:1002B000A67A37EE297A27EE000A14F03FF8BB1928
:1002C000F6EE085A93ED027AB7EE006AD3ED007AA3
:1002D00037EE4B7A77EECB7A36EE400A67EE256A38
:1002E00027EEA57A20EE2A0AC6EE8A7AC7EE0A6AB7
:1002F00076EE405A77EEA97A67EE807A36EEA97AE2
:10030000E7EE257A28EEA77A27EE2A7AB4EEC87AA5
:10031000F1EE10FA7FF772AFDFED316AA9EE267ABF
:10032000B4EEC87AF1EE10FA7FF568AFB1EE488A04
:10033000D4F8F01377EE867A0BAB0A6804A888EE3F
:10034000287A166805AA009308ABCDED069ACDED84
:10035000079ACDED089ACDED099ACDED0A9ACDED2B
:100360000B9ACDED0C9ACDED0D9A37EE067A77EE1D
:10037000C77ACDED057AB04704F5067204A9284680
:10038000FFF776FB3DE79FED197AD1ED839A67EE93
:10039000878A91ED84AA92ED009A92ED018AB0EEDF
:1003A000680A13F0CBFFF0EE407A38EE4A8AB0EEDE
:1003B000680AF0EE678A13F0BDFE39EE699A60EEC6
:1003C000487A28EE287AE9EE287AA9EE007A79EEC2
:1003D000A77A3AEE078A77EEE97A38EE4A8AFFE69C
:1003E000CDCCCC3D00000000DB0F494035FA8E3CFF
:1003F000D1ED857A9FED9C7AF0EEE76AF0B5F4EEE8
:10040000C76A0C460646F1EE10FA2DED068B8FB04A
:1004100040F1FC80D2ED007AD1ED836A92ED018A41
:1004200091ED847A77EEE67A38EE478AD4ED816AE8
:10043000B1EE667AB4EEE77AF1EE10FA05DDF4EE8D
:10044000E76AF1EE10FA00F1AC80D4ED828AB1EEE9
:10045000686AB4EEC86AF1EE10FA05DDF4EEC88AF7
:10046000F1EE10FA00F19D8094F8243476EEA75A4C
:100470009FED7E5A36EEA64A06EE103A94F82724EF
:10048000B8EE466A75EE463AC6EE864A65EEA35A5F
:10049000C5EE846A76EE866AFCEEE66ACDED036A06
:1004A0009DF80C30591C06EE103A06EE901AF8EE44
:1004B000C65AB0EE476AF8EEE66AA4EEA56AA4EE64
:1004C000A67A77EEC67A37EE467A87EE870ADFEDB0
:1004D000687A30EE050A002A6BD120EE270A9D00CB
:1004E00013F02CFFB7EE007AF6EE007AD4F8207203
:1004F00037EE400A7B1993ED016A60EE277AD3ED5F
:10050000006A94F8253437EE677A67EE867AE6EE6D
:10051000877AB0EE087A67EE877A002B69D0B0EE62
:10052000C88ADFED526AB7EE006A76EEE86A38EE06
:10053000688AB1EE488A88EE267A37EE067A94F811
:1005400026341BB1F7EE006A36EEC77AB4EEE77ACE
:10055000F1EE10FA25D8F7EE006AD4F878140023EB
:1005600004A80A6876EEE77A156805AA069377EE7E
:10057000C77A0793089309930A930B930C930D93EF
:100580000BABCDED057A009308ABA847304604F5D8
:10059000067204A9FFF76CFA30460FB0BDEC068B6B
:1005A000F0BD002330463380B3700FB0BDEC068B36
:1005B000F0BD20EE270A04EB830513F0BFFEB7EE73
:1005C000007AF6EE007A95ED8A6AD5ED896A37EE03
:1005D000400A94F8253460EE277A37EE677A67EEA2
:1005E000867AE6EE877AB0EE087A67EE877A002B95
:1005F00095D138EE888A78EEA88AF7EE006AB1EED7
:10060000488A88EE287A37EE267A98E79FED197A9D
:10061000D1ED839A67EE878A91ED84AA92ED009AD4
:1006200092ED018AB0EE680A13F088FEF0EE407A8F
:1006300038EE4A8AB0EE680AF0EE678A13F07AFD67
:1006400039EE699A60EE487A28EE287AE9EE287A3F
:10065000A9EE007A79EEA77A3AEE078A77EEE97A80
:1006600038EE4A8AE2E600BFCDCCCC3D0000000067
:10067000DB0F494035FA8E3CD1ED0A7AF5EE407A2F
:1006800070B5F1EE10FA96680C4605462DED048B18
:10069000D2ED008A8EB092ED018ACDED008A8DED0B
:1006A000018A029646D128EE080AA8EEA80AB5EEFD
:1006B000400AF1EE10FA6BD4B1EEC09AF0EE680A7F
:1006C000B0EE480A13F002FDF0EE407AD4ED086A6D
:1006D000B7EEC90A9FED337A67EEA67AD4ED098AA0
:1006E0009FED2E1B87EE878A13F02CFA237B28467A
:1006F000626807EE903AB7EEC00BF8EEE77AB0EE1C
:10070000487AA8EE807AFBFE476A37EE667A67EE93
:10071000877AFBFE677AFDEEE77A17EE903A03EBF5
:100720004303D118D25A8B782A80AB700EB0BDEC3F
:10073000048B70BD1C4A002307A903A807930893E4
:100740001388CDED097AADF8283053680B93936880
:100750000C93D3680D930EF0BDFE94ED057A03A9BA
:10076000D4ED047A07A838EE478A6A4678EEE78A1D
:1007700002968DED018ACDED008AFEF79BFEDDED40
:10078000078A9DED088ACDED008A8DED018A8AE702
:1007900013F0B4F9B0EE409A90E700BF00000040BB
:1007A0003333D33FDB0F49406050012030B583B075
:1007B00004462831069D0095FFF75EFF204603B0F2
:1007C00030BD00BF10B50446C06A08B115F0F6FC94
:1007D000206B08B115F0F2FC204610BD10B50446A0
:1007E000406808B115F0EAFCA06808B115F0E6FC15
:1007F000204610BD70B5074B0646044600F500754F
:10080000036054F8040F08B115F0D8FCAC42F8D1DD
:10081000304670BD18200020704700BFF7EE007A08
:10082000D2ED005A9FED357A92ED015A75EEE77AD6
:10083000F0EEE77AF4EEC77AF1EE10FA3BD5F0EE7F
:10084000C57AD2ED024AF4EEC77AF1EE10FA35D449
:1008500092ED034AD1ED017AD1ED002A25EE676AC7
:1008600091ED023A67EEA56AD1ED033A24EE677A7C
:1008700067EEA47AA2EEA56AE2EE856AA2EEA47AF9
:10088000E2EE847AA3EE646AE3EE046AA3EE257ACC
:10089000E3EE457AA3EEC46AE3EEE46AA3EE857A5A
:1008A000E3EEA57A80ED006AC0ED016A80ED027A80
:1008B000C0ED037A7047D2ED024AC9E7F0EEE47A60
:1008C00092ED034AF4EEC77AF1EE10FAC2D5F0EEDB
:1008D000C47AF4EEC77AF1EE10FABBD5D1F804C0B1
:1008E0008A68CB68C0F804C08260C36000B5D1F8E4
:1008F00000E0C0F800E05DF804FB00BF6F12833A2F
:10090000F7EE007A9FED377A10B52DED048B91ED5F
:10091000008A86B00446D1ED018A78EE677AF0EE5F
:10092000E77AF4EEC77AF1EE10FA36D5F0EEE87A0F
:1009300091ED029AF4EEC77AF1EE10FA30D4D1EDCF
:10094000039A28EEA80AA8EE080AA9EE090AA9EE59
:10095000A90AB5EE400AF1EE10FA3CD4B1EEC07A25
:10096000204602A9F7EE006AC6EE877A27EE888A4B
:1009700068EEE78A29EE679A67EEE97A8DED028ADA
:10098000CDED038A8DED049ACDED057AFEF792FD4B
:10099000204606B0BDEC048B10BD91ED029ACEE767
:1009A000F0EEC97AD1ED039AF4EEC77AF1EE10FABF
:1009B000C7D5F0EEE97AF4EEC77AF1EE10FAC0D5B9
:1009C000106851689368206020466160A36006B09B
:1009D000BDEC048B10BD019213F090F8019AB0EEBB
:1009E000407ABDE76F12833AF8B54FF0010C534BD4
:1009F000534E0746534D2DED028B53E8002F3168BF
:100A00002C6843E800C2002AF7D14F4B5B684F4A7D
:100A10004FF47A701B1B97ED038A126800FB01F1FB
:100A20009FED4B0AF0EE480AA3FB0232824294BFCC
:100A30008918091807EE901AF8EE677A87EE800A8F
:100A400013F046FB3B78C0EE087A042B73D8DFE83E
:100A500003F0152D4467030037EEA77AB7EE000ABE
:100A6000B4EEC07AF1EE10FA05D567EEA77AB1EED2
:100A7000000A27EE800ABDEC028BF8BDB6EE007AC4
:100A8000F4EEC77AF1EE10FA03DDB7EE007A77EEF6
:100A9000677A97ED010A77EEA77A97ED027A37EE3B
:100AA000407ABDEC028BA7EE870AF8BDF6EE005A3D
:100AB00097ED010AD7ED026AB7EE007A9FED256A3D
:100AC000F4EEE57A76EEC06AF1EE10FABDEC028B38
:100AD00077FE067AA6EEA70AF8BDDFED1F6A9FED46
:100AE0001F7A67EEA67A9FED1E0A97ED018A67EEE0
:100AF000877A87EE800A13F01DFBD7ED027AF7EEB6
:100B0000006A77EEC87AB6EE007A30EE260A67EE13
:100B1000807AB0EE480ABDEC028BA7EE870AF8BDDA
:100B200097ED010A97ED027A37EE407ABDEC028B21
:100B3000A7EE870AF8BD9FED070A9CE7F43C012069
:100B4000F83C0120FC3C0120001000E0003D0120A9
:100B500000247449000000000000B443D00F494055
:100B60000000344338B5044614302DED048BFFF7F4
:100B70003BFF04F12400F0EE408AFFF735FF04F15B
:100B80003400B0EE408AFFF72FFFDFED157ADFED7E
:100B9000156A04F23475B0EE679A9FED136A95ED0D
:100BA000007A201DA8EEA69AF0EE678AE0EE267A7B
:100BB00037EE067AE8EE268A85ED007AB0EE678A8F
:100BC000FFF712FF84ED219AC4ED228A84ED238A77
:100BD00084ED1B0A2B68BDEC048BC4F8A03038BD33
:100BE0004260E53B0AD7A33B0AD7233B70B50446D6
:100BF00004302DED068BB0EE408A96B0FFF7F4FE80
:100C0000DFEDDF7ADFEDDF5AB6EE009A68EE277A85
:100C1000DFEDDD6AF2EE084A04F20C76B0EE496AC6
:100C2000DFEDDAAA77EEA77A96ED007A9FEDD85A33
:100C3000A0EE246ADFEDD79A67EEA57A37EE2A7A1E
:100C4000E0EE059AC7EEA68A86ED007A84ED116A79
:100C500068EE898AB0EE680A13F06CFAB0EE408A4A
:100C6000B0EE680A13F06AFB256B28EE098AB7EE2E
:100C7000009A2B78F0EE408A06EE903A6B7830EED0
:100C8000499A07EE103AAB78B0EEC8AAB0EEC99A0E
:100C900007EE903AF8EE666AB8EE477AB4EEEA9A52
:100CA000F8EE677AF1EE10FA05D5B4EEEAAAF1EEA5
:100CB00010FA00F18C8128EE086A0023CDED036A5A
:100CC0008DED047AB0EE460A0293CDED057AA8EEDA
:100CD000A80A30EE060A30EE060AB5EE400AF1EE3A
:100CE00010FA00F1E482B1EEC07A12A802AA06A9B5
:100CF000F7EE006AC6EE877A28EE277A68EEA77AC2
:100D0000F1EE476A8DED077ACDED067A8DED087A22
:100D10008DED097ACDED0A7ACDED0B6ACDED0C6A39
:100D2000CDED0D6AFFF77AFD01460AAA0EA8FFF77E
:100D300075FDDDED0F6A9FED986A9DED107AF4EE7A
:100D4000C66ADDED117AF1EE10FA40F32781FF213A
:100D5000DFED916AB4EEE67AF1EE10FA00F32C8141
:100D6000B5EEC07AF1EE10FA40F1828200229FEDDA
:100D70008A7AF4EEC77AF1EE10FA00F32681F5EEE6
:100D8000C07AF1EE10FA00F17A82FCEEE77ACDED4E
:100D9000017A9DF8043084F8241084F8252084F822
:100DA00026309FED7A6AEB78B4EEC69A06EE903A5A
:100DB0002B7907EE103A6B79F1EE10FA07EE903AC4
:100DC000F8EE666AB8EE477AF8EE677A40F1D181BC
:100DD000B4EEC6AAF1EE10FA40F1CB81FCEEE66A61
:100DE000CDED016A9DF80410DFED6B6AB4EEE67A92
:100DF000F1EE10FA00F31782B5EEC07AF1EE10FAB8
:100E000040F13F8200229FED647AF4EEC77AF1EE62
:100E100010FA00F31182F5EEC07AF1EE10FA00F14B
:100E20001382FCEEE77ACDED017A9DF8043084F868
:100E3000271084F8282084F829309FED546AAB7974
:100E4000B4EEC69A06EE903AEB7907EE103A2B7A9A
:100E5000F1EE10FA07EE903AF8EE666AB8EE477ACD
:100E6000F8EE677A40F12081B4EEC6AAF1EE10FAEE
:100E700040F11A81FCEEE66ACDED016A9DF804109E
:100E8000DFED456AB4EEE67AF1EE10FA00F3668122
:100E9000B5EEC07AF1EE10FA40F1E18100229FED4B
:100EA0003E7AF4EEC77AF1EE10FA00F36081F5EEC7
:100EB000C07AF1EE10FA00F1D981FCEEE77ACDEDBF
:100EC000017A9DF8043084F82A1084F82B2084F8E5
:100ED0002C309FED2E6A6B7AB4EEC69A06EE903AED
:100EE000AB7A07EE103AEB7AF1EE10FA07EE903A91
:100EF000F8EE666AB8EE477AF8EE677A6ED5B4EE29
:100F0000C6AAF1EE10FA69D5FCEEE66ACDED016AEB
:100F10009DF80410DFED206AB4EEE67AF1EE10FAE7
:100F200000F3B780B5EEC07AF1EE10FA40F190818F
:100F300000229FED197AF4EEC77AF1EE10FA00F371
:100F4000B180F5EEC07AF1EE10FA00F17F81FCEE8F
:100F5000E77ACDED017A9DF8043084F82D1084F8FD
:100F60002E2084F82F30C4ED179AC4ED189AC4EDE2
:100F7000199A3368A36716B0BDEC068B70BD00BF2D
:100F80000000B443DB0F4940000034436F12833A42
:100F90006F12833B0AD7A33B00007F43F5EEC06A84
:100FA000F1EE10FA13D55FED046A0021B4EEE67A93
:100FB000F1EE10FA7FF7D4AE1FED097AFF22F4EEBE
:100FC000C77AF1EE10FA7FF7DAAEFF23E3E6FCEE24
:100FD000E66ACDED016A9DF80410B9E628EE086ACC
:100FE0000023CDED036A8DED047AB0EE460A02933C
:100FF000CDED057AA8EEA80A36EE000A30EE060A14
:10100000B5EE400AF1EE10FA00F14281B1EEC07A7D
:1010100012A802AA06A9F7EE006AC6EE877A28EEA1
:10102000278A68EEA78AF1EE487A8DED078ACDED22
:10103000068A8DED088ACDED0B7ACDED0C7ACDEDDB
:101040000D7A8DED098ACDED0A8AFFF7E7FB01469F
:101050000AAA0EA8FFF7E2FBDDED0F6A1FED326A68
:101060009DED107AF4EEC66ADDED117AF1EE10FA1C
:1010700000F3E880F5EEC06AF1EE10FA7FF544AFB8
:101080005FED3B6A0021B4EEE67AF1EE10FA7FF7ED
:1010900049AF1FED3F7AFF22F4EEC77AF1EE10FA66
:1010A0007FF74FAFFF2358E728EE086A0023CDED06
:1010B000036A8DED047AB0EE460A0293CDED057A0F
:1010C000A8EEA80A36EE000A30EE060AB5EE400A8F
:1010D000F1EE10FA00F1E180B1EEC07A12A802AA96
:1010E00006A9F7EE006AC6EE877A28EE277A68EE40
:1010F000A77AF1EE476A8DED077ACDED067A8DED90
:10110000087A8DED097ACDED0A7ACDED0B6ACDED39
:101110000C6ACDED0D6AFFF781FB01460AAA0EA805
:10112000FFF77CFBDDED0F6A1FED656A9DED107A20
:10113000F4EEC66ADDED117AF1EE10FA7EDCF5EE22
:10114000C06AF1EE10FA7FF595AE5FED6D6A002191
:10115000B4EEE67AF1EE10FA7FF79AAE1FED727AEE
:10116000FF22F4EEC77AF1EE10FA7FF7A0AEFF236C
:10117000A9E628EE086A0023CDED036A8DED047A16
:10118000B0EE460A0293CDED057AA8EEA80A36EE37
:10119000000A30EE060AB5EE400AF1EE10FA00F150
:1011A0008180B1EEC07A12A802AA06A9F7EE006A01
:1011B000C6EE877A28EE277A68EEA77AF1EE476ABC
:1011C0008DED077ACDED067A8DED087A8DED097AF1
:1011D000CDED0A7ACDED0B6ACDED0C6ACDED0D6A41
:1011E000FFF71CFB01460AAA0EA8FFF717FBDDED6F
:1011F0000F6A1FED976A9DED107AF4EEC66ADDED79
:10120000117AF1EE10FA1BDCF5EEC06AF1EE10FA7D
:101210007FF5E4AD5FEDA06A0021B4EEE67AF1EE71
:1012200010FA7FF7E9AD1FEDA47AFF22F4EEC77A3A
:10123000F1EE10FA7FF7EFADFF23F8E5FF211FE68F
:10124000FF21D1E5FF2165E60023F0E5002384E6D8
:10125000BCEEC77A8DED017A9DF8042069E6BCEEFC
:10126000C77A8DED017A9DF8042018E600232AE65E
:10127000BCEEC77A8DED017A9DF8042077E5002356
:1012800089E5BCEEC77A8DED017A9DF80420BAE5B8
:1012900012F034FCB0EE407ABAE612F02FFCB0EE59
:1012A000407A1BE712F02AFCB0EE407A7BE712F09E
:1012B00025FCB0EE407A18E510B5044604302DED5B
:1012C000028BB0EE408AFFF78FFBF7EE007A84EDD9
:1012D000130A9FED077A0022064B37EEC80AA26375
:1012E000E36320EE070ABDEC028B84ED140A10BD07
:1012F0000000B443000096420B682DE9F0475A699C
:101300000D46854C8146A2422DED048B8AB040F0FB
:10131000E48001F124079A6980498A4240F0E6801E
:101320001B6805F2D5667E4A934240F0E88095ED51
:10133000067AF6EE006AD5ED045AD5ED057A95EDFC
:10134000036A37EE257A77EE867A27EE267A67EEFD
:10135000A67A8DED077ACDED067A002409F14400D6
:101360009FED709AADF81640FFF73EFBD9ED017A7C
:1013700009F12400DFF8B08127EE800A89ED040A24
:10138000FFF732FBD9ED017A09F1340027EE800A2C
:1013900089ED020AFFF728FBD9ED017A27EE800AD2
:1013A00089ED030A0DE0BDF81630A2B203EB43034A
:1013B00002EB4202F85A3B44B118B0529B788B7052
:1013C00001342B681FFA84FADA69424563D140F28E
:1013D0003B20504564D99B685246294608A8984747
:1013E000D9ED037A9DED098ADDED080A38EE278AEA
:1013F000D9ED026A9DED077A70EEA60ADDED067A58
:1014000038EE478A70EEE70A28EE080AA0EEA00A36
:10141000B5EE400AF1EE10FA75D4F1EEC08AB0EEE6
:10142000480A12F053FEC8EE897A99ED041AF0EEDC
:10143000409AB7EEC11AB7EEE70A12F083FBB0EE9E
:10144000407BB0EE690AF7EEC78B12F077FFB0EE83
:10145000408AB0EE690A12F06DFE60EE287A28EE3E
:10146000288AD5F800C051460DF11602FDEEE77A44
:101470002846BDEEC87ACDED007A17EE103ADCF8BA
:1014800048A0D04700288ED1A3B203EB4303F21843
:10149000F052907094E72846904750452B689AD8B0
:1014A000002440F23A290CE04C4511D804EB4403E7
:1014B0000134F05AF118FA18A4B2F8528B789370EC
:1014C0002B68DB694345EFD0284698478442EDD32B
:1014D0000AB0BDEC048BBDE8F087084690472B6846
:1014E0000E4907469A698A423FF41AAF2846904748
:1014F0002B680B4A06461B6893423FF418AF2946F7
:1015000006A8984729E7CDED030A12F0F7FADDEDBA
:10151000030AF0EE408A82E7F1050000F5050000BD
:10152000B5040000000040427D020000DFEDCD7AEE
:1015300090ED017AB4EEE77AF1EE10FA40F2918183
:101540000B682DE9F04FDA690C46C74905468A4217
:101550002DED108B8BB040F0BC8140F23B2203920A
:101560005A69C2498A4240F0A78104F124029B696A
:101570000292BF4A934240F0A88104F2D5630493DB
:1015800005F12C00F7EE00EAFFF72EFA2B7A95ED25
:10159000017AB0EE409A013BF0EE6EBA07EE903A57
:1015A000039BF8EEE77AE7EE87BA002B00F046815E
:1015B00005F10C03FCEEEB7A4FF0000AF6EE009A10
:1015C0000FEE903A05F11C03CDED017A55460FEE72
:1015D000103A049B9FEDA7BADFEDA7AA98469FEDAE
:1015E000A7AA9FEDA7CA9DF80490059323682A46F1
:1015F000214608A89B689847F2EE047A9DED087A88
:101600002A462368214687EE27EA08A89B68984760
:101610009DED097A1FEE900AF1EE047AC7EE27DA03
:10162000FFF7E2F91FEE100AB0EE408AFFF7DCF98F
:10163000B0EE40DAB0EE4E0AA8EE0B0A12F07AFDD8
:10164000F0EE40CAB0EE6D0AADEE0B0A12F076FE77
:101650007CEE80CAB0EE4E0A7CEEAECAA8EE2A0A34
:1016600012F068FDF0EE408AB0EE6D0AADEE2A0A87
:1016700012F064FE78EE808AB0EE4E0AA8EE0A0AF6
:1016800012F058FDB0EE408AB0EE6D0AADEE0A0AD7
:1016900012F054FE7BEEEE7AB0EE6E7A38EE008AEF
:1016A0006CEEA7CAACEEA97ABCEEC77A8DED017AD2
:1016B0009DF804304B4500F2D280012B38BF012346
:1016C00078EEAE8AB0EE6E7A68EEA78AA8EEA97AB6
:1016D000BCEEC77A8DED017A9DF804704F4500F29B
:1016E000BC80012F38BF012738EE2E8A28EE278ACA
:1016F000F0EE6E7AE8EE297AFCEEE77ACDED017A2B
:101700009DF804604E4500F2A680012E38BF0126E8
:1017100022682946B0EE490A2046D2F84CB007AA02
:10172000D84722683B46294639EE0C0A0746D2F8CC
:101730004CB020460DF11E02D84722689FED510A99
:1017400033462946D66C054639EE000A08AA2046DB
:10175000B047002F7CD0BDF81C30029A03EB430346
:10176000D35C88F8003035B1BDF81E30029A03EB27
:10177000430313445D7888F80150002863D0BDF816
:1017800020300AF1010A029A03EB430313449B78C9
:1017900088F802301FFA8AF5039B08F10308AB4270
:1017A0003FF624AF049A0299D3430B440A2B6BD91A
:1017B0000398431E9BB2022B66D9C0F38F060B46DB
:1017C0000598111D06EB460602EB8606083250F816
:1017D0000C7B0C3351F80C5B52F80C4BB04243F8C5
:1017E0000C7C43F8085C43F8044CF0D1039E26F0CF
:1017F00003039BB29E4221D003EB4301049C029D54
:101800005A1C605A92B268526018964229448078F5
:10181000887013D902EB42020233A15A9BB2A9523B
:10182000A1189E422A448978917007D903EB43039B
:10183000E15AE218E9522B4492789A700BB0BDEC51
:10184000108BBDE8F08F0AF1010A88F80200A1E7C9
:1018500088F8007087E74E465AE74F4644E74B4604
:101860002EE770476F12833A7D020000F1050000F9
:10187000F5050000DB0F49425F6E5142E3CC59424F
:101880000000F04200007043039B049903EB430205
:10189000029B11440A4605990888033103338A42A2
:1018A00023F8030C11F8010C03F8010CF4D10BB070
:1018B000BDEC108BBDE8F08F204690472368074AA7
:1018C0009B69029093423FF458AE2046984704909B
:1018D00056E6204690472368039041E6F505000050
:1018E000DFEDA27A90ED017AB4EEE77A2DE9F04FC0
:1018F000F1EE10FA2DED0A8B8BB0059040F2BD8110
:101900000E680C469A4A7369934240F02C8201F1AA
:1019100024030393B369974A934240F01F8204F271
:10192000D56304930023944ADFED94AA0093F369EE
:101930009FED93AA9342DFED939ABDF8005040F0DB
:10194000778140F23B20A84240F27881059FB7EEB4
:1019500000CA2A4621463B7A08A8B0EE4C8A97ED89
:10196000017A013BF6EE00BA07EE903AB368F8EE62
:10197000E77AA7EE878A9847F2EE047A9DED097A16
:1019800007F10C0087EE27BAFFF72EF8F2EE007A87
:1019900020EE2A0A28EE2B8AA0EE27BAB0EE4B0AD8
:1019A00012F0C8FBB0EE409A3BEE0A0A12F0C2FBFE
:1019B000F0EE408A3BEE290A12F0BCFB39EE0C9A9D
:1019C00078EE086AFDEEC87AB1EE487A29EE269ADA
:1019D000CDED027AF0EE407ABDEEC76A9DF908803F
:1019E00099EE2B8A8DED016A9DF90420BDEEC86A3F
:1019F0008DED016A9DF90490C14500F36C8191451C
:101A0000B8BF9146B7EE006AF6EE005A78EE868AC5
:101A1000B0EE476A68EEA68AA8EEA56ABDEEC66A71
:101A20008DED016A9DF90470B845C0F2528197426C
:101A3000B8BF1746F7EE005AB6EE006A77EEA57A01
:101A400067EEA67AA7EE867AFDEEC77ACDED017A2B
:101A50009DF90430984503DB9A42B8BF1A46904678
:101A600022680023DFF824B1166CADF81A305E4509
:101A7000ADF81C30ADF81E3040F03B819945294649
:101A8000ADF8205040F3678118463F4E2B464D4637
:101A9000B2468146566B564540F00781484601F6EE
:101AA0007451A9461D4634F8111003464FF6FF70D5
:101AB000ADF8201081420DD00133994503D104E1E6
:101AC000994540F3028101F67451013334F8111045
:101AD0008142F5D1166C4FF6FF714FF0000A5E455A
:101AE000ADF81A1040F01181002F2946ADF82050B2
:101AF00040F32E810023244E3D46B1461F460B463F
:101B0000566B4E4540F0BE80184601F674513B4678
:101B10002F4634F8111005464FF6FF70ADF820102F
:101B200081420DD001339F4203D1BAE09F4240F37E
:101B3000B88001F67451013334F811108142F5D1A7
:101B4000166C4FF6FF714FF000095E45ADF81C10A2
:101B500040F0E680B8F1000FADF8205033DD0027EB
:101B6000094E4FF6FF7B29461CE000BF6F12833AF7
:101B7000F1050000F50500007D020000DB0FC94003
:101B800042E8054042E8854001070000F9080000EE
:101B900034F810105945ADF8201000F0A780B84572
:101BA00010D02268536B01F674500137B342EFD066
:101BB00008AA20469847002800F0C780B845BDF81D
:101BC0002010EED10D460120ADF81E50BAF1000FE5
:101BD00000F08380BDF81A20BDF8003002EB42020D
:101BE000049D03EB43030399895CEA18E954B9F1B6
:101BF000000F07D0BDF81C30039903EB43030B44DF
:101C000093F8019082F8019030B1BDF81E3003992D
:101C100003EB43030B449878009B907001332668D4
:101C2000534A0093F369BDF8005093423FF489AEE4
:101C300020469847A84226683FF688AE002540F225
:101C40003A27DDE9038910E0BD4216D805EB4503CC
:101C5000013539F8030009EB030108EB0302ADB2CB
:101C600028F803008B7893702668F369404A934202
:101C7000EAD0204698478542E8D30BB0BDEC0A8BEA
:101C8000BDE8F08F019308AA20460137B047019BB9
:101C9000002853D0BD42BDF8201022687FF430AF39
:101CA0001D46166C4FF001094FE7019308AA204624
:101CB00009F10109B047019B002838D04D45BDF816
:101CC000201022687FF4E6AE1D46166C4FF0010A24
:101CD00005E74746AEE6C14694E6BDF800300499F4
:101CE00003EB4303CA1801F803A080E70D46002068
:101CF0006AE70DF11A024B4629462046B047226892
:101D00008246166C5E453FF4EFAE07AA3B46294675
:101D10002046B04722688146166C5E453FF41AAFF4
:101D2000434629460DF11E022046B0474EE7226881
:101D300082461D46BDF82010166CD0E6226881460A
:101D40001D46BDF82010166CFFE6BDF820503BE79D
:101D50004FF00109F9E64FF0010AC0E62046984726
:101D600026680490DEE50846984726680390D1E58A
:101D70007D020000DFEDC67A90ED017AB4EEE77ADD
:101D80002DE9F04FF1EE10FA2DED088B89B003909C
:101D900040F278810B680C46BE495A698A4240F08D
:101DA000EE8104F1240202920022DB69DFEDBAAA7F
:101DB0000092BA4A9FEDBAAA9342DFEDBA9ABDF8F3
:101DC000005040F05A8140F23B20A84240F25A8134
:101DD000039EB7EE009A23682146327A06A8F0EEF9
:101DE00049BA96ED017A013A9B6807EE902A2A4695
:101DF000F8EEE77AE7EE87BA9847F2EE047A9DEDBF
:101E0000067A06F10C0087EE27BAFEF7EDFDF2EE3A
:101E1000007A20EE2A0AA0EE27BAB0EE4B0A12F0A2
:101E200089F9F0EE408A3BEE0A0A12F083F9B0EE2F
:101E3000408A3BEE290A12F07DF978EE898A7BEE22
:101E4000C96AB6EE007AFCEEEB7A68EEA68ACDEDB2
:101E5000017AF0EE407AA8EE879A9DF80480BCEEF5
:101E6000C97A8DED017A9DF80490C14500F2488150
:101E7000B9F1010F38BF4FF00109B7EE007AB6EEA5
:101E8000006A38EE078A28EE268AA8EE067ABCEEAB
:101E9000C77A8DED017A9DF80470B845C0F02E81A7
:101EA000012F38BF0127B7EE007AB6EE006A77EE51
:101EB000877A67EEA67AA7EE867AFCEEC77ACDED32
:101EC000017A9DF80430984503D3012B38BF0123D4
:101ED000984622680023DFF8D4B1566CADF8123072
:101EE0005E45ADF81430ADF8163040F02781294634
:101EF000ADF81850B9F1000F00F03E8118466A4E57
:101F00002B464D46B2468146966A564540F0E380E0
:101F1000484604EB4101A9461D46B1F8861D03461B
:101F20004FF6FF70ADF8181081420DD0013399457E
:101F300003D1DFE0994540F3DD8004EB410101333B
:101F4000B1F8861D8142F5D1566C4FF6FF714FF006
:101F5000000AADF812105E4540F0E7802946ADF862
:101F60001850002F00F0058100234F4E3D46B1462A
:101F70001F460B46966A4E4540F09A80184604EB81
:101F800041013B462F46B1F8861D05464FF6FF70CE
:101F9000ADF8181081420DD001339F4203D196E075
:101FA0009F4240F3948004EB41010133B1F8861D58
:101FB0008142F5D1566C4FF6FF714FF00009ADF834
:101FC00014105E4540F0AA80ADF81850B8F1000F2B
:101FD00020D00027344E4FF6FF7B294609E0B0F8A9
:101FE000861D5945ADF8181000F09580B84510D001
:101FF0002268936A04EB41000137B342EFD006AA8E
:1020000020469847002800F0B180B845BDF8181068
:10201000EED10D460120ADF81650BAF1000F71D087
:10202000BDF81220BDF80030029D02EB420203EB26
:102030004303A95CEA18E954B9F1000F07D0BDF8D1
:102040001430029903EB43030B4493F8019082F898
:10205000019030B1BDF81630029903EB43030B44F5
:102060009878009B907001330C4A00932368BDF868
:102070000050DB6993423FF4A6AE20469847A84241
:102080003FF6A6AE09B0BDEC088BBDE8F08F00BFEF
:102090006F12833AF1050000DB0FC9407D0200009A
:1020A00042E8054042E88540B1060000750900009D
:1020B000019306AA20460137B047019B00284ED065
:1020C000BD42BDF8181022687FF454AF1D46566C0F
:1020D0004FF0010973E7019306AA204609F10109AF
:1020E000B047019BA0B34D45BDF8181022687FF49E
:1020F0000BAF1D46566C4FF0010A2AE74746D2E661
:10210000C146BAE6BDF80030029903EB4303CA1892
:1021100001F803A090E70D4600207CE743462946DE
:102120000DF116022046B04777E705AA3B4629463F
:102130002046B04722688146566C42E70DF11202F4
:102140004B4629462046B04722688246566C02E735
:10215000226882461D46BDF81810566CF9E62268C2
:1021600081461D46BDF81810566C28E7BDF818507A
:1021700051E74FF0010922E74FF0010AE9E6204656
:102180009047236802900FE60B682DE9F04FDA695B
:102190000F46B74C2DED048BA2428DB0039040F05A
:1021A000498140F23B2205925A69B2498A4240F085
:1021B0003C8107F124099B69AF4A934240F0318189
:1021C00007F2D5630693039B03F10C00FEF70CFCAA
:1021D000059BB0EE408A002B00F01E81B7EE009AFE
:1021E000069BDFEDA68A0021CDF82490CDF8109053
:1021F000CDE90733039BB0EE497A1A7AD3ED016A31
:102200004FF0000307EE902AADF82E30F8EE677A13
:10221000ADF82C30049B77EEC97A1E785D789C78F7
:10222000A6EEA77AFCEEC77A17EE903A9BB202931D
:10223000002B50D04FF0010B0196A0465E468B4616
:1022400038683346B0EE480A0DF12E02C46C594688
:102250003846A047396833460BAAD1F84CA038EE6F
:10226000280A044659463846D047731CBDF82EC08C
:10227000BDF82C205FFA83FE0CEB4C0C02EB420203
:10228000764609EB0C0A74B119F80C40019B234403
:102290009AF8014025449AF802409BB24444ADB2FA
:1022A00001931FFA84F809EB020C70B119F802408F
:1022B000019B9CF801009CF80220234428444244DE
:1022C0009BB285B21FFA82F80193029B9E45B7D953
:1022D000019E44465946029A01310598530089B23D
:1022E000B6FBF3F6B5FBF3F5B4FBF3F4FF2E079B57
:1022F000A8BFFF26FF2DA8BFFF25FF2C1E70A8BF7B
:10230000FF2488429D705C7037D0049803330330FB
:1023100007930490002A7FF46DAFF7EE006A069FE2
:10232000DDF80CC09CF80830F0EE667A9CED016A8E
:1023300001EB410207EE103A013109EB020319F8F3
:102340000250B8EE477ABE185C7889B2987837EEBA
:10235000667AE7EE067AFCEEE77A17EE903A9BB2E1
:102360005B00B5FBF3F5B4FBF3F4B0FBF3F3BD5442
:102370007370059BB4708B42D4D8069AD3434B44F8
:102380000A2B5CD905994B1E9BB2022B57D9C1F37E
:102390008F051346043205EB4505083309EB850527
:1023A000DDE908010C3150F80C7B52F80C6B53F846
:1023B0000C4B8D4241F80C7C41F8086C41F8044C00
:1023C000F0D1059D25F003039BB29D4224D003EB81
:1023D0004301069C5A1C605A92B229F80100601809
:1023E000954249448078887016D902EB4202023344
:1023F000A15A9BB229F80210A118AB424A4489782D
:10240000917009D203EB4303E15AE21829F8031053
:102410009944937889F802300DB0BDEC048BBDE887
:10242000F08F384698470690CDE6384690473B688F
:102430008146C0E6084690473B680590B4E6059B98
:10244000069A03EB43031A441346DDE9082110887A
:1024500003320331934221F8030C12F8010C01F806
:10246000010CF4D10DB0BDEC048BBDE8F08F00BFC2
:102470007D020000F1050000F50500000000344376
:102480000B682DE9F04FDA690C46874D8246AA4267
:102490002DED048B89B040F0E88040F23B2203929E
:1024A0005A6982498A4240F0DB8004F1240B9B691F
:1024B0007F4A934240F0D08004F2D56304930AF13E
:1024C0002C00FEF791FA039BB0EE408A002B00F03F
:1024D000B0804FF00008049DDFED769A9FED769A6C
:1024E0004146DFED768A05959AF80830B0EE697AB4
:1024F000DAED016AB0EE480A07EE903A23680DF172
:102500001E020291F8EE677ADE6C2046A6EEA77AEC
:10251000FCEEC77ACDED007A9DF800300093B0470D
:10252000009B226838EE090A02990746D66C2046BD
:1025300007AA01930091B0472268064638EE280AA0
:10254000D2F84C90204600990DF11A02019BC84721
:10255000002F73D0BDF81E3003EB43031BF803308C
:102560002B7033462EB1BDF81C3003EB43035B44A4
:102570005B786B70002863D0BDF81A3008F1010851
:10258000033503EB43031FFA88F15B449B7805F89E
:10259000013C039B9942A7D3DDE90429D3435B4463
:1025A0000A2B67D903994B1E9BB2022B62D9C1F348
:1025B0008F065B46111D06EB460602EB86060832C7
:1025C00059F80C5B0C3351F80C4B52F80C0BB1451D
:1025D00043F80C5C43F8084C43F8040CF0D1039D1D
:1025E00025F003039BB2AB4223D003EB4301049CD1
:1025F0005A1C605A92B22BF8010060189542594457
:102600008078887015D902EB42020233A15A9BB23E
:102610002BF80210A1189D425A448978917008D96C
:1026200003EB4303E15AE2182BF803105B44927862
:102630009A7009B0BDEC048BBDE8F08F2F7090E765
:1026400008F10108039B033505F8010C1FFA88F116
:102650008B423FF649AF9FE72046984704902EE70C
:10266000204690472368834621E708469047236821
:10267000039015E7039B049903EB43025B46114467
:102680000A46B9F8001009F103090333914523F80C
:10269000031C19F8011C03F8011CF2D109B0BDECB0
:1026A000048BBDE8F08F00BF7D020000F105000043
:1026B000F5050000000000000000F042000070433B
:1026C0002DE9F04F824687B09820059113F06EFDFA
:1026D0009AED077AF6EE004ADAED087A24229AEDAE
:1026E000033A0023DAED042A00F10801DAED053A95
:1026F00073EE075A9AED064A32EEA75A37EE236A6E
:10270000026077EE846A042265EEA45A036125EE26
:10271000245A426026EE246A80ED053A66EEA46AE9
:10272000C0ED062A80ED077AC0ED087AC0ED095A9F
:1027300080ED0A5A436380ED0E7AC0ED0F2AC0ED9A
:10274000103AC0ED117A80ED126A80ED135A83655C
:1027500080ED173AC0ED187A80ED197AC0E902339E
:10276000C0E90B33C0E9143380ED1A4AC0ED1B5A9F
:10277000C0ED1C6AC36780ED207AC0ED217AC0ED00
:10278000223A80ED234A80ED246AC0ED256ABAF82A
:1027900000200293CAF804100193C0E91D33DAF84F
:1027A0000800002A60D04FF0000910E0019A791C5F
:1027B000AB68013243F8276093B22980BAF8002051
:1027C000019309F101091FFA89F393424CD2DAF817
:1027D00004501FFA89F3029950F823600D4496EDD6
:1027E0000D7AD5ED057AD6ED0E6AB4EEE77AF1EE04
:1027F00010FAE6D596ED0F7AD5ED037AB4EEE77AC6
:10280000F1EE10FADDDDD5ED067AF4EEE76AF1EED1
:1028100010FAD6D595ED047AD6ED107AB4EEE77AB3
:10282000F1EE10FACDD52F886C88A742BED1002FCB
:1028300050D14FF008082020D5F808B013F0B6FCAE
:10284000A860002340F824300134A4B2A045F8D891
:10285000BBF1000F03D0584613F0B0FC2F88DAF814
:102860000800A5F80280A1E7029B2433902B029375
:1028700097D118B113F0A2FCBAF800200023CAF8CF
:102880000830019BB2EB530F1ED9059C0134E4B212
:10289000082C19D0DAF804301A88082A00F2A98026
:1028A0009A8C03F12400082A00F29D80B3F8482096
:1028B00003F14800082A00F29080B3F86C2003F17D
:1028C0006C00082A00F285800023AAF8003007B0C7
:1028D000BDE8F08F4FEA4708D5F808B01FFA88F82E
:1028E0004FEA880013F062FCA860B8F1000FAFD087
:1028F00047453946CBF3020228BF414608290B461B
:10290000049194BF00230123002A18BF0023002B49
:1029100050D00BF10403C31A082B4BD900290B46E6
:1029200000F1200C00F1100208BF01230BF110018F
:102930001C460393324BA408013CA4B20CEB041CCC
:102940001C0C03F1040E1032002310316EF30F0340
:10295000624504F1040E04F1010411ED086B11ED60
:10296000067B6EF31F43A4B202ED086B02ED067BFB
:10297000E6D1039921F003028A4293B216D05C1C7F
:1029800004995BF82320A4B240F823208C420DD296
:102990005BF8242040F824209C1CA4B28C4205D271
:1029A0005BF82420033340F824209CB2A0453FF676
:1029B00048AF4DE7ABF10402031F0024DDF810C05F
:1029C000013452F8041FA4B243F8041FA445F7D8F9
:1029D000ECE72146FFF774FE76E72146FFF770FE2D
:1029E000DAF8043069E72146FFF76AFEDAF80430C6
:1029F0005CE718462146FFF763FEDAF804304FE73C
:102A000002000300054B022888BF034610B41C686F
:102A1000184663685DF8044B184700BFC4430020A4
:102A2000B0F5876F80F00D812DE9F047DFF8448223
:102A3000C2B00C4698F80030002B00F0E580830807
:102A4000824D00F00309824EA5FB0325ED0849EAFB
:102A50008509C5EB05155D1B7E4B36F815E02B444B
:102A60004FEA4E001F0300EB0330B0EB033F40F290
:102A7000E9803B464FF0FF0C1A880233D1B28945FA
:102A800008BF4FEA122C9842F6D8644500F0AA809D
:102A9000BEF5006FC0F0A9800DF108084FF48072F8
:102AA000FF21404612F060FA07F5805CB81C3A46F8
:102AB000844534BF01204FF4006007EB400013460B
:102AC00002321B889042D9B24FEA132308F8013032
:102AD000F5D108F8094072B65F4B00225F49996151
:102AE0000221D96140F20641C3F8F012C3F8F42282
:102AF000C3F8F822C3F8FC22C3F8A0204FF47022D8
:102B0000C3F8A4200122C3F8B020BFF34F8F07F110
:102B100020034FF0E0219C4528BF80223B4607EB75
:102B20004212C1F85C3F20339A42FAD1BFF34F8F73
:102B3000BFF36F8F484A5369D807FCD5484B012132
:102B400048483B405161C2F8F002C2F8A0304FF44F
:102B50007023C2F8A430C2F8B0103F4A5369D907B5
:102B6000FCD50121404B0020DFF80CC151613F4CE6
:102B7000C2F8F032C2F8F402374AC2F8B810C2F80C
:102B8000A000C2F8A4C0C2F8B0105369DB07FCD59E
:102B900051612378DB07F0D4136843F0010313601D
:102BA0002D4A136813F00108FBD162B60DF1070935
:102BB0000DF2071A4C4614F8012F07EB48000DF1EF
:102BC0000601631EFF2AA3EB090307D043EA022391
:102BD00008F10108ADF806300FF084F95445EAD148
:102BE00026F8158042B0BDE8F08749EA042902A919
:102BF000ADF808900FF076F936F81530013326F865
:102C0000153042B0BDE8F087DFF870C04FF6FF77AF
:102C1000174E0CF11E0EA6F58053002102E0B342C0
:102C2000A9B204D21A884D1C0233BA42F7D12CF84B
:102C3000021FF44506F58056EDD1012388F80030D7
:102C4000FDE670474FF0FF0C1FE700BF89888888BA
:102C5000D84F0120F001060000802A40F05AF05AB7
:102C600000F0FF00200418080504012400812A4018
:102C700000101F60C44F012001000F00D64F01203B
:102C800038B5234B234A1B781268272B39D82249A1
:102C9000180101EB03130958DB688968194230D029
:102CA0001E490B78C3B11E4800241E4DD0F8B43223
:102CB0000C70D31A29888B4212DD1B4D1B4BC0F8B8
:102CC000B4222878195CFFF7ABFE2B780133DBB216
:102CD0000C2B1AD92C7038BD114BC3F8B42238BD57
:102CE000322BF8DD104B1149C0F8B4221A78104B82
:102CF000985C8B5C0133DBB298428B54EBD88C54DC
:102D000038BD064B01221A7038BD2B7038BD00BF8C
:102D1000C14F0120F83C0120381D0020C04F012088
:102D2000C04E0020C24F012078500120C84F012022
:102D3000F84F01200A490A6B38B108B51318094841
:102D4000834204D810460B6308BD1046704712F04A
:102D500005F90C234FF0FF320360104608BD00BF99
:102D6000A443002000002820002070474FF0FF30CF
:102D7000704700BF4FF4005300204B60704700BF06
:102D8000012070474FF0FF30704700BF30BFFDE7B4
:102D900038B51F4D95F8343063B31E4C94F8B82203
:102DA00042BB012284F8B822DA0724D400225B0750
:102DB00084F8B8221ED5D4F8BC32DBB1EFF305831A
:102DC000C3B9EFF3108272B6D4F8BC02E0B194F844
:102DD000C032CBB9012184F8C0124169C4F8BC12D9
:102DE00001B18B6102B962B60025836845779847C7
:102DF00084F8C05238BDD4F8E020002AD6D1FFF7BD
:102E0000C7FF95F83430D1E7002AF3D162B638BD58
:102E1000A4430020C04E0020F8B5464B1D781C2D61
:102E200073D8454F97F8C132002B5AD1434B2B44EE
:102E300093F8CC35FF2B68D01C0669D4404C236036
:102E4000236AD80704D4FFF7A3FF236AD907FAD56A
:102E50003B4BD3ED097AF8EEE77A3A4D00263A4C2F
:102E60002A883A48238800EB8200013238492A80B8
:102E70005A1CC0ED007A92B201EB820201EB830191
:102E800002339BB2C1ED007A1660B3F5007F238058
:102E900000D2F8BD2F4C2268FAB12F4B00212648F2
:102EA00013441B1100EB8300016201209160D0608C
:102EB000FF202A4A13441877537F107F957F83425F
:102EC00028BF0346D07F264AAB4228BF2B46834209
:102ED00028BF034682F87A302160224B01221A7003
:102EE000F8BD174C204E01E0FFF752FFA36C1B0604
:102EF000FAD4B36C13F08003F6D187F8C1320F4BCC
:102F00002B4493F8CC35FF2B96D1DFED187AA4E74C
:102F1000154C03F07F032360236ADA0704D4FFF71C
:102F200037FF236ADB07FAD50F4BD3ED097AF8EEAA
:102F3000E77A92E7D8460120C04E002054290020AD
:102F400000400C40E6460120DA4601203C5F0120AB
:102F50003C5301208443002000BFF7BFA44300205E
:102F600000E400E0E446012000800C400000000086
:102F70002DE9F84F0121224C224E8146224D54E882
:102F8000003F3268286844E80013002BF7D11F493E
:102F90004B684FF47A7BDFF878A01B1A01270BFBF4
:102FA00002F8DAF80020A3FB02325A4594BF90449D
:102FB000D84454E8003F3268286844E80073002B86
:102FC000F7D14B68DAF800C01B1A0BFB02F2A3FB27
:102FD0000C3CBCF57A7F94BF624402F57A72A2EB96
:102FE0000802B2F57A7F06D3B9F1010908F57A78BB
:102FF000DFD1BDE8F88FFFF7CBFE0449D9E700BF6A
:10300000F43C0120F83C0120FC3C0120001000E0D1
:10301000003D0120054B10B5D3F8E0400CB120462F
:1030200010BDFFF7B5FE204610BD00BFC04E00200A
:103030002DE9F04F85B08A460290002900F0E48027
:10304000724C0023724E04F1600BDFF8D4910193AF
:1030500094F853500123B4F8501084F852306B01A7
:103060000BEB45170393002940F0CA800D46084634
:1030700088461FE0BFF34F8F84F8528000B935684F
:1030800094F8C232002B40F09C8033685B1B782B95
:1030900000F29B8099F80030002B00F09280FFF73F
:1030A00077FE0123B4F85010184684F852300029F6
:1030B00040F092807B6813F08003DBD14FF4006214
:1030C00094F8535084F8C2321146A4F8502003EB10
:1030D000C520DFF8508192454FEAC525404418D2FB
:1030E00052460391029912F03DF8039B494AA3EB23
:1030F0000A03A4F850304FF04043C2F88430BFF3C5
:103100004F8F01980023504484F8523005B0BDE839
:10311000F08F0299454412F025F80123039A4BF8E9
:1031200002303D4BBD607B6005F58053FB6005F5CB
:1031300000533B6105F540537B6105F58043BB615E
:103140000023FB61BFF34F8F05F5006105F12003FC
:103150004FF0E020994234BF0121402105EB41119D
:103160008B42C0F8705F1D4603F12003F8D1BFF316
:103170004F8FBFF36F8F4FF480113A462748FAF70D
:1031800037F894F853300133DBB2032B2AD8019A75
:1031900084F85330B4F850301A44AAEB030A019271
:1031A000029A1A44002302921A4AA4F85030C2F834
:1031B0008430BFF34F8F84F85230BAF1000F7FF4A0
:1031C00047AF019805B0BDE8F08F0123019884F85E
:1031D000C23205B0BDE8F08F94F853500A46C1F5ED
:1031E000006374E7B4F85030019AAAEB030A1A445A
:1031F0000192029A1A440023029284F85330D3E7D2
:103200000A46C1F5006362E70846DBE7C04E0020CE
:10321000F83C012000002E40800000084002002001
:10322000F03C012080002020094B00B583B01B78C2
:103230008DF807103BB101210DF10700FFF7F8FEF3
:1032400003B05DF804FB03F0FF0003B05DF804FB7E
:10325000F03C012000B5D2F804E0D2F800C0C1F87B
:1032600004E0D2F808E0C1F800C0C1F808E0D2F8E4
:103270000CE0C1F80CE05168C0F800C041609168F2
:10328000D2688160C2605DF804FB00BFB2EE0A7ACA
:10329000D0ED007A4168074A67EE877A064BC0EDA9
:1032A000007A51604168C2ED007AC3ED077A196275
:1032B000704700BF2C47012034470120D0ED017A30
:1032C00090ED006A67EEA77AD0ED026A90ED037A7E
:1032D000E6EE067AE6EEA67AE7EE077AF5EE407AB3
:1032E000F1EE10FA02D4B1EEE70A7047B0EE670AC9
:1032F00010F004BCD1F804C08A68CB6800B5D1F8DE
:1033000000E0C0F804C0C0F800E08260C3605DF86F
:1033100004FB00BF30B40F4B4FF0010C0E4D0F4CAF
:1033200053E8002F2868216843E800C2002AF7D13B
:103330000B4B5B680B4A5B1A4FF47A71126801FB06
:1033400000F0A3FB023230BC8A4294BF80184018C0
:10335000704700BFF43C0120F83C0120FC3C0120F8
:10336000001000E0003D012070B50E4C4FF6FF7ECE
:103370000D4E04F11E05A6F58053002102E0B34274
:1033800081B204D21A88481C02337245F7D124F85E
:10339000021FAC4206F58056EDD1044B01221A7093
:1033A00070BD00BFD64F012000101F60C44F012028
:1033B000A44B40F2EE26A44C1D682DE9804895B040
:1033C000FFF7E6FCA14B1B78002B01F0B68094F8C8
:1033D0008432DB0741F1B1809A4B1B68D4F880221C
:1033E0009B1A0E2B41F2A980984B1B781BB10C2124
:1033F0009748FFF71DFE954B40F60D221B78ADF860
:103400002C20002B01F00B810BAB022118460BEE98
:10341000103AFFF70DFE8F48F2F79CFF6420FFF78C
:10342000A7FD8D4BDFF87CB203938A4B9FED8B9AFF
:1034300003F530449FED818B824B9FED897A1A68AA
:10344000884BA3FB021341F288311B0B01FB1322B3
:10345000012107EE902AF8EEE77AC7EE879A5BE83B
:10346000003F784B804A1B6812684BE80010002828
:10347000F5D17E49824649688A1A7D490968A2FBCE
:1034800001214FF47A7202FB03F3914294BF5B185F
:103490009B18704AC2F8F0300022764B764943F808
:1034A000102B8B42FAD1754B1B78002B40F06C87A8
:1034B000734A7449537815460846127803EB830320
:1034C00003EB83030533DBB281F8A23191F8A41139
:1034D000002900F0C98780F8A031AB7803EB8303A3
:1034E00003EB83030533DBB280F8A33180F8A1310D
:1034F000584B93F8A832002B00F0F484062A40F0D1
:103500005487039AF7EE003A5F4B9FED605AC3F879
:10351000342F03F58053504A93F83961A3F53B7576
:103520000392002E40F01A841368C5F82432043246
:10353000574B04359342F4D1564BB3F84020A3F5D2
:10354000805393F878605AB303F6C6710023084697
:1035500004E001339DB2AA4241F23B8030F8025FA1
:10356000B542F6D14C4D03F2D2234FF07E5005EB1D
:10357000830395F87A50C3F88400002303E00133F5
:1035800098B282420CD931F8020FA842F7D1424AD0
:1035900003F2D22302EB83034FF07E52C3F8842060
:1035A0003D4B00201F6FA3F50053014693F8E42123
:1035B00002E0C1B2914221D8264D01F5CB73013012
:1035C00005EB8303354DD3F83C3BAB42F1D1A5F578
:1035D000516389B2B3F8846086B1A5F6B640002382
:1035E00003E001339DB2AE4208D930F8025F8D424C
:1035F000F7D12B4901EB8303C3F8C8730020224B9A
:10360000014693F8905802E0C1B28D425AD31E4B46
:103610000130224E03EB8103D3F84038B342F3D19B
:10362000A6F5516389B2B3F83067002E4AD003F291
:10363000067000233CE000BFAFF30080FFFFFFFFF8
:10364000FFFFEF7FF83C0120C04E0020F03C01203E
:103650004C3F0020845100203C510120CDCCCC3D7A
:1036600000409C455917B7D1FC3C0120001000E0F8
:10367000003D01209C3601203C38012005500120EE
:10368000C84F012084D10020846100200000000088
:103690003C5301208491002084810020946E0020FE
:1036A000C45C0020F43C012001339DB2AE4209D934
:1036B00030F8025F8D42F7D1F233694901EB8303A1
:1036C000C3F8EC7100200146664D01F5CB73013063
:1036D00005EB830305F64C25D3F83C3BAB4200F0E9
:1036E0005B87C1B28A42EFD2B0EE690A5D48F4F757
:1036F000B1FA5D494FF07E53002501F5D1622E46A7
:10370000136001F5D362136013E0D4F8E00F03688F
:103710009B689847D4F8DC3F47191A681846D36865
:10372000984728440C3501684268836839607A609C
:10373000BB60D4F8E00F0368DB689847864206F167
:103740000106E2DB494D03E01035494BAB424BD05B
:10375000D5ED037AF5EEC07AF1EE10FAF4DD2B68C0
:10376000D4F8E08F002BEFDD0026B146D8F800300A
:10377000404609F101099B6898476B689B5903EB28
:10378000430300EB8307D8F8003040469B68984716
:103790006B6806EB460295ED036A9B59043603EB12
:1037A000430300EB8300AB681344D0ED006A90ED57
:1037B000017AD3ED004A93ED015AD3ED025AE4EEBB
:1037C000866AD0ED027AA6EE057A2B68E6EE257AB7
:1037D0009945C7ED006A87ED017AC7ED027AC5DB2E
:1037E0001035234BAB42B3D1224E4FF081422249D8
:1037F000042006F2446304F6C8791BEE108A1960AF
:1038000006F5C9631A6012F0D1FC1C4B054601464F
:10381000036006F20C600BF005FF284612F0CEFCA8
:10382000012306F5DE60002586F85436FDF7DCF846
:1038300006F5E060F0EE409AFDF7D6F804F69C73CA
:103840000022CDF80890C3ED009A04F57A6383ED69
:10385000000A04F6A4731A6004F6C473019398E096
:1038600084610020845100208431012090360120A1
:1038700030380120847100200000F0C000110120C8
:10388000D4F8E00F04F6D87604F6D47704F57D6911
:1038900003689B689847019A504404F6CC7392EDF4
:1038A000007A04F6AC71029AD3ED007A04F6A8739C
:1038B000D2ED006A04F57B6290ED015AD0ED025A18
:1038C00090ED006A35EE665A75EEE75AD1ED003A92
:1038D00036EE476A92ED004AD3ED004AE5EE236AE0
:1038E000E5EE847A554AA6EE247A404602F11001AC
:1038F000B0EE661AB0EE672AF0EE471AFCF78EFFBC
:10390000D6ED007A05AAD7ED006A414699ED007A16
:1039100072EE677A71EE666A08A831EEC77ACDED6D
:10392000077ACDED066A8DED057AFBF7C3FDD6ED7E
:10393000007A04F57A62D9ED006A04F6A47397ED73
:10394000007A04F69C76DDED08AA9DED09AADDED6E
:103950000A9A7AEEA6AAD4F8E00F3AEE07AA79EE10
:10396000A79AD6ED006AD3ED007A01687AEEA6AA8E
:1039700092ED007A79EEA79A8B683AEE07AA9847FB
:1039800050440AF10C0AC0ED00AA80ED01AAC0ED76
:10399000029AD4F8E00F0368DB689847854205F186
:1039A0000105FFF66DAF01205BE8003F244B1A686C
:1039B000244B19684BE80003002BF5D1224B5B68C0
:1039C000591A4FF47A73214802FB03F3204ADFEDC2
:1039D000216A1268A1FB0212D0F8F0105B1A0121D3
:1039E000B2F57A7F94BF9B1803F57A7307EE903A8D
:1039F000F8EE677A87EEA67A80ED407A5BE8003FC2
:103A00000F4B104A1B6812684BE80015002DF5D1CA
:103A10000D4949688A1A0E490968A2FB01214FF431
:103A20007A7202FB03F3914294BF5B189B18074A1A
:103A30005668C2F8F430337993B92FE000110120B1
:103A4000F83C0120FC3C0120001000E084510020E3
:103A5000003D012000247449013533799D421DDA6F
:103A6000336853F825000CF05FF9AB4B1B7F002B3C
:103A7000F2D03368A84A53F82500976903683A687A
:103A80009B69D2F80080A54A934240F01F82016AE8
:103A900038460135C04733799D42E1DB01205BE8C0
:103AA000003F9F4B1A689F4B19684BE80003002B9F
:103AB000F5D19D4B5B68591A4FF47A73964802FB17
:103AC00003F39A4ADFED9A6A1268A1FB0212D0F85A
:103AD000F4105B1AB2F57A7F94BF9B1803F57A73E2
:103AE00007EE903AF8EE677A87EEA67A80ED417A93
:103AF00001205BE8003F8A4B1A688A4B19684BE843
:103B00000003002BF5D1884B5B685B1A8749096875
:103B1000A3FB01314FF47A7303FB02F2994294BF85
:103B20005218D2187C4B9868C3F8F82003685B6879
:103B3000984701215BE8003F794B7A4A1B6812687D
:103B40004BE80015002DF5D1774949688A1A4FF4E2
:103B50007A71714801FB03F37449DFED756A06461B
:103B60000968A2FB0121D0F8F8209B1AB1F57A7FF1
:103B700094BF5B1803F57A7307EE903A6D4BF8EE3D
:103B8000677A1B7887EEA67A80ED427A2BB1052101
:103B90006948FFF74DFA96ED427A5F4BF7EE006AFF
:103BA000D3ED417A1A4693ED406A93F8EC6077EED4
:103BB000867A93ED08AA312E76EECAAA77EE877A36
:103BC000C6EEA79A00F28581731C02EB8606C6ED4D
:103BD000099ADEB282F8EC60DFED587A584B013575
:103BE000B3EC017AEAB277EE877A9642F7D807EE1D
:103BF000106AF8EEC76A87EEA67A67EE2A7AE9EECF
:103C00008A7AB7EEE76AB4EE466BF1EE10FA80F10D
:103C1000AB84B0EEC65BB4EE485BF1EE10FA00F395
:103C20002F849FED487AF4EEC77AF1EE10FA00F394
:103C3000A1839FED457AF4EEC77AF1EE10FA00F118
:103C40009983F5EEC07AF1EE10FA00F18484002732
:103C5000B6EE007B36EE076BFCEEC67B17EE903AB5
:103C6000002B40F04184302321208DF84D303FB1AE
:103C700001382D22C0B200F150036B4403F8242C0C
:103C80002C4B1B7833B11BEE103AC0F122011844C3
:103C9000FFF7CEF9274B1B781BB10E212B48FFF7FE
:103CA000C7F91D4B93ED400AB7EEC00A0EF02CFD8C
:103CB000204B1B781BB10F212548FFF7B9F9164B94
:103CC00093ED410AB7EEC00A0EF01EFD194B1B78AA
:103CD0001BB110211F48FFF7ABF90F4B93ED420AC0
:103CE000B7EEC00A0EF010FD124B1B781BB101217C
:103CF0001948FFF79DF940F60D23ADF82C300D4B18
:103D00001B7823B102211BEE100AFFF791F9FFF790
:103D10003FF8FFF791BB00BF84510020B1040000C1
:103D2000F83C0120FC3C0120001000E0003D012097
:103D300000247449F03C01205C3F0020000000009A
:103D4000A8510020FFFF7F4FFFFF7FCF703F002073
:103D5000803F0020903F0020A43F00202B6892ED80
:103D6000006A93F82C10D3ED005A092973EEE54A46
:103D700040F28B8093ED037A586993ED024AF0EE9E
:103D8000476A83ED027A93ED047A74EE057A18613E
:103D9000986977EEA67A83ED014A5861D86983ED78
:103DA000037A9861186AD861586A1862986A83ED34
:103DB0000A6A5862032977EE877A27D093ED047A4E
:103DC000042977EE877A21D093ED057A052977EEDD
:103DD000877A1BD093ED067A062977EE877A15D07D
:103DE00093ED077A072977EE877A0FD093ED087A5B
:103DF000082977EE877A09D093ED097A092977EEB9
:103E0000877A03D093ED0A7A77EE877A07EE101A55
:103E1000D3ED116AB8EEC74A87EE847A27EE247A8A
:103E2000A6EE257A77EE667AC7EE896AF5EEC06A65
:103E3000F1EE10FA01D5F0EE456AD3ED0F5A93ED8D
:103E40000E6AE5EEC96AD3ED0D7A26EE866AC3EDF9
:103E50000C6AE6EE097AF5EEC07AC3ED0D7AF1EE62
:103E600010FA2AD4F4EEE37AF1EE10FA05DDF7EE5B
:103E7000007A83ED0C5AC3ED0D3A77EE877A83ED25
:103E8000117AC5ED897AFFF752BB481C03EB81011B
:103E9000C0B283F82C00012881ED016AD3ED017ACC
:103EA00077EE857A10D093ED027A022877EE877A42
:103EB0000AD0014693ED037A7CE7F0EE457A83ED74
:103EC0000C5A83ED0D5AD8E701469FE79847014603
:103ED000DEE5BC49C422081F12F0ECF8BA4BC3ED72
:103EE0003A9A79E6072A00F29F8301A353F822F059
:103EF000DD0D0100AB190100851901004B1901000E
:103F0000431A010053180100F70B010005160100C8
:103F1000AE4AAF4E92F8BC331546C2F8B46302F510
:103F20008F605B0806EB830393ED010AFBF74EFA03
:103F300095F8BC332A465B0806EB83035E6805F2FE
:103F4000845395F8745483ED000A272D00F21783EB
:103F500011466B1C02EB8502C2F8C463DAB291ED24
:103F6000F1AA012A81F874240DD09A490123F1ECB9
:103F7000017A0133F4EE4A7AD8B2F1EE10FA37FE44
:103F80008AAA9042F3D3914AD2F8C05305F127038D
:103F90006E1E02EB8303D3EDF17AF4EE4A7AF1EE72
:103FA00010FA15D015F0FF0704D08B49BA00081F8E
:103FB00012F080F8894A06F1280302EB8707A2F283
:103FC000644202EB8303002247F8042C83EDF1AA3C
:103FD000002D9FED837A0EDD00231A46283201332F
:103FE0007A49DBB201EB82029D42D2EDF17A1A46A8
:103FF00037EE277AF2DC07EE905A744AB6EE006A82
:10400000F8EEE77A02F28453C7EE276AD3ED007A1E
:1040100002F5B16336EEE77AC3ED006A714BE7EE65
:10402000067AB3F84010A3F5805393F87860C2ED98
:10403000EE7A51B36C4A0023104604E001339DB27E
:104040008D4280F0CB8230F8025FB542F6D1674DE9
:1040500003F2D2234FF07E5005EB830395F87B509B
:10406000C3F88400002303E0013398B288420CD2E5
:1040700032F8020FA842F7D15C4A03F2D22302EBD6
:1040800083034FF07E52C3F88420584B00205F6FAB
:10409000A3F50053014693F8E42102E0C1B2914236
:1040A00020D8494D01F5CB73013005EB8303504D0A
:1040B000D3F83C3BAB42F1D14E4B89B2B3F88460AC
:1040C00086B103F15A00002303E001339DB2AE42F2
:1040D00008D930F8025F8D42F7D1474901EB8303DD
:1040E000C3F8C8730020434B014693F8905802E090
:1040F000C1B2A9421FD83F4B01303D4E03EB8103B3
:10410000D3F84038B342F3D13A4B89B2B3F83067B1
:104110008EB103F20670002303E001339DB2B54275
:1041200009D230F8025F8D42F7D1F233314901EB09
:104130008303C3F8EC7100200146234D01F5CB73D6
:10414000013005EB830305F64C25D3F83C3BAB422D
:1041500000F04882C1B29142EFD9FFF7C5BA214BB6
:10416000B3F8401039B3204A0023104603E001336E
:104170009DB28D420CD230F8025F032DF7D11B485F
:1041800003F2D22300EB83034FF07E50C3F8840088
:10419000002303E0013398B288420CD232F8020FB8
:1041A0000028F7D1114A03F2D22302EB83034FF028
:1041B0007E52C3F8842000210E4B0A4693F8E40196
:1041C00020E000BFAC510020845100208471002009
:1041D0003C5F01204C750020EC750020E875002044
:1041E00000000000849100204A910020848100207A
:1041F0001473002084610020C45C0020CAB2824293
:104200003FF672AAAC4D02F5CB73013105EB830387
:1042100005F6D425D3F83C3BAB42EFD105F22C5345
:10422000B5F8B05592B2002D3FF45EAA03F15A01E1
:10423000002304E0013398B2A842BFF455AA31F834
:10424000020F9042F6D19D4A02EB83039C4AC3F8C9
:10425000C823FFF749BA9B4BB3F8400000283FF44E
:1042600043AA994A002304E0013399B28142BFF482
:104270003BAA32F8021F0029F6D1944A03F2D22356
:1042800002EB83034FF07E52C3F88420FFF72CBA71
:104290008C4BB3F8400000283FF426AA8A4A00233A
:1042A00004E0013399B288427FF61EAA32F8021F59
:1042B0000129F6D1E1E7834BB3F84000A0B1A3F1A7
:1042C0003A02002303E0013399B281420CD232F862
:1042D000021F0429F7D17D4A03F2D22302EB8303A4
:1042E0004FF07E52C3F884200021794B0A4693F8A0
:1042F000E40103E0CAB29042FFF4F6A96E4D02F564
:10430000CB73013105EB830305F6A425D3F83C3BC1
:10431000AB42EFD105F25C53B5F8E05592B2002DF7
:104320003FF4E2A903F15A01002304E0013398B2FB
:10433000A842BFF4D9A931F8020F9042F6D15F4AE2
:1043400002EB83035E4AC3F8C823FFF7CDB95D4B88
:10435000B3F8400000283FF4C7A95B4A002304E0FB
:10436000013399B288427FF6BFA932F8021F15299E
:10437000F6D182E7574B1B78002B3FF48BAC03211F
:104380005548FEF755FE85E45449052391F8A421CC
:1043900081F8A231002A7ED181F8A331A1F5004332
:1043A00093F8A832002B3FF49FA9464BB3F8400086
:1043B00038B3A3F13A020023114603E001339DB262
:1043C000A8420CD931F8025F022DF7D13F4903F220
:1043D000D22301EB83034FF07E51C3F884100023F6
:1043E00003E0013399B288420BD932F8021F192930
:1043F000F7D1364A03F2D22302EB83030022C3F83B
:1044000084200021324B0A4693F8E40103E0CAB24B
:104410009042FFF469A9284D02F5CB73013105EBF9
:10442000830305F6F815D3F83C3BAB42EFD105F515
:10443000C163B5F88C5692B2002D3FF455A903F133
:104440005A01002304E0013398B285427FF64CA95B
:1044500031F8020F9042F6D1184A02EB8303184A52
:10446000C3F8C823FFF740B91D4B1C499B7803EBE9
:10447000830303EB8303053381F8A331FFF738B8D7
:10448000144B1B78002B3FF405AC03211548FEF7B5
:10449000CFFDFFF7FFBB114A82F8A33140F205536D
:1044A000A2F8A031A2F5004393F8A832002B7FF4C4
:1044B0007CAFFFF719B900BF84510020C45C002015
:1044C000CDCC4C3F849100204A9100208481002073
:1044D00084610020F03C01206C3F002084D100204A
:1044E000C84F0120683F00208B4E092B4FF0210060
:1044F000A6FB03214FEAD10101EB8102A3EB4202AB
:1045000002F130028DF84D207FF6B1AB0138A6FBE9
:1045100001320D46C0B2D208092D00F150030DEB57
:10452000030C02EB8203A1EB4303114603F13003BA
:104530000CF8243CEAD8FFF79ABB784B784A1B6802
:1045400012785B1B62B1B3F5FA6F3EF64DAFFEF722
:104550001FFCFEF735BFB1EE466B0127FFF778BBB6
:10456000B342F4D9FEF740BF6D4B1B78002B3FF4EC
:1045700091AB03216B48FEF75BFDFFF78BBB6A49EC
:104580009C22081F11F096FD684B2A4693EDF1AA74
:1045900003F58C631E60E8E405F2B453B5F83856B1
:1045A00089B2002D3FF4A0A803F15A02002304E0D1
:1045B000013398B285427FF697A832F8020F8842FD
:1045C000F6D15B4A02EB83035A4AC3F8C823FFF7CC
:1045D0008BB8594B93F87A50FEF7CFBF564B93F8F0
:1045E0007B503FE505F2B453B5F8385689B2002D3B
:1045F0003FF47AA803F15A02002304E0013398B291
:10460000A842BFF471A832F8020F8842F6D1484A96
:1046100002EB8303474AC3F8C823FFF765B80BAB27
:104620000BEE103AFEF7F7BE444BF7EE005A039A32
:10463000434803F698059FED476A93F8BB6CC3F8AF
:10464000B42A0390002E40F087800368C5F820321A
:1046500004303C4B04358342F4D13B4BB3F840204B
:10466000A3F5805393F87850CAB103F6C6710023BE
:10467000084630F8026FAE4200F0678101339EB207
:104680009642F6D32C4B93F87900002331F8025F61
:10469000854200F0668101339DB29542F6D3264BE8
:1046A0000020DD6EA3F5005393F8E4110346274E76
:1046B00003F5CB72013006EB8202254ED2F83C2B7B
:1046C000B24200F00681C3B29942F0D21B4B0022E5
:1046D00093F890681346194801321D4F00EB830090
:1046E000D0F84008B84200F00881D3B29E42F2D21E
:1046F00000200346154D03F5CB72013005EB820215
:1047000005F64C25D2F83C2BAA4200F00A81C3B230
:104710009942EFD2FEF7E8BFCDCCCCCCF83C0120DB
:10472000F03C0120643F00204C7500208471002083
:10473000C45C0020CDCC4C3F8481002084610020EB
:104740003C5101203C5301208491002084510020E1
:10475000186A0020000000002B6890ED005A93F8C2
:104760002C20D3ED003A092A35EEE33A00F2878097
:10477000511C03EB8202C9B283F82C10012982ED8F
:10478000015AD3ED017A77EE867A00F0A08093ED9E
:10479000027A022977EE877A00F099800A4693ED33
:1047A000037A032A77EE877A27D093ED047A042AD6
:1047B00077EE877A21D093ED057A052A77EE877A0E
:1047C0001BD093ED067A062A77EE877A15D093ED03
:1047D000077A072A77EE877A0FD093ED087A082AAE
:1047E00077EE877A09D093ED097A092A77EE877AEE
:1047F00003D093ED0A7A77EE877A07EE102A93EDCD
:10480000114A1FED2C2AF8EEC71AD3ED0F2AD3ED6B
:104810000D6AD3ED0E4A87EEA17A67EE037AE5EED4
:10482000237A37EEC45A85EE097AB4EE427AF1EE75
:1048300010FA48BFB0EE467AA2EEC97A27EE245AA3
:1048400083ED0C7AB0EE667AA5EE097AB4EEC27A00
:1048500083ED0D7AF1EE10FA32D4B4EEE57AF1EE92
:1048600010FA05DDB7EE007A83ED0C6AC3ED0D5A40
:10487000C3ED117A77EE877AC5ED887AE8E693ED95
:10488000037A5969D3ED024AF0EE476A83ED027A62
:1048900093ED047A74EE867A1961996977EEA67AB7
:1048A000C3ED014A5961D96983ED037A9961196AA7
:1048B000D961596A1962996A83ED0A5A596270E797
:1048C000B0EE467A83ED0C6A83ED0D6AD0E70A46B6
:1048D00093E79AB2A6F69403B3F88460002E3FF4EF
:1048E000F5AE03F15A00002330F8027F974249D019
:1048F00001339FB2BE42F7D8E8E69AB2A7F6940316
:10490000B3F83067002E3FF4F3AEA7F5C77000236D
:1049100030F8027F97422ED001339FB2BE42F7D8C3
:10492000E6E6B5F838069AB200283EF4DDAE05F2A8
:104930000E61002331F8025F95423FF484AC0133ED
:104940009DB28542F6D3FEF7CFBE114D03F2D223BE
:104950004FF07E5005EB8303C3F8840095F879008F
:1049600093E60B4A03F2D22302EB83034FF07E520D
:10497000C3F8842093E6F233064A02EB8303C3F8BC
:10498000EC51B5E6044A02EB8303C3F8C8539DE635
:104990008481002084610020C45C002090F8A32062
:1049A00090F8A200101A704790F8A23090F8A32057
:1049B0009A4205D95A1C034480F8A220987E704779
:1049C0004FF0FF30704700BF90F8A23090F8A3205E
:1049D0009A4202D91844807E70474FF0FF307047EA
:1049E000704700BF0346B0F8300178B193F82F212B
:1049F000882A03D9012200205A60704702F1010C75
:104A000001201A4483F82FC182F8A510704700BF17
:104A100070B52A4C2369D3F8145115F4706201D093
:104A2000C3F81421AE070BD5D3F8701108043ED596
:104A300000220120A4F8A220224484F8A300917649
:104A4000EA0710D594F83061F6B194F82E6194F825
:104A50002F21B24227D9711C264496F8A52084F84C
:104A60002E11C3F86021AB050DD594F8A30018B141
:104A7000D4F83C3103B198470023A4F8A230A4F83D
:104A80002E3184F8303170BDD4F838210AB1904706
:104A90002369002284F82E21012284F8302194F821
:104AA0002F21B242D7D80022C3F86021DBE794F867
:104AB000A320872AC4D8501CC0B2BDE7083D0120FE
:104AC00070B52A4C2369D3F8145115F4706201D0E3
:104AD000C3F81421AE070BD5D3F8701108043ED5E6
:104AE00000220120A4F8A220224484F8A300917699
:104AF000EA0710D594F83061F6B194F82E6194F875
:104B00002F21B24227D9711C264496F8A52084F89B
:104B10002E11C3F86021AB050DD594F8A30018B190
:104B2000D4F83C3103B198470023A4F8A230A4F88C
:104B30002E3184F8303170BDD4F838210AB1904755
:104B40002369002284F82E21012284F8302194F870
:104B50002F21B242D7D80022C3F86021DBE794F8B6
:104B6000A320872AC4D8501CC0B2BDE760380120FA
:104B700070B52C4CD4F85031D3F8145115F4706240
:104B800001D0C3F81421AE070CD5D3F87011080476
:104B900040D500220120A4F8E221224484F8E30158
:104BA00082F85A11EA0710D594F87062F6B194F8B9
:104BB0006E6294F86F22B24228D9711C264496F88E
:104BC000E52184F86E12C3F86021AB050DD594F889
:104BD000E30118B1D4F87C3203B198470023A4F85C
:104BE000E231A4F86E3284F8703270BDD4F87822C5
:104BF00012B19047D4F85031002284F86E2201227D
:104C000084F8702294F86F22B242D6D80022C3F8FA
:104C10006021DAE794F8E321872AC3D8501CC0B298
:104C2000BBE700BF6038012030B40468BDF808500D
:104C30000295A46BA44630BC604700BF30B4046842
:104C4000BDF808500295E46BA44630BC604700BF35
:104C5000D0F800C02DE9F04F90461F461F4A83B0A0
:104C6000DCF8143005460C46BDF930909342BDF88F
:104C700034A029D12744A7421EDDDFF864B00AE042
:104C80000134CDF800A0DCF8386024B2B047D5F884
:104C900000C0BC4210DADCF820604B464246214698
:104CA0005E452846ECD00134CDF800A0B047D5F8D9
:104CB00000C024B2BC42EEDBDCF82C30074A934241
:104CC00006D103B0BDE8F08F9847D5F800C0D1E712
:104CD000284603B0BDE8F04F184700BFD5200100BB
:104CE0001D230100D0F800C02DE9F04FDCF8406032
:104CF00083B0DFF898E0BDF930907645BDF834A078
:104D000032D190461F46204A0546DCF814300C4646
:104D1000934235D12744BC421EDADFF874B00AE072
:104D20000134CDF800A0DCF8386024B2B047D5F8E3
:104D300000C0BC4210DADCF820604B4642462146F7
:104D40005E452846ECD00134CDF800A0B047D5F838
:104D500000C024B2BC42EEDBDCF82C300A4A93429D
:104D600009D103B0BDE8F08FB446CDE90C9A03B089
:104D7000BDE8F04F6047284603B0BDE8F04F184744
:104D80009847D5F800C0C5E7D520010045230100AC
:104D90001D2301002DE9F0411C460B46016884B03B
:104DA000114E05464F69BDF82880B74210D1013C2D
:104DB000CDF804802846144424B200948C6A194625
:104DC000A0472B68DB6AB34209D104B0BDE8F0818B
:104DD000CDE90232B8472968DDE90232E7E7284623
:104DE00004B0BDE8F0411847D52001002DE9F0439B
:104DF000056885B0124E04466F699946BDF830804B
:104E0000B74210D109F1FF33CDF80480009220465B
:104E10000B44AD6A1BB2A8472368DB6AB34209D1D1
:104E200005B0BDE8F083CDE90212B8472568DDE999
:104E30000212E7E7204605B0BDE8F043184700BF7F
:104E4000D5200100D0F800C0274B2DE9F04FDCF849
:104E5000404083B00F46B0F90C909C42B0F90E80F0
:104E60002FD1DCF814300546DFF880B05B4537D130
:104E7000B9F1000F1EDD0024DFF874A0214609E01F
:104E800001340097DCF83860B047D5F800C021B293
:104E900089450FDDDCF82060434600222846564550
:104EA000EED0013400220097B047D5F800C021B2FF
:104EB0008945EFDCDCF82C305B450CD103B0BDE854
:104EC000F08F002201914B46CDF800801146A0479B
:104ED00003B0BDE8F08F284603B0BDE8F04F184797
:104EE0009847D5F800C0C3E745230100D52001004D
:104EF0001D2301002DE9F043994287B00546BDF915
:104F00003840BDF83C6022D0A24212D00768DFF8DA
:104F10008480D7F81490C14533D12846CDE90046A6
:104F2000BC6AA0472B68DB6A434525D107B0BDE8C2
:104F3000F08399421CDC0E9601332C6828465B1ADC
:104F4000E46B1BB2A44607B0BDE8F0436047A24241
:104F500002DD134622461C460E96631C2C6828462A
:104F60009B1AA46B1BB2A44607B0BDE8F043604790
:104F7000084619460346DEE7284607B0BDE8F04379
:104F80001847CDE904230391C8472F680399DDE949
:104F90000423C2E7D52001002DE9F04F1D46036828
:104FA0001646DFF8BC905A6985B004464A45BDF9FB
:104FB0003880BDF83C7043D1D3F824B03246DFF8D6
:104FC000A4A020460097D345039108BFD3F83CB076
:104FD0002B46D847236808F1FF320399D3F824B051
:104FE00032440097D34512B234D1D3F83CA02046C6
:104FF00003912B46D047039923683246DFF868A017
:105000002046D3F820B0013D0097D345039108BF57
:10501000D3F838B04346D8470399226843460D4435
:10502000204629B2156A0097554508BF956B324650
:10503000A8472368DB6A4B4507D105B0BDE8F08F70
:105040000391904723680399B6E7204605B0BDE871
:10505000F04F184703912B462046D8470399CBE7DA
:10506000D5200100312301001D23010001F00303BD
:105070008376CB0705D40289B0F90A308281C381D7
:1050800070474289B0F908308281C381704700BF00
:10509000704700BF00B590F81AC0BCF1020F0CD0E9
:1050A000BCF1030F60D0BCF1010F54D0012B13D021
:1050B000022B3AD023B35DF804FBB0F808C0012BF3
:1050C000ACEB010C4189A1EB02020CF1FF3102F1C2
:1050D000FF3209B212B2EBD1002A1346B0F808E051
:1050E00002F0070CB8BFD31DC06A0122DB1002FA20
:1050F0000CF213FB0E13C15C0A43C2545DF804FBAF
:10510000002A1346B0F808E002F0070CB8BFD31D20
:10511000C06ADB1013FB0E130121C25C01FA0CF113
:1051200022EA0102C2545DF804FB002A1346B0F8DB
:1051300008C0B8BFD31DC06A02F00702DB1013FB22
:105140000C13012110F803C001FA02F282EA0C02EA
:10515000C2545DF804FBB0F808C0ACEB020C0A4680
:105160000CF1FF3109B2A1E7B0F80AC0ACEB010CB9
:1051700011460CF1FF3212B298E700BF70B5046817
:105180000C4E2569B54209D100298E4605DBB0F9E0
:105190000C508D4201DD002A04DA70BDAC46BDE83A
:1051A00070406047B0F90E509542F6DDBDE87040A2
:1051B00070E700BF0D2A01002DE9F04F85B0A3EB89
:1051C00001091F460D46BDF938C01646BDF83C30F2
:1051D000ACEB0208B8F1000FB8BFC8F10008B9F194
:1051E000000FB8BFC9F10009C84540F381803C46B3
:1051F0008E460A463546394676466746CA46A4462E
:10520000BD420ADD521A34462946664682EAE27AEF
:105210003D46A4460F46AAEBE27A7A1B1FFA8AFAA9
:10522000BB4614B292B2002C00924FF6FF72B8BF88
:105230000134B445C8BF0122641001921DE08F42C1
:105240003BD11769324A974237D1002E05DBB0F9BE
:105250000C20B24201DD29044DD5A4EB0A0214B2A0
:1052600092B2002C05DA01990E4400990A4436B234
:1052700014B201352DB2AB4527DB0268C84525497C
:105280009769DCDC8F4223D11769214A974227D1E5
:10529000002DE2DBB0F90C20AA42DEDD3204DCD4C2
:1052A000B0F90E20B242D8DD32462946039302906F
:1052B000FFF7F0FEDDE90203CFE703932A460290F1
:1052C0003146B847DDE90203C7E705B0BDE8F08F16
:1052D0000393324602902946B847DDE90203BCE752
:1052E0000393324602902946B847DDE90203B4E74A
:1052F0006146C24684E7B0F90E20AA42ADDD2A46D7
:10530000314603930290FFF7C5FEDDE90203A4E7EF
:105310000D2A010071280100002905DBB0F90CC03D
:105320008C4501DD002A00DA7047B0F90EC09445C3
:10533000FADD10B490F81AC0BCF1020F0DD0BCF128
:10534000030F58D0BCF1010F4CD0012B38D0022BE9
:1053500024D07BB15DF8044B7047B0F808C00CF165
:10536000FF3CACEB010C41898A1A0FFA8CF1013A2F
:1053700012B2EAE7002A1346B0F808C0B8BFD31D3E
:10538000C46A02F007020120DB1000FA02F213FBEC
:105390000C13E15C21EA0202E254DBE7002A134627
:1053A0000489B8BFD31DC06A02F00702DB1013FBEB
:1053B00004130121C45C01FA02F26240C254C9E73D
:1053C000002A1346B0F808C002F00704B8BFD31D86
:1053D000C06A0122DB10A24013FB0C13C15C0A431C
:1053E000C254B7E7B0F808C0ACEB020C0A460CF1A7
:1053F000FF3109B2A9E7B0F80AC00CF1FF3CACEBF1
:10540000010C11460FFA8CF29FE700BF002930B55E
:10541000BDF80C4002DA0B4400211BB2B0F908C001
:105420005D188E46654502DDACEB01010BB2002B29
:105430000FDDD11002F00702C06A1CFB01EC012154
:1054400001FA02F28C426044D2B271D0022C3AD0FE
:1054500004B130BD9BB2D2435D1ED2B2A9B22DB20F
:10546000022921D921464FEA930C041D62F307015A
:105470000CF1FF3C62F30F211FFA8CFC62F3174121
:1054800004EB8C04844662F31F61DCF800E00EEA52
:10549000010E4CF804EBA445F7D123F003016D1A7B
:1054A0008B4208442DB2D4D0037813400370002DF2
:1054B000CFD04378012D03EA02034370C9D083782B
:1054C0001A40827030BD9BB25D1EA9B22DB2022976
:1054D0001FD90024990800F1040E62F30704013972
:1054E00062F30F2489B262F317440EEB810E01467A
:1054F00062F31F64D1F800C08CEA040C41F804CBBD
:105500007145F7D123F003016D1A8B4208442DB287
:105510009FD0037853400370002D9AD04378012D1B
:1055200083EA0203437094D083785340837030BD84
:105530009BB25D1EA9B22DB2022920D90024990880
:1055400000F1040E62F30704013962F30F2489B2FB
:1055500062F317440EEB810E014662F31F64D1F82B
:1055600000C04CEA040C41F804CB8E45F7D123F07F
:1055700003016D1A8B4208442DB23FF46AAF0378E1
:1055800013430370002D3FF464AF4378012D43EAC9
:10559000020343703FF45DAF83781343837030BDE3
:1055A00090F81AC0BCF1020F2DE9F041BDF8184087
:1055B00024D0BCF1030F1CD0BCF1010F09D0002A8C
:1055C00015DBB0F90AC0944511DD0694BDE8F04141
:1055D0001CE7B0F808C0ACEB020C0CF1FF3C0FFA72
:1055E0008CF2002A03DBB0F908C0944513DCBDE857
:1055F000F081CD184189491B09B2F2E7B0F80AC021
:10560000CD180189ACEB020C491B0CF1FF3C09B22F
:105610000FFA8CF2D3E7002902DA19440BB2002109
:105620008E46B0F90A509E44AE4501DD6D1A2BB28C
:10563000002BDCDDC1F3C405C66A11F00701DBB243
:105640001CFB052506EB050225D0C1F1080EDFF88D
:1056500008815FFA8EFE734518F80E7044D2AEEBE7
:1056600003084FF0FF0C012C4CFA08FC07EA0C076A
:1056700052D0022C3CD0002CB9D116F805C02CEA2F
:10568000070C734506F805C0B0F90850AFD30839C8
:105690002A440B44DBB2072B16D9022C41D0B4F1BB
:1056A000000C194618BF4FF0010CCCF1000C5FFA4A
:1056B0008CFC083982F800C0B0F90850C9B22A44FD
:1056C0000729F6D803F00703002B90D02249012CBC
:1056D0000B441B7A3BD0022C35D0002C87D111789B
:1056E00021EA0303137082E7012C15D0022C04D1A8
:1056F00016F805C087EA0C0CC3E7002CBDD00839AA
:1057000062440B44DBB2072BC9D8002B3FF46FAFC8
:10571000984498F80830DEE716F805C047EA0C0C04
:10572000AFE7194614780839E443C9B21470072961
:10573000B0F908402244F5D813F007033FF457AFFF
:1057400005490B441B7A11784B4013704FE71178D1
:105750000B4313704BE700BF082800602DE9F041B0
:1057600090F81AE09446BDF81840BEF1020F00F020
:105770008F80BEF1030F00F08680BEF1010F70D064
:1057800000296CDBB0F908E08E4568DDBCF1000F44
:1057900004DA9C440FFA8CF34FF0000C6246B0F927
:1057A0000A501A44AA4202DDA5EB0C052BB2002BCD
:1057B00055DDCCF3C402C66A1CF0070CDBB21EFB3D
:1057C000021106EB010224D0CCF10805DFF8448178
:1057D000EDB2AB4218F8057065D2A5EB03084FF0A7
:1057E000FF0E012C4EFA08FE07EA0E0773D0022CBA
:1057F0005DD0A4BB16F801E02EEA070EAB4206F816
:1058000001E0B0F908102AD3ACF1080C0A44634453
:10581000DBB2072B16D9022C62D0B4F1000C19466A
:1058200018BF4FF0010CCCF1000C5FFA8CFC08396A
:1058300082F800C0B0F90850C9B22A440729F6D846
:1058400003F007035BB13349012C0B441B7A5CD096
:10585000022C56D01CB9117821EA03031370BDE85D
:10586000F0819C440289A2EB0C020FFA82FC002911
:10587000F5DBB0F90A208A42F1DD0A46069461465A
:10588000BDE8F041C2E54289521A013A11B2EEE791
:1058900002899C44521A013A11B24289A2EB0C02CD
:1058A0000FFA82FC6CE7012C15D0022C04D116F8FB
:1058B00001E087EA0E0EA1E7002C9BD0ACF1080CAA
:1058C00072446344DBB2072BA7D8002BC7D098449F
:1058D00098F80830BCE716F801E047EA0E0E8DE7AD
:1058E000194614780839E443C9B214700729B0F98D
:1058F00008402244F5D813F00703B0D005490B4403
:105900001B7A11784B401370A9E711780B43137081
:10591000A5E700BF082800602C4B2D4930B5D3E91E
:10592000B1542079C877D3F8C02295F804C081F823
:105930001CC008775AB1B2F5004F1ED32549114457
:10594000234AC3F8C012D07682F81BC030BDD3F80A
:1059500080120F24D3F8CC028C6540F20134CA6166
:105960000C614FF47C544C610324114683F8BD4212
:105970000368BDE830401B6818472D68E98B0904AF
:105980001AD492B2EA832168EC8BA4B2EC82CC8B5D
:10599000240405D5CC8BC2F3080204F47E442243D0
:1059A000CA83CA8B92B2CA820021094AC3F8C012C4
:1059B000D07682F81BC030BDE98BC2F3080E92B2DC
:1059C00001F47E4141EA0E01E983DCE76038012001
:1059D00000800E400180FFFF2C4B2D4930B5D3E9EC
:1059E000C5542079C877D3F8102395F804C081F8FE
:1059F0001CC008775AB1B2F5004F1ED32549114497
:105A0000234AC3F81013D07682F81BC030BDD3F8F8
:105A1000D0120F24D3F81C038C6540F20134CA6104
:105A20000C614FF47C544C610324114683F80D4300
:105A30000368BDE830401B6818472D68E98B0904EE
:105A40001AD492B2EA832168EC8BA4B2EC82CC8B9C
:105A5000240405D5CC8BC2F3080204F47E4422430F
:105A6000CA83CA8B92B2CA820021094AC3F81013B2
:105A7000D07682F81BC030BDE98BC2F3080E92B21B
:105A800001F47E4141EA0E01E983DCE76038012040
:105A900000800E400180FFFF38B5B0F830410CB9EE
:105AA000204638BD90F82F310546C3F18904A24243
:105AB0000DD8144605F1A500224618440FF052FBFC
:105AC00095F82F312046234485F82F3138BD012227
:105AD0004260EFE7504A2DE9F04F116883B08646E7
:105AE000056905E0DB0106D413685B1A102B09D8A1
:105AF0006B699801F6D44FF4FE4301206B6103B04B
:105B0000BDE8F08FDEF814B09EF8183043490BEB77
:105B100003139EF819201B7A0BEB0212180192F85E
:105B2000282001EB031351F800901520D3F80CA0A6
:105B300001EB02145B681201E76818600093C9F872
:105B400084A0D9F804308E584AEA03033449C9F8CE
:105B50000430636818600193C6F884707368314834
:105B60003B437360304B4C680268A3FB0232920CDB
:105B700002EB820252004B681B1B9A42FBD84FF08B
:105B8000090C274ADFF8A080D9F808301AEA030F79
:105B900002D0B3681F422FD1C6F8887054680168DC
:105BA000A8FB0131890C01EB810153681B1B994251
:105BB000FBD8C6F8847054680168A8FB0131890CD1
:105BC00001EB810153681B1B9942FBD8BCF1010C0E
:105BD000DAD19EF818306046009A0BEB0313DB68AD
:105BE00013609EF81930019A0BEB031BDBF82C3085
:105BF000136003B0BDE8F08F9EF81830009A0BEBED
:105C00000313DB6813609EF81930019A0BEB031342
:105C1000DB6A13606FE700BFF83C0120381D0020ED
:105C2000001000E0A443002083DE1B4310B50446AF
:105C3000006808B110F0C2FA204610BD2DE9F04FFF
:105C400097B017468346BDF8802005919DF88810CF
:105C50000B920791026A9DF88C10BDF88490089110
:105C6000002A00F01081117AD2E900205B1A049218
:105C7000DBB2DDE90721114300EBC30230F833301A
:105C8000012992F905000393937892F90640029353
:105C9000D3781190129377D8002313931093A44BC9
:105CA000DBF800C01A460C93DCF81430934240F045
:105CB000DB81129B002B00F0C780BBB2DDE907211E
:105CC00014932344012A08BF012915934FF00003C0
:105CD0000CBF012200229A460A9306920993029B66
:105CE000002B00F0A980099A0025139B1499D31862
:105CF0000898DDF8288003FB00130FFA83F9159B41
:105D000013441BB20D9309E00135029B4FEA4A0A86
:105D1000EDB25FFA8AFAAB4240F2898043465A1CE0
:105D20005B075FFA82F806D1039A0499531C11F8B5
:105D300002A09BB203931AF0800FE5D0069B43B3F9
:105D4000119B059ADCF8184099187A4B29449C421B
:105D500009B240F08280DCF81040774B9C427CD145
:105D60000029D1DBBBF90C308B42CDDD0D9A002A26
:105D7000CADBBBF90E309342C6DD0B9B5846FFF7DA
:105D800089F9DBF800C0BFE703B2109323B2139385
:105D900085E7109B059A5C19079BDCF81C6004FBE7
:105DA0000324664A1BB2BDF92070964224B25BD12F
:105DB000DCF84060624A964256D1DCF814300C9A06
:105DC00093425BD1079B2344A34225DDCDE90E8A94
:105DD000AA4698460B9D09E001340095DCF838602E
:105DE00024B2B047444510DADBF800C055483B46C2
:105DF000DCF820604A46214686425846ECD0013401
:105E00000095B04724B24445EEDB5546DDF83880B6
:105E1000DDF83CA0DBF800C0DCF82C300C9A934293
:105E20003FF472AF58469847DBF800C06CE71A465B
:105E30000A9B1344DBB20A93099B129A0133DBB22B
:105E40009A4209933FF64BAFDCF82C300C9A934200
:105E500040F0FC8017B0BDE8F08F0B9B58460D9AC0
:105E6000A047DBF800C04FE70B9A21465846009741
:105E700001924A46B047DBF800C045E758469847CC
:105E8000DBF800C09EE7B0F90C2005998A42E1DDFD
:105E9000B0F90E20BA42DDDD0622079812FB00128F
:105EA000002AD7DD089A07EBC202002AD2DD9BF850
:105EB0001C20012A03D0AF2B01D90133DBB21C4ACD
:105EC000DBF8000011460C9242698A4240F0EF80F4
:105ED000BDF8142003EB8303B8460B9F11461092C4
:105EE000194ACDF81090D3180A460D934B1D9BB25A
:105EF0000E93DDE90731CDE90922012B08BF012905
:105F00009BB20CBF012100210F9303465846039119
:105F10000D9A0824BDF924B0002512F8016BBDF9D3
:105F20001CA00D92BDF92820029706922EE000BF1A
:105F3000D5200100712801000D2A0100D92301009C
:105F4000452301001D23010094300020039A002AFC
:105F500040D0D3F8189005EB0802584912B2894591
:105F600079D1D3F810905649894574D1069F002FF6
:105F700005DBB0F90C10B94201DD002A79DA013CE9
:105F80000135760814F0FF046DB233D0F207DDD48A
:105F9000049A02999142F2D00399E1B1D3F8189092
:105FA00005EB0802454912B289455BD1D3F8109040
:105FB0004349894556D1069F002FE0DBB0F90C100C
:105FC000B942DCDD002ADADBB0F90E109142D6DDF1
:105FD000049B53E0029A01925946089A0590009258
:105FE00005FB0282D3F81C90534612B2C8470598AD
:105FF0000368C4E7099A0F9C0A992244029F013161
:1060000092B289B209920E9A0A918A4280D183464D
:10601000DDF8109018460B9B4B4512D0039B002BCC
:1060200033D0046A4246274BCDF800909C42BDF91C
:1060300038104FF0080308BF846B5846A047DBF8C0
:106040000000C36A0C9A93423FF404AF584617B05D
:10605000BDE8F04F1847029B05900699C847059880
:1060600003688CE7049BF7E758469847DBF800C0C5
:106070001FE6B0F90E10914281DD029B3946059072
:10608000FFF708F80598036879E704EB8403109993
:10609000CDF8049042461944089BDB0009B20093F6
:1060A000079BC4695846A047DBF80000C9E758467B
:1060B00002939047DBF80000029B09E7712801007A
:1060C0000D2A01001D230100036AF0B5074685B0C3
:1060D000002B3AD00A292BD00D2933D01A7A9142BD
:1060E00030D39C7A8C422DD38A1A5C68D2B204EBEE
:1060F000C204E578A278A5B19AB1C57E002D63D11E
:10610000067E437EB0F91050B0F912203846CDE932
:1061100002630B462946FD8A0195BD8A0095FFF76B
:106120008DFD21793B8A3A7E01FB02333B8209E0F7
:106130004FF0000C428A417EA0F810C01B7B01FB8F
:1061400003234382012005B0F0BD0A291ED00D298A
:10615000F8D0C27EB0F910400ABBB0F91220067E1A
:10616000457E03950B4602962146FC8A38460194EB
:10617000BC8A0094FFF762FD3B7E3A8A012003EB64
:10618000430302EB43033B8205B0F0BD428A417EEC
:10619000038202EBC1034382012005B0F0BD067EFD
:1061A0000622B0F90C5012FB0642AA4208DD428AD0
:1061B0001C46457E038202EBC50212B24282D0E742
:1061C000B0F91220457ECCE794F90550067E2A44AA
:1061D000B0F91050B0F90CC006FB0252624503DC66
:1061E000437EB0F9122091E70025428A058293F898
:1061F0000CC0437E0CFB032212B2428286E700BF32
:1062000010B50446C06A08B10FF0D8FF204610BD93
:10621000836A70B504460D469BB390F8302040F277
:106220000111724E5200A3F82F1183F8A520836A42
:106230001A6818461268B24240F0CE80B3F8302196
:10624000DAB193F82F21882A2BD8511C1A4483F8ED
:106250002F11002382F8A530A06A02680346126855
:10626000B24240F0BC80B0F8302132B193F82F2117
:10627000882A1CD9012218465A60BDE870400BF0EC
:10628000A3B9026C006D1368616A23EA000313600E
:10629000C1B10A685566D36D13F4F81FFBD0536F74
:1062A00070BD01225A6093F82F21882AE2D8511C30
:1062B0001A4483F82F1182F8A550A06ABDE87040F7
:1062C0000BF082B9D4E90E23A06C2E06116854BFDE
:1062D000814301436E0611601968E06C41EA0001D8
:1062E00019601968E06C21EA000119601168A06C5E
:1062F00054BF81430143AE0611601968E06C41EA66
:10630000000119601968E06C21EA00011960116848
:10631000A06C54BF81430143EE0611601968E06C24
:1063200041EA000119601968E06C21EA0001196076
:106330001168A06C54BF814301432E071160196896
:10634000E06C41EA000119601968E06C21EA000183
:1063500019601168A06C54BF814301436E0711603E
:106360001968E06C41EA000119601968E06C21EAE3
:10637000000119601168A06C54BF81430143AE074E
:1063800011601968E06C41EA000119601968E06C5D
:1063900021EA000119601168A06C54BF81430143D8
:1063A000ED0711601968E06C41EA00011960E06CCA
:1063B000196821EA000119601168A06C4CBF014303
:1063C000814311601A68E16C0A431A601A68E16C33
:1063D00022EA01021A6070BD002190473CE729467D
:1063E0009047A06ABDE870400BF0EEB8D9200100DC
:1063F000F8B5836A0446002B78D0826D0020884D62
:106400001B69AA42186133D88648012298645A62EF
:106410004FF4303284489862DA62986C0022186532
:106420004FF001101A62012298651A615A3920460C
:10643000C9B2FFF7EDFEA36A4BB3E26D00217848C5
:106440001B698242196100F2BB80764C01207649BB
:106450004FF430329C6458629962DA629C6C00207E
:106460004FF0011101221C65186299651A61F8BD8F
:106470006E4DAA4200F2AF806D4A9A64A2F1216289
:106480005862A2F60C429A626A4ADA62C5E7616C07
:10649000606D0B68626A03430B60002AE7D0D37C0F
:1064A000002BE4D0DD0704D5906A4FF0E021C1F85D
:1064B00000019C0704D5D06A4FF0E021C1F8040127
:1064C000580704D5106B4FF0E021C1F808011907F7
:1064D00004D5506B4FF0E021C1F80C01DB06C6D5A6
:1064E000926B4FF0E023C3F81021F8BD436A002BF4
:1064F0005FD0D0E91925D87C002839D072B6D87C75
:10650000C60708D54FF0E02C5F69DCF880613E409B
:106510009E62CCF88061870708D54FF0E02C9F6918
:10652000DCF884613E40DE62CCF88461460708D521
:106530004FF0E02CDF69DCF888613E401E63CCF848
:106540008861070708D54FF0E02C1F6ADCF88C61E2
:106550003E405E63CCF88C61C60608D54FF0E0265D
:106560005F6AD6F8900138409863C6F8900162B629
:106570009868824213D030489A6080692F4EC0F3E9
:10658000011CC0F3826056F82C600130B6FBF0FCB1
:10659000002A2BD0624532D90022DA6000E0DA68A6
:1065A0001B6800201861032058621A6401221D66CE
:1065B0001A61626C606D136823EA0003136035E7AB
:1065C0001A4882420FD91E4C1E481A4A9C645962CE
:1065D0009862DA6242E71A4A9A641A4A58629A62E0
:1065E000144ADA6219E7124C1748EEE78642D4D310
:1065F0000CF10100B0F5817F09D3144ACDE7BCFB53
:10660000F2F0BCFBF0FC6245F4D28446F0E70228CD
:10661000C2D902384608320242EA06420243BCE7C7
:106620007F1A06003B372819B80B05053F420F00BB
:106630001C1A120C007F050000C00F40B81F00207C
:106640000A09070460090101100E0202FF7F7F00A2
:1066500003790F2B0FD8084A937672B607490122A7
:1066600090F804C0B1F8203302FA0CF223EA0203D6
:10667000A1F8203362B6704700800E4060380120D8
:1066800010B580308E461EF801CB1CF0800F04D16F
:1066900050F8804C1C4340F8804C1CF0400F04D153
:1066A00050F8704C1C4340F8704C1CF0200F04D183
:1066B00050F8604C1C4340F8604C1CF0100F04D1A3
:1066C00050F8504C1C4340F8504C1CF0080F04D1BB
:1066D00050F8404C1C4340F8404C1CF0040F04D1CF
:1066E00050F8304C1C4340F8304C1CF0020F04D1E1
:1066F00050F8204C1C4340F8204C1CF0010F04D1F2
:1067000050F8104C1C4340F8104CA2EB0E0C80309B
:106710008C44BCF1000FB6DC10BD00BF2DE9F84F72
:10672000334F344B97F82823DA7797F82C33002B24
:1067300051D00023304E87F82C334FF4A052002163
:1067400030460EF011FCD7F83033D7F83493D7F831
:10675000302397F83813A9EB0202282A28BF2822F1
:1067600002EB030BC7F830B3B1B1244C4FF0010A70
:1067700001EB0408D7F88C1304F12805194414F828
:10678000010B15F8013B06EB80000AFA03F3FFF753
:1067900077FFA0454944F2D1334606EBC210BFF360
:1067A0004F8F4FF0E021C1F8703F20339842FAD864
:1067B000BFF34F8FBFF36F8FD7F83433D200D7F8C2
:1067C000A01392B2B3EB0B030E60CA8208D1082368
:1067D0008B83BDE8F88F0123094E87F82C33ACE793
:1067E000282B94BF102312238B83BDE8F88F00BFA2
:1067F0006038012000800E40803020209C3B01202A
:106800008044202010B50446006808B10FF0D6FC83
:10681000204610BD70B5C289044684B0006804F1FA
:106820001303257CADF80C20002830D0627C03A92E
:1068300000950AF08DFB00283DD0237C002B43D02F
:10684000A27C8AB1012BE07C0CD0227D022B42EA93
:10685000002007D0627D032B42EA002002D0A37DF6
:1068600043EA002004B070BD1C44012BA07CF9D089
:10687000627C022B42EA0020F4D0227C032B42EA05
:106880000020EFD0E37B43EA002004B070BD6068D5
:10689000E8B1267BD1B2032E2FD086B1022E25D1AE
:1068A00001F07F018DF80C10627C03A900950AF0BD
:1068B0003BFD0028C1D14FF0FF3004B070BD61F046
:1068C0007F018DF80C10EFE7184604B070BDA26888
:1068D000002AF0D0117C0029EDD09668002EEAD075
:1068E000506903A90095627CB047A4E7012EDBD173
:1068F00061F03F018DF80C10D6E7120A00958DF873
:106900000D1042F00102617C8DF80C204A1C03A995
:106910000AF00AFD8FE700BF70B5057A04469DB9FD
:10692000466830460FF05EFC2378012293402272C5
:1069300086F8A53040F20113A6F82F3160680AF0FE
:1069400043FE08B1284670BD237840F20111626809
:106950005B00A2F82F1182F8A53060680AF034FEBF
:10696000B0FA80F56D09284670BD00BF2DE9F04FE3
:10697000466883B0624C07460193154633685B68EE
:10698000A3427AD1B6F83041002C61D1A54205D09E
:106990004FF00009484603B0BDE8F08FD7F804B0C7
:1069A0009BF82FA1BAF1000FF2D05846FFF792F8EA
:1069B00081460028ECD0534F0026D7F8008000E035
:1069C0002646B245DBF810105ED234464A691305FC
:1069D00037D4550500F18780900400F18480386831
:1069E000A0EB080032287ED8A24507D2C96D49071E
:1069F00004D19305CED4019B002BCBD0FCF7C8F972
:106A0000B245DDD2DBF810104B691E0519D45D05C7
:106A100069D4980467D43A68A2EB0802322A62D893
:106A2000A24507D2CA6D520704D19B05B2D4019B7F
:106A3000002BAFD0FCF7ACF9DBF810104B691E054A
:106A4000E5D50B694FF0000943F440730B61A1E7F2
:106A500096F82F318C46C3F18904A24211D814460E
:106A600006F1A5006146224618440EF07BFB96F81D
:106A70002F31234486F82F3188E730469847044663
:106A800084E701227260EBE7C86D344600F007022C
:106A900040079BD413E09BF8A5500132022445F433
:106AA0008065042A0D661CD0824502F101020BEBC1
:106AB00000050ED995F8A500042A086686D00120A5
:106AC000002CE8D020460132013482450BEB000552
:106AD000F0D8019B002B3FF479AF4FF400720A66A7
:106AE00074E7012472E70B694FF000094FF400725C
:106AF00043F4407348460B610A6603B0BDE8F08F6B
:106B00008D310100F83C0120F0B54FF07E514FF07F
:106B100080400022364C0027364B6260A16003F5AE
:106B20008065E06003F58A6627600124696003F5EB
:106B30008E6EC3F8E0430224AA6003F5906CE8600F
:106B400003F58265C3F8F04303246860AA60E96036
:106B500003F58465C3F8004404246860A960EA6012
:106B600003F58665C3F8104405246A60A960E860EF
:106B700003F58865C3F820444FF480746A60A86008
:106B8000E96003F58C65C3F8304440F20114C3F8A2
:106B9000E423C3F8EC13C3F8E803C3F8F413C3F811
:106BA000F803C3F8FC23C3F840444FF481747160C8
:106BB000B060F2606960AA60E860CEF80400CCF8CA
:106BC000040040F20510CEF80820CEF80C10CCF8E6
:106BD000081040F20311CCF80C204FF48272C3F875
:106BE0005044C3F88004C3F86014C3F87024F0BDA7
:106BF000605001206038012070B50E4690F8A8164C
:106C000082B0142916D8154690F8A92604468AB1F0
:106C100001298AB210D9901E04F25C6E04F5CB6C87
:106C200080B20EEB800E01E0F44505D05CF8040F55
:106C3000A842F9D102B070BD01F5C171F7EE000AAA
:106C4000201D8DED010A04EB8101ECF7A5FC94F801
:106C500004369DED010A132B0DD8E21882F8506519
:106C600004EB8302013302F2B451C2F8645581EDA2
:106C7000000A84F8043694F8A83603F5CB72013381
:106C800044F8225084F8A836D4E700BF2DE9F04F2D
:106C9000002383B0032504460F46DFF83C81836060
:106CA0000373C0E900330122414620460BF042FF46
:106CB0006B1E13F0FF05F6D1042F69D907F1010A05
:106CC000DFF818B14FF005090DF104085FFA8AFAF0
:106CD0004F4509F130034FF00102414620463FD0B5
:106CE00009F101098DF804308DF805500BF022FFF1
:106CF0005FFA89F90BF1010BB9F10A0FE8D1A1682C
:106D00000B293DD8DFF8D0904FF0000810E0431871
:106D10004B4511D96368A9EB0006AB425AD3202337
:106D20004354236803F805802946A5600B2927D81A
:106D300020684D1C4845EAD963689D4224D9002744
:106D400002310FF043FAA1680028EFD0C4E9000532
:106D500011B1CFB1835DE3E701702068A168F8E766
:106D60001BF8013B01228DF80550D1468DF8043007
:106D70000BF0E0FEBAF10A0FAAD1A1680B29C1D924
:106D8000204603B0BDE8F08FB9F800304352CBE79E
:106D90000DF10408A946DFF848A0EBB201224146F4
:106DA000204603F1300C9F425FFA8CFC09D08DF82D
:106DB00004C08DF805900BF0BDFE0135052DECD11A
:106DC0009DE715F80A308DF805908DF804300BF02A
:106DD000B1FEF2E70127B3E7603F0020FD3A002053
:106DE000F83A00202DE9F04F9FB005460E46049377
:106DF000A84B1B78934200F07481049BA64CD3F8F7
:106E000008B025826682BBF1000F00F0AA8115AFA1
:106E10004FF000095D463B465F46A945CA469B4682
:106E2000049B196867D38DF854A0202F3E465D4619
:106E300028BF2026B144BF1B5E4430E00A2B6BD034
:106E40000D2B2AD0117A8B4227D3907A984224D3E3
:106E5000591A5068C9B200EBC10898F8030098F8B5
:106E6000021098B191B1E07E00287FD1207E94F885
:106E700019C0B4F91010B4F91220CDE9020CE08A5F
:106E80000190A08A00908448FEF7D8FE98F804107C
:106E9000238A227E01FB02332382B54224D0226A58
:106EA00015F8013B002AC9D10A2B3ED00D2BF4D096
:106EB000E17E002940D1B4F91010B4F91220207EEF
:106EC00094F819C0CDE9020CE08A0190A08A0090E4
:106ED0007148FEF7B3FE237E228AB54203EB4303DB
:106EE00002EB43032382DAD1002F51D0049B9D682B
:106EF0001968A94597D2A5EB090549445846202DA4
:106F000028BF20252A460EF0A5FB05F178030DEBDE
:106F1000030505F824AC88E7638A617EA4F810A015
:106F2000127B01FB02336382B7E7638A617E2282B0
:106F300003EBC1036382B0E7B4F910104FF0060C05
:106F4000207EB4F90CE01CFB001CF44504DCB4F911
:106F5000122094F819C0B5E7114694F819C022829E
:106F6000628A02EBCC0212B26282ABE798F905C0EA
:106F7000207E8C44B4F91010B4F90CE000FB0C1C1A
:106F8000F44500F38B8094F819C0B4F9122074E72B
:106F90005F4640F60D230DF15606DFF8FC904FF0EA
:106FA0000008ADF85430226A17F8013B002A43D09C
:106FB0000A2B5FD00D2B38D0117A8B4235D3907AC3
:106FC000984232D3591A5568C9B205EBC105E87821
:106FD000A97820B319B3E07E88B195F9050094F83B
:106FE00018C00844B4F91010B4F90CE00CFB001000
:106FF000704500F3B880607EB4F9122006E094F882
:1070000018C0607EB4F91010B4F91220CDE902C0A6
:10701000E08A0190A08A00904846FEF70FFE297989
:10702000238A227E01FB02332382B742BBD1002395
:1070300063611FB0BDE8F08F0A2B24D00D2BF4D074
:10704000E17E002936D1B4F91010B4F91220207E67
:10705000657ECDE90205E08A0190A08A009048464D
:10706000FEF7ECFD237E228A03EB430302EB43038E
:107070002382DAE7638A617EA4F81080127B01FB29
:1070800002336382D1E7638A2282627E03EBC2030A
:107090006382CAE7785001206C46012094F819C039
:1070A000A4F810A0117B628A01FB0C22002112B20D
:1070B0006282E2E6B4F910100625207EB4F90CC015
:1070C00015FB0015654508DD1146657E2282628A42
:1070D00002EBC50212B26282BBE7B4F91220657EF0
:1070E000B7E7A54B1A68A54BA3FB02134FF4FA713F
:1070F0005B0901FB1322FA2A7FF67FAE049BD3F8CB
:1071000008B0BBF1000F39D100205B46D8469C4C3B
:10711000A84406F101094545A9EB00090FFA89F9D0
:1071200016DA05942F464FF0000ADFF854B21C46D9
:107130003946013723464A463FB25846CDF800A0AB
:10714000FEF70CFB4745F3DBDDE90434D3F808B068
:107150004FF00113258266826361BBF1000F7FF45B
:1071600056AE15AF15E7607EA4F81080117B628AD9
:1071700001FB0022002112B2628247E71A68002A4E
:1071800000F0A38012F8011B7D4C0029E0D0277E7F
:107190004FF0FF39E07E47F6FF7E637EB0460A90EF
:1071A00007EB4700D4F820A04000109713940990F3
:1071B00007EB470040000890B4F90C000B9098B220
:1071C0000790D800BBB20C90119050460D932B46FF
:1071D000CDE905E900287AD00A2900F09C800D2924
:1071E0005ED090F80AC0077A8C4559D38F4257D8A1
:1071F000A1EB070C41685FFA8CFC01EBCC0C9CF80E
:1072000003409CF802100E949CF804409CF9057011
:107210000F940A9C9CF906C0002C00F08480109CFE
:1072200007EB010A04FB0A3A0B9CA2457BDD037BBA
:10723000079C03FB048800231FFA88FA0FFA88F8DA
:10724000079C0CFB04AA0D9C11FB04F1079C1291F6
:107250000E9911FB04FC0D9C0F9907FB04370CF1F0
:10726000FF3C01FB04331299059C1CFA8AFC01398E
:107270000FFA8AFA0FFA8CFC11FA87F13FB21BB2AF
:10728000BC4209B2A8BF3C46D6450594A8BFD64625
:10729000069C8C42B8BF0C46E145B8BFE146069457
:1072A00012F8011B002995D1DDE90523139C9A42B0
:1072B00055DC0133CE45A3EB02081FFA88F845DD03
:1072C0000B460FFA88F8084622E72D4C40E70A29BA
:1072D0002DD00D29E4D00A9979BB0899099C19444D
:1072E0001F1989B2119C013F08EB040C069CA742B0
:1072F0000CF1FF3C01DD3CB20694059CCC45C8BFB7
:107300000FFA8CF99C42A8BF1C46C6450BB2A8BF19
:10731000C6460594C4E7037B079903FB01830FFA74
:1073200083F80023BCE79BB21FFA88FA88E70C9B1E
:10733000984403460FFA88F8B2E709995F180B9949
:107340008F4211DC0899194489B2CBE70FFA88F80B
:1073500009F10103A3EB0E0398B21BB2D8E6CE45A8
:107360003FF7F6AE8846F3E70C9B984403460FFAC6
:1073700088F8DDE90817B5E7F83C0120D34D621025
:107380006C46012090F8A936844673B190F8043613
:1073900053B14FF07E5201200CF24C53CCF86415DF
:1073A0008CF850059A667047704701230A46B7EE7D
:1073B000000A194680F8A936FFF71EBC2DE9F04FE8
:1073C0008F4C2DED028BA4F12C0B9FED8E8A81B09A
:1073D000A4F15C0A04F130002146FFF7D3FFA4F1C9
:1073E0005009B0EE480A5A460BF15C0028230A21E6
:1073F000A4F11408FFF700FCB0EE480A52460AF167
:107400008C0028230A21FFF7F7FBB0EE480A4A4612
:1074100009F1800028230A21FFF7EEFBA4F14402C2
:10742000B0EE480A282302F174000A21FFF7E4FBBA
:10743000A4F12002B0EE480A282302F150000A21EC
:10744000FFF7DAFBA4F16802B0EE480A282302F144
:1074500098000A21FFF7D0FBA4F13802B0EE480AE9
:10746000282302F168000A21FFF7C6FBA4F64C02AC
:107470009FED650A282302F67C000A21FFF7BCFB7A
:10748000A4F58A72B0EE480A282302F5A2700A21F8
:10749000FFF7B2FBA4F1C00204F6885704F2DC64E3
:1074A000B0EE480A02F1F00028230A21FFF7A4FBFE
:1074B00004F62836B0EE480A424608F14400282374
:1074C0000A2104F6A875FFF797FBB0EE480A3A4682
:1074D000A7F6585014230A21FFF78EFBB0EE480A96
:1074E0003246A4F2AC6014230A21FFF785FBB0EE0C
:1074F000480A2A46A4F2AC6014230A21FFF77CFB59
:1075000020464249FFF73EFFB0EE480A5A46204661
:1075100028230A21FFF770FBB0EE480A52462046A6
:1075200028230A21FFF768FBB0EE480A4A462046A6
:1075300028230A21FFF760FBB0EE480AA4F5E462B5
:10754000204628230A21FFF757FBB0EE480AA4F291
:10755000FC62204628230A21FFF74EFBB0EE480AC2
:10756000A4F24472204628230A21FFF745FBB0EE1F
:10757000480AA4F21472204628230A21FFF73CFB94
:10758000B0EE480AA4F62872204628230A21FFF705
:1075900033FBB0EE480AA4F5FE62204628230A21F8
:1075A000FFF72AFBB0EE480AA4F29C72204628237B
:1075B0000A21FFF721FBB0EE480A42462046282365
:1075C0000A21FFF719FBB0EE480A3A462046142379
:1075D0000121FFF711FBB0EE480A32462046142382
:1075E0000121FFF709FBB0EE480A14232A460121C6
:1075F000204601B0BDEC028BBDE8F04FFFF7FCBAAE
:10760000905C0020000000009A99193E3447012048
:107610002DE9F04F2DED108B99B09FEDFC8AFBF713
:10762000A3FE9FEDFB9AFB4B4FF00008DFEDFA6ADB
:107630009FEDFAAA03F65C12DFEDF9AADFF844E445
:1076400002F2A461DFF840C4DFEDF6CAA1F54060A4
:107650009FEDF5CADFEDF5BA9FEDF5FADFEDF5EA3E
:107660009FEDF5EA9FEDF5DAF54FF64EDFF81C9445
:10767000DFEDF5FADFEDF5DAC3F868E0C3F870C0C6
:10768000C3ED006A83ED048A83ED01AAC3ED02FA1B
:1076900083ED03AA83ED05AA83ED07AA83ED09AA6A
:1076A00083ED0BAA83ED0DAA83ED0FAA83ED11AA3A
:1076B00083ED13AA83ED15AA83ED179A83ED199A2A
:1076C00083ED1B9A83ED1D9A83ED1F9AC3ED08AAE3
:1076D000C3ED10CA83ED12CAC3ED14BA83ED06FAE6
:1076E000C3ED0AEA83ED0CEAC3ED0EDA83ED16DA98
:1076F0009F67C3F86090C3F88060C3ED40DADFEDA8
:10770000EADADFEDD32AC3ED28DADFEDE8DADFEDE0
:10771000D17AC3ED2CDADFEDE8DADFEDCF8ADFEDE9
:10772000CF9A9FEDCFBAC3ED34FAC3ED30DADFED77
:10773000DDFADFEDDDDAC3ED2A2A83ED219A83ED50
:1077400022BA83ED239A83ED259AC3ED269A83ED21
:10775000279A83ED299A83ED2B9A83ED2D9AC3ED19
:107760002E7A83ED2F9AC3ED318AC3ED326AC3EDD1
:10777000338AC3ED358A83ED368AC3ED378A83EDCC
:1077800038FAC3ED398AC3ED3AAAC3ED3B8AC3ED9B
:107790003CEAC3ED3D8A83ED3EEAC3ED3F8AC3ED8B
:1077A00024FAC3ED418AC3ED5EDADFEDAEDA9FED78
:1077B000AE0AC3ED4EDADFEDADDAAD4DDFF8D0A2A3
:1077C000C3ED5CDADFEDB9DAC3F840E1C3ED602A5E
:1077D000C3F848C1C3ED42CAC3ED438A83ED44CA2E
:1077E000C3ED458AC3ED46BAC3ED478AC3F82051BD
:1077F000C3ED498A83ED4B0A83ED4CDA83ED4D0AE4
:1078000083ED4F0A83ED510A83ED530AC3F850719B
:1078100083ED550AC3F8586183ED570A83ED58BAD2
:1078200083ED590AC3ED5AFA83ED5B0A83ED5D0AD5
:1078300083ED5F0A83ED610AC3F828A1C3ED62DA24
:10784000DFED9DDADFED80FAC3ED66DADFED9CDA7D
:107850009FED881ADFED880AC3ED6AFAC3ED80DA7E
:10786000DFED7AFADFED90DA83ED630AC3ED647A37
:1078700083ED650AC3ED670AC3ED686AC3ED690A63
:10788000C3ED6B0A83ED6C8AC3ED6D0A83ED6EFA6E
:10789000C3ED6F0AC3ED70AAC3ED710AC3ED72EABE
:1078A000C3ED730A83ED74EAC3ED750AC3ED76FA8E
:1078B000C3ED770AC3ED78CAC3ED790A83ED7ACABE
:1078C000C3ED7B0AC3ED7CBAC3ED7D0AC3F8F85162
:1078D000C3ED7F0AC3ED810AC3F808A283ED831AC2
:1078E000C3ED96DADFED71DADFED6EFAC3ED9ADA09
:1078F000DFED71DA9FED612AC3ED92FAC3ED9EDAF6
:10790000DFED51FADFED6EDAC3F820E2C3ED982A1D
:10791000C3F828C283ED84DA83ED851A83ED871AD4
:1079200083ED891A83ED8B1AC3F8307283ED8D1ABB
:10793000C3F8386283ED8F1A83ED90BA83ED911A04
:1079400083ED931AC3ED949A83ED951A83ED971AFC
:1079500083ED991A83ED9B1AC3ED9C7A83ED9D1AF2
:1079600083ED9F2AC3EDA06A83EDA12AC3EDA2FA9D
:1079700083EDA32ADFED35FAC3F8189283EDA48ACC
:10798000C3EDB8DADFED50DA9FED3D3AC3EDAEFA64
:10799000C3EDBADADFED51FADFED43DAC3F810E3F5
:1079A00083EDA52A83EDA6FA83EDA72AC3EDA8AA45
:1079B00083EDA92AC3EDAAEA83EDAB2A83EDACEAF5
:1079C00083EDAD2A83EDAF2AC3EDB0CA83EDB12AB2
:1079D00083EDB2CA83EDB32AC3EDB4BA83EDB52A01
:1079E000C3F8D85283EDB72A83EDB92A83EDBB2AB9
:1079F000C3EDBCFA83EDBD3A83EDBF3A83EDC0DA47
:107A000083EDC13A83EDC33A6CE000BF1147C34236
:107A10000D71F440F07820201147AF429565284061
:107A20001147D7421147FF4288A3044388A3094363
:107A30001147CD421147E1421147EB4296A10E4357
:107A40002D43F5422D43EB421147B9421147F54210
:107A50002D43B9422D43A54265194A412D43CD42DC
:107A60002D43E1427E9D0943431C8D41FB3ACD42AB
:107A700088A30E43431CDD41B30CB5415986024235
:107A8000228E164296A104432D43FF4296A109433C
:107A900096A1134359862A42228E3E42598652426B
:107AA000228E66422D43D7422D43C3422D43AF421F
:107AB00059867A421147B9421147A5421147F5420A
:107AC00088A3134388A31D4388A3184388A3224394
:107AD00096A1224388A327431147874296A11843C2
:107AE00096A11D435FED11FAC3F8F8A2C3F80893FD
:107AF00083EDC53AC3EDD2DA5FED14DAC3EDCEFA09
:107B0000C3EDD6DA5FED15FA5FED15DA1FED1F4A0A
:107B1000C3EDDADAC3EDDEFA5FED17DA5FED19FADD
:107B2000C3EDD42AC3F818C383EDC73AC3F8207352
:107B300083EDC93AC3F8286383EDCB3A83EDCCBA21
:107B400083EDCD3A83EDCF3AC3EDD09A83EDD13AB0
:107B500083EDD33A83EDD53A83EDD73AC3EDD87AA6
:107B600083EDD93A83EDDB4AC3EDDC6A83EDDD4A70
:107B700083EDDF4A83EDE08A83EDE14A83EDE2FAAB
:107B800083EDE34AC3EDE4AA83EDE54AC3EDE6EAFB
:107B9000C3EDEAFAC3EDF4DA5FED36FA5FED36DAFB
:107BA0005FED434AC3EDF6DAC3EDF8FA5FED34DA80
:107BB0005FED36FAC0F810E0C0F818C080ED00DACA
:107BC000C0ED014AC0ED034AC0ED054A83EDE74A26
:107BD00083EDE8EA83EDE94A83EDEB4AC3EDECCAB5
:107BE00083EDED4A83EDEECA83EDEF4AC3EDF0BAC3
:107BF00083EDF14AC3F8C85383EDF34A83EDF54AA8
:107C000083EDF74A83EDF94AC3EDFADAC3EDFB4A97
:107C1000C3EDFCFAC3EDFD4AC3EDFF4A5FED5EDA4A
:107C2000C0F80890C3F8F8A3C0ED074A0762A1F6B0
:107C3000DC305FED64FAC0ED09DA40305FED65DA03
:107C400040ED0BFA40ED03DA1FED6C5A5FED66DA9A
:107C50005FED68FA40ED052A40ED104A40F83C6CB3
:107C600040ED0E4A00ED0DBA40ED0C4A40ED0A4AD7
:107C700040ED099A40ED084A40ED064A40ED044ABD
:107C800040ED024A40ED017AC0ED004AC0ED01DA54
:107C900080ED025AC0ED036A80ED045AC0ED05FA8A
:107CA00080ED065A80ED078A80ED085A80ED09FACA
:107CB00080ED0A5AC0ED0BAA80ED0C5AC0ED0DEA1A
:107CC00080ED0E5A5FED83FA80ED0FEA40305FEDF4
:107CD00084DAC0ED01FAC0ED0BDA5FED86FA5FEDF4
:107CE00086DAC0ED0FFAC0ED0DDA80ED005A80EDB6
:107CF000025AC0ED03CA80ED045A80ED05CA80ED3A
:107D0000065AC0ED07BA80ED085A456280ED0A5A5E
:107D100080ED0C5A80ED0E5A40305FED94DA5FED45
:107D2000A05AC0ED01DA5FED96DA5FED94FAC0ED8E
:107D300003DA5FED95DAC0F83CE0C0ED045AC0ED1F
:107D400005DAC0ED065AC0ED07FAC0ED085AC0EDDD
:107D50000A5AC0ED0C5AC0ED0E5A80ED005A80ED63
:107D6000025A80ED0BDAC0F824A0C0F834904030FD
:107D70005FEDB4FA5FEDB4DAC0ED005AC0ED0F2A42
:107D8000C0F804C0C0ED025AC760C0ED045A466195
:107D9000C0ED065A80ED07BAC0ED085AC0ED09FAE9
:107DA000C0ED0A5AC0ED0B9AC0ED0C5AC0ED0DDAC9
:107DB000C0ED0E5A40305FEDC3DA1FEDC37AC0ED5F
:107DC00001DA5FEDC4FA5FEDC4DA80ED067AC0ED4A
:107DD00005DA80ED087AC0ED09FA80ED0A7A80EDC7
:107DE0000C7A80ED0E7AC0ED005AC0ED025AC0ED5B
:107DF000037AC0ED045AC0ED076A80ED0B8A80ED6E
:107E00000DFAC0ED0FAA40305FEDD4FA5FEDD4DA81
:107E100080ED007AC0ED01EA80ED027A80ED03EAA0
:107E200080ED047AC0ED05FA80ED067AC0ED07CA50
:107E300080ED087A80ED09CA80ED0A7AC0ED0BBAB0
:107E400080ED0C7A456380ED0E7AC0ED0FDA40309C
:107E50005FEDE4FA5FEDE4DAC0ED03FA5FEDE5FA19
:107E6000C0ED01DAC0ED05FA5FEDE7DA5FEDE7FAA4
:107E70001FEDE76AC0ED07FAC0ED0BDA5FEDE9FA36
:107E80005FEDE9DA80ED0A6A80ED0C6AC0ED0DDA8B
:107E900080ED0E6AC0ED0FFA80ED106A80ED007A79
:107EA00080ED027A80ED047A80ED067A80ED087A22
:107EB0004430F74BC0F800A040F8203CDFEDF5DA85
:107EC00080ED016AC0F818E0C0F820C080ED02DA49
:107ED00080ED036A80ED056A80ED076A80ED096A2E
:107EE000876280ED0B6A066380ED0D6A80ED0EBA45
:107EF000C0F810903C30C0ED05DADFEDF4DADFEDCC
:107F0000E63AC0ED09DADFEDEFFADFEDE4DAC0EDD5
:107F10000E3AC0ED072AC0ED01FAC0ED0DDA80ED92
:107F2000006A80ED026AC0ED039A80ED046A80ED7C
:107F3000066A80ED086A80ED0A6AC0ED0B7A80ED72
:107F40000C6AC0ED0F6A4030DFEDD5FAC0ED003AA3
:107F5000C0ED01FADFEDDFFAC0ED023ADFEDDCDA69
:107F600080ED038AC0ED043AC0ED063AC0ED083A50
:107F7000C0ED0A3AC0ED0C3AC0ED0E3A80ED05FABC
:107F8000C0ED07AAC0ED09EA80ED0BEAC0ED0DFADD
:107F9000C0ED0FCA4030DFEDC3FAC0ED07DADFED08
:107FA000CEDAC0ED0DFAC0ED09DADFEDBFFADFED94
:107FB000CBDAC0ED003AC0ED023AC0ED043AC0EDB4
:107FC000063AC0ED083AC0ED0A3AC0ED0C3AC0EDF1
:107FD0000E3AC0ED0BDAC0ED0FFA80ED01CAC0ED2C
:107FE00003BA45614030DFEDB1DADFEDB11AC0ED23
:107FF00003DAB04BDFEDB1DAC0ED021AC0ED003AA2
:108000004360DFEDB7FAC0ED041AC0ED05DADFED2D
:10801000ACDAC0ED061AC0ED081AC0ED0A1AC0EDC0
:108020000C1AC0ED0E1AC0ED07DAC0ED09FA80EDAA
:108030000DDAC0F82CA0C0F83C904030DFEDA1FA7A
:10804000DFED94DAC0ED001AC0F804E0C0ED021ACA
:10805000C0ED041AC0ED061AC0ED081AC0ED0A1AE8
:10806000C0ED0C1AC0ED0E1AC0F80CC0C0ED0BFA32
:10807000C0ED0FDA4761C66180ED09BAC0ED0D9A17
:108080004030DFED92DADFED86FAC0ED03DADFEDA6
:1080900083DAC0ED001AC0ED012AC0ED021AC0ED6E
:1080A000041AC0ED057AC0ED061AC0ED07DAC0ED7E
:1080B000087AC0ED096AC0ED0A7AC0ED0BFAC0ED8E
:1080C0000C7A80ED0D8AC0ED0E7A80ED0FFA40300B
:1080D000DFED80FAC0ED007AC0ED07FAC0ED01AA2D
:1080E000C0ED027AC0ED03EAC0ED047A80ED05EA46
:1080F000C0ED067AC0ED087AC0ED09CAC0ED0A7A73
:1081000080ED0BCAC0ED0C7AC0ED0DBAC0ED0E7A51
:10811000C5634030DFED6EFAC0ED007AC0ED01FAC4
:10812000DFED6DFAC0ED027AC0ED03FADFED6BFA18
:10813000C0ED047AC0ED05FADFED5CFAC0ED067A19
:10814000C0ED0DFADFED57FAC0ED087AC0ED07FA81
:10815000DFED55FAC0ED0A7AC0ED09FADFED57FA06
:10816000C0ED0C7AC0ED0E6AC0ED0FFAC0ED106ADA
:108170004430DFED53FAC0F828E0C0ED00FADFED3F
:1081800058FAC0F830C0C0ED02FAC0ED016AC0ED87
:10819000036AC0ED056A80ED06DAC0ED076AC0ED3E
:1081A000096AC0ED0B6AC0ED0D6A8763C0ED0F6A06
:1081B000C0F810A0C0F820904030DFED42FA3E4BEE
:1081C000C0ED04FA40F8583C13460660C0ED016A61
:1081D00080ED02BAC0ED036AC0ED056AC0ED069AF3
:1081E000C0ED10DADFED2BDADFED2DFAC0ED08DAA5
:1081F000DFED36DAC0ED0A2AC0ED076AC0ED14FAE9
:10820000C0ED096AC0ED0B6AC0ED0CDA3430DFED69
:1082100031DAC0ED042AC0ED062AC0ED082AC0ED0F
:108220000A2AC0ED0C2AC0ED0E2AC0ED102AC0EDBE
:10823000006AC0ED017AC0ED026AC0ED056A80ED0A
:10824000098A80ED0BFAC0ED0DAAC0ED0FEA80EDB2
:1082500011EA4830C0ED01DADFED12DAC0ED002A94
:10826000C0ED022AC0ED042AC0ED062AC0ED03CA03
:1082700080ED05CAC0ED07BAC0ED082AC2ED03DAE9
:10828000DFED09DADFED12FAC2ED05DA2EE000BF0C
:108290007E9D27432D43C3422D4391421147A54262
:1082A0001147B94288A3224388A3274396A12743B5
:1082B00011479B4296A12C4388A32C4396A12243AD
:1082C00096A11D432D43D7422D43C3422D43AF42B8
:1082D00088A313431147F54288A3184388A31D437D
:1082E00096A11843431CD541598662425FED0DDAD1
:1082F000E3EC012AC2ED07DA5FED0FDAC0ED0BFA0D
:10830000C2ED09DA5FED0BDA5FED0DFAC3ED00DACD
:1083100000F587635FED0EDAC0ED0DFAC2ED0BDA02
:108320005FED18FA5FED18DAC0ED0A2AC0ED0C2AED
:10833000C2ED022AC2ED042AC2ED062AC2F84CE0C0
:10834000C2F854C0456282ED088A82ED0A8A82ED45
:108350000C8A82ED0E8A82ED0FDA82ED108A82EDB0
:10836000128A82ED148A82ED168AD76582ED188A08
:10837000566682ED1A8AC2F834A0C2F8449082EDA3
:108380001BBAC2ED1DFAC2ED21DA82ED2FEA5FEDD4
:1083900031FA1FED31EA5FED31DAC2ED232AC2ED89
:1083A00025FA82ED29FAC2ED2DEAC2ED31DA82ED2D
:1083B0001C8A82ED1E8AC2ED1F9A82ED208A82ED10
:1083C000228A82ED248A82ED268A82ED278AC2EDF6
:1083D000289AC2ED2A9AC2ED2BAAC2ED2C9AC2EDC0
:1083E0002E9AC2ED309AC2ED329AC2ED33CAC2ED76
:1083F000349A82ED35CAC2ED369AC2ED37BAC2ED73
:10840000389AC2F8E450C2ED3A9A82ED3BEA5FED49
:108410004EFAC2ED3C9A1FED4F8A82ED5BEA5FEDAA
:1084200050DA1FED50EAC2F824E1C2F82CC1C2EDC7
:108430003DFA82ED3F8AC2ED41DA82ED45DAC2F8BB
:1084400034710127C2F83C61C2ED53CA82ED55CAAE
:10845000C2ED57BAC2F86451C2ED3E9AC2ED409ADD
:10846000C2ED42AAC2ED44AAC2ED46AAC2ED48AA94
:10847000C2ED4AAAC2ED4CAAC2ED4EAAC2ED50AA64
:10848000C2ED52AA82ED51BA82ED54BA82ED56BACB
:1084900082ED58BA82ED5ABA82ED5CBAC2F80CA1EC
:1084A000C2F81C9182ED5DEA82ED5EAA82ED60AABF
:1084B00082ED62AA82ED64AA82ED66AA82ED68AAC4
:1084C00082ED6AAA82ED6CAA82ED6EAA82ED70AA94
:1084D0001FED7BAAFC4C82ED79AA9FEDFCAADFED93
:1084E000FCEA82ED7BAA9FEDFBAA9FEDFBFADFED94
:1084F000FBFA9FEDFB8ADFEDFB9ADFEDFBAA9FED18
:10850000FBBADFEDFBBA9FEDFBCADFEDFBCA9FEDC7
:10851000FBDADFEDFBDA82ED7DAA9FEDFAAAC2ED70
:108520005FEA82ED61FAC2ED63FA82ED658AC2ED1F
:10853000679AC2ED69AA82ED6BBAC2ED6DBAC2F854
:10854000BC4182ED71CA82ED729AC2ED73CA82EDAE
:10855000749A82ED75DA82ED769AC2ED77DA82ED61
:10856000789A82ED7A9A82ED7C9A82ED7E9A82EDFB
:108570007FAA9FEDE9AA82ED809A82ED81AA9FED04
:10858000E7AA82ED829A82ED83AA82ED849A82ED37
:10859000869A82ED889A9FEDE2AA9FEDE39A82ED9A
:1085A00085AAB0EE4BAA82ED879A82ED99BA9FED2B
:1085B000E19A9FEDE2BA82ED899AB0EE699AC2ED36
:1085C0008A8A82ED8BEAC2ED8C8AC2ED8DEAC2ED19
:1085D0008E8A82ED8FFAC2ED908AC2ED91FAC2EDD9
:1085E000928A82ED938AC2ED948AC2ED959AF0EE5A
:1085F0006A9AC2ED968AC2ED97AAF0EE6BAAC2ED16
:10860000988AC2ED9A8AC2ED9BBAF0EE6CBAC2EDBE
:108610009C8AC2F87442C2ED9E8A82ED9FBAB0EE87
:108620004CBAC2EDA08A82EDA1CAB0EE4DCA82ED6D
:10863000A20A82EDA40A82EDA5DA82EDA60A82EDF5
:10864000A80A82EDAA0A82EDAC0A82EDAE0A82ED9A
:10865000B00A82EDB20A82EDB40A82EDB60A82ED6A
:10866000B80A82EDBA0ADFEDA88A9FED98DA9FED8D
:10867000AD0AC2EDA3CAF0EE6DCAC2EDA7DAC2ED33
:10868000A98A82EDABDA82EDB90ADFED92DADFED8D
:108690009D8A9FEDA1DA9FEDA50AC2EDADDAC2ED8C
:1086A000AF8A82EDB1DA82EDBB0ADFED9CDADFED55
:1086B0009C8A9FED9DDA9FED9F0AC2EDB3DAF0EE42
:1086C0006EDAC2EDB58AF0EE4A8A82EDB7DAB0EE24
:1086D0004EDAC2EDBC0A82EDBD0AB0EE480AC2ED28
:1086E000BE0A82EDBFEAB0EE4FEAC2EDC00AC2EDAB
:1086F000C1EAF0EE6FEAC2EDC20A82EDC3FAC2ED42
:10870000C40A9FED81FAC2EDC5FAC2EDC60ADFEDDB
:108710006FFAC2EDC80AC2EDCA0AC2EDCC0A82EDF8
:10872000CDAAC2EDCE0AC2EDD00AC2EDD20AC2ED88
:10873000D40A9FED82AADFED670A82EDC78AB0EE08
:10874000698A82EDC99AC2EDCB9AF0EE6A9AC2EDBF
:10875000CFAAF0EE6BAAC2F8444382EDD3AAB0EEE2
:108760004BAA82EDD5BAB0EE4CBA82EDD61AC2ED64
:10877000D7BAF0EE6CBA82EDD81A82EDD9CA82ED82
:10878000DA1AC2EDDBCA82EDDC1A82EDDDFA82ED87
:10879000DE1AC2EDDFFA82EDE01AC2EDE10AF0EE78
:1087A000490A83ED019A82EDE21A82EDE41A82ED24
:1087B000E61A82EDE81A82EDEA1A82EDEC1A82EDF1
:1087C000EE1A82EDF01A9FED4F9A9FED521A82ED4C
:1087D000E39A82EDEF1A9FED50CADFED50CA9FED8C
:1087E000509A9FED521A82EDE5CAC2EDE7CA82EDBA
:1087F000E99A82EDF31A9FED4CCADFED4ACA9FED6C
:108800004C9A9FED4C1A83ED002A82EDEBCAB0EE34
:108810004DCAC2EDEDCAF0EE6DCA82EDF19AB0EE2E
:108820004A9A82EDF22A82EDF42A82EDF51AB0EE30
:10883000401A82EDF62A82EDF7DAB0EE4EDA82EDDA
:10884000F82AC2EDF9DAF0EE6EDA82EDFA2A82ED5C
:10885000FBEAB0EE4FEA82EDFC2AC2EDFDEAF0EE53
:108860006FEA82EDFE2A82EDFF0AB0EE480A83ED40
:10887000022A022283ED038AB0EE688A83ED042A7D
:10888000C3ED058AF0EE698A83ED062AC3ED079AE7
:1088900083ED082A00F25C43DFED289A08201C6073
:1088A000403303ED0F2A03ED0D2A43ED0E9AF0EE4F
:1088B0006A9A03ED0CAAB0EE4BAA43ED0AAAF0EEB9
:1088C0006BAA03ED08BA3DE011478F4259864E422C
:1088D000431CFD4159863A42228E1242228E264284
:1088E000228E3A42228E4E42228E6242228E764260
:1088F000114785422D4399422D438F422D43854296
:1089000059867642598626425986624259863A42AB
:108910005986264265193A4159861242B30CFD41E7
:10892000B30CD541B30C8541B30CAD41431C85411B
:1089300086383A41431CAD41CA32D440114799426E
:108940000D71D44043ED06BA1FED0D2A1FED0DBA8F
:108950005FED0DBA03ED0B3A03ED093A03ED073A6B
:1089600003ED053A03ED04FA03ED033A43ED02FA91
:1089700003ED013A1FED1BFA83ED042A83ED06BADD
:10898000C3ED08BA5FED1EFA1FED192A1FED1BBAE1
:108990005FED20BA83ED00FA83ED013AC3ED02FAF0
:1089A00083ED033A83ED053A83ED073A83ED093A07
:1089B00083ED0A2A83ED0B3A83ED0CBA83ED0D3A71
:1089C000C3ED0EBAF0EE6CBA83ED0F3A443383ED8B
:1089D000003A1FED293A1FED282A83ED033A1FEDD7
:1089E0002D3A1FED29BA83ED053A1FED2E3A03ED1E
:1089F000012AB0EE402A83ED01BAB0EE4CBA83ED05
:108A0000073AB0EE413A83ED024A83ED044A83ED22
:108A1000064A83ED084A83ED09CAB0EE4DCA83EDDC
:108A20000A4AC3ED0BCAF0EE6DCA83ED0C4A83ED22
:108A30000DDAB0EE6FDA83ED0E4A3C33C3ED040A73
:108A4000C3ED00DA83ED014A83ED021AB0EE481A55
:108A500083ED034A83ED054A83ED060AB0EE680A0A
:108A600083ED074A83ED088A83ED094AC3ED0A8A3C
:108A700083ED0B4A83ED0D4A83ED0F4A1FED514AFA
:108A80001C6383ED0E4A40331FED5E8AB0EE494A07
:108A900083ED009AB0EE6A9AC3ED014AC3ED029AE3
:108AA000F0EE4E9AC3ED034A83ED04AAB0EE6EAA2F
:108AB000C3ED054AC3ED06AAF0EE4FAAC3ED074A7F
:108AC00083ED08EAC3ED094AC3ED0AEAC3ED0B4A98
:108AD00083ED0CFAC3ED0D4AC3ED0EFAC3ED0F4A58
:108AE00040335FED73DA83ED0A8A1FED74EA5FEDC0
:108AF00074EA1FED73FA5FED75FA1FED718A5FED91
:108B0000708AC3ED014AC3ED034AC3ED054AC3EDC4
:108B1000074AC3ED094AC3ED0B4AC3ED00DA83ED02
:108B200002EAC3ED04EA83ED06FAC3ED08FA83ED29
:108B30000C8AC3ED0D4AC3ED0E8A83ED0F5A403304
:108B40005FED864A1FED868AC3ED024A5FED874AD4
:108B500083ED0E3AC3ED044A83ED008A83ED015A9A
:108B600083ED035A83ED055A83ED075A83ED095AC5
:108B700083ED0B5A83ED0D5A83ED0F5A83ED06BA40
:108B8000C3ED08BA83ED0ACAC3ED0CCA40335FEDEA
:108B9000968A83ED015A83ED035A83ED055A83EDDE
:108BA000075A83ED095A83ED0B5A1FED9C5AC3ED0A
:108BB000000A83ED0A5A83ED022A83ED041A83ED3D
:108BC000060A83ED0C4A1C62C3ED0D5AC3ED288AD8
:108BD0005FEDA58ADFF820B4C3ED2A8AB033DFED5C
:108BE000F98A83ED008A9FEDF88A43ED1D5A43ED23
:108BF0001B5A43ED195A43ED189A43ED175A43EDAA
:108C0000155A43ED135A43ED115A03ED1E8A43EDF5
:108C10001C8A03ED1A9A03ED16AA43ED14AA03ED7C
:108C200012DA43ED10DA3C3BDFEDE89AC3ED005A6F
:108C3000C3ED025AC3ED045AC3ED065AC3ED085AF8
:108C4000C3ED0A5AC3ED0C5ADFEDE15AC3ED099AA0
:108C500083ED0E7A83ED107A83ED01EAC3ED03EA2A
:108C600083ED05FAC3ED07FAC3ED115AC1ED004AD1
:108C700081ED0A3AC1ED0C0A81ED0E2A81ED101A40
:108C800081ED120A81ED165A81ED184A83ED127AB0
:108C90000C65D04B81ED017A81ED02BA81ED037A4A
:108CA000C1ED04BA81ED057A81ED06CA81ED077A3E
:108CB000C1ED08CA81ED097A81ED0B7A81ED0D7A5B
:108CC00081ED0F7A81ED117A81ED137A81ED157ABC
:108CD00081ED177A81ED196A81ED1A8A81ED1B6A9F
:108CE000C1ED1C8A81ED1D6A81ED1E9A81ED1F6A1E
:108CF000C1ED329ADFEDB89AC1ED344AC1ED353A93
:108D0000C1ED373AC1ED393AC1ED3B3AC1ED3D3ADB
:108D100081ED3E3AC1ED3F3AB04E81ED2AEAC1ED18
:108D20002CEA81ED2EFAC1ED30FA81ED36BAC1EDB3
:108D300038BA81ED3ACAC1ED3CCAC1ED209A81ED45
:108D4000216A81ED22AA81ED236AC1ED24AA81ED79
:108D5000256A81ED26DA81ED276AC1ED28DA81EDF9
:108D6000296A81ED2B6A81ED2D6A81ED2F6A81EDF3
:108D7000316A81ED336AC1ED400A81ED5E3AC1EDA1
:108D8000600AC1ED413A81ED422AC1ED433A81EDDD
:108D9000441AC1ED453A81ED460AC1ED473AC1EDAD
:108DA000493AC1ED4B3A81ED4A5A81ED4C4AC1ED49
:108DB0004D1AC1ED4F1AC1ED511AC1ED531AC1ED53
:108DC000551AC1ED571AC1ED591AC1ED5B1AC1ED23
:108DD0005D1AC1F82041C1ED549A81ED56AAC1ED4A
:108DE00058AA81ED5ADAC1ED5CDA81ED4E8AC1ED07
:108DF000508A81ED529AC1ED5F7AC1ED617ACBF86C
:108E00000030774B81ED622A81ED641A81ED660AAC
:108E100081ED6A5A81ED6C4AC1ED752AC1F8A04115
:108E2000C1F8D041002481ED6E8AC1ED708A81EDD8
:108E3000729AC1ED637AC1ED657AC1ED677AC1EDD1
:108E4000697AC1ED6B7AC1ED6D6AC1ED6F6AC1EDF2
:108E5000716AC1ED736ACBF80C20CBF80460A6F5FB
:108E60007D56CBF80830CBF814808BF81C800DF0C1
:108E70009DF95C4B8BF8EC80CBF82030CBF8F08080
:108E8000CBF81000CBF8FC40CBF80041CBF8044104
:108E9000CBF80841544DCBE93D88FAF73BFACBF8C3
:108EA000F000FAF737FACBF8F400FAF733FACBF818
:108EB000F800A6F58070DFF844C102234B4ACBF8D6
:108EC0008001CBF84001A6F1DC00CBF800C0A0F196
:108ED000180C4749CBF81021CBF844C1A0F10C0C79
:108EE000CBF81821CBF848C105F1280CCBF81C2190
:108EF000CBF894C1CBF80C11CBF82811CBF8840136
:108F0000CBF82441CBF83081CBF85841CBF85C4109
:108F1000CBF86041CBF86441CBF86841CBF86C41A9
:108F2000CBF87041CBF87441CBF878418BF87C8159
:108F30008BF89081CBF83471CBE94E352D4BCBF8C3
:108F40001431CBF82031CBF82C31CBF8B041CBF831
:108F5000E031CBF8EC31CBF8F83100F1A803CBF8D5
:108F6000FC01CBF8983100F1B403CBF8D8113046AE
:108F7000CBF89C310C33CBF8F41114A9CBF8A03109
:108F800048F28003CBF8DC21ADF850308023CBF8D9
:108F9000E421CBF8E8218DF85230CBF8B441CBF87E
:108FA000B841CBF8BC41CBF8C041CBF8C441CBF8B9
:108FB000C841CBF8CC41CBF8D0418BF8D4818BF8A9
:108FC00008821DE02D4385422D438F4265193A41A9
:108FD000431C85410829002059866242D092002016
:108FE00014D30020CDCC4C3DF43500200000FAC451
:108FF0000000FA440000964484510020D01F002055
:10900000CBF8F0410AF074F806F10C000AF008F809
:10901000A6F1D001E64A4FF00200CBF87812A6F193
:109020007801CBF89C224FF07A52CBF87C124FF0AB
:109030007C53E049CBF8C8224FF07F52CBF8901216
:10904000DD498BF8C402CBF89412DC498BF8D402CA
:10905000CBF89812DA498BF8E402CBF8A012D94980
:10906000CBF8DC32CBF8A4120A21CBF8EC328BF827
:10907000BE1205F14C01CBF8CC22CBF8C012D2497C
:10908000D24ACBF8D012D2498BF88472CBF8E012D6
:10909000D049CBF88062CBF8F0124FF08041CBF88A
:1090A0008842CBF88C42ABF8A882CBF8AC42CBF824
:1090B000B042CBF8B442CBF8B842ABF8BC82CBF8A4
:1090C000D842CBF8E8428BF8F402CBF8FC324BF2F2
:1090D0005303CBF80423ABF808334FF07E53CBF89F
:1090E0002C13BBF8071396F8FD00ABF81313BA491D
:1090F000ABF81023CBF8001305F16801B74ACBF8A1
:109100000C1306F1F801CBF84433CBF818134EF6E4
:10911000A041CBF848338BF8121305F17C01CBF852
:109120004C33CBF83C13AE49CBF86433CBF8501337
:10913000AC49CBF86833CBF85413AB4986F8090136
:1091400006F5F470CBF85813A849ABF83483CBF884
:109150005C1305F18801CBF8F842CBF81C43CBF83F
:109160002043CBF82443CBF82843CBF83043CBF84B
:109170003843CBF86043CBF86C43CBF87433CBF86F
:109180007C33CBF89433CBF89C33CBF8A833CBF8B3
:10919000AC33CBF8C833CBF8CC33CBF8D833CBF8DF
:1091A000E033CBF87023CBF88023CBF88823CBF8BF
:1091B0008C23CBF8A023CBF8B423CBF8B823CBF87F
:1091C000C023CBF8D423CBF8E423CBF8EC23CBF8A3
:1091D0007843CBF88443CBF89043CBF89843CBF853
:1091E000A443CBF8B043CBF8BC43CBF8C443CBF893
:1091F000D043CBF8DC43CBF8E843CBF8F0234FF473
:1092000080720BF0AFFF05F188014FF4807206F514
:109210003A700BF0A7FF4FF4C87506F58073CBF8D2
:1092200040330BF07FFF04460BF07CFF5BFA80F0CD
:109230005BFA84F3013D90F8F41493F8F42483F876
:10924000F41480F8F424ECD169496A4801F50075FA
:10925000694CA0EB0B0043185BFA83F393F8F424FA
:10926000A4FB026301F8012F8D424FEAD30303EB05
:109270004303A2EB830281F80022ECD15F4E00276A
:109280005F4A4FF47F495F4B1220F26406F1180ADF
:109290005D4A336132655D4A5D4BCBF8F8290222A5
:1092A00073615C4B9FED5C8A8BF8FC295B4ADFF8AD
:1092B00084815B4DCBF8203A0623F26086ED008A6C
:1092C00086ED0F8A86ED108A86ED118A86ED128A68
:1092D0008BF82C3ACBF8145ACBF8185ACBF80C8AE6
:1092E000CBF8108AABF81C9A0CF060FF0446C760FC
:1092F0000782CBF8240ADFED4B9A9FED4B9ADFED06
:109300004B8AC0E9017712200CF050FF484BCBF894
:10931000280AA44603F13002CBF84C3A06F20C635B
:109320008646CDF810A0B0EE000A03F6982103F6A9
:109330009C2003F6A42406F56A630592019102902D
:1093400006940393049CCBF8585ACBF85C5A41F628
:109350009425CBF8508ACBF8548A5D44ABF8609AD8
:10936000BAE80F00ACE80F000FCCDAF800A04FF01D
:10937000FF34AEE80F0006F15C0106F17000ACF8B6
:1093800000A0AEF800A009F075FD0DF1500C4FF0F3
:10939000FF0A06F1B00086ED2B8A61468DF8527007
:1093A000ADF850A009F0A4FE0DF1500C44E000BF50
:1093B0000000A04000003D430000BA4200005643B8
:1093C00000808B430000C84233338B400E21A0EC59
:1093D00014AE47403D0AF73F85EB9140000080BF47
:1093E000AE67BB3E8C65583EABAAAA3EABAA2A3EEE
:1093F000775700200DFAFFFFABAAAAAA785B0020DE
:10940000000040406666663F0000E04018290020EA
:109410006666D640F428002000000000CDCC4C3F0A
:109420000000FFFF0000C842CDCCCC3E00000C4243
:1094300084370020FF0000FF4AF2FF5306F1BC0012
:109440008DF852706146ADF8503009F051FE4FF082
:10945000FF3C06F1C8008DF85240ADF850C00DF148
:10946000500C614609F044FE0DF1500C06F1D40099
:109470008DF852706146ADF8509009F039FE0DF14B
:10948000500C06F1E000ADF8507061468DF8524086
:1094900009F02EFE4FF0FF3C06F1EC008DF8527003
:1094A000ADF850C00DF1500C614609F021FE0DF1F0
:1094B000500C06F1F8008DF852406146ADF850A00E
:1094C00009F016FE0DF1500C06F58270ADF85070E3
:1094D00061468DF8527009F00BFEABF8087BCBF8B3
:1094E000048B06F5A670BBF8073BD44CABF8133BD6
:1094F00096F8153104F5A271CBF80C4B86F82131A2
:109500000C46CF4B86ED4A8AC6F8383106F588738B
:1095100086ED4B8A86ED4C8A86ED4D8A86ED4F8A24
:1095200086ED518ACBF83C1BCBF8183BABF8347B6B
:10953000ABF8108B8BF8129B09F0C0FC06F20C63A1
:10954000C6F8F447059C06F5FF6086F84C77C6F828
:1095500094461E46A3F8E47109F0B0FC3346019925
:10956000B7EE000A1A46C3F8BC8CC3F8C08CB54BE2
:109570000298C2F8C43CC2F8C83CB34BC6F83447A2
:109580001093B24B069CC2F8943802F6A82386F8D2
:10959000EC7783ED008A02F6AC23A6F890781746A4
:1095A000A6F8CC9C0BF5D55681ED008A02F6BC419D
:1095B00083ED008A802380ED008A01F11400C2F857
:1095C000B83C84ED008A86ED008ACDED119A09F051
:1095D00051FC4FF080430C930CAB1A4610AB19466C
:1095E00014AB184609F034F807F54D630199C7F834
:1095F0000C3D149B02980B60159BC6ED009A03600E
:10960000934B23604FF48073039CA7F8B93C01236C
:1096100087F8BB3C48200CF0C9FD002344F8040F38
:10962000A54280F82C3003648A4B80ED009A80EDCF
:109630000C8A80ED0D8AC0ED0F8A80ED118A83635C
:10964000E8D1854CB7EE000A844B41F6107504F161
:10965000E00AA4F57262109304F50C78119304F2F9
:109660001B217F4B404684ED008AA4F10C0704EDDA
:10967000018AA4F1040987ED008AA4F1080686EDA9
:10968000008A5D44A4F50474CAE95133754BC2F8ED
:10969000103D02F6247383ED008A02F6287383EDF1
:1096A000008A02F62C73704A83ED008A654BCAE982
:1096B0004E234FF47F03CAF84031FF238AF84C3120
:1096C00009F0D8FB4FF080430CAA10A914A80C9302
:1096D00008F0BEFF149B89ED008A3B600027159BB4
:1096E000CAF88C81336040F20113DFF89C91DFF8F7
:1096F0009C8184ED848AAAF83931482000260CF038
:1097000055FD544B44F8040FA542C0F80090076380
:109710004763C0F83C804764836380F82C6006642C
:10972000EBD10423514CB7EE000A4FF08048CAF841
:10973000C033A4F11401CAF8783420464C4B4FF0E2
:109740007E59CAF89473CAF83035CAF834353D4B9F
:10975000CAF89873CAF83835CAF83C353A4BCAF893
:109760009C731093434BCAF8A0731193424BCAF8F1
:10977000A473CAF89031414BCAF8A873CAF8AC3345
:109780008023CAF8B8738AF8BC330AF264438AF8B3
:1097900074641F600AF58D63394D1F600AF26C43D3
:1097A0001F600AF58E631F600AF21C531F600AF5E2
:1097B000A4631F600AF224531F600AF5A5631F60AB
:1097C0004FF48073AAF82C354FF47F43AAF8403544
:1097D00009F050FB10A90CAA14A8CDF8308008F0AD
:1097E00037FF149B04F14800264ACAF89433159BAE
:1097F000CAF89C73CAF898330123CAF8A073CAF850
:1098000090350AF29C53CAF880451F600AF5B4638C
:10981000E7671F600AF2A4531F600AF5B5631F6073
:109820000AF2AC531F600AF5B6631F600AF2B45324
:109830001F600AF5B7631F6030E000BF5C36002090
:109840000000AF430000FFFF000048431820002045
:109850000000484200007041A47000200000204336
:1098600000FFFF0004200020800000FFC8760020D9
:10987000FF0000FF0000C842F01F0020000020424F
:10988000C8370020FFFF7F7FCDCCCC3E00000C42CC
:109890009A99A94000C02845008054440AF2BC535C
:1098A0001F600AF2C4531F600AF5B9631F600AF211
:1098B000CC531F600AF5BA631F600AF2D4531F60CD
:1098C0000AF5BB631F600AF2DC531F600AF5BC6334
:1098D0001F600AF2E4531F600AF5BD631F600AF2BD
:1098E000EC531F600AF5BE63C3F800900AF2F4530C
:1098F0001A604FF400020AF5BF631A604FF4803318
:10990000CAF8FC350AF20463CAF88C550C351F609E
:109910000AF5C163C4F8BC701F60E9F7D9FFDBF832
:1099200088320CAA10A9109304F1C800DBF88C321D
:10993000CDF850901193DBF8903215970C93DBF82B
:10994000943216970D9314AB179709F085FBDBF84B
:1099500098320CAA10A904F58A701093DBF89C3297
:10996000CDF850901193DBF8A03215970C93DBF8EB
:10997000A43216970D9314AB179709F06DFB14AB37
:109980000CAA10A904F5B070CDF8509004F6BC29CB
:10999000109711970C970D9715971697179709F031
:1099A0005BFBF8EE005A0AF2F4611FED477A0223DE
:1099B0001FED486A04F50F72C1ED005A0AF5DF6128
:1099C0005FED4B6AF6EE007AC1F800800AF2FC61A6
:1099D000DFF810E443F60C0081ED007A0AF204711E
:1099E0009FEDDB7A5844C1ED005A0AF5E161DFF8DA
:1099F000F8C3C1F800800AF20C718AF8F03681EDE4
:109A0000007A0F219FEDD37A8AF810170AF21471A9
:109A10008AF80037082381ED007A0AF5E3619FEDAB
:109A2000CE7A81ED007A0AF21C719FEDCC7A81ED3D
:109A3000007A0AF5E4619FEDCA7A81ED006A0AF2C4
:109A4000247181ED007A0AF5E56181ED006A0AF280
:109A50002C71C1ED006A0AF5E661C1ED006A0AF2F7
:109A60003471C1F800E00AF5E761C1F800E00AF2DC
:109A70003C71DFF878E3C1F800E0BA49C4F8FC11A2
:109A80000AF24471C1F800C00AF5E961C1F800C0EA
:109A900004F5E871CAF84C1704F5EC71CAF85017D0
:109AA00004F5F071CAF8541704F5F471CAF85817A0
:109AB00004F5F871CAF85C1704F5FC71CAF8601770
:109AC00004F50071CAF864170AF5ED610F600AF237
:109AD0006C710F600AF5EE610F608AF8A037A9F883
:109AE00080300AF27473CAF89C270AF2A4721F60CD
:109AF0000AF5EF63C2F800800AF5F5621F600AF20A
:109B00007C7399491F6004F50973C2ED007A0AF667
:109B1000AC52CAF8843704F50A731160CAF8883762
:109B200004F50B73914ACAF88C3704F50C73C9F825
:109B30006420CAF8903704F50D738D4ACAF894373B
:109B400004F50E73C9F878200022CAF8983704F695
:109B500048338849C9F88450C4F83C728AF8D86DF3
:109B6000C9F86870C9F86C70C9F87070C9F8747079
:109B70001960203343F81C1C43F8182C43F8142CAC
:109B800043F8102C43F80C2C43F8082C43F8046CD1
:109B90009842EDD143F6DC22774B784C00205A44B2
:109BA00077491C600C3343F8080C43F8041C9A42B4
:109BB000F7D1DFF83C82002303213C22A8F8403093
:109BC000012389F88810A8F1740088F842300BF05E
:109BD000CBF943F614026B49A8F66C735A4443F868
:109BE000201B9A42FBD143F62402674B67495A4433
:109BF00043F8201B9A42FBD1654B08F14C0108F158
:109C00009C009FED648A1A1D019103F17C0503F10C
:109C10002C0E03F154070AF22C61C8F844301446A4
:109C200008F1CC0303900AF5C6600691049308F18D
:109C3000740C0790F7EE000A0595002588ED128A4E
:109C4000B0EE480A9FED549AF0EE608ADFED539A29
:109C5000F0EE00AADFED527A524E9FED53CADFEDCF
:109C600053BA9FED53BA9FED53AA0FCC0294019CB7
:109C70000FC40194029C0FCC0294019C0FC4224695
:109C8000029C94E80300039C82E80300BEE80F00F6
:109C9000ACE80F00BEE80F00ACE80F00464A9EE8B3
:109CA0000300C8F8C420454A8CE80300C8F8C8205F
:109CB0000FCF0FC40FCF0FC497E80300049FC8F85D
:109CC000185184E80300059C0FCC0FC74FF0C80261
:109CD000A8F82C213A4AC8F8F4203A4AC8F8F820E3
:109CE000394AC8F8FC20394AC8F80021384AC8F86F
:109CF0000421384AC8F80821374AC8F80C21374AE5
:109D0000C8F81021364AC8ED507AC8F8142188EDF9
:109D10004F9A8BEDA49ACBEDA59A88F82051A8F81C
:109D2000305188ED4D8A88ED4E8A8BEDA28A8BEDFD
:109D3000A38A0FCC0FC741F2167294E80300ABF868
:109D4000BC224FF0090287E803008BF8BE2251E0E5
:109D50006666D6400000AF43000048450000FA4365
:109D60000080894400001645CDCCCC3D0000C8439E
:109D7000323334356F12833A90890020CDCC4C3D7C
:109D80000AD7233C000080BF288200203333B3BEB3
:109D90000038002000000000000040430000D242D4
:109DA0000000C04284D1002000005C4300009042CB
:109DB000F304353F0000FAC3A83F0020B03F002065
:109DC000B83F0020C03F0020C83F0020D03F002007
:109DD000D83F0020E03F0020E43F0020EC3F00207F
:109DE000F43F002000007A44000016440000614463
:109DF00084910020DF49DBE9042342F8231001F5B8
:109E00007D620133DC49CBF8802201F11C0099F816
:109E10007820CBF814302823E8F7ACFDD74999F81F
:109E20007920F0EE680A01F11800B0EE480A282304
:109E3000E8F7A0FDD24999F87A20F0EE680A01F11E
:109E40001400B0EE480A2823E8F794FDCD49F0EE5F
:109E5000680A99F87B20B0EE480A01F11000282327
:109E60004FF00209E8F786FDFDF7A8FA0AF5C76387
:109E7000B6EE007A079FD3ED007A0CA883ED008A36
:109E80000AF2346377EEA97A069C024614A88DED97
:109E9000149A67EE877A014610A8CDED159ACDED9C
:109EA0000CAAC7ED007AD3ED007A83ED008A0AF29E
:109EB0003C6377EE897A83ED009AB34B67EE877A3D
:109EC000C3ED009AC4ED007A08F0C2FB109B4FF07E
:109ED000090210A823608AF80C264FF00102119B9A
:109EE00001468BF81C2014A83B600CAA8BEDAB9AA2
:109EF000CBEDAC9ACDED0CAA8DED10CACDED11BA1B
:109F000008F0A6FBA6F5E0401499159A00F69823F0
:109F1000CDED0CAA8DED10CA196000F69C23CDED95
:109F200011BA1A6000F6A42310A80CAA83ED008AC7
:109F3000014603ED018A14A8944C08F089FB149B98
:109F400088ED4F9A0820CAF89433159BC8ED509AB3
:109F5000CAF898338E4B8AEDE78A8AEDE88A88ED55
:109F60004D8A88ED4E8ACBF800300CF01FF906F5CB
:109F7000907388F85091C8F84C01036006F5AC73F3
:109F8000C8ED558A43604FF4817314A888ED568A52
:109F9000A8F8643188ED578A88ED588A8DED14BA97
:109FA000CDED0C8A8DED0D8A8DED0E8A8DED0F8A2B
:109FB0008DED158A8DED168A8DED178AF9F77EF9EC
:109FC000C8EE807A0CA810AA014614A828EE677A79
:109FD00067EE8B7A8DED117A8DED127A8DED137A15
:109FE000CDED107AF9F736F9DDED0CAA14A8DDED08
:109FF0000D9A9DED0E9A9DED0FBACDED14AACDED03
:10A00000159A8DED169A8DED17BAF9F757F9C8EE36
:10A01000807A10AA5F4908A867EEAAAA67EEA99AF3
:10A0200027EE899A67EE8B7ACDED10AACDED119AC5
:10A030008DED129ACDED137AF9F70CF90CAA14A84C
:10A040008DED148A1346014610AA53488DED158AEA
:10A050008DED168A8DED108A8DED118A8DED12AA87
:10A06000CDED0C8ACDED0D8ACDED0E8A08F07EFF88
:10A070000CAA14A88DED12AA1346014610AA47484F
:10A080008DED148A8DED158A8DED168A8DED108A71
:10A090008DED118ACDED0C8ACDED0D8ACDED0E8AB8
:10A0A00008F064FF29463E4808F02EFE01213D4895
:10A0B00008F02AFED8F85431394A1493D8F85831A8
:10A0C000C6F84021C03A1593D8F85C31A2F11407C4
:10A0D0001046C6F8242114AA1693D8F86031114608
:10A0E000C6F82041C6F82871C6ED4B8A86ED4C8A29
:10A0F00086ED4D8A86ED4E8A86F83C5186ED518A72
:10A1000086ED528A86ED538A86ED548AA6F854511C
:10A110001793F9F7EFF8D8F85431224A1493D8F886
:10A120005831C6F878211D4A1593D8F85C3110468D
:10A13000C6F85C2114AA1693D8F860311146C6F807
:10A140005841C6F8607186F83C51C6ED598A86EDD3
:10A150005A8A86ED5B8A86ED5C8A86F8745186EDB4
:10A160005F8A86ED608A86ED618A86ED628AA6F84E
:10A170008C5119E09C530020EC810020F0810020DC
:10A18000F4810020F8810020C4770020AC38002042
:10A1900034290020D8920020EC9200204C9300201B
:10A1A000AC93002028B300201793F9F7A3F8A7F188
:10A1B0000802C1494BF2C0130220C6F89C2101F5E8
:10A1C00022425B44BD4C029202F52A720193082799
:10A1D000A2F5D863C6F89441B94C4FF0070EC3F806
:10A1E0001C024FF03200C6F890411834A6F8A201C4
:10A1F0004FF4AD7086F87451C6F8A801A6F8A451C2
:10A200000394B04EB04CDFF880C43460AF49B04E18
:10A21000ACF80000CCF804600CF10C068CF8089047
:10A220004FF017099FEDAB7ADFEDAB7A03C986E8F3
:10A230000300AA49AA480F70AA49C3F82412AA49E0
:10A24000C3F82812A949C3F82C12A949C3F830123F
:10A25000A849C3F83412A849C3F83812A749C3F86B
:10A260003C12A749C3F84012A649C3F84412A649B4
:10A27000C3F84812A549C3F84C12A549C3F85012B7
:10A28000A449C3F85412A449C3F85812A349C3F807
:10A290005C12A349C3F86012A249C3F86412A24930
:10A2A000C3F86812A149C3F86C12A149C3F870122F
:10A2B000A049C3F87412A049C3F878129F49C3F8A3
:10A2C0007C129F49C3F880129E49C3F884129E49AC
:10A2D000C3F888129D49C3F88C129D49C3F89012A7
:10A2E0009C49C3F894129C49C3F898129B49C3F83F
:10A2F0009C129B49C3F8A0129A49C3F8A4129A4928
:10A30000C3F8A8129949C3F8AC129949C3F8B0121E
:10A310009849C3F8B4129849C3F8B8129749C3F8DA
:10A32000BC129749C3F8C0129649C3F8C4129649A3
:10A33000C3F8C8129549C3F8CC129549C3F8D01296
:10A340009449C3F8D4129449C3F8D8129349C3F876
:10A35000DC129349C3F8E0129249C3F8E41292491F
:10A36000C3F8E8129149C3F8EC129149C3F8F0120E
:10A370009049C3F8F4129049C3F8F8128F49C3F812
:10A38000FC128F49C3F800138E49C3F804138E4999
:10A39000C3F808138D49C3F80C138D49C3F8101383
:10A3A0008C49C3F814138C49C3F818138B49C3F8AC
:10A3B0001C138B49C3F820138A49C3F824138A4914
:10A3C000C3F828138949C3F82C138949C3F83013FB
:10A3D0008849C3F834138849C3F838138749C3F848
:10A3E0003C138749C3F840138649C3F84413864990
:10A3F000C3F848138549C3F84C138549C3F8501373
:10A400008449C3F854138449C3F858138349C3F8E3
:10A410005C13834983EDE27AC3F86013814983EDCD
:10A42000E57AC3F864138049C3F868137F49C3F819
:10A430006C137F49C3F870137E49C3F874137E49C7
:10A44000C3F878137D49C3F87C137D49C3F88013A2
:10A450007C49C3F884137C49C3F88C137B49C3F847
:10A4600090137B49C3F898137A49C3F89C137A492F
:10A47000C3F8A0137949C3F8A4137949C3F8A81302
:10A480007849C3F8AC137849C3F8B0137749C3F8D7
:10A49000B4137749C3F8B8137649C3F8BC137649A7
:10A4A000C3F8C0137549C3F8C4137549C3F8C8137A
:10A4B0007449C3F8CC13E9E09C530020404B4C0096
:10A4C000D0380020EC3B0120805820203044002070
:10A4D00030D3002017B7D1B8F4CCBE42983B01204E
:10A4E0006F928A4201FEE4429EDEC842F027184283
:10A4F000C0EC81C1A10837438186B4425DAD2442DE
:10A5000032851E430FCB89429B151742C3A40943D2
:10A51000D084984296C32042FC08314363AE754212
:10A52000F24112C213E21C43B5E6D342E483F0C108
:10A53000EC8029439000CA4281269941E6BE274318
:10A540004BEA9A42FB5C39C0443A2A431FA5AF420A
:10A55000D50974420A08104388F4754201DE71413E
:10A5600025B514435249AB42439CBF4167253A434A
:10A570008E268542FC1805C11AA11943EF58BE4228
:10A58000C4B1EE3F32A53D43C74B9C42F8427B42EB
:10A59000AD09F3423A528342DE315C42D870214326
:10A5A000C2976A4285EB58C19585A7426A5EC84248
:10A5B0003FD79DC11DA9A242C5C0CA42CE88023F55
:10A5C000FE259542C3C4BB4296B2AEC0E325874286
:10A5D000A49FBB4236AB7B4155F07E42C54FA9429A
:10A5E000E6AE164145985142F2C1A542D47AE842FE
:10A5F000A1A7BE42AAC20C424538E0425957BD420B
:10A600006A5E1842BF3DE8423440AE424783024290
:10A61000BA49CF420F0BCB42C2973A42C78BC942CD
:10A620001BEFC142375A3F4244BAD7421DC9C1420B
:10A63000DF602842AC5CDA42B1A1CE4233332C4217
:10A6400056CEB942A8F517425C60D642CD0C4942BD
:10A650003179A542A01A0442D5E78B41B35BBC42D5
:10A660003C4E3242C58F8941283E7742C0ECE141E1
:10A6700007DF01420C33994280F72142DDE40042BA
:10A68000F98F564222BD1542AC920120D949C3F838
:10A69000D013D949C3F8D413D849C3F8D813D8492B
:10A6A000C3F8DC13D749C3F8E013D749C3F8E41360
:10A6B000D649C3F8E813D649C3F8EC130299C1EDA3
:10A6C000007AD449C3F8F013D349C3F8F413D3493B
:10A6D000C3F8F813D249C3F8FC13A2F5307108602F
:10A6E000D048C1ED097A4860CF48C1ED0C7A886046
:10A6F000CE48C860CE480861CE484861CE48C8619F
:10A70000CE480862CE488862CE48C862A2F523715E
:10A71000CD48C1ED027A0860CC48C1ED057A4860A9
:10A72000CB48C1ED087AC860CA480861CA48886148
:10A73000CA48C861CA484862CA488862CA48C1ED66
:10A740000B7A0863C948C1ED0E7A4863C848C3F85C
:10A75000B074C8630121C748C3F8D4140D21C3F8ED
:10A76000B4E4C3F8AC140221C3F8C474C3F8B81439
:10A770000321C3F8E0E4C3F8BC140E21C3F8C014ED
:10A780000621C3F8C8140521C3F8CC140D21C3F861
:10A79000D0140621C3F8D8140B21C3F8DC1402210D
:10A7A000C3F8E4140F21C3F8E8140421C3F8EC142F
:10A7B0000221C3F8F014A2F513710860AE48C1ED90
:10A7C000017A8860AD48C1ED047AC860AC48C1ED3B
:10A7D000077A4861AB488861AB480862AB48486279
:10A7E000AB48C1ED0A7AC862AA48C3F8F4E408632A
:10A7F000A948C3F8007548630A21C3F83095C3F827
:10A80000F8140321C3F85095C3F8FC140C21C3F8C5
:10A8100004150A21C3F808152221C3F80C152421B8
:10A82000C3F810152321C3F814151321C3F8181504
:10A830001221C3F81C151021C3F820151521C3F8E7
:10A8400024151421C3F828151221C3F82C1516213C
:10A85000C3F838151921C3F83C151B21C3F844155A
:10A860001C21C3F848151B21C3F84C152521C3F83A
:10A8700054152621C3F858152821C3F85C151F214B
:10A88000C3F860151E21C3F868152021C3F86C15A4
:10A890002221C3F870152121C3F874151821C3F8BB
:10A8A00098E5C3F834151A21C3F8AC75C3F8401500
:10A8B0001D21C3F8B475C3F864152421C3F8E875E5
:10A8C000C3F878152621C3F87C150E21C3F8A4150A
:10A8D0000C21C3F8A8150521C3F8B0150621C3F84B
:10A8E000BC150421C3F8C0150F21C3F8D0150321EE
:10A8F000C3F8E0150A21C3F8EC152221C3F8F415BA
:10A900002521C3F880152721C3F884152821C3F811
:10A9100088151421C3F88C150B21C3F89015C3F8C2
:10A92000C4150D21C3F89415C3F8B8150921C3F84F
:10A930009C15C3F8CC150221C3F8A015C3F8C8159F
:10A94000C3F8D415C3F8D8152121C3F8DCE5C3F842
:10A95000F0152321C3F8E4E5C3F8F8151121C3F875
:10A960001456C3F8FC151021C3F81896C3F8041642
:10A970001221C3F83496C3F810161621C3F82C56CA
:10A98000C3F81C161921C3F824161B21C3F8281676
:10A990002821C3F840161E21C3F84C162121C3F804
:10A9A00058162321C3F85C162421C3F8601614211D
:10A9B000C3F870161321C3F80016C3F80816152142
:10A9C000C3F80C16C3F868161C21C3F82016C3F888
:10A9D00030162721C3F83816C3F86C162521C3F8A2
:10A9E0003C16C3F864162021C3F84416C3F8541665
:10A9F00054E000BFF02744425EBA7D4205C54242A2
:10AA0000BA094442607627420BB535421265754259
:10AA10009CB34B4208EC6C4278DC7A4274A4A941A6
:10AA200039741F42719BE4415FA955428A5091429B
:10AA3000D712B5C1AA62F14274B57BC12B78084325
:10AA40002AA9CBC09C740943A2450DC1692FDC42E1
:10AA50005EBA093FB23DD8421AC05F401739084379
:10AA6000924B92417A860443D3DEB640A8C6D542C3
:10AA7000098A61415BD1D242584AD941DED30043B1
:10AA8000E14B0542573BFC42BAC9FC41DD44D6428A
:10AA90000000A042000034430000B4421F21C3F86C
:10AAA0004816C3F850163221039CC3F8741634219B
:10AAB000C3F8BC46C3F878163121019CC3F87C1654
:10AAC0003021C3F880163421C3F8A4163221C3F80C
:10AAD000A8162D21C3F88416C3F8B4162F21C3F885
:10AAE0008816C3F8B0162A21C3F88C16C3F8A0162E
:10AAF0002C21C3F89416C3F898162B21C3F890168E
:10AB00002921C3F89C163321C3F8AC162E21C3F8B3
:10AB1000B816134683ED068A403303ED098A03ED28
:10AB2000088A03ED078A03ED068A03ED058A03ED23
:10AB3000048A03ED038A03ED028A03F8045C9C4255
:10AB4000E8D1DFF8A0944AF2BC60A9F65431A9F626
:10AB5000DC5689F8D05158440C460D46C9F8C4114A
:10AB6000C9F8C0612B680C35403203EB430306EB98
:10AB7000830342F8403C55F8083C03EB430306EBE3
:10AB8000830342F83C3C55F8043CA84203EB4303E2
:10AB900006EB830342F8383CE4D1E44B4BF6D84251
:10ABA000E34D0027C9F8D4315A442B4600269F6153
:10ABB000403343F8247C43F8207C43F81C7C43F862
:10ABC000187C43F8147C43F8107C43F80C7C43F861
:10ABD000087C03F8046C9A42E9D1D64A4BF66076B9
:10ABE00000275E4413461F600C3343F8087C43F88B
:10ABF000047C9E42F7D10023C9F8604F4AF2AC446E
:10AC000089F86C3F5C44CC4B1E680C330C3242F824
:10AC10000C6C53F8086C9C4242F8086C53F8046CB6
:10AC200042F8046CF0D14BF6D8420B680C31403539
:10AC300003EB430302EB83035B4445F8403C51F8CC
:10AC4000083C03EB430302EB83035B4445F83C3CC5
:10AC500051F8043C884203EB430302EB83035B445B
:10AC600045F8383CE1D148F28003B44C14A9B44D06
:10AC7000ADF850308023204609F6EC768DF852303E
:10AC800008F036FA04F10C009FEDAE8A08F0C8F91E
:10AC90004FF00103C9F8E44F122789F8E83FAA4BA7
:10ACA000DFEDAAFAC9F8DC3FA4F69C539FEDA8FAA1
:10ACB000C9F8E03FDFEDA7EA9FEDA7EADFEDA7DAED
:10ACC0009FEDA7DADFEDA7CA9FEDA7CADFEDA7BA10
:10ACD0009FEDA7BADFEDA7AA9FEDA7AADFEDA79A80
:10ACE0009FEDA79ADFEDA78A95E80F0086E80F0091
:10ACF00005F11001A42209F6FC7004F6B4760AF0FE
:10AD000031FA05F11001A42204F598700AF02AFA2C
:10AD100005F11001A42204F5EA700AF023FA05F106
:10AD20001001A42204F51E700AF01CFA05F1B4010A
:10AD3000442204F547700AF015FA05F1F80148229B
:10AD400004F558700AF00EFA05F1F801482204F5EE
:10AD50006A700AF007FA05F1F801482204F57C70E0
:10AD60000AF000FA05F1F801482204F587600AF0BC
:10AD7000F9F905F1F801482204F590600AF0F2F9BA
:10AD800005F1F801482204F599600AF0EBF905F1A4
:10AD9000F801482204F5A2600AF0E4F905F1F8018F
:10ADA000482204F5AB600AF0DDF905F1F80148220C
:10ADB00004F5B4600AF0D6F905F1F801482204F56B
:10ADC000BD600AF0CFF905F1F801482204F5C6602C
:10ADD0000AF0C8F905F1F801482204F5CF600AF03D
:10ADE000C1F905F1F801482204F5D8600AF0BAF972
:10ADF00005F1B401442204F5E1600AF0B3F905F16C
:10AE00001001A42204F24C700AF0ACF905F1100113
:10AE1000A42204F5FE600AF0A5F905F11001A422B0
:10AE200004F694000AF09EF904F6381205F5A070B5
:10AE300004F69411039205F5B07204F6581E0191C0
:10AE4000059205F5CE7204F6DC7504460292B4460E
:10AE500006953546DFED4C5A9FED4C6ADC359FED8B
:10AE60004C7ADFED4C6ADFED4C2A9FED4C0A9FEDEA
:10AE70004C3A9FED4C2A9FED4C1ADFED4C1ADFED5A
:10AE80004C0A9FED4C5ADFED4C7ADFED4C3A9FEDCA
:10AE90004C4ADFED4C4A0FCC0494039C0FC4049839
:10AEA0000FC884E80F00059C0FCCAEE80F000FCC54
:10AEB000AEE80F000FCCAEE80F0094E80700029C4C
:10AEC0008EE807000FCC0294019C0FC40194029CF1
:10AED0000FCC0294019C0FC40194029C94E80F00D3
:10AEE000019C84E80F00A6F2C4520CF50563C2ED84
:10AEF000005ADFED355A42ED0A5ADFED345A42ED81
:10AF0000095ADFED335A42ED075ADFED325A42ED6E
:10AF1000065ADFED315A42ED055ADFED305A42ED67
:10AF2000045ADFED2F5A42ED035AAFE010390020EA
:10AF30005C0301205C0E0120A8F30020F410012026
:10AF40002C3900200000000040F80020E63F9EC0A1
:10AF5000BE9FB6C07FD9CFC03E79C2C08A1F144100
:10AF6000AF94C5BFA2B493C05BD3F04076E0B6C047
:10AF7000A2B4B3C0849E0641ABCFD5BD2E9092C083
:10AF8000BF0EAC4046B677C0B07220C0A7E818BF6D
:10AF90007E8CB9BD52491D3E962126411A409EC164
:10AFA000992A384066F70DC1189503C141F1034055
:10AFB000211F74BC6688FB3F030992BF3108ACBCFB
:10AFC0008FE4C8C0DCD79D407CE19BC108AC5CC06D
:10AFD0006B1ABCC1C3D37FC0E3362ABFAB3E11C1DD
:10AFE000AF9409C084010120EC5126C1CCEE00C110
:10AFF0007958F03FA4DFBEC00DE0853FE6AE33C117
:10B0000017D9BA40A4DF84C01FF4ECC02E9098C0BA
:10B01000F16306C17424DF3F92CBF7BF6C788AC11D
:10B02000BADA0641A5BDB3C0F2D2853FBDD28CC10C
:10B03000DE93C54030BBB3C00E4F2740C898BB3F1E
:10B0400071AC7F40539629C05BB13FBC6076A7BF0F
:10B050000D7105C1FDF61540355EDA3F6210F8BE90
:10B060004BC827BF61C353BD2BF646C100005440F7
:10B07000ED0D4E401973B7BE355E0BC1E2E9ED3FF1
:10B08000A7E8183FB98DA63E4CA64EC05FED2A5AE0
:10B0900042ED015AA6F5B6625FED2C5A02F10C00A2
:10B0A000C2ED005A5FED2E5A80ED028AC2ED015AC0
:10B0B0005FED305A80ED058AC2ED065A5FED325AD7
:10B0C00002ED108AC2ED075A5FED345A02ED0D8A87
:10B0D000C2ED095A5FED1D5A02ED078A42ED035A8F
:10B0E0005FED365A02ED048AC0ED005A5FED2D5A2D
:10B0F00002ED028AC0ED015A5FED3F5A02ED018A6E
:10B10000C0ED075A5FED415A82ED028A02F589626D
:10B11000C0ED0C5A5FED445A2032C0ED0F5A5FED7E
:10B12000455AC0ED125A5FED465AC0ED185A5FED10
:10B13000475AC0ED195A5FED485AC0ED1A5A5FEDF3
:10B14000495AC0ED1B5A5FED4A5AC0ED1C5A5FEDDB
:10B150004B5AC0ED1E5A5FED4C5AC0ED1F5A5FEDC1
:10B160004D5AC0ED215A88305FED4F5A00ED1A8AD2
:10B17000C0ED005A5FED515AC0ED045A5FED525ACE
:10B18000C0ED055A5FED495A40ED195A5FED555A29
:10B1900000ED188A40ED125A40ED0F5A5FED4F5AFC
:10B1A00000ED178A00ED158A00ED148A00ED118A72
:10B1B00000ED0E8A40ED0D5A00ED0C8A00ED0B8A71
:10B1C0001438C0ED075A5FED625A80ED008AC0ED79
:10B1D0000B5A5FED5C5A80ED038AC0ED0D5AC0ED4D
:10B1E000105AC0ED135A80ED068A80ED088A80ED72
:10B1F0000C8A80ED0E8A80ED0F8A80ED118A80ED39
:10B20000128A80ED148A80ED158A5830C0ED005AFC
:10B2100080ED018A80ED028AC0ED035A80ED048A38
:10B2200080ED058AC0ED065A80ED078A80ED088A18
:10B23000C0ED095A80ED0A8A80ED0B8AC0ED0C5AE8
:10B2400080ED0D8A80ED0E8AC0ED0F5A403080ED02
:10B25000008A80ED018AC0ED025A80ED038A80EDFC
:10B26000048AC0ED055A80ED068A80ED078AC0ED9C
:10B27000085A80ED098A80ED0A8AC0ED0B5A80EDEC
:10B280000C8A80ED0D8AC0ED0E5A80ED0F8A403099
:10B2900080ED008AC0ED015A80ED028A80ED038ABC
:10B2A000C0ED045A80ED058A80ED068AC0ED075A8C
:10B2B00080ED088A80ED098AC0ED0A5A80ED0B8A7C
:10B2C00080ED0C8AC0ED0D5A80ED0E8A80ED0F8A5C
:10B2D0004030C0ED005AC0ED035AC0ED065A5FED94
:10B2E000A75A80ED018AC0ED155A5FEDA95A80ED8D
:10B2F000028AC0ED165A5FEDAB5A80ED048AC0EDAC
:10B300001A5A5FEDAD5A80ED058AC0ED1B5A5FED0C
:10B31000AF5A80ED078AC0ED1C5A5FEDB15AC0EDFF
:10B320001E5A5FEDB25AC0ED1F5A5FEDB35AC0ED21
:10B33000255A20305FEDB55A80ED008AC0ED015AE4
:10B34000C0ED045AC0ED075A80ED028A80ED038AF1
:10B3500080ED058A5FEDBC5A80ED068A80ED088A93
:10B3600080ED0A6A80ED0B8A80ED0C8A80ED0F8AF1
:10B3700080ED106A80ED118A80ED158A6030C0ED95
:10B38000105A5FEDC65A00F1580480ED008AC0EDF6
:10B39000115A5FEDC95A04ED0D8AC0ED135A5FEDE5
:10B3A000CB5A04ED0C6AC0ED145A5FEDCD5A04ED92
:10B3B0000B8AC4ED005A5FEDCF5A04ED0A8AC4ED42
:10B3C000015A5FEDD15A04ED096AC4ED035A5FEDED
:10B3D000D35A04ED088AC4ED045A5FEDD55A80EDC6
:10B3E000016AC4ED095A80ED028A80ED038A80ED7E
:10B3F000046A80ED068A80ED076A00ED0F8A80ED11
:10B40000088A04ED078A84ED028A84ED058A04ED3A
:10B41000048A04ED018A183484ED006A84ED018AFF
:10B4200084ED028A84ED048A84ED058A84ED066A3F
:10B4300084ED078A84ED088A84ED096A84ED0A8A1E
:10B4400084ED0B8A84ED0C6A84ED0D8A84ED0E8AFE
:10B4500084ED0F6A84ED108A443484ED008A84ED13
:10B46000016A84ED028A84ED038A84ED046A84ED26
:10B47000058A84ED068A84ED076A84ED088A84EDE6
:10B48000098A84ED0A6A84ED0B8A84ED0C8A84EDC6
:10B490000D6A84ED0E8A84ED0F8A403484ED006AD3
:10B4A00084ED018A84ED028A84ED036A84ED048AC6
:10B4B00084ED058A84ED066A84ED078A84ED088AA6
:10B4C00084ED096A84ED0A8A84ED0B8A84ED0C6AA6
:10B4D00084ED0D8A84ED0E8A84ED0F6A403484ED8C
:10B4E000008A84ED018A84ED026A84ED038A84ED8A
:10B4F000048A84ED056A84ED068A84ED078A84ED6A
:10B50000086A84ED098A84ED0A8A84ED0B6A84ED69
:10B510000C8A84ED0D8A84ED0E6A84ED0F8A403426
:10B5200084ED016A84ED046A84ED076A84ED0A6A99
:10B5300084ED0D6A9FEDFD6A84ED008A84ED136A47
:10B5400084ED028A84ED038A84ED058A84ED068AFF
:10B5500084ED088A84ED098A84ED0B8A84ED0C8AD7
:10B5600084ED0E8A50349FEDF26A04ED047A84ED86
:10B57000006A9FEDF06A04ED038A84ED116A9FED85
:10B58000EE6A04ED028A84ED126A9FEDEC6A84EDA6
:10B59000018A84ED146A9FEDEA6A84ED027A84EDF3
:10B5A000156A9FEDE86A84ED038A84ED048A84EDD0
:10B5B000057A84ED068A84ED078A02ED056A9FED1F
:10B5C000E26A02ED088A84ED087A243482ED006A8A
:10B5D0009FEDDE6A02ED078A82ED016A02ED067ACE
:10B5E00002ED048A02ED037A02ED028A02ED018A7D
:10B5F00082ED028A82ED037A82ED048A82ED058A69
:10B6000082ED067A82ED078A84ED008A84ED018A54
:10B6100084ED027A84ED038A84ED048A84ED057A50
:10B6200084ED068A84ED078A84ED0A8A84ED0D8A0A
:10B6300084ED0E7A84ED0F8A84ED108A84ED117A00
:10B6400004ED0E8A82ED088A82ED097A283282EDB5
:10B65000008A82ED018A82ED027A82ED038A82ED10
:10B66000048A82ED057A82ED068A82ED078A82EDF0
:10B67000087A82ED098A82ED0A8A82ED0B7A82EDE0
:10B680000C8A82ED0D8A82ED0E7A82ED0F8A4032AD
:10B6900082ED008A82ED017A82ED028A82ED038AD0
:10B6A00082ED047A82ED058A82ED068A82ED077AC0
:10B6B00082ED088A82ED098A82ED0A7A82ED0B8A90
:10B6C00082ED0C8A82ED0D7A82ED0E8A82ED0F8A70
:10B6D00040329FED9F6A82ED007A82ED018A82ED11
:10B6E000028A82ED037A82ED048A82ED058A82ED78
:10B6F000067A82ED078A82ED088A82ED097A82ED68
:10B700000A8A82ED0B8A82ED0C7A82ED0D8A82ED37
:10B710000E8A82ED0F7A403282ED008A82ED206A35
:10B7200082ED018A82ED027A82ED038A82ED048A3B
:10B7300082ED057A82ED068A82ED078A82ED087A2B
:10B7400082ED098A82ED0A8A82ED0B7A82ED0C8AFB
:10B7500082ED0D8A82ED0E7A3C3282ED008A82ED16
:10B76000027A82ED057A82ED087A9FED7A7A9FED72
:10B770007A6A84ED757A04F6F40486ED187A9FED02
:10B78000777A1C3486ED0E6A86ED1C7A9FED747A0A
:10B790009FED746A86ED1D7A9FED737A069986EDAA
:10B7A0001E7A9FED727A86ED0F6A86ED227A9FED02
:10B7B000707A9FED706A86ED237A9FED6F7A82ED45
:10B7C000018A86ED247A9FED6D7A82ED038A86EDFB
:10B7D000297A9FED6B7A82ED048A82ED068A82EDEA
:10B7E000078AC2ED0B6A82ED0C8A82ED0D8AC2EDEA
:10B7F0000E6A82ED0F8A82ED108A86ED008A82ED54
:10B800000A8A0CF6540281ED008A00F6EC1186EDEE
:10B810000C8A184686ED176A4031C6ED0B6A86ED34
:10B820000D8A86ED2A7A9FED577A86ED108A86ED8D
:10B830002F7A9FED557AC6ED116A86ED307A9FED2D
:10B84000537A86ED128A86ED138AC6ED146A86ED68
:10B85000158A86ED168A86ED198AC6ED1A6A86ED76
:10B860001B8A86ED1F8AC6ED206A86ED218A86ED49
:10B87000258AC6ED266A86ED278A86ED288A85ED1B
:10B88000008A86ED2B8AC6ED2C6A86ED2D8A86ED20
:10B890002E8A86ED318AC6ED326A86ED338A86EDD0
:10B8A000348AC6ED356A86ED368A06F2DC46C5ED89
:10B8B000016A85ED028A1C3685ED038AC5ED046AAE
:10B8C00085ED058A85ED068AC5ED076A85ED088A4E
:10B8D00085ED098AC5ED0A6A85ED0B8A85ED0C8A2E
:10B8E000C5ED0D6A85ED0E8A85ED0F8AC5ED106AEE
:10B8F00085ED118A85ED128AC5ED136A85ED148AEE
:10B9000085ED158AC5ED166A85ED178A85ED188ACD
:10B91000C5ED196A85ED1A8A85ED1B8AC5ED1C6A8D
:10B9200085ED1D8A85ED1E8AFEE000BFDE711FC118
:10B93000C7BA0440DF4F45C067D5673FCAC37EC062
:10B940006688633FF7E4213F4CA65EC1A1F88D40B5
:10B9500071AC05C123DB19404E6207C1FDF6953E6F
:10B9600092CBA3C09C336E408D28853F9C334EC044
:10B97000FFB28BC005A3CEC08B6C97407E1D984054
:10B98000D578C1BFF2B0983F917E7B3EA392BABDFD
:10B990008126C23CAAF152BDC520B0BDB8AF833DDF
:10B9A0006132D5BD73D712BE9EEF273D925CFEBDBE
:10B9B000371A403DFAED6B3A6154D2BDFCA9713D96
:10B9C0004E6290BD8A8EE4BD9318843D787A25BC82
:10B9D0006EA301BEAC8BDB3C9FAB2D3DB3EAF3BD48
:10B9E0008C4AEABD99BB163D70CE88BCA913503D68
:10B9F00004560EBE17B751BB07F096BDBBB88DBC41
:10BA00004CA68A3D52491D3C77BE9F3DFF21FDBC9F
:10BA1000871659BDA8574ABDBC0592BDA4DFBEBC60
:10BA200082E247BCD4DA5E42FD07B2C168916D3C48
:10BA30005828F5C1E4546542FD87743D0378B9C1C7
:10BA40001E96F6C176CF4442EBE2B6BDD50941C1A0
:10BA5000515ADFC19C843B424FAF943D21B05DC140
:10BA6000788BDEC1C62D30424260653C6D56ABC05E
:10BA70008CCACAC1D7231B420091F4C03934CCC14F
:10BA8000446902C19EEFE1C07958C8BF789C22C0CA
:10BA9000E6AECDBF888576C0840DE1C0CE19A14049
:10BAA000EFC9A3BEF931DAC0F8C25441FD8794BF93
:10BAB0006F813FC17CF27A41A245563FE8D945C12A
:10BAC000539693416B9AB5C0219F98C177ADDE41E3
:10BAD00053054BC07C6198C1C65CD3414CA60DC1D7
:10BAE000B89EB6C1DDB50042EB730AC10601B3C111
:10BAF0005F980CC0705FA3C001DE0842211F143F95
:10BB0000E6AE55C0575B75C03277B8C1704E234260
:10BB10001E27BBC1BC9678C05D6D753FDC68B6C0A2
:10BB2000BE309FC09CC490BFC5ED1F6A85ED208AC2
:10BB300085ED218AC5ED226A85ED238A85ED467A59
:10BB40001FED6D7A1FED6D6A85ED497A1FED6E7AF6
:10BB500085ED248A85ED4C7A1FED707AC5ED256A56
:10BB600085ED4F7A1FED727A85ED268A85ED527A42
:10BB70001FED747A85ED278AC5ED286A85ED298A3F
:10BB800085ED2A8AC5ED2B6A85ED2C8A85ED2D8AF7
:10BB9000C5ED2E6A85ED2F8A85ED308AC5ED316AB7
:10BBA00085ED328A85ED338AC5ED346A85ED358AB7
:10BBB00085ED557A85ED368AC5ED376A85ED388A8B
:10BBC00085ED398AC5ED3A6A85ED3B8A85ED3C8A7B
:10BBD000C5ED3D6A85ED3E8A85ED4B6A1FED8E6AA7
:10BBE000C5ED406A85ED586A1FED906AC5ED436A60
:10BBF00085ED5B6A1FED926A5FED926A85ED5E6A84
:10BC00001FED936AC5ED4A6A85ED616A1FED956A7D
:10BC10005FED956A85ED646A1FED966AC5ED516A20
:10BC200085ED676A1FED986A1FED987A85ED6A6A5F
:10BC30001FED996A5FED995A85ED6D6A1FED9A6A5D
:10BC40005FED9A6A85ED706A1FED9B6A85ED477A14
:10BC500085ED736A1FED9D6AC5ED505AC5ED546AB6
:10BC600085ED766A1FEDA07A1FEDA06A5FEDA05A00
:10BC70005FEDA06A85ED3F8A85ED418A85ED428AB8
:10BC800085ED448A85ED458A85ED488A85ED4D8AA6
:10BC900085ED4E8A85ED537A85ED568A85ED576A96
:10BCA00085ED598AC5ED5A5AC5ED5C6A5FEDAE6AFD
:10BCB0001FEDAE6AC5ED606A5FEDAF5A5FEDAF6A2A
:10BCC00085ED626AC5ED635AC5ED656A1FEDB26A1E
:10BCD0005FEDB26A5FEDB25AC5ED686A85ED696ADB
:10BCE000C5ED6C5A5FEDB56A1FEDB56A5FEDB55AEB
:10BCF000C5ED6E6A85ED726AC5ED745A5FEDB86A7E
:10BD00001FEDB86A5FEDB85AC5ED716A85ED786AC6
:10BD1000C5ED795A5FEDBB6A1FEDBB6A5FEDBB5A9B
:10BD2000C5ED776A85ED7A6AC5ED7B5A1FEDBE7A5F
:10BD30005FEDBE6A1FEDBE6A5FEDBE5A85ED5D7AAE
:10BD4000C5ED7C6A85ED7D6AC5ED7E5A1FEDC27A30
:10BD50005FEDC26A1FEDC26A5FEDC25A85ED667A79
:10BD6000C5ED7F6A85ED806AC5ED815A1FEDC67A03
:10BD70005FEDC66A1FEDC66A5FEDC65A85ED6F7A44
:10BD8000C5ED826A85ED836AC5ED845A1FEDCA7AD6
:10BD90005FEDCA6A1FEDCA6A5FEDCA5A85ED5F8A18
:10BDA00085ED6B8A85ED757AC5ED856A85ED866AC8
:10BDB0005FEDCF6AC5ED875A1FEDD06A5FEDD05AAF
:10BDC000C5ED886A85ED896AC5ED8A5A5FEDD36A4B
:10BDD0001FEDD36A5FEDD35AC5ED8B6A85ED8D6A91
:10BDE000C5ED8E5A5FEDD66A1FEDD66A5FEDD65A65
:10BDF000C5ED906A85ED916AC5ED925A5FEDD96AFD
:10BE00001FEDD96A5FEDD95AC5ED936A85ED946A45
:10BE1000C5ED955A5FEDDC6A1FEDDC6A5FEDDC5A1B
:10BE2000C5ED966A85ED976AC5ED985A5FEDDF6AB4
:10BE30001FEDDF6A5FEDDF5AC5ED996A85ED9A6AFD
:10BE4000C5ED9B5A5FEDE26A1FEDE26A5FEDE25AD3
:10BE5000C5ED9C6A85ED9D6AC5ED9E5A5FEDE56A6C
:10BE60001FEDE56A5FEDE55AC5ED9F6A85EDA06AB5
:10BE7000C5EDA15A5FEDE86A1FEDE86A5FEDE85A8B
:10BE8000C5EDA26A85EDA36AC5EDA45A5FEDEB6A24
:10BE90001FEDEB6A5FEDEB5A1FEDEB7A85ED8C8AB7
:10BEA00085ED8F8AC5EDA56A85EDA66AC5EDA75A11
:10BEB00085EDAC7A1FEDF17A5FEDF16A85EDBF7A21
:10BEC0001FEDF27A1FEDF26A85EDC47A1FEDF37A69
:10BED000C5EDA86A85EDA96A85EDC67A5FEDF65ACB
:10BEE0005FEDF66A1FEDF66A1FEDF67AC5EDAA5A08
:10BEF000C5EDAB6A5FEDF85A5FEDF86A85EDAD6AA6
:10BF000085EDC77A1FEDFA6A1FEDFA7AC5EDAE2A04
:10BF1000C5EDAFFA85EDB0FAC5EDB12AC5EDB2EACF
:10BF200085EDB3EAC5EDB4DA85EDB5DAC5EDB6CA8F
:10BF300085EDB7CAC5EDB8BA85EDB9BAC5EDBAAAEF
:10BF400085EDBBAAC5EDBC9A85EDBD9AC5EDBE8A4F
:10BF5000C5EDC06A85EDC16A85EDC28AC5EDC35ADB
:10BF600085EDC58A85EDC87A9FEDFD7A85EDC97AA4
:10BF70009FEDFC7A85EDCA7A9FEDFB7A85EDCB7A51
:10BF80009FEDFA7A85EDCC7A9FEDF97A85EDCD7A41
:10BF90009FEDF87A85EDCE7A9FEDF77A85EDCF7A31
:10BFA0009FEDF67A85EDD07A9FEDF57A85EDD17A21
:10BFB0009FEDF47A85EDD27A9FEDF37A85EDD37A11
:10BFC0009FEDF27A85EDD47A9FEDF17A85EDD57A01
:10BFD0009FEDF07A85EDD67A9FEDEF7A85EDD77AF1
:10BFE0009FEDEE7A85EDD87A05F58C659FEDEC7ABC
:10BFF00005ED3F7A9FEDEB7A05ED3E7A9FEDEA7A0B
:10C0000005ED347A9FEDE97A05ED337A9FEDE87A14
:10C0100005ED327A9FEDE77A05ED317A9FEDE67A0C
:10C0200005ED307A9FEDE57A05ED2F7A9FEDE47A04
:10C0300005ED2E7A9FEDE37A05ED2D7A9FEDE27AFC
:10C0400005ED2C7A9FEDE17A05ED2B7A9FEDE07AF4
:10C0500005ED2A7A9FEDDF7A05ED297A9FEDDE7AEC
:10C0600005ED287A9FEDDD7A05ED277A9FEDDC7AE4
:10C0700005ED267A9FEDDB7A05ED368A05ED257A0A
:10C080009FEDD97A05ED208A05ED247A9FEDD77AC8
:10C0900005ED1D8A05ED237A9FEDD57A05ED227A0F
:10C0A0009FEDD47A05ED217A9FEDD37A05ED1F7AC5
:10C0B0009FEDD27A05ED1E7A9FEDD17A05ED3D7A9E
:10C0C0009FEDD07A05ED3C7A9FEDCF7A05ED3B7A76
:10C0D0009FEDCE7A05ED3A7A9FEDCD7A05ED397A6E
:10C0E0009FEDCC7A05ED387A9FEDCB7A05ED377A66
:10C0F0009FEDCA7A05ED357A9FEDC97A06ED077A8C
:10C100009FEDC87A06ED067A9FEDC77A06ED057AAF
:10C110009FEDC67A06ED047A9FEDC57A06ED037AA7
:10C120009FEDC47A06ED027A9FEDC37A06ED017A9F
:10C130009FEDC27A86ED007A9FEDC17A86ED017A95
:10C140009FEDC07A86ED027A9FEDBF7A86ED037A85
:10C150009FEDBE7A86ED047A9FEDBD7A86ED057A75
:10C160009FEDBC7A86ED067A9FEDBB7A86ED077A65
:10C170009FEDBA7A86ED087A9FEDB97A86ED097A55
:10C180009FEDB87A86ED0A7A9FEDB77A86ED0B7A45
:10C190009FEDB67A86ED0C7A9FEDB57A86ED0D7A35
:10C1A0009FEDB47A86ED0E7A9FEDB37A86ED0F7A25
:10C1B00040369FEDB27A86ED05FA86ED007A9FED66
:10C1C000B07AC6ED062A86ED027A9FEDAE7AC6ED0C
:10C1D00007EA05ED1C7A9FEDAC7A86ED08EA05EDDD
:10C1E0001B7A9FEDAA7AC6ED09DA05ED1A7A9FED62
:10C1F000A87A86ED0ADA05ED197A9FEDA67AC6EDE2
:10C200000BCA86ED0CCAC6ED0DBA86ED0EBAC6EDA8
:10C210000FAA86ED10AAC6ED119A86ED129A4C3639
:10C2200085ED007A9FED9C7AC6ED008AC5ED03FA94
:10C23000C5ED022A05F5A36586ED017AC6ED026A11
:10C24000DFED986A86ED036AC6ED066ADFED966A51
:10C2500086ED048AC6ED086ADFED946AC6ED055ADC
:10C26000C6ED096ADFED936A86ED078AC6ED0A6AB4
:10C27000DFED3B6AC6ED0B6ADFED3A6AC6ED0C6A8C
:10C28000DFED396AC6ED0D6ADFED386AC6ED0E6A7C
:10C29000DFED376AC6ED0F6A4036DFED366AC6ED70
:10C2A000006ADFED356AC6ED016ADFED346AC6ED7E
:10C2B000026ADFED336AC6ED036ADFED326AC6ED6E
:10C2C000046ADFED316AC6ED056ADFED306AC6ED5E
:10C2D000066ADFED2F6AC6ED076ADFED2E6AC6ED4E
:10C2E000086ADFED2D6AC6ED096ADFED2C6AC6ED3E
:10C2F0000A6ADFED2B6AC6ED0B6ADFED2A6AC6ED2E
:10C300000C6ADFED3F6AC6ED0D6ADFED3E6AC6EDF1
:10C310000E6ADFED3D6AC6ED0F6A4036DFED3B6A1F
:10C32000C6ED006ADFED3A6AC6ED016ADFED396AF3
:10C33000C6ED026A01ED0B6A9FED5A6ADFED366ABF
:10C3400001ED086A9FED586AC6ED036A01ED066AC1
:10C350009FED566ADFED316A01ED056A30E100BFFD
:10C36000728A02405396993F228E85BFEE7C87BF2A
:10C37000BC0546C0C217F6BF48BF654029CBD03FB9
:10C3800009F9B8BFAF25743F95D483C0319976C001
:10C390003F351B41539631BFC66D48C0DAAC3E40B5
:10C3A0006A4D93C065AAA0C0D4DA5E42FD07B2C14F
:10C3B0005828F5C1E45465420378B9C11E96F6C108
:10C3C00076CF4442D50941C1515ADFC19C843B42DA
:10C3D00021B05DC1788BDEC1C62D30426D56ABC039
:10C3E0008CCACAC1D7231B420091F4C03934CCC1D6
:10C3F000446902C19EEFE1C07958C8BF789C22C051
:10C400007F6ACA402B1885BFB76273C0B29D89404E
:10C41000E9484EC07DD099C0BB27EF408D2883C02E
:10C42000EFC9A3BEF931DAC0F8C25441FD8794BF09
:10C430006F813FC17CF27A41A245563FE8D945C1A0
:10C44000539693416B9AB5C0219F98C177ADDE4159
:10C4500053054BC07C6198C1C65CD3414CA60DC14D
:10C46000B89EB6C1DDB50042EB730AC10601B3C187
:10C4700001DE0842E6AE55C03277B8C1704E2342A5
:10C480001E27BBC1E6AECDBF888576C0840DE1C056
:10C49000CE19A1405F980CC0705FA3C0DC68B6C025
:10C4A000BE309FC0211F143F575B75C0BC9678C03B
:10C4B0007DD099C09CC490BFBB27EF40728A0240D8
:10C4C0005396993FB29D8940228E85BFEE7C87BFEF
:10C4D0008D2883C0BC0546C0C217F6BFE9484EC0D0
:10C4E00048BF654029CBD03F09F9B8BFAF25743F9D
:10C4F00095D483C0319976C03F351B41539631BFE7
:10C50000C66D48C0928B5742DAAC3E406A4D93C02C
:10C5100065AAA0C07F6ACA402B1885BFA1164A42EF
:10C52000B76273C0BDE3CCC180772C4238F82FC10D
:10C53000E414C8C1025A1F42EB62104205A3B6C000
:10C54000784B32428AB034C148E1BCC16154DEC18B
:10C550009CA24BC03F5727C08C4A3AC110FAA7C1D2
:10C56000A9938541D0B3E7C1857CDEC0C2171640D0
:10C570001FF4C0C14614E641A5BD3AC1FF2102C166
:10C58000933A5E41F5CAA3C1A7799141F47D014276
:10C590000E4FAF3CF08509C02B18DDBF76711B40F4
:10C5A000A779473D31998DC1AE58C241B22EA6C17F
:10C5B000F1F4CEC0BADA02C0FF2135C0C97680409E
:10C5C0001FED446A86ED048A01ED046A1FED456A99
:10C5D000C6ED056A01ED036A1FED476AC6ED07FA6D
:10C5E00001ED026A86ED08FAC6ED092AC6ED0AEAEF
:10C5F00086ED0BEAC6ED0CDA86ED0DDAC6ED0ECA55
:10C6000086ED0FCAC6ED10BA44365FED5C6A1FEDC9
:10C61000526A41ED109A01ED0F9A41ED0E8A01ED3B
:10C620000D7A41ED0C6A01ED0A8A41ED095A01EDDE
:10C63000078A86ED00BAC6ED01AA86ED02AA46ED8C
:10C640000B2A01ED016A1FED5F6A81ED006A1FEDA3
:10C650005F6A81ED016A1FED606A81ED026A1FED7C
:10C66000606A81ED036A1FED616A81ED046A1FED66
:10C67000626A81ED056A1FED636A81ED066A1FED4E
:10C68000646A81ED076A1FED656A81ED086A1FED36
:10C69000666A81ED096A1FED676A81ED0A6A1FED1E
:10C6A000686A81ED0B6A1FED686A81ED0C6A1FED07
:10C6B000696A81ED0D6A1FED6A6A81ED0E6A1FEDF0
:10C6C0006B6A81ED0F6A40311FED6D6AC1ED09FAA9
:10C6D00081ED006A1FED6E6A81ED0AFA81ED016A53
:10C6E000C1ED0CEA81ED0DEAC1ED0EDA81ED0FDA54
:10C6F000C1ED10CA81ED11CAC1ED12BA81ED13BAB4
:10C70000C1ED14AA81ED15AAC1ED169A81ED179A13
:10C7100060311FED9D6AC1ED008A81ED036A1FED56
:10C720009F6A04ED078A81ED066A1FEDA16A04ED98
:10C73000048A81ED086A1FEDA36A5FEDA38A81ED8B
:10C74000096A1FEDA46A1FEDA49A04ED016A1FEDAA
:10C75000A56A81ED017A84ED006A1FEDA76A1FEDDD
:10C76000A77A84ED016A1FEDA86AC1ED026A84ED23
:10C77000026A1FEDAA6A5FEDAA6A84ED036A1FEDE3
:10C78000AB6AC1ED055A84ED046A1FEDAD6A5FED39
:10C79000AD5A84ED056A1FEDAE6A01ED167A84ED9F
:10C7A000066A1FEDB06A41ED155A84ED076A1FED68
:10C7B000B26A41ED148A84ED086A1FEDB46A01ED96
:10C7C000139A84ED096A1FEDB66A01ED128A84EDB1
:10C7D0000A6A1FEDB86A41ED116A84ED0B6A1FED1C
:10C7E000BA6A41ED0D2A84ED0C6A1FEDBC6A41ED79
:10C7F000102A0CF6580184ED0D6A1FEDBF6A5FED3B
:10C80000BF2A84ED0E6A1FEDC06A5FEDA9BA84ED00
:10C810000F6A40341FEDC36AC4ED078A84ED006AD5
:10C820001FEDC56A84ED089A84ED016A1FEDC76AA1
:10C83000C4ED0E2A84ED026A1FEDC96A5FEDC98A54
:10C8400084ED036A1FEDCA6A1FEDBA9A84ED046A8B
:10C85000B0EE626A1FEDBACA5FEDC02A86ED669A35
:10C86000C6ED6EBA86ED6FCA1FEDD29A5FEDD29A11
:10C870001FEDD2AA5FEDD2AA1FEDD2BA5FEDD2BAF8
:10C880001FEDD2CAC4ED0F2AC4ED0B8A5FEDD42A86
:10C890005FEDD48AC6ED672AC6ED688A86ED699A8F
:10C8A000C6ED6A9A86ED6BAAC6ED6CAA86ED6DBAE6
:10C8B000C6ED70BA86ED71CA06F5E476C4ED065A87
:10C8C0005FEDDFCA5FEDDF5A1FEDDFDA5FEDDFDA24
:10C8D0001FEDDFFAC4ED0D5AC6ED00CA86ED01DA90
:10C8E000C6ED02DA84ED057AC4ED0A6A84ED098AA0
:10C8F00084ED0C0A86ED038A81ED00FA0CF65C01EA
:10C900001FEDEAFA5FEDEAFA83ED19FA1FEDEBFA93
:10C91000C6ED0DFA83ED1AFA1FEDEDFA5FEDEDFAB3
:10C9200083ED22FA1FEDEEFAC6ED0EFA83ED23FA3F
:10C930001FEDF0FA5FEDF0FA83ED0CFA1FEDF1FA5E
:10C94000C6ED0FFA83ED0DFA5FEDF3FA1FEDF3FA82
:10C950001FEE90EA5FEDF4FA83ED0EFA1FEDF5FAA3
:10C960005FEDF56AC1ED00FA0CF5066183ED0FFA93
:10C970005FEDF8FA1FEDF8FAC2ED006A1A46C1ED54
:10C9800000FA0CF6640183ED186A83ED10FA1FEDCE
:10C99000FDEA5FEDFDEA5FEDFDFA1FEDFD6A1FEDBB
:10C9A000FDFA1FEDFD7A5FEDFDCA1FEDFDDA5FEDCB
:10C9B000FDDA42F828EB16EE10EA86ED07EA9FED65
:10C9C000FD6A9FEDFDEAC6ED08EAC1ED00FADFED74
:10C9D000FBEADFEDFBFA83ED11FA9FEDFAFA40F87E
:10C9E00024EF00F5BC61C6ED04CA86ED05DA0C46FD
:10C9F00086ED068A86ED097AC6ED0ADA86ED0BEA3F
:10CA0000C6ED0CEA1E46C2ED00FA0CF6680283ED94
:10CA10000B6A83ED12FAC3ED1B2A9FEDEBFADFEDF3
:10CA2000EB2A83ED13FA12EE90EA9FEDE9FADFEDBF
:10CA3000E92A83ED14FAC2ED002A0CF66C029FED90
:10CA4000E6FA46F854EF03F28C4E82ED00FA0CF54C
:10CA500007629FEDE2FA83ED160A82ED00FA9FED80
:10CA6000E0FAC3ED175A83ED26FA9FEDDEFAC3ED27
:10CA70001C8A83ED27FA9FEDDCFA83ED1D9A83ED86
:10CA800028FA9FEDDAFAC3ED1E9A83ED2DFA9FED99
:10CA9000D8FA83ED1FAA83ED2EFA9FEDD6FAC3EDE7
:10CAA00020AA83ED33FA9FEDD4FA83ED21BA83ED0A
:10CAB00034FA9FEDD2FAC3ED24BA83ED35FA9FED37
:10CAC000D0FA83ED25CA83ED39FA9FEDCEFA0196AF
:10CAD00003F2645683ED3AFA9FEDCBFA83ED3BFA0D
:10CAE0009FEDBDFA83ED3DFA9FEDC8FA83ED3FFA65
:10CAF0009FEDC7FA83ED42FA9FEDC6FA83ED45FA42
:10CB0000C3ED3C2ADFEDB52A9FEDC3FAC3ED3E2A03
:10CB1000DFEDC22A83ED36FAC3ED432ADFEDC02AEA
:10CB20009FEDC0FAC3ED442ADFEDBF2AC3ED549A4E
:10CB3000C3ED462ADFEDBD2ADFEDBD9AC3ED472ADE
:10CB4000DFEDA12A83ED298AC3ED492ADFEDA02A72
:10CB5000C3ED2ACAC3ED4A2ADFED9C2A83ED2BDA06
:10CB6000C2ED432ADFEDB32A83ED2C8AC3ED4E2AB2
:10CB7000DFEDB12A83ED2F7AC3ED4F2ADFEDAF2A27
:10CB8000C3ED30DAC3ED502ADFEDAD2A83ED31EA93
:10CB9000C3ED32EAC3ED376A83ED38FAC3ED40FAEC
:10CBA00083ED416AC3ED4D5AC3ED512AC3ED528A5C
:10CBB00083ED539A83ED55AAC3ED56AA9FED969A3D
:10CBC00083ED57BAC3ED589ADFED9E9A83ED6C9AC8
:10CBD000C3ED5D9A9FED9C9ADFED9C9ADFED7D8A17
:10CBE000C3ED5E9A83ED6F9AC3ED728ADFED989A7A
:10CBF000DFED98AA9FED989ADFED788AC3ED639AEE
:10CC0000C3ED69AA83ED709AC3ED748ADFED939A40
:10CC1000DFED93AA9FED939ADFED938ADFED695ADA
:10CC20009FED92AAC3ED649AC3ED6AAADFED909AD4
:10CC300083ED719AC3ED758ADFED8EAA9FED8E9A12
:10CC4000DFED8E8AC3ED5ABA83ED5BCAC3ED60CACD
:10CC500083ED61DAC3ED66DA83ED67EAC3ED485A26
:10CC600083ED4C0AC3ED599A83ED5CAA83ED5F8A8C
:10CC700083ED628A83ED657AC3ED68EAC3ED6BAA42
:10CC800083ED6EFA83ED739AC3ED76FA83ED776ADE
:10CC9000C3ED788ADFED7A8ADFED602AC3ED7B8A07
:10CCA000DFED788AC3ED792AC3ED898ADFED768AD4
:10CCB000DFED5B2AC3ED8A8ADFED748AC3ED7A2A41
:10CCC000C3ED8B8ADFED728ADFED572AC3ED8D8AC3
:10CCD000DFED708AC3ED7C2AC3ED8E8ADFED6E2A0C
:10CCE000DFED6E8AC3ED7D2AC3ED908ADFED6C2AFD
:10CCF000DFED6C8AC3ED802AC3ED918ADFED6A2AED
:10CD0000DFED6A8AC3ED842AC3ED938ADFED682ADA
:10CD1000DFED688AC3ED852AC3ED948ADFED662ACC
:10CD2000DFED668AC3ED862AC3ED968ADFED642ABD
:10CD3000DFED648AC3ED872AC3ED978A9FED626AAF
:10CD4000DFED622ADFED628A83ED7F6AC3ED882A18
:10CD50009FED606ADFED602AC3ED998ADFED5F8A9F
:10CD6000C3ED7E5AC3ED6D6A85ED006A0D4683ED15
:10CD7000820AC3ED832AC3ED8F9A83ED92AAC3ED95
:10CD80009A8ADFED578ADFED579AC3ED9C8ADFED73
:10CD9000568AC3EDAA9AC3ED9D8ADFED548ADFED72
:10CDA000549AC3ED9F8ADFED538AC3EDAB9AC3ED6E
:10CDB000A08A75E16C89A2C103786BBF3480C9C0B9
:10CDC000B5A6D1C0F55B14422A3A76C0A1164A42F4
:10CDD000EE5AB1C142E0B741992A5CC086DA8BC1F4
:10CDE00048E1BCC19CA24BC03F5727C076711B4095
:10CDF000A779473DA9938541C2171640A5BD3AC101
:10CE0000A7799141F08509C031998DC1AE58C241D1
:10CE10004614E641F47D0142933A5E41FF2102C18E
:10CE2000F5CAA3C18C4A3AC12B18DDBFB22EA6C1E8
:10CE30009FABA9C0B1905042EE7C9FC1DC46DEC1E1
:10CE4000784B3242849EA9C0D6C58F41A85792C064
:10CE500052B89E3EFB3A5D41136167C05474F4BF03
:10CE60008BFDC53E743589C1DE71C7414BC8B7C162
:10CE7000A178B8C1F31F30C1B7D134C0841EE841D6
:10CE800019440042BEC1B1C11AC02042006F5EC148
:10CE9000973F1E42C7BA7CC0083DA5C19FAB044264
:10CEA000F2C1AAC1B4C809C165D94442E6AE26C1DF
:10CEB00052B8B6C13D0A14C160E5CCC11CEB864036
:10CEC000579B25421AC027405F980CC0DB8A11C1CE
:10CED00038F872C0B12126428A9FB6C1D8F0B4C0DA
:10CEE000AF25214198EE81C143ADB94005341C41C5
:10CEF0004703B0410BB546C066662DC18C4A17C1C9
:10CF0000BBA7A141AD7AA3C1006FFD40C0ECE941D0
:10CF1000B00311C1C06C8FC15A647741FBDCF24190
:10CF2000ACADF0C09C3394C03B7092C179E9AAC10A
:10CF3000652AAE4185EB05C0A9A410424BD9CFC1EB
:10CF4000228E85C039B4B3C16B1AA5C17279C2C132
:10CF50008A1F1442A4707540F697C5C0C5201440BE
:10CF60000BB593C1575B75C15BD3F0418D9778C109
:10CF7000A4DFB6C16DC590C0B89E0642448B024185
:10CF800058A8D5BE81959940C58F92C1EE7C87C0C7
:10CF9000BF0EAC41530546C146B677C1F016F6C088
:10CFA000D95FA3C1B1BF6541A768B6C1FBCBD04073
:10CFB00027319FC166F7B8C0591785C0206373C178
:10CFC000522774407E9D8941E9484EC1C3D383C135
:10CFD000B1D099C18727EF419A9976C18D2883C135
:10CFE00073D79ABF1B9E6E417D3FF1C04703F8BEC9
:10CFF000AF9431C085EB813FBC052AC12F6E48C17B
:10D000006A4D8BBF1EA7C6C071AC3E41810419C0DA
:10D010008A1FD33F6A4D93C1BA6B11C17CF2BCC069
:10D0200030AAA0C159172F409EEFE9C0B36ACA4188
:10D030007DAEDE3F5396A540787A25BC0DE031C128
:10D04000AAF152BD0B4615BFAC8BDB3CDA1BC640C8
:10D050000DE034C158A81DC13F571FC0EC5140C05E
:10D0600016FB11C1A089F8C0AF25643D5B4286BFA5
:10D07000CE88EABF386792C08E75A7C088F4FB3FA0
:10D080008FC295BF4B59C6BF24970340EFC900C15B
:10D0900038F8A0C009F9703F925CA63FE2E9B5BE3E
:10D0A0005FED6B8A5FED6B9AC3EDA18A5FED6C8AD1
:10D0B000C3EDAC9AC3EDA28A5FED6E9A5FED6E8A06
:10D0C000C3EDAD9AC3EDA38A5FED709A5FED708AF0
:10D0D000C3EDAE9AC3EDA48A5FED729A5FED728ADA
:10D0E000C3EDB09AC3EDA58A5FED749A5FED748AC3
:10D0F000C3EDB19AC3EDA68A5FED769A5FED768AAD
:10D10000C3EDB29AC3EDA78A5FED789A5FED788A96
:10D11000C3EDB39AC3EDA88AC3EDB92A5FED7B8A4C
:10D120005FED7B9A5FED7B2A1FED7B9AC3EDA98AA9
:10D13000C3EDB49A5FED7D8AC3EDBB2A5FED7E9AA5
:10D140005FED7E2A83ED9B7AC3ED8C8A83ED958A11
:10D1500083ED988A83ED9E9AC3EDB69A83EDB80A63
:10D16000C3EDBC2A5FED862A1FED860AC3EDBD2AFA
:10D170005FED872A83EDCC0AC3EDBE2A1FED890A35
:10D180005FED892A83EDCD0AC3EDBF2A1FED8B0A1F
:10D190005FED8B2A83EDCF0AC3EDC02A1FED8D0A08
:10D1A0005FED8D2A83EDD00AC3EDC12A1FED8F0AF2
:10D1B0005FED8F2A83EDD10AC3EDC32A1FED910ADB
:10D1C0005FED912A83EDD20AC3EDC42A1FED930AC5
:10D1D0005FED932A83EDD30AC3EDC52A1FED950AAF
:10D1E0005FED952A83EDD50AC3EDC62A1FED970A98
:10D1F0005FED972A83EDD60AC3EDC72A1FED990A82
:10D200005FED992A83EDD70AC3EDC82A1FED9B0A6B
:10D210005FED9B2A83EDD80AC3EDC92A1FED9D0A55
:10D220005FED9D2A83EDD90AC3EDCA2A1FED9F0A3F
:10D230005FED9F2AC3EDC28AC3EDAF2A83EDB58AA5
:10D2400082EDAF6A83EDBA6A83EDCB8A83EDD49A1F
:10D2500083EDDA0AC3EDE52A5FEDA82A1FEDA80ADF
:10D26000C3EDE62A5FEDA92A83EDDB0AC3EDE72AC9
:10D270005FEDAB2A1FEDAB0AC3EDE82A5FEDAC2AE8
:10D2800083EDDC0AC3EDE92A5FEDAE2A1FEDAE0A9D
:10D29000C3EDEA2A5FEDAF2A83EDDD0AC3EDEC2A88
:10D2A0005FEDB12A1FEDB10AC2EDE52A03F58062F8
:10D2B0005FEDB32A83EDDE0AC3EDEE2A5FEDB52AFA
:10D2C0001FEDB50AC3EDEF2A5FEDB62A83EDDF0A45
:10D2D000C3EDF02A5FEDB82A1FEDB80AC3EDF12ABD
:10D2E0005FEDB92A83EDE00AC3EDF22A5FEDBB2AB8
:10D2F0001FEDBB0AC3EDF32A5FEDBC2A83EDE10A03
:10D30000C3EDF42A5FEDBE2A1FEDBE0AC3EDF52A78
:10D310005FEDBF2A83EDE20AC3EDF62A5FEDC12A75
:10D320001FEDC10AC3EDF72A5FEDC22A83EDE30AC0
:10D33000C3EDF82A5FEDC42A1FEDC40AC3EDF92A34
:10D340005FEDC52A83EDE40A83EDCE8A83EDEB8A97
:10D35000C3EDFA2A5FEDC92A1FEDC97AC3EDFB2A96
:10D360005FEDCA2A1FEDCA6AC3EDFC2A5FEDCB2A26
:10D370005FEDCB5AC3EDFD2A5FEDCC2AC3EDFE2A4B
:10D380005FEDCD2AC3EDFF2A5FEDCE2AC2ED002A64
:10D3900003F204425FEDD02A82ED008A03F5816238
:10D3A000C2ED002A03F20C425FEDD42AC2ED002A3E
:10D3B00003F582625FEDD62A82ED008A03F2144201
:10D3C000C2ED002A03F583625FEDDA2AC2ED002A7E
:10D3D00003F21C425FEDDC2AC2ED002A03F58462F1
:10D3E0005FEDDE2AC2ED002A03F224425FEDE02A5F
:10D3F000C2ED002A03F585625FEDE22A82ED008A24
:10D4000003F22C42C2ED002A03F586625FEDE62AA4
:10D41000C2ED002A03F234425FEDE82AC2ED002A91
:10D4200003F587625FEDEA2ACEED002A5FEDEB2A75
:10D43000C2ED002A03F23C425FEDED2A82ED008A44
:10D4400003F58862C2ED002A03F244425FEDF12A3F
:10D45000C2ED002A03F589625FEDF32AC2ED002ACE
:10D4600003F24C425FEDF52AC2ED002A03F58A6211
:10D470005FEDF72AC2ED002A03F254425FEDF92A6C
:10D4800082ED008A03F58B62C2ED002A03F25C4252
:10D49000DFEDFD2AC2ED002A03F58C62DFEDFB2AE9
:10D4A000C2ED002A03F26442DFEDF92AC2ED002A40
:10D4B00003F58D62DFEDF72AC2ED002A03F26C421C
:10D4C000DFEDF52A82ED008A03F58E62C2ED002AB7
:10D4D00003F27442DFEDF12AC2ED002A03F58F62F8
:10D4E000DFEDEF2AC2ED002A03F27C42DFEDED2AE8
:10D4F000C2ED002A03F59062DFEDEB2AC2ED002AAF
:10D5000003F28442DFEDE92AC2ED002A03F59162BD
:10D51000DFEDE72AC2ED002A03F59262DFEDE52A8E
:10D52000C2ED002A03F29442DFEDE32AC2ED002AA5
:10D5300003F59362DFEDE12A82ED008A03F29C425B
:10D54000C2ED002A03F59462DFEDDD2AC2ED002A68
:10D5500003F2A442DFEDDB2A82ED003A03F5956287
:10D56000C2ED002A03F2AC42DFEDD72AC2ED002A59
:10D5700003F59662DFEDD52A82ED002A03F2B4426C
:10D58000C2ED002A03F59762DFEDD12AC2ED002A31
:10D5900003F2BC42DFEDCF2A82ED003A03F5986238
:10D5A000C2ED002A03F2C442DFEDCB2AC2ED002A0D
:10D5B00003F59962DFEDC92AC2ED002A03F2CC42DD
:10D5C000DFEDC72AC2ED002A03F59A62DFEDC52A16
:10D5D000C2ED002A03F2D44282ED002A03F59B62D9
:10D5E00082ED001A03F2DC4282ED008A03F59C62B0
:10D5F00082ED003A03F2E442C2ED001A03F59D62A7
:10D6000082ED008A03F2EC4282ED002A03F59E626D
:10D6100082ED001A03F2F44286ED008AC2ED000AA0
:10D6200003F59F6282ED003A03F2FC42C2ED001A5C
:10D6300003F5A06282ED008A03F2045282ED002A13
:10D6400003F5A16282ED001A03F20C52C2ED000A4A
:10D6500003F5A26282ED003A03F21452C2ED001A01
:10D6600003F5A36282ED008A03F21C5282ED002AC8
:10D6700003F5A46282ED001A03F22452C2ED000AFF
:10D6800003F5A56282ED003A03F22C52C2ED001AB6
:10D6900003F5A66282ED008A03F2345282ED002A7D
:10D6A00003F5A76282ED001A03F23C52C2ED000AB4
:10D6B00003F5A86282ED003A03F24452C2ED001A6B
:10D6C00003F5A96282ED008A03F24C5282ED002A32
:10D6D00003F5AA6282ED001A03F25452C2ED000A69
:10D6E00003F5AB6282ED003A03F25C529FED7E3AA5
:10D6F000C2ED001A03F5AC6282ED008A03F5AD625B
:10D7000082ED003A03F26C529FED783A82ED003AD6
:10D7100003F5AE629FED763A82ED008A03F2745211
:10D7200082ED003A03F5AF629FED723A81ED0C5A3B
:10D7300082ED003A03F27C529FED6F3A81ED0D8A43
:10D7400082ED003A03F5B0629FED6C3A81ED0B8AF1
:10D7500082ED003A03F284529FED693A82ED003A7D
:10D7600003F5B1629FED673A82ED008A03F28C52B5
:10D7700082ED003A03F5B2629FED633A82ED003A22
:10D7800003F294529FED613A82ED003A03F5B362E1
:10D790009FED5F3A82ED003A03F29C529FED5D3AB5
:10D7A00082ED003A03F5B4629FED5B3A82ED003AF8
:10D7B00003F2A4529FED593A82ED003A03F5B562A7
:10D7C0009FED573A82ED008A03F2AC5282ED003AA7
:10D7D00003F5B6629FED533A82ED003A03F2B4527C
:10D7E0009FED513A82ED008A03F5B76282ED003A6F
:10D7F00003F2BC529FED4D3A82ED003A03F5B86258
:10D800009FED4B3A82ED003A01F522729FED493AC5
:10D8100013EE10CA9FED483A81ED0A3A9FED473A60
:10D8200044F820CF81ED0E3A9FED453A81ED0F3A55
:10D830009FED443A13EE10CA9FED433A45F824CBCE
:10D8400001F12C0C85ED003A03F2C4559FED3F3AEF
:10D8500085ED003A03F5B9659FED3D3A85ED003A57
:10D8600003F2CC559FED3B3A85ED008A03F5BA658E
:10D8700085ED003A03F2D4559FED373A85ED003A35
:10D8800003F5BB65EEE000BF249702C1607657C088
:10D89000CB10B73FF241E7BF3F35C63F295C21C1FE
:10D8A0000F9C033F8BFDE740E2E9D3C0D712324023
:10D8B0002C65A140BDE366C1B37BB2BFBF8EB1C1D1
:10D8C0001B2F8BC08863C1C07A36DBBF4F2F8EC140
:10D8D000711B01C0E02D10BCBA498C3E73D723C127
:10D8E000CA3246C195D491BF17B711C1ECC081BFF0
:10D8F000295C17403480B73DD7A3A4C0BC9609C1AA
:10D90000BC74933B5EBACD40AED82B409790E1C03B
:10D91000F38E26C1CBA1D5BF4D843EC13B7065C1FE
:10D920007DAEA2402D218340EC515EC1F2B046C1D4
:10D93000CBA1A5BEEC2FB33F6744B93F7CF2B0BF8B
:10D94000098ADFBE60764AC16DE76B406C09BF4053
:10D95000EFC995405AF5EBC0325524C102BCDDBF7A
:10D960000BB5D84073D7BC40BDE3743F1FF40EC164
:10D97000539632C14ED145C0D881F9407E1DCE406C
:10D980006EA3A9C0A1F89DC05474E8406B9A87406B
:10D99000AA609CBFBA49E4C07E1D37C1CA5415C0F5
:10D9A000849E9D3FD712B2BEC0EC3EBFECC0693F23
:10D9B000713D8ABD7FFB2A3F07CE993EA91350BE19
:10D9C000AE4701C08B6CB73FCE88523EB7D1A03F67
:10D9D0000BB5A63D9FCD4ABF363C2D3FC217163F23
:10D9E000B7D1A0BE956590BFCC7F883F6F1243BF73
:10D9F000812612BFD5E77A3F10E9073F8F53343EA7
:10DA0000FA7E2A3E41F1E3BDFBCBEE3D6DC5DE3E25
:10DA10005D6D25BF371A18C045D8F03F7DAE06BFF3
:10DA20001D38073F20D2EF3E5BD35CBF6688FBBF4B
:10DA3000F2D2D53FE7FBE93E05C54FBF287E2C3F1C
:10DA4000CEAAF73F3F57E3BFBEC16B40B30C05C042
:10DA500029EDCDBF0309923FC3F508C076E0ACBF06
:10DA6000BE305DC11FED433A85ED003A03F2DC554F
:10DA70001FED453A85ED003A03F5BC651FED473AC9
:10DA800085ED003A03F2E4551FED493A85ED003A81
:10DA900003F5BD651FED4B3A85ED003A03F2EC55F9
:10DAA0001FED4D3A85ED003A03F5BE651FED4F3A87
:10DAB00085ED003A03F2F4551FED513A85ED003A39
:10DAC00003F5BF651FED533A85ED003A03F2FC55AF
:10DAD0001FED553A03F5C06385ED008A042583EDFB
:10DAE000003A00F2E4531FED593A83ED003A00F595
:10DAF000BD631FED5B3A83ED003A00F2EC531FED7E
:10DB00005D3A83ED003A00F5BE631FED5F3A83EDA9
:10DB1000003A00F2F4531FED613A83ED003A00F54C
:10DB2000BF631FED633A00F2FC5083ED003A01F54C
:10DB3000D1631FED663A80ED003A1FED673A81ED43
:10DB4000103A1FED683A81ED113A1FED693A81ED07
:10DB5000123A1FED6A3A81ED133A1FED6B3A81EDEF
:10DB6000143A1FED6C3A81ED153A1FED6D3A81EDD7
:10DB7000163A1FED6E3A81ED173A1FED6F3A81EDBF
:10DB8000183A1FED703A81ED193A1FED713A81EDA7
:10DB90001A3A1FED723A81ED1B3A1FED733A81ED8F
:10DBA0001C3A1FED743A81ED1D3A1FED753A81ED77
:10DBB0001E3A1FED763A81ED358A81ED1F3A1FED51
:10DBC000783A81ED365A81ED203A1FED7A3A81EDAF
:10DBD000378A81ED213A1FED7C3A81ED3B8A81ED58
:10DBE000223A1FED7E3A81ED3C5A81ED233A1FED3A
:10DBF000803A81ED3D8A81ED243A1FED823A81ED34
:10DC00003E8A81ED253A1FED843A81ED263A1FEDDB
:10DC1000853A81ED273A1FED863A81ED283A1FEDCE
:10DC2000873A81ED293A1FED883A81ED2A3A1FEDB6
:10DC3000893A81ED2B3A1FED8A3A81ED2C3A1FED9E
:10DC40008B3A81ED2D3A1FED8C3A81ED2E3A1FED86
:10DC50008D3A81ED2F3A1FED8E3A81ED303A1FED6E
:10DC60008F3A81ED313A1FED903A81ED323A1FED56
:10DC7000913A81ED333A1FED923A81ED343A1FED3E
:10DC8000933A81ED383A1FED943A81ED393A1FED20
:10DC9000953A81ED3A3A1FED963A81ED3F5A81ED82
:10DCA000408A81ED418A81ED425A81ED438A81EDBE
:10DCB000448A81ED455A81ED468A81ED478A81ED9E
:10DCC000485A81ED498A81ED4A8A81ED4B5A81EDAE
:10DCD0004C8A81ED4D8A81ED4E5A81ED4F8A81ED5E
:10DCE000508A81ED515A81ED528A81ED538A81ED3E
:10DCF000545A81ED558A81ED568A81ED575A81ED4E
:10DD0000588A81ED598A81ED5A5A81ED5B8A81EDFD
:10DD10005C8A81ED5D5A81ED5E8A81ED5F8A81EDDD
:10DD2000605A81ED8A3A1FEDB93A81ED618A81ED41
:10DD3000628A81ED635A81ED648A81ED658A81EDA5
:10DD4000665A81ED678A81ED688A81ED695A81EDB5
:10DD50006A8A81ED6B8A81ED6C5A81ED6D8A81ED65
:10DD60006E8A81ED6F5A81ED708A81ED718A81ED45
:10DD7000725A81ED738A81ED8B3A81ED748A81ED5F
:10DD8000755A81ED768A81ED778A81ED785A81ED39
:10DD9000798A81ED7A8A81ED7B5A81ED7C8A81EDE9
:10DDA0007D8A81ED7E5A81ED7F8A81ED815A81EDF8
:10DDB000845A1FEDDB5A1FEDDB3A81ED935A82ED59
:10DDC000065A1FEDDD5A81ED943A82ED075A1FED98
:10DDD000DF5A1FEDDF3A82ED0C5A1FEDE05A82ED5B
:10DDE000053A82ED0D5A1FEDE25A81ED808A81EDF0
:10DDF000828A81ED838A81ED858A80ED7F8A00F5B4
:10DE0000DD60C1ED877A81ED888A81ED898A81EDB7
:10DE10008C8AC1ED8D7A81ED8E8A81ED8F8AC1ED7C
:10DE2000907A81ED918A81ED928A81ED958AC1ED9A
:10DE3000967A81ED978A81ED988AC1ED997A81ED84
:10DE40009A8A81ED9B8AC1ED9C7A81ED9D8A81ED54
:10DE50009E8AC1ED9F7A81EDA08A81EDA18AC2EDF3
:10DE6000007A82ED018A82ED028AC2ED037A82EDA8
:10DE7000048A82ED088AC2ED097A82ED0A8A82ED6F
:10DE80000B8A82ED0E8AC2ED0F7A82ED108A82ED46
:10DE9000118AC2ED127A82ED138A82ED148AC2EDE4
:10DEA000157A82ED168A82ED178AC2ED187A82ED14
:10DEB000198A82ED1A8AC2ED1B7A82ED1C8A82EDE4
:10DEC0001D8AC2ED1E7A82ED1F8A82ED208AC2ED84
:10DED000217A82ED228A82ED238AC2ED247A82EDB4
:10DEE000258A82ED268AC2ED277A82ED288A82ED84
:10DEF000298AC2ED2A7A82ED2B8A82ED2C8AC2ED24
:10DF00002D7A82ED2E8A82ED2F8AC2ED307A82ED53
:10DF1000318A82ED328AC2ED337A82ED348A82ED23
:10DF2000358AC2ED367A82ED378A82ED388AC2EDC3
:10DF3000397A82ED3A8A82ED3B8AC2ED3C7A82EDF3
:10DF40003D8A82ED3E8AC2ED3F7A82ED408A82EDC3
:10DF5000418AC2ED427A82ED625A9FEDFE5A82ED0D
:10DF6000438A82ED635A9FEDFC5A82ED448A82ED2A
:10DF7000645A9FEDFA5AC2ED457A82ED655A9FEDDB
:10DF8000F85A82ED468A82ED665A9FEDF65A82ED86
:10DF9000478A82ED675A9FEDF45AC2ED487A82EDC6
:10DFA000685A9FEDF25A82ED498A82ED695A9FEDD7
:10DFB000F05A82ED4A8A82ED6A5A9FEDEE5AC2ED1E
:10DFC0004B7A82ED6B5A9FEDEC5A82ED4C8A82EDD2
:10DFD0006C5A9FEDEA5A82ED4D8A82ED6D5A9FEDA3
:10DFE000E85AC2ED4E7A82ED6E5A9FEDE65A82ED06
:10DFF0004F8A82ED508AC2ED517A82ED528A82EDCB
:10E00000538AC2ED547A82ED558A82ED6F5A9FEDA4
:10E01000DE5AC2ED603A82ED705A9FEDDC5A82ED15
:10E02000568A82ED715A9FEDDA5AC2ED577A82ED27
:10E03000725A9FEDD85A82ED588A82ED735A9FED3D
:10E04000D65A82ED598A82ED745A9FEDD45AC2EDA8
:10E050005A7A82ED755A9FEDD25AC2ED5D7A82ED01
:10E06000765A9FEDD05A82ED5B8A82ED775A9FED0A
:10E07000CE5A82ED5C8A82ED785A9FEDCC5A82EDC1
:10E080005E8A82ED795A9FEDCA5A82ED5F8A82EDEF
:10E090007A5A9FEDC85A82ED618A82ED7B5A9FEDD4
:10E0A000C65ADFEDC67A82ED7C5A9FEDC55A82EDE5
:10E0B0007D5A9FEDC45A82ED7E5A9FEDC35A82ED80
:10E0C0007F5A9FEDC25A82ED805A9FEDC15A82ED70
:10E0D000815A9FEDC05A82ED825A9FEDBF5A82ED60
:10E0E000835A9FEDBE5A82ED845A9FEDBD5AC2ED10
:10E0F000977A82ED855A9FEDBB5ADFEDBB7A82EDB0
:10E10000865A9FEDBA5A82ED947A82ED875A9FED36
:10E11000B85AC2ED9E7A82ED885A9FEDB65A9FEDAD
:10E12000B67A82ED8C5A9FEDB55ADFEDB57A82ED65
:10E130008D5A9FEDB45AC2ED8A3A82ED8E5A9FED08
:10E14000B25AC2ED903A82ED935A9FEDB05AC2EDA9
:10E15000A23A82ED965A9FEDAE5A82ED898A82EDFF
:10E16000995A9FEDAC5A82ED8B8A82ED9C5A9FEDB5
:10E17000AA5A82ED8F8A82ED9F5A9FEDA85A82EDAE
:10E18000918A82EDB75A9FEDA65A82ED928A82ED6E
:10E19000958A82ED986AC2ED9D5A82EDA07AC2ED11
:10E1A000B67A82ED9A8A82ED9B8A82EDA18ADFEDB2
:10E1B0009D7A82EDA38A82EDBA5A9FED9B5AC2EDF9
:10E1C000BE7A82EDBD5ADFED997A9FED995AC2ED84
:10E1D000C27A82EDC05A9FED976ADFED975A9FEDA4
:10E1E000977A9FED975ADFED977A82EDB96AC2ED83
:10E1F000BC5A82EDBF7A82EDC35AC2EDC77A9FED59
:10E20000926ADFED925A9FED925A9FED927ADFED7E
:10E21000927AC2EDA53AC2EDA83AC2EDAB3AC2ED90
:10E22000AE3AC2EDB13AC2EDB43A82EDA48A82EDC3
:10E23000A68A82EDA78A82EDA98A82EDAA8A82ED5A
:10E24000AC8A82EDAD8A82EDAF8A82EDB08A82ED32
:10E25000B28A82EDB38A82EDB58A82EDB88A82ED08
:10E26000C46AC2EDC55A82EDC65A82EDC87AC2EDC3
:10E27000CA7ADFED7A7A9FED7A5AC2EDD07ADFED75
:10E28000797A82EDC95AC2EDD57ADFED777AC2ED9F
:10E29000D26AC2EDD87ADFED757A9FED756AC2ED6C
:10E2A000DA7ADFED747A9FED745AC2EDDB7ADFED36
:10E2B000737ADFED735AC2EDDD7ADFED727A9FED8E
:10E2C000727AC2EDDE7ADFED717ADFED716AC2ED4E
:10E2D000E07ADFED707A82EDCB6AC2EDE17ADFEDB4
:10E2E0006E7A9FED6E6AC2EDE37ADFED6D7A82EDB4
:10E2F000CC5AC2EDE47ADFED6B7A9FED6B5AC2ED3A
:10E30000E67ADFED6A7AC2EDCE5AC2EDE77ADFED4A
:10E31000687ADFED685AC2EDE97ADFED677A82ED5F
:10E32000D17AC2EDEA7ADFED657A9FED657AC2EDCA
:10E33000D36AC2EDEC7ADFED636ADFED637A82EDDA
:10E34000CF5A82EDD46AC2EDD65A82EDD77AC2EDA9
:10E35000D96AC3E0CD4CC0C153054541A3925EC00C
:10E36000D509D9C165191241CDCC2CBF76E04FC17A
:10E3700089414040A60A02C0EE7C1FC2DC466541CE
:10E38000F38E0340BA6BE3C0696F503F0681FDC056
:10E390004A7B4EC16B9ABB40810449C05CA0F7C167
:10E3A00062A12A4123DBF3C0780BCBC142CF1C41D1
:10E3B0003BDFA940E9488FC14625D53FFAED6B3ACE
:10E3C000107A8EBFAC0B94C1EF388B4011C7CEC012
:10E3D000D2C02DC294879641925CA8C09F3C66C172
:10E3E000B1E19540DE020AC14E6290BD294B1DC2CB
:10E3F000A9A48541423E924070CE88BC764FDEC1D2
:10E40000B3EAF3BD849ED740AF94E5BD7CF2303BC8
:10E41000D122DBBD575B313D6E3400BE795828BE3A
:10E420000AD7A33C17B751BB4FAF14BE07F096BD38
:10E430003D2CD43CA913503D04560EBEFD87743DBF
:10E440006D56FDBD52491D3CBBB88DBC4CA68A3DE6
:10E45000E3A51B3DEBE2B6BDFF21FDBCA8574ABDBD
:10E460004BC807BE4CA60ABE006F813C53960641BE
:10E4700077BE9F3DC5A0B0410E2D323D18261F41ED
:10E48000871659BDC1A88C414FAF943D88F4C9404F
:10E4900082E247BC9A0888419A771D41BC0592BD2B
:10E4A00029CB2541AC1C92BF742417BE1748B84134
:10E4B00042CF6AC0A4DFBEBCD73498414FAF2440DE
:10E4C0004260653C68916D3CE6AE97418FE46E40DA
:10E4D000B3EAC4410F9CEA4114D0404282EDBB8AAA
:10E4E00082EDC18A82EDCD8AC2EDED7A83ED008A9C
:10E4F00001F28C635FED0B7A83ED004A01F5D26384
:10E50000C2EDEF7AC3ED004A01F294635FED107A39
:10E5100083ED008A01F5D36382EDF24A83ED004A70
:10E5200001F29C63C2EDF34AC3ED004A01F5D463E6
:10E5300082EDF54A83ED008A01F2A463C2EDF64A4A
:10E5400083ED004A01F5D56382EDF84AC2EDF94A40
:10E5500082EDFB4AC2EDFC4A82EDFE4AC2EDFF4A63
:10E56000C2EDF07A82EDDC8A82EDDF8A82EDE28A0A
:10E5700082EDE58A82EDE88A82EDEB8A82EDEE8A11
:10E5800082EDF18A82EDF48A82EDF78A82EDFA8AD1
:10E5900082EDFD8AC3ED004A01F2AC635FED337A90
:10E5A00083ED008A01F5D663C0ED007A83ED004A61
:10E5B00001F2B4635FED387AC3ED004A01F5D76329
:10E5C000F84883ED008A01F2BC6383ED004A01F54F
:10E5D000D863C3ED004A01F2C46383ED008A01F5FC
:10E5E000D96383ED004A01F2CC63C3ED004A01F523
:10E5F000DA6383ED008A01F2D46383ED004A01F50A
:10E60000DB63C3ED004A01F2DC6383ED008A01F5B0
:10E61000DC6383ED004A01F2E463C3ED004A01F5D7
:10E62000DD6383ED008A01F2EC6383ED004A01F5BE
:10E63000DE63C3ED004A01F2F46383ED008A01F565
:10E64000DF6383ED004A01F2FC63C3ED004A01F58C
:10E65000E06383ED008A01F5E163C3ED007A01F226
:10E660000C73DFEDD17A83ED008A01F5E263C3ED2F
:10E67000007A01F21473DFEDCD7AC3ED007A01F573
:10E68000E363DFEDCB7A83ED008A01F21C73C3ED07
:10E69000007A01F5E463DFEDC77AC3ED007A01F299
:10E6A0002473DFEDC57A83ED008A01F5E563C3EDE0
:10E6B000007A01F22C73DFEDC17AC3ED007A01F527
:10E6C000E663DFEDBF7A83ED008A01F23473C2F8AE
:10E6D0003405A0F60C20C3ED007A01F5E763DFED09
:10E6E000B97AC2F80C55C3ED007A01F23C73DFED44
:10E6F000B67A83ED008A01F5E863C2F84005A430DC
:10E70000C3ED007A01F24473DFEDB07AB04DC3ED92
:10E71000007A01F5E963DFEDAF7A83ED008A01F25B
:10E720004C73C2F810551035C3ED007A01F5EA6359
:10E73000DFEDA97AC2F85005A430C3ED007A01F2EA
:10E740005473DFEDA67A83ED008A01F5EB63C2F81E
:10E750002055A435C3ED007A01F25C73DFEDA07A99
:10E76000C2F860052920C3ED007A01F5EC63DFED06
:10E770009D7A83ED008A01F26473C2F83055C3EDCF
:10E78000007A01F5ED63DFED987AC2F81C05C3ED60
:10E79000007A01F26C73DFED957A83ED008A01F562
:10E7A000EE63C3ED007A01F27473DFED917AC3ED8D
:10E7B000007A01F5EF63DFED8F7A83ED008A8E4BEF
:10E7C000C2F814353033C2F8243503F57673C2F835
:10E7D000443503F5F673C2F8543501F27C73C2F880
:10E7E0002C05C3ED007A01F5F063DFED847AC2F801
:10E7F0003C05C3ED007A01F28473DFED817A83ED8D
:10E80000008A01F5F163C2F84C051120C3ED007ACE
:10E8100001F28C73DFED7B7AC2F85C0505F50C70B4
:10E82000C3ED007A01F5F263C2F8700505F53070AA
:10E8300083ED008A01F5F463734D83ED008A01F5E1
:10E84000F663C2F8A45583ED008A01F5F8636F4DB5
:10E8500083ED008A01F5FA63C2F8B055903583ED77
:10E86000008A01F5FC63C2F8D055483583ED008A73
:10E8700001F5FE63C2F89005483083ED008AA1F6E9
:10E880006443C2F8E0554835C2F8643501F50063C9
:10E89000C2F86C7583ED008A5D4BC2F8A005C2F822
:10E8A000B435D833C2F8F055C2F8C435D833C2F8FD
:10E8B0007C75C2F8D435019B564DC2F8E435A1F6FB
:10E8C0009833C2F88C75C2F8743501F50163C2F84B
:10E8D000045683ED008AA1F5D3534F4DC2F880351D
:10E8E000A1F52C63C2F810564835C2F8843501F5FD
:10E8F0000263C2F82056112583ED008AA1F6E813C1
:10E90000C2F834E6C2F8943501F50363C2F854C680
:10E9100083ED008A01F50463C2F89C7583ED008ADB
:10E9200001F50563C2F8AC7583ED008AA1F5CA5301
:10E93000C2F8BC75C2F8C03501F50663C2F8CC75E3
:10E9400083ED008A01F50763C2F8DC7583ED008A68
:10E9500001F50863C2F8EC7583ED008AA1F59B63AD
:10E96000C2F83C562925C2F8F43503F5D873C2F82D
:10E970004466C2F81436D833C2F82436274BC2F89E
:10E98000303600F53473C2F8403600F5457324483C
:10E99000C2F85036A433C2F86036A433C2F8640615
:10E9A00040E000BFD41C01201372B341D0C4014227
:10E9B0005F29514124A8FB4197907841BA2B6B42C3
:10E9C0009FABC5401B0D73423F354E4006C102420E
:10E9D000701101202FDD38C1AE87114280B7803F12
:10E9E000F5F97742BEC1EBC005E37D42235BA3C1CD
:10E9F000564E20420F9CD4C1B81A012040242B420D
:10EA000083D1C6C1BFFD7642EC25012074150120DB
:10EA1000C4260120FC2A012024170120B41701205C
:10EA200014310120C2F8703601F50963C2F84C5662
:10EA300083ED008AA1F5C153C2F85C56C2F80036D6
:10EA400001F50A63C2F86C5600F5F67583ED008A8D
:10EA500001F50B6301F50C6100F2EC4083ED008AD7
:10EA600004F50B6381ED008A082183ED008A04F52B
:10EA70000C63C2F87C160F2183ED008A04F50D6348
:10EA8000C2F88C160C2183ED008A04F50E6483ED28
:10EA9000088A414BC2F89C160021C2F8803603F563
:10EAA000D653C2F8FC75C2F8843683EDCC8A3B4B52
:10EAB000C2F80C76C2F8903603F5D853C2F81C762B
:10EAC000C2F8943683EDB88AACF5A553C2F82C761B
:10EAD000C2F8A036324BC2F8745684ED008AC2F8F0
:10EAE000A406C2F8D016A0F51451C2F8AC362D4BCE
:10EAF0002D48C2F8B0362D4B2D4CC2F8B4362D4BF4
:10EB0000C2F8B8362C4BC2F8BC362C4BC2F8C03613
:10EB10002B4BC2F8C4362B4BC2F8C8362A4BC2F86E
:10EB2000CC36DBE9042342F823100133274ACBF823
:10EB30001430C9F8E42FE5F775FC0AF2FC624FF0D7
:10EB40000103234914A8116088F8203105F5A66354
:10EB5000204AC8F81C310AF20C7314601E4C1F497D
:10EB60001C601F4B51604FF0854283ED008A1D4BA6
:10EB70001D4983ED008A1D4B1491159283ED008A87
:10EB8000F4F784FB1A4A1B49074819B0BDEC108BF7
:10EB9000BDE8F04F04F07CBF2C1A01204C1A012074
:10EBA000B83F0020C03F002084510020C83F002013
:10EBB00000002040D03F0020D83F0020E03F002050
:10EBC000E43F0020EC3F0020F43F0020C05C002028
:10EBD00015AE873F805001201E85AB3F000040C02E
:10EBE0009443002098430020000070439C43002081
:10EBF0003C440020A952000000000000F8B52DEDB3
:10EC0000068BDFED349A00259FED338A0646B0EE81
:10EC100069AA0F46F0EE69AAF0EE488AB0EE489A6B
:10EC200036E03B6804EB4404586E03689B689847E1
:10EC300000EB8400D0ED006A90ED017AF4EE6A6A90
:10EC4000D0ED027AF1EE10FAB4EE4A7A48BFF0EE57
:10EC500066AAF1EE10FAF4EE697A48BFB0EE47AA60
:10EC6000F1EE10FAF4EE496A48BFF0EE679AF1EE61
:10EC700010FAF4EE478A36FE899AF1EE10FAF4EEB5
:10EC8000487A48BFF0EE478AF1EE10FA37FE888ADC
:10EC90003B68ACB20135586E0368DB689847844224
:10ECA000BFDBB6EE006A304679EE2A6A38EE8A7A21
:10ECB00078EE297A66EE866A27EE067A67EE867A1D
:10ECC000C6ED006A86ED017AC6ED027ABDEC068BD0
:10ECD000F8BD00BF0050C3470050C3C72DE9F04F37
:10ECE000067B85B00D78002E8368BD4C14BF802252
:10ECF000012203911542DFF800B3BA490CBF012786
:10ED000000270195BA46B4FBF3F40023E4B2029362
:10ED1000B54B002C40F0CB80477B17F0F70F69D143
:10ED2000019D90F910C015EA020E14BF4FF00108C2
:10ED30004FF0000888EA0A07BCF1FF3F0CBF00272C
:10ED400007F00107002F40F02F81C77B272F0FD836
:10ED50004FEA071C51F80CE001EB071CDEF80490A9
:10ED6000DCF80C8019EA080F00F00181CEF88480ED
:10ED7000002C40F0048190F911C0BCF1FF3F14D089
:10ED80005FFA8CFCBCF1270F0FD84FEA0C1E01EB89
:10ED90000C1C51F80EE0DCF80CC0DEF808E01EEAAE
:10EDA0000C0F02D0029D15430295272F0FD84FEA72
:10EDB000071C01EB071751F80CC0D7F80CE0DCF882
:10EDC000048018EA0E0F00F0CE80CCF888E06EB90F
:10EDD0005200D2B2002A9CD190F91130013302D0F6
:10EDE000DDE902231A7005B0BDE8F08F5208002A51
:10EDF0008FD1F1E70C2F6CD190F910707D1C19D0D8
:10EE0000FFB2272F16D84FEA071C019D01EB071709
:10EE100051F80CC005EA0209D7F80CE0DCF80480D0
:10EE200018EA0E0F00F05A81B9F1000F00F070815E
:10EE3000CCF884E090F80FC0BCF1270F00F2DE8020
:10EE40004FEA0C1701EB0C1E51F80780DEF80C702E
:10EE5000D8F8049019EA070F00F00E81C8F88870FE
:10EE6000002C40F0CE80D8F804C0DEF80C701CEA0C
:10EE7000070F00F0E880C8F88470002C40F0EA80AA
:10EE800090F911707D1CA2D0FFB2272F9FD84FEAB6
:10EE9000071C01EB071751F80CC0FF68DCF808C02D
:10EEA0001CEA070F93D0029D154302958FE74F4F41
:10EEB000D3F804E03F68019DABFB077C4FEA9C4C14
:10EEC0000CFB04FC5F68A7EB0E07BC45FAD8019564
:10EED00022E7C77B272F0FD84FEA071C51F80CE019
:10EEE00001EB071CDEF80490DCF80C8019EA080F2F
:10EEF00000F0C780CEF88480002C40F0CA8090F9E2
:10EF000010C0BCF1FF3F1BD05FFA8CFCBCF1270F97
:10EF100016D84FEA0C1E019D01EB0C1C51F80EE0B7
:10EF200005EA0209DCF80C80DEF8045015EA080F47
:10EF300000F0DB80B9F1000F00F0F480CEF884809F
:10EF4000272F9DD84FEA071C01EB071751F80CC07B
:10EF5000D7F80CE0DCF8048018EA0E0F00F0AE8061
:10EF6000CCF888E08CE7BF68214D3D602FE7DCF8E6
:10EF700008C0204DCCF80050002C3FF4FCAE1B4DD7
:10EF80009146D3F80480D5F800E0019DABFB0ECE8E
:10EF90004FEA9E4E0EFB04FE5A68A2EB080CE645B3
:10EFA000FAD84A460195E6E65FFA8CFCBCF1270FD9
:10EFB00000F288804FEA0C1801EB0C1C51F8088015
:10EFC000DCF80C90D8F804A01AEA090F7CD0BEF146
:10EFD000000F00F09380BA46C8F88490B5E600BFF1
:10EFE00020A10700381D0020001000E0A4430020ED
:10EFF0003830010038F0010083DE1B43002C3FF461
:10F000003FAF4A4DD3F804802F68019DABFB077ECC
:10F010004FEA9E4E04FB0EFE5F68A7EB0807BE4555
:10F02000FAD8BCF1270F019514D84FEA0C1701EB61
:10F030000C1E51F80780DEF80C70D8F804C01CEAEA
:10F04000070F7FF418AFDEF80870394D3D60002CD3
:10F050003FF416AF354DD3F804E02F68019DABFBAC
:10F06000077C4FEA9C4C04FB0CFC5F68A7EB0E0787
:10F07000BC45FAD8019503E7DEF808702D4D3D60D8
:10F08000EEE6DCF808C02A4DCCF80050002C3FF426
:10F0900036AF264D9146D3F80480D5F800E0019DA7
:10F0A000ABFB0ECE4FEA9E4E0EFB04FE5A68A2EB5F
:10F0B000080CE645FAD84A46019520E7BF681D4D81
:10F0C0003D60DDE6C24640E6BEF1000F1AD0DCF836
:10F0D00008C0BA46164DCCF8005036E6BF68B9F104
:10F0E000000F18D0124D3D60A4E6DCF808C0B9F15D
:10F0F000000F13D00E4DCCF8005021E7F246C8F8AF
:10F10000889022E6DCF80870F2460A4D3D601CE665
:10F11000CCF888E08EE6074D3D608BE6054DCCF8D7
:10F1200000500DE7CEF888800AE700BFA443002016
:10F1300038F001003830010030B405680DB930BC3A
:10F14000CCE50A462B6840F20121012419611178AF
:10F150005966186F1146800715D45B6F013C01F8A2
:10F16000013B0A462B685869C007F2D54CB11444DC
:10F1700029680B6F9B07FCD44B6F02F8013BA2423E
:10F18000F6D130BC70475969C907E2D5EEE700BF38
:10F1900010B472B602684B4922B190F804C0BCF1B9
:10F1A0000F0F53D90B8813F0010C27D09C0723D5E0
:10F1B0005A0757D51C0758D5DA0659D59C065AD593
:10F1C0005A065BD51C065CD5DA055DD59C055ED577
:10F1D0005A055FD51C0560D5DA0461D59C0462D55B
:10F1E0005A0463D5DA0B64D062B6002210230260A1
:10F1F00003715DF8044B70474FF0010C012202FAD5
:10F200000CF213430B8062B62F4A5FFA8CF1017146
:10F21000D36F43F0C003D367A2F5A03240F282431C
:10F2200013602A4B91766344917711765B01D17715
:10F230005DF8044B03609FED217B83ED007B83ED44
:10F24000027B83ED047B83ED067B70470B8843FADA
:10F250000CF4E407A7D51D4C6444B2EB441FA2D1C3
:10F2600062B6C6E74FF0020CC8E74FF0030CC5E7E3
:10F270004FF0040CC2E74FF0050CBFE74FF0060C4F
:10F28000BCE74FF0070CB9E74FF0080CB6E74FF0BA
:10F29000090CB3E74FF00A0CB0E74FF00B0CADE7E9
:10F2A0004FF00C0CAAE74FF00D0CA7E74FF00E0C37
:10F2B000A4E74FF00F0CA1E7AFF3008000000000BF
:10F2C00000000000803B012000C00F40807400025D
:10F2D0002DE9F04F83B00190806808B106F06EFF11
:10F2E000019B5B68002B00F0F18053F8042C02EBCB
:10F2F000C20203EB82029342009200F0DF80009B87
:10F3000053F81C0C243B009308B106F057FF009BF8
:10F310005B68002B00F0CC8053F8042C02EBC20297
:10F3200003EB82094B4500F0BF8059F81C0CA9F192
:10F33000240908B106F042FFD9F80430002B00F090
:10F34000AE8053F8042C02EBC20203EB8208434563
:10F3500000F0A18058F81C0CA8F1240808B106F0B0
:10F360002DFFD8F80430002B00F0908053F8047C77
:10F3700007EBC70703EB8707BB4200F0838057F812
:10F380001C0C243F08B106F019FF7B68002B74D0D9
:10F3900053F8046C06EBC60603EB8606B34268D04E
:10F3A00056F81C0C243E08B106F008FF7368002BC9
:10F3B0005CD053F8045C05EBC50503EB8505AB4257
:10F3C00050D055F81C0C243D08B106F0F7FE6B68D0
:10F3D000002B44D053F8044C04EBC40403EB840426
:10F3E000A34238D054F81C0C243C08B106F0E6FEC9
:10F3F00062686AB352F8043C03EBC30302EB830B6D
:10F400005A4521D05BF81C0CABF1240B08B106F077
:10F41000D5FEDBF80420A2B152F8040C00EBC000CA
:10F4200002EB800A524508D0AAF1240A5046FFF7A1
:10F430004FFFDBF804205245F6D1AAF1080006F090
:10F44000BDFE62685A45DDD1ABF1080006F0B6FE9C
:10F450006B68A342C6D1A4F1080006F0AFFE736842
:10F46000AB42AED1A5F1080006F0A8FE7B68B3421E
:10F4700096D1A6F1080006F0A1FED8F80430BB42F0
:10F480007FF47DAFA7F1080006F098FED9F80430AC
:10F4900043457FF45FAFA8F1080006F08FFE009BA4
:10F4A0005B684B457FF441AFA9F1080006F086FE8A
:10F4B000019B009A5B6893427FF421AF009BA3F10C
:10F4C000080003B0BDE8F04F06F078BE03B0BDE819
:10F4D000F08F00BF00234FF07E52DFED517A30B540
:10F4E0002DED068B026095B04360044683600D46A7
:10F4F000C3604B7BD1ED008A91ED019A012B91ED18
:10F50000028A68EEA78A29EE279A28EE278A05D173
:10F51000F0EE687AF0EE488AB0EE678AF6EE00AA5E
:10F5200068EEAA8A29EE2A9A28EE2A8AB0EE680A9C
:10F5300004F000FEB0EE40AAB0EE490A04F0FAFD75
:10F54000F0EE409AB0EE480A04F0F4FDF0EE407A96
:10F55000B0EE680AF0EE678A04F0F0FEF0EE407A52
:10F56000B0EE490AB0EE679A04F0E8FEF0EE407A99
:10F57000B0EE480AB0EE678A04F0E0FE00232A7B72
:10F580008DED009A8DED01AA029303938DED048A0F
:10F590000593CDED069A07938DED080A09930A931A
:10F5A000CDED0B8A052A1BD8DFE802F01A282F328E
:10F5B00003216A4608A90CA8F1F730F904AA0CA99E
:10F5C00010A8F1F72BF910981199129A139B20604B
:10F5D00020466160A260E36015B0BDEC068B30BDD3
:10F5E00004AA69460CA8F1F719F908AAE7E704AAE2
:10F5F00008A90CA8F1F712F96A46E0E708AA6946DB
:10F600000CA8F1F70BF904AAD9E76A4604A9E9E7BF
:10F6100008AA04A90CA8F1F701F96A46CFE700BFD0
:10F6200035FA8E3C2DE9F0432DED0C8BDFEDBDAAB4
:10F6300097B000250646B0EE6A9A0C46F0EE6A8A4C
:10F6400014E0236807EB4707586E03689B689847E8
:10F6500000EB8700D0ED006A90ED017AD0ED027AE0
:10F6600078EEA68A39EE079A7AEEA7AA2368AFB297
:10F670000135586E0368DB6898478742E1DB07EE87
:10F68000907ADFEDA89A0027F8EE677AB0EE69AAC3
:10F69000F0EE69BA88EEA78AB0EE69BAC9EE278A99
:10F6A000B0EE69CA8AEEA79AF0EE69AA20E0236854
:10F6B00005EB4505586E03689B68984700EB85008D
:10F6C000D0ED006A90ED017AD0ED027A76EEC86A4C
:10F6D00037EE687A77EEC97AA6EEA6CAE6EE87AA72
:10F6E000A6EEA7BAE7EE07BAA7EE27AAE7EEA79A13
:10F6F0002368BDB20137586E0368DB6898478542BE
:10F70000D5DB2AEE4ADA6BEE4BCA6AEEEA7AABEE4A
:10F71000A9DAECEE29CAECEE2B7AB4EEECDAF1EED3
:10F7200010FA40F35782B4EE67DA0023F1EE10FAD4
:10F730007DFE277AF5EEC07AF1EE10FA40F257829C
:10F7400037EECD7ADFED706AB0EEC77AB4EEE67AC6
:10F75000F1EE10FA40F18E8269EEEACA6BEECB9AB6
:10F76000EBEE0ACAEAEE8A9A2CEEAC0AADEE0D0A6E
:10F77000A9EEA90AB5EE400AF1EE10FA00F1C68230
:10F78000B1EEC07A9FED606AF7EE006A77EE667AB6
:10F79000F0EEE77AF4EEC67AF1EE10FA40F131823B
:10F7A0009FED607A9FED596A6DEE076A2CEE877ABD
:10F7B00077EE267A77EEA97AF4EEC67AF1EE10FAB1
:10F7C00000F184829FED526AF4EEC67AF1EE10FAEF
:10F7D00040F328829FED537AF7EE007AF0EE476A05
:10F7E000B0EE476A4B4B0FAFB26B0DF11C083946B8
:10F7F0000BA811921A88CDED077AADF848205A6807
:10F800008DED086A13929A68DB68149215930023B1
:10F81000CDED096A8DED0A7A0F931093FFF75AFE2A
:10F820000BAA414603A8F0F7F9FF96ED0CAA214672
:10F8300096ED0A7A6846D6ED0D9A4FF00009D6ED9E
:10F840000B7A3AEE47AA79EEE79AFFF7D7F9039BCE
:10F850000F93049B1093059B1193069B129335E025
:10F86000236805EB4505586E03689B689847034677
:10F870004246394603EB85030BA8AD00D3ED016A80
:10F8800093ED027AD3ED007A76EEE86A37EE497AA4
:10F8900077EEC87ACDED086A8DED097ACDED077A5D
:10F8A000F1F72EF821680D9B486E0C9ADDF82CC0FC
:10F8B0000993036808929B68CDF81CC09847079984
:10F8C000089A2844099B01604260836023681FFAFC
:10F8D00089F509F10109586E0368DB68984785428C
:10F8E000BEDB21463846FFF789F9DDED0FBA9DED05
:10F8F00010BA4FF00009DDED11AACDED00BA8DED83
:10F9000001BACDED02AA32E06F12833AEFFF7FBF5A
:10F91000EFFF7F3F605001200050C3470050C3C736
:10F9200000007A4300000000236805EB4505586E8F
:10F9300003689B68984723685A6E00EB8503AD0007
:10F9400093ED009A1046D3ED018A93ED028A39EEC9
:10F950006B9A116878EECB8A38EE6A8A8B68984782
:10F96000284480ED009AC0ED018A80ED028A236868
:10F970001FFA89F509F10109586E0368DB68984799
:10F980008542D1DB1FED1CBA4FF000091FED1D9A17
:10F99000F0EE4BBAF0EE49AA35E0236805EB4505D9
:10F9A000586E03689B689847226800EB8503506E89
:10F9B000AD00D3ED008A93ED018AF4EE6B8A026804
:10F9C00093ED02CA9368F1EE10FAB4EE4B8A48BF89
:10F9D000F0EE68BAF1EE10FAF4EE6A8A48BFB0EEC3
:10F9E00048BAF1EE10FAB4EE498A78FEAAAAF1EE0E
:10F9F00010FA38FE099A98472844C0ED008A80ED35
:10FA0000018A80ED02CA23681FFA89F509F101090C
:10FA1000586E0368DB6898478542BEDB96ED0F7A27
:10FA200079EE4B7A33787AEEEBAA7AEE478A39EEA2
:10FA3000C78A092B88EEAA9AC8EE279A2BD096ED92
:10FA4000106AD6ED116AB4EEE99AB6EE007AF1EEDC
:10FA500010FA58BFB0EE699A29EE069AF4EE499A68
:10FA6000E9EE6A8AF1EE10FA79FE299A69EEA69A11
:10FA700068EE878AA9EEE78A28EE078A082B0AD85B
:10FA8000DFE813F00D00A5002D019B00090099008F
:10FA9000A000A3009E001FED5D8AF0EE488A5FED96
:10FAA000606A06F1040996ED066A4046D6ED097AC9
:10FAB0003A461FED64AA4946E6EE267A96ED055AC7
:10FAC000B0EE4A6A96ED087AD6ED075A4FF0000874
:10FAD000A5EE267AA5EEA66ACDED107A8DED0F7A09
:10FAE0008DED116AEFF7E6FC55E0236805EB45055F
:10FAF000586E03689B689847034696F848C00BAA5F
:10FB000003EB850349463846AD0093ED007AD3ED0B
:10FB1000017AD3ED026A29EE077A69EEA77A76EECA
:10FB20008A6ABCF1000F01D0B1EE477A96F84930ED
:10FB300037EE287A0BB1F1EE677A77EE887ACDED61
:10FB40000D6A8DED0B7ACDED0C7AEFF7B3FC2368DF
:10FB50009DED0F6ADDED106ADDED117A9DED085A1D
:10FB6000DDED095A9DED077A76EE856A586E77EEDF
:10FB7000A57A37EE067A03689B68CDED0C6A8DEDA9
:10FB80000B7ACDED0D7A98470B990C9A28440D9B72
:10FB900001604260836023681FFA88F508F101085C
:10FBA000586E0368DB68984785429EDB17B0BDEC52
:10FBB0000C8BBDE8F083F1EE688A1FEDA68A6EE734
:10FBC000F1EE688AB1EE488A69E7B1EE488A5FEDE6
:10FBD000AB8A64E7F4EE67CA0023F1EE10FA7CFE0C
:10FBE000A77AF5EEC07AF1EE10FA3FF6A9AD4FF024
:10FBF0007E520FAF0DF11C080493059306930392F8
:10FC000013E65FEDB87AB4EE677AF1EE10FA47D1F9
:10FC1000F0EE66CAF0EE679AB0EE677AB0EE67DA99
:10FC2000F0EE676A1FEDC16AF7EE005A37EE66AA7A
:10FC3000D9EE86CAA9EEC6DA77EEA59A2CEEAC0A02
:10FC4000A9EEA90AADEE0D0AAAEE0A0AB4EE460A1A
:10FC5000F1EE10FA55D4F1EEC07AF7EE006A86EEB6
:10FC6000A77A69EE877A27EE2C6A67EE0D6A27EE8F
:10FC70000A7AB7E577EEEC7AF0EEE77AF4EEE67A18
:10FC8000F1EE10FA2ED569EEEA9A6AEE4C7AEBEEB6
:10FC90000A9AEAEE8B7AB0EE69DAF0EE679A63E5DB
:10FCA0008DEE07DA9FED1C6ACCEE87CAC9EE879A03
:10FCB0006DEE276A2CEEA77A77EE267A77EEA97A90
:10FCC000F4EEC67AF1EE10FA7FF57CAD9FED137A73
:10FCD000DFED136AB0EE476ADFED127A82E5F1EEEE
:10FCE000688ADCE66BEECBBA2AEE4CCAF0EE4D9A8F
:10FCF000EAEE8ABAAAEE8BCAB0EE6BDAF0EE4CCA24
:10FD000032E503F0FBFEF0EE407AA6E703F0F6FEE4
:10FD1000B0EE407A36E500BFEFFF7FBF0000000085
:10FD2000698FE0BCD8F97F3F2DE9F04F2DED108BA6
:10FD3000B7B08346047F02AF002C00F0C4800026D9
:10FD4000BB4B2425BB4C9FEDBC8AB146DFF8F0A22B
:10FD5000DFF8F4827B6382E0DBF820007A6B0368D3
:10FD6000DB69934240F0898040F23B20814580F07E
:10FD70008880DBF800309B69A34240F09680DBF876
:10FD800020100B681FFA89F207F160009B6808EEEB
:10FD9000902A9847DAF81020DBF804301268D3ED87
:10FDA000095A916E07F18002D3ED0A7A93ED086A41
:10FDB00007F19003D7ED196A77EE887A97ED187AF4
:10FDC000086876EEA56A37EE067A0068C7ED1D6A08
:10FDD000064687ED1C7AC7ED1E7A07F1540087EDC1
:10FDE000248A87ED258A87ED268A87ED208A87ED8C
:10FDF000218A87ED228A009207F17002B047DBF872
:10FE000000309B69A34246D1DBF8200003681B69E0
:10FE1000434546D1284497F854300370DBF800304E
:10FE20009B69A3424CD1DBF8200003681B69434562
:10FE300042D1284497F855304370DBF800309B6975
:10FE4000A34236D1DBF8200003681B6943451ED16D
:10FE5000284497F8563009F1010903358370DBF81F
:10FE600000309B69A3423FF477AF58469847036838
:10FE70007A6BDB6993423FF477AF98478145FFF493
:10FE800078AFD437BD46BDEC108BBDE8F08F18EECF
:10FE9000901A9847DDE75846984703681B69434521
:10FEA000B8D018EE901A9847B5E7584698470146DB
:10FEB00067E758469847C7E718EE901A9847B9E79A
:10FEC00058469847B1E7D0E90123C7F808D05868E9
:10FED00099681D68DB68506007F18000916002F14D
:10FEE0001001D3601560F0F799FCDBF80C3007F1D6
:10FEF000700207F180013B6707F19000DBF81030DA
:10FF00007B67DBF81430BB67DBF81830FB67F0F772
:10FF100085FC4A4B5946D7F8902007F138001A6003
:10FF2000D7F894205A60D7F898209A60D7F89C2088
:10FF3000DA60DBF800301B689847DBF80030594680
:10FF400007F140005B68984797ED0E5AD7ED0F5ABE
:10FF5000002397ED106AF6EE004AD7ED116A36EEEF
:10FF6000057AC7F8903076EEA57AC7F89430C7F8CE
:10FF70009830C7F89C3027EE247AC7F8A03067EE97
:10FF8000A47AC7F8A4302E4BC7F8B040197D87ED8E
:10FF90002D5AC7ED2E5A87ED2F6AC7ED306A87EDCF
:10FFA000317AC7ED327AA7F8CC40C7E92A44002954
:10FFB00000F0048601252246214B1B6953F82230AC
:10FFC00093F86C20002A40F0C7820134E2B29142DB
:10FFD000F2D86C2305FB03F3073323F00703ADEBE3
:10FFE000030D6B1E02AABA62BDB16C22BC6AA018D6
:10FFF00002FB03002346002200241A606C3343F8FE
:02000004600298
:10000000382C43F8342C43F8302C43F82C2C03F8CC
:10001000084C43F8042C9842EFD1002900F02483C7
:100020000023DFED08BAD946C7E9033315E000BF66
:100030007D020000B104000000000000E0920120F9
:10004000845100206F12833AE5050000FB680133FC
:10005000FB60DBB2994240F20683074A126952F80C
:1000600023209B003B6392F86C307A63002BEDD029
:100070004FF0000A97E000BF84510020B4EECA9A06
:10008000F1EE10FAB4EECB9A7AFE097AF1EE10FA9C
:10009000F4EEE9AA54BFB0EE497AB0EE4B7AF1EE35
:1000A00010FA40F31B82F4EEE98AF1EE10FAF4EE56
:1000B000EA8A39FEA86AF1EE10FA54BFF0EE686AD7
:1000C000F0EE6A6A6C23F96ABC6A002003FB01F156
:1000D000D7ED2F5A0C440B46796AF4EEE57A626448
:1000E0003433E062F1EE10FA2063C4ED00FA84EDDF
:1000F00001AAC4ED029A84ED03BAC4ED04AA84ED0A
:10010000059AC4ED068AC4ED07EA84ED08EAC4ED59
:1001100009DA84ED0ADAC4ED0D7A84ED0E6A84ED15
:100120000F7AC4ED106AC4E91215396A84F86410B4
:10013000B969A165F969C4E91486E1657969BA6AA2
:100140002166134484ED1AFA29D5D7ED2D7AF4EE01
:10015000C77AF1EE10FA22D593ED017AD7ED307A15
:10016000B4EEE77AF1EE10FA19D5D7ED2E7AF4EE67
:10017000E76AF1EE10FA12DDB7F8A860B7F8AA50F6
:10018000AE4200F0C281B7F8CC20D7F8B0300132CF
:1001900043F826400136A7F8CC20A7F8A8600AF15A
:1001A00001031FFA83FA7B6B586E3B6953449BB281
:1001B000FB6203685B689847824580F2DB81E44E0E
:1001C0004FEA8A183A6B3369D9F804409B58586E45
:1001D000D9F80C303B66D9F810307B66D9F814306A
:1001E000BB66D9F81830FB6603681B6998473A6B01
:1001F000336900EB8A1B05469B589BF83C207B63C8
:100200009B6E3A627B6242B1DBF80C30BB61DBF87B
:100210001030FB61DBF814307B6104F110062246DC
:1002200007F180003146F0F7F9FA07F1600207F1B3
:10023000800107F17000F0F7F1FA55F8085094EDDD
:10024000095A07F17001D4ED0A5A07F1480094EDFC
:10025000086A07F15402D5ED016A95ED027AD5EDF1
:10026000007A76EEC56A37EE657A77EEC67AC7ED24
:10027000166A87ED177AC7ED157AF0F741FB94ED12
:100280000B7A3146D4ED0C7A224697ED12AA07F18B
:100290008000D7ED139A2AEE07AAD4ED0DCA69EEB5
:1002A000A79A97ED14DAF0F7B9FA07F1600207F1AF
:1002B000800107F17000F0F7B1FADBF8048094EDEB
:1002C000095A07F15402D4ED0A5A07F1700194ED6E
:1002D000086A07F14800D8ED016A98ED027AD8ED76
:1002E000007A76EEC56A37EE657A77EEC67AC7EDA4
:1002F000166A87ED177AC7ED157AF0F701FB94EDD2
:100300000B6A3146D4ED0C6A224697ED147A07F158
:100310008000D4ED0D7A97ED12BAD7ED13AA27EE2F
:1003200027CA2BEE06BA6AEEA6AAF0F777FA07F10B
:10033000600207F1800107F17000F0F76FFADBF857
:10034000086094ED095A07F15402D4ED0A5A07F1F6
:10035000480094ED086A07F17001D6ED016A96ED48
:10036000027AD6ED007A76EEC56A37EE657A77EED8
:10037000C67AC7ED166A87ED177AC7ED157AF0F7DA
:10038000BFFAD5ED027A3AEEE9EA98ED028A7BEE01
:100390004AEAD5ED006A0BF1300238EE678A95ED36
:1003A000017AD8ED004A98ED015A94ED0B6A74EE8B
:1003B000E64AD4ED0C7A35EE475A94ED0D4A97EDA6
:1003C000129AD7ED138AD7ED143A29EE069A8BEDDF
:1003D000088A68EEA78A95ED027AD6ED026A79EE70
:1003E0004ADACBED064A76EEC76AD6ED005AB0EE91
:1003F0004C7AD5ED002A8BED075A6DEECE7A96ED4C
:10040000016A75EEE25A95ED013AADEE2C7A64EE92
:10041000E6CACBED0B6A36EE436ACBED095A25EE00
:1004200065CAE5EE88CA28EE468A8BED0A6AA6EE12
:1004300024CA38EEE9DAA6EE858AA3EE847A2CEE99
:10044000AC0AEEEE8D7AF0EE084AB7EE005AA8EE4E
:10045000080A87EE24FAACEE0C0AC5EE27FAB5EED0
:10046000400AF1EE10FA00F1EE83B1EEC07AF7EE39
:10047000006A77EE667AF0EEE77AF4EEEB7AF1EE68
:1004800010FA0AD4B5EE407AF1EE10FA36D088EEC2
:10049000078ACCEE87CA8CEE07CA8BED0C8ACBEDAF
:1004A0000DCA8BED0ECAB4EECABAF1EE10FA3FF7E0
:1004B000E5ADB4EECB9AF1EE10FAB4EECA9A7BFE3B
:1004C000097AF1EE10FAF4EEE9AA54BFB0EE497AD7
:1004D000B0EE4A7AF1EE10FA3FF7E5ADF4EEEA8AB3
:1004E000F1EE10FAF4EEE98A3AFEA86AF1EE10FA9B
:1004F00054BFF0EE686AF0EE696AE3E59FED15CA55
:10050000F0EE66CAB0EE4C8AC7E7002E37D1D7F8B6
:10051000B0304FF008082020FB6205F047FEC7F816
:10052000B000002340F825300135ADB2A845F9D818
:10053000FB6A4BB1184605F041FE054B3A6B1B694F
:10054000B7F8A8609B587B63A7F8AA801BE600BF9A
:100550008451002000000000586E013403685B687D
:100560009847C34BE2B22844197D85B291423FF6C9
:1005700023AD2EE5FB6A3B61BD4B197D66E54FEA75
:100580004608D7F8B0501FFA88F8FD624FEA880095
:1005900005F00CFEC7F8B000B8F1000FC8D0464512
:1005A000B646C5F30202294628BFC646BEF1080F6B
:1005B00094BF00230123002A18BF0023002B00F062
:1005C0007D812B1DC31A082B40F27881BEF1000FEC
:1005D00000F1200C00F1100201F1100114BF73466C
:1005E00001231D467B62A34BAD08013DADB20CEB70
:1005F000051C1D0C03F1040B1032002310316BF3AA
:100600000F03944505F1040B05F1010511ED086B8D
:1006100011ED067B6BF31F43ADB202ED086B02EDEB
:10062000067BE6D1796A21F003028A4293B216D0A2
:100630005D1CF96AADB251F82320754540F82320BE
:100640000DD251F8252040F825209D1CADB27545EE
:1006500005D251F82520033340F825209DB2A84546
:100660003FF65FAF64E7CB46002107F1A800F2F741
:1006700027F8814B814C00259A46DBF800309FED2E
:10068000808AAEB29B69DFED7F8AA3429FED7E9A9E
:10069000DFF8F88140F0D580DBF820000368DB69E3
:1006A000534540F0D58040F23B20B04240F2D48028
:1006B000DBF800309B69A34240F0EA80DBF82010B1
:1006C0000B68324607F180009B689847D7F8AC303A
:1006D000D7ED207AD7ED214A002B00F0338293ED3D
:1006E000037AB4EEE77AF1EE10FA15D893ED057AB5
:1006F000B4EEE77AF1EE10FA0EDB93ED047AB4EE85
:10070000E47AF1EE10FA07D893ED067AB4EEE47AC3
:10071000F1EE10FA80F2DF8093ED0C7AF4EEC77AF6
:10072000F1EE10FA15DB93ED0E7AB4EEE77AF1EE06
:1007300010FA0EDB93ED0D7AB4EEE47AF1EE10FAD6
:1007400007D893ED0F7AF4EEC74AF1EE10FA40F2B3
:10075000758193ED157AB4EEE77AF1EE10FA15D8BB
:1007600093ED177AB4EEE77AF1EE10FA0EDB93ED23
:10077000167AF4EEC74AF1EE10FA07DB93ED187A19
:10078000F4EEC74AF1EE10FA40F25B8193ED1E7A67
:10079000F4EEC77AF1EE10FA15DB93ED207AF4EE61
:1007A000C77AF1EE10FA0ED893ED1F7AB4EEE47A20
:1007B000F1EE10FA07D893ED217AB4EEE47AF1EE77
:1007C00010FA80F24181DBF800309B69A34272D1BC
:1007D000DBF8200003681B69434569D1ABB203EB2A
:1007E00043032433184400230370DBF800309B6973
:1007F000A3425AD1DBF8200003681B69434551D15D
:10080000ABB203EB43032433184400234370DBF8FB
:1008100000309B69A34242D1DBF8200003681B69CA
:10082000434539D1ABB203EB4303243318440023CF
:100830008370DBF8003001359B69AEB2A3423FF410
:100840002BAF584698470368DB6953453FF42BAFFD
:100850009847B0423FF62CAF07F1A800FEF738FDED
:10086000D7F808D0D437BD46BDEC108BBDE8F08F6B
:1008700084510020020003007D020000B10400004A
:1008800000000000FFFF7F7F6F12833AE505000044
:1008900058469847014613E731469847C7E75846F8
:1008A0009847BBE731469847AFE758469847A3E7D4
:1008B0003146984797E7584698478BE7FB6A0025EB
:1008C0001A1F031F013552F8041FADB243F8041F6D
:1008D0007545F7D3C3E61A465368002B7FF4FFAE85
:1008E000108800283FF46FAFD2F808C04FF000091D
:1008F000F7EE002AF0EE481AACF10401B0EE482AF7
:10090000CE46B0EE481A4A46B0EE684A02E00132DE
:10091000904251D051F8043F93ED1A6AB4EEC64AA2
:10092000F1EE10FAF3DDD3ED026A93ED015A74EEA5
:10093000E66A93ED097A37EEC55AD3ED0A3AD3ED5C
:10094000005A27EE667AA5EE237A27EE257AB5EED1
:10095000C07AF1EE10FADAD493ED073AD3ED083A03
:1009600066EE836AE5EE636A65EEA65AF5EEC05A56
:10097000F1EE10FACBD4B4EEE27AF1EE10FAC6DC66
:10098000F4EEE25AF1EE10FAC1DC72EEC76A76EECE
:10099000E56AF5EEC06AF1EE10FAB8DB9646013270
:1009A000F0EE651A4FF001099042B0EE472AB0EE22
:1009B000661AB0EE464AADD1B9F1000F47D1DBF867
:1009C00000304A46C7F834909B69A34240F09680B5
:1009D000DBF8200003681B69434540F09880ABB208
:1009E00003EB4303243318440270DBF800309B69A7
:1009F000A34240F09780DBF8200003681B69434561
:100A000040F09780ABB203EB4303243318447B6B75
:100A10004370DBF800309B69A34240F09080DBF824
:100A2000200003681B69434540F08680ABB203EBAE
:100A300043032433184480F80290FAE603F12402B9
:100A40004AE703F1480247E703F16C0244E75CF828
:100A50002E301A6D92ED017AD2ED027AD2ED006A53
:100A600022EE077ADA6C62EE277A62EE266A92ED5F
:100A7000005AD2ED015A92ED026AE5EE016AA5EE46
:100A8000817A5A6DE6EE017A92ED005AD2ED015A62
:100A900092ED026AE5EE216A93F86420A5EEA17A50
:100AA000E6EE217AC7ED1C6A87ED1D7AC7ED1E7A46
:100AB000002A4AD1F0EE487AB0EE487A07F1600099
:100AC000D3E911310A68D2F8009007F1800287ED6E
:100AD000207AC7ED217A87ED228A009207F1700211
:100AE000C84797F8613097F860207B63DBF80030E7
:100AF00097F862909B69A3423FF46AAF3A63584605
:100B0000984703683A6B1B6943453FF468AF3A6303
:100B1000314698473A6B0270DBF800309B69A3427C
:100B20003FF469AF5846984703681B6943453FF453
:100B300069AF314698476AE7314698477BE75846A0
:100B400098476EE707F1A802CAE6F7EE007A9A6DB9
:100B500071EE677AF0EEE77AF4EEC97AF1EE10FA08
:100B600052D592ED006A92ED011AF7EE007ADA6D35
:100B700072EE677AF0EEE77AF4EEC97AF1EE10FAE7
:100B800032D592ED007AD2ED017AF7EE006A1A6E54
:100B900037EE067A77EE817A71EEE66AF0EEE66A73
:100BA000F4EEC96AF1EE10FA0ED5D2ED006AD2ED7C
:100BB000011A37EE267A77EEA17A7FE79CB00B46D2
:100BC00002AABA62FFF711BAF0EEE16AF4EEC96A5E
:100BD000F1EE10FA28D4D2ED006A92ED016A61EECE
:100BE000A66A61EE861AE4E7F0EEC27AF4EEC97AFC
:100BF000F1EE10FA22D492ED007AD2ED017A22EED3
:100C0000077A62EE277AC0E7F0EEC17AF4EEC97A8D
:100C1000F1EE10FA0DD492ED006AD2ED017A21EED8
:100C2000066A21EE271AA0E7F0EE481AF0EE486AAD
:100C3000BFE7B0EE481AB0EE486A96E7F0EE487AA1
:100C4000B0EE487AA1E77A6002F058FF7A68B0EE19
:100C5000407A0CE4BA4B30B51B7803F01F02052A2A
:100C600009D803F00703013B042B2AD8DFE803F07F
:100C7000424B55243800063A0C124FEA214E172AEF
:100C800000F25881DFE812F00601FF00F000E100F9
:100C90004F005101490141013A012A011D010D0195
:100CA000B000A9009E009000830076006F006800ED
:100CB000D500D100C500B700A24B03EA012343EAE7
:100CC0002141A14B00EB40004FEA214E1A684FEA48
:100CD000212C131802F800E083F801C0997030BD90
:100CE0000A0401F47F4302F47F0243EA214342EA0B
:100CF0000301E6E70B02C1F3072201F47F019BB277
:100D000013431943DDE70B020A1203F47F03C9B250
:100D100002F47F4213431943D3E70B0403F47F0328
:100D200043EA2121CDE7894DC1F3072E00230D4071
:100D300045EA01654FEA156CC5F307450022824973
:100D40006CF30702096865F30F226EF3174263F331
:100D50001F6241F8202030BD5FFA8EFC4FF0000E7C
:100D6000CDB2E3B2EAE75FFA8EFC4FF0000EE5B2D7
:100D7000CBB2E3E74EEA016501F47F432B434FEA30
:100D8000156CC5F30745C3F3072EDBB2D6E7E3B214
:100D900043EA0E2343EA01634FEA136CC3F30745AA
:100DA000C3F3072EDBB2C9E70B029BB243EA04632D
:100DB00043EA0E034FEA136CC3F30745C3F3072E50
:100DC000DBB2BBE72206CBB242EA0E2E4FEA1E6C24
:100DD000CEF30745CEF3072EB0E75FFA8EFC002571
:100DE0005FFA81FEE3B2A9E75FFA8EFC0025C1F34A
:100DF000072ECBB2A2E722044EEA016302F47F027F
:100E00004FEA136C1343C3F30745C3F3072EDBB25A
:100E100094E74E4DE3B24FF0000E0D4045EA0165F8
:100E20004FEA156CC5F3074588E70B0403F47F030D
:100E3000BCE721F47F434FF0000E43EA04634FEA1E
:100E4000136CC3F30745DBB278E70B0403F47F03AD
:100E500043EA046343EA0E234FEA136CC3F30745E6
:100E6000C3F3072EDBB269E70B02384A9BB20A4094
:100E700043EA046313434FEA136CC3F30745C3F318
:100E8000072EDBB25AE75FFA8EFC0023CDB2C1F326
:100E9000072E53E75FFA8EFC0023E5B25FFA81FE6E
:100EA0004CE70B0401F47F414FF0000C41EA0E01C6
:100EB00003F47F030B43C3F30745C3F3072EDBB2F1
:100EC0003CE70A044FF0000CE3B202F47F0242EA6E
:100ED0000E2ECEF30745CEF3072E2FE70B0222048A
:100EE0009BB202F47F0243EA0E0313434FF0000C5F
:100EF000C3F30745C3F3072EDBB21FE7CBB22204CF
:100F000043EA0E2302F47F02EFE7C1F307455FFADD
:100F100081FEE3B24FF0000C10E7C1F30745C1F3C7
:100F2000072ECBB24FF0000C08E7CBB21B0443EA0C
:100F300001638FE700239E461D469C46FEE600BFE8
:100F4000B492012000FFFF00B09201200000FFFFDB
:100F50002DE9F04F89B00793C36805909A4200F2DB
:100F60004481037844685B0084F8A53040F20113A3
:100F7000A4F82F310023F5F7F9FC0690002800F0C3
:100F80003481129B002B00F032814FF0000B059949
:100F9000129ACB68A2EB0B024D680C789A42164667
:100FA000284628BF1E46129B9B1B0496F6B25B4543
:100FB00001938CBF002301230293F4F78BFD0028DB
:100FC00000F010814FF000036400012E4FF0000A82
:100FD000E4B2A5F8A23040F2014338BF0126DFF8A1
:100FE0004483BAF1020F44EA0303D8F80090039354
:100FF0002B6931D9544695F8A320872A4FD95969CE
:101000000A0500F1B28011F4105F40F07E81D8F83B
:101010000020A2EB0902322A00F27781022C95F817
:10102000A30094BF00270127B0420AD34FB1D86D67
:10103000400706D18A0500F19C80029A002A00F040
:101040009880F1F7A5FEBAF1020F00F24C81A2469A
:101050002B69BAF1020FCDD8DA6D500702F0070103
:10106000C8D4701E54465144039F40F4807044B964
:101070001F6601340A1B032ABDD8022CBBD8002CE2
:10108000F6D0012C00F03581019A5A4502D84FF470
:1010900000721A6695F8A3200324872AAFD8D96D69
:1010A00011F4E02FC1F30240A9D0511C1F6F05EBD2
:1010B000020C0128C9B285F8A3108CF81A709ED0D2
:1010C00088299CD002F1020C1F6F294402285FFA84
:1010D0008CFC85F8A3C08F7691D0BCF1880F8ED0A0
:1010E000D11C1F6FAC440328C9B285F8A3108CF83B
:1010F0001A7084D0882982D002F1040C1F6F294411
:1011000004285FFA8CFC85F8A3C08F763FF477AF94
:10111000BCF1880F3FF473AF511D1F6FAC4405380D
:10112000C9B285F8A3108CF81A703FF468AF88290B
:101130003FF465AF02F1060C1F6F294401285FFAE6
:101140008CFC85F8A3C08F763FF459AFBCF1880FB3
:101150003FF455AF196F0732AC4485F8A3208CF8E3
:101160001A1059690A057FF54EAF1A6942F44072A8
:101170001A61DA6D12F4E02F03D01A6942F400729A
:101180001A6195F8A330049A9A422ED1002A00F0F1
:10119000B280059B5D6800242846079F2646DDE94E
:1011A000045817E090F8A23090F8A3209A4203F177
:1011B0000102034440F2B18080F8A220987E0134FD
:1011C0003E44A4B206F80B00A542264640F29380A6
:1011D000D8F804000368524A5B699342E2D098470A
:1011E000C0B2ECE7049B042BD5D0002306930698ED
:1011F00009B0BDE8F08FD96D11F4E02FC1F30240C2
:1012000053D0511CD3F870C0AC180128C9B285F86E
:10121000A31084F81AC048D0882946D0941CD3F86B
:1012200070C029440228E4B285F8A34081F81AC0AE
:101230003BD0882C39D0D11CD3F870C02C44032863
:10124000C9B285F8A31084F81AC02ED088292CD0F2
:10125000141DD3F870C029440428E4B285F8A340D3
:1012600081F81AC021D0882C1FD0511DD3F870C02E
:101270002C440538C9B285F8A31084F81AC014D0DC
:10128000882912D0941DD3F870C029440128E4B2F3
:1012900085F8A34081F81AC007D0882C05D0196FB3
:1012A00007322C4485F8A320A17659690C053FF537
:1012B0005CAF11F4105F28D1D8F80020A2EB09022E
:1012C000322A22D895F8A320B2420AD34FB1DA6D60
:1012D000500706D18A053FF54CAF029A002A3FF429
:1012E00048AFF1F755FD95F8A3202B69872ADCD884
:1012F00081E71866BDE6049B9B44129B5B453FF665
:1013000046AE069809B0BDE8F08F1A6942F4407203
:101310001A614FF400721A662BE7FF204FE700BFF7
:101320009D200100F83C01202DE9F0471E4682B0C7
:1013300003680546DDF82880002B70D0446893F8D8
:1013400013C0D4E9000ABCF1000F3FD072B693F885
:1013500013C01CF0010F08D04FF0E0295F69D9F8E5
:1013600080413C409C62C9F880411CF0020F08D0CB
:101370004FF0E0299F69D9F884413C40DC62C9F80C
:1013800084411CF0040F08D04FF0E029DF69D9F840
:1013900088413C401C63C9F888411CF0080F08D004
:1013A0004FF0E0291F6AD9F88C413C405C63C9F8D2
:1013B0008C411CF0100F08D04FF0E02E5F6ADEF871
:1013C00090413C409C63CEF8904162B69C68844258
:1013D00000F0D780764C9860A469DFF8E8C1C4F3C8
:1013E000011EC4F382645CF82EE00134BEFBF4FC01
:1013F000002840F0BB80A64506D30CF10104B4F5EB
:10140000817FC0F0C8806B48D8601B6800241C61D5
:1014100003245C6218640120C3F860A0186195F988
:101420000E30581C40F0838072B1013A4C1E0DF111
:10143000070A8F1814F8012F514628468DF8072007
:10144000FDF77AFEA742F5D1B8F1000F40D008F1C0
:10145000FF330DF1070A06F1FF384FF0FF091E4474
:1014600040F2012709E051462846FDF737FC9DF878
:10147000073008F8013F46452AD02B688DF80790C1
:10148000002BF0D01A68012154461761C2F864900D
:10149000136F9B0706D42346506F14B103F8010B5A
:1014A0001C4601395369D807F2D50029DFD0136FE4
:1014B0009B07FCD42346506F14B103F8010B1C4664
:1014C0000139F4D19DF8073008F8013F4645D4D1E1
:1014D00095F90E305A1C3AD12B6823B3DA7C12B33B
:1014E000D50704D5986A4FF0E021C1F800019407B0
:1014F00004D5D86A4FF0E021C1F80401500704D5A3
:10150000186B4FF0E021C1F80801110704D5586BA2
:101510004FF0E021C1F80C01D20604D59A6B4FF0D0
:10152000E023C3F81021012002B0BDE8F087DBB250
:10153000272B3FF679AF1C011F4800EB031300591E
:10154000DC68476827421ED0C0F888406CE7DBB2F1
:10155000272BC1D81901184A02EB03135258D96836
:101560005068084213D0C2F88410B5E784451DD3F3
:10157000BCFBF0F4BCFBF4FC84457FF640AFA44612
:101580003BE7D86841E79B680C4818604CE79B68CC
:101590000B4A1A60A0E7022C08D9023C4FEA540C0F
:1015A0004FEA0C4040EA0C2020432DE700202BE7B7
:1015B00000C00F40FF7F7F00381D00203830010041
:1015C00038F00100B81F00202DE9F84390F82F8172
:1015D000B8F1000F6DD00546F4F77CFA002868D00A
:1015E000414E4FF00009376800E0A146C8452A691E
:1015F00036D24C46536919052BD4580568D4990442
:101600005CD43168C91B322958D8A04504D2D26DA8
:10161000520701D1980565D4F1F7BAFBC845E4D269
:101620002A695369190514D4580551D4990445D42D
:101630003168C91B322941D8A04504D2D26D520766
:1016400001D19B054ED4F1F7A3FB2A695369190513
:10165000EAD51369042043F440731361BDE8F883AD
:10166000D16D4C46480701F00703C3D413E095F849
:10167000A5100133022441F48061042B11661BD0B4
:10168000804503F1010305EB00010ED991F8A51087
:10169000042B1166AED00120002CE8D02046013387
:1016A0000134804505EB0001F0D84FF40073136658
:1016B000A0E70420BDE8F88301249BE713694FF4F9
:1016C0000071042043F4407313611166BDE8F88390
:1016D00013694FF40071022043F4407313611166E3
:1016E000BDE8F8830020E5E7F83C0120F8B5A54CFB
:1016F0000146A36A002B51D040F2011094F830202B
:10170000A14E5200A3F82F01186883F8A5200268A3
:10171000B24240F03F81B3F830210D46E2B915F8EE
:10172000011BB3F830211ABB15F8011BB3F83021A7
:10173000002A40F0EE8015F8011BB3F83021002A92
:1017400040F0DF802978B3F83021002A40F0CE80C5
:101750001846BDE8F84037E7022283F82F2100221F
:1017600083F8A620026815F8011BB24240F01E81E2
:1017700093F82F21882A00F209819818013283F802
:101780002F21A36A80F8A5101A6815F8011B1268AA
:10179000B242CBD018469047A36AC5E0226C01F153
:1017A000040C206D1368666A23EA00031360D4E911
:1017B0000E0311F8012B4EB135686A66EA6D12F41A
:1017C000F81FFBD06A6F6145F3D1F8BD056812F0D0
:1017D000800FA76C0CBFBD433D4312F0400F056066
:1017E0001D68E76C45EA07051D601D68E76C25EA82
:1017F00007051D600568A76C0CBFBD433D4312F093
:10180000200F05601D68E76C45EA07051D601D682F
:10181000E76C25EA07051D600568A76C0CBFBD4392
:101820003D4312F0100F05601D68E76C45EA07059F
:101830001D601D68E76C25EA07051D600568A76C3B
:101840000CBFBD433D4312F0080F0560E76C1D68F7
:1018500045EA07051D601D68E76C25EA07051D6060
:101860000568A76C0CBFBD433D4312F0040F056033
:101870001D68E76C45EA07051D601D68E76C25EAF1
:1018800007051D600568A76C0CBFBD433D4312F002
:10189000020F05601D68E76C45EA07051D601D68BD
:1018A000E76C25EA07051D600568A76C0CBFBD4302
:1018B0003D4312F0010F05601D68E76C45EA07051E
:1018C0001D601D68E76C25EA07051D600268A56CB0
:1018D00014BF2A43AA4302601A68E56C2A431A60BF
:1018E0001A68E56C22EA05021A606CE793F82F216A
:1018F000882A3CD901225A60A36A1846BDE8F840FC
:1019000062E693F82F21882A29D901225A60A36A16
:1019100014E093F82F21882A1DD89818013283F8F3
:101920002F21A36A80F8A5101A6815F8011B126808
:10193000B2423FF402AF18469047A36A1A6829786A
:101940001268B2423FF4FFAE18469047A36A1846A9
:10195000BDE8F84038E601225A60A36AE4E7981827
:10196000013283F82F21A36A80F8A510E6E7501C06
:101970001A4483F82F01A36A82F8A5101846BDE81F
:10198000F84021E66C460120D920010001225A606E
:10199000A36AF9E618460D4600219047A36A15F898
:1019A000011B1A681268B2423FF4BBAE184690475A
:1019B000A36AE9E62DE9F047A04CA36A002B00F0EA
:1019C000D580A16D00229E481B6981421A6100F2F8
:1019D000BE8001229B489C4998645A624FF4303281
:1019E0009962DA62986C00224FF0011118651A6250
:1019F0000122996595481A61FFF778FEB4F908301D
:101A0000402B00F04D8100218C48F4F701FC218926
:101A10008A480139C9B2F4F7FBFBB4F90A202689D8
:101A2000D31D48BF02F10E03DB10D4E90A0516FBF3
:101A300003F6B6B2002800F0408194F83030844FAD
:101A40005B0080F8A53040F20113A0F82F31036845
:101A50001B68BB4240F02282B0F830312BB1022328
:101A600080F82F31402380F8A630731E9BB2002EE1
:101A70004BD005F1020A012601354FF002099A44C4
:101A8000B04614E00136B6B2036815F8011C1B68B5
:101A9000BB4268D1B0F8303133B190F82F31882B88
:101AA00029D9C0F80480A06A0135AA452DD0882E16
:101AB000E8D1FFF789FD94F83030A06A5B0080F828
:101AC000A53040F20113A0F82F3103681A68BA421A
:101AD00040F0D781B0F83021002A00F0EC8040229D
:101AE00080F82F91022680F8A6201B6815F8011CAB
:101AF000BB4238D133460135C2180133AA4580F8BC
:101B00002F31A06A82F8A510D1D1FFF75DFDA36A3D
:101B1000002B00F0C181E16D002249481B69814220
:101B20001A6100F2A381474C012047494FF430323B
:101B30009C6458629962DA629C6C00204FF001113B
:101B400001221C65186299651A61BDE8F087414859
:101B5000814240F29E814048404998645A62404A1E
:101B60009962DA623EE79847A06A9DE7636A002BB4
:101B700000F08880D97CD4E91920002939D072B6C8
:101B8000D97CCD0708D54FF0E0265F69D6F88051A3
:101B90003D409D62C6F880518F0708D54FF0E02682
:101BA0009F69D6F884513D40DD62C6F884514E07E6
:101BB00008D54FF0E026DF69D6F888513D401D6317
:101BC000C6F888510D0708D54FF0E0261F6AD6F8F1
:101BD0008C513D405D63C6F88C51C90608D54FF065
:101BE000E0255E6AD5F8901131409963C5F89011EF
:101BF00062B699688A423BD01A499A6089691A4D3F
:101C0000C1F30116C1F3826155F826600131B6FBBC
:101C1000F1F5002A00F04681AA4200F24781B5FBA7
:101C2000F2F1B5FBF1F5AA4201D20D46691CB1F5FE
:101C3000817FC0F03D810D4ADA601AE06C460120D8
:101C40007F1A06003B372819B80B050518280060D5
:101C5000D92001003F420F000A0907046009010171
:101C6000007F050000C00F40B81F0020FF7F7F00ED
:101C7000DA681B68002119610321596201211A6485
:101C800018661961626C616D13688E4823EA01035E
:101C90001360FFF72BFDB4F90830402B7FF4B3AE8F
:101CA00020218948F4F7B4FA218987481F31C9B245
:101CB000F4F7AEFAB1E60226F6E6226C216D13685F
:101CC000676A0B43136086B1A16B06EB050CE36BEF
:101CD00015F8012B002F39D038684266C26D12F416
:101CE000F81FFBD0426F6545F2D1626C616D1368DD
:101CF0000B431360002F3FF428AFFB7C002B3FF415
:101D000024AFDC0704D5B96A4FF0E022C2F8001115
:101D1000980704D5F96A4FF0E022C2F80411590778
:101D200004D5396B4FF0E022C2F808111A0704D528
:101D3000796B4FF0E022C2F80C11DB067FF505AF9E
:101D4000BA6B4FF0E023C3F81021FEE6086812F0EA
:101D5000800FA66C0CBFB043304312F0400F0860F8
:101D60001868E66C40EA060018601868E66C20EA1D
:101D7000060018600868A66C0CBFB043304312F030
:101D8000200F08601868E66C40EA060018601868C2
:101D9000E66C20EA060018600868A66C0CBFB04329
:101DA000304312F0100F08601868E66C40EA060035
:101DB00018601868E66C20EA060018600868A66CCF
:101DC0000CBFB043304312F0080F0860E66C18688F
:101DD00040EA060018601868E66C20EA0600186001
:101DE0000868A66C0CBFB043304312F0040F0860C3
:101DF0001868E66C40EA060018601868E66C20EA8D
:101E0000060018600868A66C0CBFB043304312F09F
:101E1000020F08601868E66C40EA0600186018684F
:101E2000E66C20EA060018600868A66C0CBFB04398
:101E3000304312F0010F08601868E66C40EA0600B3
:101E400018601868E66C20EA060018600A68A06C42
:101E500014BF024382430A601A68E06C02431A60AE
:101E60001A68E06C22EA00021A603CE717488142D7
:101E70000CD9174C174818499C645A629862D96269
:101E80005AE6402102269047A06AFDE5134C14480B
:101E9000F1E71248124960E6676A26E74021984751
:101EA000A06AE2E58E42BFF4C1AEC5E60022C3E6F9
:101EB0000229FBD902394D082A0242EA05420A43A7
:101EC000BAE600BF182800606C4601203F420F00B0
:101ED0000A09070460090101007F05001C1A120CA1
:101EE000100E0202F8B50D4672B63D4A00233D4978
:101EF000841C91610221D16140F20641C2F8A030F8
:101F0000C2F8F0124FF47021C2F8F432C2F8F8327D
:101F1000C2F8FC3220F01F03C2F8A4100121C2F85D
:101F2000B010BFF34F8F4FF0E022C2F85C3F203378
:101F30009C42FAD8BFF34F8FBFF36F8F284A536983
:101F4000DC07FCD50123284920F07F40244C536155
:101F50004026C2F8F01242F20121244FC2F8F412D6
:101F60002349C2F8BC30C2F8A0000220C2F8A41075
:101F7000C2F8B03001E0590627D46369DA07FAD510
:101F800041211C4B0020164A61610121C4F8F03246
:101F9000194DC4F8F402194CC2F8B810C2F8A000E8
:101FA000C2F8A450C2F8B0105369DF07FCD55161E4
:101FB0002378DE07F0D41368094943F00103136066
:101FC0000B68DB07FCD462B6F8BD2946024618B19F
:101FD0000544384603F0C6F800206661CDE700BF2F
:101FE00000802A40F05AF05A3204180880812A40B2
:101FF00002000F000504012401000F0000812A40A7
:10200000C14B0021C14A2DE9F04F1B7883B0DFF8A6
:1020100074A303F01F03BE4D9AF800B0052BBD4B0F
:102020001B8894BF03EB43039B00C5E900111360B9
:10203000C5E90211BBF1000F3AD0B7484FF0010ECD
:10204000B64CDFF84493DFF84483B54F10F8013BFA
:10205000272B4FEA031C04EB031226D854F80C304C
:1020600003F1040CC3F38733032B1ED8D26855F851
:10207000236092FAA2F208F80130B2FA82F209F86B
:1020800001200EFA02F246EA020BA64E45F823B0F2
:1020900057F823B02BEA020B47F823B05CF8063060
:1020A0001A434CF806209AF800B001315945CDD3B7
:1020B000974B03F11001BFF34F8F4FF0E022C2F8AE
:1020C000703F20339942FAD8BFF34F8FBFF36F8F21
:1020D000954A9FED967AD2ED007AD2ED006AF8EE3D
:1020E000677ADFED935AF8EE666A9FED926A864B47
:1020F00067EE877A92ED007A66EEA56A1B78B8EEF5
:10210000477A8D4EFCEEE77A03F0C003FCEEE66AF8
:1021100027EE067A402B17EE901A16EE902ABCEEA8
:10212000C77A8FB290B2378217EE102A708292B2BD
:10213000B28208D17F0040005200BFB280B292B29A
:1021400037827082B2827D4B4FF0250800244FF019
:10215000050ED98B43F20B0C4FF4804BDFF8309215
:1021600021F007010904090CD983A3F80E804FF070
:1021700041087349A3F814805C81DC801F801F82B2
:1021800043F22307DFF80C829F81A3F82EE05C85E1
:10219000DC841884188641F61D50A3F82CC0A3F8DF
:1021A0004EE0A3F84A40A3F84640A3F84020A3F825
:1021B0005020A3F84CC00B6F43F440030B671D2164
:1021C000604B1A8802F47F4242F024021A801A8877
:1021D000D2B242F414521A805A8802F47F4242F07A
:1021E00026025A80A3F88400A3F886105648FCF70C
:1021F000CFFF464BB2694FF4A07C19685348C90021
:10220000156050608FB25249D46091615149C2F853
:10221000088011610821D782A2F814B0D78396F8FC
:102220001CE091834C4F4D4AD9F8003047F82E40BE
:1022300047F82E204A4A4B481A604B4AA3F814B07C
:102240001A614A4AA3F816C05A60A3F81EC09B61DF
:102250009C83C3E90284FCF79BFF0368D9F8002044
:10226000998BDFF834C121F080010904090CD2E90F
:10227000009E9983D2E90217C3E9009E9960017913
:10228000DF600CEB511001F01F0E4FF0010C8000CD
:102290000CFA0EFCD2E90479D2E906E2C3E904792A
:1022A000C3E906E22C4F0BB2314A103147F8234004
:1022B00047F823202F4B304A43F82120C0F800C0B4
:1022C0002E48FCF765FF114B21491868336A1F4AF5
:1022D0009961C1005A6089B2234A1D601A61D9828E
:1022E000D983882196F8242099832146C3F8088051
:1022F000A3F814B0DC60224B47F8224047F82230A4
:102300009AF800204AE000BFB4920120943B0120DB
:10231000E08A2020AC920120B8920120381D0020D4
:1023200068C00A4000801BFEA8430020ACC5A7354A
:10233000B00FA1349C534935E092012000801E402B
:1023400000C00F4000C03B40F8920120080002236B
:102350000000FFFF84801B4000C00E401E00008074
:1023600080302020843B012088801B40080002032D
:102370001F000080004C0020113E0100009301204E
:102380005E000080983B0120C43B01209C3B012063
:10239000003C01201000007C403800380A4D00FB52
:1023A00002F22868019202F0DFFD084B186830B194
:1023B000019A214603B0BDE8F04F02F0D5BD2A686E
:1023C0001A6003B0BDE8F08FEC3B0120B092012011
:1023D0002DE9F04FDFF86C8285B0D8F82020938B80
:1023E0001B06FCD5844B854C19682068DFF858A281
:1023F0008142834D06D09AF800302A6803FB02F22E
:1024000002F0B0FE7F4B4FF0050C7F484FF0250ED9
:10241000DA8B41F21006002192B2174603924FF474
:10242000205227F00707BFB2DF83A3F80EE0A3F81E
:102430002EC0A3F84EC0B0F884309BB21E43A0F863
:102440008460B0F886309BB243F01003A0F8863069
:102450006E4802F089FD29686D4850290A469AF8AD
:10246000003028BF50220260002B00F0C280236899
:102470004FF0010B674F0024674EDFF890910193F6
:10248000029501E0029B196816F8013B17F8010B51
:10249000019D0BFA03F309EB8000009201FB04514C
:1024A0000134F4F7EDF89AF80030009A9C42E9D331
:1024B000029D564B09EBC210BFF34F8F4FF0E02146
:1024C000C1F8703F20339842FAD8BFF34F8FBFF363
:1024D0006F8F296850296ED8D3005048504C08217E
:1024E00002689BB2C2F800901461D382918398F87D
:1024F00024104FF47A7A4B4AB8F81030117798F8D4
:102500001C400133DFF84491D4769BB2007901245A
:10251000DFF820B1D076D17602F580120021424852
:10252000518153854149A2F84A30414B53E8002F6D
:102530000E68076843E80042002AF7D1DBF804E0A0
:102540002A68AEEB070ED9F800C00AFB06F6D8F8E9
:10255000287002EB8202AEFB0CECF61B5200BCF5BD
:102560007A7F94BF664406F57A7602F596729642B3
:10257000DCD3039A0126234C42F00702E28353E89E
:10258000002F0C68056843E80062002AF7D1294B48
:102590005B684FF47A71D9F800205B1B01FB04F4EF
:1025A000A3FB02328A4294BFA4186418C8F82840DA
:1025B00005B0BDE8F08F204B4FF4A0741748782980
:1025C0001A68174E0368C3F800901E614FF00006AA
:1025D000DC829E834FF012069E83184B1360D482D8
:1025E00004D99683164B01221A7080E71023938337
:1025F000F8E7DFF818905CE7B0920120EC3B01208F
:10260000943B012000801E4000C03B4080302020D1
:10261000903B01209C3B0120C43B0120843B0120D6
:1026200088801B4000800E40FC3C0120F83C0120CB
:10263000F43C0120001000E0003C012080442020F8
:102640008C3B0120E0920120983B0120003D0120BD
:10265000F6EE006A91ED017AD1ED007A27EE267A46
:1026600067EEA67A80ED017AC0ED007A704700BF70
:102670002DE9F04704461546501CE268904214D8F4
:1026800022780E466168520081F8A52040F20112BE
:10269000A1F82F219BB167681A4A3968D1F80480E4
:1026A000904504D1B7F830218AB9BDE8F0871946C2
:1026B00038460122C0478046B8F1010FF5D12A46BD
:1026C000314620460123BDE8F047F4F74FB997F8AB
:1026D0002F21892A0FD04FF00109C84607F1A50024
:1026E00019461044424602F03DFD97F82F319944B7
:1026F00087F82F91E0E701214FF000097960C84683
:10270000ECE700BF8D310100B4EE400BF1EE10FAA2
:1027100080F1A580B0EEC07B9FED6C6BB4EE467B84
:10272000F1EE10FA00F390809FED6A7BB4EEC70BD8
:10273000F1EE10FA00F381809FED687BB4EEC70BD9
:10274000F1EE10FA00F1B680B5EEC00B30B5F1EE47
:1027500010FA2DED028B8DB07DD400259FED617BAD
:1027600030EE070BFCEEC07BB8EE678B17EE903AAD
:1027700030EE488B002B76D1302321208DF82D3080
:102780003DB101382D22C0B200F130036B4403F893
:10279000242C564C23782BB103ABC0F122011844F2
:1027A000F0F746FCB2EE046B2E2322788DF80C3045
:1027B00028EE067BFCEEC75BCDED015A9DF8043098
:1027C00005EE903A3033B8EEE55B8DF80D3037EE1C
:1027D000457B27EE067BFCEEC75BCDED015A9DF8ED
:1027E000043005EE903A3033B8EEE55B8DF80E30EC
:1027F00037EE457B27EE067BFCEEC75BCDED015A3D
:102800009DF8043005EE903A3033B8EEE55B8DF874
:102810000F3037EE457B27EE067BBCEEC77B17EE0D
:10282000103A30338DF810301AB1052103A8F0F7B3
:10283000FFFB0DB0BDEC028B30BD2C4B1B788BB178
:1028400003212B48F0F7F4BB284B1B7853B103212D
:102850002848F0F7EDBBB1EE400B01257EE7234B96
:102860001B7863BB7047244C092B4FF02100A4FB5D
:10287000032E4FEADE0E0EEB8E02A3EB420202F1B4
:1028800030028DF82D207FF67BAFA4FB0E3201388D
:102890007146D208C0B2092902EB820300F1300C64
:1028A000AEEB43039646EC4403F130030CF8243CB2
:1028B000EBD865E70D4B1B78002BC1D17047032186
:1028C0000E48F0F7B5BB00BFAFF30080FFFFFFFF7E
:1028D000FFFFEF7F000000E0FFFFEF41000000E09E
:1028E000FFFFEFC12F431CEBE2360A3FF03C012013
:1028F0006C3F0020683F0020CDCCCCCC643F002052
:102900002DE9F047884682B00168174605460A9AC5
:10291000002971D0446891F813C0D4E9000ABCF1D1
:10292000000F3FD072B691F813C01CF0010F08D011
:102930004FF0E0294E69D9F8804134408C62C9F8E3
:1029400080411CF0020F08D04FF0E0298E69D9F8C1
:1029500084413440CC62C9F884411CF0040F08D093
:102960004FF0E029CE69D9F8884134400C63C9F8AA
:1029700088411CF0080F08D04FF0E0290E6AD9F802
:102980008C4134404C63C9F88C411CF0100F08D0C6
:102990004FF0E02E4E6ADEF8904134408C63CEF862
:1029A000904162B68C6884421BD05C4C8860A469FC
:1029B000DFF87CC1C4F3011EC4F382645CF82EE02E
:1029C0000134BEFBF4FC002840F08880A64506D305
:1029D0000CF10104B4F5817FC0F093805048C860C9
:1029E00000E0C868096800240C6103244C62086494
:1029F0000120C1F860A0086195F90E10481C4FD164
:102A00007AB102F1FF395C1E0DF10706994414F802
:102A1000013F314628468DF80730FCF78DFBA14574
:102A2000F5D17FB1013F08F1FF340DF107064744AE
:102A300014F8013F314628468DF80730FCF77CFB3F
:102A4000BC42F5D195F90E305E1C38D12B6823B30A
:102A5000DA7C12B3D50704D5986A4FF0E021C1F8AB
:102A60000001940704D5D86A4FF0E021C1F80401B1
:102A7000500704D5186B4FF0E021C1F80801110789
:102A800004D5586B4FF0E021C1F80C01D20604D5F3
:102A90009A6B4FF0E023C3F8102102B0BDE8F08735
:102AA000C9B22729ACD80C011E4800EB011100590E
:102AB000CC68466826421CD0C0F88840A0E7DBB24C
:102AC000272BC3D81901174A02EB03135258D968B0
:102AD0005068084211D0C2F88410B7E784451BD370
:102AE000BCFBF0F4BCFBF4FC84457FF673AFA4465A
:102AF0006EE789680C48086082E79B680B4A1A6099
:102B0000A4E7022C08D9023C4FEA540C4FEA0C40CF
:102B100040EA0C20204362E7002060E700C00F403D
:102B2000FF7F7F00381D00203830010038F00100A1
:102B3000B81F00202DE9F843044600680D461646EC
:102B40008842A36816D8C218914213D20F1A4FF0C8
:102B500001096EB103EB0608626890450DD8B9F122
:102B6000000F1BD12946184402F07EFAC4F80880F1
:102B7000BDE8F8834FF00009EBE708F1010103F02D
:102B800025FB0028F4D0A368C4E90008002BE6D197
:102B900003702068A368B9F1000FE3D03246C11971
:102BA000184402F0DFFA2368002203F80820DDE76A
:102BB000F8B5002504460F46056008462573C4E9AC
:102BC000015502F083FB68B10646013003F0EEFACE
:102BD00040B1394605702060C4E90166BDE8F8409F
:102BE00002F042BAF8BD00BF0368F0B45BB3002442
:102BF0009C600124DC60244C244D1C44241145F8C5
:102C0000241003211A60224A99600379214D13553B
:102C10001378517820488B42C0F8285228BF0B46C1
:102C20009178D2788B4228BF0B46934228BF134637
:102C30001A484FF0E0224FF0806180F87A30C2F8F5
:102C40000C11F0BC7047164E4FF0010C154CF56E90
:102C5000154F45F44055F566C7F800C0A5680460F7
:102C600075B1124DA669056066B11035A66A05609A
:102C700046B1A56B3034046015B10360F0BC7047F9
:102C80002346B8E72B46B6E700BFF7BFE04E00206B
:102C9000C043002049A70000004C002000E400E0F1
:102CA00000C00F400041084000400840104108406B
:102CB000F8B504461546BAB143680E469A4206D89E
:102CC00031462068A560BDE8F84002F0CDB9511C3E
:102CD000006803F07BFA074660B1A368C4E9000509
:102CE000002BEDD10370EBE7036803B11A700023EA
:102CF000A360F8BD206810B103F060FA27600023DC
:102D0000C4E90133F8BD00BF002200F1240370B50F
:102D1000554C00F5DB65C26004600024026142612D
:102D20008261C261026200F1300242F8044C42E961
:102D300003440C329542F8D100F2D565C0F8CC4678
:102D4000C0F8D04600F67D5680F8D4462A460024C6
:102D500014600C3242F8084C42F8044CB242F7D1ED
:102D600000F580529FED416A80F87D4DF6EE004AF5
:102D700002F66476A0F87E4DC0F8804DF0EE465A1B
:102D8000A0F8844DF0EE466A82F85E4FB0EE467AC7
:102D900086ED006AF0EE467A86ED016A02F66C7600
:102DA000334C02F6747286ED006A4FF0000E86ED29
:102DB000016A4FF6FF7C82ED006A00F1100682ED99
:102DC000016A00F684520172211D446011ED016A0E
:102DD000033391ED005AB4EEE66A23F803EC03F8EE
:102DE00001ECA3F8AEE6F1EE10FA83F8B0E6B4EE2B
:102DF000E55A76FE866AF1EE10FAB4EEE76AD4BFC1
:102E00000C463446F1EE10FA01F10801B4EEC75A4F
:102E1000D4ED005AC0ED036A58BFF0EE467AC0ED1B
:102E2000045AF1EE10FAC0ED057A58BFB0EE457ABB
:102E30009D4237EEA65A37EE256A80ED067A25EEDA
:102E4000245A26EE246A80ED075A80ED086A22F89B
:102E500002CFA2F876C4A2F8ECC8A2F862CDB5D130
:102E6000BDE87040E2F786BA1C3B0020000000007D
:102E7000F078202010B4104C034680ED0B0A4FF080
:102E8000000C046000201222996198829886C3F891
:102E90001CC0C3F820C0C3F824C0C3F828C0C3F8BE
:102EA00030C0C3F838C0C3E90100C3E90300181DEE
:102EB0005DF8044B03F0FEB8783B0020264903463A
:102EC000DFF8A0C0002230B543F8081B00250146FA
:102ED00000F52274C3F800C0203343F81CCC43F83B
:102EE000182C43F8142C43F8102C43F80C2C43F8FE
:102EF000082C43F8045CA342ECD100F55E74DFF8C3
:102F000068E04FF0000C154AC3F800E00C3343F8BA
:102F100008CC43F8042CA342F6D10022012400F58A
:102F20002073A0F844250271C0F80825C0F80C25CC
:102F3000C0F81025C0F81425C0F81825084A80F8F4
:102F40004645026120308342FBD14FF03F4241F8B9
:102F5000202F9942FBD130BD8C3B00200AD7233C67
:102F6000000080BF6F12833ACDCC4C3D4FF07E5CA9
:102F700070B50446C0F800C0C0F810C090B0C0F8EA
:102F800038C000201D4616462062E062A0646065DD
:102F90000B6860620993214BA06220636063E06468
:102FA0002065A065E0656060A060E0606061A06190
:102FB000E061E063206460645868D1F808E0D1ED16
:102FC000017A09A9B3F800C09A68DB680D9005A8DA
:102FD000CDED0A7ACDF82CE0ADF830C00E920F930B
:102FE000FCF778FA059B01AA05A804F110010193EA
:102FF000069B0293079B0393089B0493F0F72AF91F
:1030000032687368B0682968226263626A68AB6874
:10301000A062E1622263636310B070BD6050012062
:1030200000234FF07E52436002608360C360026100
:1030300043618361C361036243628362C26202636C
:1030400042638263C363036443648364C36403654C
:1030500043658365C365704710B54FF0040E0446A1
:10306000944688B080F800E04FF07E500022606007
:10307000E061206460640020A4F848200DEB0E029B
:10308000A062E062206360632062606291ED006A8A
:10309000D1ED016A02A99CED007ADCED017A37EEF0
:1030A000065AA06077EEA65AE06020616061A061D8
:1030B000A0630E4884ED0A6AC4ED0B6A84ED0C7AB5
:1030C000C4ED0D7AE06304A88DED025ACDED035AEC
:1030D000FFF7BEFA05991A46DDF810C06162211D9E
:1030E000C4F820C0F0F7B6F808B010BD00002041C9
:1030F000002310B443600381054C0A888B78046078
:1031000082805DF8044B8371A0F8072043727047FA
:10311000B83B0020D24BD348D349D44A2DE9F04FD5
:103120002DED028BC3E90010A1F580410024D04DA4
:1031300083B0116000F150019C6200F1A8099C87E6
:1031400005F1180051604FF47A7B9462C94EDFF8A4
:10315000A0A3DFF8A083C84FC3E90244C3E9044435
:10316000C3E91044C3E91244C3E90644C3E908446F
:10317000C3E90B44C3E90D44C2E90244C2E9044473
:10318000C2E90644C2E908449487D4629463C2E960
:103190000C44C2E91044C2E91244FBF7F9FFB74AF4
:1031A000B74900F075FCB748FBF7F2FFB34AB449E2
:1031B00000F06EFC05F12000FBF7EAFFAF4AB049D2
:1031C00000F066FCB04B214606F11A0003F1200224
:1031D000C6F8009074601A608822AC4B3473336177
:1031E000C6F808B03483C6F814A001F0BDFE8922E9
:1031F000214606F1A500A6F8A24086F8A44001F0F9
:10320000B3FEA34B8822214608F11A00C8F81030FB
:103210000AF1500388F80C40A8F81840C8F8143098
:10322000C8F80090C6F82E41A6F8324186F834411D
:10323000C8E9014BC6E94E4401F096FE89222146B9
:1032400008F1A500A8F8A24088F8A44001F08CFE7F
:103250000AF1A0038822214607F11A007B618D4BF9
:10326000C7F808B0C8F82E41A8F832417C603C731A
:103270003C833B61C7F800904FF0000988F8344167
:10328000C8E94E4401F070FE8922214607F1A500ED
:10329000A7F8A24087F8A44001F066FE4FF07E53E5
:1032A000C7F82E41A7F832412B60C5F80490C5F845
:1032B0000890C5F80C9087F83441C7E94E44F3F7FD
:1032C00023FC754A7549764B11600421D462116361
:1032D0004FF48071C2F8D490C2F8E41003F538516D
:1032E000C2F8D890C2F8DC90C2F8E090C2F8E8903A
:1032F000C2F8EC906B4A1A605C3303F8084C43F850
:10330000049C8B42F7D15D4A4FF0010A66494FF0A9
:10331000C808664800F0BCFB654B66481022664949
:103320009A800460554A00F0B3FB644B64481C86E5
:10333000C3F800A0C3F82C90624B504A6249A3F82E
:103340000480046000F0A4FB604B614FC3F800A050
:103350001C86C3F82C905F4BDFF89CA1A3F8048077
:103360004FF4C878F0F700F84FF07C514FF07F43EE
:1033700007F11402F9604FF0804107F1240C3A6321
:1033800079640221A7F84C4039715349534C396193
:103390000AF11C01C7F8349039620AF13001C7F80C
:1033A000089079654E49C7F83890B9664D49C7F815
:1033B0003C90F9664C49C7F8409039674B49C7F8CB
:1033C00048907967C7F85090C7F800A0C7E906335E
:1033D0004FF0FF237B614FF07E5307CAFB653B66CE
:1033E0007B668CE80700C7F878904FF48072FB6723
:1033F0000AF13C01C7F8803007F58670C7F88C30B9
:10340000C7F89430C7F8AC30C7F8B430C7F8C0304C
:10341000C7F8C430C7F8E030C7F8E430C7F8F03078
:10342000C7F8F830C7F88840C7F89840C7F8A040F8
:10343000C7F8A440C7F8B840C7F8CC40C7F8D04098
:10344000C7F8D840C7F8EC40C7F88490C7F8909008
:10345000C7F89C90C7F8A890C7F8B0904EE000BF9E
:10346000E03A0120C43B002000003A40303B0120FC
:10347000E0920120083D0120A03901203C440020B9
:10348000453D0100843B0120003C012000003F40FD
:1034900000803F4000C03F403C630120CDCC4C3E0B
:1034A000AC640120CDCC4C3D71C8000084430020A9
:1034B000DC460120643E0120F93E01000851012054
:1034C000483E0120FC50012021330100C45001205E
:1034D000A8480120B8500120CDCCD440000080BFC6
:1034E000AE67BB3E8C65583EABAAAA3EABAA2A3E4D
:1034F0001C28006060380120903C0020C7F8BC9078
:10350000C7F8C890C7F8D490C7F8DC90C7F8E8901F
:10351000C7F8F490C7F8FC40C7F80091C7F8044119
:10352000C7F8084101F01EFE0AF13C014FF4807219
:1035300007F5037001F016FE07F12003BB6501F0EB
:10354000F1FD044601F0EEFD57FA80F057FA84F3DE
:10355000B8F1010890F80C1293F80C2283F80C12C1
:1035600080F80C22EBD1E649E64801F5007CE64CF8
:10357000C01B431857FA83F393F80C22A4FB02E311
:1035800001F8012F8C454FEAD30303EB4303A2EB71
:10359000830281F80022ECD19FEDDC8A4FF0000815
:1035A000DB48F7EE008ADB4ADB4980ED008AA0F2B7
:1035B0000C7000F06DFAD94BD949C3F81C80196022
:1035C000596083ED028A83ED038A83ED048A83EDDB
:1035D000058A83ED068AD34BD34F83ED008A83EDB2
:1035E000018A3846D14BD24C83ED008A83ED018AA3
:1035F00004F1200BCF4BD04A83ED008A83ED018A82
:10360000CE4B40F8044B83ED008A83ED018A4FF6E0
:10361000FF73C2F81C801160516001A982ED028A1B
:1036200082ED038A82ED048A82ED058A82ED068AA4
:10363000ADF804308DF80630FFF75AFD6FF07F4388
:103640003861A7F818809C227B61202187F872815D
:1036500007F1380087ED078A87ED088A87ED098A28
:1036600087ED0A8A87ED0B8A87ED0C8A87ED0D8A34
:1036700001F07AFCDFF818939C22202107F1D40096
:10368000DFF810A301F070FC3846A24AAC4900F004
:10369000FFF9AC4F4846C9F8088089F80C809C2295
:1036A000A949C9E90088FFF703FB4846994AA74999
:1036B00000F0EEF93846C7F808809C2287F80C80A5
:1036C000A349DFF8D492C7E90088FFF7F1FA914ADD
:1036D0009E49384600F0DCF99E489F4B4FF00108A8
:1036E00080ED038AC3634FF4000380ED048A036412
:1036F0004FF4803380ED058A436404F1140380EDB8
:10370000068A036080ED078A80ED088A80ED098AC9
:1037100080ED0A8A80ED0B8A80ED0C8A80ED0D8A9F
:1037200080ED128A80ED138A80ED148AC0ED0E8A36
:10373000C0F80480E8F71EFD8AED018ACAF800B0DF
:1037400004F12C0A89ED018AB6EE002AC5F82CA0F6
:103750000221DFF848A24FF0100EDFED807A03223D
:10376000C5F848A004F1380ADFED7D6A4FF0140C6B
:10377000C9F800A04FF01E0A9FED7A7AB1EE025A06
:1037800089F808A004F14409DFED772AF0EE0C4A2D
:103790009FED763ADFED763A9FED764AC5F8809058
:1037A00004F1500985F8401085F8501085F8601034
:1037B00085F8701085ED0C8A85ED0D8A85ED0E8AF1
:1037C000C5ED118AC5ED1D8A85ED218A85ED248A16
:1037D00085ED0F2AC5ED1F7AC5ED156AC5ED196A8D
:1037E00085ED167A85ED1A7A85F888E085F894E0FB
:1037F000C5ED132A85ED173AC5ED1B3A85ED1E4A36
:10380000C5F88C9085ED278A85F8AC1085F8BC103A
:1038100085F8CC1085F8DC1004F15C01564FC5F832
:10382000981056495648C5F8B41004F168019FED48
:10383000556AC5F8EC1004F17401534B396004F17A
:103840008001DFED525A85ED2A2AC5ED2E2A85ED3D
:10385000323AC5ED363A85ED394A85F8F4E085ED22
:10386000288A85ED298AC5ED2C8AC5ED306AC5ED1B
:10387000346A85ED317A85ED357AC5ED388AC5ED46
:103880003A7A85ED3C8AC5F8F82085ED3F8A85EDCA
:10389000406AC5ED417A87ED018A87F808C0FA6071
:1038A00087ED048AC7ED058A016004F18C0183ED80
:1038B000018A83F808C01A7383ED048AC3ED058A70
:1038C00083ED065A1A7783ED088AC3ED098AC3EDA2
:1038D0000A5A83F82C2083ED0C8A83ED0D6AC3ED20
:1038E0000E7A196004F19803C7ED064AA434C5F8AE
:1038F0000831C0ED064A80ED018A80F808C04FE02B
:10390000B34B0120F5FCFFFFABAAAAAA0000000000
:10391000B44F01203C440020D5C800000C470120D2
:103920006F12833A2C47012034470120B84F012001
:10393000D43D002080500120EC4601208850012019
:10394000CDC80000A45001201441002061C800002F
:10395000B441002008500120FFFF7F7FCDCC6C4098
:103960000000C0C20000C04233331340CDCC2C4015
:103970009A99D93F0000C8427464012000409C45D8
:10398000906401200000B44338640120CDCC4C4049
:1039900090500120705001202C6401200000404212
:1039A000C26080ED048AC0ED058A85ED485A85ED38
:1039B000438A85F810C185F8142185ED468AC5ED46
:1039C000478A85F8242185ED4A8AC5ED4B8AD5F8CA
:1039D0005031C5ED4C5ADB0785F8342185ED4F6A2F
:1039E000C5ED507A85F84CC1C5F8444185ED4E8A45
:1039F00085ED528A2DD5EFF7B7FC1A4800231A49F6
:103A00004FF0FF32194C1A4D4362C362C0F83320A5
:103A100080F8372086628565C0E90131C0E903136B
:103A2000144901601449C0E90524C0E90733134C67
:103A30000723134A416613498366C46500F028F8DA
:103A4000EFF792FC03B0BDEC028BBDE8F04FF3F74B
:103A5000DFBD0B4A0C490D48C5F8508100F018F83D
:103A6000C9E700BF6C460120800040000101000151
:103A7000801A06009C35002000093D00A086010048
:103A80003C440020F538010071C800008C43002040
:103A900003460846194601F0B9BA00BF08B52DED36
:103AA000028BB0EE408A00F055FDB4EE488AF1EE8C
:103AB00010FA0FD6B5EEC08AF1EE10FA0AD8B5EEBC
:103AC000408AF1EE10FA08D101F048FA22239FED66
:103AD000090A0360BDEC028B08BD01F03FFABDECA2
:103AE000028B034621221A600348BDE8084000F01B
:103AF000E7BA00BF000080FF283F002008B52DED89
:103B0000028BB0EE408A00F00FFBB4EE488AF1EE73
:103B100010FA06D6DFED098AB4EEE88AF1EE10FA63
:103B200002D4BDEC028B08BD01F018FA88EEA80A99
:103B3000BDEC028B2123036008BD00BF0000000024
:103B4000000000002DE9F04F5BEC10AB2DED0A8B6F
:103B50004FEA1B5C11EE90EA0CF1FF3640F2FD706B
:103B6000864210EE101A11EE103A89B05A46654698
:103B70004FEA1E5400F2C680C4F30A06A6F2BE360F
:103B80007F2E98BF002000F2BD80BFEE000BE14CFD
:103B9000E14B1444C4F3463503EB451693ED006B3B
:103BA00093ED027B96ED128B96ED189B96ED162BFE
:103BB000260D241505EE904A360593ED0C4BB8EE14
:103BC000E55B951BA5EE062BA5EE079B93ED04ABDD
:103BD00093ED105B93ED08BB93ED067B93ED0A6BC1
:103BE00093ED0E3B0C1E45EC1C4BACEE080BA0EE0F
:103BF000053BA0EE046B20EE0A5B30EE024B20EE9C
:103C0000058BA0EE0B7BA8EE036B32EE442BA8EEE7
:103C1000067B32EE002BB0EE483B39EE022B95EEE0
:103C2000003B34EE085B20EE080B34EE454B32EEE1
:103C3000036B34EE084B36EE046BA0EE076B35EEEB
:103C4000064B21EE048B18EE902AB0EE487BC2F3AF
:103C50000A556FF47273EB183E2B91EE047B35EE30
:103C6000445B35EE065BA1EE057B00F29380AB4B27
:103C700093ED024B93ED005BB0EE441B93ED042BF0
:103C8000A8EE051B93ED066B11EE101A31EE441BE6
:103C900001F07F0293ED0E4BA1EE028BA1EE068B9D
:103CA00093ED0C6B37EE087B27EE072B921802F191
:103CB0000F0403EBC202A7EE046B92ED1C4B03EB67
:103CC000C40293ED0A3B93ED085B53F834605768E8
:103CD000A7EE035B4018002422EE023B37EE047B84
:103CE000A219A2EE057B07EB4033A3EE067B002D65
:103CF0005FD043EC102BA7EE000B09B0BDEC0A8B94
:103D0000BDE8F08FD8184EEB0E09461E37466FF00F
:103D1000010849F1FF36B8456FF4001777EB060646
:103D2000C0F02081481842EB0209461E374669F16F
:103D30000006B8456FF4001777EB0606C0F039812E
:103D4000002A6ADB0020C4F30A06A6F2BE337F2BEA
:103D500040F2FF774FD9724B00209A4208BF814250
:103D600000F0FD8040F2BD35AE4240F29180012965
:103D700072EB030334BF01230023BC428CBF002439
:103D80000124A3420ED109B0BDEC0A8BBDE8F04F6F
:103D900000F060BC002BC0F2CE80B5F5816F75D904
:103DA000002AF0DB09B0BDEC0A8BBDE8F04F00F053
:103DB00059BCA14280F21381B7EE003B03F17F5161
:103DC00001F50011104641EC150B27EE057B35EE91
:103DD000076BB0EEC64BB4EEC34BF1EE10FA61D4F4
:103DE0009FED480B26EE000B09B0BDEC0A8BBDE839
:103DF000F04F00F067BC002D7FF4C7AE9FED437B12
:103E00004BEC16AB26EE077B53EC172B23F000424E
:103E100017EE101AA2F15072B7E6C4F30A0640F288
:103E2000FE3086427EDD40F23340864200F3FA8067
:103E3000801BA0F120054FF0FF374FF0FF3987407E
:103E400009FA05F9C0F12008019547EA09054FF084
:103E5000FF3727FA08F945EA0905874023EA0707EB
:103E60002EEA05053D435DD1019DC3400EFA08F8D9
:103E700043EA08032EFA05FE43EA0E0303F00103AA
:103E8000980422F00042CCF30A055EE70025EEE636
:103E900088429341B7EE000B34BF31EE000B30EE99
:103EA000410B2AE7B5EEC06BF1EE10FA35EE465B3A
:103EB000BFEE004B35EE075B58BFB0EE434B36EE1E
:103EC000043B34EE437B37EE067B37EE057B37EE63
:103ED000037B37EE446BB5EE406BF1EE10FA04D184
:103EE0002A4601F0004343EC162B9FED065B8DED57
:103EF000045B9DED047B27EE057B8DED067B6FE774
:103F0000AFF300800000000000001000000000007F
:103F100000003043AB6A19C0100C00208002002062
:103F20000000F03F4BEC10AB09B0BDEC0A8BBDE8D4
:103F3000F04F00F0B7BBB7EE000B38EE000B0028D7
:103F40003FF4DBAEB1EE400BD7E64918594B82F493
:103F500000224FF000005241884293415DD3B7EEFA
:103F6000000BCAE650EA0904EFD0534C0025A242E8
:103F700008BFA94247D04918504B52418D4273EBBC
:103F800002044AD3994508BFA84246D103F1004331
:103F90009A4208BFA942E2D09A426FEA0E0E34BF9D
:103FA000002201224FEADE7E724577D09FED3D0B65
:103FB000A3E64BEC17AB002A27EE070B34DB0022FD
:103FC00050EA09095DD1BEF1000FBFF696AE10466A
:103FD00009B0BDEC0A8BBDE8F04F00F04BBB03F11C
:103FE00040419FED326B01F57001104641EC100B22
:103FF000A7EE000B20EE060B09B0BDEC0A8BBDE866
:10400000F04F00F06BBBDB182A4A8EF4002E4EEB0B
:104010000E0E9D4272EB0E02A1D24BEC17AB37EEA7
:10402000010B6AE600202CE7C4F30A02A2F2FF317A
:104030003429C4D8C2F586624FF0FF31A2F11D05C4
:10404000033201FA05F701FA02F4C2F120063C43FB
:1040500021FA06F73C43914023EA01012EEA0404C9
:104060002143ACD123FA02F20EFA06F632432EFABD
:1040700005F52A4312F00102A2D0B1EE400B012255
:104080009EE7BEF1000FBFF638AEB7EE006B86EECE
:10409000007B8DED027B9DED020B2EE621EE010BE8
:1040A0002BE600BF00000000000000000000000040
:1040B0000000007F0000F0FF0000F03F0000E0FF84
:1040C0009FED010A704700BF0000C07F00F07EBB7B
:1040D00008B52DED028BF0EE408AB0EE608A00F05C
:1040E0001BFCF4EE488AF1EE10FA06D6DFED098AE1
:1040F000B4EE688AF1EE10FA02D0BDEC028B08BD76
:1041000000F02CFF88EEA80ABDEC028B212303608F
:1041100008BD00BF0000000010EE103A23F000437D
:1041200000EE103A704700BFB1EEC00A704700BF02
:104130000000000030B510EE104AC4F30A53B3F586
:104140007D7FB7EEC06A83B01BD226EE065BB3F567
:10415000667F6ED326EE052B25EE021B734B93ED87
:104160001A3B93ED187B93ED164BA5EE037BA2EE65
:10417000046BB0EE460BA7EE010BB7EEC00B03B01D
:1041800030BD40F22E4293425ED8684991ED087BE3
:1041900026EE077BFDEEC77B91ED0A5B17EE903AAA
:1041A00003F500031B1613F0020F07EE903A01F11E
:1041B000700208BF0A46D807B8EEE77BA7EE456B4A
:1041C00026EE067B1BD403F0030301EBC30192ED43
:1041D0001A4B91ED002B92ED185B26EE026B92EDDF
:1041E000163BA7EE045B26EE074B27EE047BA4EEFE
:1041F000036BA5EE076BB7EEC60B03B030BD92EDB7
:10420000142B27EE075B92ED126B92ED0E3BA7EE9F
:10421000026B92ED0C0B92ED104BA7EE030B27EE09
:10422000057BA5EE040BA6EE070BB7EEC00B03B0A3
:1042300030BD220D12F4FF6FDFD1B7EEC55B00EE8B
:10424000104A8DED015AD8E7B3F5FF6F4BD2384BCA
:10425000C4F3836203EB820053F822200569C4F3A0
:104260001603C4F3C25143F400038B40016A03FBFD
:1042700002F2A3FB0110E3FB050202F100518D0FD6
:1042800001F04041511A00F03BFE2A4B9FED257B87
:1042900005EBD47441EC160B14F0020FA3F170027D
:1042A00008BF1346E90726EE077B27EE076B1FD4EE
:1042B00004F0030402EBC40293ED1A4B92ED002BC1
:1042C00093ED185B27EE027B93ED163BA6EE045BA5
:1042D00027EE064B26EE046BA4EE037BA5EE067BD1
:1042E000B7EEC70B89E703B0BDE8304000F022B954
:1042F00093ED142B26EE065B93ED127B93ED0E3BB4
:10430000A6EE027B93ED0C0B93ED104BA6EE030B88
:1043100026EE056BA5EE040BA7EE060BB7EEC00B61
:104320006BE700BF182D4454FB21193C581C00209A
:104330009C3E0020C81C00200000000038B510EE94
:10434000104AC4F30A53B3F57D7FB7EEC07A1ED28C
:1043500027EE077BB3F5667F6FD327EE071B634B12
:1043600093ED142B93ED125B93ED0E3BA7EE025BE6
:1043700093ED0C0B93ED104BA7EE030B27EE017B97
:10438000A1EE040BA5EE070BB7EEC00B38BD40F253
:104390002E42934254D8554991ED086B27EE066B97
:1043A000FDEEC66B91ED0A5B16EE903A03F5000345
:1043B0001B1613F0020F06EE903A01F1700208BFCF
:1043C0000A46D807B8EEE66BA6EE457B27EE076BEC
:1043D0001AD503F0030301EBC30191ED002B92ED1D
:1043E0001A4B92ED185B92ED163BA6EE045B27EE9E
:1043F000027B27EE064B26EE046BA4EE037BA5EEB4
:10440000067BB7EEC70B38BD92ED142B92ED127BF5
:1044100092ED0E3B92ED0C0B92ED104B26EE065BEF
:10442000A6EE027BA6EE030B26EE056BA5EE040BB3
:10443000A7EE060BB7EEC00B38BDB7EE000A38BDCD
:10444000B3F5FF6F3DD22A4BC4F3836203EB8200C6
:1044500053F822200569C4F31603C4F3C25143F490
:1044600000038B40016A03FB02F2A3FB0110E3FB94
:10447000050202F100518D0F01F04041511A00F088
:104480003FFD1C4B9FED177B05EBD47441EC160BE5
:1044900014F0020FA3F1700208BF1346E90726EEDD
:1044A000077B27EE076B10D504F0030402EBC40270
:1044B00092ED002B93ED1A4B93ED185B93ED163BA9
:1044C00093E7BDE8384000F035B893ED142B93ED39
:1044D000127B93ED0E3B93ED0C0B93ED104B9DE790
:1044E000AFF30080182D4454FB21193C581C0020C8
:1044F0009C3E0020C81C002010B582B08DED010A42
:10450000044600F02BFD9DED010A046002B010BDD1
:104510009FED070AFFEE007AB7EE007A00284FF011
:10452000220047FE277A87EE800AFFF7E5BF00BF2B
:104530000000000070EE407AB4EE400A87EEA77AE1
:10454000F1EE10FAB0EE470A02D62120FFF7D4BFF1
:10455000704700BF08B510EE103A33F000422DED61
:10456000028B2BD0002B32DBB3F1FF4F41DAB3F5D6
:10457000000F35DB0021DA157F3A0A44D10FC1F173
:104580007F0102EBD272C3F3160307EE902A43EACF
:10459000C15300EE103AB8EEE78A00F0B3F8DFED51
:1045A000177A9FED177A20EE270ADFED167AA8EE2C
:1045B000070AA8EE270ABDEC028B08BDBDEC028BF2
:1045C0009FED117ADFED117A87EE270A08BDBDEC69
:1045D000028B70EE407A9FED0D7A87EE870A08BD58
:1045E000DFED0B7A60EE277A6FF0180117EE903A44
:1045F000C1E7BDEC028B30EE000A08BDD95BDE3EA0
:10460000DB27543580209A3E000000CC00000000DB
:104610000000004C10B582B08DED000B044600F098
:104620009DFC9DED000B046002B010BD82B058B13E
:10463000B1EE407B8DED007B9DED007B222020EED6
:10464000070B02B0FFF7E6BFB0EE407BF2E700BF1A
:10465000000000009FED010BFFF7E8BF0000000025
:10466000000000109FED010BFFF7E0BF000000000D
:104670000000007082B00028B7EE006BBFEE007B38
:1046800006FE077B8DED007B9DED000B9FED037B10
:10469000222080EE070B02B0FFF7BCBF0000000035
:1046A00000000000B4EE400BF1EE10FA30EE407B5B
:1046B00087EE076BB0EE460B02D62120FFF7AABFAC
:1046C000704700BFB5EE400BF1EE10FA00D0704716
:1046D0002220FFF79FBF00BF000000009FED076B87
:1046E000B0EEC07BB4EE467BF1EE10FA00DC704712
:1046F0002220FFF78FBF00BFAFF30080FFFFFFFF57
:10470000FFFFEF7F10EE103AB3F17E5F10EE102A3C
:1047100038D0A3F50001B1F1FE4F36D2BFEE000B49
:1047200002F14043264903F54D03C3F3C34001EBB7
:10473000001091ED404B91ED445B91ED467B91ED86
:10474000426BD90DC90590ED002B521A03EE902A49
:1047500090ED021BDB15B7EEE33AA2EE030B03EE7E
:10476000903A20EE002BA5EE007BB8EEE33BA6EEE0
:10477000027BA3EE041B30EE010BA2EE070BB7EE9B
:10478000C00B70479FED0F0A7047590014D0B3F16A
:10479000FF4F14D0002B0BDBB1F17F4F08D2DFEDC0
:1047A0000A7A60EE277A17EE903AA3F13862B5E7FD
:1047B00000EE103AFFF7BEBE0120FFF7A9BE70471A
:1047C000F00A0020000000000000004B10B582B08D
:1047D000CDED010A019B23F00042B2F1FF4FF0EE54
:1047E000407A30DC10EE100A20F00041B1F1FF4FAA
:1047F00029DCB3F17E5F40D09C1704F0020444EA48
:10480000D07431B372B3B2F1FF4F3ED0B1F1FF4F6C
:1048100028D0891AB1F1F45F4FEAE15232DA002B65
:1048200040DA3C323EDA9FED330A012C4CD0022CA8
:1048300041D064B19FED307ADFED307A30EE070A77
:1048400030EE670A03E09DED017A37EE270A02B0E9
:1048500010BD022C0ED09FED2A7A032C07FE000A11
:1048600002B010BD9FED270ADFED277A002820FE59
:10487000270AECE79FED210AE9E702B0BDE8104006
:1048800000F0DAB89FED1F0ACFE7B1F1FF4F04F156
:10489000FF3420D0022C26D81C4B03EB840393ED6D
:1048A000000AD4E79DED017A87EE870AFFF734FC12
:1048B00000F0C2F8B9E79FED107ADFED107A30EE24
:1048C000070A37EEC00AC2E710EE103A03F10043C0
:1048D00000EE103ABBE7022C08D80D4B03EB840323
:1048E00093ED000AB3E79FED030AB0E79FED090AD5
:1048F000ADE700BF000000002EBDBB33DB0F494019
:10490000DB0F49C0DB0FC93FDB0FC9BF883E00206A
:104910007C3E0020DB0F493F30B583B0CDED010A6E
:10492000019D35F0004041D010EE10EA2EF000411C
:10493000B1F1FF4F3ADAB0F1FF4F37DC81423BDB98
:104940000EF000443AD01EF0FF4F56D10B02002B60
:104950006FF07D0204DD5B00002B02F1FF32FADC18
:1049600015F0FF4F58D103026FF07D0C03D45B00AC
:104970000CF1FF3CFBD512F17E0F47DBCEF3160E98
:104980004EF400031CF17E0F3ADBC5F3160141F42F
:104990000000B2EB0C0204D117E00FD04B00013A3B
:1049A00013D0191A0029F8DA5B00F8E7DDED017A77
:1049B00060EE277A87EEA70A03B030BD1D4B03EBEC
:1049C000547393ED000A03B030BD181A58BF034664
:1049D0001BB9F3E75B000CF1FF3CB3F5000FF9DB0B
:1049E0001CF17E0F1DDBA3F500030CF17F0C2343AC
:1049F00043EACC5300EE103ADEE7CA157F3AAFE740
:104A00006FF07D01A1EB0C018840C2E76FF07D03E0
:104A10009B1A01FA03F3B5E74FEAE05CACF17F0CB7
:104A2000A9E76FF07D02A2EB0C021341234300EED5
:104A3000103AC1E7943E002038B510EE105A25F028
:104A40000044B4F1A14FF0EE407A0ADBB4F1FF4F1D
:104A500058DCDFED517A9FED517A002D37FE870A41
:104A600038BD4F4B9C425CDCB4F1445F4DDB4FF0F2
:104A7000FF3327EEA76ADFED4B6ADFED4B5ADFED20
:104A80004B4A9FED4B5A9FED4B4A26EE067A5A1C35
:104A9000E7EE265ADFED486AA5EE875AE7EE246A6C
:104AA000DFED465ADFED464AE6EE875AA5EE074AA5
:104AB0009FED445ADFED446AA5EE875AE4EE074ABB
:104AC000DFED425AE4EE876AE5EE075A66EE866A43
:104AD00065EE875A3AD03E4A02EB830276EEA56A2B
:104AE00092ED007A3B4A96EEA77A02EB8303002D03
:104AF000D3ED006A77EE677A36EEE70AB0DAB1EE08
:104B0000400A38BD30EE000A38BD9FED337A30EEF2
:104B1000077AF7EE006AB4EEE67AF1EE10FAA6DD57
:104B200038BDFFF7F9FA2D4B9C4216DCA3F5D003F4
:104B30009C4227DCF0EE007ABFEE007AA0EE277AE6
:104B4000002330EE270AC7EE007A92E776EEA56AD8
:104B5000E6EEE77AB0EE670A38BD214B9C420BDCEB
:104B6000F7EE087AB7EE007AA0EE277A022330EE4D
:104B7000670AC0EE077A7CE7BFEE007AC7EE007ADC
:104B8000032376E7F7EE007A30EE677A30EE270AF5
:104B90000123C7EE007A6CE7DB0FC93FDB0FC9BF0B
:104BA000FFFFDF3ED769853C59DA4B3D21A215BD99
:104BB000356B883D6E2EBA3D6BF16EBD95879DBD00
:104BC0002549123E388EE3BDABAAAA3ECDCC4CBEE1
:104BD0000C3F0020FC3E0020CAF24971FFFF973FC6
:104BE000FFFF1B4081F0004102E000BF83F0004363
:104BF00030B54FEA41044FEA430594EA050F08BF78
:104C000090EA020F1FBF54EA000C55EA020C7FEA3B
:104C1000645C7FEA655C00F0E2804FEA5454D4EBB8
:104C20005555B8BF6D420CDD2C4480EA020281EA82
:104C3000030382EA000083EA010180EA020281EABA
:104C40000303362D88BF30BD11F0004F4FEA01310C
:104C50004FF4801C4CEA113102D0404261EB41011B
:104C600013F0004F4FEA03334CEA133302D05242A1
:104C700063EB430394EA050F00F0A780A4F101045D
:104C8000D5F1200E0DDB02FA0EFC22FA05F2801897
:104C900041F1000103FA0EF2801843FA05F359417D
:104CA0000EE0A5F120050EF1200E012A03FA0EFCFC
:104CB00028BF4CF0020C43FA05F3C01851EBE37126
:104CC00001F0004507D54FF0000EDCF1000C7EEB43
:104CD00000006EEB0101B1F5801F1BD3B1F5001F81
:104CE0000CD349085FEA30004FEA3C0C04F10104A0
:104CF0004FEA445212F5800F80F09A80BCF1004FC9
:104D000008BF5FEA500C50F1000041EB045141EA4A
:104D1000050130BD5FEA4C0C404141EB0101013C13
:104D200028BFB1F5801FE9D291F0000F04BF014602
:104D30000020B1FA81F308BF2033A3F10B03B3F1D4
:104D400020020CDA0C3208DD02F1140CC2F10C0264
:104D500001FA0CF021FA02F10CE002F11402D8BFC2
:104D6000C2F1200C01FA02F120FA0CFCDCBF41EA8E
:104D70000C019040E41AA2BF01EB0451294330BD5D
:104D80006FEA04041F3C1CDA0C340EDC04F114043A
:104D9000C4F1200220FA04F001FA02F340EA030011
:104DA00021FA04F345EA030130BDC4F10C04C4F157
:104DB000200220FA02F001FA04F340EA0300294637
:104DC00030BD21FA04F0294630BD94F0000F83F481
:104DD000801306BF81F480110134013D4EE77FEA64
:104DE000645C18BF7FEA655C29D094EA050F08BFB0
:104DF00090EA020F05D054EA000C04BF1946104691
:104E000030BD91EA030F1EBF0021002030BD5FEAD4
:104E1000545C05D14000494128BF41F0004130BDFC
:104E200014F580043CBF01F5801130BD01F0004550
:104E300045F0FE4141F470014FF0000030BD7FEAC3
:104E4000645C1ABF194610467FEA655C1CBF0B46BE
:104E5000024650EA013406BF52EA033591EA030FD5
:104E600041F4002130BD00BF90F0000F04BF0021CD
:104E7000704730B54FF4806404F132044FF0000500
:104E80004FF0000150E700BF90F0000F04BF002179
:104E9000704730B54FF4806404F1320410F00045DF
:104EA00048BF40424FF000013EE700BF42004FEADA
:104EB000E2014FEA31014FEA02701FBF12F07F4357
:104EC00093F07F4F81F06051704732F07F4208BF0E
:104ED000704793F07F4F04BF41F40021704730B515
:104EE0004FF4607401F0004521F000411CE700BF61
:104EF00050EA010208BF704730B54FF000050AE0E4
:104F000050EA010208BF704730B511F0004502D5E4
:104F1000404261EB41014FF4806404F132045FEAE6
:104F2000915C3FF4D8AE4FF003025FEADC0C18BF8F
:104F300003325FEADC0C18BF033202EBDC02C2F181
:104F4000200300FA03FC20FA02F001FA03FE40EA13
:104F50000E0021FA02F11444BDE600BF014B1868AF
:104F6000704700BF50480020830730B548D0541E1A
:104F7000002A3FD0CAB2034601E0013C3AD303F80D
:104F8000012B9D07F9D1032C2DD9CDB245EA05257A
:104F90000F2C45EA054536D9A4F1100222F00F0C7A
:104FA00003F1200EE6444FEA121C03F1100242E91D
:104FB000045542E9025510327245F8D10CF1010254
:104FC00014F00C0F03EB021204F00F0C13D0ACF131
:104FD000040323F003030433134442F8045B9342B5
:104FE000FBD10CF003042CB1C9B21C4403F8011B23
:104FF0009C42FBD130BD64461346002CF4D1F9E746
:1050000003461446BFE71A46A446E0E713460A469D
:105010000146022000F062BB70B50D4E0D4D761BAF
:10502000B61006D0002455F8043B01349847A64238
:10503000F9D1094E094D761B01F0DCF8B61006D007
:10504000002455F8043B01349847A642F9D170BDBD
:10505000881E0060881E0060901E0060881E006030
:10506000704700BF704700BF80EA0102844612F01B
:10507000030F4FD111F0030F32D14DF8044D11F051
:10508000040F51F8043B0BD0A3F101329A4312F004
:10509000803F04BF4CF8043B51F8043B16D100BFDD
:1050A00051F8044BA3F101329A4312F0803FA4F16E
:1050B00001320BD14CF8043BA24312F0803F04BFF5
:1050C00051F8043B4CF8044BEAD023460CF8013B62
:1050D00013F0FF0F4FEA3323F8D15DF8044B70470C
:1050E00011F0010F06D011F8012B0CF8012B002A4A
:1050F00008BF704711F0020FBFD031F8022B12F039
:10510000FF0F16BF2CF8022B8CF8002012F47F4FF3
:10511000B3D1704711F8012B0CF8012B002AF9D1FB
:10512000704700BF0C4B0D4819680D4AD1F89830F4
:1051300010B4D1F89C4003FB00F002FB0400A3FB79
:105140000232013340EB0200C1E926305DF8044B26
:1051500020F00040704700BF504800202DF4515807
:105160002D7F954C844641EA000313F003036DD173
:10517000403A41D351F8043B40F8043B51F8043B1A
:1051800040F8043B51F8043B40F8043B51F8043B21
:1051900040F8043B51F8043B40F8043B51F8043B11
:1051A00040F8043B51F8043B40F8043B51F8043B01
:1051B00040F8043B51F8043B40F8043B51F8043BF1
:1051C00040F8043B51F8043B40F8043B51F8043BE1
:1051D00040F8043B51F8043B40F8043B51F8043BD1
:1051E00040F8043B51F8043B40F8043B51F8043BC1
:1051F00040F8043B403ABDD2303211D351F8043B61
:1052000040F8043B51F8043B40F8043B51F8043BA0
:1052100040F8043B51F8043B40F8043B103AEDD20F
:105220000C3205D351F8043B40F8043B043AF9D260
:10523000043208D0D2071CBF11F8013B00F8013B33
:1052400001D30B8803806046704700BF082A13D340
:105250008B078DD010F003038AD0C3F10403D21A58
:10526000DB071CBF11F8013B00F8013B80D331F88C
:10527000023B20F8023B7BE7043AD9D3013A11F80C
:10528000013B00F8013BF9D20B7803704B78437077
:105290008B788370604670470000000000000000BB
:1052A00000000000000000000000000000000000FE
:1052B00000000000000000000000000000000000EE
:1052C00000000000000000000000000090F800F066
:1052D0006DE9024520F007016FF0000C10F00704A3
:1052E00091F820F040F049804FF000046FF0070083
:1052F000D1E9002391F840F000F1080082FA4CF265
:10530000A4FA8CF283FA4CF3A2FA8CF34BBBD1E9EA
:10531000022382FA4CF200F10800A4FA8CF283FA1C
:105320004CF3A2FA8CF3E3B9D1E9042382FA4CF2EC
:1053300000F10800A4FA8CF283FA4CF3A2FA8CF381
:105340007BB9D1E9062301F1200182FA4CF200F188
:105350000800A4FA8CF283FA4CF3A2FA8CF3002B27
:10536000C6D0002A04BF04301A4612BAB2FA82F23A
:10537000FDE8024500EBD2007047D1E9002304F0BC
:105380000305C4F100004FEAC50514F0040F91F8BD
:1053900040F00CFA05F562EA05021CBF63EA05035A
:1053A00062464FF00004A9E7F8B5244F0C460646C4
:1053B00000F088FCBB685D68C4F57E610F3125F0A4
:1053C00003054B1923F47F6323F00F03A3F58054E7
:1053D000B4F5805F07DB0021304600F06DF9BB6853
:1053E0002B44984204D0304600F072FC0020F8BDF7
:1053F0006142304600F060F901300DD0104ABB68C0
:105400002D1B45F001055D60136830461B1B1360C2
:1054100000F05EFC0120F8BD0021304600F04CF9A0
:10542000BA68831A0F2BDEDD43F001035360054B8E
:1054300003491B68C01A0860D5E700BF404400203C
:10544000D495012048480020002961D0F8B50C46C9
:10545000064600F037FC54F8042C7B4FA4F10805F5
:1054600022F0010105EB010CB868DCF8043060455E
:1054700023F0030300F08B80D207CCF8043032D441
:1054800054F8082CAD1A1144AA6807F108008242AA
:105490006AD00CEB0304D4F804E0EC68D4601EF08E
:1054A000010FA26000F0978041F001036B60CCF81F
:1054B0000010B1F5007F35D27868CB080122490988
:1054C00001338A40024357F833107A6007EBC30276
:1054D000083AC5E9021247F83350CD603046BDE8BE
:1054E000F84000F0F5BB0CEB03025268D00710D473
:1054F000194407F10800DCF80830834273D0DCF867
:105500000C20DA60936041F001036B606950D0E7D2
:10551000704741F00103B1F5007F44F8043CCCF83A
:105520000010C9D3B1F5206F4FEA512348D28B093F
:1055300003F1390003F13802C300F818FB580838AA
:10554000984259D05A6822F003028A4202D99B68D5
:105550009842F7D1D868C5E902308560DD603046F1
:10556000BDE8F84000F0B4BB0CEB03025268D20770
:1055700063D40B44DCE90212CA60916043F001027B
:105580006A603046EB50BDE8F84000F0A1BB0B4428
:10559000D10707D454F8082CAD1A1344D5E90212E8
:1055A000CA60916043F001026A60284ABD601268D7
:1055B0009A4293D8264B30461968FFF7F5FE8DE7DF
:1055C000142B0AD9542B1FD80B0B03F16F0003F1D6
:1055D0006E02C300B1E719448DE703F15C0003F1EB
:1055E0005B02C300A9E741F00103C7E90455C5E91F
:1055F00002006B60695071E779689210012404FA27
:1056000002F20A437A60A6E7B3F5AA7F06D8CB0B6D
:1056100003F1780003F17702C3008EE740F25452A1
:10562000934206D88B0C03F17D0003F17C02C3008A
:1056300083E74FF47E737E227FE741F001036B60C6
:10564000CCF800104AE700BF404400204C4800203E
:105650000496012040EA01039B0730B501D1032ADB
:105660000FD8844601F1FF3E07E01EF8011F03F842
:10567000011B541EC1B19C4622466346002AF4D148
:1056800030BD0B468446194653F8045BA5F101343E
:1056900024EA050414F0803FE4D1043A032A4CF8CC
:1056A000045B1946EFD8DDE79444002CE8D003F8FA
:1056B000011B6345FBD130BD38B5074D00220446C0
:1056C00008462A60EDF736FB431C00D038BD2B6836
:1056D000002BFBD0236038BD409701202DE9F04717
:1056E000DFF87CA00646DAF8000098460F4691469F
:1056F000FFF7B6FC184B1C6824B365681F2D24DC2B
:105700005EB96B1C0235DAF80000636044F825705E
:10571000FFF7A8FC0020BDE8F08704EB850101231A
:10572000C1F88890D4F88821AB401A43022EC4F8FF
:105730008821C1F80881E4D1D4F88C211A43C4F837
:105740008C21DEE7054C1C60D7E7DAF80000FFF794
:1057500089FC4FF0FF30DEE7389401203C940120B3
:10576000384400202DE9F04F01F10B06162E83B0CE
:10577000044624D8102900F2BA8000F0A3FA1026BB
:1057800018220220B54F3A44A2F1080153688B4217
:1057900000F0BA805A68D96822F003021A449D6862
:1057A000E9608D60516841F001012046516003F1CC
:1057B000080500F08DFA284603B0BDE8F08F36F0FA
:1057C000070600F19480B14200F2918000F07AFA6D
:1057D000B6F5FC7FC0F09A81730A00F08F80042B2D
:1057E00000F26F81B30903F1390003F1380CC300F3
:1057F0009A4F3B44A3F108055B689D4206D10CE03B
:10580000002980F22781DB689D4206D05A6822F089
:105810000302911B0F29F3DD60463D69DFF850C29A
:1058200065457CD06A6822F00302931B0F2B00F3BE
:105830007B81002BC7E904CC80F26C81B2F5007F3C
:1058400080F01A81D308796801334FEA521E012291
:1058500002FA0EF20A4357F833E0C5F808E007EB06
:10586000C3010839E9607A6047F83350CEF80C502C
:10587000831001219940914257D8114206D120F05E
:1058800003004900114200F10400FAD007EBC009FF
:105890004D468646D5F80C80454508D11DE1002BC4
:1058A00080F22481D8F80C80454500F01681D8F8A4
:1058B000042022F00302931B0F2BF0DD2046D8E9D1
:1058C000025408EB060146F00106C8F80460EC60DB
:1058D000A56043F00104C7E90411C1E902CC4C60A2
:1058E00048F8023000F0F4F908F1080502E00C2352
:1058F00023600025284603B0BDE8F08F4FF4007305
:1059000040204FF03F0C73E7D3689A4208BF023043
:105910007FF440AF3D69DFF858C1654582D17A68B0
:105920008310012199409142A7D9BD686B6823F08B
:1059300003094E4503D8A9EB06030F2B7ADCDFF8E9
:1059400034B1474BDBF800201B680132334405EBD0
:10595000090A00F0338103F580530F3323F47F6885
:1059600028F00F0841462046FFF7A6FE411C0246DC
:1059700000F0F380824500F2EE803A4B1968414412
:105980001960084600F04E81DBF8001001930131E8
:105990001BBFA2EB0A010918CBF80020196012F016
:1059A000070B00F01781CBF108010A44CBF58051B9
:1059B00090440831A1EB0801C1F30B0A514620467F
:1059C0000092FFF779FE421CDDE9002300F04F81D1
:1059D000801A00EB0A081968BA6048F001005144C7
:1059E000BD425060196000F02981B9F10F0F40F2FB
:1059F00027816868A9F10C0C2CF0070C00F001005D
:105A000040EA0C0068604FF0050E05EB0C00BCF19D
:105A10000F0FC0E901EE00F2328150681546124BBB
:105A20001A688A4238BF1960104B1A688A4238BF18
:105A3000196094E0AA1943F0010346F001066E6074
:105A40002046BA60536000F043F90835284603B099
:105A5000BDE8F08FD9681A44A1E600BF4044002099
:105A600004960120D4950120FC9501200096012088
:105A70004844002048480020B2F5206F4FEA5223E6
:105A800063D3142B00F2B78003F15C01C9005B33D0
:105A900007EB010E7958AEF1080E8E4500F09180AB
:105AA0004B6823F00303934202D989688E45F7D1EE
:105AB000D1F80CE07A68C5E9021ECEF80850CD6036
:105AC000D6E6142B59D9542B00F29D80330B03F1E9
:105AD0006F0003F16E0CC3008AE60EF1010E1EF09A
:105AE000030F05F108057FF4D5AE51E04244454669
:105AF0005368D8F80C1043F00103536055F8083F81
:105B00002046D9608B6000F0E3F8F3E6F00806F178
:105B1000080237E62A442046536843F001035360E5
:105B2000083500F0D5F8E5E6A919204646F001064B
:105B300043F001046E60C7E90411C1E902CC4C6076
:105B4000AB5000F0C5F80835D4E6930903F13901EC
:105B5000C90038339CE7BD425FD0BD68686820F05B
:105B600003084645A8EB060302D80F2B3FF762AFA8
:105B7000204600F0ADF80025BCE603F15C0003F11F
:105B80005B0CC30034E659F808394B4540F0968069
:105B900010F0030F00F1FF30F5D17B6823EA010319
:105BA0007B60490099423FF6C0AE19B9BDE6490095
:105BB0000EF1040E1942FAD0704667E603F11008A0
:105BC000D0E69A104FF001087B6808FA02F21A43F7
:105BD0007A6070E702EB08014942C1F30B0A5146B3
:105BE00020460092FFF768FD431CDDE900237FF4A7
:105BF000EFAEDA46EFE6542B25D8130B03F16F0115
:105C0000C9006E3344E7B3F5AA7F25D8F30B03F13F
:105C1000780003F1770CC300EAE5294B186840448B
:105C20001860B1E6CAF30B0CBCF1000F7FF4ACAE08
:105C3000BD68C84448F001006860F0E61546EEE62D
:105C40000123536094E7B3F5AA7F23D8D30B03F164
:105C50007801C90077331BE740F25452934223D8AE
:105C6000B30C03F17D0003F17C0CC300C0E5ABF184
:105C7000080BD844A8EB02084FF0000AABE605F188
:105C8000080120460093FFF7DFFBBD68009B6868B2
:105C90001968C4E640F254518B420BD8930C03F1BF
:105CA0007D01C9007C33F3E64FF47E737F204FF013
:105CB0007E0C9DE54FF47E717E23E9E67B6870E7FC
:105CC000D49501200148FFF7CBB900BFD095012042
:105CD0000148FFF7C7B900BFD09501202DE9F84F63
:105CE0001746002900F098800C4607F10B05804606
:105CF000FFF7E8FF162D54F8041C5BD810252A4640
:105D0000AF425CD821F003069642A4F1080962DA9A
:105D1000BC4BD3F808C009EB0600844500F097801F
:105D2000D0F804C02CF0010303445B68DB0768D49F
:105D30002CF0030C06EB0C03934247DACB0710D48C
:105D400054F8083CA9EB030ADAF8043023F0030105
:105D50008C44B444944580F211817318934280F2CC
:105D6000E88039464046FFF7FDFC0746E0B154F8AD
:105D7000043C23F001034B44A0F10802934200F0DD
:105D8000D280321F242A00F2F580132A00F2AC8060
:105D900003462246116819605168596092689A60FA
:105DA00021464046FFF750FB4046FFF791FF38463B
:105DB000BDE8F88F25F00705002D2A46A0DA0C2350
:105DC000C8F8003000273846BDE8F88F1E46D0E9F5
:105DD0000223D3609A60731B0F2B22D8D9F80430AA
:105DE00003F0010333434E44C9F80430736843F0B1
:105DF0000103736040462746FFF76AFF3846BDE857
:105E0000F88FC907ADD454F8083CA9EB030ADAF8B7
:105E1000041021F00301A0E7BDE8F84F1146FFF799
:105E2000A1BCD9F8042009EB050102F001024E449F
:105E300043F001032A43C9F804204B60736843F020
:105E40000103083173604046FFF7FEFAD2E7DCF841
:105E5000040020F0030B06EB0B0C05F11000844549
:105E60004DDAC9073FF57DAF54F8081CA9EB010ACC
:105E7000DAF8041021F003018B44B34458453FF78E
:105E80006CAF5746DAF80C1057F8080F321F242A67
:105E9000C160886000F2DB80132A40F2D68021685E
:105EA000CAF808106168CAF80C101B2A00F2DF80DB
:105EB00008340AF110022168116061685160A1681C
:105EC00091600AEB0501ABEB050242F0010299601B
:105ED0004A60DAF8043003F001032B434046CAF865
:105EE0000430FFF7F5FE6EE72368036063684360E4
:105EF0001B2A68D804F1080200F108034AE709EBFD
:105F000005029A60ACEB050343F00103536054F8BB
:105F1000043C03F001032B43404644F8043CFFF7E4
:105F2000D7FE27464FE750F8043C23F003031E44F6
:105F300051E75746DAF80C1057F8080F321F242A99
:105F4000C16088604CD8132A48D92168CAF8081063
:105F50006168CAF80C101B2A56D808340AF11002DE
:105F60001E462368136063685360A3689360D1463C
:105F70003C4630E7214600F09DF811E7D0E90213D6
:105F80005746CB60996057F8081FDAF80C30CB60A1
:105F9000321F242A99602DD8132A29D92368CAF8D8
:105FA00008306368CAF80C301B2A42D808340AF15A
:105FB000100322681A6062685A60A2689A60664696
:105FC000D1463C4607E7A3688360E368C360242AA0
:105FD00026D004F1100200F11003DBE63A46BFE7D9
:105FE000214638461E46D14600F064F83C46F2E6AB
:105FF0003B46DEE7214638466646D14600F05AF871
:106000003C46E8E640440020A168CAF81010E16868
:10601000CAF81410242A20D010340AF118029FE77D
:10602000236903616169416104F1180200F11803F9
:10603000B0E6A368CAF81030E368CAF81430242A1E
:1060400021D010340AF11803B3E73A4633E721466A
:10605000384600F02FF8164B33E72269CAF81820AB
:106060006269CAF81C2018340AF1200278E7A16896
:10607000CAF81010E168CAF81410242A0DD01034A0
:106080000AF1180217E72369CAF818306369CAF8D9
:106090001C3018340AF120038BE72269CAF8182053
:1060A0006269CAF81C2018340AF1200203E700BF15
:1060B0004044002088420DD98B1883420AD900EB56
:1060C000020CBAB1624613F801CD02F801CD994233
:1060D000F9D170470F2A0ED8034602F1FF3C4AB1AE
:1060E0000CF1010C013B8C4411F8012B03F8012F3A
:1060F0006145F9D1704740EA01039B0750D1A2F1F5
:10610000100370B501F1200C23F00F0501F1100E02
:1061100000F11004AC441B095EF8105C44F8105CFC
:106120005EF80C5C44F80C5C5EF8085C44F8085CB3
:106130005EF8045C44F8045C0EF1100EE64504F1D0
:106140001004E9D1013312F00C0F01EB031102F03E
:106150000F0400EB031327D0043C24F003064FEA9E
:10616000940C1E441C1F8E465EF8045B44F8045FCA
:10617000B442F9D10CF1010402F0030203EB8403F1
:1061800001EB840102F1FF3C4AB10CF1010C013B2F
:106190008C4411F8012B03F8012F6145F9D170BD32
:1061A00002F1FF3C03469BE72246EBE7024B014628
:1061B0001868FFF7D7BA00BF50480020024B0146CD
:1061C0001868FFF741B900BF5048002010B4044CD4
:1061D00003460A4620685DF8044B1946FFF77EBD6A
:1061E000504800205FF800F0991C00605FF800F054
:1061F000C51D00605FF800F0491E00605FF800F008
:0C620000491D00600000000000000000CC
:04620C00F8B500BF22
:0862100080D8FF7F01000000AF
:106218000000000000000000000000000000000076
:106228000000000000000000000000000000000066
:106238000000000000000000000000000000000056
:106248000000000000000000000000000000000046
:106258000000000000000000000000000000000036
:106268000000000000000000000000000000000026
:106278000000000000000000000000000000000016
:106288000000000000000000000000000000000006
:1062980000000000000000000000000000000000F6
:1062A80000000000000000000000000000000000E6
:1062B80000000000000000000000000000000000D6
:1062C80000000000000000000000000000000000C6
:1062D80000000000000000000000000000000000B6
:1062E80000000000000000000000000000000000A6
:1062F8000000000000000000000000000000000096
:106308000000000000000000000000000000000085
:106318000000000000000000000000000000000075
:106328000000000000000000000000000000000065
:106338000000000000000000000000000000000055
:106348000000000000000000000000000000000045
:106358000000000000000000000000000000000035
:106368000000000000000000000000000000000025
:106378000000000000000000000000000000000015
:106388000000000000000000000000000000000005
:1063980000000000000000000000000000000000F5
:1063A80000000000000000000000000000000000E5
:1063B80000000000000000000000000000000000D5
:1063C80000000000000000000000000000000000C5
:1063D80000000000000000000000000000000000B5
:1063E80000000000000000000000000000000000A5
:1063F8000000000000000000000000000000000095
:106408000000000000000000000000000000000084
:106418000000000000000000000000000000000074
:106428000000000000000000000000000000000064
:106438000000000000000000000000000000000054
:106448000000000000000000000000000000000044
:106458000000000000000000000000000000000034
:106468000000000000000000000000000000000024
:106478000000000000000000000000000000000014
:106488000000000000000000000000000000000004
:10649800FE822B6547156740000000000000384366
:1064A8000000FAFE422E76BF3A3B9EBC9AF70CBD1E
:1064B800BDFDFFFFFFFFDF3F3C5455555555C53F18
:1064C800912B17CF5555A53F17D0A4671111813FC0
:1064D800000000000000C842EF39FAFE422EE63FF5
:1064E80024C482FFBDBFCE3FB5F40CD7086BAC3FC8
:1064F800CC5046D2ABB2833F843A4E9BE0D7553F4F
:106508000000000000000000000000000000F03F54
:106518006EBF881A4F3B9B3C3533FBA93DF6EF3FD6
:106528005DDCD89C136071BC6180773E9AECEF3FCC
:10653800D16687107A5E90BC857F6EE815E3EF3FE1
:1065480013F6673552D28C3C748515D3B0D9EF3F1A
:10655800FA8EF92380CE8BBCDEF6DD296BD0EF3FB7
:1065680061C8E6614EF7603CC89B751845C7EF3FA8
:1065780099D3335BE4A3903C83F3C6CA3EBEEF3F96
:106588006D7B835DA69A973C0F89F96C58B5EF3FF0
:10659800FCEFFD921AB58E3CF747722B92ACEF3F99
:1065A800D19C2F703DBE3E3CA2D1D332ECA3EF3F2D
:1065B8000B6E908934036ABC1BD3FEAF669BEF3F1A
:1065C8000EBD2F2A525695BC515B12D00193EF3F56
:1065D80055EA4E8CEF8050BCCC316CC0BD8AEF3F81
:1065E80016F4D5B923C991BCE02DA9AE9A82EF3F24
:1065F800AF555CE9E3D3803C518EA5C8987AEF3F4C
:106608004893A5EA151B80BC7B517D3CB872EF3FCF
:106618003D32DE55F01F8FBCEA8D8C38F96AEF3FAA
:10662800BF53133F8C898B3C75CB6FEB5B63EF3F9C
:1066380026EB11769CD996BCD45C0484E05BEF3FD2
:10664800602F3A3EF7EC9A3CAAB968318754EF3F7D
:106658009D3886CB82E78FBC1DD9FC22504DEF3F79
:106668008DC3A644416F8A3CD68C62883B46EF3F77
:106678007D04E4B0057A803C96DC7D91493FEF3F8C
:1066880094A8A8E3FD8E963C3862756E7A38EF3F81
:106698007D4874F2185E873C3FA6B24FCE31EF3F7B
:1066A800F2E71F982B47803CDD7CE265452BEF3FE6
:1066B8005E08713F7BB896BC8163F5E1DF24EF3F4C
:1066C80031AB096DE1F7823CE1DE1FF59D1EEF3F1E
:1066D800FABF6F1A9B213DBC90D9DAD07F18EF3FE3
:1066E800B40A0C7282378B3C0B03E4A68512EF3F89
:1066F8008FCBCE8992146E3C562F3EA9AF0CEF3F3C
:10670800B6ABB04D754D833C15B7310AFE06EF3F69
:106718004C74ACE20142863C31D84CFC7001EF3F2E
:106728004AF8D35D39DD8F3CFF1664B208FCEE3FB2
:10673800045B8E3B80A386BCF19F925FC5F6EE3F5B
:1067480068504BCCED4A92BCCBA93A37A7F1EE3F43
:106758008E2D511BF80799BC66D8056DAEECEE3F3F
:10676800D236943EE8D171BCF79FE534DBE7EE3FC3
:10677800151BCEB3191999BCE5A813C32DE3EE3F39
:106788006D4C2AA7489F853C2234124CA6DEEE3F6A
:106798008A69287A601293BC1C80AC0445DAEE3F03
:1067A8005B8917488FA758BC2A2EF7210AD6EE3FD7
:1067B8001B9A49679B2C7CBC97A850D9F5D1EE3F12
:1067C80011ACC260ED63433C2D89616008CEEE3F99
:1067D800EF64063B0966963C57001DED41CAEE3F43
:1067E8007903A1DAE1CC6E3CD03CC1B5A2C6EE3F3C
:1067F80030120F3F8EFF933CDED3D7F02AC3EE3F13
:10680800B0AF7ABBCE90763C272A36D5DABFEE3FBA
:1068180077E054EBBD1D933C0DDDFD99B2BCEE3F16
:106828008EA3710034948FBCA72C9D76B2B9EE3F2D
:1068380049A393DCCCDE87BC4266CFA2DAB6EE3F32
:106848005F380FBDC6DE78BC824F9D562BB4EE3F35
:10685800F65C7BEC461286BC0F925DCAA4B1EE3F93
:106868008ED7FD180535933CDA27B53647AFEE3F8E
:10687800059B8A2FB7987B3CFDC797D412ADEE3F96
:1068880009541CE2E163903C295448DD07ABEE3F14
:10689800EAC6195085C7343CB746598A26A9EE3F3F
:1068A80035C0642BE632943C4821AD156FA7EE3F06
:1068B8009F7699614AE48CBC09DC76B9E1A5EE3F84
:1068C800A84DEF3BC5338CBC85553AB07EA4EE3F4E
:1068D800AEE92B89785384BC20C3CC3446A3EE3F61
:1068E80058585678DDCE93BC2522558238A2EE3F03
:1068F80064197E80AA10573C73A94CD455A1EE3F69
:1069080028225EBFEFB393BCCD3B7F669EA0EE3FCF
:1069180082B93487AD126ABCBFDA0B7512A0EE3F9C
:10692800EEA96DB8EF6763BC2F1A653CB29FEE3FC6
:106938005188E0543DDC80BC849451F97D9FEE3F42
:10694800CF3E5A7E641F78BC745FECE8759FEE3FBB
:10695800B07D8BC04AEE86BC7481A5489A9FEE3FF5
:106968008AE6551E321986BCC9674256EB9FEE3F30
:10697800D3D4095ECB9C903C3F5DDE4F69A0EE3FCF
:106988001DA54DB9DC327BBC8701EB7314A1EE3F2A
:106998006BC06754FDEC943C32C13001EDA1EE3F71
:1069A800556CD6ABE1EB653C624ECF36F3A2EE3FB9
:1069B80042CFB32FC5A188BC121A3E5427A4EE3F7C
:1069C80034373BF1B66993BC13CE4C9989A5EE3F99
:1069D8001EFF193A845E80BCADC723461AA7EE3F56
:1069E8006E5772D850D494BCED92449BD9A8EE3F10
:1069F800008A0E5B67AD903C99668AD9C7AAEE3FBC
:106A0800B4EAF0C12FB78D3CDBA02A42E5ACEE3FDB
:106A1800FFE7C59C60B665BC8C44B51632AFEE3F47
:106A2800445FF35983F67B3C36771599AEB1EE3F58
:106A3800833D1EA71F0993BCC6FF910B5BB4EE3FB5
:106A4800291E6C8BB8A95DBCE5C5CDB037B7EE3F44
:106A580059B9907CF9236CBC0F52C8CB44BAEE3FAD
:106A6800AAF9F422434392BC504EDE9F82BDEE3F0A
:106A78004B8E66D76CCA85BCBA07CA70F1C0EE3FA8
:106A880027CE912BFCAF713C90F0A38291C4EE3FCE
:106A9800BB730AE135D26D3C2323E31963C8EE3F8B
:106AA8006322622204C587BC65E55D7B66CCEE3F48
:106AB800D531E2E3861C8B3C332D4AEC9BD0EE3F6C
:106AC80015BBBCD3D1BB91BC5D253EB203D5EE3F0F
:106AD800D231EE9C31CC903C58B330139ED9EE3F66
:106AE800B35A736E8469843CBFFD79556BDEEE3F03
:106AF800B49D8E97CDDF82BC7AF3D3BF6BE3EE3FB4
:106B08008733CB92771A8C3CADD35A999FE8EE3FE6
:106B1800FAD9D14A8F7B90BC66B68D2907EEEE3F35
:106B2800BAAEDC56D9C355BCFB154FB8A2F3EE3F3D
:106B380040F6A63D0EA490BC3A59E58D72F9EE3F99
:106B48003493AD38F4D668BC475EFBF276FFEE3F6F
:106B5800358A586BE2EE91BC4A06A130B005EF3F8A
:106B6800CDDD5F0AD7FF743CD2C14B901E0CEF3FBE
:106B7800AC9892FAFBBD91BC091ED75BC212EF3FDD
:106B8800B30CAF30AE6E733C9C5285DD9B19EF3F62
:106B980094FD9F5C32E38E3C7AD0FF5FAB20EF3FE1
:106BA800AC5909D18FE0843C4BD1572EF127EF3FE8
:106BB800671A4E38AFCD633CB5E706946D2FEF3FAB
:106BC8006819926C2C6B673C6990EFDC2037EF3FBB
:106BD800D2B5CC83188A80BCFAC35D550B3FEF3F12
:106BE8006FFAFF3F5DAD8FBC7C89074A2D47EF3FA9
:106BF80049A97538AE0D90BCF2890D08874FEF3F53
:106C0800A7073DA685A3743C87A4FBDC1858EF3F73
:106C18000F2240209E9182BC9883C916E360EF3F03
:106C2800AC92C1D5505A8E3C8532DB03E669EF3F02
:106C38004B6B01AC593A843C60B401F32173EF3FCC
:106C48001F3EB40721D582BC5F9B7B33977CEF3F07
:106C5800C90D473BB92A89BC29A1F5144686EF3FDF
:106C6800D3883A6004B6743CF63F8BE72E90EF3F2A
:106C780071729D51ECC5833C834CC7FB519AEF3F21
:106C8800F091D38F12F78FBCDA90A4A2AFA4EF3F94
:106C98007D7423E298AE8DBCF1678E2D48AFEF3F2F
:106CA8000820AA41BCC38E3C275A61EE1BBAEF3FAD
:106CB80032EBA9C3942B843C97BA6B372BC5EF3FB3
:106CC800EE85D131A9648A3C40456E5B76D0EF3FB2
:106CD800EDE33BE4BA378EBC14BE9CADFDDBEF3F61
:106CE8009DCD914D3B89773CD8909E81C1E7EF3F80
:106CF80089CC6041C105533CF1718F2BC2F3EF3F42
:106D0800BEF3F879EC61F63FDEAA8C80F77BD5BF3D
:106D18003D88AF4AED71F53FDB6DC0A7F0BED2BF2D
:106D2800B010F0F03995F43F673A517FAE1ED0BFEE
:106D38008503B8B095C9F33FE92482A6D831CBBF03
:106D4800A564880C190DF33F5877C00A4F57C6BF82
:106D5800A08E0B7B225EF23F00819CC72BAAC1BF8D
:106D68003F341A4A4ABBF13F5E0E8CCE764EBABF0C
:106D7800BAE58AF05823F13FCC1C615A3C97B1BF61
:106D8800A70099413F95F03F1E0CE138F452A2BF8D
:106D9800000000000000F03F0000000000000000BC
:106DA800AC479AFD8C60EE3F8459F25DAAA5AA3FD4
:106DB800A06A021FB3A4EC3FB42E36AA535EBC3FB0
:106DC800E6FC6A573620EB3F08DB2077E526C53F0F
:106DD8002DAAA163D1C2E93F7047220D86C2CB3FDD
:106DE800ED417803E686E83FE17EA0C88B05D13FF8
:106DF800624853F5DC67E73F09EEB6573004D43FE5
:106E0800EF39FAFE422EE63F3483B848A30ED0BFCE
:106E18006A0BE00B5B57D53F23410AF2FEFFDFBF49
:106E28000038FAFE422EE63F3067C79357F32E3DEF
:106E3800000000000000E0BF605555555555E5BFFE
:106E4800060000000000E03F4E5559999999E93F26
:106E58007AA429555555E5BFE945489B5B49F2BFDA
:106E6800C33F268B2B00F03F0000000000A0F63F38
:106E7800000000000000000000C8B9F2822CD6BF54
:106E88008056372824B4FA3C000000000080F63F02
:106E98000000000000000000000858BFBDD1D5BFA9
:106EA80020F7E0D808A51CBD000000000060F63FF0
:106EB8000000000000000000005845177776D5BF95
:106EC8006D50B6D5A46223BD000000000040F63F17
:106ED800000000000000000000F82D87AD1AD5BFA3
:106EE800D567B09EE484E6BC000000000020F63FB1
:106EF8000000000000000000007877955FBED4BF56
:106F0800E03E2993691B04BD000000000000F63F25
:106F1800000000000000000000601CC28B61D4BFAC
:106F2800CC844C482FD8133D0000000000E0F53F0A
:106F3800000000000000000000A886863004D4BFCE
:106F48003A0B82EDF342DC3C0000000000C0F53F44
:106F58000000000000000000004869554CA6D3BF9F
:106F680060945186C6B1203D0000000000A0F53FA6
:106F780000000000000000000080989ADD47D3BFA1
:106F88009280C5D44D59253D000000000080F53F92
:106F980000000000000000000020E1BAE2E8D2BFD3
:106FA800D82BB7991E7B263D000000000060F53FF6
:106FB80000000000000000000088DE135A89D2BFDC
:106FC8003FB0CFB614CA153D000000000060F53F81
:106FD80000000000000000000088DE135A89D2BFBC
:106FE8003FB0CFB614CA153D000000000040F53F81
:106FF80000000000000000000078CFFB4129D2BF4C
:1070080076DA5328245A16BD000000000020F53F08
:107018000000000000000000009869C198C8D1BFB6
:107028000454E768BCAF1FBD000000000000F53F36
:10703800000000000000000000A8ABAB5C67D1BFF7
:10704800F0A88233C61F1F3D0000000000E0F43F97
:1070580000000000000000000048AEF98B05D1BF19
:10706800665A05FDC4A826BD0000000000C0F43F14
:107078000000000000000000009073E224A3D0BFCD
:107088000E03F47EEE6B0CBD0000000000A0F43F80
:10709800000000000000000000D0B4942540D0BFDC
:1070A8007F2DF49EB836F0BC0000000000A0F43F2D
:1070B800000000000000000000D0B4942540D0BFBC
:1070C8007F2DF49EB836F0BC000000000080F43F2D
:1070D800000000000000000000405E6D18B9CFBF3E
:1070E800873C99AB2A570D3D000000000060F43F33
:1070F80000000000000000000060DCCBADF0CEBF57
:1071080024AF869CB7262B3D000000000040F43FCA
:10711800000000000000000000F02A6E0727CEBF24
:1071280010FF3F544F2F17BD000000000020F43F10
:10713800000000000000000000C04F6B215CCDBFC4
:107148001B68CABB91BA213D000000000000F43F53
:10715800000000000000000000A09AC7F78FCCBF15
:1071680034849F684F79273D000000000000F43FF9
:10717800000000000000000000A09AC7F78FCCBFF5
:1071880034849F684F79273D0000000000E0F33FFA
:10719800000000000000000000902D7486C2CBBFE4
:1071A8008FB78B31B04E193D0000000000C0F33F8F
:1071B800000000000000000000C0804EC9F3CABFF4
:1071C8006690CD3F634EBA3C0000000000A0F33F3C
:1071D800000000000000000000B0E21FBC23CABF8E
:1071E800EAC146DC648C25BD0000000000A0F33F26
:1071F800000000000000000000B0E21FBC23CABF6E
:10720800EAC146DC648C25BD000000000080F33F25
:1072180000000000000000000050F49C5A52C9BF52
:10722800E3D4C104D9D12ABD000000000060F33FB7
:10723800000000000000000000D02065A07FC8BF4B
:1072480009FADB7FBFBD2B3D000000000040F33F83
:10725800000000000000000000E0100289ABC7BF7A
:10726800584A537290DB2B3D000000000040F33F6A
:10727800000000000000000000E0100289ABC7BF5A
:10728800584A537290DB2B3D000000000020F33F6A
:10729800000000000000000000D019E70FD6C6BFAC
:1072A80066E2B2A36AE410BD000000000000F33FEC
:1072B80000000000000000000090A77030FFC5BF6C
:1072C8003950109F439E1EBD000000000000F33F90
:1072D80000000000000000000090A77030FFC5BF4C
:1072E8003950109F439E1EBD0000000000E0F23F91
:1072F800000000000000000000B0A1E3E526C5BFC3
:107308008F5B07908BDE20BD0000000000C0F23FBD
:1073180000000000000000000080CB6C2B4DC4BFB3
:107328003C783561C10C173D0000000000C0F23FF9
:1073380000000000000000000080CB6C2B4DC4BF93
:107348003C783561C10C173D0000000000A0F23FF9
:10735800000000000000000000901E20FC71C3BF68
:107368003A54274D8678F13C000000000080F23F37
:10737800000000000000000000F01FF85295C2BF96
:1073880008C47117308D24BD000000000060F23F72
:10739800000000000000000000602FD52AB7C1BF20
:1073A80096A31118A4802EBD000000000060F23FD3
:1073B800000000000000000000602FD52AB7C1BF00
:1073C80096A31118A4802EBD000000000040F23FD3
:1073D80000000000000000000090D07C7ED7C0BFF5
:1073E800F45BE88896690A3D000000000040F23F1F
:1073F80000000000000000000090D07C7ED7C0BFD5
:10740800F45BE88896690A3D000000000020F23F1E
:10741800000000000000000000E0DB3191ECBFBF7D
:10742800F233A35C547525BD000000000000F23F54
:10743800000000000000000000002B6E0727BEBF00
:107448003C00F02A2C342A3D000000000000F23FE6
:10745800000000000000000000002B6E0727BEBFE0
:107468003C00F02A2C342A3D0000000000E0F13FE7
:10747800000000000000000000C05B8F545EBCBF2D
:1074880006BE5F58570C1DBD0000000000C0F13F4C
:10749800000000000000000000E04A3A6D92BABF08
:1074A800C8AA5BE83539253D0000000000C0F13F5F
:1074B800000000000000000000E04A3A6D92BABFE8
:1074C800C8AA5BE83539253D0000000000A0F13F5F
:1074D800000000000000000000A031D645C3B8BF7E
:1074E80068562F4D297C133D0000000000A0F13F95
:1074F800000000000000000000A031D645C3B8BF5E
:1075080068562F4D297C133D000000000080F13F94
:1075180000000000000000000060E58AD2F0B6BF5D
:10752800DA7333C9379726BD000000000060F13FC9
:1075380000000000000000000020063F071BB5BF48
:10754800575EC6615B021F3D000000000060F13F0E
:1075580000000000000000000020063F071BB5BF28
:10756800575EC6615B021F3D000000000040F13F0E
:10757800000000000000000000E01B96D741B3BFE8
:10758800DF13F9CCDA5E2C3D000000000040F13F2B
:10759800000000000000000000E01B96D741B3BFC8
:1075A800DF13F9CCDA5E2C3D000000000020F13F2B
:1075B80000000000000000000080A3EE3665B1BFA7
:1075C80009A38F765E7C143D000000000000F13FA7
:1075D8000000000000000000008011C0300AAFBFAA
:1075E800918E36839E592D3D000000000000F13F2A
:1075F8000000000000000000008011C0300AAFBF8A
:10760800918E36839E592D3D0000000000E0F03F2A
:10761800000000000000000000801971DD42ABBFCF
:107628004C70D6E57A821C3D0000000000E0F03F77
:10763800000000000000000000801971DD42ABBFAF
:107648004C70D6E57A821C3D0000000000C0F03F77
:10765800000000000000000000C032F65874A7BF08
:10766800EEA1F23446FC2CBD0000000000C0F03F43
:10767800000000000000000000C032F65874A7BFE8
:10768800EEA1F23446FC2CBD0000000000A0F03F43
:10769800000000000000000000C0FEB9879EA3BFE4
:1076A800AAFE26F5B702F53C0000000000A0F03F56
:1076B800000000000000000000C0FEB9879EA3BFC4
:1076C800AAFE26F5B702F53C000000000080F03F56
:1076D80000000000000000000000780E9B829FBFA1
:1076E800E4097E7C268029BD000000000080F03F70
:1076F80000000000000000000000780E9B829FBF81
:10770800E4097E7C268029BD000000000060F03F6F
:1077180000000000000000000080D5071BB997BFDB
:1077280039A6FA93548D28BD000000000040F03FB0
:1077380000000000000000000000FCB0A8C08FBFDF
:107748009CA6D3F67C1EDFBC000000000040F03F82
:1077580000000000000000000000FCB0A8C08FBFBF
:107768009CA6D3F67C1EDFBC000000000020F03F82
:1077780000000000000000000000106B2AE07FBF3E
:10778800E440DA0D3FE219BD000000000020F03FA0
:1077980000000000000000000000106B2AE07FBF1E
:1077A800E440DA0D3FE219BD000000000000F03FA0
:1077B80000000000000000000000000000000000C1
:1077C8000000000000000000000000000000F03F82
:1077D80000000000000000000000000000000000A1
:1077E80000000000000000000000000000C0EF3FA3
:1077F8000000000000000000000089751510803F9F
:10780800E82B9D996BC710BD000000000080EF3F7A
:107818000000000000000000008093585620903FB0
:10782800D2F7E2065BDC23BD000000000040EF3F1A
:1078380000000000000000000000C9282549983F0A
:10784800340C5A32BAA02ABD000000000000EF3FF5
:1078580000000000000000000040E7895D41A03FF3
:1078680053D7F15CC011013D0000000000C0EE3F9D
:10787800000000000000000000002ED4AE66A43F07
:1078880028FDBD7573162CBD000000000080EE3F7A
:10789800000000000000000000C09F14AA94A83F48
:1078A8007D265AD0957919BD000000000040EE3FB2
:1078B800000000000000000000C0DDCD73CBAC3F2D
:1078C8000728D847F2681ABD000000000020EE3FE4
:1078D800000000000000000000C006C031EAAE3F12
:1078E8007B3BC94F3E110EBD0000000000E0ED3F9C
:1078F8000000000000000000006046D13B97B13F47
:107908009B9E0D565D3225BD0000000000A0ED3F96
:10791800000000000000000000E0D1A7F5BDB33F63
:10792800D74EDBA55EC82C3D000000000060ED3F8F
:10793800000000000000000000A0974D5AE9B53F84
:107948001E1D5D3C06692CBD000000000040ED3F97
:10795800000000000000000000C0EA0AD300B73FA2
:1079680032ED9DA98D1EEC3C000000000000ED3FAB
:1079780000000000000000000040595D5E33B93F80
:10798800DA47BD3A5C11233D0000000000C0EC3F1F
:1079980000000000000000000060AD8DC86ABB3F19
:1079A800E568F72B809013BD0000000000A0EC3FB5
:1079B80000000000000000000040BC015888BC3FE7
:1079C800D3AC5AC6D146263D000000000060EC3F0B
:1079D800000000000000000000200A8339C7BE3FF5
:1079E800E045E6AF68C02DBD000000000040EC3F58
:1079F800000000000000000000E0DB3991E8BF3F14
:107A0800FD0AA14FD63425BD000000000000EC3F60
:107A1800000000000000000000E027828E17C13F30
:107A2800F2072DCE78EF213D0000000000E0EB3F8B
:107A3800000000000000000000F0237E2BAAC13FD8
:107A4800349938448EA72C3D0000000000A0EB3F7D
:107A580000000000000000000080860C61D1C23FD9
:107A6800A1B481CB6C9D033D000000000080EB3F7A
:107A78000000000000000000009015B0FC65C33F46
:107A880089724B23A82FC63C000000000040EB3F42
:107A9800000000000000000000B033833D91C43FA7
:107AA80078B6FD547983253D000000000020EB3FA7
:107AB800000000000000000000B0A1E4E527C53F79
:107AC800C77D69E5E833263D0000000000E0EA3F95
:107AD800000000000000000000108CBE4E57C63F9A
:107AE800782E3C2C8BCF193D0000000000C0EA3FE7
:107AF80000000000000000000070758B12F0C63F07
:107B0800E1219CE58D1125BD0000000000A0EA3FA1
:107B18000000000000000000005044858D89C73F28
:107B28000543917010661CBD000000000060EA3F2C
:107B38000000000000000000000039EBAFBEC83FA5
:107B4800D12CE9AA543D07BD000000000040EA3FDF
:107B580000000000000000000000F7DC5A5AC93F8E
:107B68006FFFA05828F2073D000000000000EA3F20
:107B7800000000000000000000E08A3CED93CA3FCE
:107B880069215650437228BD0000000000E0E93F1B
:107B9800000000000000000000D05B57D831CB3F48
:107BA800AAE1AC4E8D350CBD0000000000C0E93FD5
:107BB800000000000000000000E03B3887D0CB3F09
:107BC800B6125459C44B2DBD0000000000A0E93F77
:107BD80000000000000000000010F0C6FB6FCC3F62
:107BE800D22B96C572ECF1BC000000000060E93FA2
:107BF80000000000000000000090D4B03DB1CD3F6F
:107C080035B015F72AFF2ABD000000000040E93F03
:107C180000000000000000000010E7FF0E53CE3FF8
:107C280030F441602712C23C000000000020E93F08
:107C380000000000000000000000DDE4ADF5CE3FCC
:107C4800118EBB651521CABC000000000000E93F89
:107C5800000000000000000000B0B36C1C99CF3F8A
:107C680030DF0CCAECCB1B3D0000000000C0E83F31
:107C7800000000000000000000584D603871D03F3F
:107C8800914EED16DB9CF83C0000000000A0E83F98
:107C98000000000000000000006061672DC4D03FB4
:107CA800E9EA3C168B18273D000000000080E83FF9
:107CB800000000000000000000E827828E17D13F76
:107CC8001CF0A5630E212CBD000000000060E83FF9
:107CD800000000000000000000F8ACCB5C6BD13F56
:107CE8008116A5F7CD9A2B3D000000000040E83F23
:107CF800000000000000000000685A6399BFD13FEF
:107D0800B7BD4751EDA62C3D000000000020E83F1C
:107D1800000000000000000000B80E6D4514D23FBE
:107D2800EABA46BADE870A3D0000000000E0E73FF5
:107D380000000000000000000090DC7CF0BED23F94
:107D4800F404504AFA9C2A3D0000000000C0E73FB6
:107D580000000000000000000060D3E1F114D33FF0
:107D6800B83C21D37AE228BD0000000000A0E73F1C
:107D780000000000000000000010BE76676BD33FD3
:107D8800C877F1B0CD6E113D000000000080E73FDC
:107D980000000000000000000030337752C2D33FDB
:107DA8005CBD06B6543B183D000000000060E73F8C
:107DB800000000000000000000E8D523B419D43FFB
:107DC8009DE090EC36E4083D000000000040E73FED
:107DD800000000000000000000C871C28D71D43F8F
:107DE80075D66709CE272FBD000000000020E73FA9
:107DF80000000000000000000030179EE0C9D43FDA
:107E0800A4D80A1B89202EBD000000000000E73F0F
:107E1800000000000000000000A03807AE22D53F97
:107E280059C7648170BE2E3D0000000000E0E63FA7
:107E3800000000000000000000D0C853F77BD53FC9
:107E4800EF405DEEEDAD1F3D0000000000C0E63FD5
:107E58000000000000000000006059DFBDD5D53FDC
:107E6800DC65A4082A0B0ABD000000000000F03FF2
:107E7800000000000000F0BF000000000000F0BF9C
:107E8800000000000000F03F83C8C96D305F644106
:107E9800182D4454FB21F93F000000000000F03F7A
:107EA8001C620CFDFFFFDFBF198F06E15355A53F8C
:107EB8009D359AE887C056BFC3F87B024393F93EC5
:107EC80003A695595455C5BFC40B23057610813FA9
:107ED80024CF7437EB9429BF000000000000F03F66
:107EE800000000000000F0BF000000000000F0BF2C
:107EF800000000000000F03F83C8C96D305F644196
:107F0800182D4454FB21F93F000000000000F0BF89
:107F18001C620CFDFFFFDF3F198F06E15355A5BF1B
:107F28009D359AE887C0563FC3F87B024393F9BE54
:107F380003A695595455C5BFC40B23057610813F38
:107F480024CF7437EB9429BF00000042C8801F403B
:107F5800B8821F400800000000000042C4801F4093
:107F6800B4821F400400000000C0004224801F406B
:107F780014821F401000000000C0004228801F40EB
:107F880018821F402000000000C000422C801F40C3
:107F98001C821F404000000000C0004234801F4087
:107FA80024821F40000100000040004264811F40FD
:107FB80054831F40000400000040004280811F409D
:107FC80070831F4000000200004000427C811F4077
:107FD8006C831F40000001000040004268811F4080
:107FE80058831F4000080000004000423C811F40A9
:107FF8002C831F40010000000040004244811F40C4
:1080080034831F40040000000040004240811F40AC
:1080180030831F40020000000040004248811F409A
:1080280038831F40080000000000004204811F4000
:10803800F4821F40000004000000004208811F4035
:10804800F8821F40000008000000004218811F400D
:1080580008831F40000080000000004214811F4078
:1080680004831F40000040000000004200811F40C0
:10807800F0821F400000020000000042FC801F4008
:10808800EC821F40000001000000004224811F40D4
:1080980014831F40000000040000004228811F4094
:1080A80018831F4000000008000000421C811F4088
:1080B8000C831F40000000010000004220811F4087
:1080C80010831F400000000200000042EC801F40A7
:1080D800DC821F400010000000000042F0801F40BA
:1080E800E0821F40002000000000004234811F4051
:1080F80024831F40000000400000004238811F40D8
:1081080028831F40000000800080004294801F40A8
:1081180084821F400000040000C0004290801F407D
:1081280080821F400000008000800042A8801F401D
:1081380098821F400000800000800042A4801F40F9
:1081480094821F4000004000004000426C811F40A4
:108158005C831F400010000000C0004230801F40B8
:1081680020821F408000000000800042C8811F401C
:10817800B8831F400080000000800042C4811F4077
:10818800B4831F400040000000800042C0811F40AF
:10819800B0831F400020000000800042BC811F40C7
:1081A800AC831F400010000000800042D0811F40B7
:1081B800C0831F400000020000800042CC811F40A5
:1081C800BC831F4000000100D8399D270054EA2ACB
:1081D80000A4781F007B9A17000000000000000030
:1081E800E1A80000493A0000E1A80000E1A8000069
:1081F800E1A80000E1A80000000000000000000065
:1082080099D800009DCA00008DAF00000000000052
:108218000000000081D5000071CA000049AF0000CD
:108228000000000000000000E5DA0000E9DE0000C0
:10823800D9AF0000906401207464012038640120E3
:108248002C64012001010004010000040132010135
:1082580001320201011001010111010101120102A3
:1082680001030206010301060112020202000001D5
:1082780002020001020100010210000102220001B5
:10828800022300010000000000000000022100019C
:108298000220000100000000000000000130010180
:1082A8000131010101020004010300040000000083
:1082B800000000000121020101210101000000006D
:1082C800000000000000000001100201010102018D
:1082D8000101010101000201010001010102020185
:1082E80001020101FFFFFFFFF1FFFF7F1FFFFF43B7
:1082F80010000FFFFFFFFFE1CF9FFFBBF7FFFE90CE
:10830800700007FFFFFFFF803FBFFF97F9FFFEF8F0
:108318000E0003FFFFFFFF001FBFFFDFFEFFFFFE92
:108328000C0001FFFFFFFF01CC7FFF7FFF7FFFFFF6
:10833800040000FFFFFFFE07F3FFFEFFFFBFF7FF8C
:10834800C000007FFFFFFE0FFFFFF83FFFDFFDFFCC
:10835800F000003FFFFFFE1FFFFFF01FFFD7FE7F6B
:10836800F800001FFFFFFE1FFFFFC00FFFEFFF9F7A
:10837800FE00000FFFFFFF3FFFFF8007FFF3E00F46
:10838800FF800007FFFFFF3FFFFF0003FFF3C0016F
:10839800FFF00003FFFFFF7EF87E0003FFF7800079
:1083A8007FFC0001FFFFFF7DF03C0001FFF70000AC
:1083B80007FF8000FFFFFF7FE01E0001FFEC0000C9
:1083C80030FFF800FFFFFEFFE01F0001FF980000EC
:1083D8001F03FFC1FFFFFEFFE01F8000FE700000CB
:1083E80007F8001FFFFFFEFFC01FC000FDF00000E0
:1083F80003FFFFFFFFFFFEFFC03EF001F3E00000B8
:1084080000FFFFFFFFFFFEFF80383C018FF00000F8
:10841800007FFFFFFFFFFEDF00780F8067F000009E
:10842800003FFFFFFFFFFEFE007001FFCFB000001E
:10843800001FFFFFFFFFFF7C00E0000F0F9C800084
:108448000007FFFFFFFFFF3803F000061F9E4000F4
:108458000003FFFFFFFFFF9FFE0C000E1FDF300031
:108468000001FFFFFFFFFFE03F62001C3FBF8E00DF
:108478000000FFFFFFFFFFFFC1B1807EFE7F83C0CA
:1084880000007FFFFFFFFFFFFF5840FFF9FFC078A4
:1084980000007FFFFFFFFFFFFFCE20FF87FFE0E028
:1084A8000000FFFFFFFFFFFFFFF311FFBFFFF83FD3
:1084B800FFC3FFFFFFFFFFFFFFFDCFFFDFFFFE074B
:1084C800FF07FFFFFFFFFFFFFFFE767FBFFFFF8075
:1084D800001FFFFFFFFFFFFFFFFF943EFFFFFFFCB2
:1084E80002FFFFFFFFFFFFFFFFFFE83DFFFFFFFF6A
:1084F800FF7FFFFFFFFFFFFFFFFFF078FFFFFFBFDA
:10850800FF3FFFFFFFFFFFFFFFFFF8F9FFFFFF3F00
:10851800FF9FFFFFFFFFFFFFFFFFFCF7FFFFFC3F91
:10852800FFCFFFFFE03FFFE03FFFFF0FFFFFF00738
:10853800FFC7FFFFCF9FFFEF3FFFFFBFFFFFE00039
:10854800BFE7FFFFD8C03003301FFF7FFFFFF000F9
:10855800FF1FFFFFD8CF87C327CFFF7FFFFFF000A4
:1085680060FFFFFFD818CC632E6FFF7FFFFFF80274
:108578000FFFFFFFD818CC63206FFFBFFFFFF00D80
:10858800FFFFFFFFD818CC63306FFFBFFFFFF81B5A
:10859800FFFFFFFFD818CFE327EFFF9FFFFE4067DD
:1085A800FFFFFFFFD8D8CC032C6FFFDFFFFE018F42
:1085B800FFFFFFFFD8D8CCE30C6FFFEDFFFFC03FF4
:1085C800FFFFFFFFCF8F87CFC7EFFFE5FBFF81FFDF
:1085D800FFFFFFFFE0000000000FFFF0FCFE7FFF41
:1085E800FFFFFFFFE00000000067FFFD1E01FFFF27
:1085F800FFFFFFFFEF80000C30F7FFFFC1FFFFFF19
:10860800FFE1FFFFCF80000C30F7C001FFFE1FFF26
:10861800FFEDFFFFD8C0000C30F7DFBDFFFEDFFF26
:10862800FFEDFFFFD8CF8FC5FEF7D80D8000C01033
:1086380000010207D81CCC683067D80D3C73F7C717
:108648009F3C78F3D800CC63B06FD80D66C8C66C71
:10865800D98CCD9BD80FCC6FB06FDF0D66C8C66CB8
:10866800D98CCD83D818CC6FB06FD80D7EC0C60C0E
:10867800D98CC0F3D8D8CC6FB00FD80C60C8C6EC72
:10868800D98CCC1BD8D8CC6FB06FD80C66C8C6ECC8
:10869800D98CCD9BCF8FCC6F9E6FDFBF3C7276E7B6
:1086A80099BE78F3E020000FC00FC000010700F06A
:1086B80000008207FFFFFFFFFFFFFFFFFFFFFFFF35
:1086C800FFFFFFFFFFFFFFFFFFFFFFFFFFFFFFFFB2
:1086D800FFFFFFFFFFFFFFFFFFFFFFFFFFFFFFFFA2
:1086E800FFFFFFFFFFFFFFFFFFFFFFFFFFFFFFFF92
:1086F800FFFFFFFFFFFFFFFFFFFFFFFFFFFFFFFF82
:10870800FFFFFFFFFFFFFFFFFFFFFFFFFFFFFFFF71
:10871800FFFFFFFFF800FFFFFE03FFF01FFFFFFF53
:10872800FFFFFFFFF0007FFFFE01FFF00FFFFFFFDD
:10873800FFFFFFFFF1FC3FFFFE71FFF38FFFFFFF1D
:10874800FFFFFFFFF1FC0000007000038001002024
:108758000800007FF1C700000070000380000000DF
:108768000000003FF1C77F87E3FE3F1FF3F83F0F8C
:10877800C1F8FE1FF1C77F87E3FE3F1FF3F83F0FE5
:10878800C1F8FE1FF1C771CE387071C3838EE39CA8
:10879800771CE39FF1FC71CE387071C3838E039C04
:1087A800771CE39FF1FC71CE387071C3838E039CF4
:1087B800771CE39FF1C0700E387071C383803F9CB3
:1087C80007FCE01FF1C0700E387071C38380E39C12
:1087D8007700E03FF1CE718E387071C3839CE39CC3
:1087E8007700E7FFF1CE718E387071C3839CE39CEC
:1087F800771CE7FFF1CE7187E01E3F00F39C3F8FA7
:10880800C1F8E7FFF1CE71C7E01E3F00F39C3F8F30
:10881800C1F8E7FFF80E03E00780001C001F000006
:10882800000007FFF81F03F00780003C003F00002E
:1088380008000FFFFFFFFFFFFFFFFFFFFFFFFFFF26
:10884800FFFFFFFFFFFFFFFFFFFFFFFFFFFFFFFF30
:10885800FFFFFFFFFFFFFFFFFFFFFFFFFFFFFFFF20
:10886800FFFFFFFFFFFFFFFFFFFFFFFFFFFFFFFF10
:10887800FFFFFFDFFFFFFFFFFFFFFFFFFFFFFFFF20
:10888800FFFFFC77FFFFFFFFFFE000000000000094
:10889800000003FFFFFFFFFFFFE0000000000010E3
:1088A80000008FFBFFFFFFFFFFE00000000000104B
:1088B80000023FFBFFFFFFFFFFE000E7FE7FE6103F
:1088C8000008FFFBFFFFFFFFFFE001E606606E10F8
:1088D8000011FFF7E00000003FC003EE06606C18CF
:1088E8000043C3E7EFEF423FBFC0036E0EE0EC3832
:1088F800008303EFE821A120BFC006CC0CC0CC3810
:108908000304079FEBA553AEBFC00CCC00C0DC38F6
:1089180004000F1FEBA344AEBF8018CC00C0DC38A6
:1089280008001FDFEBA3BF2EBF8030DC01C1D83C9D
:1089380010003FFFE82506A0BF806198FDFFD83CE6
:108948003000FFDFEFEAAABFBF80FF9819FF183C8D
:108958006001C7DFE00CD8003F01FF981980383C60
:10896800C00207BFEDA4AC20BF0301B81980301EB8
:10897800C0000FBFE8C2335B3F0603383B80301DA1
:1089880080001F7FEB7CF21A3F0C03303380301FCE
:1089980080003EFFE7082574BF18033FF3007F9B64
:1089A8008000FDFFECFE11B0BE30031FE3007F9F87
:1089B8008003FBFFE10AFA3FBE0000000000001739
:1089C800800FE7FFE52673EABE00000000000007FD
:1089D800C07FCFFFEE9A911ABE000000000000078A
:1089E800FFFFBFFFEAA9C1C43FFFFFFFFFFFFFF77B
:1089F800FFFE7FFFEC95330B3FFFFFFFFFFFFFF705
:108A0800FFF9FFFFEC2AB90CBFFFFFFFFFFFFFF7DD
:108A1800FFE7FFFFED0373263FFFFFFFFFFFFFFBAD
:108A2800FF9FFFFFEEF954FF3FFFFFFFFFFFFFFC33
:108A3800F87FFFFFE00EF08C3FFFFFFFFFFFFFFF17
:108A480007FFFFFFEFE755AC3FFFFFFFFFFFFFFF0B
:108A5800FFFFFFFFE823CF89BFFFFFFFF7FFFFFFFF
:108A6800DFFFFFFFEBABD3FD387FFFFFE7F87FFFAA
:108A78009FFFFFFFEBA86840BBECE7CCFF7BECEF68
:108A880039E9FFFFEBA1D2DBB88AD72BE8788A94C3
:108A9800A5A5FFFFE8291036B3B08749E973B0856B
:108AA800AD2DFFFFEFEE23A837B3BE4CCB77B7BD94
:108AB8002D6DFFFFE000000037B88F11DB77388C91
:108AC8002369FFFFFFFFFFFFFFFFFFFFFFFFFFFF20
:108AD800FFFFFFFFFFFFFFFFFFFFFFFFFFFFFFFF9E
:108AE800FFFFFFFF0000000000000000DB0F49400F
:108AF8000000000035FA8E3C6F12833A0000000037
:108B0800000000006DDD0000D1DE000011B00000A3
:108B18000000000000000000E1A80000E1A800003B
:108B28000000000000000000A1DE0000B9DE000027
:108B3800B9AF0000ADE900005D9F00000000000033
:108B480000000000CD7C0000493A0000191B00001D
:108B5800F9000000F9000000F9000000FFFF7F7F26
:108B68000000000000010000AC43002012000000DB
:108B780000060000FC2700600A0000000002000058
:108B88006427006062000000000700000027006002
:108B980062000000EE0300001C44002012000000E8
:108BA800000004EEF4430020280000000003000049
:108BB800F82700600000000001030904E0270060B6
:108BC8000000000002030904C8270060000000003C
:108BD80003030904DC43002000000000000000003B
:108BE8000000000000000000FFFFFFFFFFFFFFFF85
:108BF800FFFFFFFFFFFFFFFFC00000018000000133
:108C08008000000180000003BFFFFFFE7FFFFFFE22
:108C18007FFFFFFE7FFFFFFDA3623FFFCCC6547FAF
:108C2800C4464447D645447DAEAEFFFE556DD6FEDC
:108C38005DDDEF5E55DC6DFDA62E7FFFCCED46FFBA
:108C4800CDCEEECFD6CC6DFDAEAEFFFE556D56FE49
:108C58005DDF6DDE575D6DFDAEA23FFFCD4656FF71
:108C6800DC44C447C4C5447DBFFFFFFE7FFFFFFE51
:108C78007FFFFFFE7FFFFFFDBFFFFFFFFFFFFFFF3F
:108C8800FFFFFFFFFFFFFFFDBFFFFFFE7FFFFFFEB0
:108C98007FFFFFFE7FFFFFFDBFFFFFFFFFFFFFFF1F
:108CA800FFFFFFFFFFFFFFFDBFFFFFFE7FFFFFFE90
:108CB8007FFFFFFE7FFFFFFDBFFFFFFFFFFFFFFE00
:108CC8007FFFFFFFFFFFFFFDBFFFFFFE7FFFFFFFEF
:108CD800FFFFFFFE7FFFFFFDD5555555AAAAAAAA9B
:108CE80055555555AAAAAAABD5555555AAAAAAAA03
:108CF80055555555AAAAAAABBFFFFFFE7FFFFFFF38
:108D0800FFFFFFFE7FFFFFFDA222223FE4CC654666
:108D1800444445CFD644C445AEEEEF7E5D56DD6E85
:108D28005DDDD5D655DD5555A6666F7FECCED46F83
:108D3800CDCDD5CFD6CCD545AEEEEF7E7556D56E1A
:108D48005DDDD5D6575D555DA2EE237FCCD4656F2A
:108D5800DC444457C4C4C45DBFFFFFFE7FFFFFFE71
:108D68007FFFFFFE7FFFFFFDBFFFFFFFFFFFFFFF4E
:108D7800FFFFFFFFFFFFFFFDBFFFFFFE7FFFFFFEBF
:108D88007FFFFFFE7FFFFFFDBFFFFFFFFFFFFFFF2E
:108D9800FFFFFFFFFFFFFFFDBFFFFFFE7FFFFFFE9F
:108DA8007FFFFFFE7FFFFFFDBFFFFFFFFFFFFFFF0E
:108DB800FFFFFFFFFFFFFFFDBFFFFFFE7FFFFFFE7F
:108DC8007FFFFFFE7FFFFFFDC00000018000000164
:108DD8008000000180000003FFFFFFFFFFFFFFFF8F
:108DE800FFFFFFFFFFFFFFFFFFFFFFFFFFFFFFFF8B
:108DF800FFFFFFFFFFFFFFFFC00000018000000131
:108E08008000000000000003BFFFFFFE7FFFFFFEA1
:108E18007FFFFFFFFFFFFFFDAAA22623D445D5FE53
:108E28007FFFFFFFFFFFFFFDAAAEEAB646DDD5FED6
:108E38007FFFFFFFFFFFFFFDA2A666B7C6DDD5FED9
:108E48007FFFFFFFFFFFFFFDAAAEEAB656DDD5FEA6
:108E58007FFFFFFFFFFFFFFDAA22EAB7D4446C7E25
:108E68007FFFFFFFFFFFFFFDBFFFFFFE7FFFFFFE4E
:108E78007FFFFFFFFFFFFFFDBFFFFFFFFFFFFFFEBD
:108E88007FFFFFFFFFFFFFFDBFFFFFFE7FFFFFFE2E
:108E98007FFFFFFFFFFFFFFDBFFFFFFFFFFFFFFE9D
:108EA8007FFFFFFFFFFFFFFDBFFFFFFE7FFFFFFE0E
:108EB8007FFFFFFFFFFFFFFDBFFFFFFFFFFFFFFE7D
:108EC8007FFFFFFFFFFFFFFDBFFFFFFE7FFFFFFEEE
:108ED8007FFFFFFFFFFFFFFDD5555555AAAAAAAA98
:108EE8007FFFFFFFFFFFFFFDD5555555AAAAAAAA88
:108EF8007FFFFFFFFFFFFFFDBFFFFFFE7FFFFFFEBE
:108F08007FFFFFFFFFFFFFFDAAA2762BC6C644FE28
:108F18007FFFFFFFFFFFFFFDAAAEAAEA5D55D57EE2
:108F28007FFFFFFFFFFFFFFDA2A66AE7CC56C57EC5
:108F38007FFFFFFFFFFFFFFDAAAEA2EA5D575D7E40
:108F48007FFFFFFFFFFFFFFDAA226A2BDD54DCFE37
:108F58007FFFFFFFFFFFFFFDBFFFFFFE7FFFFFFE5D
:108F68007FFFFFFFFFFFFFFDBFFFFFFFFFFFFFFECC
:108F78007FFFFFFFFFFFFFFDBFFFFFFE7FFFFFFE3D
:108F88007FFFFFFFFFFFFFFDBFFFFFFFFFFFFFFEAC
:108F98007FFFFFFFFFFFFFFDBFFFFFFE7FFFFFFE1D
:108FA8007FFFFFFFFFFFFFFDBFFFFFFFFFFFFFFE8C
:108FB8007FFFFFFFFFFFFFFDBFFFFFFE7FFFFFFEFD
:108FC8007FFFFFFFFFFFFFFDC000000180000001E1
:108FD8008000000000000003FFFFFFFFFFFFFFFF0E
:108FE800FFFFFFFFFFFFFFFF000000000000000081
:108FF8008C300020843000207C3000207430002029
:109008006C300020643000205C3000205430002098
:109018004C300020443000203C3000203430002008
:10902800D82D0020D82D0020D82D0020D82D0020A4
:10903800D82D0020D82D00202C30002024300020EE
:109048001C300020143000200C3000200430002098
:10905800FC2F0020F42F0020EC2F0020E42F00200C
:10906800DC2F0020D42F0020CC2F0020C42F00207C
:10907800BC2F0020B42F0020AC2F0020A42F0020EC
:109088009C2F0020942F00208C2F0020842F00205C
:109098007C2F0020742F00206C2F0020642F0020CC
:1090A800843000207C300020743000206C30002098
:1090B800643000205C3000202C3000202430002058
:1090C8001C300020143000200C3000200430002018
:1090D800FC2F0020F42F0020EC2F0020E42F00208C
:1090E800DC2F0020D42F0020CC2F0020C42F0020FC
:1090F800BC2F0020B42F0020AC2F0020A42F00206C
:109108009C2F0020942F00208C2F0020842F0020DB
:109118007C2F0020742F00206C2F0020642F00204B
:10912800543000204C300020443000203C300020D7
:1091380007080C0B06050F000D0E010283840708B3
:109148000C0B06050F000D0E0102838400000000C1
:10915800000000001D090100FD1A00004DAB0000D1
:10916800ADA90000090701009DC000006DA900001D
:1091780065AA0000FF060C183060C0FFC3663C18E3
:1091880018181818C3663C18183C66C3C3C3C3C371
:10919800DBFFE7C3C3C3C36666663C3CC3C3C3C344
:1091A800C3C3FF7EFF181818181818187FC0C07E90
:1091B800030303FEFEC3C3FED8CCC6C37EFFC3C3EE
:1091C800C3CEFA79FEC3C3FEC0C0C0C07EFFC3C30E
:1091D800C3C3FF7EC3C3E3F3DBCFC7C3E7FFDBDB58
:1091E800C3C3C3C3C0C0C0C0C0C0C0FFC6CCD8F0D2
:1091F800D8CCC6C3FF1818181818D870FF18181834
:10920800181818FFC3C3C3FFC3C3C3C37EC3C0C0FA
:10921800C6C3C37EFFC0C0FFC0C0C0C0FFC0C0FF80
:10922800C0C0C0FFFCC6C3C3C3C3C6FC7EC3C0C0A6
:10923800C0C0C37EFEC3C3FCC3C3C3FE3C66C3C376
:10924800FFC3C3C300003838000038387EC3C37F6B
:10925800060C18307EC3C37E7EC3C37EFF03060C94
:10926800183060C03F60C0C0FEC3C37EFFC0C0FCF2
:1092780006C3663C060E1E3666FF0C0C7EC30C3811
:109288000CC3663C3C7EC303061860FF1878D818E8
:10929800181818FF7EFFC3C3C3C3FF7E0103060C63
:1092A800183060C000000000003E5B4F5B3E3E6B24
:1092B8004F6B3E1C3E7C3E1C183C7E3C181C577D68
:1092C800571C1C5E7F5E1C00183C1800FFE7C3E7B4
:1092D800FF0018241800FFE7DBE7FF30483A060EC6
:1092E8002629792926407F050507407F05253F5A0D
:1092F8003CE73C5A7F3E1C1C08081C1C3E7F14227D
:109308007F22145F5F005F5F06097F017F00668927
:10931800956A606060606094A2FFA29408047E046D
:109328000810207E201008082A1C08081C2A080893
:109338001E101010100C1E0C1E0C30383E38300653
:109348000E3E0E06000000000000005F000000074F
:10935800000700147F147F14242A7F2A122313087D
:10936800646236495620500008070300001C224159
:10937800000041221C002A1C7F1C2A08083E0808FD
:1093880000807030000808080808000060600020AD
:10939800100804023E5149453E00427F4000724990
:1093A8004949462141494D331814127F1027454534
:1093B80045393C4A4949314121110907364949494A
:1093C80036464949291E00001400000040340000B8
:1093D8000008142241141414141400412214080221
:1093E800015909063E415D594E7C1211127C7F4994
:1093F8004949363E414141227F4141413E7F4949E9
:1094080049417F090909013E414151737F08080814
:109418007F00417F41002040413F017F08142241E5
:109428007F404040407F021C027F7F0408107F3E3F
:109438004141413E7F090909063E4151215E7F09AC
:10944800192946264949493203017F01033F404013
:10945800403F1F2040201F3F4038403F63140814FE
:109468006303047804036159494D43007F41414136
:109478000204081020004141417F04020102044017
:1094880040404040000307080020545478407F289B
:109498004444383844444428384444287F38545491
:1094A800541800087E090218A4A49C787F080404B4
:1094B8007800447D40002040403D007F1028440053
:1094C80000417F40007C047804787C0804047838E4
:1094D80044444438FC1824241818242418FC7C0814
:1094E800040408485454542404043F44243C404091
:1094F800207C1C2040201C3C4030403C4428102844
:10950800444C9090907C4464544C4400083641008C
:109518000000770000004136080002010204023C06
:109528002623263C1EA1A161123A4040207A3854D5
:10953800545559215555794122545478422155544E
:10954800784020545579400C1E52721239555555A1
:1095580059395454545939555454580000457C418C
:109568000002457D420001457C407D1211127DF0CC
:10957800282528F07C545545002054547C547C0AF6
:10958800097F4932494949323A4444443A324A48BF
:1095980048303A4141217A3A42402078009DA0A0C3
:1095A8007D3D4242423D3D4040403D3C24FF242415
:1095B800487E4943662B2FFC2F2BFF0929F620C034
:1095C800887E090320545479410000447D41304885
:1095D800484A32384040227A007A0A0A727D0D19C8
:1095E800317D2629292F28262929292630484D402A
:1095F80020380808080808080808382F10C8ACBA26
:109608002F102834FA00007B000008142A142222A4
:10961800142A14085500550055AA55AA55AAFF55ED
:10962800FF55FF000000FF00101010FF0014141475
:10963800FF001010FF00FF1010F010F0141414FCBD
:10964800001414F700FF0000FF00FF1414F404FCDA
:10965800141417101F10101F101F1414141F0010BB
:109668001010F0000000001F101010101F10101034
:1096780010F010000000FF10101010101010101043
:10968800FF10000000FF140000FF00FF00001F1083
:10969800170000FC04F414141710171414F404F43D
:1096A8000000FF00F714141414141414F700F7142E
:1096B8001414171410101F101F141414F41410107D
:1096C800F010F000001F101F0000001F1400000021
:1096D800FC140000F010F01010FF10FF141414FF19
:1096E800141010101F00000000F010FFFFFFFFFF14
:1096F800F0F0F0F0F0FFFFFF0000000000FFFF0FA8
:109708000F0F0F0F3844443844FC4A4A4A347E024B
:10971800020606027E027E026355494163384444CC
:109728003C04407E201E2006027E020299A5E7A581
:10973800991C2A492A1C4C7201724C304A4D4D30F2
:109748003048784830BC625A463D3E494949007E17
:109758000101017E2A2A2A2A2A44445F44444051AE
:109768004A444040444A51400000FF0103E080FF62
:10977800000008086B6B083612362436060F090FEE
:1097880006000018180000001010003040FF01010A
:10979800001F01011E00191D1712003C3C3C3C0033
:1097A800000000000000000000000000BD370100BC
:1097B800A9A70000A1A70000A5A700000D2A010085
:1097C800D520010071280100D92301001D230100C3
:1097D80031230100AD280100D520010061270100D7
:1097E800E53A0100512E0100952C010045230100A6
:1097F80039250100E92501008D260100000000003F
:1098080000000000150C00001D0C000095950000DC
:10981800210C00009D950000D90B0000250C0000CC
:10982800290C0000000000000000000091950000D5
:1098380095950000999500009D950000D90B0000B2
:10984800A1950000A59500000000000000000000A0
:10985800F99E000095CA000075AF000059E20000AB
:10986800F59E0000000000000000000091CD0000FF
:10987800798C00005D2A0000000000000000000054
:10988800818C0000758C0000512A000097A0895B2C
:109898005A0F830DC95F6035C2E907E18C24671E42
:1098A800458E086325F0150A17BE0694F778EA4B2B
:1098B800001AC53E5EFCDBCB75230B2039B121585D
:1098C800ED953857AE147D88ABA844AF4AA54786B6
:1098D8008B301BA64D929EE7536FE57A3CD385E605
:1098E800DC695C29372EF528F4668F3641193FA1CB
:1098F80001D85049D14C84BBD05912A9C8C4878219
:1099080074BC9F56A4646DC6ADBA034034D9E2FA5C
:109918007C7B05CA2693767EFF5255D4CFCE3BE397
:109928002F103A11B6BD1C2ADFB7AAD577F89802CE
:109938002C9AA346DD99659BA72BAC09811627FDB8
:1099480013626C6E4F71E0E8B2B97068DAF661E4E0
:10995800FB22F2C1EED2900CBFB3A2F1513391EBCE
:10996800F90EEF6B31C0D61FB5C76A9DB854CCB09D
:109978007379322D7F0496FE8AECCD5DDE72431D2D
:109988001848F38D80C34E42D73D9CB400000000B8
:109998000000000045B2000099CA000081AF000035
:1099A800119F00003D9F0000000000000000000023
:1099B800D11900006D8C0000392A00000000000059
:1099C8000000000059110000698C00002D2A0000D9
:1099D8000000000000000000C50F000000000000AB
:1099E800000000006D100000A9100000ED1000003C
:1099F800690000002D0C0000610C0000311100000E
:109A0800293800003D36000000000000000000007A
:109A1800A9950000E8400020EC400020F04000201C
:109A2800F4400020F8400020FC40002000410020C5
:109A380004410020084100200C41002098400020EB
:109A4800A0400020A8400020B0400020B8400020DE
:109A5800C0400020C8400020D0400020D84000204E
:109A6800E04000204C400020544000205C40002092
:109A7800644000206C400020744000207C4000209E
:109A8800804000208840002090400020FC3F0020BB
:109A9800044000200C400020144000201C400020FE
:109AA800244000202C400020344000203C4000206E
:109AB8004440002000000000000000008502000073
:109AC800450300000504000075270000D1280000A8
:109AD80051040000B1040000000000000000000074
:109AE8008D2F00009D2F0000750100005D01000012
:109AF8000000000000000000ED0B0000F50B000066
:109B0800C90B0000FD0B0000D50B0000D90B0000AD
:109B1800050C00000D0C0000000000000000000013
:109B2800C10B0000C90B0000CD0B0000D50B0000D5
:109B3800D90B0000DD0B0000E50B00001000000051
:109B480011000000120000001300000000000000D7
:109B580001000000020000000300000004000000F3
:109B680005000000060000000700000008000000D3
:109B7800090000000A0000000B0000000C000000B3
:109B88000D0000000E0000000F0000001000000093
:109B98001100000012000000130000001400000073
:109BA8001500000016000000170000001800000053
:109BB800190000001A0000001B0000001C00000033
:109BC8001D0000001E0000001F0000002000000013
:109BD80021000000220000002300000024000000F3
:109BE80025000000260000002700000028000000D3
:109BF8001100000012000000130000001400000013
:109C0800150000001D0000001E0000001F000000DD
:109C180020000000210000002200000023000000B6
:109C28002400000025000000260000002700000096
:109C380028000000100000001100000012000000C1
:109C48001300000014000000150000001D000000B3
:109C58001E0000001F00000020000000210000007E
:109C6800220000002300000024000000250000005E
:109C78002600000027000000280000000000000067
:109C8800160000001700000018000000190000006E
:109C98001A0000001B0000001C000000010000006A
:109CA800020000000300000004000000050000009E
:109CB800060000000700000008000000090000007E
:109CC8000A0000000B0000000C0000000D0000005E
:109CD8000E0000000F000000290000002A0000000C
:109CE8002B0000002C0000002D0000002E000000BA
:109CF8002F0000003000000031000000320000009A
:109D080033000000340000005B5C5D5E5F607B7CBC
:109D18007D7E0000000080000000000000000000C0
:109D2800E1A800000000000000000000B5040000E9
:109D3800E50400008D01000009050000E5050000AC
:109D4800F1050000F50500007D020000FD0500009A
:109D580065060000B1060000C9060000E50600001F
:109D6800010700001907000009080000F9080000B1
:109D780075090000F1090000312D0000692A000072
:109D88000000000000000000A9500000718C0000D5
:109D9800452A00000000000000000000E91900004A
:109DA800251A0000651A00008D0C0000150D000032
:109DB800A91A0000D51A00003939000055340000EE
:109DC8000000000000000000619F00000DDF00009F
:109DD80005B000006CC00F40C0000000504F0000EC
:109DE8000D3001000C00000013000000000000000E
:109DF80024851F400B000000130000000000000035
:109E080028851F400D00000013000000000000001E
:109E180020851F400A000000130000000100000018
:109E28001C851F406CC00F4030000000100F000060
:109E3800CD30010001000000170000000000000004
:109E480014851F401A0000001200000001000000E5
:109E580018851F401B0000001200000001000000D0
:109E680010851F40000000001700000001000000DE
:109E78000C851F400000000000000000D9200100F0
:109E88008D310100A1A70000A5A7000091200100C5
:109E98009D200100BD20010000000000000000001E
:109EA800459F0000D5C800003DAF0000E1E200007A
:109EB800419F000000000000000000006DCF00007E
:109EC800D1C8000031AF0000000000000000000011
:109ED80009910000758C000025AF000097A0895BF0
:109EE8005A0F830DC95F6035C2E907E18C24671EEC
:109EF800458E086325F0150A17BE0694F778EA4BD5
:109F0800001AC53E5EFCDBCB75230B2039B1215806
:109F1800ED953857AE147D88ABA844AF4AA547865F
:109F28008B301BA64D929EE7536FE57A3CD385E6AE
:109F3800DC695C29372EF528F4668F3641193FA174
:109F480001D85049D14C84BBD05912A9C8C48782C2
:109F580074BC9F56A4646DC6ADBA034034D9E2FA06
:109F68007C7B05CA2693767EFF5255D4CFCE3BE341
:109F78002F103A11B6BD1C2ADFB7AAD577F8980278
:109F88002C9AA346DD99659BA72BAC09811627FD62
:109F980013626C6E4F71E0E8B2B97068DAF661E48A
:109FA800FB22F2C1EED2900CBFB3A2F1513391EB78
:109FB800F90EEF6B31C0D61FB5C76A9DB854CCB047
:109FC8007379322D7F0496FE8AECCD5DDE72431DD7
:109FD8001848F38D80C34E42D73D9CB40000000062
:109FE8000000000095D20000CDC8000019AF0000A5
:109FF8000000000000000000699800000000000058
:10A008000000000025A5000000000000000000007E
:10A01800EDE900000000000000000000719F000052
:10A02800000000000000000095A2000000000000F1
:10A038000000000029A5000000000000000000004A
:10A0480031B0000000000000000000007DF80000B2
:10A058000000000000000000D5EF00000000000034
:10A068000000000069F4000000000000000000008B
:10A0780021EC0000000000000000000075FB00005B
:10A088000000000000000000BDA40000DB0F49BF75
:10A09800E4CB1640E4CB16C000000080DB0F49403B
:10A0A800DB0F49C00000000000000080A200000093
:10A0B800F9A2000083F9A2006E83F9A24E6E83F91B
:10A0C800444E6E8315444E6E2915444EFC291544A2
:10A0D80027FC29155727FC29D15727FCF5D15727E5
:10A0E80034F5D157DD34F5D1C0DD34F5DBC0DD34CE
:10A0F80062DBC0DD9562DBC0999562DB3C999562B5
:10A10800433C999590433C994190433C3863ED3EDC
:10A11800DA0F493F5E987B3FDA0FC93F6937AC31A8
:10A1280068212233B40F14336821A2332020202061
:10A138002020202020202020000000002020206F48
:10A148006E204F4646202020000000002020204F8F
:10A158004E206F6666202020000000000A537461BC
:10A168007274696E672E2E2E000000004650533A16
:10A17800200000006E616E00696E66006F766600F2
:10A188002C20416E696D6174656420696E20000041
:10A19800732C2052656E646572656420696E2000B8
:10A1A800732C20446973706C6179656420696E2032
:10A1B80000000000730000004F46464C494E450021
:10A1C8004F4E4C494E45000044454641554C5400BD
:10A1D800414E475259000000444F55425400000078
:10A1E80046524F574E0000004C4F4F4B5550000001
:10A1F80053414400415544494F31000041554449B9
:10A208004F320000415544494F3300003020444547
:10A2180047000000333620444547000037322044C9
:10A228004547000031303820444547003134342058
:10A238004445470031383020444547003231362004
:10A2480044454700323532204445470032383820EB
:10A258004445470033323420444547004752444977
:10A26800454E540059454C4C4F5700004F52414EF3
:10A2780047450000574849544500000047524545A6
:10A288004E000000505552504C45000052454400C5
:10A29800424C5545000000005241494E424F57007C
:10A2A8004E4F4953450000004E4F4E4500000000F8
:10A2B8005048415345590000504841534558000003
:10A2C8005048415345520000474C495443485800B0
:10A2D8004D41474E455400004649534845594500AD
:10A2E800424C555248000000424C5552560000005E
:10A2F800424C5552520000003130250032302500C2
:10A30800333025003430250035302500363025001F
:10A3180037302500383025003930250031303025D8
:10A3280000000000202020202020202020202020A5
:10A338002020204252494748542020202053444599
:10A348002042524947485420202020204D4943208C
:10A3580020202020204D4943204C4556454C2020A4
:10A3680020202020424F4F50202020202020202035
:10A3780053504543202020202020202053495A456F
:10A3880020202020202020434F4C4F5220202020E6
:10A3980020202048554520462020202020202048E5
:10A3A8005545204220202020202020454646454370
:10A3B800542020202046414E20535045454420201B
:10A3C8000000000020612062206320642065206670
:10A3D80020202031325E34352020202020202031DA
:10A3E800325E3435202020202020204F4E206F66FA
:10A3F8006620202020203132333435367C38202026
:10A408002020206F6E204F46462020202020204FFD
:10A418004E206F666620202020202031325E3435A1
:10A428002020202020203132333435367C3820203B
:10A4380020203132333435367C3820202020313208
:10A44800333435367C3820202020313233343536C9
:10A458007C38202020203132333435367C38202097
:10A468000000000000000000000000000896012025
:10A4780070960120D896012000000000000000001E
:10A4880000000000000000000000000000000000C4
:10A4980000000000000000000000000000000000B4
:10A4A80000000000000000000000000000000000A4
:10A4B8000000000000000000000000000000000094
:10A4C8000000000000000000000000000000000084
:10A4D8000000000000000000000000000000000074
:10A4E8000000000000000000000000000000000064
:10A4F8000000000000000000000000000000000054
:10A5080001000000000000000E33CDAB34126DE6F0
:10A51800ECDE05000B000000000000000000000059
:10A528000000000000000000000000000000000023
:10A538000000000000000000000000000000000013
:10A548000000000000000000000000000000000003
:10A5580000000000000000000000000000000000F3
:10A5680000000000000000000000000000000000E3
:10A5780000000000000000000000000000000000D3
:10A588000000000000000000000048420000F04207
:10A59800401F0000000000008000000000000000D4
:10A5A800800000000000803F0000803F0000803FE6
:10A5B8000000C843007B9A170029DE071201000239
:10A5C800EF020140C0168304790201020301000072
:10A5D800FFFFFFFF442F002000000000E8030000F9
:10A5E80000000000008B2020010000000C03000088
:10A5F8000000000000000000000000000000000053
:10A608000000000028000000000104000100000014
:10A6180000000000020157494E5553420000000057
:10A6280000000000000000000000000012034D00C0
:10A63800530046005400310030003000F80000009C
:10A64800020E070806141505CC950120000000002D
:10A6580000000000000000004044002040440020AA
:10A668004844002048440020504400205044002022
:10A6780058440020584400206044002060440020D2
:10A688006844002068440020704400207044002082
:10A698007844002078440020804400208044002032
:10A6A80088440020884400209044002090440020E2
:10A6B8009844002098440020A0440020A044002092
:10A6C800A8440020A8440020B0440020B044002042
:10A6D800B8440020B8440020C0440020C0440020F2
:10A6E800C8440020C8440020D0440020D0440020A2
:10A6F800D8440020D8440020E0440020E044002052
:10A70800E8440020E8440020F0440020F044002001
:10A71800F8440020F84400200045002000450020AF
:10A72800084500200845002010450020104500205D
:10A73800184500201845002020450020204500200D
:10A7480028450020284500203045002030450020BD
:10A75800384500203845002040450020404500206D
:10A76800484500204845002050450020504500201D
:10A7780058450020584500206045002060450020CD
:10A78800684500206845002070450020704500207D
:10A79800784500207845002080450020804500202D
:10A7A80088450020884500209045002090450020DD
:10A7B8009845002098450020A0450020A04500208D
:10A7C800A8450020A8450020B0450020B04500203D
:10A7D800B8450020B8450020C0450020C0450020ED
:10A7E800C8450020C8450020D0450020D04500209D
:10A7F800D8450020D8450020E0450020E04500204D
:10A80800E8450020E8450020F0450020F0450020FC
:10A81800F8450020F84500200046002000460020AA
:10A828000846002008460020104600201046002058
:10A838001846002018460020204600202046002008
:10A8480028460020284600203046002030460020B8
:10A858003846002038460020404600204046002068
:10A868004846002048460020504600205046002018
:10A8780058460020584600206046002060460020C8
:10A888006846002068460020704600207046002078
:10A898007846002078460020804600208046002028
:10A8A80088460020884600209046002090460020D8
:10A8B8009846002098460020A0460020A046002088
:10A8C800A8460020A8460020B0460020B046002038
:10A8D800B8460020B8460020C0460020C0460020E8
:10A8E800C8460020C8460020D0460020D046002098
:10A8F800D8460020D8460020E0460020E046002048
:10A90800E8460020E8460020F0460020F0460020F7
:10A91800F8460020F84600200047002000470020A5
:10A928000847002008470020104700201047002053
:10A938001847002018470020204700202047002003
:10A9480028470020284700203047002030470020B3
:10A958003847002038470020404700204047002063
:10A968004847002048470020504700205047002013
:10A9780058470020584700206047002060470020C3
:10A988006847002068470020704700207047002073
:10A998007847002078470020804700208047002023
:10A9A80088470020884700209047002090470020D3
:10A9B8009847002098470020A0470020A047002083
:10A9C800A8470020A8470020B0470020B047002033
:10A9D800B8470020B8470020C0470020C0470020E3
:10A9E800C8470020C8470020D0470020D047002093
:10A9F800D8470020D8470020E0470020E047002043
:10AA0800E8470020E8470020F0470020F0470020F2
:10AA1800F8470020F84700200048002000480020A0
:10AA2800084800200848002010480020104800204E
:10AA380018480020184800202048002020480020FE
:10AA480028480020284800203048002030480020AE
:10AA58003848002038480020FFFFFFFF00000200B0
:10AA68005842002000000000000000000000000024
:10AA780000000000000000000000000000000000CE
:10AA880000000000000000000000000000000000BE
:10AA980000000000000000000000000000000000AE
:10AAA800000000000000000000000000000000009E
:10AAB800000000000000000000000000000000008E
:10AAC800000000000000000000000000000000007E
:10AAD800000000000000000000000000000000006E
:10AAE800000000000000000000000000000000005E
:10AAF800000000000000000000000000000000004E
:10AB0800000000000000000000000000000000003D
:10AB1800000000000000000000000000000000002D
:10AB2800000000000000000000000000000000001D
:10AB3800000000000000000000000000000000000D
:10AB480000000000000000000000000000000000FD
:10AB580000000000000000000000000000000000ED
:10AB680000000000000000000000000000000000DD
:10AB780000000000000000000000000000000000CD
:10AB880000000000000000000000000000000000BD
:10AB980000000000000000000000000000000000AD
:10ABA800000000000000000000000000000000009D
:10ABB800000000000000000000000000000000008D
:10ABC800000000000000000000000000000000007D
:10ABD800000000000000000000000000000000006D
:10ABE800000000000000000000000000000000005D
:10ABF800000000000000000000000000000000004D
:10AC0800000000000000000000000000000000003C
:10AC1800000000000000000000000000000000002C
:10AC2800000000000000000000000000000000001C
:10AC3800000000000000000000000000000000000C
:10AC480000000000000000000000000000000000FC
:10AC580000000000000000000000000000000000EC
:10AC680000000000000000000000000000000000DC
:10AC780000000000000000000000000000000000CC
:10AC880000000000000000000000000000000000BC
:10AC980000000000000000000000000000000000AC
:10ACA800000000000000000000000000000000009C
:10ACB800000000000000000000000000000000008C
:10ACC800000000000000000000000000000000007C
:10ACD800000000000000000000000000000000006C
:10ACE800000000000000000000000000000000005C
:10ACF800000000000000000000000000000000004C
:10AD0800000000000000000000000000000000003B
:10AD1800000000000000000000000000000000002B
:10AD2800000000000000000000000000000000001B
:10AD3800000000000000000000000000000000000B
:10AD480000000000000000000000000000000000FB
:10AD580000000000000000000000000000000000EB
:10AD680000000000000000000000000000000000DB
:10AD780000000000000000000000000000000000CB
:10AD880000000000000000000000000000000000BB
:10AD980000000000000000000000000000000000AB
:10ADA800000000000000000000000000000000009B
:10ADB800000000000000000000000000000000008B
:10ADC800000000000000000000000000000000007B
:10ADD800000000000000000000000000000000006B
:10ADE800000000000000000000000000000000005B
:10ADF800000000000000000000000000000000004B
:10AE0800000000000000000000000000000000003A
:10AE1800000000000000000000000000000000002A
:10AE2800000000000000000000000000000000001A
:10AE3800000000000000000000000000000000000A
:10AE480000000000000000000000000000000000FA
:10AE580000000000000000000000000000000000EA
:10AE680000000000000000000000000000000000DA
:10AE780000000000000000000000000000000000CA
:10AE880000000000000000000000000000000000BA
:10AE980000000000000000000000000000000000AA
:10AEA800000000000000000000000000000000009A
:10AEB800000000000000000000000000000000008A
:10AEC800000000000000000000000000000000007A
:10AED800000000000000000000000000000000006A
:10AEE800000000000000000000000000000000005A
:10AEF800000000000000000000000000000000004A
:10AF08000000000000000000000000000000000039
:10AF18000000000000000000000000000000000029
:10AF28000000000000000000000000000000000019
:10AF38000000000000000000000000000000000009
:10AF480000000000000000000000000000000000F9
:10AF580000000000000000000000000000000000E9
:10AF680000000000000000000000000000000000D9
:10AF780000000000000000000000000000000000C9
:10AF880000000000000000000000000000000000B9
:10AF980000000000000000000000000000000000A9
:10AFA8000000000000000000000000000000000099
:10AFB8000000000000000000000000000000000089
:10AFC8000000000000000000000000000000000079
:10AFD8000000000000000000000000000000000069
:10AFE8000000000000000000000000000000000059
:10AFF8000000000000000000000000000000000049
:10B008000000000000000000000000000000000038
:10B018000000000000000000000000000000000028
:10B028000000000000000000000000000000000018
:10B038000000000000000000000000000000000008
:10B0480000000000000000000000000000000000F8
:10B0580000000000000000000000000000000000E8
:10B0680000000000000000000000000000000000D8
:10B0780000000000000000000000000000000000C8
:10B0880000000000000000000000000000000000B8
:10B0980000000000000000000000000000000000A8
:10B0A8000000000000000000000000000000000098
:10B0B8000000000000000000000000000000000088
:10B0C8000000000000000000000000000000000078
:10B0D800FFFFFFFFFFFFFFFFFFFFFFFFFFFFFFFF78
:10B0E800FFFFFFFFFFFFFFFFFFFFFFFFFFFFFFFF68
:10B0F800FFFFFFFFFFFFFFFFFFFFFFFFFFFFFFFF58
:10B10800FFFFFFFFFFFFFFFFFFFFFFFFFFFFFFFF47
:10B11800FFFFFFFFFFFFFFFFFFFFFFFFFFFFFFFF37
:10B12800FFFFFFFFFFFFFFFFFFFFFFFFFFFFFFFF27
:10B13800FFFFFFFFFFFFFFFFFFFFFFFFFFFFFFFF17
:10B14800FFFFFFFFFFFFFFFFFFFFFFFFFFFFFFFF07
:10B15800FFFFFFFFFFFFFFFFFFFFFFFFFFFFFFFFF7
:10B16800FFFFFFFFFFFFFFFFFFFFFFFFFFFFFFFFE7
:10B17800FFFFFFFFFFFFFFFFFFFFFFFFFFFFFFFFD7
:10B18800FFFFFFFFFFFFFFFFFFFFFFFFFFFFFFFFC7
:10B19800FFFFFFFFFFFFFFFFFFFFFFFFFFFFFFFFB7
:10B1A800FFFFFFFFFFFFFFFFFFFFFFFFFFFFFFFFA7
:10B1B800FFFFFFFFFFFFFFFFFFFFFFFFFFFFFFFF97
:10B1C800FFFFFFFFFFFFFFFFFFFFFFFFFFFFFFFF87
:10B1D800FFFFFFFFFFFFFFFFFFFFFFFFFFFFFFFF77
:10B1E800FFFFFFFFFFFFFFFFFFFFFFFFFFFFFFFF67
:10B1F800FFFFFFFFFFFFFFFFFFFFFFFFFFFFFFFF57
:10B20800FFFFFFFFFFFFFFFFFFFFFFFFFFFFFFFF46
:10B21800FFFFFFFFFFFFFFFFFFFFFFFFFFFFFFFF36
:10B22800FFFFFFFFFFFFFFFFFFFFFFFFFFFFFFFF26
:10B23800FFFFFFFFFFFFFFFFFFFFFFFFFFFFFFFF16
:10B24800FFFFFFFFFFFFFFFFFFFFFFFFFFFFFFFF06
:10B25800FFFFFFFFFFFFFFFFFFFFFFFFFFFFFFFFF6
:10B26800FFFFFFFFFFFFFFFFFFFFFFFFFFFFFFFFE6
:10B27800FFFFFFFFFFFFFFFFFFFFFFFFFFFFFFFFD6
:10B28800FFFFFFFFFFFFFFFFFFFFFFFFFFFFFFFFC6
:10B29800FFFFFFFFFFFFFFFFFFFFFFFFFFFFFFFFB6
:10B2A800FFFFFFFFFFFFFFFFFFFFFFFFFFFFFFFFA6
:10B2B800FFFFFFFFFFFFFFFFFFFFFFFFFFFFFFFF96
:10B2C800FFFFFFFFFFFFFFFFFFFFFFFFFFFFFFFF86
:10B2D800FFFFFFFFFFFFFFFFFFFFFFFFFFFFFFFF76
:10B2E800FFFFFFFFFFFFFFFFFFFFFFFFFFFFFFFF66
:10B2F800FFFFFFFFFFFFFFFFFFFFFFFFFFFFFFFF56
:10B30800FFFFFFFFFFFFFFFFFFFFFFFFFFFFFFFF45
:10B31800FFFFFFFFFFFFFFFFFFFFFFFFFFFFFFFF35
:10B32800FFFFFFFFFFFFFFFFFFFFFFFFFFFFFFFF25
:10B33800FFFFFFFFFFFFFFFFFFFFFFFFFFFFFFFF15
:10B34800FFFFFFFFFFFFFFFFFFFFFFFFFFFFFFFF05
:10B35800FFFFFFFFFFFFFFFFFFFFFFFFFFFFFFFFF5
:10B36800FFFFFFFFFFFFFFFFFFFFFFFFFFFFFFFFE5
:10B37800FFFFFFFFFFFFFFFFFFFFFFFFFFFFFFFFD5
:10B38800FFFFFFFFFFFFFFFFFFFFFFFFFFFFFFFFC5
:10B39800FFFFFFFFFFFFFFFFFFFFFFFFFFFFFFFFB5
:10B3A800FFFFFFFFFFFFFFFFFFFFFFFFFFFFFFFFA5
:10B3B800FFFFFFFFFFFFFFFFFFFFFFFFFFFFFFFF95
:10B3C800FFFFFFFFFFFFFFFFFFFFFFFFFFFFFFFF85
:10B3D800FFFFFFFFFFFFFFFFFFFFFFFFFFFFFFFF75
:10B3E800FFFFFFFFFFFFFFFFFFFFFFFFFFFFFFFF65
:10B3F800FFFFFFFFFFFFFFFF00000000000000004D
:10B408000000000000000000000000000000000034
:10B418000000000000000000000000000000000024
:10B428000000000000000000000000000000000014
:10B438000000000000000000000000000000000004
:10B4480000000000000000000000000000000000F4
:10B4580000000000000000000000000000000000E4
:10B4680000000000000000000000000000000000D4
:10B4780000000000000000000000000000000000C4
:10B4880000000000000000000000000000000000B4
:10B4980000000000000000000000000000000000A4
:10B4A8000000000000000000000000000000000094
:10B4B8000000000000000000000000000000000084
:10B4C8000000000000000000000000000000000074
:10B4D8000000000000000000000000000000000064
:10B4E8000000000000000000000000000000000054
:10B4F8000000000000000000000000000000000044
:10B508000000000000000000000000000000000033
:10B518000000000000000000000000000000000023
:10B528000000000000000000000000000000000013
:10B538000000000000000000000000000000000003
:10B5480000000000000000000000000000000000F3
:10B5580000000000000000000000000000000000E3
:10B5680000000000000000000000000000000000D3
:10B5780000000000000000000000000000000000C3
:10B5880000000000000000000000000000000000B3
:10B5980000000000000000000000000000000000A3
:10B5A8000000000000000000000000000000000093
:10B5B8000000000000000000000000000000000083
:10B5C8000000000000000000000000000000000073
:10B5D8000000000000000000000000000000000063
:10B5E8000000000000000000000000000000000053
:10B5F8000000000000000000000000000000000043
:10B608000000000000000000000000000000000032
:10B618000000000000000000000000000000000022
:10B628000000000000000000000000000000000012
:10B638000000000000000000000000000000000002
:10B6480000000000000000000000000000000000F2
:10B6580000000000000000000000000000000000E2
:10B6680000000000000000000000000000000000D2
:10B6780000000000000000000000000000000000C2
:10B6880000000000000000000000000000000000B2
:10B6980000000000000000000000000000000000A2
:10B6A8000000000000000000000000000000000092
:10B6B8000000000000000000000000000000000082
:10B6C8000000000000000000000000000000000072
:10B6D8000000000000000000000000000000000062
:10B6E8000000000000000000000000000000000052
:10B6F8000000000000000000000000000000000042
:10B708000000000000000000000000000000000031
:10B718000000000000000000000000000000000021
:10B728000000000000000000000000000000000011
:10B738000000000000000000000000000000000001
:10B7480000000000000000000000000000000000F1
:10B7580000000000000000000000000000000000E1
:10B7680000000000000000000000000000000000D1
:10B7780000000000000000000000000000000000C1
:10B7880000000000000000000000000000000000B1
:10B7980000000000000000000000000000000000A1
:10B7A8000000000000000000000000000000000091
:10B7B8000000000000000000000000000000000081
:10B7C8000000000000000000000000000000000071
:10B7D8000000000000000000000000000000000061
:10B7E8000000000000000000000000000000000051
:10B7F8000000000000000000000000000000000041
:10B808000000000000000000000000000000000030
:10B818000000000000000000000000000000000020
:10B828000000000000000000000000000000000010
:10B838000000000000000000000000000000000000
:10B8480000000000000000000000000000000000F0
:10B8580000000000000000000000000000000000E0
:10B8680000000000000000000000000000000000D0
:10B8780000000000000000000000000000000000C0
:10B8880000000000000000000000000000000000B0
:10B8980000000000000000000000000000000000A0
:10B8A8000000000000000000000000000000000090
:10B8B8000000000000000000000000000000000080
:10B8C8000000000000000000000000000000000070
:10B8D8000000000000000000000000000000000060
:10B8E8000000000000000000000000000000000050
:10B8F8000000000000000000000000000000000040
:10B90800000000000000000000000000000000002F
:10B91800000000000000000000000000000000001F
:10B92800000000000000000000000000000000000F
:10B9380000000000000000000000000000000000FF
:10B9480000000000000000000000000000000000EF
:10B9580000000000000000000000000000000000DF
:10B9680000000000000000000000000000000000CF
:10B9780000000000000000000000000000000000BF
:10B9880000000000000000000000000000000000AF
:10B99800000000000000000000000000000000009F
:10B9A800000000000000000000000000000000008F
:10B9B800000000000000000000000000000000007F
:10B9C800000000000000000000000000000000006F
:10B9D800000000000000000000000000000000005F
:10B9E800000000000000000000000000000000004F
:10B9F800000000000000000000000000000000003F
:10BA0800000000000000000000000000000000002E
:10BA1800000000000000000000000000000000001E
:10BA2800000000000000000000000000000000000E
:10BA380000000000000000000000000000000000FE
:10BA480000000000000000000000000000000000EE
:10BA580000000000000000000000000000000000DE
:10BA680000000000000000000000000000000000CE
:10BA780000000000000000000000000000000000BE
:10BA880000000000000000000000000000000000AE
:10BA9800000000000000000000000000000000009E
:10BAA800000000000000000000000000000000008E
:10BAB800000000000000000000000000000000007E
:10BAC800000000000000000000000000000000006E
:10BAD800000000000000000000000000000000005E
:10BAE800000000000000000000000000000000004E
:10BAF800000000000000000000000000000000003E
:10BB0800000000000000000000000000000000002D
:10BB1800000000000000000000000000000000001D
:10BB2800000000000000000000000000000000000D
:10BB380000000000000000000000000000000000FD
:10BB480000000000000000000000000000000000ED
:10BB580000000000000000000000000000000000DD
:10BB680000000000000000000000000000000000CD
:10BB780000000000000000000000000000000000BD
:10BB880000000000000000000000000000000000AD
:10BB9800000000000000000000000000000000009D
:10BBA800000000000000000000000000000000008D
:10BBB800000000000000000000000000000000007D
:10BBC800000000000000000000000000000000006D
:10BBD800000000000000000000000000000000005D
:10BBE800000000000000000000000000000000004D
:10BBF800000000000000000000000000000000003D
:10BC0800000000000000000000000000000000002C
:10BC1800000000000000000000000000000000001C
:10BC2800000000000000000000000000000000000C
:10BC380000000000000000000000000000000000FC
:10BC480000000000000000000000000000000000EC
:10BC580000000000000000000000000000000000DC
:10BC680000000000000000000000000000000000CC
:10BC780000000000000000000000000000000000BC
:10BC880000000000000000000000000000000000AC
:10BC9800000000000000000000000000000000009C
:10BCA800000000000000000000000000000000008C
:10BCB800000000000000000000000000000000007C
:10BCC800000000000000000000000000000000006C
:10BCD800000000000000000000000000000000005C
:10BCE800000000000000000000000000000000004C
:10BCF800000000000000000000000000000000003C
:10BD0800000000000000000000000000000000002B
:10BD1800000000000000000000000000000000001B
:10BD2800000000000000000000000000000000000B
:10BD380000000000000000000000000000000000FB
:10BD480000000000000000000000000000000000EB
:10BD580000000000000000000000000000000000DB
:10BD680000000000000000000000000000000000CB
:10BD780000000000000000000000000000000000BB
:10BD880000000000000000000000000000000000AB
:10BD9800000000000000000000000000000000009B
:10BDA800000000000000000000000000000000008B
:10BDB800000000000000000000000000000000007B
:10BDC800000000000000000000000000000000006B
:10BDD800000000000000000000000000000000005B
:10BDE800000000000000000000000000000000004B
:10BDF800000000000000000000000000000000003B
:10BE0800000000000000000000000000000000002A
:10BE1800000000000000000000000000000000001A
:10BE2800000000000000000000000000000000000A
:10BE380000000000000000000000000000000000FA
:10BE480000000000000000000000000000000000EA
:10BE580000000000000000000000000000000000DA
:10BE680000000000000000000000000000000000CA
:10BE780000000000000000000000000000000000BA
:10BE880000000000000000000000000000000000AA
:10BE9800000000000000000000000000000000009A
:10BEA800000000000000000000000000000000008A
:10BEB800000000000000000000000000000000007A
:10BEC800000000000000000000000000000000006A
:10BED800000000000000000000000000000000005A
:10BEE800000000000000000000000000000000004A
:10BEF800000000000000000000000000000000003A
:10BF08000000000000000000000000000000000029
:10BF18000000000000000000000000000000000019
:10BF28000000000000000000000000000000000009
:10BF380000000000000000000000000000000000F9
:10BF480000000000000000000000000000000000E9
:10BF580000000000000000000000000000000000D9
:10BF680000000000000000000000000000000000C9
:10BF780000000000000000000000000000000000B9
:10BF880000000000000000000000000000000000A9
:10BF98000000000000000000000000000000000099
:10BFA8000000000000000000000000000000000089
:10BFB8000000000000000000000000000000000079
:10BFC8000000000000000000000000000000000069
:10BFD8000000000000000000000000000000000059
:10BFE8000000000000000000000000000000000049
:08BFF800000000000000000041
:040000056000100087
:00000001FF
