:0200000460009A
:100000004643464200000156000000000103030081
:1000100000000000000000000000000000000000E0
:1000200000000000000000000000000000000000D0
:1000300000000000000000000000000000000000C0
:1000400000000000010408000000000000000000A3
:100050000000800000000000000000000000000020
:100060000000000000000000000000000000000090
:100070000000000000000000000000000000000080
:10008000EB04180A063204260000000000000000FD
:10009000050404240000000000000000000000002F
:1000A0000000000000000000000000000000000050
:1000B0000604000000000000000000000000000036
:1000C0000000000000000000000000000000000030
:1000D00020041808000000000000000000000000DC
:1000E0000000000000000000000000000000000010
:1000F0000000000000000000000000000000000000
:10010000D8041808000000000000000000000000F3
:100110000204180804200000000000000000000095
:1001200000000000000000000000000000000000CF
:10013000600400000000000000000000000000005B
:1001400000000000000000000000000000000000AF
:10015000000000000000000000000000000000009F
:10016000000000000000000000000000000000008F
:10017000000000000000000000000000000000007F
:10018000000000000000000000000000000000006F
:10019000000000000000000000000000000000005F
:1001A000000000000000000000000000000000004F
:1001B000000000000000000000000000000000003F
:1001C000000100000010000001000000000000001D
:1001D000000001000000000000000000000000001E
:1001E000000000000000000000000000000000000F
:1001F00000000000000000000000000000000000FF
:10020000FFFFFFFFFFFFFFFFFFFFFFFFFFFFFFFFFE
:10021000FFFFFFFFFFFFFFFFFFFFFFFFFFFFFFFFEE
:10022000FFFFFFFFFFFFFFFFFFFFFFFFFFFFFFFFDE
:10023000FFFFFFFFFFFFFFFFFFFFFFFFFFFFFFFFCE
:10024000FFFFFFFFFFFFFFFFFFFFFFFFFFFFFFFFBE
:10025000FFFFFFFFFFFFFFFFFFFFFFFFFFFFFFFFAE
:10026000FFFFFFFFFFFFFFFFFFFFFFFFFFFFFFFF9E
:10027000FFFFFFFFFFFFFFFFFFFFFFFFFFFFFFFF8E
:10028000FFFFFFFFFFFFFFFFFFFFFFFFFFFFFFFF7E
:10029000FFFFFFFFFFFFFFFFFFFFFFFFFFFFFFFF6E
:1002A000FFFFFFFFFFFFFFFFFFFFFFFFFFFFFFFF5E
:1002B000FFFFFFFFFFFFFFFFFFFFFFFFFFFFFFFF4E
:1002C000FFFFFFFFFFFFFFFFFFFFFFFFFFFFFFFF3E
:1002D000FFFFFFFFFFFFFFFFFFFFFFFFFFFFFFFF2E
:1002E000FFFFFFFFFFFFFFFFFFFFFFFFFFFFFFFF1E
:1002F000FFFFFFFFFFFFFFFFFFFFFFFFFFFFFFFF0E
:10030000FFFFFFFFFFFFFFFFFFFFFFFFFFFFFFFFFD
:10031000FFFFFFFFFFFFFFFFFFFFFFFFFFFFFFFFED
:10032000FFFFFFFFFFFFFFFFFFFFFFFFFFFFFFFFDD
:10033000FFFFFFFFFFFFFFFFFFFFFFFFFFFFFFFFCD
:10034000FFFFFFFFFFFFFFFFFFFFFFFFFFFFFFFFBD
:10035000FFFFFFFFFFFFFFFFFFFFFFFFFFFFFFFFAD
:10036000FFFFFFFFFFFFFFFFFFFFFFFFFFFFFFFF9D
:10037000FFFFFFFFFFFFFFFFFFFFFFFFFFFFFFFF8D
:10038000FFFFFFFFFFFFFFFFFFFFFFFFFFFFFFFF7D
:10039000FFFFFFFFFFFFFFFFFFFFFFFFFFFFFFFF6D
:1003A000FFFFFFFFFFFFFFFFFFFFFFFFFFFFFFFF5D
:1003B000FFFFFFFFFFFFFFFFFFFFFFFFFFFFFFFF4D
:1003C000FFFFFFFFFFFFFFFFFFFFFFFFFFFFFFFF3D
:1003D000FFFFFFFFFFFFFFFFFFFFFFFFFFFFFFFF2D
:1003E000FFFFFFFFFFFFFFFFFFFFFFFFFFFFFFFF1D
:1003F000FFFFFFFFFFFFFFFFFFFFFFFFFFFFFFFF0D
:10040000FFFFFFFFFFFFFFFFFFFFFFFFFFFFFFFFFC
:10041000FFFFFFFFFFFFFFFFFFFFFFFFFFFFFFFFEC
:10042000FFFFFFFFFFFFFFFFFFFFFFFFFFFFFFFFDC
:10043000FFFFFFFFFFFFFFFFFFFFFFFFFFFFFFFFCC
:10044000FFFFFFFFFFFFFFFFFFFFFFFFFFFFFFFFBC
:10045000FFFFFFFFFFFFFFFFFFFFFFFFFFFFFFFFAC
:10046000FFFFFFFFFFFFFFFFFFFFFFFFFFFFFFFF9C
:10047000FFFFFFFFFFFFFFFFFFFFFFFFFFFFFFFF8C
:10048000FFFFFFFFFFFFFFFFFFFFFFFFFFFFFFFF7C
:10049000FFFFFFFFFFFFFFFFFFFFFFFFFFFFFFFF6C
:1004A000FFFFFFFFFFFFFFFFFFFFFFFFFFFFFFFF5C
:1004B000FFFFFFFFFFFFFFFFFFFFFFFFFFFFFFFF4C
:1004C000FFFFFFFFFFFFFFFFFFFFFFFFFFFFFFFF3C
:1004D000FFFFFFFFFFFFFFFFFFFFFFFFFFFFFFFF2C
:1004E000FFFFFFFFFFFFFFFFFFFFFFFFFFFFFFFF1C
:1004F000FFFFFFFFFFFFFFFFFFFFFFFFFFFFFFFF0C
:10050000FFFFFFFFFFFFFFFFFFFFFFFFFFFFFFFFFB
:10051000FFFFFFFFFFFFFFFFFFFFFFFFFFFFFFFFEB
:10052000FFFFFFFFFFFFFFFFFFFFFFFFFFFFFFFFDB
:10053000FFFFFFFFFFFFFFFFFFFFFFFFFFFFFFFFCB
:10054000FFFFFFFFFFFFFFFFFFFFFFFFFFFFFFFFBB
:10055000FFFFFFFFFFFFFFFFFFFFFFFFFFFFFFFFAB
:10056000FFFFFFFFFFFFFFFFFFFFFFFFFFFFFFFF9B
:10057000FFFFFFFFFFFFFFFFFFFFFFFFFFFFFFFF8B
:10058000FFFFFFFFFFFFFFFFFFFFFFFFFFFFFFFF7B
:10059000FFFFFFFFFFFFFFFFFFFFFFFFFFFFFFFF6B
:1005A000FFFFFFFFFFFFFFFFFFFFFFFFFFFFFFFF5B
:1005B000FFFFFFFFFFFFFFFFFFFFFFFFFFFFFFFF4B
:1005C000FFFFFFFFFFFFFFFFFFFFFFFFFFFFFFFF3B
:1005D000FFFFFFFFFFFFFFFFFFFFFFFFFFFFFFFF2B
:1005E000FFFFFFFFFFFFFFFFFFFFFFFFFFFFFFFF1B
:1005F000FFFFFFFFFFFFFFFFFFFFFFFFFFFFFFFF0B
:10060000FFFFFFFFFFFFFFFFFFFFFFFFFFFFFFFFFA
:10061000FFFFFFFFFFFFFFFFFFFFFFFFFFFFFFFFEA
:10062000FFFFFFFFFFFFFFFFFFFFFFFFFFFFFFFFDA
:10063000FFFFFFFFFFFFFFFFFFFFFFFFFFFFFFFFCA
:10064000FFFFFFFFFFFFFFFFFFFFFFFFFFFFFFFFBA
:10065000FFFFFFFFFFFFFFFFFFFFFFFFFFFFFFFFAA
:10066000FFFFFFFFFFFFFFFFFFFFFFFFFFFFFFFF9A
:10067000FFFFFFFFFFFFFFFFFFFFFFFFFFFFFFFF8A
:10068000FFFFFFFFFFFFFFFFFFFFFFFFFFFFFFFF7A
:10069000FFFFFFFFFFFFFFFFFFFFFFFFFFFFFFFF6A
:1006A000FFFFFFFFFFFFFFFFFFFFFFFFFFFFFFFF5A
:1006B000FFFFFFFFFFFFFFFFFFFFFFFFFFFFFFFF4A
:1006C000FFFFFFFFFFFFFFFFFFFFFFFFFFFFFFFF3A
:1006D000FFFFFFFFFFFFFFFFFFFFFFFFFFFFFFFF2A
:1006E000FFFFFFFFFFFFFFFFFFFFFFFFFFFFFFFF1A
:1006F000FFFFFFFFFFFFFFFFFFFFFFFFFFFFFFFF0A
:10070000FFFFFFFFFFFFFFFFFFFFFFFFFFFFFFFFF9
:10071000FFFFFFFFFFFFFFFFFFFFFFFFFFFFFFFFE9
:10072000FFFFFFFFFFFFFFFFFFFFFFFFFFFFFFFFD9
:10073000FFFFFFFFFFFFFFFFFFFFFFFFFFFFFFFFC9
:10074000FFFFFFFFFFFFFFFFFFFFFFFFFFFFFFFFB9
:10075000FFFFFFFFFFFFFFFFFFFFFFFFFFFFFFFFA9
:10076000FFFFFFFFFFFFFFFFFFFFFFFFFFFFFFFF99
:10077000FFFFFFFFFFFFFFFFFFFFFFFFFFFFFFFF89
:10078000FFFFFFFFFFFFFFFFFFFFFFFFFFFFFFFF79
:10079000FFFFFFFFFFFFFFFFFFFFFFFFFFFFFFFF69
:1007A000FFFFFFFFFFFFFFFFFFFFFFFFFFFFFFFF59
:1007B000FFFFFFFFFFFFFFFFFFFFFFFFFFFFFFFF49
:1007C000FFFFFFFFFFFFFFFFFFFFFFFFFFFFFFFF39
:1007D000FFFFFFFFFFFFFFFFFFFFFFFFFFFFFFFF29
:1007E000FFFFFFFFFFFFFFFFFFFFFFFFFFFFFFFF19
:1007F000FFFFFFFFFFFFFFFFFFFFFFFFFFFFFFFF09
:10080000FFFFFFFFFFFFFFFFFFFFFFFFFFFFFFFFF8
:10081000FFFFFFFFFFFFFFFFFFFFFFFFFFFFFFFFE8
:10082000FFFFFFFFFFFFFFFFFFFFFFFFFFFFFFFFD8
:10083000FFFFFFFFFFFFFFFFFFFFFFFFFFFFFFFFC8
:10084000FFFFFFFFFFFFFFFFFFFFFFFFFFFFFFFFB8
:10085000FFFFFFFFFFFFFFFFFFFFFFFFFFFFFFFFA8
:10086000FFFFFFFFFFFFFFFFFFFFFFFFFFFFFFFF98
:10087000FFFFFFFFFFFFFFFFFFFFFFFFFFFFFFFF88
:10088000FFFFFFFFFFFFFFFFFFFFFFFFFFFFFFFF78
:10089000FFFFFFFFFFFFFFFFFFFFFFFFFFFFFFFF68
:1008A000FFFFFFFFFFFFFFFFFFFFFFFFFFFFFFFF58
:1008B000FFFFFFFFFFFFFFFFFFFFFFFFFFFFFFFF48
:1008C000FFFFFFFFFFFFFFFFFFFFFFFFFFFFFFFF38
:1008D000FFFFFFFFFFFFFFFFFFFFFFFFFFFFFFFF28
:1008E000FFFFFFFFFFFFFFFFFFFFFFFFFFFFFFFF18
:1008F000FFFFFFFFFFFFFFFFFFFFFFFFFFFFFFFF08
:10090000FFFFFFFFFFFFFFFFFFFFFFFFFFFFFFFFF7
:10091000FFFFFFFFFFFFFFFFFFFFFFFFFFFFFFFFE7
:10092000FFFFFFFFFFFFFFFFFFFFFFFFFFFFFFFFD7
:10093000FFFFFFFFFFFFFFFFFFFFFFFFFFFFFFFFC7
:10094000FFFFFFFFFFFFFFFFFFFFFFFFFFFFFFFFB7
:10095000FFFFFFFFFFFFFFFFFFFFFFFFFFFFFFFFA7
:10096000FFFFFFFFFFFFFFFFFFFFFFFFFFFFFFFF97
:10097000FFFFFFFFFFFFFFFFFFFFFFFFFFFFFFFF87
:10098000FFFFFFFFFFFFFFFFFFFFFFFFFFFFFFFF77
:10099000FFFFFFFFFFFFFFFFFFFFFFFFFFFFFFFF67
:1009A000FFFFFFFFFFFFFFFFFFFFFFFFFFFFFFFF57
:1009B000FFFFFFFFFFFFFFFFFFFFFFFFFFFFFFFF47
:1009C000FFFFFFFFFFFFFFFFFFFFFFFFFFFFFFFF37
:1009D000FFFFFFFFFFFFFFFFFFFFFFFFFFFFFFFF27
:1009E000FFFFFFFFFFFFFFFFFFFFFFFFFFFFFFFF17
:1009F000FFFFFFFFFFFFFFFFFFFFFFFFFFFFFFFF07
:100A0000FFFFFFFFFFFFFFFFFFFFFFFFFFFFFFFFF6
:100A1000FFFFFFFFFFFFFFFFFFFFFFFFFFFFFFFFE6
:100A2000FFFFFFFFFFFFFFFFFFFFFFFFFFFFFFFFD6
:100A3000FFFFFFFFFFFFFFFFFFFFFFFFFFFFFFFFC6
:100A4000FFFFFFFFFFFFFFFFFFFFFFFFFFFFFFFFB6
:100A5000FFFFFFFFFFFFFFFFFFFFFFFFFFFFFFFFA6
:100A6000FFFFFFFFFFFFFFFFFFFFFFFFFFFFFFFF96
:100A7000FFFFFFFFFFFFFFFFFFFFFFFFFFFFFFFF86
:100A8000FFFFFFFFFFFFFFFFFFFFFFFFFFFFFFFF76
:100A9000FFFFFFFFFFFFFFFFFFFFFFFFFFFFFFFF66
:100AA000FFFFFFFFFFFFFFFFFFFFFFFFFFFFFFFF56
:100AB000FFFFFFFFFFFFFFFFFFFFFFFFFFFFFFFF46
:100AC000FFFFFFFFFFFFFFFFFFFFFFFFFFFFFFFF36
:100AD000FFFFFFFFFFFFFFFFFFFFFFFFFFFFFFFF26
:100AE000FFFFFFFFFFFFFFFFFFFFFFFFFFFFFFFF16
:100AF000FFFFFFFFFFFFFFFFFFFFFFFFFFFFFFFF06
:100B0000FFFFFFFFFFFFFFFFFFFFFFFFFFFFFFFFF5
:100B1000FFFFFFFFFFFFFFFFFFFFFFFFFFFFFFFFE5
:100B2000FFFFFFFFFFFFFFFFFFFFFFFFFFFFFFFFD5
:100B3000FFFFFFFFFFFFFFFFFFFFFFFFFFFFFFFFC5
:100B4000FFFFFFFFFFFFFFFFFFFFFFFFFFFFFFFFB5
:100B5000FFFFFFFFFFFFFFFFFFFFFFFFFFFFFFFFA5
:100B6000FFFFFFFFFFFFFFFFFFFFFFFFFFFFFFFF95
:100B7000FFFFFFFFFFFFFFFFFFFFFFFFFFFFFFFF85
:100B8000FFFFFFFFFFFFFFFFFFFFFFFFFFFFFFFF75
:100B9000FFFFFFFFFFFFFFFFFFFFFFFFFFFFFFFF65
:100BA000FFFFFFFFFFFFFFFFFFFFFFFFFFFFFFFF55
:100BB000FFFFFFFFFFFFFFFFFFFFFFFFFFFFFFFF45
:100BC000FFFFFFFFFFFFFFFFFFFFFFFFFFFFFFFF35
:100BD000FFFFFFFFFFFFFFFFFFFFFFFFFFFFFFFF25
:100BE000FFFFFFFFFFFFFFFFFFFFFFFFFFFFFFFF15
:100BF000FFFFFFFFFFFFFFFFFFFFFFFFFFFFFFFF05
:100C0000FFFFFFFFFFFFFFFFFFFFFFFFFFFFFFFFF4
:100C1000FFFFFFFFFFFFFFFFFFFFFFFFFFFFFFFFE4
:100C2000FFFFFFFFFFFFFFFFFFFFFFFFFFFFFFFFD4
:100C3000FFFFFFFFFFFFFFFFFFFFFFFFFFFFFFFFC4
:100C4000FFFFFFFFFFFFFFFFFFFFFFFFFFFFFFFFB4
:100C5000FFFFFFFFFFFFFFFFFFFFFFFFFFFFFFFFA4
:100C6000FFFFFFFFFFFFFFFFFFFFFFFFFFFFFFFF94
:100C7000FFFFFFFFFFFFFFFFFFFFFFFFFFFFFFFF84
:100C8000FFFFFFFFFFFFFFFFFFFFFFFFFFFFFFFF74
:100C9000FFFFFFFFFFFFFFFFFFFFFFFFFFFFFFFF64
:100CA000FFFFFFFFFFFFFFFFFFFFFFFFFFFFFFFF54
:100CB000FFFFFFFFFFFFFFFFFFFFFFFFFFFFFFFF44
:100CC000FFFFFFFFFFFFFFFFFFFFFFFFFFFFFFFF34
:100CD000FFFFFFFFFFFFFFFFFFFFFFFFFFFFFFFF24
:100CE000FFFFFFFFFFFFFFFFFFFFFFFFFFFFFFFF14
:100CF000FFFFFFFFFFFFFFFFFFFFFFFFFFFFFFFF04
:100D0000FFFFFFFFFFFFFFFFFFFFFFFFFFFFFFFFF3
:100D1000FFFFFFFFFFFFFFFFFFFFFFFFFFFFFFFFE3
:100D2000FFFFFFFFFFFFFFFFFFFFFFFFFFFFFFFFD3
:100D3000FFFFFFFFFFFFFFFFFFFFFFFFFFFFFFFFC3
:100D4000FFFFFFFFFFFFFFFFFFFFFFFFFFFFFFFFB3
:100D5000FFFFFFFFFFFFFFFFFFFFFFFFFFFFFFFFA3
:100D6000FFFFFFFFFFFFFFFFFFFFFFFFFFFFFFFF93
:100D7000FFFFFFFFFFFFFFFFFFFFFFFFFFFFFFFF83
:100D8000FFFFFFFFFFFFFFFFFFFFFFFFFFFFFFFF73
:100D9000FFFFFFFFFFFFFFFFFFFFFFFFFFFFFFFF63
:100DA000FFFFFFFFFFFFFFFFFFFFFFFFFFFFFFFF53
:100DB000FFFFFFFFFFFFFFFFFFFFFFFFFFFFFFFF43
:100DC000FFFFFFFFFFFFFFFFFFFFFFFFFFFFFFFF33
:100DD000FFFFFFFFFFFFFFFFFFFFFFFFFFFFFFFF23
:100DE000FFFFFFFFFFFFFFFFFFFFFFFFFFFFFFFF13
:100DF000FFFFFFFFFFFFFFFFFFFFFFFFFFFFFFFF03
:100E0000FFFFFFFFFFFFFFFFFFFFFFFFFFFFFFFFF2
:100E1000FFFFFFFFFFFFFFFFFFFFFFFFFFFFFFFFE2
:100E2000FFFFFFFFFFFFFFFFFFFFFFFFFFFFFFFFD2
:100E3000FFFFFFFFFFFFFFFFFFFFFFFFFFFFFFFFC2
:100E4000FFFFFFFFFFFFFFFFFFFFFFFFFFFFFFFFB2
:100E5000FFFFFFFFFFFFFFFFFFFFFFFFFFFFFFFFA2
:100E6000FFFFFFFFFFFFFFFFFFFFFFFFFFFFFFFF92
:100E7000FFFFFFFFFFFFFFFFFFFFFFFFFFFFFFFF82
:100E8000FFFFFFFFFFFFFFFFFFFFFFFFFFFFFFFF72
:100E9000FFFFFFFFFFFFFFFFFFFFFFFFFFFFFFFF62
:100EA000FFFFFFFFFFFFFFFFFFFFFFFFFFFFFFFF52
:100EB000FFFFFFFFFFFFFFFFFFFFFFFFFFFFFFFF42
:100EC000FFFFFFFFFFFFFFFFFFFFFFFFFFFFFFFF32
:100ED000FFFFFFFFFFFFFFFFFFFFFFFFFFFFFFFF22
:100EE000FFFFFFFFFFFFFFFFFFFFFFFFFFFFFFFF12
:100EF000FFFFFFFFFFFFFFFFFFFFFFFFFFFFFFFF02
:100F0000FFFFFFFFFFFFFFFFFFFFFFFFFFFFFFFFF1
:100F1000FFFFFFFFFFFFFFFFFFFFFFFFFFFFFFFFE1
:100F2000FFFFFFFFFFFFFFFFFFFFFFFFFFFFFFFFD1
:100F3000FFFFFFFFFFFFFFFFFFFFFFFFFFFFFFFFC1
:100F4000FFFFFFFFFFFFFFFFFFFFFFFFFFFFFFFFB1
:100F5000FFFFFFFFFFFFFFFFFFFFFFFFFFFFFFFFA1
:100F6000FFFFFFFFFFFFFFFFFFFFFFFFFFFFFFFF91
:100F7000FFFFFFFFFFFFFFFFFFFFFFFFFFFFFFFF81
:100F8000FFFFFFFFFFFFFFFFFFFFFFFFFFFFFFFF71
:100F9000FFFFFFFFFFFFFFFFFFFFFFFFFFFFFFFF61
:100FA000FFFFFFFFFFFFFFFFFFFFFFFFFFFFFFFF51
:100FB000FFFFFFFFFFFFFFFFFFFFFFFFFFFFFFFF41
:100FC000FFFFFFFFFFFFFFFFFFFFFFFFFFFFFFFF31
:100FD000FFFFFFFFFFFFFFFFFFFFFFFFFFFFFFFF21
:100FE000FFFFFFFFFFFFFFFFFFFFFFFFFFFFFFFF11
:100FF000FFFFFFFFFFFFFFFFFFFFFFFFFFFFFFFF01
:10100000D10020436D2000600000000000000000BF
:10101000201000600010006000B8026000000000B6
:101020000000006000C4020000000000FFFFFFFF9E
:10103000FFFFFFFFFFFFFFFFFFFFFFFFFFFFFFFFC0
:10104000FFFFFFFFFFFFFFFFFFFFFFFFFFFFFFFFB0
:10105000FFFFFFFFFFFFFFFFFFFFFFFFFFFFFFFFA0
:10106000FFFFFFFFFFFFFFFFFFFFFFFFFFFFFFFF90
:10107000FFFFFFFFFFFFFFFFFFFFFFFFFFFFFFFF80
:10108000FFFFFFFFFFFFFFFFFFFFFFFFFFFFFFFF70
:10109000FFFFFFFFFFFFFFFFFFFFFFFFFFFFFFFF60
:1010A000FFFFFFFFFFFFFFFFFFFFFFFFFFFFFFFF50
:1010B000FFFFFFFFFFFFFFFFFFFFFFFFFFFFFFFF40
:1010C000FFFFFFFFFFFFFFFFFFFFFFFFFFFFFFFF30
:1010D000FFFFFFFFFFFFFFFFFFFFFFFFFFFFFFFF20
:1010E000FFFFFFFFFFFFFFFFFFFFFFFFFFFFFFFF10
:1010F000FFFFFFFFFFFFFFFFFFFFFFFFFFFFFFFF00
:10110000FFFFFFFFFFFFFFFFFFFFFFFFFFFFFFFFEF
:10111000FFFFFFFFFFFFFFFFFFFFFFFFFFFFFFFFDF
:10112000FFFFFFFFFFFFFFFFFFFFFFFFFFFFFFFFCF
:10113000FFFFFFFFFFFFFFFFFFFFFFFFFFFFFFFFBF
:10114000FFFFFFFFFFFFFFFFFFFFFFFFFFFFFFFFAF
:10115000FFFFFFFFFFFFFFFFFFFFFFFFFFFFFFFF9F
:10116000FFFFFFFFFFFFFFFFFFFFFFFFFFFFFFFF8F
:10117000FFFFFFFFFFFFFFFFFFFFFFFFFFFFFFFF7F
:10118000FFFFFFFFFFFFFFFFFFFFFFFFFFFFFFFF6F
:10119000FFFFFFFFFFFFFFFFFFFFFFFFFFFFFFFF5F
:1011A000FFFFFFFFFFFFFFFFFFFFFFFFFFFFFFFF4F
:1011B000FFFFFFFFFFFFFFFFFFFFFFFFFFFFFFFF3F
:1011C000FFFFFFFFFFFFFFFFFFFFFFFFFFFFFFFF2F
:1011D000FFFFFFFFFFFFFFFFFFFFFFFFFFFFFFFF1F
:1011E000FFFFFFFFFFFFFFFFFFFFFFFFFFFFFFFF0F
:1011F000FFFFFFFFFFFFFFFFFFFFFFFFFFFFFFFFFF
:10120000FFFFFFFFFFFFFFFFFFFFFFFFFFFFFFFFEE
:10121000FFFFFFFFFFFFFFFFFFFFFFFFFFFFFFFFDE
:10122000FFFFFFFFFFFFFFFFFFFFFFFFFFFFFFFFCE
:10123000FFFFFFFFFFFFFFFFFFFFFFFFFFFFFFFFBE
:10124000FFFFFFFFFFFFFFFFFFFFFFFFFFFFFFFFAE
:10125000FFFFFFFFFFFFFFFFFFFFFFFFFFFFFFFF9E
:10126000FFFFFFFFFFFFFFFFFFFFFFFFFFFFFFFF8E
:10127000FFFFFFFFFFFFFFFFFFFFFFFFFFFFFFFF7E
:10128000FFFFFFFFFFFFFFFFFFFFFFFFFFFFFFFF6E
:10129000FFFFFFFFFFFFFFFFFFFFFFFFFFFFFFFF5E
:1012A000FFFFFFFFFFFFFFFFFFFFFFFFFFFFFFFF4E
:1012B000FFFFFFFFFFFFFFFFFFFFFFFFFFFFFFFF3E
:1012C000FFFFFFFFFFFFFFFFFFFFFFFFFFFFFFFF2E
:1012D000FFFFFFFFFFFFFFFFFFFFFFFFFFFFFFFF1E
:1012E000FFFFFFFFFFFFFFFFFFFFFFFFFFFFFFFF0E
:1012F000FFFFFFFFFFFFFFFFFFFFFFFFFFFFFFFFFE
:10130000FFFFFFFFFFFFFFFFFFFFFFFFFFFFFFFFED
:10131000FFFFFFFFFFFFFFFFFFFFFFFFFFFFFFFFDD
:10132000FFFFFFFFFFFFFFFFFFFFFFFFFFFFFFFFCD
:10133000FFFFFFFFFFFFFFFFFFFFFFFFFFFFFFFFBD
:10134000FFFFFFFFFFFFFFFFFFFFFFFFFFFFFFFFAD
:10135000FFFFFFFFFFFFFFFFFFFFFFFFFFFFFFFF9D
:10136000FFFFFFFFFFFFFFFFFFFFFFFFFFFFFFFF8D
:10137000FFFFFFFFFFFFFFFFFFFFFFFFFFFFFFFF7D
:10138000FFFFFFFFFFFFFFFFFFFFFFFFFFFFFFFF6D
:10139000FFFFFFFFFFFFFFFFFFFFFFFFFFFFFFFF5D
:1013A000FFFFFFFFFFFFFFFFFFFFFFFFFFFFFFFF4D
:1013B000FFFFFFFFFFFFFFFFFFFFFFFFFFFFFFFF3D
:1013C000FFFFFFFFFFFFFFFFFFFFFFFFFFFFFFFF2D
:1013D000FFFFFFFFFFFFFFFFFFFFFFFFFFFFFFFF1D
:1013E000FFFFFFFFFFFFFFFFFFFFFFFFFFFFFFFF0D
:1013F000FFFFFFFFFFFFFFFFFFFFFFFFFFFFFFFFFD
:10140000884207D0904205D251F8043B40F8043B93
:101410008242F9D8704700BF884204D2002340F8C6
:10142000043B8142FBD87047BC4B0824BC4ABD49F1
:10143000BD4880B5C3F8544184B0FFF7E1FFBB4A13
:10144000BB49BC48FFF7DCFFBB49BC48FFF7E4FFE2
:10145000BB4C4FF0E0214FF470000023B94AC1F8B3
:10146000880D44F823200133B02BFAD1B64B8021EC
:10147000B64A03F8011B9342FBD14FF0E023A74A81
:101480004FF08031B248C3F8084DC2F80411C2F8D9
:101490000001B048C2F8F410C2F8F000D3F8241DDF
:1014A000AD4841F4E021C3F8241DC16921F07F015A
:1014B00041F04001C161416A21F07F0141F04001EA
:1014C00041624FF0FF30A5498866C86608674867E3
:1014D00000211020C3F8941DC3F89C0DA048C3F848
:1014E000A00D1120C3F89C0D9E48C3F8A00D12203A
:1014F000C3F89C0D9C48C3F8A00D9C48C3F89C0DF4
:101500009B48C3F8A00D9B48C3F89C0D9A48C3F8AC
:10151000A00D894840F01500C3F89C0D9748C3F80A
:10152000A00D00F181500D30C3F89C0D9448C3F814
:10153000A00D9448C3F89C0D9348C3F8A00D9348A0
:10154000C3F89C0D9248C3F8A00D9248C3F89C0DB7
:101550009148C3F8A00D0120C3F8940DBFF34F8F3D
:10156000BFF36F8FC3F8501FBFF34F8FBFF36F8F61
:10157000D3F8140D4FF0400E4FF4805C4FF4005739
:1015800040F440304FF44046C3F8140D8348A06344
:101590008348E063632058610320996118618148A2
:1015A0008149C3F8200DD3F8FC0D40F08070C3F8DA
:1015B000FC0D0B687D4843F001030B604B684FF452
:1015C0008031036043F2420013699D0700F12A82D3
:1015D0009D0440F12B82DD0440F12A82002BF3DAD6
:1015E00013F4803540F027825B0640F1D7844FF03A
:1015F000803357496E48C2F80431C2F8001155498A
:10160000C2F8F430C2F8F01000F02EFE5248694BD8
:10161000C16E694A41F44051C1661D60C3F808516A
:10162000C3F81851C3F82851C3F83851936BDB073E
:1016300008D442F61563614951651365936B43F015
:10164000010393635C485E4B82685E4942F001127D
:101650005D4D5E4E826018225D48C3F85C12C3F88F
:101660006062C3F86412C3F868524FF0FF35C3F8E4
:101670006C025849C3F87002C3F87402C3F87802C8
:10168000DA661A675A679A67DA67C3F88020C3F880
:101690008420C3F8882001232F4AC1F82C33C1F8D5
:1016A0003033C1F83433C1F83833C1F83C33C1F8B2
:1016B000503349499069494B014048F20C700B4343
:1016C00047499361D2F8843043F00C03C2F8843068
:1016D0000A68444B42F002020A600A68024042482B
:1016E00013430B604D60414B8268414D1340414AAA
:1016F00043F000538B60CB6823F07803CB600B6A18
:101700002B4013430B620B6A2B404FF400551343DD
:10171000394A4B628A62CA6270E000BF00800D40A5
:10172000C83802001C2D006000000000C04E0020E0
:10173000E86502600000002040980120C04E0020B3
:10174000004C002015BD000000E400E0A0E400E033
:101750001B1018200C0D111300C00F4000C00A40D0
:101760003F000010250008030900100013002000AE
:1017700021000207140000202500081309000010B2
:1017800027000B13170000403300101318000060EF
:101790002F000B07190000702F000B134DAC000039
:1017A000A1A8000000002020001000E03C3D012026
:1017B0000046C3230040084000400D400000C056D2
:1017C00000801F40F9B00100F9000100F91001008C
:1017D000F970010000841F40FFFCFF1F000300A000
:1017E00000402A401200FFFF00802A40FF37F70028
:1017F00000FFF07C40000080FF000F830022D0F843
:10180000B83023F03F0343F00103C1F8B830D0F8FB
:10181000BC308A4823F03F0343F00103C1F8BC30D9
:1018200040F205630A610D660867C1F880304D66B5
:101830004867C1F884300B68814823F002030B60CD
:10184000886102207F4BC86101F5407143F8042B89
:101850008B42FBD17C4A136843F001031360136889
:1018600013F00103FBD176480221906140F2F5604C
:10187000D16140F26641C2F8000240F29940C2F8DC
:1018800010127249C2F8200242F20140C2F830122E
:1018900040F23541C2F83402C2F840126C486D493A
:1018A000C2F85002B338C2F8541242F20121C2F811
:1018B0006002C2F8641201216348C2F8A030C2F885
:1018C000A430C2F8B0104369DF07FCD50123002122
:1018D0004FF480324361C0F8A0105B49C0F8A420E7
:1018E000C0F8B0304B69DE07FCD501234FF400325D
:1018F00000204B61C1F8A000C1F8A420524AC1F8F1
:10190000B0305369DD07FCD50121534B00205161F4
:10191000C2F8A000C2F8A4304B4BC2F8B0105E6908
:1019200016F00106FBD0D3F80021212192B25961B3
:1019300045F60D518A4240F0288300214FF4802261
:10194000C3F8A010C3F8A42001223F49C3F8B02077
:101950004B69D807FCD501234FF400024B61C1F855
:10196000A0200022C1F8A420374AC1F8B030536942
:10197000D907FCD501234FF400015361C2F8A01030
:101980004FF48031C2F8A4102F49C2F8B0304B692F
:10199000DA07FCD501234FF400024B61C1F8A02007
:1019A0004FF40032C1F8A420274AC1F8B03053697F
:1019B000DB07FCD501234FF400015361C2F8A010EE
:1019C0002549C2F8A4102049C2F8B0304B69DF079E
:1019D000FCD5D1F8003121229BB24A6145F60D5267
:1019E000934200F0DF8208221C4B1D491D4F5B1AF9
:1019F00087F8C32213EB025340F0E782D7F8C40202
:101A000090B3D7F8C8227AB30C23B2FBF3F103FBEF
:101A1000112149BBD7F8CC32002B00F0B78200F07F
:101A20002FFCB3E2966151619061CDE55761CBE542
:101A3000C2F814C0C8E59161C6E500BF63000200AA
:101A4000F05AF05A00422A4000402A409F041830C1
:101A5000EB06180A0632012604000300000000709D
:101A600000000070C04E002000F002FC162303604E
:101A7000D34BDA6E42F44032DA66DA6E42F44072E8
:101A8000DA6640F23763CF4A5364A0239364936CC1
:101A90001906FCD4CC4B40F237625A64A0229A64F7
:101AA0009D6C15F08005FBD1C54B4FF00F0887F8F2
:101AB000C152F3EE097A996FC44A41F47F01C448D8
:101AC0009FEDC46A9967D3F880109FEDC37A0A43EB
:101AD000C3F8802000F0D0FB00F5804000F0CCFB84
:101AE00000F5804000F0C8FB00F5804000F0C4FB2A
:101AF000BA49BB4A41F2010E45F6C05C43F22600EA
:101B00008D814D81A1F80E80A1F814E0A1F806C0E6
:101B10000D800D8288818D854D85A1F82E80A1F8DC
:101B200034E0A1F826C00D840D868885A1F84C50BC
:101B3000A1F84A50A1F84E80A1F854E0A1F846C09F
:101B4000A1F84050A1F85050A1F84C00A1F86C50F9
:101B5000A1F86A50A1F86E80A1F874E0A1F866C0FF
:101B6000A1F86050A1F87050A1F86C0001F5C231E5
:101B700095815581A2F80E80A2F814E0A2F806C063
:101B800015801582908195855585A2F82E80A2F842
:101B900034E0A2F826C0158415869085A2F84C5032
:101BA000A2F84A50A2F84E80A2F854E0A2F846C02B
:101BB000A2F84050A2F85050A2F84C00A2F86C5085
:101BC000A2F86A50A2F86E80A2F874E0A2F866C08B
:101BD000A2F86050A2F87050A2F86C00A2F583122F
:101BE000804BA2F5F8529D815D81A3F80E80A3F889
:101BF00014E0A3F806C01D801D8298819D855D8537
:101C0000A3F82E80A3F834E0A3F826C01D841D8617
:101C10009885A3F84C50A3F84A50A3F84E80A3F837
:101C200054E0A3F846C0A3F84050A3F85050A3F8DE
:101C30004C00A3F86C50A3F86A50A3F86E80A3F888
:101C400074E0A3F866C0A3F86050A3F87050A3F83E
:101C50006C000320D2F88030DFF8A0C123F001032C
:101C6000C2F88030C2F89000D1F8E0305E485FFAE8
:101C700083FE5E4906EE90EAC7F8A4E2C3F30B2E9A
:101C80001B0DF8EEE66A05EE90EAC7F8A8E236EE1C
:101C9000C66A36EEC77A76EEE76A07EE903AB8EE95
:101CA000E55AD2F88030F8EEE77AC7EDAB6A77EE06
:101CB000C57A26EE276AC7EDAC7A27EE277A66EE5C
:101CC000A77AC6EE265A87EE266A87EEA67A75EEC2
:101CD000855AFCEEE55A76EE056A15EE907AFCEE32
:101CE000E66A43EA075377EE057AC2F8803016EECB
:101CF000903AD2F890710CEA0343FCEEE77A3B434A
:101D0000C2F8903117EE903AD2F89071C3F30B03FA
:101D10003B43C2F89031D2F8803043F00203C2F85E
:101D2000803080F84050C4F840114FF0E023012289
:101D30002F4FC3F808213B68132BFCD92D4B40F6DD
:101D40006172C3F8202103F58E13D3F8202603F522
:101D50008063294B22F07F429A4280F00C810A2056
:101D600000FB02F1B1FBF0F300FB1313092903F1AF
:101D700030038DF8043040F23F8101A84FF0000C91
:101D8000DFF87C908646A9FB023A904661460CF14A
:101D9000010C4FEADA0AB8F1090F0AEB8A03A2EB49
:101DA0004303524603F130030EF8013FEBD801AB79
:101DB00001F110029C446A44002302F80A3C21E02D
:101DC00000C00F4000400C4000800C40000003FCAD
:101DD00000C03D400000AA420000B44200C01D40C7
:101DE00000001E4000401E4000E400E0FDBE000078
:101DF000383D012000800D40809698000000FF0FC4
:101E0000CDCCCCCC1A46013390F800E08A1A9CF86D
:101E10000080934200F8018B0CF801E9F2DB9DF899
:101E20000420002A00F0F880854B5A879DF8052091
:101E3000002A00F0F3809DF806109A87002900F030
:101E4000F1809DF80720D987002A00F0E9809DF8ED
:101E50000810A3F84020002900F0EC809DF809202C
:101E6000A3F84210002A00F0DF809DF80A10A3F8C2
:101E70004420002900F0DA809DF80B00A3F84610FA
:101E8000002800F0D5809DF80C20A3F84800002A17
:101E900000F0D2809DF80D10A3F84A20002900F030
:101EA000CD800A25A3F84C106A1C6649520083F8BD
:101EB0003820D1F88030644A43F00303C1F8803001
:101EC00040F20441614BC2F860111968604B19423D
:101ED00003D1D2F8A8319A071BD05B4A4FF00041DA
:101EE0005A4B5963D2F8403143F00203C2F84031F3
:101EF000D2F840319B07FBD44FF0E0224FF4003181
:101F0000524B1920C2F88C124FF000429A6300F035
:101F1000BBF94E4A00214FF080404B4D4D4B906332
:101F200011600A221846C5F8A8214FF4207200F06B
:101F3000A7F94FF48102484B02604FF48002C5F8C4
:101F40005801026440F24312C5F84821C4F8043233
:101F50004FF0E0224FF400310123C2F80C11C5F814
:101F600040313B68B3F5967FFBD300F097F800F063
:101F700077F900F08DF90A23B2FBF3F103FB11238B
:101F80000A4630338DF80430F7E6344F0023344AE4
:101F9000C7F8C432D360C2E9013369E5C2F814E07E
:101FA000FFF712BB4FF480234FF400022D48C1F815
:101FB000A020C1F8A4300123C1F8B0304369DD0787
:101FC000FCD50123102243610EE50022C7F8C4129C
:101FD0000C21C7F8C832C7F8D022B3FBF1F201FBDD
:101FE00012327AB90123D7F8C82200211E48C7F857
:101FF000CC3200F045F93BE500239DF804208DF834
:10200000053011E79B1AF02BC7F8C832EAD800F068
:102010002FF91C2303602BE5094B45E7354643E7C1
:10202000032541E702253FE705253DE706253BE778
:10203000072539E7042537E7082535E7092533E77C
:102040001C45002000C00F4000002E4000900D40B5
:10205000001C1E00000000203DB20000C04E002009
:102060008451002000402A4000000070074B4FF4CC
:102070002A01074A07485A641864074A9963954633
:10208000BFF34F8FBFF36F8FFFF7CEF900C00A4049
:10209000FFABAAAA070020000080052000BF704700
:1020A000264942698B6B23F47C0370B543F480238B
:1020B0001468234D8B6321685368194303692160B9
:1020C0000221002419611F491C6199640121596290
:1020D0009D624FF43035DD624FF001159E6C1E6538
:1020E0001C629D651961037E174D02EB031E174BA1
:1020F0009EF808C003EB0C1CDCF808402560DCF8F7
:102100000440DEF80C502560DEF8104014B1DEF813
:1021100014102160407E0C4C02EB001191F8280055
:102120000A4603EB0013D3E901300460C96A196061
:10213000136B0BB1526B1A6070BD00BF00C00F4033
:10214000B80B05053B37281961F80100381D002040
:102150001B494B690A7E03EB0212127A122A2DD018
:10216000187AFF282AD0122825D0187EFF2825D0DB
:102170000120844630B41C685D6824682C4203D179
:1021800081F818C030BC704703EB00130D480524DC
:1021900000EB0212526814601A7A0B4C00EB021228
:1021A000D2E901200460D86810601A69002AE7D0DB
:1021B0005B691360E4E700208446DBE7704700BFFB
:1021C000483D0120381D002061F801001D494B6980
:1021D0004A7E03EB021292F82820132A30D093F89B
:1021E0002800FF282CD0132827D093F83800FF2888
:1021F00026D00120844630B41C685D6824682C42D7
:1022000003D181F819C030BC704703EB00130E48AE
:10221000052400EB02125268146093F828200B4C3E
:1022200000EB0212D2E901200460D86A10601A6B38
:10223000002AE6D05B6B1360E3E700208446DAE710
:10224000704700BF483D0120381D002061F80100A3
:10225000F8B500BFF8BC08BC9E46704700000000FF
:102260005FF800F0F52602005FF800F095AC000082
:102270005FF800F0392602005FF800F0B9A700000F
:102280005FF800F0452602005FF800F051060100FB
:102290005FF800F0950A010045000000F107020018
:1022A000DB40A4A62EAF000000000000000180006B
:1022B000000000000000000003800000000000009B
:1022C00000000007C000000000000000000007C080
:1022D0000000000000000000000FC000000000002F
:1022E000000000001FE00000000000000000001FD0
:1022F000E00000000000000000003FE000000000DF
:1023000000000000003FF00000000000000000009E
:102310007FF0000000000000001FF87FF0000000C8
:10232000000000003FFE7FF0000000000000003FC2
:10233000FF7FF0000000000000001FFFFBE0000036
:1023400000000000000FFFF9FFC0000000000000C7
:102350000FFFF9FFF800000000000007FFF1FFFF8A
:1023600000000000000003FC73FFFF80000000007D
:102370000001FE3FFFFF80000000000000FF1E0F75
:10238000FF000000000000007FFE1FFC00000000B6
:102390000000003FFFFFF8000000000000000FDF1A
:1023A000FFE0000000000000001F19FFC000000057
:1023B000000000003F3CFF00000000000000007E25
:1023C0007CF800000000000000007FFE7C000000A0
:1023D0000000000000FFFFFC000000000000000003
:1023E000FFFFFE0000000000000000FFFFFE0000F5
:1023F000000000000001FFEFFE00000000000000F0
:1024000001FFCFFE0000000000000003FF07FE00F8
:1024100000000000000003FC07FE000000000000B8
:102420000003F003FE00000000000000018000FE39
:10243000000000000000000000007E00000000001E
:1024400000000000003E000000000000000000004E
:102450000C000000000000078000FC000003C0002A
:102460000000078001FC000003C00000000780019D
:10247000FC000003C0000000078001E00000001E17
:10248000000000078001E00000001E007FE3F79FCE
:10249000F9FDE7787BDFC0FFF7FFBFFDFDFF787B2D
:1024A000DFC0FFF7FFBFFDFDFF787BDFC0F0F787E0
:1024B000BC3DE1FF787BDE00F0F787BC3DE1F078C2
:1024C0007BDE0000F787803DE1E0787BDE007FF770
:1024D000879FFDE1E0787BDE00FFF787BFFDE1E04D
:1024E000787BDE00F0F787BC3DE1E0787BDE00F032
:1024F000F787BC3DE1E0787BDE00F0F787BC3DE18B
:10250000E0787BDE00FFF7FFBFFDE1E07FFBDFC08F
:10251000FFF7FFBFFDE1E07FFBDFC07CF3F39F3DF2
:10252000E1E03E7BCFC000000000000000000000A2
:1025300000FFFFFFFFFFFFFFFFFFFFC0FFFFFFFFE9
:10254000FD68DB111A31C0FFFFFFFFFD2B5AFB6A4C
:10255000EFC0FFFFFFFFFD4B5B3B1A33C0FFFFFFE8
:10256000FFFD6B5BDB6AFDC0000060000000000047
:10257000000000000000000000E00000000000007B
:102580000000000000000001E0000000000000006A
:1025900000000000000001F000000000000000004A
:1025A000000000000003F000000000000000000038
:1025B0000000000007F00000000000000000000024
:1025C00000000007F800000000000000000000000C
:1025D00000000FF800000003C0007E000001E000D2
:1025E0007F0FF800000003C000FE000001E000FFC4
:1025F000EFF800000003C000FE000001E000FFFF54
:10260000F800000003C000F00000000F007FFE7F14
:10261000C0000003C000F00000000F003FFE7FF884
:102620003FF1FBCFFCFEF3BC3DEFE01FFE7FFF7FE1
:10263000FBFFDFFEFEFFBC3DEFE01FC6FFFF7FFBA1
:10264000FFDFFEFEFFBC3DEFE00FE3C7FE787BC37C
:10265000DE1EF0FFBC3DEF0007FF87FC787BC3DE8A
:102660001EF0F83C3DEF0001FFFFF0007BC3C01EF1
:10267000F0F03C3DEF0001F37FE03FFBC3CFFEF005
:10268000F03C3DEF0003E33F807FFBC3DFFEF0F053
:102690003C3DEF0007E73C00787BC3DE1EF0F03CDA
:1026A0003DEF0007FFBE00787BC3DE1EF0F03C3D2F
:1026B000EF0007FFFE00787BC3DE1EF0F03C3DEF2D
:1026C000000FFFFE007FFBFFDFFEF0F03FFDEFE0BD
:1026D0000FFFFF007FFBFFDFFEF0F03FFDEFE00F9D
:1026E000F9FF003E79F9CF9EF0F01F3DE7E01FF1C2
:1026F000FF0000000000000000000000001F80FF3D
:10270000007FFFFFFFFFFFFFFFFFFFE01C007F00D8
:102710007FFFFFFFFEB46D888D18E000001F007F73
:10272000FFFFFFFE95AD7DB577E000000F007FFF56
:10273000FFFFFEA5AD9D8D19E0000006007FFFFFA5
:10274000FFFEB5ADEDB57EE0AED580A8D300408DDF
:102750002000A1C85C2A00606427006020007E0081
:102760000700000000000000020001000000010559
:102770000200FC00010003020400FC000200050549
:102780000600FC00060003060400FC000900030527
:102790000400FC000B0004050500FC000E00010213
:1027A0000200FC000F0002050300FC0011000205FE
:1027B0000300FC00130003030400FD0015000303E5
:1027C0000400FD00170002020300000018000301CE
:1027D0000400FE0019000101020000001A000305B8
:1027E0000400FC001C0003050400FC001E000205A0
:1027F0000300FC00200003050400FC002200030588
:102800000400FC00240003050400FC00260003056E
:102810000400FC00280003050400FC002A00030556
:102820000400FC002C0003050400FC002E0003053E
:102830000400FC00300001030200FD00310002042E
:102840000300FD00320002030300FD003300030318
:102850000400FD00350002030300FD0036000305FF
:102860000400FC00380003050400FC003A000305E6
:102870000400FC003C0003050400FC003E000305CE
:102880000400FC00400003050400FC0042000305B6
:102890000400FC00440003050400FC00460003059E
:1028A0000400FC00480003050400FC004A00010588
:1028B0000200FC004B0003050400FC004D00030572
:1028C0000400FC004F0003050400FC005100050556
:1028D0000600FC00550004050500FC005800030537
:1028E0000400FC005A0003050400FC005C00030621
:1028F0000400FC005F0003050400FC006100030508
:102900000400FC00630003050400FC0065000305EF
:102910000400FC00670003050400FC0069000505D5
:102920000600FC006D0003050400FC006F000305B9
:102930000400FC00710003050400FC0073000205A4
:102940000300FC00750003050400FC00770002058D
:102950000300FC00790003020400FC007A0004017B
:10296000040001007B0002020300FC007C00030461
:102970000400FD007E0003050400FC00800003034A
:102980000400FE00820003050400FC008400030430
:102990000400FD00860002050300FC00880003051A
:1029A0000400FD008A0003050400FC008C00010502
:1029B0000200FC008D0002060300FC008F000305EE
:1029C0000400FC00910002050300FC0093000503D5
:1029D0000600FE00950003030400FE0097000303B9
:1029E0000400FE00990003040400FE009B000304A1
:1029F0000400FE009D0002030300FE009E0003048D
:102A00000400FD00A00002050300FC00A200030377
:102A10000400FE00A40003030400FE00A60005035A
:102A20000600FE00A80003030400FE00AA00030441
:102A30000400FE00AC0003040400FD00AE0003052A
:102A40000400FC00B00001060200FC00B100030518
:102A50000400FC00B30004020500FD00E8B457D5F3
:102A6000F5004E3E80A54A4A5A50C06A409580AA59
:102A7000805D0060E080254856D47540C54EC51C79
:102A80009792F31C5354E54855545594A04664E37B
:102A90008098C50456C657DAD75C7246D6DCF3CEAA
:102AA000F34872D4B7DAF824D4BB5A924E8EEB585E
:102AB000809DB99056D4D74856D440D75A711CE956
:102AC00024B6D4B6A48C6B5500B55AB524E54EEAAD
:102AD000C09112D5C054F090C7F0935E718025DE8E
:102AE0005E306E80779C935AB8456092EAAA40D5D2
:102AF0006AD6805500D7407590E871E0BA40B5803D
:102B0000B5008D54AA80ACE0E5706A26FCC8AC5ACA
:102B100009026200030100C032080B000202020138
:102B20000009040000010202010005240010010553
:102B30002401010104240206052406000107058280
:102B40000310001009040100020A00000007050339
:102B50000240000007058402400000090402000250
:102B6000FF6AFF00070581024000010705010240DE
:102B70000001000009026200030100C032080B00DE
:102B80000202020100090400000102020100052402
:102B90000010010524010101042402060524060099
:102BA000010705820310000509040100020A000064
:102BB0000007050302000200070584020002000965
:102BC00004020002FF6AC700070581020002010734
:102BD00005010200020100001603550053004200E7
:102BE0002000530065007200690061006C00000065
:102BF00018035400650065006E00730079006400DE
:102C0000750069006E006F00040309040A060002E3
:102C1000EF020140010000000080C0E0F0F8FCFE7F
:102C2000000103070F1F3F7F2200FF2170C00F40EC
:102C3000C00000001200000013000000D0841F40FC
:102C400001000000FF000000FF0000000000000085
:102C5000000000001300000013000000CC841F409F
:102C600001000000FF000000FF0000000000000065
:102C7000000000001C000000F520010070C00F40A3
:102C8000000C00001100000011000000E0841F4053
:102C9000020000002C00000012000000E0841F4031
:102CA000010000001000000011000000DC841F4043
:102CB000020000002D00000012000000DC841F4014
:102CC000010000001E000000A521010080C00F408F
:102CD000000000031900000010000000E8841F40FD
:102CE00001000000FF000000FF00000000000000E5
:102CF000000000001800000010000000E4841F40E5
:102D000001000000FF000000FF00000000000000C4
:0C2D1000000000001F0000005522010020
:102D1C0000000000000000000000000000000000A7
:102D2C000000000000000000000000000000000097
:102D3C000548064B1B1AD90F01EBA301491002D011
:102D4C00034B03B118477047C04E0020C04E002003
:102D5C000000000008B5054B1BB105490548AFF351
:102D6C000080BDE80840FFF7E3BF00BF0000000093
:102D7C00F497012000C4026070B5B0F8BC5F3B2D25
:102D8C0011D88DB105F1FF3C00F644741FFA8CFC90
:102D9C0004EB4C0400F6427C01E0A44504D03CF862
:102DAC0002EF9645F9D170BD07EE903AF7EE006A46
:102DBC0000EB850305F1010EF8EEE77A05EB45040F
:102DCC0003F628564FF0000C00EB840486EEA77A2D
:102DDC0086ED000A03F6186604F5F16400EB450570
:102DEC00C6ED000AC3F8581A03F6483103F6384307
:102DFC00C1F800C0C3F800C0A5F8442F84ED007AD8
:102E0C00A0F8BCEF70BD00BF10B5002100F58054D8
:102E1C0000F64C2C0A4694F8E4E102E0CAB296455E
:102E2C0020D302F5CB73013100EB8303D3F83C3B89
:102E3C009C45F3D1B4F8844092B29CB141F25A0152
:102E4C000023014404E001331FFA83FC644509D9D3
:102E5C0031F802CF9445F6D100EB8300024B00F61B
:102E6C000870036010BD00BFCDCC4C3F01EB81015D
:102E7C00037D01EB81010531C9B2C17403B1417409
:102E8C00704700BF01EB8101037D01EB810105312E
:102E9C00C9B2817403B10174704700BF40F23B2387
:102EAC009A42A8BF1A4601F5805310B493F85E4FAE
:102EBC00BCB90B7A5BB1344C4B68A41A03EBC4035A
:102ECC005DF8044B1A685B680260436070474B689E
:102EDC005DF8044B03EBC2031A685B680260436045
:102EEC007047B3F8601F07EE902A03F6687CF8EE83
:102EFC00E73A07EE901A9CED006AF8EE676AB8EEB6
:102F0C00E73AB2FBF1F401FB142203F66C7403F6FE
:102F1C00747192B294ED005A03F6647407EE902A21
:102F2C0003F5776294ED007A03F67873F8EEE77A9E
:102F3C00D2ED005A35EE077A33F8164C35EE866A28
:102F4C0073EEE73A04EE904A37EE457A5DF8044B9F
:102F5C0036EE656A83EE834A67EE277AF8EE644AAA
:102F6C0087EEA67A64EE066AC6EEA47A37EE057A88
:102F7C0081ED007A77EEA57AC3ED007A80ED007AC8
:102F8C00C0ED017A704700BF3A02002040F23B20AE
:102F9C00704700BF2DE9F04191F8356084B00C46C4
:102FAC000746002E4BD1DFF8A88035E0AB422A460D
:102FBC00684606F101063FD9216A0B689B68984761
:102FCC00D4ED0B7A9DED007A2A4602A8B4EEE77A8E
:102FDC00F1EE10FA05D5216A0B689B689847DDED78
:102FEC00027A216A2A466846C4ED0B7A0B689B6804
:102FFC009847D4ED0C7A9DED017A2A4602A8B4EEDE
:10300C00E77AF1EE10FA05D5216A0B689B689847B0
:10301C00DDED037AC4ED0C7A206AB5B240F23B23A5
:10302C000268D2694245C1D0904703462A46684699
:10303C00AB4206F10106BFD8012384F83530E26AB1
:10304C003846236B3A607B6004B0BDE8F08100BF6A
:10305C007D0200002DE9F04191F8346084B00C46FB
:10306C000746002E4BD1DFF8A88035E0AB422A464C
:10307C00684606F101063FD9216A0B689B689847A0
:10308C00D4ED097A9DED007A2A4602A8B4EEE77ACF
:10309C00F1EE10FA05DD216A0B689B689847DDEDAF
:1030AC00027A216A2A466846C4ED097A0B689B6845
:1030BC009847D4ED0A7A9DED017A2A4602A8B4EE1F
:1030CC00E77AF1EE10FA05DD216A0B689B689847E8
:1030DC00DDED037AC4ED0A7A206AB5B240F23B23E7
:1030EC000268D2694245C1D0904703462A466846D9
:1030FC00AB4206F10106BFD8012384F83430626A72
:10310C003846A36A3A607B6004B0BDE8F08100BF2A
:10311C007D02000030B50B6885B00D4604461B6877
:10312C00684698472B6802A829465B6898479DED2E
:10313C00017ADDED035AF6EE006ADDED007A2046E9
:10314C009DED026A37EE257A77EE867A27EE267A9F
:10315C0067EEA67A84ED017AC4ED007A05B030BD35
:10316C0030B50B6887B00D460446DB686846984757
:10317C002B6803A829461B699847DDED016ADDED34
:10318C00044AB6EE006A9DED027A20469DED055A82
:10319C0076EEA46ADDED007ADDED035A37EE057AA2
:1031AC0066EE866A77EEA57A27EE067AC4ED016A9A
:1031BC0067EE867A84ED027AC4ED007A07B030BDF2
:1031CC00006A704791ED067AF6EE006AD1ED045A6A
:1031DC00D1ED057A91ED036A37EE257A77EE867A92
:1031EC0027EE267A67EEA67A80ED017AC0ED007A9A
:1031FC00704700BF91ED067A91ED046AD1ED057A26
:10320C00D1ED036A37EE467A77EEE67A80ED017AF5
:10321C00C0ED007A704700BF00F5805091ED006A58
:10322C0091ED017A40F2392200F66C7300F6647C61
:10323C00DFED2F3A93ED004A00F57763DCED006A81
:10324C0000F6687030F806CC36EE446A74EE266AE6
:10325C0093ED005A04EE90CA37EE457A76EEC46AC6
:10326C00B8EE643A00B530F808EC27EE037AD0EDEE
:10327C00007A05EE90EA75EE277AF8EE652AF8EEFC
:10328C00E55A77EEC57A26EE226A86EE265AC7EE06
:10329C00276A35EE237AF0EE477A76EEA36AE5EEEE
:1032AC00A67AFCEEE77A17EE903A98B2431E9BB2E0
:1032BC00934219D8B4EEE37AF1EE10FA14DDF4EE81
:1032CC00C75AF1EE10FA0FDDF4EEE36AF1EE10FAE4
:1032DC000ADDF8EEE44AF4EEE64AF1EE10FAD8BF55
:1032EC004FF0FF305DF804FB4FF0FF30FAE700BF02
:1032FC000000000001EB410124310844704700BF7D
:10330C002430704700F2D560704700BFD0ED056ADD
:10331C0091ED007AD1ED017AF4EEC76AF1EE10FA74
:10332C0009DC90ED067A0023B4EEE77AF1EE10FAA0
:10333C0013DC0020704791ED027AD0ED036AF4EEB5
:10334C00C76A90ED067AF1EE10FAB4EEE77A4CBF4C
:10335C0001230023F1EE10FAEBDD90ED047A03F07B
:10336C000100D1ED037AB4EEE77AF1EE10FA58BF12
:10337C000020704790ED037AD1ED007A90ED046A4D
:10338C00F4EEC77AD0ED056AD0ED065AF1EE10FADC
:10339C0013DDF4EEE67AF1EE10FA0ED5D1ED017AEA
:1033AC00F4EEC67AF1EE10FA07DDF4EEE57AF1EE02
:1033BC0010FA4CBF0120002070470020704700BF5E
:1033CC0000EB41014FF6FF7CB1F8860D1080B0EB9D
:1033DC000C0018BF0120704701F6FC014FF6FF7C72
:1033EC0000EB410080881080B0EB0C0018BF01206E
:1033FC00704700BF01F638314FF6FF7C00EB4100FF
:10340C0040881080B0EB0C0018BF0120704700BF43
:10341C0001F674514FF6FF7C30F811001080B0EBC0
:10342C000C0018BF012070472DE9F0414F0882B005
:10343C001646ADF8061032D001F0010405469CBBCF
:10344C00DFF8CC802B681B6B43451DD101F638315E
:10345C004FF6FF7205EB4101498891420FD0631C76
:10346C009BB29F4202D11AE09F4218D901F6383123
:10347C00013305EB41019BB249889142F4D1002004
:10348C00318002B0BDE8F0810DF10602284601340E
:10349C009847A8B3A4B2BDF80610A742D2D1012018
:1034AC00318002B0BDE8F0810024DFF868802B6821
:1034BC005B6B434518D101F674514FF6FF7235F82A
:1034CC0011109142DBD0631C9BB2BB4202D1E6E7E8
:1034DC009F42E4D901F67451013335F811109BB2B7
:1034EC009142F5D10020CBE70DF106022846984712
:1034FC00631C28B19CB2BDF80610A742D7D1CEE709
:10350C00BDF806100020318002B0BDE8F08100BF8C
:10351C00E5060000010700002DE9F0414F0882B0DC
:10352C001646ADF8061032D001F0010405469CBBDE
:10353C00DFF8CC802B68DB6A43451DD101F6FC011A
:10354C004FF6FF7205EB4101898891420FD0631C45
:10355C009BB29F4202D11AE09F4218D901F6FC019E
:10356C00013305EB41019BB289889142F4D10020D3
:10357C00318002B0BDE8F0810DF10602284601341D
:10358C009847A8B3A4B2BDF80610A742D2D1012027
:10359C00318002B0BDE8F0810024DFF868802B6830
:1035AC009B6A434518D105EB41014FF6FF72B1F808
:1035BC00861D9142DBD0631C9BB2BB4202D1E6E775
:1035CC009F42E4D905EB41010133B1F8861D9BB252
:1035DC009142F5D10020CBE70DF106022846984721
:1035EC00631C28B19CB2BDF80610A742D7D1CEE718
:1035FC00BDF806100020318002B0BDE8F08100BF9C
:10360C00C9060000B10600002DE9F0411F1E82B072
:10361C001646ADF806102EDD05460024DFF8608056
:10362C002B685B6B43451BD101F674514FF6FF7051
:10363C0035F8111081420ED004F1010C674502D10E
:10364C0019E0674517DD01F674510CF1010C35F8E2
:10365C0011108142F5D10020318002B0BDE8F0811B
:10366C000DF10602284698470134BDF806100028D3
:10367C00F2D0A742D4D10120318002B0BDE8F08154
:10368C00010700002DE9F0411F1E82B01646ADF86F
:10369C0006102EDD05460024DFF860802B689B6A3F
:1036AC0043451BD105EB41014FF6FF70B1F8861D68
:1036BC0081420ED004F1010C674502D119E0674537
:1036CC0017DD05EB41010CF1010CB1F8861D8142AF
:1036DC00F5D10020318002B0BDE8F0810DF1060279
:1036EC00284698470134BDF806100028F2D0A742AE
:1036FC00D4D10120318002B0BDE8F081B1060000C8
:10370C002DE9F043002B83B083EAE377044690461F
:10371C000A9EA7EBE377ADF8061000F0C58040F3E6
:10372C0092800025DFF8A09123685B6B4B4542D15A
:10373C0001F674514FF6FF7234F811109142ADF846
:10374C00061000F0B3806B1C9F4203D1ACE09F428B
:10375C0040F3A68001F67451013334F811109142F4
:10376C00F5D10020ADF8061086EAE677002EA7EB1F
:10377C00E6771BD02BDD0025514E23689B6AB342A4
:10378C0043D104EB41014FF6FF72B1F8861D914213
:10379C0053D06B1C9F4208D004EB41010133B1F8AC
:1037AC00861D914249D09F42F6DC0120A8F80010FA
:1037BC0003B0BDE8F0830DF10602204601359847B1
:1037CC00002875D0AF42BDF80610ADD1CCE7EDD0D6
:1037DC0000253C4E2268D36AB34222D101F6FC018B
:1037EC004FF6FF7204EB41018988914225D06B1C86
:1037FC009F42DAD001F6FC01013304EB41018988C8
:10380C0091421AD0BB42F5DBCFE70DF10602204600
:10381C000135984700284FD0AF42BDF80610ACD107
:10382C00C4E70DF10602204601359847002843D025
:10383C00AF42BDF80610CDD1B8E70020A8F80010B3
:10384C0003B0BDE8F0832FD00025DFF8809023680B
:10385C001B6B4B4519D101F638314FF6FF7204EB57
:10386C00410149889142ADF806101FD06B1C9F4254
:10387C0002D119E09F4213DD01F63831013304EB1C
:10388C00410149889142F5D16BE70DF106022046C2
:10389C000135984760B1AF42BDF80610D7D163E748
:1038AC000120ADF806105FE701205DE700205BE723
:1038BC00BDF80610002057E7BDF80610002075E78C
:1038CC00B1060000C906000001070000E506000073
:1038DC00D0F88C0D704700BF2C20704700F60430D8
:1038EC00704700BF3620704704307047D0F8940DF5
:1038FC00704700BFD0F8900D704700BF90F8140BC4
:10390C00704700BFD0F8080B704700BFD0F8040B0D
:10391C00704700BFD0F8100B704700BFD0F80C0BED
:10392C00704700BF90F85400704700BF806C704720
:10393C00406C7047006D7047C06C704710B4B0F8A5
:10394C00BC4F94B100F64272002304E001331FFA1D
:10395C0083FC644509D932F802CF8C45F6D103F2C9
:10396C00D22300EB830080ED000A5DF8044B704716
:10397C0010B5B0F8BC4F7CB100F6427C002304E0DB
:10398C0001331FFA83FE744506D93CF802EF8E45CD
:10399C00F6D1184480F8082F10BD00BF70B5B0F8F0
:1039AC004455132D11D88DB105F1FF3C00F21C5478
:1039BC001FFA8CFC04EB4C0400F21A5C01E0A445E9
:1039CC0004D03CF802EF9645F9D170BD07EE903A61
:1039DC00F7EE006A00EB85034FF0000CF8EEE77A87
:1039EC0005EB450403F58D6605F1010E00EB84042F
:1039FC0086EEA77A86ED000A03F5976600EB45057F
:103A0C0003F58363C6ED000A43F8A01C43F850CCC1
:103A1C00C3F800C0A5F81C2584EDA27AA0F844E5F3
:103A2C0070BD00BF10B4B0F8444584B100F21A5216
:103A3C00002304E001331FFA83FC644507D932F8F4
:103A4C0002CF8C45F6D100EB830080EDF20A5DF8D5
:103A5C00044B704790F86C20092A00F28280D0ED5C
:103A6C00187A034690ED177AF4EEE07A70B5F1EE21
:103A7C0010FA77D593ED1A7A002A7DD0B4EEC07A7D
:103A8C00F1EE10FA7DD4D3ED036AB4EEE60AF1EE52
:103A9C0010FA00F1F880012A4DD0D3ED056AB4EE8E
:103AAC00E60AF1EE10FA00F18380022A43D0D3ED3E
:103ABC00076AB4EEE60AF1EE10FA00F1E780032A89
:103ACC0039D0D3ED096AB4EEE60AF1EE10FA00F142
:103ADC00E080042A2FD0D3ED0B6AB4EEE60AF1EEA7
:103AEC0010FA00F1D980052A25D0D3ED0D6AB4EE79
:103AFC00E60AF1EE10FA00F1D280062A1BD0D3EDC3
:103B0C000F6AB4EEE60AF1EE10FA00F1CB80072A48
:103B1C0011D0D3ED116AB4EEE60AF1EE10FA00F111
:103B2C00C480092A07D1D3ED136AB4EEE60AF1EE8C
:103B3C0010FA00F19E80D3ED197A0132F4EE407A3E
:103B4C0083F86C20F1EE10FAB4EEC70A70FE277AF7
:103B5C00C3ED197AF1EE10FA30FE070A83ED1A0A5A
:103B6C0070BD7047B4EEE07AF1EE10FA77FE207A71
:103B7C0093ED1A7A002A81D183ED030AC3ED047AFE
:103B8C00D9E703EBC201013281ED030AC1ED047ADE
:103B9C00D3ED197A83F86C20B4EE670A83ED1A0A18
:103BAC00F1EE10FA48BFF0EE407AC3ED197A70BD11
:103BBC004FF0010C03EBCC0E0CF101055FFA8CF409
:103BCC007146AA420EF1140E01F10C0103C98EE8E4
:103BDC00030047D9A61C03EBCC05F6B21C359EE8B6
:103BEC000300B24285E803003CD9E61C03EBCC0E83
:103BFC00F6B20EF1240EB2428EE8030032D9261D25
:103C0C0003EBCC05F6B22C35B24285E8030029D97A
:103C1C00661D03EBCC0EF6B20EF1340EB2428EE8FA
:103C2C0003001FD9A61D03EBCC05F6B23C35B242FE
:103C3C0085E8030016D9E61D03EBCC0EF6B20EF1A7
:103C4C00440EB2428EE803000CD9083403EBCC05C9
:103C5C00E4B24C35A24285E8030003D903F15404C5
:103C6C0084E8030003EBCC0C8CED030ACCED047A56
:103C7C0061E703F14C0103F154044FF0080C03C944
:103C8C0084E80300EEE74FF0000C93E74FF0020CD2
:103C9C0090E74FF0030C8DE74FF0040C8AE74FF0E0
:103CAC00050C87E74FF0060C84E703F1440103F1A0
:103CBC004C04082A03C984E8030008D903F154050D
:103CCC004FF0070C94E80300C5E90001CAE74FF078
:103CDC00070CC7E710B59FED246A041DF0EE460AE9
:103CEC002046B0EE460AFFF7B5FE2046B0EE060AB7
:103CFC00FFF7B0FE2046B0EE080AF7EE000AFFF719
:103D0C00A9FEF0EE460A2046B0EE0A0AFFF7A2FE24
:103D1C0020469FED160AFFF79DFE2046B2EE040AE0
:103D2C00F7EE000AFFF796FEF0EE460A20469FEDEE
:103D3C00100AFFF78FFE20469FED0E0AFFF78AFE52
:103D4C002046B2EE060AF7EE000AFFF783FE204685
:103D5C009FED090AF0EE460AFFF77CFE2046B2EE14
:103D6C000E0ABDE8104075E60000000000001C4182
:103D7C000000244100002C410000344110B4B0F884
:103D8C00BC4FB4B100F64272002304E001331FFAB9
:103D9C0083FC64450DD932F802CF8C45F6D1B1EED7
:103DAC00400A00EB4312F1EE600A82ED040AC2ED08
:103DBC00080A5DF8044B704710B4B0F8BC4FACB1B6
:103DCC0000F64272002304E001331FFA83FC6445C1
:103DDC000CD932F802CF8C45F6D103F296235DF85C
:103DEC00044B50F8233093ED000A70479FED020A04
:103DFC005DF8044B704700BF0000000010B4B0F831
:103E0C00BC4FACB100F64272002304E001331FFA40
:103E1C0083FC64450CD932F802CF8C45F6D103F201
:103E2C0086335DF8044B00EB830090ED000A70477D
:103E3C009FED020A5DF8044B704700BF00000000C4
:103E4C00B0F8BC3F73B1013B00F6582100F654208A
:103E5C009BB201EB83010430D0F8D0220368884276
:103E6C001A60F8D1704700BF2DE9F04FDFEDAB7A47
:103E7C0080462DED048B89B091F8B870DDF858A010
:103E8C00CDED057ACDED067ACDED077A002F00F059
:103E9C00F7830E4691469B469FEDA18ADFEDA18AE2
:103EAC0000249FEDA19A06EB8405D5ED1A7AF4EE69
:103EBC00C87AF1EE10FA1DDD33191B790C2B19D8C9
:103ECC00DFE813F0980355031003CD028A02400279
:103EDC00EA0195013401C500840050000D00A96968
:103EEC005B464A4604A80D68CDF800A02D68A8478B
:103EFC0096F8B870394601348C42D4DBDDED057A86
:103F0C009FED887AF4EEC77AF1EE10FA40F3AD83A8
:103F1C009DED067AFF27DDED077ADFED826AB4EEC0
:103F2C00E67AF1EE10FA40F39983FF229FED7D7A49
:103F3C00F4EEC77AF1EE10FA07DCF5EEC07AF1EE8A
:103F4C0010FA40F18483002300E0FF23404688F8F8
:103F5C00007088F8012088F8023009B0BDEC048BA1
:103F6C00BDE8F08FA9695B464A4604A80F68CDF8F6
:103F7C0000A03F68B8479DF810309DF81120802BA9
:103F8C009DF81210B4D9802AB2D98029B0D906EE86
:103F9C00901A07EE903A07EE102A95ED1A6AF8EE91
:103FAC00677A96F8B840B8EE477AF8EE666A274614
:103FBC0067EE867A214627EE067A66EE866ACDEDA6
:103FCC00057A8DED067ACDED076A94E7A9695B4613
:103FDC004A4604A80F68CDF800A03F68B847F7EE32
:103FEC00007A95ED1A6ADDED055A77EEC67ADDEDAD
:103FFC00066A9DED077A9DF8103067EEA66A96F872
:10400C00B87027EE877A67EEA57A05EE903A9DF8A0
:10401C0011303946F8EE655AE5EE867A05EE903A9F
:10402C009DF81230F8EE655ACDED057AF0EE667A11
:10403C0006EE903AE5EE867AF8EE666ACDED067AF3
:10404C00F0EE477AE6EE867ACDED077A53E7A9696A
:10405C005B464A4604A80F68CDF800A03F68B847F5
:10406C00F7EE007AD5ED1A6AB0EE004A9DED055ACE
:10407C00F0EE681A77EEE67ADDED065A9DED076AEA
:10408C0025EE052A9DF8103065EEA52A65EEA73AB7
:10409C0096F8B87066EE274A25EE277A07EE903A26
:1040AC009DF8113026EE063AF8EEE77A3946E7EE3F
:1040BC00C41A67EE857A77EEA77AE1EE827AA7EEDC
:1040CC00A67A07EE903A9DF81230F8EEE77A8DED6D
:1040DC00057AB0EE687AA7EEC47A67EEA57A77EE29
:1040EC00A77AE7EE227AB0EE637AA7EEA67A07EE0D
:1040FC00903AF8EEE77A8DED067AB0EE687AA7EE94
:10410C00C47A67EE867A77EEA77AE7EE037AB0EE9A
:10411C00647AA7EEA67A8DED077AECE60000000033
:10412C00CDCCCC3C00007F4300000043A9695B462A
:10413C004A4604A80F68CDF800A03F68B847DDEDEB
:10414C00057A9DF81010F4EEC97A9DF8112007EE4F
:10415C00101A9DF81230F1EE10FAB8EEC77A00F191
:10416C00988278EEE76A38EEC77AB0EE685A76EE47
:10417C00A66AA6EEC75ADDED066A07EE102AF4EE23
:10418C00C96AB8EEC77AF1EE10FA40F1928236EEB7
:10419C00A64A24EE074A9DED077A06EE103AB4EED5
:1041AC00C97AB8EEC66AF1EE10FA40F1778277EE72
:1041BC00074A64EE864AB7EE006AD5ED1A5A96F8AD
:1041CC00B87036EE656A394666EE866A27EE067A70
:1041DC0067EE867AE5EE846AA5EEA47AE5EE857A3A
:1041EC00CDED066A8DED077ACDED057A83E6A969EA
:1041FC005B464A4604A80F68CDF800A03F68B84754
:10420C00B7EE006AD5ED1A5AB0EE684ADDED056AD4
:10421C0036EE656A9DED067ADDED077A78EEE63AC4
:10422C009DF8103078EEC74A38EEE75A96F8B87019
:10423C0027EE067A67EE867A394666EE866A06EED1
:10424C00103A9DF81130B8EEC66A38EEC66AA3EE85
:10425C00C64AB0EE686AE4EE256ACDED056A06EE54
:10426C00903A9DF81230F8EEE66A78EEE66AA4EE23
:10427C00E66AF0EE686AA6EE257A8DED067A07EE10
:10428C00103AB8EEC77A38EEC77AE5EE476AE6EE32
:10429C00A57ACDED077A2EE6A9695B464A4604A8B5
:1042AC000F68CDF800A03F68B8479DF810309DED21
:1042BC00054AF7EE007A07EE103AD5ED1A6ADDEDF5
:1042CC00064AB8EE477ADDED075A77EEE67A9DF8A6
:1042DC001130B4EE447A27EEA45A27EEA56AF1EE1B
:1042EC0010FA67EE847A48BFB0EE447AE6EE877A2D
:1042FC00B0EE457ACDED057A07EE903A9DF8123086
:10430C00F8EE677AF4EE647AF1EE10FA48BFF0EE4C
:10431C00647AA6EEA77A07EE903AF8EE677AF4EE96
:10432C00657A8DED067AF1EE10FA48BFF0EE657AFB
:10433C00B0EE467A96F8B8703946A6EEA77A8DEDAF
:10434C00077AD8E5A9695B464A4604A80F68CDF8F8
:10435C0000A03F68B8479DF81030F7EE007A9DED4D
:10436C00054A07EE103AD5ED1A6ADDED064AB8EEAD
:10437C00477ADDED075A77EEE67A9DF81130B4EE08
:10438C00447A27EEA45A27EEA56AF1EE10FA67EEEE
:10439C00847A34FE077AE6EE877AB0EE457ACDED74
:1043AC00057A07EE903A9DF81230F8EE677AF4EE43
:1043BC00647AF1EE10FA74FEA77AA6EEA77A07EEED
:1043CC00903AF8EE677AF4EE657A8DED067AF1EEB6
:1043DC0010FA75FEA77AABE7A9695B464A4604A8B2
:1043EC000F68CDF800A03F68B8479DF810309DEDE0
:1043FC00054AF7EE007A05EE903A95ED1A7A9DF89B
:10440C001130F8EEE55ADDED064A77EEC77A9DEDF0
:10441C00075A96F8B870C4EE253A394624EE276A46
:10442C0067EEA46A67EE857AA3EE876A8DED056A5E
:10443C0006EE103A9DF81230B8EEC66AC4EE865AF3
:10444C00E7EE256ACDED066A06EE903AF8EEE66ADE
:10445C0085EE266AE7EE067ACDED077A4BE5A9697B
:10446C005B464A4604A80F68CDF800A03F68B847E1
:10447C009DF81030F7EE007AD5ED1A6A07EE103A77
:10448C009DED054A9DF8113077EEE67ADDED064A92
:10449C00B8EEC77A9DED075A96F8B87064EE275AB5
:1044AC0027EE047A394627EEA46A67EE857AE7EEA2
:1044BC00265A07EE103A9DF81230B8EEC77A27EE5E
:1044CC00247ACDED055AA6EE876A07EE103AB8EEBF
:1044DC00C77A27EE057A8DED066AE6EE877ACDED82
:1044EC00077A08E5A9695B464A4604A80F68CDF827
:1044FC0000A03F68B8479DF81030F7EE007AD5ED74
:10450C001A6A04EE103ADDED055A9DF8113077EE7B
:10451C00E67A9DED066AB8EEC44A9DED077A96F8E8
:10452C00B87065EEA74A75EEC45A394627EE865A1E
:10453C0067EE877AE5EEA64A05EE903A9DF81230C2
:10454C00F8EEE55A36EE656AF0EE455ACDED054AC1
:10455C00E6EE865A06EE103AB8EEC66A37EE467AA2
:10456C00CDED065AE6EE877ACDED077AC3E4A9695C
:10457C005B464A4604A80F68CDF800A03F68B847D0
:10458C009DF81030F7EE007AD5ED1A6A07EE103A66
:10459C009DED054A9DF8113077EEE67ADDED064A81
:1045AC00B8EEC77A9DED075A96F8B87064EE275AA4
:1045BC0037EE047A394627EEA46A67EE857AE7EE81
:1045CC00265A07EE103A9DF81230B8EEC77A37EE3D
:1045DC00247ACDED055AA6EE876A07EE103AB8EEAE
:1045EC00C77A37EE057A8DED066AE6EE877ACDED61
:1045FC00077A80E4A9695B464A4604A80F68CDF89F
:10460C0000A03F68B8479DF8103095ED1A7A07EE78
:10461C00903A9DF8113096F8B870F8EE677A3946F2
:10462C0067EE877ACDED057A07EE903A9DF8123059
:10463C00F8EE677A67EE877ACDED067A07EE903A58
:10464C00F8EE677A67EE877ACDED077A53E4FCEEE5
:10465C00E77ACDED037A9DF80C3077E4B5EEC07AAD
:10466C00F1EE10FA0ED5002260E4F5EEC07AF1EE10
:10467C0010FA29D59DED067A0027DDED077A4CE47A
:10468C00B0EE677ABCEEC77A8DED037A9DF80C20FC
:10469C004CE437EEA75A25EE075A6CE578EEC75A6C
:1046AC0038EEC66AF0EE684A75EEA55AE5EEC64AD3
:1046BC0081E538EEE66A38EEC77AB0EE684A36EE37
:1046CC00066AA6EE474A66E5FCEEE77A9DED067AA9
:1046DC00CDED037ADDED077A9DF80C701DE400BF7B
:1046EC0030B583B0044601F24C51069D0095FFF79E
:1046FC00BBFB204603B030BD10B4B0F84445B4B198
:10470C0000F21A52002304E001331FFA83FC6445C3
:10471C000DD932F802CF8C45F6D1B1EE400A00EB40
:10472C004312F1EE600A82ED040AC2ED080A5DF84C
:10473C00044B704710B4B0F84445A4B100F21A52BF
:10474C00002304E001331FFA83FC64450BD932F8D3
:10475C0002CF8C45F6D1DE335DF8044B50F8233094
:10476C0093ED000A70479FED020A5DF8044B704709
:10477C000000000010B4B0F84445ACB100F21A527D
:10478C00002304E001331FFA83FC64450CD932F892
:10479C0002CF8C45F6D103F597735DF8044B00EB13
:1047AC00830090ED000A70479FED020A5DF8044B00
:1047BC00704700BF0000000010B5B0F844457CB154
:1047CC0000F21A5C002304E001331FFA83FE7445E7
:1047DC0006D93CF802EF8E45F6D1184480F808252E
:1047EC0010BD00BFB0F8443573B1013B00F55E71EC
:1047FC0000F55D709BB201EB83010430D0F8F02022
:10480C00036888421A60F8D1704700BF054B084610
:10481C0011461B7803F0FF020BB10EF001BE1046DF
:10482C00704700BF303D012000F5804C43F6C67345
:10483C00BCF8402003443B2A2DE9F04112D8002A51
:10484C0000F07A85541E43F6C8751946A4B2054487
:10485C0005EB440502E0A94200F06E8531F8024FE9
:10486C00042CF8D11D469E46002104E001318CB287
:10487C00A24240F2BA813EF8024F042CF6D100F568
:10488C00405E03243B2A714481F88C4F40F2B08186
:10489C00BCF84020002A00F08C851D469E46002165
:1048AC0004E001318CB2A24240F27B813EF8024F0F
:1048BC00032CF6D100F5405E00243B2A714481F8AC
:1048CC008C4F40F27181BCF84060002E00F06C857A
:1048DC001D461946002204E0013294B2A64240F271
:1048EC00968131F8024F022CF6D100F5405E03217F
:1048FC003B2E724482F88C1F40F28C81BCF84050E5
:10490C00002D00F047851E461946002204E00132B6
:10491C0094B2A54240F2578131F8024F012CF6D1E6
:10492C0000F5405E03213B2D724482F88C1F40F24F
:10493C004D81BCF84060002E00F040851D461946A4
:10494C00002204E0013294B2A64240F2188131F800
:10495C00024F002CF6D100F5405E03213B2E724431
:10496C0082F88C1F40F20E81BCF84040002C00F005
:10497C0016851E461946002204E0013295B2AC425F
:10498C0040F2578131F802EFBEF1150FF5D100F569
:10499C00405E03213B2C724482F88C1F40F26885E8
:1049AC00BCF840601D461946002204E0013294B266
:1049BC00B44280F07E8131F802EFBEF1140FF5D1D4
:1049CC0000F5405E03213B2E724482F88C1F40F2AE
:1049DC00FA84BCF840501E461946002204E001320D
:1049EC0094B2A54240F2A58131F802EFBEF1190F45
:1049FC00F5D100F5405E00213B2D724482F88C1FEE
:104A0C0040F2EC84BCF840601D461946002204E0DC
:104A1C00013294B2B44280F02C8131F802EFBEF135
:104A2C00640FF5D100F5405E02213B2E724482F8F2
:104A3C008C1F40F21285BCF840501E4619460022CD
:104A4C0004E0013294B2A54240F2938131F802EFB6
:104A5C00BEF1690FF5D100F5405E02213B2D724489
:104A6C0082F88C1F40F2C584BCF840601D46194684
:104A7C00002204E0013294B2A64240F23A8131F8AD
:104A8C0002EFBEF1660FF5D100F5405E02213B2E20
:104A9C00724482F88C1F40F2D584BCF840501E46FC
:104AAC001946002204E0013294B2AC4280F08181BC
:104ABC0031F802EFBEF1670FF5D100F5405E02212F
:104ACC003B2D724482F88C1F40F2A684BCF84060E7
:104ADC001D461946002204E0013294B2B44280F023
:104AEC00888131F802EFBEF1680FF5D100F5405E18
:104AFC0002213B2E724482F88C1F40F29884BCF841
:104B0C0040501E461946002204E0013294B2AC42D9
:104B1C0080F08E8131F802EFBEF16A0FF5D100F50D
:104B2C00405E02213B2D724482F88C1F40F26C8453
:104B3C00BCF84040002203E0013291B2A14209D2FC
:104B4C0033F8021F6B29F7D100F5405302211344AF
:104B5C0083F88C1F00F5005292F8FD35012B09D813
:104B6C004EF2786102EB830401330144C4F89415CE
:104B7C0082F8FD35012380F8A932BDE8F0813C2E86
:104B8C003FF4F2AE4EF268670022074402E0A64200
:104B9C0040F23D8235F8021F0132152994B2F6D14C
:104BAC00E2E63C2A3FF48FAE4EF238570021074420
:104BBC0002E0B24240F2D68135F8024F0131022CAC
:104BCC008EB2F6D17FE63C2D3FF4B3AE4EF21857C1
:104BDC000022074402E0AC4280F04482013236F8F5
:104BEC00021F94B20029F6D1A3E63C2A3FF450AE42
:104BFC004EF248570021074402E0B24240F2DD81F8
:104C0C0035F8024F0131032C8EB2F6D140E63C2E22
:104C1C003FF474AE4EF228570022074402E0A6423D
:104C2C0040F2488135F8021F0132012994B2F6D1C5
:104C3C0064E64AF224224EF258673C2C02440744A4
:104C4C000BD0002102E0744540F2398236F8025F45
:104C5C000131142D1FFA81FEF5D1BCF84060002EF5
:104C6C007FF4A0AE44F28447012500F5405E174462
:104C7C0054E24AF224224EF248673C2E0244074486
:104C8C000BD0002102E0764540F29C8235F8024FB1
:104C9C000131692C1FFA81FEF5D1BCF84050002D72
:104CAC007FF4CBAE44F29437012600F5405E1744F6
:104CBC00B9E24AF224224EF2A8673C2E0244074481
:104CCC000BD0002102E0B64580F0248235F8024F6B
:104CDC000131192C1FFA81FEF5D1BCF84050002D82
:104CEC007FF479AE44F21447012600F5405E174478
:104CFC003FE24AF224224EF2A8573C2E02440744CB
:104D0C000BD0002102E0B64580F0BA8235F8024F94
:104D1C000131672C1FFA81FEF5D1BCF84050002DF3
:104D2C007FF4BDAE44F2D437012600F5405E174443
:104D3C00D8E24AF224224EF238673C2D0244074452
:104D4C000BD0002102E0AE4580F00F8236F8024F06
:104D5C000131642C1FFA81FEF5D1BCF84060002EA5
:104D6C007FF452AE44F22447012500F5405E17440F
:104D7C002CE24AF224224EF2B8573C2D024407444E
:104D8C000BD0002102E0754540F2498236F8024F03
:104D9C000131662C1FFA81FEF5D1BCF84060002E63
:104DAC007FF464AE44F28437012500F5405E17446D
:104DBC006AE24AF224224EF2F8573C2D0244074490
:104DCC000BD0002102E0AE4580F0888236F8024F0D
:104DDC000131682C1FFA81FEF5D1BCF84060002E21
:104DEC007FF476AE44F2F437012500F5405E1744AB
:104DFC008FE04AF224224EF218673C2E02440744FC
:104E0C000AD0002101E0B6457FD235F8024F0131BE
:104E1C006A2C1FFA81FEF6D1BCF84050002D7FF4AD
:104E2C0070AE44F27437012400F5405E174418E06C
:104E3C004EF298573C2D074409D0002201E0AC42B9
:104E4C000BD236F8021F01326B2994B2F7D1BCF8A1
:104E5C004040002C7FF46EAE7CE66C1C00F5405E8E
:104E6C00A4B200EB85020026F7EE007A05EB4501B3
:104E7C0002F540520EEB45050EEB81014FF07C5EC6
:104E8C0002F6AC5801F60C01C8F8006002F69C68FA
:104E9C00C8ED007AC2F8DC7A02F6CC3702F6BC42D6
:104EAC003E6016606B22A5F8C82FC1F800E0ACF884
:104EBC0040403FE6751CADB200EB860200F5405E4B
:104ECC0006EB4601002402F540520EEB46060EEBB3
:104EDC008101F7EE007A02F6AC5E01F60C01CEF819
:104EEC00004002F69C6ECEED007AC2F8DC7A02F637
:104EFC00CC3702F6BC423C6014600122A6F8C82FE5
:104F0C00DE4A0A60ACF84050FDE4751C00F5405ECA
:104F1C00ADB200EB86020024F7EE007A06EB4601F8
:104F2C0002F540520EEB46060EEB81014FF07C5E13
:104F3C0002F6AC5801F60C01C8F8004002F69C6869
:104F4C00C8ED007AC2F8DC7A02F6CC3702F6BC4225
:104F5C003C6014606A22A6F8C82FC1F800E0ACF8D7
:104F6C004050CEE5561CB6B200EB820100F5405E17
:104F7C0002EB4204002501F540510EEB42020EEB10
:104F8C008404F7EE007A01F6AC5E04F60C04CEF85D
:104F9C00005001F69C6ECEED007AC1F8DC7A01F679
:104FAC00CC3701F6BC413D600D600221A2F8C81F50
:104FBC00B24A2260ACF840608AE400EB8201002522
:104FCC00F7EE007A00F5405E01F5405102EB420429
:104FDC0001F6AC560EEB84040EEB420E013235603A
:104FEC0001F69C6604F60C0492B2C6ED007A01F64A
:104FFC00CC36C1F8DC7A01F6BC4135600D6003217A
:10500C00AEF8C81F9D492160ACF8402045E4741CE3
:10501C00A4B200EB860200F5405E06EB46010025CB
:10502C0002F540520EEB46060EEB8101F7EE007ACC
:10503C0002F6AC5E01F60C01CEF8005002F69C6E46
:10504C00CEED007AC2F8DC7A02F6CC3702F6BC421E
:10505C003D6015601522A6F8C82F884A0A60ACF886
:10506C00404086E46E1CB6B200EB850200F5405E53
:10507C0005EB450105F5F46502F5405200240EEBF5
:10508C008101F7EE007A0EEB450502F6AC5E01F6F7
:10509C000C01CEF8004002F69C6ECEED007AC2F800
:1050AC00DC7A02F6CC3702F6BC423C60146000227B
:1050BC00A5F88820714A0A60ACF840603EE4661C92
:1050CC00B6B200EB840200F5405E04EB440100250F
:1050DC0002F540520EEB44040EEB8101F7EE007A20
:1050EC0002F6AC5E01F60C01CEF8005002F69C6E96
:1050FC00CEED007AC2F8DC7A02F6CC3702F6BC426E
:10510C003D6015601422A4F8C82F5C4A0A60ACF804
:10511C00406047E4751C00F5405EADB200EB8602C2
:10512C00F7EE007A06EB4601002402F540520EEB36
:10513C0046060EEB810102F6AC5E01F60C01CEEDDB
:10514C00007A02F69C6ECEF80040C2F8DC7A02F6C9
:10515C00CC3702F6BC423C6014601922A6F8C82F6A
:10516C00464A0A60ACF8405035E46E1C00F5405ECF
:10517C00B6B200EB85020024F7EE007A05EB450190
:10518C0002F540520EEB45050EEB81014FF07C5EB3
:10519C0002F6AC5801F60C01C8F8004002F69C6807
:1051AC00C8ED007AC2F8DC7A02F6CC3702F6BC42C3
:1051BC003C6014606422A5F8C82FC1F800E0ACF87C
:1051CC00406021E4751C00F5405EADB200EB860238
:1051DC000024F7EE007A06EB460102F540520EEB86
:1051EC0046060EEB81014FF07C5E02F6AC5801F6E0
:1051FC000C01C8F8004002F69C68C8ED007AC2F8B1
:10520C00DC7A02F6CC3702F6BC423C6014606922B0
:10521C00A6F8C82FC1F800E0ACF840500DE46E1CA5
:10522C0000F5405EB6B200EB85020024F7EE007A82
:10523C0005EB450102F540520EEB45050EEB8101E5
:10524C004FF07C5E02F6AC5801F60C01C8F8004039
:10525C0002F69C68C8ED007AC2F8DC7A02F6CC370C
:10526C0002F6BC423C6014606622A5F8C82FC1F857
:10527C0000E0ACF84060FFF7F9BB00BF8988883DBF
:10528C00751C00F5405EADB200EB86020024F7EE13
:10529C00007A06EB460102F540520EEB46060EEB89
:1052AC0081014FF07C5E02F6AC5801F60C01C8F897
:1052BC00004002F69C68C8ED007AC2F8DC7A02F66F
:1052CC00CC3702F6BC423C6014606722A6F8C82FAB
:1052DC00C1F800E0ACF84050FFF7E1BB6E1C00F5E4
:1052EC00405EB6B200EB85020024F7EE007A05EBC7
:1052FC00450102F540520EEB45050EEB81014FF0D6
:10530C007C5E02F6AC5801F60C01C8F8004002F6BF
:10531C009C68C8ED007AC2F8DC7A02F6CC3702F64B
:10532C00BC423C6014606822A5F8C82FC1F800E0AC
:10533C00ACF84060FFF7CCBB00EB820100254EF2CD
:10534C005856F7EE007A01F5405100F5405E0644E0
:10535C0002EB420401F6AC570EEB84043D6001F6FF
:10536C009C670EEB420E0132C7ED007A04F60C047A
:10537C00C1F8DC6A01F6CC3601F6BC4192B235605C
:10538C000D600421AEF8C81F3D492160ACF84020E7
:10539C00FFF768BA4EF218570126074464E64EF23E
:1053AC005867012607448CE64EF22857012507441E
:1053BC0082E54EF2385701260744D5E54EF2686770
:1053CC000124074425E64AF224224EF2A86702443F
:1053DC000744002E7FF475AC01259FE64AF2242287
:1053EC004EF2386702440744002D7FF4AAAC012624
:1053FC00BFE64AF224224EF2B85702440744002D6D
:10540C007FF4BFAC01260EE74EF298570744002DEF
:10541C007FF413AD012424E54AF224224EF2F8570E
:10542C0002440744002D7FF4CCAC01265AE74AF223
:10543C0024224EF2186702440744002E7FF4E1AC9C
:10544C00012566E54AF224224EF2A857024407448D
:10545C00002E7FF456AC012516E74AF224224EF2B8
:10546C00486702440744002E7FF40BAC0125ADE6DF
:10547C004AF224224EF2586702440744FFF7E1BB7C
:10548C008988883D30B50B688DB00C4605461B6885
:10549C00684698476468F7EE007A9FED4F7AD4ED32
:1054AC00005A94ED015A75EEE77AF0EEE77AF4EED5
:1054BC00C77AF1EE10FA72D5F0EEC57AD4ED024A45
:1054CC00F4EEC77AF1EE10FA6CD494ED034AD4EDF5
:1054DC00057AD4ED042A25EE676A94ED063A67EE58
:1054EC00A56AD4ED073A24EE677A67EEA47AA2EEA9
:1054FC00A56AE2EE856AA2EEA47AE2EE847AA3EEC5
:10550C00646AE3EE046AA3EE257AE3EE457AA3EE31
:10551C00C46AE3EEE46AA3EE857AE3EEA57A8DED38
:10552C00086ACDED096A8DED0A7ACDED0B7A94ED12
:10553C000C5A02A894ED0B6A05AADDED016A08A9C4
:10554C00D4ED0D7A9DED007A66EE856ADFED235A77
:10555C0027EE067A67EEA57ACDED066A8DED057A13
:10556C00CDED077A0AF098F994ED095A2846D4ED56
:10557C000A5A94ED086ADDED036A9DED047ADDEDBF
:10558C00027A76EE856A37EE257A77EE867AC5ED65
:10559C00016A85ED027AC5ED007A0DB030BDD4ED0F
:1055AC00024A92E7F0EEE47A94ED034AF4EEC77AFD
:1055BC00F1EE10FA8BD5F0EEC47AF4EEC77AF1EE78
:1055CC0010FA84D563692169A2690993E36908918A
:1055DC000A920B93ABE700BF6F12833A00000000F6
:1055EC0030B50B688DB00C4605465B68684698472D
:1055FC006468F7EE007A9FED4F7AD4ED005A94ED83
:10560C00015A75EEE77AF0EEE77AF4EEC77AF1EE2E
:10561C0010FA72D5F0EEC57AD4ED024AF4EEC77AE0
:10562C00F1EE10FA6CD494ED034AD4ED057AD4ED76
:10563C00042A25EE676A94ED063A67EEA56AD4ED66
:10564C00073A24EE677A67EEA47AA2EEA56AE2EE38
:10565C00856AA2EEA47AE2EE847AA3EE646AE3EEA3
:10566C00046AA3EE257AE3EE457AA3EEC46AE3EE70
:10567C00E46AA3EE857AE3EEA57A8DED086ACDEDAA
:10568C00096A8DED0A7ACDED0B7A94ED0C5A02A8CD
:10569C0094ED0B6A05AADDED016A08A9D4ED0D7A2B
:1056AC009DED007A66EE856ADFED235A27EE067AC9
:1056BC0067EEA57ACDED066A8DED057ACDED077A0C
:1056CC000AF0EAF894ED095A2846D4ED0A5A94EDFA
:1056DC00086ADDED036A9DED047ADDED027A76EE63
:1056EC00856A37EE257A77EE867AC5ED016A85ED07
:1056FC00027AC5ED007A0DB030BDD4ED024A92E7C6
:10570C00F0EEE47A94ED034AF4EEC77AF1EE10FA77
:10571C008BD5F0EEC47AF4EEC77AF1EE10FA84D59C
:10572C0063692169A2690993E36908910A920B9351
:10573C00ABE700BF6F12833A0000000010B50446BF
:10574C0020F01EFF204610BD10B5044620F018FFB7
:10575C00204610BD10B5044620F012FF204610BDA7
:10576C0010B5044620F00CFF204610BD10B50446C1
:10577C0020F006FF204610BD2DE9F04F00F58056B5
:10578C00834696F85E3F2DED0E8B85B0002B40F0D6
:10579C00238100F68652DFEDA8DA9FEDA8BACDE999
:1057AC000023019A95B2002B40F0CF809BF8083073
:1057BC00002B40F0F780DBF8043003EBC203D3ED91
:1057CC00009A93ED019A4FF0FF37B7EE00EAB0EE76
:1057DC006DDA0024B0EE6DCAB846F0EE6DCABA466A
:1057EC00F0EE6DBAB94649E09BF80830002B40F05A
:1057FC00BB80DBF8043003EBC40393ED00AAD3EDBC
:10580C0001AA79EECA8A39EE6A8A28EE080AA8EE4D
:10581C00A80AB5EE400AF1EE10FA00F1D880F1EECC
:10582C00C07AF0EEE88AF4EECE8AF1EE10FA0CD5DE
:10583C00F4EEC9AAF1EE10FA3EDDF4EEEB7AF1EEDD
:10584C0010FA39D5F0EE67BAA146B0EEC88AB4EEBC
:10585C00CE8AF1EE10FA0CD5B4EEE9AAF1EE10FAFC
:10586C0038D5F4EECC7AF1EE10FA33D5B0EE67CA37
:10587C00A046013440F23B239C423DD0A2B295425B
:10588C00F7D096F85E3F002BAED09BF80830002B7B
:10589C0074D1DBF80030594602A89B689847DDEDBF
:1058AC00029AF0EE4BAA9DED039AB0EE4BAAF0EEE5
:1058BC00698AB0EE498AA8E7F4EEC9AAF1EE10FAAB
:1058CC00C3D5F4EEEC7AF1EE10FABED5F0EE67CA61
:1058DC00A246BAE7B4EEE9AAF1EE10FAC9DDF4EE8D
:1058EC00CD7AF1EE10FAC4D5274640F23B230134B1
:1058FC00B0EE67DA9C42C1D1B9F1FF3F02D0009BF8
:10590C00A3F80090BAF1FF3F02D0009BA3F876A455
:10591C00B8F1FF3F02D0009BA3F8EC88019A781CE9
:10592C0040F23B23009902F10102019231D0A1F81F
:10593C00627D9A4201F1020100912ED0019A96F8F3
:10594C005E3F95B2002B3FF431AF9BF808309BBB08
:10595C00DBF800302A46594602A89B689847DDEDD3
:10596C00029A9DED039A2EE7C4EB447141F2D012DA
:10597C00DBF8043002EBC10213443EE740F23A215B
:10598C00DBF8003002A8891A9B688AB259469847FE
:10599C0085E702319A420091D0D105B0BDEC0E8B57
:1059AC00BDE8F08FC2EB427041F2D012DBF804304C
:1059BC0002EBC002134402E740F23A22DBF800305B
:1059CC00594602A8521B9B6892B29847C7E71EF033
:1059DC008BFAF0EE407A24E7B6F8604F00F6865169
:1059EC00002340F2392EC4EBC43622464FEA440958
:1059FC0040F23A287600B6B27245A2EB090506EBE6
:105A0C00020C03F1FF37D8BF0A80012DB3FBF4F071
:105A1C0004FB1030C8BFA1F876C418B1012B01DD0E
:105A2C00A1F8EC78434502F1010203F10103B4D073
:105A3C00A1F8623D0231DFE7FFFF7F7F000000002D
:105A4C00DFED917A2DE9F04F2DED028B60EE278A78
:105A5C0089B007EE903A984600910446B0EE680A79
:105A6C000592B8EEE78A1EF05FFEF0EE407AB0EEDB
:105A7C00680A68EE277AFDEEE77ACDED037A1EF020
:105A8C004FFD28EE000A0099B8F1000FADF81E107A
:105A9C00FDEEC07ACDED047A40F3C6800023039A64
:105AAC00DFF8E89100929B461F461A46CDED027A2C
:105ABC000193D51A002DB8BF6D429A422DD000F338
:105ACC00B5802ADA0026DFF8C8A12368DB6A5345C3
:105ADC0040F09B8001F6FC014FF6FF7304EB410193
:105AEC0089889942ADF81E100DD00136B54202D10D
:105AFC0013E0B5420FDD01F6FC01013604EB410168
:105B0C0089889942F5D10020059B198009B0BDEC1C
:105B1C00028BBDE8F08FADF81E100137B84500F0D0
:105B2C008380009B93FBF8FAAAEB0B06002EB8BF00
:105B3C007642DA454CD021DC4ADA0025DFF854B144
:105B4C0023681B6B5B4554D101F638314FF6FF735C
:105B5C0004EB410149889942ADF81E10D3D00135B0
:105B6C00AE4202D134E0AE4240DD01F638310135AF
:105B7C0004EB410149889942F5D1C4E70025DFF8CF
:105B8C0018B123685B6B5B4517D101F674514FF666
:105B9C00FF7334F811109942ADF81E10B3D00135D3
:105BAC00B54202D114E0AE4220DD01F6745101354C
:105BBC0034F811109942F6D1A5E70DF11E022046DA
:105BCC000135984700285BD0B542BDF81E10D8D1DE
:105BDC00DDE900230398D346049D02440298009209
:105BEC0090FBF8F22844CDE9012062E7ADF81E10D5
:105BFC00EEE70DF11E0220460135984700283FD0F4
:105C0C00AE42BDF81E109BD1E2E70DF11E022046FC
:105C1C0001369847A0B3B542BDF81E107FF455AFBE
:105C2C000137B8457FF47DAF01206DE7002623686E
:105C3C009B6A4B4519D104EB41014FF6FF73B1F848
:105C4C00861D9942ADF81E103FF45DAF0136AE4291
:105C5C0003D162E7AE42BFF65EAF04EB4101013601
:105C6C00B1F8861D9942F5D14DE70DF11E02204683
:105C7C000136984720B1AE42BDF81E10D7D14CE783
:105C8C00BDF81E1000203FE735FA8E3CB10600002F
:105C9C00C9060000E50600000107000008B51CF06D
:105CAC00A5FBBDE808401CF089BD00BF2DE9F04FF5
:105CBC00437D87B00290002B00F0B881029B1B7DC6
:105CCC00002B00F0D481029BB54CDB681B68186874
:105CDC0002689269A24240F0F581D0F82090586891
:105CEC0003689B69A34240F0EA81D0F8208009F157
:105CFC0024034FF0000B08F12402AA4E9A46059398
:105D0C00A94F4346D846D34601921A681FFA88F128
:105D1C001269B24240F0EA800198029CB24290F8BB
:105D2C0000A094F810C045781AFB0CFA15FB0CF582
:105D3C00A7FB0A4A8478A7FB050514FB0CF4CAF3ED
:105D4C00C71AC5F3C715A7FB0404C4F3C71440F066
:105D5C00E080019880F800A045708470D9F800208C
:105D6C001269B24240F0CB805846029CB24290F885
:105D7C0000A094F810C045781AFB0CFA15FB0CF532
:105D8C00A7FB0A4A8478A7FB050514FB0CF4CAF39D
:105D9C00C71AC5F3C715A7FB0404C4F3C71440F016
:105DAC008A80019A08F101088BF800A00BF1030B13
:105DBC0003320BF8025C0BF8014C019240F23B22CF
:105DCC009045A2D1002498464FF0010AA3F2EA357F
:105DDC00B4F5AD7F059FD8F80030CDF804A036D2CD
:105DEC001B6904F5AD6BB34240F0B98095F8B13640
:105DFC0095F8B2A605F2B1604FEA0A2A81785846A6
:105E0C0004F2C26B4AEA034A4AEA01011BF018F990
:105E1C00D9F800301B69B34240F082803B7897F888
:105E2C0001A038464FEA0A2A817858464AEA034AC2
:105E3C004AEA01011BF004F9019B013403370335D5
:105E4C000133B4F5AD7F0193D8F80030C8D31B698A
:105E5C0004F2C26BB34240F0C8802B7895F801A0D5
:105E6C0028464FEA0A2A8178584604F61C0B4AEA5F
:105E7C00034A4AEA01011BF0E3F8D9F800301B6928
:105E8C00B34240F093803B7897F801A038464FEA34
:105E9C000A2A817858464AEA034A4AEA01011BF069
:105EAC00CFF8019B40F23B229342C5D107B0BDE82D
:105EBC00F04F1CF083BC03934846019B08F101088A
:105ECC000BF1030B03330193904740F23B2380F813
:105EDC0000A098454570039B84703FF473AF1A681B
:105EEC001FFA88F11269B2423FF416AF18460491BA
:105EFC0003939047039B04991A6812690DE7CDE947
:105F0C00031348469047D9F80020DDE903131269C2
:105F1C002BE71846049103939047DDE9033119E709
:105F2C00A1B2484602919847D9F80020037812692B
:105F3C000299B2423FF473AF4846CDE90213904741
:105F4C00D9F8002090F801A01269B242DDE90213E1
:105F5C003FF467AF029348469047029B62E704F117
:105F6C00E101404689B202919847D8F800200378A5
:105F7C0012690299B2423FF43BAF4046CDE902139D
:105F8C009047D8F8002090F801A01269B242DDE9E0
:105F9C0002133FF42FAF029340469047029B2BE72E
:105FAC00B1040000E505000081808080A1B2484664
:105FBC0002919847D9F80020037812690299B242ED
:105FCC003FF462AF4846CDE902139047D9F8002060
:105FDC0090F801A01269B242DDE902133FF456AF0A
:105FEC00029348469047029B51E7A4F5AD71404699
:105FFC0089B202919847D8F8002003781269029967
:10600C00B2423FF42BAF4046CDE902139047D8F88B
:10601C00002090F801A01269B242DDE902133FF4AE
:10602C001FAF029340469047029B1AE74B4B01244B
:10603C001A1D447552E8001F9868DD6842E800415B
:10604C000029F7D1464A52681969531B4FF47A72EA
:10605C00A3FB0131029B02FB00F0914294BF40185C
:10606C0080189860029B1B7D002B7FF42CAE3B4B61
:10607C0001241A1D52E8001F9868DD6842E80041AF
:10608C000029F7D136494968491B1D69A1FB051543
:10609C004FF47A7101FB00F08D4294BF4019401807
:1060AC00029DD5E901152944814211D8029A137D2C
:1060BC00002B7FF408AE538A1475138203E69847BD
:1060CC00804614E69047029B8146DB681B6806E617
:1060DC00012552E8001F9968DC6842E8005000284E
:1060EC00F7D11F484068001B1C690125A0FB040464
:1060FC004FF47A7000FB01F1844294BF091909181E
:10610C00029CA068091AA07C00FB01F16068B1FB3D
:10611C00F0F1217452E8001F9968DC6842E80050E5
:10612C000028F7D10E4A52681869131B4FF47A7283
:10613C00029CA3FB003002FB01F3A268E17CB0F5EA
:10614C007A7F94BF1B1803F57A739B1A626801FB64
:10615C0003F3B3FBF2F36374B5E500BF303D0120EC
:10616C00001000E02DE9F843B0F8BC3F2DED088B92
:10617C00002B00F0E280013B00F65C2700F658246F
:10618C0000F5F1659BB200F6077806469FED6DBAF7
:10619C00DFED6DAA07EB83079FED6CAA0FE0002BD8
:1061AC0000F0B580236883ED008AD4F8D032043433
:1061BC000C352036A742C4F8EC3000F0BE8094EDCC
:1061CC003C6AF6EE006AD5ED017AD5ED005A36EE52
:1061DC00677A65EEA66AB0EEC77AF4EEC76AF1EE9E
:1061EC0010FA15DC95ED027A77EE876AB4EEE66A62
:1061FC00F1EE10FA4DDD77EEA57AB7EE007AF4EEFB
:10620C00C77AF1EE10FA58BFF0EE477AC5ED017A75
:10621C00D4EDB48A94EDF09AC4ED787A77EEE87AFE
:10622C0079EE689A18F8013F012B87EEA98A38EEAF
:10623C000B8A41D0032BB2D1D6ED037A236836EE0C
:10624C00677AB0EEC77AB4EEEA7AF1EE10FA1DD4A2
:10625C00D6ED026AB5EE005A96ED047AD6ED085AE0
:10626C0027EE877A66EEA55A86ED057A37EE257A03
:10627C00C6ED065A37EE067AE7EE056A86ED077A22
:10628C00E6EE857AC6ED026AC6ED037AC3ED007AB6
:10629C008BE737EEC77AB4EEC76AF1EE10FAB7D5D2
:1062AC0077EEE57AF5EEC07AF1EE10FAD8BFDFEDB5
:1062BC00257AC5ED017AABE7F2EE047AD4F80090BA
:1062CC00B7EE000AA8EE270A1DF0DEFDF3EE007A09
:1062DC00B0EE409A69EE889A28EE270A1EF020F953
:1062EC00F0EE006AF8EE007AB5EE007AE8EE267A67
:1062FC0067EEA77A67EE807A67EE877AA7EE879AC1
:10630C00C9EE897A77EEA87AC9ED007A4DE728EEC6
:10631C000A0A1EF009FAF7EE007AB6EE007A236844
:10632C0037EEC00A20EE070A77EEC07A29EE009A03
:10633C00A8EEA79A83ED009A37E7BDEC088BBDE871
:10634C00F88300BF000000000AD7233CDB0F494054
:10635C002DE9F843B0F844352DED088B002B00F0F7
:10636C00E180013B00F55F77804600F55E749BB2DF
:10637C009FED6EBA00F20756054607EB8307DFED7B
:10638C006CAA9FED6CAA0FE0002B00F0B58023687F
:10639C0083ED008AD4F8F030043408F10C08203571
:1063AC00A742E36400F0BE8094ED146AF6EE006A36
:1063BC00D8EDA37AD8EDA25A36EE677A65EEA66AC6
:1063CC00B0EEC77AF4EEC76AF1EE10FA15DC98ED70
:1063DC00A47A77EE876AB4EEE66AF1EE10FA4DDD38
:1063EC0077EEA57AB7EE007AF4EEC77AF1EE10FAF2
:1063FC0058BFF0EE477AC8EDA37AD4ED3C8A94ED01
:10640C00509AC4ED287A77EEE87A79EE689A16F805
:10641C00013F012B87EEA98A38EE0B8A41D0032B62
:10642C00B2D1D5ED037A236836EE677AB0EEC77A2F
:10643C00B4EEEA7AF1EE10FA1DD4D5ED026AB5EE9F
:10644C00005A95ED047AD5ED085A27EE877A66EE58
:10645C00A55A85ED057A37EE257AC5ED065A37EE45
:10646C00067AE7EE056A85ED077AE6EE857AC5EDE4
:10647C00026AC5ED037AC3ED007A8BE737EEC77A73
:10648C00B4EEC76AF1EE10FAB7D577EEE57AF5EE11
:10649C00C07AF1EE10FAD8BFDFED247AC8EDA37AFA
:1064AC00ABE7F2EE047AD4F80090B7EE000AA8EE4F
:1064BC00270A1DF0E9FCF3EE007AB0EE409A69EE83
:1064CC00889A28EE270A1EF02BF8F0EE006AF8EEF8
:1064DC00007AB5EE007AE8EE267A67EEA77A67EED8
:1064EC00807A67EE877AA7EE879AC9EE897A77EE7B
:1064FC00A87AC9ED007A4DE728EE0A0A1EF014F9C5
:10650C00F7EE007AB6EE007A236837EEC00A20EE7A
:10651C00070A77EEC07A29EE009AA8EEA79A83EDC7
:10652C00009A37E7BDEC088BBDE8F883000000004B
:10653C000AD7233CDB0F49402DE9F041B0F8BC7F72
:10654C002DED088BC7B3013F00F60873F2EE04AAD9
:10655C00064600F6582400F607759FED39BA13FA73
:10656C0087F79FED38AA0AE0002B52D02368C3EDC1
:10657C00007AAF4204F1040406F120061CD0D4EDDD
:10658C00B48A94EDF09AD4ED787A79EE689A15F88D
:10659C00013F37EEE87A012B87EE298A38EE0B8A19
:1065AC000ED0032BE0D1F268AF42236806F120062F
:1065BC0004F104041A60E2D1BDEC088BBDE8F08153
:1065CC00B7EE000AD4F80080A8EE2A0A1DF05CFC95
:1065DC00F3EE007AB0EE409A69EE889A28EE270A1C
:1065EC001DF09EFFF0EE006AF8EE007AB5EE007A30
:1065FC00E8EE267A67EEA77A67EE807A67EE877AFE
:10660C00A7EE879AC9EE897A77EEA87AC8ED007A58
:10661C00AFE728EE0A0A1EF087F8F7EE007AB6EE1E
:10662C00007A236837EEC00A20EE070A77EEC07AAC
:10663C0029EE009AA8EEA79A83ED009A99E700BF7D
:10664C0000000000DB0F49402DE9F041B0F8447523
:10665C002DED088BC7B3013F00F5A163F2EE04AA40
:10666C00064600F55E7400F207559FED39BA13FA31
:10667C0087F79FED38AA0AE0002B52D02368C3EDB0
:10668C00007AAF4204F1040406F120061CD0D4EDCC
:10669C003C8A94ED509AD4ED287A79EE689A15F8E4
:1066AC00013F37EEE87A012B87EE298A38EE0B8A08
:1066BC000ED0032BE0D1F268AF42236806F120061E
:1066CC0004F104041A60E2D1BDEC088BBDE8F08142
:1066DC00B7EE000AD4F80080A8EE2A0A1DF0D4FB0D
:1066EC00F3EE007AB0EE409A69EE889A28EE270A0B
:1066FC001DF016FFF0EE006AF8EE007AB5EE007AA7
:10670C00E8EE267A67EEA77A67EE807A67EE877AEC
:10671C00A7EE879AC9EE897A77EEA87AC8ED007A47
:10672C00AFE728EE0A0A1DF0FFFFF7EE007AB6EE8F
:10673C00007A236837EEC00A20EE070A77EEC07A9B
:10674C0029EE009AA8EEA79A83ED009A99E700BF6C
:10675C0000000000DB0F49402DE9F04F83468068B4
:10676C00B54A8DB003681B68934240F0AB841BF0B4
:10677C003DFE1CF023F8B14C0025B1490122A36A5F
:10678C0005201D619964AF495A6299624FF430310A
:10679C00A082D9624FF00111986C186504F11800B1
:1067AC001D6299651A611FF007FF1FF0FDFE1FF0B7
:1067BC0007FF722240F2011304F1180084F8BD2087
:1067CC00A4F847311BF0F6F8002800F02A82A36ADF
:1067DC00002605229A491E61A4F8722101229964AF
:1067EC0098495A6299624FF4303184F87051D962E9
:1067FC004FF00111986C18651E62934899651A61E7
:10680C001FF0DAFE1FF0D0FE1FF0DAFE722240F20B
:10681C0001138D4884F8BD20A4F847311BF0CAF849
:10682C00002800F0C38130464FF40062002184F848
:10683C007801002685481EF08DFDA36A804A1E61F2
:10684C0080499A6401225A6299624FF43031D962BC
:10685C004FF00111986C18651E627B4899651A619E
:10686C001FF0AAFE1FF0A0FE1FF0AAFE782240F235
:10687C000113754884F8BD20A4F847311BF09AF831
:10688C000546002800F04E820BF5804585F83061F6
:10689C00A2680BF50053C5F8442193F81037362B3A
:1068AC000ED86B4A190102EB03135158D8684A6889
:1068BC0002434A6038219A685B68116015221A609D
:1068CC00644A9BF8BC326449362B84F8E839116071
:1068DC00624951600FD85E4918013827152501EB24
:1068EC0003130858DE68416821EA06014160996883
:1068FC005B680F601D605A485A4E416C436C456C86
:10690C00314003F0030305F0E005294300250B4358
:10691C0043F44673436400F58040A4F8EA59416C93
:10692C00436C3140466C03F0030384F8F45906F0D1
:10693C00E006A4F8F65931434B4E0B434B4943F454
:10694C00467343644FF4FA5349481381102340F6BD
:10695C00B732A4F8F0391CF03DFB9BF8BE32454928
:10696C00029384F8F839444B86F8D8511846434DB5
:10697C00996099624FF03F4140F8405F5D66364D3B
:10698C009963996103F148019D6603F5DE739BF8E9
:10699C00BD22C4F8543AD6F8D431362A45608B62FD
:1069AC00D6F8D0314B624FF0C803A4F8B43B0FD8E3
:1069BC00274B1101324F1524585803EB0213416831
:1069CC00DD6821EA0501416099685B680F601C6015
:1069DC0096F8DC814FF4FA734FF0000CDFF8A490BA
:1069EC0044464FF6FF7EDFF8A0A05FFA8CF086F8E5
:1069FC00D921A6F8DA31002C57D0A3464FEA9C03D4
:106A0C0000F003050AEB9C024FF0FF0806EB430372
:106A1C00B3F8F0111303490001EB0231B1EB023F63
:106A2C0034D91A880233D7B2BD4208BF4FEA1228B4
:106A3C009942F6D82AE000BF8D2F0000303D01208E
:106A4C003B372819B80B0505483D0120AC3E012009
:106A5C00381D0020F0440020000048420000F042A5
:106A6C0000400C4000FCFFFF284E0120F9040100FF
:106A7C00FC440020000080BF2C470120000043454F
:106A8C0038F0010008500120C00706000130BCF1AD
:106A9C000C0F09F8018BC7B242D00CF1010C14BBDE
:106AAC005C465FFA8CF0002CA7D1BC4DBC4A05F1BA
:106ABC007E081346002102F5805203E093421FFA30
:106ACC008BF105D21F8801F1010B02337745F5D10B
:106ADC0025F8021FA845ECD14FF001034FF0010B34
:106AEC0086F8DC318AE73B46AE4A013FDFF8D0C27C
:106AFC0017449A0803F003050CEB930006EB4202D3
:106B0C000103B2F8F021520002EB0032B2EB003F6D
:106B1C0001F22881FF24013307F8014F0D2BE8D136
:106B2C00A14BB6F8F61103EB4101994240F2A28059
:106B3C00FF241A880233D0B2022808BF140A9942E3
:106B4C00F7D1FF2C00F096800A230221029845F61B
:106B5C00BF5286F8713286F8700286F8723286F867
:106B6C00731286F8743286F8751286F8761286F8E7
:106B7C00773286F8783286F8793286F87A3286F867
:106B8C007B3286F87C32894989481CF023FA002232
:106B9C0096F8C53286F87D222BB9864A0123C6F8B1
:106BAC00882286F8C5320DB0BDE8F08FD4F8740198
:106BBC0008B11FF0E5FC10207F4F1FF0D9FC5223C9
:106BCC0000260546037020234760C360C4F8740197
:106BDC00067238461FF0F0FC2B7838465B0084F8C0
:106BEC00BD3001232B7240F20115A4F847511AF065
:106BFC00E1FE00287FF417AED4F874310B900593A6
:106C0C00062306908DF8260005A8ADF82450ADF8A3
:106C1C0022300FF0F9FFA0F1C200B0FA80F0400969
:106C2C0002E6D4F8580108B11FF0AAFC1020624FFC
:106C3C001FF09EFC39230646476003700023C4F8FE
:106C4C005801012503722023C36038461FF0B4FCA1
:106C5C00337835723846AB4084F8BD3040F20113BE
:106C6C00A4F847311AF0A6FE0646002800F0E68488
:106C7C000025ACE5002401254FF00308052721462B
:106C8C00204686F8E0410CF0BDF84146284686F8CF
:106C9C00E1810CF0B7F83946022086F8E2710CF06D
:106CAC00B1F84046294686F8E3510CF0ABF839466A
:106CBC00042086F8E4710CF0A5F83846294686F8CD
:106CCC00E5510CF09FF82946062086F8E6510CF0A9
:106CDC0099F80721084686F8E7110CF093F821463D
:106CEC00082086F8E8410CF08DF82146092086F83A
:106CFC00E9410CF087F821460A2086F8EA410CF0AD
:106D0C0081F821460B2086F8EB410CF07BF82146EC
:106D1C000C2086F8EC410CF075F821460E200CF096
:106D2C0071F811E7D4F8A809B4F98629002800F005
:106D3C00E185D31D48BF02F10E03B4F98429DB10A1
:106D4C0003FB02F200211EF005FBB4F98639B4F9FD
:106D5C008419202B40F3B981A3F14000B1F1520208
:106D6C004FF000084FF0010A00B248BFA1F15102E8
:106D7C0000284FEA6202B8BF013093B24010029370
:106D8C0000220E4B1FFA80FE0299904203EB080979
:106D9C00B4BF0023012303931DE000BF1650012054
:106DAC0000007C600850012000307C606103010011
:106DBC0004450020FC500120483D0120A022006029
:106DCC00C00706006D00EDB22E060CD40132013165
:106DDC00522A89B23DD0570713B2F3D109EBE30322
:106DEC001D7A2E06F2D50EB2002EEFDBB4F98839DF
:106DFC00B342EBDD039B002BE8D0B4F98A39834214
:106E0C00E4DD94F89639022B00F09F85032B00F0FB
:106E1C009185012B00F08385B4F984C9774603462C
:106E2C00002B02F1010201F10101B8BF0733522A14
:106E3C0089B24FEAE30313FB0C6307F00706D4F89F
:106E4C00A8790AFA06F617F803C046EA0C06FE54AF
:106E5C00C1D108F10B080EF10100B8F5307F00B27A
:106E6C008ED10223D4F8A45984F8AD39002D00F04A
:106E7C00BE813C23284684F8AC391FF09DFB94F965
:106E8C00B339002B80F20283D4F8D41900229F4826
:106E9C002B6981421A6100F29A869D4901229964FC
:106EAC005A624FF430329B499962DA62996C002233
:106EBC0019654FF001111A62012299651A61964801
:106ECC001AF00AFEB4F8861994480139C9B20FF0C9
:106EDC0099FB93481AF000FE94F9AD398F48012BB9
:106EEC000CBF102114210FF08DFB8E481AF0F4FD0D
:106EFC00D4F884398C4A8F21934284F8DC190CD055
:106F0C0002F50012934200F05786884A934200F033
:106F1C008786874A934200F01A8702257F48DA2138
:106F2C000FF070FB29467D480FF06CFB81217B48EC
:106F3C000FF068FB94F8DC1978480FF063FBD9214B
:106F4C0076480FF05FFB94F9AD397448012B0CBFF8
:106F5C002221F1210FF056FBD4F8A409002800F0EF
:106F6C002D8540F2011294F8AC39724E5B00A0F8FA
:106F7C002F21026880F8A5301368B34240F0E186F7
:106F8C00B0F830312BB1022380F82F31002380F878
:106F9C00A630DFF8ACA101254FF002090AF1060872
:106FAC002F4616E00135ADB203681AF8011C1B68B8
:106FBC00B34240F01881B0F8303133B190F82F3132
:106FCC00882B2CD94760D4F8A4090AF1010AC245D0
:106FDC0031D0882DE6D11AF0EDFC94F8AC39D4F808
:106FEC00A4095B00026880F8A53040F20113A0F8F8
:106FFC002F311368B34240F0DA84B0F83031002BF3
:10700C0000F01683002380F82F91022580F8A6301B
:10701C0013681AF8011CB34240F0E5802B460AF1C4
:10702C00010AC2180133C24580F82F31D4F8A409E3
:10703C0082F8A510CDD11AF0BDFCD4F8A439002BE0
:10704C0000F0E485D4F8D819002230481B6981423D
:10705C001A6100F2CC852E49012299645A624FF4D0
:10706C0030322C499962DA62986C01220021186541
:10707C00104619624FF0011199651A610BF58045A4
:10708C00D4F89C3985F83001002B00F0C285B4F996
:10709C0086290021284BD4F8A809C4F89C39D31DA3
:1070AC0048BF02F10E03B4F98429DB1003FB02F292
:1070BC001EF050F9012119480FF094FB1AF070FEE4
:1070CC00FFF7E6BB9847FFF756BBB1F173024FF0E1
:1070DC0000084FF0010A48BFA1F17202B3F120067B
:1070EC004FEA620248BFA3F11F0693B276100293D7
:1070FC000022124B1FFA86FE0299964203EB0809F6
:10710C00B4BF00230123039325E000BF7F1A0600C0
:10711C003B372819B80B050548270060AC46012001
:10712C004C27006050270060800020006000100099
:10713C0040002000C920010054270060A0220060FC
:10714C00A12200606D00EDB22B060DD4013201318D
:10715C00732A89B23ED0500713B2F3D109EBE30383
:10716C0093F8C8522B06F1D508B20028EEDBB4F91F
:10717C0088398342EADD039B002BE7D0B4F98A39C6
:10718C00B342E3DD94F89639022B00F00184032B13
:10719C0000F0F483012B00F0E783B4F984C977463F
:1071AC003346002B02F1010201F10101B8BF073394
:1071BC00732A89B24FEAE30313FB0C0307F00700B1
:1071CC00D4F8A8790AFA00F017F803C040EA0C00CA
:1071DC00F854C0D108F10F080EF10106B8F5F07F94
:1071EC0036B285D13DE69847D4F8A409EDE694F97A
:1071FC00B119B34ACBB2362B0FD818014FF0380C5B
:10720C0002EB031315271558DE6868683043686075
:10721C0098685B68C0F800C01F6094F9B259EBB273
:10722C00362B0ED8180102EB03131658D3E9027C47
:10723C0070685B6840EA0C0070603820386015207C
:10724C00186002EB01130901DB68C4F8CC39535800
:10725C002901C4F8BC3902EB05135158DB68C4F89A
:10726C00C019C4F8D039086803430B60D4F8A039AE
:10727C00002B00F0E98459684FF0B809DFF84CE2B4
:10728C00DFF854C28F4FD1E900502E6826EA000077
:10729C002860DEF8180000EA0C0C4CEA0707CEF860
:1072AC00187093F810E001EB0E0701EB8E0E387C92
:1072BC0002EB00108068C0F8009093F811C001EB4D
:1072CC000C060CF10A0C96F8240002EB00108068F6
:1072DC00C0F80090987C01EB000801EB800098F856
:1072EC0038A0029002EB0A1ADAF808A0CAF800904B
:1072FC004868D5F8009049EA0009C5F800903D7C33
:10730C00DEF814E002EB05156D68C5F800E096F8A0
:10731C00245051F82CC002EB05156D68C5F800C05F
:10732C0098F8385002EB05156D680298C06B286010
:10733C00886C98F844500560086A3D7F496B05607D
:10734C0096F8300008600221186801610F218165F0
:10735C00D97C00293AD072B6D87CC70708D54FF033
:10736C00E0255E69D5F8801131409962C5F880112D
:10737C00860708D54FF0E0259E69D5F88411314079
:10738C00D962C5F88411450708D54FF0E025DE69B0
:10739C00D5F8881131401963C5F88811010708D553
:1073AC004FF0E0251E6AD5F88C1131405963C5F8B1
:1073BC008C11C70608D54FF0E0205D6AD0F890110B
:1073CC0029409963C0F8901162B618683E4D9968CF
:1073DC00A94200F083843D499D6089693C4FC1F30B
:1073EC00011602EB8606C1F38262D6F870130132E5
:1073FC00B1FBF2F1B94240F26E84364AA2FB016253
:10740C00120DB1FBF2F1A94288BF0132B2F5817FB6
:10741C0080F05E84022A40F25E84023A5508290408
:10742C0041EA05210A43DA6000210161032141622E
:10743C0002640722026601220261DA7C12B3D607CB
:10744C0004D5986A4FF0E021C1F80001950704D5E6
:10745C00D86A4FF0E021C1F80401500704D5186B2D
:10746C004FF0E021C1F80801110704D5586B4FF01B
:10747C00E021C1F80C01D70604D59A6B4FF0E0233C
:10748C00C3F8102194F9B339002B4DDB362B25DCD6
:10749C0019010B4A152502EB03135258D868516891
:1074AC000143382051609968086058680560DB68B2
:1074BC005068184200F04184C2F884300EE000BFDE
:1074CC00381D00201000000800093D0000C00F40CE
:1074DC00FF083D0083DE1B43CFFFFFE301200BF0D1
:1074EC003FFF94F8B339362B0BD81901514A02EBF4
:1074FC0003135258D9685068084200F01984C2F836
:10750C0088100A200BF02CFF94F8B339362B0BD8CB
:10751C001901484A02EB03135258D96850680842C3
:10752C0000F00184C2F88410D4F8A459002D7FF423
:10753C00ABACD4F8A039002B71D0D97CD4F8E029AD
:10754C00D4F8E459002939D072B6D87CC60708D5CE
:10755C004FF0E0275E69D7F8801131409962C7F887
:10756C008011810708D54FF0E0279E69D7F8841168
:10757C003140D962C7F88411470708D54FF0E0278E
:10758C00DE69D7F8881131401963C7F888110607EE
:10759C0008D54FF0E0271E6AD7F88C11314059639B
:1075AC00C7F88C11C10608D54FF0E0205E6AD0F800
:1075BC00901131409963C0F8901162B6996891426C
:1075CC0000F0AF831C499A6089691A48C1F301160F
:1075DC00C1F3826100EB86000131D0F87063B6FB19
:1075EC00F1F0002A40F093838E420ED30146013114
:1075FC00B1F5817F80F08983022940F284830239BE
:10760C004808020442EA00220A43DA601B6800219F
:10761C001961032159621A6401221D661A61D4F89A
:10762C00C029D4F8D019136823EA0103136046E487
:10763C000225CAE4381D002000C00F40922300959B
:10764C002A46D4F858018DF8143005AB194619F0B8
:10765C0075FE9DF81470AB2F7FF40AABFC232A4601
:10766C0005A9D4F858018DF8143081238DF8103009
:10767C0004AB1BF0F3F994F8653105A9D4F8580163
:10768C0065F30103C3F3011284F8653103F00C03B5
:10769C0043EA82132A4643F001038DF814308F23FA
:1076AC008DF8103004AB1BF0D9F994F86D312A46E3
:1076BC0005A966F30003D4F858018DF810708027E3
:1076CC0084F86D3103F006038DF8143004AB1BF015
:1076DC00C5F994F861312A4605A966F38613D4F8E6
:1076EC0058018DF8107084F8613103F03F038DF868
:1076FC00143004AB1BF0B2F9B4F8600104AB2A46A9
:10770C00C0F34031C0F3803CC4F85C6149018DF892
:10771C00107041EA8C11C0F3002C41EA0C01C0F34B
:10772C00003C41EA0C11C0F3C02C41EACC0120F41E
:10773C009F6CC0F340202CF0070C41EA4001D4F8B8
:10774C005801A4F860C18DF8141005A91BF086F936
:10775C0094F861312A4605A966F34103D4F858011F
:10776C008DF8107084F8613103F07D038DF81430BE
:10777C0004AB1BF073F994F861312A4605A966F342
:10778C000413D4F858018DF8107084F8613103F0AB
:10779C006F038DF8143004AB1BF060F994F8613171
:1077AC002A4605A966F34513D4F858018DF81070D4
:1077BC0084F8613103F05F038DF8143004AB1BF0D7
:1077CC004DF9E72332463146D4F858018DF8143080
:1077DC0005AB1BF043F994F861312A4605A966F311
:1077EC000003D4F858018DF8107084F8613103F05F
:1077FC007E038DF8143004AB1BF030F90A200BF02B
:10780C00AFFD94F861312A4605A943F00103D4F881
:10781C0058018DF8107084F8613103F07E0343F049
:10782C0001038DF8143004AB1BF018F90A200BF08F
:10783C0097FD94F86C312A4605A966F30103D4F838
:10784C0058018DF8146084F86C31AA238DF810302F
:10785C0004AB1BF003F994F869312A4605A965F3CA
:10786C008713D4F8580184F8693103F03F0343F0CF
:10787C0040038DF81430A2238DF8103004AB1BF0AC
:10788C00EDF894F86A31022205A9D4F8580162F394
:10789C0046132A4684F86A3103F01F0343F0400371
:1078AC008DF81430A3238DF8103004AB1BF0D6F8F0
:1078BC0032232A4605A98DF81430A023D4F8580198
:1078CC008DF8103004AB1BF0C9F8C92204AB05A924
:1078DC0084F86B218DF81420A622D4F858018DF869
:1078EC0010202A46C4F85C6184F860611BF0B6F87D
:1078FC00FEF76DBFD31D48BF02F10E03B4F9842906
:10790C00DB1003FB02F2104602921EF031FE029ACB
:10791C00C4F8A80900287FF415AAFFF7AFBBB4F987
:10792C0084C933460F460CF1FF36A6EB0E0636B271
:10793C00FFF776BAB4F886390646B4F984C9013B28
:10794C005B1A9FB21BB2FFF76BBAB4F984C9B4F8D7
:10795C0086390CF1FF36013B761AA3EB0E0336B2D7
:10796C009FB21BB2FFF75CBAB4F984C903460F4649
:10797C000CF1FF30A0EB0E0000B212E4B4F8863923
:10798C003046B4F984C9013B5B1A9FB21BB208E4C0
:10799C00B4F984C9B4F886390CF1FF30013B401AB4
:1079AC00A3EB0E0300B29FB21BB2FFF7FABB002190
:1079BC0002259847D4F8A409FFF7F6BAD4F8BC29E5
:1079CC00D4F8CC0913689C4D23EA0003D4F8A01911
:1079DC0005F1060C1360D4F8B429D4F8B83915F8AD
:1079EC00010B00293DD00F687866F86D10F4F81F74
:1079FC00FBD0786F6545F2D1D4F8C029D4F8D00902
:107A0C00136803431360002900F0D380CB7C002B58
:107A1C0000F0CF80DE0704D5886A4FF0E022C2F870
:107A2C0000019D0704D5C86A4FF0E022C2F804019A
:107A3C00580704D5086B4FF0E022C2F808011A076A
:107A4C0004D5486B4FF0E022C2F80C01DB0640F184
:107A5C00B0808A6B4FF0E0230120C3F81021FFF7B0
:107A6C000DBB176810F0800FD4F8C4690CBFB74376
:107A7C00374310F0400F17601F68D4F8C86947EA05
:107A8C0006071F601F68D4F8C86927EA06071F603D
:107A9C001768D4F8C4690CBFB743374310F0200FF4
:107AAC0017601F68D4F8C86947EA06071F601F688B
:107ABC00D4F8C86927EA06071F601768D4F8C469A8
:107ACC000CBFB743374310F0100F17601F68D4F882
:107ADC00C86947EA06071F601F68D4F8C86927EA17
:107AEC0006071F601768D4F8C4690CBFB743374347
:107AFC0010F0080F1760D4F8C8691F6847EA06072A
:107B0C001F601F68D4F8C86927EA06071F6017684A
:107B1C00D4F8C4690CBFB743374310F0040F176097
:107B2C001F68D4F8C86947EA06071F601F68D4F8B5
:107B3C00C86927EA06071F601768D4F8C4690CBF28
:107B4C00B743374310F0020F17601F68D4F8C869A9
:107B5C0047EA06071F601F68D4F8C86927EA0607BA
:107B6C001F601768D4F8C4690CBFB743374310F0D3
:107B7C00010F17601F68D4F8C86947EA06071F6031
:107B8C001F68D4F8C86927EA06071F601068D4F884
:107B9C00C47914BF3843B84310601868D4F8C87956
:107BAC00384318601868D4F8C87920EA07001860C0
:107BBC0020E70120FFF762BA94F9AD391225012BA9
:107BCC000CBF9F23CF2384F8DC39FFF7A7B91B48E0
:107BDC00814200F28F801A499964A1F121615A62A5
:107BEC00A1F60C41174A9962DA62FFF75FB91348A4
:107BFC00814276D812499964A1F121615A62A1F6A9
:107C0C000C41104A9962DA62FFF72EBAD4F8A01927
:107C1C00F2E6B4F88E390633A4F88E39FFF737BA8A
:107C2C0094F9AD390225012B0CBF1023AF2384F836
:107C3C00DC39FFF773B900BFA02200603F420F0090
:107C4C001C1A120C007F050094F9AF19CBB2362B1D
:107C5C000DD8180102EB031310585D68D3E90267C5
:107C6C0043683B4343603823336015232B6094F9FE
:107C7C00B059EBB2362B0ED8180102EB0313165881
:107C8C00D3E9027C70685B6840EA0C0070603820B5
:107C9C0038601520186002EB01130901DB68C4F889
:107CAC00C43953582901C4F8B43902EB051352589E
:107CBC00D968C4F8B829C4F8C819136823EA0103B1
:107CCC00136094F9B339002BFFF6A9ACFFF7DEBBB8
:107CDC002C4AFFF7A8BB0022FFF7A5BBDA68FFF719
:107CEC00A3BB294999645A622849294A9962DA62E4
:107CFC00FFF7BAB9244999645A622449244A996213
:107D0C00DA62FFF7D3B800227FE41E4A7DE490428A
:107D1C00F9D3B0FBF2F1B0FBF1F090427FF668AC16
:107D2C0065E4DA6872E49B681A4A1A60FFF7FCBBD8
:107D3C009B68194A1A60FFF7E4BB164B0B60FFF700
:107D4C00CDBB00219847D4F8A409FFF722B994F9C8
:107D5C00AD391225012B0CBF1023CF2384F8DC394D
:107D6C00FFF7DCB8ADB2FF240846B1F800E00231F1
:107D7C000078A84208BF4FEA1E249142F4D3FEF7C4
:107D8C00CABE00BFFF7F7F000A090704600901011A
:107D9C00007F050038F0010038300100D1ED0C6A8D
:107DAC0092ED000AF5EE406AD2ED017A92ED027A7C
:107DBC00F1EE10FA30B52DED028B91B00C46054664
:107DCC008DED020ACDED037A8DED047A40F0BA8088
:107DDC00D4ED075AD4ED086A30EE650A94ED0B8A9F
:107DEC0094ED0E6A77EEE67ADFED6A6AA6EE080A83
:107DFC0094F8343077EEA67A37EE267ACDED037A06
:107E0C008DED047A8DED020A5BB167EEA77AE0EE98
:107E1C00007AF4EE667AF1EE10FA00F1B680B1EE6B
:107E2C00E70AF0EE480A1CF049FBF1EE087AB0EED6
:107E3C00C00A9FED587A20EE270AC0EE087A77EE3A
:107E4C00877ABBFE677ABCEEC77A8DED017A9DF816
:107E5C000430042B13D800215A1C2980D2B2A970EB
:107E6C0094F8351099B103EB4303284623449A88C0
:107E7C009B792A80AB7011B0BDEC028B30BD002118
:107E8C0000222980A97094F835100029EBD1591CD7
:107E9C0007EE103A02EB4202DFED3E3A05EE101A05
:107EAC00B8EE477A224403EB4303B8EEC55A284692
:107EBC0077EEC77A1C441379F7EE005A35EE475A21
:107ECC0006EE903A537987EE856A07EE103A93796D
:107EDC00227907EE903A637904EE102A04EE903A78
:107EEC00A379F8EEE66AB8EEC77A05EE103AF8EE2A
:107EFC00E77AB8EEC44AF8EEE44AB8EEC55A36EE64
:107F0C00236A75EEC65A66EE866A27EE067A67EE27
:107F1C00867AE4EE256AA5EEA47AE5EE857AFCEE87
:107F2C00E66ABCEEC77AFCEEE77A16EE901A17EE0C
:107F3C00102A17EE903A29706A70AB7011B0BDEC34
:107F4C00028B30BD144A002309A905A809930A9392
:107F5C00B2F8D832CDED0B6AADF83030D2F8DC3255
:107F6C000D93D2F8E0320E93D2F8E4320F9317F05F
:107F7C00A7FC02AA05A909A807F08EFC9DED090A29
:107F8C00DDED0A7A9DED0B7A22E7B0EE670A1BF065
:107F9C00ABFF46E700000000284E0120F8B5244B4B
:107FAC0042F2901442F2903500F5005203F1200198
:107FBC000646044405440360C2F8901154F8040FBB
:107FCC0008B11EF0DDFAAC42F8D141F6105441F67E
:107FDC00107506F58057174B34443544C7F8103DDF
:107FEC0054F8040F08B11EF0CBFAAC42F8D141F6AC
:107FFC00940441F69425104B34443544C7F8943816
:10800C0054F8040F08B11EF0BBFAAC42F8D1D6F804
:10801C00240A08B11EF0B4FAD6F8280A08B11EF0EA
:10802C00AFFA306908B11EF0ABFA3046F8BD00BFAC
:10803C00C0200020F4200020082100202DE9F04F62
:10804C0000F54055D34E0446B368EA6FB5F880107E
:10805C009A1A2DED0C8B8A4295B0F0EE408A07955A
:10806C00C0F09783CC4D079AD36795F87D32002BDF
:10807C0000F09A83C94BF3EE096ADFEDC97A93EDF0
:10808C00007ADFEDC85AE7EE276AC74B9FEDC77A37
:10809C00D3ED019A76EEE97AF0EEE77AF4EEC77A50
:1080AC00F1EE10FA1FD493ED006AF5EE007A93ED21
:1080BC00027A93ED065A29EE877A26EE055A83ED5D
:1080CC00037A37EE057A83ED045A37EE267AF0EE12
:1080DC00466A83ED057AE7EE276AE6EEA79AC3EDCA
:1080EC00006AC3ED019AB24B9FEDB07A93ED019A01
:1080FC0075EEC97AF0EEE77AF4EEC77AF1EE10FA83
:10810C001DD4D3ED006AF5EE007A93ED027A93ED6F
:10811C00066A29EE077A26EE866A83ED037A37EE35
:10812C00067A83ED046A37EE257AE7EE276A83ED4B
:10813C00057AA6EEA79AC3ED006A83ED019A9FED2E
:10814C009D8AB0EE680A9C4885EDBD9A08F040FF08
:10815C0028EE888A994FDFF8809297ED070A38EE5F
:10816C00088A28EE000A1CF0DBF9F0EE40AA97ED25
:10817C00080A28EE000A1CF0D3F9B0EE40AA97EDDD
:10818C00090A28EE000A1CF0CBF9B1EE006A9FED4B
:10819C008C7AF0EE085AF0EE697A95EDBE5AAAEE9A
:1081AC00067A884B60EE066AD5F80813DAEE867A02
:1081BC0095EDBF6AC5F80033C9F82C30D5F810839B
:1081CC00A9EE257A804BC9ED0D6A77EE857AC5F854
:1081DC000433C9F830300391C5ED747A37EE067A62
:1081EC00C9ED097A85ED757A89ED0A7AB8F1000F37
:1081FC0000F0F98208F101001EF0BAF907460028D8
:10820C0000F0F18203991DF025F95FFA88F09C28A3
:10821C0041F2A98238461EF0B3F9D5F820330B2B66
:10822C0040F2EA82D5F81C730C22684BC5F8242363
:10823C0007CB1B7838607960BA603B7395F87D3258
:10824C00002B41F08D8295F8E1110DA80EF016FF70
:10825C000F9A0D995E481AF063FE0D981EF090F976
:10826C0095F87D32002B41F0788295F8E2110DA83B
:10827C000EF004FF0F9A0D9955481AF051FE0D9807
:10828C001EF07EF995F87D32002B41F05E8295F858
:10829C00E331002B01F0BB820C224E494C481AF002
:1082AC003FFE95F8E4110DA80EF0E8FE0F9A0D991B
:1082BC0047481AF035FE0D981EF062F995F87D329C
:1082CC00002B41F0358295F8E531002B01F0A682A8
:1082DC000C2240493E481AF023FE95F8E631002B5B
:1082EC0001F082820C223B4939481AF019FE95F8AC
:1082FC00E7110DA80EF0C2FE0F9A0D9934481AF032
:10830C000FFE0D981EF03CF995F87D32002B41F0D4
:10831C00548295F8E8110DA80EF0B0FE0F9A0D9945
:10832C002B481AF0FDFD0D981EF02AF995F87D32B8
:10833C00002B41F03F8295F8E9110DA80EF09EFE3E
:10834C000F9A0D9922481AF0EBFD0D981EF018F9B2
:10835C0095F87D32002B41F02A8295F8EA110DA890
:10836C000EF08CFE0F9A0D9919481AF0D9FD0D9844
:10837C001EF006F995F87D32002B41F0248295F819
:10838C00EB110DA80EF07AFE0F9A0D9910481AF009
:10839C00C7FD23E0303D0120284E01206C47012011
:1083AC00C54E6C3F0000C8422C4701200AD7233C25
:1083BC004C470120DB0F4940E8480120F0440020E5
:1083CC00000020420000C8420000484298400020B3
:1083DC0044510120A8400020744701200D981EF044
:1083EC00CFF895F87D32002B41F0EA8195F8EC112D
:1083FC000DA80EF043FE0D990F9AD1481AF090FD7E
:10840C000D981EF0BDF8D5F81C13D5F824830391F4
:10841C00B8F1000F01F0DA8108F101001EF0A8F8A4
:10842C000746002801F0D28103991DF013F85FFA7A
:10843C0088F09C2841F2598138461EF0A1F895F835
:10844C007D320693002B41F04D8195F8E03195F883
:10845C002C239A4201F0428196ED027A9FEDB96A83
:10846C00B8EE477ADFEDC07A85F82C33C7EE066A92
:10847C0077EEE67AC5EDB47A96ED027ADFEDB16A65
:10848C00B8EE477A95EDAF8AD5EDB00A87EE260A9D
:10849C0070EEC80A30EE270A1CF010F838EE000A0D
:1084AC0095F8C43285EDB30A23B195F8C622002A9B
:1084BC0041F0D180069B002B41F0978095F8EB3171
:1084CC00013BDBB2032B01F254849F4A02EB830382
:1084DC00D3F8DC33B7EE007AD5EDB57AF4EEC77A83
:1084EC00F1EE10FA40F39F8183ED017A95F8EC31AF
:1084FC0004F5005203EB830392F810E7039203EBAD
:10850C008303BEF1360FDBB282F8113701F25E80C5
:10851C008E4911F82E2001EB8E0C012A00F08C8173
:10852C00022A34D19CF80120C2F30110032801F077
:10853C003687874901EB803102F00307384601EB9F
:10854C004717B7F8068040013A8A1FFA88F8C8F135
:10855C00011818FA82F202F1FF3808FB03F3B8EBAA
:10856C00132F4FEA132941F2E086A2EB0903C3F162
:10857C0001039BB201441FFA89F9FB80A1F810900A
:10858C00714B9CF8032003EB0E135B681A6042F2EC
:10859C00F060204408F01AFC04F51C5084EDAD0A80
:1085AC0008F014FC069B84EDAE0A002B41F04A80C7
:1085BC0095F8E531002B00F0798196F87031B768A9
:1085CC00002B01F0C08695F82D33002B01F0EE86C0
:1085DC000CAB0DEE103A9C2301228DF834300DAB10
:1085EC0000921946D6F8580118F0A8FE9DF83430C0
:1085FC00A5F82E33B368DB1B642B01F29C86B5F80F
:10860C002E33B26808EE103AD5F83033B5F834137F
:10861C00D31A8B4281F07E8695EDCE0AB38AB8EEE2
:10862C00C88A07EE903AF8EEE77A77EE807AB4EEE5
:10863C00E78AF1EE10FA41F32086012344F2440854
:10864C0084F8A83295F87D32A0440693002B00F0F4
:10865C00338104F5804B3F4BB268CBF82431DBF807
:10866C002831BBF82C11D31A8B4280F03D81C4F811
:10867C001880039A41F264031344374A1A600123A9
:10868C00069396F8F439002B40F0AA82B268D6F81B
:10869C00EC39B6F8F019D31A8B42C0F0A182C6F8A7
:1086AC00EC29DFED2E7AB1EE007A04F5805768EEF6
:1086BC00A77A07F6940327EE877A83ED867A069BD2
:1086CC00002B40F0708795F8E631002B13BF012288
:1086DC00002201230023F0EE005AD4EDAD6AF2EE35
:1086EC00043A9FED1F7AB3EE096A87F8B92C76EE3F
:1086FC00A56A87F8BA3CF6EE004A07F55163B2EE6C
:10870C00004A07F61472A6EEA37AA6EEA56A37EE17
:10871C00A75A67EE847A27EE247A83ED876A82ED76
:10872C00007A82ED017AC3ED867A83ED855A039B3C
:10873C00C3EDEA7A069B002B40F01C8716E000BFC5
:10874C004451012000007A44381D002024210020CF
:10875C0000C01D401051012000007A440000B443B9
:10876C00000048420000C8420000000095F8E831C3
:10877C00013B0A2B00F22F83DFE813F0D50CAA0C77
:10878C00790C4E0C230CF80BCD0BA20B770B4C0B6E
:10879C00FA0201200AF0E4FDB368EA6FB5F8801024
:1087AC009A1A8A42F5D35DE495F8F032F2EE0A4A51
:1087BC00B7EE007A1FED156A002B03F101035FED94
:1087CC00165AF3EE096A07EE903A914B46FE255A7B
:1087DC00F8EEE77A93ED006A87EEA45A77EE457AC5
:1087EC00E7EE866A51E4002738461DF0C9FED5F83D
:1087FC0020330B2B3FF616AD0D21D5F81C031DF0C5
:10880C00C7FE0746002800F0F6870C23C5F81C03AA
:10881C00C5F82033D5F82433002B7FF405AD037055
:10882C00D5F81C7300E5F5EEC07A0022F1EE10FAD3
:10883C0041F1B8855A6059E69CF80110C1F301105A
:10884C00032841F0A785734A01F0030101209CF82D
:10885C0002A0884001EB410102EB411180B2CF89AB
:10886C004FEA0018B2F88891BFB21FFA89F907FBDA
:10887C0003331FFA88F81B0A49EA0809BB42A2F81D
:10888C00889128BF3B46BAF1010F01F07785BAF108
:10889C00020F01F06885BAF1000F01F05985B2F8AA
:1088AC0088319BB21843A2F8880169E644F2440867
:1088BC000CABA0440DEE103A95F8EB31013BDBB25A
:1088CC00032B01F2D784544A02EB8303D3F8DC3335
:1088DC0004F5804BB268CBF82431DBF82831BBF8B7
:1088EC002C11D31A8B422CD39BF83031CBF8282186
:1088FC0023B39BF83131002B41F04084DBF8442149
:10890C00B36802F6C411994201F2458441F28833EE
:10891C001344B268934201F2288701238BF831315A
:10892C00B76819F03DFAB368DB1BFA2B01F22B8404
:10893C004FF40062002139481CF00CFD95F87D3293
:10894C0006930698C4F8188000287FF492AE344A37
:10895C0095F8E43102FB03F3324A053B82FB031228
:10896C00DB17C3EBA203039A03F57A7307EE903A75
:10897C0041F26403F8EEE77A1344C3ED007A95F8FC
:10898C00E331002B3FF47DAE274BBBF8409093EDC9
:10899C000A7AB9F1000F17D043F6C6720346224487
:1089AC0003E0013399B289450ED932F8021F6B29C5
:1089BC00F7D1F6EE007A03F2D223079A67EE277A04
:1089CC0002EB8303C3ED217ADFED187AB4EEE77A7C
:1089DC00F1EE10FA7FF755AE039B42F65C6C124930
:1089EC00B7EE006A03F6AC52A44409890027D2ED15
:1089FC00005AE64608EE101A95EDEE5A93F8D81D7B
:108A0C0036EE656AB8EE488ADFED096A094B9AE0E2
:108A1C006C47012000803E40381D0020AC3E0120F8
:108A2C004AFCFFFF67666666F0440020CDCC4C3DE7
:108A3C0000000000DC5101207B2800F32287D3EDDD
:108A4C00007AD3ED011A37EEA61A13ED012AD3EDF5
:108A5C00022A13ED023A77EE817AD3ED033A13ED45
:108A6C00034AD3ED044A77EEA17A13ED047A77EE3C
:108A7C00827A77EEA27A77EE837A77EEA37A77EE24
:108A8C00847A77EEA47A77EE877A092940F28F8080
:108A9C001069D2ED034AD060506992ED024A106120
:108AAC00906934EE267A82ED014A5061D06937EE36
:108ABC00247AC2ED024A9061106AD061506A106249
:108ACC00906AC2ED0A7A5062D2ED034A032937EE5E
:108ADC00247A27D0D2ED044A042937EE247A21D007
:108AEC00D2ED054A052937EE247A1BD0D2ED064A81
:108AFC00062937EE247A15D0D2ED074A072937EE2E
:108B0C00247A0FD0D2ED084A082937EE247A09D0FE
:108B1C00D2ED094A092937EE247A03D0D2ED0A4A5C
:108B2C0037EE247A04EE901A01370433B8EEE44A97
:108B3C00802FC7EE044A24EE867AA7EEA57A0EEDB6
:108B4C00017A00F0D686042F38B2EEEC016A3FF6BB
:108B5C0073AF93ED007A77EE267A002F00F08386C0
:108B6C00781E77EE877A93ED017A002877EE877A74
:108B7C0003DD13ED017A77EE877AB81E93ED027A56
:108B8C00002877EE877A03DD13ED027A77EE877A89
:108B9C0093ED037A042F77EE877A01D177EE857AFD
:108BAC0093ED047A092977EE877A3FF671AF481C6A
:108BBC0002EB81080399C0B281F8D80D0128C8EDE9
:108BCC00017A92ED017A37EE267A00F08A86D2EDA0
:108BDC00024A022837EE247A00F08386014673E7B6
:108BEC00714F0022012107F1040CB8463846134698
:108BFC001FE008EBC30E5CF8049CDEF800A04CF8F8
:108C0C0004ACCEF80090DEF804904368C0F80490F1
:108C1C00CEF80430CB0111F0020F02F1010201F188
:108C2C000101DBB200F108000CF1080C18BF43F095
:108C3C00400312F0040F18BF43F0200312F0080F8A
:108C4C0018BF43F0100312F0100F18BF43F00803C5
:108C5C0012F0200F18BF43F0040312F0400F18BF9E
:108C6C0043F002035FEAD21E18BF43F001039A429D
:108C7C00BFDBB1F5807FCDD1BFEE008A9FED4B4AB3
:108C8C009FED4BAA4FF0010BDFED4A9A04940123A0
:108C9C00B1EE444AF7EE004ABE4603FA0BFC082339
:108CAC00B0EE4A5A4FF000084FEA6C0903FA0BF485
:108CBC004FEAC90A0AEB0E030EF104017246404654
:108CCC0093ED016A6044D3ED005A25EE467A51EDDE
:108CDC00016A65EE857AFF28A4EEA57AE4EE867A21
:108CEC0076EEC76AC3ED006AD2ED016A76EEE76AEA
:108CFC00C3ED016A234451ED016A36EE877A01ED2A
:108D0C00017A214492ED017A77EE277AC2ED017A4D
:108D1C002244D5DD08F1010865EE447A25EE085AA7
:108D2C000EF1080EC145E4EE887AA4EE845A02D006
:108D3C00F0EE674ABEE70BF1010BBBF1090F00F037
:108D4C004C82012303FA0BF35B1007EE903AF8EE1A
:108D5C00E77A89EEA79AB0EE490A1BF0E5FCB0EE73
:108D6C00408AB0EE490A1BF0DBFBB0EE404A8EE7BE
:108D7C00002104F6F82C97F8E4010B4602E0CBB284
:108D8C00984228D303F5CB72013104EB8202D2F85E
:108D9C003C2B9445F3D1B7F884009AB2D8B141F288
:108DAC005A01002321440CE0DC5301202EBDBBB33F
:108DBC0000000000DB0F494001331FFA83FC6045C3
:108DCC0009D931F802CF9445F6D104EB8303D14A8B
:108DDC0003F608731A6095F8E9314FF0FF094FF06C
:108DEC0000080DAA03EBC3031DEE101A0BA8ADF877
:108DFC0030909B008DF8328007EE903AF8EEE77ACF
:108E0C00CDED0D7A07F026F895F8EA31ADF83090F3
:108E1C0003EBC3038DF832809B0007EE903AF8EE1B
:108E2C00E77A039B0DAA1DEE101A0AA803F5B26986
:108E3C00CDED0D7A07F00EF89DF82A309DF82C2018
:108E4C0084F8093B84F8153B0023D6ED027A62F3D3
:108E5C0007039DF82D20F8EE677A9FEDAF7A62F349
:108E6C000F239DF82E2062F317439DF8282087EEE0
:108E7C00870A62F31F63C4F804330B9BA4F8043B0A
:108E8C001B0C84F8063B84F8123BBDF82830A4F880
:108E9C00073BBDF82930A4F80833B4F8043B99ED2E
:108EAC00198AD9ED1A0AD9ED1E7AA4F8103B70EE86
:108EBC00C80AB4F8073B30EE270AA4F8133BB4F801
:108ECC000433A4F8103394F8063384F81233B4F84E
:108EDC000733A4F8133394F8093384F815331BF0D3
:108EEC00EDFA38EE000A039B89ED1D0A93F8FC6538
:108EFC0026B193F8FE35002B40F0298143F2840013
:108F0C0004F6F4162044FDF72DF904F5357007F03E
:108F1C005DFF04F53970B0EE408A07F057FF04F599
:108F2C003D70B0EE409A07F051FFDFED7C6ADFED4B
:108F3C007C7A04F5317096ED007AF0EE679A9FED2D
:108F4C00796AB0EE67AAE9EE267AE0EE269AA8EEE8
:108F5C0026AAB0EE678A77EE067AC6ED007A07F09D
:108F6C0035FF84EDD1AA84EDCB0A04F6FC1084ED18
:108F7C00D28AC4EDD39A336804F64C26C4F8603315
:108F8C0007F024FFF7EE006ADFED677A04F5226341
:108F9C0004F52361002036EEE87ADFF8A8C104F569
:108FAC00286227EE277AD6ED157A83ED090A77EE3B
:108FBC00E67A83ED0A7A04F664230860C1F804C0EB
:108FCC005A49C6ED157A1963506004F53460C2ED48
:108FDC00007A574ADA62FDF7BBF997F8E41181B1D0
:108FEC0097F84001012304EB83025E1C984202F5C2
:108FFC008052F3B203D9D2F84461C2F8F0609942BE
:10900C00F1D241F2EC102044FDF7A2F997F8901838
:10901C0091B197F8EC07012204EB8203561C8242B3
:10902C0003F58053F2B205D203F5FE6603F29C738E
:10903C0036681E608A42EFD9069B002B40F0C38233
:10904C0095F8E73104EE903AF8EEE44AD5EDBD6AB6
:10905C00B3EE046A9FED377AB6EE004AD4EDAB7AE4
:10906C00F1EE003AC6EE872A9FED333ADFED336A14
:10907C0007F61C77D4EDAD5A94EDAE5A94EDAC7A5C
:10908C0087EE862A079BE7EEC47AB7EE006A65EE98
:10909C00A35A25EE235ADFED2A3AE2EE836AA7EEB5
:1090AC00045AE2EE247A36EEC66A87ED015AB0EE27
:1090BC00C66AE7EE845AB4EEE36AF1EE10FAC7ED35
:1090CC00005AD3ED1A5AA7EE657A40F16F82039BD2
:1090DC00F6EE006A03F23C6103F2346203F22C6395
:1090EC00C1ED007A81ED017AD2ED005A92ED016A60
:1090FC0077EEA57A37EE067A67EEA67A27EE267A11
:10910C00C3ED007A83ED017A15B0BDEC0C8BBDE894
:10911C00F08F00BFCDCC4C3F00007A440AD7A33B64
:10912C004260E53B0AD7233B0000B4430000B44245
:10913C000000C0420000C8429A99193FCDCCCC3EE9
:10914C006F12833A00009642000000001E46731E08
:10915C00DBB203F1010809EBC802D2ED017AF4EE9F
:10916C00C07AF1EE10FAF1D836B230EE670A039BF2
:10917C0004EBC6065FED0C6A93F8903506F50056C5
:10918C00012B06F29C5292ED007A77EE677A80EE14
:10919C00277A37EE267A00F01C86022B40F0F285F7
:1091AC00039B03F5B26303EBC803D3ED027A039977
:1091BC0001F5B263C3ED1C7A91F8FD35002B3FF439
:1091CC009DAED1F89425012BC2ED007A3FF496AEFA
:1091DC00D1F89835C3ED007A90E6049C07F5006948
:1091EC00DFF8848397ED010AD7ED007A20EE000AB0
:1091FC00A7EEA70AB5EE400AF1EE10FA01F1A3832F
:10920C00F1EEC07A08374F45E8EC017AEAD1CC4B45
:10921C00F7EE009A9FEDD69A4FF00009D3ED007A45
:10922C00D3ED01AAB0EE49AAC64BB1EE67BAC64A55
:10923C007AEEE7AA05930123A2F1BC01DFEDC3BAD4
:10924C00DFF8288302F5806A1F460492089109947E
:10925C00DFEDC77A5FFA89FBBD4901221FFA89F459
:10926C001FFA87FC93B201329C4205D89C4503D36C
:10927C0091ED007A77EE877A802A01F10401F1D121
:10928C00A7EB0902013207EE102AB8EEC70A87EEE7
:10929C00800A1AF0F9FD98F8504018ED01CAA8F1AF
:1092AC000402132CB3EE047AF0EE4B7A79EECCCAAE
:1092BC00E0EE077A87EEAA8A38EE0A8AB0EEC88A00
:1092CC0000F28B8002EB84020134E4B288F8504047
:1092DC0082ED018ADFEDA67A414600220132B1EC23
:1092EC00017AD3B277EE877AA342F7D307EE104A0E
:1092FC00F8EEC76A87EEA67A67EE2C7AE8EE0C7A5F
:10930C0078EE677A77EEA77AF4EEE97AF1EE10FA56
:10931C005BDDF7EE007A059B0BEBCB02C8ED157A03
:10932C00E3EC017A05930BEB420303EBC303C3F3AA
:10933C00850242EA8313DBB2152B57D9049B09F142
:10934C000109013708F15C080433B9F17F0F04936C
:10935C007FF47EAFF2EE047A9FED7E7A099C69EE83
:10936C00277A67EEA77AF4EEC77AF1EE10FA40F39B
:10937C00E480F1EE046AB7EE007A67EEA67AF4EEBA
:10938C00477AF1EE10FA77FE277A6D4B4FF40062B4
:10939C00002171481F46C3ED0A7A1BF0DBFF6F4BAF
:1093AC003A8907F10C006E49B3FBF2F303EB43036C
:1093BC00DA000023013A86F8F439A6F8EA39A6F85F
:1093CC00F63919F007FEFFF76CB9F5EEC07AF1EE3D
:1093DC0010FAA0D5F0EE4A7A9DE74C2208F1040170
:1093EC0040461DF049F888ED138A73E7049B9AED0B
:1093FC003A7AD3ED007A089B27EEAB8A9AED005AA5
:10940C0093F8E83479EEC56A38EE477A092BB0EE5A
:10941C00C77A74D9DAF810209AED036ACAF80C20CE
:10942C00DAF81420DAED025ACAF81020DAF818200B
:10943C0075EE8A7ACAED015ACAF81420DAF81C20A3
:10944C0077EE867A8AED026ACAF81820DAF82020BC
:10945C00CAF81C20DAF82420CAF82020DAF82820D0
:10946C008AED0A7ACAF824209AED036A032B77EE68
:10947C00867A27D09AED046A042B77EE867A21D06F
:10948C009AED056A052B77EE867A1BD09AED066A63
:10949C00062B77EE867A15D09AED076A072B77EEB6
:1094AC00867A0FD09AED086A082B77EE867A09D067
:1094BC009AED096A092B77EE867A03D09AED0A6A3F
:1094CC0077EE867A06EE103A2648B8EEC66A87EE34
:1094DC00869A29EE269AA7EE059AB0EE490A06F06E
:1094EC0067F939EE409A8AED3A8AB4EEE99AF1EED0
:1094FC0010FA1ADDB7EE009A8AED3B9A1EE75A1C59
:10950C000AEB830383ED017AD3B2DAED017A089A80
:10951C00012B77EE8A7A82F8E834D3D09AED026A7E
:10952C00022B77EE867A9FD1CCE7B5EEC09AF1EE9E
:10953C0010FAE1D5B0EE4A9ADEE7DFED0D7A24E7BA
:10954C00F0440020DC510120DC5F01200000803958
:10955C00E05B0120CDCC4C3EDC53012040420F009F
:10956C00F90401000C640120DC5B01205065012032
:10957C00000000001FED028A4FF0FF094FF00008B9
:10958C000DAA1DEE101A0BA88DED0D8AADF83090BA
:10959C008DF8328006F05EFCF0EE487AADF8309033
:1095AC008DF832803DE40022FFF795B8B0EEE66A04
:1095BC00B4EEE36AF1EE10FA00F1DE8367EEA67A00
:1095CC0027EE267A83E55FED164A3FE542F2F0601E
:1095DC00204407F0FBFB04F51C5084EDAD0A07F0AA
:1095EC00F5FB84EDAE0AFEF7E3BFB7EE007AD5EDDE
:1095FC00B57AF4EEC77AF1EE10FA00F33181F5EE9C
:10960C00C07A0023F1EE10FA40F1A783C5F8EC32D2
:10961C0004F500531A460393002392F810E782F8DE
:10962C001137BEF1360F7EF673AF42F2F060204474
:10963C0007F0CCFB04F51C5084EDAD0A07F0C6FB1B
:10964C0084EDAE0A44F244080CAACA4BA0440DEEB9
:10965C00102AFFF73DB95A1ED2B202F1010805EBF0
:10966C00C801D1EDA17AB4EEE70AF1EE10FA0DDAE9
:10967C001346013AD2B202F1010805EBC801D1ED53
:10968C00A17AF4EEC07AF1EE10FAF1D8013330EE93
:10969C00670ADFEDB96A05EBC30795F8843297EDDD
:1096AC00A17A012B77EE677A80EE277A37EE267A4D
:1096BC0000F0BB80022B40F08C8005EBC803D3ED8F
:1096CC00A27A95F8C532C5EDB27A002B3EF4F2AE13
:1096DC00D5F88832C3ED007AFEF7ECBED5EDB47A3E
:1096EC00FEF7CABE0023FEF7B2BE00283EF4A4AEBD
:1096FC000022A2491346944698450ED917F803E068
:10970C000133834201F801EFF6D1002A3EF494AE06
:10971C00002385F81833FEF78FBE0133012201F8C0
:10972C0001CF8342E8D1002385F81833FEF784BEBD
:10973C000C229349934819F0F3FB91490C22914860
:10974C0019F0EEFB0021FEF7D4BD8D490C228D489B
:10975C0019F0E6FB0021FEF7A6BD0021FEF787BD40
:10976C000021FEF772BD00283EF454AD002109F132
:10977C0037030A468C4690450ED917F802E00132A1
:10978C00824203F801EFF6D100293EF443AD0023E9
:10979C0085F81833FEF73EBD0132012103F801CFE5
:1097AC008242E8D1002385F81833FEF733BD00213F
:1097BC00FEF7D5BD0021FEF7C0BD0021FEF7ABBD05
:1097CC000021FEF715BE0021FEF7DBBD0027FEF7DA
:1097DC0033BE05EBC803D7EDA26AD3EDA27A76EEC1
:1097EC00E76AE7EE267A6CE70C226549654819F0C2
:1097FC0097FBFEF77CBDD5F81C0318B11CF0C0FE1E
:10980C00C5F81C730023C5E9C833FEF717BD0C223D
:10981C005B495C4819F084FBFEF743BD0C225849A8
:10982C00584819F07DFBFEF758BD9FED570A27EEFF
:10983C00000A1AF079FFB7EE007AF6EE007A97ED8F
:10984C00A26A05EBC80337EE400AD3EDA26A60EEBC
:10985C00277A37EE677A67EE867AE6EE877A30E714
:10986C0085EDBB7AD4E693ED014AD3ED024A77EE4F
:10987C00847A93ED037A77EEA47A77EE877AFFF702
:10988C008FB993ED007A7F2F53ED014A77EE267A4C
:10989C0077EE877A77EEA47A26D0D3ED014AB81CFE
:1098AC0013ED027A77EEA47A7F2877EE877A03D8C5
:1098BC0093ED027A77EE877AF81C13ED037A7F2802
:1098CC0077EE877A03D893ED037A77EE877A381D93
:1098DC0013ED047A7F2877EE877A7FF661A9FFF77C
:1098EC00D4B80146FFF71EB913ED027A77EE877AEA
:1098FC00E2E742F2147ADFED207A42F2AC7342F6E0
:10990C00AC32A24442F6AC11B0EE677A23440AF5AD
:10991C00E960224421440AF5D96A0490A3EC017A47
:10992C0083ED7F7AA2EC017AD2EDAB6AF4EEE76AB2
:10993C00F1EE10FA58BFF0EE667A9942EED1039B25
:10994C0003F5F46393ED01AAB4EEE7AAF1EE10FA75
:10995C0000F157855046802200211BF0FBFC0021B2
:10996C0042F6DB5A0F46A2440A460B460846884686
:10997C0019E000BF105101200000000047480120F1
:10998C00B840002044510120DB0F49400000003C4E
:10999C00002474495FFA8EF008F101085FFA88F828
:1099AC00B8F1800F18D01AF801CF00F1010EBCF1FC
:1099BC00000FEFD18342A8EB000E80F0D18108F1AB
:1099CC0001081A46394603465FFA88F860465FFA82
:1099DC008EF7B8F1800FE6D1072B40F2E981072A08
:1099EC0040F2E681B94240F2E581C3F347033B44C0
:1099FC0007EE903AC2F347030B44B8EEE77A07EE52
:109A0C00903AF8EEE77AF6EE006A1FED206A0399B9
:109A1C00002327EE067A68EE266AD1F8947767EE73
:109A2C00867A01F2147201F5F160D1F8848727EE81
:109A3C00267A02F5156C67EEA67A049702F648179B
:109A4C00D1F8982701F58351069290E8010C87ED27
:109A5C00007AC1ED007AC8F8003003600498CAF8A7
:109A6C000030CBF80030036003981360D0F89C27CB
:109A7C001360D7ED009ADCED007A91ED008AF4EEDC
:109A8C00E79A0592F1EE10FA05DCF4EEC87AF1EEE5
:109A9C0010FA40F1DF80039BD3F84C3793ED010AA9
:109AAC00D3ED007A38EE400A79EEE77A20EE000A20
:109ABC00A7EEA70AB5EE400AF1EE10FA00F1768790
:109ACC00B1EEC09A5FED4E7A039BD3F85037B4EEEB
:109ADC00E79A93ED010AF1EE10FA38EE400A58BFFE
:109AEC00B0EE679AD3ED007A20EE000A79EEE77AB1
:109AFC00A7EEA70AB5EE400AF1EE10FA00F1508776
:109B0C00F1EEC07AF4EEC97AF1EE10FA00F1438767
:109B1C000027039BD3F8543793ED010AD3ED007A59
:109B2C0038EE400A79EEE77A20EE000AA7EEA70A93
:109B3C00B5EE400AF1EE10FA00F12787F1EEC07A8B
:109B4C00F4EEC97AF1EE10FA02D5B0EE679A02275C
:109B5C00039BD3F8583793ED010AD3ED007A38EE16
:109B6C00400A79EEE77A20EE000AA7EEA70AB5EED6
:109B7C00400AF1EE10FA00F10287F1EEC07AF4EE31
:109B8C00C97AF1EE10FA02D5B0EE679A0327039B5F
:109B9C00D3F85C3793ED010AD3ED007A38EE400A26
:109BAC0079EEE77A20EE000AA7EEA70AB5EE400A96
:109BBC00F1EE10FA00F1DD86F1EEC07AF4EEC97A1E
:109BCC00F1EE10FA02D5B0EE679A0427039BD3F896
:109BDC00603793ED010AD3ED007A38EE400A79EE46
:109BEC00E77A20EE000AA7EEA70AB5EE400AF1EEDE
:109BFC0010FA00F1B286F1EEC07AF4EEC97AF1EE09
:109C0C0010FA02D5B0EE679A0527039BD3F8643798
:109C1C00D3ED017A93ED007A78EE677A39EEC77A54
:109C2C0067EEA77AE7EE077AF5EE407AF1EE10FAD6
:109C3C0000F19986B1EEE70A039B4FF07E52B4EE29
:109C4C00490AF1EE10FA48BF062703EB8707D7F84D
:109C5C0084371A60B9F1000F00F0A58043F6C67383
:109C6C0000222344194603E0013290B281450CD9FD
:109C7C0031F8020F6428F7D102F2D2220798D8F8F3
:109C8C00001000EB8202C2F884101946002203E097
:109C9C00013290B281450CD931F8020F6928F7D105
:109CAC0002F2D22206990798096800EB8202C2F8E8
:109CBC0084101946002203E0013290B281450CD980
:109CCC0031F8020F6628F7D102F2D2220798DAF89F
:109CDC00001000EB8202C2F884101946002203E047
:109CEC00013290B281450CD931F8020F6728F7D1B7
:109CFC0002F2D2220798DBF8001000EB8202C2F8C5
:109D0C0084101946002203E0013290B281450CD92F
:109D1C0031F8020F6828F7D102F2D2220499079881
:109D2C00096800EB8202C2F88410002203E00132C1
:109D3C0091B2894537D933F8021F6A29F7D102F25B
:109D4C00D2230799059A01EB83031268C3F8842088
:109D5C0095F87D320693FEF794BCC5EDBB7A57E4BB
:109D6C009042A8EB000E84BF02465FFA8EF160466B
:109D7C0012E6CE4BFEF7AEBB9FEDCD7AF0EE477AF6
:109D8C00FFF7A5B9039B06F5B46603F5B263D6EDF0
:109D9C00006A03EBC803D3ED027A76EEE76AE7EECE
:109DAC00267AFFF704BA95F87D320693FEF769BC64
:109DBC001A463946C2F34702C3F347030A443B44ED
:109DCC0007EE902AB8EEE77A07EE903AF8EEE77ACB
:109DDC0019E69FEDB80A06F5B46627EE000A1AF0EC
:109DEC00A3FCB7EE007AF6EE007A039BD6ED006A80
:109DFC0037EE400A03F5B26303EBC80360EE277A33
:109E0C0037EE677A67EEA67AD3ED026AE6EE877ACA
:109E1C00FFF7CDB9002104F64C2C97F8E4010B4662
:109E2C0003E0CBB283423EF6D6AF03F5CB720131E1
:109E3C0004EB8202D2F83C2B9445F2D1B7F88400A3
:109E4C009AB200283EF4C7AF41F25A0100232144D4
:109E5C0005E001331FFA83FC8445BEF4BCAF31F836
:109E6C0002CF9445F5D1FEF7B0BF002104F5307C4C
:109E7C0097F8E4010B4603E0CBB29842FEF4ABAF8B
:109E8C0003F5CB72013104EB8202D2F83C2B9445E2
:109E9C00F2D1B7F884009AB200283EF49CAF41F29C
:109EAC005A010023214405E001331FFA83FC60456D
:109EBC007EF691AF31F802CF9445F5D1FEF785BF10
:109ECC00002104F6F81C97F8E4010B4603E0CBB232
:109EDC009842FEF480AF03F5CB72013104EB8202A1
:109EEC00D2F83C2B9445F2D1B7F884009AB20028F2
:109EFC003EF471AF41F25A010023214405E00133D5
:109F0C001FFA83FC60457EF666AF31F802CF9445AC
:109F1C00F5D1FEF75ABF002104F6D42C97F8E401D2
:109F2C000B4603E0CBB29842FEF455AF03F5CB726F
:109F3C00013104EB8202D2F83C2B9445F2D1B7F8F4
:109F4C0084009AB200283EF446AF41F25A01002335
:109F5C00214405E001331FFA83FC60457EF63BAFDC
:109F6C0031F802CF9445F5D1FEF72FBF002104F64E
:109F7C00A42C97F8E4010B4603E0CBB29842FEF414
:109F8C002AAF03F5CB72013104EB8202D2F83C2BE1
:109F9C009445F2D1B7F884009AB200283EF41BAF76
:109FAC0041F25A010023214405E001331FFA83FCDE
:109FBC0060457EF610AF31F802CF9445F5D1FEF72F
:109FCC0004BF002104F6EC2C97F8E4010B4603E0E7
:109FDC00CBB29842FEF4FFAE03F5CB72013104EB29
:109FEC008202D2F83C2B9445F2D1B7F884009AB295
:109FFC0000283EF4F0AE41F25A010023214405E062
:10A00C0001331FFA83FC60457EF6E5AE31F802CFD2
:10A01C009445F5D1FEF7D9BE002104F6C82C97F86B
:10A02C00E4010B4603E0CBB29842FEF4D4AE03F548
:10A03C00CB72013104EB8202D2F83C2B9445F2D165
:10A04C00B7F884009AB200283EF4C5AE41F25A012A
:10A05C000023214405E001331FFA83FC60457EF6A2
:10A06C00BAAE31F802CF9445F5D1FEF7AEBE002161
:10A07C0004F6BC2C97F8E4010B4603E0CBB2834208
:10A08C003EF6A9AE03F5CB72013104EB8202D2F895
:10A09C003C2B9445F2D1B7F884009AB200283EF4D8
:10A0AC009AAE41F25A01002321440BE010510120D9
:10A0BC0000000000DB0F494001331FFA83FC6045B0
:10A0CC007EF689AE31F802CF9445F5D1FEF77DBE10
:10A0DC00002104F52B6C97F8E4010B4603E0CBB29E
:10A0EC009842FEF478AE03F5CB72013104EB820298
:10A0FC00D2F83C2B9445F2D1B7F884009AB20028E0
:10A10C003EF469AE41F25A010023214405E00133CB
:10A11C001FFA83FC60457EF65EAE31F802CF9445A3
:10A12C00F5D1FEF752BE002104F52E6C97F8E40130
:10A13C000B4603E0CBB29842FEF44DAE03F5CB7266
:10A14C00013104EB8202D2F83C2B9445F2D1B7F8E2
:10A15C0084009AB200283EF43EAE41F25A0100232C
:10A16C00214405E001331FFA83FC60457EF633AED3
:10A17C0031F802CF9445F5D1FEF727BE404604F0E6
:10A18C00ABFEFEF7CDBB0A2009F0EAF8B4481CF090
:10A19C0013FAFEF7CDBBB6F986294FF00009002162
:10A1AC00D6F8A809D31DCA4648BF02F10E03B6F96A
:10A1BC008429DB1003FB02F21BF0CCF80894A94BAA
:10A1CC001FFA89FC0FFA89F4002003EB091305939D
:10A1DC0009F00703069309E04FEA4A0A5FFA8AFA84
:10A1EC001AF0800F11D1013080283BD083B207B216
:10A1FC00049310F007033A46EED1059901EBE70EF4
:10A20C009EF8C8A41AF0800FEDD0B6F988E9BE45C7
:10A21C00E9DDB6F98A79A742E5DD96F89679022F41
:10A22C0000F09482032F00F08582012FB6F9847917
:10A23C0000F07B820146069B2246002A00F10100B9
:10A24C00B8BF073280284FEAE20212FB07124FF028
:10A25C00010101FA03F7D6F8A8198B5C43EA07034E
:10A26C008B54C3D109F10109B9F1400FA7D1089C56
:10A27C00FEF756BB7C4BFEF72BBB96F87831D6F825
:10A28C0008B0FBB195F87033002B00F0C0810223AD
:10A29C0001221DEE101A00930823D6F874018DF8D4
:10A2AC0030300DAB17F04AF8002800F0AE81BDF845
:10A2BC0034304FF6FF72934200F0A781C3F30A03C8
:10A2CC00A5F87233B368A3EB0B03642B00F2C080C8
:10A2DC00B5F87233B26808EE103AD5F87433B5F8A5
:10A2EC007813D31A8B4280F0828095EDDF0AB6F892
:10A2FC007231B8EEC88A07EE903AF8EEE77A77EE4C
:10A30C00807AB4EEE78AF1EE10FACCBF0123002379
:10A31C00FEF794B9B8EE480A5448C5F8302305F056
:10A32C0053F985EDCE0AFEF779B9A2F102094FF681
:10A33C00FF73FEF71FB90A2009F012F848481CF009
:10A34C003BF9FEF75CB90CAB0DEE103AFEF752B9C7
:10A35C00FB1A9BB24B81B2F880319BB20343A2F83B
:10A36C008031FEF79CBA9BB2CB83B2F880319BB2A2
:10A37C0048EA0308A2F88081FEF791BA9BB2CB821F
:10A38C00B2F880319BB243EA00239BB2A2F8803131
:10A39C00FEF785BA364A02EB8032FEF755BA3549DC
:10A3AC00FEF7CAB8C3ED017AFEF7A0B896F8613192
:10A3BC0080220CA9D6F8580143F004038DF8302004
:10A3CC000DEE101AC3F3000286F8613103F07A0324
:10A3DC001343012243F004038DF834300B460DA9CE
:10A3EC0018F03CFB012385F82D33FEF7F4B8B8EEDA
:10A3FC00480A2148C5F8742305F0E6F885EDDF0A14
:10A40C0075E7039BDFED1D7A93F8A077C7B37A1E2F
:10A41C0042F66063D2B2234403EB82036246B2EC91
:10A42C00017A934277EE877AF9D107EE107AF8EE3B
:10A43C00476A9FED127AC7EEA69AFCEC017A634547
:10A44C0077EEE97AA7EEA77AF7D187EE260A1BE01A
:10A45C000A2008F085FF02481CF0AEF838E700BF70
:10A46C00483D0120381D002010510120645101206D
:10A47C0000C03D4000801E40A8510120000000009B
:10A48C00C7EEA79AB0EE690AB5EE400AF1EE10FAE3
:10A49C0000F1A380B1EEC09A04EB8703C7F1800BE7
:10A4AC003AB203F50053BB4503F6A81103F6A833E3
:10A4BC00C1ED009A83ED009A7FF651AAC7F1010312
:10A4CC0042F66060F0EE497A4946DBB25FED15AAC0
:10A4DC0000EB0409059304EB8202049B2AEE277A15
:10A4EC0003EB870302F50058D3ED007A08F6A813A6
:10A4FC0093ED006A77EEC66AF0EEE66AF4EEC76A90
:10A50C00F1EE10FA45DDF4EEC67AF1EE10FA02DD4A
:10A51C0001230AF80730039BB7EE007A03F5F463C6
:10A52C00D3ED026A08F5F56337EE667A93ED006AAF
:10A53C0027EE067AA7EEA67AF0EE477A08F2AC730D
:10A54C00C3ED007A059BF818C0B237B300F697320A
:10A55C007B1E1FED367A50FA83F304EB820209EB73
:10A56C0083031046F0EC017A834237EE277AF9D157
:10A57C0007EE907AF8EE676A5FED407A87EE266A0E
:10A58C00B2EC017A934237EE467AE7EE077AF7D1CE
:10A59C0007E000230AF80730D0E7F0EE6A6A5FEDB7
:10A5AC00497A87EEA60AB5EE400AF1EE10FA19D4F4
:10A5BC00013708F6AC1308F6AC38FFB2C3ED009ABD
:10A5CC0088ED009ABB451DD9039B3AB203EB870378
:10A5DC0003F6A433D3ED017A7DE719F085FCB0EED8
:10A5EC00409A59E70137069119F07EFC08F6AC1336
:10A5FC00FFB208F6AC38C3ED009ABB45069988ED5E
:10A60C00009AE1D88946FFF7AAB9002358E61393BC
:10A61C000DA80E93ADF842308DF84630D6F8743153
:10A62C000D9340F20113ADF844300CF0EDFA9DF8A7
:10A63C004470042F4CD840F001031393DFB19DF804
:10A64C004620002A00F0158107F15002012F4FEA35
:10A65C0013216A4402F80A3C0DD0022F02F80B1C9D
:10A66C004FEA134107D0042F4FEA136302F80C1C76
:10A67C0001D18DF84730BDF84220DDF834A0D3B2BB
:10A68C00ADF83020120ABAF1000F00F00A819DF8E3
:10A69C004590DAF80C3007EB09029A4218D89AF870
:10A6AC000030DAF804205B0082F8A53040F2011388
:10A6BC00A2F82F31B9F1000F28D0DAF80480BE4A85
:10A6CC00D8F800305B68934228D1B8F830311BB908
:10A6DC00012385F87033DAE598F82F31C3F189023C
:10A6EC00914540F2F4800121C8F8041008F1A5004E
:10A6FC001DEE101A049218441AF02AFF98F82F3104
:10A70C00049A134488F82F319145E1D13A465046CA
:10A71C0001230DF147010CF023FBD9E74A464046D3
:10A72C001DEE101A98470246EEE7791EA1EB0C01BC
:10A73C0009B282E5B6F886394946049A013BB6F966
:10A74C0084799B1A1AB203F0070376E5B6F984797B
:10A75C00B6F886397A1E0499013B511AA3EB0C0307
:10A76C0009B21AB203F0070367E5B6F986294FF070
:10A77C0000090021D6F8A809D31DCA4648BF02F12A
:10A78C000E03B6F98429DB1003FB02F21AF0E2FD8A
:10A79C0008948A4B1FFA89FC0FFA89F4002003EB0A
:10A7AC000913059309F00703069309E04FEA4A0AD7
:10A7BC005FFA8AFA1AF0800F11D10130802832D05A
:10A7CC0083B207B2049310F007033A46EED1059911
:10A7DC0001EBE70E9EF8C8A81AF0800FEDD0B6F981
:10A7EC0088E9BE45E9DDB6F98A79A742E5DD96F838
:10A7FC009679022F2ED0032F20D0012FB6F9847911
:10A80C0017D00146069B2246002AB8BF0732D21049
:10A81C0012FB0712012101FA03F7D6F8A8198B5C79
:10A82C003B438B54C9E709F10109B9F1400FB0D191
:10A83C001DE5791EA1EB0C0109B2E5E7B6F88639E6
:10A84C004946049A013BB6F984799B1A1AB203F073
:10A85C000703D9E7B6F98479B6F886397A1E0499D4
:10A86C00013B511AA3EB0C0309B21AB203F0070314
:10A87C00CAE7012F4FEA13228DF847303FF4FBAEA5
:10A88C00022F8DF848204FEA13423FF4F4AE042F08
:10A89C004FEA13638DF849207FF4EDAE8DF84A3002
:10A8AC00E9E60E9870B39DF84010032918D081B9D1
:10A8BC0003F07F038DF830309DF845303A460DF1AA
:10A8CC00470100931DEE103A18F010FA00E74A46C3
:10A8DC000CE702292ED163F07F038DF83030EBE7C3
:10A8EC008DF8313022F001030DF147013A468DF815
:10A8FC0030309DF84530013300931DEE103A18F0BE
:10A90C00F5F9E5E60F9B002B3FF4E2AE197C9DF8C0
:10A91C00452000293FF4DCAED3F80C80B8F1000FD1
:10A92C003FF4D6AE00971DEE101A58690DF147038F
:10A93C00C047CDE60129BFD103F07F0343F04003AC
:10A94C008DF83030B8E7083719F0CEFAA8EC010AC8
:10A95C004F457EF447ACFEF75ABC19F0C5FAF0EE41
:10A96C00407AFFF74AB9B0EE670A19F0BDFAFFF763
:10A97C0063B919F0B9FAF0EE407AFFF71FB919F084
:10A98C00B3FAF0EE407AFFF7FAB819F0ADFAF0EE40
:10A99C00407AFFF7D5B8B0EE679A0127FFF7B9B840
:10A9AC0019F0A2FAF0EE407AFFF7ACB819F09CFA65
:10A9BC00B0EE409AFFF786B87D310100381D0020BB
:10A9CC004EF218534EF2B8620021034402442DE9B2
:10A9DC00F04F2DED048BB0EE408A8BB0074643F858
:10A9EC00101B9342FBD1914A92F87D32002B40F020
:10A9FC00178392F8E13107F5004192F8E00103EB7F
:10AA0C00830391F8A44103EB83030533DBB281F894
:10AA1C00A231002C40F0208292F8E23103EB830348
:10AA2C0003EB8303053381F8A33197F8A832002B8D
:10AA3C0000F02582062840F0078307F580547C4AF5
:10AA4C0041F6105541F6145604F58053B7EE003A12
:10AA5C00DFED783A3D449FED784A3E4493F839E176
:10AA6C0002F5007CC4F8342FBEF1000F40F01E82BA
:10AA7C001368C6F82432043204369445F4D107F531
:10AA8C00804307F54052B3F8400092F878E058B391
:10AA9C0043F6C671002339440E4605E001331FFA14
:10AAAC0083FC844580F08F8536F802CFF445F5D1D0
:10AABC0003F2D2234FF07E5602EB8303C3F884607B
:10AACC0092F87AC0002303E001339EB286420BD287
:10AADC0031F8026F6645F7D103F2D2234FF07E5165
:10AAEC0002EB8303C3F884100020D2F870E094F8D2
:10AAFC00E411024602E0C2B2914221D302F5CB73BB
:10AB0C00013007EB8303D3F83C3B9D42F3D1B4F8FF
:10AB1C0084C092B2BCF1000F12D041F25A00002353
:10AB2C00384403E001339EB2664509D230F8026F17
:10AB3C009642F7D107EB830303F60873C3F800E0E2
:10AB4C00002094F89068024602E0C2B2B2421CD8CF
:10AB5C0004EB82030130D3F840389D42F5D1B4F8B0
:10AB6C00306792B28EB141F206700023384403E094
:10AB7C0001339DB2B54208D230F8025F9542F7D14D
:10AB8C00F23304EB8303C3F8ECE13B682B4A1B69FB
:10AB9C00934240F03185002007F64C25024602F521
:10ABAC00CB73013007EB8303D3F83C3B9D4200F0A1
:10ABBC000E85C2B29142F2D207F5005AB0EE480AA5
:10ABCC003846FDF73BFA07F560434FF07E520025FF
:10ABDC0003F5D16103F5D36307F53046A8460A6047
:10ABEC001A6013E0D6F8E00F03689B689847D6F814
:10ABFC00DC3F44191A681846D368984728440C352A
:10AC0C0001684268836821606260A360D6F8E00F37
:10AC1C000368DB689847804508F10108E2DB4EF2D7
:10AC2C000C554EF2AC683D44B8440CE0284E012063
:10AC3C00DC510120CDCCCC3D00000000F90000001F
:10AC4C001035A8454BD0D5ED037AF5EEC07AF1EE70
:10AC5C0010FAF5DD2B68D6F8E09F002BF0DD002410
:10AC6C00D9F8003048469B6898476A68D9F8003094
:10AC7C00834652F8242048469B6802EB42020BEBB9
:10AC8C00820B984795ED036A04EB4401D5E9012347
:10AC9C0052F8242003EB81030134296802EB4202B1
:10ACAC00D3ED004A93ED015A8C4200EB8200D3EDB8
:10ACBC00025AD0ED006A90ED017AD0ED027AE4EE02
:10ACCC00866AA6EE057AE6EE257ACBED006A8BED68
:10ACDC00017ACBED027AC3DB1035A845B3D10AF269
:10ACEC000C63CE4A4BF67C7904209A634FF0814278
:10ACFC00B9440025DA631BF03BFC0446C0F8009015
:10AD0C0042F20C602146A846384414F081FE2046DD
:10AD1C001BF036FC012342F2F0608AF854364BF6F5
:10AD2C008C7A384406F052F807F51C50B0EE408A85
:10AD3C0006F04CF806F69C730022BA4483ED008AA8
:10AD4C0083ED010A9A6076E0D6F8E00F03689B6801
:10AD5C00984706F6C471284406F6A873D1ED006A2C
:10AD6C004A4691ED017AD1ED027A5146D0ED015A65
:10AD7C0090ED026A90ED005A75EEC75A36EE676A8E
:10AD8C00D3ED003A35EE665A93ED014AD3ED024A03
:10AD9C0006A8A5EE847AE5EE236AE6EE247AF0EEB8
:10ADAC00478AB0EE669AB0EE678A05F029FF94EDFB
:10ADBC00017A6A46D4ED027A06A9D4ED006A38EE1F
:10ADCC00C77A78EE677A03A879EE666A8DED017A18
:10ADDC00CDED027ACDED006A04F05EFDD4ED006A93
:10ADEC0006F69C7394ED017AD4ED027A9DED039AEC
:10ADFC00DDED048A9DED058A39EE269AD6F8E00F32
:10AE0C0078EE878A38EE278AD3ED006A93ED017AC3
:10AE1C00D3ED027A39EE269A026878EE878A38EEFC
:10AE2C00278A9368984728440C3580ED009AC0ED2A
:10AE3C00018A80ED028AD6F8E00F06F57D6403687E
:10AE4C00DB689847804508F10108FFF67DAF0BB031
:10AE5C00BDEC048BBDE8F08F81F8A03192F8E231A3
:10AE6C0003EB830303EB83030533DBB281F8A331DC
:10AE7C0081F8A13197F8A832002B7FF4DBAD0728BD
:10AE8C0000F2C08301A353F820F000BFA97E00009C
:10AE9C0021870000E38600009F8600006188000087
:10AEAC00AD8700002B7D000009840000336892ED13
:10AEBC00006A93F82C10D3ED005A092933EE655A29
:10AECC0040F28A8093ED037A5869D3ED024AF0EE92
:10AEDC00476A83ED027A93ED047A74EE847A1861F2
:10AEEC00986977EEA67AC3ED014A5861D86983ED6B
:10AEFC00037A9861186AD861586A1862986A83ED67
:10AF0C000A6A5862032977EE877A27D093ED047A80
:10AF1C00042977EE877A21D093ED057A052977EE0F
:10AF2C00877A1BD093ED067A062977EE877A15D0AF
:10AF3C0093ED077A072977EE877A0FD093ED087A8D
:10AF4C00082977EE877A09D093ED097A092977EEEB
:10AF5C00877A03D093ED0A7A77EE877A07EE101A88
:10AF6C00D3ED116AF8EEC74A87EEA47A27EE057A7C
:10AF7C00A6EE257A77EE667AC7EEA36AF5EEC06A7E
:10AF8C00F1EE10FA01D5F0EE446AD3ED0F5A93EDC1
:10AF9C000E6AE5EEE36AD3ED0D7A26EE866AC3ED12
:10AFAC000C6AE6EE237AF5EEC07AC3ED0D7AF1EE7B
:10AFBC0010FA29D4F4EEC37AF1EE10FA05DDF7EEAF
:10AFCC00007A83ED0C4A83ED0D3A77EE277A83ED08
:10AFDC00117AC6ED897A4EE5481C03EB8101C0B2AB
:10AFEC0083F82C00012881ED016AD3ED017A77EE0C
:10AFFC00847A10D093ED027A022877EE877A0AD001
:10B00C00014693ED037A7DE7F0EE447A83ED0C4A2A
:10B01C0083ED0D4AD9E70146A0E700BF0000F0C060
:10B02C0007F50043052293F8A41183F8A221002907
:10B03C006BD040F2055183F8A321A3F8A01197F827
:10B04C00A832002B3FF4B8AD07F58043B3F84000AD
:10B05C0040B343F6C67200233A44114603E0013371
:10B06C009CB2A0420CD931F8024F022CF7D107EB5D
:10B07C00830343F6483119444FF07E53C1F88430B2
:10B08C00002303E0013399B281420BD232F8021F44
:10B09C001929F7D107EB830343F6483200211A44F0
:10B0AC00C2F8841007F58054002107F6F81094F8C4
:10B0BC00E4510A4603E0CAB2AA423FF67DAD02F55E
:10B0CC00CB73013107EB8303D3F83C3B9842F2D1AD
:10B0DC00B4F8844092B2002C3FF46EAD41F25A01A8
:10B0EC000023394404E0013398B2A042BFF464ADAC
:10B0FC0031F8020F9042F6D107EB8303C84A07F5EB
:10B10C00005A03F608731A6058E583F8A32197F8E0
:10B11C00A832002B98D14FE507F5005AC14C42F2EA
:10B12C0090159AF8BC333D445B0805F53A7004EB76
:10B13C00830393ED300A04F1BC03CAF8B43304F072
:10B14C0037FB0AF2845383ED000A9AF8BC339AF861
:10B15C0074645B08272E04EB8304D4F8C08000F2DF
:10B16C001D82721C0AEB8603D1B201298AF8741471
:10B17C00C3F8C483DAEDF18A10D042F2C8343C44EF
:10B18C0023460122F3EC017A0132F4EE687AD0B254
:10B19C00F1EE10FA77FEA88A8842F3D3DAF8C043AE
:10B1AC0007EB840606F5005606F58C63D3ED007AA2
:10B1BC00F4EE687AF1EE10FA17D042F2644314F010
:10B1CC00FF083B4408D042F2684118464FEA880217
:10B1DC0039441BF051F9034603EB880306F58C66E2
:10B1EC00002243F8042CC6ED008A002CDFED8E7A89
:10B1FC000DDD00231A46283201330AEB8202DBB242
:10B20C0092EDF17A9C421A4677EE877AF3DC07EEE0
:10B21C00104A0AF5B163B6EE006A07F54052B8EE73
:10B22C00C77AC7EE876AC3ED006A0AF28453D3ED7E
:10B23C00007A07F5804376EEE76AB3F84000E6EE55
:10B24C00867ACAEDEE7A92F878C050B343F6C6719E
:10B25C00002339440C4604E001339EB2B04240F264
:10B26C00AF8134F8026F6645F6D103F2D2234FF06A
:10B27C007E5402EB8303C3F8844092F87B60002376
:10B28C0003E001339CB2A0420BD931F8024FB44217
:10B29C00F7D103F2D2234FF07E5102EB8303C3F8B4
:10B2AC00841007F580540020D2F874E094F8E4116F
:10B2BC00024602E0C2B2914221D302F5CB730130B7
:10B2CC0007EB8303D3F83C3B9D42F3D1B4F884C025
:10B2DC0092B2BCF1000F12D041F25A000023384454
:10B2EC0003E001339EB2B44509D930F8026F96429F
:10B2FC00F7D107EB830303F60873C3F800E00020D3
:10B30C0094F89068024602E0C2B2B2421CD804EB38
:10B31C0082030130D3F840389D42F5D1B4F8306740
:10B32C0092B28EB141F206700023384403E001332F
:10B33C009DB2B54208D230F8025F9542F7D1F23394
:10B34C0004EB8303C3F8ECE13B68384A5B69934236
:10B35C0040F0EB81002007F64C25024603E0C2B218
:10B36C008A423FF62BAC02F5CB73013007EB83031B
:10B37C00D3F83C3B9D42F2D1B4F8840092B2002841
:10B38C003FF41CAC41F25A010023394404E0013370
:10B39C009CB28442BFF412AC31F8024F9442F6D105
:10B3AC0007EB83031E4A03F608731A6006E407F5DD
:10B3BC008043B3F8400000283FF4FEAB43F6C6725E
:10B3CC0000233A4404E0013399B28142BFF4F4AB58
:10B3DC0032F8021F0029F6D107EB830343F64832FB
:10B3EC004FF07E5107F5005A1A44C2F88410FFF74B
:10B3FC00E5BB07F58043B3F8400000283FF4DCAB15
:10B40C0043F6C67200233A4404E0013399B28842F1
:10B41C007FF6D2AB32F8021F0129F6D1DCE700BF70
:10B42C00CDCC4C3F205F012000000000F900000053
:10B43C0007F58043B3F84000A8B143F6C672002369
:10B44C003A4403E0013399B288420CD932F8021F16
:10B45C000429F7D107EB830343F648324FF07E51B2
:10B46C001A44C2F8841007F58054002107F6A4256D
:10B47C0094F8E4010A4603E0CAB29042FFF49CAB94
:10B48C0002F5CB73013107EB8303D3F83C3B9D42B0
:10B49C00F2D1B4F8844092B2002C3FF48DAB41F25F
:10B4AC005A010023394404E0013398B2A042BFF49E
:10B4BC0083AB31F8020F9042F6D11DE607F58043BD
:10B4CC00B3F8401049B343F6C67200233A44104611
:10B4DC0003E001339CB28C420CD230F8024F032CA7
:10B4EC00F7D107EB830343F6483018444FF07E53F3
:10B4FC00C0F88430002303E0013398B288420CD2A8
:10B50C0032F8020F0028F7D107EB830343F64832D9
:10B51C004FF07E511A44C2F8841007F58054002174
:10B52C0007F6D42594F8E4010A4603E0CAB2824235
:10B53C003FF642AB02F5CB73013107EB8303D3F833
:10B54C003C3B9D42F2D1B4F8844092B2002C3FF4C3
:10B55C0033AB41F25A010023394404E0013398B271
:10B56C00A042BFF429AB31F8020F9042F6D1C3E5EB
:10B57C0007F58043B3F8400000283FF41DAB43F6B9
:10B58C00C67200233A4404E0013399B28142BFF4FD
:10B59C0013AB32F8021F1529F6D11DE742F2C8345D
:10B5AC0042F2C4309C223C44384421461AF064FFD9
:10B5BC000AF58C63DAEDF18A3146C3F80080DFE5D9
:10B5CC0092F87B605BE692F87AC0FFF77BBAB4F82E
:10B5DC00840092B200283FF4EFAA41F25A010023F2
:10B5EC00394404E001339CB2A0427FF6E5AA31F85D
:10B5FC00024F9442F6D17FE5384607F5005A98473A
:10B60C00FFF7DCBAC64D07F5805441F6940141F6BC
:10B61C009806B7EE004ADFEDC34A9FEDC35A394492
:10B62C003E4494F8BBEC05F5007CC4F8B45ABEF16A
:10B63C00000F7ED12A68C6F8202204350436AC45AA
:10B64C00F5D107F5804307F54052B3F8406092F806
:10B65C0078C00EB343F6C67500233D44284630F837
:10B66C0002EFE64540F02C8103F2D2234FF07E50DE
:10B67C0002EB8303C3F8840092F87900002335F8B9
:10B68C0002CF844540F0458103F2D2234FF07E5027
:10B69C0002EB8303C3F884000025D66E94F8E40112
:10B6AC002B4603F5CB72013507EB8202D2F83C2B0B
:10B6BC00914240F0FB80B4F884C09AB2BCF1000F08
:10B6CC000DD041F25A0500233D4435F802EF964562
:10B6DC0040F0FF8007EB830303F608731E60002223
:10B6EC0094F890C8134604EB83050132D5F8405802
:10B6FC00A94240F0E080B4F830579AB26DB141F2F3
:10B70C0006710023394431F802CF944540F0FA8099
:10B71C00F23304EB8303C3F8EC613B68834ADB68C8
:10B72C00934200F0DD8007F5005A38469847FFF742
:10B73C0045BA3368D5ED001A93F82C2093ED001A16
:10B74C00092A74EE413A00F28780501C03EB820206
:10B75C00C0B283F82C000128C2ED011AD3ED017A96
:10B76C0077EE857A00F0A08093ED027A022877EECE
:10B77C00877A00F09980024693ED037A032A77EEDC
:10B78C00877A27D093ED047A042A77EE877A21D032
:10B79C0093ED057A052A77EE877A1BD093ED067A1E
:10B7AC00062A77EE877A15D093ED077A072A77EE7B
:10B7BC00877A0FD093ED087A082A77EE877A09D02A
:10B7CC0093ED097A092A77EE877A03D093ED0A7AFA
:10B7DC0077EE877A07EE102AD3ED115ADFED522A55
:10B7EC00B8EEC72A93ED0F3AD3ED0D6A93ED0E6ABE
:10B7FC0087EE827A67EE237AE1EE817A77EEE55A6C
:10B80C0085EEA47AB4EE627AF1EE10FA48BFB0EE8F
:10B81C00457AA3EE647A27EE066A83ED0C7AB0EED5
:10B82C00667AA6EE247AB4EEE27A83ED0D7AF1EE26
:10B83C0010FA32D4B4EEC47AF1EE10FA05DDB7EE9C
:10B84C00007A83ED0C5A83ED0D4AC3ED117A77EE35
:10B85C00877AC6ED887AF0E693ED037A586993ED12
:10B86C00026AF0EE476A83ED027A93ED047A76EE83
:10B87C00057A1861986977EEA67A83ED016A5861AA
:10B88C00D86983ED037A9861186AD861586A18628E
:10B89C00986AC3ED0A1A586270E7B0EE457A83EDE8
:10B8AC000C5A83ED0D5AD0E7024693E7EBB2834274
:10B8BC007FF6F7AE13E7D3B29C45BFF414AF2CE779
:10B8CC0001331FFA83FEB645FFF4C9AE92F8790036
:10B8DC00D4E601331FFA83FEF4453FF6F6AEFEE6DE
:10B8EC00002107F64C250B4603F5CB72013107EB13
:10B8FC008202D2F83C2B95421AD0CBB28342F3D9B8
:10B90C00FFF75AB901331FFA83FCAC45FFF4FBAEC9
:10B91C0003E701331FFA83FCB445FFF4B0AEBBE67A
:10B92C00DC510120CDCCCC3D00000000F900000022
:10B93C00B4F884009AB200283FF43EA941F25A01AF
:10B94C000023394431F8024F94423FF4D5AB013314
:10B95C009CB2A042F6D8FFF72FB900BF704700BFCA
:10B96C00704700BF704700BF704700BF704700BFF3
:10B97C00D2ED006A92ED017A91ED024AD1ED037A93
:10B98C0024EE264AD1ED093A67EE877AD1ED076AA3
:10B99C002DE9F04134EE277A8EB037EE237A27EE7C
:10B9AC00267A77EE045AFDEEE56AB8EEE66AF4EE16
:10B9BC00C65AF1EE10FA06D516EE903A013B06EE99
:10B9CC00903AB8EEE66A77EE276ABDEEC66AFDEEEF
:10B9DC00E65A16EE104AB8EEE56AF4EEC66AF1EED7
:10B9EC0010FA06D515EE903A013B05EE903AB8EEFA
:10B9FC00E56A33EE877AFDEEC66ABDEEC76A16EECF
:10BA0C00905AF8EEC66AB4EEE67AF1EE10FA06D564
:10BA1C0016EE103A013B06EE103AF8EEC66ABDEE91
:10BA2C00E67A631906EE904A91ED086A17EE10CA91
:10BA3C00B8EEC75AF8EEE65A06EE905A6344F8EEA2
:10BA4C00E66A07EE103AB8EEC77AE7EE465AE7EE2A
:10BA5C00466AA7EE465A34EE654A77EEE67A73EEFE
:10BA6C00C53AB4EEE74AF1EE10FAF4EEE37A1FDBD6
:10BA7C00F1EE10FAC0F20081B7EE005A4FF0000E52
:10BA8C000127F0EE632AF0EE630AF04634EE450A25
:10BA9C00764637EEC53A3B46F0EE676A3A4633EEE9
:10BAAC00C55AF0EE435AF0EE404AB0EE402A1EE082
:10BABC00F1EE10FA40F1BE80F7EE004A4FF0010EA5
:10BACC000023B0EE442AF0EE676A774673EEE40A80
:10BADC00F04637EEE43A1E46B0EE440A1A4674EECF
:10BAEC00644AB0EE605AF0EE435AF0EE602A9FEDD5
:10BAFC00BF7A5FFA8CFC8844EDB2A4EE447A8E4493
:10BB0C00E0440E44E6440F4498F8B8822E44E4B264
:10BB1C000A4446449EF8B882A7EEE77A07EB050E76
:10BB2C0096F8B8622244C6440B4432448C449EF8C6
:10BB3C00B86223440D440C44A3EEE37A334492F8E8
:10BB4C00B864B0EE001A93F8B824F0EE081A9CF81A
:10BB5C00B93236EE000AA6EE012A2B44A6EE013AC3
:10BB6C00B5EEC07A93F8B932E6EE012AE6EE214A38
:10BB7C00F1EE10FA2344E6EE215AA6EE215A93F880
:10BB8C00B93476EE266A76EE200A40F1DB809FED22
:10BB9C00986ADFED967AE0EE407AE6EEE67AE0EE31
:10BBAC00E07AF5EEC07AF1EE10FA40F1B480DFEDF8
:10BBBC00906ADFED8E7AE2EE427AE3EE437AE2EEC1
:10BBCC00E27AF5EEC07AF1EE10FA40F18D809FED3D
:10BBDC00887ADFED867AE4EEE47AE5EEE57AE5EE56
:10BBEC00457AF5EEC07AF1EE10FA66D5DFED807A83
:10BBFC0076EE266A9FED7F6A496800220BAD0390B2
:10BC0C0036EE877A0C6808AB246877EE277A0692B2
:10BC1C000792089267EE867A09920A920B920C921E
:10BC2C000D9205AA0095CDED057AA04703980EB0AC
:10BC3C00BDE8F081B4EEE34AF1EE10FA40F1B980C0
:10BC4C00F7EE004A4FF0010E0023B0EE442AF0EE5E
:10BC5C00630A774677EEE46A764673EEE42A9846F2
:10BC6C00B0EE440A1A4674EE644AB0EE625AF0EE34
:10BC7C00665AB0EE663A3AE7B4EEE34AF7EE005A8B
:10BC8C00B0EE673AF1EE10FA7BDB34EE650A4FF05A
:10BC9C00010E73EEE52A0027F0EE630A7346F0EE10
:10BCAC00676A724677EEE55AB846B0EE625A3E467F
:10BCBC00F0EE404AB0EE402A19E703EB430367EE7F
:10BCCC00A77A01EB830367EEA77A93ED0B3AD3EDDA
:10BCDC000A3A65EE835A93ED0C4AE4EEA35AE5EE6C
:10BCEC00045A67EEA57A83E702EB420267EEA77A65
:10BCFC0001EB820267EEA77AD2ED0B3A92ED0A4A7B
:10BD0C0023EE233A92ED0C7AA2EE043AA2EE873A95
:10BD1C0027EE837A5DE706EB460467EEA77A01EB24
:10BD2C00840467EEA77AD4ED0B3A94ED0A4A66EEDA
:10BD3C00A36A94ED0C7AE0EE046AE0EE876A67EE93
:10BD4C00A66A36E79CF8B87227EE077A3D4427EED0
:10BD5C00077A95F8B8522C4494F8B84404EB440490
:10BD6C0001EB840494ED0B1AD4ED0A1A67EE817A78
:10BD7C0094ED0C6AE4EE217AE3EE867A27EE276ADC
:10BD8C0007E773EEE50A4FF0010E34EE652A002743
:10BD9C00F0EE676A7346B0EE440AF04677EEE55A69
:10BDAC003E46B0EE605A3A46F0EE424AF0EE602A59
:10BDBC009DE6B7EE005A4FF0000E0127F0EE632A15
:10BDCC00F0EE630AF04677EEC56A724634EE452A09
:10BDDC003B46B0EE440A3E4633EEC55AF0EE665A88
:10BDEC00F0EE424AB0EE663A81E600BF9A99193FEE
:10BDFC000000000000000042D2ED006A92ED017AD2
:10BE0C0091ED024AD1ED037A24EE264AD1ED093A9E
:10BE1C0067EE877AD1ED076A2DE9F04134EE277A87
:10BE2C008EB037EE237A27EE267A77EE045AFDEEA3
:10BE3C00E56AB8EEE66AF4EEC65AF1EE10FA06D5EB
:10BE4C0016EE903A013B06EE903AB8EEE66A77EEC3
:10BE5C00276ABDEEC66AFDEEE65A16EE104AB8EE3B
:10BE6C00E56AF4EEC66AF1EE10FA06D515EE903AD4
:10BE7C00013B05EE903AB8EEE56A33EE877AFDEEBB
:10BE8C00C66ABDEEC76A16EE905AF8EEC66AB4EEF4
:10BE9C00E67AF1EE10FA06D516EE103A013B06EEF4
:10BEAC00103AF8EEC66ABDEEE67A631906EE904AD1
:10BEBC0091ED086A17EE10CAB8EEC75AF8EEE65ABA
:10BECC0006EE905A6344F8EEE66A07EE103AB8EEC6
:10BEDC00C77AE7EE465AE7EE466AA7EE465A34EEC4
:10BEEC00654A77EEE67A73EEC53AB4EEE74AF1EEC0
:10BEFC0010FAF4EEE37A1FDBF1EE10FAC0F20081D7
:10BF0C00B7EE005A4FF0000E0127F0EE632AF0EE68
:10BF1C00630AF04634EE450A764637EEC53A3B46A0
:10BF2C00F0EE676A3A4633EEC55AF0EE435AF0EE3D
:10BF3C00404AB0EE402A1EE0F1EE10FA40F1BE800D
:10BF4C00F7EE004A4FF0010E0023B0EE442AF0EE5B
:10BF5C00676A774673EEE40AF04637EEE43A1E461B
:10BF6C00B0EE440A1A4674EE644AB0EE605AF0EE33
:10BF7C00435AF0EE602A9FEDBF7A5FFA8CFC88443E
:10BF8C00EDB2A4EE447A8E44E0440E44E6440F44F1
:10BF9C0098F8B8822E44E4B20A4446449EF8B8821B
:10BFAC00A7EEE77A07EB050E96F8B8622244C64472
:10BFBC000B4432448C449EF8B86223440D440C4428
:10BFCC00A3EEE37A334492F8B864B0EE001A93F817
:10BFDC00B824F0EE081A9CF8B93236EE000AA6EE38
:10BFEC00012A2B44A6EE013AB5EEC07A93F8B93289
:10BFFC00E6EE012AE6EE214AF1EE10FA2344E6EED3
:10C00C00215AA6EE215A93F8B93476EE266A76EECA
:10C01C00200A40F1DB809FED986ADFED967AE0EE26
:10C02C00407AE6EEE67AE0EEE07AF5EEC07AF1EEF2
:10C03C0010FA40F1B480DFED906ADFED8E7AE2EE1B
:10C04C00427AE3EE437AE2EEE27AF5EEC07AF1EE72
:10C05C0010FA40F18D809FED887ADFED867AE4EE60
:10C06C00E47AE5EEE57AE5EE457AF5EEC07AF1EEA6
:10C07C0010FA66D5DFED807A76EE266A9FED7F6A40
:10C08C00496800220BAD039036EE877A0C6808AB3A
:10C09C00246877EE277A06920792089267EE867AE2
:10C0AC0009920A920B920C920D9205AA0095CDED75
:10C0BC00057AA04703980EB0BDE8F081B4EEE34AD0
:10C0CC00F1EE10FA40F1B980F7EE004A4FF0010E94
:10C0DC000023B0EE442AF0EE630A774677EEE46A6A
:10C0EC00764673EEE42A9846B0EE440A1A4674EE8D
:10C0FC00644AB0EE625AF0EE665AB0EE663A3AE72F
:10C10C00B4EEE34AF7EE005AB0EE673AF1EE10FAED
:10C11C007BDB34EE650A4FF0010E73EEE52A002747
:10C12C00F0EE630A7346F0EE676A724677EEE55AF4
:10C13C00B846B0EE625A3E46F0EE404AB0EE402AA7
:10C14C0019E703EB430367EEA77A01EB830367EE72
:10C15C00A77A93ED0B3AD3ED0A3A65EE835A93ED39
:10C16C000C4AE4EEA35AE5EE045A67EEA57A83E78F
:10C17C0002EB420267EEA77A01EB820267EEA77A26
:10C18C00D2ED0B3A92ED0A4A23EE233A92ED0C7A59
:10C19C00A2EE043AA2EE873A27EE837A5DE706EB2D
:10C1AC00460467EEA77A01EB840467EEA77AD4ED18
:10C1BC000B3A94ED0A4A66EEA36A94ED0C7AE0EE23
:10C1CC00046AE0EE876A67EEA66A36E79CF8B872F6
:10C1DC0027EE077A3D4427EE077A95F8B8522C449F
:10C1EC0094F8B84404EB440401EB840494ED0B1A6A
:10C1FC00D4ED0A1A67EE817A94ED0C6AE4EE217A9A
:10C20C00E3EE867A27EE276A07E773EEE50A4FF02E
:10C21C00010E34EE652A0027F0EE676A7346B0EE25
:10C22C00440AF04677EEE55A3E46B0EE605A3A467E
:10C23C00F0EE424AF0EE602A9DE6B7EE005A4FF05F
:10C24C00000E0127F0EE632AF0EE630AF04677EE5B
:10C25C00C56A724634EE452A3B46B0EE440A3E4669
:10C26C0033EEC55AF0EE665AF0EE424AB0EE663A3C
:10C27C0081E600BF9A99193F0000000000000042BF
:10C28C00806E704701207047443070470320704720
:10C29C00006F7047C06E70472DE9F04F0646D0F81E
:10C2AC00E0000D4603682DED028B1B6885B09847A6
:10C2BC002968A34ACB69934240F0388140F23B286D
:10C2CC0005F12407DFED9F8A9FED9F8A0024DFF89C
:10C2DC0080B2DFF8809261E005F58053224650462B
:10C2EC00019493F85ECFBCF1000F6BD12B7A1BB18C
:10C2FC00C2F1005202F23A226B6803EBC2031A68D5
:10C30C0002925B6803930B694B4540F0AE80384654
:10C31C000378427813433BD0D6ED3E7ADDED026ACA
:10C32C0096ED3C6A76EEE76A9DED037A36EE676A27
:10C33C0066EEA86AC6EE867A77EE887AF4EEE87A2C
:10C34C00F1EE10FA00F39580F5EEC07AF1EE10FAEA
:10C35C0000F1D880D6ED3F6AF3EE095A96ED3D6AAE
:10C36C00FCEEE77A37EE667A36EE666A17EE903AAE
:10C37C0067EE256A99B286EE867A37EE087AB4EEC5
:10C38C00E57AF1EE10FA40F3C3803F2940F2D580F4
:10C39C0001340337444580F0AA8029688B681FFA62
:10C3AC0084FA5B4540F0A880B4F50F7F94D305F573
:10C3BC00805340F23B2293F85ECF10460192BCF1C1
:10C3CC00000F93D0B3F8602FDDED017AB0FBF2FCD7
:10C3DC0002FB1C00B8EEE77A07EE902A03F66C72AB
:10C3EC0080B2F8EEE76AB8EE676A07EE900AF8EEEC
:10C3FC00E77A37EE677AC7EE265AD2ED006A03F673
:10C40C00647292ED007A03F5776236EE877A37EE36
:10C41C00667A67EE277A87EE867A37EE267AD2ED41
:10C42C00006A03F66872D2ED007AB3F8622F76EEEA
:10C43C00A77A8DED027A06EE102A03F6747203F6D3
:10C44C00787377EEE67A82ED007AB8EE466A65EE9E
:10C45C00A75AC5EE867A77EEA67AC3ED007A0B69F9
:10C46C00CDED037A4B453FF452AF514628469847E1
:10C47C004EE72022CF233A21D6ED3F7AB3EE096A5C
:10C48C00D6ED3D6A37EE677A76EEE76A67EE067AA6
:10C49C0087EEA67A37EE087AB4EEC67AF1EE10FA89
:10C4AC001BDCB5EEC07AF1EE10FA2FD40122BCEEF3
:10C4BC00C77A17EE103A9BB21F2B8CBF002202F0EA
:10C4CC000102002A3FF464AFCA43C90801EBC3035D
:10C4DC0002F0070101228A40D2B21C490134033711
:10C4EC00C85C444542EA0002CA54FFF456AF05B09A
:10C4FC00BDEC028BBDE8F08F2946524602A8984746
:10C50C00296800E78022C8230021B5E70023DBE778
:10C51C00B5EEC07A3F298CBF00220122F1EE10FA51
:10C52C00C5D50023002A3FF433AFCDE72846984702
:10C53C0080460028DBD02968C2E61923C4E700BF77
:10C54C007D0200000000684200000000AC3E0120AB
:10C55C008D010000E505000090F84420042A00F24B
:10C56C005A81D0ED0E6A034690ED0D6AF5EEC06A65
:10C57C0070B5F1EE10FA40F14F81B0EE667A002AF8
:10C58C0000F05581D3ED107ADFEDCC5AF4EEE57A5C
:10C59C00F1EE10FA00F1C881D3ED035AF5EEC05A52
:10C5AC00F1EE10FA00F37B82012A1BD0D3ED055A71
:10C5BC00F5EEC05AF1EE10FA00F31F82022A11D0E8
:10C5CC00D3ED075AF5EEC05AF1EE10FA00F3B28231
:10C5DC00042A07D1D3ED095AF5EEC05AF1EE10FA40
:10C5EC0000F33E8293ED0F7A0132B5EEC07AD2B2EF
:10C5FC0083F84420F1EE10FAF5EEC07AC8BF9FED37
:10C60C00AF7AF1EE10FA01D5DFEDAC7A052A83EDA5
:10C61C000F7AC3ED107A00F0FD80F7EE005AF4EEBD
:10C62C00E56AF1EE10FA00F10981B4EEE56AB6EEB6
:10C63C00005AF1EE10FAF4EEC57A76FE255AF1EEB8
:10C64C0010FA00F10581D3ED034AF4EEC54AF1EE80
:10C65C0010FA00F32782012A1BD0D3ED054AF4EE21
:10C66C00C54AF1EE10FA00F39481022A11D0D3EDF1
:10C67C00074AF4EEC54AF1EE10FA00F37F82042A61
:10C68C0007D1D3ED094AF4EEC54AF1EE10FA00F3E6
:10C69C00F181F6EE005A02F1010C5FFA8CFCB4EE5B
:10C6AC00657A83F844C0F1EE10FAF4EE657A35FE43
:10C6BC00877AF1EE10FA48BFF0EE657ABCF1050FFF
:10C6CC0083ED0F7AC3ED107A00F0A480F5EEC06A0A
:10C6DC00F1EE10FA00F1D380B5EEC06A9FED775AF7
:10C6EC00F7EE005AF1EE10FAF4EEE57A36FE055A42
:10C6FC00F1EE10FA00F1CD80D3ED034AF4EEE54AE9
:10C70C00F1EE10FA00F3C081D3ED054AF4EEE54AE0
:10C71C00F1EE10FA00F3D680BCF1020F12D0D3ED7B
:10C72C00074AF4EEE54AF1EE10FA00F3F181BCF1A0
:10C73C00040F07D1D3ED094AF4EEE54AF1EE10FAF5
:10C74C0000F32E82F7EE005A0CF1010C5FFA8CF21A
:10C75C00B4EE657A83F84420F1EE10FAF4EE657AC3
:10C76C0035FE877AF1EE10FA48BFF0EE657A052AAD
:10C77C0083ED0F7AC3ED107A4CD0F5EEC06AF1EE72
:10C78C0010FA07D4B5EEC06ADFED4C6AF1EE10FA80
:10C79C0076FE266A9FED4A6AF4EEC67AF1EE10FA3E
:10C7AC0000F1D880D3ED035AF4EEC65AF1EE10FA2C
:10C7BC0000F37B81D3ED055AF4EEC65AF1EE10FA74
:10C7CC0000F3A381D3ED075AF4EEC65AF1EE10FA3A
:10C7DC0000F3C281042A07D1D3ED095AF4EEC65AEC
:10C7EC00F1EE10FA00F3E5819FED356A0132B4EEFB
:10C7FC00467A83F84420F1EE10FAF4EE467A36FECF
:10C80C00077AF1EE10FA48BFF0EE467A83ED0F7A14
:10C81C00C3ED107A70BD7047B5EEC06A9FED277AF4
:10C82C00F1EE10FA36FE077A002A7FF4ABAE002147
:10C83C00D3ED107A83ED047AD960D3E6B6EE005AC4
:10C84C00F0EE665AF4EEC57AF1EE10FA7FF5FBAE17
:10C85C00B4EEC57A02F1010C03EBC2025FFA8CFC58
:10C86C00F1EE10FA82ED035AC2ED045A83F844C07B
:10C87C0040F38680B0EE457AF0EE457A1EE7F7EE8F
:10C88C00005AB0EE665AF4EEE57AF1EE10FA7FF546
:10C89C0033AFB4EEE57A0CF1010203EBCC0CD2B25F
:10C8AC00F1EE10FACCED035A8CED045A83F84420C7
:10C8BC006CDDB0EE657AF0EE657A58E700000000AA
:10C8CC000024744903F1140103F11C02BCF1020FA2
:10C8DC0003C982E8030040F27681022201259646C4
:10C8EC0003EBC20103EBC2040C31143403C984E81A
:10C8FC0003000EF1010161450ED203EBC2020EF1F1
:10C90C00020E1C32F44594E8030082E8030003D9BC
:10C91C0003F12C04C4E9000103EBC5054FF07E5272
:10C92C0085ED045AEA600DE703EBC2010132C1ED5B
:10C93C00035AD2B281ED047A93ED0F7A83F8442036
:10C94C00B5EEC07AF1EE10FA17DDB0EE657AF0EEC6
:10C95C00657A5BE6B4EEC67A03EBC201013281ED77
:10C96C00036AF1EE10FAC1ED046A83F844200ADD83
:10C97C00B0EE467AF0EE467A48E7F0EE657A45E698
:10C98C00F0EE457A9AE6F0EE467A3FE7F0EE657AFD
:10C99C00EDE64FF0010C03EBCC0E0CF101055FFA48
:10C9AC008CF47146AA420EF1140E01F10C0103C96C
:10C9BC008EE8030018D9A61C03EBCC05F6B21C3587
:10C9CC009EE80300B24285E803000DD9033403EB63
:10C9DC00CC0EE4B20EF1240EA2428EE8030003D971
:10C9EC0003F12C0484E8030003EBCC0C4FF07C51D6
:10C9FC00CCED045ACCF80C104BE64FF0010C03EBC9
:10CA0C00CC0E0CF101055FFA8CF47146AA420EF1C2
:10CA1C00140E01F10C0103C98EE8030018D9A61CF1
:10CA2C0003EBCC05F6B21C359EE80300B24285E858
:10CA3C0003000DD9033403EBCC0EE4B20EF1240E3B
:10CA4C00A2428EE8030003D903F12C0484E803000E
:10CA5C0003EBCC0C00218CED047ACCF80C10C1E566
:10CA6C0003F1240103F12C044FF0030C03C984E8F7
:10CA7C000300EDE703F1240103F12C044FF0030C48
:10CA8C0003C984E80300AFE703F10C0103F11402BE
:10CA9C00002503C982E803000122964620E74FF0E7
:10CAAC00000CACE74FF0000C75E74FF0000E03EBF9
:10CABC00CE0C0EF1020603EBCE04614696420CF14D
:10CACC00140C04F11C0401F10C015FFA8EF503C97E
:10CADC008CE8030084E803000FD20335EEB203EBBD
:10CAEC00CE05964205F1240594E8030085E8030081
:10CAFC0003D203F12C0484E8030003EBCE0E384977
:10CB0C00CEED046ACEF80C106EE64FF0010ECEE7B7
:10CB1C0003F11C0103F12402BCF1030F03C982E8E9
:10CB2C00030058D903F12C04022592E80300C4E950
:10CB3C000001F1E603F11C0103F12404032A03C9EB
:10CB4C0084E8030041D903F12C054FF0020C94E862
:10CB5C000300C5E900017BE703F11C0103F1240488
:10CB6C00032A03C984E8030037D903F12C054FF0DD
:10CB7C00020E94E80300C5E90001BEE703F11C01B5
:10CB8C0003F12404032A03C984E8030020D903F128
:10CB9C002C054FF0020C94E80300C5E9000123E7D3
:10CBAC0003F1240103F12C02032503C982E80300DD
:10CBBC00B2E603F1240103F12C044FF0030E03C978
:10CBCC0084E8030099E70125A6E64FF0020C3FE745
:10CBDC004FF0020C08E702259EE64FF0020E8CE7A0
:10CBEC00002474497C30704730B583B004467C31E6
:10CBFC00069D0095FEF7BCFE204603B030BD00BF7D
:10CC0C00B7EE007AD0ED157A06490022064B77EE86
:10CC1C00C77A816482634364C0ED157AC0ED0D7AE6
:10CC2C00704700BF0000B4420000C042183070478B
:10CC3C005430704730B583B004465431069D00958E
:10CC4C00FFF7DAF8204603B030BD00BF283070473C
:10CC5C00B1F804C08A79A0F800C08270704700BF98
:10CC6C000A682DE9F04F536987B0B94C0E46039012
:10CC7C00A34240F0818101F1240302939369B549E9
:10CC8C008B4240F05F8106F2D569DFF8E4B20024F4
:10CC9C00D3695B4540F00E8140F23B20A04240F24C
:10CCAC000F810399B7EE007A0B7AD1ED016A00215E
:10CCBC005B08ADF8141007EE903AF8EEE77A77EED1
:10CCCC00C77AA6EEA77AFDEEC77A17EE901ACDEDCD
:10CCDC00017A4F428F4224DA9F4B48001B68002B8D
:10CCEC0000F025819D4981FB0315D9171D44C1EB2B
:10CCFC0025419B4D05FB11339A4D05FB01F144F287
:10CD0C00A71505FB0311002980F218816FF000476D
:10CD1C000F44914B1F60B7FBF0F300FB1377019BA3
:10CD2C00FF1A019B012B40F3F1808B49581E0968B7
:10CD3C00002900F0FA80894B83FB0135CB170D4499
:10CD4C00C3EB2543864D05FB1311864D05FB03F301
:10CD5C0044F2A71505FB0131002980F2F1806FF038
:10CD6C0000430B447C49156C0B60B3FBF0F100FBEA
:10CD7C0011387D4B9D4208F1010840F0CE80002F08
:10CD8C002146ADF8164040F3BF800025DFF8E4A142
:10CD9C00536B534578D101F674514FF6FF7336F847
:10CDAC0011109942ADF816100DD00135AF4203D1D8
:10CDBC00AAE0BD4280F2A88001F67451013536F824
:10CDCC0011109942F5D10023ADF8141001990025EA
:10CDDC00DDF808A01F460029B8BF0131B8EB610F80
:10CDEC003BDBEFB1BDF8141004EB440301EB410144
:10CDFC003AF80100514429F803004B4489789970A2
:10CE0C000DB10134A4B2D3695B4577D140F23B201C
:10CE1C00A04248D90135A84545D03268002FE1D150
:10CE2C0004EB440309EB03018F7029F80370E7E767
:10CE3C0004EB440309EB03018F7029F803700DB167
:10CE4C000134A4B2D2695A455BD140F23B20A042D6
:10CE5C0029D90135454526D03268002FE8D0BDF8D8
:10CE6C00143004EB440103EB430309EB01000AEB20
:10CE7C00030C9CF802E009F801E01AF80330437047
:10CE8C009CF801308370DAE70DF11602304601355B
:10CE9C00984700284DD0BD42BDF8161032687FF47B
:10CEAC0077AF034690E732680134D369A4B25B458F
:10CEBC003FF4F2AE30469847A04232683FF6F1AEEE
:10CECC00002440F23A25029F0EE0AC4213D804EB4A
:10CEDC004403013439F8030009EB0301FA18A4B236
:10CEEC00F8528B7893703268D3695B45EDD030463D
:10CEFC0098478442EBD307B0BDE8F08F3046984793
:10CF0C0086E730469047A2E701235DE7156C4FF0AA
:10CF1C000108154B9D423FF432AF3B4605AA214612
:10CF2C003046A8473268034650E7104B1AE70F4FBC
:10CF3C00EFE60346BDF81610326845E70F46E8E603
:10CF4C000B460FE730469847326881469DE600BF96
:10CF5C00F1050000F5050000C04E00205F0B4E836C
:10CF6C001DF30100ECF4FFFFF908000042CE0C1F8A
:10CF7C007D020000010700000846984732680290C5
:10CF8C007CE600BF0A682DE9F04F536989B0824CEA
:10CF9C008A460590A34240F0EF8001F1240B93697F
:10CFAC007E498B4240F0F2800AF2D5630493002351
:10CFBC007B480293D369BDF80810834240F0B380DC
:10CFCC0040F23B20884240F2B780059BB7EE007AD6
:10CFDC00187AD3ED016A4008BDF8083007EE900AC4
:10CFEC00002003EB4303F8EEE77AADF81E00ADF832
:10CFFC001C00039377EEC77AA6EEA77ABCEEC77A2D
:10D00C0017EE100A84B218465B441BF800005F78D8
:10D01C009E7801940090002C63D00D4601244FF6AD
:10D02C00FF79B0463EE0438805F674515D48B3EB9A
:10D03C000906ADF81E30536B18BF0126834246D14A
:10D04C003AF81150B5EB0900ADF81C5018BF01208F
:10D05C000134BDF81E1006B301EB4103E8B10BEB34
:10D06C00030600981BF8033005EB450C18440346E7
:10D07C000BEB0C001BF80CC01CFA83F39BB2009357
:10D08C0073781F44B37846784344807816FA87F651
:10D09C0010FA83F3B7B21FFA83F8E3B20198834214
:10D0AC001C461DD8136B01F638303F4E0AEB40007E
:10D0BC00B342B8D00DF11E0250469847DAF8002062
:10D0CC0006463848536B05F674518342B8D029464E
:10D0DC0007AA50469847BDF81C50DAF80020B7E76D
:10D0EC0046460299019B01315B0002910099B1FB0C
:10D0FC00F3F1B7FBF3F7B6FBF3F6FF29A8BFFF215B
:10D10C00FF2FDDE90303A8BFFF27FF2E19540344AB
:10D11C00A8BFFF2622489F705E70D369BDF8081027
:10D12C0083423FF44DAF0091504698470099DAF88E
:10D13C00002088423FF649AF002440F23A25049E75
:10D14C000FE0AC4215D804EB44030134F05AF1184B
:10D15C000BEB0302A4B22BF803008B789370DAF874
:10D16C000020D3690E4A9342EBD050469847844234
:10D17C00E9D309B0BDE8F08F08469847DAF80020EB
:10D18C000649834693698B423FF40EAF504698474D
:10D19C00DAF8002004900AE7F1050000F50500001C
:10D1AC007D02000001070000E5060000F8B50B68E1
:10D1BC000E4616485A69824222D101F124040025F8
:10D1CC00134F15E040F23B20854218D223780BB167
:10D1DC006433DBB2627823700AB16432D2B2A378C2
:10D1EC0062700BB16433DBB2A37001353368033466
:10D1FC00DB69BB42E6D0304698478542E6D3F8BDA2
:10D20C000846904733680446D9E700BFF105000093
:10D21C007D020000704700BF0A682DE9F04F53698A
:10D22C0089B0804C8A460590A34240F0EA8001F117
:10D23C00240B93697C498B4240F0ED800AF2D56354
:10D24C000493002379480293D369BDF808108342F4
:10D25C0040F0AE8040F23B20884240F2B280059B09
:10D26C00B7EE007A187AD3ED016A4008BDF80830A1
:10D27C0007EE900A002003EB4303F8EEE77AADF8D3
:10D28C001E00ADF81C00039377EEC77AA6EEA77AC2
:10D29C00BCEEC77A17EE100A84B218465B441BF832
:10D2AC0000005F789E7801940090002C5ED00D46B3
:10D2BC0001244FF6FF79B04640E0B0F8863DB3EB61
:10D2CC000906ADF81E3018BF0126D36A05F6FC011D
:10D2DC0057480AEB410183423ED18D88B5EB0900DA
:10D2EC00ADF81C5018BF01200134BDF81E1006B358
:10D2FC0001EB4103E8B10BEB030600981BF803307C
:10D30C0005EB450C184403460BEB0C001BF80CC04A
:10D31C001CFA83F39BB2009373781F44B37846785E
:10D32C004344807816FA87F610FA83F3B7B21FFAE3
:10D33C0083F8E3B2019883421C4616D8936A0AEB31
:10D34C0041003C4EB342B8D00DF11E0250469847F6
:10D35C00DAF800200646B8E7294607AA504698474F
:10D36C00BDF81C50DAF80020BEE746460299019B36
:10D37C0001315B0002910099B1FBF3F1B7FBF3F7BC
:10D38C00B6FBF3F6FF29A8BFFF21FF2FDDE903034E
:10D39C00A8BFFF27FF2E19540344A8BFFF2623481C
:10D3AC009F705E70D369BDF8081083423FF452AF92
:10D3BC000091504698470099DAF8002088423FF6D1
:10D3CC004EAF002440F23A25049E0FE0AC4215D833
:10D3DC0004EB44030134F05AF1180BEB0302A4B232
:10D3EC002BF803008B789370DAF80020D3690F4A7E
:10D3FC009342EBD0504698478442E9D309B0BDE83C
:10D40C00F08F08469847DAF800200749834693695D
:10D41C008B423FF413AF50469847DAF80020049043
:10D42C000FE700BFF1050000F50500007D020000CC
:10D43C00C9060000B106000010B5134C236A13B1E5
:10D44C00124AD168E1B9636A13B1104AD16999B92A
:10D45C00A36A13B10D4AD16A51B9E36A3BB10B4AC5
:10D46C00D16B21B10121BDE81040D163184710BD2B
:10D47C000121D1629847F0E70121D1619847E7E794
:10D48C000121D1609847DEE7C04E002000410840E2
:10D49C0000207047704700BFF8B50C4671B182B1DF
:10D4AC0006468F1800253368304614F8011B1B689C
:10D4BC009847BC420544F6D12846F8BD0D4628468F
:10D4CC00F8BD1546F8E700BF00234FF470410F225A
:10D4DC004FF4604CA0F88C114FF48061A0F88E21B1
:10D4EC00A0F89031B0F8882192B242F0F002A0F886
:10D4FC00882148F2B822A0F804C0C1804384038676
:10D50C0043804381C2814382C3824383C383A0F897
:10D51C0064C0A0F86610A0F88230A0F89030A0F893
:10D52C006230A0F86A30A0F86E20A0F87230A0F833
:10D53C007630A0F87A30A0F87E30A0F8C4C0A0F8FD
:10D54C00C610A0F8E230A0F8F030A0F8C230A0F875
:10D55C00CA30A0F8CE20A0F8D230A0F8D630A0F86F
:10D56C00DA30A0F8DE30A0F824C1A0F82611A0F81B
:10D57C004231A0F85031A0F82231A0F82A31A0F89D
:10D58C002E21A0F83231A0F83631A0F83A31A0F8AB
:10D59C003E31B0F888319BB243F00F03A0F88831CC
:10D5AC00B0F888319BB243F47063A0F888317047AF
:10D5BC000449054A4968054B196013680133136027
:10D5CC00704700BF001000E0383D01203C3D0120B9
:10D5DC0030BFFDE7836BF0B41BB1536843F40043D9
:10D5EC00536072B6446B3CB31A4B2260D3F8B04113
:10D5FC000C421DD1184E776804E07468E41BB4F536
:10D60C00166F0BD2D3F8404144F48044C3F8404128
:10D61C00D3F8B851D3F840416404EED50D4007D18E
:10D62C000C4CC0E90225D4F8B0310B43C4F8B0312E
:10D63C00426362B6F0BC7047064DC0E90224D5F8CF
:10D64C00B0310B43C5F8B0310263426362B6F0BC33
:10D65C00704700BF00002E40001000E00D4A92F809
:10D66C00301092F83100CBB281420FD001330A490D
:10D67C00092B28BF0023134493F8343002EB4302E8
:10D68C0001EB4323B2F84020985C70474FF0FF3019
:10D69C00704700BFC04E002080202020294B1B78F3
:10D6AC00002B4DD070B5284CB4F8501001B970BD9A
:10D6BC0094F8530004F1600C244B01260CEB40123F
:10D6CC00C1F5006103EBC02384F8526040010D04E6
:10D6DC0019444CF8006003F5805045F080059360C8
:10D6EC00D06003F500505560106103F54050506157
:10D6FC0003F5804090610020D061BFF34F8F4FF055
:10D70C00E020C0F8703F20339942FAD8BFF34F8F16
:10D71C00BFF36F8F4FF480110D48FFF75BFF94F848
:10D72C0053300133DBB2032B88BF002384F8533012
:10D73C000023A4F85030BFF34F8F84F8523070BDE3
:10D74C00704700BF303D0120C04E002080002020DB
:10D75C00400200202DE9F84F354D95F8303095F802
:10D76C00312093425ED0DEB205F58078DFF8C8A098
:10D77C004FF0E0244FF40037DFED2E7A0136082EFF
:10D78C0052D85FFA86F9AB19D5F8E0C0B5F800129B
:10D79C00012093F8343005EB43024FEA431EB2F8F4
:10D7AC00E4B0B2F84020ABEB020B08EB4312ACEB4D
:10D7BC000B0CC5F8E0C04FEA014CC4F88C714CF06E
:10D7CC00800C48F80E00D3610AEB4323C2F804C066
:10D7DC0003F5805C93601944C2F80CC003F5005C3F
:10D7EC00C2F810C003F5405CC2F814C003F5804CBD
:10D7FC00C2F818C0BFF34F8FC4F85C3F2033994276
:10D80C00FAD8BFF34F8FBFF36F8F082117EE900A32
:10D81C00FFF7E0FEC4F80C7185F8309095F83130C4
:10D82C009E42ABD1BDE8F88F0026B146ABE700BFF6
:10D83C00C04E00208001002080202020194B0121A7
:10D84C0093F8532083F85210B2B1586E8A4280F08C
:10D85C008000C0F3C0104FEAC0200ED1D3F8A41042
:10D86C00090658BF00F50060032A0ED1BFF34F8F95
:10D87C00002283F8522070471046D3F88410090612
:10D88C0058BF00F50060022AE8D1D3F8C420120674
:10D89C0058BF00F50060BFF34F8F002283F8522071
:10D8AC00704700BFC04E0020F8B5284C94F8523099
:10D8BC00002B49D103F0FF05254B1B78002B43D0DF
:10D8CC00B4F8501000293FD094F8530004F1600CC8
:10D8DC00204B01270CEB4012C1F5006103EBC02378
:10D8EC0040010E0419444CF8007003F5805046F0CA
:10D8FC008006D561D06003F500505660106103F5C9
:10D90C0040509360506103F580409061BFF34F8F9E
:10D91C004FF0E020C0F8703F20339942FAD8BFF3A3
:10D92C004F8FBFF36F8F4FF480110B48FFF752FEF0
:10D93C0094F853300133DBB2032B88BF002384F8F7
:10D94C0053300023A4F85030F8BD00BFC04E002067
:10D95C00303D0120800020204002002038B5EFF33C
:10D96C00108172B60E4CD4F804329BB100255A6962
:10D97C001846C4F8042202B1956171B962B69A686E
:10D98C00184659779047EFF3108172B6D4F80432E9
:10D99C00002BECD101B962B638BD9A685D77F1E71E
:10D9AC00C04E0020844B854A85492DE9F0435E69C1
:10D9BC0088428CBF4FF012084FF00E089C69D76854
:10D9CC00D3F8801007F01F0941F0C001C145C3F81E
:10D9DC00801007D268F30407D7601368002BFCDAB9
:10D9EC0007F01F0916F0007324D1764A1169764AA4
:10D9FC008A4300F0DA8084F4805231464FF480552B
:10DA0C0011F0605F04D026F060561E436A4B5E61D5
:10DA1C0012F4405F07D024F44054674A2C439461BD
:10DA2C00936C1907FCD446F00076634A5661936CEC
:10DA3C009B06FCD44FF0010C0146644C634603FB7F
:10DA4C00011203F1010E0CF10105A24218D8BEF12E
:10DA5C00080F4FF0010340F08A80BCF1040F00F274
:10DA6C008C804218A24200F29A8005FB00F1AC4671
:10DA7C0003F1010E03FB01120CF10105A242E6D9E0
:10DA8C000CF1FF3452491144524A91427AD9524D09
:10DA9C006C2252484B49B0FBFEF0D1F800E0B0FBD1
:10DAAC00FCF0DFF860C10EEA0C0CAC4508D042F477
:10DABC0000524FF480550D600A600A68002AFCDAA7
:10DACC003D4A116901F00701994203D01361936C2F
:10DADC00DD03FCD486EA8423A40213F4E05F09D0AE
:10DAEC0026F4E05604F4E054334A26435661936C12
:10DAFC009907FCD43A493B4A0144914239D83A4BF4
:10DB0C00C909A3FB0131090B4B1E1B0286EA030258
:10DB1C0012F4407F06D026F4407603F44073264A74
:10DB2C0033435361244A536923F000735361936C5C
:10DB3C009B06FCD42D4BC845A3FB00234FF0FF32B2
:10DB4C00B0FBF1F14FEA9343B2FBF3F3284A1060B8
:10DB5C005160284A136008D227F01F07174A47EA7A
:10DB6C000807D7601368002BFCDABDE8F083734616
:10DB7C0065E74FF440730421C8E715490CF1FF34F5
:10DB8C00072311441C4A1D48A2FB01211C4D0A0D00
:10DB9C00362A38BF362202FB00F015437AE764467A
:10DBAC000023AC464FF0010E6CE71D4686F0C051C9
:10DBBC0022464FF0C05323E700C00F40000008403E
:10DBCC0000A4781F00800D4040300080FFB19F26DC
:10DBDC00808D5B00FF7EF64D6C20008000643F4D15
:10DBEC007FD1F0087F17B42C9F10E50083DE1B4318
:10DBFC001C450020403D0120819F5E16001BB70094
:10DC0C00002000807F30018010B5044618F0B8FC6D
:10DC1C00204610BD10B5044618F0B2FC204610BDCD
:10DC2C0010B5044618F0ACFC204610BD10B50446E7
:10DC3C0018F0A6FC204610BD70B5094B06460446EC
:10DC4C0000F50075036054F8040F08B118F098FC47
:10DC5C00AC42F8D1304618F093FC304670BD00BF92
:10DC6C00F420002010B5044618F08AFC204610BDA4
:10DC7C0010B5044618F084FC204610BD70B5094B55
:10DC8C000646044600F50075036054F8040F08B10D
:10DC9C0018F076FCAC42F8D1304618F071FC3046E6
:10DCAC0070BD00BFE020002010B50446C06A08B16A
:10DCBC0018F066FC206B08B118F062FC204618F0D6
:10DCCC005FFC204610BD00BF70B5094B06460446EC
:10DCDC0000F50075036054F8040F08B118F050FCFF
:10DCEC00AC42F8D1304618F04BFC304670BD00BF4A
:10DCFC000821002010B5044618F042FC204610BD47
:10DD0C0010B50446406808B118F03AFCA06808B198
:10DD1C0018F036FC204618F033FC204610BD00BF2E
:10DD2C000B682DE9F0475A690D467C4C8146A2429E
:10DD3C002DED068B8AB040F0CC8001F124079A6956
:10DD4C0077498A4240F0CE801A6805F2D56675494B
:10DD5C008A4240F0D08095ED067AF6EE006AD5ED59
:10DD6C00045AD5ED057A95ED036A37EE257A77EEF0
:10DD7C00867A27EE267A67EEA67A8DED077ACDEDB8
:10DD8C00067A00249FED689ADFED688ADFF8A0819F
:10DD9C00ADF816400EE0BDF81630A2B203EB43030B
:10DDAC0002EB4202F85A3B44B118B0529B788B708C
:10DDBC002B680134DA691FFA84FA424567D140F2C4
:10DDCC003B20504568D99B685246294608A898477D
:10DDDC00D9ED036ADDED097A9DED087A77EEA67A26
:10DDEC00D9ED025A9DED076A37EE257ADDED066A0C
:10DDFC0077EEC67A37EE667A27EEA70A77EEA87A20
:10DE0C0077EE090AA7EE070AB5EE400AF1EE10FA12
:10DE1C0076D4F1EEC09AB0EE670A16F04DFBB7EE71
:10DE2C00006AF6EE006A99ED047AF1EE007A86EE5D
:10DE3C00298AB0EE40AA28EE268A28EE078A28EE18
:10DE4C00278A16F071FCF0EE409AB0EE4A0A16F0F2
:10DE5C0067FB60EE087A69EE889AD5F800C05146E7
:10DE6C000DF11602FDEEE77A2846BDEEE97ACDED0E
:10DE7C00007A17EE103ADCF848A0D04700288AD177
:10DE8C00A3B203EB4303F218F052907090E72846CC
:10DE9C00904750452B6896D8002440F23A290CE064
:10DEAC004C4511D804EB44030134F05AF118FA181C
:10DEBC00A4B2F8528B7893702B68DB694345EFD092
:10DECC00284698478442EDD30AB0BDEC068BBDE8DA
:10DEDC00F087084690472B68114907469A698A4291
:10DEEC003FF432AF284690472B680E4906461A6815
:10DEFC008A423FF430AF294606A890472B6840E78A
:10DF0C00CDED037ACDED020A15F0EEFFDDED037ACF
:10DF1C00F0EE409ADDED020A7DE700BFF10500004E
:10DF2C00F5050000B50400000000000000004842A8
:10DF3C007D02000030B583B004461831069D009573
:10DF4C00F9F72CFF204603B030BD00BF2DE9F04F90
:10DF5C00AF4C85B0D4F84431DF070193C4F8443199
:10DF6C0052D5D4F8AC31002B49D0DFF8A8A2DFF899
:10DF7C00C4B20AF5137202F580520292C4F8AC31A5
:10DF8C00DBE90A20D4F8403143F40053C4F84031A3
:10DF9C00D4F840319D04F5D5D4F8403123F4005326
:10DFAC00C4F840314FF00113C4F8B431D4F8B47153
:10DFBC0017F00117FAD193B2CAF80872B3F5086FCB
:10DFCC0000F06F8300F25E8140F20235AB4200F04C
:10DFDC00388300F20F81822B00F0DE82B3F5817F53
:10DFEC0040F0C18010F0780F83B200F0DD834FF069
:10DFFC000113C4F8C031D4F8AC31002BBED1844B22
:10E00C00D3F8BC51002D47D1019B5E0615D5804A33
:10E01C00D2F8AC31C2F8AC31D2F8BC31C2F8BC3158
:10E02C00D2F8B031002BFBD14FF0FF307949C2F858
:10E03C00B401D2F88421C1F84432019BDC0104D52F
:10E04C00744BD3F8483203B19847019B580709D554
:10E05C006F4BD3F8843113F4007319D06D4B01223C
:10E06C0083F840226A4BD3F8482111060DD5019A4A
:10E07C0012060AD5674991F8A12232B1013AD2B2FF
:10E08C0081F8A122002A00F0908405B0BDE8F08F41
:10E09C00604A82F84032E5E7DFF878A1C3F8BC515A
:10E0AC00DAF80822154240F0AB83DAF8443215EA6C
:10E0BC000309A9D05FEA194728D0DFF878B14FF0EF
:10E0CC00010897FAA7F5B5FA85F50BEBC51ADAF83E
:10E0DC0070600AF1400AAEB13246002404E01268C6
:10E0EC000134012A00F0E183536813F08003F6D069
:10E0FC00CAF8302034B13046DAF8383036689847F0
:10E10C00013CF8D108FA05F5AF43DAD11FFA89F5CD
:10E11C00002D3FF479AFDFF81CB14FF0010895FAF0
:10E12C00A5F6B6FA86F60BEBC619D9F83070AFB176
:10E13C003A46002404E012680134012A00F0B88346
:10E14C00536813F08003F6D0C9F8302034B1384648
:10E15C00D9F838303F689847013CF8D108FA06F6F0
:10E16C00B543DCD150E7802B7FF441AF2A4B012221
:10E17C00AAF84C72CAF86832029BCAF86022CAF834
:10E18C006C32264A264BCAF86422CAF8703203F560
:10E19C00805203F50053CBF84C70CAF87422CAF8BD
:10E1AC007832204BCBF84830D4F8B03143F480337C
:10E1BC00C4F8B031D4F8B031002BFBD1CAF82832F6
:10E1CC00CBF80C300123CAF820328023CAF8243251
:10E1DC00154BCBF808304FF00113C4F8BC31D4F810
:10E1EC00B03143F00103C4F8B031D4F8B031002B96
:10E1FC00FBD100E7B3F5A06F00F08881A3F5D063E5
:10E20C00012B3FF6F4AE87B2160C0849084B18E008
:10E21C0000002E40C04E00200C5100208000020057
:10E22C000C71002020510020E050002024450020DB
:10E23C00802A00200000002019690C3300293FF4CB
:10E24C00D6AE1A88B242F7D15A88BA42F4D1320A01
:10E25C00032A00F00B831F89000C874228BF074656
:10E26C00B6F5007F40F00783B94B3A469AF8405216
:10E27C0003F16401B748002D08BF1946B54D17F0DE
:10E28C0067F938E342F22125AB4268D010D942F24B
:10E29C0021318B426DD04FF6C0018B427FF4A7AE7B
:10E2AC0010F47F4F87B27FF4A2AE47F46E47ABE712
:10E2BC00B3F5106F7AD042F22105AB427FF497AEE2
:10E2CC00030C072B7FF493AEA34BCBF80C70CAF85E
:10E2DC006832CAE9A2200122CAF860229F4ACAF811
:10E2EC00642203F58052CAF86C2203F50052CAF876
:10E2FC00702203F54052CAF8742203F58042303B79
:10E30C00CAF87822CBF80830D4F8B03143F00103C6
:10E31C00C4F8B031D4F8B031002BFBD1CAF8283294
:10E32C00CBF84C300123CAF8203248F28003CAF8EB
:10E33C0024328B4BCBF848304FF00113C4F8BC316E
:10E34C00D4F8B03143F48033C4F8B0314FF4803397
:10E35C00CAF80832D4F8B031002BFBD14BE680B2AE
:10E36C0038B9804BC2F307421B68CAF880328AF86E
:10E37C0084220023CAF82832CBF84C300123CAF887
:10E38C0020328023CAF82432754BCBF848304FF03A
:10E39C000113C4F8BC31D4F8B03143F48033C4F861
:10E3AC00B031D4F8B031002BFBD124E6C2F30742D4
:10E3BC006D4B6E4E39461A7080226D4BA6F184005F
:10E3CC00B946C4F8C8316B4BC4F8CC316A4BC4F8AD
:10E3DC00D0319AF84032002B15BF4FF40075402510
:10E3EC004FF000734FF4800314BF4FF008584FF0F8
:10E3FC0001580393AAF80052AAF8425216F0AAFF49
:10E40C0039464FF4807206F11C008AF85370AAF852
:10E41C00507016F09FFF39463760F7603C2246F883
:10E42C00A47C46F8987C55488AF831708AF830708C
:10E43C00CAF8E070C6E9017746E9287716F08AFF3A
:10E44C0001224F4B3946CBF848213C224D481C3613
:10E45C00CBF8403116F07EFFDAF84432012239460F
:10E46C00494843F00803CBF888213C22CBF8808143
:10E47C00CAF844324FF0E027444BDFF81881CBF850
:10E48C00B83116F067FF039B2A464546CBF840325D
:10E49C000123CBF848324FF40033C7F88C310123F9
:10E4AC00B56033601304C6F81C902A4443F0800313
:10E4BC00736005F58053F36005F50053336105F582
:10E4CC004053736105F58043B361BFF34F8F2B4607
:10E4DC00C7F85C3F20339A42FAD8BFF34F8FBFF393
:10E4EC006F8F082109F1010932462948FFF772F8AC
:10E4FC004FF40033894505F5007506F12006C7F881
:10E50C000C3100F01481BAF80022C4E70123CAF8D8
:10E51C002872CBF84C70CAF820328023CAF8243207
:10E52C000F4BCBF848304FF00113C4F8BC31D4F882
:10E53C00B03143F48033C4F8B031D4F8B031002B8F
:10E54C00FBD1130C5B0643F08073C4F8543152E5D5
:10E55C00102B00600000202050510020800007008C
:10E56C00E0500020383D0120303D0120A44F002018
:10E57C000200CC00C80002000200C80044010020C8
:10E58C0000001020840100204402002001BF000084
:10E59C00800100208020202083B210F078007FF4CE
:10E5AC0026ADC54903F07F0251F822201906AAF8BE
:10E5BC004C0200F17381D70700F17381BF4B01222C
:10E5CC00CAF86832029BCAF86022CAF86C32BC4A9C
:10E5DC00BC4BCAF86422CAF8703203F5805203F5BA
:10E5EC000053CAF87422CAF87832B74BCBF84830CB
:10E5FC000023CBF84C30D4F8B03143F48033C4F85A
:10E60C00B031D4F8B031002BFBD1CAF82832CBF89A
:10E61C000C300123CAF820328023CAF82432AB4BC9
:10E62C00CBF808304FF00113C4F8BC31D4F8B0313A
:10E63C0043F00103C4F8B031D4F8B031002BFBD156
:10E64C00D9E410F0780F83B27FF4D1AC03F07F02E1
:10E65C00994913F0800F51F8223014BF43F48033E2
:10E66C0043F0010341F822300023CAF82832CBF8DA
:10E67C004C300123CAF820328023CAF82432934B41
:10E68C00CBF848304FF00113C4F8BC31D4F8B0319A
:10E69C0043F48033C4F8B031D4F8B031002BFBD143
:10E6AC00A9E48B4A854B1278CAF868328AF84C2256
:10E6BC000122029BCAF86022CAF86C32854A814B4F
:10E6CC00CAF86422CAF8703203F5805203F500537D
:10E6DC00CBF84C70CAF87422CAF878327A4BCBF863
:10E6EC004830D4F8B03143F48033C4F8B031D4F8A6
:10E6FC00B031002BFBD1CAF82832CBF80C300123F7
:10E70C00CAF820328023CAF82432704BCBF8083078
:10E71C004FF00113C4F8BC31D4F8B03143F001030D
:10E72C00C4F8B031D4F8B031002BFBD163E46A4BA0
:10E73C00002580266948CAF848324A23C4F8845018
:10E74C002946C4F880303246D4F8483143F08073FF
:10E75C00C4F8483116F0FEFD614BCAF82462CBF8C0
:10E76C00A03003F13C43CAF8285203F56C23CBF8D4
:10E77C004C5003F56F73CBF8E0300123CAF820320C
:10E78C00524BCBF848304FF00113C4F8BC31D4F8DD
:10E79C00B03143F48033C4F8B031CAF80852D4F81D
:10E7AC00B031002BFBD126E403F07F02424913F079
:10E7BC00800F51F8223014BF23F4803323F001036F
:10E7CC0041F822300023CAF82832CBF84C30012310
:10E7DC00CAF820328023CAF824323C4BCBF848309C
:10E7EC004FF00113C4F8BC31D4F8B03143F480338A
:10E7FC00C4F8B031D4F8B031002BFBD1FFF7FBBB20
:10E80C00BAF8880242F2210100228842CAF8082292
:10E81C00DAF88C227FF449AC92B2002A7FF445AC32
:10E82C000AF5247292E80300AAF89C1286284FEA93
:10E83C001141CAF898028AF89E127FF436AC72B66F
:10E84C009AF8A02242F008028AF8A022D3F84821B4
:10E85C00160606D442F080028021C3F84411C3F896
:10E86C00482162B650238AF8A1321EE4000C0F78BE
:10E87C00874228BF0746B6F5E06F37D1194B3A46A9
:10E88C009AF84002A3F16401174D002808BF1946FD
:10E89C00284616F05DFE07236B702CE0D3037FF542
:10E8AC008DAE01238AF84C3288E6CAE90C3321E498
:10E8BC00C9E90C334AE400BFC0012E400C510020C2
:10E8CC00800002000C71002020510020E05000203C
:10E8DC00303D01208000010099AB00008000002039
:10E8EC005DCFC6B8742B006000002020434D3A4623
:10E8FC00284616F02DFEE9194048BFF34F8F4FF014
:10E90C00E0220346C2F8703F20339942FAD8BFF395
:10E91C004F8FBFF36F8F47B33B040122CAF86802D5
:10E92C0043F08003CAF86022CAF86432344B03F512
:10E93C008052CAF86C32CAF8702203F5005203F503
:10E94C004053CAF87422CAF878322E4BCBF84830B0
:10E95C000023CBF84C30D4F8B03143F48033C4F8F6
:10E96C00B031D4F8B031002BFBD101220023CAF80E
:10E97C0020228022CAF82832CAF82422224ACBF854
:10E98C000C30CBF808204FF00112C4F8BC21D4F89D
:10E99C00B02142F00102C4F8B021CAF80832D4F810
:10E9AC00B031002BFBD1FFF726BB91F8A02202F06F
:10E9BC00F70281F8A0222AB9D3F8482122F080026C
:10E9CC00C3F84821114B1B6E9B0700D4FBBE72B6DB
:10E9DC000F4B00200F4AC3F8400103F160430E496E
:10E9EC00A3F55F2311649D46BFF34F8F4FF40013C3
:10E9FC000A480B4ADB6902609B689847000020209C
:10EA0C000010202020510020E050002000441F4026
:10EA1C0000002E4000C00A4003002000008020208F
:10EA2C00000012EB72B6EFF30582664BC3F884203C
:10EA3C00EFF308804FF0E021634AD1F8284DC3F87A
:10EA4C008840D1F82C4DC3F88C40D1F8344DD1F816
:10EA5C00381DC3E924418169C3F89810C169C3F812
:10EA6C009C10D2F880305B07FBD5D2F88030574829
:10EA7C00C3F30B235649D0EDAA6A07EE903AD0EDBA
:10EA8C00AB5AF8EE666A90EDAC6AF8EEE77A90ED68
:10EA9C00A97A4C4CB8EE477A4A6A77EEE67A8B6ADA
:10EAAC0067EEA57AC7EE866A77EE667AC4ED287AA9
:10EABC00184614464A6A8B6A8342F9D1A242F7D1AE
:10EACC00404C0B21DB0B4348C4F8801043EA424313
:10EADC0041494FF0FF32414DC4F8A4300368202463
:10EAEC0004305A4002F00103013C01FB03F383EABA
:10EAFC005202F7D1A842F1D1324BC3F8A820BFF390
:10EB0C004F8F4FF0E0233349354AC3F8701FC3F8D9
:10EB1C00702FBFF34F8FBFF36F8F324A02253248ED
:10EB2C00D36E324943F44053D3660560D369304801
:10EB3C0023F07F0343F04003D3610B6883423DD83D
:10EB4C00294D00214FF0E0234FF0FF3229600126C0
:10EB5C00C5F808112749C5F80011C5F80861C3F8B4
:10EB6C008021C3F88421C3F88821C3F88C21C3F811
:10EB7C00902101E0FFF7EAF9D5F80C31002BF9D020
:10EB8C000134C5F80C614F2CF4D91B4B02201B49E6
:10EB9C004FF00042C1F840015A63D5F80C313BB933
:10EBAC0017481849104A0163D2F80C31002BFAD0DF
:10EBBC004FF0E023144AC3F80C2DFEE7FEF7F2FEEB
:10EBCC00BEE700BF00FF272000810D40C04E002093
:10EBDC0000400D4080FF27202083B8EDA8FF2720A0
:10EBEC00A0FF272000C00F40004008401C4500201B
:10EBFC00803DCD0B009F240000900D4000002E4066
:10EC0C0000800F40F100AD0B0400FA05FFF70ABFBE
:10EC1C002DE9F84F5A4D4468B5F80072C4F30E4410
:10EC2C00C6693C1B002C29DD95F8312095F8301075
:10EC3C00D3B28A420AD0EA1892F8340005EB4009A4
:10EC4C00B9F8E480C8F50072944251D9013300221E
:10EC5C0005EB4601082BA1F8402094BFDAB213460D
:10EC6C00A1F8E44085F831202B44D5F8E02083F856
:10EC7C0034601444C5F8E040BDE8F88F4FF0E02450
:10EC8C004FF4003305F580714FF0010CC4F88C3152
:10EC9C0075013C4B01EB461241F805C0380403EBFF
:10ECAC004623D66140F0800003F580511F4450602C
:10ECBC00D16003F500519360116103F5405151612E
:10ECCC0003F580419161BFF34F8FC4F85C3F203353
:10ECDC009F42FAD8BFF34F8FBFF36F8F08212A489A
:10ECEC00FEF778FC4FF40033C4F80C31BDE8F88F14
:10ECFC00244B08EB40202246A04403EB462B18443F
:10ED0C004FF0E02A594616F023FCD5F8E02005F523
:10ED1C008071A9F8E48022444FF4003438045B4637
:10ED2C00C5F8E0200125CAF88C41740101EB4612AC
:10ED3C0040F080000D510BF580515F445060D16064
:10ED4C000BF50051D66111610BF54051C2F808B0BA
:10ED5C0051610BF580419161BFF34F8FCAF85C3F55
:10ED6C0020339F42FAD8BFF34F8FBFF36F8F082128
:10ED7C000548FEF72FFC4FF40033CAF80C317BE743
:10ED8C00C04E002080202020800100202DE9F04F73
:10ED9C004FF0E0234D4D4FF4003285B0DFF8309149
:10EDAC0005F58078C3F88C2195F8304095F8313012
:10EDBC00E4B2DFF820A1A3427CD00134092C28BF97
:10EDCC0000242B1993F8347005EB4703B3F840106B
:10EDDC00B3F8E4B0ABEB010BBBF1010F18D9D5F8CC
:10EDEC00E02001EB47273A480131013AC05DA3F816
:10EDFC004010C5F8E0208DF80F004FF0E0234FF4E1
:10EE0C000032C3F80C219DF80F0005B0BDE8F08F5F
:10EE1C0001EB47215A467B020DF10F0049444FF09C
:10EE2C00E026019316F094FBD5F8E0C0E0B2B5F8FB
:10EE3C00001208EB4712ACEB0B0C019B4FF0010ED0
:10EE4C00C5F8E0C04B4485F830004FF400304FEA71
:10EE5C00471CC6F88C01080448F80CE0194440F033
:10EE6C008000D76103F500579360506003F5805024
:10EE7C00D06003F54050C2E9047003F58040906106
:10EE8C00BFF34F8FC6F85C3F20339942FAD8BFF3DB
:10EE9C004F8FBFF36F8F08215046FEF79BFB4FF44B
:10EEAC000033C6F80C31BBF1000FA6D195F8313008
:10EEBC00A34282D14FF0E0234FF400324FF0FF30E9
:10EECC00C3F80C2105B0BDE8F08F00BFC04E002088
:10EEDC0080202020800100202DE9F04F104D87B0BC
:10EEEC0006460021B5F90A20E86AD31DDFF834B0D4
:10EEFC0048BF02F10E03B5F90820DB1003FB02F248
:10EF0C0016F028FA0020019602461FFA80F9002319
:10EF1C000FFA80F800F0070A0BEB001C0CE000BFA6
:10EF2C00AC460120802A00205200D2B212F0800F91
:10EF3C000FD10133802B37D019B213F007069FB2D3
:10EF4C000C46F1D10CEBE10292F8842012F0800F08
:10EF5C00EFD0B5F90CE08E45EBDDB5F90E1041455F
:10EF6C00E7DDA97E022900F0B282032900F0A58218
:10EF7C000129B5F908E000F09A821F46564644462E
:10EF8C00002C03F10103B8BF0734802B4FEAE404D3
:10EF9C0014FB0E714FF00104EF6A04FA06F67C5C68
:10EFAC0044EA06047C54C7D101304028ADD1019EFF
:10EFBC00002140F20112BE4F96F8DC3069612A83C1
:10EFCC00002B00F092823A78D6F8D8301AB9B94AA8
:10EFDC00127803EB820302AC1968204613F0DEFFB3
:10EFEC00234600220D21032008F0F4F8029817F0B4
:10EFFC00C7FA3B78002B40F09082AE4B5B78023323
:10F00C004FF0000856F823A0CDF8108050468DF82C
:10F01C001480CDE9028816F03BFB814658B10130D3
:10F02C0017F0A6FA38B1514680F800800290CDE96D
:10F03C00039916F00FFA234601220D21222008F025
:10F04C00C9F8029817F09CFA3B78002B40F06982C3
:10F05C00984BDB7902334FF0000856F823A0CDF81B
:10F06C00108050468DF81480CDE9028816F010FB04
:10F07C00814658B1013017F07BFA38B1514680F80F
:10F08C0000800290CDE9039916F0E4F9234607229B
:10F09C000D21422008F09EF8029817F071FA3B7887
:10F0AC00002B40F03C82834BDB7820334FF0000880
:10F0BC0056F823A0CDF8108050468DF81480CDE979
:10F0CC00028816F0E5FA814658B1013017F050FA73
:10F0DC0038B1514680F800800290CDE9039916F0C2
:10F0EC00B9F9234603220D21622008F073F8029827
:10F0FC0017F046FA3B78002B40F023826D4BDB7AFD
:10F10C000C334FF0000856F823A0CDF81080504671
:10F11C008DF81480CDE9028816F0BAFA814658B100
:10F12C00013017F025FA38B1514680F80080029072
:10F13C00CDE9039916F08EF923460B221C210320EE
:10F14C0008F048F8029817F01BFA3B78002B40F0B7
:10F15C00F681584B9B7802334FF0000856F823A0E9
:10F16C00CDF8108050468DF81480CDE9028816F049
:10F17C008FFA814658B1013017F0FAF938B151467F
:10F18C0080F800800290CDE9039916F063F92346CC
:10F19C0002221C21222008F01DF8029817F0F0F929
:10F1AC003B78002B40F0C981424B1B7A16334FF051
:10F1BC00000856F823A0CDF8108050468DF8148026
:10F1CC00CDE9028816F064FA814658B1013017F087
:10F1DC00CFF938B1514680F800800290CDE90399FF
:10F1EC0016F038F9234608221C21422007F0F2FFC2
:10F1FC00029817F0C5F93B78002B40F09C812D4B01
:10F20C005B7920334FF0000856F823A0CDF810801E
:10F21C0050468DF81480CDE9028816F039FA8146F3
:10F22C0058B1013017F0A4F938B1514680F800807C
:10F23C000290CDE9039916F00DF9234605221C2105
:10F24C00622007F0C7FF029817F09AF93B78002B61
:10F25C0040F06F81174B5B7A22334FF0000856F861
:10F26C0023A0CDF8108050468DF81480CDE902888B
:10F27C0016F00EFA814658B1013017F079F938B111
:10F28C00514680F800800290CDE9039916F0E2F81F
:10F29C00234609222D21032007F09CFF029817F02A
:10F2AC006FF93B78002B40F04281024B1B7903E055
:10F2BC00A55001200850012002334FF0000856F8E9
:10F2CC0023A0CDF8108050468DF81480CDE902882B
:10F2DC0016F0DEF9814658B1013017F049F938B112
:10F2EC00514680F800800290CDE9039916F0B2F8EF
:10F2FC00234604222D21222007F06CFF029817F0E0
:10F30C003FF93B78002B40F010818F4B9B7A2233D6
:10F31C004FF0000856F823A0CDF8108050468DF819
:10F32C001480CDE9028816F0B3F9814658B101304A
:10F33C0017F01EF938B1514680F800800290CDE9E3
:10F34C00039916F087F823460A223C21032007F084
:10F35C0041FF029817F014F93B78002B40F0E38042
:10F36C00794B1B7B0233002756F8238004974046C9
:10F37C008DF81470CDE9027716F08AF9064650B173
:10F38C00013017F0F5F830B1414607700290CDE925
:10F39C00036616F05FF823463C210C222220002441
:10F3AC0007F018FF0298232617F0EAF8DFF89CC143
:10F3BC0021464FF0010EB7B24222002308E049006B
:10F3CC00C9B208060ED401330132402B92B23DD0A3
:10F3DC0013F0070F18B2F2D104EBE0001CF8001088
:10F3EC000806F0D510B2B5F90C808045EBDDB5F907
:10F3FC000E80B045E7DD95F81A80B8F1020F45D0C4
:10F40C00B8F1030F34D0B8F1010F28D0B5F908A02A
:10F41C00B946B046B8F1000F09F0070903F1010332
:10F42C0002F10102B8BF08F107080EFA09F9402BE6
:10F43C0092B24FEAE80818FB0A00D5F82CA01AF88B
:10F44C00008028EA09080AF80080C1D17E1C083423
:10F45C00B3B236B2432BAED107B0BDE8F08FB5F9DD
:10F46C0008A0804691460AF1FF30C01B00B2D1E7DC
:10F47C00B5F80A803046B5F908A008F1FF38A8EBBA
:10F48C0002081FFA88F90FFA88F8C3E7B5F908A043
:10F49C00B5F80A800AF1FF3008F1FF38801AA8EBA2
:10F4AC00070800B21FFA88F90FFA88F8B2E70EF1D4
:10F4BC00FF37A7EB09073FB262E56E89B5F908E0A3
:10F4CC00013EF61B074634B206F0070658E5B5F9BF
:10F4DC0008E06E890EF1FF31013ECF1BA6EB090649
:10F4EC003FB234B206F007064AE53A780AB9164B31
:10F4FC001B782C3302AC56F82310204613F04EFD2B
:10F50C002346032000220D2107F064FE029817F019
:10F51C0037F83B78002B3FF470AD00236FE50023E8
:10F52C00C3E5002396E500231CE70023EFE6002348
:10F53C00C2E6002390E6002363E6002336E60023B0
:10F54C0009E60023DCE500BF08500120AC3E012099
:10F55C0010B50446006817F013F8204610BD00BF24
:10F56C00026812B3114B124913441B1110B401EB76
:10F57C00830100240C6201219460FF24D1600D4AA8
:10F58C000D4913441C77137F547FA34228BF234695
:10F59C00947FD27FA34228BF2346934228BF1346B1
:10F5AC0081F87A305DF8044B7047704700BFF7BFA5
:10F5BC00C04E00201C45002000E400E0704700BF56
:10F5CC00704700BF704700BFF8B52DED028B90F867
:10F5DC003050F0EE408A0446092D00F2A5806A1CDA
:10F5EC0000EB8503D5B2012D80F8305083ED010A74
:10F5FC00D0ED017A00F0AB8090ED028AB4EEE78A90
:10F60C00F1EE10FA01D4B0EE678A022D52D0D4ED8F
:10F61C00037AB4EE678AF1EE10FA37FE888A032D6E
:10F62C0048D0D4ED047AF4EE487AF1EE10FA48BFE3
:10F63C00B0EE678A042D3DD0D4ED057AB4EE678A1E
:10F64C00F1EE10FA37FE888A052D33D0D4ED067A08
:10F65C00F4EE487AF1EE10FA48BFB0EE678A062D48
:10F66C0028D0D4ED077AB4EE678AF1EE10FA37FEA3
:10F67C00888A072D1ED0D4ED087AF4EE487AF1EE84
:10F68C0010FA48BFB0EE678A082D13D0D4ED097A72
:10F69C00F4EE487AF1EE10FA48BFB0EE678A092D05
:10F6AC0008D0D4ED0A7AF4EE487AF1EE10FA48BF9D
:10F6BC00B0EE678A256804EB8506D6ED0A7AF4EE7F
:10F6CC00487AF1EE10FA02D194F8313093B915F072
:10F6DC00FF0704F12C0306D01846BA0004F13001E0
:10F6EC0016F0CAFE034603EB8703002243F8042CF2
:10F6FC0086ED0A8A002D2DDD0023DFED187A1A46DF
:10F70C00013304EB8202DBB292ED0B7A9D4277EE71
:10F71C00877A1A46F4DC07EE105AB8EEC70ABDEC2D
:10F72C00028B87EE800AF8BD00F108012422043018
:10F73C0016F0A2FED4ED017A94ED028AC4ED0A8A89
:10F74C00F4EEC87AF1EE10FA3FF761AF5BE7B0EE7A
:10F75C00678AAFE7DFED017ADDE700BF000000004C
:10F76C0070B5074B0646044600F50075036054F867
:10F77C00040F08B116F004FFAC42F8D1304670BD4E
:10F78C00F4200020704700BF704700BF70B5074BD6
:10F79C000646044600F50075036054F8040F08B1E2
:10F7AC0016F0EEFEAC42F8D1304670BDE0200020E1
:10F7BC00F8B52DED028B90F8B460F0EE408A04465B
:10F7CC00272E0ED8721C00EB8603D0B2012884F8C9
:10F7DC00B40083ED010A94ED018A1DD004F10805F3
:10F7EC000BE000F108059C220430294616F044FE7B
:10F7FC0094ED018A3046C4ED288A29460123F1ECA8
:10F80C00017A0133F4EE487ADAB2F1EE10FA48BF1D
:10F81C00B0EE678A8242F2D3256804EB8506D6EDFA
:10F82C00287AF4EE487AF1EE10FA02D194F8B53059
:10F83C0093B915F0FF0704F1A40306D01846BA00DB
:10F84C0004F1A80116F018FE034603EB870300220F
:10F85C0043F8042C86ED288A002D17DD0023DFEDFC
:10F86C000D7A1A46013304EB8202DBB292ED297A4F
:10F87C009D4277EE877A1A46F4DC07EE105AB8EE02
:10F88C00C70ABDEC028B87EE800AF8BDDFED017A6A
:10F89C00F3E700BF00000000B7EE007AD1ED007A6C
:10F8AC009FED756AD1ED016A37EEC77A00B5B0EEFF
:10F8BC00C77A2DED048BB4EEC67A85B0F1EE10FA52
:10F8CC0040F18A80B0EEE67AD1ED025AB4EEC67AF7
:10F8DC00F1EE10FA00F19D80D1ED039A26EEA60A06
:10F8EC0092ED009AD2ED018A92ED028AA7EEA70A58
:10F8FC00A5EEA50AA9EEA90AB5EE400AF1EE10FA9A
:10F90C0000F1A680B1EEC07A9FED5C3A9FED5A2AC9
:10F91C00B7EE004A84EE076A66EE266A66EE277A30
:10F92C0066EE255A26EE837A68EE664A26EEA85ACB
:10F93C00A7EE897AE7EEA84AA7EE885A37EEC44AB2
:10F94C0026EE296AF1EE652AB0EEC44AA5EE887A55
:10F95C00E5EE834AA5EEC95AB4EEC24AF1EE463A38
:10F96C00F1EE10FAA6EE687AE6EE094AA6EE035A14
:10F97C0035D49FED426A27EE873A27EE634A27EE8D
:10F98C00866A22EE877AA6EEC96AA2EEA86AA3EE70
:10F99C00886AA3EE867AA6EEC63AA2EE864AA6EE50
:10F9AC00A47AA3EEA43AB0EE446AA7EEA46AA7EE3A
:10F9BC00857AF0EE434AE5EE854AA6EEC56AB0EECE
:10F9CC00475AC0ED004A80ED016A80ED025A05B03D
:10F9DC00BDEC048B5DF804FBD1ED025A7CE7B0EE74
:10F9EC00E64AB4EEC24AF1EE10FAC2D5B0EEE54AE0
:10F9FC00B4EEC24AF1EE10FABBD5B0EEC66AB4EE64
:10FA0C00C26AF1EE10FAB4D5B0EE646AF0EE474A71
:10FA1C00D7E7B0EEE57AD1ED039AB4EEC67AF1EE03
:10FA2C0010FA7FF55BAFB0EEE97AB4EEC67AF1EE80
:10FA3C0010FA7FF553AFD2F800C051689368C0F844
:10FA4C0000C04160836005B0BDEC048B5DF804FB25
:10FA5C000390CDED025ACDED016ACDED007A14F094
:10FA6C0043FA0398B0EE407ADDED025ADDED016AFF
:10FA7C00DDED007A48E700BF6F12833A000000000A
:10FA8C00D1ED096A92ED000AF5EE406AD2ED017AE9
:10FA9C0092ED027AF1EE10FA30B52DED028B91B0A9
:10FAAC000C4605468DED020ACDED037A8DED047AF8
:10FABC0050D1D4ED045AD4ED056A30EE650A94EDBC
:10FACC00088A94ED0B6A77EEE67ADFED626AA6EEB1
:10FADC00080A94F8283077EEA67A37EE267ACDED20
:10FAEC00037A8DED047A8DED020A5BB167EEA77A8D
:10FAFC00E0EE007AF4EE667AF1EE10FA00F1A580F1
:10FB0C00B1EEE70AF0EE480A14F0D8FCB0EEC00AE9
:10FB1C009FED506A002330EE000A2B80AB7094F8F6
:10FB2C002920C0EE087A77EE867ABBFE677ABCEEA7
:10FB3C00C77A8DED017A9DF8043052B303EB430381
:10FB4C00284623449A889B792A80AB7011B0BDEC6F
:10FB5C00028B30BD404A002309A905A809930A93DA
:10FB6C001388CDED0B6AADF8303053680D93936864
:10FB7C000E93D3680F930FF0A3FE02AA05A909A850
:10FB8C00FFF78AFE9DED090ADDED0A7A9DED0B7AF1
:10FB9C008FE75A1C06EE903AB7EE005A284607EE4D
:10FBAC00102AF8EE666AB3FA83F203EB4303B8EE5D
:10FBBC00C77A77EEE67A5209234437EE667A02EB7F
:10FBCC004202197914445A79C7EE875A9B7904EE8C
:10FBDC00102A227904EE903A637906EE902A03EE0D
:10FBEC00901A07EE103AA379F8EEE66A07EE903A0F
:10FBFC00B8EEC77AF8EEE33AF8EEE77AB8EEC44A14
:10FC0C00F8EEE44A35EE866A75EE465A66EE866A7A
:10FC1C0027EE067A67EE867AE3EEA56AA5EE847A7D
:10FC2C00E5EEA47AFCEEE66ABCEEC77AFCEEE77A67
:10FC3C0016EE901A17EE102A17EE903A29706A7089
:10FC4C00AB7011B0BDEC028B30BDB0EE670A14F096
:10FC5C004BF957E70000000000510120D1ED0A6A72
:10FC6C0092ED000AF5EE406AD2ED017A92ED027A3D
:10FC7C00F1EE10FA30B52DED028B91B00C46054625
:10FC8C008DED020ACDED037A8DED047A40F0BA8049
:10FC9C00D4ED055AD4ED066A30EE650A94ED098A66
:10FCAC0094ED0C6A77EEE67ADFED686AA6EE080A48
:10FCBC0094F82C3077EEA67A37EE267ACDED037ACF
:10FCCC008DED047A8DED020A5BB167EEA77AE0EE5A
:10FCDC00007AF4EE667AF1EE10FA00F1B280B1EE31
:10FCEC00E70AF0EE480A14F0E9FBF1EE007AB0EE08
:10FCFC00C00A9FED567A20EE270AC0EE087A77EEFE
:10FD0C00877ABBFE677ABCEEC77A8DED017A9DF8D7
:10FD1C000430022B13D800215A1C2980D2B2A970AE
:10FD2C0094F82D1099B103EB4303284623449A8889
:10FD3C009B792A80AB7011B0BDEC028B30BD0021D9
:10FD4C0000222980A97094F82D100029EBD1591CA0
:10FD5C0007EE103A02EB4202DFED3C3A05EE101AC8
:10FD6C00B8EE477A224403EB4303B8EEC55A284653
:10FD7C0077EEC77A1C441379F7EE005A35EE475AE2
:10FD8C0006EE903A537987EE856A07EE103A93792E
:10FD9C00227907EE903A637904EE102A04EE903A39
:10FDAC00A379F8EEE66AB8EEC77A05EE103AF8EEEB
:10FDBC00E77AB8EEC44AF8EEE44AB8EEC55A36EE25
:10FDCC00236A75EEC65A66EE866A27EE067A67EEE9
:10FDDC00867AE4EE256AA5EEA47AE5EE857AFCEE49
:10FDEC00E66ABCEEC77AFCEEE77A16EE901A17EECE
:10FDFC00102A17EE903A29706A70AB7011B0BDECF6
:10FE0C00028B30BD124A002309A905A809930A9355
:10FE1C001388CDED0B6AADF8303053680D939368B1
:10FE2C000E93D3680F930FF04BFD02AA05A909A8F6
:10FE3C00FFF732FD9DED090ADDED0A7A9DED0B7A97
:10FE4C0026E7B0EE670A14F04FF84AE7000000000E
:10FE5C0000510120D2ED007ADFED476A9FED477A21
:10FE6C0067EEA67A30B52DED048BC7EE878A0D466A
:10FE7C008DB00446B6EE009A68EE898AB0EE680A38
:10FE8C0014F04EFB2B78B0EE408A06EE903A6B786D
:10FE9C00B0EE680A07EE103AAB78F8EE666A07EE39
:10FEAC00903AB8EE477A28EE098AF8EE677ACDEDEB
:10FEBC00026A8DED037ACDED047A14F035FC02AABA
:10FECC0008A905A88DED080A8DED098A8DED0A8A21
:10FEDC008DED0B8AFFF7E0FCDDED057A9FED287ABE
:10FEEC00F4EEC77AF1EE10FA06DCF5EEC07AF1EE1C
:10FEFC0010FA3AD5002100E0FF21DDED067A9FEDE6
:10FF0C00207AF4EEC77AF1EE10FA06DCF5EEC07A40
:10FF1C00F1EE10FA22D5002200E0FF22DDED077A87
:10FF2C009FED177AF4EEC77AF1EE10FA06DCF5EED7
:10FF3C00C07AF1EE10FA0AD5002300E0FF23204628
:10FF4C0021706270A3700DB0BDEC048B30BDFCEE63
:10FF5C00E77ACDED017A9DF80430F0E7FCEEE77A14
:10FF6C00CDED017A9DF80420D8E7FCEEE77ACDEDD3
:10FF7C00017A9DF80410C0E7DB0F494000003443C0
:10FF8C0000007F432DE9F0470C46916805469A46E0
:10FF9C00D4ED0D7A92ED007AD2ED016A2DED028B43
:10FFAC009FEDA58A90B0F4EE487A0491F1EE10FA28
:10FFBC0004D094F87221002A00F0CB80FDEEE77A91
:10FFCC009E499FED9F6ADFED9F5A17EE902A81FBA9
:10FFDC000201D0171144C0EB21214FF4B47000FB87
:10FFEC00112207EE902AF8EEE77A37EEC66AB0EEE9
:04FFFC00C66AB4EE2F
:02000004600199
:10000000E56AF1EE10FA40F1E280B1EE477AD4ED04
:10001000097ABBEE046ADFED8F5A76EEE77A94ED4B
:100020000A5AD4ED073A37EE457A94ED084A67EE5E
:10003000A55ACDED027ADFED884AB3EE045A67EE99
:10004000066A8DED037AC5EEA37A86EE847A77EEA2
:10005000A47AFBFE677AFDEEE77A37EE057A17EEB3
:10006000902AFBFE477AFDEEE77AB2F5C36F17EEF2
:10007000901A69D2132967D8784FC817B4F87081DD
:1000800087FB01EC764E4FEA4809C0EBAC003668BE
:1000900087FB02C74FEAE27E844600EB8000CEEB8E
:1000A000A70EA1EB4000B6FBF9F109FB11669C21FC
:1000B00001FB0C4C40F201214645F44494BF00265C
:1000C00001269CF8387021FA00FC1CF0010F19D0B1
:1000D0005A2F39D9002E37D0216953461A980A6809
:1000E000009005A8146802AAA0475E4B284609AAFA
:1000F00005A90993FFF7B4FE284610B0BDEC028BAA
:10010000BDE8F0870EEB8E0EA2EB4E02C2F10902A3
:10011000D2B2D140CB07DBD4A7F12F01C9B24F290E
:100120007CD8514B03EB8101D1F88C140144013A86
:100130005A2F11F8011C41FA02F202F0010275D99E
:10014000002E6DD0002AC7D0B4F81720637E2A8015
:10015000AB70284610B0BDEC028BBDE8F087434A77
:1001600005A8D4ED0C5A118894ED0B6A76EEE56A79
:10017000ADF83010516837EE467ACDED036A0D9137
:100180009168D2680E9109A98DED027ACDED0B7AB6
:100190000F928DED098A8DED0A8A0FF097FB05A964
:1001A00009A802AAFFF77EFB9DED0B6ADDED097A37
:1001B00036EE086A9DED0A7AD4ED0B6AD4ED0C5A3E
:1001C00077EEA66A8DED046A37EE257A1FE79FED7C
:1001D000286A37EEC66AB0EEC66AB4EEE56AF1EE9A
:1001E00010FA06D5F1EE477AB1EE667AF0EE676A5C
:1001F0000DE79FED206A77EEC67AF0EEE77AF4EE2F
:10020000E57AF1EE10FA02D5F1EE666AFFE6F0EE5D
:10021000667AF0EE476AB0EE677AF8E6164985E747
:100220005A2F03D9002A7FF457AF8DE7002A8BD0CD
:10023000216953461A9C02AA08680094046828465B
:10024000A04786E700000000B7600BB60000B4428C
:10025000000034420000C3C40000C3446766666601
:10026000383D012000003443802A00200051012045
:100270000000344300008743042F0020D1ED857A2D
:100280009FEDBA7AF0EEE76AF0B5F4EEC76A0C4675
:100290000546F1EE10FA2DED068B8FB040F1D280BD
:1002A000D2ED008A91ED837A92ED018AD1ED847AC4
:1002B00078EEC78A38EE678AD4ED819AB1EE699AF2
:1002C000B4EEE89AF1EE10FA05DDF4EEE89AF1EEFC
:1002D00010FA00F1968094ED82AAF1EE4A7AF4EEDB
:1002E000C87AF1EE10FA05DDB4EEC8AAF1EE10FA04
:1002F00000F18780F0EE680AB0EE480A14F0E2F8E8
:100300009FED9B7A28EE088AC0EE077AA8EEA88AAD
:10031000B5EE408AF1EE10FA67EE8A8A00F11F818D
:10032000F1EEC8AA94F828349FED926A07EE903A4D
:1003300094F829249FED900AF8EE677A79EEA86A7E
:1003400039EEA95A36EE677AC9EEA75A66EE876A81
:1003500086EE857A77EE277AFCEEE77ACDED037AA2
:100360009DF80C30591C07EE103A07EE901AF8EE83
:10037000C76AB0EE497AF8EEE77AA5EEA67AA5EE5E
:10038000A79A78EEC78A39EE479AC8EE897A77EE4F
:10039000867A002A3DD127EE800A9E0014F0CAF921
:1003A000F7EE007AB6EE006AD4F8247237EEC00A8F
:1003B000BB19D3ED016A20EE060A93ED007A77EEC1
:1003C000C07A20EE260AA7EE270AF1EE6A7A94F8A0
:1003D0002A34F7EE006A87EE8A7A37EE267A002B07
:1003E0005BD1B1EE006ADFED657A0023E0EE067ABC
:1003F00076EEE77A77EEC77AF5EEC07AF1EE10FA8C
:100400007BD4002328462B80AB700FB0BDEC068B4D
:10041000F0BD27EE800A04EB830614F08BF9F7EEAB
:10042000007AB6EE006AD6ED8B6A96ED8A7A37EEE0
:10043000C00A20EE060A77EEC07A20EE260AA7EE62
:10044000270AC2E79FED4E7AD1ED84AA27EE878A6C
:10045000D2ED018A91ED83AAD2ED009A78EEEA8A74
:10046000B0EE480A14F066F9B0EE409AB0EE480AD1
:1004700079EECA9A14F05AF828EE898A60EE688AF2
:10048000A9EE808AE9EE898A3AEE888A7AEE288A8D
:1004900038EE6A8A78EECA8A0EE7DFED3A7AF1EE34
:1004A000045A94ED876A60EE277A36EE656A77EE35
:1004B000AA5AF4EEC65AF1EE10FAA2DD7AEEE77A05
:1004C000B4EEE76AF1EE10FA9BDD9FED2F6ADFEDE7
:1004D0002F7AE0EE46AAF4EEE7AAF1EE10FA2FDC4E
:1004E000DFED2B7AF4EEE7AAF1EE10FA89D576EE7D
:1004F000C06AD4F87C14002303E076EEC06AD4F816
:100500007C1476EEC76A0A68166806930793089308
:10051000CDED056A099305AA0A9304A80B930C93E1
:100520000D930BAB009308ABB047284604F5067259
:1005300004A9FFF795FC28460FB0BDEC068BF0BD73
:1005400030EE260AD4F87C1400230A6830EE470AFD
:1005500016680693079308938DED050ADAE7B0EE67
:10056000480A13F0C7FCF0EE40AADBE6CDCCCC3D48
:10057000DB0FC94000000000DB0F49409A99193E8B
:1005800035FA8E3C000016430000484200009642B7
:100590000000FA42D1ED857A9FED8D7AF0EEE76AA0
:1005A000F0B5F4EEC76A0C460546F1EE10FA2DEDF3
:1005B000088B8FB040F1DF80D2ED007AD1ED836AF5
:1005C00092ED018A91ED847A77EEE67A38EE478AE9
:1005D00094ED817AF1EE476AF4EEE76AF1EE10FAF3
:1005E00004DCB4EEE77AF1EE10FA07D500232B8095
:1005F000AB7028460FB0BDEC088BF0BDD4ED828AFD
:10060000B1EE689AB4EEC89AF1EE10FAEEDCF4EEB0
:10061000C88AF1EE10FAE9D494F82C3237EE275A52
:10062000F6EE00AADFED6B9A5A1E05EE903A37EE11
:10063000074A9FED690A06EE102AF8EE655AD4F8CB
:100640002472B8EEC66A94EDFDBAC7EE254A94ED61
:10065000FEAAB0EE467A3AEE4BAA96EE2A7A65EEFC
:10066000075A85EE847A37EE067ABCEEC77A8DEDAE
:10067000037A9DF80C309A1C06EE103A9E0007EEA5
:10068000102AF8EEC65AB0EE666AB8EEC77AA4EE43
:10069000A56AE4EE876A77EEC67A76EEC66A87EEDA
:1006A000A67A37EE297A27EE000A14F043F8BB1930
:1006B000F6EE085A93ED027AB7EE006AD3ED007AAF
:1006C00037EE4B7A77EECB7A36EE400A67EE256A44
:1006D00027EEA57A20EE2A0AC6EE8A7AC7EE0A6AC3
:1006E00076EE405A77EEA97A67EE807A36EEA97AEE
:1006F000E7EE257A28EEA77A27EE2A7AB4EEC87AB2
:10070000F1EE10FA7FF772AFDFED316AA9EE267ACB
:10071000B4EEC87AF1EE10FA7FF568AFB1EE488A10
:10072000D4F8F01377EE867A0BAB0A6804A888EE4B
:10073000287A166805AA009308ABCDED069ACDED90
:10074000079ACDED089ACDED099ACDED0A9ACDED37
:100750000B9ACDED0C9ACDED0D9A37EE067A77EE29
:10076000C77ACDED057AB04704F5067204A928468C
:10077000FFF776FB3DE79FED197AD1ED839A67EE9F
:10078000878A91ED84AA92ED009A92ED018AB0EEEB
:10079000680A13F0CFFFF0EE407A38EE4A8AB0EEE6
:1007A000680AF0EE678A13F0C1FE39EE699A60EECE
:1007B000487A28EE287AE9EE287AA9EE007A79EECE
:1007C000A77A3AEE078A77EEE97A38EE4A8AFFE6A8
:1007D000CDCCCC3D00000000DB0F494035FA8E3C0B
:1007E000D1ED857A9FED9C7AF0EEE76AF0B5F4EEF4
:1007F000C76A0C460646F1EE10FA2DED068B8FB057
:1008000040F1FC80D2ED007AD1ED836A92ED018A4D
:1008100091ED847A77EEE67A38EE478AD4ED816AF4
:10082000B1EE667AB4EEE77AF1EE10FA05DDF4EE99
:10083000E76AF1EE10FA00F1AC80D4ED828AB1EEF5
:10084000686AB4EEC86AF1EE10FA05DDF4EEC88A03
:10085000F1EE10FA00F19D8094F8243476EEA75A58
:100860009FED7E5A36EEA64A06EE103A94F82724FB
:10087000B8EE466A75EE463AC6EE864A65EEA35A6B
:10088000C5EE846A76EE866AFCEEE66ACDED036A12
:100890009DF80C30591C06EE103A06EE901AF8EE50
:1008A000C65AB0EE476AF8EEE66AA4EEA56AA4EE70
:1008B000A67A77EEC67A37EE467A87EE870ADFEDBC
:1008C000687A30EE050A002A6BD120EE270A9D00D7
:1008D00013F030FFB7EE007AF6EE007AD4F820720B
:1008E00037EE400A7B1993ED016A60EE277AD3ED6B
:1008F000006A94F8253437EE677A67EE867AE6EE7A
:10090000877AB0EE087A67EE877A002B69D0B0EE6E
:10091000C88ADFED526AB7EE006A76EEE86A38EE12
:10092000688AB1EE488A88EE267A37EE067A94F81D
:1009300026341BB1F7EE006A36EEC77AB4EEE77ADA
:10094000F1EE10FA25D8F7EE006AD4F878140023F7
:1009500004A80A6876EEE77A156805AA069377EE8A
:10096000C77A0793089309930A930B930C930D93FB
:100970000BABCDED057A009308ABA847304604F5E4
:10098000067204A9FFF76CFA30460FB0BDEC068B77
:10099000F0BD002330463380B3700FB0BDEC068B42
:1009A000F0BD20EE270A04EB830513F0C3FEB7EE7B
:1009B000007AF6EE007A95ED8A6AD5ED896A37EE0F
:1009C000400A94F8253460EE277A37EE677A67EEAE
:1009D000867AE6EE877AB0EE087A67EE877A002BA1
:1009E00095D138EE888A78EEA88AF7EE006AB1EEE3
:1009F000488A88EE287A37EE267A98E79FED197AAA
:100A0000D1ED839A67EE878A91ED84AA92ED009AE0
:100A100092ED018AB0EE680A13F08CFEF0EE407A97
:100A200038EE4A8AB0EE680AF0EE678A13F07EFD6F
:100A300039EE699A60EE487A28EE287AE9EE287A4B
:100A4000A9EE007A79EEA77A3AEE078A77EEE97A8C
:100A500038EE4A8AE2E600BFCDCCCC3D0000000073
:100A6000DB0F494035FA8E3CD1ED0A7AF5EE407A3B
:100A700070B5F1EE10FA96680C4605462DED048B24
:100A8000D2ED008A8EB092ED018ACDED008A8DED17
:100A9000018A029646D128EE080AA8EEA80AB5EE09
:100AA000400AF1EE10FA6BD4B1EEC09AF0EE680A8B
:100AB000B0EE480A13F006FDF0EE407AD4ED086A75
:100AC000B7EEC90A9FED337A67EEA67AD4ED098AAC
:100AD0009FED2E1B87EE878A13F030FA237B284682
:100AE000626807EE903AB7EEC00BF8EEE77AB0EE28
:100AF000487AA8EE807AFBFE476A37EE667A67EEA0
:100B0000877AFBFE677AFDEEE77A17EE903A03EB01
:100B10004303D118D25A8B782A80AB700EB0BDEC4B
:100B2000048B70BD1C4A002307A903A807930893F0
:100B30001388CDED097AADF8283053680B9393688C
:100B40000C93D3680D930EF0C1FE94ED057A03A9C2
:100B5000D4ED047A07A838EE478A6A4678EEE78A29
:100B600002968DED018ACDED008AFEF79BFEDDED4C
:100B7000078A9DED088ACDED008A8DED018A8AE70E
:100B800013F0B8F9B0EE409A90E700BF00000040C3
:100B90003333D33FDB0F49400051012030B583B0E0
:100BA00004462831069D0095FFF75EFF204603B0FE
:100BB00030BD00BF10B50446C06A08B115F0E6FCB0
:100BC000206B08B115F0E2FC204610BD10B50446BC
:100BD000406808B115F0DAFCA06808B115F0D6FC41
:100BE000204610BD70B5074B0646044600F500755B
:100BF000036054F8040F08B115F0C8FCAC42F8D1FA
:100C0000304670BD08210020704700BFF7EE007A23
:100C1000D2ED005A9FED357A92ED015A75EEE77AE2
:100C2000F0EEE77AF4EEC77AF1EE10FA3BD5F0EE8B
:100C3000C57AD2ED024AF4EEC77AF1EE10FA35D455
:100C400092ED034AD1ED017AD1ED002A25EE676AD3
:100C500091ED023A67EEA56AD1ED033A24EE677A88
:100C600067EEA47AA2EEA56AE2EE856AA2EEA47A05
:100C7000E2EE847AA3EE646AE3EE046AA3EE257AD8
:100C8000E3EE457AA3EEC46AE3EEE46AA3EE857A66
:100C9000E3EEA57A80ED006AC0ED016A80ED027A8C
:100CA000C0ED037A7047D2ED024AC9E7F0EEE47A6C
:100CB00092ED034AF4EEC77AF1EE10FAC2D5F0EEE7
:100CC000C47AF4EEC77AF1EE10FABBD5D1F804C0BD
:100CD0008A68CB68C0F804C08260C36000B5D1F8F0
:100CE00000E0C0F800E05DF804FB00BF6F12833A3B
:100CF000F7EE007A9FED377A10B52DED048B91ED6C
:100D0000008A86B00446D1ED018A78EE677AF0EE6B
:100D1000E77AF4EEC77AF1EE10FA36D5F0EEE87A1B
:100D200091ED029AF4EEC77AF1EE10FA30D4D1EDDB
:100D3000039A28EEA80AA8EE080AA9EE090AA9EE65
:100D4000A90AB5EE400AF1EE10FA3CD4B1EEC07A31
:100D5000204602A9F7EE006AC6EE877A27EE888A57
:100D600068EEE78A29EE679A67EEE97A8DED028AE6
:100D7000CDED038A8DED049ACDED057AFEF792FD57
:100D8000204606B0BDEC048B10BD91ED029ACEE773
:100D9000F0EEC97AD1ED039AF4EEC77AF1EE10FACB
:100DA000C7D5F0EEE97AF4EEC77AF1EE10FAC0D5C5
:100DB000106851689368206020466160A36006B0A7
:100DC000BDEC048B10BD019213F094F8019AB0EEC3
:100DD000407ABDE76F12833AF8B54FF0010C534BE0
:100DE000534E0746534D2DED028B53E8002F3168CB
:100DF0002C6843E800C2002AF7D14F4B5B684F4A8A
:100E00004FF47A701B1B97ED038A126800FB01F107
:100E10009FED4B0AF0EE480AA3FB0232824294BFD8
:100E20008918091807EE901AF8EE677A87EE800A9B
:100E300013F04AFB3B78C0EE087A042B73D8DFE846
:100E400003F0152D4467030037EEA77AB7EE000ACA
:100E5000B4EEC07AF1EE10FA05D567EEA77AB1EEDE
:100E6000000A27EE800ABDEC028BF8BDB6EE007AD0
:100E7000F4EEC77AF1EE10FA03DDB7EE007A77EE02
:100E8000677A97ED010A77EEA77A97ED027A37EE47
:100E9000407ABDEC028BA7EE870AF8BDF6EE005A49
:100EA00097ED010AD7ED026AB7EE007A9FED256A49
:100EB000F4EEE57A76EEC06AF1EE10FABDEC028B44
:100EC00077FE067AA6EEA70AF8BDDFED1F6A9FED52
:100ED0001F7A67EEA67A9FED1E0A97ED018A67EEEC
:100EE000877A87EE800A13F021FBD7ED027AF7EEBE
:100EF000006A77EEC87AB6EE007A30EE260A67EE20
:100F0000807AB0EE480ABDEC028BA7EE870AF8BDE6
:100F100097ED010A97ED027A37EE407ABDEC028B2D
:100F2000A7EE870AF8BD9FED070A9CE7343D012034
:100F3000383D01203C3D0120001000E0403D0120F3
:100F400000247449000000000000B443D00F494061
:100F50000000344338B5044614302DED048BFFF700
:100F60003BFF04F12400F0EE408AFFF735FF04F167
:100F70003400B0EE408AFFF72FFFDFED157ADFED8A
:100F8000156A04F23475B0EE679A9FED136A95ED19
:100F9000007A201DA8EEA69AF0EE678AE0EE267A87
:100FA00037EE067AE8EE268A85ED007AB0EE678A9B
:100FB000FFF712FF84ED219AC4ED228A84ED238A83
:100FC00084ED1B0A2B68BDEC048BC4F8A03038BD3F
:100FD0004260E53B0AD7A33B0AD7233B70B50446E2
:100FE00004302DED068BB0EE408A96B0FFF7F4FE8C
:100FF000DFEDDF7ADFEDDF5AB6EE009A68EE277A92
:10100000DFEDDD6AF2EE084A04F20C76B0EE496AD2
:10101000DFEDDAAA77EEA77A96ED007A9FEDD85A3F
:10102000A0EE246ADFEDD79A67EEA57A37EE2A7A2A
:10103000E0EE059AC7EEA68A86ED007A84ED116A85
:1010400068EE898AB0EE680A13F070FAB0EE408A52
:10105000B0EE680A13F06EFB256B28EE098AB7EE36
:10106000009A2B78F0EE408A06EE903A6B7830EEDC
:10107000499A07EE103AAB78B0EEC8AAB0EEC99A1A
:1010800007EE903AF8EE666AB8EE477AB4EEEA9A5E
:10109000F8EE677AF1EE10FA05D5B4EEEAAAF1EEB1
:1010A00010FA00F18C8128EE086A0023CDED036A66
:1010B0008DED047AB0EE460A0293CDED057AA8EEE6
:1010C000A80A30EE060A30EE060AB5EE400AF1EE46
:1010D00010FA00F1E482B1EEC07A12A802AA06A9C1
:1010E000F7EE006AC6EE877A28EE277A68EEA77ACE
:1010F000F1EE476A8DED077ACDED067A8DED087A2F
:101100008DED097ACDED0A7ACDED0B6ACDED0C6A45
:10111000CDED0D6AFFF77AFD01460AAA0EA8FFF78A
:1011200075FDDDED0F6A9FED986A9DED107AF4EE86
:10113000C66ADDED117AF1EE10FA40F32781FF2146
:10114000DFED916AB4EEE67AF1EE10FA00F32C814D
:10115000B5EEC07AF1EE10FA40F1828200229FEDE6
:101160008A7AF4EEC77AF1EE10FA00F32681F5EEF2
:10117000C07AF1EE10FA00F17A82FCEEE77ACDED5A
:10118000017A9DF8043084F8241084F8252084F82E
:1011900026309FED7A6AEB78B4EEC69A06EE903A66
:1011A0002B7907EE103A6B79F1EE10FA07EE903AD0
:1011B000F8EE666AB8EE477AF8EE677A40F1D181C8
:1011C000B4EEC6AAF1EE10FA40F1CB81FCEEE66A6D
:1011D000CDED016A9DF80410DFED6B6AB4EEE67A9E
:1011E000F1EE10FA00F31782B5EEC07AF1EE10FAC4
:1011F00040F13F8200229FED647AF4EEC77AF1EE6F
:1012000010FA00F31182F5EEC07AF1EE10FA00F157
:101210001382FCEEE77ACDED017A9DF8043084F874
:10122000271084F8282084F829309FED546AAB7980
:10123000B4EEC69A06EE903AEB7907EE103A2B7AA6
:10124000F1EE10FA07EE903AF8EE666AB8EE477AD9
:10125000F8EE677A40F12081B4EEC6AAF1EE10FAFA
:1012600040F11A81FCEEE66ACDED016A9DF80410AA
:10127000DFED456AB4EEE67AF1EE10FA00F366812E
:10128000B5EEC07AF1EE10FA40F1E18100229FED57
:101290003E7AF4EEC77AF1EE10FA00F36081F5EED3
:1012A000C07AF1EE10FA00F1D981FCEEE77ACDEDCB
:1012B000017A9DF8043084F82A1084F82B2084F8F1
:1012C0002C309FED2E6A6B7AB4EEC69A06EE903AF9
:1012D000AB7A07EE103AEB7AF1EE10FA07EE903A9D
:1012E000F8EE666AB8EE477AF8EE677A6ED5B4EE35
:1012F000C6AAF1EE10FA69D5FCEEE66ACDED016AF8
:101300009DF80410DFED206AB4EEE67AF1EE10FAF3
:1013100000F3B780B5EEC07AF1EE10FA40F190819B
:1013200000229FED197AF4EEC77AF1EE10FA00F37D
:10133000B180F5EEC07AF1EE10FA00F17F81FCEE9B
:10134000E77ACDED017A9DF8043084F82D1084F809
:101350002E2084F82F30C4ED179AC4ED189AC4EDEE
:10136000199A3368A36716B0BDEC068B70BD00BF39
:101370000000B443DB0F4940000034436F12833A4E
:101380006F12833B0AD7A33B00007F43F5EEC06A90
:10139000F1EE10FA13D55FED046A0021B4EEE67A9F
:1013A000F1EE10FA7FF7D4AE1FED097AFF22F4EECA
:1013B000C77AF1EE10FA7FF7DAAEFF23E3E6FCEE30
:1013C000E66ACDED016A9DF80410B9E628EE086AD8
:1013D0000023CDED036A8DED047AB0EE460A029348
:1013E000CDED057AA8EEA80A36EE000A30EE060A20
:1013F000B5EE400AF1EE10FA00F14281B1EEC07A8A
:1014000012A802AA06A9F7EE006AC6EE877A28EEAD
:10141000278A68EEA78AF1EE487A8DED078ACDED2E
:10142000068A8DED088ACDED0B7ACDED0C7ACDEDE7
:101430000D7A8DED098ACDED0A8AFFF7E7FB0146AB
:101440000AAA0EA8FFF7E2FBDDED0F6A1FED326A74
:101450009DED107AF4EEC66ADDED117AF1EE10FA28
:1014600000F3E880F5EEC06AF1EE10FA7FF544AFC4
:101470005FED3B6A0021B4EEE67AF1EE10FA7FF7F9
:1014800049AF1FED3F7AFF22F4EEC77AF1EE10FA72
:101490007FF74FAFFF2358E728EE086A0023CDED12
:1014A000036A8DED047AB0EE460A0293CDED057A1B
:1014B000A8EEA80A36EE000A30EE060AB5EE400A9B
:1014C000F1EE10FA00F1E180B1EEC07A12A802AAA2
:1014D00006A9F7EE006AC6EE877A28EE277A68EE4C
:1014E000A77AF1EE476A8DED077ACDED067A8DED9C
:1014F000087A8DED097ACDED0A7ACDED0B6ACDED46
:101500000C6ACDED0D6AFFF781FB01460AAA0EA811
:10151000FFF77CFBDDED0F6A1FED656A9DED107A2C
:10152000F4EEC66ADDED117AF1EE10FA7EDCF5EE2E
:10153000C06AF1EE10FA7FF595AE5FED6D6A00219D
:10154000B4EEE67AF1EE10FA7FF79AAE1FED727AFA
:10155000FF22F4EEC77AF1EE10FA7FF7A0AEFF2378
:10156000A9E628EE086A0023CDED036A8DED047A22
:10157000B0EE460A0293CDED057AA8EEA80A36EE43
:10158000000A30EE060AB5EE400AF1EE10FA00F15C
:101590008180B1EEC07A12A802AA06A9F7EE006A0D
:1015A000C6EE877A28EE277A68EEA77AF1EE476AC8
:1015B0008DED077ACDED067A8DED087A8DED097AFD
:1015C000CDED0A7ACDED0B6ACDED0C6ACDED0D6A4D
:1015D000FFF71CFB01460AAA0EA8FFF717FBDDED7B
:1015E0000F6A1FED976A9DED107AF4EEC66ADDED85
:1015F000117AF1EE10FA1BDCF5EEC06AF1EE10FA8A
:101600007FF5E4AD5FEDA06A0021B4EEE67AF1EE7D
:1016100010FA7FF7E9AD1FEDA47AFF22F4EEC77A46
:10162000F1EE10FA7FF7EFADFF23F8E5FF211FE69B
:10163000FF21D1E5FF2165E60023F0E5002384E6E4
:10164000BCEEC77A8DED017A9DF8042069E6BCEE08
:10165000C77A8DED017A9DF8042018E600232AE66A
:10166000BCEEC77A8DED017A9DF8042077E5002362
:1016700089E5BCEEC77A8DED017A9DF80420BAE5C4
:1016800012F038FCB0EE407ABAE612F033FCB0EE5D
:10169000407A1BE712F02EFCB0EE407A7BE712F0A6
:1016A00029FCB0EE407A18E510B5044604302DED63
:1016B000028BB0EE408AFFF78FFBF7EE007A84EDE5
:1016C000130A9FED077A0022064B37EEC80AA26381
:1016D000E36320EE070ABDEC028B84ED140A10BD13
:1016E0000000B443000096420B682DE9F0475A69A8
:1016F0000D46854C8146A2422DED048B8AB040F008
:10170000E48001F124079A6980498A4240F0E6802A
:101710001B6805F2D5667E4A934240F0E88095ED5D
:10172000067AF6EE006AD5ED045AD5ED057A95ED08
:10173000036A37EE257A77EE867A27EE267A67EE09
:10174000A67A8DED077ACDED067A002409F14400E2
:101750009FED709AADF81640FFF73EFBD9ED017A88
:1017600009F12400DFF8B08127EE800A89ED040A30
:10177000FFF732FBD9ED017A09F1340027EE800A38
:1017800089ED020AFFF728FBD9ED017A27EE800ADE
:1017900089ED030A0DE0BDF81630A2B203EB430356
:1017A00002EB4202F85A3B44B118B0529B788B705E
:1017B00001342B681FFA84FADA69424563D140F29A
:1017C0003B20504564D99B685246294608A8984753
:1017D000D9ED037A9DED098ADDED080A38EE278AF6
:1017E000D9ED026A9DED077A70EEA60ADDED067A64
:1017F00038EE478A70EEE70A28EE080AA0EEA00A43
:10180000B5EE400AF1EE10FA75D4F1EEC08AB0EEF2
:10181000480A12F057FEC8EE897A99ED041AF0EEE4
:10182000409AB7EEC11AB7EEE70A12F087FBB0EEA6
:10183000407BB0EE690AF7EEC78B12F07BFFB0EE8B
:10184000408AB0EE690A12F071FE60EE287A28EE46
:10185000288AD5F800C051460DF11602FDEEE77A50
:101860002846BDEEC87ACDED007A17EE103ADCF8C6
:1018700048A0D04700288ED1A3B203EB4303F2184F
:10188000F052907094E72846904750452B689AD8BC
:10189000002440F23A290CE04C4511D804EB4403F3
:1018A0000134F05AF118FA18A4B2F8528B789370F8
:1018B0002B68DB694345EFD0284698478442EDD337
:1018C0000AB0BDEC048BBDE8F087084690472B6852
:1018D0000E4907469A698A423FF41AAF2846904754
:1018E0002B680B4A06461B6893423FF418AF294603
:1018F00006A8984729E7CDED030A12F0FBFADDEDC3
:10190000030AF0EE408A82E7F1050000F5050000C9
:10191000B5040000000040427D020000DFEDCD7AFA
:1019200090ED017AB4EEE77AF1EE10FA40F291818F
:101930000B682DE9F04FDA690C46C74905468A4223
:101940002DED108B8BB040F0BC8140F23B22039216
:101950005A69C2498A4240F0A78104F124029B6976
:101960000292BF4A934240F0A88104F2D5630493E7
:1019700005F12C00F7EE00EAFFF72EFA2B7A95ED31
:10198000017AB0EE409A013BF0EE6EBA07EE903A63
:10199000039BF8EEE77AE7EE87BA002B00F046816A
:1019A00005F10C03FCEEEB7A4FF0000AF6EE009A1C
:1019B0000FEE903A05F11C03CDED017A55460FEE7E
:1019C000103A049B9FEDA7BADFEDA7AA98469FEDBA
:1019D000A7AA9FEDA7CA9DF80490059323682A46FD
:1019E000214608A89B689847F2EE047A9DED087A94
:1019F0002A462368214687EE27EA08A89B6898476D
:101A00009DED097A1FEE900AF1EE047AC7EE27DA0F
:101A1000FFF7E2F91FEE100AB0EE408AFFF7DCF99B
:101A2000B0EE40DAB0EE4E0AA8EE0B0A12F07EFDE0
:101A3000F0EE40CAB0EE6D0AADEE0B0A12F07AFE7F
:101A40007CEE80CAB0EE4E0A7CEEAECAA8EE2A0A40
:101A500012F06CFDF0EE408AB0EE6D0AADEE2A0A8F
:101A600012F068FE78EE808AB0EE4E0AA8EE0A0AFE
:101A700012F05CFDB0EE408AB0EE6D0AADEE0A0ADF
:101A800012F058FE7BEEEE7AB0EE6E7A38EE008AF7
:101A90006CEEA7CAACEEA97ABCEEC77A8DED017ADE
:101AA0009DF804304B4500F2D280012B38BF012352
:101AB00078EEAE8AB0EE6E7A68EEA78AA8EEA97AC2
:101AC000BCEEC77A8DED017A9DF804704F4500F2A7
:101AD000BC80012F38BF012738EE2E8A28EE278AD6
:101AE000F0EE6E7AE8EE297AFCEEE77ACDED017A37
:101AF0009DF804604E4500F2A680012E38BF0126F5
:101B000022682946B0EE490A2046D2F84CB007AA0E
:101B1000D84722683B46294639EE0C0A0746D2F8D8
:101B20004CB020460DF11E02D84722689FED510AA5
:101B300033462946D66C054639EE000A08AA2046E7
:101B4000B047002F7CD0BDF81C30029A03EB430352
:101B5000D35C88F8003035B1BDF81E30029A03EB33
:101B6000430313445D7888F80150002863D0BDF822
:101B700020300AF1010A029A03EB430313449B78D5
:101B800088F802301FFA8AF5039B08F10308AB427C
:101B90003FF624AF049A0299D3430B440A2B6BD926
:101BA0000398431E9BB2022B66D9C0F38F060B46E7
:101BB0000598111D06EB460602EB8606083250F822
:101BC0000C7B0C3351F80C5B52F80C4BB04243F8D1
:101BD0000C7C43F8085C43F8044CF0D1039E26F0DB
:101BE00003039BB29E4221D003EB4301049C029D60
:101BF0005A1C605A92B26852601896422944807802
:101C0000887013D902EB42020233A15A9BB2A95247
:101C1000A1189E422A448978917007D903EB4303A7
:101C2000E15AE218E9522B4492789A700BB0BDEC5D
:101C3000108BBDE8F08F0AF1010A88F80200A1E7D5
:101C400088F8007087E74E465AE74F4644E74B4610
:101C50002EE770476F12833A7D020000F105000005
:101C6000F5050000DB0F49425F6E5142E3CC59425B
:101C70000000F04200007043039B049903EB430211
:101C8000029B11440A4605990888033103338A42AE
:101C900023F8030C11F8010C03F8010CF4D10BB07C
:101CA000BDEC108BBDE8F08F204690472368074AB3
:101CB0009B69029093423FF458AE204698470490A7
:101CC00056E6204690472368039041E6F50500005C
:101CD000DFEDA27A90ED017AB4EEE77A2DE9F04FCC
:101CE000F1EE10FA2DED0A8B8BB0059040F2BD811C
:101CF0000E680C469A4A7369934240F02C8201F1B7
:101D000024030393B369974A934240F01F8204F27D
:101D1000D56304930023944ADFED94AA0093F369FA
:101D20009FED93AA9342DFED939ABDF8005040F0E7
:101D3000778140F23B20A84240F27881059FB7EEC0
:101D400000CA2A4621463B7A08A8B0EE4C8A97ED95
:101D5000017A013BF6EE00BA07EE903AB368F8EE6E
:101D6000E77AA7EE878A9847F2EE047A9DED097A22
:101D700007F10C0087EE27BAFFF72EF8F2EE007A93
:101D800020EE2A0A28EE2B8AA0EE27BAB0EE4B0AE4
:101D900012F0CCFBB0EE409A3BEE0A0A12F0C6FB02
:101DA000F0EE408A3BEE290A12F0C0FB39EE0C9AA5
:101DB00078EE086AFDEEC87AB1EE487A29EE269AE6
:101DC000CDED027AF0EE407ABDEEC76A9DF908804B
:101DD00099EE2B8A8DED016A9DF90420BDEEC86A4B
:101DE0008DED016A9DF90490C14500F36C81914528
:101DF000B8BF9146B7EE006AF6EE005A78EE868AD2
:101E0000B0EE476A68EEA68AA8EEA56ABDEEC66A7D
:101E10008DED016A9DF90470B845C0F25281974278
:101E2000B8BF1746F7EE005AB6EE006A77EEA57A0D
:101E300067EEA67AA7EE867AFDEEC77ACDED017A37
:101E40009DF90430984503DB9A42B8BF1A46904684
:101E500022680023DFF824B1166CADF81A305E4515
:101E6000ADF81C30ADF81E3040F03B819945294655
:101E7000ADF8205040F3678118463F4E2B464D4643
:101E8000B2468146566B564540F00781484601F6FA
:101E90007451A9461D4634F8111003464FF6FF70E1
:101EA000ADF8201081420DD00133994503D104E1F2
:101EB000994540F3028101F67451013334F8111051
:101EC0008142F5D1166C4FF6FF714FF0000A5E4566
:101ED000ADF81A1040F01181002F2946ADF82050BE
:101EE00040F32E810023244E3D46B1461F460B464B
:101EF000566B4E4540F0BE80184601F674513B4685
:101F00002F4634F8111005464FF6FF70ADF820103B
:101F100081420DD001339F4203D1BAE09F4240F38A
:101F2000B88001F67451013334F811108142F5D1B3
:101F3000166C4FF6FF714FF000095E45ADF81C10AE
:101F400040F0E680B8F1000FADF8205033DD0027F7
:101F5000094E4FF6FF7B29461CE000BF6F12833A03
:101F6000F1050000F50500007D020000DB0FC9400F
:101F700042E8054042E8854001070000F9080000FA
:101F800034F810105945ADF8201000F0A780B8457E
:101F900010D02268536B01F674500137B342EFD072
:101FA00008AA20469847002800F0C780B845BDF829
:101FB0002010EED10D460120ADF81E50BAF1000FF1
:101FC00000F08380BDF81A20BDF8003002EB420219
:101FD000049D03EB43030399895CEA18E954B9F1C2
:101FE000000F07D0BDF81C30039903EB43030B44EB
:101FF00093F8019082F8019030B1BDF81E3003993A
:1020000003EB43030B449878009B907001332668E0
:10201000534A0093F369BDF8005093423FF489AEF0
:1020200020469847A84226683FF688AE002540F231
:102030003A27DDE9038910E0BD4216D805EB4503D8
:10204000013539F8030009EB030108EB0302ADB2D7
:1020500028F803008B7893702668F369404A93420E
:10206000EAD0204698478542E8D30BB0BDEC0A8BF6
:10207000BDE8F08F019308AA20460137B047019BC5
:10208000002853D0BD42BDF8201022687FF430AF45
:102090001D46166C4FF001094FE7019308AA204630
:1020A00009F10109B047019B002838D04D45BDF822
:1020B000201022687FF4E6AE1D46166C4FF0010A30
:1020C00005E74746AEE6C14694E6BDF80030049900
:1020D00003EB4303CA1801F803A080E70D46002074
:1020E0006AE70DF11A024B4629462046B04722689E
:1020F0008246166C5E453FF4EFAE07AA3B46294682
:102100002046B04722688146166C5E453FF41AAF00
:10211000434629460DF11E022046B0474EE722688D
:1021200082461D46BDF82010166CD0E62268814616
:102130001D46BDF82010166CFFE6BDF820503BE7A9
:102140004FF00109F9E64FF0010AC0E62046984732
:1021500026680490DEE50846984726680390D1E596
:102160007D020000DFEDC67A90ED017AB4EEE77AE9
:102170002DE9F04FF1EE10FA2DED088B89B00390A8
:1021800040F278810B680C46BE495A698A4240F099
:10219000EE8104F1240202920022DB69DFEDBAAA8B
:1021A0000092BA4A9FEDBAAA9342DFEDBA9ABDF8FF
:1021B000005040F05A8140F23B20A84240F25A8140
:1021C000039EB7EE009A23682146327A06A8F0EE05
:1021D00049BA96ED017A013A9B6807EE902A2A46A1
:1021E000F8EEE77AE7EE87BA9847F2EE047A9DEDCB
:1021F000067A06F10C0087EE27BAFEF7EDFDF2EE47
:10220000007A20EE2A0AA0EE27BAB0EE4B0A12F0AE
:102210008DF9F0EE408A3BEE0A0A12F087F9B0EE33
:10222000408A3BEE290A12F081F978EE898A7BEE2A
:10223000C96AB6EE007AFCEEEB7A68EEA68ACDEDBE
:10224000017AF0EE407AA8EE879A9DF80480BCEE01
:10225000C97A8DED017A9DF80490C14500F248815C
:10226000B9F1010F38BF4FF00109B7EE007AB6EEB1
:10227000006A38EE078A28EE268AA8EE067ABCEEB7
:10228000C77A8DED017A9DF80470B845C0F02E81B3
:10229000012F38BF0127B7EE007AB6EE006A77EE5D
:1022A000877A67EEA67AA7EE867AFCEEC77ACDED3E
:1022B000017A9DF80430984503D3012B38BF0123E0
:1022C000984622680023DFF8D4B1566CADF812307E
:1022D0005E45ADF81430ADF8163040F02781294640
:1022E000ADF81850B9F1000F00F03E8118466A4E63
:1022F0002B464D46B2468146966A564540F0E380ED
:10230000484604EB4101A9461D46B1F8861D034627
:102310004FF6FF70ADF8181081420DD0013399458A
:1023200003D1DFE0994540F3DD8004EB4101013347
:10233000B1F8861D8142F5D1566C4FF6FF714FF012
:10234000000AADF812105E4540F0E7802946ADF86E
:102350001850002F00F0058100234F4E3D46B14636
:102360001F460B46966A4E4540F09A80184604EB8D
:1023700041013B462F46B1F8861D05464FF6FF70DA
:10238000ADF8181081420DD001339F4203D196E081
:102390009F4240F3948004EB41010133B1F8861D64
:1023A0008142F5D1566C4FF6FF714FF00009ADF840
:1023B00014105E4540F0AA80ADF81850B8F1000F37
:1023C00020D00027344E4FF6FF7B294609E0B0F8B5
:1023D000861D5945ADF8181000F09580B84510D00D
:1023E0002268936A04EB41000137B342EFD006AA9A
:1023F00020469847002800F0B180B845BDF8181075
:10240000EED10D460120ADF81650BAF1000F71D093
:10241000BDF81220BDF80030029D02EB420203EB32
:102420004303A95CEA18E954B9F1000F07D0BDF8DD
:102430001430029903EB43030B4493F8019082F8A4
:10244000019030B1BDF81630029903EB43030B4401
:102450009878009B907001330C4A00932368BDF874
:102460000050DB6993423FF4A6AE20469847A8424D
:102470003FF6A6AE09B0BDEC088BBDE8F08F00BFFB
:102480006F12833AF1050000DB0FC9407D020000A6
:1024900042E8054042E88540B106000075090000A9
:1024A000019306AA20460137B047019B00284ED071
:1024B000BD42BDF8181022687FF454AF1D46566C1B
:1024C0004FF0010973E7019306AA204609F10109BB
:1024D000B047019BA0B34D45BDF8181022687FF4AA
:1024E0000BAF1D46566C4FF0010A2AE74746D2E66D
:1024F000C146BAE6BDF80030029903EB4303CA189F
:1025000001F803A090E70D4600207CE743462946EA
:102510000DF116022046B04777E705AA3B4629464B
:102520002046B04722688146566C42E70DF1120200
:102530004B4629462046B04722688246566C02E741
:10254000226882461D46BDF81810566CF9E62268CE
:1025500081461D46BDF81810566C28E7BDF8185086
:1025600051E74FF0010922E74FF0010AE9E6204662
:102570009047236802900FE60B682DE9F04FDA6967
:102580000F46B74C2DED048BA2428DB0039040F066
:10259000498140F23B2205925A69B2498A4240F091
:1025A0003C8107F124099B69AF4A934240F0318195
:1025B00007F2D5630693039B03F10C00FEF70CFCB6
:1025C000059BB0EE408A002B00F01E81B7EE009A0A
:1025D000069BDFEDA68A0021CDF82490CDF810905F
:1025E000CDE90733039BB0EE497A1A7AD3ED016A3D
:1025F0004FF0000307EE902AADF82E30F8EE677A20
:10260000ADF82C30049B77EEC97A1E785D789C7803
:10261000A6EEA77AFCEEC77A17EE903A9BB2029329
:10262000002B50D04FF0010B0196A0465E468B4622
:1026300038683346B0EE480A0DF12E02C46C594694
:102640003846A047396833460BAAD1F84CA038EE7B
:10265000280A044659463846D047731CBDF82EC098
:10266000BDF82C205FFA83FE0CEB4C0C02EB42020F
:10267000764609EB0C0A74B119F80C40019B23440F
:102680009AF8014025449AF802409BB24444ADB206
:1026900001931FFA84F809EB020C70B119F802409B
:1026A000019B9CF801009CF80220234428444244EA
:1026B0009BB285B21FFA82F80193029B9E45B7D95F
:1026C000019E44465946029A01310598530089B249
:1026D000B6FBF3F6B5FBF3F5B4FBF3F4FF2E079B63
:1026E000A8BFFF26FF2DA8BFFF25FF2C1E70A8BF87
:1026F000FF2488429D705C7037D004980333033008
:1027000007930490002A7FF46DAFF7EE006A069FEE
:10271000DDF80CC09CF80830F0EE667A9CED016A9A
:1027200001EB410207EE103A013109EB020319F8FF
:102730000250B8EE477ABE185C7889B2987837EEC6
:10274000667AE7EE067AFCEEE77A17EE903A9BB2ED
:102750005B00B5FBF3F5B4FBF3F4B0FBF3F3BD544E
:102760007370059BB4708B42D4D8069AD3434B4404
:102770000A2B5CD905994B1E9BB2022B57D9C1F38A
:102780008F051346043205EB4505083309EB850533
:10279000DDE908010C3150F80C7B52F80C6B53F852
:1027A0000C4B8D4241F80C7C41F8086C41F8044C0C
:1027B000F0D1059D25F003039BB29D4224D003EB8D
:1027C0004301069C5A1C605A92B229F80100601815
:1027D000954249448078887016D902EB4202023350
:1027E000A15A9BB229F80210A118AB424A44897839
:1027F000917009D203EB4303E15AE21829F8031060
:102800009944937889F802300DB0BDEC048BBDE893
:10281000F08F384698470690CDE6384690473B689B
:102820008146C0E6084690473B680590B4E6059BA4
:10283000069A03EB43031A441346DDE90821108886
:1028400003320331934221F8030C12F8010C01F812
:10285000010CF4D10DB0BDEC048BBDE8F08F00BFCE
:102860007D020000F1050000F50500000000344382
:102870000B682DE9F04FDA690C46874D8246AA4273
:102880002DED048B89B040F0E88040F23B220392AA
:102890005A6982498A4240F0DB8004F1240B9B692B
:1028A0007F4A934240F0D08004F2D56304930AF14A
:1028B0002C00FEF791FA039BB0EE408A002B00F04B
:1028C000B0804FF00008049DDFED769A9FED769A78
:1028D0004146DFED768A05959AF80830B0EE697AC0
:1028E000DAED016AB0EE480A07EE903A23680DF17E
:1028F0001E020291F8EE677ADE6C2046A6EEA77AF9
:10290000FCEEC77ACDED007A9DF800300093B04719
:10291000009B226838EE090A02990746D66C2046C9
:1029200007AA01930091B0472268064638EE280AAC
:10293000D2F84C90204600990DF11A02019BC8472D
:10294000002F73D0BDF81E3003EB43031BF8033098
:102950002B7033462EB1BDF81C3003EB43035B44B0
:102960005B786B70002863D0BDF81A3008F101085D
:10297000033503EB43031FFA88F15B449B7805F8AA
:10298000013C039B9942A7D3DDE90429D3435B446F
:102990000A2B67D903994B1E9BB2022B62D9C1F354
:1029A0008F065B46111D06EB460602EB86060832D3
:1029B00059F80C5B0C3351F80C4B52F80C0BB14529
:1029C00043F80C5C43F8084C43F8040CF0D1039D29
:1029D00025F003039BB2AB4223D003EB4301049CDD
:1029E0005A1C605A92B22BF8010060189542594463
:1029F0008078887015D902EB42020233A15A9BB24B
:102A00002BF80210A1189D425A448978917008D978
:102A100003EB4303E15AE2182BF803105B4492786E
:102A20009A7009B0BDEC048BBDE8F08F2F7090E771
:102A300008F10108039B033505F8010C1FFA88F122
:102A40008B423FF649AF9FE72046984704902EE718
:102A5000204690472368834621E70846904723682D
:102A6000039015E7039B049903EB43025B46114473
:102A70000A46B9F8001009F103090333914523F818
:102A8000031C19F8011C03F8011CF2D109B0BDECBC
:102A9000048BBDE8F08F00BF7D020000F10500004F
:102AA000F5050000000000000000F0420000704347
:102AB0002DE9F04F824687B09820059113F05EFD16
:102AC0009AED077AF6EE004ADAED087A24229AEDBA
:102AD000033A0023DAED042A00F10801DAED053AA1
:102AE00073EE075A9AED064A32EEA75A37EE236A7A
:102AF000026077EE846A042265EEA45A036125EE33
:102B0000245A426026EE246A80ED053A66EEA46AF5
:102B1000C0ED062A80ED077AC0ED087AC0ED095AAB
:102B200080ED0A5A436380ED0E7AC0ED0F2AC0EDA6
:102B3000103AC0ED117A80ED126A80ED135A836568
:102B400080ED173AC0ED187A80ED197AC0E90233AA
:102B5000C0E90B33C0E9143380ED1A4AC0ED1B5AAB
:102B6000C0ED1C6AC36780ED207AC0ED217AC0ED0C
:102B7000223A80ED234A80ED246AC0ED256ABAF836
:102B800000200293CAF804100193C0E91D33DAF85B
:102B90000800002A60D04FF0000910E0019A791C6B
:102BA000AB68013243F8276093B22980BAF800205D
:102BB000019309F101091FFA89F393424CD2DAF823
:102BC00004501FFA89F3029950F823600D4496EDE2
:102BD0000D7AD5ED057AD6ED0E6AB4EEE77AF1EE10
:102BE00010FAE6D596ED0F7AD5ED037AB4EEE77AD2
:102BF000F1EE10FADDDDD5ED067AF4EEE76AF1EEDE
:102C000010FAD6D595ED047AD6ED107AB4EEE77ABF
:102C1000F1EE10FACDD52F886C88A742BED1002FD7
:102C200050D14FF008082020D5F808B013F0A6FCCA
:102C3000A860002340F824300134A4B2A045F8D89D
:102C4000BBF1000F03D0584613F0A0FC2F88DAF830
:102C50000800A5F80280A1E7029B2433902B029381
:102C600097D118B113F092FCBAF800200023CAF8EB
:102C70000830019BB2EB530F1ED9059C0134E4B21E
:102C8000082C19D0DAF804301A88082A00F2A98032
:102C90009A8C03F12400082A00F29D80B3F84820A2
:102CA00003F14800082A00F29080B3F86C2003F189
:102CB0006C00082A00F285800023AAF8003007B0D3
:102CC000BDE8F08F4FEA4708D5F808B01FFA88F83A
:102CD0004FEA880013F052FCA860B8F1000FAFD0A3
:102CE00047453946CBF3020228BF414608290B4627
:102CF000049194BF00230123002A18BF0023002B56
:102D000050D00BF10403C31A082B4BD900290B46F2
:102D100000F1200C00F1100208BF01230BF110019B
:102D20001C460393324BA408013CA4B20CEB041CD8
:102D30001C0C03F1040E1032002310316EF30F034C
:102D4000624504F1040E04F1010411ED086B11ED6C
:102D5000067B6EF31F43A4B202ED086B02ED067B07
:102D6000E6D1039921F003028A4293B216D05C1C8B
:102D700004995BF82320A4B240F823208C420DD2A2
:102D80005BF8242040F824209C1CA4B28C4205D27D
:102D90005BF82420033340F824209CB2A0453FF682
:102DA00048AF4DE7ABF10402031F0024DDF810C06B
:102DB000013452F8041FA4B243F8041FA445F7D805
:102DC000ECE72146FFF774FE76E72146FFF770FE39
:102DD000DAF8043069E72146FFF76AFEDAF80430D2
:102DE0005CE718462146FFF763FEDAF804304FE748
:102DF00002000300054B022888BF034610B41C687C
:102E0000184663685DF8044B184700BF3C45002036
:102E100041F2BB03984200F212812DE9F047DFF83E
:102E20005482C2B00D4698F80030002B00F0E880C4
:102E30008208854B00F00300844EA3FB0213D11AD5
:102E400003EB51035C09824B40EA8409C4EB841410
:102E5000141B36F814E023444FEA4E001F0300EB26
:102E60000330B0EB033F40F2EB803B464FF0FF0CEA
:102E70001A880233D1B2894508BF4FEA122C984212
:102E8000F6D8654500F0AA80BEF5006FC0F0A980B5
:102E90000DF108084FF48072FF21404612F060FAED
:102EA00007F5805CB81C3A46844534BF01204FF4D6
:102EB000006007EB4000134602321B889042D9B2F3
:102EC0004FEA132308F80130F5D108F8095072B61B
:102ED000604B0022604999610221D96140F20641AC
:102EE000C3F8F012C3F8F422C3F8F822C3F8FC22A6
:102EF000C3F8A0204FF47022C3F8A4200122C3F825
:102F0000B020BFF34F8F07F120034FF0E0219C4525
:102F100028BF80223B4607EB4212C1F85C3F2033BA
:102F20009A42FAD1BFF34F8FBFF36F8F494A53696B
:102F3000D807FCD5494B012149483B405161C2F8B3
:102F4000F002C2F8A0304FF47023C2F8A430C2F8E7
:102F5000B010404A5369D907FCD50121414B0020EC
:102F6000DFF814C15161404DC2F8F032C2F8F402EA
:102F7000384AC2F8B810C2F8A000C2F8A4C0C2F81B
:102F8000B0105369DB07FCD551612B78DB07F0D417
:102F9000136843F0010313602E4A136813F001080D
:102FA000FBD162B60DF107090DF2071A4D4615F86F
:102FB000012F07EB48000DF106016B1EFF2AA3EB62
:102FC000090307D043EA022308F10108ADF80630EF
:102FD0000FF084F95545EAD126F8148042B0BDE8D7
:102FE000F08749EA052902A9ADF808900FF076F9B3
:102FF00036F81430013326F8143042B0BDE8F087BB
:103000001A4E4FF6FF711A4C06F17E07A4F5805355
:103010004FF0000C03E0A3421FFA8EFC05D21A8881
:103020000CF1010E02338A42F5D126F802CFBE42DE
:1030300004F58054EAD1012388F80030F8E670479F
:103040004FF0FF0C1DE700BF054110041850012090
:10305000C007060000802A40F05AF05A00F0FF0036
:10306000200418080504012400812A40165001207C
:1030700000107C600450012001000F0038B5234B84
:10308000234A1B781268362B39D82249180101EBE4
:1030900003130958DB688968194230D01E490B7840
:1030A000C3B11E4800241E4DD0F8B4320C70D31AA0
:1030B00029888B4212DD1B4D1B4BC0F8B4222878A7
:1030C000195CFFF7A5FE2B780133DBB20C2B1AD964
:1030D0002C7038BD114BC3F8B42238BD322BF8DD4B
:1030E000104B1149C0F8B4221A78104B985C8B5CD5
:1030F0000133DBB298428B54EBD88C5438BD064B6D
:1031000001221A7038BD2B7038BD00BF015001205C
:10311000383D0120381D002000500120C04E002005
:103120000250012018510120085001209850012020
:103130000A490A6B38B108B513180948834204D804
:1031400010460B6308BD1046704712F003F90C23BC
:103150004FF0FF320360104608BD00BF1C45002041
:1031600000002820002070474FF0FF30704700BF5C
:103170004FF4005300204B60704700BF01207047A0
:103180004FF0FF30704700BF30BFFDE738B51F4D2F
:1031900095F8343063B31E4C94F8B82242BB012238
:1031A00084F8B822DA0724D400225B0784F8B82216
:1031B0001ED5D4F8BC32DBB1EFF30583C3B9EFF30E
:1031C000108272B6D4F8BC02E0B194F8C032CBB928
:1031D000012184F8C0124169C4F8BC1201B18B61AD
:1031E00002B962B6002583684577984784F8C052D3
:1031F00038BDD4F8E020002AD6D1FFF7C7FF95F8F4
:103200003430D1E7002AF3D162B638BD1C45002026
:10321000C04E0020F8B5464B1D782A2D73D8454F77
:1032200097F8C132002B5AD1434B2B4493F8CC353D
:10323000FF2B68D01C0669D4404C2360236AD80752
:1032400004D4FFF7A3FF236AD907FAD53B4BD3ED8C
:10325000097AF8EEE77A3A4D00263A4C2A883A483D
:10326000238800EB8200013238492A805A1CC0EDC5
:10327000007A92B201EB820201EB830102339BB22E
:10328000C1ED007A1660B3F5007F238000D2F8BD4F
:103290002F4C2268FAB12F4B0021264813441B11F2
:1032A00000EB8300016201209160D060FF202A4A78
:1032B00013441877537F107F957F834228BF0346BE
:1032C000D07F264AAB4228BF2B46834228BF034605
:1032D00082F87A302160224B01221A70F8BD174C17
:1032E000204E01E0FFF752FFA36C1B06FAD4B36C2B
:1032F00013F08003F6D187F8C1320F4B2B4493F8BB
:10330000CC35FF2B96D1DFED187AA4E7154C03F0EE
:103310007F032360236ADA0704D4FFF737FF236AA9
:10332000DB07FAD50F4BD3ED097AF8EEE77A92E78F
:1033300018470120C04E0020802A002000400C4089
:10334000264701201A470120DC5F0120DC530120C1
:10335000FC44002000BFF7BF1C45002000E400E053
:103360002447012000800C40000000002DE9F84FA8
:103370000121224C224E8146224D54E8003F326802
:10338000286844E80013002BF7D11F494B684FF41D
:103390007A7BDFF878A01B1A01270BFB02F8DAF81A
:1033A0000020A3FB02325A4594BF9044D84454E80D
:1033B000003F3268286844E80073002BF7D14B685F
:1033C000DAF800C01B1A0BFB02F2A3FB0C3CBCF5A5
:1033D0007A7F94BF624402F57A72A2EB0802B2F5DA
:1033E0007A7F06D3B9F1010908F57A78DFD1BDE813
:1033F000F88FFFF7CBFE0449D9E700BF343D012029
:10340000383D01203C3D0120001000E0403D0120FE
:10341000054B10B5D3F8E0400CB1204610BDFFF7C6
:10342000B5FE204610BD00BFC04E00202DE9F04F74
:1034300085B08A460290002900F0E480724C002397
:10344000724E04F1600BDFF8D491019394F853505D
:103450000123B4F8501084F852306B010BEB451780
:103460000393002940F0CA800D46084688461FE0B5
:10347000BFF34F8F84F8528000B9356894F8C23298
:10348000002B40F09C8033685B1B782B00F29B8004
:1034900099F80030002B00F09280FFF777FE0123AF
:1034A000B4F85010184684F85230002940F0928049
:1034B0007B6813F08003DBD14FF4006294F8535023
:1034C00084F8C2321146A4F8502003EBC520DFF87F
:1034D000508192454FEAC525404418D25246039187
:1034E000029912F03BF8039B494AA3EB0A03A4F8A4
:1034F00050304FF04043C2F88430BFF34F8F0198F3
:103500000023504484F8523005B0BDE8F08F029992
:10351000454412F023F80123039A4BF802303D4B47
:10352000BD607B6005F58053FB6005F500533B6192
:1035300005F540537B6105F58043BB610023FB61CA
:10354000BFF34F8F05F5006105F120034FF0E02038
:10355000994234BF0121402105EB41118B42C0F853
:10356000705F1D4603F12003F8D1BFF34F8FBFF307
:103570006F8F4FF480113A462748FAF731F894F8E4
:1035800053300133DBB2032B2AD8019A84F853302D
:10359000B4F850301A44AAEB030A0192029A1A4472
:1035A000002302921A4AA4F85030C2F88430BFF3C4
:1035B0004F8F84F85230BAF1000F7FF447AF019873
:1035C00005B0BDE8F08F0123019884F8C23205B040
:1035D000BDE8F08F94F853500A46C1F5006374E7D4
:1035E000B4F85030019AAAEB030A1A440192029AE5
:1035F0001A440023029284F85330D3E70A46C1F5F7
:10360000006362E70846DBE7C04E0020383D01203A
:1036100000002E408000000840020020303D0120C4
:1036200080002020094B00B583B01B788DF807106F
:103630003BB101210DF10700FFF7F8FE03B05DF883
:1036400004FB03F0FF0003B05DF804FB303D0120F4
:103650000000000000B5D2F804E0D2F800C0C1F8C4
:1036600004E0D2F808E0C1F800C0C1F808E0D2F8E0
:103670000CE0C1F80CE05168C0F800C041609168EE
:10368000D2688160C2605DF804FB00BFB2EE0A7AC6
:10369000D0ED007A4168074A67EE877A064BC0EDA5
:1036A000007A51604168C2ED007AC3ED077A196271
:1036B000704700BF6C47012074470120D0ED017AAC
:1036C00090ED006A67EEA77AD0ED026A90ED037A7A
:1036D000E6EE067AE6EEA67AE7EE077AF5EE407AAF
:1036E000F1EE10FA02D4B1EEE70A7047B0EE670AC5
:1036F00010F000BCD1F804C08A68CB6800B5D1F8DE
:1037000000E0C0F804C0C0F800E08260C3605DF86B
:1037100004FB00BF30B40F4B4FF0010C0E4D0F4CAB
:1037200053E8002F2868216843E800C2002AF7D137
:103730000B4B5B680B4A5B1A4FF47A71126801FB02
:1037400000F0A3FB023230BC8A4294BF80184018BC
:10375000704700BF343D0120383D01203C3D012031
:10376000001000E0403D012070B50E4C4FF6FF7E8A
:103770000D4E04F17E05A6F58053002102E0B34210
:1037800081B204D21A88481C02337245F7D124F85A
:10379000021FAC4206F58056EDD1044B01221A708F
:1037A00070BD00BF1650012000107C600450012045
:1037B000A44B40F2EE26A44C1D682DE9804895B03C
:1037C000FFF7E4FCA14B1B78002B01F0B68094F8C6
:1037D0008432DB0741F1B1809A4B1B68D4F8802218
:1037E0009B1A0E2B41F2A980984B1B781BB10C2120
:1037F0009748FFF71BFE954B40F60D221B78ADF85E
:103800002C20002B01F00B810BAB022118460BEE94
:10381000103AFFF70BFE8F48F2F7A4FF6420FFF782
:10382000A5FD8D4BDFF87CB203938A4B9FED8B9AFD
:1038300003F530449FED818B824B9FED897A1A68A6
:10384000884BA3FB021341F288311B0B01FB1322AF
:10385000012107EE902AF8EEE77AC7EE879A5BE837
:10386000003F784B804A1B6812684BE80010002824
:10387000F5D17E49824649688A1A7D490968A2FBCA
:1038800001214FF47A7202FB03F3914294BF5B185B
:103890009B18704AC2F8F0300022764B764943F804
:1038A000102B8B42FAD1754B1B78002B40F06C87A4
:1038B000734A7449537815460846127803EB83031C
:1038C00003EB83030533DBB281F8A23191F8A41135
:1038D000002900F0C98780F8A031AB7803EB83039F
:1038E00003EB83030533DBB280F8A33180F8A13109
:1038F000584B93F8A832002B00F0F484062A40F0CD
:103900005487039AF7EE003A5F4B9FED605AC3F875
:10391000342F03F58053504A93F83961A3F53B7572
:103920000392002E40F01A841368C5F82432043242
:10393000574B04359342F4D1564BB3F84020A3F5CE
:10394000805393F878605AB303F6C6710023084693
:1039500004E001339DB2AA4241F23B8030F8025F9D
:10396000B542F6D14C4D03F2D2234FF07E5005EB19
:10397000830395F87A50C3F88400002303E00133F1
:1039800098B282420CD931F8020FA842F7D1424ACC
:1039900003F2D22302EB83034FF07E52C3F884205C
:1039A0003D4B00201F6FA3F50053014693F8E4211F
:1039B00002E0C1B2914221D8264D01F5CB7301300E
:1039C00005EB8303354DD3F83C3BAB42F1D1A5F574
:1039D000516389B2B3F8846086B1A5F6B64000237E
:1039E00003E001339DB2AE4208D930F8025F8D4248
:1039F000F7D12B4901EB8303C3F8C8730020224B96
:103A0000014693F8905802E0C1B28D425AD31E4B42
:103A10000130224E03EB8103D3F84038B342F3D197
:103A2000A6F5516389B2B3F83067002E4AD003F28D
:103A3000067000233CE000BFAFF30080FFFFFFFFF4
:103A4000FFFFEF7F383D0120C04E0020303D0120B8
:103A5000C840002094510020DC510120CDCCCC3D49
:103A600000409C455917B7D13C3D0120001000E0B3
:103A7000403D0120AC3601204C380120A5500120EA
:103A80000850012094D10020946100200000000023
:103A9000DC5301209491002094810020A46E00202A
:103AA000D45C0020343D012001339DB2AE4209D9DF
:103AB00030F8025F8D42F7D1F233694901EB83039D
:103AC000C3F8EC7100200146664D01F5CB7301305F
:103AD00005EB830305F64C25D3F83C3BAB4200F0E5
:103AE0005B87C1B28A42EFD2B0EE690A5D48F4F753
:103AF000ABFA5D494FF07E53002501F5D1622E46A9
:103B0000136001F5D362136013E0D4F8E00F03688B
:103B10009B689847D4F8DC3F47191A681846D36861
:103B2000984728440C3501684268836839607A6098
:103B3000BB60D4F8E00F0368DB689847864206F163
:103B40000106E2DB494D03E01035494BAB424BD057
:103B5000D5ED037AF5EEC07AF1EE10FAF4DD2B68BC
:103B6000D4F8E08F002BEFDD0026B146D8F8003006
:103B7000404609F101099B6898476B689B5903EB24
:103B8000430300EB8307D8F8003040469B68984712
:103B90006B6806EB460295ED036A9B59043603EB0E
:103BA000430300EB8300AB681344D0ED006A90ED53
:103BB000017AD3ED004A93ED015AD3ED025AE4EEB7
:103BC000866AD0ED027AA6EE057A2B68E6EE257AB3
:103BD0009945C7ED006A87ED017AC7ED027AC5DB2A
:103BE0001035234BAB42B3D1224E4FF081422249D4
:103BF000042006F2446304F6C8791BEE108A1960AB
:103C000006F5C9631A6012F0B9FC1C4B0546014663
:103C1000036006F20C600BF001FF284612F0B6FCC0
:103C2000012306F5DE60002586F85436FDF7D4F84A
:103C300006F5E060F0EE409AFDF7CEF804F69C73CE
:103C40000022CDF80890C3ED009A04F57A6383ED65
:103C5000000A04F6A4731A6004F6C473019398E092
:103C6000946100209451002094310120A03601205D
:103C700040380120947100200000F0C01011012094
:103C8000D4F8E00F04F6D87604F6D47704F57D690D
:103C900003689B689847019A504404F6CC7392EDF0
:103CA000007A04F6AC71029AD3ED007A04F6A87398
:103CB000D2ED006A04F57B6290ED015AD0ED025A14
:103CC00090ED006A35EE665A75EEE75AD1ED003A8E
:103CD00036EE476A92ED004AD3ED004AE5EE236ADC
:103CE000E5EE847A554AA6EE247A404602F11001A8
:103CF000B0EE661AB0EE672AF0EE471AFCF786FFC0
:103D0000D6ED007A05AAD7ED006A414699ED007A12
:103D100072EE677A71EE666A08A831EEC77ACDED69
:103D2000077ACDED066A8DED057AFBF7BBFDD6ED82
:103D3000007A04F57A62D9ED006A04F6A47397ED6F
:103D4000007A04F69C76DDED08AA9DED09AADDED6A
:103D50000A9A7AEEA6AAD4F8E00F3AEE07AA79EE0C
:103D6000A79AD6ED006AD3ED007A01687AEEA6AA8A
:103D700092ED007A79EEA79A8B683AEE07AA9847F7
:103D800050440AF10C0AC0ED00AA80ED01AAC0ED72
:103D9000029AD4F8E00F0368DB689847854205F182
:103DA0000105FFF66DAF01205BE8003F244B1A6868
:103DB000244B19684BE80003002BF5D1224B5B68BC
:103DC000591A4FF47A73214802FB03F3204ADFEDBE
:103DD000216A1268A1FB0212D0F8F0105B1A0121CF
:103DE000B2F57A7F94BF9B1803F57A7307EE903A89
:103DF000F8EE677A87EEA67A80ED407A5BE8003FBE
:103E00000F4B104A1B6812684BE80015002DF5D1C6
:103E10000D4949688A1A0E490968A2FB01214FF42D
:103E20007A7202FB03F3914294BF5B189B18074A16
:103E30005668C2F8F430337993B92FE0101101209D
:103E4000383D01203C3D0120001000E0945100204D
:103E5000403D012000247449013533799D421DDA2B
:103E6000336853F825000CF05BF9AB4B1B7F002B3C
:103E7000F2D03368A84A53F82500976903683A6876
:103E80009B69D2F80080A54A934240F01F82016AE4
:103E900038460135C04733799D42E1DB01205BE8BC
:103EA000003F9F4B1A689F4B19684BE80003002B9B
:103EB000F5D19D4B5B68591A4FF47A73964802FB13
:103EC00003F39A4ADFED9A6A1268A1FB0212D0F856
:103ED000F4105B1AB2F57A7F94BF9B1803F57A73DE
:103EE00007EE903AF8EE677A87EEA67A80ED417A8F
:103EF00001205BE8003F8A4B1A688A4B19684BE83F
:103F00000003002BF5D1884B5B685B1A8749096871
:103F1000A3FB01314FF47A7303FB02F2994294BF81
:103F20005218D2187C4B9868C3F8F82003685B6875
:103F3000984701215BE8003F794B7A4A1B68126879
:103F40004BE80015002DF5D1774949688A1A4FF4DE
:103F50007A71714801FB03F37449DFED756A064617
:103F60000968A2FB0121D0F8F8209B1AB1F57A7FED
:103F700094BF5B1803F57A7307EE903A6D4BF8EE39
:103F8000677A1B7887EEA67A80ED427A2BB10521FD
:103F90006948FFF74BFA96ED427A5F4BF7EE006AFD
:103FA000D3ED417A1A4693ED406A93F8EC6077EED0
:103FB000867A93ED08AA312E76EECAAA77EE877A32
:103FC000C6EEA79A00F28581731C02EB8606C6ED49
:103FD000099ADEB282F8EC60DFED587A584B013571
:103FE000B3EC017AEAB277EE877A9642F7D807EE19
:103FF000106AF8EEC76A87EEA67A67EE2A7AE9EECB
:104000008A7AB7EEE76AB4EE466BF1EE10FA80F109
:10401000AB84B0EEC65BB4EE485BF1EE10FA00F391
:104020002F849FED487AF4EEC77AF1EE10FA00F390
:10403000A1839FED457AF4EEC77AF1EE10FA00F114
:104040009983F5EEC07AF1EE10FA00F1848400272E
:10405000B6EE007B36EE076BFCEEC67B17EE903AB1
:10406000002B40F04184302321208DF84D303FB1AA
:1040700001382D22C0B200F150036B4403F8242C08
:104080002C4B1B7833B11BEE103AC0F122011844BF
:10409000FFF7CCF9274B1B781BB10E212B48FFF7FC
:1040A000C5F91D4B93ED400AB7EEC00A0EF028FD8E
:1040B000204B1B781BB10F212548FFF7B7F9164B92
:1040C00093ED410AB7EEC00A0EF01AFD194B1B78AA
:1040D0001BB110211F48FFF7A9F90F4B93ED420ABE
:1040E000B7EEC00A0EF00CFD124B1B781BB101217C
:1040F0001948FFF79BF940F60D23ADF82C300D4B16
:104100001B7823B102211BEE100AFFF78FF9FFF78E
:104110003DF8FFF791BB00BF94510020B1040000AF
:10412000383D01203C3D0120001000E0403D0120D1
:1041300000247449303D0120D840002000000000D8
:10414000B8510020FFFF7F4FFFFF7FCFEC400020E2
:10415000FC4000200C410020204100202B6892ED03
:10416000006A93F82C10D3ED005A092973EEE54A42
:1041700040F28B8093ED037A586993ED024AF0EE9A
:10418000476A83ED027A93ED047A74EE057A18613A
:10419000986977EEA67A83ED014A5861D86983ED74
:1041A000037A9861186AD861586A1862986A83ED30
:1041B0000A6A5862032977EE877A27D093ED047A4A
:1041C000042977EE877A21D093ED057A052977EED9
:1041D000877A1BD093ED067A062977EE877A15D079
:1041E00093ED077A072977EE877A0FD093ED087A57
:1041F000082977EE877A09D093ED097A092977EEB5
:10420000877A03D093ED0A7A77EE877A07EE101A51
:10421000D3ED116AB8EEC74A87EE847A27EE247A86
:10422000A6EE257A77EE667AC7EE896AF5EEC06A61
:10423000F1EE10FA01D5F0EE456AD3ED0F5A93ED89
:104240000E6AE5EEC96AD3ED0D7A26EE866AC3EDF5
:104250000C6AE6EE097AF5EEC07AC3ED0D7AF1EE5E
:1042600010FA2AD4F4EEE37AF1EE10FA05DDF7EE57
:10427000007A83ED0C5AC3ED0D3A77EE877A83ED21
:10428000117AC5ED897AFFF752BB481C03EB810117
:10429000C0B283F82C00012881ED016AD3ED017AC8
:1042A00077EE857A10D093ED027A022877EE877A3E
:1042B0000AD0014693ED037A7CE7F0EE457A83ED70
:1042C0000C5A83ED0D5AD8E701469FE798470146FF
:1042D000DEE5BC49C422081F12F0D4F8BA4BC3ED86
:1042E0003A9A79E6072A00F29F8301A353F822F055
:1042F000CD0D01009B190100751901003B1901004A
:10430000331A010043180100E70B0100F515010005
:10431000AE4AAF4E92F8BC331546C2F8B46302F50C
:104320008F605B0806EB830393ED010AFBF746FA07
:1043300095F8BC332A465B0806EB83035E6805F2FA
:10434000845395F8745483ED000A272D00F21783E7
:1043500011466B1C02EB8502C2F8C463DAB291ED20
:10436000F1AA012A81F874240DD09A490123F1ECB5
:10437000017A0133F4EE4A7AD8B2F1EE10FA37FE40
:104380008AAA9042F3D3914AD2F8C05305F1270389
:104390006E1E02EB8303D3EDF17AF4EE4A7AF1EE6E
:1043A00010FA15D015F0FF0704D08B49BA00081F8A
:1043B00012F068F8894A06F1280302EB8707A2F297
:1043C000644202EB8303002247F8042C83EDF1AA38
:1043D000002D9FED837A0EDD00231A46283201332B
:1043E0007A49DBB201EB82029D42D2EDF17A1A46A4
:1043F00037EE277AF2DC07EE905A744AB6EE006A7E
:10440000F8EEE77A02F28453C7EE276AD3ED007A1A
:1044100002F5B16336EEE77AC3ED006A714BE7EE61
:10442000067AB3F84010A3F5805393F87860C2ED94
:10443000EE7A51B36C4A0023104604E001339DB27A
:104440008D4280F0CB8230F8025FB542F6D1674DE5
:1044500003F2D2234FF07E5005EB830395F87B5097
:10446000C3F88400002303E0013398B288420CD2E1
:1044700032F8020FA842F7D15C4A03F2D22302EBD2
:1044800083034FF07E52C3F88420584B00205F6FA7
:10449000A3F50053014693F8E42102E0C1B2914232
:1044A00020D8494D01F5CB73013005EB8303504D06
:1044B000D3F83C3BAB42F1D14E4B89B2B3F88460A8
:1044C00086B103F15A00002303E001339DB2AE42EE
:1044D00008D930F8025F8D42F7D1474901EB8303D9
:1044E000C3F8C8730020434B014693F8905802E08C
:1044F000C1B2A9421FD83F4B01303D4E03EB8103AF
:10450000D3F84038B342F3D13A4B89B2B3F83067AD
:104510008EB103F20670002303E001339DB2B54271
:1045200009D230F8025F8D42F7D1F233314901EB05
:104530008303C3F8EC7100200146234D01F5CB73D2
:10454000013005EB830305F64C25D3F83C3BAB4229
:1045500000F04882C1B29142EFD9FFF7C5BA214BB2
:10456000B3F8401039B3204A0023104603E001336A
:104570009DB28D420CD230F8025F032DF7D11B485B
:1045800003F2D22300EB83034FF07E50C3F8840084
:10459000002303E0013398B288420CD232F8020FB4
:1045A0000028F7D1114A03F2D22302EB83034FF024
:1045B0007E52C3F8842000210E4B0A4693F8E40192
:1045C00020E000BFBC5100209451002094710020D5
:1045D000DC5F01205C750020FC750020F875002070
:1045E00000000000949100205A9100209481002046
:1045F0002473002094610020D45C0020CAB282425F
:104600003FF672AAAC4D02F5CB73013105EB830383
:1046100005F6D425D3F83C3BAB42EFD105F22C5341
:10462000B5F8B05592B2002D3FF45EAA03F15A01DD
:10463000002304E0013398B2A842BFF455AA31F830
:10464000020F9042F6D19D4A02EB83039C4AC3F8C5
:10465000C823FFF749BA9B4BB3F8400000283FF44A
:1046600043AA994A002304E0013399B28142BFF47E
:104670003BAA32F8021F0029F6D1944A03F2D22352
:1046800002EB83034FF07E52C3F88420FFF72CBA6D
:104690008C4BB3F8400000283FF426AA8A4A002336
:1046A00004E0013399B288427FF61EAA32F8021F55
:1046B0000129F6D1E1E7834BB3F84000A0B1A3F1A3
:1046C0003A02002303E0013399B281420CD232F85E
:1046D000021F0429F7D17D4A03F2D22302EB8303A0
:1046E0004FF07E52C3F884200021794B0A4693F89C
:1046F000E40103E0CAB29042FFF4F6A96E4D02F560
:10470000CB73013105EB830305F6A425D3F83C3BBD
:10471000AB42EFD105F25C53B5F8E05592B2002DF3
:104720003FF4E2A903F15A01002304E0013398B2F7
:10473000A842BFF4D9A931F8020F9042F6D15F4ADE
:1047400002EB83035E4AC3F8C823FFF7CDB95D4B84
:10475000B3F8400000283FF4C7A95B4A002304E0F7
:10476000013399B288427FF6BFA932F8021F15299A
:10477000F6D182E7574B1B78002B3FF48BAC03211B
:104780005548FEF753FE85E45449052391F8A421CA
:1047900081F8A231002A7ED181F8A331A1F500432E
:1047A00093F8A832002B3FF49FA9464BB3F8400082
:1047B00038B3A3F13A020023114603E001339DB25E
:1047C000A8420CD931F8025F022DF7D13F4903F21C
:1047D000D22301EB83034FF07E51C3F884100023F2
:1047E00003E0013399B288420BD932F8021F19292C
:1047F000F7D1364A03F2D22302EB83030022C3F837
:1048000084200021324B0A4693F8E40103E0CAB247
:104810009042FFF469A9284D02F5CB73013105EBF5
:10482000830305F6F815D3F83C3BAB42EFD105F511
:10483000C163B5F88C5692B2002D3FF455A903F12F
:104840005A01002304E0013398B285427FF64CA957
:1048500031F8020F9042F6D1184A02EB8303184A4E
:10486000C3F8C823FFF740B91D4B1C499B7803EBE5
:10487000830303EB8303053381F8A331FFF738B8D3
:10488000144B1B78002B3FF405AC03211548FEF7B1
:10489000CDFDFFF7FFBB114A82F8A33140F205536B
:1048A000A2F8A031A2F5004393F8A832002B7FF4C0
:1048B0007CAFFFF719B900BF94510020D45C0020F1
:1048C000CDCC4C3F949100205A910020948100203F
:1048D00094610020303D0120E840002094D1002068
:1048E00008500120E44000208B4E092B4FF021009E
:1048F000A6FB03214FEAD10101EB8102A3EB4202A7
:1049000002F130028DF84D207FF6B1AB0138A6FBE5
:1049100001320D46C0B2D208092D00F150030DEB53
:10492000030C02EB8203A1EB4303114603F13003B6
:104930000CF8243CEAD8FFF79ABB784B784A1B68FE
:1049400012785B1B62B1B3F5FA6F3EF64DAFFEF71E
:104950001DFCFEF735BFB1EE466B0127FFF778BBB4
:10496000B342F4D9FEF740BF6D4B1B78002B3FF4E8
:1049700091AB03216B48FEF759FDFFF78BBB6A49EA
:104980009C22081F11F07EFD684B2A4693EDF1AA88
:1049900003F58C631E60E8E405F2B453B5F83856AD
:1049A00089B2002D3FF4A0A803F15A02002304E0CD
:1049B000013398B285427FF697A832F8020F8842F9
:1049C000F6D15B4A02EB83035A4AC3F8C823FFF7C8
:1049D0008BB8594B93F87A50FEF7CFBF564B93F8EC
:1049E0007B503FE505F2B453B5F8385689B2002D37
:1049F0003FF47AA803F15A02002304E0013398B28D
:104A0000A842BFF471A832F8020F8842F6D1484A92
:104A100002EB8303474AC3F8C823FFF765B80BAB23
:104A20000BEE103AFEF7F7BE444BF7EE005A039A2E
:104A3000434803F698059FED476A93F8BB6CC3F8AB
:104A4000B42A0390002E40F087800368C5F8203216
:104A500004303C4B04358342F4D13B4BB3F8402047
:104A6000A3F5805393F87850CAB103F6C6710023BA
:104A7000084630F8026FAE4200F0678101339EB203
:104A80009642F6D32C4B93F87900002331F8025F5D
:104A9000854200F0668101339DB29542F6D3264BE4
:104AA0000020DD6EA3F5005393F8E4110346274E72
:104AB00003F5CB72013006EB8202254ED2F83C2B77
:104AC000B24200F00681C3B29942F0D21B4B0022E1
:104AD00093F890681346194801321D4F00EB83008C
:104AE000D0F84008B84200F00881D3B29E42F2D21A
:104AF00000200346154D03F5CB72013005EB820211
:104B000005F64C25D2F83C2BAA4200F00A81C3B22C
:104B10009942EFD2FEF7E8BFCDCCCCCC383D012096
:104B2000303D0120E04000205C75002094710020A1
:104B3000D45C0020CDCC4C3F9481002094610020B7
:104B4000DC510120DC53012094910020945100207D
:104B5000286A0020000000002B6890ED005A93F8AE
:104B60002C20D3ED003A092A35EEE33A00F2878093
:104B7000511C03EB8202C9B283F82C10012982ED8B
:104B8000015AD3ED017A77EE867A00F0A08093ED9A
:104B9000027A022977EE877A00F099800A4693ED2F
:104BA000037A032A77EE877A27D093ED047A042AD2
:104BB00077EE877A21D093ED057A052A77EE877A0A
:104BC0001BD093ED067A062A77EE877A15D093EDFF
:104BD000077A072A77EE877A0FD093ED087A082AAA
:104BE00077EE877A09D093ED097A092A77EE877AEA
:104BF00003D093ED0A7A77EE877A07EE102A93EDC9
:104C0000114A1FED2C2AF8EEC71AD3ED0F2AD3ED67
:104C10000D6AD3ED0E4A87EEA17A67EE037AE5EED0
:104C2000237A37EEC45A85EE097AB4EE427AF1EE71
:104C300010FA48BFB0EE467AA2EEC97A27EE245A9F
:104C400083ED0C7AB0EE667AA5EE097AB4EEC27AFC
:104C500083ED0D7AF1EE10FA32D4B4EEE57AF1EE8E
:104C600010FA05DDB7EE007A83ED0C6AC3ED0D5A3C
:104C7000C3ED117A77EE877AC5ED887AE8E693ED91
:104C8000037A5969D3ED024AF0EE476A83ED027A5E
:104C900093ED047A74EE867A1961996977EEA67AB3
:104CA000C3ED014A5961D96983ED037A9961196AA3
:104CB000D961596A1962996A83ED0A5A596270E793
:104CC000B0EE467A83ED0C6A83ED0D6AD0E70A46B2
:104CD00093E79AB2A6F69403B3F88460002E3FF4EB
:104CE000F5AE03F15A00002330F8027F974249D015
:104CF00001339FB2BE42F7D8E8E69AB2A7F6940312
:104D0000B3F83067002E3FF4F3AEA7F5C770002369
:104D100030F8027F97422ED001339FB2BE42F7D8BF
:104D2000E6E6B5F838069AB200283EF4DDAE05F2A4
:104D30000E61002331F8025F95423FF484AC0133E9
:104D40009DB28542F6D3FEF7CFBE114D03F2D223BA
:104D50004FF07E5005EB8303C3F8840095F879008B
:104D600093E60B4A03F2D22302EB83034FF07E5209
:104D7000C3F8842093E6F233064A02EB8303C3F8B8
:104D8000EC51B5E6044A02EB8303C3F8C8539DE631
:104D90009481002094610020D45C002090F8A3202E
:104DA00090F8A200101A704790F8A23090F8A32053
:104DB0009A4205D95A1C034480F8A220987E704775
:104DC0004FF0FF30704700BF90F8A23090F8A3205A
:104DD0009A4202D91844807E70474FF0FF307047E6
:104DE000704700BF0346B0F8300178B193F82F2127
:104DF000882A03D9012200205A60704702F1010C71
:104E000001201A4483F82FC182F8A510704700BF13
:104E100070B52A4C2369D3F8145115F4706201D08F
:104E2000C3F81421AE070BD5D3F8701108043ED592
:104E300000220120A4F8A220224484F8A300917645
:104E4000EA0710D594F83061F6B194F82E6194F821
:104E50002F21B24227D9711C264496F8A52084F848
:104E60002E11C3F86021AB050DD594F8A30018B13D
:104E7000D4F83C3103B198470023A4F8A230A4F839
:104E80002E3184F8303170BDD4F838210AB1904702
:104E90002369002284F82E21012284F8302194F81D
:104EA0002F21B242D7D80022C3F86021DBE794F863
:104EB000A320872AC4D8501CC0B2BDE7483D0120BA
:104EC00070B52A4C2369D3F8145115F4706201D0DF
:104ED000C3F81421AE070BD5D3F8701108043ED5E2
:104EE00000220120A4F8A220224484F8A300917695
:104EF000EA0710D594F83061F6B194F82E6194F871
:104F00002F21B24227D9711C264496F8A52084F897
:104F10002E11C3F86021AB050DD594F8A30018B18C
:104F2000D4F83C3103B198470023A4F8A230A4F888
:104F30002E3184F8303170BDD4F838210AB1904751
:104F40002369002284F82E21012284F8302194F86C
:104F50002F21B242D7D80022C3F86021DBE794F8B2
:104F6000A320872AC4D8501CC0B2BDE780380120D6
:104F700070B52C4CD4F85031D3F8145115F470623C
:104F800001D0C3F81421AE070CD5D3F87011080472
:104F900040D500220120A4F8E221224484F8E30154
:104FA00082F85A11EA0710D594F87062F6B194F8B5
:104FB0006E6294F86F22B24228D9711C264496F88A
:104FC000E52184F86E12C3F86021AB050DD594F885
:104FD000E30118B1D4F87C3203B198470023A4F858
:104FE000E231A4F86E3284F8703270BDD4F87822C1
:104FF00012B19047D4F85031002284F86E22012279
:1050000084F8702294F86F22B242D6D80022C3F8F6
:105010006021DAE794F8E321872AC3D8501CC0B294
:10502000BBE700BF8038012030B40468BDF80850E9
:105030000295A46BA44630BC604700BF30B404683E
:10504000BDF808500295E46BA44630BC604700BF31
:10505000D0F800C02DE9F04F90461F461F4A83B09C
:10506000DCF8143005460C46BDF930909342BDF88B
:1050700034A029D12744A7421EDDDFF864B00AE03E
:105080000134CDF800A0DCF8386024B2B047D5F880
:1050900000C0BC4210DADCF820604B464246214694
:1050A0005E452846ECD00134CDF800A0B047D5F8D5
:1050B00000C024B2BC42EEDBDCF82C30074A93423D
:1050C00006D103B0BDE8F08F9847D5F800C0D1E70E
:1050D000284603B0BDE8F04F184700BFC5200100C7
:1050E0000D230100D0F800C02DE9F04FDCF840603E
:1050F00083B0DFF898E0BDF930907645BDF834A074
:1051000032D190461F46204A0546DCF814300C4642
:10511000934235D12744BC421EDADFF874B00AE06E
:105120000134CDF800A0DCF8386024B2B047D5F8DF
:1051300000C0BC4210DADCF820604B4642462146F3
:105140005E452846ECD00134CDF800A0B047D5F834
:1051500000C024B2BC42EEDBDCF82C300A4A934299
:1051600009D103B0BDE8F08FB446CDE90C9A03B085
:10517000BDE8F04F6047284603B0BDE8F04F184740
:105180009847D5F800C0C5E7C520010035230100C8
:105190000D2301002DE9F0411C460B46016884B047
:1051A000114E05464F69BDF82880B74210D1013C29
:1051B000CDF804802846144424B200948C6A194621
:1051C000A0472B68DB6AB34209D104B0BDE8F08187
:1051D000CDE90232B8472968DDE90232E7E728461F
:1051E00004B0BDE8F0411847C52001002DE9F043A7
:1051F000056885B0124E04466F699946BDF8308047
:10520000B74210D109F1FF33CDF804800092204657
:105210000B44AD6A1BB2A8472368DB6AB34209D1CD
:1052200005B0BDE8F083CDE90212B8472568DDE995
:105230000212E7E7204605B0BDE8F043184700BF7B
:10524000C5200100D0F800C0274B2DE9F04FDCF855
:10525000404083B00F46B0F90C909C42B0F90E80EC
:105260002FD1DCF814300546DFF880B05B4537D12C
:10527000B9F1000F1EDD0024DFF874A0214609E01B
:1052800001340097DCF83860B047D5F800C021B28F
:1052900089450FDDDCF8206043460022284656454C
:1052A000EED0013400220097B047D5F800C021B2FB
:1052B0008945EFDCDCF82C305B450CD103B0BDE850
:1052C000F08F002201914B46CDF800801146A04797
:1052D00003B0BDE8F08F284603B0BDE8F04F184793
:1052E0009847D5F800C0C3E735230100C520010069
:1052F0000D2301002DE9F043994287B00546BDF921
:105300003840BDF83C6022D0A24212D00768DFF8D6
:105310008480D7F81490C14533D12846CDE90046A2
:10532000BC6AA0472B68DB6A434525D107B0BDE8BE
:10533000F08399421CDC0E9601332C6828465B1AD8
:10534000E46B1BB2A44607B0BDE8F0436047A2423D
:1053500002DD134622461C460E96631C2C68284626
:105360009B1AA46B1BB2A44607B0BDE8F04360478C
:10537000084619460346DEE7284607B0BDE8F04375
:105380001847CDE904230391C8472F680399DDE945
:105390000423C2E7C52001002DE9F04F1D46036834
:1053A0001646DFF8BC905A6985B004464A45BDF9F7
:1053B0003880BDF83C7043D1D3F824B03246DFF8D2
:1053C000A4A020460097D345039108BFD3F83CB072
:1053D0002B46D847236808F1FF320399D3F824B04D
:1053E00032440097D34512B234D1D3F83CA02046C2
:1053F00003912B46D047039923683246DFF868A013
:105400002046D3F820B0013D0097D345039108BF53
:10541000D3F838B04346D8470399226843460D4431
:10542000204629B2156A0097554508BF956B32464C
:10543000A8472368DB6A4B4507D105B0BDE8F08F6C
:105440000391904723680399B6E7204605B0BDE86D
:10545000F04F184703912B462046D8470399CBE7D6
:10546000C5200100212301000D23010001F00303E9
:105470008376CB0705D40289B0F90A308281C381D3
:1054800070474289B0F908308281C381704700BFFC
:10549000704700BF00B590F81AC0BCF1020F0CD0E5
:1054A000BCF1030F60D0BCF1010F54D0012B13D01D
:1054B000022B3AD023B35DF804FBB0F808C0012BEF
:1054C000ACEB010C4189A1EB02020CF1FF3102F1BE
:1054D000FF3209B212B2EBD1002A1346B0F808E04D
:1054E00002F0070CB8BFD31DC06A0122DB1002FA1C
:1054F0000CF213FB0E13C15C0A43C2545DF804FBAB
:10550000002A1346B0F808E002F0070CB8BFD31D1C
:10551000C06ADB1013FB0E130121C25C01FA0CF10F
:1055200022EA0102C2545DF804FB002A1346B0F8D7
:1055300008C0B8BFD31DC06A02F00702DB1013FB1E
:105540000C13012110F803C001FA02F282EA0C02E6
:10555000C2545DF804FBB0F808C0ACEB020C0A467C
:105560000CF1FF3109B2A1E7B0F80AC0ACEB010CB5
:1055700011460CF1FF3212B298E700BF70B5046813
:105580000C4E2569B54209D100298E4605DBB0F9DC
:105590000C508D4201DD002A04DA70BDAC46BDE836
:1055A00070406047B0F90E509542F6DDBDE870409E
:1055B00070E700BFFD2901002DE9F04F85B0A3EB96
:1055C00001091F460D46BDF938C01646BDF83C30EE
:1055D000ACEB0208B8F1000FB8BFC8F10008B9F190
:1055E000000FB8BFC9F10009C84540F381803C46AF
:1055F0008E460A463546394676466746CA46A4462A
:10560000BD420ADD521A34462946664682EAE27AEB
:105610003D46A4460F46AAEBE27A7A1B1FFA8AFAA5
:10562000BB4614B292B2002C00924FF6FF72B8BF84
:105630000134B445C8BF0122641001921DE08F42BD
:105640003BD11769324A974237D1002E05DBB0F9BA
:105650000C20B24201DD29044DD5A4EB0A0214B29C
:1056600092B2002C05DA01990E4400990A4436B230
:1056700014B201352DB2AB4527DB0268C845254978
:105680009769DCDC8F4223D11769214A974227D1E1
:10569000002DE2DBB0F90C20AA42DEDD3204DCD4BE
:1056A000B0F90E20B242D8DD32462946039302906B
:1056B000FFF7F0FEDDE90203CFE703932A460290ED
:1056C0003146B847DDE90203C7E705B0BDE8F08F12
:1056D0000393324602902946B847DDE90203BCE74E
:1056E0000393324602902946B847DDE90203B4E746
:1056F0006146C24684E7B0F90E20AA42ADDD2A46D3
:10570000314603930290FFF7C5FEDDE90203A4E7EB
:10571000FD29010061280100002905DBB0F90CC05A
:105720008C4501DD002A00DA7047B0F90EC09445BF
:10573000FADD10B490F81AC0BCF1020F0DD0BCF124
:10574000030F58D0BCF1010F4CD0012B38D0022BE5
:1057500024D07BB15DF8044B7047B0F808C00CF161
:10576000FF3CACEB010C41898A1A0FFA8CF1013A2B
:1057700012B2EAE7002A1346B0F808C0B8BFD31D3A
:10578000C46A02F007020120DB1000FA02F213FBE8
:105790000C13E15C21EA0202E254DBE7002A134623
:1057A0000489B8BFD31DC06A02F00702DB1013FBE7
:1057B00004130121C45C01FA02F26240C254C9E739
:1057C000002A1346B0F808C002F00704B8BFD31D82
:1057D000C06A0122DB10A24013FB0C13C15C0A4318
:1057E000C254B7E7B0F808C0ACEB020C0A460CF1A3
:1057F000FF3109B2A9E7B0F80AC00CF1FF3CACEBED
:10580000010C11460FFA8CF29FE700BF002930B55A
:10581000BDF80C4002DA0B4400211BB2B0F908C0FD
:105820005D188E46654502DDACEB01010BB2002B25
:105830000FDDD11002F00702C06A1CFB01EC012150
:1058400001FA02F28C426044D2B271D0022C3AD0FA
:1058500004B130BD9BB2D2435D1ED2B2A9B22DB20B
:10586000022921D921464FEA930C041D62F3070156
:105870000CF1FF3C62F30F211FFA8CFC62F317411D
:1058800004EB8C04844662F31F61DCF800E00EEA4E
:10589000010E4CF804EBA445F7D123F003016D1A77
:1058A0008B4208442DB2D4D0037813400370002DEE
:1058B000CFD04378012D03EA02034370C9D0837827
:1058C0001A40827030BD9BB25D1EA9B22DB2022972
:1058D0001FD90024990800F1040E62F3070401396E
:1058E00062F30F2489B262F317440EEB810E014676
:1058F00062F31F64D1F800C08CEA040C41F804CBB9
:105900007145F7D123F003016D1A8B4208442DB283
:105910009FD0037853400370002D9AD04378012D17
:1059200083EA0203437094D083785340837030BD80
:105930009BB25D1EA9B22DB2022920D9002499087C
:1059400000F1040E62F30704013962F30F2489B2F7
:1059500062F317440EEB810E014662F31F64D1F827
:1059600000C04CEA040C41F804CB8E45F7D123F07B
:1059700003016D1A8B4208442DB23FF46AAF0378DD
:1059800013430370002D3FF464AF4378012D43EAC5
:10599000020343703FF45DAF83781343837030BDDF
:1059A00090F81AC0BCF1020F2DE9F041BDF8184083
:1059B00024D0BCF1030F1CD0BCF1010F09D0002A88
:1059C00015DBB0F90AC0944511DD0694BDE8F0413D
:1059D0001CE7B0F808C0ACEB020C0CF1FF3C0FFA6E
:1059E0008CF2002A03DBB0F908C0944513DCBDE853
:1059F000F081CD184189491B09B2F2E7B0F80AC01D
:105A0000CD180189ACEB020C491B0CF1FF3C09B22B
:105A10000FFA8CF2D3E7002902DA19440BB2002105
:105A20008E46B0F90A509E44AE4501DD6D1A2BB288
:105A3000002BDCDDC1F3C405C66A11F00701DBB23F
:105A40001CFB052506EB050225D0C1F1080EDFF889
:105A500008815FFA8EFE734518F80E7044D2AEEBE3
:105A600003084FF0FF0C012C4CFA08FC07EA0C0766
:105A700052D0022C3CD0002CB9D116F805C02CEA2B
:105A8000070C734506F805C0B0F90850AFD30839C4
:105A90002A440B44DBB2072B16D9022C41D0B4F1B7
:105AA000000C194618BF4FF0010CCCF1000C5FFA46
:105AB0008CFC083982F800C0B0F90850C9B22A44F9
:105AC0000729F6D803F00703002B90D02249012CB8
:105AD0000B441B7A3BD0022C35D0002C87D1117897
:105AE00021EA0303137082E7012C15D0022C04D1A4
:105AF00016F805C087EA0C0CC3E7002CBDD00839A6
:105B000062440B44DBB2072BC9D8002B3FF46FAFC4
:105B1000984498F80830DEE716F805C047EA0C0C00
:105B2000AFE7194614780839E443C9B2147007295D
:105B3000B0F908402244F5D813F007033FF457AFFB
:105B400005490B441B7A11784B4013704FE71178CD
:105B50000B4313704BE700BF182C00602DE9F04198
:105B600090F81AE09446BDF81840BEF1020F00F01C
:105B70008F80BEF1030F00F08680BEF1010F70D060
:105B800000296CDBB0F908E08E4568DDBCF1000F40
:105B900004DA9C440FFA8CF34FF0000C6246B0F923
:105BA0000A501A44AA4202DDA5EB0C052BB2002BC9
:105BB00055DDCCF3C402C66A1CF0070CDBB21EFB39
:105BC000021106EB010224D0CCF10805DFF8448174
:105BD000EDB2AB4218F8057065D2A5EB03084FF0A3
:105BE000FF0E012C4EFA08FE07EA0E0773D0022CB6
:105BF0005DD0A4BB16F801E02EEA070EAB4206F812
:105C000001E0B0F908102AD3ACF1080C0A4463444F
:105C1000DBB2072B16D9022C62D0B4F1000C194666
:105C200018BF4FF0010CCCF1000C5FFA8CFC083966
:105C300082F800C0B0F90850C9B22A440729F6D842
:105C400003F007035BB13349012C0B441B7A5CD092
:105C5000022C56D01CB9117821EA03031370BDE859
:105C6000F0819C440289A2EB0C020FFA82FC00290D
:105C7000F5DBB0F90A208A42F1DD0A460694614656
:105C8000BDE8F041C2E54289521A013A11B2EEE78D
:105C900002899C44521A013A11B24289A2EB0C02C9
:105CA0000FFA82FC6CE7012C15D0022C04D116F8F7
:105CB00001E087EA0E0EA1E7002C9BD0ACF1080CA6
:105CC00072446344DBB2072BA7D8002BC7D098449B
:105CD00098F80830BCE716F801E047EA0E0E8DE7A9
:105CE000194614780839E443C9B214700729B0F989
:105CF00008402244F5D813F00703B0D005490B44FF
:105D00001B7A11784B401370A9E711780B4313707D
:105D1000A5E700BF182C00602C4B2D4930B5D3E906
:105D2000B1542079C877D3F8C02295F804C081F81F
:105D30001CC008775AB1B2F5004F1ED32549114453
:105D4000234AC3F8C012D07682F81BC030BDD3F806
:105D500080120F24D3F8CC028C6540F20134CA6162
:105D60000C614FF47C544C610324114683F8BD420E
:105D70000368BDE830401B6818472D68E98B0904AB
:105D80001AD492B2EA832168EC8BA4B2EC82CC8B59
:105D9000240405D5CC8BC2F3080204F47E442243CC
:105DA000CA83CA8B92B2CA820021094AC3F8C012C0
:105DB000D07682F81BC030BDE98BC2F3080E92B2D8
:105DC00001F47E4141EA0E01E983DCE780380120DD
:105DD00000800E400180FFFF2C4B2D4930B5D3E9E8
:105DE000C5542079C877D3F8102395F804C081F8FA
:105DF0001CC008775AB1B2F5004F1ED32549114493
:105E0000234AC3F81013D07682F81BC030BDD3F8F4
:105E1000D0120F24D3F81C038C6540F20134CA6100
:105E20000C614FF47C544C610324114683F80D43FC
:105E30000368BDE830401B6818472D68E98B0904EA
:105E40001AD492B2EA832168EC8BA4B2EC82CC8B98
:105E5000240405D5CC8BC2F3080204F47E4422430B
:105E6000CA83CA8B92B2CA820021094AC3F81013AE
:105E7000D07682F81BC030BDE98BC2F3080E92B217
:105E800001F47E4141EA0E01E983DCE7803801201C
:105E900000800E400180FFFF38B5B0F830410CB9EA
:105EA000204638BD90F82F310546C3F18904A2423F
:105EB0000DD8144605F1A500224618440FF04EFBFC
:105EC00095F82F312046234485F82F3138BD012223
:105ED0004260EFE7504A2DE9F04F116883B08646E3
:105EE000056905E0DB0106D413685B1A102B09D89D
:105EF0006B699801F6D44FF4FE4301206B6103B047
:105F0000BDE8F08FDEF814B09EF8183043490BEB73
:105F100003139EF819201B7A0BEB0212180192F85A
:105F2000282001EB031351F800901520D3F80CA0A2
:105F300001EB02145B681201E76818600093C9F86E
:105F400084A0D9F804308E584AEA03033449C9F8CA
:105F50000430636818600193C6F884707368314830
:105F60003B437360304B4C680268A3FB0232920CD7
:105F700002EB820252004B681B1B9A42FBD84FF087
:105F8000090C274ADFF8A080D9F808301AEA030F75
:105F900002D0B3681F422FD1C6F8887054680168D8
:105FA000A8FB0131890C01EB810153681B1B99424D
:105FB000FBD8C6F8847054680168A8FB0131890CCD
:105FC00001EB810153681B1B9942FBD8BCF1010C0A
:105FD000DAD19EF818306046009A0BEB0313DB68A9
:105FE00013609EF81930019A0BEB031BDBF82C3081
:105FF000136003B0BDE8F08F9EF81830009A0BEBE9
:106000000313DB6813609EF81930019A0BEB03133E
:10601000DB6A13606FE700BF383D0120381D0020A8
:10602000001000E01C45002083DE1B4310B5044631
:10603000006808B110F0AAFA204610BD2DE9F04F13
:1060400097B017468346BDF8802005919DF88810CB
:106050000B920791026A9DF88C10BDF8849008910C
:10606000002A00F01081117AD2E900205B1A049214
:10607000DBB2DDE90721114300EBC30230F8333016
:10608000012992F905000393937892F9064002934F
:10609000D3781190129377D8002313931093A44BC5
:1060A000DBF800C01A460C93DCF81430934240F041
:1060B000DB81129B002B00F0C780BBB2DDE907211A
:1060C00014932344012A08BF012915934FF00003BC
:1060D0000CBF012200229A460A9306920993029B62
:1060E000002B00F0A980099A0025139B1499D3185E
:1060F0000898DDF8288003FB00130FFA83F9159B3D
:1061000013441BB20D9309E00135029B4FEA4A0A82
:10611000EDB25FFA8AFAAB4240F2898043465A1CDC
:106120005B075FFA82F806D1039A0499531C11F8B1
:1061300002A09BB203931AF0800FE5D0069B43B3F5
:10614000119B059ADCF8184099187A4B29449C4217
:1061500009B240F08280DCF81040774B9C427CD141
:106160000029D1DBBBF90C308B42CDDD0D9A002A22
:10617000CADBBBF90E309342C6DD0B9B5846FFF7D6
:1061800089F9DBF800C0BFE703B2109323B2139381
:1061900085E7109B059A5C19079BDCF81C6004FBE3
:1061A0000324664A1BB2BDF92070964224B25BD12B
:1061B000DCF84060624A964256D1DCF814300C9A02
:1061C00093425BD1079B2344A34225DDCDE90E8A90
:1061D000AA4698460B9D09E001340095DCF838602A
:1061E00024B2B047444510DADBF800C055483B46BE
:1061F000DCF820604A46214686425846ECD00134FD
:106200000095B04724B24445EEDB5546DDF83880B2
:10621000DDF83CA0DBF800C0DCF82C300C9A93428F
:106220003FF472AF58469847DBF800C06CE71A4657
:106230000A9B1344DBB20A93099B129A0133DBB227
:106240009A4209933FF64BAFDCF82C300C9A9342FC
:1062500040F0FC8017B0BDE8F08F0B9B58460D9ABC
:10626000A047DBF800C04FE70B9A2146584600973D
:1062700001924A46B047DBF800C045E758469847C8
:10628000DBF800C09EE7B0F90C2005998A42E1DDF9
:10629000B0F90E20BA42DDDD0622079812FB00128B
:1062A000002AD7DD089A07EBC202002AD2DD9BF84C
:1062B0001C20012A03D0AF2B01D90133DBB21C4AC9
:1062C000DBF8000011460C9242698A4240F0EF80F0
:1062D000BDF8142003EB8303B8460B9F11461092C0
:1062E000194ACDF81090D3180A460D934B1D9BB256
:1062F0000E93DDE90731CDE90922012B08BF012901
:106300009BB20CBF012100210F9303465846039115
:106310000D9A0824BDF924B0002512F8016BBDF9CF
:106320001CA00D92BDF92820029706922EE000BF16
:10633000C520010061280100FD290100C9230100D9
:10634000352301000D230100D0310020039A002ADB
:1063500040D0D3F8189005EB0802584912B289458D
:1063600079D1D3F810905649894574D1069F002FF2
:1063700005DBB0F90C10B94201DD002A79DA013CE5
:106380000135760814F0FF046DB233D0F207DDD486
:10639000049A02999142F2D00399E1B1D3F818908E
:1063A00005EB0802454912B289455BD1D3F810903C
:1063B0004349894556D1069F002FE0DBB0F90C1008
:1063C000B942DCDD002ADADBB0F90E109142D6DDED
:1063D000049B53E0029A01925946089A0590009254
:1063E00005FB0282D3F81C90534612B2C8470598A9
:1063F0000368C4E7099A0F9C0A992244029F01315D
:1064000092B289B209920E9A0A918A4280D1834649
:10641000DDF8109018460B9B4B4512D0039B002BC8
:1064200033D0046A4246274BCDF800909C42BDF918
:1064300038104FF0080308BF846B5846A047DBF8BC
:106440000000C36A0C9A93423FF404AF584617B059
:10645000BDE8F04F1847029B05900699C84705987C
:1064600003688CE7049BF7E758469847DBF800C0C1
:106470001FE6B0F90E10914281DD029B394605906E
:10648000FFF708F80598036879E704EB840310998F
:10649000CDF8049042461944089BDB0009B20093F2
:1064A000079BC4695846A047DBF80000C9E7584677
:1064B00002939047DBF80000029B09E76128010086
:1064C000FD2901000D230100036AF0B5074685B0E0
:1064D000002B3AD00A292BD00D2933D01A7A9142B9
:1064E00030D39C7A8C422DD38A1A5C68D2B204EBEA
:1064F000C204E578A278A5B19AB1C57E002D63D11A
:10650000067E437EB0F91050B0F912203846CDE92E
:1065100002630B462946FD8A0195BD8A0095FFF767
:106520008DFD21793B8A3A7E01FB02333B8209E0F3
:106530004FF0000C428A417EA0F810C01B7B01FB8B
:1065400003234382012005B0F0BD0A291ED00D2986
:10655000F8D0C27EB0F910400ABBB0F91220067E16
:10656000457E03950B4602962146FC8A38460194E7
:10657000BC8A0094FFF762FD3B7E3A8A012003EB60
:10658000430302EB43033B8205B0F0BD428A417EE8
:10659000038202EBC1034382012005B0F0BD067EF9
:1065A0000622B0F90C5012FB0642AA4208DD428ACC
:1065B0001C46457E038202EBC50212B24282D0E73E
:1065C000B0F91220457ECCE794F90550067E2A44A6
:1065D000B0F91050B0F90CC006FB0252624503DC62
:1065E000437EB0F9122091E70025428A058293F894
:1065F0000CC0437E0CFB032212B2428286E700BF2E
:1066000010B50446C06A08B10FF0C0FF204610BDA7
:10661000836A70B504460D469BB390F8302040F273
:106620000111724E5200A3F82F1183F8A520836A3E
:106630001A6818461268B24240F0CE80B3F8302192
:10664000DAB193F82F21882A2BD8511C1A4483F8E9
:106650002F11002382F8A530A06A02680346126851
:10666000B24240F0BC80B0F8302132B193F82F2113
:10667000882A1CD9012218465A60BDE870400BF0E8
:106680009FB9026C006D1368616A23EA000313600E
:10669000C1B10A685566D36D13F4F81FFBD0536F70
:1066A00070BD01225A6093F82F21882AE2D8511C2C
:1066B0001A4483F82F1182F8A550A06ABDE87040F3
:1066C0000BF07EB9D4E90E23A06C2E06116854BFDE
:1066D000814301436E0611601968E06C41EA0001D4
:1066E00019601968E06C21EA000119601168A06C5A
:1066F00054BF81430143AE0611601968E06C41EA62
:10670000000119601968E06C21EA00011960116844
:10671000A06C54BF81430143EE0611601968E06C20
:1067200041EA000119601968E06C21EA0001196072
:106730001168A06C54BF814301432E071160196892
:10674000E06C41EA000119601968E06C21EA00017F
:1067500019601168A06C54BF814301436E0711603A
:106760001968E06C41EA000119601968E06C21EADF
:10677000000119601168A06C54BF81430143AE074A
:1067800011601968E06C41EA000119601968E06C59
:1067900021EA000119601168A06C54BF81430143D4
:1067A000ED0711601968E06C41EA00011960E06CC6
:1067B000196821EA000119601168A06C4CBF0143FF
:1067C000814311601A68E16C0A431A601A68E16C2F
:1067D00022EA01021A6070BD002190473CE7294679
:1067E0009047A06ABDE870400BF0EAB8C9200100EC
:1067F000F8B5836A0446002B78D0826D0020884D5E
:106800001B69AA42186133D88648012298645A62EB
:106810004FF4303284489862DA62986C002218652E
:106820004FF001101A62012298651A615A39204608
:10683000C9B2FFF7EDFEA36A4BB3E26D00217848C1
:106840001B698242196100F2BB80764C01207649B7
:106850004FF430329C6458629962DA629C6C00207A
:106860004FF0011101221C65186299651A61F8BD8B
:106870006E4DAA4200F2AF806D4A9A64A2F1216285
:106880005862A2F60C429A626A4ADA62C5E7616C03
:10689000606D0B68626A03430B60002AE7D0D37C0B
:1068A000002BE4D0DD0704D5906A4FF0E021C1F859
:1068B00000019C0704D5D06A4FF0E021C1F8040123
:1068C000580704D5106B4FF0E021C1F808011907F3
:1068D00004D5506B4FF0E021C1F80C01DB06C6D5A2
:1068E000926B4FF0E023C3F81021F8BD436A002BF0
:1068F0005FD0D0E91925D87C002839D072B6D87C71
:10690000C60708D54FF0E02C5F69DCF880613E4097
:106910009E62CCF88061870708D54FF0E02C9F6914
:10692000DCF884613E40DE62CCF88461460708D51D
:106930004FF0E02CDF69DCF888613E401E63CCF844
:106940008861070708D54FF0E02C1F6ADCF88C61DE
:106950003E405E63CCF88C61C60608D54FF0E02659
:106960005F6AD6F8900138409863C6F8900162B625
:106970009868824213D030489A6080692F4EC0F3E5
:10698000011CC0F3826056F82C600130B6FBF0FCAD
:10699000002A2BD0624532D90022DA6000E0DA68A2
:1069A0001B6800201861032058621A6401221D66CA
:1069B0001A61626C606D136823EA0003136035E7A7
:1069C0001A4882420FD91E4C1E481A4A9C645962CA
:1069D0009862DA6242E71A4A9A641A4A58629A62DC
:1069E000144ADA6219E7124C1748EEE78642D4D30C
:1069F0000CF10100B0F5817F09D3144ACDE7BCFB4F
:106A0000F2F0BCFBF0FC6245F4D28446F0E70228C9
:106A1000C2D902384608320242EA06420243BCE7C3
:106A20007F1A06003B372819B80B05053F420F00B7
:106A30001C1A120C007F050000C00F40A820002087
:106A40000A09070460090101100E0202FF7F7F009E
:106A500003790F2B0FD8084A937672B607490122A3
:106A600090F804C0B1F8203302FA0CF223EA0203D2
:106A7000A1F8203362B6704700800E4080380120B4
:106A800010B580308E461EF801CB1CF0800F04D16B
:106A900050F8804C1C4340F8804C1CF0400F04D14F
:106AA00050F8704C1C4340F8704C1CF0200F04D17F
:106AB00050F8604C1C4340F8604C1CF0100F04D19F
:106AC00050F8504C1C4340F8504C1CF0080F04D1B7
:106AD00050F8404C1C4340F8404C1CF0040F04D1CB
:106AE00050F8304C1C4340F8304C1CF0020F04D1DD
:106AF00050F8204C1C4340F8204C1CF0010F04D1EE
:106B000050F8104C1C4340F8104CA2EB0E0C803097
:106B10008C44BCF1000FB6DC10BD00BF2DE9F84F6E
:106B2000334F344B97F82823DA7797F82C33002B20
:106B300051D00023304E87F82C334FF4A05200215F
:106B400030460EF00DFCD7F83033D7F83493D7F831
:106B5000302397F83813A9EB0202282A28BF2822ED
:106B600002EB030BC7F830B3B1B1244C4FF0010A6C
:106B700001EB0408D7F8AC1304F13805194414F8F4
:106B8000010B15F8013B06EB80000AFA03F3FFF74F
:106B900077FFA0454944F2D1334606EBC210BFF35C
:106BA0004F8F4FF0E021C1F8703F20339842FAD860
:106BB000BFF34F8FBFF36F8FD7F83433D200D7F8BE
:106BC000C01392B2B3EB0B030E60CA8208D1082344
:106BD0008B83BDE8F88F0123094E87F82C33ACE78F
:106BE000282B94BF102312238B83BDE8F88F00BF9E
:106BF0008038012000800E4080302020BC3B0120E6
:106C00008044202010B50446006808B10FF0BEFC97
:106C1000204610BD70B5C289044684B0006804F1F6
:106C20001303257CADF80C20002830D0627C03A92A
:106C300000950AF089FB00283DD0237C002B43D02F
:106C4000A27C8AB1012BE07C0CD0227D022B42EA8F
:106C5000002007D0627D032B42EA002002D0A37DF2
:106C600043EA002004B070BD1C44012BA07CF9D085
:106C7000627C022B42EA0020F4D0227C032B42EA01
:106C80000020EFD0E37B43EA002004B070BD6068D1
:106C9000E8B1267BD1B2032E2FD086B1022E25D1AA
:106CA00001F07F018DF80C10627C03A900950AF0B9
:106CB00037FD0028C1D14FF0FF3004B070BD61F046
:106CC0007F018DF80C10EFE7184604B070BDA26884
:106CD000002AF0D0117C0029EDD09668002EEAD071
:106CE000506903A90095627CB047A4E7012EDBD16F
:106CF00061F03F018DF80C10D6E7120A00958DF86F
:106D00000D1042F00102617C8DF80C204A1C03A991
:106D10000AF006FD8FE700BF70B5057A04469DB9FD
:106D2000466830460FF04EFC2378012293402272D1
:106D300086F8A53040F20113A6F82F3160680AF0FA
:106D40003FFE08B1284670BD237840F20111626809
:106D50005B00A2F82F1182F8A53060680AF030FEBF
:106D6000B0FA80F56D09284670BD00BF2DE9F04FDF
:106D7000466883B0624C07460193154633685B68EA
:106D8000A3427AD1B6F83041002C61D1A54205D09A
:106D90004FF00009484603B0BDE8F08FD7F804B0C3
:106DA0009BF82FA1BAF1000FF2D05846FFF792F8E6
:106DB00081460028ECD0534F0026D7F8008000E031
:106DC0002646B245DBF810105ED234464A691305F8
:106DD00037D4550500F18780900400F1848038682D
:106DE000A0EB080032287ED8A24507D2C96D49071A
:106DF00004D19305CED4019B002BCBD0FCF7C6F970
:106E0000B245DDD2DBF810104B691E0519D45D05C3
:106E100069D4980467D43A68A2EB0802322A62D88F
:106E2000A24507D2CA6D520704D19B05B2D4019B7B
:106E3000002BAFD0FCF7AAF9DBF810104B691E0548
:106E4000E5D50B694FF0000943F440730B61A1E7EE
:106E500096F82F318C46C3F18904A24211D814460A
:106E600006F1A5006146224618440EF077FB96F81D
:106E70002F31234486F82F3188E73046984704465F
:106E800084E701227260EBE7C86D344600F0070228
:106E900040079BD413E09BF8A5500132022445F42F
:106EA0008065042A0D661CD0824502F101020BEBBD
:106EB00000050ED995F8A500042A086686D00120A1
:106EC000002CE8D020460132013482450BEB00054E
:106ED000F0D8019B002B3FF479AF4FF400720A66A3
:106EE00074E7012472E70B694FF000094FF4007258
:106EF00043F4407348460B610A6603B0BDE8F08F67
:106F00007D310100383D0120384B4FF07E514FF06C
:106F10008040002203F5946CF0B5354C03F5806594
:106F2000002703F58E666A6003F5926EA860E9603B
:106F300003F582656260A160E060276001246960FA
:106F4000A860EA6003F58465C3F800440224696020
:106F5000AA60E86003F58665C3F8104403246860FE
:106F6000AA60E96003F58865C3F8204404246860DA
:106F7000A960EA6003F58A65C3F8304405246A60B5
:106F8000A960E86003F58C65C3F840444FF4807451
:106F90006A60A860E96003F59065C3F8504440F268
:106FA0000114C3F860444FF481747160B060F26002
:106FB0006960AA60E860CEF80400CCF8040040F2F2
:106FC0000510CEF80820CEF80C10CCF8081040F2CE
:106FD0000311CCF80C204FF48272C3F87044C3F84C
:106FE000A004C3F88014C3F89024F0BD80380120B9
:106FF0000051012070B50E4690F8A81682B01429F1
:1070000016D8154690F8A92604468AB101298AB2F5
:1070100010D9901E04F25C6E04F5CB6C80B20EEBBE
:10702000800E01E0F44505D05CF8040FA842F9D1C8
:1070300002B070BD01F5C171F7EE000A201D8DEDA3
:10704000010A04EB8101ECF7AFFC94F804369DEDE6
:10705000010A132B0DD8E21882F8506504EB830265
:10706000013302F2B451C2F8645581ED000A84F88C
:10707000043694F8A83603F5CB72013344F8225055
:1070800084F8A836D4E700BF2DE9F04F002383B081
:10709000032504460F46DFF83C8183600373C0E993
:1070A00000330122414620460BF040FF6B1E13F0D7
:1070B000FF05F6D1042F69D907F1010ADFF818B1ED
:1070C0004FF005090DF104085FFA8AFA4F4509F1FE
:1070D00030034FF00102414620463FD009F101093B
:1070E0008DF804308DF805500BF020FF5FFA89F918
:1070F0000BF1010BB9F10A0FE8D1A1680B293DD8BA
:10710000DFF8D0904FF0000810E043184B4511D93C
:107110006368A9EB0006AB425AD32023435423688B
:1071200003F805802946A5600B2927D820684D1C47
:107130004845EAD963689D4224D9002702310FF0FF
:107140002DFAA1680028EFD0C4E9000511B1CFB134
:10715000835DE3E701702068A168F8E71BF8013B55
:1071600001228DF80550D1468DF804300BF0DEFE7B
:10717000BAF10A0FAAD1A1680B29C1D9204603B0E0
:10718000BDE8F08FB9F800304352CBE70DF10408A9
:10719000A946DFF848A0EBB201224146204603F1A0
:1071A000300C9F425FFA8CFC09D08DF804C08DF83A
:1071B00005900BF0BBFE0135052DECD19DE715F8D0
:1071C0000A308DF805908DF804300BF0AFFEF2E731
:1071D0000127B3E7DC400020393C0020343C00208C
:1071E0002DE9F04F9FB005460E460493A84B1B783F
:1071F000934200F07481049BA64CD3F808B025821A
:107200006682BBF1000F00F0AA8115AF4FF00009B4
:107210005D463B465F46A945CA469B46049B1968A6
:1072200067D38DF854A0202F3E465D4628BF202608
:10723000B144BF1B5E4430E00A2B6BD00D2B2AD02B
:10724000117A8B4227D3907A984224D3591A5068E6
:10725000C9B200EBC10898F8030098F8021098B181
:1072600091B1E07E00287FD1207E94F819C0B4F956
:107270001010B4F91220CDE9020CE08A0190A08A26
:1072800000908448FEF7DAFE98F80410238A227EE4
:1072900001FB02332382B54224D0226A15F8013B58
:1072A000002AC9D10A2B3ED00D2BF4D0E17E002953
:1072B00040D1B4F91010B4F91220207E94F819C00E
:1072C000CDE9020CE08A0190A08A00907148FEF797
:1072D000B5FE237E228AB54203EB430302EB430350
:1072E0002382DAD1002F51D0049B9D681968A945EB
:1072F00097D2A5EB090549445846202D28BF2025E3
:107300002A460EF08FFB05F178030DEB030505F817
:1073100024AC88E7638A617EA4F810A0127B01FB8D
:1073200002336382B7E7638A617E228203EBC10383
:107330006382B0E7B4F910104FF0060C207EB4F968
:107340000CE01CFB001CF44504DCB4F9122094F89A
:1073500019C0B5E7114694F819C02282628A02EB7F
:10736000CC0212B26282ABE798F905C0207E8C4451
:10737000B4F91010B4F90CE000FB0C1CF44500F358
:107380008B8094F819C0B4F9122074E75F4640F678
:107390000D230DF15606DFF8FC904FF00008ADF814
:1073A0005430226A17F8013B002A43D00A2B5FD0E1
:1073B0000D2B38D0117A8B4235D3907A984232D344
:1073C000591A5568C9B205EBC105E878A97820B308
:1073D00019B3E07E88B195F9050094F818C0084407
:1073E000B4F91010B4F90CE00CFB0010704500F378
:1073F000B880607EB4F9122006E094F818C0607E70
:10740000B4F91010B4F91220CDE902C0E08A01905D
:10741000A08A00904846FEF711FE2979238A227E31
:1074200001FB02332382B742BBD1002363611FB04B
:10743000BDE8F08F0A2B24D00D2BF4D0E17E00297B
:1074400036D1B4F91010B4F91220207E657ECDE952
:107450000205E08A0190A08A00904846FEF7EEFD02
:10746000237E228A03EB430302EB43032382DAE702
:10747000638A617EA4F81080127B01FB0233638271
:10748000D1E7638A2282627E03EBC2036382CAE78A
:1074900018510120AC46012094F819C0A4F810A09E
:1074A000117B628A01FB0C22002112B26282E2E6A9
:1074B000B4F910100625207EB4F90CC015FB001598
:1074C000654508DD1146657E2282628A02EBC502AF
:1074D00012B26282BBE7B4F91220657EB7E7A54B12
:1074E0001A68A54BA3FB02134FF4FA715B0901FB69
:1074F0001322FA2A7FF67FAE049BD3F808B0BBF1C3
:10750000000F39D100205B46D8469C4CA84406F1B8
:1075100001094545A9EB00090FFA89F916DA059426
:107520002F464FF0000ADFF854B21C4639460137A7
:1075300023464A463FB25846CDF800A0FEF70EFB60
:107540004745F3DBDDE90434D3F808B04FF001130D
:10755000258266826361BBF1000F7FF456AE15AFE2
:1075600015E7607EA4F81080117B628A01FB00227F
:10757000002112B2628247E71A68002A00F0A38055
:1075800012F8011B7D4C0029E0D0277E4FF0FF3917
:10759000E07E47F6FF7E637EB0460A9007EB470029
:1075A000D4F820A0400010971394099007EB4700EF
:1075B00040000890B4F90C000B9098B20790D800E6
:1075C000BBB20C90119050460D932B46CDE905E9C6
:1075D00000287AD00A2900F09C800D295ED090F80E
:1075E0000AC0077A8C4559D38F4257D8A1EB070CB4
:1075F00041685FFA8CFC01EBCC0C9CF803409CF8D2
:1076000002100E949CF804409CF905700F940A9C9B
:107610009CF906C0002C00F08480109C07EB010A46
:1076200004FB0A3A0B9CA2457BDD037B079C03FB12
:10763000048800231FFA88FA0FFA88F8079C0CFBCD
:1076400004AA0D9C11FB04F1079C12910E9911FBE9
:1076500004FC0D9C0F9907FB04370CF1FF3C01FB68
:1076600004331299059C1CFA8AFC01390FFA8AFA34
:107670000FFA8CFC11FA87F13FB21BB2BC4209B27F
:10768000A8BF3C46D6450594A8BFD646069C8C426A
:10769000B8BF0C46E145B8BFE146069412F8011B9D
:1076A000002995D1DDE90523139C9A4255DC01336D
:1076B000CE45A3EB02081FFA88F845DD0B460FFA0A
:1076C00088F8084622E72D4C40E70A292DD00D29DD
:1076D000E4D00A9979BB0899099C19441F1989B209
:1076E000119C013F08EB040C069CA7420CF1FF3CE7
:1076F00001DD3CB20694059CCC45C8BF0FFA8CF95D
:107700009C42A8BF1C46C6450BB2A8BFC6460594FE
:10771000C4E7037B079903FB01830FFA83F8002377
:10772000BCE79BB21FFA88FA88E70C9B9844034693
:107730000FFA88F8B2E709995F180B998F4211DCAC
:107740000899194489B2CBE70FFA88F809F10103C7
:10775000A3EB0E0398B21BB2D8E6CE453FF7F6AEC8
:107760008846F3E70C9B984403460FFA88F8DDE956
:107770000817B5E7383D0120D34D6210AC46012013
:1077800090F8A936844673B190F8043653B14FF09F
:107790007E5201200CF24C53CCF864158CF8500545
:1077A0009A667047704701230A46B7EE000A1946E9
:1077B00080F8A936FFF71EBC2DE9F04F8F4C2DED58
:1077C000028BA4F12C0B9FED8E8A81B0A4F15C0A90
:1077D00004F130002146FFF7D3FFA4F15009B0EEC9
:1077E000480A5A460BF15C0028230A21A4F1140828
:1077F000FFF700FCB0EE480A52460AF18C0028233D
:107800000A21FFF7F7FBB0EE480A4A4609F180006B
:1078100028230A21FFF7EEFBA4F14402B0EE480A48
:10782000282302F174000A21FFF7E4FBA4F12002EF
:10783000B0EE480A282302F150000A21FFF7DAFBD4
:10784000A4F16802B0EE480A282302F198000A2148
:10785000FFF7D0FBA4F13802B0EE480A282302F16A
:1078600068000A21FFF7C6FBA4F64C029FED650AEB
:10787000282302F67C000A21FFF7BCFBA4F58A72DC
:10788000B0EE480A282302F5A2700A21FFF7B2FBE6
:10789000A4F1C00204F6885704F2DC64B0EE480A92
:1078A00002F1F00028230A21FFF7A4FB04F6283692
:1078B000B0EE480A424608F1440028230A2104F6A3
:1078C000A875FFF797FBB0EE480A3A46A7F658505E
:1078D00014230A21FFF78EFBB0EE480A3246A4F2C9
:1078E000AC6014230A21FFF785FBB0EE480A2A4654
:1078F000A4F2AC6014230A21FFF77CFB2046424926
:10790000FFF73EFFB0EE480A5A46204628230A21D8
:10791000FFF770FBB0EE480A5246204628230A21A2
:10792000FFF768FBB0EE480A4A46204628230A21A2
:10793000FFF760FBB0EE480AA4F5E4622046282376
:107940000A21FFF757FBB0EE480AA4F2FC6220467A
:1079500028230A21FFF74EFBB0EE480AA4F2447236
:10796000204628230A21FFF745FBB0EE480AA4F27F
:107970001472204628230A21FFF73CFBB0EE480A88
:10798000A4F62872204628230A21FFF733FBB0EE25
:10799000480AA4F5FE62204628230A21FFF72AFBA5
:1079A000B0EE480AA4F29C72204628230A21FFF771
:1079B00021FBB0EE480A4246204628230A21FFF761
:1079C00019FBB0EE480A3A46204614230121FFF77E
:1079D00011FBB0EE480A3246204614230121FFF77E
:1079E00009FBB0EE480A14232A460121204601B0C3
:1079F000BDEC028BBDE8F04FFFF7FCBAA05C0020A5
:107A0000000000009A99193E744701202DE9F04FBB
:107A10002DED108B99B09FEDFC8AFBF7A5FE9FED35
:107A2000FB9AFB4B4FF00008DFEDFA6A9FEDFAAAD4
:107A300003F65C12DFEDF9AADFF844E402F2A46178
:107A4000DFF840C4DFEDF6CAA1F540609FEDF5CA4E
:107A5000DFEDF5BA9FEDF5FADFEDF5EA9FEDF5EA1A
:107A60009FEDF5DAF54FF64EDFF81C94DFEDF5FAF1
:107A7000DFEDF5DAC3F868E0C3F870C0C3ED006A63
:107A800083ED048A83ED01AAC3ED02FA83ED03AA14
:107A900083ED05AA83ED07AA83ED09AA83ED0BAA5E
:107AA00083ED0DAA83ED0FAA83ED11AA83ED13AA2E
:107AB00083ED15AA83ED179A83ED199A83ED1B9A2E
:107AC00083ED1D9A83ED1F9AC3ED08AAC3ED10CA7A
:107AD00083ED12CAC3ED14BA83ED06FAC3ED0AEAC8
:107AE00083ED0CEAC3ED0EDA83ED16DA9F67C3F877
:107AF0006090C3F88060C3ED40DADFEDEADADFEDD5
:107B0000D32AC3ED28DADFEDE8DADFEDD17AC3ED71
:107B10002CDADFEDE8DADFEDCF8ADFEDCF9A9FEDEB
:107B2000CFBAC3ED34FAC3ED30DADFEDDDFADFEDC5
:107B3000DDDAC3ED2A2A83ED219A83ED22BA83EDA3
:107B4000239A83ED259AC3ED269A83ED279A83ED38
:107B5000299A83ED2B9A83ED2D9AC3ED2E7A83ED2E
:107B60002F9AC3ED318AC3ED326AC3ED338AC3ED78
:107B7000358A83ED368AC3ED378A83ED38FAC3ED53
:107B8000398AC3ED3AAAC3ED3B8AC3ED3CEAC3EDA3
:107B90003D8A83ED3EEAC3ED3F8AC3ED24FAC3ED8F
:107BA000418AC3ED5EDADFEDAEDA9FEDAE0AC3EDDA
:107BB0004EDADFEDADDAAD4DDFF8D0A2C3ED5CDA21
:107BC000DFEDB9DAC3F840E1C3ED602AC3F848C17C
:107BD000C3ED42CAC3ED438A83ED44CAC3ED458A6F
:107BE000C3ED46BAC3ED478AC3F82051C3ED498AB5
:107BF00083ED4B0A83ED4CDA83ED4D0A83ED4F0A9A
:107C000083ED510A83ED530AC3F8507183ED550A91
:107C1000C3F8586183ED570A83ED58BA83ED590ACA
:107C2000C3ED5AFA83ED5B0A83ED5D0A83ED5F0ACB
:107C300083ED610AC3F828A1C3ED62DADFED9DDAB6
:107C4000DFED80FAC3ED66DADFED9CDA9FED881A8E
:107C5000DFED880AC3ED6AFAC3ED80DADFED7AFA68
:107C6000DFED90DA83ED630AC3ED647A83ED650A94
:107C7000C3ED670AC3ED686AC3ED690AC3ED6B0A19
:107C800083ED6C8AC3ED6D0A83ED6EFAC3ED6F0A66
:107C9000C3ED70AAC3ED710AC3ED72EAC3ED730AB6
:107CA00083ED74EAC3ED750AC3ED76FAC3ED770A86
:107CB000C3ED78CAC3ED790A83ED7ACAC3ED7B0AB6
:107CC000C3ED7CBAC3ED7D0AC3F8F851C3ED7F0A5A
:107CD000C3ED810AC3F808A283ED831AC3ED96DAD7
:107CE000DFED71DADFED6EFAC3ED9ADADFED71DA0E
:107CF0009FED612AC3ED92FAC3ED9EDADFED51FAF2
:107D0000DFED6EDAC3F820E2C3ED982AC3F828C28B
:107D100083ED84DA83ED851A83ED871A83ED891A62
:107D200083ED8B1AC3F8307283ED8D1AC3F8386275
:107D300083ED8F1A83ED90BA83ED911A83ED931A38
:107D4000C3ED949A83ED951A83ED971A83ED991AF2
:107D500083ED9B1AC3ED9C7A83ED9D1A83ED9F2AD8
:107D6000C3EDA06A83EDA12AC3EDA2FA83EDA32A95
:107D7000DFED35FAC3F8189283EDA48AC3EDB8DAC3
:107D8000DFED50DA9FED3D3AC3EDAEFAC3EDBADA5E
:107D9000DFED51FADFED43DAC3F810E383EDA52AF6
:107DA00083EDA6FA83EDA72AC3EDA8AA83EDA92A3D
:107DB000C3EDAAEA83EDAB2A83EDACEA83EDAD2AED
:107DC00083EDAF2AC3EDB0CA83EDB12A83EDB2CA09
:107DD00083EDB32AC3EDB4BA83EDB52AC3F8D85204
:107DE00083EDB72A83EDB92A83EDBB2AC3EDBCFA34
:107DF00083EDBD3A83EDBF3A83EDC0DA83EDC13A3E
:107E000083EDC33A6CE000BF1147C3420D71F440EB
:107E1000F07820201147AF42956528401147D7429E
:107E20001147FF4288A3044388A309431147CD4269
:107E30001147E1421147EB4296A10E432D43F54213
:107E40002D43EB421147B9421147F5422D43B94248
:107E50002D43A54265194A412D43CD422D43E142B0
:107E60007E9D0943431C8D41FB3ACD4288A30E43BE
:107E7000431CDD41B30CB54159860242228E1642A5
:107E800096A104432D43FF4296A1094396A11343B3
:107E900059862A42228E3E4259865242228E66429C
:107EA0002D43D7422D43C3422D43AF4259867A42D8
:107EB0001147B9421147A5421147F54288A3134320
:107EC00088A31D4388A3184388A3224396A1224375
:107ED00088A327431147874296A1184396A11D43C3
:107EE0005FED11FAC3F8F8A2C3F8089383EDC53A21
:107EF000C3EDD2DA5FED14DAC3EDCEFAC3EDD6DA14
:107F00005FED15FA5FED15DA1FED1F4AC3EDDADA02
:107F1000C3EDDEFA5FED17DA5FED19FAC3EDD42A8F
:107F2000C3F818C383EDC73AC3F8207383EDC93A89
:107F3000C3F8286383EDCB3A83EDCCBA83EDCD3A19
:107F400083EDCF3AC3EDD09A83EDD13A83EDD33AA6
:107F500083EDD53A83EDD73AC3EDD87A83EDD93A9C
:107F600083EDDB4AC3EDDC6A83EDDD4A83EDDF4A56
:107F700083EDE08A83EDE14A83EDE2FA83EDE34AA3
:107F8000C3EDE4AA83EDE54AC3EDE6EAC3EDEAFA00
:107F9000C3EDF4DA5FED36FA5FED36DA5FED434AB2
:107FA000C3EDF6DAC3EDF8FA5FED34DA5FED36FAD9
:107FB000C0F810E0C0F818C080ED00DAC0ED014A4A
:107FC000C0ED034AC0ED054A83EDE74A83EDE8EAD8
:107FD00083EDE94A83EDEB4AC3EDECCA83EDED4A4C
:107FE00083EDEECA83EDEF4AC3EDF0BA83EDF14ABB
:107FF000C3F8C85383EDF34A83EDF54A83EDF74A9E
:1080000083EDF94AC3EDFADAC3EDFB4AC3EDFCFA9E
:10801000C3EDFD4AC3EDFF4A5FED5EDAC0F808909C
:10802000C3F8F8A3C0ED074A0762A1F6DC305FEDA4
:1080300064FAC0ED09DA40305FED65DA40ED0BFA25
:1080400040ED03DA1FED6C5A5FED66DA5FED68FA1A
:1080500040ED052A40ED104A40F83C6C40ED0E4AD8
:1080600000ED0DBA40ED0C4A40ED0A4A40ED099A88
:1080700040ED084A40ED064A40ED044A40ED024A10
:1080800040ED017AC0ED004AC0ED01DA80ED025A00
:10809000C0ED036A80ED045AC0ED05FA80ED065A82
:1080A00080ED078A80ED085A80ED09FA80ED0A5AC2
:1080B000C0ED0BAA80ED0C5AC0ED0DEA80ED0E5A12
:1080C0005FED83FA80ED0FEA40305FED84DAC0EDBA
:1080D00001FAC0ED0BDA5FED86FA5FED86DAC0EDEE
:1080E0000FFAC0ED0DDA80ED005A80ED025AC0EDB6
:1080F00003CA80ED045A80ED05CA80ED065AC0ED32
:1081000007BA80ED085A456280ED0A5A80ED0C5A94
:1081100080ED0E5A40305FED94DA5FEDA05AC0ED6D
:1081200001DA5FED96DA5FED94FAC0ED03DA5FED08
:1081300095DAC0F83CE0C0ED045AC0ED05DAC0EDB8
:10814000065AC0ED07FAC0ED085AC0ED0A5AC0ED54
:108150000C5AC0ED0E5A80ED005A80ED025A80EDA7
:108160000BDAC0F824A0C0F8349040305FEDB4FAC8
:108170005FEDB4DAC0ED005AC0ED0F2AC0F804C0BC
:10818000C0ED025AC760C0ED045A4661C0ED065A00
:1081900080ED07BAC0ED085AC0ED09FAC0ED0A5AE1
:1081A000C0ED0B9AC0ED0C5AC0ED0DDAC0ED0E5AC1
:1081B00040305FEDC3DA1FEDC37AC0ED01DA5FED49
:1081C000C4FA5FEDC4DA80ED067AC0ED05DA80ED21
:1081D000087AC0ED09FA80ED0A7A80ED0C7A80ED1C
:1081E0000E7AC0ED005AC0ED025AC0ED037AC0ED20
:1081F000045AC0ED076A80ED0B8A80ED0DFAC0EDE0
:108200000FAA40305FEDD4FA5FEDD4DA80ED007A4A
:10821000C0ED01EA80ED027A80ED03EA80ED047A98
:10822000C0ED05FA80ED067AC0ED07CA80ED087A48
:1082300080ED09CA80ED0A7AC0ED0BBA80ED0C7AA8
:10824000456380ED0E7AC0ED0FDA40305FEDE4FA61
:108250005FEDE4DAC0ED03FA5FEDE5FAC0ED01DAB7
:10826000C0ED05FA5FEDE7DA5FEDE7FA1FEDE76ACB
:10827000C0ED07FAC0ED0BDA5FEDE9FA5FEDE9DA80
:1082800080ED0A6A80ED0C6AC0ED0DDA80ED0E6AB1
:10829000C0ED0FFA80ED106A80ED007A80ED027A71
:1082A00080ED047A80ED067A80ED087A4430F74B51
:1082B000C0F800A040F8203CDFEDF5DA80ED016A5F
:1082C000C0F818E0C0F820C080ED02DA80ED036A43
:1082D00080ED056A80ED076A80ED096A876280EDAE
:1082E0000B6A066380ED0D6A80ED0EBAC0F810903F
:1082F0003C30C0ED05DADFEDF4DADFEDE63AC0ED53
:1083000009DADFEDEFFADFEDE4DAC0ED0E3AC0EDA9
:10831000072AC0ED01FAC0ED0DDA80ED006A80EDAC
:10832000026AC0ED039A80ED046A80ED066A80ED72
:10833000086A80ED0A6AC0ED0B7A80ED0C6AC0ED28
:108340000F6A4030DFEDD5FAC0ED003AC0ED01FA1A
:10835000DFEDDFFAC0ED023ADFEDDCDA80ED038A13
:10836000C0ED043AC0ED063AC0ED083AC0ED0A3A55
:10837000C0ED0C3AC0ED0E3A80ED05FAC0ED07AA4B
:10838000C0ED09EA80ED0BEAC0ED0DFAC0ED0FCAB1
:108390004030DFEDC3FAC0ED07DADFEDCEDAC0ED35
:1083A0000DFAC0ED09DADFEDBFFADFEDCBDAC0ED93
:1083B000003AC0ED023AC0ED043AC0ED063AC0ED15
:1083C000083AC0ED0A3AC0ED0C3AC0ED0E3AC0EDE5
:1083D0000BDAC0ED0FFA80ED01CAC0ED03BA4561BA
:1083E0004030DFEDB1DADFEDB11AC0ED03DAB04BAA
:1083F000DFEDB1DAC0ED021AC0ED003A4360DFED07
:10840000B7FAC0ED041AC0ED05DADFEDACDAC0ED65
:10841000061AC0ED081AC0ED0A1AC0ED0C1AC0ED1C
:108420000E1AC0ED07DAC0ED09FA80ED0DDAC0F8DA
:108430002CA0C0F83C904030DFEDA1FADFED94DADB
:10844000C0ED001AC0F804E0C0ED021AC0ED041A35
:10845000C0ED061AC0ED081AC0ED0A1AC0ED0C1ADC
:10846000C0ED0E1AC0F80CC0C0ED0BFAC0ED0FDA6B
:108470004761C66180ED09BAC0ED0D9A4030DFED6D
:1084800092DADFED86FAC0ED03DADFED83DAC0EDD4
:10849000001AC0ED012AC0ED021AC0ED041AC0EDA9
:1084A000057AC0ED061AC0ED07DAC0ED087AC0ED16
:1084B000096AC0ED0A7AC0ED0BFAC0ED0C7A80EDC6
:1084C0000D8AC0ED0E7A80ED0FFA4030DFED80FAB4
:1084D000C0ED007AC0ED07FAC0ED01AAC0ED027A46
:1084E000C0ED03EAC0ED047A80ED05EAC0ED067A3E
:1084F000C0ED087AC0ED09CAC0ED0A7A80ED0BCA5A
:10850000C0ED0C7AC0ED0DBAC0ED0E7AC5634030F7
:10851000DFED6EFAC0ED007AC0ED01FADFED6DFA25
:10852000C0ED027AC0ED03FADFED6BFAC0ED047A1C
:10853000C0ED05FADFED5CFAC0ED067AC0ED0DFA8C
:10854000DFED57FAC0ED087AC0ED07FADFED55FA16
:10855000C0ED0A7AC0ED09FADFED57FAC0ED0C7AEA
:10856000C0ED0E6AC0ED0FFAC0ED106A4430DFEDC9
:1085700053FAC0F828E0C0ED00FADFED58FAC0F871
:1085800030C0C0ED02FAC0ED016AC0ED036AC0ED73
:10859000056A80ED06DAC0ED076AC0ED096AC0ED34
:1085A0000B6AC0ED0D6A8763C0ED0F6AC0F810A0BA
:1085B000C0F820904030DFED42FA3E4BC0ED04FAA7
:1085C00040F8583C13460660C0ED016A80ED02BADF
:1085D000C0ED036AC0ED056AC0ED069AC0ED10DA81
:1085E000DFED2BDADFED2DFAC0ED08DADFED36DA5C
:1085F000C0ED0A2AC0ED076AC0ED14FAC0ED096AA1
:10860000C0ED0B6AC0ED0CDA3430DFED31DAC0EDCD
:10861000042AC0ED062AC0ED082AC0ED0A2AC0EDE2
:108620000C2AC0ED0E2AC0ED102AC0ED006AC0ED84
:10863000017AC0ED026AC0ED056A80ED098A80ED1D
:108640000BFAC0ED0DAAC0ED0FEA80ED11EA48303B
:10865000C0ED01DADFED12DAC0ED002AC0ED022A2A
:10866000C0ED042AC0ED062AC0ED03CA80ED05CA9C
:10867000C0ED07BAC0ED082AC2ED03DADFED09DA72
:10868000DFED12FAC2ED05DA2EE000BF7E9D274332
:108690002D43C3422D4391421147A5421147B94290
:1086A00088A3224388A3274396A1274311479B42CF
:1086B00096A12C4388A32C4396A1224396A11D4347
:1086C0002D43D7422D43C3422D43AF4288A31343CA
:1086D0001147F54288A3184388A31D4396A1184368
:1086E000431CD541598662425FED0DDAE3EC012A65
:1086F000C2ED07DA5FED0FDAC0ED0BFAC2ED09DA71
:108700005FED0BDA5FED0DFAC3ED00DA00F587637C
:108710005FED0EDAC0ED0DFAC2ED0BDA5FED18FA7F
:108720005FED18DAC0ED0A2AC0ED0C2AC2ED022A6C
:10873000C2ED042AC2ED062AC2F84CE0C2F854C0C9
:10874000456282ED088A82ED0A8A82ED0C8A82ED0A
:108750000E8A82ED0FDA82ED108A82ED128A82EDA6
:10876000148A82ED168AD76582ED188A566682EDE4
:108770001A8AC2F834A0C2F8449082ED1BBAC2ED46
:108780001DFAC2ED21DA82ED2FEA5FED31FA1FED1D
:1087900031EA5FED31DAC2ED232AC2ED25FA82ED2E
:1087A00029FAC2ED2DEAC2ED31DA82ED1C8A82EDA2
:1087B0001E8AC2ED1F9A82ED208A82ED228A82ED06
:1087C000248A82ED268A82ED278AC2ED289AC2ED9C
:1087D0002A9AC2ED2BAAC2ED2C9AC2ED2E9AC2EDB6
:1087E000309AC2ED329AC2ED33CAC2ED349A82EDAC
:1087F00035CAC2ED369AC2ED37BAC2ED389AC2F820
:10880000E450C2ED3A9A82ED3BEA5FED4EFAC2EDDA
:108810003C9A1FED4F8A82ED5BEA5FED50DA1FED67
:1088200050EAC2F824E1C2F82CC1C2ED3DFA82ED53
:108830003F8AC2ED41DA82ED45DAC2F83471012790
:10884000C2F83C61C2ED53CA82ED55CAC2ED57BAB7
:10885000C2F86451C2ED3E9AC2ED409AC2ED42AAFE
:10886000C2ED44AAC2ED46AAC2ED48AAC2ED4AAA88
:10887000C2ED4CAAC2ED4EAAC2ED50AAC2ED52AA58
:1088800082ED51BA82ED54BA82ED56BA82ED58BAF1
:1088900082ED5ABA82ED5CBAC2F80CA1C2F81C9102
:1088A00082ED5DEA82ED5EAA82ED60AA82ED62AAA7
:1088B00082ED64AA82ED66AA82ED68AA82ED6AAAB8
:1088C00082ED6CAA82ED6EAA82ED70AA1FED7BAAE2
:1088D000FC4C82ED79AA9FEDFCAADFEDFCEA82ED6B
:1088E0007BAA9FEDFBAA9FEDFBFADFEDFBFA9FED64
:1088F000FB8ADFEDFB9ADFEDFBAA9FEDFBBADFED14
:10890000FBBA9FEDFBCADFEDFBCA9FEDFBDADFEDA3
:10891000FBDA82ED7DAA9FEDFAAAC2ED5FEA82ED55
:1089200061FAC2ED63FA82ED658AC2ED679AC2ED23
:1089300069AA82ED6BBAC2ED6DBAC2F8BC4182ED94
:1089400071CA82ED729AC2ED73CA82ED749A82ED99
:1089500075DA82ED769AC2ED77DA82ED789A82ED59
:108960007A9A82ED7C9A82ED7E9A82ED7FAA9FEDC3
:10897000E9AA82ED809A82ED81AA9FEDE7AA82EDB5
:10898000829A82ED83AA82ED849A82ED869A82EDA4
:10899000889A9FEDE2AA9FEDE39A82ED85AAB0EE58
:1089A0004BAA82ED879A82ED99BA9FEDE19A9FEDED
:1089B000E2BA82ED899AB0EE699AC2ED8A8A82EDB6
:1089C0008BEAC2ED8C8AC2ED8DEAC2ED8E8A82ED11
:1089D0008FFAC2ED908AC2ED91FAC2ED928A82EDD1
:1089E000938AC2ED948AC2ED959AF0EE6A9AC2ED2E
:1089F000968AC2ED97AAF0EE6BAAC2ED988AC2EDF4
:108A00009A8AC2ED9BBAF0EE6CBAC2ED9C8AC2F8AB
:108A10007442C2ED9E8A82ED9FBAB0EE4CBAC2EDAE
:108A2000A08A82EDA1CAB0EE4DCA82EDA20A82ED03
:108A3000A40A82EDA5DA82EDA60A82EDA80A82EDEB
:108A4000AA0A82EDAC0A82EDAE0A82EDB00A82ED8E
:108A5000B20A82EDB40A82EDB60A82EDB80A82ED5E
:108A6000BA0ADFEDA88A9FED98DA9FEDAD0AC2ED54
:108A7000A3CAF0EE6DCAC2EDA7DAC2EDA98A82EDF3
:108A8000ABDA82EDB90ADFED92DADFED9D8A9FED78
:108A9000A1DA9FEDA50AC2EDADDAC2EDAF8A82ED93
:108AA000B1DA82EDBB0ADFED9CDADFED9C8A9FED47
:108AB0009DDA9FED9F0AC2EDB3DAF0EE6EDAC2EDF9
:108AC000B58AF0EE4A8A82EDB7DAB0EE4EDAC2ED40
:108AD000BC0A82EDBD0AB0EE480AC2EDBE0A82EDC4
:108AE000BFEAB0EE4FEAC2EDC00AC2EDC1EAF0EE55
:108AF0006FEAC2EDC20A82EDC3FAC2EDC40A9FED6D
:108B000081FAC2EDC5FAC2EDC60ADFED6FFAC2ED19
:108B1000C80AC2EDCA0AC2EDCC0A82EDCDAAC2EDE6
:108B2000CE0AC2EDD00AC2EDD20AC2EDD40A9FED40
:108B300082AADFED670A82EDC78AB0EE698A82ED0C
:108B4000C99AC2EDCB9AF0EE6A9AC2EDCFAAF0EEC6
:108B50006BAAC2F8444382EDD3AAB0EE4BAA82EDD1
:108B6000D5BAB0EE4CBA82EDD61AC2EDD7BAF0EE55
:108B70006CBA82EDD81A82EDD9CA82EDDA1AC2ED4A
:108B8000DBCA82EDDC1A82EDDDFA82EDDE1AC2ED7F
:108B9000DFFA82EDE01AC2EDE10AF0EE490A83ED58
:108BA000019A82EDE21A82EDE41A82EDE61A82ED74
:108BB000E81A82EDEA1A82EDEC1A82EDEE1A82EDE5
:108BC000F01A9FED4F9A9FED521A82EDE39A82EDD3
:108BD000EF1A9FED50CADFED50CA9FED509A9FEDFE
:108BE000521A82EDE5CAC2EDE7CA82EDE99A82ED3A
:108BF000F31A9FED4CCADFED4ACA9FED4C9A9FEDE8
:108C00004C1A83ED002A82EDEBCAB0EE4DCAC2EDDC
:108C1000EDCAF0EE6DCA82EDF19AB0EE4A9A82ED9D
:108C2000F22A82EDF42A82EDF51AB0EE401A82EDB6
:108C3000F62A82EDF7DAB0EE4EDA82EDF82AC2EDCE
:108C4000F9DAF0EE6EDA82EDFA2A82EDFBEAB0EEA6
:108C50004FEA82EDFC2AC2EDFDEAF0EE6FEA82ED0A
:108C6000FE2A82EDFF0AB0EE480A83ED022A0222B4
:108C700083ED038AB0EE688A83ED042AC3ED058A8A
:108C8000F0EE698A83ED062AC3ED079A83ED082A80
:108C900000F25C43DFED289A08201C60403303EDAE
:108CA0000F2A03ED0D2A43ED0E9AF0EE6A9A03EDBA
:108CB0000CAAB0EE4BAA43ED0AAAF0EE6BAA03EDA4
:108CC00008BA3DE011478F4259864E42431CFD4190
:108CD00059863A42228E1242228E2642228E3A42F1
:108CE000228E4E42228E6242228E76421147854269
:108CF0002D4399422D438F422D438542598676421A
:108D0000598626425986624259863A4259862642F7
:108D100065193A4159861242B30CFD41B30CD54155
:108D2000B30C8541B30CAD41431C854186383A41B3
:108D3000431CAD41CA32D440114799420D71D44011
:108D400043ED06BA1FED0D2A1FED0DBA5FED0DBA0A
:108D500003ED0B3A03ED093A03ED073A03ED053A4B
:108D600003ED04FA03ED033A43ED02FA03ED013A91
:108D70001FED1BFA83ED042A83ED06BAC3ED08BA92
:108D80005FED1EFA1FED192A1FED1BBA5FED20BA29
:108D900083ED00FA83ED013AC3ED02FA83ED033A65
:108DA00083ED053A83ED073A83ED093A83ED0A2A0C
:108DB00083ED0B3A83ED0CBA83ED0D3AC3ED0EBA99
:108DC000F0EE6CBA83ED0F3A443383ED003A1FEDB9
:108DD000293A1FED282A83ED033A1FED2D3A1FEDA6
:108DE00029BA83ED053A1FED2E3A03ED012AB0EEC4
:108DF000402A83ED01BAB0EE4CBA83ED073AB0EEEB
:108E0000413A83ED024A83ED044A83ED064A83ED3D
:108E1000084A83ED09CAB0EE4DCA83ED0A4AC3ED94
:108E20000BCAF0EE6DCA83ED0C4A83ED0DDAB0EE9D
:108E30006FDA83ED0E4A3C33C3ED040AC3ED00DA6A
:108E400083ED014A83ED021AB0EE481A83ED034A1E
:108E500083ED054A83ED060AB0EE680A83ED074A02
:108E600083ED088A83ED094AC3ED0A8A83ED0B4A34
:108E700083ED0D4A83ED0F4A1FED514A1C6383EDCC
:108E80000E4A40331FED5E8AB0EE494A83ED009AE8
:108E9000B0EE6A9AC3ED014AC3ED029AF0EE4E9A23
:108EA000C3ED034A83ED04AAB0EE6EAAC3ED054AF2
:108EB000C3ED06AAF0EE4FAAC3ED074A83ED08EA18
:108EC000C3ED094AC3ED0AEAC3ED0B4A83ED0CFA80
:108ED000C3ED0D4AC3ED0EFAC3ED0F4A40335FED0B
:108EE00073DA83ED0A8A1FED74EA5FED74EA1FED11
:108EF00073FA5FED75FA1FED718A5FED708AC3ED4D
:108F0000014AC3ED034AC3ED054AC3ED074AC3ED69
:108F1000094AC3ED0B4AC3ED00DA83ED02EAC3ED63
:108F200004EA83ED06FAC3ED08FA83ED0C8AC3ED7B
:108F30000D4AC3ED0E8A83ED0F5A40335FED864A2A
:108F40001FED868AC3ED024A5FED874A83ED0E3A34
:108F5000C3ED044A83ED008A83ED015A83ED035A81
:108F600083ED055A83ED075A83ED095A83ED0B5AB9
:108F700083ED0D5A83ED0F5A83ED06BAC3ED08BA9F
:108F800083ED0ACAC3ED0CCA40335FED968A83EDC8
:108F9000015A83ED035A83ED055A83ED075A83ED99
:108FA000095A83ED0B5A1FED9C5AC3ED000A83ED5D
:108FB0000A5A83ED022A83ED041A83ED060A83ED33
:108FC0000C4A1C62C3ED0D5AC3ED288A5FEDA58AD9
:108FD000DFF820B4C3ED2A8AB033DFEDF98A83EDE0
:108FE000008A9FEDF88A43ED1D5A43ED1B5A43ED6D
:108FF000195A43ED189A43ED175A43ED155A43EDAC
:10900000135A43ED115A03ED1E8A43ED1C8A03EDFA
:109010001A9A03ED16AA43ED14AA03ED12DA43EDF2
:1090200010DA3C3BDFEDE89AC3ED005AC3ED025A7B
:10903000C3ED045AC3ED065AC3ED085AC3ED0A5AEC
:10904000C3ED0C5ADFEDE15AC3ED099A83ED0E7AB8
:1090500083ED107A83ED01EAC3ED03EA83ED05FAAF
:10906000C3ED07FAC3ED115AC1ED004A81ED0A3A8A
:10907000C1ED0C0A81ED0E2A81ED101A81ED120A64
:1090800081ED165A81ED184A83ED127A0C65D04BAA
:1090900081ED017A81ED02BA81ED037AC1ED04BA66
:1090A00081ED057A81ED06CA81ED077AC1ED08CA26
:1090B00081ED097A81ED0B7A81ED0D7A81ED0F7AE0
:1090C00081ED117A81ED137A81ED157A81ED177AB0
:1090D00081ED196A81ED1A8A81ED1B6AC1ED1C8A46
:1090E00081ED1D6A81ED1E9A81ED1F6AC1ED329AF4
:1090F000DFEDB89AC1ED344AC1ED353AC1ED373AEA
:10910000C1ED393AC1ED3B3AC1ED3D3A81ED3E3A10
:10911000C1ED3F3AB04E81ED2AEAC1ED2CEA81ED76
:109120002EFAC1ED30FA81ED36BAC1ED38BA81EDD3
:109130003ACAC1ED3CCAC1ED209A81ED216A81EDA8
:1091400022AA81ED236AC1ED24AA81ED256A81ED71
:1091500026DA81ED276AC1ED28DA81ED296A81EDF1
:109160002B6A81ED2D6A81ED2F6A81ED316A81EDE7
:10917000336AC1ED400A81ED5E3AC1ED600AC1ED8E
:10918000413A81ED422AC1ED433A81ED441AC1EDE5
:10919000453A81ED460AC1ED473AC1ED493AC1ED84
:1091A0004B3A81ED4A5A81ED4C4AC1ED4D1AC1ED61
:1091B0004F1AC1ED511AC1ED531AC1ED551AC1ED47
:1091C000571AC1ED591AC1ED5B1AC1ED5D1AC1F80C
:1091D0002041C1ED549A81ED56AAC1ED58AA81ED06
:1091E0005ADAC1ED5CDA81ED4E8AC1ED508A81ED2B
:1091F000529AC1ED5F7AC1ED617ACBF80030774BBE
:1092000081ED622A81ED641A81ED660A81ED6A5A68
:1092100081ED6C4AC1ED752AC1F8A041C1F8D04179
:10922000002481ED6E8AC1ED708A81ED729AC1EDE4
:10923000637AC1ED657AC1ED677AC1ED697AC1EDF6
:109240006B7AC1ED6D6AC1ED6F6AC1ED716AC1EDF6
:10925000736ACBF80C20CBF80460A6F57D56CBF8EA
:109260000830CBF814808BF81C800DF087F95C4B2C
:109270008BF8EC80CBF82030CBF8F080CBF81000E6
:10928000CBF8FC40CBF80041CBF80441CBF80841C7
:10929000544DCBE93D88FAF73DFACBF8F000FAF7E8
:1092A00039FACBF8F400FAF735FACBF8F800A6F55E
:1092B0008070DFF844C102234B4ACBF88001CBF821
:1092C0004001A6F1DC00CBF800C0A0F1180C474922
:1092D000CBF81021CBF844C1A0F10C0CCBF818212D
:1092E000CBF848C105F1280CCBF81C21CBF894C170
:1092F000CBF80C11CBF82811CBF88401CBF8244122
:10930000CBF83081CBF85841CBF85C41CBF86041C9
:10931000CBF86441CBF86841CBF86C41CBF8704195
:10932000CBF87441CBF878418BF87C818BF8908135
:10933000CBF83471CBE94E352D4BCBF81431CBF84B
:109340002031CBF82C31CBF8B041CBF8E031CBF861
:10935000EC31CBF8F83100F1A803CBF8FC01CBF8E5
:10936000983100F1B403CBF8D8113046CBF89C31DA
:109370000C33CBF8F41114A9CBF8A03148F28003D8
:10938000CBF8DC21ADF850308023CBF8E421CBF8CA
:10939000E8218DF85230CBF8B441CBF8B841CBF886
:1093A000BC41CBF8C041CBF8C441CBF8C841CBF8A5
:1093B000CC41CBF8D0418BF8D4818BF808821DE0EA
:1093C0002D4385422D438F4265193A41431C854107
:1093D000342A002059866242E092002024D30020E3
:1093E000CDCC4C3D303700200000FAC40000FA44D8
:1093F0000000964494510020C0200020CBF8F0419A
:109400000AF072F806F10C000AF006F8A6F1D00195
:10941000E64A4FF00200CBF87812A6F17801CBF8BB
:109420009C224FF07A52CBF87C124FF07C53E049EB
:10943000CBF8C8224FF07F52CBF89012DD498BF861
:10944000C402CBF89412DC498BF8D402CBF8981202
:10945000DA498BF8E402CBF8A012D949CBF8DC3218
:10946000CBF8A4120A21CBF8EC328BF8BE1205F12E
:109470004C01CBF8CC22CBF8C012D249D24ACBF85F
:10948000D012D2498BF88472CBF8E012D049CBF8D5
:109490008062CBF8F0124FF08041CBF88842CBF8D5
:1094A0008C42ABF8A882CBF8AC42CBF8B042CBF8F8
:1094B000B442CBF8B842ABF8BC82CBF8D842CBF878
:1094C000E8428BF8F402CBF8FC324BF25303CBF8B2
:1094D0000423ABF808334FF07E53CBF82C13BBF8C2
:1094E000071396F8FD00ABF81313BA49ABF8102335
:1094F000CBF8001305F16801B74ACBF80C1306F15D
:10950000F801CBF84433CBF818134EF6A041CBF852
:1095100048338BF8121305F17C01CBF84C33CBF8B0
:109520003C13AE49CBF86433CBF85013AC49CBF8BD
:109530006833CBF85413AB4986F8090106F5F4708B
:10954000CBF85813A849ABF83483CBF85C1305F17A
:109550008801CBF8F842CBF81C43CBF82043CBF87A
:109560002443CBF82843CBF83043CBF83843CBF82F
:109570006043CBF86C43CBF87433CBF87C33CBF837
:109580009433CBF89C33CBF8A833CBF8AC33CBF87F
:10959000C833CBF8CC33CBF8D833CBF8E033CBF8A7
:1095A0007023CBF88023CBF88823CBF88C23CBF81F
:1095B000A023CBF8B423CBF8B823CBF8C023CBF847
:1095C000D423CBF8E423CBF8EC23CBF87843CBF8C7
:1095D0008443CBF89043CBF89843CBF8A443CBF823
:1095E000B043CBF8BC43CBF8C443CBF8D043CBF863
:1095F000DC43CBF8E843CBF8F0234FF480720BF058
:10960000ADFF05F188014FF4807206F53A700BF05A
:10961000A5FF4FF4C87506F58073CBF840330BF007
:109620007DFF04460BF07AFF5BFA80F05BFA84F36F
:10963000013D90F8F41493F8F42483F8F41480F8BE
:10964000F424ECD169496A4801F50075694CA0EB36
:109650000B0043185BFA83F393F8F424A4FB026332
:1096600001F8012F8D424FEAD30303EB4303A2EB32
:10967000830281F80022ECD15F4E00275F4A4FF44D
:109680007F495F4B1220F26406F1180A5D4A33618C
:1096900032655D4A5D4BCBF8F829022273615C4B61
:1096A0009FED5C8A8BF8FC295B4ADFF884815B4D77
:1096B000CBF8203A0623F26086ED008A86ED0F8A09
:1096C00086ED108A86ED118A86ED128A8BF82C3A87
:1096D000CBF8145ACBF8185ACBF80C8ACBF8108A6E
:1096E000ABF81C9A0CF04AFF0446C7600782CBF81F
:1096F000240ADFED4B9A9FED4B9ADFED4B8AC0E9D0
:10970000017712200CF03AFF484BCBF8280AA44608
:1097100003F13002CBF84C3A06F20C638646CDF8E2
:1097200010A0B0EE000A03F6982103F69C2003F681
:10973000A42406F56A6305920191029006940393AE
:10974000049CCBF8585ACBF85C5A41F69425CBF8D8
:10975000508ACBF8548A5D44ABF8609ABAE80F009F
:10976000ACE80F000FCCDAF800A04FF0FF34AEE801
:109770000F0006F15C0106F17000ACF800A0AEF835
:1097800000A009F073FD0DF1500C4FF0FF0A06F137
:10979000B00086ED2B8A61468DF85270ADF850A06E
:1097A00009F0A2FE0DF1500C44E000BF0000A04003
:1097B00000003D430000BA420000564300808B4346
:1097C0000000C84233338B400E21A0EC14AE47405A
:1097D0003D0AF73F85EB9140000080BFAE67BB3E7E
:1097E0008C65583EABAAAA3EABAA2A3E87570020FA
:1097F0000DFAFFFFABAAAAAA885B00200000404038
:109800006666663F0000E040442A00206666D64057
:10981000202A002000000000CDCC4C3F0000FFFFBC
:109820000000C842CDCCCC3E00000C42C038002025
:10983000FF0000FF4AF2FF5306F1BC008DF85270A2
:109840006146ADF8503009F04FFE4FF0FF3C06F195
:10985000C8008DF85240ADF850C00DF1500C614673
:1098600009F042FE0DF1500C06F1D4008DF8527053
:109870006146ADF8509009F037FE0DF1500C06F13D
:10988000E000ADF8507061468DF8524009F02CFEB2
:109890004FF0FF3C06F1EC008DF85270ADF850C06F
:1098A0000DF1500C614609F01FFE0DF1500C06F150
:1098B000F8008DF852406146ADF850A009F014FE52
:1098C0000DF1500C06F58270ADF8507061468DF8C0
:1098D000527009F009FEABF8087BCBF8048B06F553
:1098E000A670BBF8073BD44CABF8133B96F8153188
:1098F00004F5A271CBF80C4B86F821310C46CF4B06
:1099000086ED4A8AC6F8383106F5887386ED4B8AAB
:1099100086ED4C8A86ED4D8A86ED4F8A86ED518A1A
:10992000CBF83C1BCBF8183BABF8347BABF8108B77
:109930008BF8129B09F0BEFC06F20C63C6F8F447E4
:10994000059C06F5FF6086F84C77C6F894461E46DF
:10995000A3F8E47109F0AEFC33460199B7EE000AB2
:109960001A46C3F8BC8CC3F8C08CB54B0298C2F839
:10997000C43CC2F8C83CB34BC6F834471093B24B52
:10998000069CC2F8943802F6A82386F8EC7783ED9B
:10999000008A02F6AC23A6F890781746A6F8CC9C6D
:1099A0000BF5D55681ED008A02F6BC4183ED008AA5
:1099B000802380ED008A01F11400C2F8B83C84EDE8
:1099C000008A86ED008ACDED119A09F04FFC4FF028
:1099D00080430C930CAB1A4610AB194614AB1846D7
:1099E00009F032F807F54D630199C7F80C3D149B57
:1099F00002980B60159BC6ED009A0360934B2360A1
:109A00004FF48073039CA7F8B93C012387F8BB3C53
:109A100048200CF0B3FD002344F8040FA54280F861
:109A20002C3003648A4B80ED009A80ED0C8A80ED27
:109A30000D8AC0ED0F8A80ED118A8363E8D1854CD1
:109A4000B7EE000A844B41F6107504F1E00AA4F564
:109A50007262109304F50C78119304F21B217F4B72
:109A6000404684ED008AA4F10C0704ED018AA4F1BC
:109A7000040987ED008AA4F1080686ED008A5D449A
:109A8000A4F50474CAE95133754BC2F8103D02F6CF
:109A9000247383ED008A02F6287383ED008A02F6B0
:109AA0002C73704A83ED008A654BCAE94E234FF44C
:109AB0007F03CAF84031FF238AF84C3109F0D6FB06
:109AC0004FF080430CAA10A914A80C9308F0BCFF17
:109AD000149B89ED008A3B600027159BCAF88C8196
:109AE000336040F20113DFF89C91DFF89C8184ED34
:109AF000848AAAF83931482000260CF03FFD544BE7
:109B000044F8040FA542C0F8009007634763C0F80B
:109B10003C804764836380F82C600664EBD10423A7
:109B2000514CB7EE000A4FF08048CAF8C033A4F198
:109B30001401CAF8783420464C4B4FF07E59CAF8CD
:109B40009473CAF83035CAF834353D4BCAF8987367
:109B5000CAF83835CAF83C353A4BCAF89C731093AA
:109B6000434BCAF8A0731193424BCAF8A473CAF8C6
:109B70009031414BCAF8A873CAF8AC338023CAF8B5
:109B8000B8738AF8BC330AF264438AF874641F60BD
:109B90000AF58D63394D1F600AF26C431F600AF5A8
:109BA0008E631F600AF21C531F600AF5A4631F60D6
:109BB0000AF224531F600AF5A5631F604FF48073F7
:109BC000AAF82C354FF47F43AAF8403509F04EFB34
:109BD00010A90CAA14A8CDF8308008F035FF149B0A
:109BE00004F14800264ACAF89433159BCAF89C73BE
:109BF000CAF898330123CAF8A073CAF890350AF25C
:109C00009C53CAF880451F600AF5B463E7671F607C
:109C10000AF2A4531F600AF5B5631F600AF2AC5341
:109C20001F600AF5B6631F600AF2B4531F600AF59D
:109C3000B7631F6030E000BF983700200000AF43DB
:109C40000000FFFF000048430821002000004842B8
:109C500000007041B47000200000204300FFFF00AE
:109C6000F4200020800000FFD8760020FF0000FFD5
:109C70000000C842E02000200000204204390020FB
:109C8000FFFF7F7FCDCCCC3E00000C429A99A940CB
:109C900000C02845008054440AF2BC531F600AF2F9
:109CA000C4531F600AF5B9631F600AF2CC531F60EA
:109CB0000AF5BA631F600AF2D4531F600AF5BB634A
:109CC0001F600AF2DC531F600AF5BC631F600AF2D2
:109CD000E4531F600AF5BD631F600AF2EC531F6076
:109CE0000AF5BE63C3F800900AF2F4531A604FF409
:109CF00000020AF5BF631A604FF48033CAF8FC35DE
:109D00000AF20463CAF88C550C351F600AF5C1636A
:109D1000C4F8BC701F60E9F7E3FFDBF888320CAAD7
:109D200010A9109304F1C800DBF88C32CDF85090E4
:109D30001193DBF8903215970C93DBF89432169759
:109D40000D9314AB179709F083FBDBF898320CAA3C
:109D500010A904F58A701093DBF89C32CDF850906E
:109D60001193DBF8A03215970C93DBF8A432169709
:109D70000D9314AB179709F06BFB14AB0CAA10A949
:109D800004F5B070CDF8509004F6BC2910971197E7
:109D90000C970D9715971697179709F059FBF8EE42
:109DA000005A0AF2F4611FED477A02231FED486A58
:109DB00004F50F72C1ED005A0AF5DF615FED4B6AE1
:109DC000F6EE007AC1F800800AF2FC61DFF810E4D8
:109DD00043F60C0081ED007A0AF204719FEDDB7A04
:109DE0005844C1ED005A0AF5E161DFF8F8C3C1F843
:109DF00000800AF20C718AF8F03681ED007A0F21AA
:109E00009FEDD37A8AF810170AF214718AF8003796
:109E1000082381ED007A0AF5E3619FEDCE7A81EDAA
:109E2000007A0AF21C719FEDCC7A81ED007A0AF576
:109E3000E4619FEDCA7A81ED006A0AF2247181ED36
:109E4000007A0AF5E56181ED006A0AF22C71C1ED34
:109E5000006A0AF5E661C1ED006A0AF23471C1F8E0
:109E600000E00AF5E761C1F800E00AF23C71DFF8B2
:109E700078E3C1F800E0BA49C4F8FC110AF2447171
:109E8000C1F800C00AF5E961C1F800C004F5E87145
:109E9000CAF84C1704F5EC71CAF8501704F5F071C4
:109EA000CAF8541704F5F471CAF8581704F5F87194
:109EB000CAF85C1704F5FC71CAF8601704F5007164
:109EC000CAF864170AF5ED610F600AF26C710F6051
:109ED0000AF5EE610F608AF8A037A9F880300AF21F
:109EE0007473CAF89C270AF2A4721F600AF5EF6324
:109EF000C2F800800AF5F5621F600AF27C73994986
:109F00001F6004F50973C2ED007A0AF6AC52CAF874
:109F1000843704F50A731160CAF8883704F50B73A7
:109F2000914ACAF88C3704F50C73C9F86420CAF852
:109F3000903704F50D738D4ACAF8943704F50E7303
:109F4000C9F878200022CAF8983704F648338849BF
:109F5000C9F88450C4F83C728AF8D86DC9F86870A2
:109F6000C9F86C70C9F87070C9F874701960203342
:109F700043F81C1C43F8182C43F8142C43F8102CFD
:109F800043F80C2C43F8082C43F8046C9842EDD1AC
:109F900043F6DC22774B784C00205A4477491C600A
:109FA0000C3343F8080C43F8041C9A42F7D1DFF84D
:109FB0003C82002303213C22A8F84030012389F889
:109FC0008810A8F1740088F842300BF0C9F943F604
:109FD00014026B49A8F66C735A4443F8201B9A424A
:109FE000FBD143F62402674B67495A4443F8201BD0
:109FF0009A42FBD1654B08F14C0108F19C009FEDA2
:10A00000648A1A1D019103F17C0503F12C0E03F102
:10A0100054070AF22C61C8F84430144608F1CC0306
:10A0200003900AF5C6600691049308F1740C07903A
:10A03000F7EE000A0595002588ED128AB0EE480A71
:10A040009FED549AF0EE608ADFED539AF0EE00AA8D
:10A05000DFED527A524E9FED53CADFED53BA9FEDBA
:10A0600053BA9FED53AA0FCC0294019C0FC40194E4
:10A07000029C0FCC0294019C0FC42246029C94E8DF
:10A080000300039C82E80300BEE80F00ACE80F0069
:10A09000BEE80F00ACE80F00464A9EE80300C8F88F
:10A0A000C420454A8CE80300C8F8C8200FCF0FC46D
:10A0B0000FCF0FC497E80300049FC8F8185184E835
:10A0C0000300059C0FCC0FC74FF0C802A8F82C2145
:10A0D0003A4AC8F8F4203A4AC8F8F820394AC8F889
:10A0E000FC20394AC8F80021384AC8F80421384A07
:10A0F000C8F80821374AC8F80C21374AC8F8102197
:10A10000364AC8ED507AC8F8142188ED4F9A8BED85
:10A11000A49ACBEDA59A88F82051A8F8305188ED83
:10A120004D8A88ED4E8A8BEDA28A8BEDA38A0FCCE7
:10A130000FC741F2167294E80300ABF8BC224FF04F
:10A14000090287E803008BF8BE2251E06666D6401C
:10A150000000AF43000048450000FA4300808944F6
:10A1600000001645CDCCCC3D0000C8433233343519
:10A170006F12833AA0890020CDCC4C3D0AD7233CF6
:10A18000000080BF388200203333B3BE3C3900204A
:10A1900000000000000040430000D2420000C04226
:10A1A00094D1002000005C4300009042F304353F4E
:10A1B0000000FAC3244100202C410020344100203B
:10A1C0003C410020444100204C41002054410020EB
:10A1D0005C41002060410020684100207041002067
:10A1E00000007A440000164400006144949100206D
:10A1F000DF49DBE9042342F8231001F57D620133D6
:10A20000DC49CBF8802201F11C0099F87820CBF8CA
:10A2100014302823E8F7B6FDD74999F87920F0EEF5
:10A22000680A01F11800B0EE480A2823E8F7AAFDF1
:10A23000D24999F87A20F0EE680A01F11400B0EEE4
:10A24000480A2823E8F79EFDCD49F0EE680A99F800
:10A250007B20B0EE480A01F1100028234FF00209DC
:10A26000E8F790FDFDF7A8FA0AF5C763B6EE007AA5
:10A27000079FD3ED007A0CA883ED008A0AF23463BD
:10A2800077EEA97A069C024614A88DED149A67EE23
:10A29000877A014610A8CDED159ACDED0CAAC7ED31
:10A2A000007AD3ED007A83ED008A0AF23C6377EE00
:10A2B000897A83ED009AB34B67EE877AC3ED009AF3
:10A2C000C4ED007A08F0C0FB109B4FF0090210A803
:10A2D00023608AF80C264FF00102119B01468BF88F
:10A2E0001C2014A83B600CAA8BEDAB9ACBEDAC9A6A
:10A2F000CDED0CAA8DED10CACDED11BA08F0A4FB7E
:10A30000A6F5E0401499159A00F69823CDED0CAA15
:10A310008DED10CA196000F69C23CDED11BA1A60BC
:10A3200000F6A42310A80CAA83ED008A014603EDD1
:10A33000018A14A8944C08F087FB149B88ED4F9A6F
:10A340000820CAF89433159BC8ED509ACAF8983380
:10A350008E4B8AEDE78A8AEDE88A88ED4D8A88ED92
:10A360004E8ACBF800300CF009F906F5907388F8A6
:10A370005091C8F84C01036006F5AC73C8ED558ADE
:10A3800043604FF4817314A888ED568AA8F86431AD
:10A3900088ED578A88ED588A8DED14BACDED0C8A78
:10A3A0008DED0D8A8DED0E8A8DED0F8A8DED158A5E
:10A3B0008DED168A8DED178AF9F780F9C8EE807A4F
:10A3C0000CA810AA014614A828EE677A67EE8B7ACB
:10A3D0008DED117A8DED127A8DED137ACDED107A27
:10A3E000F9F738F9DDED0CAA14A8DDED0D9A9DED15
:10A3F0000E9A9DED0FBACDED14AACDED159A8DED07
:10A40000169A8DED17BAF9F759F9C8EE807A10AAA5
:10A410005F4908A867EEAAAA67EEA99A27EE899A6B
:10A4200067EE8B7ACDED10AACDED119A8DED129AD3
:10A43000CDED137AF9F70EF90CAA14A88DED148A54
:10A440001346014610AA53488DED158A8DED168AE4
:10A450008DED108A8DED118A8DED12AACDED0C8A4D
:10A46000CDED0D8ACDED0E8A08F07CFF0CAA14A864
:10A470008DED12AA1346014610AA47488DED148AA5
:10A480008DED158A8DED168A8DED108A8DED118A70
:10A49000CDED0C8ACDED0D8ACDED0E8A08F062FF70
:10A4A00029463E4808F02CFE01213D4808F028FED0
:10A4B000D8F85431394A1493D8F85831C6F84021A5
:10A4C000C03A1593D8F85C31A2F114071046C6F8CB
:10A4D000242114AA1693D8F860311146C6F82041F9
:10A4E000C6F82871C6ED4B8A86ED4C8A86ED4D8AFA
:10A4F00086ED4E8A86F83C5186ED518A86ED528A69
:10A5000086ED538A86ED548AA6F854511793F9F7CD
:10A51000F1F8D8F85431224A1493D8F85831C6F8D3
:10A5200078211D4A1593D8F85C311046C6F85C2195
:10A5300014AA1693D8F860311146C6F85841C6F8E7
:10A54000607186F83C51C6ED598A86ED5A8A86EDCF
:10A550005B8A86ED5C8A86F8745186ED5F8A86EDAB
:10A56000608A86ED618A86ED628AA6F88C5119E0D0
:10A57000AC530020FC8100200082002004820020D7
:10A5800008820020D4770020E8390020602A0020CB
:10A59000E8920020FC9200205C930020BC930020F5
:10A5A00038B300201793F9F7A5F8A7F10802C149BD
:10A5B0004BF2C0130220C6F89C2101F522425B44F5
:10A5C000BD4C029202F52A7201930827A2F5D863C6
:10A5D000C6F89441B94C4FF0070EC3F81C024FF077
:10A5E0003200C6F890411834A6F8A2014FF4AD70BD
:10A5F00086F87451C6F8A801A6F8A4510394B04E89
:10A60000B04CDFF880C43460AF49B04EACF8000005
:10A61000CCF804600CF10C068CF808904FF0170988
:10A620009FEDAB7ADFEDAB7A03C986E80300AA4958
:10A63000AA480F70AA49C3F82412AA49C3F82812DD
:10A64000A949C3F82C12A949C3F83012A849C3F884
:10A650003412A849C3F83812A749C3F83C12A749D5
:10A66000C3F84012A649C3F84412A649C3F84812D9
:10A67000A549C3F84C12A549C3F85012A449C3F820
:10A680005412A449C3F85812A349C3F85C12A34951
:10A69000C3F86012A249C3F86412A249C3F8681251
:10A6A000A149C3F86C12A149C3F87012A049C3F8BC
:10A6B0007412A049C3F878129F49C3F87C129F49CD
:10A6C000C3F880129E49C3F884129E49C3F88812C9
:10A6D0009D49C3F88C129D49C3F890129C49C3F858
:10A6E00094129C49C3F898129B49C3F89C129B4949
:10A6F000C3F8A0129A49C3F8A4129A49C3F8A81241
:10A700009949C3F8AC129949C3F8B0129849C3F8F3
:10A71000B4129849C3F8B8129749C3F8BC129749C4
:10A72000C3F8C0129649C3F8C4129649C3F8C812B8
:10A730009549C3F8CC129549C3F8D0129449C3F88F
:10A74000D4129449C3F8D8129349C3F8DC12934940
:10A75000C3F8E0129249C3F8E4129249C3F8E81230
:10A760009149C3F8EC129149C3F8F0129049C3F82B
:10A77000F4129049C3F8F8128F49C3F8FC128F49BC
:10A78000C3F800138E49C3F804138E49C3F80813A5
:10A790008D49C3F80C138D49C3F810138C49C3F8C5
:10A7A00014138C49C3F818138B49C3F81C138B4935
:10A7B000C3F820138A49C3F824138A49C3F828131D
:10A7C0008949C3F82C138949C3F830138849C3F861
:10A7D00034138849C3F838138749C3F83C138749B1
:10A7E000C3F840138649C3F844138649C3F8481395
:10A7F0008549C3F84C138549C3F850138449C3F8FD
:10A8000054138449C3F858138349C3F85C1383492C
:10A8100083EDE27AC3F86013814983EDE57AC3F8EA
:10A8200064138049C3F868137F49C3F86C137F49E8
:10A83000C3F870137E49C3F874137E49C3F87813C4
:10A840007D49C3F87C137D49C3F880137C49C3F864
:10A8500084137C49C3F88C137B49C3F890137B495C
:10A86000C3F898137A49C3F89C137A49C3F8A01324
:10A870007949C3F8A4137949C3F8A8137849C3F8F0
:10A88000AC137849C3F8B0137749C3F8B4137749C8
:10A89000C3F8B8137649C3F8BC137649C3F8C0139C
:10A8A0007549C3F8C4137549C3F8C8137449C3F88C
:10A8B000CC13E9E0AC530020404B4C000C3A002094
:10A8C0002C3C012080582020A845002040D30020A7
:10A8D00017B7D1B8F4CCBE42B83B01206F928A4280
:10A8E00001FEE4429EDEC842F0271842C0EC81C15E
:10A8F000A10837438186B4425DAD244232851E43B0
:10A900000FCB89429B151742C3A40943D0849842B8
:10A9100096C32042FC08314363AE7542F24112C235
:10A9200013E21C43B5E6D342E483F0C1EC80294333
:10A930009000CA4281269941E6BE27434BEA9A42DB
:10A94000FB5C39C0443A2A431FA5AF42D509744283
:10A950000A08104388F4754201DE714125B514439D
:10A960005249AB42439CBF4167253A438E268542FC
:10A97000FC1805C11AA11943EF58BE42C4B1EE3FFD
:10A9800032A53D43C74B9C42F8427B42AD09F3429E
:10A990003A528342DE315C42D8702143C2976A4208
:10A9A00085EB58C19585A7426A5EC8423FD79DC1D5
:10A9B0001DA9A242C5C0CA42CE88023FFE259542CB
:10A9C000C3C4BB4296B2AEC0E3258742A49FBB423C
:10A9D00036AB7B4155F07E42C54FA942E6AE1641EB
:10A9E00045985142F2C1A542D47AE842A1A7BE429D
:10A9F000AAC20C424538E0425957BD426A5E18422D
:10AA0000BF3DE8423440AE4247830242BA49CF429A
:10AA10000F0BCB42C2973A42C78BC9421BEFC142D0
:10AA2000375A3F4244BAD7421DC9C142DF6028426B
:10AA3000AC5CDA42B1A1CE4233332C4256CEB9429D
:10AA4000A8F517425C60D642CD0C49423179A54247
:10AA5000A01A0442D5E78B41B35BBC423C4E324264
:10AA6000C58F8941283E7742C0ECE14107DF0142B2
:10AA70000C33994280F72142DDE40042F98F5642BF
:10AA800022BD15424C930120D949C3F8D013D949AE
:10AA9000C3F8D413D849C3F8D813D849C3F8DC1382
:10AAA000D749C3F8E013D749C3F8E413D649C3F82C
:10AAB000E813D649C3F8EC130299C1ED007AD449E2
:10AAC000C3F8F013D349C3F8F413D349C3F8F81308
:10AAD000D249C3F8FC13A2F530710860D048C1ED2B
:10AAE000097A4860CF48C1ED0C7A8860CE48C860CA
:10AAF000CE480861CE484861CE48C861CE48086259
:10AB0000CE488862CE48C862A2F52371CD48C1ED17
:10AB1000027A0860CC48C1ED057A4860CB48C1EDA7
:10AB2000087AC860CA480861CA488861CA48C861CA
:10AB3000CA484862CA488862CA48C1ED0B7A0863AD
:10AB4000C948C1ED0E7A4863C848C3F8B074C863F9
:10AB50000121C748C3F8D4140D21C3F8B4E4C3F8E5
:10AB6000AC140221C3F8C474C3F8B8140321C3F8A9
:10AB7000E0E4C3F8BC140E21C3F8C0140621C3F8E6
:10AB8000C8140521C3F8CC140D21C3F8D014062134
:10AB9000C3F8D8140B21C3F8DC140221C3F8E41461
:10ABA0000F21C3F8E8140421C3F8EC140221C3F800
:10ABB000F014A2F513710860AE48C1ED017A886007
:10ABC000AD48C1ED047AC860AC48C1ED077A486170
:10ABD000AB488861AB480862AB484862AB48C1EDFE
:10ABE0000A7AC862AA48C3F8F4E40863A948C3F81B
:10ABF000007548630A21C3F83095C3F8F81403219F
:10AC0000C3F85095C3F8FC140C21C3F804150A21AD
:10AC1000C3F808152221C3F80C152421C3F8101518
:10AC20002321C3F814151321C3F818151221C3F8F2
:10AC30001C151021C3F820151521C3F82415142163
:10AC4000C3F828151221C3F82C151621C3F838159E
:10AC50001921C3F83C151B21C3F844151C21C3F866
:10AC600048151B21C3F84C152521C3F8541526217E
:10AC7000C3F858152821C3F85C151F21C3F86015C7
:10AC80001E21C3F868152021C3F86C152221C3F8D2
:10AC900070152121C3F874151821C3F898E5C3F87D
:10ACA00034151A21C3F8AC75C3F840151D21C3F83B
:10ACB000B475C3F864152421C3F8E875C3F8781592
:10ACC0002621C3F87C150E21C3F8A4150C21C3F866
:10ACD000A8150521C3F8B0150621C3F8BC15042139
:10ACE000C3F8C0150F21C3F8D0150321C3F8E01530
:10ACF0000A21C3F8EC152221C3F8F4152521C3F865
:10AD000080152721C3F884152821C3F8881514213C
:10AD1000C3F88C150B21C3F89015C3F8C4150D2189
:10AD2000C3F89415C3F8B8150921C3F89C15C3F8E6
:10AD3000CC150221C3F8A015C3F8C815C3F8D41563
:10AD4000C3F8D8152121C3F8DCE5C3F8F015232199
:10AD5000C3F8E4E5C3F8F8151121C3F81456C3F895
:10AD6000FC151021C3F81896C3F804161221C3F875
:10AD70003496C3F810161621C3F82C56C3F81C16C7
:10AD80001921C3F824161B21C3F828162821C3F85B
:10AD900040161E21C3F84C162121C3F85816232152
:10ADA000C3F85C162421C3F860161421C3F870168A
:10ADB0001321C3F80016C3F808161521C3F80C16A2
:10ADC000C3F868161C21C3F82016C3F830162721D3
:10ADD000C3F83816C3F86C162521C3F83C16C3F81F
:10ADE00064162021C3F84416C3F8541654E000BF7B
:10ADF000F02744425EBA7D4205C54242BA09444248
:10AE0000607627420BB53542126575429CB34B42C2
:10AE100008EC6C4278DC7A4274A4A94139741F4270
:10AE2000719BE4415FA955428A509142D712B5C146
:10AE3000AA62F14274B57BC12B7808432AA9CBC022
:10AE40009C740943A2450DC1692FDC425EBA093FDB
:10AE5000B23DD8421AC05F4017390843924B924125
:10AE60007A860443D3DEB640A8C6D542098A61413A
:10AE70005BD1D242584AD941DED30043E14B05426F
:10AE8000573BFC42BAC9FC41DD44D6420000A04217
:10AE9000000034430000B4421F21C3F84816C3F831
:10AEA00050163221039CC3F874163421C3F8BC46F3
:10AEB000C3F878163121019CC3F87C163021C3F801
:10AEC00080163421C3F8A4163221C3F8A8162D2108
:10AED000C3F88416C3F8B4162F21C3F88816C3F834
:10AEE000B0162A21C3F88C16C3F8A0162C21C3F87B
:10AEF0009416C3F898162B21C3F890162921C3F88D
:10AF00009C163321C3F8AC162E21C3F8B81613468D
:10AF100083ED068A403303ED098A03ED088A03EDC9
:10AF2000078A03ED068A03ED058A03ED048A03ED23
:10AF3000038A03ED028A03F8045C9C42E8D1DFF83F
:10AF4000A0944AF2BC60A9F65431A9F6DC5689F8FF
:10AF5000D05158440C460D46C9F8C411C9F8C06117
:10AF60002B680C35403203EB430306EB830342F8B6
:10AF7000403C55F8083C03EB430306EB830342F8DF
:10AF80003C3C55F8043CA84203EB430306EB830327
:10AF900042F8383CE4D1E44B4BF6D842E34D00276D
:10AFA000C9F8D4315A442B4600269F61403343F8F8
:10AFB000247C43F8207C43F81C7C43F8187C43F83D
:10AFC000147C43F8107C43F80C7C43F8087C03F8AD
:10AFD000046C9A42E9D1D64A4BF6607600275E446B
:10AFE00013461F600C3343F8087C43F8047C9E42F0
:10AFF000F7D10023C9F8604F4AF2AC4489F86C3F9E
:10B000005C44CC4B1E680C330C3242F80C6C53F889
:10B01000086C9C4242F8086C53F8046C42F8046CCB
:10B02000F0D14BF6D8420B680C31403503EB4303AB
:10B0300002EB83035B4445F8403C51F8083C03EBCA
:10B04000430302EB83035B4445F83C3C51F8043C6A
:10B05000884203EB430302EB83035B4445F8383C2F
:10B06000E1D148F28003B44C14A9B44DADF850308E
:10B070008023204609F6EC768DF8523008F034FA39
:10B0800004F10C009FEDAE8A08F0C6F94FF0010301
:10B09000C9F8E44F122789F8E83FAA4BDFEDAAFA76
:10B0A000C9F8DC3FA4F69C539FEDA8FAC9F8E03F2D
:10B0B000DFEDA7EA9FEDA7EADFEDA7DA9FEDA7DABC
:10B0C000DFEDA7CA9FEDA7CADFEDA7BA9FEDA7BA2C
:10B0D000DFEDA7AA9FEDA7AADFEDA79A9FEDA79A9C
:10B0E000DFEDA78A95E80F0086E80F0005F1100153
:10B0F000A42209F6FC7004F6B4760AF02FFA05F1E2
:10B100001001A42204F598700AF028FA05F1100144
:10B11000A42204F5EA700AF021FA05F11001A42234
:10B1200004F51E700AF01AFA05F1B401442204F580
:10B1300047700AF013FA05F1F801482204F5587037
:10B140000AF00CFA05F1F801482204F56A700AF0D9
:10B1500005FA05F1F801482204F57C700AF0FEF9C1
:10B1600005F1F801482204F587600AF0F7F905F1C6
:10B17000F801482204F590600AF0F0F905F1F801B1
:10B18000482204F599600AF0E9F905F1F80148222E
:10B1900004F5A2600AF0E2F905F1F801482204F58D
:10B1A000AB600AF0DBF905F1F801482204F5B46060
:10B1B0000AF0D4F905F1F801482204F5BD600AF05F
:10B1C000CDF905F1F801482204F5C6600AF0C6F988
:10B1D00005F1F801482204F5CF600AF0BFF905F146
:10B1E000F801482204F5D8600AF0B8F905F1B40175
:10B1F000442204F5E1600AF0B1F905F11001A4223E
:10B2000004F24C700AF0AAF905F11001A42204F529
:10B21000FE600AF0A3F905F11001A42204F69400DF
:10B220000AF09CF904F6381205F5A07004F69411A2
:10B23000039205F5B07204F6581E0191059205F5CA
:10B24000CE7204F6DC7504460292B4460695354685
:10B25000DFED4C5A9FED4C6ADC359FED4C7ADFED0B
:10B260004C6ADFED4C2A9FED4C0A9FED4C3A9FED66
:10B270004C2A9FED4C1ADFED4C1ADFED4C0A9FED86
:10B280004C5ADFED4C7ADFED4C3A9FED4C4ADFED46
:10B290004C4A0FCC0494039C0FC404980FC884E854
:10B2A0000F00059C0FCCAEE80F000FCCAEE80F00EE
:10B2B0000FCCAEE80F0094E80700029C8EE8070070
:10B2C0000FCC0294019C0FC40194029C0FCC0294F9
:10B2D000019C0FC40194029C94E80F00019C84E837
:10B2E0000F00A6F2C4520CF50563C2ED005ADFED63
:10B2F000355A42ED0A5ADFED345A42ED095ADFED74
:10B30000335A42ED075ADFED325A42ED065ADFED6D
:10B31000315A42ED055ADFED305A42ED045ADFED65
:10B320002F5A42ED035AAFE04C3A00206C03012043
:10B330006C0E0120B8F3002004110120683A0020AF
:10B340000000000050F80020E63F9EC0BE9FB6C03F
:10B350007FD9CFC03E79C2C08A1F1441AF94C5BF08
:10B36000A2B493C05BD3F04076E0B6C0A2B4B3C041
:10B37000849E0641ABCFD5BD2E9092C0BF0EAC408F
:10B3800046B677C0B07220C0A7E818BF7E8CB9BDA2
:10B3900052491D3E962126411A409EC1992A3840A5
:10B3A00066F70DC1189503C141F10340211F74BC1C
:10B3B0006688FB3F030992BF3108ACBC8FE4C8C06C
:10B3C000DCD79D407CE19BC108AC5CC06B1ABCC162
:10B3D000C3D37FC0E3362ABFAB3E11C1AF9409C0CF
:10B3E00094010120EC5126C1CCEE00C17958F03F08
:10B3F000A4DFBEC00DE0853FE6AE33C117D9BA4029
:10B40000A4DF84C01FF4ECC02E9098C0F16306C185
:10B410007424DF3F92CBF7BF6C788AC1BADA064159
:10B42000A5BDB3C0F2D2853FBDD28CC1DE93C5406D
:10B4300030BBB3C00E4F2740C898BB3F71AC7F40B4
:10B44000539629C05BB13FBC6076A7BF0D7105C1A3
:10B45000FDF61540355EDA3F6210F8BE4BC827BFD7
:10B4600061C353BD2BF646C100005440ED0D4E4064
:10B470001973B7BE355E0BC1E2E9ED3FA7E8183F8F
:10B48000B98DA63E4CA64EC05FED2A5A42ED015A38
:10B49000A6F5B6625FED2C5A02F10C00C2ED005A1F
:10B4A0005FED2E5A80ED028AC2ED015A5FED305AEF
:10B4B00080ED058AC2ED065A5FED325A02ED108A20
:10B4C000C2ED075A5FED345A02ED0D8AC2ED095AFA
:10B4D0005FED1D5A02ED078A42ED035A5FED365AC1
:10B4E00002ED048AC0ED005A5FED2D5A02ED028A8A
:10B4F000C0ED015A5FED3F5A02ED018AC0ED075AD7
:10B500005FED415A82ED028A02F58962C0ED0C5A64
:10B510005FED445A2032C0ED0F5A5FED455AC0ED41
:10B52000125A5FED465AC0ED185A5FED475AC0ED0A
:10B53000195A5FED485AC0ED1A5A5FED495AC0EDED
:10B540001B5A5FED4A5AC0ED1C5A5FED4B5AC0EDD5
:10B550001E5A5FED4C5AC0ED1F5A5FED4D5AC0EDBB
:10B56000215A88305FED4F5A00ED1A8AC0ED005A1B
:10B570005FED515AC0ED045A5FED525AC0ED055AC5
:10B580005FED495A40ED195A5FED555A00ED188AA2
:10B5900040ED125A40ED0F5A5FED4F5A00ED178AF9
:10B5A00000ED158A00ED148A00ED118A00ED0E8A77
:10B5B00040ED0D5A00ED0C8A00ED0B8A1438C0EDF9
:10B5C000075A5FED625A80ED008AC0ED0B5A5FEDBD
:10B5D0005C5A80ED038AC0ED0D5AC0ED105AC0EDE3
:10B5E000135A80ED068A80ED088A80ED0C8A80ED82
:10B5F0000E8A80ED0F8A80ED118A80ED128A80ED2F
:10B60000148A80ED158A5830C0ED005A80ED018A09
:10B6100080ED028AC0ED035A80ED048A80ED058A30
:10B62000C0ED065A80ED078A80ED088AC0ED095A00
:10B6300080ED0A8A80ED0B8AC0ED0C5A80ED0D8AF0
:10B6400080ED0E8AC0ED0F5A403080ED008A80ED0B
:10B65000018AC0ED025A80ED038A80ED048AC0EDB4
:10B66000055A80ED068A80ED078AC0ED085A80ED04
:10B67000098A80ED0A8AC0ED0B5A80ED0C8A80EDB4
:10B680000D8AC0ED0E5A80ED0F8A403080ED008AA1
:10B69000C0ED015A80ED028A80ED038AC0ED045AA4
:10B6A00080ED058A80ED068AC0ED075A80ED088A94
:10B6B00080ED098AC0ED0A5A80ED0B8A80ED0C8A74
:10B6C000C0ED0D5A80ED0E8A80ED0F8A4030C0ED3E
:10B6D000005AC0ED035AC0ED065A5FEDA75A80ED3F
:10B6E000018AC0ED155A5FEDA95A80ED028AC0EDBE
:10B6F000165A5FEDAB5A80ED048AC0ED1A5A5FED21
:10B70000AD5A80ED058AC0ED1B5A5FEDAF5A80ED52
:10B71000078AC0ED1C5A5FEDB15AC0ED1E5A5FEDAD
:10B72000B25AC0ED1F5A5FEDB35AC0ED255A203012
:10B730005FEDB55A80ED008AC0ED015AC0ED045AA4
:10B74000C0ED075A80ED028A80ED038A80ED058AFC
:10B750005FEDBC5A80ED068A80ED088A80ED0A6AAA
:10B7600080ED0B8A80ED0C8A80ED0F8A80ED106AE7
:10B7700080ED118A80ED158A6030C0ED105A5FEDC2
:10B78000C65A00F1580480ED008AC0ED115A5FEDF1
:10B79000C95A04ED0D8AC0ED135A5FEDCB5A04ED82
:10B7A0000C6AC0ED145A5FEDCD5A04ED0B8AC4ED5E
:10B7B000005A5FEDCF5A04ED0A8AC4ED015A5FEDDD
:10B7C000D15A04ED096AC4ED035A5FEDD35A04ED72
:10B7D000088AC4ED045A5FEDD55A80ED016AC4EDC4
:10B7E000095A80ED028A80ED038A80ED046A80EDBB
:10B7F000068A80ED076A00ED0F8A80ED088A04ED65
:10B80000078A84ED028A84ED058A04ED048A04ED3A
:10B81000018A183484ED006A84ED018A84ED028A7D
:10B8200084ED048A84ED058A84ED066A84ED078A36
:10B8300084ED088A84ED096A84ED0A8A84ED0B8A16
:10B8400084ED0C6A84ED0D8A84ED0E8A84ED0F6A16
:10B8500084ED108A443484ED008A84ED016A84ED1D
:10B86000028A84ED038A84ED046A84ED058A84EDFE
:10B87000068A84ED076A84ED088A84ED098A84EDDE
:10B880000A6A84ED0B8A84ED0C8A84ED0D6A84EDDE
:10B890000E8A84ED0F8A403484ED006A84ED018ABB
:10B8A00084ED028A84ED036A84ED048A84ED058ABE
:10B8B00084ED066A84ED078A84ED088A84ED096ABE
:10B8C00084ED0A8A84ED0B8A84ED0C6A84ED0D8A7E
:10B8D00084ED0E8A84ED0F6A403484ED008A84ED95
:10B8E000018A84ED026A84ED038A84ED048A84ED82
:10B8F000056A84ED068A84ED078A84ED086A84ED82
:10B90000098A84ED0A8A84ED0B6A84ED0C8A84ED41
:10B910000D8A84ED0E6A84ED0F8A403484ED016A4D
:10B9200084ED046A84ED076A84ED0A6A84ED0D6A89
:10B930009FEDFD6A84ED008A84ED136A84ED028A2E
:10B9400084ED038A84ED058A84ED068A84ED088AF5
:10B9500084ED098A84ED0B8A84ED0C8A84ED0E8ACD
:10B9600050349FEDF26A04ED047A84ED006A9FED95
:10B97000F06A04ED038A84ED116A9FEDEE6A04ED2E
:10B98000028A84ED126A9FEDEC6A84ED018A84EDEF
:10B99000146A9FEDEA6A84ED027A84ED156A9FEDE0
:10B9A000E86A84ED038A84ED048A84ED057A84EDE7
:10B9B000068A84ED078A02ED056A9FEDE26A02EDD0
:10B9C000088A84ED087A243482ED006A9FEDDE6AED
:10B9D00002ED078A82ED016A02ED067A02ED048A21
:10B9E00002ED037A02ED028A02ED018A82ED028AFB
:10B9F00082ED037A82ED048A82ED058A82ED067A71
:10BA000082ED078A84ED008A84ED018A84ED027A52
:10BA100084ED038A84ED048A84ED057A84ED068A38
:10BA200084ED078A84ED0A8A84ED0D8A84ED0E7A0E
:10BA300084ED0F8A84ED108A84ED117A04ED0E8A6C
:10BA400082ED088A82ED097A283282ED008A82ED41
:10BA5000018A82ED027A82ED038A82ED048A82ED08
:10BA6000057A82ED068A82ED078A82ED087A82EDF8
:10BA7000098A82ED0A8A82ED0B7A82ED0C8A82EDC8
:10BA80000D8A82ED0E7A82ED0F8A403282ED008AB5
:10BA900082ED017A82ED028A82ED038A82ED047AD8
:10BAA00082ED058A82ED068A82ED077A82ED088AA8
:10BAB00082ED098A82ED0A7A82ED0B8A82ED0C8A88
:10BAC00082ED0D7A82ED0E8A82ED0F8A40329FED73
:10BAD0009F6A82ED007A82ED018A82ED028A82ED10
:10BAE000037A82ED048A82ED058A82ED067A82ED80
:10BAF000078A82ED088A82ED097A82ED0A8A82ED50
:10BB00000B8A82ED0C7A82ED0D8A82ED0E8A82ED2F
:10BB10000F7A403282ED008A82ED206A82ED018A3E
:10BB200082ED027A82ED038A82ED048A82ED057A43
:10BB300082ED068A82ED078A82ED087A82ED098A13
:10BB400082ED0A8A82ED0B7A82ED0C8A82ED0D8AF3
:10BB500082ED0E7A3C3282ED008A82ED027A82ED2D
:10BB6000057A82ED087A9FED7A7A9FED7A6A84ED04
:10BB7000757A04F6F40486ED187A9FED777A1C3412
:10BB800086ED0E6A86ED1C7A9FED747A9FED746ADD
:10BB900086ED1D7A9FED737A069986ED1E7A9FEDEC
:10BBA000727A86ED0F6A86ED227A9FED707A9FEDAC
:10BBB000706A86ED237A9FED6F7A82ED018A86EDB9
:10BBC000247A9FED6D7A82ED038A86ED297A9FEDC6
:10BBD0006B7A82ED048A82ED068A82ED078AC2EDD5
:10BBE0000B6A82ED0C8A82ED0D8AC2ED0E6A82ED3F
:10BBF0000F8A82ED108A86ED008A82ED0A8A0CF6A1
:10BC0000540281ED008A00F6EC1186ED0C8A18468C
:10BC100086ED176A4031C6ED0B6A86ED0D8A86ED1A
:10BC20002A7A9FED577A86ED108A86ED2F7A9FED5E
:10BC3000557AC6ED116A86ED307A9FED537A86ED1E
:10BC4000128A86ED138AC6ED146A86ED158A86ED92
:10BC5000168A86ED198AC6ED1A6A86ED1B8A86ED6C
:10BC60001F8AC6ED206A86ED218A86ED258AC6EDFB
:10BC7000266A86ED278A86ED288A85ED008A86ED7C
:10BC80002B8AC6ED2C6A86ED2D8A86ED2E8A86EDEE
:10BC9000318AC6ED326A86ED338A86ED348AC6ED86
:10BCA000356A86ED368A06F2DC46C5ED016A85ED19
:10BCB000028A1C3685ED038AC5ED046A85ED058A86
:10BCC00085ED068AC5ED076A85ED088A85ED098A46
:10BCD000C5ED0A6A85ED0B8A85ED0C8AC5ED0D6A06
:10BCE00085ED0E8A85ED0F8AC5ED106A85ED118A06
:10BCF00085ED128AC5ED136A85ED148A85ED158AE6
:10BD0000C5ED166A85ED178A85ED188AC5ED196AA5
:10BD100085ED1A8A85ED1B8AC5ED1C6A85ED1D8AA5
:10BD200085ED1E8AFEE000BFDE711FC1C7BA044068
:10BD3000DF4F45C067D5673FCAC37EC06688633F93
:10BD4000F7E4213F4CA65EC1A1F88D4071AC05C15E
:10BD500023DB19404E6207C1FDF6953E92CBA3C08E
:10BD60009C336E408D28853F9C334EC0FFB28BC004
:10BD700005A3CEC08B6C97407E1D9840D578C1BF7F
:10BD8000F2B0983F917E7B3EA392BABD8126C23C21
:10BD9000AAF152BDC520B0BDB8AF833D6132D5BD5B
:10BDA00073D712BE9EEF273D925CFEBD371A403D11
:10BDB000FAED6B3A6154D2BDFCA9713D4E6290BD63
:10BDC0008A8EE4BD9318843D787A25BC6EA301BEAB
:10BDD000AC8BDB3C9FAB2D3DB3EAF3BD8C4AEABD97
:10BDE00099BB163D70CE88BCA913503D04560EBEBB
:10BDF00017B751BB07F096BDBBB88DBC4CA68A3DAA
:10BE000052491D3C77BE9F3DFF21FDBC871659BDA1
:10BE1000A8574ABDBC0592BDA4DFBEBC82E247BCA8
:10BE2000D4DA5E42FD07B2C168916D3C5828F5C175
:10BE3000E4546542FD87743D0378B9C11E96F6C18E
:10BE400076CF4442EBE2B6BDD50941C1515ADFC1BC
:10BE50009C843B424FAF943D21B05DC1788BDEC1E5
:10BE6000C62D30424260653C6D56ABC08CCACAC11B
:10BE7000D7231B420091F4C03934CCC1446902C1BC
:10BE80009EEFE1C07958C8BF789C22C0E6AECDBF16
:10BE9000888576C0840DE1C0CE19A140EFC9A3BE4C
:10BEA000F931DAC0F8C25441FD8794BF6F813FC1B8
:10BEB0007CF27A41A245563FE8D945C15396934159
:10BEC0006B9AB5C0219F98C177ADDE4153054BC039
:10BED0007C6198C1C65CD3414CA60DC1B89EB6C169
:10BEE000DDB50042EB730AC10601B3C15F980CC017
:10BEF000705FA3C001DE0842211F143FE6AE55C0AB
:10BF0000575B75C03277B8C1704E23421E27BBC144
:10BF1000BC9678C05D6D753FDC68B6C0BE309FC012
:10BF20009CC490BFC5ED1F6A85ED208A85ED218AEE
:10BF3000C5ED226A85ED238A85ED467A1FED6D7A7F
:10BF40001FED6D6A85ED497A1FED6E7A85ED248AC5
:10BF500085ED4C7A1FED707AC5ED256A85ED4F7A37
:10BF60001FED727A85ED268A85ED527A1FED747A7F
:10BF700085ED278AC5ED286A85ED298A85ED2A8A0F
:10BF8000C5ED2B6A85ED2C8A85ED2D8AC5ED2E6ACF
:10BF900085ED2F8A85ED308AC5ED316A85ED328ACF
:10BFA00085ED338AC5ED346A85ED358A85ED557AA0
:10BFB00085ED368AC5ED376A85ED388A85ED398A93
:10BFC000C5ED3A6A85ED3B8A85ED3C8AC5ED3D6A53
:10BFD00085ED3E8A85ED4B6A1FED8E6AC5ED406AA0
:10BFE00085ED586A1FED906AC5ED436A85ED5B6A81
:10BFF0001FED926A5FED926A85ED5E6A1FED936AAE
:10C00000C5ED4A6A85ED616A1FED956A5FED956A37
:10C0100085ED646A1FED966AC5ED516A85ED676A24
:10C020001FED986A1FED987A85ED6A6A1FED996A8F
:10C030005FED995A85ED6D6A1FED9A6A5FED9A6A18
:10C0400085ED706A1FED9B6A85ED477A85ED736A11
:10C050001FED9D6AC5ED505AC5ED546A85ED766AAF
:10C060001FEDA07A1FEDA06A5FEDA05A5FEDA06AF8
:10C0700085ED3F8A85ED418A85ED428A85ED448ACA
:10C0800085ED458A85ED488A85ED4D8A85ED4E8A98
:10C0900085ED537A85ED568A85ED576A85ED598A87
:10C0A000C5ED5A5AC5ED5C6A5FEDAE6A1FEDAE6A2A
:10C0B000C5ED606A5FEDAF5A5FEDAF6A85ED626A0C
:10C0C000C5ED635AC5ED656A1FEDB26A5FEDB26AF0
:10C0D0005FEDB25AC5ED686A85ED696AC5ED6C5AC7
:10C0E0005FEDB56A1FEDB56A5FEDB55AC5ED6E6AD5
:10C0F00085ED726AC5ED745A5FEDB86A1FEDB86AD6
:10C100005FEDB85AC5ED716A85ED786AC5ED795A6B
:10C110005FEDBB6A1FEDBB6A5FEDBB5AC5ED776A89
:10C1200085ED7A6AC5ED7B5A1FEDBE7A5FEDBE6A7A
:10C130001FEDBE6A5FEDBE5A85ED5D7AC5ED7C6A86
:10C1400085ED7D6AC5ED7E5A1FEDC27A5FEDC26A4C
:10C150001FEDC26A5FEDC25A85ED667AC5ED7F6A52
:10C1600085ED806AC5ED815A1FEDC67A5FEDC66A1E
:10C170001FEDC66A5FEDC65A85ED6F7AC5ED826A1E
:10C1800085ED836AC5ED845A1FEDCA7A5FEDCA6AF0
:10C190001FEDCA6A5FEDCA5A85ED5F8A85ED6B8A2D
:10C1A00085ED757AC5ED856A85ED866A5FEDCF6AA6
:10C1B000C5ED875A1FEDD06A5FEDD05AC5ED886A8C
:10C1C00085ED896AC5ED8A5A5FEDD36A1FEDD36AA2
:10C1D0005FEDD35AC5ED8B6A85ED8D6AC5ED8E5A3C
:10C1E0005FEDD66A1FEDD66A5FEDD65AC5ED906A4F
:10C1F00085ED916AC5ED925A5FEDD96A1FEDD96A56
:10C200005FEDD95AC5ED936A85ED946AC5ED955AEF
:10C210005FEDDC6A1FEDDC6A5FEDDC5AC5ED966A06
:10C2200085ED976AC5ED985A5FEDDF6A1FEDDF6A0D
:10C230005FEDDF5AC5ED996A85ED9A6AC5ED9B5AA7
:10C240005FEDE26A1FEDE26A5FEDE25AC5ED9C6ABE
:10C2500085ED9D6AC5ED9E5A5FEDE56A1FEDE56AC5
:10C260005FEDE55AC5ED9F6A85EDA06AC5EDA15A5F
:10C270005FEDE86A1FEDE86A5FEDE85AC5EDA26A76
:10C2800085EDA36AC5EDA45A5FEDEB6A1FEDEB6A7D
:10C290005FEDEB5A1FEDEB7A85ED8C8A85ED8F8A89
:10C2A000C5EDA56A85EDA66AC5EDA75A85EDAC7A00
:10C2B0001FEDF17A5FEDF16A85EDBF7A1FEDF27A3D
:10C2C0001FEDF26A85EDC47A1FEDF37AC5EDA86A19
:10C2D00085EDA96A85EDC67A5FEDF65A5FEDF66ADF
:10C2E0001FEDF66A1FEDF67AC5EDAA5AC5EDAB6AE9
:10C2F0005FEDF85A5FEDF86A85EDAD6A85EDC77AB6
:10C300001FEDFA6A1FEDFA7AC5EDAE2AC5EDAFFA58
:10C3100085EDB0FAC5EDB12AC5EDB2EA85EDB3EA17
:10C32000C5EDB4DA85EDB5DAC5EDB6CA85EDB7CAA7
:10C33000C5EDB8BA85EDB9BAC5EDBAAA85EDBBAA07
:10C34000C5EDBC9A85EDBD9AC5EDBE8AC5EDC06A46
:10C3500085EDC16A85EDC28AC5EDC35A85EDC58AF2
:10C3600085EDC87A9FEDFD7A85EDC97A9FEDFC7A5F
:10C3700085EDCA7A9FEDFB7A85EDCB7A9FEDFA7A4F
:10C3800085EDCC7A9FEDF97A85EDCD7A9FEDF87A3F
:10C3900085EDCE7A9FEDF77A85EDCF7A9FEDF67A2F
:10C3A00085EDD07A9FEDF57A85EDD17A9FEDF47A1F
:10C3B00085EDD27A9FEDF37A85EDD37A9FEDF27A0F
:10C3C00085EDD47A9FEDF17A85EDD57A9FEDF07AFF
:10C3D00085EDD67A9FEDEF7A85EDD77A9FEDEE7AEF
:10C3E00085EDD87A05F58C659FEDEC7A05ED3F7A01
:10C3F0009FEDEB7A05ED3E7A9FEDEA7A05ED347A12
:10C400009FEDE97A05ED337A9FEDE87A05ED327A12
:10C410009FEDE77A05ED317A9FEDE67A05ED307A0A
:10C420009FEDE57A05ED2F7A9FEDE47A05ED2E7A02
:10C430009FEDE37A05ED2D7A9FEDE27A05ED2C7AFA
:10C440009FEDE17A05ED2B7A9FEDE07A05ED2A7AF2
:10C450009FEDDF7A05ED297A9FEDDE7A05ED287AEA
:10C460009FEDDD7A05ED277A9FEDDC7A05ED267AE2
:10C470009FEDDB7A05ED368A05ED257A9FEDD97AB9
:10C4800005ED208A05ED247A9FEDD77A05ED1D8A0A
:10C4900005ED237A9FEDD57A05ED227A9FEDD47ACA
:10C4A00005ED217A9FEDD37A05ED1F7A9FEDD27AC3
:10C4B00005ED1E7A9FEDD17A05ED3D7A9FEDD07A9C
:10C4C00005ED3C7A9FEDCF7A05ED3B7A9FEDCE7A74
:10C4D00005ED3A7A9FEDCD7A05ED397A9FEDCC7A6C
:10C4E00005ED387A9FEDCB7A05ED377A9FEDCA7A64
:10C4F00005ED357A9FEDC97A06ED077A9FEDC87A8A
:10C5000006ED067A9FEDC77A06ED057A9FEDC67AAD
:10C5100006ED047A9FEDC57A06ED037A9FEDC47AA5
:10C5200006ED027A9FEDC37A06ED017A9FEDC27A9D
:10C5300086ED007A9FEDC17A86ED017A9FEDC07A93
:10C5400086ED027A9FEDBF7A86ED037A9FEDBE7A83
:10C5500086ED047A9FEDBD7A86ED057A9FEDBC7A73
:10C5600086ED067A9FEDBB7A86ED077A9FEDBA7A63
:10C5700086ED087A9FEDB97A86ED097A9FEDB87A53
:10C5800086ED0A7A9FEDB77A86ED0B7A9FEDB67A43
:10C5900086ED0C7A9FEDB57A86ED0D7A9FEDB47A33
:10C5A00086ED0E7A9FEDB37A86ED0F7A40369FEDD9
:10C5B000B27A86ED05FA86ED007A9FEDB07AC6ED87
:10C5C000062A86ED027A9FEDAE7AC6ED07EA05ED02
:10C5D0001C7A9FEDAC7A86ED08EA05ED1B7A9FED9B
:10C5E000AA7AC6ED09DA05ED1A7A9FEDA87A86EDEA
:10C5F0000ADA05ED197A9FEDA67AC6ED0BCA86ED2B
:10C600000CCAC6ED0DBA86ED0EBAC6ED0FAA86EDC0
:10C6100010AAC6ED119A86ED129A4C3685ED007A75
:10C620009FED9C7AC6ED008AC5ED03FAC5ED022A9E
:10C6300005F5A36586ED017AC6ED026ADFED986A1D
:10C6400086ED036AC6ED066ADFED966A86ED048A1A
:10C65000C6ED086ADFED946AC6ED055AC6ED096AB3
:10C66000DFED936A86ED078AC6ED0A6ADFED3B6A65
:10C67000C6ED0B6ADFED3A6AC6ED0C6ADFED396A8A
:10C68000C6ED0D6ADFED386AC6ED0E6ADFED376A7A
:10C69000C6ED0F6A4036DFED366AC6ED006ADFEDA3
:10C6A000356AC6ED016ADFED346AC6ED026ADFED78
:10C6B000336AC6ED036ADFED326AC6ED046ADFED68
:10C6C000316AC6ED056ADFED306AC6ED066ADFED58
:10C6D0002F6AC6ED076ADFED2E6AC6ED086ADFED48
:10C6E0002D6AC6ED096ADFED2C6AC6ED0A6ADFED38
:10C6F0002B6AC6ED0B6ADFED2A6AC6ED0C6ADFED28
:10C700003F6AC6ED0D6ADFED3E6AC6ED0E6ADFEDEB
:10C710003D6AC6ED0F6A4036DFED3B6AC6ED006A42
:10C72000DFED3A6AC6ED016ADFED396AC6ED026AED
:10C7300001ED0B6A9FED5A6ADFED366A01ED086A7A
:10C740009FED586AC6ED036A01ED066A9FED566AD1
:10C75000DFED316A01ED056A30E100BF728A024007
:10C760005396993F228E85BFEE7C87BFBC0546C09D
:10C77000C217F6BF48BF654029CBD03F09F9B8BF03
:10C78000AF25743F95D483C0319976C03F351B41A6
:10C79000539631BFC66D48C0DAAC3E406A4D93C077
:10C7A00065AAA0C0D4DA5E42FD07B2C15828F5C11F
:10C7B000E45465420378B9C11E96F6C176CF44426F
:10C7C000D50941C1515ADFC19C843B4221B05DC1B2
:10C7D000788BDEC1C62D30426D56ABC08CCACAC143
:10C7E000D7231B420091F4C03934CCC1446902C143
:10C7F0009EEFE1C07958C8BF789C22C07F6ACA40CA
:10C800002B1885BFB76273C0B29D8940E9484EC0FE
:10C810007DD099C0BB27EF408D2883C0EFC9A3BE50
:10C82000F931DAC0F8C25441FD8794BF6F813FC12E
:10C830007CF27A41A245563FE8D945C153969341CF
:10C840006B9AB5C0219F98C177ADDE4153054BC0AF
:10C850007C6198C1C65CD3414CA60DC1B89EB6C1DF
:10C86000DDB50042EB730AC10601B3C101DE084227
:10C87000E6AE55C03277B8C1704E23421E27BBC109
:10C88000E6AECDBF888576C0840DE1C0CE19A1404B
:10C890005F980CC0705FA3C0DC68B6C0BE309FC09C
:10C8A000211F143F575B75C0BC9678C07DD099C0DE
:10C8B0009CC490BFBB27EF40728A02405396993FB9
:10C8C000B29D8940228E85BFEE7C87BF8D2883C0B4
:10C8D000BC0546C0C217F6BFE9484EC048BF654018
:10C8E00029CBD03F09F9B8BFAF25743F95D483C099
:10C8F000319976C03F351B41539631BFC66D48C054
:10C90000928B5742DAAC3E406A4D93C065AAA0C0F4
:10C910007F6ACA402B1885BFA1164A42B76273C00E
:10C92000BDE3CCC180772C4238F82FC1E414C8C1D4
:10C93000025A1F42EB62104205A3B6C0784B324246
:10C940008AB034C148E1BCC16154DEC19CA24BC075
:10C950003F5727C08C4A3AC110FAA7C1A993854115
:10C96000D0B3E7C1857CDEC0C21716401FF4C0C13A
:10C970004614E641A5BD3AC1FF2102C1933A5E418A
:10C98000F5CAA3C1A7799141F47D01420E4FAF3C96
:10C99000F08509C02B18DDBF76711B40A779473D94
:10C9A00031998DC1AE58C241B22EA6C1F1F4CEC0AC
:10C9B000BADA02C0FF2135C0C97680401FED446A53
:10C9C00086ED048A01ED046A1FED456AC6ED056A2D
:10C9D00001ED036A1FED476AC6ED07FA01ED026A31
:10C9E00086ED08FAC6ED092AC6ED0AEA86ED0BEADD
:10C9F000C6ED0CDA86ED0DDAC6ED0ECA86ED0FCA6D
:10CA0000C6ED10BA44365FED5C6A1FED526A41ED27
:10CA1000109A01ED0F9A41ED0E8A01ED0D7A41ED6C
:10CA20000C6A01ED0A8A41ED095A01ED078A86ED8B
:10CA300000BAC6ED01AA86ED02AA46ED0B2A01ED69
:10CA4000016A1FED5F6A81ED006A1FED5F6A81ED8B
:10CA5000016A1FED606A81ED026A1FED606A81ED77
:10CA6000036A1FED616A81ED046A1FED626A81ED60
:10CA7000056A1FED636A81ED066A1FED646A81ED48
:10CA8000076A1FED656A81ED086A1FED666A81ED30
:10CA9000096A1FED676A81ED0A6A1FED686A81ED18
:10CAA0000B6A1FED686A81ED0C6A1FED696A81ED02
:10CAB0000D6A1FED6A6A81ED0E6A1FED6B6A81EDEA
:10CAC0000F6A40311FED6D6AC1ED09FA81ED006A10
:10CAD0001FED6E6A81ED0AFA81ED016AC1ED0CEA83
:10CAE00081ED0DEAC1ED0EDA81ED0FDAC1ED10CA6C
:10CAF00081ED11CAC1ED12BA81ED13BAC1ED14AACC
:10CB000081ED15AAC1ED169A81ED179A60311FEDDE
:10CB10009D6AC1ED008A81ED036A1FED9F6A04EDF5
:10CB2000078A81ED066A1FEDA16A04ED048A81ED92
:10CB3000086A1FEDA36A5FEDA38A81ED096A1FED04
:10CB4000A46A1FEDA49A04ED016A1FEDA56A81EDA8
:10CB5000017A84ED006A1FEDA76A1FEDA77A84EDC4
:10CB6000016A1FEDA86AC1ED026A84ED026A1FED39
:10CB7000AA6A5FEDAA6A84ED036A1FEDAB6AC1ED94
:10CB8000055A84ED046A1FEDAD6A5FEDAD5A84ED80
:10CB9000056A1FEDAE6A01ED167A84ED066A1FED97
:10CBA000B06A41ED155A84ED076A1FEDB26A41ED96
:10CBB000148A84ED086A1FEDB46A01ED139A84EDBE
:10CBC000096A1FEDB66A01ED128A84ED0A6A1FED4B
:10CBD000B86A41ED116A84ED0B6A1FEDBA6A41ED46
:10CBE0000D2A84ED0C6A1FEDBC6A41ED102A0CF68B
:10CBF000580184ED0D6A1FEDBF6A5FEDBF2A84ED19
:10CC00000E6A1FEDC06A5FEDA9BA84ED0F6A403469
:10CC10001FEDC36AC4ED078A84ED006A1FEDC56A83
:10CC200084ED089A84ED016A1FEDC76AC4ED0E2AEF
:10CC300084ED026A1FEDC96A5FEDC98A84ED036A5B
:10CC40001FEDCA6A1FEDBA9A84ED046AB0EE626AFB
:10CC50001FEDBACA5FEDC02A86ED669AC6ED6EBAC0
:10CC600086ED6FCA1FEDD29A5FEDD29A1FEDD2AA60
:10CC70005FEDD2AA1FEDD2BA5FEDD2BA1FEDD2CAD4
:10CC8000C4ED0F2AC4ED0B8A5FEDD42A5FEDD48A80
:10CC9000C6ED672AC6ED688A86ED699AC6ED6A9A7E
:10CCA00086ED6BAAC6ED6CAA86ED6DBAC6ED70BABC
:10CCB00086ED71CA06F5E476C4ED065A5FEDDFCA6B
:10CCC0005FEDDF5A1FEDDFDA5FEDDFDA1FEDDFFA30
:10CCD000C4ED0D5AC6ED00CA86ED01DAC6ED02DAE2
:10CCE00084ED057AC4ED0A6A84ED098A84ED0C0AA4
:10CCF00086ED038A81ED00FA0CF65C011FEDEAFA7D
:10CD00005FEDEAFA83ED19FA1FEDEBFAC6ED0DFAC5
:10CD100083ED1AFA1FEDEDFA5FEDEDFA83ED22FADD
:10CD20001FEDEEFAC6ED0EFA83ED23FA1FEDF0FAD1
:10CD30005FEDF0FA83ED0CFA1FEDF1FAC6ED0FFA94
:10CD400083ED0DFA5FEDF3FA1FEDF3FA1FEE90EAB3
:10CD50005FEDF4FA83ED0EFA1FEDF5FA5FEDF56A7B
:10CD6000C1ED00FA0CF5066183ED0FFA5FEDF8FAFC
:10CD70001FEDF8FAC2ED006A1A46C1ED00FA0CF692
:10CD8000640183ED186A83ED10FA1FEDFDEA5FED93
:10CD9000FDEA5FEDFDFA1FEDFD6A1FEDFDFA1FEDE7
:10CDA000FD7A5FEDFDCA1FEDFDDA5FEDFDDA42F8B9
:10CDB00028EB16EE10EA86ED07EA9FEDFD6A9FED7F
:10CDC000FDEAC6ED08EAC1ED00FADFEDFBEADFEDB2
:10CDD000FBFA83ED11FA9FEDFAFA40F824EF00F523
:10CDE000BC61C6ED04CA86ED05DA0C4686ED068AFE
:10CDF00086ED097AC6ED0ADA86ED0BEAC6ED0CEA95
:10CE00001E46C2ED00FA0CF6680283ED0B6A83ED54
:10CE100012FAC3ED1B2A9FEDEBFADFEDEB2A83ED4F
:10CE200013FA12EE90EA9FEDE9FADFEDE92A83EDBD
:10CE300014FAC2ED002A0CF66C029FEDE6FA46F8F1
:10CE400054EF03F28C4E82ED00FA0CF507629FED71
:10CE5000E2FA83ED160A82ED00FA9FEDE0FAC3EDE7
:10CE6000175A83ED26FA9FEDDEFAC3ED1C8A83ED97
:10CE700027FA9FEDDCFA83ED1D9A83ED28FA9FEDEA
:10CE8000DAFAC3ED1E9A83ED2DFA9FEDD8FA83ED01
:10CE90001FAA83ED2EFA9FEDD6FAC3ED20AA83EDEB
:10CEA00033FA9FEDD4FA83ED21BA83ED34FA9FED86
:10CEB000D2FAC3ED24BA83ED35FA9FEDD0FA83EDB3
:10CEC00025CA83ED39FA9FEDCEFA019603F2645636
:10CED00083ED3AFA9FEDCBFA83ED3BFA9FEDBDFA75
:10CEE00083ED3DFA9FEDC8FA83ED3FFA9FEDC7FA57
:10CEF00083ED42FA9FEDC6FA83ED45FAC3ED3C2A75
:10CF0000DFEDB52A9FEDC3FAC3ED3E2ADFEDC22A5D
:10CF100083ED36FAC3ED432ADFEDC02A9FEDC0FA58
:10CF2000C3ED442ADFEDBF2AC3ED549AC3ED462A70
:10CF3000DFEDBD2ADFEDBD9AC3ED472ADFEDA12A63
:10CF400083ED298AC3ED492ADFEDA02AC3ED2ACA61
:10CF5000C3ED4A2ADFED9C2A83ED2BDAC2ED432A8A
:10CF6000DFEDB32A83ED2C8AC3ED4E2ADFEDB12A23
:10CF700083ED2F7AC3ED4F2ADFEDAF2AC3ED30DA10
:10CF8000C3ED502ADFEDAD2A83ED31EAC3ED32EA7D
:10CF9000C3ED376A83ED38FAC3ED40FA83ED416A99
:10CFA000C3ED4D5AC3ED512AC3ED528A83ED539A16
:10CFB00083ED55AAC3ED56AA9FED969A83ED57BA15
:10CFC000C3ED589ADFED9E9A83ED6C9AC3ED5D9A9E
:10CFD0009FED9C9ADFED9C9ADFED7D8AC3ED5E9A12
:10CFE00083ED6F9AC3ED728ADFED989ADFED98AA10
:10CFF0009FED989ADFED788AC3ED639AC3ED69AA35
:10D0000083ED709AC3ED748ADFED939ADFED93AAF6
:10D010009FED939ADFED938ADFED695A9FED92AA17
:10D02000C3ED649AC3ED6AAADFED909A83ED719A1D
:10D03000C3ED758ADFED8EAA9FED8E9ADFED8E8AA5
:10D04000C3ED5ABA83ED5BCAC3ED60CA83ED61DA02
:10D05000C3ED66DA83ED67EAC3ED485A83ED4C0A07
:10D06000C3ED599A83ED5CAA83ED5F8A83ED628AF2
:10D0700083ED657AC3ED68EAC3ED6BAA83ED6EFAC2
:10D0800083ED739AC3ED76FA83ED776AC3ED788A00
:10D09000DFED7A8ADFED602AC3ED7B8ADFED788AE7
:10D0A000C3ED792AC3ED898ADFED768ADFED5B2A4D
:10D0B000C3ED8A8ADFED748AC3ED7A2AC3ED8B8AC9
:10D0C000DFED728ADFED572AC3ED8D8ADFED708ABE
:10D0D000C3ED7C2AC3ED8E8ADFED6E2ADFED6E8A0A
:10D0E000C3ED7D2AC3ED908ADFED6C2ADFED6C8AFB
:10D0F000C3ED802AC3ED918ADFED6A2ADFED6A8AEB
:10D10000C3ED842AC3ED938ADFED682ADFED688AD8
:10D11000C3ED852AC3ED948ADFED662ADFED668ACA
:10D12000C3ED862AC3ED968ADFED642ADFED648ABB
:10D13000C3ED872AC3ED978A9FED626ADFED622A0D
:10D14000DFED628A83ED7F6AC3ED882A9FED606A16
:10D15000DFED602AC3ED998ADFED5F8AC3ED7E5A69
:10D16000C3ED6D6A85ED006A0D4683ED820AC3ED5D
:10D17000832AC3ED8F9A83ED92AAC3ED9A8ADFEDDD
:10D18000578ADFED579AC3ED9C8ADFED568AC3EDCF
:10D19000AA9AC3ED9D8ADFED548ADFED549AC3ED60
:10D1A0009F8ADFED538AC3EDAB9AC3EDA08A75E188
:10D1B0006C89A2C103786BBF3480C9C0B5A6D1C049
:10D1C000F55B14422A3A76C0A1164A42EE5AB1C122
:10D1D00042E0B741992A5CC086DA8BC148E1BCC104
:10D1E0009CA24BC03F5727C076711B40A779473D93
:10D1F000A9938541C2171640A5BD3AC1A7799141AF
:10D20000F08509C031998DC1AE58C2414614E6413E
:10D21000F47D0142933A5E41FF2102C1F5CAA3C1E8
:10D220008C4A3AC12B18DDBFB22EA6C19FABA9C054
:10D23000B1905042EE7C9FC1DC46DEC1784B324259
:10D24000849EA9C0D6C58F41A85792C052B89E3EB1
:10D25000FB3A5D41136167C05474F4BF8BFDC53E5A
:10D26000743589C1DE71C7414BC8B7C1A178B8C157
:10D27000F31F30C1B7D134C0841EE84119440042C5
:10D28000BEC1B1C11AC02042006F5EC1973F1E42AD
:10D29000C7BA7CC0083DA5C19FAB0442F2C1AAC178
:10D2A000B4C809C165D94442E6AE26C152B8B6C178
:10D2B0003D0A14C160E5CCC11CEB8640579B25425A
:10D2C0001AC027405F980CC0DB8A11C138F872C0C1
:10D2D000B12126428A9FB6C1D8F0B4C0AF25214102
:10D2E00098EE81C143ADB94005341C414703B041BC
:10D2F0000BB546C066662DC18C4A17C1BBA7A141BC
:10D30000AD7AA3C1006FFD40C0ECE941B00311C18B
:10D31000C06C8FC15A647741FBDCF241ACADF0C008
:10D320009C3394C03B7092C179E9AAC1652AAE4191
:10D3300085EB05C0A9A410424BD9CFC1228E85C070
:10D3400039B4B3C16B1AA5C17279C2C18A1F144224
:10D35000A4707540F697C5C0C52014400BB593C1A5
:10D36000575B75C15BD3F0418D9778C1A4DFB6C11F
:10D370006DC590C0B89E0642448B024158A8D5BEE8
:10D3800081959940C58F92C1EE7C87C0BF0EAC419C
:10D39000530546C146B677C1F016F6C0D95FA3C1A2
:10D3A000B1BF6541A768B6C1FBCBD04027319FC153
:10D3B00066F7B8C0591785C0206373C152277440FF
:10D3C0007E9D8941E9484EC1C3D383C1B1D099C183
:10D3D0008727EF419A9976C18D2883C173D79ABF69
:10D3E0001B9E6E417D3FF1C04703F8BEAF9431C034
:10D3F00085EB813FBC052AC12F6E48C16A4D8BBFAA
:10D400001EA7C6C071AC3E41810419C08A1FD33F1C
:10D410006A4D93C1BA6B11C17CF2BCC030AAA0C1E5
:10D4200059172F409EEFE9C0B36ACA417DAEDE3F77
:10D430005396A540787A25BC0DE031C1AAF152BDC2
:10D440000B4615BFAC8BDB3CDA1BC6400DE034C18C
:10D4500058A81DC13F571FC0EC5140C016FB11C159
:10D46000A089F8C0AF25643D5B4286BFCE88EABF85
:10D47000386792C08E75A7C088F4FB3F8FC295BFF6
:10D480004B59C6BF24970340EFC900C138F8A0C06C
:10D4900009F9703F925CA63FE2E9B5BE5FED6B8A89
:10D4A0005FED6B9AC3EDA18A5FED6C8AC3EDAC9A18
:10D4B000C3EDA28A5FED6E9A5FED6E8AC3EDAD9A01
:10D4C000C3EDA38A5FED709A5FED708AC3EDAE9AEB
:10D4D000C3EDA48A5FED729A5FED728AC3EDB09AD4
:10D4E000C3EDA58A5FED749A5FED748AC3EDB19ABE
:10D4F000C3EDA68A5FED769A5FED768AC3EDB29AA8
:10D50000C3EDA78A5FED789A5FED788AC3EDB39A91
:10D51000C3EDA88AC3EDB92A5FED7B8A5FED7B9AE4
:10D520005FED7B2A1FED7B9AC3EDA98AC3EDB49A08
:10D530005FED7D8AC3EDBB2A5FED7E9A5FED7E2AAB
:10D5400083ED9B7AC3ED8C8A83ED958A83ED988A6F
:10D5500083ED9E9AC3EDB69A83EDB80AC3EDBC2A5B
:10D560005FED862A1FED860AC3EDBD2A5FED872A8F
:10D5700083EDCC0AC3EDBE2A1FED890A5FED892A2F
:10D5800083EDCD0AC3EDBF2A1FED8B0A5FED8B2A19
:10D5900083EDCF0AC3EDC02A1FED8D0A5FED8D2A02
:10D5A00083EDD00AC3EDC12A1FED8F0A5FED8F2AEC
:10D5B00083EDD10AC3EDC32A1FED910A5FED912AD5
:10D5C00083EDD20AC3EDC42A1FED930A5FED932ABF
:10D5D00083EDD30AC3EDC52A1FED950A5FED952AA9
:10D5E00083EDD50AC3EDC62A1FED970A5FED972A92
:10D5F00083EDD60AC3EDC72A1FED990A5FED992A7C
:10D6000083EDD70AC3EDC82A1FED9B0A5FED9B2A65
:10D6100083EDD80AC3EDC92A1FED9D0A5FED9D2A4F
:10D6200083EDD90AC3EDCA2A1FED9F0A5FED9F2A39
:10D63000C3EDC28AC3EDAF2A83EDB58A82EDAF6A2E
:10D6400083EDBA6A83EDCB8A83EDD49A83EDDA0A4F
:10D65000C3EDE52A5FEDA82A1FEDA80AC3EDE62A6F
:10D660005FEDA92A83EDDB0AC3EDE72A5FEDAB2A64
:10D670001FEDAB0AC3EDE82A5FEDAC2A83EDDC0AAF
:10D68000C3EDE92A5FEDAE2A1FEDAE0AC3EDEA2A2B
:10D690005FEDAF2A83EDDD0AC3EDEC2A5FEDB12A21
:10D6A0001FEDB10AC2EDE52A03F580625FEDB32AF2
:10D6B00083EDDE0AC3EDEE2A5FEDB52A1FEDB50A54
:10D6C000C3EDEF2A5FEDB62A83EDDF0AC3EDF02A42
:10D6D0005FEDB82A1FEDB80AC3EDF12A5FEDB92A54
:10D6E00083EDE00AC3EDF22A5FEDBB2A1FEDBB0A12
:10D6F000C3EDF32A5FEDBC2A83EDE10AC3EDF42A02
:10D700005FEDBE2A1FEDBE0AC3EDF52A5FEDBF2A0D
:10D7100083EDE20AC3EDF62A5FEDC12A1FEDC10ACF
:10D72000C3EDF72A5FEDC22A83EDE30AC3EDF82AC1
:10D730005FEDC42A1FEDC40AC3EDF92A5FEDC52AC7
:10D7400083EDE40A83EDCE8A83EDEB8AC3EDFA2AFA
:10D750005FEDC92A1FEDC97AC3EDFB2A5FEDCA2A26
:10D760001FEDCA6AC3EDFC2A5FEDCB2A5FEDCB5AF1
:10D77000C3EDFD2A5FEDCC2AC3EDFE2A5FEDCD2A75
:10D78000C3EDFF2A5FEDCE2AC2ED002A03F2044268
:10D790005FEDD02A82ED008A03F58162C2ED002A96
:10D7A00003F20C425FEDD42AC2ED002A03F5826237
:10D7B0005FEDD62A82ED008A03F21442C2ED002A00
:10D7C00003F583625FEDDA2AC2ED002A03F21C4200
:10D7D0005FEDDC2AC2ED002A03F584625FEDDE2AEC
:10D7E000C2ED002A03F224425FEDE02AC2ED002AD6
:10D7F00003F585625FEDE22A82ED008A03F22C4296
:10D80000C2ED002A03F586625FEDE62AC2ED002A2A
:10D8100003F234425FEDE82AC2ED002A03F5876285
:10D820005FEDEA2ACEED002A5FEDEB2AC2ED002A79
:10D8300003F23C425FEDED2A82ED008A03F5886237
:10D84000C2ED002A03F244425FEDF12AC2ED002A44
:10D8500003F589625FEDF32AC2ED002A03F24C4220
:10D860005FEDF52AC2ED002A03F58A625FEDF72A23
:10D87000C2ED002A03F254425FEDF92A82ED008ADC
:10D8800003F58B62C2ED002A03F25C42DFEDFD2A54
:10D89000C2ED002A03F58C62DFEDFB2AC2ED002AFF
:10D8A00003F26442DFEDF92AC2ED002A03F58D622E
:10D8B000DFEDF72AC2ED002A03F26C42DFEDF52A14
:10D8C00082ED008A03F58E62C2ED002A03F27442F3
:10D8D000DFEDF12AC2ED002A03F58F62DFEDEF2ABA
:10D8E000C2ED002A03F27C42DFEDED2AC2ED002AF0
:10D8F00003F59062DFEDEB2AC2ED002A03F28442C9
:10D90000DFEDE92AC2ED002A03F59162DFEDE72A97
:10D91000C2ED002A03F59262DFEDE52AC2ED002A8E
:10D9200003F29442DFEDE32AC2ED002A03F593628D
:10D93000DFEDE12A82ED008A03F29C42C2ED002A6B
:10D9400003F59462DFEDDD2AC2ED002A03F2A44262
:10D95000DFEDDB2A82ED003A03F59562C2ED002A85
:10D9600003F2AC42DFEDD72AC2ED002A03F596623E
:10D97000DFEDD52A82ED002A03F2B442C2ED002A7F
:10D9800003F59762DFEDD12AC2ED002A03F2BC4213
:10D99000DFEDCF2A82ED003A03F59862C2ED002A4E
:10D9A00003F2C442DFEDCB2AC2ED002A03F59962EF
:10D9B000DFEDC92AC2ED002A03F2CC42DFEDC72A0F
:10D9C000C2ED002A03F59A62DFEDC52AC2ED002AF6
:10D9D00003F2D44282ED002A03F59B6282ED001A25
:10D9E00003F2DC4282ED008A03F59C6282ED003A8C
:10D9F00003F2E442C2ED001A03F59D6282ED008A53
:10DA000003F2EC4282ED002A03F59E6282ED001AD9
:10DA100003F2F44286ED008AC2ED000A03F59F622C
:10DA200082ED003A03F2FC42C2ED001A03F5A06257
:10DA300082ED008A03F2045282ED002A03F5A1620E
:10DA400082ED001A03F20C52C2ED000A03F5A26245
:10DA500082ED003A03F21452C2ED001A03F5A362FC
:10DA600082ED008A03F21C5282ED002A03F5A462C3
:10DA700082ED001A03F22452C2ED000A03F5A562FA
:10DA800082ED003A03F22C52C2ED001A03F5A662B1
:10DA900082ED008A03F2345282ED002A03F5A76278
:10DAA00082ED001A03F23C52C2ED000A03F5A862AF
:10DAB00082ED003A03F24452C2ED001A03F5A96266
:10DAC00082ED008A03F24C5282ED002A03F5AA622D
:10DAD00082ED001A03F25452C2ED000A03F5AB6264
:10DAE00082ED003A03F25C529FED7E3AC2ED001ADD
:10DAF00003F5AC6282ED008A03F5AD6282ED003A77
:10DB000003F26C529FED783A82ED003A03F5AE6273
:10DB10009FED763A82ED008A03F2745282ED003A6C
:10DB200003F5AF629FED723A81ED0C5A82ED003A37
:10DB300003F27C529FED6F3A81ED0D8A82ED003A3F
:10DB400003F5B0629FED6C3A81ED0B8A82ED003AED
:10DB500003F284529FED693A82ED003A03F5B16217
:10DB60009FED673A82ED008A03F28C5282ED003A13
:10DB700003F5B2629FED633A82ED003A03F29452EC
:10DB80009FED613A82ED003A03F5B3629FED5F3A93
:10DB900082ED003A03F29C529FED5D3A82ED003A2D
:10DBA00003F5B4629FED5B3A82ED003A03F2A452B2
:10DBB0009FED593A82ED003A03F5B5629FED573A71
:10DBC00082ED008A03F2AC5282ED003A03F5B662B0
:10DBD0009FED533A82ED003A03F2B4529FED513A71
:10DBE00082ED008A03F5B76282ED003A03F2BC527F
:10DBF0009FED4D3A82ED003A03F5B8629FED4B3A46
:10DC000082ED003A01F522729FED493A13EE10CAF7
:10DC10009FED483A81ED0A3A9FED473A44F820CF0C
:10DC200081ED0E3A9FED453A81ED0F3A9FED443A72
:10DC300013EE10CA9FED433A45F824CB01F12C0CAA
:10DC400085ED003A03F2C4559FED3F3A85ED003A69
:10DC500003F5B9659FED3D3A85ED003A03F2CC55E9
:10DC60009FED3B3A85ED008A03F5BA6585ED003AF4
:10DC700003F2D4559FED373A85ED003A03F5BB65C5
:10DC8000EEE000BF249702C1607657C0CB10B73FCB
:10DC9000F241E7BF3F35C63F295C21C10F9C033FDE
:10DCA0008BFDE740E2E9D3C0D71232402C65A1409A
:10DCB000BDE366C1B37BB2BFBF8EB1C11B2F8BC0AA
:10DCC0008863C1C07A36DBBF4F2F8EC1711B01C084
:10DCD000E02D10BCBA498C3E73D723C1CA3246C16D
:10DCE00095D491BF17B711C1ECC081BF295C174013
:10DCF0003480B73DD7A3A4C0BC9609C1BC74933B84
:10DD00005EBACD40AED82B409790E1C0F38E26C1CD
:10DD1000CBA1D5BF4D843EC13B7065C17DAEA24055
:10DD20002D218340EC515EC1F2B046C1CBA1A5BE0E
:10DD3000EC2FB33F6744B93F7CF2B0BF098ADFBE26
:10DD400060764AC16DE76B406C09BF40EFC99540F2
:10DD50005AF5EBC0325524C102BCDDBF0BB5D8402B
:10DD600073D7BC40BDE3743F1FF40EC1539632C15C
:10DD70004ED145C0D881F9407E1DCE406EA3A9C0CA
:10DD8000A1F89DC05474E8406B9A8740AA609CBF7C
:10DD9000BA49E4C07E1D37C1CA5415C0849E9D3F58
:10DDA000D712B2BEC0EC3EBFECC0693F713D8ABD28
:10DDB0007FFB2A3F07CE993EA91350BEAE4701C054
:10DDC0008B6CB73FCE88523EB7D1A03F0BB5A63D76
:10DDD0009FCD4ABF363C2D3FC217163FB7D1A0BEDC
:10DDE000956590BFCC7F883F6F1243BF812612BFDD
:10DDF000D5E77A3F10E9073F8F53343EFA7E2A3E3B
:10DE000041F1E3BDFBCBEE3D6DC5DE3E5D6D25BF53
:10DE1000371A18C045D8F03F7DAE06BF1D38073F02
:10DE200020D2EF3E5BD35CBF6688FBBFF2D2D53F0A
:10DE3000E7FBE93E05C54FBF287E2C3FCEAAF73F42
:10DE40003F57E3BFBEC16B40B30C05C029EDCDBF4A
:10DE50000309923FC3F508C076E0ACBFBE305DC198
:10DE60001FED433A85ED003A03F2DC551FED453ACC
:10DE700085ED003A03F5BC651FED473A85ED003AA4
:10DE800003F2E4551FED493A85ED003A03F5BD650F
:10DE90001FED4B3A85ED003A03F2EC551FED4D3A7C
:10DEA00085ED003A03F5BE651FED4F3A85ED003A6A
:10DEB00003F2F4551FED513A85ED003A03F5BF65C5
:10DEC0001FED533A85ED003A03F2FC551FED553A2C
:10DED00003F5C06385ED008A042583ED003A00F266
:10DEE000E4531FED593A83ED003A00F5BD631FED91
:10DEF0005B3A83ED003A00F2EC531FED5D3A83ED9F
:10DF0000003A00F5BE631FED5F3A83ED003A00F280
:10DF1000F4531FED613A83ED003A00F5BF631FED46
:10DF2000633A00F2FC5083ED003A01F5D1631FED36
:10DF3000663A80ED003A1FED673A81ED103A1FED29
:10DF4000683A81ED113A1FED693A81ED123A1FED01
:10DF50006A3A81ED133A1FED6B3A81ED143A1FEDE9
:10DF60006C3A81ED153A1FED6D3A81ED163A1FEDD1
:10DF70006E3A81ED173A1FED6F3A81ED183A1FEDB9
:10DF8000703A81ED193A1FED713A81ED1A3A1FEDA1
:10DF9000723A81ED1B3A1FED733A81ED1C3A1FED89
:10DFA000743A81ED1D3A1FED753A81ED1E3A1FED71
:10DFB000763A81ED358A81ED1F3A1FED783A81ED91
:10DFC000365A81ED203A1FED7A3A81ED378A81ED9C
:10DFD000213A1FED7C3A81ED3B8A81ED223A1FED1B
:10DFE0007E3A81ED3C5A81ED233A1FED803A81ED76
:10DFF0003D8A81ED243A1FED823A81ED3E8A81ED22
:10E00000253A1FED843A81ED263A1FED853A81EDE0
:10E01000273A1FED863A81ED283A1FED873A81EDC8
:10E02000293A1FED883A81ED2A3A1FED893A81EDB0
:10E030002B3A1FED8A3A81ED2C3A1FED8B3A81ED98
:10E040002D3A1FED8C3A81ED2E3A1FED8D3A81ED80
:10E050002F3A1FED8E3A81ED303A1FED8F3A81ED68
:10E06000313A1FED903A81ED323A1FED913A81ED50
:10E07000333A1FED923A81ED343A1FED933A81ED38
:10E08000383A1FED943A81ED393A1FED953A81ED1A
:10E090003A3A1FED963A81ED3F5A81ED408A81ED83
:10E0A000418A81ED425A81ED438A81ED448A81EDB6
:10E0B000455A81ED468A81ED478A81ED485A81EDC6
:10E0C000498A81ED4A8A81ED4B5A81ED4C8A81ED76
:10E0D0004D8A81ED4E5A81ED4F8A81ED508A81ED56
:10E0E000515A81ED528A81ED538A81ED545A81ED66
:10E0F000558A81ED568A81ED575A81ED588A81ED16
:10E10000598A81ED5A5A81ED5B8A81ED5C8A81EDF5
:10E110005D5A81ED5E8A81ED5F8A81ED605A81ED05
:10E120008A3A1FEDB93A81ED618A81ED628A81ED0B
:10E13000635A81ED648A81ED658A81ED665A81EDCD
:10E14000678A81ED688A81ED695A81ED6A8A81ED7D
:10E150006B8A81ED6C5A81ED6D8A81ED6E8A81ED5D
:10E160006F5A81ED708A81ED718A81ED725A81ED6D
:10E17000738A81ED8B3A81ED748A81ED755A81ED58
:10E18000768A81ED778A81ED785A81ED798A81ED01
:10E190007A8A81ED7B5A81ED7C8A81ED7D8A81EDE1
:10E1A0007E5A81ED7F8A81ED815A81ED845A1FED7F
:10E1B000DB5A1FEDDB3A81ED935A82ED065A1FEDD3
:10E1C000DD5A81ED943A82ED075A1FEDDF5A1FEDBB
:10E1D000DF3A82ED0C5A1FEDE05A82ED053A82EDEE
:10E1E0000D5A1FEDE25A81ED808A81ED828A81ED20
:10E1F000838A81ED858A80ED7F8A00F5DD60C1ED3F
:10E20000877A81ED888A81ED898A81ED8C8AC1EDDA
:10E210008D7A81ED8E8A81ED8F8AC1ED907A81EDC4
:10E22000918A81ED928A81ED958AC1ED967A81ED90
:10E23000978A81ED988AC1ED997A81ED9A8A81ED6C
:10E240009B8AC1ED9C7A81ED9D8A81ED9E8AC1ED0C
:10E250009F7A81EDA08A81EDA18AC2ED007A82EDDC
:10E26000018A82ED028AC2ED037A82ED048A82ED90
:10E27000088AC2ED097A82ED0A8A82ED0B8A82ED64
:10E280000E8AC2ED0F7A82ED108A82ED118AC2EDFC
:10E29000127A82ED138A82ED148AC2ED157A82ED2C
:10E2A000168A82ED178AC2ED187A82ED198A82EDFC
:10E2B0001A8AC2ED1B7A82ED1C8A82ED1D8AC2ED9C
:10E2C0001E7A82ED1F8A82ED208AC2ED217A82EDCC
:10E2D000228A82ED238AC2ED247A82ED258A82ED9C
:10E2E000268AC2ED277A82ED288A82ED298AC2ED3C
:10E2F0002A7A82ED2B8A82ED2C8AC2ED2D7A82ED6C
:10E300002E8A82ED2F8AC2ED307A82ED318A82ED3B
:10E31000328AC2ED337A82ED348A82ED358AC2EDDB
:10E32000367A82ED378A82ED388AC2ED397A82ED0B
:10E330003A8A82ED3B8AC2ED3C7A82ED3D8A82EDDB
:10E340003E8AC2ED3F7A82ED408A82ED418AC2ED7B
:10E35000427A82ED625A9FEDFE5A82ED438A82ED47
:10E36000635A9FEDFC5A82ED448A82ED645A9FED18
:10E37000FA5AC2ED457A82ED655A9FEDF85A82ED60
:10E38000468A82ED665A9FEDF65A82ED478A82ED03
:10E39000675A9FEDF45AC2ED487A82ED685A9FEDB4
:10E3A000F25A82ED498A82ED695A9FEDF05A82ED68
:10E3B0004A8A82ED6A5A9FEDEE5AC2ED4B7A82ED9F
:10E3C0006B5A9FEDEC5A82ED4C8A82ED6C5A9FEDB0
:10E3D000EA5A82ED4D8A82ED6D5A9FEDE85AC2ED00
:10E3E0004E7A82ED6E5A9FEDE65A82ED4F8A82EDAB
:10E3F000508AC2ED517A82ED528A82ED538AC2ED83
:10E40000547A82ED558A82ED6F5A9FEDDE5AC2ED45
:10E41000603A82ED705A9FEDDC5A82ED568A82EDA9
:10E42000715A9FEDDA5AC2ED577A82ED725A9FED1A
:10E43000D85A82ED588A82ED735A9FEDD65A82EDF2
:10E44000598A82ED745A9FEDD45AC2ED5A7A82ED00
:10E45000755A9FEDD25AC2ED5D7A82ED765A9FEDE4
:10E46000D05A82ED5B8A82ED775A9FEDCE5A82EDCB
:10E470005C8A82ED785A9FEDCC5A82ED5E8A82EDFD
:10E48000795A9FEDCA5A82ED5F8A82ED7A5A9FEDE2
:10E49000C85A82ED618A82ED7B5A9FEDC65ADFED44
:10E4A000C67A82ED7C5A9FEDC55A82ED7D5A9FED6A
:10E4B000C45A82ED7E5A9FEDC35A82ED7F5A9FED7A
:10E4C000C25A82ED805A9FEDC15A82ED815A9FED6A
:10E4D000C05A82ED825A9FEDBF5A82ED835A9FED5A
:10E4E000BE5A82ED845A9FEDBD5AC2ED977A82EDF5
:10E4F000855A9FEDBB5ADFEDBB7A82ED865A9FEDC0
:10E50000BA5A82ED947A82ED875A9FEDB85AC2EDDD
:10E510009E7A82ED885A9FEDB65A9FEDB67A82EDCB
:10E520008C5A9FEDB55ADFEDB57A82ED8D5A9FED8D
:10E53000B45AC2ED8A3A82ED8E5A9FEDB25AC2EDBC
:10E54000903A82ED935A9FEDB05AC2EDA23A82ED15
:10E55000965A9FEDAE5A82ED898A82ED995A9FEDC7
:10E56000AC5A82ED8B8A82ED9C5A9FEDAA5A82EDBD
:10E570008F8A82ED9F5A9FEDA85A82ED918A82ED93
:10E58000B75A9FEDA65A82ED928A82ED958A82ED66
:10E59000986AC2ED9D5A82EDA07AC2EDB67A82EDFC
:10E5A0009A8A82ED9B8A82EDA18ADFED9D7A82EDC7
:10E5B000A38A82EDBA5A9FED9B5AC2EDBE7A82EDD4
:10E5C000BD5ADFED997A9FED995AC2EDC27A82ED7C
:10E5D000C05A9FED976ADFED975A9FED977A9FEDAE
:10E5E000975ADFED977A82EDB96AC2EDBC5A82ED97
:10E5F000BF7A82EDC35AC2EDC77A9FED926ADFED12
:10E60000925A9FED925A9FED927ADFED927AC2ED87
:10E61000A53AC2EDA83AC2EDAB3AC2EDAE3AC2EDB0
:10E62000B13AC2EDB43A82EDA48A82EDA68A82EDB7
:10E63000A78A82EDA98A82EDAA8A82EDAC8A82ED50
:10E64000AD8A82EDAF8A82EDB08A82EDB28A82ED28
:10E65000B38A82EDB58A82EDB88A82EDC46AC2EDD2
:10E66000C55A82EDC65A82EDC87AC2EDCA7ADFED8C
:10E670007A7A9FED7A5AC2EDD07ADFED797A82ED1F
:10E68000C95AC2EDD57ADFED777AC2EDD26AC2ED12
:10E69000D87ADFED757A9FED756AC2EDDA7ADFED33
:10E6A000747A9FED745AC2EDDB7ADFED737ADFED99
:10E6B000735AC2EDDD7ADFED727A9FED727AC2EDA8
:10E6C000DE7ADFED717ADFED716AC2EDE07ADFEDBF
:10E6D000707A82EDCB6AC2EDE17ADFED6E7A9FED62
:10E6E0006E6AC2EDE37ADFED6D7A82EDCC5AC2ED4F
:10E6F000E47ADFED6B7A9FED6B5AC2EDE67ADFEDDF
:10E700006A7AC2EDCE5AC2EDE77ADFED687ADFEDC4
:10E71000685AC2EDE97ADFED677A82EDD17AC2ED0F
:10E72000EA7ADFED657A9FED657AC2EDD36AC2EDD4
:10E73000EC7ADFED636ADFED637A82EDCF5A82ED2A
:10E74000D46AC2EDD65A82EDD77AC2EDD96AC3E057
:10E75000CD4CC0C153054541A3925EC0D509D9C176
:10E7600065191241CDCC2CBF76E04FC189414040A4
:10E77000A60A02C0EE7C1FC2DC466541F38E034050
:10E78000BA6BE3C0696F503F0681FDC04A7B4EC142
:10E790006B9ABB40810449C05CA0F7C162A12A41C9
:10E7A00023DBF3C0780BCBC142CF1C413BDFA94038
:10E7B000E9488FC14625D53FFAED6B3A107A8EBFF6
:10E7C000AC0B94C1EF388B4011C7CEC0D2C02DC264
:10E7D00094879641925CA8C09F3C66C1B1E1954088
:10E7E000DE020AC14E6290BD294B1DC2A9A485411B
:10E7F000423E924070CE88BC764FDEC1B3EAF3BD94
:10E80000849ED740AF94E5BD7CF2303BD122DBBD86
:10E81000575B313D6E3400BE795828BE0AD7A33C01
:10E8200017B751BB4FAF14BE07F096BD3D2CD43C7B
:10E83000A913503D04560EBEFD87743D6D56FDBDB7
:10E8400052491D3CBBB88DBC4CA68A3DE3A51B3D7F
:10E85000EBE2B6BDFF21FDBCA8574ABD4BC807BEC1
:10E860004CA60ABE006F813C5396064177BE9F3D81
:10E87000C5A0B0410E2D323D18261F41871659BD47
:10E88000C1A88C414FAF943D88F4C94082E247BC97
:10E890009A0888419A771D41BC0592BD29CB254134
:10E8A000AC1C92BF742417BE1748B84142CF6AC04F
:10E8B000A4DFBEBCD73498414FAF24404260653CD2
:10E8C00068916D3CE6AE97418FE46E40B3EAC44177
:10E8D0000F9CEA4114D0404282EDBB8A82EDC18A8E
:10E8E00082EDCD8AC2EDED7A83ED008A01F28C6370
:10E8F0005FED0B7A83ED004A01F5D263C2EDEF7A4A
:10E90000C3ED004A01F294635FED107A83ED008A53
:10E9100001F5D36382EDF24A83ED004A01F29C6374
:10E92000C2EDF34AC3ED004A01F5D46382EDF54A26
:10E9300083ED008A01F2A463C2EDF64A83ED004A3A
:10E9400001F5D56382EDF84AC2EDF94A82EDFB4A42
:10E95000C2EDFC4A82EDFE4AC2EDFF4AC2EDF07AFA
:10E9600082EDDC8A82EDDF8A82EDE28A82EDE58A41
:10E9700082EDE88A82EDEB8A82EDEE8A82EDF18A01
:10E9800082EDF48A82EDF78A82EDFA8A82EDFD8AC1
:10E99000C3ED004A01F2AC635FED337A83ED008A88
:10E9A00001F5D663C0ED007A83ED004A01F2B4634D
:10E9B0005FED387AC3ED004A01F5D763F84883ED7F
:10E9C000008A01F2BC6383ED004A01F5D863C3ED10
:10E9D000004A01F2C46383ED008A01F5D96383ED37
:10E9E000004A01F2CC63C3ED004A01F5DA6383ED1E
:10E9F000008A01F2D46383ED004A01F5DB63C3EDC5
:10EA0000004A01F2DC6383ED008A01F5DC6383EDEB
:10EA1000004A01F2E463C3ED004A01F5DD6383EDD2
:10EA2000008A01F2EC6383ED004A01F5DE63C3ED79
:10EA3000004A01F2F46383ED008A01F5DF6383EDA0
:10EA4000004A01F2FC63C3ED004A01F5E06383ED87
:10EA5000008A01F5E163C3ED007A01F20C73DFED8A
:10EA6000D17A83ED008A01F5E263C3ED007A01F209
:10EA70001473DFEDCD7AC3ED007A01F5E363DFEDCA
:10EA8000CB7A83ED008A01F21C73C3ED007A01F5A5
:10EA9000E463DFEDC77AC3ED007A01F22473DFEDA2
:10EAA000C57A83ED008A01F5E563C3ED007A01F2D2
:10EAB0002C73DFEDC17AC3ED007A01F5E663DFED7B
:10EAC000BF7A83ED008A01F23473C2F83405A0F6F0
:10EAD0000C20C3ED007A01F5E763DFEDB97AC2F8E7
:10EAE0000C55C3ED007A01F23C73DFEDB67A83ED8D
:10EAF000008A01F5E863C2F84005A430C3ED007A4E
:10EB000001F24473DFEDB07AB04DC3ED007A01F548
:10EB1000E963DFEDAF7A83ED008A01F24C73C2F84E
:10EB200010551035C3ED007A01F5EA63DFEDA97ADF
:10EB3000C2F85005A430C3ED007A01F25473DFED42
:10EB4000A67A83ED008A01F5EB63C2F82055A4355F
:10EB5000C3ED007A01F25C73DFEDA07AC2F86005C4
:10EB60002920C3ED007A01F5EC63DFED9D7A83ED9A
:10EB7000008A01F26473C2F83055C3ED007A01F5E2
:10EB8000ED63DFED987AC2F81C05C3ED007A01F25F
:10EB90006C73DFED957A83ED008A01F5EE63C3EDCA
:10EBA000007A01F27473DFED917AC3ED007A01F51A
:10EBB000EF63DFED8F7A83ED008A8E4BC2F8143558
:10EBC0003033C2F8243503F57673C2F8443503F5C3
:10EBD000F673C2F8543501F27C73C2F82C05C3ED0C
:10EBE000007A01F5F063DFED847AC2F83C05C3EDED
:10EBF000007A01F28473DFED817A83ED008A01F5FA
:10EC0000F163C2F84C051120C3ED007A01F28C7358
:10EC1000DFED7B7AC2F85C0505F50C70C3ED007A78
:10EC200001F5F263C2F8700505F5307083ED008AD6
:10EC300001F5F463734D83ED008A01F5F663C2F8C4
:10EC4000A45583ED008A01F5F8636F4D83ED008ACA
:10EC500001F5FA63C2F8B055903583ED008A01F5ED
:10EC6000FC63C2F8D055483583ED008A01F5FE6398
:10EC7000C2F89005483083ED008AA1F66443C2F8DB
:10EC8000E0554835C2F8643501F50063C2F86C758B
:10EC900083ED008A5D4BC2F8A005C2F8B435D833C5
:10ECA000C2F8F055C2F8C435D833C2F87C75C2F842
:10ECB000D435019B564DC2F8E435A1F69833C2F81D
:10ECC0008C75C2F8743501F50163C2F8045683ED02
:10ECD000008AA1F5D3534F4DC2F88035A1F52C63BE
:10ECE000C2F810564835C2F8843501F50263C2F8FF
:10ECF0002056112583ED008AA1F6E813C2F834E608
:10ED0000C2F8943501F50363C2F854C683ED008A56
:10ED100001F50463C2F89C7583ED008A01F5056373
:10ED2000C2F8AC7583ED008AA1F5CA53C2F8BC7570
:10ED3000C2F8C03501F50663C2F8CC7583ED008AD0
:10ED400001F50763C2F8DC7583ED008A01F50863FD
:10ED5000C2F8EC7583ED008AA1F59B63C2F83C56BE
:10ED60002925C2F8F43503F5D873C2F84466C2F811
:10ED70001436D833C2F82436274BC2F8303600F5A3
:10ED80003473C2F8403600F545732448C2F8503653
:10ED9000A433C2F86036A433C2F8640640E000BF72
:10EDA000E41C01201372B341D0C401425F295141D8
:10EDB00024A8FB4197907841BA2B6B429FABC5408A
:10EDC0001B0D73423F354E4006C1024280110120A7
:10EDD0002FDD38C1AE87114280B7803FF5F9774209
:10EDE000BEC1EBC005E37D42235BA3C1564E20426A
:10EDF0000F9CD4C1C81A012040242B4283D1C6C124
:10EE0000BFFD7642FC25012084150120D426012077
:10EE10000C2B012034170120C417012024310120BC
:10EE2000C2F8703601F50963C2F84C5683ED008ACA
:10EE3000A1F5C153C2F85C56C2F8003601F50A6369
:10EE4000C2F86C5600F5F67583ED008A01F50B6388
:10EE500001F50C6100F2EC4083ED008A04F50B63D0
:10EE600081ED008A082183ED008A04F50C63C2F865
:10EE70007C160F2183ED008A04F50D63C2F88C1611
:10EE80000C2183ED008A04F50E6483ED088A414B62
:10EE9000C2F89C160021C2F8803603F5D653C2F89A
:10EEA000FC75C2F8843683EDCC8A3B4BC2F80C76F5
:10EEB000C2F8903603F5D853C2F81C76C2F89436DF
:10EEC00083EDB88AACF5A553C2F82C76C2F8A0360B
:10EED000324BC2F8745684ED008AC2F8A406C2F818
:10EEE000D016A0F51451C2F8AC362D4B2D48C2F8FF
:10EEF000B0362D4B2D4CC2F8B4362D4BC2F8B83677
:10EF00002C4BC2F8BC362C4BC2F8C0362B4BC2F887
:10EF1000C4362B4BC2F8C8362A4BC2F8CC36DBE9D4
:10EF2000042342F823100133274ACBF81430C9F8E0
:10EF3000E42FE5F77FFC0AF2FC624FF0010323495E
:10EF400014A8116088F8203105F5A663204AC8F896
:10EF50001C310AF20C7314601E4C1F491C601F4BBD
:10EF600051604FF0854283ED008A1D4B1D4983EDB2
:10EF7000008A1D4B1491159283ED008AF4F786FBED
:10EF80001A4A1B49074819B0BDEC108BBDE8F04F79
:10EF900004F07ABF3C1A01205C1A012034410020A1
:10EFA0003C410020945100204441002000002040BA
:10EFB0004C410020544100205C4100206041002071
:10EFC0006841002070410020D05C002015AE873FD2
:10EFD000205101201E85AB3F000040C00C450020A1
:10EFE000104500200000704314450020B445002067
:10EFF0008D520000F8B52DED068BDFED349A00251B
:10F000009FED338A0646B0EE69AA0F46F0EE69AA74
:10F01000F0EE488AB0EE489A36E03B6804EB4404D0
:10F02000586E03689B68984700EB8400D0ED006A37
:10F0300090ED017AF4EE6A6AD0ED027AF1EE10FA00
:10F04000B4EE4A7A48BFF0EE66AAF1EE10FAF4EE9A
:10F05000697A48BFB0EE47AAF1EE10FAF4EE496AB9
:10F0600048BFF0EE679AF1EE10FAF4EE478A36FEEA
:10F07000899AF1EE10FAF4EE487A48BFF0EE478A2A
:10F08000F1EE10FA37FE888A3B68ACB20135586E53
:10F090000368DB6898478442BFDBB6EE006A3046FF
:10F0A00079EE2A6A38EE8A7A78EE297A66EE866AEE
:10F0B00027EE067A67EE867AC6ED006A86ED017A5B
:10F0C000C6ED027ABDEC068BF8BD00BF0050C34709
:10F0D0000050C3C72DE9F04F067B85B00D78002E98
:10F0E0008368BD4C14BF8022012203911542DFF8D2
:10F0F00000B3BA490CBF012700270195BA46B4FBFB
:10F10000F3F40023E4B20293B54B002C40F0CB8023
:10F11000477B17F0F70F69D1019D90F910C015EAF0
:10F12000020E14BF4FF001084FF0000888EA0A07EA
:10F13000BCF1FF3F0CBF002707F00107002F40F094
:10F140002F81C77B362F0FD84FEA071C51F80CE0F0
:10F1500001EB071CDEF80490DCF80C8019EA080FBC
:10F1600000F00181CEF88480002C40F0048190F9F9
:10F1700011C0BCF1FF3F14D05FFA8CFCBCF1360F1C
:10F180000FD84FEA0C1E01EB0C1C51F80EE0DCF816
:10F190000CC0DEF808E01EEA0C0F02D0029D1543F9
:10F1A0000295362F0FD84FEA071C01EB071751F8CD
:10F1B0000CC0D7F80CE0DCF8048018EA0E0F00F061
:10F1C000CE80CCF888E06EB95200D2B2002A9CD131
:10F1D00090F91130013302D0DDE902231A7005B035
:10F1E000BDE8F08F5208002A8FD1F1E70C2F6CD1C7
:10F1F00090F910707D1C19D0FFB2362F16D84FEA47
:10F20000071C019D01EB071751F80CC005EA020924
:10F21000D7F80CE0DCF8048018EA0E0F00F05A81F1
:10F22000B9F1000F00F07081CCF884E090F80FC0C5
:10F23000BCF1360F00F2DE804FEA0C1701EB0C1E1A
:10F2400051F80780DEF80C70D8F8049019EA070F1F
:10F2500000F00E81C8F88870002C40F0CE80D8F8FD
:10F2600004C0DEF80C701CEA070F00F0E880C8F854
:10F270008470002C40F0EA8090F911707D1CA2D0BF
:10F28000FFB2362F9FD84FEA071C01EB071751F842
:10F290000CC0FF68DCF808C01CEA070F93D0029D81
:10F2A000154302958FE74F4FD3F804E03F68019D67
:10F2B000ABFB077C4FEA9C4C0CFB04FC5F68A7EBA4
:10F2C0000E07BC45FAD8019522E7C77B362F0FD829
:10F2D0004FEA071C51F80CE001EB071CDEF8049024
:10F2E000DCF80C8019EA080F00F0C780CEF88480A3
:10F2F000002C40F0CA8090F910C0BCF1FF3F1BD039
:10F300005FFA8CFCBCF1360F16D84FEA0C1E019D3B
:10F3100001EB0C1C51F80EE005EA0209DCF80C8048
:10F32000DEF8045015EA080F00F0DB80B9F1000F99
:10F3300000F0F480CEF88480362F9DD84FEA071C69
:10F3400001EB071751F80CC0D7F80CE0DCF804808B
:10F3500018EA0E0F00F0AE80CCF888E08CE7BF68AA
:10F36000214D3D602FE7DCF808C0204DCCF800505F
:10F37000002C3FF4FCAE1B4D9146D3F80480D5F829
:10F3800000E0019DABFB0ECE4FEA9E4E0EFB04FE4D
:10F390005A68A2EB080CE645FAD84A460195E6E61B
:10F3A0005FFA8CFCBCF1360F00F288804FEA0C1833
:10F3B00001EB0C1C51F80880DCF80C90D8F804A084
:10F3C0001AEA090F7CD0BEF1000F00F09380BA4614
:10F3D000C8F88490B5E600BF20A10700381D0020C2
:10F3E000001000E01C4500203830010038F001001A
:10F3F00083DE1B43002C3FF43FAF4A4DD3F804801B
:10F400002F68019DABFB077E4FEA9E4E04FB0EFE6C
:10F410005F68A7EB0807BE45FAD8BCF1360F019527
:10F4200014D84FEA0C1701EB0C1E51F80780DEF8D8
:10F430000C70D8F804C01CEA070F7FF418AFDEF890
:10F440000870394D3D60002C3FF416AF354DD3F8B0
:10F4500004E02F68019DABFB077C4FEA9C4C04FB4A
:10F460000CFC5F68A7EB0E07BC45FAD8019503E7D3
:10F47000DEF808702D4D3D60EEE6DCF808C02A4D40
:10F48000CCF80050002C3FF436AF264D9146D3F80F
:10F490000480D5F800E0019DABFB0ECE4FEA9E4EF6
:10F4A0000EFB04FE5A68A2EB080CE645FAD84A4661
:10F4B000019520E7BF681D4D3D60DDE6C24640E690
:10F4C000BEF1000F1AD0DCF808C0BA46164DCCF8D1
:10F4D000005036E6BF68B9F1000F18D0124D3D60FC
:10F4E000A4E6DCF808C0B9F1000F13D00E4DCCF83B
:10F4F000005021E7F246C8F8889022E6DCF8087050
:10F50000F2460A4D3D601CE6CCF888E08EE6074DD9
:10F510003D608BE6054DCCF800500DE7CEF88880B5
:10F520000AE700BF1C45002038F001003830010018
:10F5300030B405680DB930BCCCE50A462B6840F202
:10F5400001210124196111785966186F114680074D
:10F5500015D45B6F013C01F8013B0A462B685869E2
:10F56000C007F2D54CB1144429680B6F9B07FCD43B
:10F570004B6F02F8013BA242F6D130BC704759698B
:10F58000C907E2D5EEE700BF10B472B602684B4976
:10F5900022B190F804C0BCF10F0F53D90B8813F0BF
:10F5A000010C27D09C0723D55A0757D51C0758D5DF
:10F5B000DA0659D59C065AD55A065BD51C065CD589
:10F5C000DA055DD59C055ED55A055FD51C0560D56D
:10F5D000DA0461D59C0462D55A0463D5DA0B64D091
:10F5E00062B600221023026003715DF8044B70477D
:10F5F0004FF0010C012202FA0CF213430B8062B6A9
:10F600002F4A5FFA8CF10171D36F43F0C003D367C7
:10F61000A2F5A03240F2824313602A4B91766344F4
:10F62000917711765B01D1775DF8044B03609FED14
:10F63000217B83ED007B83ED027B83ED047B83EDF7
:10F64000067B70470B8843FA0CF4E407A7D51D4CE2
:10F650006444B2EB441FA2D162B6C6E74FF0020C7D
:10F66000C8E74FF0030CC5E74FF0040CC2E74FF0BA
:10F67000050CBFE74FF0060CBCE74FF0070CB9E7ED
:10F680004FF0080CB6E74FF0090CB3E74FF00A0C47
:10F69000B0E74FF00B0CADE74FF00C0CAAE74FF0C2
:10F6A0000D0CA7E74FF00E0CA4E74FF00F0CA1E7ED
:10F6B000AFF300800000000000000000A03B01202C
:10F6C00000C00F40807400022DE9F04F83B001901C
:10F6D000806808B106F05AFF019B5B68002B00F0C0
:10F6E000F18053F8042C02EBC20203EB8202934236
:10F6F000009200F0DF80009B53F81C0C243B009329
:10F7000008B106F043FF009B5B68002B00F0CC8043
:10F7100053F8042C02EBC20203EB82094B4500F0C4
:10F72000BF8059F81C0CA9F1240908B106F02EFF7E
:10F73000D9F80430002B00F0AE8053F8042C02EB13
:10F74000C20203EB8208434500F0A18058F81C0C6C
:10F75000A8F1240808B106F019FFD8F80430002BEE
:10F7600000F0908053F8047C07EBC70703EB870792
:10F77000BB4200F0838057F81C0C243F08B106F010
:10F7800005FF7B68002B74D053F8046C06EBC606AB
:10F7900003EB8606B34268D056F81C0C243E08B131
:10F7A00006F0F4FE7368002B5CD053F8045C05EBA4
:10F7B000C50503EB8505AB4250D055F81C0C243D24
:10F7C00008B106F0E3FE6B68002B44D053F8044CFC
:10F7D00004EBC40403EB8404A34238D054F81C0C9B
:10F7E000243C08B106F0D2FE62686AB352F8043CC9
:10F7F00003EBC30302EB830B5A4521D05BF81C0CCF
:10F80000ABF1240B08B106F0C1FEDBF80420A2B175
:10F8100052F8040C00EBC00002EB800A524508D0FD
:10F82000AAF1240A5046FFF74FFFDBF804205245A7
:10F83000F6D1AAF1080006F0A9FE62685A45DDD1AA
:10F84000ABF1080006F0A2FE6B68A342C6D1A4F19A
:10F85000080006F09BFE7368AB42AED1A5F108002C
:10F8600006F094FE7B68B34296D1A6F1080006F03C
:10F870008DFED8F80430BB427FF47DAFA7F10800BD
:10F8800006F084FED9F8043043457FF45FAFA8F159
:10F89000080006F07BFE009B5B684B457FF441AFA0
:10F8A000A9F1080006F072FE019B009A5B68934282
:10F8B0007FF421AF009BA3F1080003B0BDE8F04F37
:10F8C00006F064BE03B0BDE8F08F00BF00234FF028
:10F8D0007E52DFED517A30B52DED068B026095B08A
:10F8E0004360044683600D46C3604B7BD1ED008AC4
:10F8F00091ED019A012B91ED028A68EEA78A29EE1B
:10F90000279A28EE278A05D1F0EE687AF0EE488A29
:10F91000B0EE678AF6EE00AA68EEAA8A29EE2A9A65
:10F9200028EE2A8AB0EE680A04F000FEB0EE40AA83
:10F93000B0EE490A04F0FAFDF0EE409AB0EE480A43
:10F9400004F0F4FDF0EE407AB0EE680AF0EE678A5B
:10F9500004F0F0FEF0EE407AB0EE490AB0EE679A9D
:10F9600004F0E8FEF0EE407AB0EE480AB0EE678AA6
:10F9700004F0E0FE00232A7B8DED009A8DED01AAB4
:10F98000029303938DED048A0593CDED069A0793B8
:10F990008DED080A09930A93CDED0B8A052A1BD831
:10F9A000DFE802F01A282F3203216A4608A90CA8C2
:10F9B000F1F72CF904AA0CA910A8F1F727F910986F
:10F9C0001199129A139B206020466160A260E36047
:10F9D00015B0BDEC068B30BD04AA69460CA8F1F742
:10F9E00015F908AAE7E704AA08A90CA8F1F70EF987
:10F9F0006A46E0E708AA69460CA8F1F707F904AAE5
:10FA0000D9E76A4604A9E9E708AA04A90CA8F1F70E
:10FA1000FDF86A46CFE700BF35FA8E3C2DE9F0438A
:10FA20002DED0C8BDFEDBDAA97B000250646B0EE9C
:10FA30006A9A0C46F0EE6A8A14E0236807EB4707DF
:10FA4000586E03689B68984700EB8700D0ED006A0A
:10FA500090ED017AD0ED027A78EEA68A39EE079A17
:10FA60007AEEA7AA2368AFB20135586E0368DB6847
:10FA700098478742E1DB07EE907ADFEDA89A0027EE
:10FA8000F8EE677AB0EE69AAF0EE69BA88EEA78A56
:10FA9000B0EE69BAC9EE278AB0EE69CA8AEEA79AB3
:10FAA000F0EE69AA20E0236805EB4505586E03686F
:10FAB0009B68984700EB8500D0ED006A90ED017AD5
:10FAC000D0ED027A76EEC86A37EE687A77EEC97AB8
:10FAD000A6EEA6CAE6EE87AAA6EEA7BAE7EE07BA92
:10FAE000A7EE27AAE7EEA79A2368BDB20137586EA2
:10FAF0000368DB6898478542D5DB2AEE4ADA6BEE6D
:10FB00004BCA6AEEEA7AABEEA9DAECEE29CAECEE61
:10FB10002B7AB4EEECDAF1EE10FA40F35782B4EE41
:10FB200067DA0023F1EE10FA7DFE277AF5EEC07A4F
:10FB3000F1EE10FA40F2578237EECD7ADFED706ABF
:10FB4000B0EEC77AB4EEE67AF1EE10FA40F18E82AA
:10FB500069EEEACA6BEECB9AEBEE0ACAEAEE8A9A33
:10FB60002CEEAC0AADEE0D0AA9EEA90AB5EE400ADC
:10FB7000F1EE10FA00F1C682B1EEC07A9FED606A34
:10FB8000F7EE006A77EE667AF0EEE77AF4EEC67A80
:10FB9000F1EE10FA40F131829FED607A9FED596AE3
:10FBA0006DEE076A2CEE877A77EE267A77EEA97AE1
:10FBB000F4EEC67AF1EE10FA00F184829FED526AFB
:10FBC000F4EEC67AF1EE10FA40F328829FED537AF4
:10FBD000F7EE007AF0EE476AB0EE476A4B4B0FAF94
:10FBE000B26B0DF11C0839460BA811921A88CDEDA5
:10FBF000077AADF848205A688DED086A13929A6822
:10FC0000DB68149215930023CDED096A8DED0A7A15
:10FC10000F931093FFF75AFE0BAA414603A8F0F783
:10FC2000F5FF96ED0CAA214696ED0A7A6846D6EDC8
:10FC30000D9A4FF00009D6ED0B7A3AEE47AA79EE0D
:10FC4000E79AFFF7D7F9039B0F93049B1093059B4B
:10FC50001193069B129335E0236805EB4505586E1A
:10FC600003689B68984703464246394603EB850381
:10FC70000BA8AD00D3ED016A93ED027AD3ED007AC3
:10FC800076EEE86A37EE497A77EEC87ACDED086A03
:10FC90008DED097ACDED077AF1F72AF821680D9BF1
:10FCA000486E0C9ADDF82CC00993036808929B6893
:10FCB000CDF81CC098470799089A2844099B016011
:10FCC0004260836023681FFA89F509F10109586EC3
:10FCD0000368DB6898478542BEDB21463846FFF75C
:10FCE00089F9DDED0FBA9DED10BA4FF00009DDED99
:10FCF00011AACDED00BA8DED01BACDED02AA32E028
:10FD00006F12833AEFFF7FBFEFFF7F3F005101206B
:10FD10000050C3470050C3C700007A4300000000F2
:10FD2000236805EB4505586E03689B689847236870
:10FD30005A6E00EB8503AD0093ED009A1046D3EDAB
:10FD4000018A93ED028A39EE6B9A116878EECB8ABC
:10FD500038EE6A8A8B689847284480ED009AC0ED97
:10FD6000018A80ED028A23681FFA89F509F10109E9
:10FD7000586E0368DB6898478542D1DB1FED1CBADB
:10FD80004FF000091FED1D9AF0EE4BBAF0EE49AAB4
:10FD900035E0236805EB4505586E03689B68984776
:10FDA000226800EB8503506EAD00D3ED008A93ED21
:10FDB000018AF4EE6B8A026893ED02CA9368F1EE51
:10FDC00010FAB4EE4B8A48BFF0EE68BAF1EE10FAC2
:10FDD000F4EE6A8A48BFB0EE48BAF1EE10FAB4EE1B
:10FDE000498A78FEAAAAF1EE10FA38FE099A9847D5
:10FDF0002844C0ED008A80ED018A80ED02CA2368A4
:10FE00001FFA89F509F10109586E0368DB68984704
:10FE10008542BEDB96ED0F7A79EE4B7A33787AEE37
:10FE2000EBAA7AEE478A39EEC78A092B88EEAA9A9E
:10FE3000C8EE279A2BD096ED106AD6ED116AB4EE73
:10FE4000E99AB6EE007AF1EE10FA58BFB0EE699A70
:10FE500029EE069AF4EE499AE9EE6A8AF1EE10FA72
:10FE600079FE299A69EEA69A68EE878AA9EEE78A52
:10FE700028EE078A082B0AD8DFE813F00D00A5004A
:10FE80002D019B0009009900A000A3009E001FED1A
:10FE90005D8AF0EE488A5FED606A06F1040996ED2E
:10FEA000066A4046D6ED097A3A461FED64AA4946ED
:10FEB000E6EE267A96ED055AB0EE4A6A96ED087A95
:10FEC000D6ED075A4FF00008A5EE267AA5EEA66AF1
:10FED000CDED107A8DED0F7A8DED116AEFF7E2FC22
:10FEE00055E0236805EB4505586E03689B68984705
:10FEF000034696F848C00BAA03EB850349463846EB
:10FF0000AD0093ED007AD3ED017AD3ED026A29EECC
:10FF1000077A69EEA77A76EE8A6ABCF1000F01D003
:10FF2000B1EE477A96F8493037EE287A0BB1F1EE08
:10FF3000677A77EE887ACDED0D6A8DED0B7ACDED8F
:10FF40000C7AEFF7AFFC23689DED0F6ADDED106AC8
:10FF5000DDED117A9DED085ADDED095A9DED077A28
:10FF600076EE856A586E77EEA57A37EE067A0368E4
:10FF70009B68CDED0C6A8DED0B7ACDED0D7A98472F
:10FF80000B990C9A28440D9B0160426083602368A2
:10FF90001FFA88F508F10108586E0368DB68984776
:10FFA00085429EDB17B0BDEC0C8BBDE8F083F1EE13
:10FFB000688A1FEDA68A6EE7F1EE688AB1EE488A7C
:10FFC00069E7B1EE488A5FEDAB8A64E7F4EE67CA91
:10FFD0000023F1EE10FA7CFEA77AF5EEC07AF1EE7E
:10FFE00010FA3FF6A9AD4FF07E520FAF0DF11C088D
:10FFF000049305930693039213E65FEDB87AB4EE8B
:02000004600298
:10000000677AF1EE10FA47D1F0EE66CAF0EE679A21
:10001000B0EE677AB0EE67DAF0EE676A1FEDC16A9C
:10002000F7EE005A37EE66AAD9EE86CAA9EEC6DA0E
:1000300077EEA59A2CEEAC0AA9EEA90AADEE0D0A50
:10004000AAEE0A0AB4EE460AF1EE10FA55D4F1EE21
:10005000C07AF7EE006A86EEA77A69EE877A27EE15
:100060002C6A67EE0D6A27EE0A7AB7E577EEEC7A2E
:10007000F0EEE77AF4EEE67AF1EE10FA2ED569EEBC
:10008000EA9A6AEE4C7AEBEE0A9AEAEE8B7AB0EED6
:1000900069DAF0EE679A63E58DEE07DA9FED1C6A88
:1000A000CCEE87CAC9EE879A6DEE276A2CEEA77A46
:1000B00077EE267A77EEA97AF4EEC67AF1EE10FAA8
:1000C0007FF57CAD9FED137ADFED136AB0EE476AE2
:1000D000DFED127A82E5F1EE688ADCE66BEECBBAF0
:1000E0002AEE4CCAF0EE4D9AEAEE8ABAAAEE8BCA14
:1000F000B0EE6BDAF0EE4CCA32E503F0FBFEF0EE48
:10010000407AA6E703F0F6FEB0EE407A36E500BF8F
:10011000EFFF7FBF00000000698FE0BCD8F97F3F90
:100120002DE9F04F2DED108BB7B08346047F02AF61
:10013000002C00F0C4800026BB4B2425BB4C9FED57
:10014000BC8AB146DFF8F0A2DFF8F4827B6382E07C
:10015000DBF820007A6B0368DB69934240F089800A
:1001600040F23B20814580F08880DBF800309B69BD
:10017000A34240F09680DBF820100B681FFA89F24A
:1001800007F160009B6808EE902A9847DAF8102083
:10019000DBF804301268D3ED095A916E07F1800242
:1001A000D3ED0A7A93ED086A07F19003D7ED196A47
:1001B00077EE887A97ED187A086876EEA56A37EEBA
:1001C000067A0068C7ED1D6A064687ED1C7AC7ED02
:1001D0001E7A07F1540087ED248A87ED258A87ED82
:1001E000268A87ED208A87ED218A87ED228A009270
:1001F00007F17002B047DBF800309B69A34246D19B
:10020000DBF8200003681B69434546D1284497F872
:1002100054300370DBF800309B69A3424CD1DBF80B
:10022000200003681B69434542D1284497F85530A4
:100230004370DBF800309B69A34236D1DBF8200025
:1002400003681B6943451ED1284497F8563009F1CD
:10025000010903358370DBF800309B69A3423FF44A
:1002600077AF5846984703687A6BDB6993423FF44F
:1002700077AF98478145FFF478AFD437BD46BDECE2
:10028000108BBDE8F08F18EE901A9847DDE75846BE
:10029000984703681B694345B8D018EE901A9847F1
:1002A000B5E758469847014667E758469847C7E775
:1002B00018EE901A9847B9E758469847B1E7D0E941
:1002C0000123C7F808D0586899681D68DB6850603A
:1002D00007F18000916002F11001D3601560F0F722
:1002E00095FCDBF80C3007F1700207F180013B67E9
:1002F00007F19000DBF810307B67DBF81430BB6748
:10030000DBF81830FB67F0F781FC4A4B5946D7F809
:10031000902007F138001A60D7F894205A60D7F877
:1003200098209A60D7F89C20DA60DBF800301B68D0
:100330009847DBF80030594607F140005B68984762
:1003400097ED0E5AD7ED0F5A002397ED106AF6EE8F
:10035000004AD7ED116A36EE057AC7F8903076EE8E
:10036000A57AC7F89430C7F89830C7F89C3027EEC4
:10037000247AC7F8A03067EEA47AC7F8A4302E4BD1
:10038000C7F8B040197D87ED2D5AC7ED2E5A87ED7D
:100390002F6AC7ED306A87ED317AC7ED327AA7F858
:1003A000CC40C7E92A44002900F0048601252246F2
:1003B000214B1B6953F8223093F86C20002A40F03F
:1003C000C7820134E2B29142F2D86C2305FB03F3F9
:1003D000073323F00703ADEB030D6B1E02AABA62CD
:1003E000BDB16C22BC6AA01802FB030023460022A8
:1003F00000241A606C3343F8382C43F8342C43F84B
:10040000302C43F82C2C03F8084C43F8042C984269
:10041000EFD1002900F024830023DFED08BAD9468C
:10042000C7E9033315E000BF7D020000B1040000FE
:100430000000000090930120945100206F12833A35
:10044000E5050000FB680133FB60DBB2994240F236
:100450000683074A126952F823209B003B6392F8F7
:100460006C307A63002BEDD04FF0000A97E000BFAC
:1004700094510020B4EECA9AF1EE10FAB4EECB9A81
:100480007AFE097AF1EE10FAF4EEE9AA54BFB0EE62
:10049000497AB0EE4B7AF1EE10FA40F31B82F4EE9B
:1004A000E98AF1EE10FAF4EEEA8A39FEA86AF1EE72
:1004B00010FA54BFF0EE686AF0EE6A6A6C23F96ACB
:1004C000BC6A002003FB01F1D7ED2F5A0C440B4608
:1004D000796AF4EEE57A62643433E062F1EE10FAA0
:1004E0002063C4ED00FA84ED01AAC4ED029A84ED04
:1004F00003BAC4ED04AA84ED059AC4ED068AC4EDDE
:1005000007EA84ED08EAC4ED09DA84ED0ADAC4EDFD
:100510000D7A84ED0E6A84ED0F7AC4ED106AC4E999
:100520001215396A84F86410B969A165F969C4E9DA
:100530001486E1657969BA6A2166134484ED1AFA72
:1005400029D5D7ED2D7AF4EEC77AF1EE10FA22D53F
:1005500093ED017AD7ED307AB4EEE77AF1EE10FA46
:1005600019D5D7ED2E7AF4EEE76AF1EE10FA12DD26
:10057000B7F8A860B7F8AA50AE4200F0C281B7F849
:10058000CC20D7F8B030013243F826400136A7F826
:10059000CC20A7F8A8600AF101031FFA83FA7B6B4D
:1005A000586E3B6953449BB2FB6203685B68984793
:1005B000824580F2DB81E44E4FEA8A183A6B336958
:1005C000D9F804409B58586ED9F80C303B66D9F8DE
:1005D00010307B66D9F81430BB66D9F81830FB664A
:1005E00003681B6998473A6B336900EB8A1B054621
:1005F0009B589BF83C207B639B6E3A627B6242B1C6
:10060000DBF80C30BB61DBF81030FB61DBF8143039
:100610007B6104F11006224607F180003146F0F7B5
:10062000F5FA07F1600207F1800107F17000F0F7B9
:10063000EDFA55F8085094ED095A07F17001D4ED20
:100640000A5A07F1480094ED086A07F15402D5ED03
:10065000016A95ED027AD5ED007A76EEC56A37EE3D
:10066000657A77EEC67AC7ED166A87ED177AC7ED19
:10067000157AF0F73DFB94ED0B7A3146D4ED0C7A08
:10068000224697ED12AA07F18000D7ED139A2AEEC1
:1006900007AAD4ED0DCA69EEA79A97ED14DAF0F720
:1006A000B5FA07F1600207F1800107F17000F0F779
:1006B000ADFADBF8048094ED095A07F15402D4ED49
:1006C0000A5A07F1700194ED086A07F14800D8ED65
:1006D000016A98ED027AD8ED007A76EEC56A37EEB7
:1006E000657A77EEC67AC7ED166A87ED177AC7ED99
:1006F000157AF0F7FDFA94ED0B6A3146D4ED0C6AE9
:10070000224697ED147A07F18000D4ED0D7A97ED2B
:1007100012BAD7ED13AA27EE27CA2BEE06BA6AEE55
:10072000A6AAF0F773FA07F1600207F1800107F15A
:100730007000F0F76BFADBF8086094ED095A07F1E6
:100740005402D4ED0A5A07F1480094ED086A07F103
:100750007001D6ED016A96ED027AD6ED007A76EE5A
:10076000C56A37EE657A77EEC67AC7ED166A87ED09
:10077000177AC7ED157AF0F7BBFAD5ED027A3AEEA3
:10078000E9EA98ED028A7BEE4AEAD5ED006A0BF1C0
:10079000300238EE678A95ED017AD8ED004A98ED7F
:1007A000015A94ED0B6A74EEE64AD4ED0C7A35EEFC
:1007B000475A94ED0D4A97ED129AD7ED138AD7ED6B
:1007C000143A29EE069A8BED088A68EEA78A95ED11
:1007D000027AD6ED026A79EE4ADACBED064A76EE77
:1007E000C76AD6ED005AB0EE4C7AD5ED002A8BEDF3
:1007F000075A6DEECE7A96ED016A75EEE25A95EDE6
:10080000013AADEE2C7A64EEE6CACBED0B6A36EE19
:10081000436ACBED095A25EE65CAE5EE88CA28EE93
:10082000468A8BED0A6AA6EE24CA38EEE9DAA6EE0D
:10083000858AA3EE847A2CEEAC0AEEEE8D7AF0EE89
:10084000084AB7EE005AA8EE080A87EE24FAACEE82
:100850000C0AC5EE27FAB5EE400AF1EE10FA00F1E7
:10086000EE83B1EEC07AF7EE006A77EE667AF0EECC
:10087000E77AF4EEEB7AF1EE10FA0AD4B5EE407AAC
:10088000F1EE10FA36D088EE078ACCEE87CA8CEEED
:1008900007CA8BED0C8ACBED0DCA8BED0ECAB4EEF8
:1008A000CABAF1EE10FA3FF7E5ADB4EECB9AF1EE2D
:1008B00010FAB4EECA9A7BFE097AF1EE10FAF4EE61
:1008C000E9AA54BFB0EE497AB0EE4A7AF1EE10FAD6
:1008D0003FF7E5ADF4EEEA8AF1EE10FAF4EEE98ABC
:1008E0003AFEA86AF1EE10FA54BFF0EE686AF0EE34
:1008F000696AE3E59FED15CAF0EE66CAB0EE4C8A70
:10090000C7E7002E37D1D7F8B0304FF008082020C5
:10091000FB6205F033FEC7F8B000002340F8253035
:100920000135ADB2A845F9D8FB6A4BB1184605F0C0
:100930002DFE054B3A6B1B69B7F8A8609B587B638B
:10094000A7F8AA801BE600BF945100200000000019
:10095000586E013403685B689847C34BE2B2284481
:10096000197D85B291423FF623AD2EE5FB6A3B61CE
:10097000BD4B197D66E54FEA4608D7F8B0501FFA1F
:1009800088F8FD624FEA880005F0F8FDC7F8B0006E
:10099000B8F1000FC8D04645B646C5F30202294655
:1009A00028BFC646BEF1080F94BF00230123002ACA
:1009B00018BF0023002B00F07D812B1DC31A082BCC
:1009C00040F27881BEF1000F00F1200C00F110021E
:1009D00001F1100114BF734601231D467B62A34B36
:1009E000AD08013DADB20CEB051C1D0C03F1040B71
:1009F0001032002310316BF30F03944505F1040B03
:100A000005F1010511ED086B11ED067B6BF31F433A
:100A1000ADB202ED086B02ED067BE6D1796A21F0FA
:100A200003028A4293B216D05D1CF96AADB251F846
:100A30002320754540F823200DD251F8252040F899
:100A400025209D1CADB2754505D251F825200333F4
:100A500040F825209DB2A8453FF65FAF64E7CB463E
:100A6000002107F1A800F2F723F8814B814C002503
:100A70009A46DBF800309FED808AAEB29B69DFEDCD
:100A80007F8AA3429FED7E9ADFF8F88140F0D580FF
:100A9000DBF820000368DB69534540F0D58040F265
:100AA0003B20B04240F2D480DBF800309B69A34287
:100AB00040F0EA80DBF820100B68324607F1800036
:100AC0009B689847D7F8AC30D7ED207AD7ED214A0C
:100AD000002B00F0338293ED037AB4EEE77AF1EE67
:100AE00010FA15D893ED057AB4EEE77AF1EE10FA24
:100AF0000EDB93ED047AB4EEE47AF1EE10FA07D847
:100B000093ED067AB4EEE47AF1EE10FA80F2DF802B
:100B100093ED0C7AF4EEC77AF1EE10FA15DB93ED53
:100B20000E7AB4EEE77AF1EE10FA0EDB93ED0D7A61
:100B3000B4EEE47AF1EE10FA07D893ED0F7AF4EE02
:100B4000C74AF1EE10FA40F2758193ED157AB4EED2
:100B5000E77AF1EE10FA15D893ED177AB4EEE77A4A
:100B6000F1EE10FA0EDB93ED167AF4EEC74AF1EED1
:100B700010FA07DB93ED187AF4EEC74AF1EE10FA9B
:100B800040F25B8193ED1E7AF4EEC77AF1EE10FA33
:100B900015DB93ED207AF4EEC77AF1EE10FA0ED859
:100BA00093ED1F7AB4EEE47AF1EE10FA07D893EDE4
:100BB000217AB4EEE47AF1EE10FA80F24181DBF8AA
:100BC00000309B69A34272D1DBF8200003681B69E7
:100BD000434569D1ABB203EB4303243318440023EC
:100BE0000370DBF800309B69A3425AD1DBF8200088
:100BF00003681B69434551D1ABB203EB4303243374
:100C0000184400234370DBF800309B69A34242D1B3
:100C1000DBF8200003681B69434539D1ABB203EB15
:100C200043032433184400238370DBF8003001357C
:100C30009B69AEB2A3423FF42BAF58469847036876
:100C4000DB6953453FF42BAF9847B0423FF62CAFDA
:100C500007F1A800FEF738FDD7F808D0D437BD4615
:100C6000BDEC108BBDE8F08F945100200200030012
:100C70007D020000B104000000000000FFFF7F7F44
:100C80006F12833AE505000058469847014613E77E
:100C900031469847C7E758469847BBE731469847DB
:100CA000AFE758469847A3E73146984797E7584635
:100CB00098478BE7FB6A00251A1F031F013552F87E
:100CC000041FADB243F8041F7545F7D3C3E61A46B7
:100CD0005368002B7FF4FFAE108800283FF46FAFFD
:100CE000D2F808C04FF00009F7EE002AF0EE481ADB
:100CF000ACF10401B0EE482ACE46B0EE481A4A469E
:100D0000B0EE684A02E00132904251D051F8043FFF
:100D100093ED1A6AB4EEC64AF1EE10FAF3DDD3EDA4
:100D2000026A93ED015A74EEE66A93ED097A37EEA2
:100D3000C55AD3ED0A3AD3ED005A27EE667AA5EEEE
:100D4000237A27EE257AB5EEC07AF1EE10FADAD4DE
:100D500093ED073AD3ED083A66EE836AE5EE636AEF
:100D600065EEA65AF5EEC05AF1EE10FACBD4B4EE09
:100D7000E27AF1EE10FAC6DCF4EEE25AF1EE10FA85
:100D8000C1DC72EEC76A76EEE56AF5EEC06AF1EE96
:100D900010FAB8DB96460132F0EE651A4FF0010901
:100DA0009042B0EE472AB0EE661AB0EE464AADD198
:100DB000B9F1000F47D1DBF800304A46C7F834904C
:100DC0009B69A34240F09680DBF8200003681B6912
:100DD000434540F09880ABB203EB430324331844FF
:100DE0000270DBF800309B69A34240F09780DBF88B
:100DF000200003681B69434540F09780ABB203EBCA
:100E00004303243318447B6B4370DBF800309B6949
:100E1000A34240F09080DBF8200003681B69434543
:100E200040F08680ABB203EB43032433184480F8D0
:100E30000290FAE603F124024AE703F1480247E789
:100E400003F16C0244E75CF82E301A6D92ED017AE2
:100E5000D2ED027AD2ED006A22EE077ADA6C62EE07
:100E6000277A62EE266A92ED005AD2ED015A92ED8F
:100E7000026AE5EE016AA5EE817A5A6DE6EE017A24
:100E800092ED005AD2ED015A92ED026AE5EE216A26
:100E900093F86420A5EEA17AE6EE217AC7ED1C6AEC
:100EA00087ED1D7AC7ED1E7A002A4AD1F0EE487A06
:100EB000B0EE487A07F16000D3E911310A68D2F840
:100EC000009007F1800287ED207AC7ED217A87ED47
:100ED000228A009207F17002C84797F8613097F8AC
:100EE00060207B63DBF8003097F862909B69A34237
:100EF0003FF46AAF3A635846984703683A6B1B69F8
:100F000043453FF468AF3A63314698473A6B027005
:100F1000DBF800309B69A3423FF469AF584698471D
:100F200003681B6943453FF469AF314698476AE758
:100F3000314698477BE7584698476EE707F1A80285
:100F4000CAE6F7EE007A9A6D71EE677AF0EEE77A0C
:100F5000F4EEC97AF1EE10FA52D592ED006A92EDF4
:100F6000011AF7EE007ADA6D72EE677AF0EEE77A40
:100F7000F4EEC97AF1EE10FA32D592ED007AD2EDA4
:100F8000017AF7EE006A1A6E37EE067A77EE817A0A
:100F900071EEE66AF0EEE66AF4EEC96AF1EE10FA76
:100FA0000ED5D2ED006AD2ED011A37EE267A77EE31
:100FB000A17A7FE79CB00B4602AABA62FFF711BA8A
:100FC000F0EEE16AF4EEC96AF1EE10FA28D4D2ED3F
:100FD000006A92ED016A61EEA66A61EE861AE4E7A4
:100FE000F0EEC27AF4EEC97AF1EE10FA22D492ED64
:100FF000007AD2ED017A22EE077A62EE277AC0E714
:10100000F0EEC17AF4EEC97AF1EE10FA0DD492ED59
:10101000006AD2ED017A21EE066A21EE271AA0E7D6
:10102000F0EE481AF0EE486ABFE7B0EE481AB0EEAC
:10103000486A96E7F0EE487AB0EE487AA1E77A601F
:1010400002F058FF7A68B0EE407A0CE4BA4B30B543
:101050001B7803F01F02052A09D803F00703013BA0
:10106000042B2AD8DFE803F0424B55243800063A17
:101070000C124FEA214E172A00F25881DFE812F0D5
:101080000601FF00F000E1004F005101490141015C
:101090003A012A011D010D01B000A9009E00900037
:1010A000830076006F006800D500D100C500B7004E
:1010B000A24B03EA012343EA2141A14B00EB40008C
:1010C0004FEA214E1A684FEA212C131802F800E06B
:1010D00083F801C0997030BD0A0401F47F4302F423
:1010E0007F0243EA214342EA0301E6E70B02C1F330
:1010F000072201F47F019BB213431943DDE70B0282
:101100000A1203F47F03C9B202F47F421343194366
:10111000D3E70B0403F47F0343EA2121CDE7894D94
:10112000C1F3072E00230D4045EA01654FEA156C17
:10113000C5F30745002282496CF30702096865F38D
:101140000F226EF3174263F31F6241F8202030BD77
:101150005FFA8EFC4FF0000ECDB2E3B2EAE75FFA21
:101160008EFC4FF0000EE5B2CBB2E3E74EEA01652C
:1011700001F47F432B434FEA156CC5F30745C3F3D6
:10118000072EDBB2D6E7E3B243EA0E2343EA01635C
:101190004FEA136CC3F30745C3F3072EDBB2C9E76D
:1011A0000B029BB243EA046343EA0E034FEA136C5B
:1011B000C3F30745C3F3072EDBB2BBE72206CBB26E
:1011C00042EA0E2E4FEA1E6CCEF30745CEF3072EF1
:1011D000B0E75FFA8EFC00255FFA81FEE3B2A9E773
:1011E0005FFA8EFC0025C1F3072ECBB2A2E72204E2
:1011F0004EEA016302F47F024FEA136C1343C3F318
:101200000745C3F3072EDBB294E74E4DE3B24FF030
:10121000000E0D4045EA01654FEA156CC5F3074520
:1012200088E70B0403F47F03BCE721F47F434FF00E
:10123000000E43EA04634FEA136CC3F30745DBB2C5
:1012400078E70B0403F47F0343EA046343EA0E23C5
:101250004FEA136CC3F30745C3F3072EDBB269E70C
:101260000B02384A9BB20A4043EA046313434FEA35
:10127000136CC3F30745C3F3072EDBB25AE75FFADB
:101280008EFC0023CDB2C1F3072E53E75FFA8EFC2C
:101290000023E5B25FFA81FE4CE70B0401F47F41C5
:1012A0004FF0000C41EA0E0103F47F030B43C3F33C
:1012B0000745C3F3072EDBB23CE70A044FF0000CEE
:1012C000E3B202F47F0242EA0E2ECEF30745CEF3DC
:1012D000072E2FE70B0222049BB202F47F0243EA9F
:1012E0000E0313434FF0000CC3F30745C3F3072E5F
:1012F000DBB21FE7CBB2220443EA0E2302F47F02E3
:10130000EFE7C1F307455FFA81FEE3B24FF0000C4F
:1013100010E7C1F30745C1F3072ECBB24FF0000C25
:1013200008E7CBB21B0443EA01638FE700239E4624
:101330001D469C46FEE600BF5493012000FFFF00BF
:10134000509301200000FFFF2DE9F04F89B0079373
:10135000C36805909A4200F24481037844685B00B8
:1013600084F8A53040F20113A4F82F310023F5F7DB
:10137000FDFC0690002800F03481129B002B00F049
:1013800032814FF0000B0599129ACB68A2EB0B0249
:101390004D680C789A421646284628BF1E46129B76
:1013A0009B1B0496F6B25B4501938CBF002301237F
:1013B0000293F4F78FFD002800F010814FF0000336
:1013C0006400012E4FF0000AE4B2A5F8A23040F20A
:1013D000014338BF0126DFF84483BAF1020F44EA23
:1013E0000303D8F8009003932B6931D9544695F83C
:1013F000A320872A4FD959690A0500F1B28011F458
:10140000105F40F07E81D8F80020A2EB0902322A5A
:1014100000F27781022C95F8A30094BF00270127E2
:10142000B0420AD34FB1D86D400706D18A0500F10A
:101430009C80029A002A00F09880F1F7A7FEBAF18A
:10144000020F00F24C81A2462B69BAF1020FCDD8EF
:10145000DA6D500702F00701C8D4701E544651449B
:10146000039F40F4807044B91F6601340A1B032AAD
:10147000BDD8022CBBD8002CF6D0012C00F0358151
:10148000019A5A4502D84FF400721A6695F8A320C3
:101490000324872AAFD8D96D11F4E02FC1F302409D
:1014A000A9D0511C1F6F05EB020C0128C9B285F8A9
:1014B000A3108CF81A709ED088299CD002F1020CDF
:1014C0001F6F294402285FFA8CFC85F8A3C08F7631
:1014D00091D0BCF1880F8ED0D11C1F6FAC44032873
:1014E000C9B285F8A3108CF81A7084D0882982D0EC
:1014F00002F1040C1F6F294404285FFA8CFC85F864
:10150000A3C08F763FF477AFBCF1880F3FF473AF81
:10151000511D1F6FAC440538C9B285F8A3108CF873
:101520001A703FF468AF88293FF465AF02F1060CEA
:101530001F6F294401285FFA8CFC85F8A3C08F76C1
:101540003FF459AFBCF1880F3FF455AF196F073224
:10155000AC4485F8A3208CF81A1059690A057FF568
:101560004EAF1A6942F440721A61DA6D12F4E02F3C
:1015700003D01A6942F400721A6195F8A330049AF4
:101580009A422ED1002A00F0B280059B5D680024AB
:101590002846079F2646DDE9045817E090F8A23058
:1015A00090F8A3209A4203F10102034440F2B18073
:1015B00080F8A220987E01343E44A4B206F80B00C5
:1015C000A542264640F29380D8F804000368524AA8
:1015D0005B699342E2D09847C0B2ECE7049B042BCE
:1015E000D5D000230693069809B0BDE8F08FD96DD9
:1015F00011F4E02FC1F3024053D0511CD3F870C056
:10160000AC180128C9B285F8A31084F81AC048D0D4
:10161000882946D0941CD3F870C029440228E4B22B
:1016200085F8A34081F81AC03BD0882C39D0D11C52
:10163000D3F870C02C440328C9B285F8A31084F8ED
:101640001AC02ED088292CD0141DD3F870C029447C
:101650000428E4B285F8A34081F81AC021D0882C70
:101660001FD0511DD3F870C02C440538C9B285F87D
:10167000A31084F81AC014D0882912D0941DD3F86E
:1016800070C029440128E4B285F8A34081F81AC04B
:1016900007D0882C05D0196F07322C4485F8A32079
:1016A000A17659690C053FF55CAF11F4105F28D1A4
:1016B000D8F80020A2EB0902322A22D895F8A320FC
:1016C000B2420AD34FB1DA6D500706D18A053FF511
:1016D0004CAF029A002A3FF448AFF1F757FD95F856
:1016E000A3202B69872ADCD881E71866BDE6049B16
:1016F0009B44129B5B453FF646AE069809B0BDE899
:10170000F08F1A6942F440721A614FF400721A663F
:101710002BE7FF204FE700BF8D200100383D01205F
:101720002DE9F0471E4682B003680546DDF82880A3
:10173000002B70D0446893F813C0D4E9000ABCF1C0
:10174000000F3FD072B693F813C01CF0010F08D001
:101750004FF0E0295F69D9F880413C409C62C9F8AC
:1017600080411CF0020F08D04FF0E0299F69D9F8A2
:1017700084413C40DC62C9F884411CF0040F08D06D
:101780004FF0E029DF69D9F888413C401C63C9F873
:1017900088411CF0080F08D04FF0E0291F6AD9F8E3
:1017A0008C413C405C63C9F88C411CF0100F08D0A0
:1017B0004FF0E02E5F6ADEF890413C409C63CEF82B
:1017C000904162B69C68844200F0D780764C986065
:1017D000A469DFF8E8C1C4F3011EC4F382645CF8B5
:1017E0002EE00134BEFBF4FC002840F0BB80A6458F
:1017F00006D30CF10104B4F5817FC0F0C8806B48BA
:10180000D8601B6800241C6103245C6218640120FA
:10181000C3F860A0186195F90E30581C40F0838021
:1018200072B1013A4C1E0DF1070A8F1814F8012FFE
:10183000514628468DF80720FDF77AFEA742F5D1DC
:10184000B8F1000F40D008F1FF330DF1070A06F19F
:10185000FF384FF0FF091E4440F2012709E05146CE
:101860002846FDF737FC9DF8073008F8013F46454C
:101870002AD02B688DF80790002BF0D01A68012130
:1018800054461761C2F86490136F9B0706D4234631
:10189000506F14B103F8010B1C4601395369D80786
:1018A000F2D50029DFD0136F9B07FCD42346506F7D
:1018B00014B103F8010B1C460139F4D19DF807302F
:1018C00008F8013F4645D4D195F90E305A1C3AD15B
:1018D0002B6823B3DA7C12B3D50704D5986A4FF08E
:1018E000E021C1F80001940704D5D86A4FF0E02147
:1018F000C1F80401500704D5186B4FF0E021C1F87E
:101900000801110704D5586B4FF0E021C1F80C0114
:10191000D20604D59A6B4FF0E023C3F810210120C2
:1019200002B0BDE8F087DBB2362B3FF679AF1C0181
:101930001F4800EB03130059DC68476827421ED09C
:10194000C0F888406CE7DBB2362BC1D81901184AC1
:1019500002EB03135258D9685068084213D0C2F8FA
:101960008410B5E784451DD3BCFBF0F4BCFBF4FC4C
:1019700084457FF640AFA4463BE7D86841E79B68C3
:101980000C4818604CE79B680B4A1A60A0E7022CD1
:1019900008D9023C4FEA540C4FEA0C4040EA0C20B4
:1019A00020432DE700202BE700C00F40FF7F7F0082
:1019B000381D00203830010038F00100A820002038
:1019C0002DE9F84390F82F81B8F1000F6DD005464E
:1019D000F4F780FA002868D0414E4FF000093768CC
:1019E00000E0A146C8452A6936D24C46536919051C
:1019F0002BD4580568D499045CD43168C91B3229AA
:101A000058D8A04504D2D26D520701D1980565D4AB
:101A1000F1F7BCFBC845E4D22A695369190514D40F
:101A2000580551D4990445D43168C91B322941D88D
:101A3000A04504D2D26D520701D19B054ED4F1F7D7
:101A4000A5FB2A6953691905EAD51369042043F4F3
:101A500040731361BDE8F883D16D4C46480701F02F
:101A60000703C3D413E095F8A5100133022441F411
:101A70008061042B11661BD0804503F1010305EB47
:101A800000010ED991F8A510042B1166AED00120EB
:101A9000002CE8D0204601330134804505EB0001DD
:101AA000F0D84FF400731366A0E70420BDE8F88374
:101AB00001249BE713694FF40071042043F4407341
:101AC00013611166BDE8F88313694FF400710220B9
:101AD00043F4407313611166BDE8F8830020E5E725
:101AE000383D0120F8B5A54C0146A36A002B51D022
:101AF00040F2011094F83020A14E5200A3F82F01BB
:101B0000186883F8A5200268B24240F03F81B3F81C
:101B100030210D46E2B915F8011BB3F830211ABB8C
:101B200015F8011BB3F83021002A40F0EE8015F8BB
:101B3000011BB3F83021002A40F0DF802978B3F888
:101B40003021002A40F0CE801846BDE8F84037E743
:101B5000022283F82F21002283F8A620026815F8BC
:101B6000011BB24240F01E8193F82F21882A00F217
:101B700009819818013283F82F21A36A80F8A510F3
:101B80001A6815F8011B1268B242CBD0184690476C
:101B9000A36AC5E0226C01F1040C206D1368666A2B
:101BA00023EA00031360D4E90E0311F8012B4EB1B0
:101BB00035686A66EA6D12F4F81FFBD06A6F6145FA
:101BC000F3D1F8BD056812F0800FA76C0CBFBD43C0
:101BD0003D4312F0400F05601D68E76C45EA0705BC
:101BE0001D601D68E76C25EA07051D600568A76C88
:101BF0000CBFBD433D4312F0200F05601D68E76C2C
:101C000045EA07051D601D68E76C25EA07051D60AC
:101C10000568A76C0CBFBD433D4312F0100F056073
:101C20001D68E76C45EA07051D601D68E76C25EA3D
:101C300007051D600568A76C0CBFBD433D4312F04E
:101C4000080F0560E76C1D6845EA07051D601D6803
:101C5000E76C25EA07051D600568A76C0CBFBD434E
:101C60003D4312F0040F05601D68E76C45EA070567
:101C70001D601D68E76C25EA07051D600568A76CF7
:101C80000CBFBD433D4312F0020F05601D68E76CB9
:101C900045EA07051D601D68E76C25EA07051D601C
:101CA0000568A76C0CBFBD433D4312F0010F0560F2
:101CB0001D68E76C45EA07051D601D68E76C25EAAD
:101CC00007051D600268A56C14BF2A43AA43026081
:101CD0001A68E56C2A431A601A68E56C22EA050264
:101CE0001A606CE793F82F21882A3CD901225A60A8
:101CF000A36A1846BDE8F84062E693F82F21882AC7
:101D000029D901225A60A36A14E093F82F21882A66
:101D10001DD89818013283F82F21A36A80F8A510E6
:101D20001A6815F8011B1268B2423FF402AF184658
:101D30009047A36A1A6829781268B2423FF4FFAE4E
:101D400018469047A36A1846BDE8F84038E60122D5
:101D50005A60A36AE4E79818013283F82F21A36A36
:101D600080F8A510E6E7501C1A4483F82F01A36AF7
:101D700082F8A5101846BDE8F84021E6AC460120DF
:101D8000C920010001225A60A36AF9E618460D46EF
:101D900000219047A36A15F8011B1A681268B24225
:101DA0003FF4BBAE18469047A36AE9E62DE9F04739
:101DB000A04CA36A002B00F0D580A16D00229E48A4
:101DC0001B6981421A6100F2BE8001229B489C4936
:101DD00098645A624FF430329962DA62986C002249
:101DE0004FF0011118651A620122996595481A6130
:101DF000FFF778FEB4F90830402B00F04D81002148
:101E00008C48F4F705FC21898A480139C9B2F4F7F6
:101E1000FFFBB4F90A202689D31D48BF02F10E0347
:101E2000DB10D4E90A0516FB03F6B6B2002800F071
:101E3000408194F83030844F5B0080F8A53040F248
:101E40000113A0F82F3103681B68BB4240F02282C7
:101E5000B0F830312BB1022380F82F31402380F8C5
:101E6000A630731E9BB2002E4BD005F1020A01264C
:101E700001354FF002099A44B04614E00136B6B27B
:101E8000036815F8011C1B68BB4268D1B0F83031FB
:101E900033B190F82F31882B29D9C0F80480A06A7B
:101EA0000135AA452DD0882EE8D1FFF789FD94F899
:101EB0003030A06A5B0080F8A53040F20113A0F832
:101EC0002F3103681A68BA4240F0D781B0F8302148
:101ED000002A00F0EC80402280F82F91022680F842
:101EE000A6201B6815F8011CBB4238D133460135CA
:101EF000C2180133AA4580F82F31A06A82F8A510D4
:101F0000D1D1FFF75DFDA36A002B00F0C181E16D27
:101F1000002249481B6981421A6100F2A381474CA3
:101F2000012047494FF430329C6458629962DA626A
:101F30009C6C00204FF0011101221C65186299650C
:101F40001A61BDE8F0874148814240F29E814048D5
:101F5000404998645A62404A9962DA623EE798477B
:101F6000A06A9DE7636A002B00F08880D97CD4E9E1
:101F70001920002939D072B6D97CCD0708D54FF089
:101F8000E0265F69D6F880513D409D62C6F88051D9
:101F90008F0708D54FF0E0269F69D6F884513D4061
:101FA000DD62C6F884514E0708D54FF0E026DF69A0
:101FB000D6F888513D401D63C6F888510D0708D5F5
:101FC0004FF0E0261F6AD6F88C513D405D63C6F89D
:101FD0008C51C90608D54FF0E0255E6AD5F89011FE
:101FE00031409963C5F8901162B699688A423BD036
:101FF0001A499A6089691A4DC1F30116C1F38261C9
:1020000055F826600131B6FBF1F5002A00F0468153
:10201000AA4200F24781B5FBF2F1B5FBF1F5AA4205
:1020200001D20D46691CB1F5817FC0F03D810D4A9A
:10203000DA601AE0AC4601207F1A06003B37281907
:10204000B80B0505282C0060C92001003F420F0095
:102050000A09070460090101007F050000C00F4064
:10206000A8200020FF7F7F00DA681B68002119612B
:102070000321596201211A6418661961626C616D4D
:1020800013688E4823EA01031360FFF72BFDB4F9B0
:102090000830402B7FF4B3AE20218948F4F7B8FA1A
:1020A000218987481F31C9B2F4F7B2FAB1E6022696
:1020B000F6E6226C216D1368676A0B43136086B1E4
:1020C000A16B06EB050CE36B15F8012B002F39D043
:1020D00038684266C26D12F4F81FFBD0426F654546
:1020E000F2D1626C616D13680B431360002F3FF4F3
:1020F00028AFFB7C002B3FF424AFDC0704D5B96A82
:102100004FF0E022C2F80011980704D5F96A4FF0A9
:10211000E022C2F80411590704D5396B4FF0E022D0
:10212000C2F808111A0704D5796B4FF0E022C2F803
:102130000C11DB067FF505AFBA6B4FF0E023C3F857
:102140001021FEE6086812F0800FA66C0CBFB043A9
:10215000304312F0400F08601868E66C40EA060051
:1021600018601868E66C20EA060018600868A66C1B
:102170000CBFB043304312F0200F08601868E66CC3
:1021800040EA060018601868E66C20EA060018604D
:102190000868A66C0CBFB043304312F0100F086003
:1021A0001868E66C40EA060018601868E66C20EAD9
:1021B000060018600868A66C0CBFB043304312F0EC
:1021C000080F0860E66C186840EA06001860186896
:1021D000E66C20EA060018600868A66C0CBFB043E5
:1021E000304312F0040F08601868E66C40EA0600FD
:1021F00018601868E66C20EA060018600868A66C8B
:102200000CBFB043304312F0020F08601868E66C50
:1022100040EA060018601868E66C20EA06001860BC
:102220000868A66C0CBFB043304312F0010F086081
:102230001868E66C40EA060018601868E66C20EA48
:10224000060018600A68A06C14BF024382430A604B
:102250001A68E06C02431A601A68E06C22EA000215
:102260001A603CE7174881420CD9174C17481849A7
:102270009C645A629862D9625AE6402102269047CD
:10228000A06AFDE5134C1448F1E71248124960E6D4
:10229000676A26E740219847A06AE2E58E42BFF4CC
:1022A000C1AEC5E60022C3E60229FBD902394D08BA
:1022B0002A0242EA05420A43BAE600BF282C00601F
:1022C000AC4601203F420F000A09070460090101E2
:1022D000007F05001C1A120C100E0202F8B50D4604
:1022E00072B63D4A00233D49841C91610221D161AF
:1022F00040F20641C2F8A030C2F8F0124FF470214B
:10230000C2F8F432C2F8F832C2F8FC3220F01F03EF
:10231000C2F8A4100121C2F8B010BFF34F8F4FF0E4
:10232000E022C2F85C3F20339C42FAD8BFF34F8FC3
:10233000BFF36F8F284A5369DC07FCD50123284976
:1023400020F07F40244C53614026C2F8F01242F244
:102350000121244FC2F8F4122349C2F8BC30C2F85C
:10236000A0000220C2F8A410C2F8B03001E0590663
:1023700027D46369DA07FAD541211C4B0020164A9D
:1023800061610121C4F8F032194DC4F8F402194C0E
:10239000C2F8B810C2F8A000C2F8A450C2F8B01039
:1023A0005369DF07FCD551612378DE07F0D4136849
:1023B000094943F0010313600B68DB07FCD462B6E4
:1023C000F8BD2946024618B10544384603F0C6F860
:1023D00000206661CDE700BF00802A40F05AF05A25
:1023E0003204180880812A4002000F0005040124ED
:1023F00001000F0000812A40C14B0021C14A2DE994
:10240000F04F1B7883B0DFF874A303F01F03BE4DB9
:102410009AF800B0052BBD4B1B8894BF03EB430318
:102420009B00C5E900111360C5E90211BBF1000F63
:102430003AD0B7484FF0010EB64CDFF84493DFF8BE
:102440004483B54F10F8013B362B4FEA031C04EBD5
:10245000031226D854F80C3003F1040CC3F387336D
:10246000032B1ED8D26855F8236092FAA2F208F81E
:102470000130B2FA82F209F801200EFA02F246EABD
:10248000020BA64E45F823B057F823B02BEA020BF7
:1024900047F823B05CF806301A434CF806209AF847
:1024A00000B001315945CDD3974B03F11001BFF373
:1024B0004F8F4FF0E022C2F8703F20339942FAD894
:1024C000BFF34F8FBFF36F8F954A9FED967AD2ED92
:1024D000007AD2ED006AF8EE677ADFED935AF8EEF3
:1024E000666A9FED926A864B67EE877A92ED007A74
:1024F00066EEA56A1B78B8EE477A8D4EFCEEE77A59
:1025000003F0C003FCEEE66A27EE067A402B17EED6
:10251000901A16EE902ABCEEC77A8FB290B237822C
:1025200017EE102A708292B2B28208D17F0040006A
:102530005200BFB280B292B237827082B2827D4BBB
:102540004FF0250800244FF0050ED98B43F20B0CF9
:102550004FF4804BDFF8309221F007010904090C99
:10256000D983A3F80E804FF041087349A3F8148073
:102570005C81DC801F801F8243F22307DFF80C821E
:102580009F81A3F82EE05C85DC841884188641F6D0
:102590001D50A3F82CC0A3F84EE0A3F84A40A3F8BE
:1025A0004640A3F84020A3F85020A3F84CC00B6F7E
:1025B00043F440030B671D21604B1A8802F47F42ED
:1025C00042F024021A801A88D2B242F414521A80BD
:1025D0005A8802F47F4242F026025A80A3F884000F
:1025E000A3F886105648FCF7CFFF464BB2694FF46C
:1025F000A07C19685348C900156050608FB25249D9
:10260000D46091615149C2F8088011610821D782D4
:10261000A2F814B0D78396F81CE091834C4F4D4A32
:10262000D9F8003047F82E4047F82E204A4A4B4848
:102630001A604B4AA3F814B01A614A4AA3F816C0AC
:102640005A60A3F81EC09B619C83C3E90284FCF717
:102650009BFF0368D9F80020998BDFF834C121F083
:1026600080010904090CD2E9009E9983D2E902177E
:10267000C3E9009E99600179DF600CEB511001F015
:102680001F0E4FF0010C80000CFA0EFCD2E9047909
:10269000D2E906E2C3E90479C3E906E22C4F0BB2A2
:1026A000314A103147F8234047F823202F4B304A56
:1026B00043F82120C0F800C02E48FCF765FF114BFD
:1026C00021491868336A1F4A9961C1005A6089B26A
:1026D000234A1D601A61D982D983882196F8242063
:1026E00099832146C3F80880A3F814B0DC60224B1C
:1026F00047F8224047F822309AF800204AE000BF0D
:1027000054930120B43B0120E08A20204C93012007
:1027100058930120381D002068C00A4000801BFE2D
:1027200020450020ACC5A735B00FA1349C534935D6
:102730009093012000801E4000C00F4000C03B402D
:10274000A8930120080002230000FFFF84801B40A3
:1027500000C00E401E00008080302020A43B0120DD
:1027600088801B40080002031F000080004C0020EE
:10277000013E0100B09301205E000080B83B0120C3
:10278000F43B0120BC3B0120403C01201000007CB8
:10279000403800380A4D00FB02F22868019202F02E
:1027A000DFFD084B186830B1019A214603B0BDE83F
:1027B000F04F02F0D5BD2A681A6003B0BDE8F08F73
:1027C0002C3C0120509301202DE9F04FDFF86C8262
:1027D00085B0D8F82020938B1B06FCD5844B854C04
:1027E00019682068DFF858A28142834D06D09AF814
:1027F00000302A6803FB02F202F0B0FE7F4B4FF07C
:10280000050C7F484FF0250EDA8B41F210060021AF
:1028100092B2174603924FF4205227F00707BFB237
:10282000DF83A3F80EE0A3F82EC0A3F84EC0B0F8E3
:1028300084309BB21E43A0F88460B0F886309BB20F
:1028400043F01003A0F886306E4802F089FD296835
:102850006D4850290A469AF8003028BF502202607D
:10286000002B00F0C28023684FF0010B674F00245B
:10287000674EDFF890910193029501E0029B196881
:1028800016F8013B17F8010B019D0BFA03F309EB56
:102890008000009201FB04510134F4F7F1F89AF83A
:1028A0000030009A9C42E9D3029D564B09EBC210BE
:1028B000BFF34F8F4FF0E021C1F8703F20339842B3
:1028C000FAD8BFF34F8FBFF36F8F296850296ED8A6
:1028D000D3005048504C082102689BB2C2F80090C7
:1028E0001461D382918398F824104FF47A7A4B4A7A
:1028F000B8F81030117798F81C400133DFF8449194
:10290000D4769BB200790124DFF820B1D076D1765D
:1029100002F5801200214248518153854149A2F8B5
:102920004A30414B53E8002F0E68076843E80042E5
:10293000002AF7D1DBF804E02A68AEEB070ED9F8DD
:1029400000C00AFB06F6D8F8287002EB8202AEFB44
:102950000CECF61B5200BCF57A7F94BF664406F57A
:102960007A7602F596729642DCD3039A0126234CBE
:1029700042F00702E28353E8002F0C68056843E841
:102980000062002AF7D1294B5B684FF47A71D9F8BD
:1029900000205B1B01FB04F4A3FB02328A4294BFBC
:1029A000A4186418C8F8284005B0BDE8F08F204B83
:1029B0004FF4A074174878291A68174E0368C3F8B3
:1029C00000901E614FF00006DC829E834FF01206DD
:1029D0009E83184B1360D48204D99683164B012230
:1029E0001A7080E710239383F8E7DFF818905CE70C
:1029F000509301202C3C0120B43B012000801E405C
:102A000000C03B4080302020B03B0120BC3B012077
:102A1000F43B0120A43B012088801B4000800E4035
:102A20003C3D0120383D0120343D0120001000E0F4
:102A3000403C012080442020AC3B012090930120A9
:102A4000B83B0120403D0120F6EE006A91ED017A8D
:102A5000D1ED007A27EE267A67EEA67A80ED017A2C
:102A6000C0ED007A704700BF2DE9F04704461546D7
:102A7000501CE268904214D822780E4661685200D9
:102A800081F8A52040F20112A1F82F219BB16768BF
:102A90001A4A3968D1F80480904504D1B7F830213A
:102AA0008AB9BDE8F087194638460122C0478046FA
:102AB000B8F1010FF5D12A46314620460123BDE881
:102AC000F047F4F753B997F82F21892A0FD04FF028
:102AD0000109C84607F1A50019461044424602F014
:102AE0003DFD97F82F31994487F82F91E0E70121B8
:102AF0004FF000097960C846ECE700BF7D31010066
:102B0000B4EE400BF1EE10FA80F1A580B0EEC07B80
:102B10009FED6C6BB4EE467BF1EE10FA00F3908003
:102B20009FED6A7BB4EEC70BF1EE10FA00F38180E3
:102B30009FED687BB4EEC70BF1EE10FA00F1B680A2
:102B4000B5EEC00B30B5F1EE10FA2DED028B8DB065
:102B50007DD400259FED617B30EE070BFCEEC07B42
:102B6000B8EE678B17EE903A30EE488B002B76D19B
:102B7000302321208DF82D303DB101382D22C0B2F7
:102B800000F130036B4403F8242C564C23782BB10E
:102B900003ABC0F122011844F0F748FCB2EE046B1D
:102BA0002E2322788DF80C3028EE067BFCEEC75BD6
:102BB000CDED015A9DF8043005EE903A3033B8EE71
:102BC000E55B8DF80D3037EE457B27EE067BFCEE9E
:102BD000C75BCDED015A9DF8043005EE903A3033D5
:102BE000B8EEE55B8DF80E3037EE457B27EE067BC1
:102BF000FCEEC75BCDED015A9DF8043005EE903A2E
:102C00003033B8EEE55B8DF80F3037EE457B27EEBD
:102C1000067BBCEEC77B17EE103A30338DF81030D0
:102C20001AB1052103A8F0F701FC0DB0BDEC028B31
:102C300030BD2C4B1B788BB103212B48F0F7F6BB32
:102C4000284B1B7853B103212848F0F7EFBBB1EEB6
:102C5000400B01257EE7234B1B7863BB7047244C58
:102C6000092B4FF02100A4FB032E4FEADE0E0EEBE2
:102C70008E02A3EB420202F130028DF82D207FF686
:102C80007BAFA4FB0E3201387146D208C0B20929CD
:102C900002EB820300F1300CAEEB43039646EC44AA
:102CA00003F130030CF8243CEBD865E70D4B1B789F
:102CB000002BC1D1704703210E48F0F7B7BB00BF0E
:102CC000AFF30080FFFFFFFFFFFFEF7F000000E09A
:102CD000FFFFEF41000000E0FFFFEFC12F431CEBBF
:102CE000E2360A3F303D0120E8400020E440002069
:102CF000CDCCCCCCE04000202DE9F047884682B016
:102D00000168174605460A9A002971D0446891F86F
:102D100013C0D4E9000ABCF1000F3FD072B691F89D
:102D200013C01CF0010F08D04FF0E0294E69D9F80C
:102D3000804134408C62C9F880411CF0020F08D0F9
:102D40004FF0E0298E69D9F884413440CC62C9F84B
:102D500084411CF0040F08D04FF0E029CE69D9F867
:102D6000884134400C63C9F888411CF0080F08D032
:102D70004FF0E0290E6AD9F88C4134404C63C9F811
:102D80008C411CF0100F08D04FF0E02E4E6ADEF898
:102D9000904134408C63CEF8904162B68C68844296
:102DA0001BD05C4C8860A469DFF87CC1C4F3011EB1
:102DB000C4F382645CF82EE00134BEFBF4FC00280E
:102DC00040F08880A64506D30CF10104B4F5817F5C
:102DD000C0F093805048C86000E0C86809680024CB
:102DE0000C6103244C6208640120C1F860A00861F2
:102DF00095F90E10481C4FD17AB102F1FF395C1ED3
:102E00000DF10706994414F8013F314628468DF824
:102E10000730FCF78DFBA145F5D17FB1013F08F1EB
:102E2000FF340DF10706474414F8013F31462846A8
:102E30008DF80730FCF77CFBBC42F5D195F90E30DC
:102E40005E1C38D12B6823B3DA7C12B3D50704D5C6
:102E5000986A4FF0E021C1F80001940704D5D86AC0
:102E60004FF0E021C1F80401500704D5186B4FF072
:102E7000E021C1F80801110704D5586B4FF0E0219B
:102E8000C1F80C01D20604D59A6B4FF0E023C3F8C9
:102E9000102102B0BDE8F087C9B23629ACD80C01C8
:102EA0001E4800EB01110059CC68466826421CD030
:102EB000C0F88840A0E7DBB2362BC3D81901174A07
:102EC00002EB03135258D9685068084211D0C2F877
:102ED0008410B7E784451BD3BCFBF0F4BCFBF4FCC7
:102EE00084457FF673AFA4466EE789680C48086096
:102EF00082E79B680B4A1A60A4E7022C08D9023CBF
:102F00004FEA540C4FEA0C4040EA0C20204362E7A1
:102F1000002060E700C00F40FF7F7F00381D0020C9
:102F20003830010038F00100A82000202DE9F843D6
:102F3000044600680D4616468842A36816D8C21893
:102F4000914213D20F1A4FF001096EB103EB06083C
:102F5000626890450DD8B9F1000F1BD1294618447D
:102F600002F07EFAC4F80880BDE8F8834FF000094B
:102F7000EBE708F1010103F011FB0028F4D0A3688E
:102F8000C4E90008002BE6D103702068A368B9F1FA
:102F9000000FE3D03246C119184402F0DFFA23686B
:102FA000002203F80820DDE7F8B5002504460F46A7
:102FB000056008462573C4E9015502F06FFB68B14E
:102FC0000646013003F0DAFA40B139460570206058
:102FD000C4E90166BDE8F84002F042BAF8BD00BF9E
:102FE0000368F0B45BB300249C600124DC60244CD3
:102FF000244D1C44241145F8241003211A60224A50
:1030000099600379214D13551378517820488B42EC
:10301000C0F8285228BF0B469178D2788B4228BF3F
:103020000B46934228BF13461A484FF0E0224FF058
:10303000806180F87A30C2F80C11F0BC7047164EEF
:103040004FF0010C154CF56E154F45F44055F566E3
:10305000C7F800C0A568046075B1124DA669056087
:1030600066B11035A66A056046B1A56B30340460C0
:1030700015B10360F0BC70472346B8E72B46B6E7AE
:1030800000BFF7BFE04E00203845002029A7000010
:10309000004C002000E400E000C00F400041084068
:1030A0000040084010410840F8B504461546BAB142
:1030B00043680E469A4206D831462068A560BDE8AE
:1030C000F84002F0CDB9511C006803F067FA0746DA
:1030D00060B1A368C4E90005002BEDD10370EBE7F4
:1030E000036803B11A700023A360F8BD206810B113
:1030F00003F04CFA27600023C4E90133F8BD00BF98
:10310000002200F1240370B5554C00F5DB65C26068
:1031100004600024026142618261C261026200F1C6
:10312000300242F8044C42E903440C329542F8D193
:1031300000F2D565C0F8CC46C0F8D04600F67D5602
:1031400080F8D4462A46002414600C3242F8084C19
:1031500042F8044CB242F7D100F580529FED416A2B
:1031600080F87D4DF6EE004A02F66476A0F87E4DBA
:10317000C0F8804DF0EE465AA0F8844DF0EE466A55
:1031800082F85E4FB0EE467A86ED006AF0EE467A3F
:1031900086ED016A02F66C76334C02F6747286EDA7
:1031A000006A4FF0000E86ED016A4FF6FF7C82ED5B
:1031B000006A00F1100682ED016A00F68452017285
:1031C000211D446011ED016A033391ED005AB4EE04
:1031D000E66A23F803EC03F801ECA3F8AEE6F1EE9F
:1031E00010FA83F8B0E6B4EEE55A76FE866AF1EEA0
:1031F00010FAB4EEE76AD4BF0C463446F1EE10FA8A
:1032000001F10801B4EEC75AD4ED005AC0ED036ACB
:1032100058BFF0EE467AC0ED045AF1EE10FAC0ED58
:10322000057A58BFB0EE457A9D4237EEA65A37EE82
:10323000256A80ED067A25EE245A26EE246A80ED72
:10324000075A80ED086A22F802CFA2F876C4A2F8E5
:10325000ECC8A2F862CDB5D1BDE87040E2F792BAF1
:10326000583C002000000000F078202010B4104CE2
:10327000034680ED0B0A4FF0000C04600020122280
:10328000996198829886C3F81CC0C3F820C0C3F81F
:1032900024C0C3F828C0C3F830C0C3F838C0C3E99D
:1032A0000100C3E90300181D5DF8044B03F0EAB800
:1032B000B43C002026490346DFF8A0C0002230B508
:1032C00043F8081B0025014600F52274C3F800C02E
:1032D000203343F81CCC43F8182C43F8142C43F843
:1032E000102C43F80C2C43F8082C43F8045CA34240
:1032F000ECD100F55E74DFF868E04FF0000C154A81
:10330000C3F800E00C3343F808CC43F8042CA34284
:10331000F6D10022012400F52073A0F844250271A3
:10332000C0F80825C0F80C25C0F81025C0F81425F1
:10333000C0F81825084A80F84645026120308342CB
:10334000FBD14FF03F4241F8202F9942FBD130BDD5
:10335000C83C00200AD7233C000080BF6F12833A8C
:10336000CDCC4C3D4FF07E5C70B50446C0F800C03B
:10337000C0F810C090B0C0F838C000201D461646F6
:103380002062E062A06460650B6860620993214B73
:10339000A06220636063E0642065A065E065606012
:1033A000A060E0606061A061E061E063206460644F
:1033B0005868D1F808E0D1ED017A09A9B3F800C046
:1033C0009A68DB680D9005A8CDED0A7ACDF82CE05F
:1033D000ADF830C00E920F93FCF778FA059B01AA66
:1033E00005A804F110010193069B0293079B039328
:1033F000089B0493F0F72EF932687368B068296867
:10340000226263626A68AB68A062E16222636363FE
:1034100010B070BD0051012000234FF07E52436078
:1034200002608360C360026143618361C3610362C0
:1034300043628362C262026342638263C363036462
:1034400043648364C364036543658365C3657047F0
:1034500010B54FF0040E0446944688B080F800E0A2
:103460004FF07E5000226060E061206460640020C4
:10347000A4F848200DEB0E02A062E06220636063B6
:103480002062606291ED006AD1ED016A02A99CEDB3
:10349000007ADCED017A37EE065AA06077EEA65A84
:1034A000E06020616061A061A0630E4884ED0A6A5B
:1034B000C4ED0B6A84ED0C7AC4ED0D7AE06304A8C8
:1034C0008DED025ACDED035AFFF7BEFA05991A4663
:1034D000DDF810C06162211DC4F820C0F0F7BAF811
:1034E00008B010BD00002041002310B443600381E8
:1034F000054C0A888B78046082805DF8044B8371E8
:10350000A0F8072043727047F43C0020D24BD34808
:10351000D349D44A2DE9F04F2DED028BC3E90010B9
:10352000A1F580410024D04D83B0116000F17001FD
:103530009C6200F1E8099C8705F1180051604FF486
:103540007A7B9462C94EDFF8A0A3DFF8A083C84F4E
:10355000C3E90244C3E90444C3E91044C3E9124483
:10356000C3E90644C3E90844C3E90B44C3E90D4475
:10357000C2E90244C2E90444C2E90644C2E908447B
:103580009487D4629463C2E90C44C2E91044C2E94E
:103590001244FBF7F9FFB74AB74900F075FCB7488A
:1035A000FBF7F2FFB34AB44900F06EFC05F12000CE
:1035B000FBF7EAFFAF4AB04900F066FCB04B21468A
:1035C00006F11A0003F12002C6F8009074601A6038
:1035D0008822AC4B34733361C6F808B03483C6F824
:1035E00014A001F0BDFE8922214606F1A500A6F82F
:1035F000A24086F8A44001F0B3FEA34B88222146E6
:1036000008F11A00C8F810300AF1500388F80C408D
:10361000A8F81840C8F81430C8F80090C6F82E4131
:10362000A6F8324186F83441C8E9014BC6E94E4458
:1036300001F096FE8922214608F1A500A8F8A240D3
:1036400088F8A44001F08CFE0AF1A00388222146EC
:1036500007F11A007B618D4BC7F808B0C8F82E41FE
:10366000A8F832417C603C733C833B61C7F8009012
:103670004FF0000988F83441C8E94E4401F070FE6B
:103680008922214607F1A500A7F8A24087F8A440A7
:1036900001F066FE4FF07E53C7F82E41A7F8324185
:1036A0002B60C5F80490C5F80890C5F80C9087F811
:1036B0003441C7E94E44F3F727FC754A7549764B08
:1036C00011600421D46211634FF48071C2F8D49068
:1036D000C2F8E41003F53851C2F8D890C2F8DC9073
:1036E000C2F8E090C2F8E890C2F8EC906B4A1A6019
:1036F0005C3303F8084C43F8049C8B42F7D15D4AD5
:103700004FF0010A66494FF0C808664800F0BCFB5C
:10371000654B6648102266499A800460554A00F05D
:10372000B3FB644B64481C86C3F800A0C3F82C901C
:10373000624B504A6249A3F80480046000F0A4FB85
:10374000604B614FC3F800A01C86C3F82C905F4B00
:10375000DFF89CA1A3F804804FF4C878F0F704F8D0
:103760004FF07C514FF07F4307F11402F9604FF0A6
:10377000804107F1240C3A6379640221A7F84C4098
:1037800039715349534C39610AF11C01C7F834901F
:1037900039620AF13001C7F8089079654E49C7F8D7
:1037A0003890B9664D49C7F83C90F9664C49C7F85E
:1037B000409039674B49C7F848907967C7F85090EF
:1037C000C7F800A0C7E906334FF0FF237B614FF035
:1037D0007E5307CAFB653B667B668CE80700C7F82B
:1037E00078904FF48072FB670AF13C01C7F8803093
:1037F00007F58670C7F88C30C7F89430C7F8AC303E
:10380000C7F8B430C7F8C030C7F8C430C7F8E030E4
:10381000C7F8E430C7F8F030C7F8F830C7F8884088
:10382000C7F89840C7F8A040C7F8A440C7F8B84008
:10383000C7F8CC40C7F8D040C7F8D840C7F8EC402C
:10384000C7F88490C7F89090C7F89C90C7F8A890E4
:10385000C7F8B0904EE000BF003B0120003D0020C3
:1038600000003A40503B012090930120483D012048
:10387000C0390120B4450020353D0100A43B0120A2
:10388000403C012000003F4000803F4000C03F40DE
:10389000DC630120CDCC4C3E4C650120CDCC4C3DB1
:1038A00051C80000FC4400201C470120A43E012018
:1038B000E93E0100A8510120883E01209C510120D1
:1038C0001133010064510120E848012058510120C2
:1038D000CDCCD440000080BFAE67BB3E8C65583E67
:1038E000ABAAAA3EABAA2A3E2C2C0060803801204D
:1038F0000C3E0020C7F8BC90C7F8C890C7F8D49019
:10390000C7F8DC90C7F8E890C7F8F490C7F8FC4017
:10391000C7F80091C7F80441C7F8084101F01EFE3E
:103920000AF13C014FF4807207F5037001F016FEB6
:1039300007F12003BB6501F0F1FD044601F0EEFD47
:1039400057FA80F057FA84F3B8F1010890F80C1296
:1039500093F80C2283F80C1280F80C22EBD1E64984
:10396000E64801F5007CE64CC01B431857FA83F388
:1039700093F80C22A4FB02E301F8012F8C454FEAD7
:10398000D30303EB4303A2EB830281F80022ECD1C3
:103990009FEDDC8A4FF00008DB48F7EE008ADB4A37
:1039A000DB4980ED008AA0F20C7000F06DFAD94B73
:1039B000D949C3F81C801960596083ED028A83EDF0
:1039C000038A83ED048A83ED058A83ED068AD34B4F
:1039D000D34F83ED008A83ED018A3846D14BD24C18
:1039E00083ED008A83ED018A04F1200BCF4BD04A8E
:1039F00083ED008A83ED018ACE4B40F8044B83EDC2
:103A0000008A83ED018A4FF6FF73C2F81C801160B3
:103A1000516001A982ED028A82ED038A82ED048A57
:103A200082ED058A82ED068AADF804308DF8063005
:103A3000FFF75AFD6FF07F433861A7F818809C228A
:103A40007B61202187F8728107F1380087ED078AB2
:103A500087ED088A87ED098A87ED0A8A87ED0B8A48
:103A600087ED0C8A87ED0D8A01F07AFCDFF8189358
:103A70009C22202107F1D400DFF810A301F070FC94
:103A80003846A24AAC4900F0FFF9AC4F4846C9F8A5
:103A9000088089F80C809C22A949C9E90088FFF7B1
:103AA00003FB4846994AA74900F0EEF93846C7F8A3
:103AB00008809C2287F80C80A349DFF8D492C7E9DC
:103AC0000088FFF7F1FA914A9E49384600F0DCF988
:103AD0009E489F4B4FF0010880ED038AC3634FF46B
:103AE000000380ED048A03644FF4803380ED058A7F
:103AF000436404F1140380ED068A036080ED078AB5
:103B000080ED088A80ED098A80ED0A8A80ED0B8AB3
:103B100080ED0C8A80ED0D8A80ED128A80ED138A8B
:103B200080ED148AC0ED0E8AC0F80480E8F71AFD13
:103B30008AED018ACAF800B004F12C0A89ED018AE5
:103B4000B6EE002AC5F82CA00221DFF848A24FF0FB
:103B5000100EDFED807A0322C5F848A004F1380A80
:103B6000DFED7D6A4FF0140CC9F800A04FF01E0A7B
:103B70009FED7A7AB1EE025A89F808A004F144095F
:103B8000DFED772AF0EE0C4A9FED763ADFED763ADC
:103B90009FED764AC5F8809004F1500985F84010F1
:103BA00085F8501085F8601085F8701085ED0C8A46
:103BB00085ED0D8A85ED0E8AC5ED118AC5ED1D8A4C
:103BC00085ED218A85ED248A85ED0F2AC5ED1F7AC2
:103BD000C5ED156AC5ED196A85ED167A85ED1A7A77
:103BE00085F888E085F894E0C5ED132A85ED173A4D
:103BF000C5ED1B3A85ED1E4AC5F88C9085ED278AE8
:103C000085F8AC1085F8BC1085F8CC1085F8DC1070
:103C100004F15C01564FC5F8981056495648C5F84E
:103C2000B41004F168019FED556AC5F8EC1004F179
:103C30007401534B396004F18001DFED525A85ED78
:103C40002A2AC5ED2E2A85ED323AC5ED363A85EDA4
:103C5000394A85F8F4E085ED288A85ED298AC5ED95
:103C60002C8AC5ED306AC5ED346A85ED317A85ED73
:103C7000357AC5ED388AC5ED3A7A85ED3C8AC5F8C6
:103C8000F82085ED3F8A85ED406AC5ED417A87EDE4
:103C9000018A87F808C0FA6087ED048AC7ED058AB3
:103CA000016004F18C0183ED018A83F808C01A7366
:103CB00083ED048AC3ED058A83ED065A1A7783EDF6
:103CC000088AC3ED098AC3ED0A5A83F82C2083EDD4
:103CD0000C8A83ED0D6AC3ED0E7A196004F1980326
:103CE000C7ED064AA434C5F80831C0ED064A80ED98
:103CF000018A80F808C04FE0F34B0120F5FCFFFF7C
:103D0000ABAAAAAA00000000F44F0120B44500208D
:103D1000B5C800004C4701206F12833A6C47012060
:103D200074470120F84F0120503F0020205101200E
:103D30002C47012028510120ADC80000445101202A
:103D40009042002041C8000030430020A8500120CC
:103D5000FFFF7F7FCDCC6C400000C0C20000C0429E
:103D600033331340CDCC2C409A99D93F0000C84240
:103D70001465012000409C45306501200000B443DB
:103D8000D8640120CDCC4C4030510120105101208D
:103D9000CC64012000004042C26080ED048AC0ED86
:103DA000058A85ED485A85ED438A85F810C185F866
:103DB000142185ED468AC5ED478A85F8242185EDD5
:103DC0004A8AC5ED4B8AD5F85031C5ED4C5ADB0710
:103DD00085F8342185ED4F6AC5ED507A85F84CC1E0
:103DE000C5F8444185ED4E8A85ED528A2DD5EFF711
:103DF000BBFC1A4800231A494FF0FF32194C1A4DE8
:103E00004362C362C0F8332080F83720866285653C
:103E1000C0E90131C0E90313144901601449C0E944
:103E20000524C0E90733134C0723134A416613499D
:103E30008366C46500F028F8EFF796FC03B0BDEC8C
:103E4000028BBDE8F04FF3F7E1BD0B4A0C490D487A
:103E5000C5F8508100F018F8C9E700BFAC46012052
:103E60008000400001010001801A0600D8360020C1
:103E700000093D00A0860100B4450020E53801009E
:103E800051C800000445002003460846194601F0C9
:103E9000B9BA00BF08B52DED028BB0EE408A00F034
:103EA00055FDB4EE488AF1EE10FA0FD6B5EEC08A91
:103EB000F1EE10FA0AD8B5EE408AF1EE10FA08D108
:103EC00001F048FA22239FED090A0360BDEC028B42
:103ED00008BD01F03FFABDEC028B034621221A60B7
:103EE0000348BDE8084000F0E7BA00BF000080FFCB
:103EF000A440002008B52DED028BB0EE408A00F002
:103F00000FFBB4EE488AF1EE10FA06D6DFED098A0F
:103F1000B4EEE88AF1EE10FA02D4BDEC028B08BDD3
:103F200001F018FA88EEA80ABDEC028B2123036089
:103F300008BD00BF00000000000000002DE9F04FA8
:103F40005BEC10AB2DED0A8B4FEA1B5C11EE90EA97
:103F50000CF1FF3640F2FD70864210EE101A11EEA1
:103F6000103A89B05A4665464FEA1E5400F2C680A0
:103F7000C4F30A06A6F2BE367F2E98BF002000F2D8
:103F8000BD80BFEE000BE14CE14B1444C4F3463559
:103F900003EB451693ED006B93ED027B96ED128BD0
:103FA00096ED189B96ED162B260D241505EE904ADE
:103FB000360593ED0C4BB8EEE55B951BA5EE062B95
:103FC000A5EE079B93ED04AB93ED105B93ED08BB5F
:103FD00093ED067B93ED0A6B93ED0E3B0C1E45ECC7
:103FE0001C4BACEE080BA0EE053BA0EE046B20EEE4
:103FF0000A5B30EE024B20EE058BA0EE0B7BA8EEA9
:10400000036B32EE442BA8EE067B32EE002BB0EEB3
:10401000483B39EE022B95EE003B34EE085B20EE78
:10402000080B34EE454B32EE036B34EE084B36EEA4
:10403000046BA0EE076B35EE064B21EE048B18EEF9
:10404000902AB0EE487BC2F30A556FF47273EB18F6
:104050003E2B91EE047B35EE445B35EE065BA1EE24
:10406000057B00F29380AB4B93ED024B93ED005B2D
:10407000B0EE441B93ED042BA8EE051B93ED066BED
:1040800011EE101A31EE441B01F07F0293ED0E4B3E
:10409000A1EE028BA1EE068B93ED0C6B37EE087B45
:1040A00027EE072B921802F10F0403EBC202A7EED2
:1040B000046B92ED1C4B03EBC40293ED0A3B93EDB2
:1040C000085B53F834605768A7EE035B4018002480
:1040D00022EE023B37EE047BA219A2EE057B07EB32
:1040E0004033A3EE067B002D5FD043EC102BA7EEF0
:1040F000000B09B0BDEC0A8BBDE8F08FD8184EEB71
:104100000E09461E37466FF0010849F1FF36B845E3
:104110006FF4001777EB0606C0F02081481842EBD9
:104120000209461E374669F10006B8456FF40017CC
:1041300077EB0606C0F03981002A6ADB0020C4F361
:104140000A06A6F2BE337F2B40F2FF774FD9724B9F
:1041500000209A4208BF814200F0FD8040F2BD3548
:10416000AE4240F29180012972EB030334BF012378
:104170000023BC428CBF00240124A3420ED109B00D
:10418000BDEC0A8BBDE8F04F00F060BC002BC0F224
:10419000CE80B5F5816F75D9002AF0DB09B0BDEC92
:1041A0000A8BBDE8F04F00F059BCA14280F21381A8
:1041B000B7EE003B03F17F5101F50011104641ECD1
:1041C000150B27EE057B35EE076BB0EEC64BB4EE54
:1041D000C34BF1EE10FA61D49FED480B26EE000BB5
:1041E00009B0BDEC0A8BBDE8F04F00F067BC002DB4
:1041F0007FF4C7AE9FED437B4BEC16AB26EE077BFF
:1042000053EC172B23F0004217EE101AA2F1507254
:10421000B7E6C4F30A0640F2FE3086427EDD40F285
:104220003340864200F3FA80801BA0F120054FF056
:10423000FF374FF0FF39874009FA05F9C0F1200830
:10424000019547EA09054FF0FF3727FA08F945EAD3
:104250000905874023EA07072EEA05053D435DD19E
:10426000019DC3400EFA08F843EA08032EFA05FE42
:1042700043EA0E0303F00103980422F00042CCF35A
:104280000A055EE70025EEE688429341B7EE000B93
:1042900034BF31EE000B30EE410B2AE7B5EEC06BB8
:1042A000F1EE10FA35EE465BBFEE004B35EE075BE4
:1042B00058BFB0EE434B36EE043B34EE437B37EE53
:1042C000067B37EE057B37EE037B37EE446BB5EEAE
:1042D000406BF1EE10FA04D12A4601F0004343ECA2
:1042E000162B9FED065B8DED045B9DED047B27EEA9
:1042F000057B8DED067B6FE7AFF3008000000000CB
:10430000000010000000000000003043AB6A19C03C
:10431000100C0020800200200000F03F4BEC10AB9E
:1043200009B0BDEC0A8BBDE8F04F00F0B7BBB7EEAB
:10433000000B38EE000B00283FF4DBAEB1EE400B73
:10434000D7E64918594B82F400224FF00000524141
:10435000884293415DD3B7EE000BCAE650EA0904E8
:10436000EFD0534C0025A24208BFA94247D04918BC
:10437000504B52418D4273EB02044AD3994508BF1A
:10438000A84246D103F100439A4208BFA942E2D0B5
:104390009A426FEA0E0E34BF002201224FEADE7EFF
:1043A000724577D09FED3D0BA3E64BEC17AB002A8F
:1043B00027EE070B34DB002250EA09095DD1BEF17C
:1043C000000FBFF696AE104609B0BDEC0A8BBDE8F3
:1043D000F04F00F04BBB03F140419FED326B01F514
:1043E0007001104641EC100BA7EE000B20EE060BFF
:1043F00009B0BDEC0A8BBDE8F04F00F06BBBDB18D9
:104400002A4A8EF4002E4EEB0E0E9D4272EB0E02E7
:10441000A1D24BEC17AB37EE010B6AE600202CE77C
:10442000C4F30A02A2F2FF313429C4D8C2F586626D
:104430004FF0FF31A2F11D05033201FA05F701FA31
:1044400002F4C2F120063C4321FA06F73C439140B6
:1044500023EA01012EEA04042143ACD123FA02F23B
:104460000EFA06F632432EFA05F52A4312F001023F
:10447000A2D0B1EE400B01229EE7BEF1000FBFF6C5
:1044800038AEB7EE006B86EE007B8DED027B9DEDC6
:10449000020B2EE621EE010B2BE600BF0000000010
:1044A00000000000000000000000007F0000F0FF9E
:1044B0000000F03F0000E0FF9FED010A704700BFE1
:1044C0000000C07F00F07EBB08B52DED028BF0EE42
:1044D000408AB0EE608A00F01BFCF4EE488AF1EEF0
:1044E00010FA06D6DFED098AB4EE688AF1EE10FA0A
:1044F00002D0BDEC028B08BD00F02CFF88EEA80AAC
:10450000BDEC028B2123036008BD00BF000000004A
:1045100010EE103A23F0004300EE103A704700BF4F
:10452000B1EEC00A704700BF0000000030B510EEC9
:10453000104AC4F30A53B3F57D7FB7EEC06A83B067
:104540001BD226EE065BB3F5667F6ED326EE052BF7
:1045500025EE021B734B93ED1A3B93ED187B93ED05
:10456000164BA5EE037BA2EE046BB0EE460BA7EE56
:10457000010BB7EEC00B03B030BD40F22E429342A8
:104580005ED8684991ED087B26EE077BFDEEC77B80
:1045900091ED0A5B17EE903A03F500031B1613F03A
:1045A000020F07EE903A01F1700208BF0A46D807E1
:1045B000B8EEE77BA7EE456B26EE067B1BD403F037
:1045C000030301EBC30192ED1A4B91ED002B92ED29
:1045D000185B26EE026B92ED163BA7EE045B26EE0F
:1045E000074B27EE047BA4EE036BA5EE076BB7EE3B
:1045F000C60B03B030BD92ED142B27EE075B92ED96
:10460000126B92ED0E3BA7EE026B92ED0C0B92ED4E
:10461000104BA7EE030B27EE057BA5EE040BA6EED1
:10462000070BB7EEC00B03B030BD220D12F4FF6FC5
:10463000DFD1B7EEC55B00EE104A8DED015AD8E729
:10464000B3F5FF6F4BD2384BC4F3836203EB8200A8
:1046500053F822200569C4F31603C4F3C25143F48E
:1046600000038B40016A03FB02F2A3FB0110E3FB92
:10467000050202F100518D0F01F04041511A00F086
:104680003BFE2A4B9FED257B05EBD47441EC160BCA
:1046900014F0020FA3F1700208BF1346E90726EEDB
:1046A000077B27EE076B1FD404F0030402EBC40260
:1046B00093ED1A4B92ED002B93ED185B27EE027BE6
:1046C00093ED163BA6EE045B27EE064B26EE046B3D
:1046D000A4EE037BA5EE067BB7EEC70B89E703B01C
:1046E000BDE8304000F022B993ED142B26EE065BB6
:1046F00093ED127B93ED0E3BA6EE027B93ED0C0B3C
:1047000093ED104BA6EE030B26EE056BA5EE040B06
:10471000A7EE060BB7EEC00B6BE700BF182D445495
:10472000FB21193C581C002018400020C81C002008
:104730000000000038B510EE104AC4F30A53B3F578
:104740007D7FB7EEC07A1ED227EE077BB3F5667F7A
:104750006FD327EE071B634B93ED142B93ED125B86
:1047600093ED0E3BA7EE025B93ED0C0B93ED104B1C
:10477000A7EE030B27EE017BA1EE040BA5EE070BC2
:10478000B7EEC00B38BD40F22E42934254D8554983
:1047900091ED086B27EE066BFDEEC66B91ED0A5BA3
:1047A00016EE903A03F500031B1613F0020F06EE07
:1047B000903A01F1700208BF0A46D807B8EEE66BDE
:1047C000A6EE457B27EE076B1AD503F0030301EB3A
:1047D000C30191ED002B92ED1A4B92ED185B92ED17
:1047E000163BA6EE045B27EE027B27EE064B26EE79
:1047F000046BA4EE037BA5EE067BB7EEC70B38BDBA
:1048000092ED142B92ED127B92ED0E3B92ED0C0B80
:1048100092ED104B26EE065BA6EE027BA6EE030B96
:1048200026EE056BA5EE040BA7EE060BB7EEC00B4C
:1048300038BDB7EE000A38BDB3F5FF6F3DD22A4B45
:10484000C4F3836203EB820053F822200569C4F3AA
:104850001603C4F3C25143F400038B40016A03FB07
:1048600002F2A3FB0110E3FB050202F100518D0FE0
:1048700001F04041511A00F03FFD1C4B9FED177BAA
:1048800005EBD47441EC160B14F0020FA3F1700287
:1048900008BF1346E90726EE077B27EE076B10D506
:1048A00004F0030402EBC40292ED002B93ED1A4BCB
:1048B00093ED185B93ED163B93E7BDE8384000F0AD
:1048C00035B893ED142B93ED127B93ED0E3B93EDE6
:1048D0000C0B93ED104B9DE7AFF30080182D445463
:1048E000FB21193C581C002018400020C81C002047
:1048F00010B582B08DED010A044600F02BFD9DED50
:10490000010A046002B010BD9FED070AFFEE007AB5
:10491000B7EE007A00284FF0220047FE277A87EE94
:10492000800AFFF7E5BF00BF0000000070EE407A8C
:10493000B4EE400A87EEA77AF1EE10FAB0EE470A1D
:1049400002D62120FFF7D4BF704700BF08B510EE94
:10495000103A33F000422DED028B2BD0002B32DBCE
:10496000B3F1FF4F41DAB3F5000F35DB0021DA1563
:104970007F3A0A44D10FC1F17F0102EBD272C3F337
:10498000160307EE902A43EAC15300EE103AB8EE40
:10499000E78A00F0B3F8DFED177A9FED177A20EE83
:1049A000270ADFED167AA8EE070AA8EE270ABDEC63
:1049B000028B08BDBDEC028B9FED117ADFED117A01
:1049C00087EE270A08BDBDEC028B70EE407A9FEDA2
:1049D0000D7A87EE870A08BDDFED0B7A60EE277A45
:1049E0006FF0180117EE903AC1E7BDEC028B30EE84
:1049F000000A08BDD95BDE3EDB27543580209A3E95
:104A0000000000CC000000000000004C10B582B097
:104A10008DED000B044600F09DFC9DED000B046045
:104A200002B010BD82B058B1B1EE407B8DED007B7D
:104A30009DED007B222020EE070B02B0FFF7E6BFC2
:104A4000B0EE407BF2E700BF000000009FED010BDD
:104A5000FFF7E8BF00000000000000109FED010B11
:104A6000FFF7E0BF000000000000007082B00028E7
:104A7000B7EE006BBFEE007B06FE077B8DED007B83
:104A80009DED000B9FED037B222080EE070B02B013
:104A9000FFF7BCBF0000000000000000B4EE400BB8
:104AA000F1EE10FA30EE407B87EE076BB0EE460B6E
:104AB00002D62120FFF7AABF704700BFB5EE400B1A
:104AC000F1EE10FA00D070472220FFF79FBF00BF21
:104AD000000000009FED076BB0EEC07BB4EE467B9C
:104AE000F1EE10FA00DC70472220FFF78FBF00BF05
:104AF000AFF30080FFFFFFFFFFFFEF7F10EE103AE4
:104B0000B3F17E5F10EE102A38D0A3F50001B1F1A9
:104B1000FE4F36D2BFEE000B02F14043264903F5AB
:104B20004D03C3F3C34001EB001091ED404B91EDF9
:104B3000445B91ED467B91ED426BD90DC90590ED3B
:104B4000002B521A03EE902A90ED021BDB15B7EEF4
:104B5000E33AA2EE030B03EE903A20EE002BA5EE13
:104B6000007BB8EEE33BA6EE027BA3EE041B30EE27
:104B7000010BA2EE070BB7EEC00B70479FED0F0ABB
:104B80007047590014D0B3F1FF4F14D0002B0BDB4A
:104B9000B1F17F4F08D2DFED0A7A60EE277A17EE87
:104BA000903AA3F13862B5E700EE103AFFF7BEBEC7
:104BB0000120FFF7A9BE7047F00A002000000000A6
:104BC0000000004B10B582B0CDED010A019B23F02F
:104BD0000042B2F1FF4FF0EE407A30DC10EE100AE6
:104BE00020F00041B1F1FF4F29DCB3F17E5F40D0EE
:104BF0009C1704F0020444EAD07431B372B3B2F1EA
:104C0000FF4F3ED0B1F1FF4F28D0891AB1F1F45FC8
:104C10004FEAE15232DA002B40DA3C323EDA9FEDC5
:104C2000330A012C4CD0022C41D064B19FED307A74
:104C3000DFED307A30EE070A30EE670A03E09DEDD3
:104C4000017A37EE270A02B010BD022C0ED09FED7C
:104C50002A7A032C07FE000A02B010BD9FED270A36
:104C6000DFED277A002820FE270AECE79FED210AD6
:104C7000E9E702B0BDE8104000F0DAB89FED1F0A86
:104C8000CFE7B1F1FF4F04F1FF3420D0022C26D83A
:104C90001C4B03EB840393ED000AD4E79DED017AEE
:104CA00087EE870AFFF734FC00F0C2F8B9E79FED02
:104CB000107ADFED107A30EE070A37EEC00AC2E74D
:104CC00010EE103A03F1004300EE103ABBE7022C5D
:104CD00008D80D4B03EB840393ED000AB3E79FED77
:104CE000030AB0E79FED090AADE700BF000000002E
:104CF0002EBDBB33DB0F4940DB0F49C0DB0FC93F83
:104D0000DB0FC9BF04400020F83F0020DB0F493F04
:104D100030B583B0CDED010A019D35F0004041D0A2
:104D200010EE10EA2EF00041B1F1FF4F3ADAB0F187
:104D3000FF4F37DC81423BDB0EF000443AD01EF0DF
:104D4000FF4F56D10B02002B6FF07D0204DD5B009C
:104D5000002B02F1FF32FADC15F0FF4F58D10302AD
:104D60006FF07D0C03D45B000CF1FF3CFBD512F11E
:104D70007E0F47DBCEF3160E4EF400031CF17E0FC0
:104D80003ADBC5F3160141F40000B2EB0C0204D18A
:104D900017E00FD04B00013A13D0191A0029F8DAA6
:104DA0005B00F8E7DDED017A60EE277A87EEA70A6F
:104DB00003B030BD1D4B03EB547393ED000A03B0F9
:104DC00030BD181A58BF03461BB9F3E75B000CF15E
:104DD000FF3CB3F5000FF9DB1CF17E0F1DDBA3F5E3
:104DE00000030CF17F0C234343EACC5300EE103A4E
:104DF000DEE7CA157F3AAFE76FF07D01A1EB0C014A
:104E00008840C2E76FF07D039B1A01FA03F3B5E710
:104E10004FEAE05CACF17F0CA9E76FF07D02A2EBFA
:104E20000C021341234300EE103AC1E7104000206A
:104E300038B510EE105A25F00044B4F1A14FF0EE51
:104E4000407A0ADBB4F1FF4F58DCDFED517A9FED79
:104E5000517A002D37FE870A38BD4F4B9C425CDCEF
:104E6000B4F1445F4DDB4FF0FF3327EEA76ADFED6F
:104E70004B6ADFED4B5ADFED4B4A9FED4B5A9FEDEE
:104E80004B4A26EE067A5A1CE7EE265ADFED486AB0
:104E9000A5EE875AE7EE246ADFED465ADFED464A73
:104EA000E6EE875AA5EE074A9FED445ADFED446AC5
:104EB000A5EE875AE4EE074ADFED425AE4EE876A30
:104EC000E5EE075A66EE866A65EE875A3AD03E4AA4
:104ED00002EB830276EEA56A92ED007A3B4A96EEEB
:104EE000A77A02EB8303002DD3ED006A77EE677A91
:104EF00036EEE70AB0DAB1EE400A38BD30EE000A0D
:104F000038BD9FED337A30EE077AF7EE006AB4EEE3
:104F1000E67AF1EE10FAA6DD38BDFFF7F9FA2D4B6F
:104F20009C4216DCA3F5D0039C4227DCF0EE007A0D
:104F3000BFEE007AA0EE277A002330EE270AC7EEF4
:104F4000007A92E776EEA56AE6EEE77AB0EE670AB7
:104F500038BD214B9C420BDCF7EE087AB7EE007AA5
:104F6000A0EE277A022330EE670AC0EE077A7CE7CC
:104F7000BFEE007AC7EE007A032376E7F7EE007AF9
:104F800030EE677A30EE270A0123C7EE007A6CE72D
:104F9000DB0FC93FDB0FC9BFFFFFDF3ED769853C91
:104FA00059DA4B3D21A215BD356B883D6E2EBA3DB9
:104FB0006BF16EBD95879DBD2549123E388EE3BDD0
:104FC000ABAAAA3ECDCC4CBE884000207840002041
:104FD000CAF24971FFFF973FFFFF1B4081F000417C
:104FE00002E000BF83F0004330B54FEA41044FEACE
:104FF000430594EA050F08BF90EA020F1FBF54EA69
:10500000000C55EA020C7FEA645C7FEA655C00F004
:10501000E2804FEA5454D4EB5555B8BF6D420CDDD5
:105020002C4480EA020281EA030382EA000083EA58
:10503000010180EA020281EA0303362D88BF30BDF8
:1050400011F0004F4FEA01314FF4801C4CEA11314E
:1050500002D0404261EB410113F0004F4FEA0333AD
:105060004CEA133302D0524263EB430394EA050F38
:1050700000F0A780A4F10104D5F1200E0DDB02FAA7
:105080000EFC22FA05F2801841F1000103FA0EF23B
:10509000801843FA05F359410EE0A5F120050EF101
:1050A000200E012A03FA0EFC28BF4CF0020C43FA32
:1050B00005F3C01851EBE37101F0004507D54FF03F
:1050C000000EDCF1000C7EEB00006EEB0101B1F58F
:1050D000801F1BD3B1F5001F0CD349085FEA3000D5
:1050E0004FEA3C0C04F101044FEA445212F5800FE0
:1050F00080F09A80BCF1004F08BF5FEA500C50F17D
:10510000000041EB045141EA050130BD5FEA4C0C5F
:10511000404141EB0101013C28BFB1F5801FE9D2BC
:1051200091F0000F04BF01460020B1FA81F308BFDF
:105130002033A3F10B03B3F120020CDA0C3208DDAB
:1051400002F1140CC2F10C0201FA0CF021FA02F186
:105150000CE002F11402D8BFC2F1200C01FA02F1F6
:1051600020FA0CFCDCBF41EA0C019040E41AA2BF1B
:1051700001EB0451294330BD6FEA04041F3C1CDAE3
:105180000C340EDC04F11404C4F1200220FA04F003
:1051900001FA02F340EA030021FA04F345EA0301AD
:1051A00030BDC4F10C04C4F1200220FA02F001FA6F
:1051B00004F340EA0300294630BD21FA04F02946F1
:1051C00030BD94F0000F83F4801306BF81F480118A
:1051D0000134013D4EE77FEA645C18BF7FEA655CFD
:1051E00029D094EA050F08BF90EA020F05D054EACF
:1051F000000C04BF1946104630BD91EA030F1EBFD4
:105200000021002030BD5FEA545C05D140004941D7
:1052100028BF41F0004130BD14F580043CBF01F5CA
:10522000801130BD01F0004545F0FE4141F47001B0
:105230004FF0000030BD7FEA645C1ABF194610468B
:105240007FEA655C1CBF0B46024650EA013406BF8C
:1052500052EA033591EA030F41F4002130BD00BF4B
:1052600090F0000F04BF0021704730B54FF4806408
:1052700004F132044FF000054FF0000150E700BF89
:1052800090F0000F04BF0021704730B54FF48064E8
:1052900004F1320410F0004548BF40424FF00001D5
:1052A0003EE700BF42004FEAE2014FEA31014FEA18
:1052B00002701FBF12F07F4393F07F4F81F0605167
:1052C000704732F07F4208BF704793F07F4F04BFB2
:1052D00041F40021704730B54FF4607401F000458F
:1052E00021F000411CE700BF50EA010208BF7047EF
:1052F00030B54FF000050AE050EA010208BF7047E0
:1053000030B511F0004502D5404261EB41014FF448
:10531000806404F132045FEA915C3FF4D8AE4FF050
:1053200003025FEADC0C18BF03325FEADC0C18BF33
:10533000033202EBDC02C2F1200300FA03FC20FA84
:1053400002F001FA03FE40EA0E0021FA02F11444D1
:10535000BDE600BF014B1868704700BFC849002078
:10536000830730B548D0541E002A3FD0CAB2034646
:1053700001E0013C3AD303F8012B9D07F9D1032C3E
:105380002DD9CDB245EA05250F2C45EA054536D97C
:10539000A4F1100222F00F0C03F1200EE6444FEAB4
:1053A000121C03F1100242E9045542E90255103281
:1053B0007245F8D10CF1010214F00C0F03EB02124C
:1053C00004F00F0C13D0ACF1040323F003030433F7
:1053D000134442F8045B9342FBD10CF003042CB15C
:1053E000C9B21C4403F8011B9C42FBD130BD64468A
:1053F0001346002CF4D1F9E703461446BFE71A46DA
:10540000A446E0E713460A460146022000F04EBBE0
:1054100070B50D4E0D4D761BB61006D0002455F814
:10542000043B01349847A642F9D1094E094D761B39
:1054300001F0C4F8B61006D0002455F8043B01343E
:105440009847A642F9D170BD98220060982200606A
:10545000A022006098220060704700BF704700BF24
:1054600080EA0102844612F0030F4FD111F0030FBE
:1054700032D14DF8044D11F0040F51F8043B0BD01C
:10548000A3F101329A4312F0803F04BF4CF8043B71
:1054900051F8043B16D100BF51F8044BA3F101327F
:1054A0009A4312F0803FA4F101320BD14CF8043B37
:1054B000A24312F0803F04BF51F8043B4CF8044B68
:1054C000EAD023460CF8013B13F0FF0F4FEA3323D9
:1054D000F8D15DF8044B704711F0010F06D011F8B8
:1054E000012B0CF8012B002A08BF704711F0020FA6
:1054F000BFD031F8022B12F0FF0F16BF2CF8022B91
:105500008CF8002012F47F4FB3D1704711F8012BB3
:105510000CF8012B002AF9D1704700BF0C4B0D4845
:1055200019680D4AD1F8983010B4D1F89C4003FBAB
:1055300000F002FB0400A3FB0232013340EB020047
:10554000C1E926305DF8044B20F00040704700BFF1
:10555000C84900202DF451582D7F954C844641EACE
:10556000000313F003036DD1403A41D351F8043BDB
:1055700040F8043B51F8043B40F8043B51F8043B2D
:1055800040F8043B51F8043B40F8043B51F8043B1D
:1055900040F8043B51F8043B40F8043B51F8043B0D
:1055A00040F8043B51F8043B40F8043B51F8043BFD
:1055B00040F8043B51F8043B40F8043B51F8043BED
:1055C00040F8043B51F8043B40F8043B51F8043BDD
:1055D00040F8043B51F8043B40F8043B51F8043BCD
:1055E00040F8043B51F8043B40F8043B403ABDD23C
:1055F000303211D351F8043B40F8043B51F8043BDE
:1056000040F8043B51F8043B40F8043B51F8043B9C
:1056100040F8043B103AEDD20C3205D351F8043B6C
:1056200040F8043B043AF9D2043208D0D2071CBF38
:1056300011F8013B00F8013B01D30B880380604661
:10564000704700BF082A13D38B078DD010F00303D7
:105650008AD0C3F10403D21ADB071CBF11F8013B47
:1056600000F8013B80D331F8023B20F8023B7BE796
:10567000043AD9D3013A11F8013B00F8013BF9D2C1
:105680000B7803704B7843708B788370604670475B
:1056900000000000000000000000000090F800F092
:1056A0006DE9024520F007016FF0000C10F00704CF
:1056B00091F820F040F049804FF000046FF00700AF
:1056C000D1E9002391F840F000F1080082FA4CF291
:1056D000A4FA8CF283FA4CF3A2FA8CF34BBBD1E917
:1056E000022382FA4CF200F10800A4FA8CF283FA49
:1056F0004CF3A2FA8CF3E3B9D1E9042382FA4CF219
:1057000000F10800A4FA8CF283FA4CF3A2FA8CF3AD
:105710007BB9D1E9062301F1200182FA4CF200F1B4
:105720000800A4FA8CF283FA4CF3A2FA8CF3002B53
:10573000C6D0002A04BF04301A4612BAB2FA82F266
:10574000FDE8024500EBD2007047D1E9002304F0E8
:105750000305C4F100004FEAC50514F0040F91F8E9
:1057600040F00CFA05F562EA05021CBF63EA050386
:1057700062464FF00004A9E7F8B5244F0C460646F0
:1057800000F088FCBB685D68C4F57E610F3125F0D0
:1057900003054B1923F47F6323F00F03A3F5805413
:1057A000B4F5805F07DB0021304600F06DF9BB687F
:1057B0002B44984204D0304600F072FC0020F8BD23
:1057C0006142304600F060F901300DD0104ABB68EC
:1057D0002D1B45F001055D60136830461B1B1360EF
:1057E00000F05EFC0120F8BD0021304600F04CF9CD
:1057F000BA68831A0F2BDEDD43F001035360054BBB
:1058000003491B68C01A0860D5E700BFB8450020EF
:1058100084960120C0490020002961D0F8B50C46CB
:10582000064600F037FC54F8042C7B4FA4F1080521
:1058300022F0010105EB010CB868DCF8043060458A
:1058400023F0030300F08B80D207CCF8043032D46D
:1058500054F8082CAD1A1144AA6807F108008242D6
:105860006AD00CEB0304D4F804E0EC68D4601EF0BA
:10587000010FA26000F0978041F001036B60CCF84B
:105880000010B1F5007F35D27868CB0801224909B4
:1058900001338A40024357F833107A6007EBC302A2
:1058A000083AC5E9021247F83350CD603046BDE8EA
:1058B000F84000F0F5BB0CEB03025268D00710D49F
:1058C000194407F10800DCF80830834273D0DCF893
:1058D0000C20DA60936041F001036B606950D0E7FF
:1058E000704741F00103B1F5007F44F8043CCCF867
:1058F0000010C9D3B1F5206F4FEA512348D28B096C
:1059000003F1390003F13802C300F818FB580838D6
:10591000984259D05A6822F003028A4202D99B6801
:105920009842F7D1D868C5E902308560DD6030461D
:10593000BDE8F84000F0B4BB0CEB03025268D2079C
:1059400063D40B44DCE90212CA60916043F00102A7
:105950006A603046EB50BDE8F84000F0A1BB0B4454
:10596000D10707D454F8082CAD1A1344D5E9021214
:10597000CA60916043F001026A60284ABD60126803
:105980009A4293D8264B30461968FFF7F5FE8DE70B
:10599000142B0AD9542B1FD80B0B03F16F0003F102
:1059A0006E02C300B1E719448DE703F15C0003F117
:1059B0005B02C300A9E741F00103C7E90455C5E94B
:1059C00002006B60695071E779689210012404FA53
:1059D00002F20A437A60A6E7B3F5AA7F06D8CB0B9A
:1059E00003F1780003F17702C3008EE740F25452CE
:1059F000934206D88B0C03F17D0003F17C02C300B7
:105A000083E74FF47E737E227FE741F001036B60F2
:105A1000CCF800104AE700BFB8450020C449002078
:105A2000B496012040EA01039B0730B501D1032A57
:105A30000FD8844601F1FF3E07E01EF8011F03F86E
:105A4000011B541EC1B19C4622466346002AF4D174
:105A500030BD0B468446194653F8045BA5F101346A
:105A600024EA050414F0803FE4D1043A032A4CF8F8
:105A7000045B1946EFD8DDE79444002CE8D003F826
:105A8000011B6345FBD130BD38B5074D00220446EC
:105A900008462A60EDF74CFB431C00D038BD2B684C
:105AA000002BFBD0236038BDF09701202DE9F04793
:105AB000DFF87CA00646DAF8000098460F469146CB
:105AC000FFF7CAFC184B1C6824B365681F2D24DC43
:105AD0005EB96B1C0235DAF80000636044F825708B
:105AE000FFF7BCFC0020BDE8F08704EB8501012333
:105AF000C1F88890D4F88821AB401A43022EC4F82C
:105B00008821C1F80881E4D1D4F88C211A43C4F863
:105B10008C21DEE7054C1C60D7E7DAF80000FFF7C0
:105B20009DFC4FF0FF30DEE7E8940120EC9401206B
:105B3000B04500202DE9F04F01F10B06162E83B081
:105B4000044624D8102900F2BA8000F0A3FA1026E7
:105B500018220220B54F3A44A2F1080153688B4243
:105B600000F0BA805A68D96822F003021A449D688E
:105B7000E9608D60516841F001012046516003F1F8
:105B8000080500F08DFA284603B0BDE8F08F36F026
:105B9000070600F19480B14200F2918000F07AFA99
:105BA000B6F5FC7FC0F09A81730A00F08F80042B59
:105BB00000F26F81B30903F1390003F1380CC3001F
:105BC0009A4F3B44A3F108055B689D4206D10CE067
:105BD000002980F22781DB689D4206D05A6822F0B6
:105BE0000302911B0F29F3DD60463D69DFF850C2C7
:105BF00065457CD06A6822F00302931B0F2B00F3EB
:105C00007B81002BC7E904CC80F26C81B2F5007F68
:105C100080F01A81D308796801334FEA521E0122BD
:105C200002FA0EF20A4357F833E0C5F808E007EB32
:105C3000C3010839E9607A6047F83350CEF80C5058
:105C4000831001219940914257D8114206D120F08A
:105C500003004900114200F10400FAD007EBC0092B
:105C60004D468646D5F80C80454508D11DE1002BF0
:105C700080F22481D8F80C80454500F01681D8F8D0
:105C8000042022F00302931B0F2BF0DD2046D8E9FD
:105C9000025408EB060146F00106C8F80460EC6007
:105CA000A56043F00104C7E90411C1E902CC4C60CE
:105CB00048F8023000F0F4F908F1080502E00C237E
:105CC00023600025284603B0BDE8F08F4FF4007331
:105CD00040204FF03F0C73E7D3689A4208BF023070
:105CE0007FF440AF3D69DFF858C1654582D17A68DD
:105CF0008310012199409142A7D9BD686B6823F0B8
:105D000003094E4503D8A9EB06030F2B7ADCDFF815
:105D100034B1474BDBF800201B680132334405EBFC
:105D2000090A00F0338103F580530F3323F47F68B1
:105D300028F00F0841462046FFF7A6FE411C024608
:105D400000F0F380824500F2EE803A4B196841443E
:105D50001960084600F04E81DBF800100193013114
:105D60001BBFA2EB0A010918CBF80020196012F042
:105D7000070B00F01781CBF108010A44CBF58051E5
:105D800090440831A1EB0801C1F30B0A51462046AB
:105D90000092FFF779FE421CDDE9002300F04F81FD
:105DA000801A00EB0A081968BA6048F001005144F3
:105DB000BD425060196000F02981B9F10F0F40F227
:105DC00027816868A9F10C0C2CF0070C00F0010089
:105DD00040EA0C0068604FF0050E05EB0C00BCF1CA
:105DE0000F0FC0E901EE00F2328150681546124BE8
:105DF0001A688A4238BF1960104B1A688A4238BF45
:105E0000196094E0AA1943F0010346F001066E60A0
:105E10002046BA60536000F043F90835284603B0C5
:105E2000BDE8F08FD9681A44A1E600BFB84500204C
:105E3000B496012084960120AC960120B0960120F2
:105E4000C0450020C0490020B2F5206F4FEA522320
:105E500063D3142B00F2B78003F15C01C9005B33FC
:105E600007EB010E7958AEF1080E8E4500F09180D7
:105E70004B6823F00303934202D989688E45F7D11A
:105E8000D1F80CE07A68C5E9021ECEF80850CD6062
:105E9000D6E6142B59D9542B00F29D80330B03F115
:105EA0006F0003F16E0CC3008AE60EF1010E1EF0C6
:105EB000030F05F108057FF4D5AE51E04244454695
:105EC0005368D8F80C1043F00103536055F8083FAD
:105ED0002046D9608B6000F0E3F8F3E6F00806F1A5
:105EE000080237E62A442046536843F00103536012
:105EF000083500F0D5F8E5E6A919204646F0010678
:105F000043F001046E60C7E90411C1E902CC4C60A2
:105F1000AB5000F0C5F80835D4E6930903F1390118
:105F2000C90038339CE7BD425FD0BD68686820F087
:105F300003084645A8EB060302D80F2B3FF762AFD4
:105F4000204600F0ADF80025BCE603F15C0003F14B
:105F50005B0CC30034E659F808394B4540F0968095
:105F600010F0030F00F1FF30F5D17B6823EA010345
:105F70007B60490099423FF6C0AE19B9BDE64900C1
:105F80000EF1040E1942FAD0704667E603F11008CC
:105F9000D0E69A104FF001087B6808FA02F21A4323
:105FA0007A6070E702EB08014942C1F30B0A5146DF
:105FB00020460092FFF768FD431CDDE900237FF4D3
:105FC000EFAEDA46EFE6542B25D8130B03F16F0141
:105FD000C9006E3344E7B3F5AA7F25D8F30B03F16C
:105FE000780003F1770CC300EAE5294B18684044B8
:105FF0001860B1E6CAF30B0CBCF1000F7FF4ACAE35
:10600000BD68C84448F001006860F0E61546EEE659
:106010000123536094E7B3F5AA7F23D8D30B03F190
:106020007801C90077331BE740F25452934223D8DA
:10603000B30C03F17D0003F17C0CC300C0E5ABF1B0
:10604000080BD844A8EB02084FF0000AABE605F1B4
:10605000080120460093FFF7DFFBBD68009B6868DE
:106060001968C4E640F254518B420BD8930C03F1EB
:106070007D01C9007C33F3E64FF47E737F204FF03F
:106080007E0C9DE54FF47E717E23E9E67B6870E728
:10609000849601200148FFF7DFB900BF80960120F8
:1060A0000148FFF7DBB900BF809601202DE9F84FCA
:1060B0001746002900F098800C4607F10B05804632
:1060C000FFF7E8FF162D54F8041C5BD810252A466C
:1060D000AF425CD821F003069642A4F1080962DAC7
:1060E000BC4BD3F808C009EB0600844500F097804C
:1060F000D0F804C02CF0010303445B68DB0768D4CC
:106100002CF0030C06EB0C03934247DACB0710D4B8
:1061100054F8083CA9EB030ADAF8043023F0030131
:106120008C44B444944580F211817318934280F2F8
:10613000E88039464046FFF7FDFC0746E0B154F8D9
:10614000043C23F001034B44A0F10802934200F009
:10615000D280321F242A00F2F580132A00F2AC808C
:1061600003462246116819605168596092689A6026
:1061700021464046FFF750FB4046FFF791FF384667
:10618000BDE8F88F25F00705002D2A46A0DA0C237C
:10619000C8F8003000273846BDE8F88F1E46D0E921
:1061A0000223D3609A60731B0F2B22D8D9F80430D6
:1061B00003F0010333434E44C9F80430736843F0DD
:1061C0000103736040462746FFF76AFF3846BDE883
:1061D000F88FC907ADD454F8083CA9EB030ADAF8E4
:1061E000041021F00301A0E7BDE8F84F1146FFF7C6
:1061F000A1BCD9F8042009EB050102F001024E44CC
:1062000043F001032A43C9F804204B60736843F04C
:106210000103083173604046FFF7FEFAD2E7DCF86D
:10622000040020F0030B06EB0B0C05F11000844575
:106230004DDAC9073FF57DAF54F8081CA9EB010AF8
:10624000DAF8041021F003018B44B34458453FF7BA
:106250006CAF5746DAF80C1057F8080F321F242A93
:10626000C160886000F2DB80132A40F2D68021688A
:10627000CAF808106168CAF80C101B2A00F2DF8007
:1062800008340AF110022168116061685160A16848
:1062900091600AEB0501ABEB050242F00102996047
:1062A0004A60DAF8043003F001032B434046CAF891
:1062B0000430FFF7F5FE6EE7236803606368436010
:1062C0001B2A68D804F1080200F108034AE709EB29
:1062D00005029A60ACEB050343F00103536054F8E8
:1062E000043C03F001032B43404644F8043CFFF711
:1062F000D7FE27464FE750F8043C23F003031E4423
:1063000051E75746DAF80C1057F8080F321F242AC5
:10631000C16088604CD8132A48D92168CAF808108F
:106320006168CAF80C101B2A56D808340AF110020A
:106330001E462368136063685360A3689360D14668
:106340003C4630E7214600F09DF811E7D0E9021302
:106350005746CB60996057F8081FDAF80C30CB60CD
:10636000321F242A99602DD8132A29D92368CAF804
:1063700008306368CAF80C301B2A42D808340AF186
:10638000100322681A6062685A60A2689A606646C2
:10639000D1463C4607E7A3688360E368C360242ACC
:1063A00026D004F1100200F11003DBE63A46BFE705
:1063B000214638461E46D14600F064F83C46F2E6D7
:1063C0003B46DEE7214638466646D14600F05AF89D
:1063D0003C46E8E6B8450020A168CAF81010E1681C
:1063E000CAF81410242A20D010340AF118029FE7AA
:1063F000236903616169416104F1180200F1180326
:10640000B0E6A368CAF81030E368CAF81430242A4A
:1064100021D010340AF11803B3E73A4633E7214696
:10642000384600F02FF8164B33E72269CAF81820D7
:106430006269CAF81C2018340AF1200278E7A168C2
:10644000CAF81010E168CAF81410242A0DD01034CC
:106450000AF1180217E72369CAF818306369CAF805
:106460001C3018340AF120038BE72269CAF818207F
:106470006269CAF81C2018340AF1200203E700BF41
:10648000B845002088420DD98B1883420AD900EB09
:10649000020CBAB1624613F801CD02F801CD99425F
:1064A000F9D170470F2A0ED8034602F1FF3C4AB1DA
:1064B0000CF1010C013B8C4411F8012B03F8012F66
:1064C0006145F9D1704740EA01039B0750D1A2F121
:1064D000100370B501F1200C23F00F0501F1100E2F
:1064E00000F11004AC441B095EF8105C44F8105C29
:1064F0005EF80C5C44F80C5C5EF8085C44F8085CE0
:106500005EF8045C44F8045C0EF1100EE64504F1FC
:106510001004E9D1013312F00C0F01EB031102F06A
:106520000F0400EB031327D0043C24F003064FEACA
:10653000940C1E441C1F8E465EF8045B44F8045FF6
:10654000B442F9D10CF1010402F0030203EB84031D
:1065500001EB840102F1FF3C4AB10CF1010C013B5B
:106560008C4411F8012B03F8012F6145F9D170BD5E
:1065700002F1FF3C03469BE72246EBE7024B014654
:106580001868FFF7D7BA00BFC8490020024B014680
:106590001868FFF741B900BFC849002010B4044C87
:1065A00003460A4620685DF8044B1946FFF77EBD96
:1065B000C84900205FF800F0512100605FF800F04A
:1065C000512200605FF800F0A12000605FF800F049
:0C65D000CD210060000000000000000071
:0465DC00F8B500BF4F
:0865E000A8D8FF7F01000000B4
:1065E80000000000000000000000000000000000A3
:1065F8000000000000000000000000000000000093
:106608000000000000000000000000000000000082
:106618000000000000000000000000000000000072
:106628000000000000000000000000000000000062
:106638000000000000000000000000000000000052
:106648000000000000000000000000000000000042
:106658000000000000000000000000000000000032
:106668000000000000000000000000000000000022
:106678000000000000000000000000000000000012
:106688000000000000000000000000000000000002
:1066980000000000000000000000000000000000F2
:1066A80000000000000000000000000000000000E2
:1066B80000000000000000000000000000000000D2
:1066C80000000000000000000000000000000000C2
:1066D80000000000000000000000000000000000B2
:1066E80000000000000000000000000000000000A2
:1066F8000000000000000000000000000000000092
:106708000000000000000000000000000000000081
:106718000000000000000000000000000000000071
:106728000000000000000000000000000000000061
:106738000000000000000000000000000000000051
:106748000000000000000000000000000000000041
:106758000000000000000000000000000000000031
:106768000000000000000000000000000000000021
:106778000000000000000000000000000000000011
:106788000000000000000000000000000000000001
:1067980000000000000000000000000000000000F1
:1067A80000000000000000000000000000000000E1
:1067B80000000000000000000000000000000000D1
:1067C80000000000000000000000000000000000C1
:1067D80000000000000000000000000000000000B1
:1067E80000000000000000000000000000000000A1
:1067F8000000000000000000000000000000000091
:106808000000000000000000000000000000000080
:106818000000000000000000000000000000000070
:106828000000000000000000000000000000000060
:106838000000000000000000000000000000000050
:106848000000000000000000000000000000000040
:106858000000000000000000000000000000000030
:10686800FE822B6547156740000000000000384392
:106878000000FAFE422E76BF3A3B9EBC9AF70CBD4A
:10688800BDFDFFFFFFFFDF3F3C5455555555C53F44
:10689800912B17CF5555A53F17D0A4671111813FEC
:1068A800000000000000C842EF39FAFE422EE63F21
:1068B80024C482FFBDBFCE3FB5F40CD7086BAC3FF4
:1068C800CC5046D2ABB2833F843A4E9BE0D7553F7B
:1068D8000000000000000000000000000000F03F81
:1068E8006EBF881A4F3B9B3C3533FBA93DF6EF3F03
:1068F8005DDCD89C136071BC6180773E9AECEF3FF9
:10690800D16687107A5E90BC857F6EE815E3EF3F0D
:1069180013F6673552D28C3C748515D3B0D9EF3F46
:10692800FA8EF92380CE8BBCDEF6DD296BD0EF3FE3
:1069380061C8E6614EF7603CC89B751845C7EF3FD4
:1069480099D3335BE4A3903C83F3C6CA3EBEEF3FC2
:106958006D7B835DA69A973C0F89F96C58B5EF3F1C
:10696800FCEFFD921AB58E3CF747722B92ACEF3FC5
:10697800D19C2F703DBE3E3CA2D1D332ECA3EF3F59
:106988000B6E908934036ABC1BD3FEAF669BEF3F46
:106998000EBD2F2A525695BC515B12D00193EF3F82
:1069A80055EA4E8CEF8050BCCC316CC0BD8AEF3FAD
:1069B80016F4D5B923C991BCE02DA9AE9A82EF3F50
:1069C800AF555CE9E3D3803C518EA5C8987AEF3F78
:1069D8004893A5EA151B80BC7B517D3CB872EF3FFC
:1069E8003D32DE55F01F8FBCEA8D8C38F96AEF3FD7
:1069F800BF53133F8C898B3C75CB6FEB5B63EF3FC9
:106A080026EB11769CD996BCD45C0484E05BEF3FFE
:106A1800602F3A3EF7EC9A3CAAB968318754EF3FA9
:106A28009D3886CB82E78FBC1DD9FC22504DEF3FA5
:106A38008DC3A644416F8A3CD68C62883B46EF3FA3
:106A48007D04E4B0057A803C96DC7D91493FEF3FB8
:106A580094A8A8E3FD8E963C3862756E7A38EF3FAD
:106A68007D4874F2185E873C3FA6B24FCE31EF3FA7
:106A7800F2E71F982B47803CDD7CE265452BEF3F12
:106A88005E08713F7BB896BC8163F5E1DF24EF3F78
:106A980031AB096DE1F7823CE1DE1FF59D1EEF3F4A
:106AA800FABF6F1A9B213DBC90D9DAD07F18EF3F0F
:106AB800B40A0C7282378B3C0B03E4A68512EF3FB5
:106AC8008FCBCE8992146E3C562F3EA9AF0CEF3F68
:106AD800B6ABB04D754D833C15B7310AFE06EF3F96
:106AE8004C74ACE20142863C31D84CFC7001EF3F5B
:106AF8004AF8D35D39DD8F3CFF1664B208FCEE3FDF
:106B0800045B8E3B80A386BCF19F925FC5F6EE3F87
:106B180068504BCCED4A92BCCBA93A37A7F1EE3F6F
:106B28008E2D511BF80799BC66D8056DAEECEE3F6B
:106B3800D236943EE8D171BCF79FE534DBE7EE3FEF
:106B4800151BCEB3191999BCE5A813C32DE3EE3F65
:106B58006D4C2AA7489F853C2234124CA6DEEE3F96
:106B68008A69287A601293BC1C80AC0445DAEE3F2F
:106B78005B8917488FA758BC2A2EF7210AD6EE3F03
:106B88001B9A49679B2C7CBC97A850D9F5D1EE3F3E
:106B980011ACC260ED63433C2D89616008CEEE3FC5
:106BA800EF64063B0966963C57001DED41CAEE3F6F
:106BB8007903A1DAE1CC6E3CD03CC1B5A2C6EE3F68
:106BC80030120F3F8EFF933CDED3D7F02AC3EE3F3F
:106BD800B0AF7ABBCE90763C272A36D5DABFEE3FE7
:106BE80077E054EBBD1D933C0DDDFD99B2BCEE3F43
:106BF8008EA3710034948FBCA72C9D76B2B9EE3F5A
:106C080049A393DCCCDE87BC4266CFA2DAB6EE3F5E
:106C18005F380FBDC6DE78BC824F9D562BB4EE3F61
:106C2800F65C7BEC461286BC0F925DCAA4B1EE3FBF
:106C38008ED7FD180535933CDA27B53647AFEE3FBA
:106C4800059B8A2FB7987B3CFDC797D412ADEE3FC2
:106C580009541CE2E163903C295448DD07ABEE3F40
:106C6800EAC6195085C7343CB746598A26A9EE3F6B
:106C780035C0642BE632943C4821AD156FA7EE3F32
:106C88009F7699614AE48CBC09DC76B9E1A5EE3FB0
:106C9800A84DEF3BC5338CBC85553AB07EA4EE3F7A
:106CA800AEE92B89785384BC20C3CC3446A3EE3F8D
:106CB80058585678DDCE93BC2522558238A2EE3F2F
:106CC80064197E80AA10573C73A94CD455A1EE3F95
:106CD80028225EBFEFB393BCCD3B7F669EA0EE3FFC
:106CE80082B93487AD126ABCBFDA0B7512A0EE3FC9
:106CF800EEA96DB8EF6763BC2F1A653CB29FEE3FF3
:106D08005188E0543DDC80BC849451F97D9FEE3F6E
:106D1800CF3E5A7E641F78BC745FECE8759FEE3FE7
:106D2800B07D8BC04AEE86BC7481A5489A9FEE3F21
:106D38008AE6551E321986BCC9674256EB9FEE3F5C
:106D4800D3D4095ECB9C903C3F5DDE4F69A0EE3FFB
:106D58001DA54DB9DC327BBC8701EB7314A1EE3F56
:106D68006BC06754FDEC943C32C13001EDA1EE3F9D
:106D7800556CD6ABE1EB653C624ECF36F3A2EE3FE5
:106D880042CFB32FC5A188BC121A3E5427A4EE3FA8
:106D980034373BF1B66993BC13CE4C9989A5EE3FC5
:106DA8001EFF193A845E80BCADC723461AA7EE3F82
:106DB8006E5772D850D494BCED92449BD9A8EE3F3C
:106DC800008A0E5B67AD903C99668AD9C7AAEE3FE8
:106DD800B4EAF0C12FB78D3CDBA02A42E5ACEE3F08
:106DE800FFE7C59C60B665BC8C44B51632AFEE3F74
:106DF800445FF35983F67B3C36771599AEB1EE3F85
:106E0800833D1EA71F0993BCC6FF910B5BB4EE3FE1
:106E1800291E6C8BB8A95DBCE5C5CDB037B7EE3F70
:106E280059B9907CF9236CBC0F52C8CB44BAEE3FD9
:106E3800AAF9F422434392BC504EDE9F82BDEE3F36
:106E48004B8E66D76CCA85BCBA07CA70F1C0EE3FD4
:106E580027CE912BFCAF713C90F0A38291C4EE3FFA
:106E6800BB730AE135D26D3C2323E31963C8EE3FB7
:106E78006322622204C587BC65E55D7B66CCEE3F74
:106E8800D531E2E3861C8B3C332D4AEC9BD0EE3F98
:106E980015BBBCD3D1BB91BC5D253EB203D5EE3F3B
:106EA800D231EE9C31CC903C58B330139ED9EE3F92
:106EB800B35A736E8469843CBFFD79556BDEEE3F2F
:106EC800B49D8E97CDDF82BC7AF3D3BF6BE3EE3FE0
:106ED8008733CB92771A8C3CADD35A999FE8EE3F13
:106EE800FAD9D14A8F7B90BC66B68D2907EEEE3F62
:106EF800BAAEDC56D9C355BCFB154FB8A2F3EE3F6A
:106F080040F6A63D0EA490BC3A59E58D72F9EE3FC5
:106F18003493AD38F4D668BC475EFBF276FFEE3F9B
:106F2800358A586BE2EE91BC4A06A130B005EF3FB6
:106F3800CDDD5F0AD7FF743CD2C14B901E0CEF3FEA
:106F4800AC9892FAFBBD91BC091ED75BC212EF3F09
:106F5800B30CAF30AE6E733C9C5285DD9B19EF3F8E
:106F680094FD9F5C32E38E3C7AD0FF5FAB20EF3F0D
:106F7800AC5909D18FE0843C4BD1572EF127EF3F14
:106F8800671A4E38AFCD633CB5E706946D2FEF3FD7
:106F98006819926C2C6B673C6990EFDC2037EF3FE7
:106FA800D2B5CC83188A80BCFAC35D550B3FEF3F3E
:106FB8006FFAFF3F5DAD8FBC7C89074A2D47EF3FD5
:106FC80049A97538AE0D90BCF2890D08874FEF3F7F
:106FD800A7073DA685A3743C87A4FBDC1858EF3FA0
:106FE8000F2240209E9182BC9883C916E360EF3F30
:106FF800AC92C1D5505A8E3C8532DB03E669EF3F2F
:107008004B6B01AC593A843C60B401F32173EF3FF8
:107018001F3EB40721D582BC5F9B7B33977CEF3F33
:10702800C90D473BB92A89BC29A1F5144686EF3F0B
:10703800D3883A6004B6743CF63F8BE72E90EF3F56
:1070480071729D51ECC5833C834CC7FB519AEF3F4D
:10705800F091D38F12F78FBCDA90A4A2AFA4EF3FC0
:107068007D7423E298AE8DBCF1678E2D48AFEF3F5B
:107078000820AA41BCC38E3C275A61EE1BBAEF3FD9
:1070880032EBA9C3942B843C97BA6B372BC5EF3FDF
:10709800EE85D131A9648A3C40456E5B76D0EF3FDE
:1070A800EDE33BE4BA378EBC14BE9CADFDDBEF3F8D
:1070B8009DCD914D3B89773CD8909E81C1E7EF3FAC
:1070C80089CC6041C105533CF1718F2BC2F3EF3F6E
:1070D800BEF3F879EC61F63FDEAA8C80F77BD5BF6A
:1070E8003D88AF4AED71F53FDB6DC0A7F0BED2BF5A
:1070F800B010F0F03995F43F673A517FAE1ED0BF1B
:107108008503B8B095C9F33FE92482A6D831CBBF2F
:10711800A564880C190DF33F5877C00A4F57C6BFAE
:10712800A08E0B7B225EF23F00819CC72BAAC1BFB9
:107138003F341A4A4ABBF13F5E0E8CCE764EBABF38
:10714800BAE58AF05823F13FCC1C615A3C97B1BF8D
:10715800A70099413F95F03F1E0CE138F452A2BFB9
:10716800000000000000F03F0000000000000000E8
:10717800AC479AFD8C60EE3F8459F25DAAA5AA3F00
:10718800A06A021FB3A4EC3FB42E36AA535EBC3FDC
:10719800E6FC6A573620EB3F08DB2077E526C53F3B
:1071A8002DAAA163D1C2E93F7047220D86C2CB3F09
:1071B800ED417803E686E83FE17EA0C88B05D13F24
:1071C800624853F5DC67E73F09EEB6573004D43F11
:1071D800EF39FAFE422EE63F3483B848A30ED0BFFB
:1071E8006A0BE00B5B57D53F23410AF2FEFFDFBF76
:1071F8000038FAFE422EE63F3067C79357F32E3D1C
:10720800000000000000E0BF605555555555E5BF2A
:10721800060000000000E03F4E5559999999E93F52
:107228007AA429555555E5BFE945489B5B49F2BF06
:10723800C33F268B2B00F03F0000000000A0F63F64
:10724800000000000000000000C8B9F2822CD6BF80
:107258008056372824B4FA3C000000000080F63F2E
:107268000000000000000000000858BFBDD1D5BFD5
:1072780020F7E0D808A51CBD000000000060F63F1C
:107288000000000000000000005845177776D5BFC1
:107298006D50B6D5A46223BD000000000040F63F43
:1072A800000000000000000000F82D87AD1AD5BFCF
:1072B800D567B09EE484E6BC000000000020F63FDD
:1072C8000000000000000000007877955FBED4BF82
:1072D800E03E2993691B04BD000000000000F63F52
:1072E800000000000000000000601CC28B61D4BFD9
:1072F800CC844C482FD8133D0000000000E0F53F37
:10730800000000000000000000A886863004D4BFFA
:107318003A0B82EDF342DC3C0000000000C0F53F70
:107328000000000000000000004869554CA6D3BFCB
:1073380060945186C6B1203D0000000000A0F53FD2
:1073480000000000000000000080989ADD47D3BFCD
:107358009280C5D44D59253D000000000080F53FBE
:1073680000000000000000000020E1BAE2E8D2BFFF
:10737800D82BB7991E7B263D000000000060F53F22
:1073880000000000000000000088DE135A89D2BF08
:107398003FB0CFB614CA153D000000000060F53FAD
:1073A80000000000000000000088DE135A89D2BFE8
:1073B8003FB0CFB614CA153D000000000040F53FAD
:1073C80000000000000000000078CFFB4129D2BF78
:1073D80076DA5328245A16BD000000000020F53F35
:1073E8000000000000000000009869C198C8D1BFE3
:1073F8000454E768BCAF1FBD000000000000F53F63
:10740800000000000000000000A8ABAB5C67D1BF23
:10741800F0A88233C61F1F3D0000000000E0F43FC3
:1074280000000000000000000048AEF98B05D1BF45
:10743800665A05FDC4A826BD0000000000C0F43F40
:107448000000000000000000009073E224A3D0BFF9
:107458000E03F47EEE6B0CBD0000000000A0F43FAC
:10746800000000000000000000D0B4942540D0BF08
:107478007F2DF49EB836F0BC0000000000A0F43F59
:10748800000000000000000000D0B4942540D0BFE8
:107498007F2DF49EB836F0BC000000000080F43F59
:1074A800000000000000000000405E6D18B9CFBF6A
:1074B800873C99AB2A570D3D000000000060F43F5F
:1074C80000000000000000000060DCCBADF0CEBF83
:1074D80024AF869CB7262B3D000000000040F43FF7
:1074E800000000000000000000F02A6E0727CEBF51
:1074F80010FF3F544F2F17BD000000000020F43F3D
:10750800000000000000000000C04F6B215CCDBFF0
:107518001B68CABB91BA213D000000000000F43F7F
:10752800000000000000000000A09AC7F78FCCBF41
:1075380034849F684F79273D000000000000F43F25
:10754800000000000000000000A09AC7F78FCCBF21
:1075580034849F684F79273D0000000000E0F33F26
:10756800000000000000000000902D7486C2CBBF10
:107578008FB78B31B04E193D0000000000C0F33FBB
:10758800000000000000000000C0804EC9F3CABF20
:107598006690CD3F634EBA3C0000000000A0F33F68
:1075A800000000000000000000B0E21FBC23CABFBA
:1075B800EAC146DC648C25BD0000000000A0F33F52
:1075C800000000000000000000B0E21FBC23CABF9A
:1075D800EAC146DC648C25BD000000000080F33F52
:1075E80000000000000000000050F49C5A52C9BF7F
:1075F800E3D4C104D9D12ABD000000000060F33FE4
:10760800000000000000000000D02065A07FC8BF77
:1076180009FADB7FBFBD2B3D000000000040F33FAF
:10762800000000000000000000E0100289ABC7BFA6
:10763800584A537290DB2B3D000000000040F33F96
:10764800000000000000000000E0100289ABC7BF86
:10765800584A537290DB2B3D000000000020F33F96
:10766800000000000000000000D019E70FD6C6BFD8
:1076780066E2B2A36AE410BD000000000000F33F18
:1076880000000000000000000090A77030FFC5BF98
:107698003950109F439E1EBD000000000000F33FBC
:1076A80000000000000000000090A77030FFC5BF78
:1076B8003950109F439E1EBD0000000000E0F23FBD
:1076C800000000000000000000B0A1E3E526C5BFEF
:1076D8008F5B07908BDE20BD0000000000C0F23FEA
:1076E80000000000000000000080CB6C2B4DC4BFE0
:1076F8003C783561C10C173D0000000000C0F23F26
:1077080000000000000000000080CB6C2B4DC4BFBF
:107718003C783561C10C173D0000000000A0F23F25
:10772800000000000000000000901E20FC71C3BF94
:107738003A54274D8678F13C000000000080F23F63
:10774800000000000000000000F01FF85295C2BFC2
:1077580008C47117308D24BD000000000060F23F9E
:10776800000000000000000000602FD52AB7C1BF4C
:1077780096A31118A4802EBD000000000060F23FFF
:10778800000000000000000000602FD52AB7C1BF2C
:1077980096A31118A4802EBD000000000040F23FFF
:1077A80000000000000000000090D07C7ED7C0BF21
:1077B800F45BE88896690A3D000000000040F23F4B
:1077C80000000000000000000090D07C7ED7C0BF01
:1077D800F45BE88896690A3D000000000020F23F4B
:1077E800000000000000000000E0DB3191ECBFBFAA
:1077F800F233A35C547525BD000000000000F23F81
:10780800000000000000000000002B6E0727BEBF2C
:107818003C00F02A2C342A3D000000000000F23F12
:10782800000000000000000000002B6E0727BEBF0C
:107838003C00F02A2C342A3D0000000000E0F13F13
:10784800000000000000000000C05B8F545EBCBF59
:1078580006BE5F58570C1DBD0000000000C0F13F78
:10786800000000000000000000E04A3A6D92BABF34
:10787800C8AA5BE83539253D0000000000C0F13F8B
:10788800000000000000000000E04A3A6D92BABF14
:10789800C8AA5BE83539253D0000000000A0F13F8B
:1078A800000000000000000000A031D645C3B8BFAA
:1078B80068562F4D297C133D0000000000A0F13FC1
:1078C800000000000000000000A031D645C3B8BF8A
:1078D80068562F4D297C133D000000000080F13FC1
:1078E80000000000000000000060E58AD2F0B6BF8A
:1078F800DA7333C9379726BD000000000060F13FF6
:1079080000000000000000000020063F071BB5BF74
:10791800575EC6615B021F3D000000000060F13F3A
:1079280000000000000000000020063F071BB5BF54
:10793800575EC6615B021F3D000000000040F13F3A
:10794800000000000000000000E01B96D741B3BF14
:10795800DF13F9CCDA5E2C3D000000000040F13F57
:10796800000000000000000000E01B96D741B3BFF4
:10797800DF13F9CCDA5E2C3D000000000020F13F57
:1079880000000000000000000080A3EE3665B1BFD3
:1079980009A38F765E7C143D000000000000F13FD3
:1079A8000000000000000000008011C0300AAFBFD6
:1079B800918E36839E592D3D000000000000F13F56
:1079C8000000000000000000008011C0300AAFBFB6
:1079D800918E36839E592D3D0000000000E0F03F57
:1079E800000000000000000000801971DD42ABBFFC
:1079F8004C70D6E57A821C3D0000000000E0F03FA4
:107A0800000000000000000000801971DD42ABBFDB
:107A18004C70D6E57A821C3D0000000000C0F03FA3
:107A2800000000000000000000C032F65874A7BF34
:107A3800EEA1F23446FC2CBD0000000000C0F03F6F
:107A4800000000000000000000C032F65874A7BF14
:107A5800EEA1F23446FC2CBD0000000000A0F03F6F
:107A6800000000000000000000C0FEB9879EA3BF10
:107A7800AAFE26F5B702F53C0000000000A0F03F82
:107A8800000000000000000000C0FEB9879EA3BFF0
:107A9800AAFE26F5B702F53C000000000080F03F82
:107AA80000000000000000000000780E9B829FBFCD
:107AB800E4097E7C268029BD000000000080F03F9C
:107AC80000000000000000000000780E9B829FBFAD
:107AD800E4097E7C268029BD000000000060F03F9C
:107AE80000000000000000000080D5071BB997BF08
:107AF80039A6FA93548D28BD000000000040F03FDD
:107B080000000000000000000000FCB0A8C08FBF0B
:107B18009CA6D3F67C1EDFBC000000000040F03FAE
:107B280000000000000000000000FCB0A8C08FBFEB
:107B38009CA6D3F67C1EDFBC000000000020F03FAE
:107B480000000000000000000000106B2AE07FBF6A
:107B5800E440DA0D3FE219BD000000000020F03FCC
:107B680000000000000000000000106B2AE07FBF4A
:107B7800E440DA0D3FE219BD000000000000F03FCC
:107B880000000000000000000000000000000000ED
:107B98000000000000000000000000000000F03FAE
:107BA80000000000000000000000000000000000CD
:107BB80000000000000000000000000000C0EF3FCF
:107BC8000000000000000000000089751510803FCB
:107BD800E82B9D996BC710BD000000000080EF3FA7
:107BE8000000000000000000008093585620903FDD
:107BF800D2F7E2065BDC23BD000000000040EF3F47
:107C080000000000000000000000C9282549983F36
:107C1800340C5A32BAA02ABD000000000000EF3F21
:107C280000000000000000000040E7895D41A03F1F
:107C380053D7F15CC011013D0000000000C0EE3FC9
:107C4800000000000000000000002ED4AE66A43F33
:107C580028FDBD7573162CBD000000000080EE3FA6
:107C6800000000000000000000C09F14AA94A83F74
:107C78007D265AD0957919BD000000000040EE3FDE
:107C8800000000000000000000C0DDCD73CBAC3F59
:107C98000728D847F2681ABD000000000020EE3F10
:107CA800000000000000000000C006C031EAAE3F3E
:107CB8007B3BC94F3E110EBD0000000000E0ED3FC8
:107CC8000000000000000000006046D13B97B13F73
:107CD8009B9E0D565D3225BD0000000000A0ED3FC3
:107CE800000000000000000000E0D1A7F5BDB33F90
:107CF800D74EDBA55EC82C3D000000000060ED3FBC
:107D0800000000000000000000A0974D5AE9B53FB0
:107D18001E1D5D3C06692CBD000000000040ED3FC3
:107D2800000000000000000000C0EA0AD300B73FCE
:107D380032ED9DA98D1EEC3C000000000000ED3FD7
:107D480000000000000000000040595D5E33B93FAC
:107D5800DA47BD3A5C11233D0000000000C0EC3F4B
:107D680000000000000000000060AD8DC86ABB3F45
:107D7800E568F72B809013BD0000000000A0EC3FE1
:107D880000000000000000000040BC015888BC3F13
:107D9800D3AC5AC6D146263D000000000060EC3F37
:107DA800000000000000000000200A8339C7BE3F21
:107DB800E045E6AF68C02DBD000000000040EC3F84
:107DC800000000000000000000E0DB3991E8BF3F40
:107DD800FD0AA14FD63425BD000000000000EC3F8D
:107DE800000000000000000000E027828E17C13F5D
:107DF800F2072DCE78EF213D0000000000E0EB3FB8
:107E0800000000000000000000F0237E2BAAC13F04
:107E1800349938448EA72C3D0000000000A0EB3FA9
:107E280000000000000000000080860C61D1C23F05
:107E3800A1B481CB6C9D033D000000000080EB3FA6
:107E48000000000000000000009015B0FC65C33F72
:107E580089724B23A82FC63C000000000040EB3F6E
:107E6800000000000000000000B033833D91C43FD3
:107E780078B6FD547983253D000000000020EB3FD3
:107E8800000000000000000000B0A1E4E527C53FA5
:107E9800C77D69E5E833263D0000000000E0EA3FC1
:107EA800000000000000000000108CBE4E57C63FC6
:107EB800782E3C2C8BCF193D0000000000C0EA3F13
:107EC80000000000000000000070758B12F0C63F33
:107ED800E1219CE58D1125BD0000000000A0EA3FCE
:107EE8000000000000000000005044858D89C73F55
:107EF8000543917010661CBD000000000060EA3F59
:107F08000000000000000000000039EBAFBEC83FD1
:107F1800D12CE9AA543D07BD000000000040EA3F0B
:107F280000000000000000000000F7DC5A5AC93FBA
:107F38006FFFA05828F2073D000000000000EA3F4C
:107F4800000000000000000000E08A3CED93CA3FFA
:107F580069215650437228BD0000000000E0E93F47
:107F6800000000000000000000D05B57D831CB3F74
:107F7800AAE1AC4E8D350CBD0000000000C0E93F01
:107F8800000000000000000000E03B3887D0CB3F35
:107F9800B6125459C44B2DBD0000000000A0E93FA3
:107FA80000000000000000000010F0C6FB6FCC3F8E
:107FB800D22B96C572ECF1BC000000000060E93FCE
:107FC80000000000000000000090D4B03DB1CD3F9B
:107FD80035B015F72AFF2ABD000000000040E93F30
:107FE80000000000000000000010E7FF0E53CE3F25
:107FF80030F441602712C23C000000000020E93F35
:1080080000000000000000000000DDE4ADF5CE3FF8
:10801800118EBB651521CABC000000000000E93FB5
:10802800000000000000000000B0B36C1C99CF3FB6
:1080380030DF0CCAECCB1B3D0000000000C0E83F5D
:10804800000000000000000000584D603871D03F6B
:10805800914EED16DB9CF83C0000000000A0E83FC4
:108068000000000000000000006061672DC4D03FE0
:10807800E9EA3C168B18273D000000000080E83F25
:10808800000000000000000000E827828E17D13FA2
:108098001CF0A5630E212CBD000000000060E83F25
:1080A800000000000000000000F8ACCB5C6BD13F82
:1080B8008116A5F7CD9A2B3D000000000040E83F4F
:1080C800000000000000000000685A6399BFD13F1B
:1080D800B7BD4751EDA62C3D000000000020E83F49
:1080E800000000000000000000B80E6D4514D23FEB
:1080F800EABA46BADE870A3D0000000000E0E73F22
:1081080000000000000000000090DC7CF0BED23FC0
:10811800F404504AFA9C2A3D0000000000C0E73FE2
:1081280000000000000000000060D3E1F114D33F1C
:10813800B83C21D37AE228BD0000000000A0E73F48
:1081480000000000000000000010BE76676BD33FFF
:10815800C877F1B0CD6E113D000000000080E73F08
:1081680000000000000000000030337752C2D33F07
:108178005CBD06B6543B183D000000000060E73FB8
:10818800000000000000000000E8D523B419D43F27
:108198009DE090EC36E4083D000000000040E73F19
:1081A800000000000000000000C871C28D71D43FBB
:1081B80075D66709CE272FBD000000000020E73FD5
:1081C80000000000000000000030179EE0C9D43F06
:1081D800A4D80A1B89202EBD000000000000E73F3C
:1081E800000000000000000000A03807AE22D53FC4
:1081F80059C7648170BE2E3D0000000000E0E63FD4
:10820800000000000000000000D0C853F77BD53FF5
:10821800EF405DEEEDAD1F3D0000000000C0E63F01
:108228000000000000000000006059DFBDD5D53F08
:10823800DC65A4082A0B0ABD000000000000F03F1E
:10824800000000000000F0BF000000000000F0BFC8
:10825800000000000000F03F83C8C96D305F644132
:10826800182D4454FB21F93F000000000000F03FA6
:108278001C620CFDFFFFDFBF198F06E15355A53FB8
:108288009D359AE887C056BFC3F87B024393F93EF1
:1082980003A695595455C5BFC40B23057610813FD5
:1082A80024CF7437EB9429BF000000000000F03F92
:1082B800000000000000F0BF000000000000F0BF58
:1082C800000000000000F03F83C8C96D305F6441C2
:1082D800182D4454FB21F93F000000000000F0BFB6
:1082E8001C620CFDFFFFDF3F198F06E15355A5BF48
:1082F8009D359AE887C0563FC3F87B024393F9BE81
:1083080003A695595455C5BFC40B23057610813F64
:1083180024CF7437EB9429BF00000042C8801F4067
:10832800B8821F400800000000000042C4801F40BF
:10833800B4821F400400000000C0004224801F4097
:1083480014821F401000000000C0004228801F4017
:1083580018821F402000000000C000422C801F40EF
:108368001C821F404000000000C0004234801F40B3
:1083780024821F40000100000040004264811F4029
:1083880054831F40000400000040004280811F40C9
:1083980070831F4000000200004000427C811F40A3
:1083A8006C831F40000001000040004268811F40AC
:1083B80058831F4000080000004000423C811F40D5
:1083C8002C831F40010000000040004244811F40F0
:1083D80034831F40040000000040004240811F40D9
:1083E80030831F40020000000040004248811F40C7
:1083F80038831F40080000000000004204811F402D
:10840800F4821F40000004000000004208811F4061
:10841800F8821F40000008000000004218811F4039
:1084280008831F40000080000000004214811F40A4
:1084380004831F40000040000000004200811F40EC
:10844800F0821F400000020000000042FC801F4034
:10845800EC821F40000001000000004224811F4000
:1084680014831F40000000040000004228811F40C0
:1084780018831F4000000008000000421C811F40B4
:108488000C831F40000000010000004220811F40B3
:1084980010831F400000000200000042EC801F40D3
:1084A800DC821F400010000000000042F0801F40E6
:1084B800E0821F40002000000000004234811F407D
:1084C80024831F40000000400000004238811F4004
:1084D80028831F40000000800080004294801F40D5
:1084E80084821F400000040000C0004290801F40AA
:1084F80080821F400000008000800042A8801F404A
:1085080098821F400000800000800042A4801F4025
:1085180094821F4000004000004000426C811F40D0
:108528005C831F400010000000C0004230801F40E4
:1085380020821F408000000000400042B0811F40A0
:10854800A0831F400000002000400042AC811F4073
:108558009C831F40000000100040004284811F409F
:1085680074831F40000004000040004288811F40BF
:1085780078831F4000000800000000422C811F4043
:108588001C831F40000000100000004230811F4083
:1085980020831F4000000020000000420C811F4083
:1085A800FC821F40000010000000004210811F40A4
:1085B80000831F400000200000800042C8811F4047
:1085C800B8831F400080000000800042C4811F4023
:1085D800B4831F400040000000800042C0811F405B
:1085E800B0831F400020000000800042BC811F4073
:1085F800AC831F400010000000800042D0811F4063
:10860800C0831F400000020000800042CC811F4050
:10861800BC831F400000010000C0004274801F405E
:1086280064821F400000000100C0004280801F409B
:1086380070821F400000000800C0004284801F4074
:1086480074821F400000001000C000426C801F4070
:108658005C821F400000400000C000427C801F4038
:108668006C821F400000000400C0004278801F4058
:1086780068821F400000000200C0004288801F403E
:1086880078821F4000000020D8399D270054EA2A2C
:1086980000A4781F007B9A1700000000000000006B
:1086A800C1A80000493A0000C1A80000C1A8000004
:1086B800C1A80000C1A800000000000000000000E0
:1086C80079D800007DCA00006DAF000000000000EE
:1086D8000000000061D5000051CA000029AF000069
:1086E8000000000000000000C5DA0000C9DE00003C
:1086F800B9AF00003065012014650120D86401205D
:10870800CC640120010100040100000401320101D0
:1087180001320201011001010111010101120102DE
:108728000103020601030106011202020200000110
:1087380002020001020100010210000102220001F0
:1087480002230001000000000000000002210001D7
:1087580002200001000000000000000001300101BB
:1087680001310101010200040103000400000000BE
:1087780000000000012102010121010100000000A8
:1087880000000000000000000110020100000000CD
:10879800000000000113010601130206000000009A
:1087A80000000000000000000000000001010201BC
:1087B80001010101010002010100010101020201A0
:1087C800010201010000000000000000000000009C
:1087D8000123020100000000000000000120010147
:1087E800FFFFFFFFF1FFFF7F1FFFFF4310000FFF99
:1087F800FFFFFFE1CF9FFFBBF7FFFE90700007FF71
:10880800FFFFFF803FBFFF97F9FFFEF80E0003FF51
:10881800FFFFFF001FBFFFDFFEFFFFFE0C0001FF91
:10882800FFFFFF01CC7FFF7FFF7FFFFF040000FFFA
:10883800FFFFFE07F3FFFEFFFFBFF7FFC000007F4B
:10884800FFFFFE0FFFFFF83FFFDFFDFFF000003FD7
:10885800FFFFFE1FFFFFF01FFFD7FE7FF800001F7E
:10886800FFFFFE1FFFFFC00FFFEFFF9FFE00000F7F
:10887800FFFFFF3FFFFF8007FFF3E00FFF800007C8
:10888800FFFFFF3FFFFF0003FFF3C001FFF00003FE
:10889800FFFFFF7EF87E0003FFF780007FFC0001EA
:1088A800FFFFFF7DF03C0001FFF7000007FF80009D
:1088B800FFFFFF7FE01E0001FFEC000030FFF80023
:1088C800FFFFFEFFE01F0001FF9800001F03FFC12C
:1088D800FFFFFEFFE01F8000FE70000007F8001F8A
:1088E800FFFFFEFFC01FC000FDF0000003FFFFFFF9
:1088F800FFFFFEFFC03EF001F3E0000000FFFFFFB6
:10890800FFFFFEFF80383C018FF00000007FFFFF73
:10891800FFFFFEDF00780F8067F00000003FFFFFD9
:10892800FFFFFEFE007001FFCFB00000001FFFFF39
:10893800FFFFFF7C00E0000F0F9C80000007FFFF97
:10894800FFFFFF3803F000061F9E40000003FFFFF3
:10895800FFFFFF9FFE0C000E1FDF30000001FFFF2E
:10896800FFFFFFE03F62001C3FBF8E000000FFFFDB
:10897800FFFFFFFFC1B1807EFE7F83C000007FFF45
:10898800FFFFFFFFFF5840FFF9FFC07800007FFF9F
:10899800FFFFFFFFFFCE20FF87FFE0E00000FFFFA3
:1089A800FFFFFFFFFFF311FFBFFFF83FFFC3FFFF0C
:1089B800FFFFFFFFFFFDCFFFDFFFFE07FF07FFFF02
:1089C800FFFFFFFFFFFE767FBFFFFF80001FFFFF57
:1089D800FFFFFFFFFFFF943EFFFFFFFC02FFFFFFCB
:1089E800FFFFFFFFFFFFE83DFFFFFFFFFF7FFFFFE8
:1089F800FFFFFFFFFFFFF078FFFFFFBFFF3FFFFF15
:108A0800FFFFFFFFFFFFF8F9FFFFFF3FFF9FFFFF9B
:108A1800FFFFFFFFFFFFFCF7FFFFFC3FFFCFFFFF5C
:108A2800E03FFFE03FFFFF0FFFFFF007FFC7FFFF3B
:108A3800CF9FFFEF3FFFFFBFFFFFE000BFE7FFFF54
:108A4800D8C03003301FFF7FFFFFF000FF1FFFFF7C
:108A5800D8CF87C327CFFF7FFFFFF00060FFFFFF5E
:108A6800D818CC632E6FFF7FFFFFF8020FFFFFFFC0
:108A7800D818CC63206FFFBFFFFFF00DFFFFFFFF8B
:108A8800D818CC63306FFFBFFFFFF81BFFFFFFFF55
:108A9800D818CFE327EFFF9FFFFE4067FFFFFFFFD8
:108AA800D8D8CC032C6FFFDFFFFE018FFFFFFFFF3D
:108AB800D8D8CCE30C6FFFEDFFFFC03FFFFFFFFFEF
:108AC800CF8F87CFC7EFFFE5FBFF81FFFFFFFFFFDA
:108AD800E0000000000FFFF0FCFE7FFFFFFFFFFF3C
:108AE800E00000000067FFFD1E01FFFFFFFFFFFF22
:108AF800EF80000C30F7FFFFC1FFFFFFFFE1FFFF32
:108B0800CF80000C30F7C001FFFE1FFFFFEDFFFF15
:108B1800D8C0000C30F7DFBDFFFEDFFFFFEDFFFF21
:108B2800D8CF8FC5FEF7D80D8000C010000102070E
:108B3800D81CCC683067D80D3C73F7C79F3C78F3D6
:108B4800D800CC63B06FD80D66C8C66CD98CCD9BE5
:108B5800D80FCC6FB06FDF0D66C8C66CD98CCD83CB
:108B6800D818CC6FB06FD80D7EC0C60CD98CC0F3A6
:108B7800D8D8CC6FB00FD80C60C8C6ECD98CCC1B39
:108B8800D8D8CC6FB06FD80C66C8C6ECD98CCD9B42
:108B9800CF8FCC6F9E6FDFBF3C7276E799BE78F3BC
:108BA800E020000FC00FC000010700F0000082079E
:108BB800FFFFFFFFFFFFFFFFFFFFFFFFFFFFFFFFBD
:108BC800FFFFFFFFFFFFFFFFFFFFFFFFFFFFFFFFAD
:108BD800FFFFFFFFFFFFFFFFFFFFFFFFFFFFFFFF9D
:108BE800FFFFFFFFFFFFFFFFFFFFFFFFFFFFFFFF8D
:108BF800FFFFFFFFFFFFFFFFFFFFFFFFFFFFFFFF7D
:108C0800FFFFFFFFFFFFFFFFFFFFFFFFFFFFFFFF6C
:108C1800F800FFFFFE03FFF01FFFFFFFFFFFFFFF4E
:108C2800F0007FFFFE01FFF00FFFFFFFFFFFFFFFD8
:108C3800F1FC3FFFFE71FFF38FFFFFFFFFFFFFFF18
:108C4800F1FC000000700003800100200800007F94
:108C5800F1C7000000700003800000000000003F22
:108C6800F1C77F87E3FE3F1FF3F83F0FC1F8FE1FF0
:108C7800F1C77F87E3FE3F1FF3F83F0FC1F8FE1FE0
:108C8800F1C771CE387071C3838EE39C771CE39F64
:108C9800F1FC71CE387071C3838E039C771CE39FFF
:108CA800F1FC71CE387071C3838E039C771CE39FEF
:108CB800F1C0700E387071C383803F9C07FCE01FC1
:108CC800F1C0700E387071C38380E39C7700E03F79
:108CD800F1CE718E387071C3839CE39C7700E7FFF7
:108CE800F1CE718E387071C3839CE39C771CE7FFCB
:108CF800F1CE7187E01E3F00F39C3F8FC1F8E7FF7C
:108D0800F1CE71C7E01E3F00F39C3F8FC1F8E7FF2B
:108D1800F80E03E00780001C001F0000000007FF9A
:108D2800F81F03F00780003C003F000008000FFF19
:108D3800FFFFFFFFFFFFFFFFFFFFFFFFFFFFFFFF3B
:108D4800FFFFFFFFFFFFFFFFFFFFFFFFFFFFFFFF2B
:108D5800FFFFFFFFFFFFFFFFFFFFFFFFFFFFFFFF1B
:108D6800FFFFFFFFFFFFFFFFFFFFFFFFFFFFFFDF2B
:108D7800FFFFFFFFFFFFFFFFFFFFFFFFFFFFFC7786
:108D8800FFFFFFFFFFE0000000000000000003FFFE
:108D9800FFFFFFFFFFE000000000001000008FFB56
:108DA800FFFFFFFFFFE000000000001000023FFB94
:108DB800FFFFFFFFFFE000E7FE7FE6100008FFFB74
:108DC800FFFFFFFFFFE001E606606E100011FFF7EE
:108DD800E00000003FC003EE06606C180043C3E7E4
:108DE800EFEF423FBFC0036E0EE0EC38008303EFA5
:108DF800E821A120BFC006CC0CC0CC380304079FD3
:108E0800EBA553AEBFC00CCC00C0DC3804000F1F6C
:108E1800EBA344AEBF8018CC00C0DC3808001FDFCD
:108E2800EBA3BF2EBF8030DC01C1D83C10003FFF50
:108E3800E82506A0BF806198FDFFD83C3000FFDF21
:108E4800EFEAAABFBF80FF9819FF183C6001C7DF8F
:108E5800E00CD8003F01FF981980383CC00207BFDA
:108E6800EDA4AC20BF0301B81980301EC0000FBFAD
:108E7800E8C2335B3F0603383B80301D80001F7F0C
:108E8800EB7CF21A3F0C03303380301F80003EFF2A
:108E9800E7082574BF18033FF3007F9B8000FDFFA0
:108EA800ECFE11B0BE30031FE3007F9F8003FBFF81
:108EB800E10AFA3FBE00000000000017800FE7FF3C
:108EC800E52673EABE00000000000007C07FCFFF60
:108ED800EE9A911ABE00000000000007FFFFBFFFD6
:108EE800EAA9C1C43FFFFFFFFFFFFFF7FFFE7FFFB7
:108EF800EC95330B3FFFFFFFFFFFFFF7FFF9FFFF85
:108F0800EC2AB90CBFFFFFFFFFFFFFF7FFE7FFFFEA
:108F1800ED0373263FFFFFFFFFFFFFFBFF9FFFFFF0
:108F2800EEF954FF3FFFFFFFFFFFFFFCF87FFFFF55
:108F3800E00EF08C3FFFFFFFFFFFFFFF07FFFFFF83
:108F4800EFE755AC3FFFFFFFFFFFFFFFFFFFFFFF0E
:108F5800E823CF89BFFFFFFFF7FFFFFFDFFFFFFF1A
:108F6800EBABD3FD387FFFFFE7F87FFF9FFFFFFFE5
:108F7800EBA86840BBECE7CCFF7BECEF39E9FFFFDF
:108F8800EBA1D2DBB88AD72BE8788A94A5A5FFFF96
:108F9800E8291036B3B08749E973B085AD2DFFFFD6
:108FA800EFEE23A837B3BE4CCB77B7BD2D6DFFFFCF
:108FB800E000000037B88F11DB77388C2369FFFF9A
:108FC800FFFFFFFFFFFFFFFFFFFFFFFFFFFFFFFFA9
:108FD800FFFFFFFFFFFFFFFFFFFFFFFFFFFFFFFF99
:108FE8000000000000000000DB0F49400000000006
:108FF80035FA8E3C6F12833A000000000000000032
:109008004DDD0000B1DE0000F1AF000000000000FF
:1090180000000000C1A80000C1A800000000000076
:109028000000000081DE000099DE000099AF00001A
:109038008DE900003D9F00000000000000000000D6
:10904800B17C0000493A0000191B0000F90000003B
:10905800F9000000F9000000FFFF7F7F000000001A
:109068000001000024450020120000000006000056
:109078000C2C00600A00000000020000742B006045
:109088006200000000070000102B00606200000072
:10909800EE0300009445002012000000000004EEDA
:1090A8006C4500202800000000030000082C006028
:1090B8000000000001030904F02B0060000000001C
:1090C80002030904D82B0060000000000303090410
:1090D80054450020000000000000000000000000CF
:1090E80000000000FFFFFFFFFFFFFFFFFFFFFFFF84
:1090F800FFFFFFFFC00000018000000180000001A9
:1091080080000003BFFFFFFE7FFFFFFE7FFFFFFE23
:109118007FFFFFFDA3623FFFCCC6547FC446444790
:10912800D645447DAEAEFFFE556DD6FE5DDDEF5EE5
:1091380055DC6DFDA62E7FFFCCED46FFCDCEEECFE4
:10914800D6CC6DFDAEAEFFFE556D56FE5DDF6DDE15
:10915800575D6DFDAEA23FFFCD4656FFDC44C447C8
:10916800C4C5447DBFFFFFFE7FFFFFFE7FFFFFFEFC
:109178007FFFFFFDBFFFFFFFFFFFFFFFFFFFFFFFB9
:10918800FFFFFFFDBFFFFFFE7FFFFFFE7FFFFFFE2C
:109198007FFFFFFDBFFFFFFFFFFFFFFFFFFFFFFF99
:1091A800FFFFFFFDBFFFFFFE7FFFFFFE7FFFFFFE0C
:1091B8007FFFFFFDBFFFFFFFFFFFFFFE7FFFFFFFFA
:1091C800FFFFFFFDBFFFFFFE7FFFFFFFFFFFFFFE6B
:1091D8007FFFFFFDD5555555AAAAAAAA555555553D
:1091E800AAAAAAABD5555555AAAAAAAA55555555FE
:1091F800AAAAAAABBFFFFFFE7FFFFFFFFFFFFFFE8C
:109208007FFFFFFDA222223FE4CC6546444445CFC0
:10921800D644C445AEEEEF7E5D56DD6E5DDDD5D637
:1092280055DD5555A6666F7FECCED46FCDCDD5CF25
:10923800D6CCD545AEEEEF7E7556D56E5DDDD5D66E
:10924800575D555DA2EE237FCCD4656FDC4444574F
:10925800C4C4C45DBFFFFFFE7FFFFFFE7FFFFFFEAC
:109268007FFFFFFDBFFFFFFFFFFFFFFFFFFFFFFFC8
:10927800FFFFFFFDBFFFFFFE7FFFFFFE7FFFFFFE3B
:109288007FFFFFFDBFFFFFFFFFFFFFFFFFFFFFFFA8
:10929800FFFFFFFDBFFFFFFE7FFFFFFE7FFFFFFE1B
:1092A8007FFFFFFDBFFFFFFFFFFFFFFFFFFFFFFF88
:1092B800FFFFFFFDBFFFFFFE7FFFFFFE7FFFFFFEFB
:1092C8007FFFFFFDC0000001800000018000000159
:1092D80080000003FFFFFFFFFFFFFFFFFFFFFFFF0F
:1092E800FFFFFFFFFFFFFFFFFFFFFFFFFFFFFFFF86
:1092F800FFFFFFFFC00000018000000180000000A8
:1093080000000003BFFFFFFE7FFFFFFE7FFFFFFFA0
:10931800FFFFFFFDAAA22623D445D5FE7FFFFFFF4E
:10932800FFFFFFFDAAAEEAB646DDD5FE7FFFFFFFD1
:10933800FFFFFFFDA2A666B7C6DDD5FE7FFFFFFFD4
:10934800FFFFFFFDAAAEEAB656DDD5FE7FFFFFFFA1
:10935800FFFFFFFDAA22EAB7D4446C7E7FFFFFFF20
:10936800FFFFFFFDBFFFFFFE7FFFFFFE7FFFFFFF49
:10937800FFFFFFFDBFFFFFFFFFFFFFFE7FFFFFFFB8
:10938800FFFFFFFDBFFFFFFE7FFFFFFE7FFFFFFF29
:10939800FFFFFFFDBFFFFFFFFFFFFFFE7FFFFFFF98
:1093A800FFFFFFFDBFFFFFFE7FFFFFFE7FFFFFFF09
:1093B800FFFFFFFDBFFFFFFFFFFFFFFE7FFFFFFF78
:1093C800FFFFFFFDBFFFFFFE7FFFFFFE7FFFFFFFE9
:1093D800FFFFFFFDD5555555AAAAAAAA7FFFFFFF93
:1093E800FFFFFFFDD5555555AAAAAAAA7FFFFFFF83
:1093F800FFFFFFFDBFFFFFFE7FFFFFFE7FFFFFFFB9
:10940800FFFFFFFDAAA2762BC6C644FE7FFFFFFF23
:10941800FFFFFFFDAAAEAAEA5D55D57E7FFFFFFFDD
:10942800FFFFFFFDA2A66AE7CC56C57E7FFFFFFFC0
:10943800FFFFFFFDAAAEA2EA5D575D7E7FFFFFFF3B
:10944800FFFFFFFDAA226A2BDD54DCFE7FFFFFFF32
:10945800FFFFFFFDBFFFFFFE7FFFFFFE7FFFFFFF58
:10946800FFFFFFFDBFFFFFFFFFFFFFFE7FFFFFFFC7
:10947800FFFFFFFDBFFFFFFE7FFFFFFE7FFFFFFF38
:10948800FFFFFFFDBFFFFFFFFFFFFFFE7FFFFFFFA7
:10949800FFFFFFFDBFFFFFFE7FFFFFFE7FFFFFFF18
:1094A800FFFFFFFDBFFFFFFFFFFFFFFE7FFFFFFF87
:1094B800FFFFFFFDBFFFFFFE7FFFFFFE7FFFFFFFF8
:1094C800FFFFFFFDC00000018000000180000000D8
:1094D80000000003FFFFFFFFFFFFFFFFFFFFFFFF8D
:1094E800FFFFFFFF0000000000000000C83100205F
:1094F800C0310020B8310020B0310020A831002050
:10950800A0310020983100209031002088310020BF
:10951800803100207831002070310020042F002095
:10952800042F0020042F0020042F0020042F0020E7
:10953800042F0020683100206031002058310020BD
:1095480050310020483100204031002038310020BF
:10955800303100202831002020310020183100202F
:10956800103100200831002000310020F8300020A0
:10957800F0300020E8300020E0300020D830002013
:10958800D0300020C8300020C0300020B830002083
:10959800B0300020A8300020A0300020C0310020CA
:1095A800B8310020B0310020A8310020A0310020BF
:1095B80098310020683100206031002058310020A7
:1095C800503100204831002040310020383100203F
:1095D80030310020283100202031002018310020AF
:1095E800103100200831002000310020F830002020
:1095F800F0300020E8300020E0300020D830002093
:10960800D0300020C8300020C0300020B830002002
:10961800B0300020A8300020A03000209031002079
:1096280088310020803100207831002007080C0B99
:1096380006050F000D0E0102838407080C0B0605B2
:109648000F000D0E01028384FFFFFFFFFFFFFFFFE6
:10965800FFFF8182090A00000000000000000000EE
:1096680009090100FD1A00002DAB00008DA90000BA
:10967800F50601007DC000004DA9000045AA0000C4
:10968800FF060C183060C0FFC3663C18181818187D
:10969800C3663C18183C66C3C3C3C3C3DBFFE7C338
:1096A800C3C3C36666663C3CC3C3C3C3C3C3FF7EB0
:1096B800FF181818181818187FC0C07E030303FE77
:1096C800FEC3C3FED8CCC6C37EFFC3C3C3CEFA79DC
:1096D800FEC3C3FEC0C0C0C07EFFC3C3C3C3FF7EFA
:1096E800C3C3E3F3DBCFC7C3E7FFDBDBC3C3C3C33A
:1096F800C0C0C0C0C0C0C0FFC6CCD8F0D8CCC6C39C
:10970800FF1818181818D870FF181818181818FF04
:10971800C3C3C3FFC3C3C3C37EC3C0C0C6C3C37E62
:10972800FFC0C0FFC0C0C0C0FFC0C0FFC0C0C0FFF6
:10973800FCC6C3C3C3C3C6FC7EC3C0C0C0C0C37E0F
:10974800FEC3C3FCC3C3C3FE3C66C3C3FFC3C3C3DA
:1097580000003838000038387EC3C37F060C183044
:109768007EC3C37E7EC3C37EFF03060C183060C071
:109778003F60C0C0FEC3C37EFFC0C0FC06C3663CDA
:10978800060E1E3666FF0C0C7EC30C380CC3663CF6
:109798003C7EC303061860FF1878D818181818FFFD
:1097A8007EFFC3C3C3C3FF7E0103060C183060C02D
:1097B80000000000003E5B4F5B3E3E6B4F6B3E1C63
:1097C8003E7C3E1C183C7E3C181C577D571C1C5E7A
:1097D8007F5E1C00183C1800FFE7C3E7FF00182451
:1097E8001800FFE7DBE7FF30483A060E26297929FB
:1097F80026407F050507407F05253F5A3CE73C5A30
:109808007F3E1C1C08081C1C3E7F14227F22145F0C
:109818005F005F5F06097F017F006689956A606067
:1098280060606094A2FFA29408047E040810207E61
:10983800201008082A1C08081C2A08081E101010E6
:10984800100C1E0C1E0C30383E3830060E3E0E062C
:10985800000000000000005F00000007000700147F
:109868007F147F14242A7F2A12231308646236493E
:109878005620500008070300001C22410000412226
:109888001C002A1C7F1C2A08083E0808008070302B
:10989800000808080808000060600020100804029A
:1098A8003E5149453E00427F4000724949494621A0
:1098B80041494D331814127F1027454545393C4A14
:1098C800494931412111090736494949364649492B
:1098D800291E000014000000403400000008142273
:1098E80041141414141400412214080201590906E1
:1098F8003E415D594E7C1211127C7F494949363EE2
:10990800414141227F4141413E7F494949417F09C7
:109918000909013E414151737F0808087F00417FD2
:1099280041002040413F017F081422417F404040D0
:10993800407F021C027F7F0408107F3E4141413E68
:109948007F090909063E4151215E7F0919294626EA
:109958004949493203017F01033F4040403F1F20EE
:1099680040201F3F4038403F6314081463030478C5
:1099780004036159494D43007F41414102040810E5
:1099880020004141417F0402010204404040404020
:10999800000307080020545478407F28444438388E
:1099A80044444428384444287F3854545418000800
:1099B8007E090218A4A49C787F0804047800447DDA
:1099C80040002040403D007F1028440000417F4077
:1099D800007C047804787C080404783844444438CB
:1099E800FC1824241818242418FC7C0804040848AB
:1099F8005454542404043F44243C4040207C1C20FC
:109A080040201C3C4030403C44281028444C909056
:109A1800907C4464544C44000836410000007700B0
:109A280000004136080002010204023C2623263CBD
:109A38001EA1A161123A4040207A38545455592148
:109A48005555794122545478422155547840205430
:109A58005579400C1E52721239555555593954547E
:109A6800545939555454580000457C410002457DED
:109A7800420001457C407D1211127DF0282528F016
:109A88007C545545002054547C547C0A097F493243
:109A9800494949323A4444443A324A4848303A41BA
:109AA80041217A3A42402078009DA0A07D3D424263
:109AB800423D3D4040403D3C24FF2424487E4943EC
:109AC800662B2FFC2F2BFF0929F620C0887E09035F
:109AD80020545479410000447D413048484A323886
:109AE8004040227A007A0A0A727D0D19317D2629B2
:109AF800292F28262929292630484D4020380808AA
:109B0800080808080808382F10C8ACBA2F102834DD
:109B1800FA00007B000008142A142222142A1408D0
:109B28005500550055AA55AA55AAFF55FF55FF00DF
:109B38000000FF00101010FF00141414FF00101094
:109B4800FF00FF1010F010F0141414FC001414F7A8
:109B580000FF0000FF00FF1414F404FC1414171095
:109B68001F10101F101F1414141F00101010F000E5
:109B78000000001F101010101F10101010F010001F
:109B88000000FF101010101010101010FF1000002F
:109B980000FF140000FF00FF00001F10170000FC6A
:109BA80004F414141710171414F404F40000FF003C
:109BB800F714141414141414F700F71414141714C5
:109BC80010101F101F141414F4141010F010F000CB
:109BD800001F101F0000001F14000000FC140000EC
:109BE800F010F01010FF10FF141414FF14101010D0
:109BF8001F00000000F010FFFFFFFFFFF0F0F0F083
:109C0800F0FFFFFF0000000000FFFF0F0F0F0F0F16
:109C18003844443844FC4A4A4A347E020206060262
:109C28007E027E0263554941633844443C04407EC9
:109C3800201E2006027E020299A5E7A5991C2A4942
:109C48002A1C4C7201724C304A4D4D3030487848CD
:109C580030BC625A463D3E494949007E0101017EB9
:109C68002A2A2A2A2A44445F444440514A4440400C
:109C7800444A51400000FF0103E080FF000008084B
:109C88006B6B083612362436060F090F06000018CB
:109C9800180000001010003040FF0101001F0101F2
:109CA8001E00191D1712003C3C3C3C00000000003F
:109CB8000000000000000000AD37010089A7000087
:109CC80081A7000085A70000FD290100C52001002B
:109CD80061280100C92301000D230100212301008F
:109CE8009D280100C520010051270100D53A010037
:109CF800412E0100852C0100352301002925010092
:109D0800D92501007D2601000000000000000000A8
:109D1800150C00001D0C000075950000210C0000BA
:109D28007D950000D90B0000250C0000290C0000CF
:109D3800000000000000000071950000759500000B
:109D4800799500007D950000D90B000081950000F1
:109D5800859500000000000000000000D99E00006A
:109D680075CA000055AF000039E20000D59E00001A
:109D7800000000000000000071CD00005D8C0000B4
:109D88005D2A00000000000000000000618C000057
:109D9800598C0000512A000097A0895B5A0F830D47
:109DA800C95F6035C2E907E18C24671E458E0863E8
:109DB80025F0150A17BE0694F778EA4B001AC53E37
:109DC8005EFCDBCB75230B2039B12158ED95385754
:109DD800AE147D88ABA844AF4AA547868B301BA636
:109DE8004D929EE7536FE57A3CD385E6DC695C29A2
:109DF800372EF528F4668F3641193FA101D850490E
:109E0800D14C84BBD05912A9C8C4878274BC9F5650
:109E1800A4646DC6ADBA034034D9E2FA7C7B05CAA6
:109E28002693767EFF5255D4CFCE3BE32F103A11BE
:109E3800B6BD1C2ADFB7AAD577F898022C9AA34694
:109E4800DD99659BA72BAC09811627FD13626C6E03
:109E58004F71E0E8B2B97068DAF661E4FB22F2C14A
:109E6800EED2900CBFB3A2F1513391EBF90EEF6B28
:109E780031C0D61FB5C76A9DB854CCB07379322D9E
:109E88007F0496FE8AECCD5DDE72431D1848F38D83
:109E980080C34E42D73D9CB4000000000000000083
:109EA80025B2000079CA000061AF0000F19E0000F1
:109EB8001D9F00000000000000000000D1190000F4
:109EC800518C0000392A000000000000000000004A
:109ED800591100004D8C00002D2A000000000000E0
:109EE80000000000C50F0000000000000000000096
:109EF8006D100000A9100000ED10000069000000BE
:109F08002D0C0000610C0000311100002938000000
:109F18005534000000000000000000008995000092
:109F280064420020684200206C42002070420020F9
:109F380074420020784200207C42002080420020A9
:109F48008442002088420020144200201C42002045
:109F5800244200202C420020344200203C420020B1
:109F6800444200204C420020544200205C42002021
:109F7800C8410020D0410020D8410020E041002005
:109F8800E8410020F0410020F8410020FC41002079
:109F9800044200200C42002078410020804100202B
:109FA800884100209041002098410020A0410020D5
:109FB800A8410020B0410020B8410020C041002045
:109FC80000000000000000008502000045030000BA
:109FD8000504000075270000D12800005104000086
:109FE800B104000000000000000000008D2F0000F8
:109FF8009D2F0000750100005D01000000000000B9
:10A0080000000000ED0B0000F50B0000C90B00007C
:10A01800FD0B0000D50B0000D90B0000050C00005B
:10A028000D0C00000000000000000000C10B000043
:10A03800C90B0000CD0B0000D50B0000D90B0000A8
:10A04800DD0B0000E50B000010000000110000000F
:10A0580012000000130000000000000001000000D2
:10A0680002000000030000000400000005000000DA
:10A0780006000000070000000800000009000000BA
:10A088000A0000000B0000000C0000000D0000009A
:10A098000E0000000F00000010000000110000007A
:10A0A800120000001300000014000000150000005A
:10A0B800160000001700000018000000190000003A
:10A0C8001A0000001B0000001C0000001D0000001A
:10A0D8001E0000001F0000002000000021000000FA
:10A0E80022000000230000002400000025000000DA
:10A0F80026000000270000002800000011000000D2
:10A1080012000000130000001400000015000000F9
:10A118001D0000001E0000001F00000020000000BD
:10A12800210000002200000023000000240000009D
:10A13800250000002600000027000000280000007D
:10A1480010000000110000001200000013000000C1
:10A1580014000000150000001D0000001E00000093
:10A168001F00000020000000210000002200000065
:10A178002300000024000000250000002600000045
:10A188002700000028000000000000001600000062
:10A198001700000018000000190000001A00000055
:10A1A8001B0000001C00000001000000020000006D
:10A1B8000300000004000000050000000600000085
:10A1C8000700000008000000090000000A00000065
:10A1D8000B0000000C0000000D0000000E00000045
:10A1E8000F000000290000002A0000002B000000DA
:10A1F8002C0000002D0000002E0000002F000000A1
:10A208003000000031000000320000003300000080
:10A21800340000005B5C5D5E5F607B7C7D7E0000DF
:10A22800000080000000000000000000C1A800003D
:10A238000000000000000000B5040000E504000074
:10A248008D01000009050000E5050000F10500008A
:10A25800F50500007D020000FD0500006506000010
:10A26800B1060000C9060000E5060000010700006D
:10A278001907000009080000F90800007509000026
:10A28800F1090000312D0000692A000000000000DB
:10A29800000000008D500000558C0000452A000089
:10A2A8000000000000000000E9190000251A000065
:10A2B800651A00008D0C0000150D0000A91A000099
:10A2C800D51A0000393900004136000000000000AE
:10A2D80000000000419F0000EDDE0000E5AF000037
:10A2E8006CC00F40C0000000504F0000FD2F01005F
:10A2F8000CFF000013000000000000000000000038
:10A3080024851F400BFF0000130000000000000020
:10A318000000000028851F400DFF0000130000000A
:10A32800000000000000000020851F400A252400CE
:10A3380013000000120000001200000001020300D8
:10A34800000000001C851F40000000000000000005
:10A358006CC00F4030000000100F0000BD3001003D
:10A368000127000017000000120000000001000093
:10A3780014851F401AFF00001200000000000000B2
:10A388000100000018851F401BFF0000120000009C
:10A39800000000000100000010851F400026FF009B
:10A3A800170000001200000000000000010100007A
:10A3B800010000000C851F400C851F4000000000B4
:10A3C8000000000000000000C92001007D310100EC
:10A3D80081A7000085A70000812001008D200100D1
:10A3E800AD2001000000000000000000259F0000D3
:10A3F800B5C800001DAF0000C1E20000219F0000A9
:10A4080000000000000000004DCF0000B1C80000AF
:10A4180011AF00000000000000000000E9900000FB
:10A42800598C000005AF000097A0895B5A0F830D77
:10A43800C95F6035C2E907E18C24671E458E086351
:10A4480025F0150A17BE0694F778EA4B001AC53EA0
:10A458005EFCDBCB75230B2039B12158ED953857BD
:10A46800AE147D88ABA844AF4AA547868B301BA69F
:10A478004D929EE7536FE57A3CD385E6DC695C290B
:10A48800372EF528F4668F3641193FA101D8504977
:10A49800D14C84BBD05912A9C8C4878274BC9F56BA
:10A4A800A4646DC6ADBA034034D9E2FA7C7B05CA10
:10A4B8002693767EFF5255D4CFCE3BE32F103A1128
:10A4C800B6BD1C2ADFB7AAD577F898022C9AA346FE
:10A4D800DD99659BA72BAC09811627FD13626C6E6D
:10A4E8004F71E0E8B2B97068DAF661E4FB22F2C1B4
:10A4F800EED2900CBFB3A2F1513391EBF90EEF6B92
:10A5080031C0D61FB5C76A9DB854CCB07379322D07
:10A518007F0496FE8AECCD5DDE72431D1848F38DEC
:10A5280080C34E42D73D9CB40000000000000000EC
:10A5380075D20000ADC80000F9AE000000000000B0
:10A548000000000049980000000000000000000022
:10A5580005A500000000000000000000CDE9000093
:10A568000000000000000000519F000000000000F3
:10A578000000000075A200000000000000000000BC
:10A5880009A50000000000000000000011B0000054
:10A5980000000000000000005DF80000000000005E
:10A5A80000000000B5EF00000000000000000000FF
:10A5B80049F40000000000000000000001EC000069
:10A5C800000000000000000055FB00000000000033
:10A5D800000000009DA40000DB0F49BFE4CB16403B
:10A5E800E4CB16C000000080DB0F4940DB0F49C0F8
:10A5F8000000000000000080A2000000F9A2000096
:10A6080083F9A2006E83F9A24E6E83F9444E6E83DD
:10A6180015444E6E2915444EFC29154427FC29156E
:10A628005727FC29D15727FCF5D1572734F5D1579F
:10A63800DD34F5D1C0DD34F5DBC0DD3462DBC0DDEF
:10A648009562DBC0999562DB3C999562433C99958C
:10A6580090433C994190433C3863ED3EDA0F493FC3
:10A668005E987B3FDA0FC93F6937AC3168212233E6
:10A67800B40F14336821A23320202020202020206A
:10A6880020202020000000002020206F6E204F4650
:10A6980046202020000000002020204F4E206F661A
:10A6A80066202020000000000A5374617274696EED
:10A6B800672E2E2E000000004650533A200000005E
:10A6C8006E616E00696E66006F7666002C20416EC2
:10A6D800696D6174656420696E200000732C2052D6
:10A6E800656E646572656420696E2000732C204471
:10A6F8006973706C6179656420696E2000000000E0
:10A70800730000004F46464C494E45004F4E4C4999
:10A718004E45000044454641554C5400414E475271
:10A7280059000000444F55425400000046524F570C
:10A738004E0000004C4F4F4B555000005341440011
:10A74800415544494F310000415544494F320000BA
:10A75800415544494F33000030204445470000002C
:10A76800333620444547000037322044454700002F
:10A7780031303820444547003134342044454700BF
:10A7880031383020444547003231362044454700AF
:10A798003235322044454700323838204445470096
:10A7A800333234204445470047524449454E54000B
:10A7B80059454C4C4F5700004F52414E47450000F9
:10A7C8005748495445000000475245454E0000008F
:10A7D800505552504C45000052454400424C554596
:10A7E800000000005241494E424F57004E4F495316
:10A7F800450000004E4F4E450000000050484153B0
:10A8080045590000504841534558000050484153AD
:10A8180045520000474C4954434858004D41474E63
:10A82800455400004649534845594500424C555245
:10A8380048000000424C555256000000424C555208
:10A848005200000031302500323025003330250019
:10A8580034302500353025003630250037302500C6
:10A86800383025003930250031303025000000000F
:10A8780020202020202020202020202020202042AE
:10A8880052494748542020202053444520425249E9
:10A8980047485420202020204D49432020202020B4
:10A8A800204D4943204C4556454C2020202020204F
:10A8B800424F4F5020202020202020205350454335
:10A8C800202020202020202053495A4520202020C5
:10A8D800202020434F4C4F52202020202020204869
:10A8E800554520462020202020202048554520423C
:10A8F8002020202020202045464645435420202063
:10A908002046414E20535045454420200000000079
:10A918002061206220632064206520662020203189
:10A92800325E34352020202020202031325E34351C
:10A93800202020202020204F4E206F6666202020D7
:10A9480020203132333435367C3820202020206FC7
:10A958006E204F46462020202020204F4E206F6634
:10A968006620202020202031325E3435202020200F
:10A9780020203132333435367C38202020203132C3
:10A98800333435367C382020202031323334353684
:10A998007C38202020203132333435367C38202052
:10A9A80020203132333435367C3820200000000036
:10A9B80000000000B8960120209701208897012008
:10A9C800000000000000000000000000000000007F
:10A9D800000000000000000000000000000000006F
:10A9E800000000000000000000000000000000005F
:10A9F800000000000000000000000000000000004F
:10AA0800000000000000000000000000000000003E
:10AA1800000000000000000000000000000000002E
:10AA2800000000000000000000000000000000001E
:10AA3800000000000000000000000000000000000E
:10AA480000000000000000000100000000000000FD
:10AA58000E33CDAB34126DE6ECDE05000B000000C2
:10AA680000000000000000000000000000000000DE
:10AA780000000000000000000000000000000000CE
:10AA880000000000000000000000000000000000BE
:10AA980000000000000000000000000000000000AE
:10AAA800000000000000000000000000000000009E
:10AAB800000000000000000000000000000000008E
:10AAC800000000000000000000000000000000007E
:10AAD800000048420000F042401F00000000000053
:10AAE8008000000000000000800000000000803F9F
:10AAF8000000803F0000803F0000C843007B9A1799
:10AB08000029DE0712010002EF020140C01683048B
:10AB18008002010203010000FFFFFFFF80300020D8
:10AB280000000000E803000000000000008B202067
:10AB3800010000000C0300000000000000000000FD
:10AB480000000000000000000000000028000000D5
:10AB58000001040001000000000000000201574944
:10AB68004E555342000000000000000000000000A5
:10AB78000000000012034D0053004600540031004D
:10AB880030003000F8000000020E07080614150512
:10AB98007C9601200000000000000000000000007A
:10ABA800B8450020B8450020C0450020C045002019
:10ABB800C8450020C8450020D0450020D0450020C9
:10ABC800D8450020D8450020E0450020E045002079
:10ABD800E8450020E8450020F0450020F045002029
:10ABE800F8450020F84500200046002000460020D7
:10ABF8000846002008460020104600201046002085
:10AC08001846002018460020204600202046002034
:10AC180028460020284600203046002030460020E4
:10AC28003846002038460020404600204046002094
:10AC38004846002048460020504600205046002044
:10AC480058460020584600206046002060460020F4
:10AC580068460020684600207046002070460020A4
:10AC68007846002078460020804600208046002054
:10AC78008846002088460020904600209046002004
:10AC88009846002098460020A0460020A0460020B4
:10AC9800A8460020A8460020B0460020B046002064
:10ACA800B8460020B8460020C0460020C046002014
:10ACB800C8460020C8460020D0460020D0460020C4
:10ACC800D8460020D8460020E0460020E046002074
:10ACD800E8460020E8460020F0460020F046002024
:10ACE800F8460020F84600200047002000470020D2
:10ACF8000847002008470020104700201047002080
:10AD0800184700201847002020470020204700202F
:10AD180028470020284700203047002030470020DF
:10AD2800384700203847002040470020404700208F
:10AD3800484700204847002050470020504700203F
:10AD480058470020584700206047002060470020EF
:10AD5800684700206847002070470020704700209F
:10AD6800784700207847002080470020804700204F
:10AD780088470020884700209047002090470020FF
:10AD88009847002098470020A0470020A0470020AF
:10AD9800A8470020A8470020B0470020B04700205F
:10ADA800B8470020B8470020C0470020C04700200F
:10ADB800C8470020C8470020D0470020D0470020BF
:10ADC800D8470020D8470020E0470020E04700206F
:10ADD800E8470020E8470020F0470020F04700201F
:10ADE800F8470020F84700200048002000480020CD
:10ADF800084800200848002010480020104800207B
:10AE0800184800201848002020480020204800202A
:10AE180028480020284800203048002030480020DA
:10AE2800384800203848002040480020404800208A
:10AE3800484800204848002050480020504800203A
:10AE480058480020584800206048002060480020EA
:10AE5800684800206848002070480020704800209A
:10AE6800784800207848002080480020804800204A
:10AE780088480020884800209048002090480020FA
:10AE88009848002098480020A0480020A0480020AA
:10AE9800A8480020A8480020B0480020B04800205A
:10AEA800B8480020B8480020C0480020C04800200A
:10AEB800C8480020C8480020D0480020D0480020BA
:10AEC800D8480020D8480020E0480020E04800206A
:10AED800E8480020E8480020F0480020F04800201A
:10AEE800F8480020F84800200049002000490020C8
:10AEF8000849002008490020104900201049002076
:10AF08001849002018490020204900202049002025
:10AF180028490020284900203049002030490020D5
:10AF28003849002038490020404900204049002085
:10AF38004849002048490020504900205049002035
:10AF480058490020584900206049002060490020E5
:10AF58006849002068490020704900207049002095
:10AF68007849002078490020804900208049002045
:10AF780088490020884900209049002090490020F5
:10AF88009849002098490020A0490020A0490020A5
:10AF9800A8490020A8490020B0490020B049002055
:10AFA800FFFFFFFF00000200D04300200000000068
:10AFB8000000000000000000000000000000000089
:10AFC8000000000000000000000000000000000079
:10AFD8000000000000000000000000000000000069
:10AFE8000000000000000000000000000000000059
:10AFF8000000000000000000000000000000000049
:10B008000000000000000000000000000000000038
:10B018000000000000000000000000000000000028
:10B028000000000000000000000000000000000018
:10B038000000000000000000000000000000000008
:10B0480000000000000000000000000000000000F8
:10B0580000000000000000000000000000000000E8
:10B0680000000000000000000000000000000000D8
:10B0780000000000000000000000000000000000C8
:10B0880000000000000000000000000000000000B8
:10B0980000000000000000000000000000000000A8
:10B0A8000000000000000000000000000000000098
:10B0B8000000000000000000000000000000000088
:10B0C8000000000000000000000000000000000078
:10B0D8000000000000000000000000000000000068
:10B0E8000000000000000000000000000000000058
:10B0F8000000000000000000000000000000000048
:10B108000000000000000000000000000000000037
:10B118000000000000000000000000000000000027
:10B128000000000000000000000000000000000017
:10B138000000000000000000000000000000000007
:10B1480000000000000000000000000000000000F7
:10B1580000000000000000000000000000000000E7
:10B1680000000000000000000000000000000000D7
:10B1780000000000000000000000000000000000C7
:10B1880000000000000000000000000000000000B7
:10B1980000000000000000000000000000000000A7
:10B1A8000000000000000000000000000000000097
:10B1B8000000000000000000000000000000000087
:10B1C8000000000000000000000000000000000077
:10B1D8000000000000000000000000000000000067
:10B1E8000000000000000000000000000000000057
:10B1F8000000000000000000000000000000000047
:10B208000000000000000000000000000000000036
:10B218000000000000000000000000000000000026
:10B228000000000000000000000000000000000016
:10B238000000000000000000000000000000000006
:10B2480000000000000000000000000000000000F6
:10B2580000000000000000000000000000000000E6
:10B2680000000000000000000000000000000000D6
:10B2780000000000000000000000000000000000C6
:10B2880000000000000000000000000000000000B6
:10B2980000000000000000000000000000000000A6
:10B2A8000000000000000000000000000000000096
:10B2B8000000000000000000000000000000000086
:10B2C8000000000000000000000000000000000076
:10B2D8000000000000000000000000000000000066
:10B2E8000000000000000000000000000000000056
:10B2F8000000000000000000000000000000000046
:10B308000000000000000000000000000000000035
:10B318000000000000000000000000000000000025
:10B328000000000000000000000000000000000015
:10B338000000000000000000000000000000000005
:10B3480000000000000000000000000000000000F5
:10B3580000000000000000000000000000000000E5
:10B3680000000000000000000000000000000000D5
:10B3780000000000000000000000000000000000C5
:10B3880000000000000000000000000000000000B5
:10B3980000000000000000000000000000000000A5
:10B3A8000000000000000000000000000000000095
:10B3B8000000000000000000000000000000000085
:10B3C8000000000000000000000000000000000075
:10B3D8000000000000000000000000000000000065
:10B3E8000000000000000000000000000000000055
:10B3F8000000000000000000000000000000000045
:10B408000000000000000000000000000000000034
:10B418000000000000000000000000000000000024
:10B428000000000000000000000000000000000014
:10B438000000000000000000000000000000000004
:10B4480000000000000000000000000000000000F4
:10B4580000000000000000000000000000000000E4
:10B4680000000000000000000000000000000000D4
:10B4780000000000000000000000000000000000C4
:10B4880000000000000000000000000000000000B4
:10B4980000000000000000000000000000000000A4
:10B4A800FFFFFFFFFFFFFFFFFFFFFFFFFFFFFFFFA4
:10B4B800FFFFFFFFFFFFFFFFFFFFFFFFFFFFFFFF94
:10B4C800FFFFFFFFFFFFFFFFFFFFFFFFFFFFFFFF84
:10B4D800FFFFFFFFFFFFFFFFFFFFFFFFFFFFFFFF74
:10B4E800FFFFFFFFFFFFFFFFFFFFFFFFFFFFFFFF64
:10B4F800FFFFFFFFFFFFFFFFFFFFFFFFFFFFFFFF54
:10B50800FFFFFFFFFFFFFFFFFFFFFFFFFFFFFFFF43
:10B51800FFFFFFFFFFFFFFFFFFFFFFFFFFFFFFFF33
:10B52800FFFFFFFFFFFFFFFFFFFFFFFFFFFFFFFF23
:10B53800FFFFFFFFFFFFFFFFFFFFFFFFFFFFFFFF13
:10B54800FFFFFFFFFFFFFFFFFFFFFFFFFFFFFFFF03
:10B55800FFFFFFFFFFFFFFFFFFFFFFFFFFFFFFFFF3
:10B56800FFFFFFFFFFFFFFFFFFFFFFFFFFFFFFFFE3
:10B57800FFFFFFFFFFFFFFFFFFFFFFFFFFFFFFFFD3
:10B58800FFFFFFFFFFFFFFFFFFFFFFFFFFFFFFFFC3
:10B59800FFFFFFFFFFFFFFFFFFFFFFFFFFFFFFFFB3
:10B5A800FFFFFFFFFFFFFFFFFFFFFFFFFFFFFFFFA3
:10B5B800FFFFFFFFFFFFFFFFFFFFFFFFFFFFFFFF93
:10B5C800FFFFFFFFFFFFFFFFFFFFFFFFFFFFFFFF83
:10B5D800FFFFFFFFFFFFFFFFFFFFFFFFFFFFFFFF73
:10B5E800FFFFFFFFFFFFFFFFFFFFFFFFFFFFFFFF63
:10B5F800FFFFFFFFFFFFFFFFFFFFFFFFFFFFFFFF53
:10B60800FFFFFFFFFFFFFFFFFFFFFFFFFFFFFFFF42
:10B61800FFFFFFFFFFFFFFFFFFFFFFFFFFFFFFFF32
:10B62800FFFFFFFFFFFFFFFFFFFFFFFFFFFFFFFF22
:10B63800FFFFFFFFFFFFFFFFFFFFFFFFFFFFFFFF12
:10B64800FFFFFFFFFFFFFFFFFFFFFFFFFFFFFFFF02
:10B65800FFFFFFFFFFFFFFFFFFFFFFFFFFFFFFFFF2
:10B66800FFFFFFFFFFFFFFFFFFFFFFFFFFFFFFFFE2
:10B67800FFFFFFFFFFFFFFFFFFFFFFFFFFFFFFFFD2
:10B68800FFFFFFFFFFFFFFFFFFFFFFFFFFFFFFFFC2
:10B69800FFFFFFFFFFFFFFFFFFFFFFFFFFFFFFFFB2
:10B6A800FFFFFFFFFFFFFFFFFFFFFFFFFFFFFFFFA2
:10B6B800FFFFFFFFFFFFFFFFFFFFFFFFFFFFFFFF92
:10B6C800FFFFFFFFFFFFFFFFFFFFFFFFFFFFFFFF82
:10B6D800FFFFFFFFFFFFFFFFFFFFFFFFFFFFFFFF72
:10B6E800FFFFFFFFFFFFFFFFFFFFFFFFFFFFFFFF62
:10B6F800FFFFFFFFFFFFFFFFFFFFFFFFFFFFFFFF52
:10B70800FFFFFFFFFFFFFFFFFFFFFFFFFFFFFFFF41
:10B71800FFFFFFFFFFFFFFFFFFFFFFFFFFFFFFFF31
:10B72800FFFFFFFFFFFFFFFFFFFFFFFFFFFFFFFF21
:10B73800FFFFFFFFFFFFFFFFFFFFFFFFFFFFFFFF11
:10B74800FFFFFFFFFFFFFFFFFFFFFFFFFFFFFFFF01
:10B75800FFFFFFFFFFFFFFFFFFFFFFFFFFFFFFFFF1
:10B76800FFFFFFFFFFFFFFFFFFFFFFFFFFFFFFFFE1
:10B77800FFFFFFFFFFFFFFFFFFFFFFFFFFFFFFFFD1
:10B78800FFFFFFFFFFFFFFFFFFFFFFFFFFFFFFFFC1
:10B79800FFFFFFFFFFFFFFFFFFFFFFFFFFFFFFFFB1
:10B7A800FFFFFFFFFFFFFFFFFFFFFFFFFFFFFFFFA1
:10B7B800FFFFFFFFFFFFFFFFFFFFFFFFFFFFFFFF91
:10B7C800FFFFFFFFFFFFFFFFFFFFFFFFFFFFFFFF81
:10B7D800FFFFFFFFFFFFFFFFFFFFFFFFFFFFFFFF71
:10B7E800FFFFFFFFFFFFFFFFFFFFFFFFFFFFFFFF61
:10B7F800FFFFFFFFFFFFFFFF000000000000000049
:10B808000000000000000000000000000000000030
:10B818000000000000000000000000000000000020
:10B828000000000000000000000000000000000010
:10B838000000000000000000000000000000000000
:10B8480000000000000000000000000000000000F0
:10B8580000000000000000000000000000000000E0
:10B8680000000000000000000000000000000000D0
:10B8780000000000000000000000000000000000C0
:10B8880000000000000000000000000000000000B0
:10B8980000000000000000000000000000000000A0
:10B8A8000000000000000000000000000000000090
:10B8B8000000000000000000000000000000000080
:10B8C8000000000000000000000000000000000070
:10B8D8000000000000000000000000000000000060
:10B8E8000000000000000000000000000000000050
:10B8F8000000000000000000000000000000000040
:10B90800000000000000000000000000000000002F
:10B91800000000000000000000000000000000001F
:10B92800000000000000000000000000000000000F
:10B9380000000000000000000000000000000000FF
:10B9480000000000000000000000000000000000EF
:10B9580000000000000000000000000000000000DF
:10B9680000000000000000000000000000000000CF
:10B9780000000000000000000000000000000000BF
:10B9880000000000000000000000000000000000AF
:10B99800000000000000000000000000000000009F
:10B9A800000000000000000000000000000000008F
:10B9B800000000000000000000000000000000007F
:10B9C800000000000000000000000000000000006F
:10B9D800000000000000000000000000000000005F
:10B9E800000000000000000000000000000000004F
:10B9F800000000000000000000000000000000003F
:10BA0800000000000000000000000000000000002E
:10BA1800000000000000000000000000000000001E
:10BA2800000000000000000000000000000000000E
:10BA380000000000000000000000000000000000FE
:10BA480000000000000000000000000000000000EE
:10BA580000000000000000000000000000000000DE
:10BA680000000000000000000000000000000000CE
:10BA780000000000000000000000000000000000BE
:10BA880000000000000000000000000000000000AE
:10BA9800000000000000000000000000000000009E
:10BAA800000000000000000000000000000000008E
:10BAB800000000000000000000000000000000007E
:10BAC800000000000000000000000000000000006E
:10BAD800000000000000000000000000000000005E
:10BAE800000000000000000000000000000000004E
:10BAF800000000000000000000000000000000003E
:10BB0800000000000000000000000000000000002D
:10BB1800000000000000000000000000000000001D
:10BB2800000000000000000000000000000000000D
:10BB380000000000000000000000000000000000FD
:10BB480000000000000000000000000000000000ED
:10BB580000000000000000000000000000000000DD
:10BB680000000000000000000000000000000000CD
:10BB780000000000000000000000000000000000BD
:10BB880000000000000000000000000000000000AD
:10BB9800000000000000000000000000000000009D
:10BBA800000000000000000000000000000000008D
:10BBB800000000000000000000000000000000007D
:10BBC800000000000000000000000000000000006D
:10BBD800000000000000000000000000000000005D
:10BBE800000000000000000000000000000000004D
:10BBF800000000000000000000000000000000003D
:10BC0800000000000000000000000000000000002C
:10BC1800000000000000000000000000000000001C
:10BC2800000000000000000000000000000000000C
:10BC380000000000000000000000000000000000FC
:10BC480000000000000000000000000000000000EC
:10BC580000000000000000000000000000000000DC
:10BC680000000000000000000000000000000000CC
:10BC780000000000000000000000000000000000BC
:10BC880000000000000000000000000000000000AC
:10BC9800000000000000000000000000000000009C
:10BCA800000000000000000000000000000000008C
:10BCB800000000000000000000000000000000007C
:10BCC800000000000000000000000000000000006C
:10BCD800000000000000000000000000000000005C
:10BCE800000000000000000000000000000000004C
:10BCF800000000000000000000000000000000003C
:10BD0800000000000000000000000000000000002B
:10BD1800000000000000000000000000000000001B
:10BD2800000000000000000000000000000000000B
:10BD380000000000000000000000000000000000FB
:10BD480000000000000000000000000000000000EB
:10BD580000000000000000000000000000000000DB
:10BD680000000000000000000000000000000000CB
:10BD780000000000000000000000000000000000BB
:10BD880000000000000000000000000000000000AB
:10BD9800000000000000000000000000000000009B
:10BDA800000000000000000000000000000000008B
:10BDB800000000000000000000000000000000007B
:10BDC800000000000000000000000000000000006B
:10BDD800000000000000000000000000000000005B
:10BDE800000000000000000000000000000000004B
:10BDF800000000000000000000000000000000003B
:10BE0800000000000000000000000000000000002A
:10BE1800000000000000000000000000000000001A
:10BE2800000000000000000000000000000000000A
:10BE380000000000000000000000000000000000FA
:10BE480000000000000000000000000000000000EA
:10BE580000000000000000000000000000000000DA
:10BE680000000000000000000000000000000000CA
:10BE780000000000000000000000000000000000BA
:10BE880000000000000000000000000000000000AA
:10BE9800000000000000000000000000000000009A
:10BEA800000000000000000000000000000000008A
:10BEB800000000000000000000000000000000007A
:10BEC800000000000000000000000000000000006A
:10BED800000000000000000000000000000000005A
:10BEE800000000000000000000000000000000004A
:10BEF800000000000000000000000000000000003A
:10BF08000000000000000000000000000000000029
:10BF18000000000000000000000000000000000019
:10BF28000000000000000000000000000000000009
:10BF380000000000000000000000000000000000F9
:10BF480000000000000000000000000000000000E9
:10BF580000000000000000000000000000000000D9
:10BF680000000000000000000000000000000000C9
:10BF780000000000000000000000000000000000B9
:10BF880000000000000000000000000000000000A9
:10BF98000000000000000000000000000000000099
:10BFA8000000000000000000000000000000000089
:10BFB8000000000000000000000000000000000079
:10BFC8000000000000000000000000000000000069
:10BFD8000000000000000000000000000000000059
:10BFE8000000000000000000000000000000000049
:10BFF8000000000000000000000000000000000039
:10C008000000000000000000000000000000000028
:10C018000000000000000000000000000000000018
:10C028000000000000000000000000000000000008
:10C0380000000000000000000000000000000000F8
:10C0480000000000000000000000000000000000E8
:10C0580000000000000000000000000000000000D8
:10C0680000000000000000000000000000000000C8
:10C0780000000000000000000000000000000000B8
:10C0880000000000000000000000000000000000A8
:10C098000000000000000000000000000000000098
:10C0A8000000000000000000000000000000000088
:10C0B8000000000000000000000000000000000078
:10C0C8000000000000000000000000000000000068
:10C0D8000000000000000000000000000000000058
:10C0E8000000000000000000000000000000000048
:10C0F8000000000000000000000000000000000038
:10C108000000000000000000000000000000000027
:10C118000000000000000000000000000000000017
:10C128000000000000000000000000000000000007
:10C1380000000000000000000000000000000000F7
:10C1480000000000000000000000000000000000E7
:10C1580000000000000000000000000000000000D7
:10C1680000000000000000000000000000000000C7
:10C1780000000000000000000000000000000000B7
:10C1880000000000000000000000000000000000A7
:10C198000000000000000000000000000000000097
:10C1A8000000000000000000000000000000000087
:10C1B8000000000000000000000000000000000077
:10C1C8000000000000000000000000000000000067
:10C1D8000000000000000000000000000000000057
:10C1E8000000000000000000000000000000000047
:10C1F8000000000000000000000000000000000037
:10C208000000000000000000000000000000000026
:10C218000000000000000000000000000000000016
:10C228000000000000000000000000000000000006
:10C2380000000000000000000000000000000000F6
:10C2480000000000000000000000000000000000E6
:10C2580000000000000000000000000000000000D6
:10C2680000000000000000000000000000000000C6
:10C2780000000000000000000000000000000000B6
:10C2880000000000000000000000000000000000A6
:10C298000000000000000000000000000000000096
:10C2A8000000000000000000000000000000000086
:10C2B8000000000000000000000000000000000076
:10C2C8000000000000000000000000000000000066
:10C2D8000000000000000000000000000000000056
:10C2E8000000000000000000000000000000000046
:10C2F8000000000000000000000000000000000036
:10C308000000000000000000000000000000000025
:10C318000000000000000000000000000000000015
:10C328000000000000000000000000000000000005
:10C3380000000000000000000000000000000000F5
:10C3480000000000000000000000000000000000E5
:10C3580000000000000000000000000000000000D5
:10C3680000000000000000000000000000000000C5
:10C3780000000000000000000000000000000000B5
:10C3880000000000000000000000000000000000A5
:10C398000000000000000000000000000000000095
:10C3A8000000000000000000000000000000000085
:10C3B8000000000000000000000000000000000075
:10C3C8000000000000000000000000000000000065
:10C3D8000000000000000000000000000000000055
:10C3E8000000000000000000000000000000000045
:08C3F80000000000000000003D
:040000056000100087
:00000001FF
