:0200000460009A
:100000004643464200000156000000000103030081
:1000100000000000000000000000000000000000E0
:1000200000000000000000000000000000000000D0
:1000300000000000000000000000000000000000C0
:1000400000000000010408000000000000000000A3
:100050000000200000000000000000000000000080
:100060000000000000000000000000000000000090
:100070000000000000000000000000000000000080
:10008000EB04180A063204260000000000000000FD
:10009000050404240000000000000000000000002F
:1000A0000000000000000000000000000000000050
:1000B0000604000000000000000000000000000036
:1000C0000000000000000000000000000000000030
:1000D00020041808000000000000000000000000DC
:1000E0000000000000000000000000000000000010
:1000F0000000000000000000000000000000000000
:10010000D8041808000000000000000000000000F3
:100110000204180804200000000000000000000095
:1001200000000000000000000000000000000000CF
:10013000600400000000000000000000000000005B
:1001400000000000000000000000000000000000AF
:10015000000000000000000000000000000000009F
:10016000000000000000000000000000000000008F
:10017000000000000000000000000000000000007F
:10018000000000000000000000000000000000006F
:10019000000000000000000000000000000000005F
:1001A000000000000000000000000000000000004F
:1001B000000000000000000000000000000000003F
:1001C000000100000010000001000000000000001D
:1001D000000001000000000000000000000000001E
:1001E000000000000000000000000000000000000F
:1001F00000000000000000000000000000000000FF
:10020000FFFFFFFFFFFFFFFFFFFFFFFFFFFFFFFFFE
:10021000FFFFFFFFFFFFFFFFFFFFFFFFFFFFFFFFEE
:10022000FFFFFFFFFFFFFFFFFFFFFFFFFFFFFFFFDE
:10023000FFFFFFFFFFFFFFFFFFFFFFFFFFFFFFFFCE
:10024000FFFFFFFFFFFFFFFFFFFFFFFFFFFFFFFFBE
:10025000FFFFFFFFFFFFFFFFFFFFFFFFFFFFFFFFAE
:10026000FFFFFFFFFFFFFFFFFFFFFFFFFFFFFFFF9E
:10027000FFFFFFFFFFFFFFFFFFFFFFFFFFFFFFFF8E
:10028000FFFFFFFFFFFFFFFFFFFFFFFFFFFFFFFF7E
:10029000FFFFFFFFFFFFFFFFFFFFFFFFFFFFFFFF6E
:1002A000FFFFFFFFFFFFFFFFFFFFFFFFFFFFFFFF5E
:1002B000FFFFFFFFFFFFFFFFFFFFFFFFFFFFFFFF4E
:1002C000FFFFFFFFFFFFFFFFFFFFFFFFFFFFFFFF3E
:1002D000FFFFFFFFFFFFFFFFFFFFFFFFFFFFFFFF2E
:1002E000FFFFFFFFFFFFFFFFFFFFFFFFFFFFFFFF1E
:1002F000FFFFFFFFFFFFFFFFFFFFFFFFFFFFFFFF0E
:10030000FFFFFFFFFFFFFFFFFFFFFFFFFFFFFFFFFD
:10031000FFFFFFFFFFFFFFFFFFFFFFFFFFFFFFFFED
:10032000FFFFFFFFFFFFFFFFFFFFFFFFFFFFFFFFDD
:10033000FFFFFFFFFFFFFFFFFFFFFFFFFFFFFFFFCD
:10034000FFFFFFFFFFFFFFFFFFFFFFFFFFFFFFFFBD
:10035000FFFFFFFFFFFFFFFFFFFFFFFFFFFFFFFFAD
:10036000FFFFFFFFFFFFFFFFFFFFFFFFFFFFFFFF9D
:10037000FFFFFFFFFFFFFFFFFFFFFFFFFFFFFFFF8D
:10038000FFFFFFFFFFFFFFFFFFFFFFFFFFFFFFFF7D
:10039000FFFFFFFFFFFFFFFFFFFFFFFFFFFFFFFF6D
:1003A000FFFFFFFFFFFFFFFFFFFFFFFFFFFFFFFF5D
:1003B000FFFFFFFFFFFFFFFFFFFFFFFFFFFFFFFF4D
:1003C000FFFFFFFFFFFFFFFFFFFFFFFFFFFFFFFF3D
:1003D000FFFFFFFFFFFFFFFFFFFFFFFFFFFFFFFF2D
:1003E000FFFFFFFFFFFFFFFFFFFFFFFFFFFFFFFF1D
:1003F000FFFFFFFFFFFFFFFFFFFFFFFFFFFFFFFF0D
:10040000FFFFFFFFFFFFFFFFFFFFFFFFFFFFFFFFFC
:10041000FFFFFFFFFFFFFFFFFFFFFFFFFFFFFFFFEC
:10042000FFFFFFFFFFFFFFFFFFFFFFFFFFFFFFFFDC
:10043000FFFFFFFFFFFFFFFFFFFFFFFFFFFFFFFFCC
:10044000FFFFFFFFFFFFFFFFFFFFFFFFFFFFFFFFBC
:10045000FFFFFFFFFFFFFFFFFFFFFFFFFFFFFFFFAC
:10046000FFFFFFFFFFFFFFFFFFFFFFFFFFFFFFFF9C
:10047000FFFFFFFFFFFFFFFFFFFFFFFFFFFFFFFF8C
:10048000FFFFFFFFFFFFFFFFFFFFFFFFFFFFFFFF7C
:10049000FFFFFFFFFFFFFFFFFFFFFFFFFFFFFFFF6C
:1004A000FFFFFFFFFFFFFFFFFFFFFFFFFFFFFFFF5C
:1004B000FFFFFFFFFFFFFFFFFFFFFFFFFFFFFFFF4C
:1004C000FFFFFFFFFFFFFFFFFFFFFFFFFFFFFFFF3C
:1004D000FFFFFFFFFFFFFFFFFFFFFFFFFFFFFFFF2C
:1004E000FFFFFFFFFFFFFFFFFFFFFFFFFFFFFFFF1C
:1004F000FFFFFFFFFFFFFFFFFFFFFFFFFFFFFFFF0C
:10050000FFFFFFFFFFFFFFFFFFFFFFFFFFFFFFFFFB
:10051000FFFFFFFFFFFFFFFFFFFFFFFFFFFFFFFFEB
:10052000FFFFFFFFFFFFFFFFFFFFFFFFFFFFFFFFDB
:10053000FFFFFFFFFFFFFFFFFFFFFFFFFFFFFFFFCB
:10054000FFFFFFFFFFFFFFFFFFFFFFFFFFFFFFFFBB
:10055000FFFFFFFFFFFFFFFFFFFFFFFFFFFFFFFFAB
:10056000FFFFFFFFFFFFFFFFFFFFFFFFFFFFFFFF9B
:10057000FFFFFFFFFFFFFFFFFFFFFFFFFFFFFFFF8B
:10058000FFFFFFFFFFFFFFFFFFFFFFFFFFFFFFFF7B
:10059000FFFFFFFFFFFFFFFFFFFFFFFFFFFFFFFF6B
:1005A000FFFFFFFFFFFFFFFFFFFFFFFFFFFFFFFF5B
:1005B000FFFFFFFFFFFFFFFFFFFFFFFFFFFFFFFF4B
:1005C000FFFFFFFFFFFFFFFFFFFFFFFFFFFFFFFF3B
:1005D000FFFFFFFFFFFFFFFFFFFFFFFFFFFFFFFF2B
:1005E000FFFFFFFFFFFFFFFFFFFFFFFFFFFFFFFF1B
:1005F000FFFFFFFFFFFFFFFFFFFFFFFFFFFFFFFF0B
:10060000FFFFFFFFFFFFFFFFFFFFFFFFFFFFFFFFFA
:10061000FFFFFFFFFFFFFFFFFFFFFFFFFFFFFFFFEA
:10062000FFFFFFFFFFFFFFFFFFFFFFFFFFFFFFFFDA
:10063000FFFFFFFFFFFFFFFFFFFFFFFFFFFFFFFFCA
:10064000FFFFFFFFFFFFFFFFFFFFFFFFFFFFFFFFBA
:10065000FFFFFFFFFFFFFFFFFFFFFFFFFFFFFFFFAA
:10066000FFFFFFFFFFFFFFFFFFFFFFFFFFFFFFFF9A
:10067000FFFFFFFFFFFFFFFFFFFFFFFFFFFFFFFF8A
:10068000FFFFFFFFFFFFFFFFFFFFFFFFFFFFFFFF7A
:10069000FFFFFFFFFFFFFFFFFFFFFFFFFFFFFFFF6A
:1006A000FFFFFFFFFFFFFFFFFFFFFFFFFFFFFFFF5A
:1006B000FFFFFFFFFFFFFFFFFFFFFFFFFFFFFFFF4A
:1006C000FFFFFFFFFFFFFFFFFFFFFFFFFFFFFFFF3A
:1006D000FFFFFFFFFFFFFFFFFFFFFFFFFFFFFFFF2A
:1006E000FFFFFFFFFFFFFFFFFFFFFFFFFFFFFFFF1A
:1006F000FFFFFFFFFFFFFFFFFFFFFFFFFFFFFFFF0A
:10070000FFFFFFFFFFFFFFFFFFFFFFFFFFFFFFFFF9
:10071000FFFFFFFFFFFFFFFFFFFFFFFFFFFFFFFFE9
:10072000FFFFFFFFFFFFFFFFFFFFFFFFFFFFFFFFD9
:10073000FFFFFFFFFFFFFFFFFFFFFFFFFFFFFFFFC9
:10074000FFFFFFFFFFFFFFFFFFFFFFFFFFFFFFFFB9
:10075000FFFFFFFFFFFFFFFFFFFFFFFFFFFFFFFFA9
:10076000FFFFFFFFFFFFFFFFFFFFFFFFFFFFFFFF99
:10077000FFFFFFFFFFFFFFFFFFFFFFFFFFFFFFFF89
:10078000FFFFFFFFFFFFFFFFFFFFFFFFFFFFFFFF79
:10079000FFFFFFFFFFFFFFFFFFFFFFFFFFFFFFFF69
:1007A000FFFFFFFFFFFFFFFFFFFFFFFFFFFFFFFF59
:1007B000FFFFFFFFFFFFFFFFFFFFFFFFFFFFFFFF49
:1007C000FFFFFFFFFFFFFFFFFFFFFFFFFFFFFFFF39
:1007D000FFFFFFFFFFFFFFFFFFFFFFFFFFFFFFFF29
:1007E000FFFFFFFFFFFFFFFFFFFFFFFFFFFFFFFF19
:1007F000FFFFFFFFFFFFFFFFFFFFFFFFFFFFFFFF09
:10080000FFFFFFFFFFFFFFFFFFFFFFFFFFFFFFFFF8
:10081000FFFFFFFFFFFFFFFFFFFFFFFFFFFFFFFFE8
:10082000FFFFFFFFFFFFFFFFFFFFFFFFFFFFFFFFD8
:10083000FFFFFFFFFFFFFFFFFFFFFFFFFFFFFFFFC8
:10084000FFFFFFFFFFFFFFFFFFFFFFFFFFFFFFFFB8
:10085000FFFFFFFFFFFFFFFFFFFFFFFFFFFFFFFFA8
:10086000FFFFFFFFFFFFFFFFFFFFFFFFFFFFFFFF98
:10087000FFFFFFFFFFFFFFFFFFFFFFFFFFFFFFFF88
:10088000FFFFFFFFFFFFFFFFFFFFFFFFFFFFFFFF78
:10089000FFFFFFFFFFFFFFFFFFFFFFFFFFFFFFFF68
:1008A000FFFFFFFFFFFFFFFFFFFFFFFFFFFFFFFF58
:1008B000FFFFFFFFFFFFFFFFFFFFFFFFFFFFFFFF48
:1008C000FFFFFFFFFFFFFFFFFFFFFFFFFFFFFFFF38
:1008D000FFFFFFFFFFFFFFFFFFFFFFFFFFFFFFFF28
:1008E000FFFFFFFFFFFFFFFFFFFFFFFFFFFFFFFF18
:1008F000FFFFFFFFFFFFFFFFFFFFFFFFFFFFFFFF08
:10090000FFFFFFFFFFFFFFFFFFFFFFFFFFFFFFFFF7
:10091000FFFFFFFFFFFFFFFFFFFFFFFFFFFFFFFFE7
:10092000FFFFFFFFFFFFFFFFFFFFFFFFFFFFFFFFD7
:10093000FFFFFFFFFFFFFFFFFFFFFFFFFFFFFFFFC7
:10094000FFFFFFFFFFFFFFFFFFFFFFFFFFFFFFFFB7
:10095000FFFFFFFFFFFFFFFFFFFFFFFFFFFFFFFFA7
:10096000FFFFFFFFFFFFFFFFFFFFFFFFFFFFFFFF97
:10097000FFFFFFFFFFFFFFFFFFFFFFFFFFFFFFFF87
:10098000FFFFFFFFFFFFFFFFFFFFFFFFFFFFFFFF77
:10099000FFFFFFFFFFFFFFFFFFFFFFFFFFFFFFFF67
:1009A000FFFFFFFFFFFFFFFFFFFFFFFFFFFFFFFF57
:1009B000FFFFFFFFFFFFFFFFFFFFFFFFFFFFFFFF47
:1009C000FFFFFFFFFFFFFFFFFFFFFFFFFFFFFFFF37
:1009D000FFFFFFFFFFFFFFFFFFFFFFFFFFFFFFFF27
:1009E000FFFFFFFFFFFFFFFFFFFFFFFFFFFFFFFF17
:1009F000FFFFFFFFFFFFFFFFFFFFFFFFFFFFFFFF07
:100A0000FFFFFFFFFFFFFFFFFFFFFFFFFFFFFFFFF6
:100A1000FFFFFFFFFFFFFFFFFFFFFFFFFFFFFFFFE6
:100A2000FFFFFFFFFFFFFFFFFFFFFFFFFFFFFFFFD6
:100A3000FFFFFFFFFFFFFFFFFFFFFFFFFFFFFFFFC6
:100A4000FFFFFFFFFFFFFFFFFFFFFFFFFFFFFFFFB6
:100A5000FFFFFFFFFFFFFFFFFFFFFFFFFFFFFFFFA6
:100A6000FFFFFFFFFFFFFFFFFFFFFFFFFFFFFFFF96
:100A7000FFFFFFFFFFFFFFFFFFFFFFFFFFFFFFFF86
:100A8000FFFFFFFFFFFFFFFFFFFFFFFFFFFFFFFF76
:100A9000FFFFFFFFFFFFFFFFFFFFFFFFFFFFFFFF66
:100AA000FFFFFFFFFFFFFFFFFFFFFFFFFFFFFFFF56
:100AB000FFFFFFFFFFFFFFFFFFFFFFFFFFFFFFFF46
:100AC000FFFFFFFFFFFFFFFFFFFFFFFFFFFFFFFF36
:100AD000FFFFFFFFFFFFFFFFFFFFFFFFFFFFFFFF26
:100AE000FFFFFFFFFFFFFFFFFFFFFFFFFFFFFFFF16
:100AF000FFFFFFFFFFFFFFFFFFFFFFFFFFFFFFFF06
:100B0000FFFFFFFFFFFFFFFFFFFFFFFFFFFFFFFFF5
:100B1000FFFFFFFFFFFFFFFFFFFFFFFFFFFFFFFFE5
:100B2000FFFFFFFFFFFFFFFFFFFFFFFFFFFFFFFFD5
:100B3000FFFFFFFFFFFFFFFFFFFFFFFFFFFFFFFFC5
:100B4000FFFFFFFFFFFFFFFFFFFFFFFFFFFFFFFFB5
:100B5000FFFFFFFFFFFFFFFFFFFFFFFFFFFFFFFFA5
:100B6000FFFFFFFFFFFFFFFFFFFFFFFFFFFFFFFF95
:100B7000FFFFFFFFFFFFFFFFFFFFFFFFFFFFFFFF85
:100B8000FFFFFFFFFFFFFFFFFFFFFFFFFFFFFFFF75
:100B9000FFFFFFFFFFFFFFFFFFFFFFFFFFFFFFFF65
:100BA000FFFFFFFFFFFFFFFFFFFFFFFFFFFFFFFF55
:100BB000FFFFFFFFFFFFFFFFFFFFFFFFFFFFFFFF45
:100BC000FFFFFFFFFFFFFFFFFFFFFFFFFFFFFFFF35
:100BD000FFFFFFFFFFFFFFFFFFFFFFFFFFFFFFFF25
:100BE000FFFFFFFFFFFFFFFFFFFFFFFFFFFFFFFF15
:100BF000FFFFFFFFFFFFFFFFFFFFFFFFFFFFFFFF05
:100C0000FFFFFFFFFFFFFFFFFFFFFFFFFFFFFFFFF4
:100C1000FFFFFFFFFFFFFFFFFFFFFFFFFFFFFFFFE4
:100C2000FFFFFFFFFFFFFFFFFFFFFFFFFFFFFFFFD4
:100C3000FFFFFFFFFFFFFFFFFFFFFFFFFFFFFFFFC4
:100C4000FFFFFFFFFFFFFFFFFFFFFFFFFFFFFFFFB4
:100C5000FFFFFFFFFFFFFFFFFFFFFFFFFFFFFFFFA4
:100C6000FFFFFFFFFFFFFFFFFFFFFFFFFFFFFFFF94
:100C7000FFFFFFFFFFFFFFFFFFFFFFFFFFFFFFFF84
:100C8000FFFFFFFFFFFFFFFFFFFFFFFFFFFFFFFF74
:100C9000FFFFFFFFFFFFFFFFFFFFFFFFFFFFFFFF64
:100CA000FFFFFFFFFFFFFFFFFFFFFFFFFFFFFFFF54
:100CB000FFFFFFFFFFFFFFFFFFFFFFFFFFFFFFFF44
:100CC000FFFFFFFFFFFFFFFFFFFFFFFFFFFFFFFF34
:100CD000FFFFFFFFFFFFFFFFFFFFFFFFFFFFFFFF24
:100CE000FFFFFFFFFFFFFFFFFFFFFFFFFFFFFFFF14
:100CF000FFFFFFFFFFFFFFFFFFFFFFFFFFFFFFFF04
:100D0000FFFFFFFFFFFFFFFFFFFFFFFFFFFFFFFFF3
:100D1000FFFFFFFFFFFFFFFFFFFFFFFFFFFFFFFFE3
:100D2000FFFFFFFFFFFFFFFFFFFFFFFFFFFFFFFFD3
:100D3000FFFFFFFFFFFFFFFFFFFFFFFFFFFFFFFFC3
:100D4000FFFFFFFFFFFFFFFFFFFFFFFFFFFFFFFFB3
:100D5000FFFFFFFFFFFFFFFFFFFFFFFFFFFFFFFFA3
:100D6000FFFFFFFFFFFFFFFFFFFFFFFFFFFFFFFF93
:100D7000FFFFFFFFFFFFFFFFFFFFFFFFFFFFFFFF83
:100D8000FFFFFFFFFFFFFFFFFFFFFFFFFFFFFFFF73
:100D9000FFFFFFFFFFFFFFFFFFFFFFFFFFFFFFFF63
:100DA000FFFFFFFFFFFFFFFFFFFFFFFFFFFFFFFF53
:100DB000FFFFFFFFFFFFFFFFFFFFFFFFFFFFFFFF43
:100DC000FFFFFFFFFFFFFFFFFFFFFFFFFFFFFFFF33
:100DD000FFFFFFFFFFFFFFFFFFFFFFFFFFFFFFFF23
:100DE000FFFFFFFFFFFFFFFFFFFFFFFFFFFFFFFF13
:100DF000FFFFFFFFFFFFFFFFFFFFFFFFFFFFFFFF03
:100E0000FFFFFFFFFFFFFFFFFFFFFFFFFFFFFFFFF2
:100E1000FFFFFFFFFFFFFFFFFFFFFFFFFFFFFFFFE2
:100E2000FFFFFFFFFFFFFFFFFFFFFFFFFFFFFFFFD2
:100E3000FFFFFFFFFFFFFFFFFFFFFFFFFFFFFFFFC2
:100E4000FFFFFFFFFFFFFFFFFFFFFFFFFFFFFFFFB2
:100E5000FFFFFFFFFFFFFFFFFFFFFFFFFFFFFFFFA2
:100E6000FFFFFFFFFFFFFFFFFFFFFFFFFFFFFFFF92
:100E7000FFFFFFFFFFFFFFFFFFFFFFFFFFFFFFFF82
:100E8000FFFFFFFFFFFFFFFFFFFFFFFFFFFFFFFF72
:100E9000FFFFFFFFFFFFFFFFFFFFFFFFFFFFFFFF62
:100EA000FFFFFFFFFFFFFFFFFFFFFFFFFFFFFFFF52
:100EB000FFFFFFFFFFFFFFFFFFFFFFFFFFFFFFFF42
:100EC000FFFFFFFFFFFFFFFFFFFFFFFFFFFFFFFF32
:100ED000FFFFFFFFFFFFFFFFFFFFFFFFFFFFFFFF22
:100EE000FFFFFFFFFFFFFFFFFFFFFFFFFFFFFFFF12
:100EF000FFFFFFFFFFFFFFFFFFFFFFFFFFFFFFFF02
:100F0000FFFFFFFFFFFFFFFFFFFFFFFFFFFFFFFFF1
:100F1000FFFFFFFFFFFFFFFFFFFFFFFFFFFFFFFFE1
:100F2000FFFFFFFFFFFFFFFFFFFFFFFFFFFFFFFFD1
:100F3000FFFFFFFFFFFFFFFFFFFFFFFFFFFFFFFFC1
:100F4000FFFFFFFFFFFFFFFFFFFFFFFFFFFFFFFFB1
:100F5000FFFFFFFFFFFFFFFFFFFFFFFFFFFFFFFFA1
:100F6000FFFFFFFFFFFFFFFFFFFFFFFFFFFFFFFF91
:100F7000FFFFFFFFFFFFFFFFFFFFFFFFFFFFFFFF81
:100F8000FFFFFFFFFFFFFFFFFFFFFFFFFFFFFFFF71
:100F9000FFFFFFFFFFFFFFFFFFFFFFFFFFFFFFFF61
:100FA000FFFFFFFFFFFFFFFFFFFFFFFFFFFFFFFF51
:100FB000FFFFFFFFFFFFFFFFFFFFFFFFFFFFFFFF41
:100FC000FFFFFFFFFFFFFFFFFFFFFFFFFFFFFFFF31
:100FD000FFFFFFFFFFFFFFFFFFFFFFFFFFFFFFFF21
:100FE000FFFFFFFFFFFFFFFFFFFFFFFFFFFFFFFF11
:100FF000FFFFFFFFFFFFFFFFFFFFFFFFFFFFFFFF01
:10100000D1002043711C00600000000000000000BF
:10101000201000600010006000B4016000000000BB
:101020000000006000C0010000000000FFFFFFFFA3
:10103000FFFFFFFFFFFFFFFFFFFFFFFFFFFFFFFFC0
:10104000FFFFFFFFFFFFFFFFFFFFFFFFFFFFFFFFB0
:10105000FFFFFFFFFFFFFFFFFFFFFFFFFFFFFFFFA0
:10106000FFFFFFFFFFFFFFFFFFFFFFFFFFFFFFFF90
:10107000FFFFFFFFFFFFFFFFFFFFFFFFFFFFFFFF80
:10108000FFFFFFFFFFFFFFFFFFFFFFFFFFFFFFFF70
:10109000FFFFFFFFFFFFFFFFFFFFFFFFFFFFFFFF60
:1010A000FFFFFFFFFFFFFFFFFFFFFFFFFFFFFFFF50
:1010B000FFFFFFFFFFFFFFFFFFFFFFFFFFFFFFFF40
:1010C000FFFFFFFFFFFFFFFFFFFFFFFFFFFFFFFF30
:1010D000FFFFFFFFFFFFFFFFFFFFFFFFFFFFFFFF20
:1010E000FFFFFFFFFFFFFFFFFFFFFFFFFFFFFFFF10
:1010F000FFFFFFFFFFFFFFFFFFFFFFFFFFFFFFFF00
:10110000FFFFFFFFFFFFFFFFFFFFFFFFFFFFFFFFEF
:10111000FFFFFFFFFFFFFFFFFFFFFFFFFFFFFFFFDF
:10112000FFFFFFFFFFFFFFFFFFFFFFFFFFFFFFFFCF
:10113000FFFFFFFFFFFFFFFFFFFFFFFFFFFFFFFFBF
:10114000FFFFFFFFFFFFFFFFFFFFFFFFFFFFFFFFAF
:10115000FFFFFFFFFFFFFFFFFFFFFFFFFFFFFFFF9F
:10116000FFFFFFFFFFFFFFFFFFFFFFFFFFFFFFFF8F
:10117000FFFFFFFFFFFFFFFFFFFFFFFFFFFFFFFF7F
:10118000FFFFFFFFFFFFFFFFFFFFFFFFFFFFFFFF6F
:10119000FFFFFFFFFFFFFFFFFFFFFFFFFFFFFFFF5F
:1011A000FFFFFFFFFFFFFFFFFFFFFFFFFFFFFFFF4F
:1011B000FFFFFFFFFFFFFFFFFFFFFFFFFFFFFFFF3F
:1011C000FFFFFFFFFFFFFFFFFFFFFFFFFFFFFFFF2F
:1011D000FFFFFFFFFFFFFFFFFFFFFFFFFFFFFFFF1F
:1011E000FFFFFFFFFFFFFFFFFFFFFFFFFFFFFFFF0F
:1011F000FFFFFFFFFFFFFFFFFFFFFFFFFFFFFFFFFF
:10120000FFFFFFFFFFFFFFFFFFFFFFFFFFFFFFFFEE
:10121000FFFFFFFFFFFFFFFFFFFFFFFFFFFFFFFFDE
:10122000FFFFFFFFFFFFFFFFFFFFFFFFFFFFFFFFCE
:10123000FFFFFFFFFFFFFFFFFFFFFFFFFFFFFFFFBE
:10124000FFFFFFFFFFFFFFFFFFFFFFFFFFFFFFFFAE
:10125000FFFFFFFFFFFFFFFFFFFFFFFFFFFFFFFF9E
:10126000FFFFFFFFFFFFFFFFFFFFFFFFFFFFFFFF8E
:10127000FFFFFFFFFFFFFFFFFFFFFFFFFFFFFFFF7E
:10128000FFFFFFFFFFFFFFFFFFFFFFFFFFFFFFFF6E
:10129000FFFFFFFFFFFFFFFFFFFFFFFFFFFFFFFF5E
:1012A000FFFFFFFFFFFFFFFFFFFFFFFFFFFFFFFF4E
:1012B000FFFFFFFFFFFFFFFFFFFFFFFFFFFFFFFF3E
:1012C000FFFFFFFFFFFFFFFFFFFFFFFFFFFFFFFF2E
:1012D000FFFFFFFFFFFFFFFFFFFFFFFFFFFFFFFF1E
:1012E000FFFFFFFFFFFFFFFFFFFFFFFFFFFFFFFF0E
:1012F000FFFFFFFFFFFFFFFFFFFFFFFFFFFFFFFFFE
:10130000FFFFFFFFFFFFFFFFFFFFFFFFFFFFFFFFED
:10131000FFFFFFFFFFFFFFFFFFFFFFFFFFFFFFFFDD
:10132000FFFFFFFFFFFFFFFFFFFFFFFFFFFFFFFFCD
:10133000FFFFFFFFFFFFFFFFFFFFFFFFFFFFFFFFBD
:10134000FFFFFFFFFFFFFFFFFFFFFFFFFFFFFFFFAD
:10135000FFFFFFFFFFFFFFFFFFFFFFFFFFFFFFFF9D
:10136000FFFFFFFFFFFFFFFFFFFFFFFFFFFFFFFF8D
:10137000FFFFFFFFFFFFFFFFFFFFFFFFFFFFFFFF7D
:10138000FFFFFFFFFFFFFFFFFFFFFFFFFFFFFFFF6D
:10139000FFFFFFFFFFFFFFFFFFFFFFFFFFFFFFFF5D
:1013A000FFFFFFFFFFFFFFFFFFFFFFFFFFFFFFFF4D
:1013B000FFFFFFFFFFFFFFFFFFFFFFFFFFFFFFFF3D
:1013C000FFFFFFFFFFFFFFFFFFFFFFFFFFFFFFFF2D
:1013D000FFFFFFFFFFFFFFFFFFFFFFFFFFFFFFFF1D
:1013E000FFFFFFFFFFFFFFFFFFFFFFFFFFFFFFFF0D
:1013F000FFFFFFFFFFFFFFFFFFFFFFFFFFFFFFFFFD
:10140000884207D0904205D251F8043B40F8043B93
:101410008242F9D8704700BF884204D2002340F8C6
:10142000043B8142FBD87047BD4B0824BD4ABE49EE
:10143000BE4880B5C3F8544184B0FFF7E1FFBC4A11
:10144000BC49BD48FFF7DCFFBC49BD48FFF7E4FFDE
:10145000BC4C4FF0E0214FF470000023BA4AC1F8B1
:10146000880D44F823200133B02BFAD1B74B8021EB
:10147000B74A03F8011B9342FBD14FF0E023A84A7F
:101480004FF08031B348C3F8084DC2F80411C2F8D8
:101490000001B148C2F8F410C2F8F000D3F8241DDE
:1014A000AE4841F4E021C3F8241DC16921F07F0159
:1014B00041F04001C161416A21F07F0141F04001EA
:1014C00041624FF0FF30A6498866C86608674867E2
:1014D00000211020C3F8941DC3F89C0DA148C3F847
:1014E000A00D1120C3F89C0D9F48C3F8A00D122039
:1014F000C3F89C0D9D48C3F8A00D9D48C3F89C0DF2
:101500009C48C3F8A00D9C48C3F89C0D9B48C3F8A9
:10151000A00D8A4840F01500C3F89C0D9848C3F808
:10152000A00D00F181500D30C3F89C0D9548C3F813
:10153000A00D9548C3F89C0D9448C3F8A00D94489D
:10154000C3F89C0D9348C3F8A00D9348C3F89C0DB5
:101550009248C3F8A00D0120C3F8940DBFF34F8F3C
:10156000BFF36F8FC3F8501FBFF34F8FBFF36F8F61
:10157000D3F8140D4FF04008894E4FF4805E40F4CC
:1015800040304FF4005C4FF44047C3F8140D8548D9
:10159000A0638548E0636320586103209961186166
:1015A00082488349C3F8200DD3F8FC0D40F08070C9
:1015B000C3F8FC0D43F242000B6843F001030B60DB
:1015C0004B684FF48031B36013699D0700F1FA82D4
:1015D0009D0440F1FB82DD0440F11C83002BF3DA13
:1015E00013F4803540F019835B0640F122834FF0FD
:1015F000803358496F48C2F80431C2F80011C2F86C
:10160000F430554BC2F8F03000F056FB534AD36E1D
:1016100043F44053D366A2F52032674B1D60C3F8F4
:101620000851C3F81851C3F82851C3F83851936BC7
:10163000D80708D442F61563604951651365936B6A
:1016400043F0010393635E49444B8A6842F0011200
:101650008A60D96E5B4A41F44031D966D96E41F453
:101660004071D96640F23761A02351649364936C52
:101670001906FCD4544B40F23761A02259649A6495
:101680009D6C15F08005FBD1344B45F6C0574F4893
:10169000F3EE097A9A6F9FED4E6A42F47F029FED56
:1016A0004D7A9A674C4AD3F880100A43C3F88020D9
:1016B00000F00EFB00F5804000F00AFB00F58040D2
:1016C00000F006FB00F5804000F002FB4349444A6D
:1016D0004FF00F0E41F2010C43F226008D814D8137
:1016E000A1F80EE0A1F814C0CF800D800D82888192
:1016F0008D854D85A1F82EE0A1F834C0CF840D84EE
:101700000D868885A1F84C50A1F84A50A1F84EE00A
:10171000A1F854C0A1F84670A1F8405062E000BFA3
:1017200000800D4098570100E02600600000000096
:10173000C03200207C7E016000000020A038012023
:10174000C032002000300020C56B000000E400E043
:10175000A0E400E01B1018200C0D111300C00F4076
:1017600000C00A403F0000102500080309001000D7
:101770001300200021000207140000202500081398
:101780000900001027000B1317000040330010134E
:10179000180000602F000B07190000702F000B13BA
:1017A000C0320020452000009520000000002020CD
:1017B000001000E00046C323004008400000C0566F
:1017C00000400D4000400C4000800C4000C03D40F7
:1017D0000000AA420000B442000003FC00C01D400B
:1017E00000001E40A1F85050A1F84C00A1F86C5028
:1017F000A1F86A50A1F86EE0A1F874C0A1F8667073
:10180000A1F86050A1F87050A1F86C009581558145
:10181000A2F80EE0A2F814C0D7801580158290813E
:1018200095855585A2F82EE0A2F834C0D78415849A
:1018300015869085A2F84C50A2F84A50A2F84EE0C6
:10184000A2F854C0A2F84670A2F84050A2F8505036
:10185000A2F84C00A2F86C50A2F86A50A2F86EE010
:10186000A2F874C0A2F86670A2F86050A2F8705096
:10187000A2F86C00A2F58312D64BA2F5F852D64915
:101880009D815D81A3F80EE0A3F814C0DF801D8068
:101890001D8298819D855D85A3F82EE0A3F834C054
:1018A000DF841D841D869885A3F84C50A3F84A5008
:1018B000A3F84EE0A3F854C0A3F84670A3F8405034
:1018C000A3F85050A3F84C00A3F86C50A3F86A504A
:1018D000A3F86EE0A3F874C0A3F86670A3F8605094
:1018E000A3F87050A3F86C00D2F88030BB4823F006
:1018F0000103C2F880300323C2F89030B84BD3F80C
:10190000E030D2F880C0DFB206EE907AC0F8AC7159
:10191000C3F30B271B0DF8EEE66A05EE907AC0F8CC
:10192000B071B04F36EEC66A36EEC77A76EEE76A29
:1019300007EE903AB8EEE55AF8EEE77AC0ED6D6A38
:1019400077EEC57A26EE276AC0ED6E7A27EE277A03
:10195000A54866EEA77AC6EE265A87EE266A87EE77
:10196000A67A75EE855AFCEEE55A76EE056A15EE16
:10197000903AFCEEE66A4CEA035377EE057AC2F839
:10198000803016EE903A01EA0343D2F89011FCEE53
:10199000E77A0B43C2F8903117EE903AD2F89011E3
:1019A000C3F30B030B43C2F89031D2F8803043F0FD
:1019B0000203C2F8803087F84050C4F840014FF06D
:1019C000E0230122C3F808217368132BFCD9874B4D
:1019D00040F66172C3F82021814A854BD2F820126B
:1019E00021F07F41994280F01A810A2000FB01F228
:1019F000B2FBF0F300FB1323092A03F130038DF847
:101A0000043040F219810DF1040C4FF0000EDFF8A4
:101A100000926746A9FB0132884670460EF1010E1E
:101A2000D208B8F1090F02EB8203A1EB4303114680
:101A300003F1300307F8013FECD801AB00F11002CD
:101A400003EB0E016A44002302F80A3C1A460133F4
:101A50009CF80070821A91F800E093420CF801EBB8
:101A600001F80179F2DB9DF80420002A00F0EA80F9
:101A7000604B9DF80510A3F86E20002900F0E4806B
:101A80009DF80600A3F87010002800F0DF809DF894
:101A90000720A3F87200002A00F0DA809DF80810F1
:101AA000A3F87420002900F0D7809DF80920A3F83E
:101AB0007610002A00F0D4809DF80A10A3F8782050
:101AC000002900F0CB809DF80B20A3F87A10002AA3
:101AD00000F0C0809DF80C10A3F87C20002900F0D5
:101AE000C1809DF80D20A3F87E10002A00F0BC8074
:101AF0000A25A3F880206A1C3F49520083F86C2015
:101B0000D1F880303D4A43F00303C1F8803040F201
:101B100004413B4BC2F8601119683A4B194203D19A
:101B2000D2F8A8319A071BD0344A4FF00041344B09
:101B30005963D2F8403143F00203C2F84031D2F881
:101B400040319B07FBD44FF0E0224FF400312C4B87
:101B50001920C2F88C124FF000429A6300F0B4F8DA
:101B6000274A00214FF08040244D274B906311609D
:101B70000A221846C5F8A8214FF4207200F098F800
:101B80004FF48102214B02604FF48002C5F85801E6
:101B9000026440F24312C5F84821C4F804324FF001
:101BA000E0224FF400310123C2F80C11C5F8403196
:101BB0007368B3F5967FFBD300F072F800F080F8FD
:101BC00000F08AF8976151619061FDE4C2F814C099
:101BD000FAE400BF00401E400000FF0FB8430020A1
:101BE00000441F4000E400E0AD6D000000800D40A7
:101BF00080969800A029002000C00F4000002E40D1
:101C000000900D40001C1E0000000020E16000005C
:101C1000CDCCCCCCC2F814E0D6E49161D4E40A2354
:101C2000B1FBF3F203FB1213114630338DF804308D
:101C3000E9E6C2F81480C7E400239DF804208DF87B
:101C4000053015E7094B56E7012554E7022552E711
:101C5000032550E707254EE704254CE706254AE70C
:101C6000052548E7082546E7092544E7A02900207F
:101C7000074B4FF42A01074A07485A641864074A79
:101C800099639546BFF34F8FBFF36F8FFFF7CCFB80
:101C900000C00A40BFAAAAAA0700200000800620B0
:101CA00000BF7047F8B500BFF8BC08BC9E4670473F
:101CB0005FF800F0BDF300005FF800F0592200006B
:101CC0005FF800F06DF400005FF800F0B12900004B
:101CD0005FF800F0BD2400005FF800F04DB0000098
:081CE00045000000B9DC000022
:101CE80000000000000001000200040006000800D7
:101CF8000B000F00140019001F0026002E003700EB
:101D080041004B0057006300710080008F00A00065
:101D1800B200C500DA00EF0006011E0137015201CA
:101D28006E018B01A901C901EB010E0232025702B3
:101D38007F02A702D202FD022B0359038A03BC03C8
:101D4800EF0325045C049404CF040B0548058805BB
:101D5800C9050C0651069806E0062A077607C40747
:101D680014086608B9080F096709C0091B0A790A27
:101D7800D80A3A0B9D0B030C6A0CD40C3F0DAD0D21
:101D88001D0E8F0E030F790FF20F6C10E9106811FA
:101D9800E9116C12F2127A13041490141F15B0157D
:101DA8004316D91671170B18A7184619E8198B1A74
:101DB800321BDA1B851C331DE21D951E491F0120AD
:101DC800BB2077213622F722BB2381244A251626F9
:101DD800E426B52788285E29362A112BEF2BD02C2C
:101DE800B32D992E812F6D305A314B323F33353414
:101DF8002E352936283729382D39333A3D3B493C89
:101E0800593D6B3E803F9740B241D042F043134565
:101E18003A4663478F48BE49F04A254C5D4D974E78
:101E2800D54F16515A52A153EB5438568757DA58A2
:101E3800315A8A5BE65C455EA75F0D617662E163B5
:101E48005065C2663768AF692B6BAA6C2B6EB06F92
:101E58003971C4725374E5757A771279AE7A4C7C0D
:101E6800EF7D947F3D81E98298844B860188BA8909
:101E7800768B368DFA8EC0908A9258942996FD9763
:101E8800D499B09B8E9D709F55A13EA32AA51AA7F1
:101E98000DA904ABFEACFBAEFCB001B309B515B798
:101EA80024B937BB4DBD67BF84C1A5C3CAC5F2C736
:101EB8001ECA4DCC80CEB7D0F1D22FD571D7B6D9A6
:101EC800FEDB4BDE9BE0EFE247E5A2E701EA63ECCD
:101ED800CAEE34F1A2F313F688F802FB7EFDFFFF89
:101EE80009026200030100C032080B00020202016D
:101EF8000009040000010202010005240010010588
:101F080024010101042402060524060001070582B4
:101F18000310001009040100020A0000000705036D
:101F28000240000007058402400000090402000284
:101F3800FF6AFF0007058102400001070501024012
:101F48000001000009026200030100C032080B0012
:101F58000202020100090400000102020100052436
:101F680000100105240101010424020605240600CD
:101F7800010705820310000509040100020A000098
:101F88000007050302000200070584020002000999
:101F980004020002FF6AC700070581020002010768
:101FA800050102000201000016035500530042001B
:101FB8002000530065007200690061006C00000099
:101FC80018035400650065006E0073007900640012
:101FD800750069006E006F00040309040A06000218
:101FE800EF02014001000000A000A000A0000000D6
:101FF80000000000404040004000A0A00000000099
:10200800A0F0A0F0A00040E0C020E0408020408088
:10201800200040A040A050004040000000002040A8
:1020280040404020804040404080A040E040A00028
:102038004040E04040000000000040800000E00018
:10204800000000000000400020204080800040A0E8
:10205800E0A0400040C04040E00040A02040E00038
:10206800E0204020C000A0A0E0202000E080C020A8
:10207800C0006080C0A04000E0204080800060A0D8
:1020880040A0C00040A06020C00000400000400008
:1020980000400000408020408040200000E000E038
:1020A8000000804020408000C0204000400060A028
:1020B800A080600040A0E0A0A000C0A0C0A0C00018
:1020C80040A080A04000C0A0A0A0C000E080C080C8
:1020D800E000E080C08080006080A0A06000A0A038
:1020E800E0A0A000E0404040E000202020A0400008
:1020F800A0A0C0A0A00080808080E000A0E0E0A0B8
:10210800A00020A0E0A0800040A0A0A04000C0A0A7
:10211800C080800040A0A0A04020C0A0C0A0A00017
:1021280060804020C000E04040404000A0A0A0A047
:10213800E000A0A0A0E04000A0A0E0E0A000A0A0D7
:1021480040A0A000A0A040404000E0204080E00067
:10215800604040406000808040202000C0404040F7
:10216800C00040A0000000000000000000E0402087
:10217800000000000060A0A0600080C0A0A0C00017
:102188000060808060002060A0A060000040A0C0C7
:1021980060002040E04040000060A06020C080C097
:1021A800A0A0A0004000C040E0002000202020C0E7
:1021B80080A0C0A0A000C0404040E00000A0E0A077
:1021C800A00000C0A0A0A0000040A0A0400000C047
:1021D800A0C080800060A0A0602000A0C080800017
:1021E8000060C020C00040E04040200000A0A0A047
:1021F800600000A0A0A0400000A0A0E0A00000A0F7
:102208004040A00000A0A06020C000E02040E00006
:102218002040C04040204040404040008040604056
:10222800408050A0000000000000000000004000B6
:102238004040400040E080E0400020406040A00076
:10224800009060609000A040E040400040400040A6
:10225800400060C0A06020C0A000000000006090A6
:10226800D0D0906060A06000E0000050A050000056
:102278000000E02000000000E000000060F0D060F6
:102288000000E0000000000040A04000000040E026
:102298004000E000C04080C00000C0408040800096
:1022A80020400000000000A0A0A0C08070D0D05046
:1022B800500000004000000000000020400040C026
:1022C8004040000040A04000E00000A050A00000F6
:1022D8008080805070108080B0102030C0408050C6
:1022E800B0104000408060008040A0E0A000204086
:1022F800A0E0A000C040A0E0A00060C0A0E0A00056
:10230800A040A0E0A0004040A0E0A00070A0F0A085
:10231800B00040A080A0408080E0C080E00020E0C5
:10232800C080E00060E0C080E000A0E0C080E00085
:1023380080E04040E00020E04040E00040E04040D5
:10234800E000A0404040E000E050D050E00050A045
:10235800E0E0A0008040A0A040002040A0A04000F5
:102368004040A0A0400070E0A0A04000A040A0A075
:10237800400000A040A0000060A0E0A0C000804095
:10238800A0A0E0002040A0A0E0004000A0A0E00045
:10239800A000A0A0E0002000A040400080C0A0C095
:1023A800800040A0C0A0E080804060A06000204085
:1023B80060A06000600060A0600050A060A06000A5
:1023C800A00060A06000400060A060000070B0A0A5
:1023D80070000040A08060408040A0C060002040A5
:1023E800A0C06000C040A0C06000A040A0C06000C5
:1023F80080404040E00020C04040E00040A0404015
:10240800E000A000C040E000A04060A0400050A054
:10241800C0A0A000804040A04000204040A0400054
:10242800400040A04000E00040A04000A00040A0C4
:1024380040004000E00040000060A0A0C0008040D4
:10244800A0A060002040A0A060004000A0A0600004
:10245800A000A0A060002040A0E020C08080C0A014
:10246800C080A000A0E020C00000200021002200C1
:1024780023002400250026002700280029002A0020
:102488002B002C002D002E002F00300031003200D0
:1024980033003400350036003700380039003A0080
:1024A8003B003C003D003E003F0040004100420030
:1024B80043004400450046004700480049004A00E0
:1024C8004B004C004D004E004F0050005100520090
:1024D80053005400550056005700580059005A0040
:1024E8005B005C005D005E005F00600061006200F0
:1024F80063006400650066006700680069006A00A0
:102508006B006C006D006E006F007000710072004F
:1025180073007400750076007700780079007A00FF
:102528007B007C007D007E00A000A100A200A3002B
:10253800A400A500A600A700A800A900AA00AB0057
:10254800AC00AD00AE00AF00B000B100B200B30007
:10255800B400B500B600B700B800B900BA00BB00B7
:10256800BC00BD00BE00BF00C000C100C200C30067
:10257800C400C500C600C700C800C900CA00CB0017
:10258800CC00CD00CE00CF00D000D100D200D300C7
:10259800D400D500D600D700D800D900DA00DB0077
:1025A800DC00DD00DE00DF00E000E100E200E30027
:1025B800E400E500E600E700E800E900EA00EB00D7
:1025C800EC00ED00EE00EF00F000F100F200F30087
:1025D800F400F500F600F700F800F900FA00FB0037
:1025E800FC00FD00FE00FF0070C00F40C0000000AE
:1025F8001200000013000000D0841F4001000000FA
:10260800FF000000FF0000000000000000000000C4
:102618001300000013000000CC841F4001000000DC
:10262800FF000000FF0000000000000000000000A4
:102638001C000000692E000070C00F40000C000054
:102648001100000011000000E0841F40020000009B
:102658002400000012000000E0841F400100000078
:102668001000000011000000DC841F400200000080
:102678002500000012000000DC841F40010000005B
:102688001E000000212F000080C00F400000000342
:102698001900000010000000E8841F40010000003D
:1026A800FF000000FF000000000000000000000024
:1026B8001800000010000000E4841F400100000022
:1026C800FF000000FF000000000000000000000004
:0826D8001F000000D92F0000D3
:1026E00000000000000000000000000000000000EA
:1026F00000000000000000000000000000000000DA
:102700000548064B1B1AD90F01EBA301491002D053
:10271000034B03B118477047C0320020C03200207D
:102720000000000008B5054B1BB105490548AFF393
:102730000080BDE80840FFF7E3BF00BF00000000D5
:102740005838012000C0016001F5E043B2F5006F88
:1027500010B493F82440A8BF4FF40062BCB90B7AC0
:102760005BB12E4C4B68A41A03EBC4035DF8044B19
:102770001A685B680260436070474B685DF8044B01
:1027800003EBC2031A685B68026043607047D98C30
:1027900007EE902AD3ED0D4AB8EEE74A07EE901AFD
:1027A00007EE101A93ED0E6AB8EEE73AD3ED0B7A06
:1027B000F8EE473AD3ED0C6A74EEA77A76EE266A05
:1027C000B2FBF1F401FB142237EEE47A198D76EEB8
:1027D000C66A92B25DF8044B05EE901A07EE902A95
:1027E000F8EE655AF8EEE77A34EE674A67EE277A34
:1027F00084EE035A87EEA37A65EE266AC6EEA57AC2
:1028000037EE247A83ED0F7A77EE867AC3ED107A6D
:1028100080ED007AC0ED017A704700BFFF0700200D
:10282000582A91F8F434A8BF582210B4BBB90B7AD7
:102830005BB1344C4B68A41A03EBC4035DF8044B42
:102840001A685B680260436070474B685DF8044B30
:1028500003EBC2031A685B68026043607047B1F81B
:10286000F63407EE902A01F5A06CF8EEE73A07EE91
:10287000903A9CED006AF8EE676AB8EEE73AB2FB70
:10288000F3F403FB142201F2045401F20C5392B24C
:1028900094ED005A01F2FC4407EE902A01F5A16282
:1028A00094ED007A01F5A261F8EEE77AD2ED005AD4
:1028B00035EE077A31F8184C35EE866A73EEE73A52
:1028C00004EE904A37EE457A5DF8044B36EE656AC1
:1028D00083EE834A67EE277AF8EE644A87EEA67A9B
:1028E00064EE066AC6EEA47A37EE057A83ED007AC6
:1028F00077EEA57AC1ED007A80ED007AC0ED017A1D
:10290000704700BF57000020582070472DE9F04164
:1029100091F8356084B00C460746002E4AD1DFF8A6
:10292000A48035E0AB422A46684606F101063ED94E
:10293000216A0B689B689847D4ED0B7A9DED007A6D
:102940002A4602A8B4EEE77AF1EE10FA05D5216A1C
:102950000B689B689847DDED027A216A2A46684633
:10296000C4ED0B7A0B689B689847D4ED0C7A9DED0B
:10297000017A2A4602A8B4EEE77AF1EE10FA05D5FC
:10298000216A0B689B689847DDED037AC4ED0C7AE9
:10299000206AB5B258230268D2694245C2D0904736
:1029A00003462A466846AB4206F10106C0D8012319
:1029B00084F83530E26A3846236B3A607B6004B0B5
:1029C000BDE8F081290200002DE9F04191F8346062
:1029D00084B00C460746002E4AD1DFF8A48035E0CB
:1029E000AB422A46684606F101063ED9216A0B68C9
:1029F0009B689847D4ED097A9DED007A2A4602A893
:102A0000B4EEE77AF1EE10FA05DD216A0B689B68F7
:102A10009847DDED027A216A2A466846C4ED097AB4
:102A20000B689B689847D4ED0A7A9DED017A2A4697
:102A300002A8B4EEE77AF1EE10FA05DD216A0B6820
:102A40009B689847DDED037AC4ED0A7A206AB5B237
:102A500058230268D2694245C2D0904703462A46AD
:102A60006846AB4206F10106C0D8012384F8343031
:102A7000626A3846A36A3A607B6004B0BDE8F081C0
:102A80002902000030B50B6885B00D4604461B686E
:102A9000684698472B6802A829465B6898479DEDD1
:102AA000017ADDED035AF6EE006ADDED007A20468C
:102AB0009DED026A37EE257A77EE867A27EE267A42
:102AC00067EEA67A84ED017AC4ED007A05B030BDD8
:102AD00030B50B6887B00D460446DB6868469847FA
:102AE0002B6803A829461B699847DDED016ADDEDD7
:102AF000044AB6EE006A9DED027A20469DED055A25
:102B000076EEA46ADDED007ADDED035A37EE057A44
:102B100066EE866A77EEA57A27EE067AC4ED016A3C
:102B200067EE867A84ED027AC4ED007A07B030BD94
:102B3000006A70474FF40060704700BF2DE9F04114
:102B400091F8356084B00C460746002E4BD1DFF873
:102B5000A88035E0AB422A46684606F101063FD917
:102B6000216A0B689B689847D4ED0B7A9DED007A3B
:102B70002A4602A8B4EEE77AF1EE10FA05D5216AEA
:102B80000B689B689847DDED027A216A2A46684601
:102B9000C4ED0B7A0B689B689847D4ED0C7A9DEDD9
:102BA000017A2A4602A8B4EEE77AF1EE10FA05D5CA
:102BB000216A0B689B689847DDED037AC4ED0C7AB7
:102BC000206AB5B24FF400630268D2694245C1D0B1
:102BD000904703462A466846AB4206F10106BFD835
:102BE000012384F83530E26A3846236B3A607B6013
:102BF00004B0BDE8F08100BF550400002DE9F041AC
:102C000091F8346084B00C460746002E4BD1DFF8B3
:102C1000A88035E0AB422A46684606F101063FD956
:102C2000216A0B689B689847D4ED097A9DED007A7C
:102C30002A4602A8B4EEE77AF1EE10FA05DD216A21
:102C40000B689B689847DDED027A216A2A46684640
:102C5000C4ED097A0B689B689847D4ED0A7A9DED1C
:102C6000017A2A4602A8B4EEE77AF1EE10FA05DD01
:102C7000216A0B689B689847DDED037AC4ED0A7AF8
:102C8000206AB5B24FF400630268D2694245C1D0F0
:102C9000904703462A466846AB4206F10106BFD874
:102CA000012384F83430626A3846A36A3A607B6054
:102CB00004B0BDE8F08100BF5504000030B50B68DA
:102CC00085B00D4604461B68684698472B6802A8E5
:102CD00029465B6898479DED017ADDED035AF6EED3
:102CE000006ADDED007A20469DED026A37EE257A16
:102CF00077EE867A27EE267A67EEA67A84ED017A59
:102D0000C4ED007A05B030BD30B50B6887B00D4614
:102D10000446DB68684698472B6803A829461B6968
:102D20009847DDED016ADDED044AB6EE006A9DEDDF
:102D3000027A20469DED055A76EEA46ADDED007A12
:102D4000DDED035A37EE057A66EE866A77EEA57AF0
:102D500027EE067AC4ED016A67EE867A84ED027A80
:102D6000C4ED007A07B030BD006A704791ED067A75
:102D7000F6EE006AD1ED045AD1ED057A91ED036AC1
:102D800037EE257A77EE867A27EE267A67EEA67AF0
:102D900080ED017AC0ED007A704700BF91ED067AB0
:102DA00091ED046AD1ED057AD1ED036A37EE467AEA
:102DB00077EEE67A80ED017AC0ED007A704700BFC9
:102DC00000F2045300F2FC4291ED006A00F5A16CA0
:102DD00093ED004A00F5A063D2ED006AB0F8F82444
:102DE00036EE446A74EE266A9CED005AD3ED007A02
:102DF00004EE902A91ED017A75EE277ADFED233A01
:102E000037EE457A76EEC46AB8EE643A77EEC57A64
:102E100000B5B0F8F6E427EE037A05EE90EAF8EE96
:102E2000652AF8EEE55A26EE226A86EE265AC7EEA5
:102E3000276A35EE237AF0EE477A76EEA36AE5EE5E
:102E4000A67AFCEEE77A17EE903A98B2431E562B1C
:102E500019D8B4EEE37AF1EE10FA14DDF4EEC75AA5
:102E6000F1EE10FA0FDDF4EEE36AF1EE10FA0ADD8E
:102E7000F8EEE44AF4EEE64AF1EE10FAD8BF4FF06D
:102E8000FF305DF804FB4FF0FF30FAE70000000070
:102E900001EB410124310844704700BF24307047E2
:102EA00000F59670704700BFD0ED056A91ED007A8D
:102EB000D1ED017AF4EEC76AF1EE10FA09DC90ED7B
:102EC000067A0023B4EEE77AF1EE10FA13DC002064
:102ED000704791ED027AD0ED036AF4EEC76A90ED87
:102EE000067AF1EE10FAB4EEE77A4CBF0123002324
:102EF000F1EE10FAEBDD90ED047A03F00100D1ED74
:102F0000037AB4EEE77AF1EE10FA58BF002070476A
:102F100090ED037AD1ED007A90ED046AF4EEC77A71
:102F2000D0ED056AD0ED065AF1EE10FA13DDF4EE9D
:102F3000E67AF1EE10FA0ED5D1ED017AF4EEC67A0A
:102F4000F1EE10FA07DDF4EEE57AF1EE10FA4CBF7F
:102F50000120002070470020704700BF00EB4101B6
:102F60004FF6FF7CB1F834021080B0EB0C0018BFB4
:102F70000120704700EB41014FF6FF7CB1F8E402FD
:102F80001080B0EB0C0018BF0120704700EB41012E
:102F90004FF6FF7CB1F894031080B0EB0C0018BF23
:102FA0000120704700EB41014FF6FF7CB1F844046B
:102FB0001080B0EB0C0018BF012070472DE9F041E4
:102FC0004F0882B01646ADF8061030D001F001046B
:102FD00005468CBBDFF8C8802B681B6B43451BD1B3
:102FE00005EB41014FF6FF72B1F8941391420ED0F8
:102FF000631C9BB29F4202D119E09F4217D905EB97
:1030000041010133B1F894139BB29142F5D10020F4
:10301000318002B0BDE8F0810DF10602284601348E
:103020009847A8B3A4B2BDF80610A742D4D1012096
:10303000318002B0BDE8F0810024DFF868802B68A1
:103040005B6B434518D105EB41014FF6FF72B1F8B8
:1030500044149142DBD0631C9BB2BB4202D1E6E731
:103060009F42E4D905EB41010133B1F844149BB20E
:103070009142F5D10020CBE70DF106022846984792
:10308000631C28B19CB2BDF80610A742D7D1CEE789
:10309000BDF806100020318002B0BDE8F08100BF0D
:1030A000AD080000C50800002DE9F0414F0882B0CE
:1030B0001646ADF8061030D001F0010405468CBB71
:1030C000DFF8C8802B68DB6A43451BD105EB410163
:1030D0004FF6FF72B1F8E41291420ED0631C9BB21E
:1030E0009F4202D119E09F4217D905EB41010133FC
:1030F000B1F8E4129BB29142F5D10020318002B0C8
:10310000BDE8F0810DF10602284601349847A8B3C6
:10311000A4B2BDF80610A742D4D10120318002B07C
:10312000BDE8F0810024DFF868802B689B6A434586
:1031300018D105EB41014FF6FF72B1F834129142FC
:10314000DBD0631C9BB2BB4202D1E6E79F42E4D9CD
:1031500005EB41010133B1F834129BB29142F5D134
:103160000020CBE70DF1060228469847631C28B1E2
:103170009CB2BDF80610A742D7D1CEE7BDF8061025
:103180000020318002B0BDE8F08100BF950800004A
:103190007D0800002DE9F0411F1E82B01646ADF8F3
:1031A00006102EDD05460024DFF860802B685B6B7F
:1031B00043451BD105EB41014FF6FF70B1F84414B4
:1031C00081420ED004F1010C674502D119E0674538
:1031D00017DD05EB41010CF1010CB1F844148142FB
:1031E000F5D10020318002B0BDE8F0810DF106027A
:1031F000284698470134BDF806100028F2D0A742AF
:10320000D4D10120318002B0BDE8F081C5080000B2
:103210002DE9F0411F1E82B01646ADF806102EDDD6
:1032200005460024DFF860802B689B6A43451BD16C
:1032300005EB41014FF6FF70B1F8341281420ED018
:1032400004F1010C674502D119E0674517DD05EB74
:1032500041010CF1010CB1F834128142F5D100208A
:10326000318002B0BDE8F0810DF106022846984792
:103270000134BDF806100028F2D0A742D4D10120B5
:10328000318002B0BDE8F0817D0800002DE9F043F7
:10329000002B83B083EAE377044690460A9EA7EBAF
:1032A000E377ADF8061000F0C68040F39580002566
:1032B000DFF8A49123685B6B4B4542D104EB4101DD
:1032C0004FF6FF72B1F844149142ADF8061000F0C9
:1032D000B4806B1C9F4203D1ADE09F4240F3A780B6
:1032E00004EB41010133B1F844149142F5D10020BF
:1032F000ADF8061086EAE677002EA7EBE6771BD03E
:103300002BDD0025524E23689B6AB3424DD104EB5E
:1033100041014FF6FF72B1F8341291423FD06B1C5D
:103320009F4208D004EB41010133B1F834129142BD
:1033300035D09F42F6DC0120A8F8001003B0BDE8AC
:10334000F0830DF10602204601359847002876D01B
:10335000AF42BDF80610ADD1CCE7EDD000253D4E13
:103360002268D36AB3422CD104EB41014FF6FF72BD
:10337000B1F8E412914212D06B1C9F42DBD004EBF7
:1033800041010133B1F8E412914208D0BB42D2DAD4
:1033900004EB41010133B1F8E4129142F6D100206F
:1033A000A8F8001003B0BDE8F0830DF10602204636
:1033B00001359847002846D0AF42BDF80610A2D18B
:1033C000BAE70DF10602204601359847D8B3AF425F
:1033D000BDF80610C4D1AFE72DD00025DFF87C90F2
:1033E00023681B6B4B4517D104EB41014FF6FF726D
:1033F000B1F894139142ADF806101ED06B1C9F4299
:1034000002D118E09F4212DD04EB41010133B1F813
:1034100094139142F6D16AE70DF106022046013578
:10342000984760B1AF42BDF80610D9D162E70120DC
:10343000ADF806105EE701205CE700205AE7BDF812
:103440000610002056E7BDF80610002074E700BF04
:103450007D08000095080000C5080000AD080000C8
:1034600091ED067AF6EE006AD1ED045AD1ED057AB7
:1034700091ED036A37EE257A77EE867A27EE267A83
:1034800067EEA67A80ED017AC0ED007A704700BF42
:1034900091ED067A91ED046AD1ED057AD1ED036ADA
:1034A00037EE467A77EEE67A80ED017AC0ED007A63
:1034B000704700BF00F5E04091ED006A91ED017AA0
:1034C00040F2FE72C38C90ED0D4A05EE903AD0EDBD
:1034D0000B6A038D36EE446AF8EE652A90ED0E5ABB
:1034E00074EE266A04EE903AD0ED0C7A37EE457A07
:1034F000B8EE643ADFED1F3A75EE277A76EEC46ACD
:1035000026EE226A77EEC57A27EE037A86EE265AF1
:10351000C7EE276AF8EEE55A35EE237AF0EE477AE1
:1035200076EEA36AE5EEA67AFCEEE77A17EE903A1D
:1035300098B2431E9BB2934218D8B4EEE37AF1EEF0
:1035400010FA13DDF4EEC75AF1EE10FA0EDDF4EEC8
:10355000E36AF1EE10FA09DDF8EEE44AF4EEE64A29
:10356000F1EE10FAD8BF4FF0FF3070474FF0FF3048
:10357000704700BF00000000034641F624001844D5
:10358000704700BFD0ED056A91ED007AD1ED017A68
:10359000F4EEC76AF1EE10FA09DC90ED067A00232A
:1035A000B4EEE77AF1EE10FA13DC0020704791EDEB
:1035B000027AD0ED036AF4EEC76A90ED067AF1EE76
:1035C00010FAB4EEE77A4CBF01230023F1EE10FAB3
:1035D000EBDD90ED047A03F00100D1ED037AB4EE57
:1035E000E77AF1EE10FA58BF0020704790ED037AA9
:1035F000D1ED007A90ED046AF4EEC77AD0ED056A59
:10360000D0ED065AF1EE10FA13DDF4EEE67AF1EEA3
:1036100010FA0ED5D1ED017AF4EEC67AF1EE10FA79
:1036200007DDF4EEE57AF1EE10FA4CBF0120002040
:1036300070470020704700BF41F610030B444FF65F
:10364000FF7100EB430080881080401A18BF0120F2
:10365000704700BF42F210030B444FF6FF7100EBBE
:10366000430080881080401A18BF0120704700BFB7
:1036700042F610030B444FF6FF7100EB43008088C5
:103680001080401A18BF0120704700BF43F210039A
:103690000B444FF6FF7100EB430080881080401A06
:1036A00018BF0120704700BF2DE9F0414F0882B0DC
:1036B0001646ADF8061034D001F001040546002C82
:1036C00034D1DFF8D4802B681B6B43451DD142F603
:1036D00010024FF6FF70114405EB410189888142C9
:1036E0000ED0631C9BB29F4202D11AE09F4218D9B0
:1036F0001144013305EB41019BB289888142F5D128
:103700000020318002B0BDE8F0810DF106022846AC
:1037100001349847002837D0A4B2BDF80610A7425C
:10372000D1D10120318002B0BDE8F0810024DFF862
:103730006C802B685B6B43451AD143F210024FF645
:10374000FF70114405EB410189888142D8D0631C88
:103750009BB2BB4202D1E4E79F42E2D9114401335C
:1037600005EB41019BB289888142F5D10020C8E771
:103770000DF1060228469847631C28B19CB2BDF89B
:103780000610A742D5D1CCE7BDF806100020318045
:1037900002B0BDE8F08100BF910F0000AD0F000046
:1037A0002DE9F0414F0882B01646ADF8061034D02E
:1037B00001F001040546002C34D1DFF8D4802B68D9
:1037C000DB6A43451DD142F210024FF6FF701144EF
:1037D00005EB4101898881420ED0631C9BB29F4258
:1037E00002D11AE09F4218D91144013305EB41017F
:1037F0009BB289888142F5D10020318002B0BDE8BA
:10380000F0810DF10602284601349847002837D090
:10381000A4B2BDF80610A742D1D10120318002B078
:10382000BDE8F0810024DFF86C802B689B6A43457B
:103830001AD141F610024FF6FF70114405EB410119
:1038400089888142D8D0631C9BB2BB4202D1E4E795
:103850009F42E2D91144013305EB41019BB28988B3
:103860008142F5D10020C8E70DF1060228469847AD
:10387000631C28B19CB2BDF80610A742D5D1CCE795
:10388000BDF806100020318002B0BDE8F08100BF15
:10389000750F0000590F00002DE9F0411E1E82B087
:1038A0001546ADF8061030DD04460027DFF86480C9
:1038B00023685B6B43451DD143F210034FF6FF7243
:1038C000194404EB4101898891420ED007F1010CA3
:1038D000664502D119E0664517DD19440CF1010C6B
:1038E00004EB410189889142F5D10020298002B082
:1038F000BDE8F0810DF10602204698470137BDF87A
:1039000006100028F2D0BE42D2D10120298002B098
:10391000BDE8F081AD0F00002DE9F0411E1E82B020
:103920001546ADF8061030DD04460027DFF8648048
:1039300023689B6A43451DD141F610034FF6FF7281
:10394000194404EB4101898891420ED007F1010C22
:10395000664502D119E0664517DD19440CF1010CEA
:1039600004EB410189889142F5D10020298002B001
:10397000BDE8F0810DF10602204698470137BDF8F9
:1039800006100028F2D0BE42D2D10120298002B018
:10399000BDE8F081590F00002DE9F043002B83B002
:1039A00083EAE377044690460A9EA7EBE377ADF8F7
:1039B000061000F0C98040F396800025DFF8A8913A
:1039C00023685B6B4B4546D143F210024FF6FF7004
:1039D000114404EB410189888142ADF8061000F0E2
:1039E000B5806B1C9F4203D1AEE09F4240F3A8809C
:1039F0001144013304EB410189888142F5D1002053
:103A0000ADF8061086EAE677002EA7EBE6771DD024
:103A10002DDD0025524E23689B6AB34245D141F605
:103A200010024FF6FF70114404EB41018988814276
:103A300053D06B1C9F4208D01144013304EB410169
:103A40008988814249D09F42F6DC0120A8F8001005
:103A500003B0BDE8F0830DF106022046013598471A
:103A6000002875D0AF42BDF80610A9D1CAE7EDD045
:103A700000253C4E2268D36AB34222D142F21002A2
:103A80004FF6FF70114404EB41018988814224D034
:103A90006B1C9F42D9D01144013304EB410189884A
:103AA00081421AD0BB42F6DBCFE70DF10602204679
:103AB0000135984700284FD0AF42BDF80610AAD173
:103AC000C4E70DF10602204601359847002843D08F
:103AD000AF42BDF80610CDD1B8E70020A8F800101D
:103AE00003B0BDE8F0832FD00025DFF88090236875
:103AF0001B6B4B4519D142F610024FF6FF70114473
:103B000004EB410189888142ADF806101ED06B1C80
:103B10009F4202D118E09F4212DD1144013304EBB1
:103B2000410189888142F6D169E70DF106022046FC
:103B30000135984760B1AF42BDF80610D7D161E7B3
:103B40000120ADF806105DE701205BE7002059E792
:103B5000BDF80610002055E7BDF80610002075E7F7
:103B6000590F0000750F0000AD0F0000910F00000D
:103B7000D0F8B400704700BF02207047843070470F
:103B80000420704704307047D0F8BC00704700BF75
:103B9000D0F8B800704700BF90F89400704700BF9D
:103BA000D0F88800704700BFD0F88400704700BF8D
:103BB000D0F89000704700BFD0F88C00704700BF6D
:103BC000806E704701207047443070470320704773
:103BD000006F7047C06E704790F85400704700BF88
:103BE000806C7047406C7047006D7047C06C7047C8
:103BF000014B01221A747047C0320020084A00238A
:103C000001210263026A80F83C30826180F83D1035
:103C100080F83E3010B4446AC4615DF8044B7047CC
:103C2000081D002010B5134C236A13B1124AD16845
:103C3000E1B9636A13B1104AD16999B9A36A13B1A2
:103C40000D4AD16A51B9E36A3BB10B4AD16B21B13C
:103C50000121BDE81040D163184710BD0121D16298
:103C60009847F0E70121D1619847E7E70121D1604A
:103C70009847DEE7C032002000410840024B012295
:103C800083F83020704700BFC0320020014B002075
:103C90005B6B1847C032002001EB8101037D01EB13
:103CA00081010531C9B2817403B10174704700BF4D
:103CB00001EB4101037D89000531C9B2C17403B133
:103CC0004174704730B54489C56904FB01F101EBCB
:103CD00041012944C57DDDB9CCB104EB440408336E
:103CE0000C4491F801E0033111F801CC063211F8CF
:103CF000030C0EFA03FE0CFA03FCA14200FA03F0D7
:103D000022F804EC22F802CC22F8060CE9D130BDEE
:103D1000002CFCD004EB4404C56A0C4411F803EBFE
:103D2000063211F802CC0EFA03FE11F8010CA14282
:103D30000CFA03FC35F81EE000FA03F035F81CC05D
:103D400035F8100022F806EC22F804CC22F8020C18
:103D5000E4D130BD8175704711F0FD0F017204D1BF
:103D6000D0F80A30C0F812307047002381894289A8
:103D700061F30F0362F31F43C0F81230704700BFB6
:103D800090F83E30C3B190F83D30002190F83C20CF
:103D9000DBB2D2B280F83D2080F83C3090F83D2074
:103DA00090F83C300832083350F8222050F8233085
:103DB00080F83E10C0E90632C16A084A90F828C06F
:103DC000023902F5007032F8023F0CFB03F3904217
:103DD0004FEA232321F8023FF5D17047E61C00602B
:103DE00018494FF452628B6B02FB0030D0F810215F
:103DF00012F0010303D091F83C00012383409007A7
:103E000005D591F83DC0012000FA0CF0034350079E
:103E100005D591F83EC0012000FA0CF003431007CD
:103E200005D591F83FC0012000FA0CF00343D206FB
:103E300004D591F840000122824013434A6CC2F835
:103E400010327047C0320020D74BD8491A68B3F8F7
:103E500004C052081868B2FBFCF252094008120371
:103E6000B0FBFCF02DE9F043A1FB0241400B521ADC
:103E700001EB520100EBD1209FEDC75B9FEDC86BBA
:103E800080B21C681A6819685208490807EE102A9F
:103E9000620804EE101AB8EEC77BB8EEC44B27EEEA
:103EA000057B24EE064BFCEEC77BB2FBFCF2A0EBDD
:103EB000523217EE904ABCEEC44BC2F3C42190B20A
:103EC0000C4414EE102AA4B294420CD21A68520880
:103ED00007EE102AB8EEC77B27EE067BBCEEC77B49
:103EE00017EE102A94B21A681968520807EE102AC1
:103EF0004A08B8EEC77B04EE102AB8EEC44B27EE92
:103F0000057B24EE064BFCEEC77B17EE901ABCEE49
:103F1000C44B01EB902114EE102A89B291420CD2CD
:103F20001A68520807EE102AB8EEC77B27EE067B08
:103F3000BCEEC77B17EE102A91B21A680C441D68BC
:103F4000520807EE102A6A08B8EEC77B04EE102A62
:103F5000B8EEC44B27EE057B24EE064BFCEEC77B88
:103F600017EE901ABCEEC44B01EB502114EE102A50
:103F700089B291420CD21A68520807EE102AB8EEA4
:103F8000C77B27EE067BBCEEC77B17EE102A91B2EB
:103F90001A680C441D68520807EE102A6A08B8EE29
:103FA000C77B04EE102AB8EEC44B27EE057B24EE47
:103FB000064BFCEEC77B17EE901ABCEEC44B01EB30
:103FC000102114EE102A89B291420CD21A685208BC
:103FD00007EE102AB8EEC77B27EE067BBCEEC77B48
:103FE00017EE102A91B21A680C441D68520807EEA9
:103FF000102A6A08B8EEC77B04EE102AB8EEC44B4C
:1040000027EE057B24EE064BFCEEC77B17EE901ADD
:10401000BCEEC44B01EBD01114EE102A89B29142D0
:104020000CD21A68520807EE102AB8EEC77B27EEAA
:10403000067BBCEEC77B17EE102A91B21A680C44BF
:104040001D68520807EE102A6A08B8EEC77B04EE16
:10405000102AB8EEC44B27EE057B24EE064BFCEE8F
:10406000C77B17EE901ABCEEC44B01EB901114EE17
:10407000102A89B291420CD21A68520807EE102A0F
:10408000B8EEC77B27EE067BBCEEC77B17EE102A87
:1040900091B21A680C441D68520807EE102A6A088B
:1040A000B8EEC77B04EE102AB8EEC44B27EE057BB2
:1040B00024EE064BFCEEC77B17EE901ABCEEC44B09
:1040C00001EB501114EE102A89B291420CD21A68F9
:1040D000520807EE102AB8EEC77B27EE067BBCEE2F
:1040E000C77B17EE102A91B21A680C441D6852085B
:1040F00007EE102A6A08B8EEC77B04EE102AB8EE65
:10410000C44B27EE057B24EE064BFCEEC77B17EE77
:10411000901ABCEEC44B01EB101114EE102A89B2B8
:1041200091420CD21A68520807EE102AB8EEC77BEB
:1041300027EE067BBCEEC77B17EE102A91B21A68F9
:104140000C441D68520807EE102A6A08B8EEC77BB7
:1041500004EE102AB8EEC44B27EE057B24EE064B86
:10416000FCEEC77B17EE901ABCEEC44B01EBD001FE
:1041700014EE102A89B291421AD21A68520807EE38
:10418000102AB8EEC77B27EE067BBCEEC77B17EE86
:10419000102A91B20CE000BF48AFBC9AF2D77A3E29
:1041A000F9978B952411E23EA0290020010110000F
:1041B0001A680C441D68520807EE102A6A08B8EE07
:1041C000C77B04EE102AB8EEC44B27EE057B24EE25
:1041D000064BFCEEC77B17EE901ABCEEC44B01EB0E
:1041E000900114EE102A89B291420CD21A6852083A
:1041F00007EE102AB8EEC77B27EE067BBCEEC77B26
:1042000017EE102A91B21A6821441D68520807EE71
:10421000102A6A08B8EEC77B04EE102AB8EEC44B29
:1042200027EE057B24EE064BFCEEC77B17EE902AAB
:10423000BCEEC44B02EB500214EE104A92B2A24202
:104240000CD21A68520807EE102AB8EEC77B27EE88
:10425000067BBCEEC77B17EE102A92B21C680A449C
:104260001D68610807EE101A6908B8EEC77B04EEF6
:10427000101AB8EEC44B27EE057B24EE064BFCEE7D
:10428000C77B17EE901ABCEEC44B014414EE104AE3
:1042900089B2A14280F0818019681C68490807EE44
:1042A000101A6108B8EEC77BB1FBFCF127EE067B64
:1042B000BCEEC77B17EE104A12FA84F2B2EB111F64
:1042C0003FF6DFAD3E4A4FF0000C3E4C956C02F1DC
:1042D0004C0E9FED374B9FED383B1968CCF10B0826
:1042E0001A680EEB8C0749081E68520840FA08F855
:1042F00006EE101A07EE102A7208B8EEC66B05FB20
:1043000008F105EE102AB8EEC77B84FB01924FEA54
:10431000E17926EE046B0A44B8EEC55BC9EBE219FD
:1043200027EE047B25EE035BFCEEC66BFCEEC77B41
:1043300016EE901ABCEEC55B17EE902A41444A4433
:1043400015EE109A89B292B2494501F1FF3819D29F
:104350001E68760807EE106AB8EEC77B27EE037B6F
:10436000BCEEC77B17EE106AB6B2711A013E11445B
:104370007E802EF82C100CF1010CBCF10C0FACD18E
:10438000BDE8F083A7F802802EF82C200CF1010C78
:10439000BCF10C0FA1D1BDE8F0831C680A44610890
:1043A000B1FBFCF1B2EB111F3FF66BAD8AE700BF2A
:1043B00048AFBC9AF2D77A3EF9978B952411E23E2A
:1043C000C032002081808080294A2A49136810B4B5
:1043D0005B08294CA4FB03C3DB0BDB01A1FB03C37C
:1043E000DB09013398420DD810684008A4FB004057
:1043F000C00BC001A1FB0010C00901305DF8044BE7
:10440000908021E5136811685B081C4C490807EE91
:10441000101A9FED156BB8EEC77B27EE067BBCEE3E
:10442000C77B17EE101AB3FBF1F3A4FB0313DB09F0
:10443000013B9842E2D31068136840085B0807EE1E
:10444000103AB8EEC77B27EE067BBCEEC77B17EEB3
:10445000103AB0FBF3F0A4FB00405DF8044BC00938
:10446000013880B29080EFE4F9978B952411E23EF9
:10447000A02900200980000801800080ABAAAAAA18
:10448000094B0020D3E91F1210B4013292FBF1F462
:1044900001FB1422D3E921140139C3E92021234669
:1044A0005DF8044B184700BFC032002010B5254C02
:1044B000254AD4F8943094F89010D177DA8ADB8BBF
:1044C00092B29BB29A4200D010BDD4E92720D4F812
:1044D000A4300130013B90FBF2F102FB1100C4F863
:1044E000A430C4F8A000EBB9D4F8A82004F1B003BC
:1044F0006FF00300D4F8B4101360938BD06023F0F6
:1045000020031B041B0C9383884794F8AC200121E3
:104510000E4B03EB521302F01F029B0001FA02F252
:104520001A6010BDA36B4FF45261D4F88C2001FBCC
:104530000033136003F58A73D4F8A8201360FFF7E3
:104540004FFCE2E7C032002000800E408038003887
:1045500030B54589C46905FB01F101EB41012144F6
:10456000C47DD4B9C5B105EB45050D4491F801E012
:10457000033111F801CC033211F8030C0EFA03FEDB
:104580000CFA03FCA94200FA03F002F802EC02F86C
:1045900001CC02F8030CE9D130BD002DFCD005EBB5
:1045A0004505C46A0D4491F801E0033111F801CCCE
:1045B000033211F8030C0EFA03FE0CFA03FCA942B5
:1045C00000FA03F034F81EE034F81CC034F8100090
:1045D0004FEA1E2E4FEA1C2C4FEA102002F802EC84
:1045E00002F801CC02F8030CDDD130BD406B7047FE
:1045F00090F83E00704700BF28307047B1F804C003
:104600008A79A0F800C08270704700BF704700BF71
:10461000EFF3108272B6437F63B9017F012910B4B2
:104620000CD0032916D00123437702B962B65DF896
:10463000044B70470AB962B6704770471349D1F806
:10464000B840CCB1D1F8BC4043618461C1F8BC0032
:104650006061E8E70D49D1F8C04094B1D1F8C44099
:10466000C0E9053460614FF0E0234FF08054C1F899
:10467000C400C3F8044DD6E7C0E90544C1E92E00E3
:10468000D1E7C0E90544C1F8C000ECE7C032002022
:1046900090F81CC003464160BCF1020FC26001D11A
:1046A00083681847EFF3108172B6427F62B910B485
:1046B000007F01280CD0032816D001225A7701B9B7
:1046C00062B65DF8044B704709B962B6704770472F
:1046D0001348D0F8B840F4B1D0F8BC405A619C619E
:1046E000C0F8BC306361E8E70D48D0F8C0406CB159
:1046F000D0F8C440C3E9052463614FF0E0224FF0D5
:104700008054C0F8C430C2F8044DD6E7C3E905446C
:10471000C0F8C030F1E7C3E90544C0E92E33CCE767
:10472000C032002038B5EFF3108172B6104CD4F8C7
:10473000C030CBB1002509E062B69A68597790473E
:10474000EFF3108172B6D4F8C0306BB15A69C4F877
:10475000C02032B1956118460029EDD09A685D7786
:10476000EDE7C4F8C420F6E701B962B638BD00BF72
:10477000C0320020034A044B52689A605A680132E2
:104780005A607047001000E0C03200202DE9F84365
:10479000654B664D5B68D5F8C840AB606B6801330C
:1047A0006B6034B34FF00009614F4FF0020823688B
:1047B000EBB9A66806B1F360206984F81490036829
:1047C000C5F8C8601B68BB4270D1037FC0F8049075
:1047D000022BC46038D183689847D5F8C8606268F6
:1047E000002A36D12EB134462368002BE1D0013B9C
:1047F0002360EFF3108372B60022D5F8CC60C5F8C1
:10480000CC2003B962B6EEB10027D5F8C8404FF00E
:10481000020CBE463046B668002C42D0D0F800905C
:104820002168894527D2A1EB09010127C0E9024E81
:10483000E0602160044680F814C0002EEAD10FB178
:10484000C5F8C840BDE8F883FFF7E2FE6268002AB9
:10485000C8D02260002E53D0306882423BD2801AEA
:10486000C5F8C840C4E902693060F460264684F89F
:1048700014803446B8E7234606E00260D3F800808F
:10488000424519D34146914698469B68A9EB0102DF
:10489000002BF2D183600260C0F80C80C8F80800D9
:1048A000C9E7C0E9024401270446C4E722460021C3
:1048B0009847D5F8C86092E7DA68A1EB09018360F0
:1048C000C2604144D860C2689060196080F814C02A
:1048D000002E9FD1B3E7334606E02160D3F800C035
:1048E000614513D360460A469C469B68111A002B0B
:1048F000F3D1A3602160C4F80CC0CCF80840B6E73F
:10490000C4E90266C5F8C8402646B0E7801ADA68EE
:10491000A360E2606044DC60E2689460186084F840
:104920001480344643E700BF001000E0C03200208E
:10493000B11F000000207047844B854A85492DE94E
:10494000F0435E6988428CBF4FF012084FF00E08AA
:104950009C69D768D3F8801007F01F0941F0C001A7
:10496000C145C3F8801007D268F30407D760136805
:10497000002BFCDA07F01F0916F0007324D1764AE9
:104980001169764A8A4300F0DA8084F48052314615
:104990004FF4805511F0605F04D026F060561E433E
:1049A0006A4B5E6112F4405F07D024F44054674ABA
:1049B0002C439461936C1907FCD446F00076634A4B
:1049C0005661936C9B06FCD44FF0010C0146644C7D
:1049D000634603FB011203F1010E0CF10105A24233
:1049E00018D8BEF1080F4FF0010340F08A80BCF1E7
:1049F000040F00F28C804218A24200F29A8005FB5C
:104A000000F1AC4603F1010E03FB01120CF10105AC
:104A1000A242E6D90CF1FF3452491144524A914264
:104A20007AD9524D6C2252484B49B0FBFEF0D1F876
:104A300000E0B0FBFCF0DFF860C10EEA0C0CAC4506
:104A400008D042F400524FF480550D600A600A68A5
:104A5000002AFCDA3D4A116901F00701994203D0AE
:104A60001361936CDD03FCD486EA8423A40213F45F
:104A7000E05F09D026F4E05604F4E054334A2643BC
:104A80005661936C9907FCD43A493B4A01449142E0
:104A900039D83A4BC909A3FB0131090B4B1E1B0244
:104AA00086EA030212F4407F06D026F4407603F42F
:104AB0004073264A33435361244A536923F00073F9
:104AC0005361936C9B06FCD42D4BC845A3FB00237C
:104AD0004FF0FF32B0FBF1F14FEA9343B2FBF3F337
:104AE000284A90601160284AD36008D227F01F0737
:104AF000174A47EA0807D7601368002BFCDABDE8BD
:104B0000F083734665E74FF440730421C8E7154905
:104B10000CF1FF34072311441C4A1D48A2FB01215C
:104B20001C4D0A0D362A38BF362202FB00F0154311
:104B30007AE764460023AC464FF0010E6CE71D4651
:104B400086F0C05122464FF0C05323E700C00F400B
:104B50000000084000A4781F00800D404030008015
:104B6000FFB19F26808D5B00FF7EF64D6C2000809C
:104B700000643F4D7FD1F0087F17B42C9F10E500F3
:104B800083DE1B43A0290020C0320020819F5E16D7
:104B9000001BB700002000807F30018000234FF40D
:104BA00070410F224FF4604CA0F88C114FF48061DB
:104BB000A0F88E21A0F89031B0F8882192B242F08E
:104BC000F002A0F8882148F2B822A0F804C0C18001
:104BD0004384038643804381C2814382C3824383EB
:104BE000C383A0F864C0A0F86610A0F88230A0F8D3
:104BF0009030A0F86230A0F86A30A0F86E20A0F8DB
:104C00007230A0F87630A0F87A30A0F87E30A0F8A4
:104C1000C4C0A0F8C610A0F8E230A0F8F030A0F8A8
:104C2000C230A0F8CA30A0F8CE20A0F8D230A0F848
:104C3000D630A0F8DA30A0F8DE30A0F824C1A0F811
:104C40002611A0F84231A0F85031A0F82231A0F886
:104C50002A31A0F82E21A0F83231A0F83631A0F880
:104C60003A31A0F83E31B0F888319BB243F00F03DF
:104C7000A0F88831B0F888319BB243F47063A0F893
:104C80008831704730BFFDE7836BF0B41BB15368C8
:104C900043F40043536072B6446B3CB31A4B22603A
:104CA000D3F8B0410C421DD1184E776804E0746807
:104CB000E41BB4F5166F0BD2D3F8404144F48044A2
:104CC000C3F84041D3F8B851D3F840416404EED55D
:104CD0000D4007D10C4CC0E90225D4F8B0310B438C
:104CE000C4F8B031426362B6F0BC7047064DC0E90B
:104CF0000224D5F8B0310B43C5F8B03102634263EA
:104D000062B6F0BC704700BF00002E40001000E00B
:104D10000D4A92F8D01092F8D100CBB281420FD058
:104D200001330A49092B28BF0023134493F8D430D8
:104D300002EB430201EB4323B2F8E020985C70479A
:104D40004FF0FF30704700BFC0320020802020208D
:104D500070B5284C94F8F03013B1B4F8F21001B9E2
:104D600070BD94F8F50004F5807C234B01260CEB14
:104D70004012C1F5006103EBC02384F8F4604001E8
:104D80000D0419444CF8006003F5805045F080058F
:104D90009360D06003F500505560106103F54050FA
:104DA000506103F5804090610020D061BFF34F8FC8
:104DB0004FF0E020C0F8703F20339942FAD8BFF39B
:104DC0004F8FBFF36F8F4FF480110C48FFF75CFFDC
:104DD00094F8F5300133DBB2032B88BF002384F84D
:104DE000F5300023A4F8F230BFF34F8F84F8F4308D
:104DF00070BD00BFC0320020800020204002002093
:104E00002DE9F84F354D95F8D03095F8D1209342E3
:104E10005ED0DEB205F5D078DFF8C8A04FF0E02410
:104E20004FF40037DFED2E7A0136082E52D85FFAA4
:104E300086F9AB19D5F880C1B5F8A012012093F816
:104E4000D43005EB43024FEA431EB2F884B1B2F806
:104E5000E020ABEB020B08EB4312ACEB0B0CC5F8FC
:104E600080C14FEA014CC4F88C714CF0800C48F8BA
:104E70000E00D3610AEB4323C2F804C003F5805C43
:104E800093601944C2F80CC003F5005CC2F810C06E
:104E900003F5405CC2F814C003F5804CC2F818C09A
:104EA000BFF34F8FC4F85C3F20339942FAD8BFF369
:104EB0004F8FBFF36F8F082117EE900AFFF7E4FEC4
:104EC000C4F80C7185F8D09095F8D1309E42ABD1E2
:104ED000BDE8F88F0026B146ABE700BFC032002026
:104EE0008001002080202020194B012193F8F5201B
:104EF00083F8F410BAB1D3F804018A4280F080003C
:104F0000C0F3C0104FEAC0200ED1D3F844110906F7
:104F100058BF00F50060032A0ED1BFF34F8F002267
:104F200083F8F42070471046D3F82411090658BFBF
:104F300000F50060022AE8D1D3F86421120658BFB8
:104F400000F50060BFF34F8F002283F8F420704714
:104F5000C0320020F8B5284C94F8F430002B49D129
:104F600003F0FF0594F8F030002B43D0B4F8F210B2
:104F700000293FD094F8F50004F5807C1F4B0127F1
:104F80000CEB4012C1F5006103EBC02340010E049D
:104F900019444CF8007003F5805046F08006D56146
:104FA000D06003F500505660106103F540509360E7
:104FB000506103F580409061BFF34F8F4FF0E020C8
:104FC000C0F8703F20339942FAD8BFF34F8FBFF338
:104FD0006F8F4FF480110A48FFF756FE94F8F530B2
:104FE0000133DBB2032B88BF002384F8F5300023A4
:104FF000A4F8F230F8BD00BFC032002080002020AD
:105000004002002038B5204D2B7B63B31F4C94F831
:10501000A22242BB012284F8A222DA0724D4002271
:105020005B0784F8A2221ED5D4F8B830DBB1EFF3C9
:105030000583C3B9EFF3108172B6D4F8B800D8B1C4
:1050400094F8A322C2B9012384F8A3324369C4F8B7
:10505000B830ABB19A6101B962B600258368457773
:10506000984784F8A35238BDD4F88021002AD6D1BD
:10507000FFF7C8FF2B7BD2E70029F4D162B638BD19
:10508000C4F8BC30E7E700BFA0290020C0320020F0
:105090002DE9F8431F4C0125074654E8003F666898
:1050A000A16844E80053002BF7D1DFF86C90D9F8E1
:1050B00004304FF47A785B1AE168012508FB06F6A4
:1050C000A3FB0131414594BF7618464454E8003FA4
:1050D0006268A16844E80053002BF7D1D9F8043086
:1050E000E0685B1A08FB02F2A3FB0030B0F57A7FA0
:1050F00094BF121802F57A72921BB2F57A7F05D32B
:10510000013F06F57A76E1D1BDE8F883FFF77AFF33
:10511000DCE700BFC0320020001000E0054B10B5F6
:10512000D3F880410CB1204610BDFFF76BFF20463D
:1051300010BD00BFC0320020002070473E4B3F4AE8
:10514000D3F8A43230B41D6C2979D177DC6B207987
:10515000107711779A6B52B1B2F5004F23D3384CC8
:105160001444364A9C63D176D07630BC70479C6A32
:10517000032593F8321093F8340024680843216B18
:1051800021EA0001586C216383F8355003682D49EA
:105190001B688B421DD1037F4260022BC2601BD172
:1051A000836830BC18472468B4F81EC01CF4004F54
:1051B00015D12D681FFA82FCA4F81EC0A4F816C0F1
:1051C000EC8B240434D4A5F81EC0A5F816C0002426
:1051D000C7E7114630BC184730BCFFF719BAB2F523
:1051E000007F1ED21FFA82FCE28B2D6802F47E4201
:1051F0004CEA0202E283E28A02F47E424CEA0202B4
:10520000E282EA8B1204DED5EA8B02F47E424CEA9B
:105210000202EA83EA8A02F47E424CEA0202EA824D
:10522000D5E72D68EC8B2404D1D41FFA82FCCAE7A1
:10523000B2F5007FE8D3CAE7C032002000800E40FC
:105240000180FFFFB11F00003E4B3F4AD3F8A83258
:1052500030B41D6C2979D177DC6B20791077117708
:105260009A6B52B1B2F5004F23D3384C1444364AEE
:105270009C63D176D07630BC70479C6A032593F846
:10528000321093F8340024680843216B21EA0001AE
:10529000586C216383F8355003682D491B688B4295
:1052A0001DD1037F4260022BC2601BD1836830BCDA
:1052B00018472468B4F81EC01CF4004F15D12D689F
:1052C0001FFA82FCA4F81EC0A4F816C0EC8B2404BC
:1052D00034D4A5F81EC0A5F816C00024C7E71146AF
:1052E00030BC184730BCFFF793B9B2F5007F1ED22F
:1052F0001FFA82FCE28B2D6802F47E424CEA020225
:10530000E283E28A02F47E424CEA0202E282EA8B03
:105310001204DED5EA8B02F47E424CEA0202EA83F2
:10532000EA8A02F47E424CEA0202EA82D5E72D685C
:10533000EC8B2404D1D41FFA82FCCAE7B2F5007FBB
:10534000E8D3CAE7C032002000800E400180FFFF92
:10535000B11F000010B51C4CD4F8B00220B1036896
:105360001A4A1B6893421AD1D4F8B40220B10368D8
:10537000164A1B68934218D1D4F8B80220B10368CA
:10538000124A1B68934215D1D4F8BC0220B10368BD
:105390000E4A1B68934212D1BFF34F8F10BD04F524
:1053A000307198470028DFD010BD09499847002880
:1053B000E2D010BD064998470028E5D010BD044949
:1053C00098470028E8D010BDC0320020592A0000BC
:1053D0008035002010B51C4CD4F8D00220B10368F1
:1053E0001A4A1B6893421AD1D4F8D40220B1036838
:1053F000164A1B68934218D1D4F8D80220B103682A
:10540000124A1B68934215D1D4F8DC0220B103681C
:105410000E4A1B68934212D1BFF34F8F10BD04F5A3
:10542000387198470028DFD010BD094998470028F7
:10543000E2D010BD064998470028E5D010BD0449C8
:1054400098470028E8D010BDC0320020592A00003B
:10545000A035002010B51C4CD4F8F00220B1036830
:105460001A4A1B6893421AD1D4F8F40220B1036897
:10547000164A1B68934218D1D4F8F80220B1036889
:10548000124A1B68934215D1D4F8FC0220B103687C
:105490000E4A1B68934212D1BFF34F8F10BD04F523
:1054A000407198470028DFD010BD0949984700286F
:1054B000E2D010BD064998470028E5D010BD044948
:1054C00098470028E8D010BDC0320020592A0000BB
:1054D000C035002090F8A23090F8A3209A4205D958
:1054E0005A1C034480F8A220987E70474FF0FF308A
:1054F000704700BF90F8A32090F8A200101A7047E0
:1055000090F8A23090F8A3209A4202D91844807EE5
:1055100070474FF0FF307047704700BF0346B0F848
:10552000300178B193F82F21882A03D90122002075
:105530005A60704702F1010C01201A4483F82FC110
:1055400082F8A510704700BF70B52C4CD4F82033FA
:10555000D3F8145115F4706201D0C3F81421AE07CA
:105560000CD5D3F87011080440D500220120A4F80E
:10557000B223224484F8B30382F82A13EA0710D531
:1055800094F84064F6B194F83E6494F83F24B24233
:1055900028D9711C264496F8B52384F83E14C3F824
:1055A0006021AB050DD594F8B30318B1D4F84C3491
:1055B00003B198470023A4F8B233A4F83E3484F82A
:1055C000403470BDD4F8482412B19047D4F8203349
:1055D000002284F83E24012284F8402494F83F24D9
:1055E000B242D6D80022C3F86021DAE794F8B32398
:1055F000872AC3D8501CC0B2BBE700BFC03200200E
:1056000070B52C4CD4F86034D3F8145115F4706292
:1056100001D0C3F81421AE070CD5D3F870110804DB
:1056200040D500220120A4F8F224224484F8F30497
:1056300082F86A14EA0710D594F88065F6B194F8F8
:105640007E6594F87F25B24228D9711C264496F8CD
:10565000F52484F87E15C3F86021AB050DD594F8C8
:10566000F30418B1D4F88C3503B198470023A4F89B
:10567000F234A4F87E3584F8803570BDD4F88825DE
:1056800012B19047D4F86034002284F87E250122BC
:1056900084F8802594F87F25B242D6D80022C3F83A
:1056A0006021DAE794F8F324872AC3D8501CC0B2EB
:1056B000BBE700BFC032002070B52C4CD4F8A03539
:1056C000D3F8145115F4706201D0C3F81421AE0759
:1056D0000CD5D3F87011080440D500220120A4F89D
:1056E0003226224484F8330682F8AA15EA0710D538
:1056F00094F8C066F6B194F8BE6694F8BF26B2423C
:1057000028D9711C264496F8352684F8BE16C3F8AD
:105710006021AB050DD594F8330618B1D4F8CC361A
:1057200003B198470023A4F83236A4F8BE3684F8B3
:10573000C03670BDD4F8C82612B19047D4F8A03551
:10574000002284F8BE26012284F8C02694F8BF26E1
:10575000B242D6D80022C3F86021DAE794F83326A3
:10576000872AC3D8501CC0B2BBE700BFC03200209C
:1057700010B54489C36904FB01F101EB41010B44FD
:10578000C17DC9B9BCB104EB44041C4493F801C009
:10579000033313F8010C063213F8031C4FEA0C2CE8
:1057A0000002A3424FEA012122F804CC22F8020CA5
:1057B00022F8061CEAD110BD002CFCD004EB4404F6
:1057C000C16A1C4413F803EB063213F802CCA3425F
:1057D00013F8010C31F81EE031F81CC031F810004C
:1057E00022F806EC22F804CC22F8020CEAD110BD13
:1057F00010B472B602684C4922B190F804C0BCF1F2
:105800000F0F55D9B1F8D03613F0010C27D09C07F3
:1058100023D55A0759D51C075AD5DA065BD59C06FD
:105820005CD55A065DD51C065ED5DA055FD59C05AC
:1058300060D55A0561D51C0562D5DA0463D59C0490
:1058400064D55A0465D5DA0B66D062B600221023FF
:10585000026003715DF8044B70474FF0010C0122A8
:1058600002FA0CF21343A1F8D03662B62F4A5FFA5F
:105870008CF10171D36F43F0C003D367A2F5A0325E
:1058800040F2824313602A4B9176634491771176FC
:105890005B01D1775DF8044B03609FED217B83EDC5
:1058A000007B83ED027B83ED047B83ED067B7047F9
:1058B000B1F8D03643FA0CF4E407A5D51C4C644487
:1058C000B2EB441FA0D162B6C4E74FF0020CC6E7AA
:1058D0004FF0030CC3E74FF0040CC0E74FF0050C8A
:1058E000BDE74FF0060CBAE74FF0070CB7E74FF0F3
:1058F000080CB4E74FF0090CB1E74FF00A0CAEE723
:105900004FF00B0CABE74FF00C0CA8E74FF00D0C71
:10591000A5E74FF00E0CA2E74FF00F0C9FE700BF7A
:105920000000000000000000C032002000C00F4056
:105930008074000238B52DED028BF0EE408A564B94
:105940004FF0010C044653E8002F5968986843E86B
:1059500000C2002AF7D1514A5268DD68131A4FF489
:105960007A7294ED048AA3FB05359FED4D0A02FB84
:1059700001F1F0EE480A954294BF4919891807EEE3
:10598000901AF8EE677A87EE800A0BF0C1F9237956
:10599000C0EE087A042B7BD8DFE803F0253B50717A
:1059A000030077EEA76AB7EE007AF4EEC76AF1EE6D
:1059B00010FA05D567EEA77AB1EE007A27EE877A5E
:1059C000F7EE007ADFED376A0022374B84ED137A69
:1059D00037EEE80AA263E36320EE260ABDEC028BF1
:1059E00084ED140A38BDB6EE007AF4EEC77AF1EE13
:1059F00010FA03DDB7EE007A77EE677A94ED027A5B
:105A000077EEA77AD4ED036A76EEC76AA7EEA67A98
:105A1000D6E7B6EE005A94ED027A94ED036AF7EEFB
:105A2000006ADFED225AF4EEC57A36EE476AF1EEEF
:105A300010FA76FEA57AA6EE277AC1E7DFED196A9D
:105A40009FED1B7A67EEA67A9FED1A0A94ED028A03
:105A500067EE877A87EE800A0BF08AF9D4ED037A35
:105A6000B7EE007A77EEC87AF6EE006A30EE070AF3
:105A7000B0EE487A67EE807AA7EEA67AA0E794EDBA
:105A8000027AD4ED036A76EEC76AA7EEA67A97E7A4
:105A90009FED067A94E700BFC0320020001000E0BE
:105AA000002474490000B443000096420000000046
:105AB000D00F49400000344370B52DED028BF0EE5D
:105AC000408A584B4FF0010C53E8002F59689D68ED
:105AD00043E800C2002AF7D1534A5268DE68531BDC
:105AE0004FF47A7200F50044A3FB06369FED4F0A8F
:105AF00002FB01F194ED488A964294BF89198918F6
:105B0000F0EE480A07EE901AF8EE677A87EE800A00
:105B10000BF0FEF894F81431C0EE087A042B7DD80F
:105B2000DFE803F0273D5273030077EEA76AB7EE74
:105B3000007AF4EEC76AF1EE10FA05D567EEA77A9F
:105B4000B1EE007A27EE877AF7EE007ADFED386A59
:105B50000022384B84ED577A37EEE80AC4F8482122
:105B6000C4F84C3120EE260ABDEC028B84ED580AB5
:105B700070BDB6EE007AF4EEC77AF1EE10FA03DDEE
:105B8000B7EE007A77EE677A94ED467A77EEA77AE9
:105B9000D4ED476A76EEC76AA7EEA67AD4E7B6EEEA
:105BA000005A94ED467A94ED476AF7EE006ADFED0D
:105BB000225AF4EEC57A36EE476AF1EE10FA76FE16
:105BC000A57AA6EE277ABFE7DFED196A9FED1B7A6B
:105BD00067EEA67A9FED1A0A94ED468A67EE877AF9
:105BE00087EE800A0BF0C4F8D4ED477AB7EE007A5E
:105BF00077EEC87AF6EE006A30EE070AB0EE487A21
:105C000067EE807AA7EEA67A9EE794ED467AD4ED09
:105C1000476A76EEC76AA7EEA67A95E79FED067A01
:105C200092E700BFC0320020001000E00024744959
:105C30000000B4430000964200000000D00F49402D
:105C40000000344390F8F4342DE9F04F2DED0E8B25
:105C500085B0002B40F01481019300F50D79019A75
:105C60008346DFED9DDA9FED9DBA1FFA82FA002B85
:105C700040F0C3809BF80830002B40F0E980DBF84F
:105C8000043003EBC203D3ED009A93ED019A4FF079
:105C9000FF35B7EE00EAB0EE6DDA0024B0EE6DCA63
:105CA0002E46F0EE6DCAA846F0EE6DBA2F4647E0DC
:105CB0009BF80830002B40F0AF80DBF8043003EB9A
:105CC000C40393ED00AAD3ED01AA79EECA8A39EE96
:105CD0006A8A28EE080AA8EEA80AB5EE400AF1EE94
:105CE00010FA00F1C880F1EEC07AF0EEE88AF4EE26
:105CF000CE8AF1EE10FA0CD5F4EEC9AAF1EE10FA44
:105D00003CDDF4EEEB7AF1EE10FA37D5F0EE67BA3F
:105D10002746B0EEC88AB4EECE8AF1EE10FA0CD562
:105D2000B4EEE9AAF1EE10FA36D5F4EECC7AF1EE43
:105D300010FA31D5B0EE67CA26460134582C3BD054
:105D4000A2B29245F9D09BF8F434002BB0D09BF866
:105D50000830002B69D1DBF80030594602A89B6857
:105D60009847DDED029AF0EE4BAA9DED039AB0EE56
:105D70004BAAF0EE698AB0EE498AAAE7F4EEC9AA06
:105D8000F1EE10FAC5D5F4EEEC7AF1EE10FAC0D5CA
:105D9000F0EE67CAA046BCE7B4EEE9AAF1EE10FA4D
:105DA000CBDDF4EECD7AF1EE10FAC6D525460134FE
:105DB000B0EE67DA582CC3D1781C019B18BFA9F844
:105DC0000070B8F1FF3F03F1010318BFA9F8B080DC
:105DD000711C019318BFA9F860616A1C2FD0582B61
:105DE000A9F8105209F102092DD0019A9BF8F43458
:105DF0001FFA82FA002B3FF43DAF9BF8083083BBBB
:105E0000DBF800305246594602A89B689847DDED02
:105E1000029A9DED039A3AE7C4EB4472DBF8043032
:105E2000D20002F52E7213444BE7DBF80030C2F1CA
:105E30005702594602A89B6892B2984791E7582B9F
:105E400009F10209D1D105B0BDEC0E8BBDE8F08F90
:105E5000C2EB4272DBF80430D20002F52E7213441A
:105E600011E7CAF15702DBF80030594602A89B68D7
:105E700092B29847CBE70AF069FCF0EE407A34E73B
:105E8000B0F8F64400F50D710023C4EBC437224688
:105E90004FEA440E7F00BFB2562AA2EB0E0507EB75
:105EA000020603F1FF3CD8BF0A80012DB3FBF4F0DA
:105EB00004FB1030C8BFA1F8B06018B1012B01DDA0
:105EC000A1F860C1572B02F1010203F10103BAD01E
:105ED000A1F810320231DFE7FFFF7F7F00000000F2
:105EE0002DE9F04F00F5E04B82469BF824302DED74
:105EF0000E8B85B0002B40F025810093009ADFEDDA
:105F0000B2DA9FEDB2BA95B2002B40F0D2809AF887
:105F10000830002B40F0FC80DAF8043003EBC203B9
:105F2000D3ED009A93ED019A4FF0FF36B7EE00EAF9
:105F3000B0EE6DDA0024B0EE6DCA3746F0EE6DCAF1
:105F4000B146F0EE6DBAB04648E09AF80830002B42
:105F500040F0BE80DAF8043003EBC40393ED00AAEE
:105F6000D3ED01AA79EECA8A39EE6A8A28EE080AC8
:105F7000A8EEA80AB5EE400AF1EE10FA00F1DD80B5
:105F8000F1EEC07AF0EEE88AF4EECE8AF1EE10FA85
:105F90000CD5F4EEC9AAF1EE10FA3DDDF4EEEB7A81
:105FA000F1EE10FA38D5F0EE67BAA046B0EEC88A26
:105FB000B4EECE8AF1EE10FA0CD5B4EEE9AAF1EE09
:105FC00010FA37D5F4EECC7AF1EE10FA32D5B0EE05
:105FD00067CA27460134B4F5006F3CD0A2B295429F
:105FE000F8D09BF82430002BAFD09AF80830002B63
:105FF00078D1DAF80030514602A89B689847DDED69
:10600000029AF0EE4BAA9DED039AB0EE4BAAF0EE89
:10601000698AB0EE498AA9E7F4EEC9AAF1EE10FA4E
:10602000C4D5F4EEEC7AF1EE10FABFD5F0EE67CA03
:10603000A146BBE7B4EEE9AAF1EE10FACADDF4EE30
:10604000CD7AF1EE10FAC5D526460134B0EE67DA06
:10605000B4F5006FC2D1B8F1FF3F05D043F224037D
:10606000009A534423F81280B9F1FF3F05D044F25F
:106070002403009A534423F812907A1C05D045F269
:106080002403009A534423F81270731C35D046F24F
:106090002403009A534423F81260531CB3F5006F95
:1060A000009330D0009A9BF8243095B2002B3FF437
:1060B0002EAF9AF80830ABBBDAF800302A465146CA
:1060C00002A89B689847DDED029A9DED039A2BE7A5
:1060D000C4EB447143F6F872DAF8043002EBC10203
:1060E00013443BE740F2FF70DAF800305146801A63
:1060F0009B6882B202A8984781E7009B0133B3F501
:10610000006F0093CED105B0BDEC0E8BBDE8F08FD3
:10611000C2EB427043F6F872DAF8043002EBC002C8
:106120001344FDE640F2FF72DAF80030514602A84F
:10613000521B9B6892B29847C5E70AF007FBF0EE46
:10614000407A1FE743F22403BBF8260046F22205FB
:1061500044F224095344C0EBC0365544D144019362
:1061600045F22403760002460AEB03014FEA400B96
:10617000B6B2002340F2FE7840F2FF7E8A460095D8
:106180004245A2EB0B0406EB020C03F1FF37B3FB15
:10619000F0F102DC019D25F81320012C00FB1131E8
:1061A000C8BF29F813C019B1012B01DD2AF81370FB
:1061B000734503F1010102F10102A4D0009C0B46DA
:1061C00024F8021F0094DBE7FFFF7F7F0000000040
:1061D000B7EE007AD1ED007A9FED756AD1ED016AD4
:1061E00037EEC77A00B5B0EEC77A2DED048BB4EE6A
:1061F000C67A85B0F1EE10FA40F18A80B0EEE67A08
:10620000D1ED025AB4EEC67AF1EE10FA00F19D809B
:10621000D1ED039A26EEA60A92ED009AD2ED018AFC
:1062200092ED028AA7EEA70AA5EEA50AA9EEA90A91
:10623000B5EE400AF1EE10FA00F1A680B1EEC07A98
:106240009FED5C3A9FED5A2AB7EE004A84EE076A4A
:1062500066EE266A66EE277A66EE255A26EE837A81
:1062600068EE664A26EEA85AA7EE897AE7EEA84AB3
:10627000A7EE885A37EEC44A26EE296AF1EE652A5F
:10628000B0EEC44AA5EE887AE5EE834AA5EEC95A77
:10629000B4EEC24AF1EE463AF1EE10FAA6EE687A92
:1062A000E6EE094AA6EE035A35D49FED426A27EE80
:1062B000873A27EE634A27EE866A22EE877AA6EEB1
:1062C000C96AA2EEA86AA3EE886AA3EE867AA6EE51
:1062D000C63AA2EE864AA6EEA47AA3EEA43AB0EE9F
:1062E000446AA7EEA46AA7EE857AF0EE434AE5EE8B
:1062F000854AA6EEC56AB0EE475AC0ED004A80ED69
:10630000016A80ED025A05B0BDEC048B5DF804FB18
:10631000D1ED025A7CE7B0EEE64AB4EEC24AF1EEA5
:1063200010FAC2D5B0EEE54AB4EEC24AF1EE10FA68
:10633000BBD5B0EEC66AB4EEC26AF1EE10FAB4D5BF
:10634000B0EE646AF0EE474AD7E7B0EEE57AD1EDF9
:10635000039AB4EEC67AF1EE10FA7FF55BAFB0EEB9
:10636000E97AB4EEC67AF1EE10FA7FF553AFD2F8BF
:1063700000C051689368C0F800C04160836005B0F8
:10638000BDEC048B5DF804FB0390CDED025ACDED1E
:10639000016ACDED007A0AF0D9F90398B0EE407A9F
:1063A000DDED025ADDED016ADDED007A48E700BF60
:1063B0006F12833A0000000030B50B688DB00C46B8
:1063C00005461B68684698476468F7EE007A9FEDBB
:1063D0004F7AD4ED005A94ED015A75EEE77AF0EE5B
:1063E000E77AF4EEC77AF1EE10FA72D5F0EEC57ADC
:1063F000D4ED024AF4EEC77AF1EE10FA6CD494EDC3
:10640000034AD4ED057AD4ED042A25EE676A94EDAB
:10641000063A67EEA56AD4ED073A24EE677A67EE8E
:10642000A47AA2EEA56AE2EE856AA2EEA47AE2EE72
:10643000847AA3EE646AE3EE046AA3EE257AE3EEBF
:10644000457AA3EEC46AE3EEE46AA3EE857AE3EE4E
:10645000A57A8DED086ACDED096A8DED0A7ACDED4C
:106460000B7A94ED0C5A02A894ED0B6A05AADDEDA7
:10647000016A08A9D4ED0D7A9DED007A66EE856A71
:10648000DFED235A27EE067A67EEA57ACDED066A90
:106490008DED057ACDED077AFFF79AFE94ED095A56
:1064A0002846D4ED0A5A94ED086ADDED036A9DEDA5
:1064B000047ADDED027A76EE856A37EE257A77EE9C
:1064C000867AC5ED016A85ED027AC5ED007A0DB0D8
:1064D00030BDD4ED024A92E7F0EEE47A94ED034A3F
:1064E000F4EEC77AF1EE10FA8BD5F0EEC47AF4EE42
:1064F000C77AF1EE10FA84D563692169A26909931C
:10650000E36908910A920B93ABE700BF6F12833ADD
:106510000000000030B50B688DB00C4605465B6886
:10652000684698476468F7EE007A9FED4F7AD4ED9D
:10653000005A94ED015A75EEE77AF0EEE77AF4EE40
:10654000C77AF1EE10FA72D5F0EEC57AD4ED024AB0
:10655000F4EEC77AF1EE10FA6CD494ED034AD4ED60
:10656000057AD4ED042A25EE676A94ED063A67EEC3
:10657000A56AD4ED073A24EE677A67EEA47AA2EE14
:10658000A56AE2EE856AA2EEA47AE2EE847AA3EE30
:10659000646AE3EE046AA3EE257AE3EE457AA3EE9D
:1065A000C46AE3EEE46AA3EE857AE3EEA57A8DEDA4
:1065B000086ACDED096A8DED0A7ACDED0B7A94ED7E
:1065C0000C5A02A894ED0B6A05AADDED016A08A930
:1065D000D4ED0D7A9DED007A66EE856ADFED235AE3
:1065E00027EE067A67EEA57ACDED066A8DED057A7F
:1065F000CDED077AFFF7ECFD94ED095A2846D4ED6E
:106600000A5A94ED086ADDED036A9DED047ADDED2A
:10661000027A76EE856A37EE257A77EE867AC5EDD0
:10662000016A85ED027AC5ED007A0DB030BDD4ED7A
:10663000024A92E7F0EEE47A94ED034AF4EEC77A68
:10664000F1EE10FA8BD5F0EEC47AF4EEC77AF1EEE3
:1066500010FA84D563692169A2690993E3690891F5
:106660000A920B93ABE700BF6F12833A0000000061
:1066700030B50B688DB00C4605461B6868469847D8
:106680006468F7EE007A9FED4F7AD4ED005A94EDEE
:10669000015A75EEE77AF0EEE77AF4EEC77AF1EE9A
:1066A00010FA72D5F0EEC57AD4ED024AF4EEC77A4C
:1066B000F1EE10FA6CD494ED034AD4ED057AD4EDE2
:1066C000042A25EE676A94ED063A67EEA56AD4EDD2
:1066D000073A24EE677A67EEA47AA2EEA56AE2EEA4
:1066E000856AA2EEA47AE2EE847AA3EE646AE3EE0F
:1066F000046AA3EE257AE3EE457AA3EEC46AE3EEDC
:10670000E46AA3EE857AE3EEA57A8DED086ACDED15
:10671000096A8DED0A7ACDED0B7A94ED0C5A02A838
:1067200094ED0B6A05AADDED016A08A9D4ED0D7A96
:106730009DED007A66EE856ADFED235A27EE067A34
:1067400067EEA57ACDED066A8DED057ACDED077A77
:10675000FFF73EFD94ED095A2846D4ED0A5A94ED10
:10676000086ADDED036A9DED047ADDED027A76EECE
:10677000856A37EE257A77EE867AC5ED016A85ED72
:10678000027AC5ED007A0DB030BDD4ED024A92E731
:10679000F0EEE47A94ED034AF4EEC77AF1EE10FAE3
:1067A0008BD5F0EEC47AF4EEC77AF1EE10FA84D508
:1067B00063692169A2690993E36908910A920B93BD
:1067C000ABE700BF6F12833A0000000030B50B68E2
:1067D0008DB00C4605465B68684698476468F7EEDE
:1067E000007A9FED4F7AD4ED005A94ED015A75EE80
:1067F000E77AF0EEE77AF4EEC77AF1EE10FA72D5A6
:10680000F0EEC57AD4ED024AF4EEC77AF1EE10FA52
:106810006CD494ED034AD4ED057AD4ED042A25EE28
:10682000676A94ED063A67EEA56AD4ED073A24EE5E
:10683000677A67EEA47AA2EEA56AE2EE856AA2EE16
:10684000A47AE2EE847AA3EE646AE3EE046AA3EE2D
:10685000257AE3EE457AA3EEC46AE3EEE46AA3EE9A
:10686000857AE3EEA57A8DED086ACDED096A8DEDA6
:106870000A7ACDED0B7A94ED0C5A02A894ED0B6ACE
:1068800005AADDED016A08A9D4ED0D7A9DED007A27
:1068900066EE856ADFED235A27EE067A67EEA57A63
:1068A000CDED066A8DED057ACDED077AFFF790FC08
:1068B00094ED095A2846D4ED0A5A94ED086ADDEDA4
:1068C000036A9DED047ADDED027A76EE856A37EE95
:1068D000257A77EE867AC5ED016A85ED027AC5EDF7
:1068E000007A0DB030BDD4ED024A92E7F0EEE47AC2
:1068F00094ED034AF4EEC77AF1EE10FA8BD5F0EE80
:10690000C47AF4EEC77AF1EE10FA84D5636921698E
:10691000A2690993E36908910A920B93ABE700BF60
:106920006F12833A0000000010B50446406808B1B9
:1069300011F090FAA06808B111F08CFA204610BD51
:1069400038B500F500450446D5F83C0108B111F012
:1069500081FAD5F8400108B111F07CFA206908B13C
:1069600011F078FA204638BD10B50446C06A08B167
:1069700011F070FA206B08B111F06CFA204610BDCE
:1069800010B50446C06A08B111F064FA206B08B172
:1069900011F060FA204611F05DFA204610BD00BFEC
:1069A00010B5044611F056FA204610BD10B5044645
:1069B000406808B111F04EFAA06808B111F04AFA27
:1069C000204611F047FA204610BD00BFDFED8F7A58
:1069D0002DE9F04F2DED028B60EE278A89B007EE8E
:1069E000903A984600910446B0EE680A0592B8EED7
:1069F000E78A0AF0C1FAF0EE407AB0EE680A68EE73
:106A0000277AFDEEE77ACDED037A0AF0B1F928EEA8
:106A1000000A0099B8F1000FADF81E10FDEEC07A23
:106A2000CDED047A40F3C2800023039ADFF8E091B1
:106A300000929B461F461A46CDED027A0193D51A65
:106A4000002DB8BF6D429A422BD000F3B18028DAF6
:106A50000026DFF8C0A12368DB6A534540F0978029
:106A600004EB41014FF6FF73B1F8E4129942ADF81F
:106A70001E100CD00136B54202D112E0B5420EDD37
:106A800004EB41010136B1F8E4129942F6D100203D
:106A9000059B198009B0BDEC028BBDE8F08FADF805
:106AA0001E100137B84500F08180009B93FBF8FA77
:106AB000AAEB0B06002EB8BF7642DA454AD01FDC9F
:106AC00048DA0025DFF850B123681B6B5B4552D1D3
:106AD00004EB41014FF6FF73B1F894139942ADF8FE
:106AE0001E10D4D00135AE4202D133E0AE423FDDBC
:106AF00004EB41010135B1F894139942F6D1C6E790
:106B00000025DFF818B123685B6B5B4517D104EBF8
:106B100041014FF6FF73B1F844149942ADF81E10CD
:106B2000B5D00135B54202D114E0AE4220DD04EB10
:106B300041010135B1F844149942F6D1A7E70DF1AE
:106B40001E0220460135984700285BD0B542BDF8AB
:106B50001E10D8D1DDE900230398D346049D0244DA
:106B60000298009290FBF8F22844CDE9012066E7F4
:106B7000ADF81E10EEE70DF11E02204601359847D4
:106B800000283FD0AE42BDF81E109DD1E2E70DF1C6
:106B90001E02204601369847A0B3B542BDF81E102C
:106BA0007FF459AF0137B8457FF47FAF01206FE71D
:106BB000002623689B6A4B4519D104EB41014FF62F
:106BC000FF73B1F834129942ADF81E103FF45FAF75
:106BD0000136AE4203D164E7AE42BFF660AF04EBCC
:106BE00041010136B1F834129942F5D14FE70DF168
:106BF0001E0220460136984720B1AE42BDF81E1055
:106C0000D7D14EE7BDF81E10002041E735FA8E3C83
:106C10007D08000095080000AD080000C5080000D0
:106C2000DFED937A2DE9F04F2DED028B60EE278A90
:106C300089B007EE903A984600910446B0EE680A93
:106C40000592B8EEE78A0AF097F9F0EE407AB0EED6
:106C5000680A68EE277AFDEEE77ACDED037A0AF04E
:106C600087F828EE000A0099B8F1000FADF81E1061
:106C7000FDEEC07ACDED047A40F3C8800023039A7C
:106C8000DFF8F09100929B461F461A46CDED027A3E
:106C90000193D51A002DB8BF6D429A422DD000F352
:106CA000B7802ADA0026DFF8D0A12368DB6A5345D3
:106CB00040F09D8042F210034FF6FF72194404EB3E
:106CC000410189889142ADF81E100CD00136B542C1
:106CD00002D112E0B5420EDD1944013604EB410148
:106CE00089889142F6D10020059B198009B0BDEC3E
:106CF000028BBDE8F08FADF81E100137B84500F0EB
:106D00008580009B93FBF8FAAAEB0B06002EB8BF18
:106D10007642DA454ED021DC4CDA0025DFF85CB152
:106D200023681B6B5B4556D142F610034FF6FF728A
:106D3000194404EB410189889142ADF81E10D2D06C
:106D40000135AE4202D135E0AE4241DD1944013594
:106D500004EB410189889142F6D1C4E70025DFF8B0
:106D600020B123685B6B5B4519D143F210034FF6EA
:106D7000FF72194404EB410189889142ADF81E105D
:106D8000B1D00135B54202D114E0AE4220DD194444
:106D9000013504EB410189889142F6D1A3E70DF159
:106DA0001E0220460135984700285DD0B542BDF847
:106DB0001E10D6D1DDE900230398D346049D02447A
:106DC0000298009290FBF8F22844CDE9012060E798
:106DD000ADF81E10EEE70DF11E0220460135984772
:106DE000002841D0AE42BDF81E1099D1E2E70DF166
:106DF0001E02204601369847B0B3B542BDF81E10BA
:106E00007FF453AF0137B8457FF47BAF01206BE7C8
:106E1000002623689B6A4B451BD141F610034FF6B1
:106E2000FF72194404EB410189889142ADF81E10AC
:106E30003FF459AF0136AE4203D15EE7AE42BFF632
:106E40005AAF1944013604EB410189889142F5D1CA
:106E500049E70DF11E0220460136984720B1AE42A7
:106E6000BDF81E10D5D148E7BDF81E1000203BE745
:106E700035FA8E3C590F0000750F0000910F00008D
:106E8000AD0F00002DE9F04FDFF8A493D9F87C1086
:106E9000D9F8843099422DED028B85B000F01D8128
:106EA000DFF890A309F5306409F5DC68D9F8802093
:106EB000002513444FF4327289F8D85693FBF1F051
:106EC00001FB1033D9F8041B02FB03F29AF80D30D2
:106ED000039102928A180192002B40F0CE81D9F8DA
:106EE000D476002F00F0AA81CA4D00269AF80E3001
:106EF000002B00F025813B68C7485A699AF80F10AB
:106F0000824240F01B81B9755B68AB4240F01D8145
:106F100097F83E30BBB197F83D3097F83C20DBB294
:106F2000D2B287F83D2087F83C3097F83D2097F89B
:106F30003C300832083357F8222057F8233087F8BE
:106F40003E60C7E90632B54AF96A97F8280002F5AB
:106F5000007C023932F8023F00FB03F394454FEA0C
:106F6000232321F8023FF5D17F68002FBED1D9F845
:106F7000DC36D9F8D456D90799F8D8668AF80E7055
:106F80000DD4A74B002203F5846143F8042C43E998
:106F900003220C338B42F8D10123C9F8DC364FF4BD
:106FA0008462002140460AF079FD002D00F05581F1
:106FB000B3B29C4F08EE103A2B68D3F808B0BB452B
:106FC00040F0B1806989EB6906FB01F2E87D02EBD4
:106FD00042021344002840F08580C9B101EB410111
:106FE000914A03EB010C033313F802EC13F8010C84
:106FF000063213F8031C4FEA0E2E00029C454FEA9E
:10700000012122F804EC22F8020C22F8061CEAD135
:107010006D68002DD0D199F8D816D9F8002B834887
:10702000002E40F09980C2F1FF024FF0FF35DDE9FC
:107030000273C2EB4212DE513346019EC6F8C452BF
:1070400080FB0250D5170244C5EBE215EDB20133C7
:10705000019A754F02EB830CBE884FF0000E7888C2
:1070600037F8062BB042034605FB00F038BF334625
:1070700005FB06F6934238BF134605FB02F2BC42FD
:1070800005FB03F34FEA234303F10103B6FBF3F6D9
:10709000B0FBF3F0B2FBF3F263F01F034FEA2626D6
:1070A0004FEA202063F3070E4FEA222266F30F2EE9
:1070B00060F3174E62F31F6E4CF804EBCCD14B1CFF
:1070C000DBB289F8D836002B40F09680D9F88430AE
:1070D000D9F87C108B427FF4E9AE05B0BDEC028B91
:1070E000BDE8F08F002993D001EB4101E86A4E4AD8
:1070F000194413F803CB063230F81CB08B4213F856
:1071000002CC30F81CE013F801CC30F81CC022F897
:1071100006BC22F804EC22F802CCEAD16D68002DFE
:107120007FF44AAF77E728460023424618EE101A4C
:10713000D8476D68002D7FF43FAF6CE73846904725
:107140003B685B68AB423FF4E3AE384698477F68E4
:10715000002F7FF4CBAE0AE7C2F1FF02B023C2EBEF
:10716000421206FB03F380FB0250D5170244C5EB25
:10717000E215F207EDB27FF56AAFB033019A2A4FFC
:1071800002EB830CBE884FF0000E7888334637F848
:10719000062B864205FB06F638BF034605FB00F0CA
:1071A000934238BF134605FB02F2BC4205FB03F3D2
:1071B0004FEA234303F10103B6FBF3F6B0FBF3F010
:1071C000B2FBF3F263F01F034FEA26264FEA2020BA
:1071D00063F3070E4FEA222266F30F2E60F3174E79
:1071E00062F31F6E4CF804E9CCD14B1CDBB289F87A
:1071F000D836002B3FF46AAFD9F884300022D9F892
:107200007C1089F8D8268B4229D00133C9F8843004
:1072100060E700BFA116000075160000E61C0060C4
:10722000AC390020E5150000A03900208180808065
:10723000C0320020A02900208AF80D70D9F8DC3671
:10724000002199F8D86613F001038AF80E1033D0A4
:107250004FF4846240460AF021FC3146DDE6D9F85D
:107260008020013292FBF3F103FB1122C9F8802048
:1072700005B0BDEC028BBDE8F08FD9F8D476002FB5
:10728000DAD00E4E3B681B69B3420BD1D7F80A30F7
:107290003D72C7F812307F68002FF3D100238AF8BF
:1072A0000D301CE63846002198477F68002FE9D151
:1072B00000238AF80D3012E61D4662E679160000BA
:1072C0005B4B2DE9F04FD3F89C50D3F8A4402DED43
:1072D000028BAC4299B0149000F0A580544BD3F8C7
:1072E000103B129301231393129B002B00F0C783D2
:1072F0004F4A4FF45260D2F8A030916B2344D2F839
:10730000182B93FBF5F405FB143312F0010200FB7C
:10731000031307930DD1474B03F5407143F8042C39
:1073200043E903220C339942F8D10123404AC2F8C1
:10733000183B3F4BD3F81C2E12F001020ED103F67E
:107340002C6303F5407143F8042C43E903220C330A
:107350009942F8D10123364AC2F81C3E4FF44072DC
:10736000002135480AF09AFB4FF44072002133485F
:107370000AF094FB2E4BD3F8085B002D00F0258417
:10738000129ADFF8B4A093B23032DFF8B4B008EE4E
:10739000103A103390469BB208EE903A1CE0284613
:1073A0001C46FEF7E5F94A4639462846FEF7E0F95D
:1073B0007EB904F5C07418EE101A28460AEB0402D0
:1073C000FEF7D6F91D4B18EE901A28461A19FEF74B
:1073D000CFF96D68002D35D01FFA88F7DFF85C9083
:1073E00000262968A7F1100206EB46038C6891B2CB
:1073F0000AEBC3125C454FEAC313D0D028460023E2
:10740000A0472B684A4639469C68284600235C45BD
:1074100000F00884203FA047002EDAD1BFB209F562
:10742000C0790126DDE719B0BDEC028BBDE8F08F15
:10743000C0320020E83D0020DC3D0020E04000207C
:10744000E515000019494FF45260D1E92832134480
:10745000D1F89C20896B93FBF2F402FB143300FB00
:1074600003131793124B134A93F8281093F82B0029
:107470000F9193F8291093F82C9093F82D80029196
:1074800093F82A10A2F5C27315920E93002305916A
:1074900016930890CDE910980E9BA3F5C073049342
:1074A000169B08330693159B039305E0C03200201A
:1074B000B8430020E040002004990B88063131F8E1
:1074C000042C31F8026C03F0100002F01004049157
:1074D000019602F400650F9902F4804B029E8840E9
:1074E000B440B54044EA000802F0200403F0200054
:1074F000B440884044EA000C02F0400403F040002D
:10750000B440884044EA000E02F0800403F080009A
:10751000B440884044EA000702F4807403F48070A9
:10752000B4408840204302F40074099003F40070D2
:10753000B4408840044303F480600A9402F48064F9
:107540008840B440044303F400608840284302F4B8
:1075500080550B9003F48050B54002F400568840EB
:1075600022F4FF422843029D22F07F02AE4003F442
:1075700000558D4046EA0509029E03F4804523F438
:10758000FF43B2400BFA06FB23F07F03019E8D40C0
:10759000CDF830908B4006F0100A059906F02009CE
:1075A0004BEA050B099D0AFA01FA09FA01F913439E
:1075B000039A48EA0A0A06F040084CEA090906F468
:1075C000807C08FA01F812880CFA01FC4EEA0808DF
:1075D00006F0800E45EA0C0C0A9D0EFA01FE47EA01
:1075E0000E0E06F400778F402F43354606F4806672
:1075F00005F400658E408D4026430B9C2543019C7D
:1076000004F480548C4020430C9C0990019800F4B1
:107610000050884001992043059C0A9001F4804065
:1076200021F4FF41A04021F07F014BEA0000A1407E
:10763000089C019043EA010B02F01001039BA1405A
:107640005B884AEA010A02F020010998A14049EA50
:10765000010902F04001A14048EA010802F080015E
:10766000A1404EEA010E02F48071A1404CEA010CE7
:1076700002F40071A1400F4302F48061A1400E4367
:1076800002F40061A1400D4302F48051A14008437F
:1076900002F400510B90A14020460A9C2143019C1A
:1076A0000C9102F4804122F4FF42814022F07F02DB
:1076B0002143109C824003984BEA020B063030F8BD
:1076C000022C039003F01000A0404AEA000003F0EF
:1076D000200A0AFA04FA49EA0A0A03F0400909FAF8
:1076E00004F948EA090903F0800808FA04F84EEAA8
:1076F000080803F4807E0EFA04FE4CEA0E0E03F432
:10770000007C0CFA04FC47EA0C07019703F480673D
:10771000A7403E43099603F40066A64045EA0607E3
:1077200003F480552646A5400B9C0A972C4335460A
:107730000B9403F40054B4400C9E264303F480449D
:1077400023F4FF43AC400C9623F07F0341EA040C82
:107750001199AB40019DCDF834C04BEA030B02F008
:1077600010038B401843DDE90634C0F30F1024F8F2
:10777000130002F020030A988B404AEA030A02F041
:1077800040038B40CAF34F1A49EA030902F0800311
:107790008B40C9F38F1948EA030C02F480738B40C5
:1077A000CCF3CF1C4EEA030702F4007302F4804EC0
:1077B0008B40C7F30F2745EA030602F48063099D57
:1077C0008B40C6F34F261D4302F400638B40C5F384
:1077D0008F2540EA030402F480500B46C4F3CF2403
:1077E000884002F4005122F4FF4201940EFA03FE95
:1077F0000B9C994022F07F02204302FA03F3C0F36E
:107800000F380C984BEA030301430D98C3F3CF33B1
:1078100040EA0E0EC1F34F31DDE90604CEF38F329C
:1078200004EB400EAEF818A1AEF83092AEF848C3A3
:10783000019CAEF86074AEF87865AEF89056AEF87C
:10784000A847AEF8C088AEF8D819AEF8F02AAEF85E
:10785000083C431C049906930E9B99427FF42CAE7E
:10786000169B159A403302F5C072802B1693159221
:1078700001F5C0720E927FF40FAEC549079B129AB4
:10788000C3F81021179AB1F84E30A2F81631B1F8AA
:107890004C30A2F81431B1F85230A2F82E32B1F8BF
:1078A0005030A2F82C32B1F85630A2F84633B1F875
:1078B0005430A2F84433B1F85A30A2F85E34B1F82B
:1078C0005830A2F85C34B1F85E30A2F87635B1F8E1
:1078D0005C30A2F87435B1F86230A2F88E36B1F897
:1078E0006030A2F88C36B1F86630A2F8A637B1F84D
:1078F0006430A2F8A437B1F86A30A2F8BE38B1F803
:107900006830A2F8BC38B1F86E30A2F8D639B1F8B8
:107910006C30A2F8D439B1F87230A2F8EE3AB1F86E
:107920007030A2F8EC3AB1F87630A2F8063CB1F823
:107930007430A2F8043CB1F87A30A2F81E3DB1F8D8
:107940007830A2F81C3D134622F01F0203F5526363
:10795000BFF34F8F4FF0E021C1F8682F20329342E0
:10796000FAD8BFF34F8FBFF36F8F894BD3F8A44082
:10797000D3F89C50AC4200F0E0800134844BC3F853
:10798000A440834AD2F8103B01330F2B129300F22C
:10799000CE80C2F8103B7E4B93F83030002B49D09C
:1079A0007C4E7D4A33685B08A2FB03237B4ADB0BDA
:1079B000DB01A2FB0323328ADB0901339A4200F286
:1079C000F780774B4FF45266714F186B93F8342061
:1079D0004FF48073D7F8A0109340B0F8882103F4D7
:1079E000706392B222EA0302A0F88821BA6B06FB08
:1079F00001224FF48A76D7F8A81002EB060CD7F8CC
:107A00008C70C1F800C03A608A8B614F22F080020E
:107A1000CE601204120C8A838A8B92B242F020024A
:107A20008A83B0F8882192B21343A0F888310023EA
:107A300087F83030A5423FF4F6AC139B0133DBB23C
:107A4000062B13937FF450AC149B002B40F0B880AE
:107A5000504E514A33685B08A2FB03234F4ADB0BAD
:107A6000DB01A2FB0323328ADB0901339A4200F2D5
:107A7000CB80149B1393129B002B7FF439AC454EA3
:107A8000F37C002B40F0A480414BD3F8087B002FFF
:107A90003DD0444D0024B37C002B5BD03B68424872
:107AA0005A69317C824253D1B9755B68AB4255D17A
:107AB00097F83E30BBB197F83D3097F83C20DBB2E9
:107AC000D2B287F83D2087F83C3097F83D30083334
:107AD00057F82330FB6197F83C30083357F82330D0
:107AE00087F83E40BB61314AF96A97F8280002F5F1
:107AF000007C023932F8023F00FB03F394454FEA61
:107B0000232321F8023FF5D17F68002FC3D1204BFA
:107B1000002493F80C3BB47433BB1D4BD3F8102BEB
:107B2000D3F8A440D3F89C501292FFF7E1BB002396
:107B3000174A1293C2F8103B2DE71946D3F8A0302C
:107B4000013393FBF4F204FB1233C1F8A03018E7C1
:107B5000384690473B685B68AB42A9D038469847A7
:107B60007F68002F97D1D2E7094A92F8143B154657
:107B7000C3F1FF039364FCF767F9D5F8102B85F880
:107B80000C4B1292D5F8A440D5F89C50FFF7B0BB2F
:107B9000C0320020A0290020018000800980000858
:107BA000B8430020A116000075160000E61C006016
:107BB000013A90B23082FCF707FC0123B37400E76E
:107BC0000023CDE91333FFF78FBB079B179349E4DD
:107BD0001A4BD3F8084B14B3129F194D23681B6935
:107BE000AB420AD1D4F80A302772C4F81230646864
:107BF000002CF3D10023F37446E720460021984778
:107C00006468002CEAD1F5E7013A90B23082FCF7C3
:107C1000DBFB0123B374149B1393FFF765BB129B2B
:107C2000F37474E7FDF7A4FD002E7FF4D2AB203F80
:107C300009F5C079BFB2FFF7F4BB00BFC032002026
:107C4000791600002DE9F84F5A4D4468B5F8A07236
:107C5000C4F30E44C6693C1B002C29DD95F8D120E5
:107C600095F8D010D3B28A420AD0EA1892F8D4001C
:107C700005EB4009B9F88481C8F50072944251D9E6
:107C80000133002205EB4601082BA1F8E02094BF48
:107C9000DAB21346A1F8844185F8D1202B44D5F8F7
:107CA000802183F8D4601444C5F88041BDE8F88F82
:107CB0004FF0E0244FF4003305F5D0714FF0010C84
:107CC000C4F88C3175013C4B01EB461241F805C0FC
:107CD000380403EB4623D66140F0800003F5805161
:107CE0001F445060D16003F500519360116103F5AA
:107CF0004051516103F580419161BFF34F8FC4F84A
:107D00005C3F20339F42FAD8BFF34F8FBFF36F8F92
:107D100008212A48FCF7B8FF4FF40033C4F80C31AF
:107D2000BDE8F88F244B08EB40202246A04403EB2B
:107D3000462B18444FF0E02A59460AF023FCD5F8A8
:107D4000802105F5D071A9F8848122444FF40034D4
:107D500038045B46C5F880210125CAF88C417401BE
:107D600001EB461240F080000D510BF580515F444D
:107D70005060D1600BF50051D66111610BF5405197
:107D8000C2F808B051610BF580419161BFF34F8F8C
:107D9000CAF85C3F20339F42FAD8BFF34F8FBFF33E
:107DA0006F8F08210548FCF76FFF4FF40033CAF8C6
:107DB0000C317BE7C0320020802020208001002091
:107DC0002DE9F04F4FF0E0234D4D4FF4003285B0D8
:107DD000DFF8309105F5D078C3F88C2195F8D040C4
:107DE00095F8D130E4B2DFF820A1A3427CD0013471
:107DF000092C28BF00242B1993F8D47005EB4703F6
:107E0000B3F8E010B3F884B1ABEB010BBBF1010F99
:107E100018D9D5F8802101EB47273A480131013ABA
:107E2000C05DA3F8E010C5F880218DF80F004FF079
:107E3000E0234FF40032C3F80C219DF80F0005B089
:107E4000BDE8F08F01EB47215A467B020DF10F0090
:107E500049444FF0E02601930AF094FBD5F880C125
:107E6000E0B2B5F8A01208EB4712ACEB0B0C019B8B
:107E70004FF0010EC5F880C14B4485F8D0004FF497
:107E800000304FEA471CC6F88C01080448F80CE0A3
:107E9000194440F08000D76103F5005793605060AB
:107EA00003F58050D06003F54050C2E9047003F53B
:107EB00080409061BFF34F8FC6F85C3F20339942FA
:107EC000FAD8BFF34F8FBFF36F8F08215046FCF7EE
:107ED000DBFE4FF40033C6F80C31BBF1000FA6D126
:107EE00095F8D130A34282D14FF0E0234FF4003215
:107EF0004FF0FF30C3F80C2105B0BDE8F08F00BF94
:107F0000C0320020802020208001002038B5B0F849
:107F100030410CB9204638BD90F82F310546C3F1E9
:107F20008904A2420DD8144605F1A5002246184442
:107F30000AF028FB95F82F312046234485F82F318D
:107F400038BD01224260EFE7437D2DE9F04F044642
:107F500087B0002B00F02A81227DB74B002A00F069
:107F60004581217C627CE068C2F1FF02012583F833
:107F7000141BC3F8002B002702684FF01F0983F879
:107F80000C5B4FF03F081068DFF8B4B203689B69E0
:107F90009847E36805461B68586803689B699847DB
:107FA000E36802901B68986803689B699847039090
:107FB000002429E0BBF842000CFB0033DBF8500042
:107FC00003EB4303C654034483F801A09A70C4F141
:107FD0003F00814215DDBBF84C104346884510DA5E
:107FE0009BF84010002944D1BBF8421001FB030369
:107FF000DBF8501003EB4303CE540B4483F801A08D
:108000009A700134402C6BD039192B68284689B2FC
:108010001B69019198472B68024601991B69284604
:10802000167898472B680246019928461B6992F8F2
:1080300001A09847BBF84A10234682788C42C6DAE2
:10804000BBF84C00CC468145C1DA9BF840000028C3
:10805000B0D002281AD00128BBF842003AD0BBF8B1
:1080600044C04B460CF1FF3CACEB040C0FFA8CFC0B
:10807000A2E7022918D0012924D0BBF84430BBF86C
:108080004210013B1B1A40461BB2AFE7BBF842004F
:10809000BBF844C0431E0CF1FF3C1B1BACEB090CAE
:1080A0001BB20FFA8CFC87E7BBF84210BBF84430D8
:1080B00001F1FF3C013BACEB0000A3EB080300B275
:1080C0001BB293E7BBF842100346481EA0EB080022
:1080D00000B28BE7431EA446A3EB09031BB26BE778
:1080E00008F1FF38403709F1FF39B8F11F0FBFB26F
:1080F0007FF45EAF9BF8763003F0FF05002BF9D1DB
:108100000123DDE902678BF87630ACB23368304684
:1081100021461B6998473368024621461B69304651
:1081200092F80090984733680246214630461B6912
:1081300092F8018098473B682146827838461B694F
:108140008DF814908DF815808DF8162098473B68AF
:10815000024621461B69384692F8009098473B68D2
:108160000246214638461B6992F80180984703462B
:1081700005A928B28DF810909B7801358DF81180F3
:108180008DF8123007F0C0FE04F1580004A900B2C7
:1081900007F0BAFE582DB8D19BF8B630002BFBD1B2
:1081A00001238BF8B63007B0BDE8F08F0121224BD8
:1081B000417553E8002F5A68986843E80015002D70
:1081C000F7D11E494968091A4FF47A7000FB02F290
:1081D000D868A1FB0010B0F57A7F94BF121802F5A1
:1081E0007A72A260227D002A7FF4BBAE012553E89B
:1081F000002F5A68986843E800510029F7D10F49C9
:108200004968091AD868A1FB00104FF47A7101FB84
:1082100002F2884294BF12185218D4E901100144A6
:1082200091420FD8227D002A7FF49BAEA17CE27C94
:1082300025752174627496E6C0320020001000E0BB
:10824000B8430020012153E8002F5A68986843E89A
:108250000015002DF7D11F494968091A4FF47A70AB
:10826000A57C00FB02F2A068121AD868A1FB0010DE
:108270006168B0F57A7F94BF121802F57A7205FB37
:1082800002F2B2FBF1F20121227453E8002F5A6886
:10829000986843E80015002DF7D10E494968091A7E
:1082A0004FF47A70E57C00FB02F2A068121AD868DD
:1082B000A1FB00106168B0F57A7F94BF121802F537
:1082C0007A7205FB02F2B2FBF1F2D2B2217C627447
:1082D00049E600BF001000E0174BD0E9002110B4C0
:1082E0009A4215D00B684C681868144A20EA0400BA
:1082F0005DF8044B1860106A40F4C0101062906A78
:1083000020F00E2090621A6849680A431A6070478C
:108310000A684C681368094823EA04035DF8044BB3
:108320001360036B23F4FF4343F4C07303631368C8
:1083300049680B431360704700C01A4000C00F40EB
:108340002DE9F843AF4CB04E94F8ED70D6F880802C
:10835000D6F8045B27B1022F40F0A380BDE8F88374
:1083600008200FF06FFDFDF743FAC4F8F400082071
:108370000FF068FD8146FDF73BFA06F53073C4F84F
:10838000F800D4F8E00098420BD006F53873984214
:1083900000F0688106F54077B84214BF4FF0FF3710
:1083A000022799F804204FF0000C984B9A76D4F8E5
:1083B000D810D9F80030B1F1804F1960A3F804C08B
:1083C00083F807C080F0088101219960998B89B2F8
:1083D00041F0080199830021D96094F8EBC0BCF109
:1083E000030F00F209814168614491F810C00CF05C
:1083F0007F0C4CF0004C11B2DFF81CE24FF000098A
:108400004EF821904EF821C0814901EB52118900AC
:10841000002F00F0D08002F01F0C01271032DFF88F
:1084200018E207FA0CF7DFF808C24CF822E0794AA4
:108430000F60C6F8A8229A8BD4F8DC1092B2734F62
:10844000B1F1804F42F002029A83D4F8F4301A79E5
:10845000BA764FF000071B6819619F829F7101D3A4
:10846000996809B901219960998B89B241F0080195
:1084700099830021996194F8E930032B00F2BF80C1
:1084800041680B44197C01F07F0141F0004113B2B7
:108490000020614A42F8230042F82310012384F8A7
:1084A000ED30EFF3108272B65C4B93F8311051B19E
:1084B00093F83010012900F09480032900F0C08067
:1084C000002183F8311002B962B6D4F8F4604FF499
:1084D00032700021336800FB0852C4F8F010997123
:1084E000002A54D04E4DD971D960AA424FF00101F3
:1084F0001A60D8839980D88299600FD922F01F031F
:108500000244BFF34F8F4FF0E021C1F8683F2033A2
:108510009A42FAD8BFF34F8FBFF36F8FD4F8F81099
:10852000002240480B68B0F1804FDA7118619A82DE
:108530009A7129D39A683AB30A680020D18B98615E
:108540000B0403D44FF43273D383D382364BC4F875
:10855000FC30FCF757FDD4F8E01094F8EA200968E5
:1085600094F8EC30D4F8F80013430A6B1343274A0D
:108570000B630221D4F8F4300079D0761B7984F8AB
:10858000ED10D376BDE8F88301229A60D4E727493D
:108590009A80B1F1804FDA7119602AD39A6842B398
:1085A00032680020D18BD8600904B7D44FF43273FD
:1085B000D383D382B2E702F01F0E012702F1100C21
:1085C0001B4A07FA0EF7DFF874E042F82CE0114A74
:1085D0000F60C6F8A4222EE7996800297FF4F6AE52
:1085E000F2E6D3E90A01002939D04861A0B38161DC
:1085F00066E701229A60D3E7DFF838C0FBE60D4951
:1086000045E700BFB8430020C032002000800E4084
:10861000403800387044002000C00E40A0290020DF
:10862000FFFF1F20B8440020B4290020844400200C
:10863000003000207F000080692B00005D2A0000D0
:10864000D3E90A0129B148610028D0D1C6F8C41085
:1086500036E7C6F8C000F7E7C6F8BC1030E7C6F842
:10866000B800C3E701279CE6D1ED0A7AF5EE407A1F
:1086700070B5F1EE10FA96680C4605462DED048BA8
:10868000D2ED008A8EB092ED018ACDED008A8DED9B
:10869000018A029646D128EE080AA8EEA80AB5EE8D
:1086A000400AF1EE10FA6FD4B1EEC09AF0EE680A0B
:1086B000B0EE480A08F02AFBF0EE407AD4ED086AE2
:1086C000B7EEC90A9FED367A67EEA67AD4ED098A2D
:1086D0009FED311B87EE878A08F05AF8237B2846E6
:1086E000626807EE903AB7EEC00BF8EEE77AB0EEAC
:1086F000487AA8EE807AFBFE476A37EE667A67EE24
:10870000877AFBFE677AFDEEE77A17EE903A03EB85
:108710004303D118D25A8B782A80AB700EB0BDECCF
:10872000048B70BD1F4A002307A903A80793089371
:10873000B2F80431CDED097AADF82830D2F808311D
:108740000B93D2F80C310C93D2F810310D9306F044
:1087500081FC94ED057A03A9D4ED047A07A838EEDC
:10876000478A6A4678EEE78A02968DED018ACDED5A
:10877000008AFDF72DFDDDED078A9DED088ACDED20
:10878000008A8DED018A86E707F0E0FFB0EE409A9F
:108790008CE700BFAFF30080000000403333D33FCD
:1087A000DB0F4940B843002030B583B00446283180
:1087B000069D0095FFF758FF204603B030BD00BF6F
:1087C0002DE9F04FDFF83C9385B0D9F8443101939F
:1087D000C9F84431DB0752D5D9F8AC31002B49D068
:1087E000DFF824A3DFF848B30AF5AA7202F5805235
:1087F0000292C9F8AC31DBE90A20D9F8403143F4E0
:108800000053C9F84031D9F840319E04F5D5D9F864
:10881000403123F40053C9F840314FF00113C9F837
:10882000B431D9F8B46116F00116FAD193B2CAF88E
:108830001461B3F5086F00F07B8300F24A8140F2C7
:1088400002318B4200F0448300F20F81822B00F052
:10885000C382B3F5817F40F0C18010F0780F83B2FE
:1088600000F0EA834FF00113C9F8C031D9F8AC31F8
:10887000002BBED1A34BD3F8BC51002D47D1019B97
:108880005F0615D59F4AD2F8AC31C2F8AC31D2F8A8
:10889000BC31C2F8BC31D2F8B031002BFBD14FF063
:1088A000FF309949C2F8B401D2F88421C1F84C31A3
:1088B000019BDC0104D5944BD3F8503103B19847A8
:1088C000019B580709D58F4BD3F8843113F40073FB
:1088D00019D08D4B012283F848218A4BD3F84821C7
:1088E00011060DD5019A12060AD5874991F8A921DA
:1088F00032B1013AD2B281F8A921002A00F0828473
:1089000005B0BDE8F08F804A82F84831E5E7DFF82E
:10891000F8A1C3F8BC51DAF81421154240F0B8832D
:10892000DAF84C3115EA0309A9D05FEA194728D0D3
:10893000DFF8FCB14FF0010897FAA7F5B5FA85F515
:108940000BEBC51ADAF870600AF1400AAEB1324694
:10895000002404E012680134012A00F0EE83536819
:1089600013F08003F6D0CAF8302034B13046DAF87C
:10897000383036689847013CF8D108FA05F5AF431E
:10898000DAD11FFA89F5002D3FF479AFDFF8A0B1F5
:108990004FF0010895FAA5F6B6FA86F60BEBC61964
:1089A000D9F83070AFB13A46002404E012680134BF
:1089B000012A00F0C583536813F08003F6D0C9F88C
:1089C000302034B13846D9F838303F689847013CF8
:1089D000F8D108FA06F6B543DCD150E7802B7FF4D6
:1089E00041AF4A4B0122AAF85461CAF87031029B88
:1089F000CAF86821CAF87431454A464BCAF86C2156
:108A0000CAF8783103F5805203F50053CBF84C6077
:108A1000CAF87C21CAF880313F4BCBF84830D9F8EE
:108A2000B03143F48033C9F8B031D9F8B031002BFC
:108A3000FBD1CAF83031CBF80C300123CAF8283109
:108A40008023CAF82C31354BCBF808304FF0011396
:108A5000C9F8BC31D9F8B03143F00103C9F8B031DD
:108A6000D9F8B031002BFBD100E7B3F5A06F00F0CF
:108A70009181A3F5D063012B3FF6F4AE86B2150CBD
:108A80002749284B04E019690C3300293FF4EAAE6A
:108A90001A88AA42F7D15A88B242F4D12A0A032A84
:108AA00000F02C831E89000C864228BF0646B5F5CF
:108AB000007F40F028831C4B32469AF8484103F16E
:108AC00064011A48002C08BF1946184C09F05AFDD9
:108AD0003EE342F221218B4200F083802AD942F208
:108AE00021318B4200F087804FF6C0018B427FF42A
:108AF000B9AE10F47F4F86B27FF4B4AE46F46E4642
:108B0000BDE700BF00002E40B84300200C45002008
:108B1000800002000C65002020450020E044002079
:108B2000D4290020181D0020E81E0060000020202D
:108B300000000020B3F5106F7AD042F221018B4281
:108B40007FF490AE030C072B7FF48CAECD4BCBF8AB
:108B50000C60CAF87031CAE964200122CAF86821A1
:108B6000C94ACAF86C2103F58052CAF8742103F58A
:108B70000052CAF8782103F54052CAF87C2103F567
:108B80008042303BCAF88021CBF80830D9F8B031A8
:108B900043F00103C9F8B031D9F8B031002BFBD153
:108BA000CAF83031CBF84C300123CAF8283148F2EA
:108BB0008003CAF82C31B54BCBF848304FF0011385
:108BC000C9F8BC31D9F8B03143F48033C9F8B031B9
:108BD0004FF48033CAF81431D9F8B031002BFBD1EF
:108BE00044E680B238B9AA4BC2F307425B68CAF8C0
:108BF00088318AF88C210023CAF83031CBF84C3008
:108C00000123CAF828318023CAF82C319F4BCBF8B6
:108C100048304FF00113C9F8BC31D9F8B03143F4F2
:108C20008033C9F8B031D9F8B031002BFBD11DE643
:108C30009748C2F30742974B314680F8F020074629
:108C4000C9F8C8318022944B00F58070B046C9F84D
:108C5000CC31924BC9F8D0319AF84831002B15BF6E
:108C60004FF4007440244FF000734FF4800314BF9E
:108C70004FF008554FF001550393A7F8A042AAF80A
:108C80004A4108F00BFF31464FF4807207F5D0706F
:108C900087F8F560A7F8F26008F000FF3146C7F8E2
:108CA0008461C7F8E0603C22C7F89061C7F8EC60C7
:108CB0007B4887F8D16087F8D060C7F88061C7E942
:108CC0006266C7E9396608F0E9FE0122754B314654
:108CD000CBF848213C227448CBF8403108F0DEFE46
:108CE000DAF84C3101223146704843F00803CBF8E2
:108CF00088213C22CBF88051CAF84C3107F5D07559
:108D00006B4B4FF0E0266B4FCBF8B83108F0C6FE46
:108D1000039B22464446CBF840320123CBF848322D
:108D20004FF40033C6F88C310123AF602B6013047D
:108D3000EC613A4443F080036B6007F58053EB60CD
:108D400007F500532B6107F540536B6107F580432E
:108D5000AB61BFF34F8F3B46C6F85C3F20339A426E
:108D6000FAD8BFF34F8FBFF36F8F082101342A4623
:108D70005148FBF789FF4FF400338C4207F5007729
:108D800005F12005C6F80C3100F01981404BB3F80D
:108D9000A022C5E70123CAF83061CBF84C60CAF8BD
:108DA00028318023CAF82C31384BCBF848304FF0AB
:108DB0000113C9F8BC31D9F8B03143F48033C9F894
:108DC000B031D9F8B031002BFBD1130C5B0643F066
:108DD0008073C9F8543149E583B210F078007FF40C
:108DE00041AD364903F07F0251F822201906AAF856
:108DF000540100F19B81D70700F19B81304B012288
:108E0000CAF87031029BCAF86821CAF874312D4A39
:108E10002D4BCAF86C21CAF8783103F5805203F55E
:108E20000053CAF87C21CAF88031284BCBF848306F
:108E30000023CBF84C30D9F8B03143F48033C9F873
:108E4000B031D9F8B031002BFBD1CAF83031CBF8B2
:108E50000C300123CAF828318023CAF82C310B4B7F
:108E6000CBF808304FF00113C9F8BC31D9F8B03154
:108E700043F00103C9F8B031D9F8B031002BFBD170
:108E8000F4E400BF5045002080000700E0440020CB
:108E9000C03200200200CC00C80002000200C8005E
:108EA0004401002000001020840100204402002022
:108EB000655500008020202080010020C0012E4048
:108EC0000C450020800002000C6500202045002099
:108ED00010F0780F83B27FF4C5AC03F07F02D24963
:108EE00013F0800F51F8223014BF43F4803343F065
:108EF000010341F822300023CAF83031CBF84C305E
:108F00000123CAF828318023CAF82C31C74BCBF88B
:108F100048304FF00113C9F8BC31D9F8B03143F4EF
:108F20008033C9F8B031D9F8B031002BFBD19DE4C2
:108F3000BF4AC04B92F8F020CAF870318AF8542129
:108F40000122029BCAF86821CAF87431BA4ABB4BA5
:108F5000CAF86C21CAF8783103F5805203F5005342
:108F6000CBF84C60CAF87C21CAF88031B44BCBF8FE
:108F70004830D9F8B03143F48033C9F8B031D9F86A
:108F8000B031002BFBD1CAF83031CBF80C300123C3
:108F9000CAF828318023CAF82C31A44BCBF808300A
:108FA0004FF00113C9F8BC31D9F8B03143F00103D7
:108FB000C9F8B031D9F8B031002BFBD156E4A14B40
:108FC00000248025A048CAF850314A23C9F88440BB
:108FD0002146C9F880302A46D9F8483143F08073D9
:108FE000C9F8483108F05AFD984BCAF82C51CBF813
:108FF000A03003F13C43CAF8304103F56C23CBF8B1
:109000004C4003F56F73CBF8E0300123CAF82831E8
:10901000864BCBF848304FF00113C9F8BC31D9F872
:10902000B03143F48033C9F8B031CAF81441D9F8EB
:10903000B031002BFBD119E403F07F027A4913F021
:10904000800F51F8223014BF23F4803323F0010342
:1090500041F822300023CAF83031CBF84C300123DC
:10906000CAF828318023CAF82C31704BCBF848302D
:109070004FF00113C9F8BC31D9F8B03143F4803353
:10908000C9F8B031D9F8B031002BFBD1FFF7EEBBF6
:10909000BAF8900142F2210100228842CAF8142154
:1090A000DAF894217FF43CAC92B2002A7FF438AC19
:1090B0000AF5CC7292E80300AAF8A41186284FEAB8
:1090C0001141CAF8A0018AF8A6117FF429AC72B642
:1090D0009AF8A82142F008028AF8A821D3F848217A
:1090E000160606D442F080028021C3F84411C3F86A
:1090F000482162B650238AF8A93111E4000C0E7899
:10910000864228BF0646B5F5E06F1CD1504B32466B
:109110009AF84801A3F164014E4C002808BF194693
:10912000204609F02FFA0723637011E0D3037FF57F
:1091300065AE01238AF8543160E6CAE90C3314E4C1
:10914000C9E90C333DE4434C3246204609F01AFA93
:10915000A1194048BFF34F8F4FF0E0220346C2F8F9
:10916000703F20339942FAD8BFF34F8FBFF36F8F10
:1091700046B333040122CAF8700143F08003CAF8F1
:109180006821CAF86C31344B03F58052CAF8743147
:10919000CAF8782103F5005203F54053CAF87C2140
:1091A000CAF88031264BCBF848300023CBF84C303E
:1091B000D9F8B03143F48033C9F8B031D9F8B031BF
:1091C000002BFBD101220023CAF828218022CAF8F3
:1091D0003031CAF82C21154ACBF80C30CBF80820D6
:1091E0004FF00112C9F8BC21D9F8B02142F00102B8
:1091F000C9F8B021CAF81431D9F8B031002BFBD12D
:10920000FFF734BB91F8A82102F0F70281F8A821FA
:109210002AB9D3F8482122F08002C3F848210F4B25
:109220001B6E9B071CD4FBBEC0012E40E0440020F7
:10923000C03200200C450020800001000C65002099
:109240002045002075280000800000205DCFC6B8B2
:109250004C1F0060000020200010202000441F4010
:1092600072B60B4B00200B4AC3F8400103F1604378
:109270000949A3F55F2311649D46BFF34F8F4FF457
:1092800000130648064ADB6902609B68984700BFE6
:1092900000002E4000C00A40030020000080202073
:1092A000000012EB72B6EFF30582664BC3F8842020
:1092B000EFF308804FF0E021634AD1F8284DC3F85E
:1092C0008840D1F82C4DC3F88C40D1F8344DD1F8FA
:1092D000381DC3E924418169C3F89810C169C3F8F6
:1092E0009C10D2F880305B07FBD5D2F8803057480D
:1092F000C3F30B235649D0ED6C6A07EE903AD0EDDC
:109300006D5AF8EE666A90ED6E6AF8EEE77A90EDC7
:109310006B7A4C4CB8EE477A4A6A77EEE67A8B6AFB
:1093200067EEA57AC7EE866A77EE667AC4ED287A8C
:10933000184614464A6A8B6A8342F9D1A242F7D191
:10934000404C0B21DB0B4348C4F8801043EA4243F6
:1093500041494FF0FF32414DC4F8A4300368202446
:1093600004305A4002F00103013C01FB03F383EA9D
:109370005202F7D1A842F1D1324BC3F8A820BFF373
:109380004F8F4FF0E0233349354AC3F8701FC3F8BD
:10939000702FBFF34F8FBFF36F8F324A02253248D1
:1093A000D36E324943F44053D3660560D3693048E5
:1093B00023F07F0343F04003D3618B6883423DD8A1
:1093C000294D00214FF0E0234FF0FF3229600126A4
:1093D000C5F808112749C5F80011C5F80861C3F898
:1093E0008021C3F88421C3F88821C3F88C21C3F8F5
:1093F000902101E0FFF7E4F9D5F80C31002BF9D00A
:109400000134C5F80C614F2CF4D91B4B02201B49C9
:109410004FF00042C1F840015A63D5F80C313BB916
:1094200017481849104A0163D2F80C31002BFAD0C2
:109430004FF0E023144AC3F80C2DFEE7FBF77CFA4B
:10944000BEE700BF00FF272000810D40B843002089
:1094500000400D4080FF27202083B8EDA8FF272083
:10946000A0FF272000C00F4000400840A029002096
:10947000803DCD0B009F240000900D4000002E4049
:1094800000800F40F100AD0B0400FA05FFF70ABFA2
:109490000EB400B582B0064803AA52F8041B01922C
:1094A00008F0CEFA02B05DF804EB03B0704700BFDD
:1094B000E8290020F7EE007AD2ED005A9FED357AC8
:1094C00092ED015A75EEE77AF0EEE77AF4EEC77A9C
:1094D000F1EE10FA3BD5F0EEC57AD2ED024AF4EE89
:1094E000C77AF1EE10FA35D492ED034AD1ED017A44
:1094F000D1ED002A25EE676A91ED023A67EEA56A82
:10950000D1ED033A24EE677A67EEA47AA2EEA56A5B
:10951000E2EE856AA2EEA47AE2EE847AA3EE646AB1
:10952000E3EE046AA3EE257AE3EE457AA3EEC46A7D
:10953000E3EEE46AA3EE857AE3EEA57A80ED006AB5
:10954000C0ED016A80ED027AC0ED037A7047D2ED7A
:10955000024AC9E7F0EEE47A92ED034AF4EEC77AE4
:10956000F1EE10FAC2D5F0EEC47AF4EEC77AF1EE5D
:1095700010FABBD5D1F804C08A68CB68C0F804C023
:109580008260C36000B5D1F800E0C0F800E05DF88B
:1095900004FB00BF6F12833A1C4A836A02605BB30C
:1095A000016990F83020013127D0FF2A03D0FC2236
:1095B000197B0A401A7390F83120FF2A03D05A7B96
:1095C00022F001025A7390F83320FF2A03D05A7B0D
:1095D00022F001025A739B681A68904212D05A68AE
:1095E000191D90420DD09A6803F10801904208D0ED
:1095F000DA680C33904205D07047FF2ADBD0FE2298
:10960000D6E70B4600221A60704700BFA41D002059
:10961000F7EE007A9FED377A10B52DED048B91EDC2
:10962000008A86B00446D1ED018A78EE677AF0EEC2
:10963000E77AF4EEC77AF1EE10FA36D5F0EEE87A72
:1096400091ED029AF4EEC77AF1EE10FA30D4D1ED32
:10965000039A28EEA80AA8EE080AA9EE090AA9EEBC
:10966000A90AB5EE400AF1EE10FA3CD4B1EEC07A88
:10967000204602A9F7EE006AC6EE877A27EE888AAE
:1096800068EEE78A29EE679A67EEE97A8DED028A3D
:10969000CDED038A8DED049ACDED057AFCF798FDAA
:1096A000204606B0BDEC048B10BD91ED029ACEE7CA
:1096B000F0EEC97AD1ED039AF4EEC77AF1EE10FA22
:1096C000C7D5F0EEE97AF4EEC77AF1EE10FAC0D51C
:1096D000106851689368206020466160A36006B0FE
:1096E000BDEC048B10BD019207F030F8019AB0EE8A
:1096F000407ABDE76F12833A2DE9F04F824687B07A
:10970000982005910EF09EFB9AED077AF6EE004A3E
:10971000DAED087A24229AED033A0023DAED042ADE
:1097200000F10801DAED053A73EE075A9AED064AA0
:1097300032EEA75A37EE236A026077EE846A04227B
:1097400065EEA45A036125EE245A426026EE246A8F
:1097500080ED053A66EEA46AC0ED062A80ED077A30
:10976000C0ED087AC0ED095A80ED0A5A436380EDD6
:109770000E7AC0ED0F2AC0ED103AC0ED117A80EDDF
:10978000126A80ED135A836580ED173AC0ED187A9E
:1097900080ED197AC0E90233C0E90B33C0E9143314
:1097A00080ED1A4AC0ED1B5AC0ED1C6AC36780EDFC
:1097B000207AC0ED217AC0ED223A80ED234A80ED77
:1097C000246AC0ED256ABAF800200293CAF8041092
:1097D0000193C0E91D33DAF80800002A60D04FF089
:1097E000000910E0019A791CAB68013243F8276048
:1097F00093B22980BAF80020019309F101091FFAF8
:1098000089F393424CD2DAF804501FFA89F3029993
:1098100050F823600D4496ED0D7AD5ED057AD6ED1E
:109820000E6AB4EEE77AF1EE10FAE6D596ED0F7A0D
:10983000D5ED037AB4EEE77AF1EE10FADDDDD5ED81
:10984000067AF4EEE76AF1EE10FAD6D595ED047AD1
:10985000D6ED107AB4EEE77AF1EE10FACDD52F8876
:109860006C88A742BED1002F50D14FF008082020AD
:10987000D5F808B00EF0E6FAA860002340F82430CE
:109880000134A4B2A045F8D8BBF1000F03D058466C
:109890000EF0E0FA2F88DAF80800A5F80280A1E7B8
:1098A000029B2433902B029397D118B10EF0D2FA79
:1098B000BAF800200023CAF80830019BB2EB530F1E
:1098C0001ED9059C0134E4B2082C19D0DAF8043012
:1098D0001A88082A00F2A9809A8C03F12400082A29
:1098E00000F29D80B3F8482003F14800082A00F2F6
:1098F0009080B3F86C2003F16C00082A00F2858098
:109900000023AAF8003007B0BDE8F08F4FEA4708FF
:10991000D5F808B01FFA88F84FEA88000EF092FADE
:10992000A860B8F1000FAFD047453946CBF302022B
:1099300028BF414608290B46049194BF0023012308
:10994000002A18BF0023002B50D00BF10403C31AC8
:10995000082B4BD900290B4600F1200C00F1100216
:1099600008BF01230BF110011C460393324BA408DE
:10997000013CA4B20CEB041C1C0C03F1040E1032CD
:10998000002310316EF30F03624504F1040E04F15D
:10999000010411ED086B11ED067B6EF31F43A4B2B9
:1099A00002ED086B02ED067BE6D1039921F003027C
:1099B0008A4293B216D05C1C04995BF82320A4B2AF
:1099C00040F823208C420DD25BF8242040F824205C
:1099D0009C1CA4B28C4205D25BF82420033340F8CF
:1099E00024209CB2A0453FF648AF4DE7ABF10402FE
:1099F000031F0024DDF810C0013452F8041FA4B284
:109A000043F8041FA445F7D8ECE72146FFF774FE9E
:109A100076E72146FFF770FEDAF8043069E7214661
:109A2000FFF76AFEDAF804305CE718462146FFF7D4
:109A300063FEDAF804304FE702000300054B02280A
:109A400088BF034610B41C68184663685DF8044B71
:109A5000184700BFE82900200A498A6D38B108B5C7
:109A600013180948834204D810468B6508BD104678
:109A7000704707F0B9FF0C234FF0FF320360104628
:109A800008BD00BFA029002000002820002070474A
:109A90004FF0FF30704700BF4FF4005300204B6081
:109AA000704700BF012070474FF0FF30704700BF84
:109AB00030BFFDE72DE9F04F85B08A4602900029BE
:109AC00000F0E080704C00234FF0010804F5807B2B
:109AD000019394F8F550B4F8F2106B0184F8F48017
:109AE0000BEB45160393002940F0C8800D46674FE5
:109AF0000A4689461EE0BFF34F8F84F8F49002B9FE
:109B0000656897F8BC31002B40F0998063685B1B57
:109B1000782B00F2988094F8F030002B00F08F80C2
:109B2000FBF770FAB4F8F210012284F8F4800029EF
:109B300040F09080736813F08003DCD14FF4006232
:109B400094F8F55087F8BC311146A4F8F22003EBE5
:109B5000C5204F4F92454FEAC525384418D252468A
:109B60000391029908F00EFD039B4A4AA3EB0A03F6
:109B7000A4F8F2304FF04043C2F88430BFF34F8F67
:109B800001980023504484F8F43005B0BDE8F08F0C
:109B900002992F4408F0F6FC039B4BF803803E4BE0
:109BA000B760736007F58053F36007F500533361C6
:109BB00007F54053736107F58043B3610023F361F8
:109BC000BFF34F8F07F5006207F120034FF0E0214C
:109BD0009A4234BF0122402207EB42129342C1F85D
:109BE000707F1F4603F12003F8D1BFF34F8FBFF3FF
:109BF0006F8F4FF4801132462848FBF745F894F8F0
:109C0000F5300133DBB2032B2AD8019A84F8F53002
:109C1000B4F8F2301A44AAEB030A0192029A1A44E9
:109C2000002302921B4AA4F8F230C2F88430BFF33A
:109C30004F8F84F8F430BAF1000F7FF44AAF0198E7
:109C400005B0BDE8F08F0123019887F8BC3105B05D
:109C5000BDE8F08F94F8F5500A46C1F5006376E749
:109C6000B4F8F230019AAAEB030A1A440192029A5C
:109C70001A440023029284F8F530D3E70A46C1F56E
:109C8000006364E70846DBE7C0320020B8430020E9
:109C90008000202000002E408000000840020020AC
:109CA000054B0846114693F8F03003F0FF0203B16C
:109CB00000E71046704700BFC03200202DE9F04F8A
:109CC000B14D87B0D5F8084B002C01F0B183234685
:109CD0001A465B68002BFBD1AC4B5360AC4F00269F
:109CE0004FF00109DFF8C48223681B68BB4241F0D2
:109CF000758384F83C60C4F8308084F83D9084F823
:109D00003E60D4E90823A261E3616468002CEBD1D2
:109D1000A04B4FF00008A04C6B6394F8BD319F4EF0
:109D2000C5F89C309E4BB088C5F8B430C5E928888A
:109D3000FAF74AFB0120FDF7C3FA9A499A4B4FF014
:109D4000380C4A68152042F400324A60C3F870C3E8
:109D5000C3F880014A6842F001024A60C3F82CC38C
:109D6000C3F83C014A6842F480624A60C3F854C3B5
:109D7000C3F864014A6842F002024A60C3F830C383
:109D8000C3F840014A6842F400624A60C3F858C30D
:109D9000C3F868014A6842F004024A60C3F834C359
:109DA000C3F844014A6842F008024A6001F50041E4
:109DB000C3F838C3FF22C3F84801D1F804E04EF0DD
:109DC000100EC1F804E0C3F814C25862D1F804E0E0
:109DD0004EF0200EC1F804E0C3F818C29862C3F830
:109DE0007023C3F82C23C3F85423C3F83023C3F8DB
:109DF0005823C3F83423C3F83823C3F81422C3F814
:109E00001822D5F8C4321A7D072A01F0EF825A7D54
:109E1000072A01F0B8879A7D072A02F03380DA7D9D
:109E2000072A02F032801A7E072A02F02A845A7E1C
:109E3000072A02F07D849A7E072A02F0B584DA7E32
:109E4000072A01F0D4821A7F072A02F022855A7F5E
:109E5000072A02F0AC859A7F072A02F0D285DA7FC2
:109E6000072A02F0778693F82020072A02F0D1868D
:109E700093F82120072A01F0B887D5F8E4321A7D3B
:109E8000072A01F0C4825A7D072A01F0F8879A7DDB
:109E9000072A02F00880DA7D072A02F0D5831A7EAD
:109EA000072A02F048845A7E072A02F080849A7EAC
:109EB000072A02F0E284DA7E072A01F0A9821A7FDB
:109EC000072A02F077855A7F072A02F09D859A7F3C
:109ED000072A02F03C86DA7F072A02F09D8693F873
:109EE0002020072A01F07E8793F82120072A02F01C
:109EF0001C87D5F804331A7D072A01F0BD875A7DE7
:109F0000072A01F0D3879A7D072A02F0BD83DA7D04
:109F1000072A02F013841A7E072A02F04B845A7E25
:109F2000072A02F0B9849A7E072A02F04685DA7E73
:109F3000072A1AD01A7F072A02F060855A7F072A5B
:109F400002F002869A7F072A02F06986DA7F072AE2
:109F500002F05C8693F82020072A02F0B08693F87E
:109F60002120072A43F09A820D221A44D3E90010D7
:109F70000B6803430B6092F822A0BAF1FF0F03F0C5
:109F80008D82DFF82C8015E0C0320020F0430020E5
:109F90001D150000E14B0000B8430020A02900205F
:109FA0009D1500000040004200801F40081D002059
:109FB000C0350020D8F800B04046C5F844B0FEF7E0
:109FC0008BF9D8F804301A7D072A01F0DA845A7D1B
:109FD000072A03F00D829A7D072A03F00682DA7DB4
:109FE000072A03F011821A7E072A03F00A825A7E9A
:109FF000072A03F003829A7E072A03F0FC81DA7EA7
:10A00000072A01F0BF841A7F072A03F019825A7FBA
:10A01000072A03F012829A7F072A03F00B82DA7F65
:10A02000072A03F0048293F82020072A03F0F28124
:10A0300093F82120072A03F0EA811A7D0A2A01F009
:10A0400095845A7D0A2A01F0A5869A7D0A2A01F094
:10A050001187DA7D0A2A02F0C2821A7E0A2A02F0E9
:10A0600043835A7E0A2A02F042839A7E0A2A02F029
:10A07000E083DA7E0A2A02F009841A7F0A2A02F0B3
:10A08000A2845A7F0A2A02F0B6849A7F0A2A01F033
:10A090006E84DA7F0A2A02F0098593F820200A2AC2
:10A0A00002F0F88593F821200A2A02F03B861A7DF7
:10A0B000062A01F050845A7D062A01F084869A7D92
:10A0C000062A01F0D586DA7D062A02F08B821A7EF6
:10A0D000062A02F003835A7E062A02F035839A7E0E
:10A0E000062A01F03984DA7E062A02F0DE831A7F1E
:10A0F000062A02F06B845A7F062A02F06A849A7F4D
:10A10000062A02F03C85DA7F062A02F0358593F8AC
:10A110002020062A02F0778593F82120062A02F0F3
:10A12000D4851A7D0C2A01F06E845A7D0C2A01F028
:10A1300020869A7D0C2A01F09986DA7D0C2A02F09D
:10A1400054821A7E0C2A02F0CC825A7E0C2A02F02B
:10A15000F8829A7E0C2A02F06983DA7E0C2A02F0D9
:10A1600092831A7F0C2A02F0CD835A7F0C2A02F0C8
:10A1700033849A7F0C2A02F00E85DA7F0C2A02F0D3
:10A18000078593F820200C2A01F03E8493F82120C3
:10A190000C2A02F0AC851A7D092A01F0B3855A7D9C
:10A1A000092A01F0E8859A7D092A01F05D86DA7DA9
:10A1B000092A02F026821A7E092A02F086825A7E35
:10A1C000092A02F0C7829A7E092A02F02983DA7EE0
:10A1D000092A02F06D831A7F092A02F0DC835A7F74
:10A1E000092A02F01A849A7F092A02F0BF84DA7FD2
:10A1F000092A02F0BE8493F82020092A02F0008583
:10A2000093F82120092A02F05D851A7D0B2A01F0BE
:10A21000EF835A7D0B2A01F0DC859A7D0B2A01F031
:10A220002186DA7D0B2A02F0E9811A7E0B2A02F0E0
:10A2300049825A7E0B2A02F093829A7E0B2A02F000
:10A24000DD82DA7E0B2A02F039831A7F0B2A02F0B4
:10A2500096835A7F0B2A02F0E6839A7F0B2A02F03C
:10A260006784DA7F0B2A01F0C48393F820200B2A3D
:10A2700002F00D8593F821200B2A02F03E851A7D0D
:10A280000D2A01F0AA835A7D0D2A01F07F859A7D5F
:10A290000D2A01F0E585DA7D0D2A02F0AC811A7EE7
:10A2A0000D2A02F00C825A7E0D2A02F062829A7EFA
:10A2B0000D2A02F0AF82DA7E0D2A02F0BD821A7FEB
:10A2C0000D2A02F06E835A7F0D2A02F0A3839A7F33
:10A2D0000D2A02F04584DA7F0D2A02F03E8493F8BD
:10A2E00020200D2A02F0AF8493F821200D2A01F0DE
:10A2F00075830522D3E900100B6803430B60D8F87F
:10A300000430CBF80820197D0A2901F05983597DC2
:10A310000A2901F03D85997D0A2901F09F85D97DA3
:10A320000A2902F07181197E0A2902F0BF81597E43
:10A330000A2901F046839A7E0A2A02F06282DA7EB6
:10A340000A2A02F0CA821A7F0A2A02F0D8825A7FA9
:10A350000A2A02F099839A7F0A2A01F03283DA7F6F
:10A360000A2A02F0A98393F820200A2A02F08384A3
:10A3700093F821200A2A02F096844FF0FF091A7DF3
:10A38000062A01F009835A7D062A01F005859A7D87
:10A39000062A01F06185DA7D062A02F029811A7EFB
:10A3A000062A02F095815A7E062A02F0D6819A7E0C
:10A3B000062A01F0F282DA7E062A02F070821A7F03
:10A3C000062A02F0D9825A7F062A02F020839A7F59
:10A3D000062A02F0A783DA7F062A02F0A08393F808
:10A3E0002020062A02F0598493F82120062A02F040
:10A3F0007884FF20197D0C2901F09982597D0C2960
:10A4000001F0E5849A7D0C2A01F02485DA7D0C2A7E
:10A4100002F0FD801A7E0C2A02F04B815A7E0C2A33
:10A4200002F0AD819A7E0C2A02F0F181DA7E0C2ACC
:10A4300002F04D821A7F0C2A02F098825A7F0C2A71
:10A4400002F001839A7F0C2A02F06683DA7F0C2ADD
:10A4500002F05F8393F820100C2901F0698293F8D1
:10A4600021200C2A02F02584FF22197D092901F000
:10A470003584597D092901F0A484997D092901F0C9
:10A48000E784D97D092902F0C580197E092902F0E7
:10A490000481597E092902F07881997E092902F008
:10A4A0007D81D97E092902F00C82197F092902F0E9
:10A4B0006982597F092902F0D882997F092902F01F
:10A4C0000183D97F092902F0008393F8201009291C
:10A4D00002F0D48393F82110092902F01784FF2297
:10A4E000197D0B2901F00F82597D0B2901F06D8434
:10A4F000997D0B2901F0AA84D97D0B2902F0908067
:10A50000197E0B2902F0CC80597E0B2902F0408184
:10A51000997E0B2902F03F81D97E0B2902F0E98157
:10A52000197F0B2902F00382597F0B2902F09482D4
:10A53000997F0B2902F0CC82D97F0B2901F0E481AD
:10A5400093F820100B2902F0818393F821100B2936
:10A5500002F0AC83FF211A7D0D2A01F0C2815A7DE1
:10A560000D2A01F00E849A7D0D2A01F06D84DA7DAA
:10A570000D2A02F052801A7E0D2A02F094805A7E33
:10A580000D2A02F0FF809A7E0D2A02F03481DA7ED5
:10A590000D2A02F0AB811A7F0D2A02F0AD815A7F9D
:10A5A0000D2A02F06E829A7F0D2A02F0A082DA7FD5
:10A5B0000D2A02F0998293F820200D2A02F064837C
:10A5C00093F821200D2A01F08D81FF2209F1080363
:10A5D0009342B8BF1346DAB209F10F039342C1F2B6
:10A5E0003B8252452CBF00230123D14588BF43F055
:10A5F0000103002B01F03082D8F80430197D0629C0
:10A6000001F06181597D062901F0B183997D062908
:10A6100001F01884D97D062902F00880197E0629E8
:10A6200002F03580597E062902F09D80997E062928
:10A6300001F04A81D97E062902F04C81197F062952
:10A6400002F09781597F062902F00082997F06293E
:10A6500002F05682D97F062902F04F8293F820102B
:10A66000062902F0028393F82110062902F04283A2
:10A67000FF21A1EB090184F82810197D092901F0B7
:10A680004C83597D092901F07A83997D092901F0CC
:10A69000D783D97D092901F0C687197E092902F0DF
:10A6A0000B80597E092902F06180997E092902F008
:10A6B000B480D97E092902F0C280197F092902F0ED
:10A6C0002481597F092902F08A81997F092902F0A2
:10A6D0006B82D97F092902F0648293F8201009293E
:10A6E00002F0858293F82110092902F03183FF21BD
:10A6F000A1EB090184F82910197D0A2901F0D58000
:10A70000597D0A2901F03983997D0A2901F0968340
:10A71000D97D0A2901F06087197E0A2901F0DB87BB
:10A72000597E0A2902F01380997E0A2902F07B8063
:10A73000D97E0A2902F0B680197F0A2902F0FA8030
:10A74000597F0A2902F09481997F0A2901F0AE808D
:10A75000D97F0A2902F0BF8193F820100A2902F05C
:10A76000878293F821100A2902F0D982FF21A1EBF8
:10A77000090184F82A10197D0C2901F08880597D7F
:10A780000C2901F0F282997D0C2901F05583D97DC5
:10A790000C2901F04E87197E0C2901F07B87597E28
:10A7A0000C2901F0E987997E0C2902F02D80D97ED1
:10A7B0000C2902F08080197F0C2902F0EF80597F6C
:10A7C0000C2902F01581997F0C2902F06C81D97F48
:10A7D0000C2902F06E8193F820100C2901F05880AA
:10A7E00093F821100C2902F08B82FF21A1EB0901C3
:10A7F00084F82B10197D0B2901F03B80597D0B2922
:10A8000001F0AB82997D0B2901F01483D97D0B29CE
:10A8100001F04183197E0B2901F02287597E0B2913
:10A8200001F08087997E0B2901F0BB87D97E0B2927
:10A8300002F01A80197F0B2902F08280597F0B29C0
:10A8400002F00D81997F0B2902F07B81D97F0B29C2
:10A8500001F0108093F820100B2902F0E68193F8A4
:10A8600021100B2902F06A82FF21A1EB090184F873
:10A870002C10197D0D2900F0EE87597D0D2901F06E
:10A880006E82997D0D2901F0D382D97D0D2901F0C9
:10A890000683197E0D2901F0E086597E0D2901F00D
:10A8A0004487997E0D2901F08B87D97E0D2902F00E
:10A8B0001780197F0D2902F03780597F0D2902F08A
:10A8C000E680997F0D2902F00C81D97F0D2902F0D5
:10A8D000118193F820100D2902F0B28193F8211014
:10A8E0000D2900F0B987FF21A1EB090184F82D1093
:10A8F000197D062900F0A187597D062901F02982DA
:10A90000997D062901F09282D97D062901F0C9823C
:10A91000197E062901F09B86597E062901F0FF86E3
:10A92000997E062900F08A87D97E062901F0CC8716
:10A93000197F062902F01380597F062902F0AA80A8
:10A94000997F062902F0A980D97F062902F0A88004
:10A9500093F82010062902F0948193F8211006291B
:10A9600002F0D181FF21A1EB090185F83C10197D8E
:10A97000092901F0E081597D092901F0F481997DCF
:10A98000092901F05182D97D092901F08682197EB9
:10A99000092901F05F86597E092901F0BD86997E5B
:10A9A000092901F00A87D97E092901F06087197FFA
:10A9B000092902F00580597F092902F03180997F29
:10A9C000092902F0B280D97F092902F0CC8093F8DE
:10A9D0002010092902F0268193F82110092902F09C
:10A9E0007A81FF21A1EB090185F83D10197D0A2923
:10A9F00000F01587597D0A2901F0B381997D0A2954
:10AA000001F01082D97D0A2901F05982197E0A29A4
:10AA100001F01486597E0A2901F07B86997E0A2965
:10AA200001F0D486D97E0A2901F01287197F0A29FC
:10AA300001F08F87597F0A2902F02080997F0A2927
:10AA400000F0EE86D97F0A2902F0488093F82010A2
:10AA50000A2902F0078193F821100A2902F05C818B
:10AA6000FF21A1EB090185F83E10197D0C2900F0AA
:10AA7000C886597D0C2901F06E81997D0C2901F061
:10AA8000CF81D97D0C2901F01882197E0C2901F0A3
:10AA9000EC85597E0C2901F03986997E0C2901F04C
:10AAA0009886D97E0C2901F0D986197F0C2901F0EE
:10AAB0004487597F0C2901F0DE87997F0C2902F029
:10AAC0003D80D97F0C2902F0368093F820100C29A4
:10AAD00000F0988693F821100C2902F02C81FF21B8
:10AAE000A1EB090185F83F10197D0B2900F07D8647
:10AAF000597D0B2901F05281997D0B2901F08E813E
:10AB0000D97D0B2901F0D581197E0B2901F0B6857D
:10AB1000597E0B2901F0F185997E0B2901F0688699
:10AB2000D97E0B2901F0A686197F0B2901F03C87FD
:10AB3000597F0B2901F05687997F0B2902F022805B
:10AB4000D97F0B2900F0528693F820100B2902F0D0
:10AB5000A78093F821100B2902F0C680FF21A2EBF9
:10AB60000903A1EB09024FEA0929DB491B0485F817
:10AB7000402009F4F859D94A03F4F8134FEA0A2A95
:10AB800049EA02024FF0010943F480730AF4F85ACB
:10AB90004FF4826CCBF800314AEA0101CBF88020F7
:10ABA0004FF0020ACE4ACBF80431CBF88420CBF820
:10ABB0000831CBF88820CBF80C31CBF88C20CBF8BF
:10ABC0001031C84BCBF89020CBF8803440F60C7392
:10ABD000CBF80014CBF80035DBF8303043F0080335
:10ABE000CBF83030C04BB3F88821236322F4806265
:10ABF0001204120CA3F88821BC4AC2F82490C2F8AF
:10AC00002890326822FA09F207EE102A32689FED86
:10AC1000AE5BB8EEC77B22FA09F29FEDAD4B27EE93
:10AC2000057BBCEEC76B07EE102A3268B8EEC77B17
:10AC300022FA09F227EE057BFCEEC76B07EE102A1D
:10AC4000B3F88821B8EEC77B92B227EE047B42F0BE
:10AC50004002A3F8882116EE102AA3F8C6C090B2CD
:10AC600016EE902ABCEEC77B91B2A3F8CE00A3F8F3
:10AC7000D61017EE102A9E4892B2A3F8DE20B3F841
:10AC8000802184F834A092B242F48062A3F880213B
:10AC9000B3F8802192B242F04002A3F88021B3F8C9
:10ACA000882192B242F00402A3F88821B3F8E82088
:10ACB00092B242F40072A3F8E8204FF48873A4F82B
:10ACC000BE31FAF795FD1438FAF792FD0838FAF715
:10ACD0008FFD95F8AC00AB6B95F898E0854903F5CE
:10ACE0008A7295F890C0D5F8A830887681F81AE075
:10ACF000DFF820E281F81AC001F580411A6002B243
:10AD0000C3F810E04FF48A7EA3F804A04FF0040AC1
:10AD1000A3F81E900CF01F0CA3F8169083F8079070
:10AD200083F806907448C3E902AE4FF6F87EA3F8A4
:10AD300014E04FF0100EC3F818E0002341F8223061
:10AD40006E4B41F8223020F01F0384F8C0C100EBA5
:10AD50000901BFF34F8F4FF0E022C2F8683F203364
:10AD60009942FAD8BFF34F8FBFF36F8F0022D5F807
:10AD70009430B0F1804F18609A80DA71C0F0668329
:10AD80009968002900F06283DA609A829A715C4ABD
:10AD90001A6100229A61DA8B120400F13F860C22BC
:10ADA000DA83DA82D5F8A8106FF00F0995F8983099
:10ADB0008A8B1B02DFF860B192B203F4F85322F4DD
:10ADC000FC5213436A6C43F0200302F5007EAA6B29
:10ADD0008B834849B4F8BE31086840F080000860B1
:10ADE000D5F88C00D8F804C04FF0000802601A09AA
:10ADF000C3F58C73C0F810E0C283C360C282838B3A
:10AE0000C0F818909BB243F0080383830423838027
:10AE10008382022395F89020C37183710FFA82FE1A
:10AE2000384B02F1100A83609CF81330DFF8ECC055
:10AE300003F07F034CF82E804FF0010843F00043ED
:10AE40004CF82E30B0F81CC02F4B1FFA8CFCDFF8EA
:10AE5000D0E04CF0020CA0F81CC003EB521002F042
:10AE60001F0C2A4B800008FA0CFC4BF82A30264BAA
:10AE7000C0F800C0602002F80E0095F8AC2002F87F
:10AE80000E9095F8AC00DFF89CE003EB501300F057
:10AE90001F0200F1100C08FA02F29B004BF82CE0A4
:10AEA0001A6095F89830CB76C876D5F8A000F8F7F8
:10AEB00097FF94F83430D4F830C008FA03F31449FB
:10AEC000BCF888011B022FE0F9978B952411E23E14
:10AED00048AFBC9AF2D77A3E0100C30D020083004E
:10AEE000020080000022000100803E4000801F40E0
:10AEF0006833002000800E40784500206E000080FE
:10AF00001B800E4010C0FF7F40380038CD1D000070
:10AF100001800080D6803E400030002000C00E40FE
:10AF200000E400E0AD150000BB4A80B203F470639A
:10AF30000343ACF88831336823FA08F3A1FB030319
:10AF4000DB0BDB01A2FB0303DB094344EF2B40F2E5
:10AF50001784306820FA08F0A1FB0010C00BC00174
:10AF6000A2FB0020C009404401233082B374F9F7EA
:10AF70002BFA94F87630002BFBD1012384F876303D
:10AF800094F87630002BFBD194F87430B4F842205A
:10AF9000002B00F0D983B4F8443003FB02F2D4E96B
:10AFA000161002EB420207F0EDFAD5F8D40600289D
:10AFB00000F0D98303461A465B68002BFBD1974B00
:10AFC00053604FF000084FF0010ADFF878920368F1
:10AFD0001B68BB4240F0328280F83C80C0F8309061
:10AFE00080F83DA080F83E80D0E908238261C361EB
:10AFF00040680028EBD18A4B00270120C5F8883033
:10B0000094F8C131C5E92077EB67FBF73BFFD5F832
:10B01000C42294F8BC30117D994200F03C82517DED
:10B02000994200F03782917D994200F0F486D17DFB
:10B03000994200F02D87117E994201F01C83517EC8
:10B04000994201F06083917E994201F0C883D17EDC
:10B05000994201F0FA83117F994201F0FC83517FFC
:10B06000994201F07984917F994201F0FB84D17F6C
:10B07000994201F0248592F82010994201F0DB8575
:10B0800092F82110994201F0D385FF2284F8E42040
:10B09000D5F8E422117D994200F08286517D9942D3
:10B0A00000F0B786917D994200F00587D17D9942E5
:10B0B00001F0DE82117E994201F02283517E994295
:10B0C00001F09083917E994201F00D84D17E9942E6
:10B0D00001F05E84117F994201F05784517F9942BB
:10B0E00001F0A484917F994201F01085D17F9942AB
:10B0F00001F0B58592F82010994201F0AD8592F8E3
:10B100002110994201F0E485FF2284F8E420D5F86B
:10B110000423117D994200F06B86517D994200F025
:10B12000D086917D994201F08C82D17D994201F0C7
:10B13000E182117E994201F05883517E994201F0DB
:10B140009083917E994201F0FE83D17E994201F075
:10B15000FD83117F994201F07384517F994201F080
:10B160001D85917F994201F04585D17F994201F07B
:10B17000448592F82010994201F0DA8592F8211066
:10B18000994201F0E885FF2384F8E4300023254943
:10B190002548C4F8E030FEF77BF9D4F8E070384673
:10B1A000FDF79AF8214BD4F8D0209A4203D194F8B5
:10B1B000D530002B55D01D4BC4F8D030002384F877
:10B1C000D53039681A4B994200F02C85194B186A12
:10B1D0009A6A9B6AC0F3C140C2F34222C3F342633E
:10B1E0000133DFF864C002FB0333134A012818BFA0
:10B1F0006246B2FBF3F2114B5208A3FB0203104864
:10B2000082424FEA535321D90130B2FBF3F282421A
:10B2100098BF03F1FF3319E0098000083044002093
:10B22000A5470000E0260020E8290020404B4C0004
:10B2300000C01A4000C00F4080204B1E6BCA5F6BDD
:10B240003F4B4C00081D002000389C1C012B94F83B
:10B25000E82038BF012302F5A07243F4706341F87F
:10B26000223094F8D430012B11D0012384F8D4304B
:10B2700094F8E9303A68E03302EB8303C4F8DC3039
:10B2800094F8EB30A03302EB8302C4F8D820EFF33C
:10B29000108172B696F83030012B00F0CD83032B6D
:10B2A00000F0D0846E4B4FF0E0226E48F361032330
:10B2B00086F83030D2F8203D43F47F03C2F8203DB9
:10B2C000CBF83C0001B962B6E020F26D86F8600070
:10B2D000002A00F0C984644996F868401144634B21
:10B2E000B3FBF4F306EB211403EB430384F864008F
:10B2F000081196F86540DB0096F86410013BA14206
:10B3000028BF214696F86640A14228BF214696F8FC
:10B310006740A14228BF2146554C84F87A1000218D
:10B3200091600121D1601360331896F8601005EB2D
:10B33000800583F8641096F8643096F865108B42A7
:10B3400028BF0B4696F866108B4228BF0B4649492A
:10B3500029620321916096F86710474A8B42CBF827
:10B36000282228BF0B4642484FF0E0224FF0806170
:10B3700080F87A30C2F80C11336840485B084049C5
:10B38000F26DA0FB0303DB0BDB01A1FB0313DB0965
:10B390000133EF2B40F22582336838485B08384987
:10B3A000A0FB0303DB0BDB01A1FB03132F49DB092C
:10B3B0000133DBB2012B184638BF0120B1FBF0F19D
:10B3C00001EB4101C9000139F373012386F86800DC
:10B3D000B37302B1116007B0BDE8F08F2046984703
:10B3E0006468002C7EF480ACFEF792BC42461A449E
:10B3F000D3E900100B6803430B6092F822A0BAF166
:10B40000FF0F3EF43AADDFF88480FEF7D3BD002293
:10B410001A44D3E900100B6803430B6092F822A092
:10B42000BAF1FF0F3EF465ADDFF86480FEF7C2BDF0
:10B43000144B1C46C5F8083BFEF750BC00909847DB
:10B440000098406800287FF4C2ADD4E50022DA609D
:10B450009A829A7101229A600B4A1A6199E400BF9C
:10B46000A11D0000AD20000000BFF7BF40420F004B
:10B4700000E400E0615C00004515000001800080F0
:10B4800009800008F04300201B800E40803500201A
:10B49000A035002001271744D2E900100A680243B2
:10B4A0000A6097F82220FF2A84F8E4203FF4F0ADE8
:10B4B000AF4F7A6894F8C030C4F8E070117D9942BB
:10B4C00000F01485517D994201F0B680917D99423A
:10B4D00001F08281D17D994201F0B481117E9942BF
:10B4E00001F01F82517E994201F01882917E9942AB
:10B4F00001F0AF82D17E994201F00583117F99421C
:10B5000001F0A783517F994201F00384917F994212
:10B5100001F0D283D17F994201F0238492F8201068
:10B52000994201F0248492F82110994201F01C8480
:10B53000FF2194F8C43084F8E510107D984201F0A2
:10B540009B87507D984201F08E80907D984201F05B
:10B550003A81D07D984201F09381107E984201F0AB
:10B56000DA81507E984201F0D381907E984201F0BA
:10B570003C82D07E984201F00883107F984201F00F
:10B580003383507F984201F0E083907F984201F02E
:10B59000A583D07F984201F0E18392F82000984281
:10B5A00001F0EB8392F82100984201F0E383FF233E
:10B5B000994284F8E63040F07782D5F8C4321A7D9B
:10B5C000FF2A01F075855A7DFF2A01F061859A7D79
:10B5D000FF2A01F0C485DA7DFF2A01F0BE851A7EBC
:10B5E000FF2A01F0BE855A7EFF2A01F00D869A7E61
:10B5F000FF2A01F00D86DA7EFF2A01F007861A7F06
:10B60000FF2A01F007865A7FFF2A01F07A869A7F87
:10B61000FF2A01F07A86DA7FFF2A01F0748693F818
:10B620002020FF2A01F07F8693F82120FF2A01F0D5
:10B630007886FF2384F8E530D5F8E4321A7DFF2AB6
:10B6400001F0E7845A7DFF2A01F04F859A7DFF2A99
:10B6500001F05D85DA7DFF2A01F057851A7EFF2A09
:10B6600001F0F7855A7EFF2A01F0F1859A7EFF2AC4
:10B6700001F0EB85DA7EFF2A01F0E5851A7FFF2ACB
:10B6800001F0F7855A7FFF2A01F0F1859A7FFF2AA2
:10B6900001F04186DA7FFF2A01F03B8693F82020F3
:10B6A000FF2A01F0348693F82120FF2A01F06986F1
:10B6B000FF2384F8E530D5F804331A7DFF2A01F022
:10B6C00039855A7DFF2A01F033859A7DFF2A01F0E2
:10B6D0002085DA7DFF2A01F0BE851A7EFF2A01F05F
:10B6E0007D855A7EFF2A01F077859A7EFF2A01F038
:10B6F0007185DA7EFF2A01F012861A7FFF2A01F097
:10B700001A865A7FFF2A01F014869A7FFF2A01F0D9
:10B710000E86DA7FFF2A01F0088693F82020FF2AA0
:10B7200001F0358693F82120FF2A01F02E86FF23B1
:10B7300084F8E5300023C4F8E0300E490E48FDF7E8
:10B74000A7FED4F8E0702AE5B4F8443003FB02F217
:10B75000D4E9160102EB420206F014FFD5F8D40634
:10B7600000287FF427AC0548C5F8D40629E400BFBB
:10B770008035002018270020E829002030440020D0
:10B78000336832685B08520807EE102AC24A9FED00
:10B79000C06BB8EEC77B27EE067BBCEEC77B17EE0F
:10B7A000101AB3FBF1F3A2FB0313DB09013BF02BEF
:10B7B00000F245823068336840085B0807EE103AB3
:10B7C000B8EEC77B27EE067BBCEEC77B17EE103AC0
:10B7D000B0FBF3F0A2FB0020C009013880B2FFF7F4
:10B7E000C3BBF020AD490346EEE500211944D3E97F
:10B7F000000C036843EA0C03036091F82210FFF782
:10B80000AEB900211944D3E9000C036843EA0C03E4
:10B81000036091F82210D8F80430FFF761B90021D5
:10B820001944D3E9000C036843EA0C03036091F860
:10B830002210D8F80430FFF714B900211944D3E9D5
:10B84000000C036843EA0C03036091F82210D8F857
:10B850000430FFF788B800211944D3E9000C0368CD
:10B8600043EA0C03036091F82210D8F80430FFF784
:10B870003BB800211944D3E9000C036843EA0C03E8
:10B88000036091F82210D8F80430FEF7EEBF0021D3
:10B890001944D3E9000C036843EA0C03036091F8F0
:10B8A0002210D8F80430FEF7A1BF00211944D3E9D3
:10B8B000000C036843EA0C03036091F82210D8F8E7
:10B8C0000430FEF754BF00211944D3E9000C03688B
:10B8D00043EA0C03036091F82210D8F80430FEF715
:10B8E000C8BE00221A44D3E9000C036843EA0C03E3
:10B8F000036092F82220914528BF91468A4238BFC2
:10B900000A46FEF763BE00211944D3E9000C036820
:10B9100043EA0C03036091F82210D8F804308945FB
:10B9200028BF8946914238BF1146FEF714BE002158
:10B930001944D3E9002C136843EA0C03136091F80F
:10B940002220D8F80430914528BF9146824238BF62
:10B950000246FEF78ABD00221A44514B92F830206D
:10B96000C3F86421D8F80430FEF7DBBB00221A4488
:10B970004B4B92F83020C3F83C21D8F80430FEF746
:10B9800096BB0022134493F83020454BC3F8802126
:10B99000D8F80430FEF751BB00221A44D3E9001056
:10B9A0000B6803430B6092F82220D8F804304A4514
:10B9B000104638BF4846914528BF9146FEF71ABD4C
:10B9C00000221A44D3E900100B6803430B6092F87D
:10B9D0002290D8F80430FEF7D2BC00221A44304B33
:10B9E00092F83020C3F84821D8F80430FEF781BC23
:10B9F00000221A442A4B92F83020C3F84421D8F888
:10BA00000430FEF73CBC00221A44254B92F830204B
:10BA1000C3F84021D8F80430FEF7BDBBDA8B02F43E
:10BA20007E4242F00C02DA83DA8A02F47E4242F06D
:10BA30000C02DA82FFF7B6B996F83130002B3FF4EA
:10BA400031ACD6E90A23002B00F0C5815A61002AE7
:10BA500000F0C481936125E495F8F0302BB12A21E0
:10BA600010480092FEF726F8009A40F60D23ADF834
:10BA7000143095F8F0302BB1022105A80092FEF7A2
:10BA800019F8009AD5F844B0FEF7B6BDAFF30080C0
:10BA9000F9978B952411E23EABAAAAAA8F860100E2
:10BAA00000801F40B4260020D5F8C4321A7DFF2A3A
:10BAB00001F06A815A7DFF2A01F089829A7DFF2A6E
:10BAC00001F0E482DA7DFF2A01F0DE821A7EFF2A8D
:10BAD00001F041835A7EFF2A01F03B839A7EFF2AC0
:10BAE00001F03383DA7EFF2A01F0A3831A7FFF2A55
:10BAF00001F0A3835A7FFF2A01F09D839A7FFF2ADA
:10BB000001F07A83DA7FFF2A01F0F98393F820208D
:10BB1000FF2A01F0188493F82120FF2A01F01184F4
:10BB2000FF2384F8E630D5F8E4321A7DFF2A01F0CD
:10BB3000A9825A7DFF2A01F0A3829A7DFF2A01F093
:10BB40008A82DA7DFF2A01F0D2821A7EFF2A01F072
:10BB5000DA825A7EFF2A01F0D4829A7EFF2A01F00F
:10BB60004583DA7EFF2A01F03F831A7FFF2A01F026
:10BB700041835A7FFF2A01F03B839A7FFF2A01F01D
:10BB8000DE83DA7FFF2A01F0D88393F82020FF2A92
:10BB900001F0A98393F82120FF2A01F0A283FF235B
:10BBA00084F8E630D5F804331A7DFF2A01F051827B
:10BBB0005A7DFF2A01F03D829A7DFF2A01F09F8283
:10BBC000DA7DFF2A01F099821A7EFF2A01F0938222
:10BBD0005A7EFF2A01F006839A7EFF2A01F04383F2
:10BBE000DA7EFF2A01F03D831A7FFF2A01F03783B6
:10BBF0005A7FFF2A01F039839A7FFF2A01F0678379
:10BC0000DA7FFF2A01F0618393F82020FF2A01F0F8
:10BC10005A8393F82120FF2A01F0CE83FF2384F872
:10BC2000E63087E5A3F53023186B1A6B1B6BC0F366
:10BC3000C110C2F30232C3F34223FFF7D1BAF0209E
:10BC4000FFF792B996F83130002B3FF42BABD6E9D1
:10BC50000A23002B00F0ED865A61002A7FF4FAAE29
:10BC6000C5F8C430FFF71EBB96F868109648974B8E
:10BC7000974CB3FBF1F3C16E03EB4303F46541F45E
:10BC80004051DB00C16601209249013B0860A16878
:10BC9000002901F08583A169002901F07A83A16A56
:10BCA000002901F0D283A16B002901F0CC83336815
:10BCB00089495B08F265A1FB03138849DB0BDB01B3
:10BCC000A1FB0313DB090133EF2B3FF665ABF02338
:10BCD000B073F37386F86830FFF77DBB0021194419
:10BCE000D3E9000C036843EA0C03036091F82230A7
:10BCF0009A4238BF1A46994528BF9946D8F8043069
:10BD0000FEF7EEBB0022134493F83020744BC3F8C7
:10BD10006821D8F80430FEF778BA00211944D3E935
:10BD2000000C036843EA0C03036091F82210D8F872
:10BD30000430FEF7DDBC00211944D3E9000C036890
:10BD400043EA0C03036091F82210D8F80430FEF7A0
:10BD500049BE012172E5012154E501218AE5012155
:10BD60007AE501215CE50121E6E7012190E5012169
:10BD7000AAE5012248E60122C5E7012196E5012155
:10BD8000CCE70122AEE50122FFF731BB012225E617
:10BD9000012216E60122EAE50122FEE5012125E560
:10BDA00000211144D2E9000702683A43026091F889
:10BDB0002220FF2A84F8E4203FF4A9A9494FFFF785
:10BDC00078BB01218BE70122C6E501219CE5012119
:10BDD000AEE501220DE6C5F8B82038E6C5F8BC305E
:10BDE000FFF760BA0C22FFF713BB0D22FFF7FFBA73
:10BDF00000211144D2E9000203681343036091F863
:10BE00002230FF2B84F8E4303FF4C0A9364FFFF70F
:10BE100050BB0121C5E70227FFF73DBB0221E5E446
:10BE20000221EFE40221FBE4022185E7022105E57E
:10BE3000022111E502211DE5022129E5022135E556
:10BE400002216BE702213FE502224BE502215BE57F
:10BE5000022144E702216BE502229EE50222B0E5C1
:10BE60000222BBE50222C4E502224CE70222CBE516
:10BE7000022271E502227AE50022FEF776B801225D
:10BE8000FFF7C6BA0222FFF7B2BA0322FFF7AFBA32
:10BE90000327FFF700BB0321ECE403214CE7032158
:10BEA000DAE40321CAE40222FFF7B2BA0122FEF764
:10BEB0005CB803219AE4022173E70321A2E4032181
:10BEC000AEE4012195E700BF00C00F4040420F00E3
:10BED00000410840004008400180008009800008BF
:10BEE00000801F40A0350020C035002000211144F3
:10BEF000D2E900020368134303607A6891F82210C4
:10BF000094F8C43084F8E510107D98427FF419ABA2
:10BF100000231344FF29D2E9000C026842EA0C0214
:10BF2000026093F8223084F8E6303FF446ABFF2BF2
:10BF30003FF4BAADD4F8C830581C009340F0A88044
:10BF40003A680123FE2101929E4602220291012BB2
:10BF5000387B0CBF4FF0040C4FF0030C10EA0E03BB
:10BF600000F06C8601230099104200F0F482013346
:10BF70005200DBB2D2B29C45F6DCFF23009184F87C
:10BF8000E8307A7B12F0010000F0C98012F0020E56
:10BF900000F0F88212F0040900F01483110702F097
:10BFA000080C00F1B3824FF0080C032042EA0C02A7
:10BFB0007A7384F8E900D7F8048008EB000C9CF849
:10BFC000109012F0010C00F0CA82CE4612F002016D
:10BFD000039140F0AD80BEF1FF0F01F0F58098F8BD
:10BFE0001190F14541F0F08012F0040A00F0A980B0
:10BFF00012F0080100F0A682D1468046DDF80CA0C0
:10C00000604684464046BCF1000F00F0AA80BAF1B9
:10C01000000F00F09686B9F1000F01F0A28100290F
:10C0200001F01D824FF0FF0C634584F8EBC001F076
:10C030001C823B7BFF28029A02EA03023A7384F8CF
:10C04000E8C00AD07B7BBCF1FF0F23F001037B73B8
:10C0500003D07B7B23F001037B73FF2384F8E9305B
:10C0600084F8EB3095F8F0301BB131212D48FDF705
:10C0700021FD40F60D23ADF8143095F8F0301BB1DA
:10C08000022105A8FDF716FDD4F8E070FFF787B888
:10C09000D9B27B681A7D8A4200F0B9875A7D8A42FC
:10C0A00000F097879A7D8A4201F07480DA7D8A4297
:10C0B00001F06E801A7E8A4201F068805A7E8A42C0
:10C0C00001F07C809A7E8A4201F07C80DA7E8A428E
:10C0D00001F076801A7F8A4201F0DE805A7F8A4220
:10C0E00001F0D8809A7F8A4201F0D280DA7F8A42BA
:10C0F00001F0CC8093F820208A4201F00E8193F861
:10C1000021208A4201F03F81FF2384F8E73006496D
:10C110000648FDF7BDF9D4F8E070FFF740B84FF0DE
:10C12000010C43E79427002054270020E829002031
:10C1300012F0040940F04A82BEF1FF0F01F0AE8018
:10C140008A4698F81290F14541F0A88012F008094B
:10C1500000F0FA8149464FF00009BCF1000F7FF46E
:10C1600056AF4FF0010E4EEA020E87F80DE0FF2B9E
:10C1700084F8EBC000F01582FF2800F01C824FF01D
:10C18000010E84F8EAE060B102460099013A4FEAF4
:10C190004E0E12F0FF025FFA8EFEF7D1009184F886
:10C1A000EAE04FF0010E84F8ECE0BCF1000F0CD097
:10C1B00062460099013A4FEA4E0E12F0FF025FFA12
:10C1C0008EFEF7D1009184F8ECE0019900B294F86A
:10C1D000E4204FEA036801EB800E94F8E6001202B7
:10C1E00008F0E068000202F4F8590FFA8CFC00F441
:10C1F000F85001EB830349EA0802DFF8E89240EACD
:10C20000080094F8E58042EA0909B14A4FEA082893
:10C2100040F0010001EB8C0C08F4F85848EA0202E7
:10C220004FF00008CEF80081CEF88090CCF8008165
:10C23000CCF8800040F60170C3F80005C3F8002474
:10C24000009A013200F0B38194F8E720A14912026C
:10C2500002F4F8521143A04AC3F880244FF6FF724B
:10C26000C3F804254FF48852C3F88424C3F8041497
:10C27000019B012194F8BC2099607B68187D904255
:10C2800000F08381587D904200F08081997D914239
:10C2900000F07987D97D914200F05487197E914250
:10C2A00000F0C487597E914200F0B987997E91428F
:10C2B00000F0B287D97E914201F05080197F9142FF
:10C2C00001F04980597F914201F04280997F91426B
:10C2D00001F03B80D97F914200F0F28793F8201063
:10C2E000914201F0618093F82110914201F0618048
:10C2F0007A4994F8C020187D904200F0E686587D77
:10C30000904200F01D87987D904200F01787D87DFD
:10C31000904200F01187187E904200F09E87587E70
:10C32000904200F08E87987E904200F08887D87EF9
:10C33000904200F0DC87187F904200F0D687587F4B
:10C34000904200F0DA87987F904200F0D487D87F3F
:10C35000904200F0CE8793F82000904201F02E80AA
:10C3600093F82100904201F0228094F8C420187DB7
:10C37000904200F09F86587D904200F0B486987DF0
:10C38000904200F0AE86D87D904200F0E086187EA4
:10C39000904200F03787587E904200F04587987EA3
:10C3A000904200F03F87D87E904200F09887187F37
:10C3B000904200F09287587F904200F08C87987FDF
:10C3C000904200F08687D87F904200F0D68793F89D
:10C3D0002000904200F0D38793F82100904200F0B3
:10C3E000EF87D4F8BC30B82201EB0313D3F8A830A0
:10C3F0001A60D4F8C03001EB0313D3F8A8301A60E8
:10C400004EF2B802D4F8C43001EB0313D3F8A830CD
:10C410001A60D4F8C8305A1C3BD07A68DBB2107D61
:10C42000984200F0E087507D984200F0DA87907DD6
:10C43000984200F0D487D07D984200F0CE87107EDD
:10C44000984200F0BF87507E984200F0E687907EC9
:10C45000984200F0E687D07E984200F0E087107F97
:10C46000984200F0FA87507F984200F0F487907F5E
:10C47000984200F0EE87D07F984200F0E88792F86B
:10C480002000984200F0D18792F82100984200F0F5
:10C49000CA87BB681968002900F08983104A914255
:10C4A00022D05868191D002800F0838390421BD0C9
:10C4B000986803F10801002800F07B83904213D0B4
:10C4C000D86803F10C01002800F073830CE000BF72
:10C4D0000100C3018300030022220001081D002087
:10C4E0007044002002008300012394F8EB1084F8CC
:10C4F000D430A03194F8E9303A68E03302EB83039A
:10C5000002EB8102C4E93623FEF749BEF2464FF042
:10C51000FF0E84F8E9E0B9F1000F00F0CA864FF091
:10C52000FF08C6460CF0FF01BCF1000F7FF469ADB7
:10C53000BEF1FF0F00F0B886844651464046CA4619
:10C54000D7F80480D1468A4698F81380F04540F029
:10C550000E87002157E5009102433A730FE5B9F1C8
:10C56000FF0F04D098F810E0F1453FF42FAD80465E
:10C5700060464FF0010C4CEA020C87F80DC084466F
:10C580004046F4E54FF0020C10E50021194491F803
:10C590003000F44901EB0212D2F8A43018607B6835
:10C5A000A7E6FF2884F8E8307FF44CAD51E5EE4A69
:10C5B000C3F880245CE63B7B029A1A403A7384F805
:10C5C000E80046E54FF0040C0220EFE480468A467E
:10C5D000604602F0080CA5E70321FFF767B90322C4
:10C5E000FFF7C5B90322FFF7B7B90322FFF70CBA6B
:10C5F0000322FFF7D2B90322FFF7F0B90322FFF7B6
:10C60000F8B90322FFF77FBB0322FFF7DAB9032152
:10C61000FFF78EB90321FFF762BB0322FFF762B970
:10C620000321FFF771B90321FFF778BB0321FFF75F
:10C630004BB90321FFF72CB9012158E40421FFF77E
:10C64000EFB80221FFF7D5BB0322FEF7E1BE0421BC
:10C65000FFF7F4B80421FFF76FBB0421FFF7FCB824
:10C660000421FFF707B9012353E40421FFF7CAB8F7
:10C670000321FFF796BB0427FEF70DBF0421FFF748
:10C68000B5B80422FEF7B3BE0222FDF76EBC04214A
:10C69000FFF71AB90421FFF7FBB80421FFF71FBB0E
:10C6A0000421FFF731B90422FFF71CB90422FFF778
:10C6B00088B90421FFF73CB90421FFF72FBB0422FE
:10C6C000FFF78CB90422FFF794B90422FFF71BBBD4
:10C6D0000422FFF762B90421FFF7E8B80422FFF74C
:10C6E0003BB90422FFF790B90422FFF740B90522B5
:10C6F000FFF73DB90321FFF77CBB0521FFF776B8B3
:10C700000421FFF74EBB0527FEF7C5BE0521FFF745
:10C7100079B80521FFF784B80521FFF70DBB052186
:10C72000FFF78CB80521FFF7A5B80521FFF794B8EE
:10C730000522FEF75CBE0422FEF76ABE0322FDF767
:10C7400014BC0522FFF760B90522FFF705B90521E2
:10C75000FFF7ACB80522FFF7D6BA0522FFF71DB9DF
:10C760000522FFF746B90521FFF7AEB80521FFF70F
:10C77000D5BA0522FFF732B90521FFF789B805219F
:10C78000FFF7D6B80522FFF7ADB80521FFF7A7BA26
:10C790000521FFF7B9B80621FFF7B6B80621FFF764
:10C7A0009EBA0621FFF766B80622FEF720BE0522D4
:10C7B000FEF72EBE0422FDF7D8BB0621FFF7BCBA58
:10C7C0000621FFF749B80223FFF7A3BB0621FFF7B5
:10C7D00027B80621FFF716B80221FFF788BB062706
:10C7E000FEF759BE0521FFF7DCBA0421FFF701BBB4
:10C7F0000621FEF7FBBF0622FFF774B80622FFF7FB
:10C80000F8B80622FFF7DDB80621FFF741B8062188
:10C81000FFF78EB80622FFF7E1B80621FFF77EBAD0
:10C820000622FFF770BA0621FFF740B80622FFF78D
:10C83000EBB80622FFF79BB80722FFF7CFB8072116
:10C84000FFF76CBA0321FFF752BB0727FEF723BEA1
:10C850000721FEF7E5BF0827FEF71DBE0721FEF7FB
:10C86000D1BF0521FFF7C5BA0721FFF703B807219C
:10C87000FFF762BA0721FEF7B9BF0622FEF7C8BD6F
:10C880000323FFF746BB0722FFF7BEB80722FFF7D7
:10C890006EB80822FEF7ABBD0522FDF766BB072286
:10C8A000FFF77BB80721FFF701B80722FFF754B85D
:10C8B0000722FFF728BA0721FEF7EABF0722FFF792
:10C8C00098B80721FFF70BBA0721FEF7B7BF07217A
:10C8D000FFF72EB80721FEF7F7BF0722FFF771B861
:10C8E0000721FEF7B9BF0621FFF75BBA0722FEF763
:10C8F000F9BF0721FFF708B80822FEF7F3BF0822A7
:10C90000FFF75FB80822FFF77FB80821FFF706BAE4
:10C910000523FFF7FEBA0423FFF7FBBA0521FFF753
:10C92000E6BA0421FFF7E3BA0821FEF795BF082114
:10C93000FEF7EABF0821FEF7B9BF0821FEF762BF84
:10C940000821FEF797BF0621FFF753BA0721FFF72B
:10C9500050BA0821FEF764BF0927FEF79CBD0821E5
:10C96000FEF76CBF081D0020002200010821FEF721
:10C97000DFBF0821FEF7A8BF0822FFF70EB8082284
:10C98000FFF737B80821FFF7AAB90821FFF709BA5E
:10C990000721FFF706BA0822FFF7B5B90821FEF70D
:10C9A00077BF0822FFF71AB80821FEF71FBF092238
:10C9B000FEF71DBD0822FEF72BBD0622FDF7D5BAF6
:10C9C0000821FFF7B9B90822FEF7D1BF0822FEF708
:10C9D000C3BF0922FEF7C0BF0922FFF715B809211E
:10C9E000FFF79CB90921FEF701BF0623FFF791BAB3
:10C9F0000921FEF74DBF0922FEF7B9BF0822FDF756
:10CA0000B4BA0A22FEF7F3BC0922FEF701BD0922DF
:10CA1000FEF7C3BF0922FEF7E1BF0922FFF773B992
:10CA20000921FFF789B90922FEF7E3BF0921FFF7C2
:10CA3000B8B9C5F8C020002A7FF40CA8FFF710B9D8
:10CA40000821FFF7D6B90921FEF772BF0921FEF7C9
:10CA50003BBF0621FFF74BBA0921FEF755BF09215D
:10CA6000FEF708BF0A27FEF716BD0921FFF737B901
:10CA70000921FEF71BBF0921FEF7C4BE0921FEF7FD
:10CA8000CFBE0922FEF72EBF0922FEF79ABF092169
:10CA9000FEF7E2BE0921FEF7D1BE0A21FEF7CEBEA7
:10CAA0000B21FEF7CBBE0A21FEF7F2BE0B22FEF7EA
:10CAB0005EBF0B21FEF7ECBE0B22FEF782BF0B27F9
:10CAC000FEF7E9BC0A21FFF70AB90B21FFF707B906
:10CAD0000A21FEF719BF0B21FEF7E8BE0B21FEF776
:10CAE0009FBE0A21FEF7B8BE0B22FEF7FBBE0A224C
:10CAF000FEF7F8BE0B21FEF7AFBE0B21FEF7E4BE3A
:10CB00000A21FEF7E1BE0721FFF7F1B90A21FFF77D
:10CB100048B90B21FEF70CBF0A21FEF709BF0B2213
:10CB2000FEF73BBF0A22FEF738BF0A21FFF704B920
:10CB30000A22FEF75EBF0B21FEF764BE0A21FEF754
:10CB400061BE0A21FEF796BE0922FDF70EBA0A223F
:10CB5000FEF75EBC0B22FEF74ABC0B22FEF73EBF7F
:10CB60000A22FEF73BBF0B21FFF7E6B80A22FFF7C8
:10CB7000CAB80B22FFF7C7B80B22FEF7EDBE0A2298
:10CB8000FEF7EABE0A21FEF731BE0723FFF7C1B95F
:10CB90000B22FEF739BF0A22FEF736BF0921FFF745
:10CBA00028B90B21FFF7BAB80A21FFF7B7B8194621
:10CBB000734ABB7B0A60002B7FF496AC7A68137AC9
:10CBC000D26810334BF823207B6801216D4A1B7A11
:10CBD00002EB531203F01F03920001FA03F31360F8
:10CBE000B973D4F8E0707FE40823FFF792B90C2101
:10CBF000FFF794B80A21FFF7FCB80B21FFF7F9B84B
:10CC00000C22FFF780B80C22FEF7A6BE0B22FDF720
:10CC1000ACB90C22FEF7EBBB0B22FEF7F9BB0A22E4
:10CC2000FDF7A3B90C21FFF787B80C21FEF722BE50
:10CC30000D27FEF730BC0C27FEF72DBC72468BE4A7
:10CC40000C21FEF709BE0C22FEF7C8BE0C21FEF730
:10CC50005BBE0821FFF74BB90C21FFF7A2B80B21EF
:10CC6000FFF79FB80C21FEF7DBBD0C21FEF72CBEB1
:10CC70000C21FEF71BBE0C22FEF7A3BE0C21FFF712
:10CC80002EB80C21FEF7DABD0C22FEF72BBE0C22CB
:10CC9000FEF7AFBE0C22FEF76ABE0C22FEF77DBE89
:10CCA0000C21FEF7A3BD0D22FEF78BBE0D21FEF772
:10CCB0002BBE0D21FEF73CBE0A21FFF718B90C224E
:10CCC000FDF753B90D22FFF71EB80D22FEF744BE43
:10CCD0000D21FFF766B80D21FFF72EB80A23FFF7E5
:10CCE00018B90D22FEF759BE0D21FEF77FBD0D22AA
:10CCF000FEF78ABE0D21FEF7E7BD0D22FEF779BED5
:10CD00000D21FEF7C5BD0D21FEF798BD0D21FEF7E3
:10CD1000E6BF0921FFF7EBB80D21FEF781BD0D211C
:10CD2000FEF7C4BD0D22FEF722BE0D22FEF770BB3A
:10CD30000C21FFF75EB80D21FEF764BD0D21FEF753
:10CD400099BD4FF0020EFFF70EBA0923FFF7E1B8C5
:10CD50000D21FEF7E3BF0D21FFF74BB80B23FFF7C3
:10CD6000D8B80B21FFF7C3B80D21FFF7C0B80C21CD
:10CD7000FFF7BDB80D23FFF7CCB80C23FFF7C9B8F8
:10CD8000704400204038003800221A44D3E90010D3
:10CD90000B6803430B6092F82230FF2B84F8E630D7
:10CDA0003EF4C1AEB34F7B6894F8BC20C4F8E07089
:10CDB000197D914200F0B380597D914200F0E980E5
:10CDC000997D914200F0E380D97D914200F0E980A5
:10CDD000197E914200F0E380597E914200F0F1808B
:10CDE000997E914200F0EB80D97E914200F0C381A0
:10CDF000197F914200F0BD81597F914200F0798105
:10CE0000997F914200F0EC81D97F914200F0F88146
:10CE100093F82010914200F0F18193F82110914293
:10CE200000F0CA81FF2194F8C02084F8E410187D36
:10CE300090427FD0587D904200F0A780987D90422C
:10CE400000F0A180D87D904200F0B380187E90421F
:10CE500000F0AD80587E904200F0AF80987E904206
:10CE600000F0A980D87E904200F08181187F904226
:10CE700000F07B81587F904200F07581987F90424E
:10CE800000F08A81D87F904200F0928193F82000D0
:10CE9000904200F08B8193F82100904200F0848151
:10CEA0004FF0FF0C94F8C42084F8E5C0187D904240
:10CEB00000F0E181587D90426FD0987D90426AD019
:10CEC000D87D904271D0187E90426CD0587E9042AE
:10CED0007BD0987E904276D0D87E904200F04F81F1
:10CEE000187F904200F04981587F904200F04981BC
:10CEF000987F904200F05281D87F904200F052819A
:10CF000093F82000904200F04B8193F8210090426A
:10CF100000F05081FF2384F8E630FEF70EBC0022BB
:10CF20001A44D3E900100B6803430B607B6892F846
:10CF3000221078E700221A44D3E9000C036843EA80
:10CF40000C0303607B6892F822C094F8C42084F834
:10CF5000E5C0187D9042ADD100221A44FF2918BFC8
:10CF6000BCF1FF0FD3E9000E036843EA0E03036030
:10CF700092F8223084F8E6303EF4DFABFF2B7EF4EB
:10CF8000D9AFFEF7DABB0222D5E70122D3E70222AE
:10CF9000C6E70122C4E70222DFE70122DDE704221F
:10CFA000BEE70322BCE70422D7E70322D5E7042229
:10CFB000C1E70322BFE70622BDE70522BBE7062241
:10CFC000AEE70522ACE70622C7E70522C5E7012246
:10CFD000DBE601221A44D3E900100B6803430B601F
:10CFE00092F82230FF2B84F8E7303FF490A8D4F871
:10CFF000C8203B6800920132019300F04882FC2374
:10D0000006224FF0030E02930223FEF7A0BF002278
:10D01000E0E700221A44D3E900100B6803430B60D9
:10D0200092F82230FF2B84F8E5303EF444AB124FE7
:10D03000B9E601221A44D3E900100B6803430B60E0
:10D0400092F82230FF2B84F8E6303EF473AB0B4F9E
:10D05000A9E60022EEE702221A44D3E900100B6889
:10D0600003430B6092F82230FF2B84F8E630DED1C8
:10D07000FEF798BD80350020A0350020C035002087
:10D080000122E9E70022E7E703227EE602227CE6AE
:10D0900001221A44D3E900100B6803430B6092F895
:10D0A0002230FF2B84F8E5307FF47CAEFEF7C4BA63
:10D0B0000022EEE70020034401EB021293F8300057
:10D0C000D2F8A4301860FFF78CB90020184401EBA7
:10D0D000021290F83000D2F8A43018607B68FFF795
:10D0E00044B90220E7E70120E5E7012292E70322A5
:10D0F000B2E7092214E704229CE703229AE70222FE
:10D1000098E70522A8E70422A6E7032282E7022285
:10D1100080E702221A44D3E900100B6803430B6036
:10D1200092F82230FF2B84F8E53090D1FEF702BB55
:10D130000122EFE70022EDE70320C7E70220C5E761
:10D140000120C3E70321FFF721BA06221DE60320D1
:10D15000B1E7052219E6042217E6032299E7022225
:10D1600097E7042295E70922E5E60822E3E607228D
:10D17000E1E60822D4E60722D2E60822EDE60722FD
:10D18000EBE60922E9E60221FFF700BA042221E7D3
:10D1900003221FE702221DE70A22CCE60A22DCE670
:10D1A0000C22DAE60B22D8E60D22C4E60C22C2E6F7
:10D1B0000B22C0E60D22D0E60D22B1E6052209E7DA
:10D1C000072207E7062205E780464FF0020C012000
:10D1D000FFF7D1B906229DE705229BE7042299E7D4
:10D1E0000A229DE6052225E7072235E7062233E7D6
:10D1F000092231E708222FE70A22C6E50C228FE632
:10D200000B228DE6042056E7052242E7072240E77D
:10D2100006223EE708223CE70621FFF7B7B90521C1
:10D22000FFF7B4B9062046E7052044E70421FFF7DD
:10D23000ADB90722A9E50922A7E50822A5E5062040
:10D2400044E7052042E70722E4E60622E2E605225B
:10D25000E0E60422DEE603225CE7042036E708224B
:10D26000E8E60722E6E60622E4E60922E2E60922EB
:10D27000D0E60822CEE6D3E900100A6802430A602D
:10D2800093F8223084F8E630FEF757BA0B22A1E675
:10D290000A229FE609229DE608229BE680464FF07F
:10D2A000040C0220FFF767B94FF0080C0320FFF7CA
:10D2B00062B94FF0FF084FF0040C0220FFF75BB992
:10D2C0000B21FFF763B90C22B4E60B22B2E60A2267
:10D2D000B0E60A20EFE60920EDE60820EBE607209D
:10D2E000E9E60D22B8E60C22B6E60820EEE60720B5
:10D2F000ECE60B20EAE60A20E8E60920E6E60B2247
:10D3000043E50922C5E60B22C3E60A22C1E60C2248
:10D3100080E60B227EE60A227CE60C225AE60722F1
:10D32000F8E60D22B5E60C22B3E60B22F2E60A225D
:10D33000F0E60922EEE60822ECE60B228CE60A2251
:10D340008AE60D2221E50C221FE50A21FFF71EB90E
:10D350000921FFF71BB90821FFF718B90721FFF7CB
:10D3600015B94FF0020C4FF0040EFEF7FCBE8046DC
:10D370004FF0080C0320FFF7FEB80B209BE60C20B3
:10D3800099E60D2246E60D2224E60D22C2E60C2285
:10D39000C0E6444A4448F26510440011FDF7C3BF9B
:10D3A00008462246FDF7BFBF0C21FFF7EFB80D205E
:10D3B0008CE60D21FFF7EAB80D223BE60C2085E64E
:10D3C0000D2078E6042001EB03111318D1F8A420F6
:10D3D00093F830301360FFF75CB80320F3E70220C6
:10D3E000F1E70120EFE70020EDE70222FEF7CABADD
:10D3F0000122FEF7C7BA0622FEF7C4BA0522FEF7DD
:10D40000C1BA0422FEF7BEBA0322FEF7BBBA0D2250
:10D41000FEF7B8BA0C22FEF7B5BA0520D3E707200D
:10D42000D1E70620CFE70D20CDE70C20CBE70B227C
:10D43000FEF7A8BA0A22FEF7A5BA0922FEF7A2BA99
:10D440000822FEF79FBA194AA4E7194AA2E70B205F
:10D45000B9E70A20B7E70920B5E70820B3E74FF09E
:10D46000030C4FF0080EFEF77EBEFF2884F8E8306C
:10D470007EF4EFADFEF7F1BDD2E900100B68034377
:10D480000B6092F8223084F8E630FEF796B801235C
:10D49000FE2102229E460291FEF759BD00231B6821
:10D4A000FFDE00BF1041084000BFF7BF3041084019
:10D4B00020410840034647F65C501844FCF7FEBB89
:10D4C0000A4B00B583B093F8F0308DF807103BB1EC
:10D4D00001210DF10700FCF7EDFA03B05DF804FB44
:10D4E00003F0FF0003B05DF804FB00BFC032002072
:10D4F000016831B3134B144A0B441B1130B402EBD7
:10D500008302002401251462104A8C60FF24134416
:10D51000CD600F4983F8644092F8643092F865401A
:10D52000A34228BF234692F8664092F86720A342A0
:10D5300028BF2346934228BF134681F87A3030BC77
:10D540007047704700BFF7BFC0320020A0290020FD
:10D5500000E400E01B4B10B40360EFF3108272B6DE
:10D56000037F012B13D0032B04D002B962B65DF800
:10D57000044B7047437F3BB1D0E90513DBB15961E0
:10D5800069B91149C1F8C43000230377EDE7437F3F
:10D59000002BF9D0D0E905132BB1596139B18B615A
:10D5A00000230377E1E7084CC4F8B810F6E7064912
:10D5B000C1F8BC30E8E7044CC4F8C0100029EED133
:10D5C000DFE700BF30200020C032002003790F2B9E
:10D5D0000FD8084A937672B60749012290F804C022
:10D5E000B1F8D03602FA0CF223EA0203A1F8D036E1
:10D5F00062B6704700800E40C0320020000000007C
:10D600000E4B4FF0010C10B453E8002F5868996886
:10D6100043E800C2002AF7D1094A52684FF47A7CE5
:10D62000DC68531A0CFB00F0A3FB0434644594BF80
:10D63000001960445DF8044B704700BFC032002001
:10D64000001000E091ED007AD0ED007AD1ED016A92
:10D65000F4EEC77A90ED016A90ED035AF1EE10FAFC
:10D66000B4EEE66AD0ED026A58BFF0EE477AF1EE0A
:10D6700010FA54BF0B1D031D93ED007AC0ED007A24
:10D6800091ED006A80ED017AF4EEC66AD1ED015A9F
:10D69000F1EE10FAB4EEE55A76FE866AB6EE006A4E
:10D6A000F1EE10FA76EEA77ACCBF00F10C0104314E
:10D6B00067EE867AD1ED005AC0ED026A35EE877AC0
:10D6C000C0ED035AC0ED047A27EE067A80ED057AA4
:10D6D000704700BFD1F804C08A68CB6800B5D1F8A4
:10D6E00000E0C0F804C0C0F800E08260C3605DF8EC
:10D6F00004FB00BFD0ED017A90ED006A67EEA77AD7
:10D70000D0ED026A90ED037AE6EE067AE6EEA67AAE
:10D71000E7EE077AF5EE407AF1EE10FA02D4B1EEB8
:10D72000E70A7047B0EE670A03F010B8CE4CCF4E50
:10D7300065682DE9804840F2EE278DB0F7F762FC6E
:10D7400094F8F030002B00F04F8296F88C31DB0714
:10D7500040F14A826368D6F888219B1A0E2B40F26A
:10D76000438294F8F0301BB10C21C148FCF7A2F9B8
:10D7700040F60D2294F8F030ADF80C20002B00F0AC
:10D78000518203AB022118460BEE103AFCF792F9D6
:10D79000B8480126B84F4FF47A799FEDB89AFCF754
:10D7A0008DFADFF8FCA26420F7F772FC9FEDAC8BDA
:10D7B000636841F28831B24A9FEDB27AA2FB03025C
:10D7C000120B01FB123307EE903AF8EEE77A87EE80
:10D7D000870A54E8003F6268A16844E80063002BB0
:10D7E000F7D1DAF80430E0685B1A09FB02F2A3FB18
:10D7F0000031A548B1F57A7F94BF521802F57A72CC
:10D80000C7F8F020F8F796F854E8003F6268A1687E
:10D8100044E80063002BF7D1DAF804305B1AE068C3
:10D8200009FB02F2D7F8F010A3FB0030521AB0F552
:10D830007A7F94BF121802F57A7207EE902AF8EEFA
:10D84000677A87EE897A87ED407A54E8003F63680B
:10D85000A26844E80065002DF7D1DAF80410E0680A
:10D860008A1A09FB03F3D7F804B0A2FB0020B0F535
:10D870007A7F94BF1B1803F57A73C7F8F4309BF8CE
:10D88000043073B1DBF8003053F8250001F08AFC56
:10D890003B7F002B40F04D8101359BF804309D42C9
:10D8A000F0DB54E8003F6268A16844E80063002BA5
:10D8B000F7D1DAF804305B1AE06809FB02F2D7F816
:10D8C000F410A3FB0030521AB0F57A7F94BF1218FF
:10D8D00002F57A7207EE902AF8EE677A87EE897A77
:10D8E00087ED417A54E8003F6268A16844E800632C
:10D8F000002BF7D1DAF80430E5685B1AB86809FB49
:10D9000002F2A3FB05350368B5F57A7F94BF52197F
:10D9100002F57A725B68C7F8F820984754E8003F30
:10D920006368A26844E80065002DF7D1DAF80410B6
:10D93000E0688A1A09FB03F3D7F8F810A2FB00206D
:10D9400094F8F0205B1AB0F57A7F94BF1B1803F5AA
:10D950007A7307EE903AF8EE677A87EE897A87ED68
:10D96000427A2AB105214948FCF7A4F897ED427A9A
:10D97000D7ED417AF7EE006A97ED406A97F8ECB080
:10D9800077EE867A97ED08AABBF1310F76EECAAA38
:10D9900077EE877AC6EEA79A00F2E3800BF10103D7
:10D9A00007EB8B0BDBB2CBED099A9B4687F8EC308B
:10D9B000374BDFED387A0135B3EC017AEAB277EE16
:10D9C000877A5A45F7D307EE10BAF8EEC76A87EEA2
:10D9D000A67A67EE2A7AE9EE8A7AB7EEE76AB4EEBB
:10D9E000466BF1EE10FA80F11381B0EEC65BB4EE37
:10D9F000485BF1EE10FA00F3C5809FED277AF4EE54
:10DA0000C77AF1EE10FA00F3B4809FED247AF4EEB9
:10DA1000C77AF1EE10FA00F1AC80F5EEC07AF1EEC3
:10DA200010FA00F1ED804FF0000EB6EE007B36EEFE
:10DA3000076BFCEEC67B17EE903A002B40F0AB80F4
:10DA4000302321208DF82D30BEF1000F2AD001386F
:10DA50002D22C0B200F130036B4403F8242C21E0E6
:10DA6000FFFFFFFFFFFFEF7FC0320020B843002021
:10DA7000C827002008C90020AC4B002000247449AE
:10DA80005917B7D100409C45BCCC0020D8270020B6
:10DA9000D04B002000000000FFFF7F4FFFFF7FCF33
:10DAA000001000E094F8F03033B11BEE103AC0F1F2
:10DAB00022011844FBF7FEFF94F8F0301BB10E2151
:10DAC0005A48FBF7F7FF97ED400AB7EEC00A02F09D
:10DAD00057FA94F8F0301BB10F215548FBF7EAFFD5
:10DAE00097ED410AB7EEC00A02F04AFA94F8F03016
:10DAF0001BB110214F48FBF7DDFF97ED420AB7EE4F
:10DB0000C00A02F03DFA94F8F0301BB101214A48F6
:10DB1000FBF7D0FF40F60D2294F8F030ADF80C2062
:10DB200023B102211BEE100AFBF7C4FFF7F76AFAD4
:10DB30003EE6DBF80030D7F8188053F825000135B1
:10DB4000D8F8003002681B68926901939047019BE6
:10DB50000146404698479BF804309D42FFF692AE3E
:10DB60009FE63649C422081F0AF05AF8C7ED3A9AD0
:10DB70001EE794F8F030002B9ED003213048FBF7CD
:10DB800099FF99E794F8F030002B95D003212D48A8
:10DB9000FBF790FF90E7DFF8B4C0092B4FF02100AE
:10DBA000ACFB03124FEAD20202EB8201A3EB41016C
:10DBB00001F130018DF82D107FF646AFACFB02313C
:10DBC00001389046C908C0B2B8F1090F01EB8103D2
:10DBD00000F13005A2EB43030A466D4403F1300324
:10DBE00005F8243CEAD82FE7636894F8F0205B1B23
:10DBF0005AB1B3F5FA6F3FF6B4ADF7F703FA9DE506
:10DC0000B1EE466B4FF0010E0FE7BB42F5D9A8E528
:10DC100094F8F030002B3FF44FAF03210A48FBF794
:10DC200049FF49E703AB0BEE103AB1E5E4270020CA
:10DC3000F427002004280020C4270020D44B002013
:10DC4000E02700202826002030260020CDCCCCCC98
:10DC50003D4B4FF07E514FF08040002210B4002425
:10DC6000C3F80821C3F80C11C3F804410124C3F818
:10DC70001001C3F8C4410224C3F8C821C3F8D44139
:10DC80000324C3F8CC01C3F8E4410424C3F8D01141
:10DC9000C3F8F4410524C3F8D811C3F804424FF483
:10DCA0008074C3F8DC01C3F8144240F20114C3F8D5
:10DCB000E021C3F824424FF48174C3F8E811C3F89B
:10DCC000EC21C3F8F001C3F8F801C3F8FC21C3F854
:10DCD0000012C3F80802C3F80C12C3F81022C3F8EC
:10DCE0001822C3F81C12C3F82002C3F82822C3F874
:10DCF0002C02C3F83012C3F8344240F20314C3F8C4
:10DD00003812C3F844424FF48274C3F83C02C3F89B
:10DD1000544240F20514C3F84022C3F864425DF84F
:10DD2000044BC3F84812C3F84C22C3F85002C3F89E
:10DD30005802C3F85C22C3F86012C3F86802C3F843
:10DD40006C12C3F870227047B8430020FA4BF3EE10
:10DD50000B4AB2EE084ADFF820C4B2EE0A3AF7499D
:10DD6000F74803F234529FEDF75ADFEDF75A9FED73
:10DD7000F76ADFEDF76A9FEDF77ADFEDF77ADFED0F
:10DD8000F73ADFEDF72A2DE9F04FDFF8F0E303F57E
:10DD9000806BF44D0026DFF8E893DFF8E883DFF8C6
:10DDA000E8A3F14FF14C2DED048BC3F884C28BB086
:10DDB000C3F8B4C2B7EE009AC3F8ECC2C3F88CE261
:10DDC000C3F8ACE283ED9E3A83EDA03A83EDA23A2C
:10DDD00083EDA43A83EDA63AC3EDB64AC3EDB84A43
:10DDE000C3EDBA4AC3EDBC4AC3F87492C3F8C492F7
:10DDF000C3F8DC92C3F8A012C3F8A812C3F8B0129B
:10DE0000C3F8B812C3F8C012C3F8C812C3F8CC12D2
:10DE1000C3F8D012C3F8D412C3F89482C3F87C526A
:10DE2000C3F8BC52C3F8E452C3F8A482C3F8F4E2C6
:10DE3000C3F824E3C3F82CC3C3F874C3C3EDBE4ACC
:10DE4000C3EDC04AC3EDC24A83EDD34A83EDD54A40
:10DE500083EDC45A83EDC65A83EDC85A83EDCA5A7E
:10DE600083EDCC5A83EDCE5A83EDD05A83EDD25A4E
:10DE700083EDD45AC3EDD65AC3EDD85AC3F8FC8209
:10DE8000C3F80C03C3F81C83C3F83C93C3F84413D2
:10DE9000C3F85C13C3F86493C3F89CA2C3F804A34B
:10DEA000C3F814A3C3F83453C3F86C53C3EDDA5A60
:10DEB000C3F87CE3C3F8B4E3C3F8BCC3C3EDDC5AD6
:10DEC000C3EDDE5AC3EDE05AC3EDE25AC3EDE45AA6
:10DED000C3EDE65A83EDF74A83EDF94A83EDE86A2C
:10DEE00083EDEA6A83EDEC6A83EDEE6A83EDF06A16
:10DEF00083EDF26A83EDF46A83EDF66A83EDF86AE6
:10DF0000C3EDFA6AC3F88483C3F89403C3F89C038F
:10DF1000C3F8AC83C3F8CC93C3F8D413C3F8EC13A1
:10DF2000C3F8F493C3F88CA3C3F8A4A3C3F8C453F1
:10DF3000C3EDFC6ACBED006A03F2044BC3EDFE6A4D
:10DF4000CBF800C003F5816BC3F8FC53CBED006A3E
:10DF500003F20C4B9FED868ACBF800E003F5826B51
:10DF6000DFED848ACBED006A03F2144BCBF800801E
:10DF700003F5836BCBED006A03F21C4BCBF800A0DA
:10DF800003F5846BCBED006A03F2244BCBF8000061
:10DF900003F5856BCBED006A03F22C4BCBF8000048
:10DFA00003F5866B8BED007A03F2344BCBF800A0BF
:10DFB00003F5876B8BED007A03F23C4BCBF80080C6
:10DFC00003F5886B8BED007A03F2444BCBF800E04D
:10DFD00003F5896B8BED007A03F24C4BCBF800C054
:10DFE00003F58A6B8BED007A03F2544BCBF80050AB
:10DFF00003F58B6B8BED007A03F25C4BCBF8009052
:10E0000003F58C6B8BED007A03F2644BCBF80010B8
:10E0100003F58D6B8BED007A03F26C4B8BED004AB0
:10E0200003F58E6B8BED007A03F2744B8BED004A97
:10E0300003F58F6BCBED007A03F27C4BCBF800102D
:10E0400003F5906BCBED007A03F2844BCBF8009094
:10E0500003F5916BCBED007A03F28C4BCBF80050BB
:10E0600003F5926BCBED007A03F2944BCBF800C032
:10E0700003F5936BCBED007A03F29C4BCBF800E0F9
:10E0800003F5946BCBED007A03F2A44BCBF8008040
:10E0900003F5956BCBED007A03F2AC4BCBF800A007
:10E0A00003F5966BCBED007A03F2B44BCBF800008E
:10E0B00003F5976BCBED007A03F2BC4BCBF800A0D5
:10E0C00003F5986BCBF8000003F2C44BCBF800804B
:10E0D00003F5996BCBF8000003F2CC4BCBF800E0D2
:10E0E00003F59A6BCBF8000003F2D44BCBF800C0D9
:10E0F00003F59B6BCBF8000003F2DC4BCBF8005030
:10E1000003F59C6BCBF8000003F2E44BCBF80090D6
:10E1100003F59D6BCBF8000003F2EC4BCBF800103D
:10E1200003F59E6BCBF8000003F2F44BCBF80090A4
:10E1300003F59F6B2AE000BFB84300200000A04118
:10E1400000009842000008420000244200004042C3
:10E1500000005C420000784200008A420000A642B3
:10E160000000B44200001042AC4B00203C200020D4
:10E1700000000000F304353F000030420000504230
:10E180000000E0410000704200008842CBED003A00
:10E1900003F2FC4BCBF8005003F5A06BC2F808E08B
:10E1A000CBED003A03F2045BC2F810C0CBF800C01C
:10E1B00003F5A16BC2F840C0CBED003A03F20C5B53
:10E1C000C2F848E0CBF800E003F5A26B82ED013A1B
:10E1D000CBED003A03F2145B82ED033ACBF80080FA
:10E1E00003F5A36B82ED053ACBED003A03F21C5B1D
:10E1F00082ED073ACBF800E003F5A46B82ED093A13
:10E20000CBED002A03F2245BC2F80080CBF800C0FB
:10E2100003F5A56BC2F82090CBED002A03F22C5B2E
:10E2200003F5A6639162D162C2F830905163D16365
:10E230005164D164C2F8508095619563CBF8005069
:10E24000C2F870E0C2F878C0C2F8B8C0C2F8C0E046
:10E25000C3ED002AC2ED194AC2ED1B4AC2ED1D4AA8
:10E26000C2ED1F4AC2ED214AC2ED234AC2ED254A42
:10E2700082ED264A82ED275A82ED295A82ED2B5AE9
:10E2800082ED2D5A82ED2F5A82ED315A82ED335AAA
:10E290005165D165C2F86880C2F88890C2F89010C4
:10E2A000C2F8A010C2F8A890C2F8C880EF4BC2F81C
:10E2B00058A0C2F860A0C2F88050C2F8B050C2F8AE
:10E2C000D0A0C2F8F8E0C2F800C1C2F848C1C2F854
:10E2D00050E182ED355A82ED375AC2ED395AC2ED1E
:10E2E0003B5AC2ED3D5AC2ED3F5AC2ED415AC2ED12
:10E2F000435AC2ED455AC2ED475AC2ED495A82ED22
:10E30000484A82ED4A4A82ED4B6A82ED4D6A82EDBF
:10E310004F6A82ED516A82ED536AC2F8D800C2F8A2
:10E32000E000C2F8F080C2F81091C2F81811C2F8EB
:10E330003011C2F83891C2F8E8A0C2F80851C2F80A
:10E34000405182ED556AC2F888E1C2F890C182ED71
:10E35000576A82ED596A82ED5B6AC2ED5D6AC2ED71
:10E360005F6AC2ED616AC2ED636AC2ED656AC2EDC1
:10E37000676AC2ED696AC2ED6B6AC2ED6D6A82EDD1
:10E380006C4A82ED6E4A82ED6F7A82ED717A82ED8F
:10E39000737A82ED757AC2F85881C2F86801C2F8C2
:10E3A0007001C2F88081C2F8A091C2F8A811C2F829
:10E3B000C011C2F8C891C2F860A1C2F878A1C2F831
:10E3C0009851C2F8D051C2F8D8C1C2F8E0E1C2F801
:10E3D00018E2C2F820C282ED777A82ED904A82ED8F
:10E3E000797A82ED7B7A82ED7D7A82ED7F7AC2ED59
:10E3F000817AC2ED837AC2ED857AC2ED877AC2ED69
:10E40000897AC2ED8B7AC2ED8D7AC2ED8F7AC2ED38
:10E41000917AC2F8E881C2F8F801C2F80002C2F8A5
:10E420001082C2F83092C2F83812C2F84812C2F80C
:10E430004C02C2F85092C2F85402C2F8F0A1C2F8DD
:10E4400008A2C2F82852C2F85852C2F85C02C2F8B8
:10E4500060C2C2F868E2C2F888E2C2F8B8E2C2F864
:10E4600090C2C2F8B0C2C2EDA13AC2EDA33AC2ED69
:10E47000A53AC2EDA73AC2EDA93AC2EDAB2AC2ED68
:10E48000AD2AC2EDAF2AC2F86402C2F8A092C2F867
:10E490006C02C2F87082C2F88082C2F87402C2F8BC
:10E4A0007C020820C2F878A2C2F89852C2F8A8529A
:10E4B00007F586723C607E613E77DFF8C881DFF841
:10E4C000C891C7E901230223FB6009F0BBFC684B3C
:10E4D00087F8EC603B62C7F8F060386187ED3F8AEF
:10E4E00087ED408A87ED418A87ED428AC7E93D661C
:10E4F000FFF786F8C7F8F000FFF782F8C7F8F400D6
:10E50000FFF77EF804F11003C7F8F8000C203B6019
:10E5100009F098FC574B2034C7F80C0103603833DE
:10E52000CDED068A436038338DED078A836003237F
:10E5300006A88DED088A87F810314FF481738DEDB0
:10E54000098AA7F82431FFF7D5F8C9EE007A06A8A2
:10E5500068EE679A67EEA88ACDED079ACDED089A26
:10E56000CDED099ACDED068AFFF7C4F8C9EE007A21
:10E570006B4603AA06A907F59470CDF814808DEDBB
:10E58000068A8DED078A8DED088A8DED038A8DED63
:10E59000048A8DED009A8DED019A8DED029A67EE59
:10E5A000A99A67EEA87AC7ED469AC7ED457AC7EDF6
:10E5B000479AC7ED489A01F07DFE6B4603AA06A96B
:10E5C00007F5C470CDF814808DED068A8DED078AAD
:10E5D0008DED088A8DED048A8DED009A8DED019AFE
:10E5E0008DED029ACDF80C9001F064FE6B4603AA03
:10E5F00006A907F5F470CDF81480CDF80C908DEDD8
:10E60000068A8DED078A8DED088A8DED048A8DEDE1
:10E61000009A8DED019A8DED029A01F04BFEC7F83C
:10E62000484207F51E7407F515708DED038A8DEDD0
:10E63000048A04F5C05801F09FFD234643F8046C9A
:10E6400043E903660C339845F8D10B4D002205F5DC
:10E65000C0512B4643F8042C43E903220C338B4270
:10E66000F8D1064B0022064803A90FE008C9002094
:10E67000CDCC4C3D60C8002024660020ACBB0020FF
:10E68000400020000000FAC300004C43C3F87C2285
:10E69000C3F88022C3F88422C3F88822C3F86E022C
:10E6A0000120F34EF34AC3F87462C3F8782283F86A
:10E6B0006C02F148FEF7C6FF06A9069600260792EF
:10E6C000FEF7C0FFED494FF0FF3301F5005244F86B
:10E6D000046C083144E903660C3445F8046CA04529
:10E6E00045E9036641E90433C1F8F03F05F10C0543
:10E6F000C1F8F43FC2F8F83FC2F8FC3F42E90233E8
:10E7000002F10802E3D1DFF8948307F5E044DFF873
:10E7100090A3F7EE008A40469FEDD98A0AF2145979
:10E72000F7F7DEFB5046D74901F02EFD4846D649A3
:10E73000A8F59A7501F028FD04F54C62DFF864B382
:10E74000A8F59070C2ED008A04F6C44297ED456AC0
:10E7500006A982ED008A04F6C842D7ED466A82ED2A
:10E76000008A04F6CC4297ED477A82ED008A04F6DF
:10E77000D842D7ED487A82ED008A04F6DC4284F86C
:10E78000D06C82ED008A04F54E62A4F8E86C82ED4C
:10E79000008A04F6E442C4F8B80C82ED008AC4F89A
:10E7A000BC5CC4F8B4BCC4F8D48C8DED066ACDED65
:10E7B000076A8DED087ACDED097AFEF78BFF04F636
:10E7C000F842A8F1C000C4F80CAD0BF1240AC2ED68
:10E7D000008A04F6FC4284F8086D82ED008A07F591
:10E7E000FA42A4F8206D82ED008A04F60452C4F8BF
:10E7F000F45C82ED008A04F55162C4F8F00C82EDFD
:10E80000008A04F61452C4F8ECAC82ED008A04F6D7
:10E8100018528DED066A82ED008A04F61C52CDED89
:10E82000076A82ED008A8DED087ACDED097AFEF750
:10E8300051FF04F5536204F6345E04F63C5CA8F123
:10E840006000C2ED008A04F638528EED008A04F6AC
:10E850004C5E82ED008A04F648528CED008A04F585
:10E86000556C82ED008A04F65452C4F824AD4FF082
:10E87000010AC4F8449D4FF00209C4F82C5D84F8E5
:10E88000406DA4F8586DC4F8280D8EED008A8CED0B
:10E89000008A82ED008A8DED066ACDED076A8DED66
:10E8A000087ACDED097AFEF715FF43F23221DFF841
:10E8B000F8E1DFF8F8C1A8F59E73A4F86E1D0BF11E
:10E8C0004801724AC4F85C1D04F674517048C1F8DE
:10E8D00000E004F67851C4F8600D07F5FB40C1F87C
:10E8E00000C004F67C51C0F800C00A6004F68451F0
:10E8F000A4F8706DC1F800C004F68851C4F8683DF2
:10E900000BF1AC030A6004F68C51C4F8986D81EDEC
:10E91000008A04F55961C4F89CADC1F800E004F622
:10E920009451C4F8A09D0A600BF1600184F8E46D75
:10E93000C4F8A41D04F55C6184F8F86D81ED008ACB
:10E9400004F6C451534D81ED008A04F6C85181ED9F
:10E95000008A04F6CC5181ED008A04F55D6181EDF9
:10E96000008A04F6D45181ED008A04F6D85181ED75
:10E97000008A04F6DC5181ED008A04F55E6181EDC8
:10E98000008A4549C4F8E81DC4F8A81D2431C4F81C
:10E99000EC1DC4F8AC0D4FF08030C4F8641E0BF1D0
:10E9A0008801C4F8780E48F28000C4F8FC1D04F613
:10E9B0001861C4F8B05D81ED008A04F61C6184F82A
:10E9C0003C6E81ED008A04F5626184F8706E81ED21
:10E9D000008A04F62461C4F8743E81ED008A04F6CE
:10E9E0002861A4F87C0E81ED008A04F62C6181ED8B
:10E9F000008A04F5636181ED008A04F6346181EDDB
:10EA0000008A04F6386181ED008A04F56461C1F87A
:10EA100000E004F64461C1F800C004F648610A60F1
:10EA200004F64C61C1F800C004F56561C1F800C08E
:10EA300004F654610A6004F6586181ED008A04F618
:10EA40005C61C1F800E004F566610A6005F1B4029A
:10EA5000C4F8002E05F1C002C4F8042E0C3202F1F5
:10EA60002800C4F8082E01F07BFCBBEE046A27E006
:10EA7000000040430000C042004E0020207E0020E5
:10EA8000000000002C460020EC48002000009644C6
:10EA9000404B4C0038C9002020C90020F44D002014
:10EAA00038BE0020B82000200000FA440000FAC45C
:10EAB0000000FA43000091430000C84200004843B0
:10EAC00004F6F46E5FED067A5FED065A05F1180262
:10EAD0008EED006A04F6F86E5FED096A04F56F6169
:10EAE000CEED007A04F6FC6E1FED0C7ACEED005AE6
:10EAF00007F5FE4EC4F8E02E05F17002CEED006A77
:10EB000004F6047E05F51D75C1ED005ACEED007AC0
:10EB100004F6087EA5F58871C4F8E42E8EED007A1F
:10EB200004F60C7E783284F8ECAECEED006A04F583
:10EB3000716EC4F8206FA5F1E000CEED007A04F606
:10EB4000147EC4F824AFA5F1F80C8EED007A04F61B
:10EB5000187EC4F8289F05F16C038EED006A04F658
:10EB60001C7EC4F82C6FCEED007A4FF0030EC4F873
:10EB7000309FC4F834EF0BF1C00EC4F8E82E002229
:10EB8000C4F838EF04F6547E8EED008A04F6587E01
:10EB90008EED008A04F65C7E8EED008A04F5766EBA
:10EBA0008EED008A04F6647E8EED008A04F6687E9F
:10EBB0008EED008A04F66C7E8EED008A04F5776E89
:10EBC0008EED008A04F6747E8EED008A84F8786FEC
:10EBD000C4F8BC1FC4F83C1FC4F87C1F04F6947131
:10EBE000C4F844CF81ED008A04F69871C4F880CF50
:10EBF00081ED008A04F69C71C4F8C00F81ED008A93
:10EC000004F57A6184F8B86F81ED008A04F6A47186
:10EC100084F8CC6F81ED008A04F6A8712A7481ED26
:10EC2000008A04F6AC7185ED008A81ED008A04F556
:10EC30007B6185ED018A81ED008A04F6B47185ED72
:10EC4000028A81ED008AA0F1240185ED038AC4F8CF
:10EC5000401FA0F10C0185ED0B8AC4F8841F0BF155
:10EC6000E80185ED0C8AC4F8D01F04F6EC716D4EF6
:10EC700081ED008A04F57F6181ED008A04F6F4716C
:10EC800081ED008A04F6F87181ED008A04F6FC71CA
:10EC900081ED008A0BF1AC0185ED0D8AC5F8941069
:10ECA0004FF08031C5F8840048F28000C5F8981014
:10ECB00003F10C0185F8502085F89020A3F118028B
:10ECC000C5ED155AC5ED185A85ED166A85ED1F6A12
:10ECD000C5ED177AC5ED196AC5ED1C6AC5ED1A7A3E
:10ECE00085ED1B7A85ED1E7AC5ED1D7AC5ED207A7E
:10ECF000C4F8D42F6A61A5F89C0003F13400C4F86D
:10ED0000DC3F85ED0E8A85ED0F8A85ED108A85ED55
:10ED1000118A85ED128A85ED138AC5E90631A3F1C2
:10ED20000C01C4F8D81F01F01BFBC5F85861A5F110
:10ED3000C8063D490BF5867C0BF59473C5F8006158
:10ED4000A5F13006C5F85C11C5F804613749384EA5
:10ED5000DFF8ECE03748C5F810C1C5F818614FF48A
:10ED60007F46DFF8E0C0C5F81CE1C5F820C1C5F852
:10ED7000383185F80CA185F81491C5F82401C5F83F
:10ED800028011220A5F8346185ED528A85ED538A59
:10ED900085ED548A85ED558AC5E94B11062185F824
:10EDA000441109F04FF8002206461220C6E901225C
:10EDB000F2603282C5F83C6109F044F805F5927EB4
:10EDC000C5F84001B4460646BEE80F005EF810994B
:10EDD000ACE80F00BEE80F00ACF800900FC6D7E912
:10EDE00004EC05F58873A6F800900EEB8C000CF18E
:10EDF000020AA3F52471A3F170060F4A4EF82C10F5
:10EE00004660A8F512700D49C7F814A0C4F8E83E92
:10EE1000C5F808310BB0BDEC048BBDE8F04F01F034
:10EE20008FBC00BF000040400000E0400000FFFF3A
:10EE3000CDCC4C3FFF0000FF642A0020614200005F
:10EE40006666663F6666D64030BFFDE7000000009C
:10EE50002DE9F04F83B00190806808B108F0FAFF07
:10EE6000019B5B68002B00F0F18053F8042C02EB4F
:10EE7000C20203EB82029342009200F0DF80009B0B
:10EE800053F81C0C243B009308B108F0E3FF009BEF
:10EE90005B68002B00F0CC8053F8042C02EBC2021C
:10EEA00003EB82094B4500F0BF8059F81C0CA9F117
:10EEB000240908B108F0CEFFD9F80430002B00F087
:10EEC000AE8053F8042C02EBC20203EB82084345E8
:10EED00000F0A18058F81C0CA8F1240808B108F033
:10EEE000B9FFD8F80430002B00F0908053F8047C70
:10EEF00007EBC70703EB8707BB4200F0838057F897
:10EF00001C0C243F08B108F0A5FF7B68002B74D0CF
:10EF100053F8046C06EBC60603EB8606B34268D0D2
:10EF200056F81C0C243E08B108F094FF7368002BBF
:10EF30005CD053F8045C05EBC50503EB8505AB42DB
:10EF400050D055F81C0C243D08B108F083FF6B68C5
:10EF5000002B44D053F8044C04EBC40403EB8404AA
:10EF6000A34238D054F81C0C243C08B108F072FFBE
:10EF700062686AB352F8043C03EBC30302EB830BF1
:10EF80005A4521D05BF81C0CABF1240B08B108F0FA
:10EF900061FFDBF80420A2B152F8040C00EBC000C2
:10EFA00002EB800A524508D0AAF1240A5046FFF726
:10EFB0004FFFDBF804205245F6D1AAF1080008F013
:10EFC00049FF62685A45DDD1ABF1080008F042FF05
:10EFD0006B68A342C6D1A4F1080008F03BFF736838
:10EFE000AB42AED1A5F1080008F034FF7B68B34214
:10EFF00096D1A6F1080008F02DFFD8F80430BB42E6
:10F000007FF47DAFA7F1080008F024FFD9F80430A1
:10F0100043457FF45FAFA8F1080008F01BFF009B99
:10F020005B684B457FF441AFA9F1080008F012FF7F
:10F03000019B009A5B6893427FF421AF009BA3F190
:10F04000080003B0BDE8F04F08F004BF03B0BDE80E
:10F05000F08F00BF00234FF07E52DFED517A30B5C4
:10F060002DED068B026095B04360044683600D462B
:10F07000C3604B7BD1ED008A91ED019A012B91ED9C
:10F08000028A68EEA78A29EE279A28EE278A05D1F8
:10F09000F0EE687AF0EE488AB0EE678AF6EE00AAE3
:10F0A00068EEAA8A29EE2A9A28EE2A8AB0EE680A21
:10F0B00001F05EFEB0EE40AAB0EE490A01F058FE43
:10F0C000F0EE409AB0EE480A01F052FEF0EE407ABF
:10F0D000B0EE680AF0EE678A01F04EFFF0EE407A7B
:10F0E000B0EE490AB0EE679A01F046FFF0EE407AC2
:10F0F000B0EE480AB0EE678A01F03EFF00232A7B9B
:10F100008DED009A8DED01AA029303938DED048A93
:10F110000593CDED069A07938DED080A09930A939E
:10F12000CDED0B8A052A1BD8DFE802F01A282F3212
:10F1300003216A4608A90CA8FAF7BCF904AA0CA98D
:10F1400010A8FAF7B7F910981199129A139B20603A
:10F1500020466160A260E36015B0BDEC068B30BD57
:10F1600004AA69460CA8FAF7A5F908AAE7E704AAD1
:10F1700008A90CA8FAF79EF96A46E0E708AA6946CA
:10F180000CA8FAF797F904AAD9E76A4604A9E9E7AF
:10F1900008AA04A90CA8FAF78DF96A46CFE700BFC0
:10F1A00035FA8E3C2DE9F04F2DED108BB7B083462C
:10F1B000047F02AF002C7FD000259FEDA48AA44ECF
:10F1C00065E0DBF800309B6998470146224607F16D
:10F1D00060000B689B6898473269DBF8043007F1E0
:10F1E000800C126807F15400D3ED095A93ED086AB8
:10F1F000D3ED0A7A07F1900397ED197AD7ED186AE3
:10F2000077EE887A916E37EE257A76EE866A0A680E
:10F21000D2F8008007F17002C7ED1C6A87ED1D7AF5
:10F22000C7ED1E7A87ED248A87ED258A87ED268A29
:10F2300087ED208A87ED218A87ED228ACDF800C0EC
:10F24000C047DBF8003058469B6998470368214661
:10F250001B69984797F85420034658461A70DBF804
:10F2600000309B699847036821461B69984797F8C7
:10F270005520034658465A70DBF800309B69984782
:10F28000036821461B69984797F856308370DBF86E
:10F2900000305846ACB29B6998470368DB699847D1
:10F2A000034658469D4205F101058AD3D437BD4631
:10F2B000BDEC108BBDE8F08FD0E90123C7F808D072
:10F2C000586899681D68DB68506007F1800091609C
:10F2D00002F11001D3601560FAF7ECF8DBF80C309E
:10F2E00007F1700207F180013B6707F19000DBF83E
:10F2F00010307B67DBF81430BB67DBF81830FB6736
:10F30000FAF7D8F8534B5946D7F8902007F1380050
:10F310001A60D7F894205A60D7F898209A60D7F8E6
:10F320009C20DA60DBF800301B689847DBF800307F
:10F33000594607F140005B68984797ED0E5AD7EDA4
:10F340000F5A002397ED106AF6EE004AD7ED116AC6
:10F3500036EE057AC7F8903076EEA57AC7F8943085
:10F36000C7F89830C7F89C3027EE247AC7F8A03049
:10F3700067EEA47AC7F8A430354BC7F8B040197DC2
:10F3800087ED2D5AC7ED2E5A87ED2F6AC7ED306AEB
:10F3900087ED317AC7ED327AA7F8CC40C7E92A4425
:10F3A000002900F0658501252246294B1B6953F889
:10F3B000223093F86C20002A40F0BE820134E2B281
:10F3C0009142F2D86C2305FB03F3073323F00703C4
:10F3D000ADEB030D6B1E02AABA62BDB16C22BC6A12
:10F3E000A01802FB03002346002200241A606C339D
:10F3F00043F8382C43F8342C43F8302C43F82C2CA9
:10F4000003F8084C43F8042C9842EFD1002900F08F
:10F410001B830023DFED10BAD946C7E9033306E0AA
:10F42000FB680133FB60DBB2994240F20C83084A6F
:10F43000126952F823209B003B6392F86C307A6388
:10F44000002BEDD04FF0000A9DE000BF000000004F
:10F45000AC4B002010CD00206F12833AB4EECA9A54
:10F46000F1EE10FAB4EECB9A7AFE097AF1EE10FAC8
:10F47000F4EEE9AA54BFB0EE497AB0EE4B7AF1EE61
:10F4800010FA40F31B82F4EEE98AF1EE10FAF4EE82
:10F49000EA8A39FEA86AF1EE10FA54BFF0EE686A03
:10F4A000F0EE6A6A6C23F96ABC6A002003FB01F182
:10F4B000D7ED2F5A0C440B46796AF4EEE57A626474
:10F4C0003433E062F1EE10FA2063C4ED00FA84ED0B
:10F4D00001AAC4ED029A84ED03BAC4ED04AA84ED36
:10F4E000059AC4ED068AC4ED07EA84ED08EAC4ED86
:10F4F00009DA84ED0ADAC4ED0D7A84ED0E6A84ED42
:10F500000F7AC4ED106AC4E91215396A84F86410E0
:10F51000B969A165F969C4E91486E1657969BA6ACE
:10F520002166134484ED1AFA29D5D7ED2D7AF4EE2D
:10F53000C77AF1EE10FA22D593ED017AD7ED307A41
:10F54000B4EEE77AF1EE10FA19D5D7ED2E7AF4EE93
:10F55000E76AF1EE10FA12DDB7F8A860B7F8AA5022
:10F56000AE4200F0C281B7F8CC20D7F8B0300132FB
:10F5700043F826400136A7F8CC20A7F8A8600AF186
:10F5800001031FFA83FA7B6B586E3B6953449BB2AD
:10F59000FB6203685B689847824580F2DB81E44E3A
:10F5A0004FEA8A183A6B3369D9F804409B58586E71
:10F5B000D9F80C303B66D9F810307B66D9F8143096
:10F5C000BB66D9F81830FB6603681B6998473A6B2D
:10F5D000336900EB8A1B05469B589BF83C207B63F4
:10F5E0009B6E3A627B6242B1DBF80C30BB61DBF8A8
:10F5F0001030FB61DBF814307B6104F11006224609
:10F6000007F180003146F9F755FF07F1600207F175
:10F61000800107F17000F9F74DFF55F8085094ED9F
:10F62000095A07F17001D4ED0A5A07F1480094ED28
:10F63000086A07F15402D5ED016A95ED027AD5ED1D
:10F64000007A76EEC56A37EE657A77EEC67AC7ED50
:10F65000166A87ED177AC7ED157AF9F7D9FF94ED99
:10F660000B7A3146D4ED0C7A224697ED12AA07F1B7
:10F670008000D7ED139A2AEE07AAD4ED0DCA69EEE1
:10F68000A79A97ED14DAF9F715FF07F1600207F171
:10F69000800107F17000F9F70DFFDBF8048094EDAD
:10F6A000095A07F15402D4ED0A5A07F1700194ED9A
:10F6B000086A07F14800D8ED016A98ED027AD8EDA2
:10F6C000007A76EEC56A37EE657A77EEC67AC7EDD0
:10F6D000166A87ED177AC7ED157AF9F799FF94ED59
:10F6E0000B6A3146D4ED0C6A224697ED147A07F185
:10F6F0008000D4ED0D7A97ED12BAD7ED13AA27EE5C
:10F7000027CA2BEE06BA6AEEA6AAF9F7D3FE07F1CE
:10F71000600207F1800107F17000F9F7CBFEDBF81A
:10F72000086094ED095A07F15402D4ED0A5A07F122
:10F73000480094ED086A07F17001D6ED016A96ED74
:10F74000027AD6ED007A76EEC56A37EE657A77EE04
:10F75000C67AC7ED166A87ED177AC7ED157AF9F7FD
:10F7600057FFD5ED027A3AEEE9EA98ED028A7BEE90
:10F770004AEAD5ED006A0BF1300238EE678A95ED62
:10F78000017AD8ED004A98ED015A94ED0B6A74EEB7
:10F79000E64AD4ED0C7A35EE475A94ED0D4A97EDD2
:10F7A000129AD7ED138AD7ED143A29EE069A8BED0B
:10F7B000088A68EEA78A95ED027AD6ED026A79EE9C
:10F7C0004ADACBED064A76EEC76AD6ED005AB0EEBD
:10F7D0004C7AD5ED002A8BED075A6DEECE7A96ED78
:10F7E000016A75EEE25A95ED013AADEE2C7A64EEBF
:10F7F000E6CACBED0B6A36EE436ACBED095A25EE2D
:10F8000065CAE5EE88CA28EE468A8BED0A6AA6EE3E
:10F8100024CA38EEE9DAA6EE858AA3EE847A2CEEC5
:10F82000AC0AEEEE8D7AF0EE084AB7EE005AA8EE7A
:10F83000080A87EE24FAACEE0C0AC5EE27FAB5EEFC
:10F84000400AF1EE10FA00F15883B1EEC07AF7EEFB
:10F85000006A77EE667AF0EEE77AF4EEEB7AF1EE94
:10F8600010FA0AD4B5EE407AF1EE10FA36D088EEEE
:10F87000078ACCEE87CA8CEE07CA8BED0C8ACBEDDB
:10F880000DCA8BED0ECAB4EECABAF1EE10FA3FF70C
:10F89000E5ADB4EECB9AF1EE10FAB4EECA9A7BFE67
:10F8A000097AF1EE10FAF4EEE9AA54BFB0EE497A03
:10F8B000B0EE4A7AF1EE10FA3FF7E5ADF4EEEA8ADF
:10F8C000F1EE10FAF4EEE98A3AFEA86AF1EE10FAC7
:10F8D00054BFF0EE686AF0EE696AE3E59FED15CA81
:10F8E000F0EE66CAB0EE4C8AC7E7002E37D1D7F8E3
:10F8F000B0304FF008082020FB6208F0A3FAC7F8E8
:10F90000B000002340F825300135ADB2A845F9D844
:10F91000FB6A4BB1184608F09DFA054B3A6B1B6920
:10F92000B7F8A8609B587B63A7F8AA801BE600BFC6
:10F93000AC4B002000000000586E013403685B6887
:10F940009847BD4BE2B22844197D85B291423FF6FB
:10F950002CAD37E5FB6A3B61B74B197D60E54FEA9B
:10F960004608D7F8B0501FFA88F8FD624FEA8800C1
:10F9700008F068FAC7F8B000B8F1000FC8D04645E3
:10F98000B646C5F30202294628BFC646BEF1080F97
:10F9900094BF00230123002A18BF0023002B00F08E
:10F9A00023812B1DC31A082B40F21E81BEF1000FCC
:10F9B00000F1200C00F1100201F1100114BF734698
:10F9C00001231D467B629D4BAD08013DADB20CEBA2
:10F9D000051C1D0C03F1040B1032002310316BF3D6
:10F9E0000F03944505F1040B05F1010511ED086BBA
:10F9F00011ED067B6BF31F43ADB202ED086B02ED18
:10FA0000067BE6D1796A21F003028A4293B216D0CE
:10FA10005D1CF96AADB251F82320754540F82320EA
:10FA20000DD251F8252040F825209D1CADB275451A
:10FA300005D251F82520033340F825209DB2A84572
:10FA40003FF65FAF64E7CB4600219FED7D8ADFED97
:10FA50007D8A07F1A8000D469FED7B9AF9F74CFED1
:10FA60002E46DBF800305846ACB29B6998470368D5
:10FA7000DB699847A04240F2AB80DBF80030584683
:10FA80009B6998470146224607F180000B689B68F6
:10FA90009847D7F8AC30D7ED207AD7ED214A002B24
:10FAA00000F0AA8193ED037AB4EEE77AF1EE10FA52
:10FAB00015D893ED057AB4EEE77AF1EE10FA0EDB85
:10FAC00093ED047AB4EEE47AF1EE10FA07D893EDF0
:10FAD000067AB4EEE47AF1EE10FA80F2928093EDB9
:10FAE0000C7AF4EEC77AF1EE10FA15DB93ED0E7A8C
:10FAF000B4EEE77AF1EE10FA0EDB93ED0D7AB4EE88
:10FB0000E47AF1EE10FA07D893ED0F7AF4EEC74AD3
:10FB1000F1EE10FA40F2178193ED157AB4EEE77A20
:10FB2000F1EE10FA15D893ED177AB4EEE77AF1EE0C
:10FB300010FA0EDB93ED167AF4EEC74AF1EE10FAE6
:10FB400007DB93ED187AF4EEC74AF1EE10FA40F2B3
:10FB5000FD8093ED1E7AF4EEC77AF1EE10FA15DB14
:10FB600093ED207AF4EEC77AF1EE10FA0ED893ED09
:10FB70001F7AF4EEC74AF1EE10FA07DB93ED217A13
:10FB8000F4EEC74AF1EE10FA40F2E380DBF8003001
:10FB900058469B699847036821461B699847034666
:10FBA00058461E70DBF800309B6998470368214671
:10FBB0001B699847034658465E70DBF800309B6926
:10FBC0009847036821461B6998478670013548E7C6
:10FBD00007F1A800FFF73CF9D7F808D0D437BD46A5
:10FBE000BDEC108BBDE8F08FFB6A00251A1F031FC8
:10FBF000013552F8041FADB243F8041F7545F7D321
:10FC00001DE71A465368002B7FF44CAF108800287C
:10FC1000BCD0D2F808E04FF0000CF7EE002AF0EE6E
:10FC2000481AAEF10401B0EE482AE046B0EE481A98
:10FC30006246B0EE684A0CE0AC4B002002000300C4
:10FC400000000000FFFF7F7F6F12833A0132904275
:10FC500051D051F8043F93ED1A6AB4EEC64AF1EE62
:10FC600010FAF3DDD3ED026A93ED015A74EEE66A01
:10FC700093ED097A37EEC55AD3ED0A3AD3ED005A1F
:10FC800027EE667AA5EE237A27EE257AB5EEC07ABE
:10FC9000F1EE10FADAD493ED073AD3ED083A66EEB6
:10FCA000836AE5EE636A65EEA65AF5EEC05AF1EE98
:10FCB00010FACBD4B4EEE27AF1EE10FAC6DCF4EE30
:10FCC000E25AF1EE10FAC1DC72EEC76A76EEE56A2E
:10FCD000F5EEC06AF1EE10FAB8DB90460132F0EEB4
:10FCE000651A4FF0010C9042B0EE472AB0EE661A4A
:10FCF000B0EE464AADD1BCF1000F2DD1E046E14651
:10FD0000E246DBF8003058469B6998470368214675
:10FD10001B69984780F800A0DBF8003058469B69C3
:10FD20009847036821461B69984780F80190DBF8E3
:10FD3000003058469B699847036821461B699847DD
:10FD400080F8028042E703F124025BE703F14802F6
:10FD500058E703F16C0255E75EF828301A6D92ED12
:10FD6000017AD2ED027AD2ED006A22EE077ADA6CDD
:10FD700062EE277A62EE266A92ED005AD2ED015ABF
:10FD800092ED026AE5EE016AA5EE817A5A6DE6EE21
:10FD9000017A92ED005AD2ED015A92ED026AE5EE37
:10FDA000216A93F86420A5EEA17AE6EE217AC7EDE8
:10FDB0001C6A87ED1D7AC7ED1E7A02BBF0EE487A09
:10FDC000B0EE487A07F16000D3E911310A68D2F841
:10FDD000008007F1800287ED207AC7ED217A87ED58
:10FDE000228A009207F17002C04797F860A097F846
:10FDF000619097F8628084E707F1A80206E7F7EEC2
:10FE0000007A9A6D71EE677AF0EEE77AF4EEC97ACD
:10FE1000F1EE10FA52D592ED006A92ED011AF7EE6A
:10FE2000007ADA6D72EE677AF0EEE77AF4EEC97A6C
:10FE3000F1EE10FA32D592ED007AD2ED017AF7EEBA
:10FE4000006A1A6E37EE067A77EE817A71EEE66A0C
:10FE5000F0EEE66AF4EEC96AF1EE10FA0ED5D2EDD4
:10FE6000006AD2ED011A37EE267A77EEA17AA9E779
:10FE70009CB00B4602AABA62FFF7B0BAF0EEE16A94
:10FE8000F4EEC96AF1EE10FA28D4D2ED006A92EDD0
:10FE9000016A61EEA66A61EE861AE4E7F0EEC27AC4
:10FEA000F4EEC97AF1EE10FA22D492ED007AD2ED96
:10FEB000017A22EE077A62EE277AC0E7F0EEC17A85
:10FEC000F4EEC97AF1EE10FA0DD492ED006AD2ED9B
:10FED000017A21EE066A21EE271AA0E7F0EE481A11
:10FEE000F0EE486ABFE7B0EE481AB0EE486A96E70F
:10FEF000F0EE487AB0EE487AA1E77A6000F026FC8E
:10FF00007A68B0EE407AA2E41C4A538A98421CDA1E
:10FF1000938AD3B100B5137A5BB1022B16D0012BB3
:10FF200023D09389B2F80AC0013B1B1A1BB20CFB09
:10FF300003F0936900EB4000B1F800C01A1823F8F1
:10FF400000C08B7893705DF804FB7047B2F80AE04C
:10FF5000B2F80CC00EF1FF330CF1FF3C1B1A0FFA84
:10FF60008CFC1BB20EFB0C30E3E7B2F80AC00CF1BC
:10FF7000FF331BB20CFB0030DBE700BF3044002036
:10FF8000B4EE400BF1EE10FA80F1A580B0EEC07B2C
:10FF90009FED6B6BB4EE467BF1EE10FA00F39080B0
:10FFA0009FED697BB4EEC70BF1EE10FA00F3818090
:10FFB0009FED677BB4EEC70BF1EE10FA00F1B6804F
:10FFC000B5EEC00B30B5F1EE10FA2DED028B8DB011
:10FFD0007DD400259FED607B30EE070BFCEEC07BEF
:10FFE000B8EE678B17EE903A30EE488B002B76D147
:10FFF000302321208DF82D303DB101382D22C0B2A3
:02000004600199
:1000000000F130036B4403F8242C554C23782BB1BA
:1000100003ABC0F122011844F9F74CFDB2EE046BBA
:100020002E2322788DF80C3028EE067BFCEEC75B81
:10003000CDED015A9DF8043005EE903A3033B8EE1C
:10004000E55B8DF80D3037EE457B27EE067BFCEE49
:10005000C75BCDED015A9DF8043005EE903A303380
:10006000B8EEE55B8DF80E3037EE457B27EE067B6C
:10007000FCEEC75BCDED015A9DF8043005EE903AD9
:100080003033B8EEE55B8DF80F3037EE457B27EE69
:10009000067BBCEEC77B17EE103A30338DF810307C
:1000A0001AB1052103A8F9F705FD0DB0BDEC028BCF
:1000B00030BD2B4B1B788BB103212A48F9F7FABCD2
:1000C000274B1B7853B103212748F9F7F3BCB1EE56
:1000D000400B01257EE7224B1B7863BB7047234C06
:1000E000092B4FF02100A4FB032E4FEADE0E0EEB8E
:1000F0008E02A3EB420202F130028DF82D207FF632
:100100007BAFA4FB0E3201387146D208C0B2092978
:1001100002EB820300F1300CAEEB43039646EC4455
:1001200003F130030CF8243CEBD865E70C4B1B784B
:10013000002BC1D1704703210D48F9F7BBBC00BFAC
:10014000FFFFFFFFFFFFEF7F000000E0FFFFEF4139
:10015000000000E0FFFFEFC12F431CEBE2360A3F37
:10016000B0330020E027002028260020CDCCCCCCC6
:1001700030260020000000000023036043608360FD
:10018000C360036143617047494B024670B540F854
:100190000C3B02F59C75FFF7EFFF002402F12403EE
:1001A00002F1300040F8044C40E903440C30A8420E
:1001B000F8D102F51075002440F8044C40E90344DE
:1001C0000C30A842F8D1002002F2FC4582F8F44439
:1001D000F6EE004A286002F59676686002F2045551
:1001E0004FF0000E4FF6FF7C2860686002F20C555D
:1001F0002860686002F23220516002F1100592ED31
:10020000057A043192ED065AD2ED037A92ED046A32
:100210001472A3F800E0033303F801ECA3F805E13E
:1002200083F807E151ED016AD1ED005AF4EEE76A77
:10023000F1EE10FAF4EEC65A77FEA67AF1EE10FA55
:10024000F4EEC76AD4BF0C462C46F1EE10FA01F169
:100250000801B4EEE55A94ED006AC2ED037A58BF86
:10026000B0EE667A82ED046AF1EE10FA77EE275A64
:10027000D8BF11ED025A9E4282ED057A75EE066AEC
:1002800082ED065A65EEA45A66EEA46AC2ED075ADC
:10029000C2ED086A20F802CFA0F8B0C0A0F860C193
:1002A000A0F810C2B5D11046BDE87040F5F7CABC41
:1002B000242200208C464FF07E5170B50446016028
:1002C00001618CB0816300201D461646206205A99D
:1002D000E062A0646065DCF80030606205931F4B4B
:1002E000A062B3F800E09A6820636063E064206570
:1002F000A065E0659CED017ADCED027A6060D3F8E0
:1003000004C0A060E0606061A061E061E06320641F
:10031000606401A8DB680A920B938DED067ACDED3F
:10032000077AADF820E0CDF824C0FEF793FE019BDC
:10033000049A2361029BE2616361039B7268A3617B
:10034000336829682362B3686262A3626A68AB6833
:10035000E162226363630CB070BD00BFBC44002047
:1003600000234FF07E52436002608360C3600261ED
:1003700043618361C361036243628362C262026359
:1003800042638263C363036443648364C364036539
:1003900043658365C36570472DE9F8430024BA4D72
:1003A0004FF47A79B94FBA4B2146DFF8908388220F
:1003B0002C7305F11A002C832B612F60C5F8148073
:1003C000B44EC5E9014901F069FB2146A5F8A240F8
:1003D000892205F1A50085F8A44001F05FFBAE4B32
:1003E0002146C5F82E41336108F15003A5F832418A
:1003F0008822347306F11A003483736185F834411E
:100400003760C6E90149C5E94E4401F047FB214682
:10041000A6F8A240892206F1A500A04D86F8A440C6
:1004200001F03CFB08F1A0032146C6F82E418822CA
:100430006B6105F11A009A4BA6F832416C602C737F
:100440002C83C5F808902B6186F834412F60C6E9EB
:100450004E4401F023FB2146A5F8A240892205F174
:10046000A50085F8A44001F019FB8E4B8E4A8F49F8
:100470001A6007F11C028E485A608E4A9C819C7358
:100480009A608D4B086007F15C009C819C379C73DF
:10049000C5F82E41A5F8324185F834418C818C7322
:1004A00048608648864A986086485F60864F874ED7
:1004B000C5E94E44864C8C60864C87491C6000F030
:1004C0003FF97F4A8449854800F03AF97C4A8249DD
:1004D000834800F035F97A4A8249834800F030F9C0
:1004E000774A8249824800F02BF9824B00224FF074
:1004F0007E515A6019609A60DA60FDF7A9FB7E4B65
:100500007E4804211A681B68317041185B0807EEA9
:10051000103A53087A4AB8EEC77B06EE103A3A60B2
:1005200020F01F03B8EEC66B9FED555B27EE057BF1
:1005300026EE056BFCEEC77B17EE902ABCEEC66B71
:100540000132028016EE102A4280BFF34F8F4FF027
:10055000E022C2F8683F20339942FAD8BFF34F8FA8
:10056000BFF36F8F337813B300254FF0E024A84614
:1005700038684FF452620021284401F08FFA3A683B
:100580002A4422F01F0302F55262BFF34F8FC4F8D2
:10059000683F20339A42FAD8BFF34F8FBFF36F8F73
:1005A00008F10108337805F552659845E0DB554BB5
:1005B000002203F5C04143F8042C43E903220C3325
:1005C0009942F8D150480126504B82825A639A636F
:1005D0008261826282864E494E4C196201F5405119
:1005E0004D4D5962DE751D60DC624C498683C0E961
:1005F0000822C0E90E22C0E9102205224260C26032
:100600004FF0FF320261C262FF2283F828204FF0D0
:100610004012C3F80A20424B294A03600423836036
:100620006FF47F03036300F08BF83E4B3E4A04F205
:100630002C613E481E7004F503731060002243F8DD
:10064000042C43E903220C339942F8D1384B0120A2
:100650003849D875FF2001F504745A639A6383F80A
:10066000280001F58460344A1D60D862C3F80A206E
:10067000C3E90814BDE8F843FDF768BBAFF3008099
:10068000F9978B952411E23ED0350020802200207E
:1006900000003F401037002000803F4050380020CD
:1006A00000C03F408035002000C01A40A035002027
:1006B00000001B4070350020C0350020B035002000
:1006C000642A00204C330020F832002075450020B9
:1006D0009035002000000242EDAE000054330020AF
:1006E0006833002011AE0000FC29002075AE000028
:1006F000B429002010CD0020A02900207033002054
:100700004833202050D5002070440020F0430020C2
:1007100044D5002020CD002064230020B96E0000C5
:10072000A41D002079450020C43D002080302020F9
:100730003044002020CF0020B0000100F0250060F0
:1007400003460846194601F0FBB900BF08B52DED78
:10075000028BB0EE408A00F007FBB4EE488AF1EE5F
:1007600010FA06D6DFED098AB4EEE88AF1EE10FA47
:1007700002D4BDEC028B08BD01F036F988EEA80A60
:10078000BDEC028B2123036008BD00BF0000000008
:100790002DE9F04F5BEC10AB2DED0A8B4FEA1B5CA3
:1007A00011EE90EA0CF1FF3640F2FD70864210EE39
:1007B000101A11EE103A89B05A4665464FEA1E5497
:1007C00000F2C680C4F30A06A6F2BE367F2E98BF9A
:1007D000002000F2BD80BFEE000BE14CE14B144461
:1007E000C4F3463503EB451693ED006B93ED027BA6
:1007F00096ED128B96ED189B96ED162B260D241573
:1008000005EE904A360593ED0C4BB8EEE55B951B73
:10081000A5EE062BA5EE079B93ED04AB93ED105BC5
:1008200093ED08BB93ED067B93ED0A6B93ED0E3BC6
:100830000C1E45EC1C4BACEE080BA0EE053BA0EEED
:10084000046B20EE0A5B30EE024B20EE058BA0EE2F
:100850000B7BA8EE036B32EE442BA8EE067B32EE48
:10086000002BB0EE483B39EE022B95EE003B34EE08
:10087000085B20EE080B34EE454B32EE036B34EE92
:10088000084B36EE046BA0EE076B35EE064B21EEFF
:10089000048B18EE902AB0EE487BC2F30A556FF431
:1008A0007273EB183E2B91EE047B35EE445B35EE14
:1008B000065BA1EE057B00F29380AB4B93ED024B00
:1008C00093ED005BB0EE441B93ED042BA8EE051BEB
:1008D00093ED066B11EE101A31EE441B01F07F020E
:1008E00093ED0E4BA1EE028BA1EE068B93ED0C6BFC
:1008F00037EE087B27EE072B921802F10F0403EB6B
:10090000C202A7EE046B92ED1C4B03EBC40293ED05
:100910000A3B93ED085B53F834605768A7EE035B1E
:100920004018002422EE023B37EE047BA219A2EE0F
:10093000057B07EB4033A3EE067B002D5FD043EC35
:10094000102BA7EE000B09B0BDEC0A8BBDE8F08FB1
:10095000D8184EEB0E09461E37466FF0010849F1D4
:10096000FF36B8456FF4001777EB0606C0F020811C
:10097000481842EB0209461E374669F10006B845A1
:100980006FF4001777EB0606C0F03981002A6ADBA6
:100990000020C4F30A06A6F2BE337F2B40F2FF7795
:1009A0004FD9724B00209A4208BF814200F0FD806F
:1009B00040F2BD35AE4240F29180012972EB030353
:1009C00034BF01230023BC428CBF00240124A34276
:1009D0000ED109B0BDEC0A8BBDE8F04F00F0E4BBCE
:1009E000002BC0F2CE80B5F5816F75D9002AF0DBFF
:1009F00009B0BDEC0A8BBDE8F04F00F0DDBBA142B1
:100A000080F21381B7EE003B03F17F5101F5001135
:100A1000104641EC150B27EE057B35EE076BB0EE6B
:100A2000C64BB4EEC34BF1EE10FA61D49FED480B08
:100A300026EE000B09B0BDEC0A8BBDE8F04F00F0CC
:100A4000EBBB002D7FF4C7AE9FED437B4BEC16ABA9
:100A500026EE077B53EC172B23F0004217EE101AFB
:100A6000A2F15072B7E6C4F30A0640F2FE308642A5
:100A70007EDD40F23340864200F3FA80801BA0F115
:100A800020054FF0FF374FF0FF39874009FA05F98D
:100A9000C0F12008019547EA09054FF0FF3727FA12
:100AA00008F945EA0905874023EA07072EEA050504
:100AB0003D435DD1019DC3400EFA08F843EA0803A7
:100AC0002EFA05FE43EA0E0303F00103980422F018
:100AD0000042CCF30A055EE70025EEE6884293412A
:100AE000B7EE000B34BF31EE000B30EE410B2AE7BE
:100AF000B5EEC06BF1EE10FA35EE465BBFEE004B83
:100B000035EE075B58BFB0EE434B36EE043B34EE98
:100B1000437B37EE067B37EE057B37EE037B37EE04
:100B2000446BB5EE406BF1EE10FA04D12A4601F0A9
:100B3000004343EC162B9FED065B8DED045B9DEDB2
:100B4000047B27EE057B8DED067B6FE7AFF300801E
:100B50000000000000001000000000000000304312
:100B6000AB6A19C0E00B0020800200200000F03FBB
:100B70004BEC10AB09B0BDEC0A8BBDE8F04F00F0B8
:100B80003BBBB7EE000B38EE000B00283FF4DBAEAA
:100B9000B1EE400BD7E64918594B82F400224FF0D2
:100BA00000005241884293415DD3B7EE000BCAE684
:100BB00050EA0904EFD0534C0025A24208BFA942D5
:100BC00047D04918504B52418D4273EB02044AD32F
:100BD000994508BFA84246D103F100439A4208BF95
:100BE000A942E2D09A426FEA0E0E34BF00220122DF
:100BF0004FEADE7E724577D09FED3D0BA3E64BECCE
:100C000017AB002A27EE070B34DB002250EA090954
:100C10005DD1BEF1000FBFF696AE104609B0BDEC37
:100C20000A8BBDE8F04F00F0CFBA03F140419FEDD1
:100C3000326B01F57001104641EC100BA7EE000B72
:100C400020EE060B09B0BDEC0A8BBDE8F04F00F0BA
:100C5000EFBADB182A4A8EF4002E4EEB0E0E9D42A0
:100C600072EB0E02A1D24BEC17AB37EE010B6AE62A
:100C700000202CE7C4F30A02A2F2FF313429C4D8C1
:100C8000C2F586624FF0FF31A2F11D05033201FA71
:100C900005F701FA02F4C2F120063C4321FA06F7F7
:100CA0003C43914023EA01012EEA04042143ACD1E4
:100CB00023FA02F20EFA06F632432EFA05F52A431B
:100CC00012F00102A2D0B1EE400B01229EE7BEF16C
:100CD000000FBFF638AEB7EE006B86EE007B8DEDF1
:100CE000027B9DED020B2EE621EE010B2BE600BFF1
:100CF0000000000000000000000000000000007F75
:100D00000000F0FF0000F03F0000E0FF00F0A4BA98
:100D100008B52DED028BF0EE408AB0EE608A00F04F
:100D200041FBF4EE488AF1EE10FA06D6DFED098AAF
:100D3000B4EE688AF1EE10FA02D0BDEC028B08BD69
:100D400000F052FE88EEA80ABDEC028B212303605E
:100D500008BD00BF0000000010EE103A23F0004371
:100D600000EE103A704700BFB1EEC00A704700BFF6
:100D700030B510EE104AC4F30A53B3F57D7FB7EED9
:100D8000C06A83B01BD226EE065BB3F5667F6ED3D6
:100D900026EE052B25EE021B734B93ED1A3B93EDCC
:100DA000187B93ED164BA5EE037BA2EE046BB0EE21
:100DB000460BA7EE010BB7EEC00B03B030BD40F2FF
:100DC0002E4293425ED8684991ED087B26EE077B60
:100DD000FDEEC77B91ED0A5B17EE903A03F5000339
:100DE0001B1613F0020F07EE903A01F1700208BFD4
:100DF0000A46D807B8EEE77BA7EE456B26EE067BE2
:100E00001BD403F0030301EBC30192ED1A4B91EDE8
:100E1000002B92ED185B26EE026B92ED163BA7EECF
:100E2000045B26EE074B27EE047BA4EE036BA5EED6
:100E3000076BB7EEC60B03B030BD92ED142B27EE57
:100E4000075B92ED126B92ED0E3BA7EE026B92EDFB
:100E50000C0B92ED104BA7EE030B27EE057BA5EED6
:100E6000040BA6EE070BB7EEC00B03B030BD220D8E
:100E700012F4FF6FDFD1B7EEC55B00EE104A8DEDC7
:100E8000015AD8E7B3F5FF6F4BD2384BC4F38362F6
:100E900003EB820053F822200569C4F31603C4F360
:100EA000C25143F400038B40016A03FB02F2A3FB2F
:100EB0000110E3FB050202F100518D0F01F04041EA
:100EC000511A00F063FD2A4B9FED257B05EBD4748E
:100ED00041EC160B14F0020FA3F1700208BF134689
:100EE000E90726EE077B27EE076B1FD404F0030407
:100EF00002EBC40293ED1A4B92ED002B93ED185BBD
:100F000027EE027B93ED163BA6EE045B27EE064B25
:100F100026EE046BA4EE037BA5EE067BB7EEC70BB3
:100F200089E703B0BDE8304000F010B993ED142B11
:100F300026EE065B93ED127B93ED0E3BA6EE027B55
:100F400093ED0C0B93ED104BA6EE030B26EE056B09
:100F5000A5EE040BA7EE060BB7EEC00B6BE700BFC8
:100F6000182D4454FB21193C281C0020E4230020A8
:100F7000981C00200000000038B510EE104AC4F3A1
:100F80000A53B3F57D7FB7EEC07A1ED227EE077BFA
:100F9000B3F5667F6FD327EE071B634B93ED142BDE
:100FA00093ED125B93ED0E3BA7EE025B93ED0C0B02
:100FB00093ED104BA7EE030B27EE017BA1EE040B84
:100FC000A5EE070BB7EEC00B38BD40F22E429342A0
:100FD00054D8554991ED086B27EE066BFDEEC66BB4
:100FE00091ED0A5B16EE903A03F500031B1613F021
:100FF000020F06EE903A01F1700208BF0A46D807C8
:10100000B8EEE66BA6EE457B27EE076B1AD503F02C
:10101000030301EBC30191ED002B92ED1A4B92ED0E
:10102000185B92ED163BA6EE045B27EE027B27EEE3
:10103000064B26EE046BA4EE037BA5EE067BB7EE13
:10104000C70B38BD92ED142B92ED127B92ED0E3B47
:1010500092ED0C0B92ED104B26EE065BA6EE027B9A
:10106000A6EE030B26EE056BA5EE040BA7EE060B12
:10107000B7EEC00B38BDB7EE000A38BDB3F5FF6F51
:101080003DD22A4BC4F3836203EB820053F8222043
:101090000569C4F31603C4F3C25143F400038B4043
:1010A000016A03FB02F2A3FB0110E3FB050202F15C
:1010B00000518D0F01F04041511A00F067FC1C4BAC
:1010C0009FED177B05EBD47441EC160B14F0020F67
:1010D000A3F1700208BF1346E90726EE077B27EE4F
:1010E000076B10D504F0030402EBC40292ED002B51
:1010F00093ED1A4B93ED185B93ED163B93E7BDE828
:10110000384000F023B893ED142B93ED127B93ED50
:101110000E3B93ED0C0B93ED104B9DE7AFF300806E
:10112000182D4454FB21193C281C0020E4230020E6
:10113000981C002010B582B08DED010A044600F025
:1011400053FC9DED010A046002B010BD70EE407AC0
:10115000B4EE400A87EEA77AF1EE10FAB0EE470A35
:1011600002D62120FFF7E6BF704700BF10B582B05E
:101170008DED000B044600F037FC9DED000B046084
:1011800002B010BD82B058B1B1EE407B8DED007B56
:101190009DED007B222020EE070B02B0FFF7E6BF9B
:1011A000B0EE407BF2E700BF9FED010BFFF7EABF17
:1011B00000000000000000109FED010BFFF7E2BFF0
:1011C000000000000000007082B00028B7EE006B45
:1011D000BFEE007B06FE077B8DED007B9DED000BD7
:1011E0009FED037B222080EE070B02B0FFF7BEBF0E
:1011F0000000000000000000B4EE400BF1EE10FA19
:1012000030EE407B87EE076BB0EE460B02D6212016
:10121000FFF7ACBF704700BFB5EE400BF1EE10FA20
:1012200000D070472220FFF7A1BF00BF00000000E0
:101230009FED076BB0EEC07BB4EE467BF1EE10FA8B
:1012400000DC70472220FFF791BF00BFAFF30080A2
:10125000FFFFFFFFFFFFEF7F10B582B0CDED010A6A
:10126000019B23F00042B2F1FF4FF0EE407A30DCF8
:1012700010EE100A20F00041B1F1FF4F29DCB3F16C
:101280007E5F40D09C1704F0020444EAD07431B36E
:1012900072B3B2F1FF4F3ED0B1F1FF4F28D0891A9F
:1012A000B1F1F45F4FEAE15232DA002B40DA3C321E
:1012B0003EDA9FED330A012C4CD0022C41D064B1B0
:1012C0009FED307ADFED307A30EE070A30EE670AB4
:1012D00003E09DED017A37EE270A02B010BD022C23
:1012E0000ED09FED2A7A032C07FE000A02B010BD33
:1012F0009FED270ADFED277A002820FE270AECE77A
:101300009FED210AE9E702B0BDE8104000F0DAB82D
:101310009FED1F0ACFE7B1F1FF4F04F1FF3420D05A
:10132000022C26D81C4B03EB840393ED000AD4E770
:101330009DED017A87EE870AFFF70EFD00F0C2F8F7
:10134000B9E79FED107ADFED107A30EE070A37EE3D
:10135000C00AC2E710EE103A03F1004300EE103A63
:10136000BBE7022C08D80D4B03EB840393ED000A76
:10137000B3E79FED030AB0E79FED090AADE700BFB1
:10138000000000002EBDBB33DB0F4940DB0F49C01E
:10139000DB0FC93FDB0FC9BF90230020842300204F
:1013A000DB0F493F30B583B0CDED010A019D35F02B
:1013B000004041D010EE10EA2EF00041B1F1FF4F95
:1013C0003ADAB0F1FF4F37DC81423BDB0EF00044EC
:1013D0003AD01EF0FF4F56D10B02002B6FF07D026A
:1013E00004DD5B00002B02F1FF32FADC15F0FF4F49
:1013F00058D103026FF07D0C03D45B000CF1FF3C6D
:10140000FBD512F17E0F47DBCEF3160E4EF4000330
:101410001CF17E0F3ADBC5F3160141F40000B2EB7C
:101420000C0204D117E00FD04B00013A13D0191A67
:101430000029F8DA5B00F8E7DDED017A60EE277A43
:1014400087EEA70A03B030BD1D4B03EB547393ED39
:10145000000A03B030BD181A58BF03461BB9F3E7A2
:101460005B000CF1FF3CB3F5000FF9DB1CF17E0FC4
:101470001DDBA3F500030CF17F0C234343EACC539F
:1014800000EE103ADEE7CA157F3AAFE76FF07D0154
:10149000A1EB0C018840C2E76FF07D039B1A01FAB3
:1014A00003F3B5E74FEAE05CACF17F0CA9E76FF01E
:1014B0007D02A2EB0C021341234300EE103AC1E778
:1014C0009C23002038B510EE105A25F00044B4F1EA
:1014D000A14FF0EE407A0ADBB4F1FF4F58DCDFEDAC
:1014E000517A9FED517A002D37FE870A38BD4F4B58
:1014F0009C425CDCB4F1445F4DDB4FF0FF3327EEE0
:10150000A76ADFED4B6ADFED4B5ADFED4B4A9FEDEB
:101510004B5A9FED4B4A26EE067A5A1CE7EE265AA6
:10152000DFED486AA5EE875AE7EE246ADFED465AFA
:10153000DFED464AE6EE875AA5EE074A9FED445A8C
:10154000DFED446AA5EE875AE4EE074ADFED425A22
:10155000E4EE876AE5EE075A66EE866A65EE875A1C
:101560003AD03E4A02EB830276EEA56A92ED007A0B
:101570003B4A96EEA77A02EB8303002DD3ED006A77
:1015800077EE677A36EEE70AB0DAB1EE400A38BD98
:1015900030EE000A38BD9FED337A30EE077AF7EE71
:1015A000006AB4EEE67AF1EE10FAA6DD38BDFFF778
:1015B000D3FB2D4B9C4216DCA3F5D0039C4227DCC9
:1015C000F0EE007ABFEE007AA0EE277A002330EE2C
:1015D000270AC7EE007A92E776EEA56AE6EEE77A8A
:1015E000B0EE670A38BD214B9C420BDCF7EE087A5F
:1015F000B7EE007AA0EE277A022330EE670AC0EE3B
:10160000077A7CE7BFEE007AC7EE007A032376E71D
:10161000F7EE007A30EE677A30EE270A0123C7EE44
:10162000007A6CE7DB0FC93FDB0FC9BFFFFFDF3E6E
:10163000D769853C59DA4B3D21A215BD356B883DF4
:101640006E2EBA3D6BF16EBD95879DBD2549123E4C
:10165000388EE3BDABAAAA3ECDCC4CBE7826002086
:1016600068260020CAF24971FFFF973FFFFF1B4029
:1016700081F0004102E000BF83F0004330B54FEA43
:1016800041044FEA430594EA050F08BF90EA020FB0
:101690001FBF54EA000C55EA020C7FEA645C7FEA43
:1016A000655C00F0E2804FEA5454D4EB5555B8BF66
:1016B0006D420CDD2C4480EA020281EA030382EAD7
:1016C000000083EA010180EA020281EA0303362D69
:1016D00088BF30BD11F0004F4FEA01314FF4801C3C
:1016E0004CEA113102D0404261EB410113F0004F4E
:1016F0004FEA03334CEA133302D0524263EB430305
:1017000094EA050F00F0A780A4F10104D5F1200EA2
:101710000DDB02FA0EFC22FA05F2801841F10001FD
:1017200003FA0EF2801843FA05F359410EE0A5F1D1
:1017300020050EF1200E012A03FA0EFC28BF4CF002
:10174000020C43FA05F3C01851EBE37101F00045B8
:1017500007D54FF0000EDCF1000C7EEB00006EEBC5
:101760000101B1F5801F1BD3B1F5001F0CD349084F
:101770005FEA30004FEA3C0C04F101044FEA4452A6
:1017800012F5800F80F09A80BCF1004F08BF5FEA2D
:10179000500C50F1000041EB045141EA050130BD0D
:1017A0005FEA4C0C404141EB0101013C28BFB1F51F
:1017B000801FE9D291F0000F04BF01460020B1FA6A
:1017C00081F308BF2033A3F10B03B3F120020CDA3D
:1017D0000C3208DD02F1140CC2F10C0201FA0CF01B
:1017E00021FA02F10CE002F11402D8BFC2F1200C80
:1017F00001FA02F120FA0CFCDCBF41EA0C01904036
:10180000E41AA2BF01EB0451294330BD6FEA04047E
:101810001F3C1CDA0C340EDC04F11404C4F1200269
:1018200020FA04F001FA02F340EA030021FA04F37B
:1018300045EA030130BDC4F10C04C4F1200220FAD2
:1018400002F001FA04F340EA0300294630BD21FA10
:1018500004F0294630BD94F0000F83F4801306BFD6
:1018600081F480110134013D4EE77FEA645C18BFCA
:101870007FEA655C29D094EA050F08BF90EA020F61
:1018800005D054EA000C04BF1946104630BD91EA59
:10189000030F1EBF0021002030BD5FEA545C05D15C
:1018A0004000494128BF41F0004130BD14F580049B
:1018B0003CBF01F5801130BD01F0004545F0FE410F
:1018C00041F470014FF0000030BD7FEA645C1ABF44
:1018D000194610467FEA655C1CBF0B46024650EA7B
:1018E000013406BF52EA033591EA030F41F40021A7
:1018F00030BD00BF90F0000F04BF0021704730B52D
:101900004FF4806404F132044FF000054FF0000101
:1019100050E700BF90F0000F04BF0021704730B5C2
:101920004FF4806404F1320410F0004548BF404297
:101930004FF000013EE700BF42004FEAE2014FEAEC
:1019400031014FEA02701FBF12F07F4393F07F4FC7
:1019500081F06051704732F07F4208BF704793F0CA
:101960007F4F04BF41F40021704730B54FF46074DD
:1019700001F0004521F000411CE700BF50EA0102E0
:1019800008BF704730B54FF000050AE050EA010289
:1019900008BF704730B511F0004502D5404261EBF9
:1019A00041014FF4806404F132045FEA915C3FF43A
:1019B000D8AE4FF003025FEADC0C18BF03325FEAD7
:1019C000DC0C18BF033202EBDC02C2F1200300FA88
:1019D00003FC20FA02F001FA03FE40EA0E0021FAAD
:1019E00002F11444BDE600BF014B1868704700BF08
:1019F000F02F0020F0B5ADF5057D04AF0093134640
:101A00004FF400720E460392394603AA054600F0D1
:101A100087FD88B104460246039B3146284601F003
:101A2000F3F8BC42039004D02846214600F016FF8C
:101A300003980DF5057DF0BD4FF0FF30F9E700BFCD
:101A400010B4054C8446134620685DF8044B0A46E2
:101A50006146FFF7CFBF00BFF02F002000B50B4C51
:101A600025681446EE681A4685B003460D464CB10B
:101A700007490095CDE901143046064901F026F8E2
:101A8000FDF7E2F904490C46F3E700BFF02F002010
:101A9000A4230020B423002090270020830730B522
:101AA00048D0541E002A3FD0CAB2034601E0013C90
:101AB0003AD303F8012B9D07F9D1032C2DD9CDB2D0
:101AC00045EA05250F2C45EA054536D9A4F1100253
:101AD00022F00F0C03F1200EE6444FEA121C03F132
:101AE000100242E9045542E9025510327245F8D11C
:101AF0000CF1010214F00C0F03EB021204F00F0CB6
:101B000013D0ACF1040323F003030433134442F86D
:101B1000045B9342FBD10CF003042CB1C9B21C440A
:101B200003F8011B9C42FBD130BD64461346002CD8
:101B3000F4D1F9E703461446BFE71A46A446E0E7A6
:101B400013460A460146022003F05ABE70B50D4EF8
:101B50000D4D761BB61006D0002455F8043B013419
:101B60009847A642F9D1094E094D761B06F07CF93B
:101B7000B61006D0002455F8043B01349847A6421D
:101B8000F9D170BDE01C0060E01C0060E81C006042
:101B9000E01C0060704700BF704700BF704700BF87
:101BA000704700BF014B93F828017047682A002056
:101BB000436C70B505460C464BB153F8240080B118
:101BC000026843F824200023C0E9033370BD2122BA
:101BD000042100F0A9FB034668640028EDD1002031
:101BE00070BD012101FA04F6721D9200284600F032
:101BF0009BFB0028F3D0C0E90146E4E731B1436C18
:101C00004A6853F82200086043F82210704700BF6A
:101C10002DE9F0410E6980460F461D4601F1140E74
:101C20000020DEF800108CB202FB0453090C4FEACE
:101C3000134C02FB01CC01309CB204EB0C448642F5
:101C40004EF8044B4FEA1C45EBDC3DB1BB68B34298
:101C500007DD07EB860301365D613E613846BDE86E
:101C6000F081796840460131FFF7A2FF0446B0B128
:101C70003A69023207F10C0192000C3000F082FC4C
:101C8000D8F844307A6853F82210396043F822704B
:101C9000274607EB860301365D613E61DEE7034BB5
:101CA00003482246BA21FFF7D9FE00BF4424002092
:101CB00058240020030C1B04D3B90004102310F097
:101CC0007F4F04BF0002083310F0704F04BF0001C3
:101CD000043310F0404F04BF80000233002805DBBE
:101CE00010F0804F03F1010308BF2023184670470E
:101CF0000023E4E7036813F0070208D0D9071FD4D4
:101D00009A0722D55B08036001221046704799B2FA
:101D100009B91B0C1022D9B209B908321B0A1907DC
:101D200004BF1B090432990704BF9B080232D9077C
:101D300003D45B0802F1010205D00360104670472E
:101D40000022104670472022DFE79B080222036032
:101D50001046704738B5436C04460D464BB1586881
:101D6000B0B102685A6000220123C0E90435C260A4
:101D700038BD2122042100F0D7FA03466064002810
:101D8000EDD1094B0948002240F24511FFF766FEEC
:101D90001C220121204600F0C7FA0028F1D00122C0
:101DA0000223C0E90123DEE7442400205824002058
:101DB0002DE9F04F0E691569AE4285B0884614468C
:101DC00005DB2A46234635460C4616469846A36848
:101DD0006168AF19BB42B8BF0131FFF7E9FE01905E
:101DE000002800F08780019B03F1140909EB870AA2
:101DF000D14505D24B46002243F8042B9A45FBD827
:101E000008F1140808EB860B04F11403D8451A46B0
:101E100003EB85055FD22B1B153B23F00303043333
:101E20001534A54238BF0423CDE902A7AC461F46AE
:101E3000924605E0090C29D1C34509F1040948D9A6
:101E400058F8041B8DB2002DF4D056464C460023A2
:101E500056F8041B22681FFA81FE90B2090C05FB9C
:101E60000E00120C034405FB012202EB13429BB24D
:101E700043EA0243B44544F8043B4FEA1243E7D82F
:101E800049F8073058F8041C090CD5D0D9F80030AF
:101E900050461A464C4600260588120C01FB0522C6
:101EA00016449BB243EA064344F8043B50F8045BF3
:101EB00022682D0C93B201FB053303EB16438445D6
:101EC0004FEA1346E8D8C34549F8073009F1040939
:101ED000B6D8DDE902A7002F02DC05E0013F03D000
:101EE0005AF8043D002BF9D0019B18461F6105B03C
:101EF000BDE8F08F034B0448019A4FF4B171FFF72E
:101F0000ADFD00BF442400205824002012F003033C
:101F10002DE9F0411446064632D10D46A41020D0DA
:101F2000D6F84080B8F1000F33D0E3074FF0000738
:101F300007D4641015D0D8F80000A8B18046E30794
:101F4000F7D5424629463046FFF732FFB5B16968FA
:101F5000736C641053F821202A6043F82150054621
:101F6000E9D12846BDE8F081424641463046FFF7B8
:101F70001FFFC8F8000007608046E0E70546D8E785
:101F8000013B0F4A52F823200023FFF741FE05468C
:101F9000C4E701213046FFF70BFE804640B1012324
:101FA00040F27122C0E90432002330640360BCE7D0
:101FB000044B0548424640F24511FFF74FFD00BF74
:101FC000A826002044240020582400202DE9F047B2
:101FD0000D4614462F69AB68496807EB62177E1CF3
:101FE0009E4280464FEA621904DD5B009E4201F189
:101FF0000101FADC4046FFF7DBFD8446002852D0A1
:10200000B9F1000F00F114020EDD09F105014FEAEC
:10201000810E134600EB8101002043F8040B8B4234
:10202000FBD1AEF114031A44296905F1140314F02D
:102030001F0E03EB81012ED0CEF1200910464FF088
:10204000000A1C6804FA0EF444EA0A0440F8044B3F
:1020500053F8044B994224FA09FAF2D84B1B153B6A
:1020600023F00303043305F11500814238BF042334
:10207000BAF1000F18BF374642F803A0D8F8443031
:102080006A68CCF8107053F822102960604643F853
:102090002250BDE8F087043A53F8040B42F8040FCD
:1020A0009942F9D8EAE7034B034862464FF4EF71CF
:1020B000FFF7D4FC44240020582400200B698446F8
:1020C0000069C01A16D10CF1140C14310CEB830208
:1020D00010B401EB830301E0944508D252F8044D9B
:1020E00053F8041D8C42F7D005D24FF0FF305DF855
:1020F000044B7047704701205DF8044B704700BFE8
:102100002DE9F84F0F691369FF1A002F0E4690460C
:102110007FD101F11405143202EB830205EB830336
:1021200001E09D4278D253F8041D52F8044DA142BB
:10213000F7D069D37168FFF73BFD8146002877D05F
:102140003569D8F81020C76008F1140E06F11400A4
:1021500009F1140A06F110010EEB820200EB85076B
:1021600056464FF0000C5EF8044B51F804BFA3B282
:102170001CFA8BFCACEB03034FEA144CCCEB1B4C6E
:102180000CEB234C9BB243EA0C43724546F8043BEC
:102190004FEA2C4CE7D8A2EB0801153908F11508D5
:1021A000424521F0030404F1040438BF0424204410
:1021B00021F0030238BF002287425244544418D908
:1021C0002646014651F8043B1CFA83FC4FEA2C4298
:1021D00002EB13421FFA8CFC4CEA02438F4246F892
:1021E000043B4FEA224CEDD8013F3F1A27F003078A
:1021F000E21923B952F8043D013D002BFAD0C9F889
:1022000010504846BDE8F88F3346012746469846A9
:1022100090E7F9DB00278DE70021FFF7C9FC814635
:1022200068B101220023C9E904234846BDE8F88FBC
:10223000064B07484A4640F24521FFF70FFC034B87
:1022400003484A4640F23721FFF708FC44240020A7
:10225000582400202DE9F043884683B0012157EC33
:10226000106B1546FFF7A4FC0446002851D0C7F3B5
:102270000A59C7F31303B9F1000F01D043F48013D7
:10228000002E019318D101A8FFF734FD019A626175
:10229000012200F120032261B9F1000F25D0A9F23B
:1022A000334909EB03022046C3F13503C8F8002087
:1022B0002B6003B0BDE8F08368460096FFF71AFD77
:1022C000034610B3DDE90002C3F1200102FA01F177
:1022D0000143DA4061610192002AA26114BF022227
:1022E00001222261B9F1000FD9D1A3F23243C8F81B
:1022F000003004EB82031869FFF7DCFCC0EB4213EB
:1023000020462B6003B0BDE8F083009A6261019A19
:10231000E2E7034B0348224640F20F31FFF79EFBF2
:10232000442400205824002038B5A1FB02148CBBA3
:1023300003F0AAFA0546E0B150F8042C22F003029B
:10234000043A242A17D8132A1AD91B2AC0E90044B0
:102350001DD9242A14BF00F1100200F118024FF019
:102360000003C0E9024404BF04614461C2E90033D0
:102370009360284638BD2146FFF790FB284638BDBC
:1023800002460023C2E900339360284638BD00F1BD
:102390000802F6E7FFF728FB0C2300250360E8E7B7
:1023A000024A0349034800F00BBC00BFE42F0020A1
:1023B00089370100802800200C4B4168994210B5F4
:1023C000044601D003F050FDA168094B994202D0A8
:1023D000204603F049FDE168064B994204D02046AF
:1023E000BDE8104003F040BD10BD00BF183701200C
:1023F00080370120E83701202DE9F8432A4C2B4B88
:102400002B48DFF8C090DFF8C0802A4F1860002505
:1024100004230822294604F15C00274E6566C4E9BE
:102420000253C4E90055C4E90455A561FFF736FB22
:10243000224B63670822294604F1C400C4E9074916
:10244000C4E90987C4E91A55C4E91E55C4F8CC503B
:102450002567C4F88050E662FFF720FB184BC4F8EC
:10246000DC30294604F16803082204F59670C4F8AC
:102470008430C4E92298C4E92476C4E93455C4E917
:102480003855C4F83451C4F8D850C4F8E850FFF7B0
:1024900005FB04F1D003C4E93C98C4E93E76C4F8D6
:1024A000EC30BDE8F88300BF183701205038012018
:1024B000C1FC000079040100990401000900010039
:1024C00012000200150401003904010010B5044691
:1024D0000A48FFF763FB636B23B9094B094A1B6882
:1024E000626323B1BDE810400448FFF759BBFFF712
:1024F00083FFBDE810400148FFF752BBE0360120E2
:1025000050380120D9FC00000148FFF747BB00BF4D
:10251000E03601200148FFF743BB00BFE036012051
:1025200030B5146815469BB01A4609B1002C19D174
:1025300000214FF42273ADF80C30009104914FF656
:10254000FF7302910591ADF80E3069461E9B00F0B5
:1025500073FB002813DB009B286000221A7004988C
:102560001BB030BD4FF4C16300910491ADF80C3045
:102570002146E4DA8B23036000201BB030BD00202D
:10258000EEE700BF844641EA000313F003036DD178
:10259000403A41D351F8043B40F8043B51F8043B26
:1025A00040F8043B51F8043B40F8043B51F8043B2D
:1025B00040F8043B51F8043B40F8043B51F8043B1D
:1025C00040F8043B51F8043B40F8043B51F8043B0D
:1025D00040F8043B51F8043B40F8043B51F8043BFD
:1025E00040F8043B51F8043B40F8043B51F8043BED
:1025F00040F8043B51F8043B40F8043B51F8043BDD
:1026000040F8043B51F8043B40F8043B51F8043BCC
:1026100040F8043B403ABDD2303211D351F8043B6C
:1026200040F8043B51F8043B40F8043B51F8043BAC
:1026300040F8043B51F8043B40F8043B103AEDD21B
:102640000C3205D351F8043B40F8043B043AF9D26C
:10265000043208D0D2071CBF11F8013B00F8013B3F
:1026600001D30B8803806046704700BF082A13D34C
:102670008B078DD010F003038AD0C3F10403D21A64
:10268000DB071CBF11F8013B00F8013B80D331F898
:10269000023B20F8023B7BE7043AD9D3013A11F818
:1026A000013B00F8013BF9D20B7803704B78437083
:1026B0008B788370604670470000000000000000C7
:1026C000000000000000000000000000000000000A
:1026D00000000000000000000000000000000000FA
:1026E00090F800F06DE9024520F007016FF0000C52
:1026F00010F0070491F820F040F049804FF00004FA
:102700006FF00700D1E9002391F840F000F10800D4
:1027100082FA4CF2A4FA8CF283FA4CF3A2FA8CF30C
:102720004BBBD1E9022382FA4CF200F10800A4FA73
:102730008CF283FA4CF3A2FA8CF3E3B9D1E90423C7
:1027400082FA4CF200F10800A4FA8CF283FA4CF3FE
:10275000A2FA8CF37BB9D1E9062301F1200182FAB8
:102760004CF200F10800A4FA8CF283FA4CF3A2FABE
:102770008CF3002BC6D0002A04BF04301A4612BACC
:10278000B2FA82F2FDE8024500EBD2007047D1E9CF
:10279000002304F00305C4F100004FEAC50514F05E
:1027A000040F91F840F00CFA05F562EA05021CBF2F
:1027B00063EA050362464FF00004A9E7F8B5244F29
:1027C0000C46064603F086FCBB685D68C4F57E6176
:1027D0000F3125F003054B1923F47F6323F00F031A
:1027E000A3F58054B4F5805F07DB0021304600F08C
:1027F000D5F9BB682B44984204D0304603F070FCF6
:102800000020F8BD6142304600F0C8F901300DD01B
:10281000104ABB682D1B45F001055D60136830460A
:102820001B1B136003F05CFC0120F8BD0021304647
:1028300000F0B4F9BA68831A0F2BDEDD43F0010310
:102840005360054B03491B68C01A0860D5E700BFF9
:10285000D42B0020E4360120DC2F0020002961D099
:10286000F8B50C46064603F035FC54F8042C7B4FB3
:10287000A4F1080522F0010105EB010CB868DCF8B1
:102880000430604523F0030300F08B80D207CCF8BE
:10289000043032D454F8082CAD1A1144AA6807F158
:1028A000080082426AD00CEB0304D4F804E0EC6820
:1028B000D4601EF0010FA26000F0978041F0010388
:1028C0006B60CCF80010B1F5007F35D27868CB088A
:1028D0000122490901338A40024357F833107A60D4
:1028E00007EBC302083AC5E9021247F83350CD603E
:1028F0003046BDE8F84003F0F3BB0CEB030252682E
:10290000D00710D4194407F10800DCF808308342DE
:1029100073D0DCF80C20DA60936041F001036B6047
:102920006950D0E7704741F00103B1F5007F44F8EA
:10293000043CCCF80010C9D3B1F5206F4FEA512305
:1029400048D28B0903F1390003F13802C300F818AB
:10295000FB580838984259D05A6822F003028A423C
:1029600002D99B689842F7D1D868C5E902308560E2
:10297000DD603046BDE8F84003F0B2BB0CEB03026B
:102980005268D20763D40B44DCE90212CA6091603A
:1029900043F001026A603046EB50BDE8F84003F0B6
:1029A0009FBB0B44D10707D454F8082CAD1A13442D
:1029B000D5E90212CA60916043F001026A60284AB8
:1029C000BD6012689A4293D8264B30461968FFF7CB
:1029D000F5FE8DE7142B0AD9542B1FD80B0B03F1EE
:1029E0006F0003F16E02C300B1E719448DE703F1F4
:1029F0005C0003F15B02C300A9E741F00103C7E9F2
:102A00000455C5E902006B60695071E7796892105E
:102A1000012404FA02F20A437A60A6E7B3F5AA7F1A
:102A200006D8CB0B03F1780003F17702C3008EE7E1
:102A300040F25452934206D88B0C03F17D0003F10F
:102A40007C02C30083E74FF47E737E227FE741F070
:102A500001036B60CCF800104AE700BFD42B0020C4
:102A6000E02F00201437012040EA01039B0730B516
:102A700001D1032A0FD8844601F1FF3E07E01EF87A
:102A8000011F03F8011B541EC1B19C462246634638
:102A9000002AF4D130BD0B468446194653F8045B36
:102AA000A5F1013424EA050414F0803FE4D1043A8E
:102AB000032A4CF8045B1946EFD8DDE79444002C58
:102AC000E8D003F8011B6345FBD130BD0EB410B54F
:102AD00083B005AB064C53F8042B019301462068E4
:102AE00001F088FE03B0BDE8104003B0704700BF9E
:102AF000F02F002010B50C46B1F90E1004F09EFD29
:102B0000002803DB236D0344236510BDA38923F450
:102B10008053A38110BD00BF2DE9F0410C46B1F9EF
:102B20000C101F46CB05054616460BD421F48051E8
:102B3000A1813B46B4F90E1032462846BDE8F0416B
:102B400000F062B8B4F90E100223002204F060FD18
:102B5000B4F90C10EAE700BF10B50C46B1F90E103D
:102B600004F056FDA389421C0EBF23F4805343F4A6
:102B700080532065A38110BDB1F90E1004F0CEB9C9
:102B800049B1FF2A02D80A70012070478A230360E6
:102B90004FF0FF3070470846704700BF38B5074D0B
:102BA0000022044608462A60F6F756FF431C00D070
:102BB00038BD2B68002BFBD0236038BD5438012072
:102BC0002DE9F84380460F4616464FF00009D6E936
:102BD0000154013D11D4A389012B05F1FF3508D91A
:102BE000B4F90E300133214603D04046B84749EAD4
:102BF00000096B1C04F16804EDD13668002EE6D1A3
:102C00004846BDE8F88300BF38B50C46084D8446F9
:102C1000114620461A4600232B606446F6F70EFF45
:102C2000431C00D038BD2B68002BFBD0236038BD7F
:102C300054380120000000002DE9F04F2DED088BE5
:102C4000D1B00C460BEE101A90460893834603F061
:102C500007F9036812931846FFF742FD20AF109062
:102C6000082200213846FEF719FFA3891B0603D569
:102C70002369002B00F0558700239FED838B9FED88
:102C8000849BCDE92533CDE91333CDE9153327AA4C
:102C90000E9324929246119304934446A1467E4B90
:102CA000D3F8E450FEF77EFF4A4603461CA900977E
:102CB0005846A847002800F0B080C0F2A6801C9AB1
:102CC000252A034601D09944E9E7B9EB04050646F5
:102CD00040F0A78000234FF0FF328DF86730984610
:102CE000069309F1010999F8003003922B2520265B
:102CF00009F10109A3F120025A2A00F2CF80DFE88E
:102D000012F0E802CD00CD00E302CD00CD00CD00F1
:102D10006A00CD00CD0005028402CD001002C90278
:102D2000CD00BD025B005B005B005B005B005B00F5
:102D30005B005B005B00CD00CD00CD00CD00CD0081
:102D4000CD00CD005301CD0083011A025301530180
:102D50005301CD00CD00CD00CD001502CD00CD003A
:102D60009602CD00CD00CD00AB01CD00AA02CD0072
:102D7000CD00E306CD00CD00CD00CD00CD00CD00CF
:102D8000CD00CD005301CD008301DE01530153017D
:102D900053017702DE017F00CD008902CD005F0282
:102DA000E0062F027F00CD00AB017C00B806CD000D
:102DB000CD00BD06CD007C00A3F13002002119F842
:102DC000013B01EB810102EB4101A3F13002092A31
:102DD000F5D906918EE7584603F042F843681593FB
:102DE0001846FFF77DFC1690584603F039F88368C3
:102DF0001393169B002B40F02D8699F8003077E74F
:102E000099F8003048F0200872E70822002138467F
:102E1000FEF744FE0123994441E7B9EB0405064659
:102E200011D0269B2B442693259B0133072BCAE9FF
:102E3000004525931CDC0AF1080A049B2B440493EB
:102E4000002E7FF447AF269B002B41F00B821BEE38
:102E5000103AB3F90C3013F0400F049B18BF4FF039
:102E6000FF330493049851B0BDEC088BBDE8F08F9C
:102E70001BEE101A24AA584604F0FAFD0028E6D1E9
:102E80000DF19C0AD9E700BF00000000000000001F
:102E9000FFFFFFFFFFFFEF7F682A00200B93002B4F
:102EA000D1D00021CDE90C118DF8DC3001238DF853
:102EB000671002930791059303910F9137AC18F0B7
:102EC0000203099302D0029B0233029318F0840399
:102ED0000A9305D1069B029A9D1A002D00F369837F
:102EE000269A89B125990DF1670001310132CAF89E
:102EF000000007294FF0010026922591CAF804002E
:102F000000F3A2830AF1080A099B83B1259B1AA941
:102F100001330232CAF80010072B4FF0020126924B
:102F20002593CAF8041000F3A3830AF1080A0A9B48
:102F3000802B00F06C82039B05995D1A002D00F335
:102F4000A58218F4807F40F00D82059BCAF80430FA
:102F50001A44259BCAF800400133072B269225937B
:102F600000F31B830AF1080A18F0040F05D0069B32
:102F700002995C1A002C00F38883049B069902983E
:102F80008142ACBF5B181B180493002A40F0B0824A
:102F900000232593079B1BB107995846FFF75EFC5A
:102FA0000DF19C0A4C4679E60B93089B073323F0FE
:102FB0000703B3EC028BB0EEC87BB4EE497BF1EEB5
:102FC00010FA089340F3E984B5EEC08BF1EE10FAE5
:102FD00001F159809DF86710AB4CAC4B28F080088C
:102FE0000B9A472AC8BF1C460023CDE90C330322A5
:102FF00007930292059203930F9300293FF45FAF6A
:10300000029B013302935AE7432B0B9303D018F032
:10301000100F00F05D85089D0822002122A837AC22
:10302000FEF73CFD22AB55F8042B2146584602F032
:10303000F1FE03460133059001F0EE82059B0895F1
:1030400023EAE37302930021CDE90C118DF8671098
:10305000079103910F9132E70B93089B1A460023C7
:103060008DF86730134653F8044B0893002C00F09A
:1030700048850B9B532B00F0EC8618F010030C9343
:1030800040F0E786039B5D1C01F0E5800C991A4631
:10309000204604F01DF80790002801F02883079BC4
:1030A0001A1B05920C9B039322EAE2720F930D9375
:1030B000079373239DF8671002920B939DE718F016
:1030C000200F0B93089B3DD0073323F007031A46CC
:1030D00011465B6851F8082B08911946002BC0F285
:1030E0000C84039B013300F09E8228F0800052EA9A
:1030F0000103029040F09982039B002B40F09A82DA
:10310000804600230393059350AC06E1089B53F8D7
:10311000042B0692002A80F21984069A08935242E0
:10312000069299F8003048F00408E1E599F800307B
:1031300048F00808DCE548F0100818F0200F0B9361
:10314000089BC1D118F0100F40F00B8418F0400F0D
:1031500000F0038433F9042B0893D1170B46BDE725
:10316000089B48F00202029253F8042B089347F69A
:103170003003ADF868307820454B119300210223CD
:103180000B900020039C8DF86700601C00F0AD8060
:10319000029820F0800852EA010040F0A480002C40
:1031A00040F0AE86002BACD1029B13F001030593D7
:1031B00000F0D18330238DF83F310DF23F14ACE0A5
:1031C00018F0200F40F0D48318F0100F40F09F86C5
:1031D00018F0400F40F0978718F4007F00F09786B2
:1031E000089B049953F8042B089311704C4655E53D
:1031F00099F80030682B03BF99F8013048F4007843
:1032000009F1010948F0400872E599F800308DF89D
:1032100067506DE599F800306C2B03BF99F80130C9
:1032200048F0200809F1010948F0100860E50B9307
:1032300048F0100818F0200100F05183089B073374
:1032400023F00703596853F8082B089328F4806388
:103250000293002395E70B9348F010030293029B1F
:1032600013F0200100F02983089B073323F00703A4
:10327000596853F8082B0893012382E799F8003026
:1032800048F0800834E500BF2426002028260020CE
:1032900034260020494611F8013B2A2B01F04982CF
:1032A000A3F13002092A894698BF002101F2448126
:1032B00019F8013B01EB810102EB4101A3F130025E
:1032C000092AF5D9039115E599F8003048F001086D
:1032D0000EE59DF86730002B7FF48FAD99F8003034
:1032E0008DF8676004E5CDF80880012B00F09D8122
:1032F000022B50AC20D1119802F00F031209C35CCD
:1033000004F8013D42EA0172090952EA0103F3D1CE
:1033100050AB1B1BDDF808800593059A03989DF8B8
:10332000671082424FF00003B8BF0246CDE90C336C
:10333000079302920F9360E602F00703D20842EA75
:103340004172C908303352EA0105204604F8013DB4
:10335000F2D1029AD10700F14D8250AB1B1B90466F
:103360000593DAE70B9B652B40F3D480B5EE408BD9
:10337000F1EE10FA40F0C181259BBA49CAF800105D
:10338000013301320121072B26922593CAF804103C
:1033900000F351850AF1080A1B9B0E998B4280F2BB
:1033A000D082109B12991A44CAE90013259B2692D9
:1033B0000133072B259300F397830AF1080A0E9B2C
:1033C0005C1E002C7FF7D0AD102C259B40F36E8542
:1033D0001BEE106A102505E00AF1080A103C102CBB
:1033E00040F364850133A0491032072BCAE9001568
:1033F000CDE92532F0DD24AA3146584604F038FBE9
:1034000000287ED1DDE925320DF19C0AE6E7069B16
:1034100002995D1A002D7FF78EAD102D259B21DDC1
:10342000099410261BEE104A04E0103D102D0AF1FD
:10343000080A16DD01338C491032072BCAE9001641
:10344000CDE92532F1DD24AA214658460DF19C0A2A
:1034500004F00EFB002854D1103D102DDDE925327B
:10346000E8DC099C8049CAF8045001332A44072B40
:10347000CDE92532CAF8001000F32685039B059993
:103480005D1A002D0AF1080A7FF75BAD102D259B10
:103490001FDD514610261BEE10AA04E0103D102D32
:1034A00001F1080114DD01336F481032072BC1E927
:1034B0000006CDE92532F1DD24AA5146584604F034
:1034C000D7FAF0B9103D102DDDE9253227A9EADC45
:1034D0008A4601336449CAF804502A44072BCDE9CF
:1034E0002532CAF8001000F3DA810AF1080A28E54B
:1034F0001BEE101A24AA584604F0BAFA00283FF42A
:1035000047AD079B002B3FF4A2AC07995846FFF745
:10351000A5F99CE40E9B012B40F37A81259BCAF808
:103520000040013301320121072B26922593CAF86E
:10353000041000F3F8810AF1080A10991298013377
:103540000A44072BCAE90001CDE9253200F3DD81E9
:103550000AF1080AB5EE408BF1EE10FA00F077811F
:103560000E990133013901340A44072BCAF800408F
:103570002593CAF80410269200F35B810AF1080A29
:103580001499CAF8041001330A44072B1EA9CDE987
:103590002532CAF800107FF7E5AC1BEE101A24AAFA
:1035A000584604F065FA0028ABD1269A0DF19C0A22
:1035B000DAE4102DDDE925122C4E24DD17941023BA
:1035C0001BEE104A084604E0103D102D0AF1080ACF
:1035D00017DD013010320728CAE90063CDE9250262
:1035E000F2DD24AA214658460DF19C0A04F040FA67
:1035F000002886D1103D102DDDE925024FF0100383
:10360000E7DC179C014601312A440729CDE9251240
:10361000CAF80060CAF8045000F3BD839DF8671033
:103620000AF1080A5DE4CDF808800A2A71F1000366
:1036300080F0458330320123DDF808808DF83F218A
:1036400005930DF23F1468E61BEE101A24AA5846A3
:1036500004F00EFA00287FF454AF269A0DF19C0A6C
:1036600052E400BF64260020602800208826002045
:103670001BEE101A24AA584604F0FAF900287FF429
:1036800040AF269A0DF19C0A51E4102C259BBE4EAA
:103690001FDD1BEE108A102504E0103C102C0AF1EF
:1036A000080A16DD01331032072BCAE90065CDE99F
:1036B0002532F2DD24AA414658460DF19C0A04F059
:1036C000D7F900287FF41DAF103C102CDDE925321E
:1036D000E8DC01332244072BCAE90064CDE9253236
:1036E0007FF74BAC1BEE101A24AA584604F0C0F921
:1036F00000287FF406AF269A3FE41B99002940F387
:103700005A830C9E0E9B9E42A8BF1E46002E0BDDC8
:10371000259B01333244072BCAE9004626922593A4
:1037200000F389860AF1080A0C9D002EA8BFAD1B84
:10373000002D00F303820C9B18F4806F2344059343
:1037400040F01F821B9B0E998B4203DB18F0010F88
:1037500000F0CF84109912980A44CAE90001259913
:10376000269201310729259100F3A5860AF1080A5E
:103770000E996518CC1A059BED1AA542A8BF2546DF
:10378000002D0DDDCAF80030259BCAF80450013326
:103790002A44072B2692259300F3BB860AF1080AD8
:1037A000002DA8BF641B002C7FF7DEAB102C259BDF
:1037B00040F37C831BEE106A102505E00AF1080A2D
:1037C000103C102C40F37283013370491032072BE8
:1037D000CAE90015CDE92532F0DD24AA3146584664
:1037E00004F046F900287FF48CAEDDE925320DF1B6
:1037F0009C0AE5E7302B3FF48BAD3023023804F808
:10380000013C50AB1B1ADDF808800593044684E5A3
:1038100018F0010F7FF482AE259BCAF800400133F7
:1038200001320121072B26922593CAF804107FF755
:10383000A5AE1BEE101A24AA584604F019F9002868
:103840007FF45FAEDDE925320DF19C0A98E60E9912
:103850004C1E002C7FF794AE102C40F361831BEEBE
:10386000106A102505E00AF1080A103C102C40F3FC
:103870005783013345491032072BCAE90015CDE9BA
:103880002532F0DD24AA3146584604F0F1F800282C
:103890007FF437AEDDE925320DF19C0AE5E71BEE3A
:1038A000101A24AA584604F0E3F800287FF429AE41
:1038B000269A0DF19C0AFFF744BB029B13F01003FC
:1038C00040F0C180029A12F0400200F07A8308981A
:1038D00050F8042B0890194692B2012351E418F0D5
:1038E000100355D118F0400200F05D83089850F89D
:1038F000042B0890194692B2A8E4524261EB4101B0
:10390000CDF808802D2001233CE41BEE101A24AAD8
:10391000584604F0ADF800287FF4F3ADDDE9253218
:103920000DF19C0A16E61BEE101A24AA584604F064
:103930009FF800287FF4E5ADDDE925320DF19C0A02
:10394000FBE518F0010F3FF40FAB2AE5089399F857
:103950000030FFF7CDB950ACDFE418F4007F40F041
:10396000DB8353F8042B0893D1170B46FFF7B6BB44
:10397000089B049853F8041B0893C217C1E900027E
:103980004C46FFF78BB900BF882600206028002036
:10399000089B53F8042B089358E4B4EE488BF1EEDF
:1039A00010FA80F194860B9B612B00F05285412B1D
:1039B00000F0C085039B01330B9B23F0200500F032
:1039C0008084472D04D1039B002B08BF0123039360
:1039D00018EE903A002B48F480724646C0F21886E2
:1039E000B0EE48AB00239046099307930B9B413BF5
:1039F000252B00F29883DFE813F06F0496039603FB
:103A0000960368046C049603960396039603960344
:103A100096039603960396039603960396039603DE
:103A200096039603960396039603960396039603CE
:103A300096039603960396039603960396039603BE
:103A4000960368046C04089B53F8042B0893012325
:103A5000FFF797BB139B002B3FF4CFA9139B1B7859
:103A6000002B3FF4CAA999F8003048F48068FFF7AA
:103A70003FB90B93CDF80880FFF7F1BB0B939A4B3E
:103A8000119318F0200100F00581089B073323F003
:103A90000703596853F8082B089318F0010F0AD050
:103AA00052EA010307D00B9B8DF86930302348F0B0
:103AB00002088DF8683028F4806302930223FFF730
:103AC00060BB0B93FFF7B6BB0B93884B1193D8E702
:103AD000089B012153F8042B02918DF8DC200893F8
:103AE000059137ACFFF7AFBA1BEE101A24AA58465F
:103AF00003F0BEFF00287FF404AD269A0DF19C0A66
:103B00005DE4039B0794062B224628BF06230394FB
:103B10002146CDE90C22764C029305930F92FFF7D4
:103B20006CBA4021584601F0AFFE206020610028A9
:103B300000F00F8640236361FFF79EB8102D259B90
:103B400040F35D82514610261BEE10AA04E00831B6
:103B5000103D102D40F35282013366481032072B7E
:103B6000C1E90006CDE92532F1DD24AA51465846C7
:103B700003F07EFF00287FF4C4ACDDE9253227A9DD
:103B8000E6E70E9BCDF82490E31803930D9BCDF848
:103B90002880139E059DDDF85890DDF83C800B943D
:103BA0001BEE101A5046002B34D0B8F1000F35D15F
:103BB0000D9B013B013E0D93159BC0E90039259BF0
:103BC00001334A44072B269225936CDC0830039B73
:103BD00096F800C05B1B6345A8BF6346002B9A465E
:103BE0000CDD259C01341A44072CC0E900532692B1
:103BF000259400F3778196F800C00830BAF1000FE1
:103C0000ACBFACEB0A046446002C0ADC65440D9B97
:103C1000002BCAD1B8F1000F00F0AC8308F1FF38D7
:103C2000CAE7102CDDF894C024DD05954FF0100A8A
:103C300063460D4604E0103C102C00F1080016DD30
:103C400001332C491032072BC0E9001ACDE9253287
:103C5000F1DD24AA2946584603F00AFF00287FF424
:103C600050AC103C102CDDE9253227A8E8DC2946B1
:103C7000059D9C460CF1010322444460072B1D4C1A
:103C80000460CDE9253200F3C68396F800C0083001
:103C90006544BCE718F0100300F0C280089B53F89D
:103CA000042B0893F9E624AA5846059103F0E0FE98
:103CB00000287FF426AC269A059927A887E7029862
:103CC000CDF81CA050AC00F4806000250AEE10BABC
:103CD000094BDDF84CA0CDF81490A3464FF0050831
:103CE000AC46044610E000BF3426002048260020E1
:103CF0005C26002060280020CDCCCCCC0A2A71F1B3
:103D0000000136D34A463146501840F10000A3FB6B
:103D1000005626F0030505EB9605401B151A4FF0DB
:103D2000CC3661F1000E06FB05F6A5FB039503FBFF
:103D30000E6609F0010E2E44AEFB085E2D184FEA08
:103D4000590930350BF8015C49EAC6790CF1010CD0
:103D50000BF1FF3B7608002CD0D09AF80000844588
:103D6000CCD1BCF1FF0FC9D00A2A71F1000180F05B
:103D70008F815C4650AB1B1BDDF81490CDF84CA036
:103D80001AEE10BADDF81CA0DDF80880CDF838C0B6
:103D90000593FFF7C2BA1BEE101A24AA584603F087
:103DA00067FE00287FF4ADAB9DF86710269A0DF1F1
:103DB0009C0AFFF796B8259BBE48CAF8000001335D
:103DC00001320120072B26922593CAF8040000F344
:103DD00077810AF1080A002940F0AF800E9908F0B7
:103DE00001030B433FF4C0A8109B12991A44CAE97F
:103DF0000013259B26920133072B259300F3528253
:103E00000AF1080A0E99CAF8004001330A44072B48
:103E1000CDE92532CAF804107FF7A4A8FFF7BDBB8F
:103E200018F0400200F0DD80089850F8042B08904C
:103E3000194692B231E61BEE101A24AA584603F036
:103E400017FE00287FF45DAB269A0DF19C0AFFF760
:103E5000A3BA22AE0822002130461D94FDF71EFEB3
:103E6000039B5A1C00F0DB800025CDF80890CDF8AC
:103E70001C809946A8460CE037A9584601F0CAFFB5
:103E8000431C404400F0C883484508DC00F0188417
:103E900080461D9A525933460435002AECD1CDF89C
:103EA0001480DDF80890DDF81C80C5E001338249FC
:103EB000CAF804402244072BCAF80010CDE9253285
:103EC0007FF750A8FFF769BB1BEE101A24AA5846CB
:103ED00003F0CEFD00287FF414AB269A0DF19C0A66
:103EE000FFF729B824AA5846059103F0C1FD002820
:103EF0007FF407AB96F800C0269A059927A87DE6BF
:103F0000012BCDF808807FF4F3A9FFF793BB089B42
:103F1000049953F8042B4C4611600893FEF7BEBE7B
:103F200001336549CAF804402244072BCDE9253204
:103F3000CAF800107FF722AB7BE4109B12981A445A
:103F4000CAE90003259B26920133072B259300F332
:103F5000A9810AF1080A0029BFF654AF4D42103179
:103F600080F20F831BEE101A102605E00AF1080AF2
:103F7000103D102D40F3058301334F481032072BBD
:103F8000CAE90006CDE92532F0DD24AA584603919E
:103F900003F06EFD00287FF4B4AADDE92532039911
:103FA0000DF19C0AE4E7089B18F400711ABF114652
:103FB00053F8042B53F8042B089318BFD2B2FFF721
:103FC00045B9029B13F40071089B1ABF114653F8C0
:103FD000042B53F8042B089318BFD2B20123FFF728
:103FE000D0B8089B18F400711ABF114653F8042B7F
:103FF00053F8042B089318BFD2B24EE58A4601331A
:104000002D49CAF804502A44072BCDE92532CAF8B5
:10401000001000F339810AF1080AFFF78CBB002376
:10402000194600961DAA584602F060F8034601336F
:10403000059000F0F1821D94059B002B4ED0632B60
:1040400000F318810023079337AC08220021304683
:10405000FDF724FD059D00962B461DAA21465846D6
:1040600002F044F8854240F07C83059A0023A35473
:1040700022EAE272CDE90C339DF8671003930292B5
:104080000F93FEF7BABF2D218DF86710FEF7A4BF7E
:10409000169B1599ABEB030B1A465846FEF7E4FC4A
:1040A0009AF80120054B0AB10AF1010A4FF0000C01
:1040B00028E600BF6426002060280020CDCCCCCCB0
:1040C0001BEE101A24AA584603F0D2FC00287FF4F5
:1040D00018AA1B99269A0DF19C0A7CE6059B9DF86F
:1040E00067100F93CDE90233CDE90C330793FEF748
:1040F00084BF0E99059865182D1ACC1AA542A8BF41
:104100002546FFF74DBB089B049953F8042B0893F1
:1041100011804C46FEF7C2BD13F9042B0893D1174A
:104120000B46FEF7DBBF039A022122AB01931DABC6
:10413000009358461BABB0EE4A0B029202F078F89F
:10414000472D029A044600F06181462D104405D1A6
:104150002378302B00F06F821B9A1044B5EE40ABF1
:10416000F1EE10FA40F0468103461B1B0E93472DDB
:1041700000F01081462D00F0B5811B9B0C930C9B29
:10418000412D03F1FF331B9300F0E5819DF82C20B6
:104190000021002BB8BF0C9B8DF87820BABFC3F16B
:1041A00001032D222B22092B8DF8792040F3DA818F
:1041B0000DF18F05DFF81CC42A4610468CFB032145
:1041C000DA17C2EBA10202EB8201A3EB410130310D
:1041D00000F8011C19466329134600F1FF32ECDC9C
:1041E0003033D9B2831E9D4202F8011C40F28B820B
:1041F00013460DF17A0201E013F8011B02F8011BCE
:104200009D42F9D10DF191030DF17A021B1A13446D
:104210001EAA9B1A14930E9B149A012B1A44059202
:1042200040F30382059B109A1344059326F48063A0
:10423000059A43F480780023CDE90C3322EAE27238
:104240000F930292099B002B40F0B1809DF86710FC
:104250000393FEF7D2BE2046FEF742FA02460590CF
:10426000FEF720BF1BEE101A24AA584603F000FCEC
:10427000FEF7EDBD591C584601F006FB0446002828
:1042800000F0CA810790E0E61BEE101A24AA5846F7
:1042900003F0EEFB00287FF434A9269A0DF19C0A66
:1042A000FFF749BA1BEE101A24AA584603F0E0FBA8
:1042B00000287FF426A9DDE925321B990DF19C0A1F
:1042C00049E606230393FFF783BB039B02215A1C95
:1042D0002BE7039A032128E71BA8B0EE4A0B02F054
:1042E00047FFB4EE007B20EE070BB5EE400BF1EE7E
:1042F00010FA01D101231B93B348039BB3EE005B7B
:10430000013B224604E0B5EE400BF1EE10FA13D06B
:1043100020EE050BFDEEC07BB3F1FF3F17EE901AC8
:10432000415CB8EEE76B944630EE460B02F8011B99
:10433000194603F1FF33E6D1B6EE006BB4EEC60BBF
:10434000F1EE10FA00F34881B4EE460BF1EE10FAEC
:1043500004D117EE903ADB0700F13E81002906DB1D
:104360004B1C1344302102F8011B9342FBD1131B59
:104370000E93FCE60B9C0E9BDDF82490DDF8288064
:104380001396E3189D42294628BF19468246059197
:10439000FFF7D8B91B9B0C93DA1C02DB039A9342FC
:1043A0000CDD0B9B023B0B9323F02005E7E62D2150
:1043B00000238DF867100393FEF722BE0C9B0E9A24
:1043C0009342C0F2BD80F0070C9B40F13281109AFD
:1043D00013440593710503D50C9B002B00F3358125
:1043E000059B23EAE373029367230B9300230F9348
:1043F0000D9327E7229B8342BFF4B7AE30215A1CAE
:1044000022921970229B9842F9D8AEE6F30700F188
:10441000A780229BA9E624AA5846059103F028FB11
:1044200000287FF46EA896F800C0269A059927A860
:104430006544FFF7ECBB1BEE101A24AA584603F0A4
:1044400017FB00287FF45DA8269A0DF19C0AFFF760
:104450006BB978238DF8693030238DF86830039B71
:10446000632B48F0020600F3A6800023079337ACC5
:1044700018EE903A002B48F481782BDBB0EE48AB75
:104480000B9B23F02005002309930B9B612B7FF4EA
:10449000ADAAB0EE4A0B1BA802F06AFEB4EE007B98
:1044A00020EE070BB5EE400BF1EE10FA01D101231F
:1044B0001B93464821E71BEE101A24AA584603F026
:1044C000D7FA00287FF41DA81B9B269A0DF19C0AA1
:1044D000FFF74EB90B9B23F020052D230993B1EE76
:1044E00048ABD2E71B9A0C92002A06F0010340F376
:1044F0000D8103990B4340F0CF800C9B05936623FD
:104500000B93720500F1A380059B23EAE3730293EA
:104510006CE71BEE101A24AA584603F0A9FA0028EB
:104520007EF4EFAF1B9C0E9B269A1C1B0DF19C0A80
:10453000FFF736B958238DE700220392FEF7DABB66
:104540000E9B109A9A180C9B0592002B40F3AB809F
:1045500067230B93D5E70B9A0F32D2B2012118E6ED
:10456000A018FBE5002940F0A88030228DF87A20C1
:104570000DF17B02303302F8013B1EABD31A1493CA
:1045800049E601331249CAF804502A44072BCDE901
:104590002532CAF800107FF733AC1BEE101A24AA9C
:1045A000584603F065FA00287EF4ABAFDDE925320A
:1045B0000DF19C0A26E4591C584601F065F90446A1
:1045C00050B3079054E700BF48260020342600204F
:1045D0006028002067666666CDF888C012F8011C66
:1045E00090F80FC0614513460AD14FF0300E03F822
:1045F00001EC229B591E229113F8011C8C45F6D028
:10460000392916BF0131817AC9B203F8011CAEE61F
:1046100000239046079360E71BEE102AB2F90C3096
:1046200043F040039381FEF716BCF5077FF5FEAD1E
:10463000F8E50593CEE6B5EE40ABF1EE10FA3FF4A7
:104640008BADC2F101021B9287E567230B9313998F
:104650000B78FF2B79D000250C9A284603E0013017
:104660000131FF2B08D0934206DAD21A4B78002B87
:10467000F5D10B780135F4E70C9213910D900F955D
:104680000F9A0D9B16991344059A01FB032305937A
:1046900023EAE3730293D5E5109BD31819446623EC
:1046A00005910B932DE7C3F101031A4422EAE2734B
:1046B0000293672305920B9398E60DF17A0259E76E
:1046C000039BDDF80890DDF81C800593B4E418EE38
:1046D000903A002BB4BF2D219DF86710254C264B36
:1046E000B8BF8DF8671028F08008FEF779BC039BEF
:1046F0000293059373239DF8671003900F900D901C
:104700000B93FEF77ABC0223149384E5039A1343B8
:1047100005D10123662202930B92059366E6109B56
:1047200001331A4422EAE2730293662305920B9343
:104730005CE6089A99F80130894652F8041B089201
:1047400041EAE1710391FEF7D3BA00230F930D9371
:1047500096E70C23CBF800304FF0FF330493FEF7BD
:1047600081BB1BEE102A938943F040039381FEF72F
:10477000C8BE00BF2C260020302600202DE9F84FAF
:104780004B6E9C0490462DD59368126843B38B46BC
:10479000064602F1080959E9025A5FEA9A0715D05C
:1047A000043D002401E0A7420ED055F8041F5A46EC
:1047B000304602F0AFFF431C04F10104F3D10023A3
:1047C000C8E90133BDE8F88FD8F808302AF0030AA9
:1047D000A3EB0A03C8F8083009F10809002BDAD165
:1047E0000020ECE702F0CAFF0023C8E90133BDE86E
:1047F000F88F00BF2DE9F04F2DED028BC5B00DF104
:10480000500A834608EE101A164600210822504628
:104810001C460793FDF742F9BBF1000F04D0DBF80B
:104820003430002B00F0A08618EE102A536EDB0700
:1048300040F11385B2F90C108AB295040BD418EE2E
:10484000103A41F4005199815B6E8AB218EE101A49
:1048500023F400534B66100740F1058118EE103A1F
:104860001B69002B00F0FF8002F01A030A2B00F0F6
:104870000A810023CDE91933CDE90D331BAA0C932E
:10488000189291460B930593B0464446A84BD3F833
:10489000E450FDF787F92246034612A9CDF800A09F
:1048A0005846A847002800F04581C0F23981129A85
:1048B000252A034601D01C44E8E7B4EB0806054668
:1048C00040F03C81002361788DF8433004F1010809
:1048D00006934FF0FF371E462B2408F10108A1F183
:1048E00020035A2B00F27881DFE813F0B50276013D
:1048F0007601B0027601760176016A0076017601D2
:104900007D028D02760188029702760192025B0099
:104910005B005B005B005B005B005B005B005B00BF
:1049200076017601760176017601760176017601CF
:1049300076015C02840076017601760176017601CB
:1049400076017601760176017601E800760176013E
:10495000760133027601DA02760176018B05760163
:10496000760176017601760176017601760176018F
:1049700076015C028600760176017601CD02860022
:104980007F007601C0027601FD02EA00ED027F00A1
:10499000760133027C006905760176016B057601AC
:1049A0007C00A1F13003002218F8011B02EB820207
:1049B00003EB4202A1F13003092BF5D906928EE7F1
:1049C000584601F04DFA43680D931846FDF788FEEE
:1049D0000E900546584601F043FA83680B93002D6C
:1049E00040F0D68498F8001077E798F8001046F069
:1049F000200672E746F01006B40640F18E81079B50
:104A0000073323F007031A46596852F8083B079208
:104A10000A460029C0F27084791C00F0A28526F0B5
:104A20008001039153EA020100F03F840A2B72F1E6
:104A3000000180F0418530338DF80F31039E012352
:104A400004930DF20F14049BBB42B8BF3B46039383
:104A5000002308939DF84330002B00F0CB80039B8C
:104A600001330393C6E018EE101A584618EE105A98
:104A700001F05EFA002840F05286AA8902F01A037B
:104A80000A2B7FF4F6AE18EE101AB1F90E30002B97
:104A9000FFF6EFAE4B6EDB0702D4970540F11286AE
:104AA00018EE101A23463246584600F069FE05906B
:104AB000059845B0BDEC028BBDE8F08F46F01006BE
:104AC00016F0200200F03681079B073323F007031E
:104AD00019465A6851F8083B079126F48061039102
:104AE000002100208DF84300781C00F0108203980C
:104AF00020F0800653EA020040F00882002F40F0C8
:104B00003885002940F0D583039B13F001030493FB
:104B100000F0118430238DF80F310DF20F1492E75D
:104B2000082200215046FCF7B9FF01231C44ADE6E2
:104B3000682A0020B4EB080605461BD0199B1A9A78
:104B400001333244072BC9E900861A9219931CDD00
:104B5000002A00F0A68318EE101A18AA5846FFF78C
:104B60000DFE20BB0DF16C09059B33440593002D10
:104B70007FF4A8AE1A9B002B40F0C18518EE103AC6
:104B80000022B3F90C30199215E009F10809EBE79E
:104B900018EE101A18AA5846FFF7F0FD002800F08A
:104BA000A680089B1BB108995846FDF757FE18EEE2
:104BB000103AB3F90C3018EE102A526E12F0010FB1
:104BC0009AB200F0A080500600F1B285059845B079
:104BD000BDEC028BBDE8F08F0029CBD000238DF80F
:104BE00043300123CDE903338DF8AC102BAC002307
:104BF00008931F4616F00203099302D0039B023369
:104C0000039316F084030A9305D1069B039A9D1A19
:104C1000002D00F37B82DDE91903411C9DF8432040
:104C200082B101220133C9F8042007290DF14302A2
:104C3000CDE91913C9F8002000F34A82084609F1AA
:104C400008090131099AE2B111AA0233C9F800201A
:104C500007294FF00202CDE91913C9F8042040F3E7
:104C60005082002B00F0438318EE101A18AA584601
:104C7000FFF784FD002894D1DDE919030DF16C09DB
:104C8000411C0A9A802A00F08481049ABD1A002DE2
:104C900000F3D781049AC9F8004013440729CDE9ED
:104CA0001913C9F8042040F36E81002B00F07582BF
:104CB00018EE101A18AA5846FFF760FD00287FF476
:104CC00070AF1A9B0DF16C09750705D5069A03990B
:104CD000541A002C00F36B82DDE905210398814210
:104CE000ACBF521812180592002B7FF451AF0899EF
:104CF00000231993002900F049815846FDF7AEFDC5
:104D00000DF16C09C1E59C053FF55DAF18EE104A49
:104D1000A06DFCF745FFA28955E7F006079A00F160
:104D20001F83710640F1198332F9043B0792DA17A9
:104D300011466EE616F01003079940F0098316F04D
:104D4000400000F001831A4651F8043B07919BB2E2
:104D5000C3E6079B1A4600238DF84330134653F8E9
:104D6000044B0393002C00F01284532900F0658358
:104D700016F0100540F061837B1C00F0B3843A46C6
:104D80002946204602F0A4F90890002800F09F84EC
:104D9000031B039A049323EAE3732F4607920393BA
:104DA000089557E6432902D0F50640F12D83079D6B
:104DB0000822002116A82BACFCF770FE16AB55F8A4
:104DC000042B2146584601F025F803460133049090
:104DD00000F0B384049B079523EAE3730393002355
:104DE0008DF8433003E7079B53F8042B0692002A03
:104DF00080F29C82069A5242CDE9062398F8001070
:104E000046F0040669E598F800108DF8434064E523
:104E100098F8001046F080065FE5424612F8011B44
:104E20002A2900F09684A1F13003092B90464FF017
:104E300000073FF654AD18F8011B07EB870703EB9B
:104E40004707A1F13003092BF5D948E598F8001080
:104E500046F0010641E59DF84330002B7FF4C2ADDA
:104E6000202398F800108DF8433036E598F80010AC
:104E70006C2903BF98F8011046F0200608F10108DC
:104E800046F0100629E598F80010682903BF98F845
:104E9000011046F4007608F1010846F040061CE5D2
:104EA00046F010030393039B13F0200200F00682E8
:104EB000079B073323F0070319465A6851F8083B4C
:104EC000079101210DE6079A46F00203039352F879
:104ED000043B079247F63002ADF84420B84A0C92E2
:104EE00002210022FDE5B70600F14882F50600F137
:104EF0004683740600F1D583B00540F14083079BDB
:104F0000059953F8042B07931170BEE40396012909
:104F10003FF48CAD022944AC11D10C9803F00F0181
:104F20001B09415C04F8011D43EA0273120953EAAC
:104F30000201F3D1039E44AB1B1B049383E503F0F2
:104F40000701DB0843EA4273D208303153EA020515
:104F5000204604F8011DF2D1039EF307EBD530295A
:104F6000E8D03023023804F8013C44AB1B1A039EFE
:104F70000493044667E5049B1B9401221C931A9337
:104F800019920DF16C0909F108099DE60DF16C0902
:104F90007BE4069A039D551B002D7FF776AE102DFE
:104FA00040F3BB83099418EE104A07E000F1020CAD
:104FB00009F108091046103D102D1EDD8149C9F880
:104FC0000010421C10331021072ACDE91923C9F81B
:104FD0000410EBDD18AA002B74D0214658460DF1C1
:104FE0006C09FFF7CBFB00287FF4DBADDDE919038B
:104FF000103D102D00F1010CE0DC099C714AC9F84C
:1050000004502B44BCF1070FCDE919C3C9F80020A7
:1050100040F39481002B00F01F8318EE101A18AA99
:105020005846FFF7ABFB00287FF4BBAD049ADDE9DF
:105030001903BD1A002D00F101010DF16C097FF774
:1050400029AE102D29DD0994102718EE104A07E02B
:1050500000F1020C09F108091046103D102D1ADD6F
:10506000421C58491033072AC9E90017CDE9192312
:10507000EEDD18AA03B3214658460DF16C09FFF77F
:105080007DFB00287FF48DADDDE91903103D102D67
:1050900000F1010CE4DC099C61464A4AC9F804505D
:1050A0002B440729CDE91913C9F8002000F3E78044
:1050B00009F108090131EDE54FF0010C18460DF139
:1050C0006C09CAE74FF0010C18460DF16C0972E744
:1050D000002B00F0048118EE101A18AA5846FFF7AA
:1050E0004DFB00287FF45DADDDE919030DF16C097E
:1050F000411CA7E5022311AA1C931B9201210DF16B
:105100006C09084609F10809411CBAE5102D40F365
:10511000E582DDE919130F94084618EE104A07E0FE
:1051200000F1020C09F108091046103D102D1DDD9B
:105130002549C9F80010421C10331021072ACDE977
:105140001923C9F80410EBDD18AA03B32146584609
:105150000DF16C09FFF712FB00287FF422ADDDE9A9
:105160001903103D102D00F1010CE1DC0F9C60468D
:10517000154AC9F804502B440728CDE91903C9F88A
:10518000002000F3C18009F10809411C46E51846DA
:105190004FF0010C0DF16C09C7E77607199353D551
:1051A000069A0399541A002C4EDD0DF16C09102C4F
:1051B00040F3B082199918EE106A10250DE000BF77
:1051C000342600207028002098260020881C09F131
:1051D00008091146103C102C1ADD4A1CB348103344
:1051E000072AC9E90005CDE91923EFDD18AA33B371
:1051F00031465846FFF7C2FA00287FF4D2ACDDE909
:105200001913103C102C01F101000DF16C09E4DCC4
:10521000A64AC9F8044023440728CDE91903C9F870
:1052200000207FF759AD7BB118EE101A18AA584626
:10523000FFF7A4FA00287FF4B4AC1A9B4CE50120D8
:1052400019460DF16C09C5E7DDE9053203998A427B
:10525000ACBF9B185B18059349E5B2F90C108F059C
:1052600018EE103A8AB23FF5E8AA18EE105A986D77
:10527000FCF794FCB5F90C108AB2FFF7DEBA002BEC
:105280003FF479AE18EE101A18AA5846FFF776FACE
:1052900000287FF486AC19991A9B01310DF16C0935
:1052A000F8E419920DF16C095EE4002F7FF4C3ABB2
:1052B000039E0027049744ACFFF7C5BB039B13F084
:1052C000100354D1039A12F0400000F06B8107994B
:1052D0001A4651F8043B07919BB2012101E4099A57
:1052E000002A64D1184601210DF16C09C9E401219D
:1052F00018460DF16C09C4E45B4262EB420203966E
:105300002D200121FFF7EEBB002B00F0888018EE66
:10531000101A18AA5846FFF731FA00287FF441AC5A
:10532000DDE919030DF16C09411C77E498F80010D0
:105330000793FFF7D2BA44ACFFF785BB09F1080920
:105340000CF101016046A0E416F4007240F0978170
:1053500051F8043B0791FFF7C0BBB30500F188810A
:1053600052F8043B0792DA171146FFF752BB079930
:1053700051F8043B07910121FFF7B3BB079B059848
:1053800053F8041B0793C217C1E90002FFF77DBA67
:105390000B9B002B3FF426AB0B9B1B78002B3FF4A1
:1053A00021AB98F8001046F48066FFF796BA022306
:1053B00011AA1C931B9201200DF16C09A2E6039621
:1053C00071E53B4B0C9316F0200259D0079B073335
:1053D00023F0070318465A6850F8083B0790F40773
:1053E00009D553EA020006D08DF84510302146F069
:1053F00002068DF8441026F4806103910221FFF724
:1054000070BB2C4B0C93DEE7079B012153F8042B58
:1054100003918DF8AC20079304912BACDFE49DF849
:105420004320002A40F03281099A002A7FF462AEBC
:10543000184601210DF16C0927E40021082216A865
:105440001394FCF72BFB791C00F0BC80002507941B
:105450002C460CE02BA9584600F0DCFC421C2044F2
:1054600000F06B81B84208DC00F070810446139AAA
:10547000525916AB0435002AECD10494079CAFE0D6
:1054800016F0100307980CD116F0400405D01A4608
:1054900050F8043B07909BB2A1E716F4007240F06D
:1054A000E18050F8043B079099E700BF9826002060
:1054B00034260020482600200399049744AC9E46D9
:1054C00008EE90BA01F480664FF0000C234606E027
:1054D000BEF10A0F72F1000239D3A6462A46A64948
:1054E0001EEB020040F100000F46A1FB001424F067
:1054F000030101EB9401401ABEEB00014FF0CC35E3
:1055000062F1000405FB01F507FB0455A1FB07410F
:105510000D44052704F00101A1FB071B09186408CD
:10552000303103F8011C44EAC5740CF1010C013B55
:105530006D08002ECCD00B9909786145C8D1BCF11B
:10554000FF0FC5D0BEF10A0F72F100026CD21C46EB
:1055500044AB1B1B049F039E049318EE90BAFFF705
:1055600072BA0396FFF762BA5846FCF7AFFFFFF72F
:105570005BB9012903967FF4CDACFFF75CBA079BBA
:10558000059953F8042B11600793FFF77EB9062F96
:105590003B46039A794C079228BF06230493039352
:1055A000FFF725BB039B079913F4007214BF51F852
:1055B000043B51F8043B07911CBF0246DBB20121BA
:1055C000FFF78FBA16AB00930023194613AA58466B
:1055D00000F08CFD03460133049000F0AE8013947C
:1055E000049B002B30D0632B63DC002308932BAC8F
:1055F0000822002116A8FCF751FA049D16AB00936F
:1056000013AA2B462146584600F070FD854240F013
:10561000AB80039B049A07930023A3541F4622EAFE
:10562000E2730393FFF716BA0E9A0D999B1A184668
:105630000893FDF719FA0B99089B4A780AB10131D2
:105640000B914FF0000C48E7039B0793049B0393D7
:105650001F460893FFF7FEB9012118460DF16C09AA
:10566000FFF713BB50F8043B07902246DBB2B6E6C7
:1056700012F9043B0792DA171146FFF7CAB951F83D
:10568000043B07910246DBB2FFF727BA01231C93C4
:1056900001210DF143031B930DF16C090B46FFF73C
:1056A000CDBA079B059953F8042B07931180FFF798
:1056B000ECB8591C584600F0E7F8044600283CD0E6
:1056C000089095E7886DFCF76BFAFFF7E9B9039B43
:1056D0000793CDE90377089FFFF7BCB919981A9B88
:1056E000013045E5039B07932046FCF7F9FF20EACC
:1056F000E0732F46049003930895FFF7ABB918EEBB
:10570000101A18AA5846FFF739F800283FF436AAAD
:10571000FFF74DBA199801307AE58C466EE46B6E4E
:10572000D90705D4AB899A0502D4A86DFCF738FADD
:105730004FF0FF330593FFF749BA18EE102AB2F97C
:105740000C3043F040039381FFF735BA079C049770
:1057500046E7079B98F8011053F8047B079390469F
:1057600047EAE777FFF7B9B818EE102A938943F0B4
:1057700040039381FFF715BACDCCCCCC5C2600203A
:1057800070B50C468989ADF58E6D21F00201ADF83A
:105790001410616E1B91E189ADF81610E169099151
:1057A000616A0B911CA9029106914FF48061064633
:1057B0000491079118A80021CDE900320891FCF767
:1057C000E9F9DDE9003202A93046FFF713F8051EBA
:1057D00007DB02A9304601F04BFC002818BF4FF050
:1057E000FF35BDF814305B0603D5A38943F04003B1
:1057F000A3811898FCF7D0F928460DF58E6D70BD81
:105800002DE9F047DFF87CA00646DAF8000098465C
:105810000F469146FCF7C2F9184B1C6824B3656823
:105820001F2D24DC5EB96B1C0235DAF800006360C2
:1058300044F82570FCF7B4F90020BDE8F08704EBCC
:1058400085010123C1F88890D4F88821AB401A4320
:10585000022EC4F88821C1F80881E4D1D4F88C2143
:105860001A43C4F88C21DEE7054C1C60D7E7DAF850
:105870000000FCF795F94FF0FF30DEE744350120DA
:1058800048350120602A00202DE9F04F01F10B0678
:10589000162E83B0044624D8102900F2BA8000F0F6
:1058A00019FC102618220220B54F3A44A2F1080133
:1058B00053688B4200F0BA805A68D96822F003021C
:1058C0001A449D68E9608D60516841F001012046ED
:1058D000516003F1080500F003FC284603B0BDE861
:1058E000F08F36F0070600F19480B14200F291800B
:1058F00000F0F0FBB6F5FC7FC0F09A81730A00F06F
:105900008F80042B00F26F81B30903F1390003F19A
:10591000380CC3009A4F3B44A3F108055B689D42D5
:1059200006D10CE0002980F22781DB689D4206D079
:105930005A6822F00302911B0F29F3DD60463D698E
:10594000DFF850C265457CD06A6822F00302931BE1
:105950000F2B00F37B81002BC7E904CC80F26C8114
:10596000B2F5007F80F01A81D308796801334FEADD
:10597000521E012202FA0EF20A4357F833E0C5F82C
:1059800008E007EBC3010839E9607A6047F8335053
:10599000CEF80C50831001219940914257D8114202
:1059A00006D120F003004900114200F10400FAD0B2
:1059B00007EBC0094D468646D5F80C80454508D111
:1059C0001DE1002B80F22481D8F80C80454500F0C1
:1059D0001681D8F8042022F00302931B0F2BF0DD70
:1059E0002046D8E9025408EB060146F00106C8F843
:1059F0000460EC60A56043F00104C7E90411C1E94B
:105A000002CC4C6048F8023000F06AFB08F108054F
:105A100002E00C2323600025284603B0BDE8F08F88
:105A20004FF4007340204FF03F0C73E7D3689A4265
:105A300008BF02307FF440AF3D69DFF858C16545CB
:105A400082D17A688310012199409142A7D9BD681B
:105A50006B6823F003094E4503D8A9EB06030F2B0F
:105A60007ADCDFF834B1474BDBF800201B680132E9
:105A7000334405EB090A00F0338103F580530F33FB
:105A800023F47F6828F00F0841462046FDF786F88A
:105A9000411C024600F0F380824500F2EE803A4B52
:105AA000196841441960084600F04E81DBF8001087
:105AB000019301311BBFA2EB0A010918CBF80020AA
:105AC000196012F0070B00F01781CBF108010A44AE
:105AD000CBF5805190440831A1EB0801C1F30B0ACA
:105AE000514620460092FDF759F8421CDDE900239B
:105AF00000F04F81801A00EB0A081968BA6048F07C
:105B000001005144BD425060196000F02981B9F193
:105B10000F0F40F227816868A9F10C0C2CF0070CDC
:105B200000F0010040EA0C0068604FF0050E05EB44
:105B30000C00BCF10F0FC0E901EE00F23281506899
:105B40001546124B1A688A4238BF1960104B1A6802
:105B50008A4238BF196094E0AA1943F0010346F065
:105B600001066E602046BA60536000F0B9FA08354D
:105B7000284603B0BDE8F08FD9681A44A1E600BFFB
:105B8000D42B002014370120E43601200C370120EB
:105B900010370120DC2B0020DC2F0020B2F5206F15
:105BA0004FEA522363D3142B00F2B78003F15C0158
:105BB000C9005B3307EB010E7958AEF1080E8E4534
:105BC00000F091804B6823F00303934202D9896867
:105BD0008E45F7D1D1F80CE07A68C5E9021ECEF8FF
:105BE0000850CD60D6E6142B59D9542B00F29D8075
:105BF000330B03F16F0003F16E0CC3008AE60EF164
:105C0000010E1EF0030F05F108057FF4D5AE51E03B
:105C1000424445465368D8F80C1043F001035360E2
:105C200055F8083F2046D9608B6000F059FAF3E63A
:105C3000F00806F1080237E62A442046536843F08C
:105C400001035360083500F04BFAE5E6A919204638
:105C500046F0010643F001046E60C7E90411C1E992
:105C600002CC4C60AB5000F03BFA0835D4E6930907
:105C700003F13901C90038339CE7BD425FD0BD68EC
:105C8000686820F003084645A8EB060302D80F2BEE
:105C90003FF762AF204600F023FA0025BCE603F18F
:105CA0005C0003F15B0CC30034E659F808394B453E
:105CB00040F0968010F0030F00F1FF30F5D17B68C3
:105CC00023EA01037B60490099423FF6C0AE19B94F
:105CD000BDE649000EF1040E1942FAD0704667E69F
:105CE00003F11008D0E69A104FF001087B6808FA1B
:105CF00002F21A437A6070E702EB08014942C1F3ED
:105D00000B0A514620460092FCF748FF431CDDE990
:105D100000237FF4EFAEDA46EFE6542B25D8130BC1
:105D200003F16F01C9006E3344E7B3F5AA7F25D8AC
:105D3000F30B03F1780003F1770CC300EAE5294B7C
:105D4000186840441860B1E6CAF30B0CBCF1000FB0
:105D50007FF4ACAEBD68C84448F001006860F0E66E
:105D60001546EEE60123536094E7B3F5AA7F23D8E6
:105D7000D30B03F17801C90077331BE740F254528B
:105D8000934223D8B30C03F17D0003F17C0CC300D4
:105D9000C0E5ABF1080BD844A8EB02084FF0000AAD
:105DA000ABE605F1080120460093FCF757FDBD68FE
:105DB000009B68681968C4E640F254518B420BD8C6
:105DC000930C03F17D01C9007C33F3E64FF47E733D
:105DD0007F204FF07E0C9DE54FF47E717E23E9E637
:105DE0007B6870E7E436012082B049B15AB16BB1EB
:105DF00013780B601278101E18BF012002B0704794
:105E000001A9002AF3D1104602B070476FF00100DB
:105E1000F4E700BF70B5054684B05BB11C4669B1BC
:105E20000E4B2846D3F8E0602346B047431C0FD002
:105E300004B070BD00F582740029F1D1074A2346F1
:105E4000D2F8E06028460A4601A9B047431CEFD1CA
:105E500000228A2322602B6004B070BD682A0020D3
:105E600000487047582B002070B500294BD00646DB
:105E70000C4610B1436B002B48D0636ED80734D565
:105E8000B4F90C30002B3ED02146304601F058F8D2
:105E9000E36A054633B1E169304698470028B8BF48
:105EA0004FF0FF35A3891A063CD4216B41B104F1B0
:105EB0004003994202D03046FCF7D0FC0023236314
:105EC000616C21B13046FCF7C9FC00236364FCF728
:105ED0001BFB636E0022DB07A2811FD5A06DFBF7C1
:105EE0005BFEFCF717FB284670BDA3899905CBD450
:105EF000A06DFBF753FEB4F90C30002BC4D1656ED6
:105F000015F0010505D00025284670BDFCF7DEFA26
:105F1000B3E7A06DFBF744FE284670BDA06DFBF70C
:105F20003FFEDBE721693046FCF798FCBDE700BF88
:105F300038B5314B1B6805460C4613B15A6B002A25
:105F40004ED0B4F90C3018079AB21CD5216929B388
:105F500012F0010007D00020A06060694042A061FB
:105F600039B1002038BD950758BF6069A06000298D
:105F7000F7D1120658BF0846F4D543F04003A38179
:105F80004FF0FF3038BDD1062ED5520714D4216909
:105F900043F00803A3819AB20029D9D102F42070FA
:105FA000B0F5007FD4D02146284600F027F8B4F998
:105FB0000C3021699AB2CBE7216B51B104F1400258
:105FC000914204D02846FCF749FCB4F90C30002279
:105FD000226321690022C4E9001223F02403D7E7D9
:105FE0001846FCF773FAACE7092243F040032A6035
:105FF0004FF0FF30A38138BDF02F00202DE9F04194
:106000008B890C46990796B008D504F14303012209
:10601000C4E90432236016B0BDE8F081B4F90E1073
:106020000029064625DB6A4601F0CAFA00281FDB74
:10603000019D05F47045A5F50055B5FA85F54FF4B9
:1060400080686D094FF4006741463046FFF71CFC3D
:10605000E0B1B4F90C30C4F8148043F08003206040
:106060002061A38135BB3B43A38116B0BDE8F0811D
:10607000A38913F0800519D04FF040080025414650
:1060800030462F46FFF700FC0028E2D1B4F90C306F
:106090009A05C0D423F0030304F1430243F0020342
:1060A0000121C4E90421A3812260B4E74FF4806890
:1060B0002F46C9E7B4F90E10304601F097FA10B92F
:1060C000B4F90C30CFE7A38923F0030343F00103B5
:1060D0001BB2C8E70148FBF761BD00BFDC360120F9
:1060E0000148FBF75DBD00BFDC36012010B582B072
:1060F000049CCDE900344FF0FF3301F091FE02B073
:1061000010BD00BF2DE9F04F03690C69A34283B0B5
:10611000C0F28780013C01F11405A30000F11408CE
:10612000009355F8243058F82420013381469A42D0
:1061300008EB840005EB84070190B2FBF3F63BD338
:106140004FF0000CAE464046E24663465EF804BBA4
:1061500002681FFA8BFC06FB0C334FEA134C4FEA24
:106160001B4B06FB0BCC9BB2AAEB03031FFA8CFA6A
:1061700013FA82F3CAEB124202EB23429BB243EAC8
:106180000243774540F8043B4FEA224A4FEA1C435A
:10619000DCD2009B58F8033073B9019B043B98454F
:1061A00004D307E0984504F1FF3403D253F80429DF
:1061B000002AF7D0C9F810404846FBF77FFF0028B7
:1061C0002BDB01364146002355F8040BD1F800C003
:1061D00082B29A1A030C12FA8CF2C3EB1C4303EB43
:1061E000224392B242EA0342AF4241F8042B4FEA03
:1061F0002343E9D258F8242008EB84036AB9043B0E
:10620000984504D307E0984504F1FF3403D253F8CE
:106210000429002AF7D0C9F81040304603B0BDE881
:10622000F08F002003B0BDE8F08F00BF0000000039
:106230002DE9F04F2DED028B8FB08DED020B01910A
:10624000816B1A9D059357EC106B0446934641B140
:10625000C26B4A60012393408B60FBF7CFFC0023A5
:10626000A363B7F10008B4BF012300232B60BE4B2A
:10627000BCBF28F00048CDF80C8033EA080300F0DA
:106280009F809DED028BB5EE408BF1EE10FA11D19F
:10629000059A012313601B9B002B00F03F82B34B38
:1062A0001B9A1360013B009300980FB0BDEC028B6A
:1062B000BDE8F08F0CAA0DA92046B0EE480BFBF705
:1062C000C9FF5FEA1853054640F09280DDE90C13E0
:1062D0000B4403F23242202A40F3FA82C2F1400218
:1062E00008FA02F803F21242D64048EA060207EE24
:1062F000102AB8EE477B581E17EE906A53EC172B06
:106300004FF0010AA6F1F8739FED913B9FED927B50
:106310009FED935B06EE900A43EC122BB8EEE64B32
:10632000B7EE086B32EE466BA6EE037BA4EE057B60
:10633000FDEEC76BB5EEC07BF1EE10FA16EE907A6B
:1063400008D5B8EEE66BB4EE476BF1EE10FA18BF65
:1063500007F1FF37162F00F24581854B03EBC7038A
:1063600093ED007BB4EEC78BF1EE10FA57D5091A06
:106370000023B1F1010807F1FF370A9300F13981D9
:1063800000230693002F52DA069B0497DB1B06932B
:106390007B420893019B092B4FF000074ED8052B39
:1063A00040F39D82043B01930026019B9A1E032A21
:1063B00000F22581DFE812F0AA03A7039D037E0304
:1063C000059AC8F3130842F20F7358EA06081360DF
:1063D0001ED11B9B002B00F09185664B0093083368
:1063E0001B9A009813600FB0BDEC028BBDE8F08FD4
:1063F00018EE906AC6F31306A3F2FF3053EC182B85
:1064000046F07F530C994FF0000A43F440137BE7AA
:106410001B9B002B40F03B83574B009344E7091A2A
:106420000023B1F101080A9300F1E38006930023F1
:106430000893019B0497092BB844B0D90023012687
:10644000019307964FF0FF399B460021E163CDF899
:106450002C902046FBF7ACFB0090002800F0408514
:10646000009BA363B9F10E0F00F2DC80002E00F058
:10647000D980049B002B40F3DE833D4A03F00F01DB
:1064800002EBC10292ED007B1A11DB0540F1828321
:106490003A4991ED086B02F00F02032088EE065B8B
:1064A0005AB13649D60704D591ED006B013027EE7D
:1064B000067B521001F10801F4D185EE076B0A9BAF
:1064C0003BB1B7EE007BB4EEC76BF1EE10FA00F112
:1064D000AE8407EE900AB8EEE75BB1EE0C7BA5EE5A
:1064E000067B17EE902A51EC170BA2F15071B9F10F
:1064F000000F00F08883049E4A46079B002B00F0A3
:106500004784B6EE003B1A4BFDEEC64B03EBC20CC4
:10651000B8EEE47B36EE477B1CED026B83EE065B48
:1065200041EC160B14EE900A35EE465B0099B4EE82
:10653000C75B3030F1EE10FA01F8010B00F3AC84C8
:10654000B7EE002BB2EE044B4FF0000C31E000BF71
:1065500061436F63A787D23FB3C8608B288AC63F69
:10656000FB799F501344D33F0000F07F6526002045
:10657000180B0020B8250020C4250020F00A0020B8
:106580000CF1010C94454DDA27EE047B25EE045BFB
:10659000FDEEC76B16EE903AB8EEE63B303337EEC1
:1065A000437BB4EEC57BF1EE10FA01F8013B00F13C
:1065B000738432EE476BB4EEC56BF1EE10FADFD5A3
:1065C000009A049602E08A4200F05084894611F84D
:1065D000013D392BF7D00133DBB20B70049B013343
:1065E000049355E1091A0123B1F101080A937FF5DB
:1065F000C7AEC1F1010306934FF00008C2E60026C2
:10660000E66331462046FBF7D3FA0090002800F0FD
:106610006784009BA3634FF0FF330B9399460123DC
:10662000B34607930D9A002A55DB04990E2952DCD4
:10663000B74BBBF1000F03EBC10393ED006B15DA11
:10664000B9F1000F12DC40F0F282B1EE047B26EECD
:10665000077BB4EEC78BF1EE10FACA464E4600F245
:106660006D82DDF800806FEA0B0B70E288EE067B2E
:10667000BDEEC77B009917EE103AB9F1010F03F197
:106680003003B8EEC75B01F8013BA5EE468B00F086
:106690003483B2EE044B012311E088EE067BBDEE9D
:1066A000C77B013317EE102A4B4502F13002B8EEDA
:1066B000C75B01F8012BA5EE468B00F01E8328EE88
:1066C000048BB5EE408BF1EE10FAE6D1049B01335A
:1066D00004938946DCE0079B43B3019B012B40F305
:1066E0007682089B09F1FF3A534580F23F82089B6E
:1066F000CDF820A0AAEB030217444FF0000AB9F12D
:10670000000FC0F22583069B09934B44C8440693AF
:1067100001212046FBF71EFB06460CE07D4B009353
:1067200000980FB0BDEC028BBDE8F08F069BDDF842
:1067300020A0079E0993099B6BB1B8F1000F0ADDF9
:10674000434506991A46A8BF4246891A9B1A0691E4
:106750000993A8EB0208089B63B1079B002B00F08C
:10676000A782BAF1000F00F30482089BB3EB0A0280
:1067700040F0FF8201212046FBF7ECFA002F824611
:1067800000F3AF80019B012B40F387810023089326
:106790000120002F40F0B180404410F01F0000F0B5
:1067A0007A81C0F12002042A00F3888040F0F6814B
:1067B000069B002B05DD29461A462046FBF706FC02
:1067C0000546B8F1000F05DD514642462046FBF76D
:1067D000FDFB82460A9B002B40F03F81B9F1000F80
:1067E00040F32581079B002B40F0A380049B0133DD
:1067F0000493DDF80080012707E0294600230A22E0
:106800002046FBF705FA0137054651462846FFF7B3
:1068100079FCB94500F1300008F8010BEDDCB9F165
:10682000000F009ACCBFCB464FF0010B03469344B8
:1068300000272946012220460193FBF7C7FB51465A
:106840000546FBF73BFC002840F3AF811BF8013CF9
:10685000009A0BF1FF3B04E05A4500F0B1811BF8B0
:10686000013D392B0BF10109F6D001338BF80030D3
:1068700051462046FBF7C2F956B12FB1B74203D0BB
:1068800039462046FBF7BAF931462046FBF7B6F900
:1068900029462046FBF7B2F9002389F80030DDE9EC
:1068A00004231A601B9B002B3FF4FEAC0098C3F836
:1068B00000900FB0BDEC028BBDE8F08FC0F11C0062
:1068C000069B03440693099B0344099380446FE7A6
:1068D000C2F1200206FA02F207EE102A09E50126AB
:1068E00063E501463A462046FBF710FB019B012B6E
:1068F000824640F3C58100230893DAF810200AEBA2
:1069000082021069FBF7D6F9C0F1200044E700BF0E
:10691000180B002064260020314600230A2220465E
:10692000FBF776F90B9B002B064640F3CE820497CB
:106930009946099B002B05DD31461A462046FBF798
:1069400045FB0646089B002B40F0EB81B046029BBE
:10695000009F03F001027B1E4B440893019B0A92A7
:106960001343099351462846FFF7CCFB3146834633
:106970002846FBF7A3FB4246514681462046FBF7DB
:10698000BFFBC26801460BF13003002A42D1CDE9BA
:1069900006032846FBF792FB069902902046FBF778
:1069A0002DF9029A079B1AB90999002900F07E82F5
:1069B000B9F1000FC0F28381019949EA01090A99EE
:1069C00051EA090900F07B81002A00F3C681089A88
:1069D0003B7007F101099742CB4600F0C48129467C
:1069E00000230A222046FBF713F9464505463146A7
:1069F0004FF000034FF00A02204612D0FBF708F9CF
:106A00004146064600230A222046FBF701F94F467D
:106A10008046A7E720460293FBF7F0F8029B01228D
:106A2000C6E7FBF7F5F84F46064680469AE7019B16
:106A3000022B71DC079B002B7FF47BAF049B51463C
:106A4000013328460493FFF75DFBDDF800B000F149
:106A500030030BF8013B0027EBE651462846FBF7D5
:106A60002DFB0028BFF6BAAE294600230A22204695
:106A7000FBF7CEF8049B5F1E079B0546002B7FF4B7
:106A80004BAF0B9B002B40F318829946B1E6BC4BF1
:106A900000930333A4E41C2012E7DDE9020100287F
:106AA0007FF474AEC1F31302002A00F0F480029B5D
:106AB00008936DE601230793049B5B4403F10109EE
:106AC000B9F1010FCC460B93B8BF4FF0010C002178
:106AD000BCF1170FE1637FF7BCAC01200422520028
:106AE00002F114036345014600F10100F7D9E163A7
:106AF000AFE401230793BBF1000F52DDCDF82CB0BA
:106B0000D946DC46E3E700230793D5E70023079344
:106B1000F1E7DDF82C900497B9F1000F7FF4A1ADF7
:106B200051464B4605222046FBF772F80146824645
:106B30002846FBF7C3FA00287FF793AD049B03F1C7
:106B4000010B009B3122984603F8012B009351461C
:106B50002046FBF753F80BF10103DDF80090049396
:106B6000CDF80080002E7FF48FAE91E6A3EB0A0AE9
:106B7000C5E5314652462046FBF7C8F92A4601468C
:106B800006462046FBF714F9294605462046FBF742
:106B900035F8EAE50220B0EE485B81E4C0F13C0044
:106BA0008EE64FF0010BD9464FE403D1019BDB0782
:106BB0003FF54CAED9461BF8013D302BFAD057E6D5
:106BC000049B009A013304933123137050E6BAF109
:106BD000000F00F0238102F23342069B0993134415
:106BE000DDF820A00693904492E507EE900AB1EEFE
:106BF0000C5BB8EEE77BA6EE075B15EE902A51EC36
:106C0000150BA2F1507141EC150BB1EE047B36EE81
:106C1000477BB4EEC57BF1EE10FA00F33781B1EE9D
:106C2000455BB4EEC57BF1EE10FA7FF5FBAC4FF09F
:106C3000000A564615E500F0F580049B51495A427A
:106C400002F00F0001EBC00191ED006B121128EE74
:106C5000066B00F04281B0EE467B4B4900260220D5
:106C6000D30705D591ED005B0130012627EE057BAA
:106C7000521001F10801F3D1002E06FE076B1EE44D
:106C8000029B002B7FF437AEDDE90201C1F3130252
:106C9000002A40F037813D4A0A40002A00F0FA807D
:106CA000069B01330693012308F1010808936FE561
:106CB0002946089A2046FBF729F905465AE5002A95
:106CC00012DD2946012220460193FBF77FF9514648
:106CD0000546FBF7F3F90028019B40F3E180392BCF
:106CE00000F0CA800BF13103B94609F8013B049B5F
:106CF0000133374604934646BAE538EE088BB4EEC6
:106D0000C68BF1EE10FA0ADCB4EE468BF1EE10FA07
:106D10007FF4DCAC17EE103AD8077FF5D7AC009AB9
:106D200054E471682046FAF743FF0746002800F054
:106D3000DE80336902339A0006F10C010C30FBF758
:106D400021FC394601222046FBF740F98046FEE54A
:106D5000069BA3EB09030993DAE4392B00F08C803E
:106D6000B9460133C1E7049A0132374604924646D8
:106D70005FE529462046FBF7C9F80546FAE400BF5F
:106D8000C4250020180B0020F00A00200000F07F2E
:106D90005E4BFDEEC65B03EBC20C1CED023BB8EE96
:106DA000E57B36EE477B41EC160B15EE901A23EE91
:106DB000063B00983031012A00F8011B00F0838067
:106DC000B2EE044B009B991827EE047BFDEEC76BD7
:106DD00016EE903A303300F8013B8142B8EEE65BA4
:106DE00037EE457BF0D1B6EE006B33EE065BB4EECA
:106DF000C75BF1EE10FA3FF5E3AB36EE436BB4EE52
:106E0000C76BF1EE10FA7FF70DAC8946013919F81E
:106E1000013C302BF9D0731C049339E50C9AC2F174
:106E20003602DAE60220B0EE486BFFF748BBB9F154
:106E3000000F3FF4DAAE0B9A002A7FF7F3ABB2EE05
:106E4000044B26EE046B013007EE900A049BB8EE6B
:106E5000E75BB1EE0C7BA6EE057B17EE90CA51EC1A
:106E6000170B5E1EACF15071FFF747BB049B01335B
:106E700004933123FFF7B1BB049BBB46013304935A
:106E8000392337460BF8013B4646E1E44FF0000A50
:106E9000564653E608927BE4731C04938946F7E454
:106EA0007FF422AFDA077FF51FAF18E7392BE3D065
:106EB000B9F1000F3FF716AF16E7019B022B3FF722
:106EC00028AE0497BAE501468DE7019B022B3FF7F8
:106ED00020AEDDF82C9004972BE50220FFF7EFBAE7
:106EE0000B4B0C48002240F2AF11FAF7B7FD084BEC
:106EF00008483A4640F2EF21FAF7B0FD064B0093FE
:106F0000FFF7D2B9029B0893F7E400BF180B0020EB
:106F100044240020C8250020B825002038B5074D9E
:106F20000022044608462A60F2F7B2FD431C00D056
:106F300038BD2B68002BFBD0236038BD54380120AE
:106F4000B1F90C202DE9F0410C461107804647D4D9
:106F5000636842F40062002BA2815EDDA56A002D09
:106F600058D00023D8F80060C8F8003093B212F46B
:106F7000805256D10123E1694046A847431C67D09F
:106F8000A389A56A5F0705D56368C01A236B0BB197
:106F9000E36BC01AE169024600234046A847411C42
:106FA00041D1D8F80030002B3DD01D2B01D0162B3D
:106FB00056D1A3892269226023F400630021616015
:106FC000A381216BC8F8006021B304F1400399420A
:106FD00002D04046FBF742FC00202063BDE8F08170
:106FE0002669BEB193B2256826609A070CBF636913
:106FF0000023AD1BA3600BE02B463246E169676AB4
:107000004046B847B0F1000CA5EB0C05664417DD0F
:10701000002DF1DC0020BDE8F081E36B002B9DDC4E
:10702000F8E7206DAEE7B4F90C302269226023F452
:107030000063A3810022DB046260C2D52065C0E743
:10704000A38943F040034FF0FF30A381BDE8F081F6
:10705000D8F80030002B93D01D2B06D0162B04D06F
:10706000A38943F04003A381D5E7C8F80060D1E7C6
:1070700038B50C46054608B1436B03B3B4F90C00B0
:1070800088B1636EDB0701D481050FD52846214600
:10709000FFF756FF636EDA07054602D4A3899B0506
:1070A00008D5284638BD0546284638BDA06DFAF7F4
:1070B00075FDEBE7A06DFAF773FD284638BDFBF7C9
:1070C00005FADBE7000000000000000000000000FF
:1070D00001F0FF01102A2BDB10F0070F08D010F889
:1070E000013B013A8B422DD010F0070F42B3F6D18D
:1070F000F0B441EA012141EA014122F007047FF0A6
:1071000000070023F0E80256083C85EA010586EAFC
:10711000010685FA47F5A3FA87F586FA47F6A5FA38
:1071200087F68EB9EED1F0BC01F0FF0102F0070244
:1071300032B110F8013B013A83EA010313B1F8D1EF
:107140000020704701387047002D06BF35460338D0
:10715000073815F0010F07D1013015F4807F02BF09
:10716000013015F4C03F0130F0BC0138704700BF5A
:1071700030B482B08DED000B019A194C22F000431F
:107180000021A342016021DC009C1C431ED0154C51
:10719000144054B99FED107B20EE077B8DED007BF2
:1071A000019A6FF0350122F0004322F0FF42DDE941
:1071B000004522F4E00242F07F551B1545F400150E
:1071C000A3F2FE33CDE900450B4403609DED000BB7
:1071D00002B030BC704700BF000000000000504308
:1071E000FFFFEF7F0000F07F2DE9F84F17460029E1
:1071F00000F098800C4607F10B058046FEF76AFF09
:10720000162D54F8041C5BD810252A46AF425CD8D2
:1072100021F003069642A4F1080962DABC4BD3F8C8
:1072200008C009EB0600844500F09780D0F804C040
:107230002CF0010303445B68DB0768D42CF0030CDB
:1072400006EB0C03934247DACB0710D454F8083C02
:10725000A9EB030ADAF8043023F003018C44B444A8
:10726000944580F211817318934280F2E880394688
:107270004046FEF709FB0746E0B154F8043C23F012
:1072800001034B44A0F10802934200F0D280321F68
:10729000242A00F2F580132A00F2AC80034622462D
:1072A000116819605168596092689A602146404699
:1072B000FBF7D4FA4046FEF713FF3846BDE8F88FD7
:1072C00025F00705002D2A46A0DA0C23C8F8003067
:1072D00000273846BDE8F88F1E46D0E90223D36068
:1072E0009A60731B0F2B22D8D9F8043003F00103E6
:1072F00033434E44C9F80430736843F001037360AC
:1073000040462746FEF7ECFE3846BDE8F88FC90731
:10731000ADD454F8083CA9EB030ADAF8041021F0C4
:107320000301A0E7BDE8F84F1146FEF7ADBAD9F862
:10733000042009EB050102F001024E4443F0010371
:107340002A43C9F804204B60736843F001030831F5
:1073500073604046FBF782FAD2E7DCF8040020F0C5
:10736000030B06EB0B0C05F1100084454DDAC90741
:107370003FF57DAF54F8081CA9EB010ADAF80410B8
:1073800021F003018B44B34458453FF76CAF574697
:10739000DAF80C1057F8080F321F242AC1608860F1
:1073A00000F2DB80132A40F2D6802168CAF8081068
:1073B0006168CAF80C101B2A00F2DF8008340AF159
:1073C00010022168116061685160A16891600AEB48
:1073D0000501ABEB050242F0010299604A60DAF860
:1073E000043003F001032B434046CAF80430FEF793
:1073F00077FE6EE723680360636843601B2A68D8E2
:1074000004F1080200F108034AE709EB05029A605B
:10741000ACEB050343F00103536054F8043C03F064
:1074200001032B43404644F8043CFEF759FE27462F
:107430004FE750F8043C23F003031E4451E757463E
:10744000DAF80C1057F8080F321F242AC160886040
:107450004CD8132A48D92168CAF808106168CAF8BC
:107460000C101B2A56D808340AF110021E46236855
:10747000136063685360A3689360D1463C4630E76D
:10748000214600F0CDFB11E7D0E902135746CB604F
:10749000996057F8081FDAF80C30CB60321F242AA5
:1074A00099602DD8132A29D92368CAF8083063684F
:1074B000CAF80C301B2A42D808340AF1100322689B
:1074C0001A6062685A60A2689A606646D1463C4675
:1074D00007E7A3688360E368C360242A26D004F129
:1074E000100200F11003DBE63A46BFE721463846BA
:1074F0001E46D14600F094FB3C46F2E63B46DEE7F2
:10750000214638466646D14600F08AFB3C46E8E60E
:10751000D42B0020A168CAF81010E168CAF8141032
:10752000242A20D010340AF118029FE7236903614E
:107530006169416104F1180200F11803B0E6A36823
:10754000CAF81030E368CAF81430242A21D0103465
:107550000AF11803B3E73A4633E72146384600F00C
:107560005FFB164B33E72269CAF818206269CAF834
:107570001C2018340AF1200278E7A168CAF810101C
:10758000E168CAF81410242A0DD010340AF1180248
:1075900017E72369CAF818306369CAF81C30183431
:1075A0000AF120038BE72269CAF818206269CAF839
:1075B0001C2018340AF1200203E700BFD42B00205E
:1075C00070B50C46084D03460026204611461C4661
:1075D0002E60F2F761FA431C00D070BD2B68002BBF
:1075E000FBD0236070BD00BF5438012038B5074D73
:1075F0000022044608462A60F2F754FA431C00D0E1
:1076000038BD2B68002BFBD0236038BD54380120D7
:1076100038B50C46084D8446114620461A460023CC
:107620002B606446F2F740FA431C00D038BD2B684B
:10763000002BFBD0236038BD5438012038B50C46F0
:10764000084D8446114620461A4600232B606446A6
:10765000F2F71CFA431C00D038BD2B68002BFBD07E
:10766000236038BD543801202DE9F04782B08246AE
:1076700088461446FAF796FA012803D108F1FF3339
:10768000FE2B36D90DF10409424604F15C0349464C
:107690005046FEF7BFFB421C064632D020B39DF891
:1076A00004C0002509E023685A1C226083F800C04A
:1076B0000135B54218D219F801CFA368013B002B60
:1076C000A360F0DAA769BB4261462246504602DB5E
:1076D000BCF10A0FE7D100F04BFA431CE8D1064693
:1076E000304602B0BDE8F0874646304602B0BDE8FD
:1076F000F0875FFA88FC8DF804C006460DF1040996
:10770000CFE7A389304643F04003A38102B0BDE830
:10771000F08700BF30B5536E13F0010FB2F90C3093
:10772000144683B005469AB201D198051CD5900441
:1077300006D4626E43F4005342F40052A3816266A1
:1077400022462846FFF790FF636EDA07054602D40B
:10775000A3899B0502D5284603B030BDA06DFAF77A
:107760001FFA284603B030BDA06D0191FAF716FA52
:10777000B4F90C3001999AB2D9E700BF9368002B95
:1077800000F085802DE9F04FB1F90C300C46190757
:10779000804683B0174698B225D523691BB310F0F5
:1077A00002033D682DD04FF0000ADFF8C0B2564604
:1077B000B9465E453346524628BF5B464046002EDA
:1077C00052D0E169676AB847002856DDD9F8083019
:1077D0001B1A8244361AC9F80830002BE9D1002060
:1077E00003B0BDE8F08F21464046FEF7A1FB00281C
:1077F00040F03881B4F90C303D6898B210F00203C3
:10780000D1D110F0010944D14E46009746B382050C
:10781000D4F808B040F18580B3455A4600F2B480F0
:1078200010F4906F40F0C18020680192494600F04A
:10783000F7F9A368019AA3EB0B012368A160134435
:10784000B24623600026009A9368A3EB0A03D14452
:107850009360002BC3D0B4F90C0080B2002ED6D1B7
:10786000D5E900960835D1E7D5E900A60835A0E7A7
:1078700021464046FFF7FCFB88B3B4F90C3043F0D7
:1078800040034FF0FF30A38103B0BDE8F08F00202C
:1078900070471E46BA469946184600951F4666B37D
:1078A000002832D04A46D4E904132068A568B242C1
:1078B00028BF3246884204D905EB030B5A4500F332
:1078C000A780934264DCE169656A3A464046A8476E
:1078D000B0F1000BD1DDB9EB0B09C9D00120DAF80A
:1078E0000830A3EB0B035F44A6EB0B06CAF8083085
:1078F000002B3FF474AF002ED2D1009A5668134685
:1079000008320092002EF8D01F6832460A2138460D
:10791000FFF7DEFB002800F09C800130A0EB070998
:10792000C0E720682369984216D86269B24213D82A
:107930006FF00043B34228BF3346E16993FBF2F393
:10794000676A02FB03F340464A46B847B0F1000AB3
:1079500093DDA6EB0A0676E7B345DA4628BFB246C2
:107960005246494600F05CF9A3682268A3EB0A037B
:107970005244A3602260002BEBD121464046FFF722
:1079800077FB0028E5D078E72068B34632464CE71D
:107990003946019200F044F9019AA3689B1AA3604A
:1079A000236813442360934695E723682169A3EB7A
:1079B000010B636903EB430A0AEBDA7A0BF101036B
:1079C0004FEA6A0A33445345524684BF9A465246A8
:1079D00043052CD511464046FDF756FF00283BD005
:1079E0005A4621690190FAF7CDFDA289019B22F444
:1079F000906242F08002A28103EB0B002361AAEBAC
:107A00000B03C4F814A0A3602060B34632460CE711
:107A100039465A4600F004F923685B442360214646
:107A20004046FFF725FB00283FF455AF25E74046C9
:107A3000FFF7DAFB03460028DED121694046FAF75A
:107A40000DFFB4F90C300C2223F08003C8F800209D
:107A500015E7721C914626E70C22B4F90C30C8F8E1
:107A600000200CE74FF0FF30BAE600BF00FCFF7FBC
:107A70002DE9F04F9368176883B09246002B70D0C1
:107A800081468A6808680C46083743E0A38913F4E6
:107A9000906F2ED0D4E90416A0EB010806EB460641
:107AA00006EBD67608F1010076102844B042324643
:107AB00084BF064632465B0537D511464846FDF77A
:107AC000E3FE019000283AD042462169FAF75AFDB8
:107AD000A289019B22F4906242F08002A281A6EB6F
:107AE000080203EB08006661A260236120602E4655
:107AF000A8464246594600F093F8DAF80830A268E2
:107B00002068921B40445B1BA2602060CAF80830CA
:107B10003BB3083757E902B5002DFAD0AA42164602
:107B20009046B3D92E46A846E3E74846FFF75CFBEC
:107B300003460028D3D121694846FAF78FFEA3896E
:107B40000C2243F04003C9F800204FF0FF30A3811E
:107B500000220023CAF80820CAF8043003B0BDE8A8
:107B6000F08F00200023CAF8043003B0BDE8F08F86
:107B7000F8B50D461446064610B1436B002B4CD0A9
:107B8000B4F90C20A369A360170790B21BD5236931
:107B9000CBB1EDB281042F4622D522686169D31A98
:107BA000994229DD0133A1680139A160511C21608E
:107BB000157062699A4227D0A389DB0701D50A2D87
:107BC00022D03846F8BD21463046FEF7B1F908BB51
:107BD000B4F90C20236990B2EDB281042F46DCD4B5
:107BE00042F40052A281626E616922F40052626620
:107BF0002268D31A9942D5DC21463046FFF738FA7D
:107C000040B922680123CEE721463046FFF730FA1B
:107C10000028D6D04FF0FF37D3E7FAF757FCAFE78D
:107C200088420DD98B1883420AD900EB020CBAB1F5
:107C3000624613F801CD02F801CD9942F9D170479F
:107C40000F2A0ED8034602F1FF3C4AB10CF1010C99
:107C5000013B8C4411F8012B03F8012F6145F9D148
:107C6000704740EA01039B0750D1A2F1100370B5A1
:107C700001F1200C23F00F0501F1100E00F11004AA
:107C8000AC441B095EF8105C44F8105C5EF80C5CB8
:107C900044F80C5C5EF8085C44F8085C5EF8045C30
:107CA00044F8045C0EF1100EE64504F11004E9D12D
:107CB000013312F00C0F01EB031102F00F0400EB83
:107CC000031327D0043C24F003064FEA940C1E440F
:107CD0001C1F8E465EF8045B44F8045FB442F9D181
:107CE0000CF1010402F0030203EB840301EB8401B5
:107CF00002F1FF3C4AB10CF1010C013B8C4411F83C
:107D0000012B03F8012F6145F9D170BD02F1FF3C51
:107D100003469BE72246EBE72DE9F04F8BB0DDE908
:107D2000158A149F0391814605921E46B8F1000FF3
:107D30005CD0039B002B5ED0059B1D68002F6AD092
:107D4000741E4EB3039B0493043D002601950BE083
:107D5000039B2BBB019B1A68002A3AD0BC455CD21E
:107D6000013C631C664617D0D8F800300293019B93
:107D7000DAF8E05053F8042F019307A94346484628
:107D8000D8F804B0A847421C3AD000EB060CBC451A
:107D9000DED9029BC8E9003B30460BB0BDE8F08F4E
:107DA00000280EDD049B019D18445A1E07A900F10E
:107DB000FF3E11F8013B02F8013F7245F9D10195F0
:107DC0000490059B1A6804321A60019B1A68002A05
:107DD000C4D1039B0BB1059B1A600CF1FF36002246
:107DE0003046C8F800200BB0BDE8F08F039B00F5CB
:107DF0008678002BA0D1059B4FF0FF371D689FE7C9
:107E000006468A2100223046C9F80010C8F8002032
:107E10000BB0BDE8F08F3E46BEE76646BCE700BF4C
:107E200010B584B0054C069800900798019004485E
:107E300000680294FFF770FF04B010BD682A0020AC
:107E4000F02F0020024B01461868FDF71DBD00BF52
:107E5000F02F0020024B01461868FAF7FFBC00BF64
:107E6000F02F0020000000005FF800F0A51C00606B
:047E7000F8B500BFA2
:087E7400CC88FF7F0100000033
:107E7C0000000000000000000000000000000000F6
:107E8C0000000000000000000000000000000000E6
:107E9C0000000000000000000000000000000000D6
:107EAC0000000000000000000000000000000000C6
:107EBC0000000000000000000000000000000000B6
:107ECC0000000000000000000000000000000000A6
:107EDC000000000000000000000000000000000096
:107EEC000000000000000000000000000000000086
:107EFC000000000000000000000000000000000076
:107F0C000000000000000000000000000000000065
:107F1C000000000000000000000000000000000055
:107F2C000000000000000000000000000000000045
:107F3C000000000000000000000000000000000035
:107F4C000000000000000000000000000000000025
:107F5C000000000000000000000000000000000015
:107F6C000000000000000000000000000000000005
:107F7C0000000000000000000000000000000000F5
:107F8C0000000000000000000000000000000000E5
:107F9C0000000000000000000000000000000000D5
:107FAC0000000000000000000000000000000000C5
:107FBC0000000000000000000000000000000000B5
:107FCC0000000000000000000000000000000000A5
:107FDC000000000000000000000000000000000095
:107FEC000000000000000000000000000000000085
:107FFC000000000000000000000000000000000075
:10800C000000000000000000000000000000000064
:10801C000000000000000000000000000000000054
:10802C000000000000000000000000000000000044
:10803C000000000000000000000000000000000034
:10804C000000000000000000000000000000000024
:10805C000000000000000000000000000000000014
:10806C000000000000000000000000000000000004
:10807C0000000000000000000000000000000000F4
:10808C0000000000000000000000000000000000E4
:10809C0000000000000000000000000000000000D4
:1080AC0000000000000000000000000000000000C4
:1080BC0000000000000000000000000000000000B4
:1080CC0000000000000000000000000000000000A4
:1080DC000000000000000000000000000000000094
:1080EC000000000000000000000000000000000084
:1080FC00FE822B65471567400000000000003843E6
:10810C000000FAFE422E76BF3A3B9EBC9AF70CBD9D
:10811C00BDFDFFFFFFFFDF3F3C5455555555C53F97
:10812C00912B17CF5555A53F17D0A4671111813F3F
:10813C00000000000000C842EF39FAFE422EE63F74
:10814C0024C482FFBDBFCE3FB5F40CD7086BAC3F47
:10815C00CC5046D2ABB2833F843A4E9BE0D7553FCE
:10816C000000000000000000000000000000F03FD4
:10817C006EBF881A4F3B9B3C3533FBA93DF6EF3F56
:10818C005DDCD89C136071BC6180773E9AECEF3F4C
:10819C00D16687107A5E90BC857F6EE815E3EF3F61
:1081AC0013F6673552D28C3C748515D3B0D9EF3F9A
:1081BC00FA8EF92380CE8BBCDEF6DD296BD0EF3F37
:1081CC0061C8E6614EF7603CC89B751845C7EF3F28
:1081DC0099D3335BE4A3903C83F3C6CA3EBEEF3F16
:1081EC006D7B835DA69A973C0F89F96C58B5EF3F70
:1081FC00FCEFFD921AB58E3CF747722B92ACEF3F19
:10820C00D19C2F703DBE3E3CA2D1D332ECA3EF3FAC
:10821C000B6E908934036ABC1BD3FEAF669BEF3F99
:10822C000EBD2F2A525695BC515B12D00193EF3FD5
:10823C0055EA4E8CEF8050BCCC316CC0BD8AEF3F00
:10824C0016F4D5B923C991BCE02DA9AE9A82EF3FA3
:10825C00AF555CE9E3D3803C518EA5C8987AEF3FCB
:10826C004893A5EA151B80BC7B517D3CB872EF3F4F
:10827C003D32DE55F01F8FBCEA8D8C38F96AEF3F2A
:10828C00BF53133F8C898B3C75CB6FEB5B63EF3F1C
:10829C0026EB11769CD996BCD45C0484E05BEF3F52
:1082AC00602F3A3EF7EC9A3CAAB968318754EF3FFD
:1082BC009D3886CB82E78FBC1DD9FC22504DEF3FF9
:1082CC008DC3A644416F8A3CD68C62883B46EF3FF7
:1082DC007D04E4B0057A803C96DC7D91493FEF3F0C
:1082EC0094A8A8E3FD8E963C3862756E7A38EF3F01
:1082FC007D4874F2185E873C3FA6B24FCE31EF3FFB
:10830C00F2E71F982B47803CDD7CE265452BEF3F65
:10831C005E08713F7BB896BC8163F5E1DF24EF3FCB
:10832C0031AB096DE1F7823CE1DE1FF59D1EEF3F9D
:10833C00FABF6F1A9B213DBC90D9DAD07F18EF3F62
:10834C00B40A0C7282378B3C0B03E4A68512EF3F08
:10835C008FCBCE8992146E3C562F3EA9AF0CEF3FBB
:10836C00B6ABB04D754D833C15B7310AFE06EF3FE9
:10837C004C74ACE20142863C31D84CFC7001EF3FAE
:10838C004AF8D35D39DD8F3CFF1664B208FCEE3F32
:10839C00045B8E3B80A386BCF19F925FC5F6EE3FDB
:1083AC0068504BCCED4A92BCCBA93A37A7F1EE3FC3
:1083BC008E2D511BF80799BC66D8056DAEECEE3FBF
:1083CC00D236943EE8D171BCF79FE534DBE7EE3F43
:1083DC00151BCEB3191999BCE5A813C32DE3EE3FB9
:1083EC006D4C2AA7489F853C2234124CA6DEEE3FEA
:1083FC008A69287A601293BC1C80AC0445DAEE3F83
:10840C005B8917488FA758BC2A2EF7210AD6EE3F56
:10841C001B9A49679B2C7CBC97A850D9F5D1EE3F91
:10842C0011ACC260ED63433C2D89616008CEEE3F18
:10843C00EF64063B0966963C57001DED41CAEE3FC2
:10844C007903A1DAE1CC6E3CD03CC1B5A2C6EE3FBB
:10845C0030120F3F8EFF933CDED3D7F02AC3EE3F92
:10846C00B0AF7ABBCE90763C272A36D5DABFEE3F3A
:10847C0077E054EBBD1D933C0DDDFD99B2BCEE3F96
:10848C008EA3710034948FBCA72C9D76B2B9EE3FAD
:10849C0049A393DCCCDE87BC4266CFA2DAB6EE3FB2
:1084AC005F380FBDC6DE78BC824F9D562BB4EE3FB5
:1084BC00F65C7BEC461286BC0F925DCAA4B1EE3F13
:1084CC008ED7FD180535933CDA27B53647AFEE3F0E
:1084DC00059B8A2FB7987B3CFDC797D412ADEE3F16
:1084EC0009541CE2E163903C295448DD07ABEE3F94
:1084FC00EAC6195085C7343CB746598A26A9EE3FBF
:10850C0035C0642BE632943C4821AD156FA7EE3F85
:10851C009F7699614AE48CBC09DC76B9E1A5EE3F03
:10852C00A84DEF3BC5338CBC85553AB07EA4EE3FCD
:10853C00AEE92B89785384BC20C3CC3446A3EE3FE0
:10854C0058585678DDCE93BC2522558238A2EE3F82
:10855C0064197E80AA10573C73A94CD455A1EE3FE8
:10856C0028225EBFEFB393BCCD3B7F669EA0EE3F4F
:10857C0082B93487AD126ABCBFDA0B7512A0EE3F1C
:10858C00EEA96DB8EF6763BC2F1A653CB29FEE3F46
:10859C005188E0543DDC80BC849451F97D9FEE3FC2
:1085AC00CF3E5A7E641F78BC745FECE8759FEE3F3B
:1085BC00B07D8BC04AEE86BC7481A5489A9FEE3F75
:1085CC008AE6551E321986BCC9674256EB9FEE3FB0
:1085DC00D3D4095ECB9C903C3F5DDE4F69A0EE3F4F
:1085EC001DA54DB9DC327BBC8701EB7314A1EE3FAA
:1085FC006BC06754FDEC943C32C13001EDA1EE3FF1
:10860C00556CD6ABE1EB653C624ECF36F3A2EE3F38
:10861C0042CFB32FC5A188BC121A3E5427A4EE3FFB
:10862C0034373BF1B66993BC13CE4C9989A5EE3F18
:10863C001EFF193A845E80BCADC723461AA7EE3FD5
:10864C006E5772D850D494BCED92449BD9A8EE3F8F
:10865C00008A0E5B67AD903C99668AD9C7AAEE3F3B
:10866C00B4EAF0C12FB78D3CDBA02A42E5ACEE3F5B
:10867C00FFE7C59C60B665BC8C44B51632AFEE3FC7
:10868C00445FF35983F67B3C36771599AEB1EE3FD8
:10869C00833D1EA71F0993BCC6FF910B5BB4EE3F35
:1086AC00291E6C8BB8A95DBCE5C5CDB037B7EE3FC4
:1086BC0059B9907CF9236CBC0F52C8CB44BAEE3F2D
:1086CC00AAF9F422434392BC504EDE9F82BDEE3F8A
:1086DC004B8E66D76CCA85BCBA07CA70F1C0EE3F28
:1086EC0027CE912BFCAF713C90F0A38291C4EE3F4E
:1086FC00BB730AE135D26D3C2323E31963C8EE3F0B
:10870C006322622204C587BC65E55D7B66CCEE3FC7
:10871C00D531E2E3861C8B3C332D4AEC9BD0EE3FEB
:10872C0015BBBCD3D1BB91BC5D253EB203D5EE3F8E
:10873C00D231EE9C31CC903C58B330139ED9EE3FE5
:10874C00B35A736E8469843CBFFD79556BDEEE3F82
:10875C00B49D8E97CDDF82BC7AF3D3BF6BE3EE3F33
:10876C008733CB92771A8C3CADD35A999FE8EE3F66
:10877C00FAD9D14A8F7B90BC66B68D2907EEEE3FB5
:10878C00BAAEDC56D9C355BCFB154FB8A2F3EE3FBD
:10879C0040F6A63D0EA490BC3A59E58D72F9EE3F19
:1087AC003493AD38F4D668BC475EFBF276FFEE3FEF
:1087BC00358A586BE2EE91BC4A06A130B005EF3F0A
:1087CC00CDDD5F0AD7FF743CD2C14B901E0CEF3F3E
:1087DC00AC9892FAFBBD91BC091ED75BC212EF3F5D
:1087EC00B30CAF30AE6E733C9C5285DD9B19EF3FE2
:1087FC0094FD9F5C32E38E3C7AD0FF5FAB20EF3F61
:10880C00AC5909D18FE0843C4BD1572EF127EF3F67
:10881C00671A4E38AFCD633CB5E706946D2FEF3F2A
:10882C006819926C2C6B673C6990EFDC2037EF3F3A
:10883C00D2B5CC83188A80BCFAC35D550B3FEF3F91
:10884C006FFAFF3F5DAD8FBC7C89074A2D47EF3F28
:10885C0049A97538AE0D90BCF2890D08874FEF3FD2
:10886C00A7073DA685A3743C87A4FBDC1858EF3FF3
:10887C000F2240209E9182BC9883C916E360EF3F83
:10888C00AC92C1D5505A8E3C8532DB03E669EF3F82
:10889C004B6B01AC593A843C60B401F32173EF3F4C
:1088AC001F3EB40721D582BC5F9B7B33977CEF3F87
:1088BC00C90D473BB92A89BC29A1F5144686EF3F5F
:1088CC00D3883A6004B6743CF63F8BE72E90EF3FAA
:1088DC0071729D51ECC5833C834CC7FB519AEF3FA1
:1088EC00F091D38F12F78FBCDA90A4A2AFA4EF3F14
:1088FC007D7423E298AE8DBCF1678E2D48AFEF3FAF
:10890C000820AA41BCC38E3C275A61EE1BBAEF3F2C
:10891C0032EBA9C3942B843C97BA6B372BC5EF3F32
:10892C00EE85D131A9648A3C40456E5B76D0EF3F31
:10893C00EDE33BE4BA378EBC14BE9CADFDDBEF3FE0
:10894C009DCD914D3B89773CD8909E81C1E7EF3FFF
:10895C0089CC6041C105533CF1718F2BC2F3EF3FC1
:10896C000080E03779C34143176E05B5B5B893461F
:10897C00F5F93FE9034F384D321D30F94877825AEB
:10898C003CBF737FDD4F1575000000000000F03F09
:10899C0000000000000024400000000000005940CE
:1089AC000000000000408F40000000000088C34021
:1089BC0000000000006AF8400000000080842E4196
:1089CC0000000000D01263410000000084D79741E2
:1089DC000000000065CDCD41000000205FA00242E8
:1089EC00000000E876483742000000A2941A6D425D
:1089FC00000040E59C30A2420000901EC4BCD64250
:108A0C0000003426F56B0C430080E03779C34143FA
:108A1C0000A0D8855734764300C84E676DC1AB4370
:108A2C00003D9160E458E143408CB5781DAF15448E
:108A3C0050EFE2D6E41A4B4492D54D06CFF0804469
:108A4C00F64AE1C7022DB544B49DD9794378EA447E
:108A5C000038FAFE422EE63F3067C79357F32E3D9F
:108A6C00000000000000E0BF605555555555E5BFAE
:108A7C00060000000000E03F4E5559999999E93FD6
:108A8C007AA429555555E5BFE945489B5B49F2BF8A
:108A9C00C33F268B2B00F03F0000000000A0F63FE8
:108AAC00000000000000000000C8B9F2822CD6BF04
:108ABC008056372824B4FA3C000000000080F63FB2
:108ACC000000000000000000000858BFBDD1D5BF59
:108ADC0020F7E0D808A51CBD000000000060F63FA0
:108AEC000000000000000000005845177776D5BF45
:108AFC006D50B6D5A46223BD000000000040F63FC7
:108B0C00000000000000000000F82D87AD1AD5BF52
:108B1C00D567B09EE484E6BC000000000020F63F60
:108B2C000000000000000000007877955FBED4BF05
:108B3C00E03E2993691B04BD000000000000F63FD5
:108B4C00000000000000000000601CC28B61D4BF5C
:108B5C00CC844C482FD8133D0000000000E0F53FBA
:108B6C00000000000000000000A886863004D4BF7E
:108B7C003A0B82EDF342DC3C0000000000C0F53FF4
:108B8C000000000000000000004869554CA6D3BF4F
:108B9C0060945186C6B1203D0000000000A0F53F56
:108BAC0000000000000000000080989ADD47D3BF51
:108BBC009280C5D44D59253D000000000080F53F42
:108BCC0000000000000000000020E1BAE2E8D2BF83
:108BDC00D82BB7991E7B263D000000000060F53FA6
:108BEC0000000000000000000088DE135A89D2BF8C
:108BFC003FB0CFB614CA153D000000000060F53F31
:108C0C0000000000000000000088DE135A89D2BF6B
:108C1C003FB0CFB614CA153D000000000040F53F30
:108C2C0000000000000000000078CFFB4129D2BFFB
:108C3C0076DA5328245A16BD000000000020F53FB8
:108C4C000000000000000000009869C198C8D1BF66
:108C5C000454E768BCAF1FBD000000000000F53FE6
:108C6C00000000000000000000A8ABAB5C67D1BFA7
:108C7C00F0A88233C61F1F3D0000000000E0F43F47
:108C8C0000000000000000000048AEF98B05D1BFC9
:108C9C00665A05FDC4A826BD0000000000C0F43FC4
:108CAC000000000000000000009073E224A3D0BF7D
:108CBC000E03F47EEE6B0CBD0000000000A0F43F30
:108CCC00000000000000000000D0B4942540D0BF8C
:108CDC007F2DF49EB836F0BC0000000000A0F43FDD
:108CEC00000000000000000000D0B4942540D0BF6C
:108CFC007F2DF49EB836F0BC000000000080F43FDD
:108D0C00000000000000000000405E6D18B9CFBFED
:108D1C00873C99AB2A570D3D000000000060F43FE2
:108D2C0000000000000000000060DCCBADF0CEBF06
:108D3C0024AF869CB7262B3D000000000040F43F7A
:108D4C00000000000000000000F02A6E0727CEBFD4
:108D5C0010FF3F544F2F17BD000000000020F43FC0
:108D6C00000000000000000000C04F6B215CCDBF74
:108D7C001B68CABB91BA213D000000000000F43F03
:108D8C00000000000000000000A09AC7F78FCCBFC5
:108D9C0034849F684F79273D000000000000F43FA9
:108DAC00000000000000000000A09AC7F78FCCBFA5
:108DBC0034849F684F79273D0000000000E0F33FAA
:108DCC00000000000000000000902D7486C2CBBF94
:108DDC008FB78B31B04E193D0000000000C0F33F3F
:108DEC00000000000000000000C0804EC9F3CABFA4
:108DFC006690CD3F634EBA3C0000000000A0F33FEC
:108E0C00000000000000000000B0E21FBC23CABF3D
:108E1C00EAC146DC648C25BD0000000000A0F33FD5
:108E2C00000000000000000000B0E21FBC23CABF1D
:108E3C00EAC146DC648C25BD000000000080F33FD5
:108E4C0000000000000000000050F49C5A52C9BF02
:108E5C00E3D4C104D9D12ABD000000000060F33F67
:108E6C00000000000000000000D02065A07FC8BFFB
:108E7C0009FADB7FBFBD2B3D000000000040F33F33
:108E8C00000000000000000000E0100289ABC7BF2A
:108E9C00584A537290DB2B3D000000000040F33F1A
:108EAC00000000000000000000E0100289ABC7BF0A
:108EBC00584A537290DB2B3D000000000020F33F1A
:108ECC00000000000000000000D019E70FD6C6BF5C
:108EDC0066E2B2A36AE410BD000000000000F33F9C
:108EEC0000000000000000000090A77030FFC5BF1C
:108EFC003950109F439E1EBD000000000000F33F40
:108F0C0000000000000000000090A77030FFC5BFFB
:108F1C003950109F439E1EBD0000000000E0F23F40
:108F2C00000000000000000000B0A1E3E526C5BF72
:108F3C008F5B07908BDE20BD0000000000C0F23F6D
:108F4C0000000000000000000080CB6C2B4DC4BF63
:108F5C003C783561C10C173D0000000000C0F23FA9
:108F6C0000000000000000000080CB6C2B4DC4BF43
:108F7C003C783561C10C173D0000000000A0F23FA9
:108F8C00000000000000000000901E20FC71C3BF18
:108F9C003A54274D8678F13C000000000080F23FE7
:108FAC00000000000000000000F01FF85295C2BF46
:108FBC0008C47117308D24BD000000000060F23F22
:108FCC00000000000000000000602FD52AB7C1BFD0
:108FDC0096A31118A4802EBD000000000060F23F83
:108FEC00000000000000000000602FD52AB7C1BFB0
:108FFC0096A31118A4802EBD000000000040F23F83
:10900C0000000000000000000090D07C7ED7C0BFA4
:10901C00F45BE88896690A3D000000000040F23FCE
:10902C0000000000000000000090D07C7ED7C0BF84
:10903C00F45BE88896690A3D000000000020F23FCE
:10904C00000000000000000000E0DB3191ECBFBF2D
:10905C00F233A35C547525BD000000000000F23F04
:10906C00000000000000000000002B6E0727BEBFB0
:10907C003C00F02A2C342A3D000000000000F23F96
:10908C00000000000000000000002B6E0727BEBF90
:10909C003C00F02A2C342A3D0000000000E0F13F97
:1090AC00000000000000000000C05B8F545EBCBFDD
:1090BC0006BE5F58570C1DBD0000000000C0F13FFC
:1090CC00000000000000000000E04A3A6D92BABFB8
:1090DC00C8AA5BE83539253D0000000000C0F13F0F
:1090EC00000000000000000000E04A3A6D92BABF98
:1090FC00C8AA5BE83539253D0000000000A0F13F0F
:10910C00000000000000000000A031D645C3B8BF2D
:10911C0068562F4D297C133D0000000000A0F13F44
:10912C00000000000000000000A031D645C3B8BF0D
:10913C0068562F4D297C133D000000000080F13F44
:10914C0000000000000000000060E58AD2F0B6BF0D
:10915C00DA7333C9379726BD000000000060F13F79
:10916C0000000000000000000020063F071BB5BFF8
:10917C00575EC6615B021F3D000000000060F13FBE
:10918C0000000000000000000020063F071BB5BFD8
:10919C00575EC6615B021F3D000000000040F13FBE
:1091AC00000000000000000000E01B96D741B3BF98
:1091BC00DF13F9CCDA5E2C3D000000000040F13FDB
:1091CC00000000000000000000E01B96D741B3BF78
:1091DC00DF13F9CCDA5E2C3D000000000020F13FDB
:1091EC0000000000000000000080A3EE3665B1BF57
:1091FC0009A38F765E7C143D000000000000F13F57
:10920C000000000000000000008011C0300AAFBF59
:10921C00918E36839E592D3D000000000000F13FD9
:10922C000000000000000000008011C0300AAFBF39
:10923C00918E36839E592D3D0000000000E0F03FDA
:10924C00000000000000000000801971DD42ABBF7F
:10925C004C70D6E57A821C3D0000000000E0F03F27
:10926C00000000000000000000801971DD42ABBF5F
:10927C004C70D6E57A821C3D0000000000C0F03F27
:10928C00000000000000000000C032F65874A7BFB8
:10929C00EEA1F23446FC2CBD0000000000C0F03FF3
:1092AC00000000000000000000C032F65874A7BF98
:1092BC00EEA1F23446FC2CBD0000000000A0F03FF3
:1092CC00000000000000000000C0FEB9879EA3BF94
:1092DC00AAFE26F5B702F53C0000000000A0F03F06
:1092EC00000000000000000000C0FEB9879EA3BF74
:1092FC00AAFE26F5B702F53C000000000080F03F06
:10930C0000000000000000000000780E9B829FBF50
:10931C00E4097E7C268029BD000000000080F03F1F
:10932C0000000000000000000000780E9B829FBF30
:10933C00E4097E7C268029BD000000000060F03F1F
:10934C0000000000000000000080D5071BB997BF8B
:10935C0039A6FA93548D28BD000000000040F03F60
:10936C0000000000000000000000FCB0A8C08FBF8F
:10937C009CA6D3F67C1EDFBC000000000040F03F32
:10938C0000000000000000000000FCB0A8C08FBF6F
:10939C009CA6D3F67C1EDFBC000000000020F03F32
:1093AC0000000000000000000000106B2AE07FBFEE
:1093BC00E440DA0D3FE219BD000000000020F03F50
:1093CC0000000000000000000000106B2AE07FBFCE
:1093DC00E440DA0D3FE219BD000000000000F03F50
:1093EC000000000000000000000000000000000071
:1093FC000000000000000000000000000000F03F32
:10940C000000000000000000000000000000000050
:10941C0000000000000000000000000000C0EF3F52
:10942C000000000000000000000089751510803F4E
:10943C00E82B9D996BC710BD000000000080EF3F2A
:10944C000000000000000000008093585620903F60
:10945C00D2F7E2065BDC23BD000000000040EF3FCA
:10946C0000000000000000000000C9282549983FBA
:10947C00340C5A32BAA02ABD000000000000EF3FA5
:10948C0000000000000000000040E7895D41A03FA3
:10949C0053D7F15CC011013D0000000000C0EE3F4D
:1094AC00000000000000000000002ED4AE66A43FB7
:1094BC0028FDBD7573162CBD000000000080EE3F2A
:1094CC00000000000000000000C09F14AA94A83FF8
:1094DC007D265AD0957919BD000000000040EE3F62
:1094EC00000000000000000000C0DDCD73CBAC3FDD
:1094FC000728D847F2681ABD000000000020EE3F94
:10950C00000000000000000000C006C031EAAE3FC1
:10951C007B3BC94F3E110EBD0000000000E0ED3F4B
:10952C000000000000000000006046D13B97B13FF6
:10953C009B9E0D565D3225BD0000000000A0ED3F46
:10954C00000000000000000000E0D1A7F5BDB33F13
:10955C00D74EDBA55EC82C3D000000000060ED3F3F
:10956C00000000000000000000A0974D5AE9B53F34
:10957C001E1D5D3C06692CBD000000000040ED3F47
:10958C00000000000000000000C0EA0AD300B73F52
:10959C0032ED9DA98D1EEC3C000000000000ED3F5B
:1095AC0000000000000000000040595D5E33B93F30
:1095BC00DA47BD3A5C11233D0000000000C0EC3FCF
:1095CC0000000000000000000060AD8DC86ABB3FC9
:1095DC00E568F72B809013BD0000000000A0EC3F65
:1095EC0000000000000000000040BC015888BC3F97
:1095FC00D3AC5AC6D146263D000000000060EC3FBB
:10960C00000000000000000000200A8339C7BE3FA4
:10961C00E045E6AF68C02DBD000000000040EC3F07
:10962C00000000000000000000E0DB3991E8BF3FC3
:10963C00FD0AA14FD63425BD000000000000EC3F10
:10964C00000000000000000000E027828E17C13FE0
:10965C00F2072DCE78EF213D0000000000E0EB3F3B
:10966C00000000000000000000F0237E2BAAC13F88
:10967C00349938448EA72C3D0000000000A0EB3F2D
:10968C0000000000000000000080860C61D1C23F89
:10969C00A1B481CB6C9D033D000000000080EB3F2A
:1096AC000000000000000000009015B0FC65C33FF6
:1096BC0089724B23A82FC63C000000000040EB3FF2
:1096CC00000000000000000000B033833D91C43F57
:1096DC0078B6FD547983253D000000000020EB3F57
:1096EC00000000000000000000B0A1E4E527C53F29
:1096FC00C77D69E5E833263D0000000000E0EA3F45
:10970C00000000000000000000108CBE4E57C63F49
:10971C00782E3C2C8BCF193D0000000000C0EA3F96
:10972C0000000000000000000070758B12F0C63FB6
:10973C00E1219CE58D1125BD0000000000A0EA3F51
:10974C000000000000000000005044858D89C73FD8
:10975C000543917010661CBD000000000060EA3FDC
:10976C000000000000000000000039EBAFBEC83F55
:10977C00D12CE9AA543D07BD000000000040EA3F8F
:10978C0000000000000000000000F7DC5A5AC93F3E
:10979C006FFFA05828F2073D000000000000EA3FD0
:1097AC00000000000000000000E08A3CED93CA3F7E
:1097BC0069215650437228BD0000000000E0E93FCB
:1097CC00000000000000000000D05B57D831CB3FF8
:1097DC00AAE1AC4E8D350CBD0000000000C0E93F85
:1097EC00000000000000000000E03B3887D0CB3FB9
:1097FC00B6125459C44B2DBD0000000000A0E93F27
:10980C0000000000000000000010F0C6FB6FCC3F11
:10981C00D22B96C572ECF1BC000000000060E93F51
:10982C0000000000000000000090D4B03DB1CD3F1E
:10983C0035B015F72AFF2ABD000000000040E93FB3
:10984C0000000000000000000010E7FF0E53CE3FA8
:10985C0030F441602712C23C000000000020E93FB8
:10986C0000000000000000000000DDE4ADF5CE3F7C
:10987C00118EBB651521CABC000000000000E93F39
:10988C00000000000000000000B0B36C1C99CF3F3A
:10989C0030DF0CCAECCB1B3D0000000000C0E83FE1
:1098AC00000000000000000000584D603871D03FEF
:1098BC00914EED16DB9CF83C0000000000A0E83F48
:1098CC000000000000000000006061672DC4D03F64
:1098DC00E9EA3C168B18273D000000000080E83FA9
:1098EC00000000000000000000E827828E17D13F26
:1098FC001CF0A5630E212CBD000000000060E83FA9
:10990C00000000000000000000F8ACCB5C6BD13F05
:10991C008116A5F7CD9A2B3D000000000040E83FD2
:10992C00000000000000000000685A6399BFD13F9E
:10993C00B7BD4751EDA62C3D000000000020E83FCC
:10994C00000000000000000000B80E6D4514D23F6E
:10995C00EABA46BADE870A3D0000000000E0E73FA5
:10996C0000000000000000000090DC7CF0BED23F44
:10997C00F404504AFA9C2A3D0000000000C0E73F66
:10998C0000000000000000000060D3E1F114D33FA0
:10999C00B83C21D37AE228BD0000000000A0E73FCC
:1099AC0000000000000000000010BE76676BD33F83
:1099BC00C877F1B0CD6E113D000000000080E73F8C
:1099CC0000000000000000000030337752C2D33F8B
:1099DC005CBD06B6543B183D000000000060E73F3C
:1099EC00000000000000000000E8D523B419D43FAB
:1099FC009DE090EC36E4083D000000000040E73F9D
:109A0C00000000000000000000C871C28D71D43F3E
:109A1C0075D66709CE272FBD000000000020E73F58
:109A2C0000000000000000000030179EE0C9D43F89
:109A3C00A4D80A1B89202EBD000000000000E73FBF
:109A4C00000000000000000000A03807AE22D53F47
:109A5C0059C7648170BE2E3D0000000000E0E63F57
:109A6C00000000000000000000D0C853F77BD53F79
:109A7C00EF405DEEEDAD1F3D0000000000C0E63F85
:109A8C000000000000000000006059DFBDD5D53F8C
:109A9C00DC65A4082A0B0ABD000000000000F03FA2
:109AAC00000000000000F0BF000000000000F0BF4C
:109ABC00000000000000F03F83C8C96D305F6441B6
:109ACC00182D4454FB21F93F000000000000F03F2A
:109ADC001C620CFDFFFFDFBF198F06E15355A53F3C
:109AEC009D359AE887C056BFC3F87B024393F93E75
:109AFC0003A695595455C5BFC40B23057610813F59
:109B0C0024CF7437EB9429BF000000000000F03F15
:109B1C00000000000000F0BF000000000000F0BFDB
:109B2C00000000000000F03F83C8C96D305F644145
:109B3C00182D4454FB21F93F000000000000F0BF39
:109B4C001C620CFDFFFFDF3F198F06E15355A5BFCB
:109B5C009D359AE887C0563FC3F87B024393F9BE04
:109B6C0003A695595455C5BFC40B23057610813FE8
:109B7C0024CF7437EB9429BF0406C000000000000A
:109B8C0070240060F01F006000010000D429002048
:109B9C001200000000060000E41F00600A00000034
:109BAC00000200004C1F0060620000000007000073
:109BBC00E81E006062000000EE0300004C2A00204A
:109BCC0012000000000004EE242A002028000000EF
:109BDC0000030000E01F0060000000000103090406
:109BEC00C81F00600000000002030904B01F0060E1
:109BFC0000000000030309040C2A002000000000F0
:109C0C000000000000000000000000000000000048
:109C1C0000000000592A000000000042C8801F40CC
:109C2C00B8821F400800000000000042C4801F40A2
:109C3C00B4821F400400000000C0004224801F407A
:109C4C0014821F401000000000C0004228801F40FA
:109C5C0018821F402000000000C000422C801F40D2
:109C6C001C821F404000000000C0004234801F4096
:109C7C0024821F40000100000040004264811F400C
:109C8C0054831F40000400000040004280811F40AC
:109C9C0070831F4000000200004000427C811F4086
:109CAC006C831F40000001000040004268811F408F
:109CBC0058831F4000080000004000423C811F40B8
:109CCC002C831F40010000000040004244811F40D3
:109CDC0034831F40040000000040004240811F40BC
:109CEC0030831F40020000000040004248811F40AA
:109CFC0038831F40080000000000004204811F4010
:109D0C00F4821F40000004000000004208811F4044
:109D1C00F8821F40000008000000004218811F401C
:109D2C0008831F40000080000000004214811F4087
:109D3C0004831F40000040000000004200811F40CF
:109D4C00F0821F400000020000000042FC801F4017
:109D5C00EC821F40000001000000004224811F40E3
:109D6C0014831F40000000040000004228811F40A3
:109D7C0018831F4000000008000000421C811F4097
:109D8C000C831F40000000010000004220811F4096
:109D9C0010831F400000000200000042EC801F40B6
:109DAC00DC821F400010000000000042F0801F40C9
:109DBC00E0821F40002000000000004234811F4060
:109DCC0024831F40000000400000004238811F40E7
:109DDC0028831F40000000800080004294801F40B8
:109DEC0084821F400000040000C0004290801F408D
:109DFC0080821F400000008000800042A8801F402D
:109E0C0098821F400000800000800042A4801F4008
:109E1C0094821F4000004000004000426C811F40B3
:109E2C005C831F400010000000C0004230801F40C7
:109E3C0020821F408000000000800042C8811F402B
:109E4C00B8831F400080000000800042C4811F4086
:109E5C00B4831F400040000000800042C0811F40BE
:109E6C00B0831F400020000000800042BC811F40D6
:109E7C00AC831F400010000000800042D0811F40C6
:109E8C00C0831F400000020000800042CC811F40B4
:109E9C00BC831F4000000100000000000000000017
:109EAC00B11F00000000000000000000A52500000C
:109EBC00A52500000000000000000000D9330000C0
:109ECC00D5AD00000000000000000000810D000076
:109EDC00B10D000069000000D50D0000B1070000B5
:109EEC00BD070000990E000055040000A50E0000EF
:109EFC000D0F0000590F0000750F0000910F0000AE
:109F0C00AD0F0000C90F0000C1100000B911000016
:109F1C0039120000B9120000414500000138000060
:109F2C0000000000000000005D0400001D050000A2
:109F3C00DD050000913F0000ED4000002906000007
:109F4C008906000000000000000000002D02000047
:109F5C00E9020000A5030000D93C0000353E0000DA
:109F6C00F10300005104000000000000000000009C
:109F7C00DD75000069580000B9150000D11500000E
:109F8C000000000000000000F914000001150000A2
:109F9C00E514000005150000ED140000A5140000E8
:109FAC00091500000D150000000000000000000065
:109FBC00E1140000E5140000E9140000ED140000A9
:109FCC00A5140000F1140000F514000000000000BE
:109FDC00000000001D1F00002D1F0000C1420000EA
:109FEC000000000000000000B9140000C1140000C3
:109FFC0099140000C9140000A1140000A51400005D
:10A00C00D1140000D9140000000000000000000072
:10A01C0091140000991400009D140000A11400007C
:10A02C00A5140000A9140000B114000000000000E9
:10A03C0000000000C960000089420000A14200003D
:10A04C0055320000191F0000000000000000000045
:10A05C00895F000049420000CD4200000000000072
:10A06C0000000000E1AD0000C175000009280000EF
:10A07C00712600003D2A0000E15600003126000048
:10A08C002127000035FA8E3C6F12833A0000000045
:10A09C00000000008D060000BD060000410100001C
:10A0AC00E1060000B1070000BD070000C107000079
:10A0BC0029020000C9070000310800007D080000DB
:10A0CC0095080000AD080000C5080000DD08000080
:10A0DC00C9090000B50A0000310B0000AD0B0000EF
:10A0EC00ED4200006535000000000000000000009B
:10A0FC003D2E00002D58000055220000392E000086
:10A10C00152E0000F52D0000212E00007CC00F4004
:10A11C000C0000005A000000752C000000004040AC
:10A12C000203040521FFFFFFFFFFFFFFFFFF0405F4
:10A13C00060807FFFFFFFFFFFFFFFFFF14141414B7
:10A14C0014FFFFFFFFFFFFFFFFFF000074C00F4075
:10A15C00030000005B000000F52C000001014141F0
:10A16C00060708090A0B0C0D20FFFFFFFFFF0A1161
:10A17C00100B000201030CFFFFFFFFFF141414145B
:10A18C001414141414FFFFFFFFFF000084C00F40D1
:10A19C00003000009C000000752D0000FFFFFFFF49
:10A1AC0007080E0F10111213141516171A1B111085
:10A1BC000203070601000A0B08090E0F19191919D9
:10A1CC001919191919191919191900000000000089
:10A1DC00000000001D150000A1160000E515000090
:10A1EC00711E000079160000751600000D1F00008E
:10A1FC00111F0000DB0F49BFE4CB1640E4CB16C0A7
:10A20C0000000080DB0F4940DB0F49C0000000005C
:10A21C00000000802C2066756E6374696F6E3A20A6
:10A22C0000000000617373657274696F6E202225E3
:10A23C007322206661696C65643A2066696C6520DE
:10A24C00222573222C206C696E65202564257325CC
:10A25C00730A0000A2000000F9A2000083F9A2001A
:10A26C006E83F9A24E6E83F9444E6E8315444E6E86
:10A27C002915444EFC29154427FC29155727FC2980
:10A28C00D15727FCF5D1572734F5D157DD34F5D10B
:10A29C00C0DD34F5DBC0DD3462DBC0DD9562DBC0D4
:10A2AC00999562DB3C999562433C999590433C9916
:10A2BC004190433C42616C6C6F63207375636365C2
:10A2CC0065646564000000002F646174612F6A6529
:10A2DC006E6B696E732F776F726B73706163652F22
:10A2EC00474E552D746F6F6C636861696E2F617288
:10A2FC006D2D31312F7372632F6E65776C69622D02
:10A30C0063796777696E2F6E65776C69622F6C69FC
:10A31C0062632F7374646C69622F6D707265632E47
:10A32C00630000000020202020202020202028284E
:10A33C0028282820202020202020202020202020F9
:10A34C002020202020881010101010101010101039
:10A35C001010101010040404040404040404041069
:10A36C0010101010101041414141414101010101F7
:10A37C0001010101010101010101010101010101C1
:10A38C0010101010101042424242424202020202CD
:10A39C000202020202020202020202020202020291
:10A3AC001010101020000000000000000000000041
:10A3BC000000000000000000000000000000000091
:10A3CC000000000000000000000000000000000081
:10A3DC000000000000000000000000000000000071
:10A3EC000000000000000000000000000000000061
:10A3FC000000000000000000000000000000000051
:10A40C000000000000000000000000000000000040
:10A41C000000000000000000000000000000000030
:10A42C000000000000000000496E66696E697479D6
:10A43C00000000004E614E002F646174612F6A654C
:10A44C006E6B696E732F776F726B73706163652FB0
:10A45C00474E552D746F6F6C636861696E2F617216
:10A46C006D2D31312F7372632F6E65776C69622D90
:10A47C0063796777696E2F6E65776C69622F6C698B
:10A48C0062632F7374646C69622F64746F612E63E2
:10A49C0000000000494E4600696E66004E414E00B9
:10A4AC006E616E0030313233343536373839616293
:10A4BC006364656600000000303132333435363762
:10A4CC00383941424344454600000000286E756C03
:10A4DC006C290000300000003863ED3EDA0F493F74
:10A4EC005E987B3FDA0FC93F6937AC316821223364
:10A4FC00B40F14336821A2332020202020202020E8
:10A50C00202020202020202020202020202020203F
:10A51C002020202020202020050000001900000011
:10A52C007D0000004572726F723A20696E636F7223
:10A53C007265637420466C6578494F2070696E2093
:10A54C00636F6E66696775726174696F6E21000066
:10A55C00466C6578494F535049202D204D6F7369D7
:10A56C002070696E20646F6573206E6F74206D614E
:10A57C007020746F20666C657820636F6E74726FD8
:10A58C006C6C65720A000000466C6578494F53503C
:10A59C0049202D206E6F7420616C6C2070696E7375
:10A5AC00206D617070656420746F2073616D65201F
:10A5BC00466C657820636F6E74726F6C6C65720A92
:10A5CC0000000000466C6578494F535049202D20FF
:10A5DC006E6F7420616C6C2070696E732843532904
:10A5EC00206D617070656420746F2073616D6520DF
:10A5FC00466C657820636F6E74726F6C6C65720A52
:10A60C0000000000466C6578494F535049202D20BE
:10A61C004661696C656420746F20616C6C6F63615A
:10A62C0074652074696D657273206F72207368692C
:10A63C0066746572730000000A5374617274696EFB
:10A64C00672E2E2E000000004650533A20000000CA
:10A65C006F7666002C20416E696D617465642069AB
:10A66C006E200000732C2052656E64657265642048
:10A67C00696E2000732C20446973706C6179656479
:10A68C0020696E20000000002E0000004C435F4348
:10A69C004F4C4C41544500004C435F43545950457A
:10A6AC00000000004C435F4D4F4E45544152590041
:10A6BC004C435F4E554D4552494300004C435F544B
:10A6CC00494D45004C435F4D45535341474553005D
:10A6DC00303030303030303030303030303030306E
:10A6EC00303030303030303030303030303030305E
:10A6FC00000000001837012080370120E8370120C6
:10A70C00000000000000000000000000000000003D
:10A71C00000000000000000000000000000000002D
:10A72C00000000000000000000000000000000001D
:10A73C00000000000000000000000000000000000D
:10A74C0000000000000000000000000000000000FD
:10A75C0000000000000000000000000000000000ED
:10A76C0000000000000000000000000000000000DD
:10A77C0000000000000000000000000000000000CD
:10A78C0000000000000000000100000000000000BC
:10A79C000E33CDAB34126DE6ECDE05000B00000081
:10A7AC00000000000000000000000000000000009D
:10A7BC00000000000000000000000000000000008D
:10A7CC00000000000000000000000000000000007D
:10A7DC00000000000000000000000000000000006D
:10A7EC00000000000000000000000000000000005D
:10A7FC00000000000000000000000000000000004D
:10A80C00000000000000000000000000000000003C
:10A81C000029DE07F0000000007B9A170101013CC3
:10A82C00F0000101302000200000000000000000BA
:10A83C00000000000000000000000000000000000C
:10A84C000000000012010002EF020140C016830458
:10A85C007902010203010000F42100200000000035
:10A86C00E803000000000000E0672020000000006A
:10A87C0080000000FFFFFFFF3C0000000C03000005
:10A88C0000000000000000000000000000000000BC
:10A89C00000000002800000000010400010000007E
:10A8AC0000000000020157494E55534200000000C1
:10A8BC0000000000000000000000000012034D002A
:10A8CC00530046005400310030003000F800000006
:10A8DC00D8360120000000004300000000000000FA
:10A8EC00000000000000000000000000000000005C
:10A8FC000000000000000000430000000000000009
:10A90C00000000000000000000000000000000003B
:10A91C0000000000000000004300000000000000E8
:10A92C00000000000000000000000000000000001B
:10A93C0000000000000000004300000000000000C8
:10A94C0000000000000000000000000000000000FB
:10A95C0000000000000000004300000000000000A8
:10A96C0000000000000000000000000000000000DB
:10A97C000000000000000000430000000000000088
:10A98C0000000000000000000000000000000000BB
:10A99C000000000000000000430000000000000068
:10A9AC00000000000000000000000000000000009B
:10A9BC000000000000000000A104010009370100A4
:10A9CC0000000000B424002018280020902700204C
:10A9DC00902700209027002090270020902700200F
:10A9EC0090270020902700209027002090270020FF
:10A9FC00FFFFFFFFFFFFFFFFFFFFFFFFFFFF000059
:10AA0C0001004153434949000000000000000000D0
:10AA1C00000000000000000000000000000000002A
:10AA2C0000004153434949000000000000000000B1
:10AA3C00000000000000000000000000000000000A
:10AA4C00000000000000000000000000D42B0020DB
:10AA5C00D42B0020DC2B0020DC2B0020E42B00204E
:10AA6C00E42B0020EC2B0020EC2B0020F42B0020FE
:10AA7C00F42B0020FC2B0020FC2B0020042C0020AD
:10AA8C00042C00200C2C00200C2C0020142C00205A
:10AA9C00142C00201C2C00201C2C0020242C00200A
:10AAAC00242C00202C2C00202C2C0020342C0020BA
:10AABC00342C00203C2C00203C2C0020442C00206A
:10AACC00442C00204C2C00204C2C0020542C00201A
:10AADC00542C00205C2C00205C2C0020642C0020CA
:10AAEC00642C00206C2C00206C2C0020742C00207A
:10AAFC00742C00207C2C00207C2C0020842C00202A
:10AB0C00842C00208C2C00208C2C0020942C0020D9
:10AB1C00942C00209C2C00209C2C0020A42C002089
:10AB2C00A42C0020AC2C0020AC2C0020B42C002039
:10AB3C00B42C0020BC2C0020BC2C0020C42C0020E9
:10AB4C00C42C0020CC2C0020CC2C0020D42C002099
:10AB5C00D42C0020DC2C0020DC2C0020E42C002049
:10AB6C00E42C0020EC2C0020EC2C0020F42C0020F9
:10AB7C00F42C0020FC2C0020FC2C0020042D0020A8
:10AB8C00042D00200C2D00200C2D0020142D002055
:10AB9C00142D00201C2D00201C2D0020242D002005
:10ABAC00242D00202C2D00202C2D0020342D0020B5
:10ABBC00342D00203C2D00203C2D0020442D002065
:10ABCC00442D00204C2D00204C2D0020542D002015
:10ABDC00542D00205C2D00205C2D0020642D0020C5
:10ABEC00642D00206C2D00206C2D0020742D002075
:10ABFC00742D00207C2D00207C2D0020842D002025
:10AC0C00842D00208C2D00208C2D0020942D0020D4
:10AC1C00942D00209C2D00209C2D0020A42D002084
:10AC2C00A42D0020AC2D0020AC2D0020B42D002034
:10AC3C00B42D0020BC2D0020BC2D0020C42D0020E4
:10AC4C00C42D0020CC2D0020CC2D0020D42D002094
:10AC5C00D42D0020DC2D0020DC2D0020E42D002044
:10AC6C00E42D0020EC2D0020EC2D0020F42D0020F4
:10AC7C00F42D0020FC2D0020FC2D0020042E0020A3
:10AC8C00042E00200C2E00200C2E0020142E002050
:10AC9C00142E00201C2E00201C2E0020242E002000
:10ACAC00242E00202C2E00202C2E0020342E0020B0
:10ACBC00342E00203C2E00203C2E0020442E002060
:10ACCC00442E00204C2E00204C2E0020542E002010
:10ACDC00542E00205C2E00205C2E0020642E0020C0
:10ACEC00642E00206C2E00206C2E0020742E002070
:10ACFC00742E00207C2E00207C2E0020842E002020
:10AD0C00842E00208C2E00208C2E0020942E0020CF
:10AD1C00942E00209C2E00209C2E0020A42E00207F
:10AD2C00A42E0020AC2E0020AC2E0020B42E00202F
:10AD3C00B42E0020BC2E0020BC2E0020C42E0020DF
:10AD4C00C42E0020CC2E0020CC2E0020D42E00208F
:10AD5C00D42E0020DC2E0020DC2E0020E42E00203F
:10AD6C00E42E0020EC2E0020EC2E0020F42E0020EF
:10AD7C00F42E0020FC2E0020FC2E0020042F00209E
:10AD8C00042F00200C2F00200C2F0020142F00204B
:10AD9C00142F00201C2F00201C2F0020242F0020FB
:10ADAC00242F00202C2F00202C2F0020342F0020AB
:10ADBC00342F00203C2F00203C2F0020442F00205B
:10ADCC00442F00204C2F00204C2F0020542F00200B
:10ADDC00542F00205C2F00205C2F0020642F0020BB
:10ADEC00642F00206C2F00206C2F0020742F00206B
:10ADFC00742F00207C2F00207C2F0020842F00201B
:10AE0C00842F00208C2F00208C2F0020942F0020CA
:10AE1C00942F00209C2F00209C2F0020A42F00207A
:10AE2C00A42F0020AC2F0020AC2F0020B42F00202A
:10AE3C00B42F0020BC2F0020BC2F0020C42F0020DA
:10AE4C00C42F0020CC2F0020CC2F0020FFFFFFFFB1
:10AE5C000000020000000000030000001837012071
:10AE6C00802800200000000000000000000000000E
:10AE7C0000000000000000000000000000000000C6
:10AE8C0000000000000000000000000000000000B6
:10AE9C0000000000000000000000000000000000A6
:10AEAC000000000000000000000000000000000096
:10AEBC000000000000000000000000000000000086
:10AECC000000000000000000000000000000000076
:10AEDC000000000000000000000000000000000066
:10AEEC000000000000000000000000000000000056
:10AEFC000000000000000000000000000000000046
:10AF0C000000000000000000000000000000000035
:10AF1C000000000000000000000000000000000025
:10AF2C000000000000000000000000000000000015
:10AF3C000000000000000000000000000000000005
:10AF4C0000000000000000000000000000000000F5
:10AF5C0000000000000000000000000000000000E5
:10AF6C0000000000000000000000000000000000D5
:10AF7C0000000000000000000000000000000000C5
:10AF8C0000000000000000000000000000000000B5
:10AF9C0000000000000000000000000000000000A5
:10AFAC000000000000000000000000000000000095
:10AFBC000000000000000000000000000000000085
:10AFCC000000000000000000000000000000000075
:10AFDC000000000000000000000000000000000065
:10AFEC000000000000000000000000000000000055
:10AFFC000000000000000000000000000000000045
:10B00C000000000000000000000000000000000034
:10B01C000000000000000000000000000000000024
:10B02C000000000000000000000000000000000014
:10B03C000000000000000000000000000000000004
:10B04C0000000000000000000000000000000000F4
:10B05C0000000000000000000000000000000000E4
:10B06C0000000000000000000000000000000000D4
:10B07C0000000000000000000000000000000000C4
:10B08C0000000000000000000000000000000000B4
:10B09C0000000000000000000000000000000000A4
:10B0AC000000000000000000000000000000000094
:10B0BC000000000000000000000000000000000084
:10B0CC000000000000000000000000000000000074
:10B0DC000000000000000000000000000000000064
:10B0EC000000000000000000000000000000000054
:10B0FC000000000000000000000000000000000044
:10B10C000000000000000000000000000000000033
:10B11C000000000000000000000000000000000023
:10B12C000000000000000000000000000000000013
:10B13C00FFFFFFFFFFFFFFFFFFFFFFFFFFFFFFFF13
:10B14C00FFFFFFFFFFFFFFFFFFFFFFFFFFFFFFFF03
:10B15C00FFFFFFFFFFFFFFFFFFFFFFFFFFFFFFFFF3
:10B16C00FFFFFFFFFFFFFFFFFFFFFFFFFFFFFFFFE3
:10B17C00FFFFFFFFFFFFFFFFFFFFFFFFFFFFFFFFD3
:10B18C00FFFFFFFFFFFFFFFFFFFFFFFFFFFFFFFFC3
:10B19C00FFFFFFFFFFFFFFFFFFFFFFFFFFFFFFFFB3
:10B1AC00FFFFFFFFFFFFFFFFFFFFFFFFFFFFFFFFA3
:10B1BC00FFFFFFFFFFFFFFFFFFFFFFFFFFFFFFFF93
:10B1CC00FFFFFFFFFFFFFFFFFFFFFFFFFFFFFFFF83
:10B1DC00FFFFFFFFFFFFFFFFFFFFFFFFFFFFFFFF73
:10B1EC00FFFFFFFFFFFFFFFFFFFFFFFFFFFFFFFF63
:10B1FC00FFFFFFFFFFFFFFFFFFFFFFFFFFFFFFFF53
:10B20C00FFFFFFFFFFFFFFFFFFFFFFFFFFFFFFFF42
:10B21C00FFFFFFFFFFFFFFFFFFFFFFFFFFFFFFFF32
:10B22C00FFFFFFFFFFFFFFFFFFFFFFFFFFFFFFFF22
:10B23C00FFFFFFFFFFFFFFFFFFFFFFFFFFFFFFFF12
:10B24C00FFFFFFFFFFFFFFFFFFFFFFFFFFFFFFFF02
:10B25C00FFFFFFFFFFFFFFFFFFFFFFFFFFFFFFFFF2
:10B26C00FFFFFFFFFFFFFFFFFFFFFFFFFFFFFFFFE2
:10B27C00FFFFFFFFFFFFFFFFFFFFFFFFFFFFFFFFD2
:10B28C00FFFFFFFFFFFFFFFFFFFFFFFFFFFFFFFFC2
:10B29C00FFFFFFFFFFFFFFFFFFFFFFFFFFFFFFFFB2
:10B2AC00FFFFFFFFFFFFFFFFFFFFFFFFFFFFFFFFA2
:10B2BC00FFFFFFFFFFFFFFFFFFFFFFFFFFFFFFFF92
:10B2CC00FFFFFFFFFFFFFFFFFFFFFFFFFFFFFFFF82
:10B2DC00FFFFFFFFFFFFFFFFFFFFFFFFFFFFFFFF72
:10B2EC00FFFFFFFFFFFFFFFFFFFFFFFFFFFFFFFF62
:10B2FC00FFFFFFFFFFFFFFFFFFFFFFFFFFFFFFFF52
:10B30C00FFFFFFFFFFFFFFFFFFFFFFFFFFFFFFFF41
:10B31C00FFFFFFFFFFFFFFFFFFFFFFFFFFFFFFFF31
:10B32C00FFFFFFFFFFFFFFFFFFFFFFFFFFFFFFFF21
:10B33C00FFFFFFFFFFFFFFFFFFFFFFFFFFFFFFFF11
:10B34C00FFFFFFFFFFFFFFFFFFFFFFFFFFFFFFFF01
:10B35C00FFFFFFFFFFFFFFFFFFFFFFFFFFFFFFFFF1
:10B36C00FFFFFFFFFFFFFFFFFFFFFFFFFFFFFFFFE1
:10B37C00FFFFFFFFFFFFFFFFFFFFFFFFFFFFFFFFD1
:10B38C00FFFFFFFFFFFFFFFFFFFFFFFFFFFFFFFFC1
:10B39C00FFFFFFFFFFFFFFFFFFFFFFFFFFFFFFFFB1
:10B3AC00FFFFFFFFFFFFFFFFFFFFFFFFFFFFFFFFA1
:10B3BC00FFFFFFFFFFFFFFFFFFFFFFFFFFFFFFFF91
:10B3CC00FFFFFFFFFFFFFFFFFFFFFFFFFFFFFFFF81
:10B3DC00FFFFFFFFFFFFFFFFFFFFFFFFFFFFFFFF71
:10B3EC00FFFFFFFFFFFFFFFFFFFFFFFFFFFFFFFF61
:10B3FC00FFFFFFFF00000000000000000000000045
:10B40C000000000000000000000000000000000030
:10B41C000000000000000000000000000000000020
:10B42C000000000000000000000000000000000010
:10B43C000000000000000000000000000000000000
:10B44C0000000000000000000000000000000000F0
:10B45C0000000000000000000000000000000000E0
:10B46C0000000000000000000000000000000000D0
:10B47C0000000000000000000000000000000000C0
:10B48C0000000000000000000000000000000000B0
:10B49C0000000000000000000000000000000000A0
:10B4AC000000000000000000000000000000000090
:10B4BC000000000000000000000000000000000080
:10B4CC000000000000000000000000000000000070
:10B4DC000000000000000000000000000000000060
:10B4EC000000000000000000000000000000000050
:10B4FC000000000000000000000000000000000040
:10B50C00000000000000000000000000000000002F
:10B51C00000000000000000000000000000000001F
:10B52C00000000000000000000000000000000000F
:10B53C0000000000000000000000000000000000FF
:10B54C0000000000000000000000000000000000EF
:10B55C0000000000000000000000000000000000DF
:10B56C0000000000000000000000000000000000CF
:10B57C0000000000000000000000000000000000BF
:10B58C0000000000000000000000000000000000AF
:10B59C00000000000000000000000000000000009F
:10B5AC00000000000000000000000000000000008F
:10B5BC00000000000000000000000000000000007F
:10B5CC00000000000000000000000000000000006F
:10B5DC00000000000000000000000000000000005F
:10B5EC00000000000000000000000000000000004F
:10B5FC00000000000000000000000000000000003F
:10B60C00000000000000000000000000000000002E
:10B61C00000000000000000000000000000000001E
:10B62C00000000000000000000000000000000000E
:10B63C0000000000000000000000000000000000FE
:10B64C0000000000000000000000000000000000EE
:10B65C0000000000000000000000000000000000DE
:10B66C0000000000000000000000000000000000CE
:10B67C0000000000000000000000000000000000BE
:10B68C0000000000000000000000000000000000AE
:10B69C00000000000000000000000000000000009E
:10B6AC00000000000000000000000000000000008E
:10B6BC00000000000000000000000000000000007E
:10B6CC00000000000000000000000000000000006E
:10B6DC00000000000000000000000000000000005E
:10B6EC00000000000000000000000000000000004E
:10B6FC00000000000000000000000000000000003E
:10B70C00000000000000000000000000000000002D
:10B71C00000000000000000000000000000000001D
:10B72C00000000000000000000000000000000000D
:10B73C0000000000000000000000000000000000FD
:10B74C0000000000000000000000000000000000ED
:10B75C0000000000000000000000000000000000DD
:10B76C0000000000000000000000000000000000CD
:10B77C0000000000000000000000000000000000BD
:10B78C0000000000000000000000000000000000AD
:10B79C00000000000000000000000000000000009D
:10B7AC00000000000000000000000000000000008D
:10B7BC00000000000000000000000000000000007D
:10B7CC00000000000000000000000000000000006D
:10B7DC00000000000000000000000000000000005D
:10B7EC00000000000000000000000000000000004D
:10B7FC00000000000000000000000000000000003D
:10B80C00000000000000000000000000000000002C
:10B81C00000000000000000000000000000000001C
:10B82C00000000000000000000000000000000000C
:10B83C0000000000000000000000000000000000FC
:10B84C0000000000000000000000000000000000EC
:10B85C0000000000000000000000000000000000DC
:10B86C0000000000000000000000000000000000CC
:10B87C0000000000000000000000000000000000BC
:10B88C0000000000000000000000000000000000AC
:10B89C00000000000000000000000000000000009C
:10B8AC00000000000000000000000000000000008C
:10B8BC00000000000000000000000000000000007C
:10B8CC00000000000000000000000000000000006C
:10B8DC00000000000000000000000000000000005C
:10B8EC00000000000000000000000000000000004C
:10B8FC00000000000000000000000000000000003C
:10B90C00000000000000000000000000000000002B
:10B91C00000000000000000000000000000000001B
:10B92C00000000000000000000000000000000000B
:10B93C0000000000000000000000000000000000FB
:10B94C0000000000000000000000000000000000EB
:10B95C0000000000000000000000000000000000DB
:10B96C0000000000000000000000000000000000CB
:10B97C0000000000000000000000000000000000BB
:10B98C0000000000000000000000000000000000AB
:10B99C00000000000000000000000000000000009B
:10B9AC00000000000000000000000000000000008B
:10B9BC00000000000000000000000000000000007B
:10B9CC00000000000000000000000000000000006B
:10B9DC00000000000000000000000000000000005B
:10B9EC00000000000000000000000000000000004B
:10B9FC00000000000000000000000000000000003B
:10BA0C00000000000000000000000000000000002A
:10BA1C00000000000000000000000000000000001A
:10BA2C00000000000000000000000000000000000A
:10BA3C0000000000000000000000000000000000FA
:10BA4C0000000000000000000000000000000000EA
:10BA5C0000000000000000000000000000000000DA
:10BA6C0000000000000000000000000000000000CA
:10BA7C0000000000000000000000000000000000BA
:10BA8C0000000000000000000000000000000000AA
:10BA9C00000000000000000000000000000000009A
:10BAAC00000000000000000000000000000000008A
:10BABC00000000000000000000000000000000007A
:10BACC00000000000000000000000000000000006A
:10BADC00000000000000000000000000000000005A
:10BAEC00000000000000000000000000000000004A
:10BAFC00000000000000000000000000000000003A
:10BB0C000000000000000000000000000000000029
:10BB1C000000000000000000000000000000000019
:10BB2C000000000000000000000000000000000009
:10BB3C0000000000000000000000000000000000F9
:10BB4C0000000000000000000000000000000000E9
:10BB5C0000000000000000000000000000000000D9
:10BB6C0000000000000000000000000000000000C9
:10BB7C0000000000000000000000000000000000B9
:10BB8C0000000000000000000000000000000000A9
:10BB9C000000000000000000000000000000000099
:10BBAC000000000000000000000000000000000089
:10BBBC000000000000000000000000000000000079
:10BBCC000000000000000000000000000000000069
:10BBDC000000000000000000000000000000000059
:10BBEC000000000000000000000000000000000049
:10BBFC000000000000000000000000000000000039
:10BC0C000000000000000000000000000000000028
:10BC1C000000000000000000000000000000000018
:10BC2C000000000000000000000000000000000008
:10BC3C0000000000000000000000000000000000F8
:10BC4C0000000000000000000000000000000000E8
:10BC5C0000000000000000000000000000000000D8
:10BC6C0000000000000000000000000000000000C8
:10BC7C0000000000000000000000000000000000B8
:10BC8C0000000000000000000000000000000000A8
:10BC9C000000000000000000000000000000000098
:10BCAC000000000000000000000000000000000088
:10BCBC000000000000000000000000000000000078
:10BCCC000000000000000000000000000000000068
:10BCDC000000000000000000000000000000000058
:10BCEC000000000000000000000000000000000048
:10BCFC000000000000000000000000000000000038
:10BD0C000000000000000000000000000000000027
:10BD1C000000000000000000000000000000000017
:10BD2C000000000000000000000000000000000007
:10BD3C0000000000000000000000000000000000F7
:10BD4C0000000000000000000000000000000000E7
:10BD5C0000000000000000000000000000000000D7
:10BD6C0000000000000000000000000000000000C7
:10BD7C0000000000000000000000000000000000B7
:10BD8C0000000000000000000000000000000000A7
:10BD9C000000000000000000000000000000000097
:10BDAC000000000000000000000000000000000087
:10BDBC000000000000000000000000000000000077
:10BDCC000000000000000000000000000000000067
:10BDDC000000000000000000000000000000000057
:10BDEC000000000000000000000000000000000047
:10BDFC000000000000000000000000000000000037
:10BE0C000000000000000000000000000000000026
:10BE1C000000000000000000000000000000000016
:10BE2C000000000000000000000000000000000006
:10BE3C0000000000000000000000000000000000F6
:10BE4C0000000000000000000000000000000000E6
:10BE5C0000000000000000000000000000000000D6
:10BE6C0000000000000000000000000000000000C6
:10BE7C0000000000000000000000000000000000B6
:10BE8C0000000000000000000000000000000000A6
:10BE9C000000000000000000000000000000000096
:10BEAC000000000000000000000000000000000086
:10BEBC000000000000000000000000000000000076
:10BECC000000000000000000000000000000000066
:10BEDC000000000000000000000000000000000056
:10BEEC000000000000000000000000000000000046
:10BEFC000000000000000000000000000000000036
:10BF0C000000000000000000000000000000000025
:10BF1C000000000000000000000000000000000015
:10BF2C000000000000000000000000000000000005
:10BF3C0000000000000000000000000000000000F5
:10BF4C0000000000000000000000000000000000E5
:10BF5C0000000000000000000000000000000000D5
:10BF6C0000000000000000000000000000000000C5
:10BF7C0000000000000000000000000000000000B5
:10BF8C0000000000000000000000000000000000A5
:10BF9C000000000000000000000000000000000095
:10BFAC000000000000000000000000000000000085
:10BFBC000000000000000000000000000000000075
:10BFCC000000000000000000000000000000000065
:10BFDC000000000000000000000000000000000055
:10BFEC000000000000000000000000000000000045
:04BFFC000000000041
:040000056000100087
:00000001FF
