:0200000460009A
:100000004643464200000156000000000103030081
:1000100000000000000000000000000000000000E0
:1000200000000000000000000000000000000000D0
:1000300000000000000000000000000000000000C0
:1000400000000000010408000000000000000000A3
:100050000000800000000000000000000000000020
:100060000000000000000000000000000000000090
:100070000000000000000000000000000000000080
:10008000EB04180A063204260000000000000000FD
:10009000050404240000000000000000000000002F
:1000A0000000000000000000000000000000000050
:1000B0000604000000000000000000000000000036
:1000C0000000000000000000000000000000000030
:1000D00020041808000000000000000000000000DC
:1000E0000000000000000000000000000000000010
:1000F0000000000000000000000000000000000000
:10010000D8041808000000000000000000000000F3
:100110000204180804200000000000000000000095
:1001200000000000000000000000000000000000CF
:10013000600400000000000000000000000000005B
:1001400000000000000000000000000000000000AF
:10015000000000000000000000000000000000009F
:10016000000000000000000000000000000000008F
:10017000000000000000000000000000000000007F
:10018000000000000000000000000000000000006F
:10019000000000000000000000000000000000005F
:1001A000000000000000000000000000000000004F
:1001B000000000000000000000000000000000003F
:1001C000000100000010000001000000000000001D
:1001D000000001000000000000000000000000001E
:1001E000000000000000000000000000000000000F
:1001F00000000000000000000000000000000000FF
:10020000FFFFFFFFFFFFFFFFFFFFFFFFFFFFFFFFFE
:10021000FFFFFFFFFFFFFFFFFFFFFFFFFFFFFFFFEE
:10022000FFFFFFFFFFFFFFFFFFFFFFFFFFFFFFFFDE
:10023000FFFFFFFFFFFFFFFFFFFFFFFFFFFFFFFFCE
:10024000FFFFFFFFFFFFFFFFFFFFFFFFFFFFFFFFBE
:10025000FFFFFFFFFFFFFFFFFFFFFFFFFFFFFFFFAE
:10026000FFFFFFFFFFFFFFFFFFFFFFFFFFFFFFFF9E
:10027000FFFFFFFFFFFFFFFFFFFFFFFFFFFFFFFF8E
:10028000FFFFFFFFFFFFFFFFFFFFFFFFFFFFFFFF7E
:10029000FFFFFFFFFFFFFFFFFFFFFFFFFFFFFFFF6E
:1002A000FFFFFFFFFFFFFFFFFFFFFFFFFFFFFFFF5E
:1002B000FFFFFFFFFFFFFFFFFFFFFFFFFFFFFFFF4E
:1002C000FFFFFFFFFFFFFFFFFFFFFFFFFFFFFFFF3E
:1002D000FFFFFFFFFFFFFFFFFFFFFFFFFFFFFFFF2E
:1002E000FFFFFFFFFFFFFFFFFFFFFFFFFFFFFFFF1E
:1002F000FFFFFFFFFFFFFFFFFFFFFFFFFFFFFFFF0E
:10030000FFFFFFFFFFFFFFFFFFFFFFFFFFFFFFFFFD
:10031000FFFFFFFFFFFFFFFFFFFFFFFFFFFFFFFFED
:10032000FFFFFFFFFFFFFFFFFFFFFFFFFFFFFFFFDD
:10033000FFFFFFFFFFFFFFFFFFFFFFFFFFFFFFFFCD
:10034000FFFFFFFFFFFFFFFFFFFFFFFFFFFFFFFFBD
:10035000FFFFFFFFFFFFFFFFFFFFFFFFFFFFFFFFAD
:10036000FFFFFFFFFFFFFFFFFFFFFFFFFFFFFFFF9D
:10037000FFFFFFFFFFFFFFFFFFFFFFFFFFFFFFFF8D
:10038000FFFFFFFFFFFFFFFFFFFFFFFFFFFFFFFF7D
:10039000FFFFFFFFFFFFFFFFFFFFFFFFFFFFFFFF6D
:1003A000FFFFFFFFFFFFFFFFFFFFFFFFFFFFFFFF5D
:1003B000FFFFFFFFFFFFFFFFFFFFFFFFFFFFFFFF4D
:1003C000FFFFFFFFFFFFFFFFFFFFFFFFFFFFFFFF3D
:1003D000FFFFFFFFFFFFFFFFFFFFFFFFFFFFFFFF2D
:1003E000FFFFFFFFFFFFFFFFFFFFFFFFFFFFFFFF1D
:1003F000FFFFFFFFFFFFFFFFFFFFFFFFFFFFFFFF0D
:10040000FFFFFFFFFFFFFFFFFFFFFFFFFFFFFFFFFC
:10041000FFFFFFFFFFFFFFFFFFFFFFFFFFFFFFFFEC
:10042000FFFFFFFFFFFFFFFFFFFFFFFFFFFFFFFFDC
:10043000FFFFFFFFFFFFFFFFFFFFFFFFFFFFFFFFCC
:10044000FFFFFFFFFFFFFFFFFFFFFFFFFFFFFFFFBC
:10045000FFFFFFFFFFFFFFFFFFFFFFFFFFFFFFFFAC
:10046000FFFFFFFFFFFFFFFFFFFFFFFFFFFFFFFF9C
:10047000FFFFFFFFFFFFFFFFFFFFFFFFFFFFFFFF8C
:10048000FFFFFFFFFFFFFFFFFFFFFFFFFFFFFFFF7C
:10049000FFFFFFFFFFFFFFFFFFFFFFFFFFFFFFFF6C
:1004A000FFFFFFFFFFFFFFFFFFFFFFFFFFFFFFFF5C
:1004B000FFFFFFFFFFFFFFFFFFFFFFFFFFFFFFFF4C
:1004C000FFFFFFFFFFFFFFFFFFFFFFFFFFFFFFFF3C
:1004D000FFFFFFFFFFFFFFFFFFFFFFFFFFFFFFFF2C
:1004E000FFFFFFFFFFFFFFFFFFFFFFFFFFFFFFFF1C
:1004F000FFFFFFFFFFFFFFFFFFFFFFFFFFFFFFFF0C
:10050000FFFFFFFFFFFFFFFFFFFFFFFFFFFFFFFFFB
:10051000FFFFFFFFFFFFFFFFFFFFFFFFFFFFFFFFEB
:10052000FFFFFFFFFFFFFFFFFFFFFFFFFFFFFFFFDB
:10053000FFFFFFFFFFFFFFFFFFFFFFFFFFFFFFFFCB
:10054000FFFFFFFFFFFFFFFFFFFFFFFFFFFFFFFFBB
:10055000FFFFFFFFFFFFFFFFFFFFFFFFFFFFFFFFAB
:10056000FFFFFFFFFFFFFFFFFFFFFFFFFFFFFFFF9B
:10057000FFFFFFFFFFFFFFFFFFFFFFFFFFFFFFFF8B
:10058000FFFFFFFFFFFFFFFFFFFFFFFFFFFFFFFF7B
:10059000FFFFFFFFFFFFFFFFFFFFFFFFFFFFFFFF6B
:1005A000FFFFFFFFFFFFFFFFFFFFFFFFFFFFFFFF5B
:1005B000FFFFFFFFFFFFFFFFFFFFFFFFFFFFFFFF4B
:1005C000FFFFFFFFFFFFFFFFFFFFFFFFFFFFFFFF3B
:1005D000FFFFFFFFFFFFFFFFFFFFFFFFFFFFFFFF2B
:1005E000FFFFFFFFFFFFFFFFFFFFFFFFFFFFFFFF1B
:1005F000FFFFFFFFFFFFFFFFFFFFFFFFFFFFFFFF0B
:10060000FFFFFFFFFFFFFFFFFFFFFFFFFFFFFFFFFA
:10061000FFFFFFFFFFFFFFFFFFFFFFFFFFFFFFFFEA
:10062000FFFFFFFFFFFFFFFFFFFFFFFFFFFFFFFFDA
:10063000FFFFFFFFFFFFFFFFFFFFFFFFFFFFFFFFCA
:10064000FFFFFFFFFFFFFFFFFFFFFFFFFFFFFFFFBA
:10065000FFFFFFFFFFFFFFFFFFFFFFFFFFFFFFFFAA
:10066000FFFFFFFFFFFFFFFFFFFFFFFFFFFFFFFF9A
:10067000FFFFFFFFFFFFFFFFFFFFFFFFFFFFFFFF8A
:10068000FFFFFFFFFFFFFFFFFFFFFFFFFFFFFFFF7A
:10069000FFFFFFFFFFFFFFFFFFFFFFFFFFFFFFFF6A
:1006A000FFFFFFFFFFFFFFFFFFFFFFFFFFFFFFFF5A
:1006B000FFFFFFFFFFFFFFFFFFFFFFFFFFFFFFFF4A
:1006C000FFFFFFFFFFFFFFFFFFFFFFFFFFFFFFFF3A
:1006D000FFFFFFFFFFFFFFFFFFFFFFFFFFFFFFFF2A
:1006E000FFFFFFFFFFFFFFFFFFFFFFFFFFFFFFFF1A
:1006F000FFFFFFFFFFFFFFFFFFFFFFFFFFFFFFFF0A
:10070000FFFFFFFFFFFFFFFFFFFFFFFFFFFFFFFFF9
:10071000FFFFFFFFFFFFFFFFFFFFFFFFFFFFFFFFE9
:10072000FFFFFFFFFFFFFFFFFFFFFFFFFFFFFFFFD9
:10073000FFFFFFFFFFFFFFFFFFFFFFFFFFFFFFFFC9
:10074000FFFFFFFFFFFFFFFFFFFFFFFFFFFFFFFFB9
:10075000FFFFFFFFFFFFFFFFFFFFFFFFFFFFFFFFA9
:10076000FFFFFFFFFFFFFFFFFFFFFFFFFFFFFFFF99
:10077000FFFFFFFFFFFFFFFFFFFFFFFFFFFFFFFF89
:10078000FFFFFFFFFFFFFFFFFFFFFFFFFFFFFFFF79
:10079000FFFFFFFFFFFFFFFFFFFFFFFFFFFFFFFF69
:1007A000FFFFFFFFFFFFFFFFFFFFFFFFFFFFFFFF59
:1007B000FFFFFFFFFFFFFFFFFFFFFFFFFFFFFFFF49
:1007C000FFFFFFFFFFFFFFFFFFFFFFFFFFFFFFFF39
:1007D000FFFFFFFFFFFFFFFFFFFFFFFFFFFFFFFF29
:1007E000FFFFFFFFFFFFFFFFFFFFFFFFFFFFFFFF19
:1007F000FFFFFFFFFFFFFFFFFFFFFFFFFFFFFFFF09
:10080000FFFFFFFFFFFFFFFFFFFFFFFFFFFFFFFFF8
:10081000FFFFFFFFFFFFFFFFFFFFFFFFFFFFFFFFE8
:10082000FFFFFFFFFFFFFFFFFFFFFFFFFFFFFFFFD8
:10083000FFFFFFFFFFFFFFFFFFFFFFFFFFFFFFFFC8
:10084000FFFFFFFFFFFFFFFFFFFFFFFFFFFFFFFFB8
:10085000FFFFFFFFFFFFFFFFFFFFFFFFFFFFFFFFA8
:10086000FFFFFFFFFFFFFFFFFFFFFFFFFFFFFFFF98
:10087000FFFFFFFFFFFFFFFFFFFFFFFFFFFFFFFF88
:10088000FFFFFFFFFFFFFFFFFFFFFFFFFFFFFFFF78
:10089000FFFFFFFFFFFFFFFFFFFFFFFFFFFFFFFF68
:1008A000FFFFFFFFFFFFFFFFFFFFFFFFFFFFFFFF58
:1008B000FFFFFFFFFFFFFFFFFFFFFFFFFFFFFFFF48
:1008C000FFFFFFFFFFFFFFFFFFFFFFFFFFFFFFFF38
:1008D000FFFFFFFFFFFFFFFFFFFFFFFFFFFFFFFF28
:1008E000FFFFFFFFFFFFFFFFFFFFFFFFFFFFFFFF18
:1008F000FFFFFFFFFFFFFFFFFFFFFFFFFFFFFFFF08
:10090000FFFFFFFFFFFFFFFFFFFFFFFFFFFFFFFFF7
:10091000FFFFFFFFFFFFFFFFFFFFFFFFFFFFFFFFE7
:10092000FFFFFFFFFFFFFFFFFFFFFFFFFFFFFFFFD7
:10093000FFFFFFFFFFFFFFFFFFFFFFFFFFFFFFFFC7
:10094000FFFFFFFFFFFFFFFFFFFFFFFFFFFFFFFFB7
:10095000FFFFFFFFFFFFFFFFFFFFFFFFFFFFFFFFA7
:10096000FFFFFFFFFFFFFFFFFFFFFFFFFFFFFFFF97
:10097000FFFFFFFFFFFFFFFFFFFFFFFFFFFFFFFF87
:10098000FFFFFFFFFFFFFFFFFFFFFFFFFFFFFFFF77
:10099000FFFFFFFFFFFFFFFFFFFFFFFFFFFFFFFF67
:1009A000FFFFFFFFFFFFFFFFFFFFFFFFFFFFFFFF57
:1009B000FFFFFFFFFFFFFFFFFFFFFFFFFFFFFFFF47
:1009C000FFFFFFFFFFFFFFFFFFFFFFFFFFFFFFFF37
:1009D000FFFFFFFFFFFFFFFFFFFFFFFFFFFFFFFF27
:1009E000FFFFFFFFFFFFFFFFFFFFFFFFFFFFFFFF17
:1009F000FFFFFFFFFFFFFFFFFFFFFFFFFFFFFFFF07
:100A0000FFFFFFFFFFFFFFFFFFFFFFFFFFFFFFFFF6
:100A1000FFFFFFFFFFFFFFFFFFFFFFFFFFFFFFFFE6
:100A2000FFFFFFFFFFFFFFFFFFFFFFFFFFFFFFFFD6
:100A3000FFFFFFFFFFFFFFFFFFFFFFFFFFFFFFFFC6
:100A4000FFFFFFFFFFFFFFFFFFFFFFFFFFFFFFFFB6
:100A5000FFFFFFFFFFFFFFFFFFFFFFFFFFFFFFFFA6
:100A6000FFFFFFFFFFFFFFFFFFFFFFFFFFFFFFFF96
:100A7000FFFFFFFFFFFFFFFFFFFFFFFFFFFFFFFF86
:100A8000FFFFFFFFFFFFFFFFFFFFFFFFFFFFFFFF76
:100A9000FFFFFFFFFFFFFFFFFFFFFFFFFFFFFFFF66
:100AA000FFFFFFFFFFFFFFFFFFFFFFFFFFFFFFFF56
:100AB000FFFFFFFFFFFFFFFFFFFFFFFFFFFFFFFF46
:100AC000FFFFFFFFFFFFFFFFFFFFFFFFFFFFFFFF36
:100AD000FFFFFFFFFFFFFFFFFFFFFFFFFFFFFFFF26
:100AE000FFFFFFFFFFFFFFFFFFFFFFFFFFFFFFFF16
:100AF000FFFFFFFFFFFFFFFFFFFFFFFFFFFFFFFF06
:100B0000FFFFFFFFFFFFFFFFFFFFFFFFFFFFFFFFF5
:100B1000FFFFFFFFFFFFFFFFFFFFFFFFFFFFFFFFE5
:100B2000FFFFFFFFFFFFFFFFFFFFFFFFFFFFFFFFD5
:100B3000FFFFFFFFFFFFFFFFFFFFFFFFFFFFFFFFC5
:100B4000FFFFFFFFFFFFFFFFFFFFFFFFFFFFFFFFB5
:100B5000FFFFFFFFFFFFFFFFFFFFFFFFFFFFFFFFA5
:100B6000FFFFFFFFFFFFFFFFFFFFFFFFFFFFFFFF95
:100B7000FFFFFFFFFFFFFFFFFFFFFFFFFFFFFFFF85
:100B8000FFFFFFFFFFFFFFFFFFFFFFFFFFFFFFFF75
:100B9000FFFFFFFFFFFFFFFFFFFFFFFFFFFFFFFF65
:100BA000FFFFFFFFFFFFFFFFFFFFFFFFFFFFFFFF55
:100BB000FFFFFFFFFFFFFFFFFFFFFFFFFFFFFFFF45
:100BC000FFFFFFFFFFFFFFFFFFFFFFFFFFFFFFFF35
:100BD000FFFFFFFFFFFFFFFFFFFFFFFFFFFFFFFF25
:100BE000FFFFFFFFFFFFFFFFFFFFFFFFFFFFFFFF15
:100BF000FFFFFFFFFFFFFFFFFFFFFFFFFFFFFFFF05
:100C0000FFFFFFFFFFFFFFFFFFFFFFFFFFFFFFFFF4
:100C1000FFFFFFFFFFFFFFFFFFFFFFFFFFFFFFFFE4
:100C2000FFFFFFFFFFFFFFFFFFFFFFFFFFFFFFFFD4
:100C3000FFFFFFFFFFFFFFFFFFFFFFFFFFFFFFFFC4
:100C4000FFFFFFFFFFFFFFFFFFFFFFFFFFFFFFFFB4
:100C5000FFFFFFFFFFFFFFFFFFFFFFFFFFFFFFFFA4
:100C6000FFFFFFFFFFFFFFFFFFFFFFFFFFFFFFFF94
:100C7000FFFFFFFFFFFFFFFFFFFFFFFFFFFFFFFF84
:100C8000FFFFFFFFFFFFFFFFFFFFFFFFFFFFFFFF74
:100C9000FFFFFFFFFFFFFFFFFFFFFFFFFFFFFFFF64
:100CA000FFFFFFFFFFFFFFFFFFFFFFFFFFFFFFFF54
:100CB000FFFFFFFFFFFFFFFFFFFFFFFFFFFFFFFF44
:100CC000FFFFFFFFFFFFFFFFFFFFFFFFFFFFFFFF34
:100CD000FFFFFFFFFFFFFFFFFFFFFFFFFFFFFFFF24
:100CE000FFFFFFFFFFFFFFFFFFFFFFFFFFFFFFFF14
:100CF000FFFFFFFFFFFFFFFFFFFFFFFFFFFFFFFF04
:100D0000FFFFFFFFFFFFFFFFFFFFFFFFFFFFFFFFF3
:100D1000FFFFFFFFFFFFFFFFFFFFFFFFFFFFFFFFE3
:100D2000FFFFFFFFFFFFFFFFFFFFFFFFFFFFFFFFD3
:100D3000FFFFFFFFFFFFFFFFFFFFFFFFFFFFFFFFC3
:100D4000FFFFFFFFFFFFFFFFFFFFFFFFFFFFFFFFB3
:100D5000FFFFFFFFFFFFFFFFFFFFFFFFFFFFFFFFA3
:100D6000FFFFFFFFFFFFFFFFFFFFFFFFFFFFFFFF93
:100D7000FFFFFFFFFFFFFFFFFFFFFFFFFFFFFFFF83
:100D8000FFFFFFFFFFFFFFFFFFFFFFFFFFFFFFFF73
:100D9000FFFFFFFFFFFFFFFFFFFFFFFFFFFFFFFF63
:100DA000FFFFFFFFFFFFFFFFFFFFFFFFFFFFFFFF53
:100DB000FFFFFFFFFFFFFFFFFFFFFFFFFFFFFFFF43
:100DC000FFFFFFFFFFFFFFFFFFFFFFFFFFFFFFFF33
:100DD000FFFFFFFFFFFFFFFFFFFFFFFFFFFFFFFF23
:100DE000FFFFFFFFFFFFFFFFFFFFFFFFFFFFFFFF13
:100DF000FFFFFFFFFFFFFFFFFFFFFFFFFFFFFFFF03
:100E0000FFFFFFFFFFFFFFFFFFFFFFFFFFFFFFFFF2
:100E1000FFFFFFFFFFFFFFFFFFFFFFFFFFFFFFFFE2
:100E2000FFFFFFFFFFFFFFFFFFFFFFFFFFFFFFFFD2
:100E3000FFFFFFFFFFFFFFFFFFFFFFFFFFFFFFFFC2
:100E4000FFFFFFFFFFFFFFFFFFFFFFFFFFFFFFFFB2
:100E5000FFFFFFFFFFFFFFFFFFFFFFFFFFFFFFFFA2
:100E6000FFFFFFFFFFFFFFFFFFFFFFFFFFFFFFFF92
:100E7000FFFFFFFFFFFFFFFFFFFFFFFFFFFFFFFF82
:100E8000FFFFFFFFFFFFFFFFFFFFFFFFFFFFFFFF72
:100E9000FFFFFFFFFFFFFFFFFFFFFFFFFFFFFFFF62
:100EA000FFFFFFFFFFFFFFFFFFFFFFFFFFFFFFFF52
:100EB000FFFFFFFFFFFFFFFFFFFFFFFFFFFFFFFF42
:100EC000FFFFFFFFFFFFFFFFFFFFFFFFFFFFFFFF32
:100ED000FFFFFFFFFFFFFFFFFFFFFFFFFFFFFFFF22
:100EE000FFFFFFFFFFFFFFFFFFFFFFFFFFFFFFFF12
:100EF000FFFFFFFFFFFFFFFFFFFFFFFFFFFFFFFF02
:100F0000FFFFFFFFFFFFFFFFFFFFFFFFFFFFFFFFF1
:100F1000FFFFFFFFFFFFFFFFFFFFFFFFFFFFFFFFE1
:100F2000FFFFFFFFFFFFFFFFFFFFFFFFFFFFFFFFD1
:100F3000FFFFFFFFFFFFFFFFFFFFFFFFFFFFFFFFC1
:100F4000FFFFFFFFFFFFFFFFFFFFFFFFFFFFFFFFB1
:100F5000FFFFFFFFFFFFFFFFFFFFFFFFFFFFFFFFA1
:100F6000FFFFFFFFFFFFFFFFFFFFFFFFFFFFFFFF91
:100F7000FFFFFFFFFFFFFFFFFFFFFFFFFFFFFFFF81
:100F8000FFFFFFFFFFFFFFFFFFFFFFFFFFFFFFFF71
:100F9000FFFFFFFFFFFFFFFFFFFFFFFFFFFFFFFF61
:100FA000FFFFFFFFFFFFFFFFFFFFFFFFFFFFFFFF51
:100FB000FFFFFFFFFFFFFFFFFFFFFFFFFFFFFFFF41
:100FC000FFFFFFFFFFFFFFFFFFFFFFFFFFFFFFFF31
:100FD000FFFFFFFFFFFFFFFFFFFFFFFFFFFFFFFF21
:100FE000FFFFFFFFFFFFFFFFFFFFFFFFFFFFFFFF11
:100FF000FFFFFFFFFFFFFFFFFFFFFFFFFFFFFFFF01
:10100000D1002043752000600000000000000000B7
:10101000201000600010006000A0016000000000CF
:101020000000006000AC010000000000FFFFFFFFB7
:10103000FFFFFFFFFFFFFFFFFFFFFFFFFFFFFFFFC0
:10104000FFFFFFFFFFFFFFFFFFFFFFFFFFFFFFFFB0
:10105000FFFFFFFFFFFFFFFFFFFFFFFFFFFFFFFFA0
:10106000FFFFFFFFFFFFFFFFFFFFFFFFFFFFFFFF90
:10107000FFFFFFFFFFFFFFFFFFFFFFFFFFFFFFFF80
:10108000FFFFFFFFFFFFFFFFFFFFFFFFFFFFFFFF70
:10109000FFFFFFFFFFFFFFFFFFFFFFFFFFFFFFFF60
:1010A000FFFFFFFFFFFFFFFFFFFFFFFFFFFFFFFF50
:1010B000FFFFFFFFFFFFFFFFFFFFFFFFFFFFFFFF40
:1010C000FFFFFFFFFFFFFFFFFFFFFFFFFFFFFFFF30
:1010D000FFFFFFFFFFFFFFFFFFFFFFFFFFFFFFFF20
:1010E000FFFFFFFFFFFFFFFFFFFFFFFFFFFFFFFF10
:1010F000FFFFFFFFFFFFFFFFFFFFFFFFFFFFFFFF00
:10110000FFFFFFFFFFFFFFFFFFFFFFFFFFFFFFFFEF
:10111000FFFFFFFFFFFFFFFFFFFFFFFFFFFFFFFFDF
:10112000FFFFFFFFFFFFFFFFFFFFFFFFFFFFFFFFCF
:10113000FFFFFFFFFFFFFFFFFFFFFFFFFFFFFFFFBF
:10114000FFFFFFFFFFFFFFFFFFFFFFFFFFFFFFFFAF
:10115000FFFFFFFFFFFFFFFFFFFFFFFFFFFFFFFF9F
:10116000FFFFFFFFFFFFFFFFFFFFFFFFFFFFFFFF8F
:10117000FFFFFFFFFFFFFFFFFFFFFFFFFFFFFFFF7F
:10118000FFFFFFFFFFFFFFFFFFFFFFFFFFFFFFFF6F
:10119000FFFFFFFFFFFFFFFFFFFFFFFFFFFFFFFF5F
:1011A000FFFFFFFFFFFFFFFFFFFFFFFFFFFFFFFF4F
:1011B000FFFFFFFFFFFFFFFFFFFFFFFFFFFFFFFF3F
:1011C000FFFFFFFFFFFFFFFFFFFFFFFFFFFFFFFF2F
:1011D000FFFFFFFFFFFFFFFFFFFFFFFFFFFFFFFF1F
:1011E000FFFFFFFFFFFFFFFFFFFFFFFFFFFFFFFF0F
:1011F000FFFFFFFFFFFFFFFFFFFFFFFFFFFFFFFFFF
:10120000FFFFFFFFFFFFFFFFFFFFFFFFFFFFFFFFEE
:10121000FFFFFFFFFFFFFFFFFFFFFFFFFFFFFFFFDE
:10122000FFFFFFFFFFFFFFFFFFFFFFFFFFFFFFFFCE
:10123000FFFFFFFFFFFFFFFFFFFFFFFFFFFFFFFFBE
:10124000FFFFFFFFFFFFFFFFFFFFFFFFFFFFFFFFAE
:10125000FFFFFFFFFFFFFFFFFFFFFFFFFFFFFFFF9E
:10126000FFFFFFFFFFFFFFFFFFFFFFFFFFFFFFFF8E
:10127000FFFFFFFFFFFFFFFFFFFFFFFFFFFFFFFF7E
:10128000FFFFFFFFFFFFFFFFFFFFFFFFFFFFFFFF6E
:10129000FFFFFFFFFFFFFFFFFFFFFFFFFFFFFFFF5E
:1012A000FFFFFFFFFFFFFFFFFFFFFFFFFFFFFFFF4E
:1012B000FFFFFFFFFFFFFFFFFFFFFFFFFFFFFFFF3E
:1012C000FFFFFFFFFFFFFFFFFFFFFFFFFFFFFFFF2E
:1012D000FFFFFFFFFFFFFFFFFFFFFFFFFFFFFFFF1E
:1012E000FFFFFFFFFFFFFFFFFFFFFFFFFFFFFFFF0E
:1012F000FFFFFFFFFFFFFFFFFFFFFFFFFFFFFFFFFE
:10130000FFFFFFFFFFFFFFFFFFFFFFFFFFFFFFFFED
:10131000FFFFFFFFFFFFFFFFFFFFFFFFFFFFFFFFDD
:10132000FFFFFFFFFFFFFFFFFFFFFFFFFFFFFFFFCD
:10133000FFFFFFFFFFFFFFFFFFFFFFFFFFFFFFFFBD
:10134000FFFFFFFFFFFFFFFFFFFFFFFFFFFFFFFFAD
:10135000FFFFFFFFFFFFFFFFFFFFFFFFFFFFFFFF9D
:10136000FFFFFFFFFFFFFFFFFFFFFFFFFFFFFFFF8D
:10137000FFFFFFFFFFFFFFFFFFFFFFFFFFFFFFFF7D
:10138000FFFFFFFFFFFFFFFFFFFFFFFFFFFFFFFF6D
:10139000FFFFFFFFFFFFFFFFFFFFFFFFFFFFFFFF5D
:1013A000FFFFFFFFFFFFFFFFFFFFFFFFFFFFFFFF4D
:1013B000FFFFFFFFFFFFFFFFFFFFFFFFFFFFFFFF3D
:1013C000FFFFFFFFFFFFFFFFFFFFFFFFFFFFFFFF2D
:1013D000FFFFFFFFFFFFFFFFFFFFFFFFFFFFFFFF1D
:1013E000FFFFFFFFFFFFFFFFFFFFFFFFFFFFFFFF0D
:1013F000FFFFFFFFFFFFFFFFFFFFFFFFFFFFFFFFFD
:10140000884207D0904205D251F8043B40F8043B93
:101410008242F9D8704700BF884204D2002340F8C6
:10142000043B8142FBD87047BC4B0824BC4ABD49F1
:10143000BD4880B5C3F8544184B0FFF7E1FFBB4A13
:10144000BB49BC48FFF7DCFFBB49BC48FFF7E4FFE2
:10145000BB4C4FF0E0214FF470000023B94AC1F8B3
:10146000880D44F823200133B02BFAD1B64B8021EC
:10147000B64A03F8011B9342FBD14FF0E023A74A81
:101480004FF08031B248C3F8084DC2F80411C2F8D9
:101490000001B048C2F8F410C2F8F000D3F8241DDF
:1014A000AD4841F4E021C3F8241DC16921F07F015A
:1014B00041F04001C161416A21F07F0141F04001EA
:1014C00041624FF0FF30A5498866C86608674867E3
:1014D00000211020C3F8941DC3F89C0DA048C3F848
:1014E000A00D1120C3F89C0D9E48C3F8A00D12203A
:1014F000C3F89C0D9C48C3F8A00D9C48C3F89C0DF4
:101500009B48C3F8A00D9B48C3F89C0D9A48C3F8AC
:10151000A00D894840F01500C3F89C0D9748C3F80A
:10152000A00D00F181500D30C3F89C0D9448C3F814
:10153000A00D9448C3F89C0D9348C3F8A00D9348A0
:10154000C3F89C0D9248C3F8A00D9248C3F89C0DB7
:101550009148C3F8A00D0120C3F8940DBFF34F8F3D
:10156000BFF36F8FC3F8501FBFF34F8FBFF36F8F61
:10157000D3F8140D4FF04008884E4FF4805E40F4CD
:1015800040304FF4005C4FF44047C3F8140D8448DA
:10159000A0638448E0636320586103209961186167
:1015A00081488249C3F8200DD3F8FC0D40F08070CB
:1015B000C3F8FC0D43F242000B6843F001030B60DB
:1015C0004B684FF48031B36013699D0700F12D82A1
:1015D0009D0440F12E82DD0440F12E82002BF3DACF
:1015E00013F4803540F02B825B0640F1DD844FF030
:1015F000803357496E48C2F80431C2F80011C2F86E
:10160000F430544BC2F8F03000F05AFD524AD36E19
:1016100043F44053D366A2F52032664B1D60C3F8F5
:101620000851C3F81851C3F82851C3F83851936BC7
:10163000D80708D442F615635F4951651365936B6B
:1016400043F0010393635D495D4B8A685D4842F056
:1016500001125D4D8A605D4AC3F85C025C49C3F8C3
:1016600060221822C3F8640248F20C70C3F8685272
:10167000C3F86C12C3F87012C3F87412C3F878126E
:10168000DA6654491A675A679A67DA67C3F880209E
:10169000C3F88420C3F8882001232F4AC1F82C33D3
:1016A000C1F83033C1F83433C1F83833C1F83C33B2
:1016B000C1F85033484B9169484D0B404849194394
:1016C000484B9161D2F8841041F00C01C2F88410AB
:1016D0001A6842F002021A601968434A01404FF04A
:1016E000FF300A4341491A605860414A8868024005
:1016F000404842F000529A60DA6822F07802DA60DC
:101700001A6A2A4002431A621A6A2A404FF40055A4
:10171000024339485A62394A9A6271E000800D40AA
:10172000983A0100F02A006000000000C036002056
:101730008C65016000000020A03C0120C036002024
:1017400000340020C56B000000E400E0A0E400E0ED
:101750001B1018200C0D111300C00F4000C00A40D0
:101760003F000010250008030900100013002000AE
:1017700021000207140000202500081309000010B2
:1017800027000B13170000403300101318000060EF
:101790002F000B07190000702F000B13C03600201C
:1017A000452000009520000000002020001000E0EF
:1017B0000046C323004008400000C05600400D40D2
:1017C00000801F40F9B00100F9000100F91001008C
:1017D000F970010000841F40FFFCFF1F00FFF07C38
:1017E000000300A000402A401200FFFF00802A40B2
:1017F000FF37F7004000008063000200FF000F8306
:10180000DA62D1F8B82022F03F0242F00102C3F8B8
:10181000B8200022D1F8BC1021F03F0141F00101B5
:10182000C3F8BC1040F205611A611D661867C3F861
:1018300080105D665867C3F88410196821F00201B2
:101840001960804999610221D96103F500737E49CD
:1018500043F8042B8B42FBD17C4A136843F001030D
:101860001360136813F00103FBD1764991610221E3
:10187000D16140F2F561C2F8001240F26641C2F84F
:10188000101240F29941C2F820127149C2F8301288
:1018900042F20141C2F8341240F23541C2F840121E
:1018A0006C49C2F850126C49C2F854126B49C2F824
:1018B000601242F20121C2F864120121C2F8A03084
:1018C000C2F8A430C2F8B010604A5369D907FCD5F9
:1018D000012300215361C2F8A0104FF48031C2F8F7
:1018E000A4105A49C2F8B0304B69DB07FCD501237C
:1018F00000224B61C1F8A0204FF40032C1F8A420AF
:10190000524AC1F8B0305369DF07FCD501210023EA
:101910005161C2F8A030524BC2F8A4304B4BC2F810
:10192000B0105F6917F00107FBD0D3F80021212127
:1019300092B2596145F60D518A4240F02B83002244
:10194000C3F8A0204FF48022C3F8A4200122C3F8DA
:10195000B0203E4A5369DD07FCD501234FF4000156
:101960005361C2F8A0100021C2F8A410C2F8B03030
:10197000364A5369D807FCD501234FF4000153615F
:10198000C2F8A0104FF48031C2F8A410C2F8B030F1
:101990002E4A5369D907FCD501234FF40001536146
:1019A000C2F8A0104FF40031C2F8A410C2F8B03051
:1019B000264A5369DB07FCD501234FF4000153612C
:1019C000C2F8A0102649C2F8A410C2F8B0301F4ACD
:1019D0005369DD07FCD5D2F8003121219BB251615A
:1019E00045F60D518B4200F0E38208221D4B1E4943
:1019F000DFF878805B1A88F8C22113EB025340F0BD
:101A0000EA82D8F8C40198B3D8F8C82182B30C236D
:101A1000B2FBF3F103FB112151BBD8F8CC31002B01
:101A200000F0BA8200F050FBB6E29761516190611C
:101A3000CAE5C2F814C0C7E5C2F814E0C4E5916174
:101A4000C2E500BFF05AF05A00432A4000402A4045
:101A50009F041830EB06180A063201263806180AC9
:101A6000040003000000007000000070B847002070
:101A700000F032FB16230360D34B40F23765D34AA4
:101A8000A020D96E41F44031D966D96E41F440713D
:101A9000D96655649064936C1906FCD4CC4B40F223
:101AA00037625A64A0229A649D6C15F08005FBD1C0
:101AB000C54B4FF00F09C74AF3EE097A996FC64834
:101AC00041F47F019FEDC56A9FEDC57A9967D3F810
:101AD00080100A43C3F8802000F006FB00F5804028
:101AE00000F002FB00F5804000F0FEFA00F58040B7
:101AF00000F0FAFABB49BC4A41F2010E45F6C05C5F
:101B000043F226008D814D81A1F80E90A1F814E0DA
:101B1000A1F806C00D800D8288818D854D85A1F8C4
:101B20002E90A1F834E0A1F826C00D840D8688859A
:101B3000A1F84C50A1F84A50A1F84E90A1F854E0F9
:101B4000A1F846C0A1F84050A1F85050A1F84C00AF
:101B5000A1F86C50A1F86A50A1F86E90A1F874E059
:101B6000A1F866C0A1F86050A1F87050A1F86C000F
:101B700001F5C23195815581A2F80E90A2F814E0CA
:101B8000A2F806C015801582908195855585A2F82A
:101B90002E90A2F834E0A2F826C015841586908510
:101BA000A2F84C50A2F84A50A2F84E90A2F854E085
:101BB000A2F846C0A2F84050A2F85050A2F84C003B
:101BC000A2F86C50A2F86A50A2F86E90A2F874E0E5
:101BD000A2F866C0A2F86050A2F87050A2F86C009B
:101BE000A2F58312814BA2F5F8529D815D81A3F885
:101BF0000E90A3F814E0A3F806C01D801D82988102
:101C00009D855D85A3F82E90A3F834E0A3F826C047
:101C10001D841D869885A3F84C50A3F84A50A3F85C
:101C20004E90A3F854E0A3F846C0A3F84050A3F8A0
:101C30005050A3F84C00A3F86C50A3F86A50A3F8D6
:101C40006E90A3F874E0A3F866C0A3F86050A3F800
:101C50007050A3F86C000320D2F88030DFF8A0C1E8
:101C600023F00103C2F88030C2F89000D1F8E030D0
:101C70005F485FFA83FE5F4906EE90EAC8F8ACE180
:101C8000C3F30B2E1B0DF8EEE66A05EE90EAC8F8DA
:101C9000B0E136EEC66A36EEC77A76EEE76A07EE50
:101CA000903AB8EEE55AD2F88030F8EEE77AC8ED0F
:101CB0006D6A77EEC57A26EE276AC8ED6E7A27EE52
:101CC000277A66EEA77AC6EE265A87EE266A87EE50
:101CD000A67A75EE855AFCEEE55A76EE056A15EEA3
:101CE00090EAFCEEE66A43EA0E5377EE057AC2F814
:101CF000803016EE903A0CEA0343D2F890C1FCEE25
:101D0000E77A43EA0C03C2F8903117EE903AD2F822
:101D100090C1C3F30B0343EA0C03C2F89031D2F82D
:101D2000803043F00203C2F8803080F84050C4F89D
:101D300040114FF0E0230122C3F808217368132BF0
:101D4000FCD92D4B40F66172C3F8202103F58E13A8
:101D5000D3F8202603F58063284B22F07F429A4275
:101D600080F00E810A2000FB02F1B1FBF0F300FBD2
:101D70001313092903F130038DF8043040F2408138
:101D800001A84FF0000CDFF87C908646A9FB023AD0
:101D9000904661460CF1010C4FEADA0AB8F1090FDE
:101DA0000AEB8A03A2EB4303524603F130030EF819
:101DB000013FEBD801AB01F110029C446A440023BF
:101DC00002F80A3C20E000BF00C00F4000400C4079
:101DD00000800C40000003FC00C03D400000AA420F
:101DE0000000B44200C01D4000001E4000401E40E4
:101DF00000E400E0AD6D000000800D40809698008A
:101E00000000FF0FCDCCCCCC1A46013390F800E097
:101E10008A1A9CF80080934200F8018B0CF801E9C3
:101E2000F2DB9DF80420002A00F0FA80864BA3F82C
:101E30006E209DF80520002A00F0F4809DF8061021
:101E4000A3F87020002900F0F1809DF80720A3F886
:101E50007210002A00F0E8809DF80810A3F87420A2
:101E6000002900F0EB809DF80920A3F87610002AE5
:101E700000F0DE809DF80A10A3F87820002900F019
:101E8000D9809DF80B00A3F87A10002800F0D480C8
:101E90009DF80C20A3F87C00002A00F0D1809DF86A
:101EA0000D10A3F87E20002900F0CC800A25A3F8AD
:101EB00080106A1C6549520083F86C20D1F880308C
:101EC000634A43F00303C1F8803040F20441614BA0
:101ED000C2F860111968604B194203D1D2F8A831D9
:101EE0009A071BD05A4A4FF000415A4B5963D2F817
:101EF000403143F00203C2F84031D2F840319B0731
:101F0000FBD44FF0E0224FF40031524B1920C2F8BD
:101F10008C124FF000429A6300F0CEF84D4A002137
:101F20004FF080404A4D4D4B906311600A22184695
:101F3000C5F8A8214FF4207200F0C6F84FF48102D2
:101F4000474B02604FF48002C5F85801026440F22A
:101F50004312C5F84821C4F804324FF0E0224FF490
:101F600000310123C2F80C11C5F840317368B3F594
:101F7000967FFBD300F096F800F0AAF800F0B0F8D6
:101F80000A23B2FBF3F103FB11230A4630338DF829
:101F90000430F5E6DFF8D8800023324AC8F8C431AF
:101FA000D360C2E9013367E5C2F81480FFF70CBBC8
:101FB0004FF40003C2F8A0304FF48023C2F8A430DD
:101FC0000123C2F8B030284A5369D807FCD5012351
:101FD000536110220AE50022C8E971130C21C8F8E8
:101FE000D021B3FBF1F201FB12327AB90123D8F808
:101FF000C82100211D48C8F8CC3100F065F83BE548
:1020000000239DF804208DF805300FE79B1AF02B74
:10201000C8F8C831EAD800F05FF81C2303602BE54C
:10202000094B46E73D4644E7032542E7022540E7E2
:1020300005253EE706253CE707253AE7042538E76E
:10204000082536E7092534E7E82A002000C00F40BC
:1020500000002E4000900D40001C1E0000000020DB
:10206000E16000007C49002000402A400000007030
:10207000B8470020074B4FF42A01074A07485A6423
:102080001864074A99639546BFF34F8FBFF36F8F6C
:10209000FFF7CAF900C00A40BFAAAAAA0700200099
:1020A0000080062000BF7047F8B500BFF8BC08BC30
:1020B0009E467047000000005FF800F0B129000064
:1020C0005FF800F0592200005FF800F0ADD6000084
:1020D0005FF800F05DD700005FF800F0F9D5000070
:1020E0005FF800F02D9300005FF800F0BD240000C1
:0820F00045000000A9BF00003B
:1020F80000000000000001000200040006000800C3
:102108000B000F00140019001F0026002E003700D6
:1021180041004B0057006300710080008F00A00051
:10212800B200C500DA00EF0006011E0137015201B6
:102138006E018B01A901C901EB010E02320257029F
:102148007F02A702D202FD022B0359038A03BC03B4
:10215800EF0325045C049404CF040B0548058805A7
:10216800C9050C0651069806E0062A077607C40733
:1021780014086608B9080F096709C0091B0A790A13
:10218800D80A3A0B9D0B030C6A0CD40C3F0DAD0D0D
:102198001D0E8F0E030F790FF20F6C10E9106811E6
:1021A800E9116C12F2127A13041490141F15B01569
:1021B8004316D91671170B18A7184619E8198B1A60
:1021C800321BDA1B851C331DE21D951E491F012099
:1021D800BB2077213622F722BB2381244A251626E5
:1021E800E426B52788285E29362A112BEF2BD02C18
:1021F800B32D992E812F6D305A314B323F33353400
:102208002E352936283729382D39333A3D3B493C74
:10221800593D6B3E803F9740B241D042F043134551
:102228003A4663478F48BE49F04A254C5D4D974E64
:10223800D54F16515A52A153EB5438568757DA588E
:10224800315A8A5BE65C455EA75F0D617662E163A1
:102258005065C2663768AF692B6BAA6C2B6EB06F7E
:102268003971C4725374E5757A771279AE7A4C7CF9
:10227800EF7D947F3D81E98298844B860188BA89F5
:10228800768B368DFA8EC0908A9258942996FD974F
:10229800D499B09B8E9D709F55A13EA32AA51AA7DD
:1022A8000DA904ABFEACFBAEFCB001B309B515B784
:1022B80024B937BB4DBD67BF84C1A5C3CAC5F2C722
:1022C8001ECA4DCC80CEB7D0F1D22FD571D7B6D992
:1022D800FEDB4BDE9BE0EFE247E5A2E701EA63ECB9
:1022E800CAEE34F1A2F313F688F802FB7EFDFFFF75
:1022F80009026200030100C032080B000202020159
:102308000009040000010202010005240010010573
:1023180024010101042402060524060001070582A0
:102328000310001009040100020A00000007050359
:102338000240000007058402400000090402000270
:10234800FF6AFF00070581024000010705010240FE
:102358000001000009026200030100C032080B00FE
:102368000202020100090400000102020100052422
:1023780000100105240101010424020605240600B9
:10238800010705820310000509040100020A000084
:102398000007050302000200070584020002000985
:1023A80004020002FF6AC700070581020002010754
:1023B8000501020002010000160355005300420007
:1023C8002000530065007200690061006C00000085
:1023D80018035400650065006E00730079006400FE
:1023E800750069006E006F00040309040A06000204
:1023F800EF02014001000000A000A000A0000000C2
:1024080000000000404040004000A0A00000000084
:10241800A0F0A0F0A00040E0C020E0408020408074
:10242800200040A040A05000404000000000204094
:1024380040404020804040404080A040E040A00014
:102448004040E04040000000000040800000E00004
:10245800000000000000400020204080800040A0D4
:10246800E0A0400040C04040E00040A02040E00024
:10247800E0204020C000A0A0E0202000E080C02094
:10248800C0006080C0A04000E0204080800060A0C4
:1024980040A0C00040A06020C000004000004000F4
:1024A80000400000408020408040200000E000E024
:1024B8000000804020408000C0204000400060A014
:1024C800A080600040A0E0A0A000C0A0C0A0C00004
:1024D80040A080A04000C0A0A0A0C000E080C080B4
:1024E800E000E080C08080006080A0A06000A0A024
:1024F800E0A0A000E0404040E000202020A04000F4
:10250800A0A0C0A0A00080808080E000A0E0E0A0A3
:10251800A00020A0E0A0800040A0A0A04000C0A093
:10252800C080800040A0A0A04020C0A0C0A0A00003
:1025380060804020C000E04040404000A0A0A0A033
:10254800E000A0A0A0E04000A0A0E0E0A000A0A0C3
:1025580040A0A000A0A040404000E0204080E00053
:10256800604040406000808040202000C0404040E3
:10257800C00040A0000000000000000000E0402073
:10258800000000000060A0A0600080C0A0A0C00003
:102598000060808060002060A0A060000040A0C0B3
:1025A80060002040E04040000060A06020C080C083
:1025B800A0A0A0004000C040E0002000202020C0D3
:1025C80080A0C0A0A000C0404040E00000A0E0A063
:1025D800A00000C0A0A0A0000040A0A0400000C033
:1025E800A0C080800060A0A0602000A0C080800003
:1025F8000060C020C00040E04040200000A0A0A033
:10260800600000A0A0A0400000A0A0E0A00000A0E2
:102618004040A00000A0A06020C000E02040E000F2
:102628002040C04040204040404040008040604042
:10263800408050A0000000000000000000004000A2
:102648004040400040E080E0400020406040A00062
:10265800009060609000A040E04040004040004092
:10266800400060C0A06020C0A00000000000609092
:10267800D0D0906060A06000E0000050A050000042
:102688000000E02000000000E000000060F0D060E2
:102698000000E0000000000040A04000000040E012
:1026A8004000E000C04080C00000C0408040800082
:1026B80020400000000000A0A0A0C08070D0D05032
:1026C800500000004000000000000020400040C012
:1026D8004040000040A04000E00000A050A00000E2
:1026E8008080805070108080B0102030C0408050B2
:1026F800B0104000408060008040A0E0A000204072
:10270800A0E0A000C040A0E0A00060C0A0E0A00041
:10271800A040A0E0A0004040A0E0A00070A0F0A071
:10272800B00040A080A0408080E0C080E00020E0B1
:10273800C080E00060E0C080E000A0E0C080E00071
:1027480080E04040E00020E04040E00040E04040C1
:10275800E000A0404040E000E050D050E00050A031
:10276800E0E0A0008040A0A040002040A0A04000E1
:102778004040A0A0400070E0A0A04000A040A0A061
:10278800400000A040A0000060A0E0A0C000804081
:10279800A0A0E0002040A0A0E0004000A0A0E00031
:1027A800A000A0A0E0002000A040400080C0A0C081
:1027B800800040A0C0A0E080804060A06000204071
:1027C80060A06000600060A0600050A060A0600091
:1027D800A00060A06000400060A060000070B0A091
:1027E80070000040A08060408040A0C06000204091
:1027F800A0C06000C040A0C06000A040A0C06000B1
:1028080080404040E00020C04040E00040A0404000
:10281800E000A000C040E000A04060A0400050A040
:10282800C0A0A000804040A04000204040A0400040
:10283800400040A04000E00040A04000A00040A0B0
:1028480040004000E00040000060A0A0C0008040C0
:10285800A0A060002040A0A060004000A0A06000F0
:10286800A000A0A060002040A0E020C08080C0A000
:10287800C080A000A0E020C00000200021002200AD
:1028880023002400250026002700280029002A000C
:102898002B002C002D002E002F00300031003200BC
:1028A80033003400350036003700380039003A006C
:1028B8003B003C003D003E003F004000410042001C
:1028C80043004400450046004700480049004A00CC
:1028D8004B004C004D004E004F005000510052007C
:1028E80053005400550056005700580059005A002C
:1028F8005B005C005D005E005F00600061006200DC
:1029080063006400650066006700680069006A008B
:102918006B006C006D006E006F007000710072003B
:1029280073007400750076007700780079007A00EB
:102938007B007C007D007E00A000A100A200A30017
:10294800A400A500A600A700A800A900AA00AB0043
:10295800AC00AD00AE00AF00B000B100B200B300F3
:10296800B400B500B600B700B800B900BA00BB00A3
:10297800BC00BD00BE00BF00C000C100C200C30053
:10298800C400C500C600C700C800C900CA00CB0003
:10299800CC00CD00CE00CF00D000D100D200D300B3
:1029A800D400D500D600D700D800D900DA00DB0063
:1029B800DC00DD00DE00DF00E000E100E200E30013
:1029C800E400E500E600E700E800E900EA00EB00C3
:1029D800EC00ED00EE00EF00F000F100F200F30073
:1029E800F400F500F600F700F800F900FA00FB0023
:1029F800FC00FD00FE00FF0070C00F40C00000009A
:102A08001200000013000000D0841F4001000000E5
:102A1800FF000000FF0000000000000000000000B0
:102A28001300000013000000CC841F4001000000C8
:102A3800FF000000FF000000000000000000000090
:102A48001C000000692E000070C00F40000C000040
:102A58001100000011000000E0841F400200000087
:102A68002C00000012000000E0841F40010000005C
:102A78001000000011000000DC841F40020000006C
:102A88002D00000012000000DC841F40010000003F
:102A98001E000000212F000080C00F40000000032E
:102AA8001900000010000000E8841F400100000029
:102AB800FF000000FF000000000000000000000010
:102AC8001800000010000000E4841F40010000000E
:102AD800FF000000FF0000000000000000000000F0
:082AE8001F000000D92F0000BF
:102AF00000000000000000000000000000000000D6
:102B000000000000000000000000000000000000C5
:102B10000548064B1B1AD90F01EBA301491002D03F
:102B2000034B03B118477047C0360020C036002061
:102B30000000000008B5054B1BB105490548AFF37F
:102B40000080BDE80840FFF7E3BF00BF00000000C1
:102B5000683C012000AC016001F5E043B2F5006F74
:102B600010B493F82440A8BF4FF40062BCB90B7AAC
:102B70005BB12E4C4B68A41A03EBC4035DF8044B05
:102B80001A685B680260436070474B685DF8044BED
:102B900003EBC2031A685B68026043607047D98C1C
:102BA00007EE902AD3ED0D4AB8EEE74A07EE901AE9
:102BB00007EE101A93ED0E6AB8EEE73AD3ED0B7AF2
:102BC000F8EE473AD3ED0C6A74EEA77A76EE266AF1
:102BD000B2FBF1F401FB142237EEE47A198D76EEA4
:102BE000C66A92B25DF8044B05EE901A07EE902A81
:102BF000F8EE655AF8EEE77A34EE674A67EE277A20
:102C000084EE035A87EEA37A65EE266AC6EEA57AAD
:102C100037EE247A83ED0F7A77EE867AC3ED107A59
:102C200080ED007AC0ED017A704700BFFF070020F9
:102C3000582A91F8F434A8BF582210B4BBB90B7AC3
:102C40005BB1344C4B68A41A03EBC4035DF8044B2E
:102C50001A685B680260436070474B685DF8044B1C
:102C600003EBC2031A685B68026043607047B1F807
:102C7000F63407EE902A01F5A06CF8EEE73A07EE7D
:102C8000903A9CED006AF8EE676AB8EEE73AB2FB5C
:102C9000F3F403FB142201F2045401F20C5392B238
:102CA00094ED005A01F2FC4407EE902A01F5A1626E
:102CB00094ED007A01F5A261F8EEE77AD2ED005AC0
:102CC00035EE077A31F8184C35EE866A73EEE73A3E
:102CD00004EE904A37EE457A5DF8044B36EE656AAD
:102CE00083EE834A67EE277AF8EE644A87EEA67A87
:102CF00064EE066AC6EEA47A37EE057A83ED007AB2
:102D000077EEA57AC1ED007A80ED007AC0ED017A08
:102D1000704700BF57000020582070472DE9F04150
:102D200091F8356084B00C460746002E4AD1DFF892
:102D3000A48035E0AB422A46684606F101063ED93A
:102D4000216A0B689B689847D4ED0B7A9DED007A59
:102D50002A4602A8B4EEE77AF1EE10FA05D5216A08
:102D60000B689B689847DDED027A216A2A4668461F
:102D7000C4ED0B7A0B689B689847D4ED0C7A9DEDF7
:102D8000017A2A4602A8B4EEE77AF1EE10FA05D5E8
:102D9000216A0B689B689847DDED037AC4ED0C7AD5
:102DA000206AB5B258230268D2694245C2D0904722
:102DB00003462A466846AB4206F10106C0D8012305
:102DC00084F83530E26A3846236B3A607B6004B0A1
:102DD000BDE8F081290200002DE9F04191F834604E
:102DE00084B00C460746002E4AD1DFF8A48035E0B7
:102DF000AB422A46684606F101063ED9216A0B68B5
:102E00009B689847D4ED097A9DED007A2A4602A87E
:102E1000B4EEE77AF1EE10FA05DD216A0B689B68E3
:102E20009847DDED027A216A2A466846C4ED097AA0
:102E30000B689B689847D4ED0A7A9DED017A2A4683
:102E400002A8B4EEE77AF1EE10FA05DD216A0B680C
:102E50009B689847DDED037AC4ED0A7A206AB5B223
:102E600058230268D2694245C2D0904703462A4699
:102E70006846AB4206F10106C0D8012384F834301D
:102E8000626A3846A36A3A607B6004B0BDE8F081AC
:102E90002902000030B50B6885B00D4604461B685A
:102EA000684698472B6802A829465B6898479DEDBD
:102EB000017ADDED035AF6EE006ADDED007A204678
:102EC0009DED026A37EE257A77EE867A27EE267A2E
:102ED00067EEA67A84ED017AC4ED007A05B030BDC4
:102EE00030B50B6887B00D460446DB6868469847E6
:102EF0002B6803A829461B699847DDED016ADDEDC3
:102F0000044AB6EE006A9DED027A20469DED055A10
:102F100076EEA46ADDED007ADDED035A37EE057A30
:102F200066EE866A77EEA57A27EE067AC4ED016A28
:102F300067EE867A84ED027AC4ED007A07B030BD80
:102F4000006A70474FF40060704700BF2DE9F04100
:102F500091F8356084B00C460746002E4BD1DFF85F
:102F6000A88035E0AB422A46684606F101063FD903
:102F7000216A0B689B689847D4ED0B7A9DED007A27
:102F80002A4602A8B4EEE77AF1EE10FA05D5216AD6
:102F90000B689B689847DDED027A216A2A466846ED
:102FA000C4ED0B7A0B689B689847D4ED0C7A9DEDC5
:102FB000017A2A4602A8B4EEE77AF1EE10FA05D5B6
:102FC000216A0B689B689847DDED037AC4ED0C7AA3
:102FD000206AB5B24FF400630268D2694245C1D09D
:102FE000904703462A466846AB4206F10106BFD821
:102FF000012384F83530E26A3846236B3A607B60FF
:1030000004B0BDE8F08100BF550400002DE9F04197
:1030100091F8346084B00C460746002E4BD1DFF89F
:10302000A88035E0AB422A46684606F101063FD942
:10303000216A0B689B689847D4ED097A9DED007A68
:103040002A4602A8B4EEE77AF1EE10FA05DD216A0D
:103050000B689B689847DDED027A216A2A4668462C
:10306000C4ED097A0B689B689847D4ED0A7A9DED08
:10307000017A2A4602A8B4EEE77AF1EE10FA05DDED
:10308000216A0B689B689847DDED037AC4ED0A7AE4
:10309000206AB5B24FF400630268D2694245C1D0DC
:1030A000904703462A466846AB4206F10106BFD860
:1030B000012384F83430626A3846A36A3A607B6040
:1030C00004B0BDE8F08100BF5504000030B50B68C6
:1030D00085B00D4604461B68684698472B6802A8D1
:1030E00029465B6898479DED017ADDED035AF6EEBF
:1030F000006ADDED007A20469DED026A37EE257A02
:1031000077EE867A27EE267A67EEA67A84ED017A44
:10311000C4ED007A05B030BD30B50B6887B00D4600
:103120000446DB68684698472B6803A829461B6954
:103130009847DDED016ADDED044AB6EE006A9DEDCB
:10314000027A20469DED055A76EEA46ADDED007AFE
:10315000DDED035A37EE057A66EE866A77EEA57ADC
:1031600027EE067AC4ED016A67EE867A84ED027A6C
:10317000C4ED007A07B030BD006A704791ED067A61
:10318000F6EE006AD1ED045AD1ED057A91ED036AAD
:1031900037EE257A77EE867A27EE267A67EEA67ADC
:1031A00080ED017AC0ED007A704700BF91ED067A9C
:1031B00091ED046AD1ED057AD1ED036A37EE467AD6
:1031C00077EEE67A80ED017AC0ED007A704700BFB5
:1031D00000F2045300F2FC4291ED006A00F5A16C8C
:1031E00093ED004A00F5A063D2ED006AB0F8F82430
:1031F00036EE446A74EE266A9CED005AD3ED007AEE
:1032000004EE902A91ED017A75EE277ADFED233AEC
:1032100037EE457A76EEC46AB8EE643A77EEC57A50
:1032200000B5B0F8F6E427EE037A05EE90EAF8EE82
:10323000652AF8EEE55A26EE226A86EE265AC7EE91
:10324000276A35EE237AF0EE477A76EEA36AE5EE4A
:10325000A67AFCEEE77A17EE903A98B2431E562B08
:1032600019D8B4EEE37AF1EE10FA14DDF4EEC75A91
:10327000F1EE10FA0FDDF4EEE36AF1EE10FA0ADD7A
:10328000F8EEE44AF4EEE64AF1EE10FAD8BF4FF059
:10329000FF305DF804FB4FF0FF30FAE7000000005C
:1032A00001EB410124310844704700BF24307047CE
:1032B00000F59670704700BFD0ED056A91ED007A79
:1032C000D1ED017AF4EEC76AF1EE10FA09DC90ED67
:1032D000067A0023B4EEE77AF1EE10FA13DC002050
:1032E000704791ED027AD0ED036AF4EEC76A90ED73
:1032F000067AF1EE10FAB4EEE77A4CBF0123002310
:10330000F1EE10FAEBDD90ED047A03F00100D1ED5F
:10331000037AB4EEE77AF1EE10FA58BF0020704756
:1033200090ED037AD1ED007A90ED046AF4EEC77A5D
:10333000D0ED056AD0ED065AF1EE10FA13DDF4EE89
:10334000E67AF1EE10FA0ED5D1ED017AF4EEC67AF6
:10335000F1EE10FA07DDF4EEE57AF1EE10FA4CBF6B
:103360000120002070470020704700BF00EB4101A2
:103370004FF6FF7CB1F834021080B0EB0C0018BFA0
:103380000120704700EB41014FF6FF7CB1F8E402E9
:103390001080B0EB0C0018BF0120704700EB41011A
:1033A0004FF6FF7CB1F894031080B0EB0C0018BF0F
:1033B0000120704700EB41014FF6FF7CB1F8440457
:1033C0001080B0EB0C0018BF012070472DE9F041D0
:1033D0004F0882B01646ADF8061030D001F0010457
:1033E00005468CBBDFF8C8802B681B6B43451BD19F
:1033F00005EB41014FF6FF72B1F8941391420ED0E4
:10340000631C9BB29F4202D119E09F4217D905EB82
:1034100041010133B1F894139BB29142F5D10020E0
:10342000318002B0BDE8F0810DF10602284601347A
:103430009847A8B3A4B2BDF80610A742D4D1012082
:10344000318002B0BDE8F0810024DFF868802B688D
:103450005B6B434518D105EB41014FF6FF72B1F8A4
:1034600044149142DBD0631C9BB2BB4202D1E6E71D
:103470009F42E4D905EB41010133B1F844149BB2FA
:103480009142F5D10020CBE70DF10602284698477E
:10349000631C28B19CB2BDF80610A742D7D1CEE775
:1034A000BDF806100020318002B0BDE8F08100BFF9
:1034B000AD080000C50800002DE9F0414F0882B0BA
:1034C0001646ADF8061030D001F0010405468CBB5D
:1034D000DFF8C8802B68DB6A43451BD105EB41014F
:1034E0004FF6FF72B1F8E41291420ED0631C9BB20A
:1034F0009F4202D119E09F4217D905EB41010133E8
:10350000B1F8E4129BB29142F5D10020318002B0B3
:10351000BDE8F0810DF10602284601349847A8B3B2
:10352000A4B2BDF80610A742D4D10120318002B068
:10353000BDE8F0810024DFF868802B689B6A434572
:1035400018D105EB41014FF6FF72B1F834129142E8
:10355000DBD0631C9BB2BB4202D1E6E79F42E4D9B9
:1035600005EB41010133B1F834129BB29142F5D120
:103570000020CBE70DF1060228469847631C28B1CE
:103580009CB2BDF80610A742D7D1CEE7BDF8061011
:103590000020318002B0BDE8F08100BF9508000036
:1035A0007D0800002DE9F0411F1E82B01646ADF8DF
:1035B00006102EDD05460024DFF860802B685B6B6B
:1035C00043451BD105EB41014FF6FF70B1F84414A0
:1035D00081420ED004F1010C674502D119E0674524
:1035E00017DD05EB41010CF1010CB1F844148142E7
:1035F000F5D10020318002B0BDE8F0810DF1060266
:10360000284698470134BDF806100028F2D0A7429A
:10361000D4D10120318002B0BDE8F081C50800009E
:103620002DE9F0411F1E82B01646ADF806102EDDC2
:1036300005460024DFF860802B689B6A43451BD158
:1036400005EB41014FF6FF70B1F8341281420ED004
:1036500004F1010C674502D119E0674517DD05EB60
:1036600041010CF1010CB1F834128142F5D1002076
:10367000318002B0BDE8F0810DF10602284698477E
:103680000134BDF806100028F2D0A742D4D10120A1
:10369000318002B0BDE8F0817D0800002DE9F043E3
:1036A000002B83B083EAE377044690460A9EA7EB9B
:1036B000E377ADF8061000F0C68040F39580002552
:1036C000DFF8A49123685B6B4B4542D104EB4101C9
:1036D0004FF6FF72B1F844149142ADF8061000F0B5
:1036E000B4806B1C9F4203D1ADE09F4240F3A780A2
:1036F00004EB41010133B1F844149142F5D10020AB
:10370000ADF8061086EAE677002EA7EBE6771BD029
:103710002BDD0025524E23689B6AB3424DD104EB4A
:1037200041014FF6FF72B1F8341291423FD06B1C49
:103730009F4208D004EB41010133B1F834129142A9
:1037400035D09F42F6DC0120A8F8001003B0BDE898
:10375000F0830DF10602204601359847002876D007
:10376000AF42BDF80610ADD1CCE7EDD000253D4EFF
:103770002268D36AB3422CD104EB41014FF6FF72A9
:10378000B1F8E412914212D06B1C9F42DBD004EBE3
:1037900041010133B1F8E412914208D0BB42D2DAC0
:1037A00004EB41010133B1F8E4129142F6D100205B
:1037B000A8F8001003B0BDE8F0830DF10602204622
:1037C00001359847002846D0AF42BDF80610A2D177
:1037D000BAE70DF10602204601359847D8B3AF424B
:1037E000BDF80610C4D1AFE72DD00025DFF87C90DE
:1037F00023681B6B4B4517D104EB41014FF6FF7259
:10380000B1F894139142ADF806101ED06B1C9F4284
:1038100002D118E09F4212DD04EB41010133B1F8FF
:1038200094139142F6D16AE70DF106022046013564
:10383000984760B1AF42BDF80610D9D162E70120C8
:10384000ADF806105EE701205CE700205AE7BDF8FE
:103850000610002056E7BDF80610002074E700BFF0
:103860007D08000095080000C5080000AD080000B4
:1038700091ED067AF6EE006AD1ED045AD1ED057AA3
:1038800091ED036A37EE257A77EE867A27EE267A6F
:1038900067EEA67A80ED017AC0ED007A704700BF2E
:1038A00091ED067A91ED046AD1ED057AD1ED036AC6
:1038B00037EE467A77EEE67A80ED017AC0ED007A4F
:1038C000704700BF00F5E04091ED006A91ED017A8C
:1038D00040F2FE72C38C90ED0D4A05EE903AD0EDA9
:1038E0000B6A038D36EE446AF8EE652A90ED0E5AA7
:1038F00074EE266A04EE903AD0ED0C7A37EE457AF3
:10390000B8EE643ADFED1F3A75EE277A76EEC46AB8
:1039100026EE226A77EEC57A27EE037A86EE265ADD
:10392000C7EE276AF8EEE55A35EE237AF0EE477ACD
:1039300076EEA36AE5EEA67AFCEEE77A17EE903A09
:1039400098B2431E9BB2934218D8B4EEE37AF1EEDC
:1039500010FA13DDF4EEC75AF1EE10FA0EDDF4EEB4
:10396000E36AF1EE10FA09DDF8EEE44AF4EEE64A15
:10397000F1EE10FAD8BF4FF0FF3070474FF0FF3034
:10398000704700BF00000000034641F624001844C1
:10399000704700BFD0ED056A91ED007AD1ED017A54
:1039A000F4EEC76AF1EE10FA09DC90ED067A002316
:1039B000B4EEE77AF1EE10FA13DC0020704791EDD7
:1039C000027AD0ED036AF4EEC76A90ED067AF1EE62
:1039D00010FAB4EEE77A4CBF01230023F1EE10FA9F
:1039E000EBDD90ED047A03F00100D1ED037AB4EE43
:1039F000E77AF1EE10FA58BF0020704790ED037A95
:103A0000D1ED007A90ED046AF4EEC77AD0ED056A44
:103A1000D0ED065AF1EE10FA13DDF4EEE67AF1EE8F
:103A200010FA0ED5D1ED017AF4EEC67AF1EE10FA65
:103A300007DDF4EEE57AF1EE10FA4CBF012000202C
:103A400070470020704700BF41F610030B444FF64B
:103A5000FF7100EB430080881080401A18BF0120DE
:103A6000704700BF42F210030B444FF6FF7100EBAA
:103A7000430080881080401A18BF0120704700BFA3
:103A800042F610030B444FF6FF7100EB43008088B1
:103A90001080401A18BF0120704700BF43F2100386
:103AA0000B444FF6FF7100EB430080881080401AF2
:103AB00018BF0120704700BF2DE9F0414F0882B0C8
:103AC0001646ADF8061034D001F001040546002C6E
:103AD00034D1DFF8D4802B681B6B43451DD142F6EF
:103AE00010024FF6FF70114405EB410189888142B5
:103AF0000ED0631C9BB29F4202D11AE09F4218D99C
:103B00001144013305EB41019BB289888142F5D113
:103B10000020318002B0BDE8F0810DF10602284698
:103B200001349847002837D0A4B2BDF80610A74248
:103B3000D1D10120318002B0BDE8F0810024DFF84E
:103B40006C802B685B6B43451AD143F210024FF631
:103B5000FF70114405EB410189888142D8D0631C74
:103B60009BB2BB4202D1E4E79F42E2D91144013348
:103B700005EB41019BB289888142F5D10020C8E75D
:103B80000DF1060228469847631C28B19CB2BDF887
:103B90000610A742D5D1CCE7BDF806100020318031
:103BA00002B0BDE8F08100BF910F0000AD0F000032
:103BB0002DE9F0414F0882B01646ADF8061034D01A
:103BC00001F001040546002C34D1DFF8D4802B68C5
:103BD000DB6A43451DD142F210024FF6FF701144DB
:103BE00005EB4101898881420ED0631C9BB29F4244
:103BF00002D11AE09F4218D91144013305EB41016B
:103C00009BB289888142F5D10020318002B0BDE8A5
:103C1000F0810DF10602284601349847002837D07C
:103C2000A4B2BDF80610A742D1D10120318002B064
:103C3000BDE8F0810024DFF86C802B689B6A434567
:103C40001AD141F610024FF6FF70114405EB410105
:103C500089888142D8D0631C9BB2BB4202D1E4E781
:103C60009F42E2D91144013305EB41019BB289889F
:103C70008142F5D10020C8E70DF106022846984799
:103C8000631C28B19CB2BDF80610A742D5D1CCE781
:103C9000BDF806100020318002B0BDE8F08100BF01
:103CA000750F0000590F00002DE9F0411E1E82B073
:103CB0001546ADF8061030DD04460027DFF86480B5
:103CC00023685B6B43451DD143F210034FF6FF722F
:103CD000194404EB4101898891420ED007F1010C8F
:103CE000664502D119E0664517DD19440CF1010C57
:103CF00004EB410189889142F5D10020298002B06E
:103D0000BDE8F0810DF10602204698470137BDF865
:103D100006100028F2D0BE42D2D10120298002B084
:103D2000BDE8F081AD0F00002DE9F0411E1E82B00C
:103D30001546ADF8061030DD04460027DFF8648034
:103D400023689B6A43451DD141F610034FF6FF726D
:103D5000194404EB4101898891420ED007F1010C0E
:103D6000664502D119E0664517DD19440CF1010CD6
:103D700004EB410189889142F5D10020298002B0ED
:103D8000BDE8F0810DF10602204698470137BDF8E5
:103D900006100028F2D0BE42D2D10120298002B004
:103DA000BDE8F081590F00002DE9F043002B83B0EE
:103DB00083EAE377044690460A9EA7EBE377ADF8E3
:103DC000061000F0C98040F396800025DFF8A89126
:103DD00023685B6B4B4546D143F210024FF6FF70F0
:103DE000114404EB410189888142ADF8061000F0CE
:103DF000B5806B1C9F4203D1AEE09F4240F3A88088
:103E00001144013304EB410189888142F5D100203E
:103E1000ADF8061086EAE677002EA7EBE6771DD010
:103E20002DDD0025524E23689B6AB34245D141F6F1
:103E300010024FF6FF70114404EB41018988814262
:103E400053D06B1C9F4208D01144013304EB410155
:103E50008988814249D09F42F6DC0120A8F80010F1
:103E600003B0BDE8F0830DF1060220460135984706
:103E7000002875D0AF42BDF80610A9D1CAE7EDD031
:103E800000253C4E2268D36AB34222D142F210028E
:103E90004FF6FF70114404EB41018988814224D020
:103EA0006B1C9F42D9D01144013304EB4101898836
:103EB00081421AD0BB42F6DBCFE70DF10602204665
:103EC0000135984700284FD0AF42BDF80610AAD15F
:103ED000C4E70DF10602204601359847002843D07B
:103EE000AF42BDF80610CDD1B8E70020A8F8001009
:103EF00003B0BDE8F0832FD00025DFF88090236861
:103F00001B6B4B4519D142F610024FF6FF7011445E
:103F100004EB410189888142ADF806101ED06B1C6C
:103F20009F4202D118E09F4212DD1144013304EB9D
:103F3000410189888142F6D169E70DF106022046E8
:103F40000135984760B1AF42BDF80610D7D161E79F
:103F50000120ADF806105DE701205BE7002059E77E
:103F6000BDF80610002055E7BDF80610002075E7E3
:103F7000590F0000750F0000AD0F0000910F0000F9
:103F8000D0F8B400704700BF0220704784307047FB
:103F90000420704704307047D0F8BC00704700BF61
:103FA000D0F8B800704700BF90F89400704700BF89
:103FB000D0F88800704700BFD0F88400704700BF79
:103FC000D0F89000704700BFD0F88C00704700BF59
:103FD000806E70470120704744307047032070475F
:103FE000006F7047C06E704790F85400704700BF74
:103FF000806C7047406C7047006D7047C06C7047B4
:10400000014B01221A747047C0360020084A002371
:1040100001210263026A80F83C30826180F83D1021
:1040200080F83E3010B4446AC4615DF8044B7047B8
:10403000081D002010B5134C236A13B1124AD16831
:10404000E1B9636A13B1104AD16999B9A36A13B18E
:104050000D4AD16A51B9E36A3BB10B4AD16B21B128
:104060000121BDE81040D163184710BD0121D16284
:104070009847F0E70121D1619847E7E70121D16036
:104080009847DEE7C036002000410840024B01227D
:1040900083F83020704700BFC0360020014B00205D
:1040A0005B6B1847C036002001EB8101037D01EBFB
:1040B00081010531C9B2817403B10174704700BF39
:1040C00001EB4101037D89000531C9B2C17403B11F
:1040D0004174704730B54489C56904FB01F101EBB7
:1040E00041012944C57DDDB9CCB104EB440408335A
:1040F0000C4491F801E0033111F801CC063211F8BB
:10410000030C0EFA03FE0CFA03FCA14200FA03F0C2
:1041100022F804EC22F802CC22F8060CE9D130BDDA
:10412000002CFCD004EB4404C56A0C4411F803EBEA
:10413000063211F802CC0EFA03FE11F8010CA1426E
:104140000CFA03FC35F81EE000FA03F035F81CC049
:1041500035F8100022F806EC22F804CC22F8020C04
:10416000E4D130BD8175704711F0FD0F017204D1AB
:10417000D0F80A30C0F81230704700238189428994
:1041800061F30F0362F31F43C0F81230704700BFA2
:1041900090F83E30C3B190F83D30002190F83C20BB
:1041A000DBB2D2B280F83D2080F83C3090F83D2060
:1041B00090F83C300832083350F8222050F8233071
:1041C00080F83E10C0E90632C16A084A90F828C05B
:1041D000023902F5007032F8023F0CFB03F3904203
:1041E0004FEA232321F8023FF5D17047F620006003
:1041F00018494FF452628B6B02FB0030D0F810214B
:1042000012F0010303D091F83C0001238340900792
:1042100005D591F83DC0012000FA0CF0034350078A
:1042200005D591F83EC0012000FA0CF003431007B9
:1042300005D591F83FC0012000FA0CF00343D206E7
:1042400004D591F840000122824013434A6CC2F821
:1042500010327047C0360020D74BD8491A68B3F8DF
:1042600004C052081868B2FBFCF25209400812035D
:10427000B0FBFCF02DE9F043A1FB0241400B521AC8
:1042800001EB520100EBD1209FEDC75B9FEDC86BA6
:1042900080B21C681A6819685208490807EE102A8B
:1042A000620804EE101AB8EEC77BB8EEC44B27EED6
:1042B000057B24EE064BFCEEC77BB2FBFCF2A0EBC9
:1042C000523217EE904ABCEEC44BC2F3C42190B2F6
:1042D0000C4414EE102AA4B294420CD21A6852086C
:1042E00007EE102AB8EEC77B27EE067BBCEEC77B35
:1042F00017EE102A94B21A681968520807EE102AAD
:104300004A08B8EEC77B04EE102AB8EEC44B27EE7D
:10431000057B24EE064BFCEEC77B17EE901ABCEE35
:10432000C44B01EB902114EE102A89B291420CD2B9
:104330001A68520807EE102AB8EEC77B27EE067BF4
:10434000BCEEC77B17EE102A91B21A680C441D68A8
:10435000520807EE102A6A08B8EEC77B04EE102A4E
:10436000B8EEC44B27EE057B24EE064BFCEEC77B74
:1043700017EE901ABCEEC44B01EB502114EE102A3C
:1043800089B291420CD21A68520807EE102AB8EE90
:10439000C77B27EE067BBCEEC77B17EE102A91B2D7
:1043A0001A680C441D68520807EE102A6A08B8EE15
:1043B000C77B04EE102AB8EEC44B27EE057B24EE33
:1043C000064BFCEEC77B17EE901ABCEEC44B01EB1C
:1043D000102114EE102A89B291420CD21A685208A8
:1043E00007EE102AB8EEC77B27EE067BBCEEC77B34
:1043F00017EE102A91B21A680C441D68520807EE95
:10440000102A6A08B8EEC77B04EE102AB8EEC44B37
:1044100027EE057B24EE064BFCEEC77B17EE901AC9
:10442000BCEEC44B01EBD01114EE102A89B29142BC
:104430000CD21A68520807EE102AB8EEC77B27EE96
:10444000067BBCEEC77B17EE102A91B21A680C44AB
:104450001D68520807EE102A6A08B8EEC77B04EE02
:10446000102AB8EEC44B27EE057B24EE064BFCEE7B
:10447000C77B17EE901ABCEEC44B01EB901114EE03
:10448000102A89B291420CD21A68520807EE102AFB
:10449000B8EEC77B27EE067BBCEEC77B17EE102A73
:1044A00091B21A680C441D68520807EE102A6A0877
:1044B000B8EEC77B04EE102AB8EEC44B27EE057B9E
:1044C00024EE064BFCEEC77B17EE901ABCEEC44BF5
:1044D00001EB501114EE102A89B291420CD21A68E5
:1044E000520807EE102AB8EEC77B27EE067BBCEE1B
:1044F000C77B17EE102A91B21A680C441D68520847
:1045000007EE102A6A08B8EEC77B04EE102AB8EE50
:10451000C44B27EE057B24EE064BFCEEC77B17EE63
:10452000901ABCEEC44B01EB101114EE102A89B2A4
:1045300091420CD21A68520807EE102AB8EEC77BD7
:1045400027EE067BBCEEC77B17EE102A91B21A68E5
:104550000C441D68520807EE102A6A08B8EEC77BA3
:1045600004EE102AB8EEC44B27EE057B24EE064B72
:10457000FCEEC77B17EE901ABCEEC44B01EBD001EA
:1045800014EE102A89B291421AD21A68520807EE24
:10459000102AB8EEC77B27EE067BBCEEC77B17EE72
:1045A000102A91B20CE000BF48AFBC9AF2D77A3E15
:1045B000F9978B952411E23EE82A002001011000B2
:1045C0001A680C441D68520807EE102A6A08B8EEF3
:1045D000C77B04EE102AB8EEC44B27EE057B24EE11
:1045E000064BFCEEC77B17EE901ABCEEC44B01EBFA
:1045F000900114EE102A89B291420CD21A68520826
:1046000007EE102AB8EEC77B27EE067BBCEEC77B11
:1046100017EE102A91B21A6821441D68520807EE5D
:10462000102A6A08B8EEC77B04EE102AB8EEC44B15
:1046300027EE057B24EE064BFCEEC77B17EE902A97
:10464000BCEEC44B02EB500214EE104A92B2A242EE
:104650000CD21A68520807EE102AB8EEC77B27EE74
:10466000067BBCEEC77B17EE102A92B21C680A4488
:104670001D68610807EE101A6908B8EEC77B04EEE2
:10468000101AB8EEC44B27EE057B24EE064BFCEE69
:10469000C77B17EE901ABCEEC44B014414EE104ACF
:1046A00089B2A14280F0818019681C68490807EE30
:1046B000101A6108B8EEC77BB1FBFCF127EE067B50
:1046C000BCEEC77B17EE104A12FA84F2B2EB111F50
:1046D0003FF6DFAD3E4A4FF0000C3E4C956C02F1C8
:1046E0004C0E9FED374B9FED383B1968CCF10B0812
:1046F0001A680EEB8C0749081E68520840FA08F841
:1047000006EE101A07EE102A7208B8EEC66B05FB0B
:1047100008F105EE102AB8EEC77B84FB01924FEA40
:10472000E17926EE046B0A44B8EEC55BC9EBE219E9
:1047300027EE047B25EE035BFCEEC66BFCEEC77B2D
:1047400016EE901ABCEEC55B17EE902A41444A441F
:1047500015EE109A89B292B2494501F1FF3819D28B
:104760001E68760807EE106AB8EEC77B27EE037B5B
:10477000BCEEC77B17EE106AB6B2711A013E114447
:104780007E802EF82C100CF1010CBCF10C0FACD17A
:10479000BDE8F083A7F802802EF82C200CF1010C64
:1047A000BCF10C0FA1D1BDE8F0831C680A4461087C
:1047B000B1FBFCF1B2EB111F3FF66BAD8AE700BF16
:1047C00048AFBC9AF2D77A3EF9978B952411E23E16
:1047D000C036002081808080294A2A49136810B49D
:1047E0005B08294CA4FB03C3DB0BDB01A1FB03C368
:1047F000DB09013398420DD810684008A4FB004043
:10480000C00BC001A1FB0010C00901305DF8044BD2
:10481000908021E5136811685B081C4C490807EE7D
:10482000101A9FED156BB8EEC77B27EE067BBCEE2A
:10483000C77B17EE101AB3FBF1F3A4FB0313DB09DC
:10484000013B9842E2D31068136840085B0807EE0A
:10485000103AB8EEC77B27EE067BBCEEC77B17EE9F
:10486000103AB0FBF3F0A4FB00405DF8044BC00924
:10487000013880B29080EFE4F9978B952411E23EE5
:10488000E82A00200980000801800080ABAAAAAABB
:10489000094B0020D3E91F1210B4013292FBF1F44E
:1048A00001FB1422D3E921140139C3E92021234655
:1048B0005DF8044B184700BFC036002010B5254CEA
:1048C000254AD4F8943094F89010D177DA8ADB8BAB
:1048D00092B29BB29A4200D010BDD4E92720D4F8FE
:1048E000A4300130013B90FBF2F102FB1100C4F84F
:1048F000A430C4F8A000EBB9D4F8A82004F1B003A8
:104900006FF00300D4F8B4101360938BD06023F0E1
:1049100020031B041B0C9383884794F8AC200121CF
:104920000E4B03EB521302F01F029B0001FA02F23E
:104930001A6010BDA36B4FF45261D4F88C2001FBB8
:104940000033136003F58A73D4F8A8201360FFF7CF
:104950004FFCE2E7C036002000800E40803800386F
:1049600030B54589C46905FB01F101EB41012144E2
:10497000C47DD4B9C5B105EB45050D4491F801E0FE
:10498000033111F801CC033211F8030C0EFA03FEC7
:104990000CFA03FCA94200FA03F002F802EC02F858
:1049A00001CC02F8030CE9D130BD002DFCD005EBA1
:1049B0004505C46A0D4491F801E0033111F801CCBA
:1049C000033211F8030C0EFA03FE0CFA03FCA942A1
:1049D00000FA03F034F81EE034F81CC034F810007C
:1049E0004FEA1E2E4FEA1C2C4FEA102002F802EC70
:1049F00002F801CC02F8030CDDD130BD406B7047EA
:104A000090F83E00704700BF28307047B1F804C0EE
:104A10008A79A0F800C08270704700BF704700BF5D
:104A2000EFF3108272B6437F63B9017F012910B49E
:104A30000CD0032916D00123437702B962B65DF882
:104A4000044B70470AB962B6704770471349D1F8F2
:104A5000B840CCB1D1F8BC4043618461C1F8BC001E
:104A60006061E8E70D49D1F8C04094B1D1F8C44085
:104A7000C0E9053460614FF0E0234FF08054C1F885
:104A8000C400C3F8044DD6E7C0E90544C1E92E00CF
:104A9000D1E7C0E90544C1F8C000ECE7C03600200A
:104AA00090F81CC003464160BCF1020FC26001D106
:104AB00083681847EFF3108172B6427F62B910B471
:104AC000007F01280CD0032816D001225A7701B9A3
:104AD00062B65DF8044B704709B962B6704770471B
:104AE0001348D0F8B840F4B1D0F8BC405A619C618A
:104AF000C0F8BC306361E8E70D48D0F8C0406CB145
:104B0000D0F8C440C3E9052463614FF0E0224FF0C0
:104B10008054C0F8C430C2F8044DD6E7C3E9054458
:104B2000C0F8C030F1E7C3E90544C0E92E33CCE753
:104B3000C036002038B5EFF3108172B6104CD4F8AF
:104B4000C030CBB1002509E062B69A68597790472A
:104B5000EFF3108172B6D4F8C0306BB15A69C4F863
:104B6000C02032B1956118460029EDD09A685D7772
:104B7000EDE7C4F8C420F6E701B962B638BD00BF5E
:104B8000C0360020034A044B52689A605A680132CA
:104B90005A607047001000E0C03600202DE9F8434D
:104BA000654B664D5B68D5F8C840AB606B680133F8
:104BB0006B6034B34FF00009614F4FF00208236877
:104BC000EBB9A66806B1F360206984F81490036815
:104BD000C5F8C8601B68BB4270D1037FC0F8049061
:104BE000022BC46038D183689847D5F8C8606268E2
:104BF000002A36D12EB134462368002BE1D0013B88
:104C00002360EFF3108372B60022D5F8CC60C5F8AC
:104C1000CC2003B962B6EEB10027D5F8C8404FF0FA
:104C2000020CBE463046B668002C42D0D0F8009048
:104C30002168894527D2A1EB09010127C0E9024E6D
:104C4000E0602160044680F814C0002EEAD10FB164
:104C5000C5F8C840BDE8F883FFF7E2FE6268002AA5
:104C6000C8D02260002E53D0306882423BD2801AD6
:104C7000C5F8C840C4E902693060F460264684F88B
:104C800014803446B8E7234606E00260D3F800807B
:104C9000424519D34146914698469B68A9EB0102CB
:104CA000002BF2D183600260C0F80C80C8F80800C5
:104CB000C9E7C0E9024401270446C4E722460021AF
:104CC0009847D5F8C86092E7DA68A1EB09018360DC
:104CD000C2604144D860C2689060196080F814C016
:104CE000002E9FD1B3E7334606E02160D3F800C021
:104CF000614513D360460A469C469B68111A002BF7
:104D0000F3D1A3602160C4F80CC0CCF80840B6E72A
:104D1000C4E90266C5F8C8402646B0E7801ADA68DA
:104D2000A360E2606044DC60E2689460186084F82C
:104D30001480344643E700BF001000E0C036002076
:104D4000B11F000000207047844B854A85492DE93A
:104D5000F0435E6988428CBF4FF012084FF00E0896
:104D60009C69D768D3F8801007F01F0941F0C00193
:104D7000C145C3F8801007D268F30407D7601368F1
:104D8000002BFCDA07F01F0916F0007324D1764AD5
:104D90001169764A8A4300F0DA8084F48052314601
:104DA0004FF4805511F0605F04D026F060561E432A
:104DB0006A4B5E6112F4405F07D024F44054674AA6
:104DC0002C439461936C1907FCD446F00076634A37
:104DD0005661936C9B06FCD44FF0010C0146644C69
:104DE000634603FB011203F1010E0CF10105A2421F
:104DF00018D8BEF1080F4FF0010340F08A80BCF1D3
:104E0000040F00F28C804218A24200F29A8005FB47
:104E100000F1AC4603F1010E03FB01120CF1010598
:104E2000A242E6D90CF1FF3452491144524A914250
:104E30007AD9524D6C2252484B49B0FBFEF0D1F862
:104E400000E0B0FBFCF0DFF860C10EEA0C0CAC45F2
:104E500008D042F400524FF480550D600A600A6891
:104E6000002AFCDA3D4A116901F00701994203D09A
:104E70001361936CDD03FCD486EA8423A40213F44B
:104E8000E05F09D026F4E05604F4E054334A2643A8
:104E90005661936C9907FCD43A493B4A01449142CC
:104EA00039D83A4BC909A3FB0131090B4B1E1B0230
:104EB00086EA030212F4407F06D026F4407603F41B
:104EC0004073264A33435361244A536923F00073E5
:104ED0005361936C9B06FCD42D4BC845A3FB002368
:104EE0004FF0FF32B0FBF1F14FEA9343B2FBF3F323
:104EF000284A90601160284AD36008D227F01F0723
:104F0000174A47EA0807D7601368002BFCDABDE8A8
:104F1000F083734665E74FF440730421C8E71549F1
:104F20000CF1FF34072311441C4A1D48A2FB012148
:104F30001C4D0A0D362A38BF362202FB00F01543FD
:104F40007AE764460023AC464FF0010E6CE71D463D
:104F500086F0C05122464FF0C05323E700C00F40F7
:104F60000000084000A4781F00800D404030008001
:104F7000FFB19F26808D5B00FF7EF64D6C20008088
:104F800000643F4D7FD1F0087F17B42C9F10E500DF
:104F900083DE1B43E82A0020C0360020819F5E1676
:104FA000001BB700002000807F30018000234FF4F9
:104FB00070410F224FF4604CA0F88C114FF48061C7
:104FC000A0F88E21A0F89031B0F8882192B242F07A
:104FD000F002A0F8882148F2B822A0F804C0C180ED
:104FE0004384038643804381C2814382C3824383D7
:104FF000C383A0F864C0A0F86610A0F88230A0F8BF
:105000009030A0F86230A0F86A30A0F86E20A0F8C6
:105010007230A0F87630A0F87A30A0F87E30A0F890
:10502000C4C0A0F8C610A0F8E230A0F8F030A0F894
:10503000C230A0F8CA30A0F8CE20A0F8D230A0F834
:10504000D630A0F8DA30A0F8DE30A0F824C1A0F8FD
:105050002611A0F84231A0F85031A0F82231A0F872
:105060002A31A0F82E21A0F83231A0F83631A0F86C
:105070003A31A0F83E31B0F888319BB243F00F03CB
:10508000A0F88831B0F888319BB243F47063A0F87F
:105090008831704730BFFDE7836BF0B41BB15368B4
:1050A00043F40043536072B6446B3CB31A4B226026
:1050B000D3F8B0410C421DD1184E776804E07468F3
:1050C000E41BB4F5166F0BD2D3F8404144F480448E
:1050D000C3F84041D3F8B851D3F840416404EED549
:1050E0000D4007D10C4CC0E90225D4F8B0310B4378
:1050F000C4F8B031426362B6F0BC7047064DC0E9F7
:105100000224D5F8B0310B43C5F8B03102634263D5
:1051100062B6F0BC704700BF00002E40001000E0F7
:105120000D4A92F8D01092F8D100CBB281420FD044
:1051300001330A49092B28BF0023134493F8D430C4
:1051400002EB430201EB4323B2F8E020985C704786
:105150004FF0FF30704700BFC03600208020202075
:1051600070B5284C94F8F03013B1B4F8F21001B9CE
:1051700070BD94F8F50004F5807C234B01260CEB00
:105180004012C1F5006103EBC02384F8F4604001D4
:105190000D0419444CF8006003F5805045F080057B
:1051A0009360D06003F500505560106103F54050E6
:1051B000506103F5804090610020D061BFF34F8FB4
:1051C0004FF0E020C0F8703F20339942FAD8BFF387
:1051D0004F8FBFF36F8F4FF480110C48FFF75CFFC8
:1051E00094F8F5300133DBB2032B88BF002384F839
:1051F000F5300023A4F8F230BFF34F8F84F8F43079
:1052000070BD00BFC036002080002020400200207A
:105210002DE9F84F354D95F8D03095F8D1209342CF
:105220005ED0DEB205F5D078DFF8C8A04FF0E024FC
:105230004FF40037DFED2E7A0136082E52D85FFA90
:1052400086F9AB19D5F880C1B5F8A012012093F802
:10525000D43005EB43024FEA431EB2F884B1B2F8F2
:10526000E020ABEB020B08EB4312ACEB0B0CC5F8E8
:1052700080C14FEA014CC4F88C714CF0800C48F8A6
:105280000E00D3610AEB4323C2F804C003F5805C2F
:1052900093601944C2F80CC003F5005CC2F810C05A
:1052A00003F5405CC2F814C003F5804CC2F818C086
:1052B000BFF34F8FC4F85C3F20339942FAD8BFF355
:1052C0004F8FBFF36F8F082117EE900AFFF7E4FEB0
:1052D000C4F80C7185F8D09095F8D1309E42ABD1CE
:1052E000BDE8F88F0026B146ABE700BFC03600200E
:1052F0008001002080202020194B012193F8F52007
:1053000083F8F410BAB1D3F804018A4280F0800027
:10531000C0F3C0104FEAC0200ED1D3F844110906E3
:1053200058BF00F50060032A0ED1BFF34F8F002253
:1053300083F8F42070471046D3F82411090658BFAB
:1053400000F50060022AE8D1D3F86421120658BFA4
:1053500000F50060BFF34F8F002283F8F420704700
:10536000C0360020F8B5284C94F8F430002B49D111
:1053700003F0FF0594F8F030002B43D0B4F8F2109E
:1053800000293FD094F8F50004F5807C1F4B0127DD
:105390000CEB4012C1F5006103EBC02340010E0489
:1053A00019444CF8007003F5805046F08006D56132
:1053B000D06003F500505660106103F540509360D3
:1053C000506103F580409061BFF34F8F4FF0E020B4
:1053D000C0F8703F20339942FAD8BFF34F8FBFF324
:1053E0006F8F4FF480110A48FFF756FE94F8F5309E
:1053F0000133DBB2032B88BF002384F8F530002390
:10540000A4F8F230F8BD00BFC03600208000202094
:105410004002002038B5204D2B7B63B31F4C94F81D
:10542000A22242BB012284F8A222DA0724D400225D
:105430005B0784F8A2221ED5D4F8B830DBB1EFF3B5
:105440000583C3B9EFF3108172B6D4F8B800D8B1B0
:1054500094F8A322C2B9012384F8A3324369C4F8A3
:10546000B830ABB19A6101B962B60025836845775F
:10547000984784F8A35238BDD4F88021002AD6D1A9
:10548000FFF7C8FF2B7BD2E70029F4D162B638BD05
:10549000C4F8BC30E7E700BFE82A0020C03600208F
:1054A0002DE9F8431F4C0125074654E8003F666884
:1054B000A16844E80053002BF7D1DFF86C90D9F8CD
:1054C00004304FF47A785B1AE168012508FB06F690
:1054D000A3FB0131414594BF7618464454E8003F90
:1054E0006268A16844E80053002BF7D1D9F8043072
:1054F000E0685B1A08FB02F2A3FB0030B0F57A7F8C
:1055000094BF121802F57A72921BB2F57A7F05D316
:10551000013F06F57A76E1D1BDE8F883FFF77AFF1F
:10552000DCE700BFC0360020001000E0054B10B5DE
:10553000D3F880410CB1204610BDFFF76BFF204629
:1055400010BD00BFC0360020002070473E4B3F4AD0
:10555000D3F8A43230B41D6C2979D177DC6B207973
:10556000107711779A6B52B1B2F5004F23D3384CB4
:105570001444364A9C63D176D07630BC70479C6A1E
:10558000032593F8321093F8340024680843216B04
:1055900021EA0001586C216383F8355003682D49D6
:1055A0001B688B421DD1037F4260022BC2601BD15E
:1055B000836830BC18472468B4F81EC01CF4004F40
:1055C00015D12D681FFA82FCA4F81EC0A4F816C0DD
:1055D000EC8B240434D4A5F81EC0A5F816C0002412
:1055E000C7E7114630BC184730BCFFF719BAB2F50F
:1055F000007F1ED21FFA82FCE28B2D6802F47E42ED
:105600004CEA0202E283E28A02F47E424CEA02029F
:10561000E282EA8B1204DED5EA8B02F47E424CEA87
:105620000202EA83EA8A02F47E424CEA0202EA8239
:10563000D5E72D68EC8B2404D1D41FFA82FCCAE78D
:10564000B2F5007FE8D3CAE7C036002000800E40E4
:105650000180FFFFB11F00003E4B3F4AD3F8A83244
:1056600030B41D6C2979D177DC6B207910771177F4
:105670009A6B52B1B2F5004F23D3384C1444364ADA
:105680009C63D176D07630BC70479C6A032593F832
:10569000321093F8340024680843216B21EA00019A
:1056A000586C216383F8355003682D491B688B4281
:1056B0001DD1037F4260022BC2601BD1836830BCC6
:1056C00018472468B4F81EC01CF4004F15D12D688B
:1056D0001FFA82FCA4F81EC0A4F816C0EC8B2404A8
:1056E00034D4A5F81EC0A5F816C00024C7E711469B
:1056F00030BC184730BCFFF793B9B2F5007F1ED21B
:105700001FFA82FCE28B2D6802F47E424CEA020210
:10571000E283E28A02F47E424CEA0202E282EA8BEF
:105720001204DED5EA8B02F47E424CEA0202EA83DE
:10573000EA8A02F47E424CEA0202EA82D5E72D6848
:10574000EC8B2404D1D41FFA82FCCAE7B2F5007FA7
:10575000E8D3CAE7C036002000800E400180FFFF7A
:10576000B11F000010B51C4CD4F8B00220B1036882
:105770001A4A1B6893421AD1D4F8B40220B10368C4
:10578000164A1B68934218D1D4F8B80220B10368B6
:10579000124A1B68934215D1D4F8BC0220B10368A9
:1057A0000E4A1B68934212D1BFF34F8F10BD04F510
:1057B000307198470028DFD010BD0949984700286C
:1057C000E2D010BD064998470028E5D010BD044935
:1057D00098470028E8D010BDC0360020592A0000A4
:1057E0008039002010B51C4CD4F8D00220B10368D9
:1057F0001A4A1B6893421AD1D4F8D40220B1036824
:10580000164A1B68934218D1D4F8D80220B1036815
:10581000124A1B68934215D1D4F8DC0220B1036808
:105820000E4A1B68934212D1BFF34F8F10BD04F58F
:10583000387198470028DFD010BD094998470028E3
:10584000E2D010BD064998470028E5D010BD0449B4
:1058500098470028E8D010BDC0360020592A000023
:10586000A039002010B51C4CD4F8F00220B1036818
:105870001A4A1B6893421AD1D4F8F40220B1036883
:10588000164A1B68934218D1D4F8F80220B1036875
:10589000124A1B68934215D1D4F8FC0220B1036868
:1058A0000E4A1B68934212D1BFF34F8F10BD04F50F
:1058B000407198470028DFD010BD0949984700285B
:1058C000E2D010BD064998470028E5D010BD044934
:1058D00098470028E8D010BDC0360020592A0000A3
:1058E000C039002090F8A23090F8A3209A4205D940
:1058F0005A1C034480F8A220987E70474FF0FF3076
:10590000704700BF90F8A32090F8A200101A7047CB
:1059100090F8A23090F8A3209A4202D91844807ED1
:1059200070474FF0FF307047704700BF0346B0F834
:10593000300178B193F82F21882A03D90122002061
:105940005A60704702F1010C01201A4483F82FC1FC
:1059500082F8A510704700BF70B52C4CD4F82033E6
:10596000D3F8145115F4706201D0C3F81421AE07B6
:105970000CD5D3F87011080440D500220120A4F8FA
:10598000B223224484F8B30382F82A13EA0710D51D
:1059900094F84064F6B194F83E6494F83F24B2421F
:1059A00028D9711C264496F8B52384F83E14C3F810
:1059B0006021AB050DD594F8B30318B1D4F84C347D
:1059C00003B198470023A4F8B233A4F83E3484F816
:1059D000403470BDD4F8482412B19047D4F8203335
:1059E000002284F83E24012284F8402494F83F24C5
:1059F000B242D6D80022C3F86021DAE794F8B32384
:105A0000872AC3D8501CC0B2BBE700BFC0360020F5
:105A100070B52C4CD4F86034D3F8145115F470627E
:105A200001D0C3F81421AE070CD5D3F870110804C7
:105A300040D500220120A4F8F224224484F8F30483
:105A400082F86A14EA0710D594F88065F6B194F8E4
:105A50007E6594F87F25B24228D9711C264496F8B9
:105A6000F52484F87E15C3F86021AB050DD594F8B4
:105A7000F30418B1D4F88C3503B198470023A4F887
:105A8000F234A4F87E3584F8803570BDD4F88825CA
:105A900012B19047D4F86034002284F87E250122A8
:105AA00084F8802594F87F25B242D6D80022C3F826
:105AB0006021DAE794F8F324872AC3D8501CC0B2D7
:105AC000BBE700BFC036002070B52C4CD4F8A03521
:105AD000D3F8145115F4706201D0C3F81421AE0745
:105AE0000CD5D3F87011080440D500220120A4F889
:105AF0003226224484F8330682F8AA15EA0710D524
:105B000094F8C066F6B194F8BE6694F8BF26B24227
:105B100028D9711C264496F8352684F8BE16C3F899
:105B20006021AB050DD594F8330618B1D4F8CC3606
:105B300003B198470023A4F83236A4F8BE3684F89F
:105B4000C03670BDD4F8C82612B19047D4F8A0353D
:105B5000002284F8BE26012284F8C02694F8BF26CD
:105B6000B242D6D80022C3F86021DAE794F833268F
:105B7000872AC3D8501CC0B2BBE700BFC036002084
:105B800010B54489C36904FB01F101EB41010B44E9
:105B9000C17DC9B9BCB104EB44041C4493F801C0F5
:105BA000033313F8010C063213F8031C4FEA0C2CD4
:105BB0000002A3424FEA012122F804CC22F8020C91
:105BC00022F8061CEAD110BD002CFCD004EB4404E2
:105BD000C16A1C4413F803EB063213F802CCA3424B
:105BE00013F8010C31F81EE031F81CC031F8100038
:105BF00022F806EC22F804CC22F8020CEAD110BDFF
:105C000010B472B602684C4922B190F804C0BCF1DD
:105C10000F0F55D9B1F8D03613F0010C27D09C07DF
:105C200023D55A0759D51C075AD5DA065BD59C06E9
:105C30005CD55A065DD51C065ED5DA055FD59C0598
:105C400060D55A0561D51C0562D5DA0463D59C047C
:105C500064D55A0465D5DA0B66D062B600221023EB
:105C6000026003715DF8044B70474FF0010C012294
:105C700002FA0CF21343A1F8D03662B62F4A5FFA4B
:105C80008CF10171D36F43F0C003D367A2F5A0324A
:105C900040F2824313602A4B9176634491771176E8
:105CA0005B01D1775DF8044B03609FED217B83EDB1
:105CB000007B83ED027B83ED047B83ED067B7047E5
:105CC000B1F8D03643FA0CF4E407A5D51C4C644473
:105CD000B2EB441FA0D162B6C4E74FF0020CC6E796
:105CE0004FF0030CC3E74FF0040CC0E74FF0050C76
:105CF000BDE74FF0060CBAE74FF0070CB7E74FF0DF
:105D0000080CB4E74FF0090CB1E74FF00A0CAEE70E
:105D10004FF00B0CABE74FF00C0CA8E74FF00D0C5D
:105D2000A5E74FF00E0CA2E74FF00F0C9FE700BF66
:105D30000000000000000000C036002000C00F403E
:105D40008074000238B52DED028BF0EE408A564B80
:105D50004FF0010C044653E8002F5968986843E857
:105D600000C2002AF7D1514A5268DD68131A4FF475
:105D70007A7294ED048AA3FB05359FED4D0A02FB70
:105D800001F1F0EE480A954294BF4919891807EECF
:105D9000901AF8EE677A87EE800A09F039FB2379CA
:105DA000C0EE087A042B7BD8DFE803F0253B507166
:105DB000030077EEA76AB7EE007AF4EEC76AF1EE59
:105DC00010FA05D567EEA77AB1EE007A27EE877A4A
:105DD000F7EE007ADFED376A0022374B84ED137A55
:105DE00037EEE80AA263E36320EE260ABDEC028BDD
:105DF00084ED140A38BDB6EE007AF4EEC77AF1EEFF
:105E000010FA03DDB7EE007A77EE677A94ED027A46
:105E100077EEA77AD4ED036A76EEC76AA7EEA67A84
:105E2000D6E7B6EE005A94ED027A94ED036AF7EEE7
:105E3000006ADFED225AF4EEC57A36EE476AF1EEDB
:105E400010FA76FEA57AA6EE277AC1E7DFED196A89
:105E50009FED1B7A67EEA67A9FED1A0A94ED028AEF
:105E600067EE877A87EE800A09F002FBD4ED037AA9
:105E7000B7EE007A77EEC87AF6EE006A30EE070ADF
:105E8000B0EE487A67EE807AA7EEA67AA0E794EDA6
:105E9000027AD4ED036A76EEC76AA7EEA67A97E790
:105EA0009FED067A94E700BFC0360020001000E0A6
:105EB000002474490000B443000096420000000032
:105EC000D00F49400000344370B52DED028BF0EE49
:105ED000408A584B4FF0010C53E8002F59689D68D9
:105EE00043E800C2002AF7D1534A5268DE68531BC8
:105EF0004FF47A7200F50044A3FB06369FED4F0A7B
:105F000002FB01F194ED488A964294BF89198918E1
:105F1000F0EE480A07EE901AF8EE677A87EE800AEC
:105F200009F076FA94F81431C0EE087A042B7DD883
:105F3000DFE803F0273D5273030077EEA76AB7EE60
:105F4000007AF4EEC76AF1EE10FA05D567EEA77A8B
:105F5000B1EE007A27EE877AF7EE007ADFED386A45
:105F60000022384B84ED577A37EEE80AC4F848210E
:105F7000C4F84C3120EE260ABDEC028B84ED580AA1
:105F800070BDB6EE007AF4EEC77AF1EE10FA03DDDA
:105F9000B7EE007A77EE677A94ED467A77EEA77AD5
:105FA000D4ED476A76EEC76AA7EEA67AD4E7B6EED6
:105FB000005A94ED467A94ED476AF7EE006ADFEDF9
:105FC000225AF4EEC57A36EE476AF1EE10FA76FE02
:105FD000A57AA6EE277ABFE7DFED196A9FED1B7A57
:105FE00067EEA67A9FED1A0A94ED468A67EE877AE5
:105FF00087EE800A09F03CFAD4ED477AB7EE007AD2
:1060000077EEC87AF6EE006A30EE070AB0EE487A0C
:1060100067EE807AA7EEA67A9EE794ED467AD4EDF5
:10602000476A76EEC76AA7EEA67A95E79FED067AED
:1060300092E700BFC0360020001000E00024744941
:106040000000B4430000964200000000D00F494019
:106050000000344390F8F4342DE9F04F2DED0E8B11
:1060600085B0002B40F01481019300F50D79019A61
:106070008346DFED9DDA9FED9DBA1FFA82FA002B71
:1060800040F0C3809BF80830002B40F0E980DBF83B
:10609000043003EBC203D3ED009A93ED019A4FF065
:1060A000FF35B7EE00EAB0EE6DDA0024B0EE6DCA4F
:1060B0002E46F0EE6DCAA846F0EE6DBA2F4647E0C8
:1060C0009BF80830002B40F0AF80DBF8043003EB86
:1060D000C40393ED00AAD3ED01AA79EECA8A39EE82
:1060E0006A8A28EE080AA8EEA80AB5EE400AF1EE80
:1060F00010FA00F1C880F1EEC07AF0EEE88AF4EE12
:10610000CE8AF1EE10FA0CD5F4EEC9AAF1EE10FA2F
:106110003CDDF4EEEB7AF1EE10FA37D5F0EE67BA2B
:106120002746B0EEC88AB4EECE8AF1EE10FA0CD54E
:10613000B4EEE9AAF1EE10FA36D5F4EECC7AF1EE2F
:1061400010FA31D5B0EE67CA26460134582C3BD040
:10615000A2B29245F9D09BF8F434002BB0D09BF852
:106160000830002B69D1DBF80030594602A89B6843
:106170009847DDED029AF0EE4BAA9DED039AB0EE42
:106180004BAAF0EE698AB0EE498AAAE7F4EEC9AAF2
:10619000F1EE10FAC5D5F4EEEC7AF1EE10FAC0D5B6
:1061A000F0EE67CAA046BCE7B4EEE9AAF1EE10FA39
:1061B000CBDDF4EECD7AF1EE10FAC6D525460134EA
:1061C000B0EE67DA582CC3D1781C019B18BFA9F830
:1061D0000070B8F1FF3F03F1010318BFA9F8B080C8
:1061E000711C019318BFA9F860616A1C2FD0582B4D
:1061F000A9F8105209F102092DD0019A9BF8F43444
:106200001FFA82FA002B3FF43DAF9BF8083083BBA6
:10621000DBF800305246594602A89B689847DDEDEE
:10622000029A9DED039A3AE7C4EB4472DBF804301E
:10623000D20002F52E7213444BE7DBF80030C2F1B6
:106240005702594602A89B6892B2984791E7582B8B
:1062500009F10209D1D105B0BDEC0E8BBDE8F08F7C
:10626000C2EB4272DBF80430D20002F52E72134406
:1062700011E7CAF15702DBF80030594602A89B68C3
:1062800092B29847CBE708F0E1FDF0EE407A34E7B0
:10629000B0F8F64400F50D710023C4EBC437224674
:1062A0004FEA440E7F00BFB2562AA2EB0E0507EB61
:1062B000020603F1FF3CD8BF0A80012DB3FBF4F0C6
:1062C00004FB1030C8BFA1F8B06018B1012B01DD8C
:1062D000A1F860C1572B02F1010203F10103BAD00A
:1062E000A1F810320231DFE7FFFF7F7F00000000DE
:1062F0002DE9F04F00F5E04B82469BF824302DED60
:106300000E8B85B0002B40F025810093009ADFEDC5
:10631000B2DA9FEDB2BA95B2002B40F0D2809AF873
:106320000830002B40F0FC80DAF8043003EBC203A5
:10633000D3ED009A93ED019A4FF0FF36B7EE00EAE5
:10634000B0EE6DDA0024B0EE6DCA3746F0EE6DCADD
:10635000B146F0EE6DBAB04648E09AF80830002B2E
:1063600040F0BE80DAF8043003EBC40393ED00AADA
:10637000D3ED01AA79EECA8A39EE6A8A28EE080AB4
:10638000A8EEA80AB5EE400AF1EE10FA00F1DD80A1
:10639000F1EEC07AF0EEE88AF4EECE8AF1EE10FA71
:1063A0000CD5F4EEC9AAF1EE10FA3DDDF4EEEB7A6D
:1063B000F1EE10FA38D5F0EE67BAA046B0EEC88A12
:1063C000B4EECE8AF1EE10FA0CD5B4EEE9AAF1EEF5
:1063D00010FA37D5F4EECC7AF1EE10FA32D5B0EEF1
:1063E00067CA27460134B4F5006F3CD0A2B295428B
:1063F000F8D09BF82430002BAFD09AF80830002B4F
:1064000078D1DAF80030514602A89B689847DDED54
:10641000029AF0EE4BAA9DED039AB0EE4BAAF0EE75
:10642000698AB0EE498AA9E7F4EEC9AAF1EE10FA3A
:10643000C4D5F4EEEC7AF1EE10FABFD5F0EE67CAEF
:10644000A146BBE7B4EEE9AAF1EE10FACADDF4EE1C
:10645000CD7AF1EE10FAC5D526460134B0EE67DAF2
:10646000B4F5006FC2D1B8F1FF3F05D043F2240369
:10647000009A534423F81280B9F1FF3F05D044F24B
:106480002403009A534423F812907A1C05D045F255
:106490002403009A534423F81270731C35D046F23B
:1064A0002403009A534423F81260531CB3F5006F81
:1064B000009330D0009A9BF8243095B2002B3FF423
:1064C0002EAF9AF80830ABBBDAF800302A465146B6
:1064D00002A89B689847DDED029A9DED039A2BE791
:1064E000C4EB447143F6F872DAF8043002EBC102EF
:1064F00013443BE740F2FF70DAF800305146801A4F
:106500009B6882B202A8984781E7009B0133B3F5EC
:10651000006F0093CED105B0BDEC0E8BBDE8F08FBF
:10652000C2EB427043F6F872DAF8043002EBC002B4
:106530001344FDE640F2FF72DAF80030514602A83B
:10654000521B9B6892B29847C5E708F07FFCF0EEBB
:10655000407A1FE743F22403BBF8260046F22205E7
:1065600044F224095344C0EBC0365544D14401934E
:1065700045F22403760002460AEB03014FEA400B82
:10658000B6B2002340F2FE7840F2FF7E8A460095C4
:106590004245A2EB0B0406EB020C03F1FF37B3FB01
:1065A000F0F102DC019D25F81320012C00FB1131D4
:1065B000C8BF29F813C019B1012B01DD2AF81370E7
:1065C000734503F1010102F10102A4D0009C0B46C6
:1065D00024F8021F0094DBE7FFFF7F7F000000002C
:1065E000B7EE007AD1ED007A9FED756AD1ED016AC0
:1065F00037EEC77A00B5B0EEC77A2DED048BB4EE56
:10660000C67A85B0F1EE10FA40F18A80B0EEE67AF3
:10661000D1ED025AB4EEC67AF1EE10FA00F19D8087
:10662000D1ED039A26EEA60A92ED009AD2ED018AE8
:1066300092ED028AA7EEA70AA5EEA50AA9EEA90A7D
:10664000B5EE400AF1EE10FA00F1A680B1EEC07A84
:106650009FED5C3A9FED5A2AB7EE004A84EE076A36
:1066600066EE266A66EE277A66EE255A26EE837A6D
:1066700068EE664A26EEA85AA7EE897AE7EEA84A9F
:10668000A7EE885A37EEC44A26EE296AF1EE652A4B
:10669000B0EEC44AA5EE887AE5EE834AA5EEC95A63
:1066A000B4EEC24AF1EE463AF1EE10FAA6EE687A7E
:1066B000E6EE094AA6EE035A35D49FED426A27EE6C
:1066C000873A27EE634A27EE866A22EE877AA6EE9D
:1066D000C96AA2EEA86AA3EE886AA3EE867AA6EE3D
:1066E000C63AA2EE864AA6EEA47AA3EEA43AB0EE8B
:1066F000446AA7EEA46AA7EE857AF0EE434AE5EE77
:10670000854AA6EEC56AB0EE475AC0ED004A80ED54
:10671000016A80ED025A05B0BDEC048B5DF804FB04
:10672000D1ED025A7CE7B0EEE64AB4EEC24AF1EE91
:1067300010FAC2D5B0EEE54AB4EEC24AF1EE10FA54
:10674000BBD5B0EEC66AB4EEC26AF1EE10FAB4D5AB
:10675000B0EE646AF0EE474AD7E7B0EEE57AD1EDE5
:10676000039AB4EEC67AF1EE10FA7FF55BAFB0EEA5
:10677000E97AB4EEC67AF1EE10FA7FF553AFD2F8AB
:1067800000C051689368C0F800C04160836005B0E4
:10679000BDEC048B5DF804FB0390CDED025ACDED0A
:1067A000016ACDED007A08F051FB0398B0EE407A13
:1067B000DDED025ADDED016ADDED007A48E700BF4C
:1067C0006F12833A0000000030B50B688DB00C46A4
:1067D00005461B68684698476468F7EE007A9FEDA7
:1067E0004F7AD4ED005A94ED015A75EEE77AF0EE47
:1067F000E77AF4EEC77AF1EE10FA72D5F0EEC57AC8
:10680000D4ED024AF4EEC77AF1EE10FA6CD494EDAE
:10681000034AD4ED057AD4ED042A25EE676A94ED97
:10682000063A67EEA56AD4ED073A24EE677A67EE7A
:10683000A47AA2EEA56AE2EE856AA2EEA47AE2EE5E
:10684000847AA3EE646AE3EE046AA3EE257AE3EEAB
:10685000457AA3EEC46AE3EEE46AA3EE857AE3EE3A
:10686000A57A8DED086ACDED096A8DED0A7ACDED38
:106870000B7A94ED0C5A02A894ED0B6A05AADDED93
:10688000016A08A9D4ED0D7A9DED007A66EE856A5D
:10689000DFED235A27EE067A67EEA57ACDED066A7C
:1068A0008DED057ACDED077AFFF79AFE94ED095A42
:1068B0002846D4ED0A5A94ED086ADDED036A9DED91
:1068C000047ADDED027A76EE856A37EE257A77EE88
:1068D000867AC5ED016A85ED027AC5ED007A0DB0C4
:1068E00030BDD4ED024A92E7F0EEE47A94ED034A2B
:1068F000F4EEC77AF1EE10FA8BD5F0EEC47AF4EE2E
:10690000C77AF1EE10FA84D563692169A269099307
:10691000E36908910A920B93ABE700BF6F12833AC9
:106920000000000030B50B688DB00C4605465B6872
:10693000684698476468F7EE007A9FED4F7AD4ED89
:10694000005A94ED015A75EEE77AF0EEE77AF4EE2C
:10695000C77AF1EE10FA72D5F0EEC57AD4ED024A9C
:10696000F4EEC77AF1EE10FA6CD494ED034AD4ED4C
:10697000057AD4ED042A25EE676A94ED063A67EEAF
:10698000A56AD4ED073A24EE677A67EEA47AA2EE00
:10699000A56AE2EE856AA2EEA47AE2EE847AA3EE1C
:1069A000646AE3EE046AA3EE257AE3EE457AA3EE89
:1069B000C46AE3EEE46AA3EE857AE3EEA57A8DED90
:1069C000086ACDED096A8DED0A7ACDED0B7A94ED6A
:1069D0000C5A02A894ED0B6A05AADDED016A08A91C
:1069E000D4ED0D7A9DED007A66EE856ADFED235ACF
:1069F00027EE067A67EEA57ACDED066A8DED057A6B
:106A0000CDED077AFFF7ECFD94ED095A2846D4ED59
:106A10000A5A94ED086ADDED036A9DED047ADDED16
:106A2000027A76EE856A37EE257A77EE867AC5EDBC
:106A3000016A85ED027AC5ED007A0DB030BDD4ED66
:106A4000024A92E7F0EEE47A94ED034AF4EEC77A54
:106A5000F1EE10FA8BD5F0EEC47AF4EEC77AF1EECF
:106A600010FA84D563692169A2690993E3690891E1
:106A70000A920B93ABE700BF6F12833A000000004D
:106A800030B50B688DB00C4605461B6868469847C4
:106A90006468F7EE007A9FED4F7AD4ED005A94EDDA
:106AA000015A75EEE77AF0EEE77AF4EEC77AF1EE86
:106AB00010FA72D5F0EEC57AD4ED024AF4EEC77A38
:106AC000F1EE10FA6CD494ED034AD4ED057AD4EDCE
:106AD000042A25EE676A94ED063A67EEA56AD4EDBE
:106AE000073A24EE677A67EEA47AA2EEA56AE2EE90
:106AF000856AA2EEA47AE2EE847AA3EE646AE3EEFB
:106B0000046AA3EE257AE3EE457AA3EEC46AE3EEC7
:106B1000E46AA3EE857AE3EEA57A8DED086ACDED01
:106B2000096A8DED0A7ACDED0B7A94ED0C5A02A824
:106B300094ED0B6A05AADDED016A08A9D4ED0D7A82
:106B40009DED007A66EE856ADFED235A27EE067A20
:106B500067EEA57ACDED066A8DED057ACDED077A63
:106B6000FFF73EFD94ED095A2846D4ED0A5A94EDFC
:106B7000086ADDED036A9DED047ADDED027A76EEBA
:106B8000856A37EE257A77EE867AC5ED016A85ED5E
:106B9000027AC5ED007A0DB030BDD4ED024A92E71D
:106BA000F0EEE47A94ED034AF4EEC77AF1EE10FACF
:106BB0008BD5F0EEC47AF4EEC77AF1EE10FA84D5F4
:106BC00063692169A2690993E36908910A920B93A9
:106BD000ABE700BF6F12833A0000000030B50B68CE
:106BE0008DB00C4605465B68684698476468F7EECA
:106BF000007A9FED4F7AD4ED005A94ED015A75EE6C
:106C0000E77AF0EEE77AF4EEC77AF1EE10FA72D591
:106C1000F0EEC57AD4ED024AF4EEC77AF1EE10FA3E
:106C20006CD494ED034AD4ED057AD4ED042A25EE14
:106C3000676A94ED063A67EEA56AD4ED073A24EE4A
:106C4000677A67EEA47AA2EEA56AE2EE856AA2EE02
:106C5000A47AE2EE847AA3EE646AE3EE046AA3EE19
:106C6000257AE3EE457AA3EEC46AE3EEE46AA3EE86
:106C7000857AE3EEA57A8DED086ACDED096A8DED92
:106C80000A7ACDED0B7A94ED0C5A02A894ED0B6ABA
:106C900005AADDED016A08A9D4ED0D7A9DED007A13
:106CA00066EE856ADFED235A27EE067A67EEA57A4F
:106CB000CDED066A8DED057ACDED077AFFF790FCF4
:106CC00094ED095A2846D4ED0A5A94ED086ADDED90
:106CD000036A9DED047ADDED027A76EE856A37EE81
:106CE000257A77EE867AC5ED016A85ED027AC5EDE3
:106CF000007A0DB030BDD4ED024A92E7F0EEE47AAE
:106D000094ED034AF4EEC77AF1EE10FA8BD5F0EE6B
:106D1000C47AF4EEC77AF1EE10FA84D5636921697A
:106D2000A2690993E36908910A920B93ABE700BF4C
:106D30006F12833A0000000010B50446406808B1A5
:106D40000FF010FCA06808B10FF00CFC204610BD3D
:106D500038B500F500450446D5F83C0108B10FF000
:106D600001FCD5F8400108B10FF0FCFB206908B127
:106D70000FF0F8FB204638BD10B50446C06A08B1D4
:106D80000FF0F0FB206B08B10FF0ECFB204610BDBC
:106D900010B50446C06A08B10FF0E4FB206B08B1DF
:106DA0000FF0E0FB20460FF0DDFB204610BD00BFDA
:106DB00010B504460FF0D6FB204610BD10B50446B2
:106DC000406808B10FF0CEFBA06808B10FF0CAFB15
:106DD00020460FF0C7FB204610BD00BFDFED8F7AC5
:106DE0002DE9F04F2DED028B60EE278A89B007EE7A
:106DF000903A984600910446B0EE680A0592B8EEC3
:106E0000E78A08F039FCF0EE407AB0EE680A68EEE6
:106E1000277AFDEEE77ACDED037A08F029FB28EE1C
:106E2000000A0099B8F1000FADF81E10FDEEC07A0F
:106E3000CDED047A40F3C2800023039ADFF8E0919D
:106E400000929B461F461A46CDED027A0193D51A51
:106E5000002DB8BF6D429A422BD000F3B18028DAE2
:106E60000026DFF8C0A12368DB6A534540F0978015
:106E700004EB41014FF6FF73B1F8E4129942ADF80B
:106E80001E100CD00136B54202D112E0B5420EDD23
:106E900004EB41010136B1F8E4129942F6D1002029
:106EA000059B198009B0BDEC028BBDE8F08FADF8F1
:106EB0001E100137B84500F08180009B93FBF8FA63
:106EC000AAEB0B06002EB8BF7642DA454AD01FDC8B
:106ED00048DA0025DFF850B123681B6B5B4552D1BF
:106EE00004EB41014FF6FF73B1F894139942ADF8EA
:106EF0001E10D4D00135AE4202D133E0AE423FDDA8
:106F000004EB41010135B1F894139942F6D1C6E77B
:106F10000025DFF818B123685B6B5B4517D104EBE4
:106F200041014FF6FF73B1F844149942ADF81E10B9
:106F3000B5D00135B54202D114E0AE4220DD04EBFC
:106F400041010135B1F844149942F6D1A7E70DF19A
:106F50001E0220460135984700285BD0B542BDF897
:106F60001E10D8D1DDE900230398D346049D0244C6
:106F70000298009290FBF8F22844CDE9012066E7E0
:106F8000ADF81E10EEE70DF11E02204601359847C0
:106F900000283FD0AE42BDF81E109DD1E2E70DF1B2
:106FA0001E02204601369847A0B3B542BDF81E1018
:106FB0007FF459AF0137B8457FF47FAF01206FE709
:106FC000002623689B6A4B4519D104EB41014FF61B
:106FD000FF73B1F834129942ADF81E103FF45FAF61
:106FE0000136AE4203D164E7AE42BFF660AF04EBB8
:106FF00041010136B1F834129942F5D14FE70DF154
:107000001E0220460136984720B1AE42BDF81E1040
:10701000D7D14EE7BDF81E10002041E735FA8E3C6F
:107020007D08000095080000AD080000C5080000BC
:10703000DFED937A2DE9F04F2DED028B60EE278A7C
:1070400089B007EE903A984600910446B0EE680A7F
:107050000592B8EEE78A08F00FFBF0EE407AB0EE4A
:10706000680A68EE277AFDEEE77ACDED037A08F03C
:10707000FFF928EE000A0099B8F1000FADF81E10D4
:10708000FDEEC07ACDED047A40F3C8800023039A68
:10709000DFF8F09100929B461F461A46CDED027A2A
:1070A0000193D51A002DB8BF6D429A422DD000F33E
:1070B000B7802ADA0026DFF8D0A12368DB6A5345BF
:1070C00040F09D8042F210034FF6FF72194404EB2A
:1070D000410189889142ADF81E100CD00136B542AD
:1070E00002D112E0B5420EDD1944013604EB410134
:1070F00089889142F6D10020059B198009B0BDEC2A
:10710000028BBDE8F08FADF81E100137B84500F0D6
:107110008580009B93FBF8FAAAEB0B06002EB8BF04
:107120007642DA454ED021DC4CDA0025DFF85CB13E
:1071300023681B6B5B4556D142F610034FF6FF7276
:10714000194404EB410189889142ADF81E10D2D058
:107150000135AE4202D135E0AE4241DD1944013580
:1071600004EB410189889142F6D1C4E70025DFF89C
:1071700020B123685B6B5B4519D143F210034FF6D6
:10718000FF72194404EB410189889142ADF81E1049
:10719000B1D00135B54202D114E0AE4220DD194430
:1071A000013504EB410189889142F6D1A3E70DF145
:1071B0001E0220460135984700285DD0B542BDF833
:1071C0001E10D6D1DDE900230398D346049D024466
:1071D0000298009290FBF8F22844CDE9012060E784
:1071E000ADF81E10EEE70DF11E022046013598475E
:1071F000002841D0AE42BDF81E1099D1E2E70DF152
:107200001E02204601369847B0B3B542BDF81E10A5
:107210007FF453AF0137B8457FF47BAF01206BE7B4
:10722000002623689B6A4B451BD141F610034FF69D
:10723000FF72194404EB410189889142ADF81E1098
:107240003FF459AF0136AE4203D15EE7AE42BFF61E
:107250005AAF1944013604EB410189889142F5D1B6
:1072600049E70DF11E0220460136984720B1AE4293
:10727000BDF81E10D5D148E7BDF81E1000203BE731
:1072800035FA8E3C590F0000750F0000910F000079
:10729000AD0F00002DE9F04FDFF8A493D9F87C1072
:1072A000D9F8843099422DED028B85B000F01D8114
:1072B000DFF890A309F5306409F5DC68D9F880207F
:1072C000002513444FF4327289F8D85693FBF1F03D
:1072D00001FB1033D9F8041B02FB03F29AF80D30BE
:1072E000039102928A180192002B40F0CE81D9F8C6
:1072F000D476002F00F0AA81CA4D00269AF80E30ED
:10730000002B00F025813B68C7485A699AF80F1096
:10731000824240F01B81B9755B68AB4240F01D8131
:1073200097F83E30BBB197F83D3097F83C20DBB280
:10733000D2B287F83D2087F83C3097F83D2097F887
:107340003C300832083357F8222057F8233087F8AA
:107350003E60C7E90632B54AF96A97F8280002F597
:10736000007C023932F8023F00FB03F394454FEAF8
:10737000232321F8023FF5D17F68002FBED1D9F831
:10738000DC36D9F8D456D90799F8D8668AF80E7041
:107390000DD4A74B002203F5846143F8042C43E984
:1073A00003220C338B42F8D10123C9F8DC364FF4A9
:1073B00084620021404608F0F1FE002D00F0558166
:1073C000B3B29C4F08EE103A2B68D3F808B0BB4517
:1073D00040F0B1806989EB6906FB01F2E87D02EBC0
:1073E00042021344002840F08580C9B101EB4101FD
:1073F000914A03EB010C033313F802EC13F8010C70
:10740000063213F8031C4FEA0E2E00029C454FEA89
:10741000012122F804EC22F8020C22F8061CEAD121
:107420006D68002DD0D199F8D816D9F8002B834873
:10743000002E40F09980C2F1FF024FF0FF35DDE9E8
:107440000273C2EB4212DE513346019EC6F8C452AB
:1074500080FB0250D5170244C5EBE215EDB20133B3
:10746000019A754F02EB830CBE884FF0000E7888AE
:1074700037F8062BB042034605FB00F038BF334611
:1074800005FB06F6934238BF134605FB02F2BC42E9
:1074900005FB03F34FEA234303F10103B6FBF3F6C5
:1074A000B0FBF3F0B2FBF3F263F01F034FEA2626C2
:1074B0004FEA202063F3070E4FEA222266F30F2ED5
:1074C00060F3174E62F31F6E4CF804EBCCD14B1CEB
:1074D000DBB289F8D836002B40F09680D9F884309A
:1074E000D9F87C108B427FF4E9AE05B0BDEC028B7D
:1074F000BDE8F08F002993D001EB4101E86A4E4AC4
:10750000194413F803CB063230F81CB08B4213F841
:1075100002CC30F81CE013F801CC30F81CC022F883
:1075200006BC22F804EC22F802CCEAD16D68002DEA
:107530007FF44AAF77E728460023424618EE101A38
:10754000D8476D68002D7FF43FAF6CE73846904711
:107550003B685B68AB423FF4E3AE384698477F68D0
:10756000002F7FF4CBAE0AE7C2F1FF02B023C2EBDB
:10757000421206FB03F380FB0250D5170244C5EB11
:10758000E215F207EDB27FF56AAFB033019A2A4FE8
:1075900002EB830CBE884FF0000E7888334637F834
:1075A000062B864205FB06F638BF034605FB00F0B6
:1075B000934238BF134605FB02F2BC4205FB03F3BE
:1075C0004FEA234303F10103B6FBF3F6B0FBF3F0FC
:1075D000B2FBF3F263F01F034FEA26264FEA2020A6
:1075E00063F3070E4FEA222266F30F2E60F3174E65
:1075F00062F31F6E4CF804E9CCD14B1CDBB289F866
:10760000D836002B3FF46AAFD9F884300022D9F87D
:107610007C1089F8D8268B4229D00133C9F88430F0
:1076200060E700BFA116000075160000F62000609C
:10763000AC3D0020E5150000A03D00208180808049
:10764000C0360020E82A00208AF80D70D9F8DC3610
:10765000002199F8D86613F001038AF80E1033D090
:107660004FF48462404608F099FD3146DDE6D9F8D2
:107670008020013292FBF3F103FB1122C9F8802034
:1076800005B0BDEC028BBDE8F08FD9F8D476002FA1
:10769000DAD00E4E3B681B69B3420BD1D7F80A30E3
:1076A0003D72C7F812307F68002FF3D100238AF8AB
:1076B0000D301CE63846002198477F68002FE9D13D
:1076C00000238AF80D3012E61D4662E679160000A6
:1076D0005B4B2DE9F04FD3F89C50D3F8A4402DED2F
:1076E000028BAC4299B0149000F0A580544BD3F8B3
:1076F000103B129301231393129B002B00F0C783BE
:107700004F4A4FF45260D2F8A030916B2344D2F824
:10771000182B93FBF5F405FB143312F0010200FB68
:10772000031307930DD1474B03F5407143F8042C25
:1077300043E903220C339942F8D10123404AC2F8AD
:10774000183B3F4BD3F81C2E12F001020ED103F66A
:107750002C6303F5407143F8042C43E903220C33F6
:107760009942F8D10123364AC2F81C3E4FF44072C8
:107770000021354808F012FD4FF4407200213348D3
:1077800008F00CFD2E4BD3F8085B002D00F025848B
:10779000129ADFF8B4A093B23032DFF8B4B008EE3A
:1077A000103A103390469BB208EE903A1CE02846FF
:1077B0001C46FEF7E5F94A4639462846FEF7E0F949
:1077C0007EB904F5C07418EE101A28460AEB0402BC
:1077D000FEF7D6F91D4B18EE901A28461A19FEF737
:1077E000CFF96D68002D35D01FFA88F7DFF85C906F
:1077F00000262968A7F1100206EB46038C6891B2B7
:107800000AEBC3125C454FEAC313D0D028460023CD
:10781000A0472B684A4639469C68284600235C45A9
:1078200000F00884203FA047002EDAD1BFB209F54E
:10783000C0790126DDE719B0BDEC028BBDE8F08F01
:10784000C0360020E8410020DC410020E044002058
:10785000E515000019494FF45260D1E9283213446C
:10786000D1F89C20896B93FBF2F402FB143300FBEC
:1078700003131793124B134A93F8281093F82B0015
:107880000F9193F8291093F82C9093F82D80029182
:1078900093F82A10A2F5C27315920E930023059156
:1078A00016930890CDE910980E9BA3F5C07304932E
:1078B000169B08330693159B039305E0C036002002
:1078C000B8470020E044002004990B88063131F8C5
:1078D000042C31F8026C03F0100002F01004049143
:1078E000019602F400650F9902F4804B029E8840D5
:1078F000B440B54044EA000802F0200403F0200040
:10790000B440884044EA000C02F0400403F0400018
:10791000B440884044EA000E02F0800403F0800086
:10792000B440884044EA000702F4807403F4807095
:10793000B4408840204302F40074099003F40070BE
:10794000B4408840044303F480600A9402F48064E5
:107950008840B440044303F400608840284302F4A4
:1079600080550B9003F48050B54002F400568840D7
:1079700022F4FF422843029D22F07F02AE4003F42E
:1079800000558D4046EA0509029E03F4804523F424
:10799000FF43B2400BFA06FB23F07F03019E8D40AC
:1079A000CDF830908B4006F0100A059906F02009BA
:1079B0004BEA050B099D0AFA01FA09FA01F913438A
:1079C000039A48EA0A0A06F040084CEA090906F454
:1079D000807C08FA01F812880CFA01FC4EEA0808CB
:1079E00006F0800E45EA0C0C0A9D0EFA01FE47EAED
:1079F0000E0E06F400778F402F43354606F480665E
:107A000005F400658E408D4026430B9C2543019C68
:107A100004F480548C4020430C9C0990019800F49D
:107A20000050884001992043059C0A9001F4804051
:107A300021F4FF41A04021F07F014BEA0000A1406A
:107A4000089C019043EA010B02F01001039BA14046
:107A50005B884AEA010A02F020010998A14049EA3C
:107A6000010902F04001A14048EA010802F080014A
:107A7000A1404EEA010E02F48071A1404CEA010CD3
:107A800002F40071A1400F4302F48061A1400E4353
:107A900002F40061A1400D4302F48051A14008436B
:107AA00002F400510B90A14020460A9C2143019C06
:107AB0000C9102F4804122F4FF42814022F07F02C7
:107AC0002143109C824003984BEA020B063030F8A9
:107AD000022C039003F01000A0404AEA000003F0DB
:107AE000200A0AFA04FA49EA0A0A03F0400909FAE4
:107AF00004F948EA090903F0800808FA04F84EEA94
:107B0000080803F4807E0EFA04FE4CEA0E0E03F41D
:107B1000007C0CFA04FC47EA0C07019703F4806729
:107B2000A7403E43099603F40066A64045EA0607CF
:107B300003F480552646A5400B9C0A972C433546F6
:107B40000B9403F40054B4400C9E264303F4804489
:107B500023F4FF43AC400C9623F07F0341EA040C6E
:107B60001199AB40019DCDF834C04BEA030B02F0F4
:107B700010038B401843DDE90634C0F30F1024F8DE
:107B8000130002F020030A988B404AEA030A02F02D
:107B900040038B40CAF34F1A49EA030902F08003FD
:107BA0008B40C9F38F1948EA030C02F480738B40B1
:107BB000CCF3CF1C4EEA030702F4007302F4804EAC
:107BC0008B40C7F30F2745EA030602F48063099D43
:107BD0008B40C6F34F261D4302F400638B40C5F370
:107BE0008F2540EA030402F480500B46C4F3CF24EF
:107BF000884002F4005122F4FF4201940EFA03FE81
:107C00000B9C994022F07F02204302FA03F3C0F359
:107C10000F380C984BEA030301430D98C3F3CF339D
:107C200040EA0E0EC1F34F31DDE90604CEF38F3288
:107C300004EB400EAEF818A1AEF83092AEF848C38F
:107C4000019CAEF86074AEF87865AEF89056AEF868
:107C5000A847AEF8C088AEF8D819AEF8F02AAEF84A
:107C6000083C431C049906930E9B99427FF42CAE6A
:107C7000169B159A403302F5C072802B169315920D
:107C800001F5C0720E927FF40FAEC549079B129AA0
:107C9000C3F81021179AB1F84E30A2F81631B1F896
:107CA0004C30A2F81431B1F85230A2F82E32B1F8AB
:107CB0005030A2F82C32B1F85630A2F84633B1F861
:107CC0005430A2F84433B1F85A30A2F85E34B1F817
:107CD0005830A2F85C34B1F85E30A2F87635B1F8CD
:107CE0005C30A2F87435B1F86230A2F88E36B1F883
:107CF0006030A2F88C36B1F86630A2F8A637B1F839
:107D00006430A2F8A437B1F86A30A2F8BE38B1F8EE
:107D10006830A2F8BC38B1F86E30A2F8D639B1F8A4
:107D20006C30A2F8D439B1F87230A2F8EE3AB1F85A
:107D30007030A2F8EC3AB1F87630A2F8063CB1F80F
:107D40007430A2F8043CB1F87A30A2F81E3DB1F8C4
:107D50007830A2F81C3D134622F01F0203F552634F
:107D6000BFF34F8F4FF0E021C1F8682F20329342CC
:107D7000FAD8BFF34F8FBFF36F8F894BD3F8A4406E
:107D8000D3F89C50AC4200F0E0800134844BC3F83F
:107D9000A440834AD2F8103B01330F2B129300F218
:107DA000CE80C2F8103B7E4B93F83030002B49D088
:107DB0007C4E7D4A33685B08A2FB03237B4ADB0BC6
:107DC000DB01A2FB0323328ADB0901339A4200F272
:107DD000F780774B4FF45266714F186B93F834204D
:107DE0004FF48073D7F8A0109340B0F8882103F4C3
:107DF000706392B222EA0302A0F88821BA6B06FBF4
:107E000001224FF48A76D7F8A81002EB060CD7F8B7
:107E10008C70C1F800C03A608A8B614F22F08002FA
:107E2000CE601204120C8A838A8B92B242F0200236
:107E30008A83B0F8882192B21343A0F888310023D6
:107E400087F83030A5423FF4F6AC139B0133DBB228
:107E5000062B13937FF450AC149B002B40F0B8809A
:107E6000504E514A33685B08A2FB03234F4ADB0B99
:107E7000DB01A2FB0323328ADB0901339A4200F2C1
:107E8000CB80149B1393129B002B7FF439AC454E8F
:107E9000F37C002B40F0A480414BD3F8087B002FEB
:107EA0003DD0444D0024B37C002B5BD03B6842485E
:107EB0005A69317C824253D1B9755B68AB4255D166
:107EC00097F83E30BBB197F83D3097F83C20DBB2D5
:107ED000D2B287F83D2087F83C3097F83D30083320
:107EE00057F82330FB6197F83C30083357F82330BC
:107EF00087F83E40BB61314AF96A97F8280002F5DD
:107F0000007C023932F8023F00FB03F394454FEA4C
:107F1000232321F8023FF5D17F68002FC3D1204BE6
:107F2000002493F80C3BB47433BB1D4BD3F8102BD7
:107F3000D3F8A440D3F89C501292FFF7E1BB002382
:107F4000174A1293C2F8103B2DE71946D3F8A03018
:107F5000013393FBF4F204FB1233C1F8A03018E7AD
:107F6000384690473B685B68AB42A9D03846984793
:107F70007F68002F97D1D2E7094A92F8143B154643
:107F8000C3F1FF039364FCF767F9D5F8102B85F86C
:107F90000C4B1292D5F8A440D5F89C50FFF7B0BB1B
:107FA000C0360020E82A00200180008009800008F7
:107FB000B8470020A116000075160000F6200060EA
:107FC000013A90B23082FCF707FC0123B37400E75A
:107FD0000023CDE91333FFF78FBB079B179349E4C9
:107FE0001A4BD3F8084B14B3129F194D23681B6921
:107FF000AB420AD1D4F80A302772C4F81230646850
:10800000002CF3D10023F37446E720460021984763
:108010006468002CEAD1F5E7013A90B23082FCF7AF
:10802000DBFB0123B374149B1393FFF765BB129B17
:10803000F37474E7FDF7A4FD002E7FF4D2AB203F6C
:1080400009F5C079BFB2FFF7F4BB00BFC03600200E
:10805000791600002DE9F84F5A4D4468B5F8A07222
:10806000C4F30E44C6693C1B002C29DD95F8D120D1
:1080700095F8D010D3B28A420AD0EA1892F8D40008
:1080800005EB4009B9F88481C8F50072944251D9D2
:108090000133002205EB4601082BA1F8E02094BF34
:1080A000DAB21346A1F8844185F8D1202B44D5F8E3
:1080B000802183F8D4601444C5F88041BDE8F88F6E
:1080C0004FF0E0244FF4003305F5D0714FF0010C70
:1080D000C4F88C3175013C4B01EB461241F805C0E8
:1080E000380403EB4623D66140F0800003F580514D
:1080F0001F445060D16003F500519360116103F596
:108100004051516103F580419161BFF34F8FC4F835
:108110005C3F20339F42FAD8BFF34F8FBFF36F8F7E
:1081200008212A48FCF7B8FF4FF40033C4F80C319B
:10813000BDE8F88F244B08EB40202246A04403EB17
:10814000462B18444FF0E02A594608F09BFDD5F81D
:10815000802105F5D071A9F8848122444FF40034C0
:1081600038045B46C5F880210125CAF88C417401AA
:1081700001EB461240F080000D510BF580515F4439
:108180005060D1600BF50051D66111610BF5405183
:10819000C2F808B051610BF580419161BFF34F8F78
:1081A000CAF85C3F20339F42FAD8BFF34F8FBFF32A
:1081B0006F8F08210548FCF76FFF4FF40033CAF8B2
:1081C0000C317BE7C0360020802020208001002079
:1081D0002DE9F04F4FF0E0234D4D4FF4003285B0C4
:1081E000DFF8309105F5D078C3F88C2195F8D040B0
:1081F00095F8D130E4B2DFF820A1A3427CD001345D
:10820000092C28BF00242B1993F8D47005EB4703E1
:10821000B3F8E010B3F884B1ABEB010BBBF1010F85
:1082200018D9D5F8802101EB47273A480131013AA6
:10823000C05DA3F8E010C5F880218DF80F004FF065
:10824000E0234FF40032C3F80C219DF80F0005B075
:10825000BDE8F08F01EB47215A467B020DF10F007C
:1082600049444FF0E026019308F00CFDD5F880C199
:10827000E0B2B5F8A01208EB4712ACEB0B0C019B77
:108280004FF0010EC5F880C14B4485F8D0004FF483
:1082900000304FEA471CC6F88C01080448F80CE08F
:1082A000194440F08000D76103F500579360506097
:1082B00003F58050D06003F54050C2E9047003F527
:1082C00080409061BFF34F8FC6F85C3F20339942E6
:1082D000FAD8BFF34F8FBFF36F8F08215046FCF7DA
:1082E000DBFE4FF40033C6F80C31BBF1000FA6D112
:1082F00095F8D130A34282D14FF0E0234FF4003201
:108300004FF0FF30C3F80C2105B0BDE8F08F00BF7F
:10831000C0360020802020208001002038B5B0F831
:1083200030410CB9204638BD90F82F310546C3F1D5
:108330008904A2420DD8144605F1A500224618442E
:1083400008F0A0FC95F82F312046234485F82F3102
:1083500038BD01224260EFE7437D2DE9F04F04462E
:1083600087B0002B00F02A81227DB74B002A00F055
:108370004581217C627CE068C2F1FF02012583F81F
:10838000141BC3F8002B002702684FF01F0983F865
:108390000C5B4FF03F081068DFF8B4B203689B69CC
:1083A0009847E36805461B68586803689B699847C7
:1083B000E36802901B68986803689B69984703907C
:1083C000002429E0BBF842000CFB0033DBF850002E
:1083D00003EB4303C654034483F801A09A70C4F12D
:1083E0003F00814215DDBBF84C104346884510DA4A
:1083F0009BF84010002944D1BBF8421001FB030355
:10840000DBF8501003EB4303CE540B4483F801A078
:108410009A700134402C6BD039192B68284689B2E8
:108420001B69019198472B68024601991B692846F0
:10843000167898472B680246019928461B6992F8DE
:1084400001A09847BBF84A10234682788C42C6DACE
:10845000BBF84C00CC468145C1DA9BF840000028AF
:10846000B0D002281AD00128BBF842003AD0BBF89D
:1084700044C04B460CF1FF3CACEB040C0FFA8CFCF7
:10848000A2E7022918D0012924D0BBF84430BBF858
:108490004210013B1B1A40461BB2AFE7BBF842003B
:1084A000BBF844C0431E0CF1FF3C1B1BACEB090C9A
:1084B0001BB20FFA8CFC87E7BBF84210BBF84430C4
:1084C00001F1FF3C013BACEB0000A3EB080300B261
:1084D0001BB293E7BBF842100346481EA0EB08000E
:1084E00000B28BE7431EA446A3EB09031BB26BE764
:1084F00008F1FF38403709F1FF39B8F11F0FBFB25B
:108500007FF45EAF9BF8763003F0FF05002BF9D1C6
:108510000123DDE902678BF87630ACB23368304670
:1085200021461B6998473368024621461B6930463D
:1085300092F80090984733680246214630461B69FE
:1085400092F8018098473B682146827838461B693B
:108550008DF814908DF815808DF8162098473B689B
:10856000024621461B69384692F8009098473B68BE
:108570000246214638461B6992F801809847034617
:1085800005A928B28DF810909B7801358DF81180DF
:108590008DF8123006F038F804F1580004A900B242
:1085A00006F032F8582DB8D19BF8B630002BFBD12D
:1085B00001238BF8B63007B0BDE8F08F0121224BC4
:1085C000417553E8002F5A68986843E80015002D5C
:1085D000F7D11E494968091A4FF47A7000FB02F27C
:1085E000D868A1FB0010B0F57A7F94BF121802F58D
:1085F0007A72A260227D002A7FF4BBAE012553E887
:10860000002F5A68986843E800510029F7D10F49B4
:108610004968091AD868A1FB00104FF47A7101FB70
:1086200002F2884294BF12185218D4E90110014492
:1086300091420FD8227D002A7FF49BAEA17CE27C80
:1086400025752174627496E6C0360020001000E0A3
:10865000B8470020012153E8002F5A68986843E882
:108660000015002DF7D11F494968091A4FF47A7097
:10867000A57C00FB02F2A068121AD868A1FB0010CA
:108680006168B0F57A7F94BF121802F57A7205FB23
:1086900002F2B2FBF1F20121227453E8002F5A6872
:1086A000986843E80015002DF7D10E494968091A6A
:1086B0004FF47A70E57C00FB02F2A068121AD868C9
:1086C000A1FB00106168B0F57A7F94BF121802F523
:1086D0007A7205FB02F2B2FBF1F2D2B2217C627433
:1086E00049E600BF001000E0174BD0E9002110B4AC
:1086F0009A4215D00B684C681868144A20EA0400A6
:108700005DF8044B1860106A40F4C0101062906A63
:1087100020F00E2090621A6849680A431A60704778
:108720000A684C681368094823EA04035DF8044B9F
:108730001360036B23F4FF4343F4C07303631368B4
:1087400049680B431360704700C01A4000C00F40D7
:108750002DE9F843AF4CB04E94F8ED70D6F8808018
:10876000D6F8045B27B1022F40F0A380BDE8F88360
:1087700008200DF0EFFEFDF743FAC4F8F4000820DE
:108780000DF0E8FE8146FDF73BFA06F53073C4F8BC
:10879000F800D4F8E00098420BD006F53873984200
:1087A00000F0688106F54077B84214BF4FF0FF37FC
:1087B000022799F804204FF0000C984B9A76D4F8D1
:1087C000D810D9F80030B1F1804F1960A3F804C077
:1087D00083F807C080F0088101219960998B89B2E4
:1087E00041F0080199830021D96094F8EBC0BCF1F5
:1087F000030F00F209814168614491F810C00CF048
:108800007F0C4CF0004C11B2DFF81CE24FF0000975
:108810004EF821904EF821C0814901EB5211890098
:10882000002F00F0D08002F01F0C01271032DFF87B
:1088300018E207FA0CF7DFF808C24CF822E0794A90
:108840000F60C6F8A8229A8BD4F8DC1092B2734F4E
:10885000B1F1804F42F002029A83D4F8F4301A79D1
:10886000BA764FF000071B6819619F829F7101D390
:10887000996809B901219960998B89B241F0080181
:1088800099830021996194F8E930032B00F2BF80AD
:1088900041680B44197C01F07F0141F0004113B2A3
:1088A0000020614A42F8230042F82310012384F893
:1088B000ED30EFF3108272B65C4B93F8311051B18A
:1088C00093F83010012900F09480032900F0C08053
:1088D000002183F8311002B962B6D4F8F4604FF485
:1088E00032700021336800FB0852C4F8F01099710F
:1088F000002A54D04E4DD971D960AA424FF00101DF
:108900001A60D8839980D88299600FD922F01F030A
:108910000244BFF34F8F4FF0E021C1F8683F20338E
:108920009A42FAD8BFF34F8FBFF36F8FD4F8F81085
:10893000002240480B68B0F1804FDA7118619A82CA
:108940009A7129D39A683AB30A680020D18B98614A
:108950000B0403D44FF43273D383D382364BC4F861
:10896000FC30FCF757FDD4F8E01094F8EA200968D1
:1089700094F8EC30D4F8F80013430A6B1343274AF9
:108980000B630221D4F8F4300079D0761B7984F897
:10899000ED10D376BDE8F88301229A60D4E7274929
:1089A0009A80B1F1804FDA7119602AD39A6842B384
:1089B00032680020D18BD8600904B7D44FF43273E9
:1089C000D383D382B2E702F01F0E012702F1100C0D
:1089D0001B4A07FA0EF7DFF874E042F82CE0114A60
:1089E0000F60C6F8A4222EE7996800297FF4F6AE3E
:1089F000F2E6D3E90A01002939D04861A0B38161C8
:108A000066E701229A60D3E7DFF838C0FBE60D493C
:108A100045E700BFB8470020C036002000800E4068
:108A2000403800387048002000C00E40E82A00207E
:108A3000FFFF1F20B8480020FC2A002084480020A7
:108A4000003400207F000080692B00005D2A0000B8
:108A5000D3E90A0129B148610028D0D1C6F8C41071
:108A600036E7C6F8C000F7E7C6F8BC1030E7C6F82E
:108A7000B800C3E701279CE6D1ED0A7AF5EE407A0B
:108A800070B5F1EE10FA96680C4605462DED048B94
:108A9000D2ED008A8EB092ED018ACDED008A8DED87
:108AA000018A029646D128EE080AA8EEA80AB5EE79
:108AB000400AF1EE10FA6FD4B1EEC09AF0EE680AF7
:108AC000B0EE480A06F0A2FCF0EE407AD4ED086A57
:108AD000B7EEC90A9FED367A67EEA67AD4ED098A19
:108AE0009FED311B87EE878A06F0D2F9237B28465B
:108AF000626807EE903AB7EEC00BF8EEE77AB0EE98
:108B0000487AA8EE807AFBFE476A37EE667A67EE0F
:108B1000877AFBFE677AFDEEE77A17EE903A03EB71
:108B20004303D118D25A8B782A80AB700EB0BDECBB
:108B3000048B70BD1F4A002307A903A8079308935D
:108B4000B2F80431CDED097AADF82830D2F8083109
:108B50000B93D2F80C310C93D2F810310D9304F032
:108B6000F9FD94ED057A03A9D4ED047A07A838EE4F
:108B7000478A6A4678EEE78A02968DED018ACDED46
:108B8000008AFDF72DFDDDED078A9DED088ACDED0C
:108B9000008A8DED018A86E706F058F9B0EE409A1A
:108BA0008CE700BFAFF30080000000403333D33FB9
:108BB000DB0F4940B847002030B583B00446283168
:108BC000069D0095FFF758FF204603B030BD00BF5B
:108BD0002DE9F04FDFF83C9385B0D9F8443101938B
:108BE000C9F84431DB0752D5D9F8AC31002B49D054
:108BF000DFF824A3DFF848B30AF5AA7202F5805221
:108C00000292C9F8AC31DBE90A20D9F8403143F4CB
:108C10000053C9F84031D9F840319E04F5D5D9F850
:108C2000403123F40053C9F840314FF00113C9F823
:108C3000B431D9F8B46116F00116FAD193B2CAF87A
:108C40001461B3F5086F00F07B8300F24A8140F2B3
:108C500002318B4200F0448300F20F81822B00F03E
:108C6000C382B3F5817F40F0C18010F0780F83B2EA
:108C700000F0EA834FF00113C9F8C031D9F8AC31E4
:108C8000002BBED1A34BD3F8BC51002D47D1019B83
:108C90005F0615D59F4AD2F8AC31C2F8AC31D2F894
:108CA000BC31C2F8BC31D2F8B031002BFBD14FF04F
:108CB000FF309949C2F8B401D2F88421C1F84C318F
:108CC000019BDC0104D5944BD3F8503103B1984794
:108CD000019B580709D58F4BD3F8843113F40073E7
:108CE00019D08D4B012283F848218A4BD3F84821B3
:108CF00011060DD5019A12060AD5874991F8A921C6
:108D000032B1013AD2B281F8A921002A00F082845E
:108D100005B0BDE8F08F804A82F84831E5E7DFF81A
:108D2000F8A1C3F8BC51DAF81421154240F0B88319
:108D3000DAF84C3115EA0309A9D05FEA194728D0BF
:108D4000DFF8FCB14FF0010897FAA7F5B5FA85F501
:108D50000BEBC51ADAF870600AF1400AAEB1324680
:108D6000002404E012680134012A00F0EE83536805
:108D700013F08003F6D0CAF8302034B13046DAF868
:108D8000383036689847013CF8D108FA05F5AF430A
:108D9000DAD11FFA89F5002D3FF479AFDFF8A0B1E1
:108DA0004FF0010895FAA5F6B6FA86F60BEBC61950
:108DB000D9F83070AFB13A46002404E012680134AB
:108DC000012A00F0C583536813F08003F6D0C9F878
:108DD000302034B13846D9F838303F689847013CE4
:108DE000F8D108FA06F6B543DCD150E7802B7FF4C2
:108DF00041AF4A4B0122AAF85461CAF87031029B74
:108E0000CAF86821CAF87431454A464BCAF86C2141
:108E1000CAF8783103F5805203F50053CBF84C6063
:108E2000CAF87C21CAF880313F4BCBF84830D9F8DA
:108E3000B03143F48033C9F8B031D9F8B031002BE8
:108E4000FBD1CAF83031CBF80C300123CAF82831F5
:108E50008023CAF82C31354BCBF808304FF0011382
:108E6000C9F8BC31D9F8B03143F00103C9F8B031C9
:108E7000D9F8B031002BFBD100E7B3F5A06F00F0BB
:108E80009181A3F5D063012B3FF6F4AE86B2150CA9
:108E90002749284B04E019690C3300293FF4EAAE56
:108EA0001A88AA42F7D15A88B242F4D12A0A032A70
:108EB00000F02C831E89000C864228BF0646B5F5BB
:108EC000007F40F028831C4B32469AF8484103F15A
:108ED00064011A48002C08BF1946184C07F0D2FE4E
:108EE0003EE342F221218B4200F083802AD942F2F4
:108EF00021318B4200F087804FF6C0018B427FF416
:108F0000B9AE10F47F4F86B27FF4B4AE46F46E462D
:108F1000BDE700BF00002E40B84700200C490020EC
:108F2000800002000C69002020490020E048002059
:108F30001C2B0020181D0020F822006000002020BB
:108F400000000020B3F5106F7AD042F221018B426D
:108F50007FF490AE030C072B7FF48CAECD4BCBF897
:108F60000C60CAF87031CAE964200122CAF868218D
:108F7000C94ACAF86C2103F58052CAF8742103F576
:108F80000052CAF8782103F54052CAF87C2103F553
:108F90008042303BCAF88021CBF80830D9F8B03194
:108FA00043F00103C9F8B031D9F8B031002BFBD13F
:108FB000CAF83031CBF84C300123CAF8283148F2D6
:108FC0008003CAF82C31B54BCBF848304FF0011371
:108FD000C9F8BC31D9F8B03143F48033C9F8B031A5
:108FE0004FF48033CAF81431D9F8B031002BFBD1DB
:108FF00044E680B238B9AA4BC2F307425B68CAF8AC
:1090000088318AF88C210023CAF83031CBF84C30F3
:109010000123CAF828318023CAF82C319F4BCBF8A2
:1090200048304FF00113C9F8BC31D9F8B03143F4DE
:109030008033C9F8B031D9F8B031002BFBD11DE62F
:109040009748C2F30742974B314680F8F020074615
:10905000C9F8C8318022944B00F58070B046C9F839
:10906000CC31924BC9F8D0319AF84831002B15BF5A
:109070004FF4007440244FF000734FF4800314BF8A
:109080004FF008554FF001550393A7F8A042AAF8F6
:109090004A4107F083F831464FF4807207F5D070EB
:1090A00087F8F560A7F8F26007F078F83146C7F85E
:1090B0008461C7F8E0603C22C7F89061C7F8EC60B3
:1090C0007B4887F8D16087F8D060C7F88061C7E92E
:1090D0006266C7E9396607F061F80122754B3146CF
:1090E000CBF848213C227448CBF8403107F056F8C1
:1090F000DAF84C3101223146704843F00803CBF8CE
:1091000088213C22CBF88051CAF84C3107F5D07544
:109110006B4B4FF0E0266B4FCBF8B83107F03EF8C1
:10912000039B22464446CBF840320123CBF8483219
:109130004FF40033C6F88C310123AF602B60130469
:10914000EC613A4443F080036B6007F58053EB60B9
:1091500007F500532B6107F540536B6107F580431A
:10916000AB61BFF34F8F3B46C6F85C3F20339A425A
:10917000FAD8BFF34F8FBFF36F8F082101342A460F
:109180005148FBF789FF4FF400338C4207F5007715
:1091900005F12005C6F80C3100F01981404BB3F8F9
:1091A000A022C5E70123CAF83061CBF84C60CAF8A9
:1091B00028318023CAF82C31384BCBF848304FF097
:1091C0000113C9F8BC31D9F8B03143F48033C9F880
:1091D000B031D9F8B031002BFBD1130C5B0643F052
:1091E0008073C9F8543149E583B210F078007FF4F8
:1091F00041AD364903F07F0251F822201906AAF842
:10920000540100F19B81D70700F19B81304B012273
:10921000CAF87031029BCAF86821CAF874312D4A25
:109220002D4BCAF86C21CAF8783103F5805203F54A
:109230000053CAF87C21CAF88031284BCBF848305B
:109240000023CBF84C30D9F8B03143F48033C9F85F
:10925000B031D9F8B031002BFBD1CAF83031CBF89E
:109260000C300123CAF828318023CAF82C310B4B6B
:10927000CBF808304FF00113C9F8BC31D9F8B03140
:1092800043F00103C9F8B031D9F8B031002BFBD15C
:10929000F4E400BF5049002080000700E0480020AF
:1092A000C03600200200CC00C80002000200C80046
:1092B000440100200000102084010020440200200E
:1092C000655500008020202080010020C0012E4034
:1092D0000C490020800002000C6900202049002079
:1092E00010F0780F83B27FF4C5AC03F07F02D2494F
:1092F00013F0800F51F8223014BF43F4803343F051
:10930000010341F822300023CAF83031CBF84C3049
:109310000123CAF828318023CAF82C31C74BCBF877
:1093200048304FF00113C9F8BC31D9F8B03143F4DB
:109330008033C9F8B031D9F8B031002BFBD19DE4AE
:10934000BF4AC04B92F8F020CAF870318AF8542115
:109350000122029BCAF86821CAF87431BA4ABB4B91
:10936000CAF86C21CAF8783103F5805203F500532E
:10937000CBF84C60CAF87C21CAF88031B44BCBF8EA
:109380004830D9F8B03143F48033C9F8B031D9F856
:10939000B031002BFBD1CAF83031CBF80C300123AF
:1093A000CAF828318023CAF82C31A44BCBF80830F6
:1093B0004FF00113C9F8BC31D9F8B03143F00103C3
:1093C000C9F8B031D9F8B031002BFBD156E4A14B2C
:1093D00000248025A048CAF850314A23C9F88440A7
:1093E0002146C9F880302A46D9F8483143F08073C5
:1093F000C9F8483106F0D2FE984BCAF82C51CBF888
:10940000A03003F13C43CAF8304103F56C23CBF89C
:109410004C4003F56F73CBF8E0300123CAF82831D4
:10942000864BCBF848304FF00113C9F8BC31D9F85E
:10943000B03143F48033C9F8B031CAF81441D9F8D7
:10944000B031002BFBD119E403F07F027A4913F00D
:10945000800F51F8223014BF23F4803323F001032E
:1094600041F822300023CAF83031CBF84C300123C8
:10947000CAF828318023CAF82C31704BCBF8483019
:109480004FF00113C9F8BC31D9F8B03143F480333F
:10949000C9F8B031D9F8B031002BFBD1FFF7EEBBE2
:1094A000BAF8900142F2210100228842CAF8142140
:1094B000DAF894217FF43CAC92B2002A7FF438AC05
:1094C0000AF5CC7292E80300AAF8A41186284FEAA4
:1094D0001141CAF8A0018AF8A6117FF429AC72B62E
:1094E0009AF8A82142F008028AF8A821D3F8482166
:1094F000160606D442F080028021C3F84411C3F856
:10950000482162B650238AF8A93111E4000C0E7884
:10951000864228BF0646B5F5E06F1CD1504B324657
:109520009AF84801A3F164014E4C002808BF19467F
:10953000204607F0A7FB0723637011E0D3037FF5F4
:1095400065AE01238AF8543160E6CAE90C3314E4AD
:10955000C9E90C333DE4434C3246204607F092FB08
:10956000A1194048BFF34F8F4FF0E0220346C2F8E5
:10957000703F20339942FAD8BFF34F8FBFF36F8FFC
:1095800046B333040122CAF8700143F08003CAF8DD
:109590006821CAF86C31344B03F58052CAF8743133
:1095A000CAF8782103F5005203F54053CAF87C212C
:1095B000CAF88031264BCBF848300023CBF84C302A
:1095C000D9F8B03143F48033C9F8B031D9F8B031AB
:1095D000002BFBD101220023CAF828218022CAF8DF
:1095E0003031CAF82C21154ACBF80C30CBF80820C2
:1095F0004FF00112C9F8BC21D9F8B02142F00102A4
:10960000C9F8B021CAF81431D9F8B031002BFBD118
:10961000FFF734BB91F8A82102F0F70281F8A821E6
:109620002AB9D3F8482122F08002C3F848210F4B11
:109630001B6E9B071CD4FBBEC0012E40E0480020DF
:10964000C03600200C490020800001000C69002079
:109650002049002075280000800000205DCFC6B89A
:109660005C230060000020200010202000441F40E8
:1096700072B60B4B00200B4AC3F8400103F1604364
:109680000949A3F55F2311649D46BFF34F8F4FF443
:1096900000130648064ADB6902609B68984700BFD2
:1096A00000002E4000C00A4003002000008020205F
:1096B000000012EB72B6EFF30582664BC3F884200C
:1096C000EFF308804FF0E021634AD1F8284DC3F84A
:1096D0008840D1F82C4DC3F88C40D1F8344DD1F8E6
:1096E000381DC3E924418169C3F89810C169C3F8E2
:1096F0009C10D2F880305B07FBD5D2F880305748F9
:10970000C3F30B235649D0ED6C6A07EE903AD0EDC7
:109710006D5AF8EE666A90ED6E6AF8EEE77A90EDB3
:109720006B7A4C4CB8EE477A4A6A77EEE67A8B6AE7
:1097300067EEA57AC7EE866A77EE667AC4ED287A78
:10974000184614464A6A8B6A8342F9D1A242F7D17D
:10975000404C0B21DB0B4348C4F8801043EA4243E2
:1097600041494FF0FF32414DC4F8A4300368202432
:1097700004305A4002F00103013C01FB03F383EA89
:109780005202F7D1A842F1D1324BC3F8A820BFF35F
:109790004F8F4FF0E0233349354AC3F8701FC3F8A9
:1097A000702FBFF34F8FBFF36F8F324A02253248BD
:1097B000D36E324943F44053D3660560D3693048D1
:1097C00023F07F0343F04003D3618B6883423DD88D
:1097D000294D00214FF0E0234FF0FF322960012690
:1097E000C5F808112749C5F80011C5F80861C3F884
:1097F0008021C3F88421C3F88821C3F88C21C3F8E1
:10980000902101E0FFF7E4F9D5F80C31002BF9D0F5
:109810000134C5F80C614F2CF4D91B4B02201B49B5
:109820004FF00042C1F840015A63D5F80C313BB902
:1098300017481849104A0163D2F80C31002BFAD0AE
:109840004FF0E023144AC3F80C2DFEE7FBF77CFA37
:10985000BEE700BF00FF272000810D40B847002071
:1098600000400D4080FF27202083B8EDA8FF27206F
:10987000A0FF272000C00F4000400840E82A002039
:10988000803DCD0B009F240000900D4000002E4035
:1098900000800F40F100AD0B0400FA05FFF70ABF8E
:1098A0000EB400B582B0064803AA52F8041B019218
:1098B00006F046FC02B05DF804EB03B0704700BF51
:1098C000302B0020F7EE007AD2ED005A9FED357A6A
:1098D00092ED015A75EEE77AF0EEE77AF4EEC77A88
:1098E000F1EE10FA3BD5F0EEC57AD2ED024AF4EE75
:1098F000C77AF1EE10FA35D492ED034AD1ED017A30
:10990000D1ED002A25EE676A91ED023A67EEA56A6D
:10991000D1ED033A24EE677A67EEA47AA2EEA56A47
:10992000E2EE856AA2EEA47AE2EE847AA3EE646A9D
:10993000E3EE046AA3EE257AE3EE457AA3EEC46A69
:10994000E3EEE46AA3EE857AE3EEA57A80ED006AA1
:10995000C0ED016A80ED027AC0ED037A7047D2ED66
:10996000024AC9E7F0EEE47A92ED034AF4EEC77AD0
:10997000F1EE10FAC2D5F0EEC47AF4EEC77AF1EE49
:1099800010FABBD5D1F804C08A68CB68C0F804C00F
:109990008260C36000B5D1F800E0C0F800E05DF877
:1099A00004FB00BF6F12833A1C4A836A02605BB3F8
:1099B000016990F83020013127D0FF2A03D0FC2222
:1099C000197B0A401A7390F83120FF2A03D05A7B82
:1099D00022F001025A7390F83320FF2A03D05A7BF9
:1099E00022F001025A739B681A68904212D05A689A
:1099F000191D90420DD09A6803F10801904208D0D9
:109A0000DA680C33904205D07047FF2ADBD0FE2283
:109A1000D6E70B4600221A60704700BFA41D002045
:109A2000F7EE007A9FED377A10B52DED048B91EDAE
:109A3000008A86B00446D1ED018A78EE677AF0EEAE
:109A4000E77AF4EEC77AF1EE10FA36D5F0EEE87A5E
:109A500091ED029AF4EEC77AF1EE10FA30D4D1ED1E
:109A6000039A28EEA80AA8EE080AA9EE090AA9EEA8
:109A7000A90AB5EE400AF1EE10FA3CD4B1EEC07A74
:109A8000204602A9F7EE006AC6EE877A27EE888A9A
:109A900068EEE78A29EE679A67EEE97A8DED028A29
:109AA000CDED038A8DED049ACDED057AFCF798FD96
:109AB000204606B0BDEC048B10BD91ED029ACEE7B6
:109AC000F0EEC97AD1ED039AF4EEC77AF1EE10FA0E
:109AD000C7D5F0EEE97AF4EEC77AF1EE10FAC0D508
:109AE000106851689368206020466160A36006B0EA
:109AF000BDEC048B10BD019205F0A8F9019AB0EEFF
:109B0000407ABDE76F12833A2DE9F04F824687B065
:109B1000982005910CF01EFD9AED077AF6EE004AAA
:109B2000DAED087A24229AED033A0023DAED042ACA
:109B300000F10801DAED053A73EE075A9AED064A8C
:109B400032EEA75A37EE236A026077EE846A042267
:109B500065EEA45A036125EE245A426026EE246A7B
:109B600080ED053A66EEA46AC0ED062A80ED077A1C
:109B7000C0ED087AC0ED095A80ED0A5A436380EDC2
:109B80000E7AC0ED0F2AC0ED103AC0ED117A80EDCB
:109B9000126A80ED135A836580ED173AC0ED187A8A
:109BA00080ED197AC0E90233C0E90B33C0E9143300
:109BB00080ED1A4AC0ED1B5AC0ED1C6AC36780EDE8
:109BC000207AC0ED217AC0ED223A80ED234A80ED63
:109BD000246AC0ED256ABAF800200293CAF804107E
:109BE0000193C0E91D33DAF80800002A60D04FF075
:109BF000000910E0019A791CAB68013243F8276034
:109C000093B22980BAF80020019309F101091FFAE3
:109C100089F393424CD2DAF804501FFA89F302997F
:109C200050F823600D4496ED0D7AD5ED057AD6ED0A
:109C30000E6AB4EEE77AF1EE10FAE6D596ED0F7AF9
:109C4000D5ED037AB4EEE77AF1EE10FADDDDD5ED6D
:109C5000067AF4EEE76AF1EE10FAD6D595ED047ABD
:109C6000D6ED107AB4EEE77AF1EE10FACDD52F8862
:109C70006C88A742BED1002F50D14FF00808202099
:109C8000D5F808B00CF066FCA860002340F824303A
:109C90000134A4B2A045F8D8BBF1000F03D0584658
:109CA0000CF060FC2F88DAF80800A5F80280A1E724
:109CB000029B2433902B029397D118B10CF052FCE5
:109CC000BAF800200023CAF80830019BB2EB530F0A
:109CD0001ED9059C0134E4B2082C19D0DAF80430FE
:109CE0001A88082A00F2A9809A8C03F12400082A15
:109CF00000F29D80B3F8482003F14800082A00F2E2
:109D00009080B3F86C2003F16C00082A00F2858083
:109D10000023AAF8003007B0BDE8F08F4FEA4708EB
:109D2000D5F808B01FFA88F84FEA88000CF012FC4A
:109D3000A860B8F1000FAFD047453946CBF3020217
:109D400028BF414608290B46049194BF00230123F4
:109D5000002A18BF0023002B50D00BF10403C31AB4
:109D6000082B4BD900290B4600F1200C00F1100202
:109D700008BF01230BF110011C460393324BA408CA
:109D8000013CA4B20CEB041C1C0C03F1040E1032B9
:109D9000002310316EF30F03624504F1040E04F149
:109DA000010411ED086B11ED067B6EF31F43A4B2A5
:109DB00002ED086B02ED067BE6D1039921F0030268
:109DC0008A4293B216D05C1C04995BF82320A4B29B
:109DD00040F823208C420DD25BF8242040F8242048
:109DE0009C1CA4B28C4205D25BF82420033340F8BB
:109DF00024209CB2A0453FF648AF4DE7ABF10402EA
:109E0000031F0024DDF810C0013452F8041FA4B26F
:109E100043F8041FA445F7D8ECE72146FFF774FE8A
:109E200076E72146FFF770FEDAF8043069E721464D
:109E3000FFF76AFEDAF804305CE718462146FFF7C0
:109E400063FEDAF804304FE702000300054B0228F6
:109E500088BF034610B41C68184663685DF8044B5D
:109E6000184700BF302B00200A498A6D38B108B569
:109E700013180948834204D810468B6508BD104664
:109E8000704706F031F90C234FF0FF3203601046A3
:109E900008BD00BFE82A00200000282000207047ED
:109EA0004FF0FF30704700BF4FF4005300204B606D
:109EB000704700BF012070474FF0FF30704700BF70
:109EC00030BFFDE72DE9F04F85B08A4602900029AA
:109ED00000F0E080704C00234FF0010804F5807B17
:109EE000019394F8F550B4F8F2106B0184F8F48003
:109EF0000BEB45160393002940F0C8800D46674FD1
:109F00000A4689461EE0BFF34F8F84F8F49002B9E9
:109F1000656897F8BC31002B40F0998063685B1B43
:109F2000782B00F2988094F8F030002B00F08F80AE
:109F3000FBF770FAB4F8F210012284F8F4800029DB
:109F400040F09080736813F08003DCD14FF400621E
:109F500094F8F55087F8BC311146A4F8F22003EBD1
:109F6000C5204F4F92454FEAC525384418D2524676
:109F70000391029906F086FE039B4A4AA3EB0A036B
:109F8000A4F8F2304FF04043C2F88430BFF34F8F53
:109F900001980023504484F8F43005B0BDE8F08FF8
:109FA00002992F4406F06EFE039B4BF803803E4B54
:109FB000B760736007F58053F36007F500533361B2
:109FC00007F54053736107F58043B3610023F361E4
:109FD000BFF34F8F07F5006207F120034FF0E02138
:109FE0009A4234BF0122402207EB42129342C1F849
:109FF000707F1F4603F12003F8D1BFF34F8FBFF3EB
:10A000006F8F4FF4801132462848FBF745F894F8DB
:10A01000F5300133DBB2032B2AD8019A84F8F530EE
:10A02000B4F8F2301A44AAEB030A0192029A1A44D5
:10A03000002302921B4AA4F8F230C2F88430BFF326
:10A040004F8F84F8F430BAF1000F7FF44AAF0198D3
:10A0500005B0BDE8F08F0123019887F8BC3105B049
:10A06000BDE8F08F94F8F5500A46C1F5006376E735
:10A07000B4F8F230019AAAEB030A1A440192029A48
:10A080001A440023029284F8F530D3E70A46C1F55A
:10A09000006364E70846DBE7C0360020B8470020CD
:10A0A0008000202000002E40800000084002002098
:10A0B000054B0846114693F8F03003F0FF0203B158
:10A0C00000E71046704700BFC03600202DE9F04F72
:10A0D000B54D87B0D5F8084B002C00F0C58023465D
:10A0E0001A465B68002BFBD1B04B5360DFF8ECB233
:10A0F00000264FF00108AE4F23681B685B4540F017
:10A10000AC8084F83C60276384F83D8084F83E602E
:10A11000D4E90823A261E3616468002CECD1002338
:10A12000A44CA54EA54AB0886A63C5E9283394F8C3
:10A13000BD31C5F89C30A24BC5F8B430FAF74CFBE2
:10A140000120FDF7C5FA9F4A9F4B3820516841F422
:10A15000003151601521C3F87003C3F880115768AE
:10A1600047F001075760C3F82C03C3F83C11576848
:10A1700047F480675760C3F85403C3F86411576805
:10A1800047F002075760C3F83003C3F8401157681F
:10A1900047F400675760C3F85803C3F8681157685D
:10A1A00047F004075760C3F83403C3F844115768F5
:10A1B00047F008075760854FC3F83803C3F84811C4
:10A1C000D7F804C0824A4CF0100C0092FF22C7F866
:10A1D00004C0C3F814025962D7F804C04CF0200C34
:10A1E000C7F804C07B4FDFF8E8C1B846C3F81802CF
:10A1F0009962C3F87023C3F82C23C3F85423C3F81F
:10A200003023C3F85823C3F83423C3F83823C3F8E2
:10A210001422C3F81822D8F804706FF0120107F165
:10A220001303C91B07F1290E01E073450ED0C818AE
:10A2300013F8012F072AF8D1D7E900213844136811
:10A240000B43136090F82A30FF2B12D1624B634509
:10A2500001F093845CF8048FDDE72046984764683A
:10A26000002C7FF449AF5AE7504B1C46C5F8083B19
:10A270003CE7D8F800A0404602934746C5F844A002
:10A28000FEF732FAD8F804806FF01200C446A0EB53
:10A29000080008F1130308F1290E01E09E450CD0D7
:10A2A000C11813F8012F072AF8D18844464B98F8B3
:10A2B0004020C3F88021D7F804C00CF113016FF0DF
:10A2C00012030CF12902A3EB0C03084601E08242C1
:10A2D00016D003EB000810F801EFBEF10A0FF6D11B
:10A2E000E044394B98F84020C3F83C216FF012034A
:10A2F000D7F804C0A3EB0C030CF113010CF12902F5
:10A30000084601E0824216D003EB000810F801EF86
:10A31000BEF1060FF6D1E0442B4B98F84020C3F86D
:10A3200064216FF01203D7F804C0A3EB0C030CF107
:10A3300013010CF12902084601E0824216D003EB1A
:10A34000000810F801EFBEF10C0FF6D1E0441E4BEF
:10A3500098F84020C3F840216FF01203D7F804C0EA
:10A36000A3EB0C030CF113010CF12902084601E0E8
:10A37000824216D003EB000810F801EFBEF1090F7E
:10A38000F6D1E044104B98F84020C3F868216FF0F4
:10A390001203D7F804C0A3EB0C030CF113010CF16A
:10A3A000290208461EE000BFC0360020F04700200A
:10A3B000081D0020B8470020E82A0020E14B0000DB
:10A3C0009D1500000040004200801F4000C0004278
:10A3D000A81D002080390020B01D00201D150000A0
:10A3E00082421ED003EB000810F801EFBEF10B0F04
:10A3F000F6D1E044D34B98F84020C3F844216FF0E5
:10A400001203D7F804C00CF11301A3EB0C030CF1F9
:10A41000290203EB010E11F8010F0D2807D08A4223
:10A420000DD003EB010E11F8010F0D28F7D1E64412
:10A43000C44B9EF84020C3F84821D7F804C06FF001
:10A4400012010520DCE9002C136843EA0C031360B9
:10A45000D7F80480CAF80800A1EB0801C44608F147
:10A46000130308F1290E02E09E4500F0EC85C818A0
:10A4700013F8012F0A2AF7D1D8E9002140441368C4
:10A480000B431360D7F804C090F82A800CF1130135
:10A490006FF012030CF12902A3EB0C03084602E053
:10A4A000824200F0D48503EB000910F801EFBEF101
:10A4B000060FF5D1DCE90010E1446FF012030A68E1
:10A4C00002430A6099F82A20D7F804C04245114691
:10A4D000A3EB0C0338BF41469045019128BF90463D
:10A4E0000CF113010CF12902084602E0824200F04F
:10A4F000B28503EB000910F801EFBEF10C0FF5D1A6
:10A50000DCE90010E1446FF012030A6802430A60BC
:10A5100099F82A2001999045D7F804C028BF9046A1
:10A520009142A3EB0C0338BF11460CF129020191B3
:10A530000CF11301084602E0824200F0908503EB23
:10A54000000910F801EFBEF1090FF5D1DCE90010A8
:10A55000E1446FF012030A6802430A60019999F816
:10A560002A20D7F804C09142A3EB0C0338BF114650
:10A570009045019128BF90460CF113010CF129027E
:10A58000084602E0904200F06E8503EB000910F8E7
:10A5900001EFBEF10B0FF5D1DCE90010E1446FF0E3
:10A5A00012030A6802430A6099F82AE0019AF0450A
:10A5B000D7F804C028BFF0469645A3EB0C030CF176
:10A5C000130138BF96460CF1290202E08A4200F0DE
:10A5D000658503EB010911F8010F0D28F6D1DCE9BF
:10A5E0000021E14413680B43136099F82A20904539
:10A5F00028BF9046724538BF724608F1080393425F
:10A60000B8BF1346DAB208F10F0393420192C0F2C9
:10A61000C486029B9A4228BF434580F0BE86D7F885
:10A6200004906FF01201CC46A1EB090109F113036C
:10A6300009F1290E02E0734500F03385C81813F8BC
:10A64000012F062AF7D1D9E90021484413680B43AA
:10A650001360D7F804C090F82A30A3EB08030CF17C
:10A6600013010CF1290284F828306FF01203084618
:10A67000A3EB0C0302E0824200F0168503EB000915
:10A6800010F801EFBEF1090FF5D1DCE90010E1444B
:10A690006FF012030A6802430A60D7F804C099F801
:10A6A0002A00A3EB0C030CF113010CF12902A0EB1F
:10A6B000080084F82900084602E0904200F0F78480
:10A6C00003EB000910F801EFBEF10A0FF5D1DCE948
:10A6D0000010E1446FF012030A6802430A60D7F8E1
:10A6E00004C099F82A00A3EB0C030CF113010CF140
:10A6F0002902A0EB080084F82A00084602E0824202
:10A7000000F0D88403EB000910F801EFBEF10C0F44
:10A71000F5D1DCE90010E1446FF012030A6802434E
:10A720000A60D7F804C099F82A00A3EB0C030CF1D7
:10A7300013010CF12902A0EB080084F82B00084655
:10A7400005E000BF00801F40824200F0B68403EBAA
:10A75000000910F801EFBEF10B0FF5D1DCE9001094
:10A76000E1446FF012030A6802430A60D7F804C09C
:10A7700099F82A00A3EB0C030CF113010CF1290248
:10A78000A0EB080084F82C00084602E0824200F0AA
:10A79000978403EB000910F801EFBEF10D0FF5D11E
:10A7A000DCE90010E1446FF012030A6802430A601A
:10A7B000D7F804C099F82A00A3EB0C030CF113019D
:10A7C0000CF12902A0EB080084F82D00084602E0F5
:10A7D000824200F0788403EB000910F801EFBEF12B
:10A7E000060FF5D1DCE90010E1446FF012030A68AE
:10A7F00002430A60D7F804C099F82A00A3EB0C03BF
:10A800000CF113010CF12902A0EB080085F83C00C3
:10A81000084602E0824200F0148403EB000910F8BD
:10A8200001EFBEF1090FF5D1DCE90010E1446FF052
:10A8300012030A6802430A60D7F804C099F82A0094
:10A84000A3EB0C030CF113010CF12902A0EB08009F
:10A8500085F83D00084602E0824200F03B8403EBAD
:10A86000000910F801EFBEF10A0FF5D1DCE9001084
:10A87000E1446FF012030A6802430A60D7F804C08B
:10A8800099F82A00A3EB0C030CF113010CF1290237
:10A89000A0EB080085F83E00084602E0824200F086
:10A8A000158403EB000910F801EFBEF10C0FF5D190
:10A8B000DCE90010E1446FF012030A6802430A6009
:10A8C000D7F804C099F82A00A3EB0C030CF113018C
:10A8D0000CF12902A0EB080085F83F0002E08A4253
:10A8E00000F0F68303EB010E11F8010F0B28F6D1EF
:10A8F000DCE90021E64413680B4313609EF82A103C
:10A90000019BA1EB0801029A4FF4826CA3EB0803B0
:10A910004FEA082885F8401012021B0408F4F85882
:10A92000D74902F4F85203F4F8134FF0020948EA49
:10A9300001014FF0010843F48073CAF80031CAF8EE
:10A940008010D049CAF804311143CF4ACAF8842094
:10A95000CAF80831CAF88820CAF80C31CAF88C2025
:10A96000CAF81031C94BCAF89020CAF8803440F6B2
:10A970000C73CAF80014CAF80035DAF8303043F026
:10A980000803CAF83030C24BB3F88821236322F49D
:10A9900080621204120CA3F88821BE4AC2F82480F7
:10A9A000C2F82880326822FA08F207EE102A3268CC
:10A9B0009FEDAF5BB8EEC77B22FA08F29FEDAE4B7E
:10A9C00027EE057BBCEEC76B07EE102A3268B8EEA7
:10A9D000C77B22FA08F227EE057BFCEEC76B07EE79
:10A9E000102AB3F88821B8EEC77B92B227EE047B19
:10A9F00042F04002A3F8882116EE102AA3F8C6C040
:10AA000090B216EE902ABCEEC77B91B2A3F8CE00AE
:10AA1000A3F8D61017EE102A9F4892B2A3F8DE20B2
:10AA2000B3F8802184F8349092B242F48062A3F8A3
:10AA30008021B3F8802192B242F04002A3F8802135
:10AA4000B3F8882192B242F00402A3F88821B3F847
:10AA5000E82092B242F40072A3F8E8204FF4887321
:10AA6000A4F8BE31FBF7CCF81438FBF7C9F8083866
:10AA7000FBF7C6F895F8AC20AB6B95F898E0DFF8DB
:10AA80002CC203F58A7095F89010D5F8A8308CF890
:10AA90001A208CF81AE0DFF82CE28CF81A100FFA62
:10AAA00082FC186001F01F01C3F810E04FF48A7EA9
:10AAB000A3F804904FF00409A3F81E8083F80780E0
:10AAC000A3F8168083F80680744A7548C3E9029E8D
:10AAD0004FF6F87EA3F814E04FF0100EC3F818E01C
:10AAE000002342F82C306F4B42F82C3020F01F032B
:10AAF00084F8C01100EB0801BFF34F8F4FF0E02244
:10AB0000C2F8683F20339942FAD8BFF34F8FBFF3A2
:10AB10006F8F0021D5F89430B0F1804F1860998084
:10AB2000D971C0F042829A68002A00F03E825E4AE3
:10AB3000D960998299711A6100229A61DA8B1204A4
:10AB400000F1CB820C22DA83DA82D5F8A8106FF0FC
:10AB50000F0995F898308A8B1B02D5F88C0092B2B9
:10AB6000B4F8BEC103F4F853DFF85C8122F4FC5260
:10AB700013436A6C43F0200302F5007E8B834B493C
:10AB80000B6843F080030B60AB6B7A684FEA1C17CD
:10AB90000360CCF58C73C0F810E04FF0000EC78353
:10ABA000C360C782838BC0F818909BB23B4F43F0C1
:10ABB000080383830423838083820223C371837108
:10ABC0003B4B8360D37C95F8902003F07F030FFA12
:10ABD00082FC02F1100A43F0004347F82CE047F8EA
:10ABE0002C3002F01F0C878B324BBFB2DFF8DCE059
:10ABF00047F002078783012703EB52102E4B07FA19
:10AC00000CFC800048F82A302A4BC0F800C06020B5
:10AC100002F80E0095F8AC2002F80E9095F8AC0002
:10AC2000DFF8ACE003EB501300F01F0200F1100C52
:10AC300007FA02F29B0048F82CE01A6095F8983069
:10AC4000CB76C876D5F8A000F9F7D2FA94F834306C
:10AC50001A4907FA03F3276B194AB7F888011B0250
:10AC600080B203F470630343A7F88831336831E09E
:10AC7000F9978B952411E23E48AFBC9AF2D77A3E01
:10AC8000020083000100C30D0200800000220001C9
:10AC900000803E4000801F406837002000C00E400A
:10ACA000784900206E0000801B800E4000800E401E
:10ACB00010C0FF7F40380038CD1D000001800080AB
:10ACC00009800008D6803E400034002000E400E007
:10ACD000AD1500005B08A1FB0303DB0BDB01A2FB4E
:10ACE0000303DB090133EF2B40F27B81306840081E
:10ACF000A1FB0010C00BC001A2FB0020C009013065
:10AD000001233082B374F9F767FD94F87630002B95
:10AD1000FBD1012384F8763094F87630002BFBD1F8
:10AD200094F87430B4F84220002B00F04781B4F856
:10AD3000443003FB02F2D4E9161002EB420205F0A4
:10AD4000A1FFD5F8D476002F00F047813B461A4684
:10AD50005B68002BFBD1C84B53604FF00009012208
:10AD6000DFF830A33B681B685B4545D17B6A87F8F9
:10AD70003C90FB613B6A87F83D20C7F830A087F81C
:10AD80003E90BB617F68002FECD194F8C131012067
:10AD9000DFF804934FF0FF0BEB670023C5E9203386
:10ADA000B64BC5F88830FCF775FA94F8BCE0DDF8CE
:10ADB00000A0D9F804706FF0120107F11303C91B4A
:10ADC00007F1290C01E09C451DD0C81813F8012F8C
:10ADD0007245F8D1D7E90021384413680B4313605A
:10ADE00090F82A30FF2B84F8E4301BD1A44B9A450D
:10ADF0000ED05AF8049FDCE7384698477F68012256
:10AE0000002FAFD1C1E79E4B84F8E4B09A45F0D152
:10AE100000239C499C48C4F8E030FEF741FDD4F87B
:10AE2000E0909FE1D9F804E06FF0120194F8C0C0FF
:10AE3000A1EB0E0177460EF113030EF1290AC4F8B7
:10AE4000E09002E09A4500F09582C81813F8012FAF
:10AE50006245F7D1DEE90021704413680B431360AB
:10AE600090F82AE0D9F804706FF0120194F8C4C089
:10AE700007F1130307F1290AC91B84F8E5E002E092
:10AE80009A4500F03781C81813F8012F6245F7D1B1
:10AE9000D7E900213844BEF1FF0F136843EA0103EC
:10AEA000136090F82A3084F8E63000F02981FF2BF7
:10AEB00000F08982D4F8C830581C009340F0BB825F
:10AEC000D9F8002001230192FE229C460292022220
:10AED000012B99F80C000CBF0427032710EA0C0380
:10AEE00000F0E78501230099104200F01F83013331
:10AEF0005200DBB2D2B29F42F6DCFF23009184F80D
:10AF0000E83099F80D2012F0010000F0EE8212F006
:10AF1000020700F0D68412F0040E00F02D85110710
:10AF200002F0080C40F1A7853946FF2784F8E97044
:10AF3000BEF1000F00F0F085FF27BA4603970746E1
:10AF400003980CF0FF0BBCF1000F0CD1BAF1FF0F0E
:10AF500000F0D185D9F804C09CF813C0D44540F066
:10AF6000CA854FF0000B002F00F0E582002900F0A9
:10AF70008585BEF1000F00F0CB85BBF1000F00F01E
:10AF8000E785FF27BB4284F8EB7000F0EC8599F869
:10AF90000C30FF28029A02EA030289F80C2084F898
:10AFA000E87040F0B38400F0BFBC0022DA609A82FF
:10AFB0009A7101229A60354A1A61BDE5B4F84430AD
:10AFC00003FB02F2D4E9160102EB420205F05AFE3D
:10AFD000D5F8D476002F7FF4B9AE274FC5F8D476D4
:10AFE000BBE6336832685B08520807EE102A284A2D
:10AFF0009FED1F6BB8EEC77B27EE067BBCEEC77BD1
:10B0000017EE101AB3FBF1F3A2FB0313DB09013BAC
:10B01000F02B00F288823068336840085B0807EE46
:10B02000103AB8EEC77B27EE067BBCEEC77B17EE67
:10B03000103AB0FBF3F0A2FB0020C009013880B247
:10B040005EE6FF2002E44FF0FF08FFF71FBAFF2083
:10B050000190FFF749BAFF200190FFF76BBAFF207C
:10B060000190FFF78DBA4FF0FF0EFFF7B2BA00BFA5
:10B07000F9978B952411E23E30480020A547000047
:10B08000B01D0020D4280020302B00201B800E4053
:10B09000ABAAAAAA081D002080390020FF22FFF7D2
:10B0A000ACBAFF23FFF7D9BAFF20FFF700BBFF20A0
:10B0B000FFF71FBBFF20FFF73EBBFF20FFF760BB82
:10B0C000FF20FFF77FBBFF20FFF79EBBFF2001E4BF
:10B0D000FF2115E4FF20FFF7DBBBDA8B02F47E4291
:10B0E00042F00C02DA83DA8A02F47E4242F00C0269
:10B0F000DA822AE5FF239E4584F8E63040F063813A
:10B10000009B4FF0FF0E03F10C0C9A465AF8049B7B
:10B110006FF01201D9F80470C91B07F1130307F18E
:10B12000290B02E09B4500F05E83C81813F8012F3D
:10B13000FF2AF7D1D7E90021384413680B43136085
:10B1400090F82A30FF2B84F8E53040F01884D4457D
:10B15000DCD10023C4F8E030BD49BE48FEF7A0FBB7
:10B16000D4F8E0904846FDF7BFFABB4BD4F8D020A6
:10B170009A4203D194F8D530002B3AD0B64BC4F89C
:10B18000D030002384F8D530B44BD9F80010994260
:10B1900000F04581B24B186A9A6A9B6AC0F3C140BD
:10B1A000C2F34222C3F342630133AE4F02FB0333C7
:10B1B000AD4A012818BF3A46B2FBF3F2AB4B520836
:10B1C000A3FB0203AA4882424FEA535306D9013037
:10B1D000B2FBF3F2824298BF03F1FF33012B94F8E4
:10B1E000E82038BF012302F5A07243F4706341F8F0
:10B1F000223094F8D430012B12D0012384F8D430BB
:10B2000094F8E930D9F80020E03302EB8303C4F866
:10B21000DC3094F8EB30A03302EB8302C4F8D82082
:10B22000EFF3108172B696F83030012B00F0A58054
:10B23000032B00F0C7828F4B4FF0E0228E48F36162
:10B24000032386F83030D2F8203D43F47F03C2F860
:10B25000203DC8F83C0001B962B6E020F26D86F8E6
:10B260006000002A00F0F482844996F86840114496
:10B27000834BB3FBF4F306EB211403EB430384F895
:10B280006400081196F86540DB0096F86410013BF5
:10B29000A14228BF214696F86640A14228BF214618
:10B2A00096F86740A14228BF2146764C84F87A1070
:10B2B000002191600121D1601360331896F860106D
:10B2C00005EB800583F8641096F8643096F86510F5
:10B2D0008B4228BF0B4696F866108B4228BF0B4660
:10B2E000694929620321916096F86710674A8B4289
:10B2F000C8F8282228BF0B4662484FF0E0224FF0E2
:10B30000806180F87A30C2F80C11336860485B08BD
:10B310006049F26DA0FB0303DB0BDB01A1FB031310
:10B32000DB090133EF2B21D9336859485B085949B0
:10B33000A0FB0303DB0BDB01A1FB03135049DB097B
:10B340000133DBB2012B184638BF0120B1FBF0F10D
:10B3500001EB4101C9000139F373012386F868004C
:10B36000B37302B1116007B0BDE8F08FF0204A4915
:10B370000346F1E74FF0FF0E76E596F83130002BEB
:10B380003FF459AFD6E90A23002B00F071835A61CC
:10B39000002A00F0698393614DE795F8F0301BB106
:10B3A0002A213E48FEF78EFD40F60D23ADF81430FD
:10B3B00095F8F0301BB1022105A8FEF783FDD5F802
:10B3C00044A0FFF72CB9009B4FF0FF0E03F10C0CCB
:10B3D0009A465AF8049B6FF01201D9F80470C91B01
:10B3E00007F1130307F1290B01E09B4514D0C8189E
:10B3F00013F8012FFF2AF8D1D7E900213844136848
:10B400000B43136090F82A30FF2B84F8E63040F0AD
:10B41000B682D445DDD19CE684F8E6E0F9E7A3F5F1
:10B420003023186B1A6B1B6BC0F3C110C2F30232CE
:10B43000C3F34223B8E6D9F804E06FF01200D9B2A2
:10B44000A0EB0E000EF113030EF1290C2BE000BF50
:10B4500024280020302B0020404B4C0000C01A4014
:10B4600000C00F4000389C1C80204B1E6BCA5F6BD5
:10B470003F4B4C00A11D0000AD20000000BFF7BFF6
:10B4800040420F0000E400E0615C00004515000050
:10B4900001800080098000088F860100F8270020C5
:10B4A0009C4500F0FB82C71813F8012F8A42F7D1A0
:10B4B000DEE90021774413680B43136097F82A30C4
:10B4C000FF2B84F8E73000F0EC82D4F8C820D9F8DC
:10B4D000003000920132019300F03E83FC230622EB
:10B4E0004FF0030C02930223F2E401273A4389F858
:10B4F0000D2012F0010B84F8E900D9F804C00CEB20
:10B50000000797F810A000F0718112F0020700F018
:10B510008D8112F0040E40F0B482BAF1FF0F00F0FA
:10B520000483DE4672E1F020FFF7EABB009102439C
:10B5300089F80C20E3E44FF0010C4CEA020C89F886
:10B540000DC0FF2B84F8EB7000F0DC81FF2800F0C9
:10B550000A824FF0010C84F8EAC060B102460099FB
:10B56000013A4FEA4C0C12F0FF025FFA8CFCF7D163
:10B57000009184F8EAC04FF0010C84F8ECC067B188
:10B580003A460099013A4FEA4C0C12F0FF025FFA7A
:10B590008CFCF7D1009184F8ECC0019900B294F8CA
:10B5A000E4204FEA036E01EB800C94F8E6001202EF
:10B5B0000EF0E06E000202F4F85A3FB200F4F850C8
:10B5C00001EB83034AEA0E02DFF830A340EA0E00E3
:10B5D00094F8E5E042EA0A0ABE4A4FEA0E2E40F02D
:10B5E000010001EB87070EF4F85E4EEA02024FF00D
:10B5F000000ECCF800E1CCF880A0C7F800E1C7F855
:10B60000800040F60170C3F80005C3F80024009ADA
:10B61000013200F0A48194F8E720AF49120202F44D
:10B62000F8521143AD4AC3F880244FF6FF72C3F8B5
:10B6300004254FF48852C3F88424C3F80414D9F8BD
:10B6400004A001236FF01201019A94F8BC00574640
:10B650009360A1EB0A010AF113030AF1290E02E03B
:10B660009E4500F0308101EB030C13F8012F82425C
:10B67000F6D1E244DFF888C20CEB00109AF84020C3
:10B68000D0F8B0301A60D9F8047007F113036FF0E6
:10B69000120094F8C0A007F1290EC01B1A4601E061
:10B6A000724516D000EB020B12F8011F5145F7D17D
:10B6B000BB440CEB0A1A6FF01200DAF8B0309BF8BA
:10B6C00040201A60D9F80470C01B07F1130307F17A
:10B6D000290E94F8C41001E073450DD000EB030A65
:10B6E00013F8012F8A42F7D157440CEB011197F858
:10B6F0004020D1F8B0301A60D4F8BC30B8220CEB3E
:10B700000313D3F8B4301A60D4F8C0300CEB031331
:10B71000D3F8B4301A604EF2B802D4F8C4300CEB4F
:10B720000313D3F8B4301A60D4F8C8104B1C1AD0E5
:10B73000D9F804A06FF01200C9B2A0EB0A000AF118
:10B7400013030AF1290E01E073450CD0C71813F852
:10B75000012F8A42F8D10CEB011CBA44DCF8B0305E
:10B760009AF840201A60D9F808305D4A1968002913
:10B7700000F0A281914213D05968181D002900F0F1
:10B780009A8191420CD0996803F10800002900F0D9
:10B790009281914204D0D9680C33002900F08C8149
:10B7A000012394F8EB1084F8D430A03194F8E930F8
:10B7B000D9F80020E03302EB830302EB8102C4E9F5
:10B7C0003623CFE496F83130002B3FF434ADD6E980
:10B7D0000A23002B00F05C815A61002A7FF4DBAD64
:10B7E000C5F8C43027E584F8E5E0B0E4BAF1FF0F0E
:10B7F00000F08A819CF81070574540F0858112F066
:10B80000020718D012F0040E40F03B81BB46774689
:10B81000DE469CF812B0D34540F0878112F0080B49
:10B82000714653D04FF0000EFFF79DBBBAF1FF0FEA
:10B8300000F09F815F469CF811E0D64540F0718191
:10B8400012F0040EE5D0002102F0080CFFF779BBDE
:10B8500096F868102348244B244CB3FBF1F3C16ED7
:10B8600003EB4303F46541F44051DB00C166012062
:10B870001F49013B0860A168002900F06581A169AA
:10B88000002900F05F81A16A002900F05981A16BB5
:10B89000002900F04E81336816495B08F265A1FB70
:10B8A00003131549DB0BDB01A1FB0313DB09013398
:10B8B000EF2B3FF639ADF023B073F37386F86830A1
:10B8C00051E5022712E6DFF838C0DEE6DE46FFF774
:10B8D00043BB00BF0100C30183000300222200011B
:10B8E0007048002000C00F4040420F000041084057
:10B8F00000400840018000800980000802008300A9
:10B90000081D0020FF2884F8E83007D099F80D3092
:10B91000FF2F23F0010389F80D3005D099F80D3081
:10B9200023F0010389F80D30FF2384F8E93084F80F
:10B93000EB3095F8F0301BB131219148FEF7C2FA97
:10B9400040F60D23ADF8143095F8F030002B3FF49D
:10B9500066AA022105A8FEF7B5FAFFF760BA894A80
:10B96000C3F880246BE699F80C30029A1A4089F8E3
:10B970000C2084F8E800D1E704270220B6E5D9F8C6
:10B9800004A06FF0120194F8BCC0A1EB0A01574665
:10B990000AF113030AF1290EC4F8E09001E09E4574
:10B9A0005FD0C81813F8012F6245F8D1DAE90021F9
:10B9B000504413680B43136090F82AE0D9F80470E0
:10B9C00007F113036FF0120094F8C0B007F1290CCF
:10B9D000C01B1A4684F8E4E001E0624539D000EB70
:10B9E000020A12F8011F5945F7D1D7E90021BA44DC
:10B9F0006FF0120013680B431360D9F804709AF8C3
:10BA00002AA0C01B07F1130307F1290C94F8C4B056
:10BA100084F8E5A001E063451ED0C11813F8012F9A
:10BA20005A45F8D1D7E900203944BEF1FF0F18BFBD
:10BA3000BAF1FF0F136843EA0003136091F82A304C
:10BA400084F8E6303FF488ABFF2B7FF433AAFFF78E
:10BA500083BB4FF0FF0AD9E7FF2384F8E630FFF7F6
:10BA60007BBB4FF0FF0EABE7C5F8BC30FFF7E3BB85
:10BA7000C5F8B8208CE40827032037E54FF0020C06
:10BA80005BE503903946584602F0080CFFF757BAB9
:10BA9000C5F8C020002A7FF47EACA1E6FF2384F81D
:10BAA000E73039493948FDF7FBFED4F8E090FFF75D
:10BAB00059BB62463BE503461A6099F80E30002BED
:10BAC0007FF46EAED9F80420137AD268103348F8A8
:10BAD0002320D9F8043001212D4A1B7A02EB53129E
:10BAE00003F01F03920001FA03F3136089F80E10AC
:10BAF000D4F8E09054E6844608270320174389F8D9
:10BB00000D70074660461CE5844601275846F5E758
:10BB100002274FF0040C10E54FF0FF0C0427022021
:10BB2000ECE7844602270120E8E784460427022048
:10BB3000E4E7184A1848F26510440011FFF7BCBB4F
:10BB4000164AF7E7164AF5E708462246FFF7B4BB60
:10BB500003274FF0080CF0E4FE22012302929C46DA
:10BB60000222FFF7B5B9FF2884F8E8307FF4D6AE9B
:10BB7000DAE6844602275846C0E700231B68FFDE4A
:10BB8000A02800200022000160280020302B002087
:10BB9000403800383041084000BFF7BF204108401E
:10BBA00010410840034647F65C501844FEF78EBA31
:10BBB0000A4B00B583B093F8F0308DF807103BB115
:10BBC00001210DF10700FEF77DF903B05DF804FBDC
:10BBD00003F0FF0003B05DF804FB00BFC036002097
:10BBE000016831B3134B144A0B441B1130B402EB00
:10BBF0008302002401251462104A8C60FF24134440
:10BC0000CD600F4983F8644092F8643092F8654043
:10BC1000A34228BF234692F8664092F86720A342C9
:10BC200028BF2346934228BF134681F87A3030BCA0
:10BC30007047704700BFF7BFC0360020E82A0020D9
:10BC400000E400E01B4B10B40360EFF3108272B607
:10BC5000037F012B13D0032B04D002B962B65DF829
:10BC6000044B7047437F3BB1D0E90513DBB1596109
:10BC700069B91149C1F8C43000230377EDE7437F68
:10BC8000002BF9D0D0E905132BB1596139B18B6183
:10BC900000230377E1E7084CC4F8B810F6E706493B
:10BCA000C1F8BC30E8E7044CC4F8C0100029EED15C
:10BCB000DFE700BF2C210020C036002003790F2BC6
:10BCC0000FD8084A937672B60749012290F804C04B
:10BCD000B1F8D03602FA0CF223EA0203A1F8D0360A
:10BCE00062B6704700800E40C036002000000000A1
:10BCF0000E4B4FF0010C10B453E8002F58689968B0
:10BD000043E800C2002AF7D1094A52684FF47A7C0E
:10BD1000DC68531A0CFB00F0A3FB0434644594BFA9
:10BD2000001960445DF8044B704700BFC036002026
:10BD3000001000E091ED007AD0ED007AD1ED016ABB
:10BD4000F4EEC77A90ED016A90ED035AF1EE10FA25
:10BD5000B4EEE66AD0ED026A58BFF0EE477AF1EE33
:10BD600010FA54BF0B1D031D93ED007AC0ED007A4D
:10BD700091ED006A80ED017AF4EEC66AD1ED015AC8
:10BD8000F1EE10FAB4EEE55A76FE866AB6EE006A77
:10BD9000F1EE10FA76EEA77ACCBF00F10C01043177
:10BDA00067EE867AD1ED005AC0ED026A35EE877AE9
:10BDB000C0ED035AC0ED047A27EE067A80ED057ACD
:10BDC000704700BFD1F804C08A68CB6800B5D1F8CD
:10BDD00000E0C0F804C0C0F800E08260C3605DF815
:10BDE00004FB00BFD0ED017A90ED006A67EEA77A00
:10BDF000D0ED026A90ED037AE6EE067AE6EEA67AD8
:10BE0000E7EE077AF5EE407AF1EE10FA02D4B1EEE1
:10BE1000E70A7047B0EE670A03F018B8CE4CCF4E71
:10BE200065682DE9804840F2EE278DB0F9F7F2FA07
:10BE300094F8F030002B00F04F8296F88C31DB073D
:10BE400040F14A826368D6F888219B1A0E2B40F293
:10BE5000438294F8F0301BB10C21C148FEF732F850
:10BE600040F60D2294F8F030ADF80C20002B00F0D5
:10BE7000518203AB022118460BEE103AFEF722F86E
:10BE8000B8480126B84F4FF47A799FEDB89AFEF77B
:10BE90001DF9DFF8FCA26420F9F702FB9FEDAC8BE3
:10BEA000636841F28831B24A9FEDB27AA2FB030285
:10BEB000120B01FB123307EE903AF8EEE77A87EEA9
:10BEC000870A54E8003F6268A16844E80063002BD9
:10BED000F7D1DAF80430E0685B1A09FB02F2A3FB41
:10BEE0000031A548B1F57A7F94BF521802F57A72F5
:10BEF000C7F8F020F9F726FF54E8003F6268A16810
:10BF000044E80063002BF7D1DAF804305B1AE068EC
:10BF100009FB02F2D7F8F010A3FB0030521AB0F57B
:10BF20007A7F94BF121802F57A7207EE902AF8EE23
:10BF3000677A87EE897A87ED407A54E8003F636834
:10BF4000A26844E80065002DF7D1DAF80410E06833
:10BF50008A1A09FB03F3D7F804B0A2FB0020B0F55E
:10BF60007A7F94BF1B1803F57A73C7F8F4309BF8F7
:10BF7000043073B1DBF8003053F8250001F092FC77
:10BF80003B7F002B40F04D8101359BF804309D42F2
:10BF9000F0DB54E8003F6268A16844E80063002BCE
:10BFA000F7D1DAF804305B1AE06809FB02F2D7F83F
:10BFB000F410A3FB0030521AB0F57A7F94BF121828
:10BFC00002F57A7207EE902AF8EE677A87EE897AA0
:10BFD00087ED417A54E8003F6268A16844E8006355
:10BFE000002BF7D1DAF80430E5685B1AB86809FB72
:10BFF00002F2A3FB05350368B5F57A7F94BF5219A9
:10C0000002F57A725B68C7F8F820984754E8003F59
:10C010006368A26844E80065002DF7D1DAF80410DF
:10C02000E0688A1A09FB03F3D7F8F810A2FB002096
:10C0300094F8F0205B1AB0F57A7F94BF1B1803F5D3
:10C040007A7307EE903AF8EE677A87EE897A87ED91
:10C05000427A2AB105214948FDF734FF97ED427A2B
:10C06000D7ED417AF7EE006A97ED406A97F8ECB0A9
:10C0700077EE867A97ED08AABBF1310F76EECAAA61
:10C0800077EE877AC6EEA79A00F2E3800BF1010300
:10C0900007EB8B0BDBB2CBED099A9B4687F8EC30B4
:10C0A000374BDFED387A0135B3EC017AEAB277EE3F
:10C0B000877A5A45F7D307EE10BAF8EEC76A87EECB
:10C0C000A67A67EE2A7AE9EE8A7AB7EEE76AB4EEE4
:10C0D000466BF1EE10FA80F11381B0EEC65BB4EE60
:10C0E000485BF1EE10FA00F3C5809FED277AF4EE7D
:10C0F000C77AF1EE10FA00F3B4809FED247AF4EEE3
:10C10000C77AF1EE10FA00F1AC80F5EEC07AF1EEEC
:10C1100010FA00F1ED804FF0000EB6EE007B36EE27
:10C12000076BFCEEC67B17EE903A002B40F0AB801D
:10C13000302321208DF82D30BEF1000F2AD0013898
:10C140002D22C0B200F130036B4403F8242C21E00F
:10C15000FFFFFFFFFFFFEF7FC0360020B847002042
:10C160000C29002018CD0020BC4F00200024744969
:10C170005917B7D100409C45CCD000201C29002085
:10C18000E04F002000000000FFFF7F4FFFFF7FCF48
:10C19000001000E094F8F03033B11BEE103AC0F11B
:10C1A00022011844FDF78EFE94F8F0301BB10E21E9
:10C1B0005A48FDF787FE97ED400AB7EEC00A02F035
:10C1C0005FFA94F8F0301BB10F215548FDF77AFE65
:10C1D00097ED410AB7EEC00A02F052FA94F8F03037
:10C1E0001BB110214F48FDF76DFE97ED420AB7EEE7
:10C1F000C00A02F045FA94F8F0301BB101214A4818
:10C20000FDF760FE40F60D2294F8F030ADF80C20FA
:10C2100023B102211BEE100AFDF754FEF9F7FAF8DC
:10C220003EE6DBF80030D7F8188053F825000135DA
:10C23000D8F8003002681B68926901939047019B0F
:10C240000146404698479BF804309D42FFF692AE67
:10C250009FE63649C422081F0AF06AF8C7ED3A9AE9
:10C260001EE794F8F030002B9ED003213048FDF7F4
:10C2700029FE99E794F8F030002B95D003212D4842
:10C28000FDF720FE90E7DFF8B4C0092B4FF0210046
:10C29000ACFB03124FEAD20202EB8201A3EB410195
:10C2A00001F130018DF82D107FF646AFACFB023165
:10C2B00001389046C908C0B2B8F1090F01EB8103FB
:10C2C00000F13005A2EB43030A466D4403F130034D
:10C2D00005F8243CEAD82FE7636894F8F0205B1B4C
:10C2E0005AB1B3F5FA6F3FF6B4ADF9F793F89DE59F
:10C2F000B1EE466B4FF0010E0FE7BB42F5D9A8E552
:10C3000094F8F030002B3FF44FAF03210A48FDF7BB
:10C31000D9FD49E703AB0BEE103AB1E5282900201F
:10C320003829002048290020D0280020E44F002090
:10C33000242900206C27002074270020CDCCCCCCF1
:10C340003D4B4FF07E514FF08040002210B400244E
:10C35000C3F80821C3F80C11C3F804410124C3F841
:10C360001001C3F8D4410224C3F8D821C3F8E44132
:10C370000324C3F8DC01C3F8F4410424C3F8E0113A
:10C38000C3F804420524C3F8E811C3F814424FF47B
:10C390008074C3F8EC01C3F8244240F20114C3F8DE
:10C3A000F021C3F834424FF48174C3F8F811C3F894
:10C3B000FC21C3F80002C3F80802C3F80C22C3F83A
:10C3C0001012C3F81802C3F81C12C3F82022C3F8D5
:10C3D0002822C3F82C12C3F83002C3F83822C3F85D
:10C3E0003C02C3F84012C3F8444240F20314C3F8BD
:10C3F0004812C3F854424FF48274C3F84C02C3F895
:10C40000644240F20514C3F85022C3F874425DF848
:10C41000044BC3F85812C3F85C22C3F86002C3F897
:10C420006802C3F86C22C3F87012C3F87802C3F82C
:10C430007C12C3F880227047B8470020FA4BF3EE15
:10C440000B4AB2EE084ADFF820C4B2EE0A3AF749C6
:10C45000F74803F244529FEDF75ADFEDF75ADFED4C
:10C46000F76A9FEDF76A9FEDF77ADFEDF77ADFED78
:10C47000F73ADFEDF72A2DE9F04FDFF8F0E303F5A7
:10C48000806BF44D0026DFF8E893DFF8E883DFF8EF
:10C49000E8A3F14FF14C2DED048BC3F894C28BB09F
:10C4A000C3F8C4C2B7EE009AC3F8FCC2C3F89CE25A
:10C4B000C3F8BCE283EDA23A83EDA43A83EDA63A39
:10C4C00083EDA83A83EDAA3AC3EDBA4AC3EDBC4A5C
:10C4D000C3EDBE4AC3EDC04AC3F88492C3F8D492F8
:10C4E000C3F8EC92C3F8B012C3F8B812C3F8C01284
:10C4F000C3F8C812C3F8D012C3F8D812C3F8DC12BC
:10C50000C3F8E012C3F8E412C3F8A482C3F88C5253
:10C51000C3F8CC52C3F8F452C3F8B482C3F804E3AE
:10C52000C3F834E3C3F83CC3C3F884C3C3EDC24AC1
:10C53000C3EDC44AC3EDC64A83EDD74A83EDD94A59
:10C5400083EDC85A83EDCA5A83EDCC5A83EDCE5A97
:10C5500083EDD05A83EDD25A83EDD45A83EDD65A67
:10C5600083EDD85AC3EDDA5AC3EDDC5AC3F80C8315
:10C57000C3F81C03C3F82C83C3F84C93C3F85413BB
:10C58000C3F86C13C3F87493C3F8ACA2C3F814A334
:10C59000C3F824A3C3F84453C3F87C53C3EDDE5A55
:10C5A000CBED006A03F2044BC3F88CE3C3F8C4E399
:10C5B000C3F8CCC3C3EDE05AC3EDE25AC3EDE45A6D
:10C5C000C3EDE65AC3EDE85AC3EDEA5A83EDFB4AE0
:10C5D00083EDFD4A83EDEC6A83EDEE6A83EDF06A4C
:10C5E00083EDF26A83EDF46A83EDF66A83EDF86A0F
:10C5F00083EDFA6A83EDFC6AC3EDFE6AC3F89483A7
:10C60000C3F8A403C3F8AC03C3F8BC83C3F8DC933A
:10C61000C3F8E413C3F8FC13C3F89CA3C3F8B4A392
:10C62000C3F8D453CBF8009003F5816B9FED8C8A4F
:10C63000CBED006A03F20C4BDFED8A8ACBF8005099
:10C6400003F5826BCBED006A03F2144BCBF800C00C
:10C6500003F5836BCBED006A03F21C4BCBF800E0D3
:10C6600003F5846BCBED006A03F2244BCBF800801A
:10C6700003F5856BCBED006A03F22C4BCBF800A0E1
:10C6800003F5866BCBED006A03F2344BCBF8000068
:10C6900003F5876BCBED006A03F23C4BCBF800004F
:10C6A00003F5886B8BED007A03F2444BCBF800A0C6
:10C6B00003F5896B8BED007A03F24C4BCBF80080CD
:10C6C00003F58A6B8BED007A03F2544BCBF800E054
:10C6D00003F58B6B8BED007A03F25C4BCBF800C05B
:10C6E00003F58C6B8BED007A03F2644BCBF80050B2
:10C6F00003F58D6B8BED007A03F26C4BCBF8009059
:10C7000003F58E6B8BED007A03F2744BCBF80010BF
:10C7100003F58F6B8BED007A03F27C4B8BED004AB7
:10C7200003F5906B8BED007A03F2844B8BED004A9E
:10C7300003F5916BCBED007A03F28C4BCBF8001034
:10C7400003F5926BCBED007A03F2944BCBF800909B
:10C7500003F5936BCBED007A03F29C4BCBF80050C2
:10C7600003F5946BCBED007A03F2A44BCBF800C039
:10C7700003F5956BCBED007A03F2AC4BCBF800E000
:10C7800003F5966BCBED007A03F2B44BCBF8008047
:10C7900003F5976BCBED007A03F2BC4BCBF800A00E
:10C7A00003F5986BCBED007A03F2C44BCBF8000095
:10C7B00003F5996BCBED007A03F2CC4BCBF800A0DC
:10C7C00003F59A6BCBF8000003F2D44BCBF8008052
:10C7D00003F59B6BCBF8000003F2DC4BCBF800E0D9
:10C7E00003F59C6BCBF8000003F2E44BCBF800C0E0
:10C7F00003F59D6BCBF8000003F2EC4BCBF8005037
:10C8000003F59E6BCBF8000003F2F44BCBF80090DD
:10C8100003F59F6BCBF8000003F2FC4BCBF8001044
:10C8200003F5A06B2AE000BFB84700200000A0413C
:10C8300000009842000008420000244200005C42D0
:10C84000000040420000784200008A420000A642F8
:10C850000000B44200001042BC4F002038210020EC
:10C8600000000000F304353F000030420000504259
:10C870000000E0410000704200008842CBF8000058
:10C8800003F2045BCBF8009003F5A16BCBED003A0B
:10C8900003F20C5BCBF8005003F5A26BC2F808E082
:10C8A000CBED003A03F2145BC2F810C0CBF800C025
:10C8B00003F5A36BC2F840C0CBED003A03F21C5B5A
:10C8C000C2F848E0CBF800E003F5A46B82ED013A32
:10C8D000CBED003A03F2245B82ED033ACBF8008003
:10C8E00003F5A56B82ED053ACBED003A03F22C5B24
:10C8F00082ED073ACBF800E003F5A66B82ED093A2A
:10C90000CBED002A03F2345BC2F80080CBF800C004
:10C9100003F5A76BC2F82090CBED002A03F23C5B35
:10C9200003F5A8639162D162C2F830905163D1637C
:10C930005164D164C2F8508095619563CBF8005082
:10C94000C2F870E0C2F878C0C2F8B8C0C2F8C0E05F
:10C95000C3ED002AC2ED194AC2ED1B4AC2ED1D4AC1
:10C96000C2ED1F4AC2ED214AC2ED234AC2ED254A5B
:10C9700082ED264A82ED275A82ED295A82ED2B5A02
:10C9800082ED2D5A82ED2F5A82ED315A82ED335AC3
:10C990005165D165C2F86880C2F88890C2F89010DD
:10C9A000C2F8A010C2F8A890C2F8C880EF4BC2F835
:10C9B00058A0C2F860A0C2F88050C2F8B050C2F8C7
:10C9C000D0A0C2F8F8E0C2F800C1C2F848C1C2F86D
:10C9D00050E182ED355A82ED375AC2ED395AC2ED37
:10C9E0003B5AC2ED3D5AC2ED3F5AC2ED415AC2ED2B
:10C9F000435AC2ED455AC2ED475AC2ED495A82ED3B
:10CA0000484A82ED4A4A82ED4B6A82ED4D6A82EDD8
:10CA10004F6A82ED516A82ED536AC2F8D800C2F8BB
:10CA2000E000C2F8F080C2F81091C2F81811C2F804
:10CA30003011C2F83891C2F8E8A0C2F80851C2F823
:10CA4000405182ED556AC2F888E1C2F890C182ED8A
:10CA5000576A82ED596A82ED5B6AC2ED5D6AC2ED8A
:10CA60005F6AC2ED616AC2ED636AC2ED656AC2EDDA
:10CA7000676AC2ED696AC2ED6B6AC2ED6D6A82EDEA
:10CA80006C4A82ED6E4A82ED6F7A82ED717A82EDA8
:10CA9000737A82ED757AC2F85881C2F86801C2F8DB
:10CAA0007001C2F88081C2F8A091C2F8A811C2F842
:10CAB000C011C2F8C891C2F860A1C2F878A1C2F84A
:10CAC0009851C2F8D051C2F8D8C1C2F8E0E1C2F81A
:10CAD00018E2C2F820C282ED777A82ED904A82EDA8
:10CAE000797A82ED7B7A82ED7D7A82ED7F7AC2ED72
:10CAF000817AC2ED837AC2ED857AC2ED877AC2ED82
:10CB0000897AC2ED8B7AC2ED8D7AC2ED8F7AC2ED51
:10CB1000917AC2F8E881C2F8F801C2F80002C2F8BE
:10CB20001082C2F83092C2F83812C2F84812C2F825
:10CB30004C02C2F85092C2F85402C2F8F0A1C2F8F6
:10CB400008A2C2F82852C2F85852C2F85C02C2F8D1
:10CB500060C2C2F868E2C2F888E2C2F8B8E2C2F87D
:10CB600090C2C2F8B0C2C2EDA13AC2EDA33AC2ED82
:10CB7000A53AC2EDA73AC2EDA93AC2EDAB2AC2ED81
:10CB8000AD2AC2EDAF2AC2F86402C2F8A092C2F880
:10CB90006C02C2F87082C2F88082C2F87402C2F8D5
:10CBA0007C020820C2F878A2C2F89852C2F8A852B3
:10CBB00007F586723C607E613E77DFF8C881DFF85A
:10CBC000C891C7E901230223FB6009F0C3FC684B4D
:10CBD00087F8EC603B62C7F8F060386187ED3F8A08
:10CBE00087ED408A87ED418A87ED428AC7E93D6635
:10CBF000FFF77EF8C7F8F000FFF77AF8C7F8F400FF
:10CC0000FFF776F804F11003C7F8F8000C203B603A
:10CC100009F0A0FC574B2034C7F80C0103603833EF
:10CC2000CDED068A436038338DED078A8360032398
:10CC300006A88DED088A87F810314FF481738DEDC9
:10CC4000098AA7F82431FFF7CDF8C9EE007A06A8C3
:10CC500068EE679A67EEA88ACDED079ACDED089A3F
:10CC6000CDED099ACDED068AFFF7BCF8C9EE007A42
:10CC70006B4603AA06A907F59470CDF814808DEDD4
:10CC8000068A8DED078A8DED088A8DED038A8DED7C
:10CC9000048A8DED009A8DED019A8DED029A67EE72
:10CCA000A99A67EEA87AC7ED469AC7ED457AC7ED0F
:10CCB000479AC7ED489A01F07DFE6B4603AA06A984
:10CCC00007F5C470CDF814808DED068A8DED078AC6
:10CCD0008DED088A8DED048A8DED009A8DED019A17
:10CCE0008DED029ACDF80C9001F064FE6B4603AA1C
:10CCF00006A907F5F470CDF81480CDF80C908DEDF1
:10CD0000068A8DED078A8DED088A8DED048A8DEDFA
:10CD1000009A8DED019A8DED029A01F04BFEC7F855
:10CD2000484207F51E7407F515708DED038A8DEDE9
:10CD3000048A04F5C05801F09FFD234643F8046CB3
:10CD400043E903660C339845F8D10B4D002205F5F5
:10CD5000C0512B4643F8042C43E903220C338B4289
:10CD6000F8D1064B0022064803A90FE018CD002099
:10CD7000CDCC4C3D70CC0020346A0020BCBF0020DC
:10CD8000400020000000FAC300004C43C3F87C229E
:10CD9000C3F88022C3F88422C3F88822C3F86E0245
:10CDA0000120F34EF34AC3F87462C3F8782283F883
:10CDB0006C02F148FEF7BEFF06A906960026079210
:10CDC000FEF7B8FFED494FF0FF3301F5005244F88C
:10CDD000046C083144E903660C3445F8046CA04542
:10CDE00045E9036641E90433C1F8F03F05F10C055C
:10CDF000C1F8F43FC2F8F83FC2F8FC3F42E9023301
:10CE000002F10802E3D1DFF8948307F5E044DFF88C
:10CE100090A3F7EE008A40469FEDD98A0AF2145992
:10CE2000F9F766FA5046D74901F02EFD4846D64933
:10CE3000A8F59A7501F028FD04F54C62DFF864B39B
:10CE4000A8F59070C2ED008A04F6C44297ED456AD9
:10CE500006A982ED008A04F6C842D7ED466A82ED43
:10CE6000008A04F6CC4297ED477A82ED008A04F6F8
:10CE7000D842D7ED487A82ED008A04F6DC4284F885
:10CE8000D06C82ED008A04F54E62A4F8E86C82ED65
:10CE9000008A04F6E442C4F8B80C82ED008AC4F8B3
:10CEA000BC5CC4F8B4BCC4F8D48C8DED066ACDED7E
:10CEB000076A8DED087ACDED097AFEF783FF04F657
:10CEC000F842A8F1C000C4F80CAD0BF1240AC2ED81
:10CED000008A04F6FC4284F8086D82ED008A07F5AA
:10CEE000FA42A4F8206D82ED008A04F60452C4F8D8
:10CEF000F45C82ED008A04F55162C4F8F00C82ED16
:10CF0000008A04F61452C4F8ECAC82ED008A04F6F0
:10CF100018528DED066A82ED008A04F61C52CDEDA2
:10CF2000076A82ED008A8DED087ACDED097AFEF769
:10CF300049FF04F5536204F6345E04F63C5CA8F144
:10CF40006000C2ED008A04F638528EED008A04F6C5
:10CF50004C5E82ED008A04F648528CED008A04F59E
:10CF6000556C82ED008A04F65452C4F824AD4FF09B
:10CF7000010AC4F8449D4FF00209C4F82C5D84F8FE
:10CF8000406DA4F8586DC4F8280D8EED008A8CED24
:10CF9000008A82ED008A8DED066ACDED076A8DED7F
:10CFA000087ACDED097AFEF70DFF43F23221DFF862
:10CFB000F8E1DFF8F8C1A8F59E73A4F86E1D0BF137
:10CFC0004801724AC4F85C1D04F674517048C1F8F7
:10CFD00000E004F67851C4F8600D07F5FB40C1F895
:10CFE00000C004F67C51C0F800C00A6004F6845109
:10CFF000A4F8706DC1F800C004F68851C4F8683D0B
:10D000000BF1AC030A6004F68C51C4F8986D81ED05
:10D01000008A04F55961C4F89CADC1F800E004F63B
:10D020009451C4F8A09D0A600BF1600184F8E46D8E
:10D03000C4F8A41D04F55C6184F8F86D81ED008AE4
:10D0400004F6C451534D81ED008A04F6C85181EDB8
:10D05000008A04F6CC5181ED008A04F55D6181ED12
:10D06000008A04F6D45181ED008A04F6D85181ED8E
:10D07000008A04F6DC5181ED008A04F55E6181EDE1
:10D08000008A4549C4F8E81DC4F8A81D2431C4F835
:10D09000EC1DC4F8AC0D4FF08030C4F8641E0BF1E9
:10D0A0008801C4F8780E48F28000C4F8FC1D04F62C
:10D0B0001861C4F8B05D81ED008A04F61C6184F843
:10D0C0003C6E81ED008A04F5626184F8706E81ED3A
:10D0D000008A04F62461C4F8743E81ED008A04F6E7
:10D0E0002861A4F87C0E81ED008A04F62C6181EDA4
:10D0F000008A04F5636181ED008A04F6346181EDF4
:10D10000008A04F6386181ED008A04F56461C1F893
:10D1100000E004F64461C1F800C004F648610A600A
:10D1200004F64C61C1F800C004F56561C1F800C0A7
:10D1300004F654610A6004F6586181ED008A04F631
:10D140005C61C1F800E004F566610A6005F1B402B3
:10D15000C4F8002E05F1C002C4F8042E0C3202F10E
:10D160002800C4F8082E01F07BFCBBEE046A27E01F
:10D17000000040430000C0421052002030820020D6
:10D18000000000003C4A0020FC4C002000009644B7
:10D19000404B4C0048CD002030CD002004520020F0
:10D1A00048C20020B42100200000FA440000FAC464
:10D1B0000000FA43000091430000C84200004843C9
:10D1C00004F6F46E5FED067A5FED065A05F118027B
:10D1D0008EED006A04F6F86E5FED096A04F56F6182
:10D1E000CEED007A04F6FC6E1FED0C7ACEED005AFF
:10D1F00007F5FE4EC4F8E02E05F17002CEED006A90
:10D2000004F6047E05F51D75C1ED005ACEED007AD9
:10D2100004F6087EA5F58871C4F8E42E8EED007A38
:10D2200004F60C7E783284F8ECAECEED006A04F59C
:10D23000716EC4F8206FA5F1E000CEED007A04F61F
:10D24000147EC4F824AFA5F1F80C8EED007A04F634
:10D25000187EC4F8289F05F16C038EED006A04F671
:10D260001C7EC4F82C6FCEED007A4FF0030EC4F88C
:10D27000309FC4F834EF0BF1C00EC4F8E82E002242
:10D28000C4F838EF04F6547E8EED008A04F6587E1A
:10D290008EED008A04F65C7E8EED008A04F5766ED3
:10D2A0008EED008A04F6647E8EED008A04F6687EB8
:10D2B0008EED008A04F66C7E8EED008A04F5776EA2
:10D2C0008EED008A04F6747E8EED008A84F8786F05
:10D2D000C4F8BC1FC4F83C1FC4F87C1F04F694714A
:10D2E000C4F844CF81ED008A04F69871C4F880CF69
:10D2F00081ED008A04F69C71C4F8C00F81ED008AAC
:10D3000004F57A6184F8B86F81ED008A04F6A4719F
:10D3100084F8CC6F81ED008A04F6A8712A7481ED3F
:10D32000008A04F6AC7185ED008A81ED008A04F56F
:10D330007B6185ED018A81ED008A04F6B47185ED8B
:10D34000028A81ED008AA0F1240185ED038AC4F8E8
:10D35000401FA0F10C0185ED0B8AC4F8841F0BF16E
:10D36000E80185ED0C8AC4F8D01F04F6EC716D4E0F
:10D3700081ED008A04F57F6181ED008A04F6F47185
:10D3800081ED008A04F6F87181ED008A04F6FC71E3
:10D3900081ED008A0BF1AC0185ED0D8AC5F8941082
:10D3A0004FF08031C5F8840048F28000C5F898102D
:10D3B00003F10C0185F8502085F89020A3F11802A4
:10D3C000C5ED155AC5ED185A85ED166A85ED1F6A2B
:10D3D000C5ED177AC5ED196AC5ED1C6AC5ED1A7A57
:10D3E00085ED1B7A85ED1E7AC5ED1D7AC5ED207A97
:10D3F000C4F8D42F6A61A5F89C0003F13400C4F886
:10D40000DC3F85ED0E8A85ED0F8A85ED108A85ED6E
:10D41000118A85ED128A85ED138AC5E90631A3F1DB
:10D420000C01C4F8D81F01F01BFBC5F85861A5F129
:10D43000C8063D490BF5867C0BF59473C5F8006171
:10D44000A5F13006C5F85C11C5F804613749384EBE
:10D45000DFF8ECE03748C5F810C1C5F818614FF4A3
:10D460007F46DFF8E0C0C5F81CE1C5F820C1C5F86B
:10D47000383185F80CA185F81491C5F82401C5F858
:10D4800028011220A5F8346185ED528A85ED538A72
:10D4900085ED548A85ED558AC5E94B11062185F83D
:10D4A000441109F057F8002206461220C6E901226D
:10D4B000F2603282C5F83C6109F04CF805F5927EC5
:10D4C000C5F84001B4460646BEE80F005EF8109964
:10D4D000ACE80F00BEE80F00ACF800900FC6D7E92B
:10D4E00004EC05F58873A6F800900EEB8C000CF1A7
:10D4F000020AA3F52471A3F170060F4A4EF82C100E
:10D500004660A8F512700D49C7F814A0C4F8E83EAB
:10D51000C5F808310BB0BDEC048BBDE8F04F01F04D
:10D520008FBC00BF000040400000E0400000FFFF53
:10D53000CDCC4C3FFF0000FFAC2B0020614200002F
:10D540006666663F6666D64030BFFDE700000000B5
:10D550002DE9F04F83B00190806808B109F002F81E
:10D56000019B5B68002B00F0F18053F8042C02EB68
:10D57000C20203EB82029342009200F0DF80009B24
:10D5800053F81C0C243B009308B108F0EBFF009B00
:10D590005B68002B00F0CC8053F8042C02EBC20235
:10D5A00003EB82094B4500F0BF8059F81C0CA9F130
:10D5B000240908B108F0D6FFD9F80430002B00F098
:10D5C000AE8053F8042C02EBC20203EB8208434501
:10D5D00000F0A18058F81C0CA8F1240808B108F04C
:10D5E000C1FFD8F80430002B00F0908053F8047C81
:10D5F00007EBC70703EB8707BB4200F0838057F8B0
:10D600001C0C243F08B108F0ADFF7B68002B74D0E0
:10D6100053F8046C06EBC60603EB8606B34268D0EB
:10D6200056F81C0C243E08B108F09CFF7368002BD0
:10D630005CD053F8045C05EBC50503EB8505AB42F4
:10D6400050D055F81C0C243D08B108F08BFF6B68D6
:10D65000002B44D053F8044C04EBC40403EB8404C3
:10D66000A34238D054F81C0C243C08B108F07AFFCF
:10D6700062686AB352F8043C03EBC30302EB830B0A
:10D680005A4521D05BF81C0CABF1240B08B108F013
:10D6900069FFDBF80420A2B152F8040C00EBC000D3
:10D6A00002EB800A524508D0AAF1240A5046FFF73F
:10D6B0004FFFDBF804205245F6D1AAF1080008F02C
:10D6C00051FF62685A45DDD1ABF1080008F04AFF0E
:10D6D0006B68A342C6D1A4F1080008F043FF736849
:10D6E000AB42AED1A5F1080008F03CFF7B68B34225
:10D6F00096D1A6F1080008F035FFD8F80430BB42F7
:10D700007FF47DAFA7F1080008F02CFFD9F80430B2
:10D7100043457FF45FAFA8F1080008F023FF009BAA
:10D720005B684B457FF441AFA9F1080008F01AFF90
:10D73000019B009A5B6893427FF421AF009BA3F1A9
:10D74000080003B0BDE8F04F08F00CBF03B0BDE81F
:10D75000F08F00BF00234FF07E52DFED517A30B5DD
:10D760002DED068B026095B04360044683600D4644
:10D77000C3604B7BD1ED008A91ED019A012B91EDB5
:10D78000028A68EEA78A29EE279A28EE278A05D111
:10D79000F0EE687AF0EE488AB0EE678AF6EE00AAFC
:10D7A00068EEAA8A29EE2A9A28EE2A8AB0EE680A3A
:10D7B00001F05EFEB0EE40AAB0EE490A01F058FE5C
:10D7C000F0EE409AB0EE480A01F052FEF0EE407AD8
:10D7D000B0EE680AF0EE678A01F04EFFF0EE407A94
:10D7E000B0EE490AB0EE679A01F046FFF0EE407ADB
:10D7F000B0EE480AB0EE678A01F03EFF00232A7BB4
:10D800008DED009A8DED01AA029303938DED048AAC
:10D810000593CDED069A07938DED080A09930A93B7
:10D82000CDED0B8A052A1BD8DFE802F01A282F322B
:10D8300003216A4608A90CA8FCF744F804AA0CA91D
:10D8400010A8FCF73FF810981199129A139B2060CA
:10D8500020466160A260E36015B0BDEC068B30BD70
:10D8600004AA69460CA8FCF72DF808AAE7E704AA61
:10D8700008A90CA8FCF726F86A46E0E708AA69465A
:10D880000CA8FCF71FF804AAD9E76A4604A9E9E73F
:10D8900008AA04A90CA8FCF715F86A46CFE700BF50
:10D8A00035FA8E3C2DE9F04F2DED108BB7B0834645
:10D8B000047F02AF002C7FD000259FEDA48AA44EE8
:10D8C00065E0DBF800309B6998470146224607F186
:10D8D00060000B689B6898473269DBF8043007F1F9
:10D8E000800C126807F15400D3ED095A93ED086AD1
:10D8F000D3ED0A7A07F1900397ED197AD7ED186AFC
:10D9000077EE887A916E37EE257A76EE866A0A6827
:10D91000D2F8008007F17002C7ED1C6A87ED1D7A0E
:10D92000C7ED1E7A87ED248A87ED258A87ED268A42
:10D9300087ED208A87ED218A87ED228ACDF800C005
:10D94000C047DBF8003058469B699847036821467A
:10D950001B69984797F85420034658461A70DBF81D
:10D9600000309B699847036821461B69984797F8E0
:10D970005520034658465A70DBF800309B6998479B
:10D98000036821461B69984797F856308370DBF887
:10D9900000305846ACB29B6998470368DB699847EA
:10D9A000034658469D4205F101058AD3D437BD464A
:10D9B000BDEC108BBDE8F08FD0E90123C7F808D08B
:10D9C000586899681D68DB68506007F180009160B5
:10D9D00002F11001D3601560FBF774FFDBF80C3027
:10D9E00007F1700207F180013B6707F19000DBF857
:10D9F00010307B67DBF81430BB67DBF81830FB674F
:10DA0000FBF760FF534B5946D7F8902007F13800D9
:10DA10001A60D7F894205A60D7F898209A60D7F8FF
:10DA20009C20DA60DBF800301B689847DBF8003098
:10DA3000594607F140005B68984797ED0E5AD7EDBD
:10DA40000F5A002397ED106AF6EE004AD7ED116ADF
:10DA500036EE057AC7F8903076EEA57AC7F894309E
:10DA6000C7F89830C7F89C3027EE247AC7F8A03062
:10DA700067EEA47AC7F8A430354BC7F8B040197DDB
:10DA800087ED2D5AC7ED2E5A87ED2F6AC7ED306A04
:10DA900087ED317AC7ED327AA7F8CC40C7E92A443E
:10DAA000002900F0658501252246294B1B6953F8A2
:10DAB000223093F86C20002A40F0BE820134E2B29A
:10DAC0009142F2D86C2305FB03F3073323F00703DD
:10DAD000ADEB030D6B1E02AABA62BDB16C22BC6A2B
:10DAE000A01802FB03002346002200241A606C33B6
:10DAF00043F8382C43F8342C43F8302C43F82C2CC2
:10DB000003F8084C43F8042C9842EFD1002900F0A8
:10DB10001B830023DFED10BAD946C7E9033306E0C3
:10DB2000FB680133FB60DBB2994240F20C83084A88
:10DB3000126952F823209B003B6392F86C307A63A1
:10DB4000002BEDD04FF0000A9DE000BF0000000068
:10DB5000BC4F002020D100206F12833AB4EECA9A45
:10DB6000F1EE10FAB4EECB9A7AFE097AF1EE10FAE1
:10DB7000F4EEE9AA54BFB0EE497AB0EE4B7AF1EE7A
:10DB800010FA40F31B82F4EEE98AF1EE10FAF4EE9B
:10DB9000EA8A39FEA86AF1EE10FA54BFF0EE686A1C
:10DBA000F0EE6A6A6C23F96ABC6A002003FB01F19B
:10DBB000D7ED2F5A0C440B46796AF4EEE57A62648D
:10DBC0003433E062F1EE10FA2063C4ED00FA84ED24
:10DBD00001AAC4ED029A84ED03BAC4ED04AA84ED4F
:10DBE000059AC4ED068AC4ED07EA84ED08EAC4ED9F
:10DBF00009DA84ED0ADAC4ED0D7A84ED0E6A84ED5B
:10DC00000F7AC4ED106AC4E91215396A84F86410F9
:10DC1000B969A165F969C4E91486E1657969BA6AE7
:10DC20002166134484ED1AFA29D5D7ED2D7AF4EE46
:10DC3000C77AF1EE10FA22D593ED017AD7ED307A5A
:10DC4000B4EEE77AF1EE10FA19D5D7ED2E7AF4EEAC
:10DC5000E76AF1EE10FA12DDB7F8A860B7F8AA503B
:10DC6000AE4200F0C281B7F8CC20D7F8B030013214
:10DC700043F826400136A7F8CC20A7F8A8600AF19F
:10DC800001031FFA83FA7B6B586E3B6953449BB2C6
:10DC9000FB6203685B689847824580F2DB81E44E53
:10DCA0004FEA8A183A6B3369D9F804409B58586E8A
:10DCB000D9F80C303B66D9F810307B66D9F81430AF
:10DCC000BB66D9F81830FB6603681B6998473A6B46
:10DCD000336900EB8A1B05469B589BF83C207B630D
:10DCE0009B6E3A627B6242B1DBF80C30BB61DBF8C1
:10DCF0001030FB61DBF814307B6104F11006224622
:10DD000007F180003146FBF7DDFD07F1600207F106
:10DD1000800107F17000FBF7D5FD55F8085094ED30
:10DD2000095A07F17001D4ED0A5A07F1480094ED41
:10DD3000086A07F15402D5ED016A95ED027AD5ED36
:10DD4000007A76EEC56A37EE657A77EEC67AC7ED69
:10DD5000166A87ED177AC7ED157AFBF761FE94ED29
:10DD60000B7A3146D4ED0C7A224697ED12AA07F1D0
:10DD70008000D7ED139A2AEE07AAD4ED0DCA69EEFA
:10DD8000A79A97ED14DAFBF79DFD07F1600207F102
:10DD9000800107F17000FBF795FDDBF8048094ED3E
:10DDA000095A07F15402D4ED0A5A07F1700194EDB3
:10DDB000086A07F14800D8ED016A98ED027AD8EDBB
:10DDC000007A76EEC56A37EE657A77EEC67AC7EDE9
:10DDD000166A87ED177AC7ED157AFBF721FE94EDE9
:10DDE0000B6A3146D4ED0C6A224697ED147A07F19E
:10DDF0008000D4ED0D7A97ED12BAD7ED13AA27EE75
:10DE000027CA2BEE06BA6AEEA6AAFBF75BFD07F15E
:10DE1000600207F1800107F17000FBF753FDDBF8AA
:10DE2000086094ED095A07F15402D4ED0A5A07F13B
:10DE3000480094ED086A07F17001D6ED016A96ED8D
:10DE4000027AD6ED007A76EEC56A37EE657A77EE1D
:10DE5000C67AC7ED166A87ED177AC7ED157AFBF714
:10DE6000DFFDD5ED027A3AEEE9EA98ED028A7BEE23
:10DE70004AEAD5ED006A0BF1300238EE678A95ED7B
:10DE8000017AD8ED004A98ED015A94ED0B6A74EED0
:10DE9000E64AD4ED0C7A35EE475A94ED0D4A97EDEB
:10DEA000129AD7ED138AD7ED143A29EE069A8BED24
:10DEB000088A68EEA78A95ED027AD6ED026A79EEB5
:10DEC0004ADACBED064A76EEC76AD6ED005AB0EED6
:10DED0004C7AD5ED002A8BED075A6DEECE7A96ED91
:10DEE000016A75EEE25A95ED013AADEE2C7A64EED8
:10DEF000E6CACBED0B6A36EE436ACBED095A25EE46
:10DF000065CAE5EE88CA28EE468A8BED0A6AA6EE57
:10DF100024CA38EEE9DAA6EE858AA3EE847A2CEEDE
:10DF2000AC0AEEEE8D7AF0EE084AB7EE005AA8EE93
:10DF3000080A87EE24FAACEE0C0AC5EE27FAB5EE15
:10DF4000400AF1EE10FA00F15883B1EEC07AF7EE14
:10DF5000006A77EE667AF0EEE77AF4EEEB7AF1EEAD
:10DF600010FA0AD4B5EE407AF1EE10FA36D088EE07
:10DF7000078ACCEE87CA8CEE07CA8BED0C8ACBEDF4
:10DF80000DCA8BED0ECAB4EECABAF1EE10FA3FF725
:10DF9000E5ADB4EECB9AF1EE10FAB4EECA9A7BFE80
:10DFA000097AF1EE10FAF4EEE9AA54BFB0EE497A1C
:10DFB000B0EE4A7AF1EE10FA3FF7E5ADF4EEEA8AF8
:10DFC000F1EE10FAF4EEE98A3AFEA86AF1EE10FAE0
:10DFD00054BFF0EE686AF0EE696AE3E59FED15CA9A
:10DFE000F0EE66CAB0EE4C8AC7E7002E37D1D7F8FC
:10DFF000B0304FF008082020FB6208F0ABFAC7F8F9
:10E00000B000002340F825300135ADB2A845F9D85D
:10E01000FB6A4BB1184608F0A5FA054B3A6B1B6931
:10E02000B7F8A8609B587B63A7F8AA801BE600BFDF
:10E03000BC4F002000000000586E013403685B688C
:10E040009847BD4BE2B22844197D85B291423FF614
:10E050002CAD37E5FB6A3B61B74B197D60E54FEAB4
:10E060004608D7F8B0501FFA88F8FD624FEA8800DA
:10E0700008F070FAC7F8B000B8F1000FC8D04645F4
:10E08000B646C5F30202294628BFC646BEF1080FB0
:10E0900094BF00230123002A18BF0023002B00F0A7
:10E0A00023812B1DC31A082B40F21E81BEF1000FE5
:10E0B00000F1200C00F1100201F1100114BF7346B1
:10E0C00001231D467B629D4BAD08013DADB20CEBBB
:10E0D000051C1D0C03F1040B1032002310316BF3EF
:10E0E0000F03944505F1040B05F1010511ED086BD3
:10E0F00011ED067B6BF31F43ADB202ED086B02ED31
:10E10000067BE6D1796A21F003028A4293B216D0E7
:10E110005D1CF96AADB251F82320754540F8232003
:10E120000DD251F8252040F825209D1CADB2754533
:10E1300005D251F82520033340F825209DB2A8458B
:10E140003FF65FAF64E7CB4600219FED7D8ADFEDB0
:10E150007D8A07F1A8000D469FED7B9AFBF7D4FC62
:10E160002E46DBF800305846ACB29B6998470368EE
:10E17000DB699847A04240F2AB80DBF8003058469C
:10E180009B6998470146224607F180000B689B680F
:10E190009847D7F8AC30D7ED207AD7ED214A002B3D
:10E1A00000F0AA8193ED037AB4EEE77AF1EE10FA6B
:10E1B00015D893ED057AB4EEE77AF1EE10FA0EDB9E
:10E1C00093ED047AB4EEE47AF1EE10FA07D893ED09
:10E1D000067AB4EEE47AF1EE10FA80F2928093EDD2
:10E1E0000C7AF4EEC77AF1EE10FA15DB93ED0E7AA5
:10E1F000B4EEE77AF1EE10FA0EDB93ED0D7AB4EEA1
:10E20000E47AF1EE10FA07D893ED0F7AF4EEC74AEC
:10E21000F1EE10FA40F2178193ED157AB4EEE77A39
:10E22000F1EE10FA15D893ED177AB4EEE77AF1EE25
:10E2300010FA0EDB93ED167AF4EEC74AF1EE10FAFF
:10E2400007DB93ED187AF4EEC74AF1EE10FA40F2CC
:10E25000FD8093ED1E7AF4EEC77AF1EE10FA15DB2D
:10E2600093ED207AF4EEC77AF1EE10FA0ED893ED22
:10E270001F7AF4EEC74AF1EE10FA07DB93ED217A2C
:10E28000F4EEC74AF1EE10FA40F2E380DBF800301A
:10E2900058469B699847036821461B69984703467F
:10E2A00058461E70DBF800309B699847036821468A
:10E2B0001B699847034658465E70DBF800309B693F
:10E2C0009847036821461B6998478670013548E7DF
:10E2D00007F1A800FFF73CF9D7F808D0D437BD46BE
:10E2E000BDEC108BBDE8F08FFB6A00251A1F031FE1
:10E2F000013552F8041FADB243F8041F7545F7D33A
:10E300001DE71A465368002B7FF44CAF1088002895
:10E31000BCD0D2F808E04FF0000CF7EE002AF0EE87
:10E32000481AAEF10401B0EE482AE046B0EE481AB1
:10E330006246B0EE684A0CE0BC4F002002000300C9
:10E3400000000000FFFF7F7F6F12833A013290428E
:10E3500051D051F8043F93ED1A6AB4EEC64AF1EE7B
:10E3600010FAF3DDD3ED026A93ED015A74EEE66A1A
:10E3700093ED097A37EEC55AD3ED0A3AD3ED005A38
:10E3800027EE667AA5EE237A27EE257AB5EEC07AD7
:10E39000F1EE10FADAD493ED073AD3ED083A66EECF
:10E3A000836AE5EE636A65EEA65AF5EEC05AF1EEB1
:10E3B00010FACBD4B4EEE27AF1EE10FAC6DCF4EE49
:10E3C000E25AF1EE10FAC1DC72EEC76A76EEE56A47
:10E3D000F5EEC06AF1EE10FAB8DB90460132F0EECD
:10E3E000651A4FF0010C9042B0EE472AB0EE661A63
:10E3F000B0EE464AADD1BCF1000F2DD1E046E1466A
:10E40000E246DBF8003058469B699847036821468E
:10E410001B69984780F800A0DBF8003058469B69DC
:10E420009847036821461B69984780F80190DBF8FC
:10E43000003058469B699847036821461B699847F6
:10E4400080F8028042E703F124025BE703F148020F
:10E4500058E703F16C0255E75EF828301A6D92ED2B
:10E46000017AD2ED027AD2ED006A22EE077ADA6CF6
:10E4700062EE277A62EE266A92ED005AD2ED015AD8
:10E4800092ED026AE5EE016AA5EE817A5A6DE6EE3A
:10E49000017A92ED005AD2ED015A92ED026AE5EE50
:10E4A000216A93F86420A5EEA17AE6EE217AC7ED01
:10E4B0001C6A87ED1D7AC7ED1E7A02BBF0EE487A22
:10E4C000B0EE487A07F16000D3E911310A68D2F85A
:10E4D000008007F1800287ED207AC7ED217A87ED71
:10E4E000228A009207F17002C04797F860A097F85F
:10E4F000619097F8628084E707F1A80206E7F7EEDB
:10E50000007A9A6D71EE677AF0EEE77AF4EEC97AE6
:10E51000F1EE10FA52D592ED006A92ED011AF7EE83
:10E52000007ADA6D72EE677AF0EEE77AF4EEC97A85
:10E53000F1EE10FA32D592ED007AD2ED017AF7EED3
:10E54000006A1A6E37EE067A77EE817A71EEE66A25
:10E55000F0EEE66AF4EEC96AF1EE10FA0ED5D2EDED
:10E56000006AD2ED011A37EE267A77EEA17AA9E792
:10E570009CB00B4602AABA62FFF7B0BAF0EEE16AAD
:10E58000F4EEC96AF1EE10FA28D4D2ED006A92EDE9
:10E59000016A61EEA66A61EE861AE4E7F0EEC27ADD
:10E5A000F4EEC97AF1EE10FA22D492ED007AD2EDAF
:10E5B000017A22EE077A62EE277AC0E7F0EEC17A9E
:10E5C000F4EEC97AF1EE10FA0DD492ED006AD2EDB4
:10E5D000017A21EE066A21EE271AA0E7F0EE481A2A
:10E5E000F0EE486ABFE7B0EE481AB0EE486A96E728
:10E5F000F0EE487AB0EE487AA1E77A6000F026FCA7
:10E600007A68B0EE407AA2E41C4A538A98421CDA37
:10E61000938AD3B100B5137A5BB1022B16D0012BCC
:10E6200023D09389B2F80AC0013B1B1A1BB20CFB22
:10E6300003F0936900EB4000B1F800C01A1823F80A
:10E6400000C08B7893705DF804FB7047B2F80AE065
:10E65000B2F80CC00EF1FF330CF1FF3C1B1A0FFA9D
:10E660008CFC1BB20EFB0C30E3E7B2F80AC00CF1D5
:10E67000FF331BB20CFB0030DBE700BF304800204B
:10E68000B4EE400BF1EE10FA80F1A580B0EEC07B45
:10E690009FED6B6BB4EE467BF1EE10FA00F39080C9
:10E6A0009FED697BB4EEC70BF1EE10FA00F38180A9
:10E6B0009FED677BB4EEC70BF1EE10FA00F1B68068
:10E6C000B5EEC00B30B5F1EE10FA2DED028B8DB02A
:10E6D0007DD400259FED607B30EE070BFCEEC07B08
:10E6E000B8EE678B17EE903A30EE488B002B76D160
:10E6F000302321208DF82D303DB101382D22C0B2BC
:10E7000000F130036B4403F8242C554C23782BB1D3
:10E7100003ABC0F122011844FBF7D4FBB2EE046B4B
:10E720002E2322788DF80C3028EE067BFCEEC75B9A
:10E73000CDED015A9DF8043005EE903A3033B8EE35
:10E74000E55B8DF80D3037EE457B27EE067BFCEE62
:10E75000C75BCDED015A9DF8043005EE903A303399
:10E76000B8EEE55B8DF80E3037EE457B27EE067B85
:10E77000FCEEC75BCDED015A9DF8043005EE903AF2
:10E780003033B8EEE55B8DF80F3037EE457B27EE82
:10E79000067BBCEEC77B17EE103A30338DF8103095
:10E7A0001AB1052103A8FBF78DFB0DB0BDEC028B60
:10E7B00030BD2B4B1B788BB103212A48FBF782BB62
:10E7C000274B1B7853B103212748FBF77BBBB1EEE6
:10E7D000400B01257EE7224B1B7863BB7047234C1F
:10E7E000092B4FF02100A4FB032E4FEADE0E0EEBA7
:10E7F0008E02A3EB420202F130028DF82D207FF64B
:10E800007BAFA4FB0E3201387146D208C0B2092991
:10E8100002EB820300F1300CAEEB43039646EC446E
:10E8200003F130030CF8243CEBD865E70C4B1B7864
:10E83000002BC1D1704703210D48FBF743BB00BF3C
:10E84000FFFFFFFFFFFFEF7F000000E0FFFFEF4152
:10E85000000000E0FFFFEFC12F431CEBE2360A3F50
:10E86000B0370020242900206C270020CDCCCCCC50
:10E8700074270020000000000023036043608360D1
:10E88000C360036143617047494B024670B540F86D
:10E890000C3B02F59C75FFF7EFFF002402F1240307
:10E8A00002F1300040F8044C40E903440C30A84227
:10E8B000F8D102F51075002440F8044C40E90344F7
:10E8C0000C30A842F8D1002002F2FC4582F8F44452
:10E8D000F6EE004A286002F59676686002F204556A
:10E8E0004FF0000E4FF6FF7C2860686002F20C5576
:10E8F0002860686002F23220516002F1100592ED4A
:10E90000057A043192ED065AD2ED037A92ED046A4B
:10E910001472A3F800E0033303F801ECA3F805E157
:10E9200083F807E151ED016AD1ED005AF4EEE76A90
:10E93000F1EE10FAF4EEC65A77FEA67AF1EE10FA6E
:10E94000F4EEC76AD4BF0C462C46F1EE10FA01F182
:10E950000801B4EEE55A94ED006AC2ED037A58BF9F
:10E96000B0EE667A82ED046AF1EE10FA77EE275A7D
:10E97000D8BF11ED025A9E4282ED057A75EE066A05
:10E9800082ED065A65EEA45A66EEA46AC2ED075AF5
:10E99000C2ED086A20F802CFA0F8B0C0A0F860C1AC
:10E9A000A0F810C2B5D11046BDE87040F7F752BBD1
:10E9B000202300208C464FF07E5170B50446016044
:10E9C00001618CB0816300201D461646206205A9B6
:10E9D000E062A0646065DCF80030606205931F4B64
:10E9E000A062B3F800E09A6820636063E064206589
:10E9F000A065E0659CED017ADCED027A6060D3F8F9
:10EA000004C0A060E0606061A061E061E063206438
:10EA1000606401A8DB680A920B938DED067ACDED58
:10EA2000077AADF820E0CDF824C0FEF793FE019BF5
:10EA3000049A2361029BE2616361039B7268A36194
:10EA4000336829682362B3686262A3626A68AB684C
:10EA5000E162226363630CB070BD00BFBC4800205C
:10EA600000234FF07E52436002608360C360026106
:10EA700043618361C361036243628362C262026372
:10EA800042638263C363036443648364C364036552
:10EA900043658365C36570472DE9F8430024BA4D8B
:10EAA0004FF47A79B94FBA4B2146DFF89083882228
:10EAB0002C7305F11A002C832B612F60C5F814808C
:10EAC000B44EC5E9014901F069FB2146A5F8A24011
:10EAD000892205F1A50085F8A44001F05FFBAE4B4B
:10EAE0002146C5F82E41336108F15003A5F83241A3
:10EAF0008822347306F11A003483736185F8344137
:10EB00003760C6E90149C5E94E4401F047FB21469B
:10EB1000A6F8A240892206F1A500A04D86F8A440DF
:10EB200001F03CFB08F1A0032146C6F82E418822E3
:10EB30006B6105F11A009A4BA6F832416C602C7398
:10EB40002C83C5F808902B6186F834412F60C6E904
:10EB50004E4401F023FB2146A5F8A240892205F18D
:10EB6000A50085F8A44001F019FB8E4B8E4A8F4911
:10EB70001A6007F11C028E485A608E4A9C819C7371
:10EB80009A608D4B086007F174009C81CC379C73B0
:10EB9000C5F82E41A5F8324185F834418C818C733B
:10EBA00048608648864A986086485F60864F874EF0
:10EBB000C5E94E44864C8C60864C87491C6000F049
:10EBC0003FF97F4A8449854800F03AF97C4A8249F6
:10EBD000834800F035F97A4A8249834800F030F9D9
:10EBE000774A8249824800F02BF9824B00224FF08D
:10EBF0007E515A6019609A60DA60FDF7A1FB7E4B86
:10EC00007E4804211A681B68317041185B0807EEC2
:10EC1000103A53087A4AB8EEC77B06EE103A3A60CB
:10EC200020F01F03B8EEC66B9FED555B27EE057B0A
:10EC300026EE056BFCEEC77B17EE902ABCEEC66B8A
:10EC40000132028016EE102A4280BFF34F8F4FF040
:10EC5000E022C2F8683F20339942FAD8BFF34F8FC1
:10EC6000BFF36F8F337813B300254FF0E024A8462D
:10EC700038684FF452620021284401F08FFA3A6854
:10EC80002A4422F01F0302F55262BFF34F8FC4F8EB
:10EC9000683F20339A42FAD8BFF34F8FBFF36F8F8C
:10ECA00008F10108337805F552659845E0DB554BCE
:10ECB000002203F5C04143F8042C43E903220C333E
:10ECC0009942F8D150480126504B82825A639A6388
:10ECD0008261826282864E494E4C196201F5405132
:10ECE0004D4D5962DE751D60DC624C498683C0E97A
:10ECF0000822C0E90E22C0E9102205224260C2604B
:10ED00004FF0FF320261C262FF2283F828204FF0E9
:10ED10004012C3F80A20424B294A0360042383604F
:10ED20006FF47F03036300F08BF83E4B3E4A04F21E
:10ED30002C613E481E7004F503731060002243F8F6
:10ED4000042C43E903220C339942F8D1384B0120BB
:10ED50003849D875FF2001F504745A639A6383F823
:10ED6000280001F58460344A1D60D862C3F80A2087
:10ED7000C3E90814BDE8F843FDF760BBAFF30080BA
:10ED8000F9978B952411E23ED03900207C23002096
:10ED900000003F40103B002000803F40503C0020DE
:10EDA00000C03F408039002000C01A40A039002038
:10EDB00000001B4070390020C0390020B03900200D
:10EDC000AC2B00204C370020F8360020754900207D
:10EDD0009039002000000242CD91000054370020FD
:10EDE00068370020F1900000442B0020559100006E
:10EDF000FC2A002020D10020E82A002070370020C3
:10EE00004833202060D9002070480020F0470020BF
:10EE100054D9002030D10020A8240020B96E000071
:10EE2000A41D002079490020C4410020803020200A
:10EE30003048002030D30020B0000100002A0060DC
:10EE400003460846194601F0FBB900BF08B52DED91
:10EE5000028BB0EE408A00F007FBB4EE488AF1EE78
:10EE600010FA06D6DFED098AB4EEE88AF1EE10FA60
:10EE700002D4BDEC028B08BD01F036F988EEA80A79
:10EE8000BDEC028B2123036008BD00BF0000000021
:10EE90002DE9F04F5BEC10AB2DED0A8B4FEA1B5CBC
:10EEA00011EE90EA0CF1FF3640F2FD70864210EE52
:10EEB000101A11EE103A89B05A4665464FEA1E54B0
:10EEC00000F2C680C4F30A06A6F2BE367F2E98BFB3
:10EED000002000F2BD80BFEE000BE14CE14B14447A
:10EEE000C4F3463503EB451693ED006B93ED027BBF
:10EEF00096ED128B96ED189B96ED162B260D24158C
:10EF000005EE904A360593ED0C4BB8EEE55B951B8C
:10EF1000A5EE062BA5EE079B93ED04AB93ED105BDE
:10EF200093ED08BB93ED067B93ED0A6B93ED0E3BDF
:10EF30000C1E45EC1C4BACEE080BA0EE053BA0EE06
:10EF4000046B20EE0A5B30EE024B20EE058BA0EE48
:10EF50000B7BA8EE036B32EE442BA8EE067B32EE61
:10EF6000002BB0EE483B39EE022B95EE003B34EE21
:10EF7000085B20EE080B34EE454B32EE036B34EEAB
:10EF8000084B36EE046BA0EE076B35EE064B21EE18
:10EF9000048B18EE902AB0EE487BC2F30A556FF44A
:10EFA0007273EB183E2B91EE047B35EE445B35EE2D
:10EFB000065BA1EE057B00F29380AB4B93ED024B19
:10EFC00093ED005BB0EE441B93ED042BA8EE051B04
:10EFD00093ED066B11EE101A31EE441B01F07F0227
:10EFE00093ED0E4BA1EE028BA1EE068B93ED0C6B15
:10EFF00037EE087B27EE072B921802F10F0403EB84
:10F00000C202A7EE046B92ED1C4B03EBC40293ED1E
:10F010000A3B93ED085B53F834605768A7EE035B37
:10F020004018002422EE023B37EE047BA219A2EE28
:10F03000057B07EB4033A3EE067B002D5FD043EC4E
:10F04000102BA7EE000B09B0BDEC0A8BBDE8F08FCA
:10F05000D8184EEB0E09461E37466FF0010849F1ED
:10F06000FF36B8456FF4001777EB0606C0F0208135
:10F07000481842EB0209461E374669F10006B845BA
:10F080006FF4001777EB0606C0F03981002A6ADBBF
:10F090000020C4F30A06A6F2BE337F2B40F2FF77AE
:10F0A0004FD9724B00209A4208BF814200F0FD8088
:10F0B00040F2BD35AE4240F29180012972EB03036C
:10F0C00034BF01230023BC428CBF00240124A3428F
:10F0D0000ED109B0BDEC0A8BBDE8F04F00F0E4BBE7
:10F0E000002BC0F2CE80B5F5816F75D9002AF0DB18
:10F0F00009B0BDEC0A8BBDE8F04F00F0DDBBA142CA
:10F1000080F21381B7EE003B03F17F5101F500114E
:10F11000104641EC150B27EE057B35EE076BB0EE84
:10F12000C64BB4EEC34BF1EE10FA61D49FED480B21
:10F1300026EE000B09B0BDEC0A8BBDE8F04F00F0E5
:10F14000EBBB002D7FF4C7AE9FED437B4BEC16ABC2
:10F1500026EE077B53EC172B23F0004217EE101A14
:10F16000A2F15072B7E6C4F30A0640F2FE308642BE
:10F170007EDD40F23340864200F3FA80801BA0F12E
:10F1800020054FF0FF374FF0FF39874009FA05F9A6
:10F19000C0F12008019547EA09054FF0FF3727FA2B
:10F1A00008F945EA0905874023EA07072EEA05051D
:10F1B0003D435DD1019DC3400EFA08F843EA0803C0
:10F1C0002EFA05FE43EA0E0303F00103980422F031
:10F1D0000042CCF30A055EE70025EEE68842934143
:10F1E000B7EE000B34BF31EE000B30EE410B2AE7D7
:10F1F000B5EEC06BF1EE10FA35EE465BBFEE004B9C
:10F2000035EE075B58BFB0EE434B36EE043B34EEB1
:10F21000437B37EE067B37EE057B37EE037B37EE1D
:10F22000446BB5EE406BF1EE10FA04D12A4601F0C2
:10F23000004343EC162B9FED065B8DED045B9DEDCB
:10F24000047B27EE057B8DED067B6FE7AFF3008037
:10F25000000000000000100000000000000030432B
:10F26000AB6A19C0E00B0020800200200000F03FD4
:10F270004BEC10AB09B0BDEC0A8BBDE8F04F00F0D1
:10F280003BBBB7EE000B38EE000B00283FF4DBAEC3
:10F29000B1EE400BD7E64918594B82F400224FF0EB
:10F2A00000005241884293415DD3B7EE000BCAE69D
:10F2B00050EA0904EFD0534C0025A24208BFA942EE
:10F2C00047D04918504B52418D4273EB02044AD348
:10F2D000994508BFA84246D103F100439A4208BFAE
:10F2E000A942E2D09A426FEA0E0E34BF00220122F8
:10F2F0004FEADE7E724577D09FED3D0BA3E64BECE7
:10F3000017AB002A27EE070B34DB002250EA09096D
:10F310005DD1BEF1000FBFF696AE104609B0BDEC50
:10F320000A8BBDE8F04F00F0CFBA03F140419FEDEA
:10F33000326B01F57001104641EC100BA7EE000B8B
:10F3400020EE060B09B0BDEC0A8BBDE8F04F00F0D3
:10F35000EFBADB182A4A8EF4002E4EEB0E0E9D42B9
:10F3600072EB0E02A1D24BEC17AB37EE010B6AE643
:10F3700000202CE7C4F30A02A2F2FF313429C4D8DA
:10F38000C2F586624FF0FF31A2F11D05033201FA8A
:10F3900005F701FA02F4C2F120063C4321FA06F710
:10F3A0003C43914023EA01012EEA04042143ACD1FD
:10F3B00023FA02F20EFA06F632432EFA05F52A4334
:10F3C00012F00102A2D0B1EE400B01229EE7BEF185
:10F3D000000FBFF638AEB7EE006B86EE007B8DED0A
:10F3E000027B9DED020B2EE621EE010B2BE600BF0A
:10F3F0000000000000000000000000000000007F8E
:10F400000000F0FF0000F03F0000E0FF00F0A4BAB1
:10F4100008B52DED028BF0EE408AB0EE608A00F068
:10F4200041FBF4EE488AF1EE10FA06D6DFED098AC8
:10F43000B4EE688AF1EE10FA02D0BDEC028B08BD82
:10F4400000F052FE88EEA80ABDEC028B2123036077
:10F4500008BD00BF0000000010EE103A23F000438A
:10F4600000EE103A704700BFB1EEC00A704700BF0F
:10F4700030B510EE104AC4F30A53B3F57D7FB7EEF2
:10F48000C06A83B01BD226EE065BB3F5667F6ED3EF
:10F4900026EE052B25EE021B734B93ED1A3B93EDE5
:10F4A000187B93ED164BA5EE037BA2EE046BB0EE3A
:10F4B000460BA7EE010BB7EEC00B03B030BD40F218
:10F4C0002E4293425ED8684991ED087B26EE077B79
:10F4D000FDEEC77B91ED0A5B17EE903A03F5000352
:10F4E0001B1613F0020F07EE903A01F1700208BFED
:10F4F0000A46D807B8EEE77BA7EE456B26EE067BFB
:10F500001BD403F0030301EBC30192ED1A4B91ED01
:10F51000002B92ED185B26EE026B92ED163BA7EEE8
:10F52000045B26EE074B27EE047BA4EE036BA5EEEF
:10F53000076BB7EEC60B03B030BD92ED142B27EE70
:10F54000075B92ED126B92ED0E3BA7EE026B92ED14
:10F550000C0B92ED104BA7EE030B27EE057BA5EEEF
:10F56000040BA6EE070BB7EEC00B03B030BD220DA7
:10F5700012F4FF6FDFD1B7EEC55B00EE104A8DEDE0
:10F58000015AD8E7B3F5FF6F4BD2384BC4F383620F
:10F5900003EB820053F822200569C4F31603C4F379
:10F5A000C25143F400038B40016A03FB02F2A3FB48
:10F5B0000110E3FB050202F100518D0F01F0404103
:10F5C000511A00F063FD2A4B9FED257B05EBD474A7
:10F5D00041EC160B14F0020FA3F1700208BF1346A2
:10F5E000E90726EE077B27EE076B1FD404F0030420
:10F5F00002EBC40293ED1A4B92ED002B93ED185BD6
:10F6000027EE027B93ED163BA6EE045B27EE064B3E
:10F6100026EE046BA4EE037BA5EE067BB7EEC70BCC
:10F6200089E703B0BDE8304000F010B993ED142B2A
:10F6300026EE065B93ED127B93ED0E3BA6EE027B6E
:10F6400093ED0C0B93ED104BA6EE030B26EE056B22
:10F65000A5EE040BA7EE060BB7EEC00B6BE700BFE1
:10F66000182D4454FB21193C281C0020282500207B
:10F67000981C00200000000038B510EE104AC4F3BA
:10F680000A53B3F57D7FB7EEC07A1ED227EE077B13
:10F69000B3F5667F6FD327EE071B634B93ED142BF7
:10F6A00093ED125B93ED0E3BA7EE025B93ED0C0B1B
:10F6B00093ED104BA7EE030B27EE017BA1EE040B9D
:10F6C000A5EE070BB7EEC00B38BD40F22E429342B9
:10F6D00054D8554991ED086B27EE066BFDEEC66BCD
:10F6E00091ED0A5B16EE903A03F500031B1613F03A
:10F6F000020F06EE903A01F1700208BF0A46D807E1
:10F70000B8EEE66BA6EE457B27EE076B1AD503F045
:10F71000030301EBC30191ED002B92ED1A4B92ED27
:10F72000185B92ED163BA6EE045B27EE027B27EEFC
:10F73000064B26EE046BA4EE037BA5EE067BB7EE2C
:10F74000C70B38BD92ED142B92ED127B92ED0E3B60
:10F7500092ED0C0B92ED104B26EE065BA6EE027BB3
:10F76000A6EE030B26EE056BA5EE040BA7EE060B2B
:10F77000B7EEC00B38BDB7EE000A38BDB3F5FF6F6A
:10F780003DD22A4BC4F3836203EB820053F822205C
:10F790000569C4F31603C4F3C25143F400038B405C
:10F7A000016A03FB02F2A3FB0110E3FB050202F175
:10F7B00000518D0F01F04041511A00F067FC1C4BC5
:10F7C0009FED177B05EBD47441EC160B14F0020F80
:10F7D000A3F1700208BF1346E90726EE077B27EE68
:10F7E000076B10D504F0030402EBC40292ED002B6A
:10F7F00093ED1A4B93ED185B93ED163B93E7BDE841
:10F80000384000F023B893ED142B93ED127B93ED69
:10F810000E3B93ED0C0B93ED104B9DE7AFF3008087
:10F82000182D4454FB21193C281C002028250020B9
:10F83000981C002010B582B08DED010A044600F03E
:10F8400053FC9DED010A046002B010BD70EE407AD9
:10F85000B4EE400A87EEA77AF1EE10FAB0EE470A4E
:10F8600002D62120FFF7E6BF704700BF10B582B077
:10F870008DED000B044600F037FC9DED000B04609D
:10F8800002B010BD82B058B1B1EE407B8DED007B6F
:10F890009DED007B222020EE070B02B0FFF7E6BFB4
:10F8A000B0EE407BF2E700BF9FED010BFFF7EABF30
:10F8B00000000000000000109FED010BFFF7E2BF09
:10F8C000000000000000007082B00028B7EE006B5E
:10F8D000BFEE007B06FE077B8DED007B9DED000BF0
:10F8E0009FED037B222080EE070B02B0FFF7BEBF27
:10F8F0000000000000000000B4EE400BF1EE10FA32
:10F9000030EE407B87EE076BB0EE460B02D621202F
:10F91000FFF7ACBF704700BFB5EE400BF1EE10FA39
:10F9200000D070472220FFF7A1BF00BF00000000F9
:10F930009FED076BB0EEC07BB4EE467BF1EE10FAA4
:10F9400000DC70472220FFF791BF00BFAFF30080BB
:10F95000FFFFFFFFFFFFEF7F10B582B0CDED010A83
:10F96000019B23F00042B2F1FF4FF0EE407A30DC11
:10F9700010EE100A20F00041B1F1FF4F29DCB3F185
:10F980007E5F40D09C1704F0020444EAD07431B387
:10F9900072B3B2F1FF4F3ED0B1F1FF4F28D0891AB8
:10F9A000B1F1F45F4FEAE15232DA002B40DA3C3237
:10F9B0003EDA9FED330A012C4CD0022C41D064B1C9
:10F9C0009FED307ADFED307A30EE070A30EE670ACD
:10F9D00003E09DED017A37EE270A02B010BD022C3C
:10F9E0000ED09FED2A7A032C07FE000A02B010BD4C
:10F9F0009FED270ADFED277A002820FE270AECE793
:10FA00009FED210AE9E702B0BDE8104000F0DAB846
:10FA10009FED1F0ACFE7B1F1FF4F04F1FF3420D073
:10FA2000022C26D81C4B03EB840393ED000AD4E789
:10FA30009DED017A87EE870AFFF70EFD00F0C2F810
:10FA4000B9E79FED107ADFED107A30EE070A37EE56
:10FA5000C00AC2E710EE103A03F1004300EE103A7C
:10FA6000BBE7022C08D80D4B03EB840393ED000A8F
:10FA7000B3E79FED030AB0E79FED090AADE700BFCA
:10FA8000000000002EBDBB33DB0F4940DB0F49C037
:10FA9000DB0FC93FDB0FC9BFD4240020C8240020DE
:10FAA000DB0F493F30B583B0CDED010A019D35F044
:10FAB000004041D010EE10EA2EF00041B1F1FF4FAE
:10FAC0003ADAB0F1FF4F37DC81423BDB0EF0004405
:10FAD0003AD01EF0FF4F56D10B02002B6FF07D0283
:10FAE00004DD5B00002B02F1FF32FADC15F0FF4F62
:10FAF00058D103026FF07D0C03D45B000CF1FF3C86
:10FB0000FBD512F17E0F47DBCEF3160E4EF4000349
:10FB10001CF17E0F3ADBC5F3160141F40000B2EB95
:10FB20000C0204D117E00FD04B00013A13D0191A80
:10FB30000029F8DA5B00F8E7DDED017A60EE277A5C
:10FB400087EEA70A03B030BD1D4B03EB547393ED52
:10FB5000000A03B030BD181A58BF03461BB9F3E7BB
:10FB60005B000CF1FF3CB3F5000FF9DB1CF17E0FDD
:10FB70001DDBA3F500030CF17F0C234343EACC53B8
:10FB800000EE103ADEE7CA157F3AAFE76FF07D016D
:10FB9000A1EB0C018840C2E76FF07D039B1A01FACC
:10FBA00003F3B5E74FEAE05CACF17F0CA9E76FF037
:10FBB0007D02A2EB0C021341234300EE103AC1E791
:10FBC000E024002038B510EE105A25F00044B4F1BE
:10FBD000A14FF0EE407A0ADBB4F1FF4F58DCDFEDC5
:10FBE000517A9FED517A002D37FE870A38BD4F4B71
:10FBF0009C425CDCB4F1445F4DDB4FF0FF3327EEF9
:10FC0000A76ADFED4B6ADFED4B5ADFED4B4A9FED04
:10FC10004B5A9FED4B4A26EE067A5A1CE7EE265ABF
:10FC2000DFED486AA5EE875AE7EE246ADFED465A13
:10FC3000DFED464AE6EE875AA5EE074A9FED445AA5
:10FC4000DFED446AA5EE875AE4EE074ADFED425A3B
:10FC5000E4EE876AE5EE075A66EE866A65EE875A35
:10FC60003AD03E4A02EB830276EEA56A92ED007A24
:10FC70003B4A96EEA77A02EB8303002DD3ED006A90
:10FC800077EE677A36EEE70AB0DAB1EE400A38BDB1
:10FC900030EE000A38BD9FED337A30EE077AF7EE8A
:10FCA000006AB4EEE67AF1EE10FAA6DD38BDFFF791
:10FCB000D3FB2D4B9C4216DCA3F5D0039C4227DCE2
:10FCC000F0EE007ABFEE007AA0EE277A002330EE45
:10FCD000270AC7EE007A92E776EEA56AE6EEE77AA3
:10FCE000B0EE670A38BD214B9C420BDCF7EE087A78
:10FCF000B7EE007AA0EE277A022330EE670AC0EE54
:10FD0000077A7CE7BFEE007AC7EE007A032376E736
:10FD1000F7EE007A30EE677A30EE270A0123C7EE5D
:10FD2000007A6CE7DB0FC93FDB0FC9BFFFFFDF3E87
:10FD3000D769853C59DA4B3D21A215BD356B883D0D
:10FD40006E2EBA3D6BF16EBD95879DBD2549123E65
:10FD5000388EE3BDABAAAA3ECDCC4CBEBC2700205A
:10FD6000AC270020CAF24971FFFF973FFFFF1B40FD
:10FD700081F0004102E000BF83F0004330B54FEA5C
:10FD800041044FEA430594EA050F08BF90EA020FC9
:10FD90001FBF54EA000C55EA020C7FEA645C7FEA5C
:10FDA000655C00F0E2804FEA5454D4EB5555B8BF7F
:10FDB0006D420CDD2C4480EA020281EA030382EAF0
:10FDC000000083EA010180EA020281EA0303362D82
:10FDD00088BF30BD11F0004F4FEA01314FF4801C55
:10FDE0004CEA113102D0404261EB410113F0004F67
:10FDF0004FEA03334CEA133302D0524263EB43031E
:10FE000094EA050F00F0A780A4F10104D5F1200EBB
:10FE10000DDB02FA0EFC22FA05F2801841F1000116
:10FE200003FA0EF2801843FA05F359410EE0A5F1EA
:10FE300020050EF1200E012A03FA0EFC28BF4CF01B
:10FE4000020C43FA05F3C01851EBE37101F00045D1
:10FE500007D54FF0000EDCF1000C7EEB00006EEBDE
:10FE60000101B1F5801F1BD3B1F5001F0CD3490868
:10FE70005FEA30004FEA3C0C04F101044FEA4452BF
:10FE800012F5800F80F09A80BCF1004F08BF5FEA46
:10FE9000500C50F1000041EB045141EA050130BD26
:10FEA0005FEA4C0C404141EB0101013C28BFB1F538
:10FEB000801FE9D291F0000F04BF01460020B1FA83
:10FEC00081F308BF2033A3F10B03B3F120020CDA56
:10FED0000C3208DD02F1140CC2F10C0201FA0CF034
:10FEE00021FA02F10CE002F11402D8BFC2F1200C99
:10FEF00001FA02F120FA0CFCDCBF41EA0C0190404F
:10FF0000E41AA2BF01EB0451294330BD6FEA040497
:10FF10001F3C1CDA0C340EDC04F11404C4F1200282
:10FF200020FA04F001FA02F340EA030021FA04F394
:10FF300045EA030130BDC4F10C04C4F1200220FAEB
:10FF400002F001FA04F340EA0300294630BD21FA29
:10FF500004F0294630BD94F0000F83F4801306BFEF
:10FF600081F480110134013D4EE77FEA645C18BFE3
:10FF70007FEA655C29D094EA050F08BF90EA020F7A
:10FF800005D054EA000C04BF1946104630BD91EA72
:10FF9000030F1EBF0021002030BD5FEA545C05D175
:10FFA0004000494128BF41F0004130BD14F58004B4
:10FFB0003CBF01F5801130BD01F0004545F0FE4128
:10FFC00041F470014FF0000030BD7FEA645C1ABF5D
:10FFD000194610467FEA655C1CBF0B46024650EA94
:10FFE000013406BF52EA033591EA030F41F40021C0
:10FFF00030BD00BF90F0000F04BF0021704730B546
:02000004600199
:100000004FF4806404F132044FF000054FF000011A
:1000100050E700BF90F0000F04BF0021704730B5DB
:100020004FF4806404F1320410F0004548BF4042B0
:100030004FF000013EE700BF42004FEAE2014FEA05
:1000400031014FEA02701FBF12F07F4393F07F4FE0
:1000500081F06051704732F07F4208BF704793F0E3
:100060007F4F04BF41F40021704730B54FF46074F6
:1000700001F0004521F000411CE700BF50EA0102F9
:1000800008BF704730B54FF000050AE050EA0102A2
:1000900008BF704730B511F0004502D5404261EB12
:1000A00041014FF4806404F132045FEA915C3FF453
:1000B000D8AE4FF003025FEADC0C18BF03325FEAF0
:1000C000DC0C18BF033202EBDC02C2F1200300FAA1
:1000D00003FC20FA02F001FA03FE40EA0E0021FAC6
:1000E00002F11444BDE600BF014B1868704700BF21
:1000F00038310020F0B5ADF5057D04AF009313460F
:100100004FF400720E460392394603AA054600F0EA
:1001100087FD88B104460246039B3146284601F01C
:10012000FBF8BC42039004D02846214600F01EFF95
:1001300003980DF5057DF0BD4FF0FF30F9E700BFE6
:1001400010B4054C8446134620685DF8044B0A46FB
:100150006146FFF7CFBF00BF3831002000B50B4C20
:1001600025681446EE681A4685B003460D464CB124
:1001700007490095CDE901143046064901F02EF8F3
:10018000FDF7E2F904490C46F3E700BF38310020DF
:10019000E8240020F82400209C280020830730B5A4
:1001A00048D0541E002A3FD0CAB2034601E0013CA9
:1001B0003AD303F8012B9D07F9D1032C2DD9CDB2E9
:1001C00045EA05250F2C45EA054536D9A4F110026C
:1001D00022F00F0C03F1200EE6444FEA121C03F14B
:1001E000100242E9045542E9025510327245F8D135
:1001F0000CF1010214F00C0F03EB021204F00F0CCF
:1002000013D0ACF1040323F003030433134442F886
:10021000045B9342FBD10CF003042CB1C9B21C4423
:1002200003F8011B9C42FBD130BD64461346002CF1
:10023000F4D1F9E703461446BFE71A46A446E0E7BF
:1002400013460A460146022003F062BE70B50D4E09
:100250000D4D761BB61006D0002455F8043B013432
:100260009847A642F9D1094E094D761B06F084F94C
:10027000B61006D0002455F8043B01349847A64236
:10028000F9D170BDF0200060F0200060F82000601F
:10029000F0200060704700BF704700BF704700BF8C
:1002A000704700BF014B93F828017047B02B002026
:1002B000436C70B505460C464BB153F8240080B131
:1002C000026843F824200023C0E9033370BD2122D3
:1002D000042100F0A9FB034668640028EDD100204A
:1002E00070BD012101FA04F6721D9200284600F04B
:1002F0009BFB0028F3D0C0E90146E4E731B1436C31
:100300004A6853F82200086043F82210704700BF83
:100310002DE9F0410E6980460F461D4601F1140E8D
:100320000020DEF800108CB202FB0453090C4FEAE7
:10033000134C02FB01CC01309CB204EB0C4486420E
:100340004EF8044B4FEA1C45EBDC3DB1BB68B342B1
:1003500007DD07EB860301365D613E613846BDE887
:10036000F081796840460131FFF7A2FF0446B0B141
:100370003A69023207F10C0192000C3000F082FC65
:10038000D8F844307A6853F82210396043F8227064
:10039000274607EB860301365D613E61DEE7034BCE
:1003A00003482246BA21FFF7D9FE00BF8825002066
:1003B0009C250020030C1B04D3B90004102310F06B
:1003C0007F4F04BF0002083310F0704F04BF0001DC
:1003D000043310F0404F04BF80000233002805DBD7
:1003E00010F0804F03F1010308BF20231846704727
:1003F0000023E4E7036813F0070208D0D9071FD4ED
:100400009A0722D55B08036001221046704799B213
:1004100009B91B0C1022D9B209B908321B0A1907F5
:1004200004BF1B090432990704BF9B080232D90795
:1004300003D45B0802F1010205D003601046704747
:100440000022104670472022DFE79B08022203604B
:100450001046704738B5436C04460D464BB158689A
:10046000B0B102685A6000220123C0E90435C260BD
:1004700038BD2122042100F0D7FA03466064002829
:10048000EDD1094B0948002240F24511FFF766FE05
:100490001C220121204600F0C7FA0028F1D00122D9
:1004A0000223C0E90123DEE7882500209C250020E7
:1004B0002DE9F04F0E691569AE4285B088461446A5
:1004C00005DB2A46234635460C4616469846A36861
:1004D0006168AF19BB42B8BF0131FFF7E9FE019077
:1004E000002800F08780019B03F1140909EB870ABB
:1004F000D14505D24B46002243F8042B9A45FBD840
:1005000008F1140808EB860B04F11403D8451A46C9
:1005100003EB85055FD22B1B153B23F0030304334C
:100520001534A54238BF0423CDE902A7AC461F46C7
:10053000924605E0090C29D1C34509F1040948D9BF
:1005400058F8041B8DB2002DF4D056464C460023BB
:1005500056F8041B22681FFA81FE90B2090C05FBB5
:100560000E00120C034405FB012202EB13429BB266
:1005700043EA0243B44544F8043B4FEA1243E7D848
:1005800049F8073058F8041C090CD5D0D9F80030C8
:1005900050461A464C4600260588120C01FB0522DF
:1005A00016449BB243EA064344F8043B50F8045B0C
:1005B00022682D0C93B201FB053303EB16438445EF
:1005C0004FEA1346E8D8C34549F8073009F1040952
:1005D000B6D8DDE902A7002F02DC05E0013F03D019
:1005E0005AF8043D002BF9D0019B18461F6105B055
:1005F000BDE8F08F034B0448019A4FF4B171FFF747
:10060000ADFD00BF882500209C25002012F00303CB
:100610002DE9F0411446064632D10D46A41020D0F3
:10062000D6F84080B8F1000F33D0E3074FF0000751
:1006300007D4641015D0D8F80000A8B18046E307AD
:10064000F7D5424629463046FFF732FFB5B1696813
:10065000736C641053F821202A6043F8215005463A
:10066000E9D12846BDE8F081424641463046FFF7D1
:100670001FFFC8F8000007608046E0E70546D8E79E
:10068000013B0F4A52F823200023FFF741FE0546A5
:10069000C4E701213046FFF70BFE804640B101233D
:1006A00040F27122C0E90432002330640360BCE7E9
:1006B000044B0548424640F24511FFF74FFD00BF8D
:1006C000EC270020882500209C2500202DE9F047FC
:1006D0000D4614462F69AB68496807EB62177E1C0C
:1006E0009E4280464FEA621904DD5B009E4201F1A2
:1006F0000101FADC4046FFF7DBFD8446002852D0BA
:10070000B9F1000F00F114020EDD09F105014FEA05
:10071000810E134600EB8101002043F8040B8B424D
:10072000FBD1AEF114031A44296905F1140314F046
:100730001F0E03EB81012ED0CEF1200910464FF0A1
:10074000000A1C6804FA0EF444EA0A0440F8044B58
:1007500053F8044B994224FA09FAF2D84B1B153B83
:1007600023F00303043305F11500814238BF04234D
:10077000BAF1000F18BF374642F803A0D8F844304A
:100780006A68CCF8107053F822102960604643F86C
:100790002250BDE8F087043A53F8040B42F8040FE6
:1007A0009942F9D8EAE7034B034862464FF4EF71E8
:1007B000FFF7D4FC882500209C2500200B69844687
:1007C0000069C01A16D10CF1140C14310CEB830221
:1007D00010B401EB830301E0944508D252F8044DB4
:1007E00053F8041D8C42F7D005D24FF0FF305DF86E
:1007F000044B7047704701205DF8044B704700BF01
:100800002DE9F84F0F691369FF1A002F0E46904625
:100810007FD101F11405143202EB830205EB83034F
:1008200001E09D4278D253F8041D52F8044DA142D4
:10083000F7D069D37168FFF73BFD8146002877D078
:100840003569D8F81020C76008F1140E06F11400BD
:1008500009F1140A06F110010EEB820200EB850784
:1008600056464FF0000C5EF8044B51F804BFA3B29B
:100870001CFA8BFCACEB03034FEA144CCCEB1B4C87
:100880000CEB234C9BB243EA0C43724546F8043B05
:100890004FEA2C4CE7D8A2EB0801153908F11508EE
:1008A000424521F0030404F1040438BF0424204429
:1008B00021F0030238BF002287425244544418D921
:1008C0002646014651F8043B1CFA83FC4FEA2C42B1
:1008D00002EB13421FFA8CFC4CEA02438F4246F8AB
:1008E000043B4FEA224CEDD8013F3F1A27F00307A3
:1008F000E21923B952F8043D013D002BFAD0C9F8A2
:1009000010504846BDE8F88F3346012746469846C2
:1009100090E7F9DB00278DE70021FFF7C9FC81464E
:1009200068B101220023C9E904234846BDE8F88FD5
:10093000064B07484A4640F24521FFF70FFC034BA0
:1009400003484A4640F23721FFF708FC882500207B
:100950009C2500202DE9F043884683B0012157EC07
:10096000106B1546FFF7A4FC0446002851D0C7F3CE
:100970000A59C7F31303B9F1000F01D043F48013F0
:10098000002E019318D101A8FFF734FD019A62618E
:10099000012200F120032261B9F1000F25D0A9F254
:1009A000334909EB03022046C3F13503C8F80020A0
:1009B0002B6003B0BDE8F08368460096FFF71AFD90
:1009C000034610B3DDE90002C3F1200102FA01F190
:1009D0000143DA4061610192002AA26114BF022240
:1009E00001222261B9F1000FD9D1A3F23243C8F834
:1009F000003004EB82031869FFF7DCFCC0EB421304
:100A000020462B6003B0BDE8F083009A6261019A32
:100A1000E2E7034B0348224640F20F31FFF79EFB0B
:100A2000882500209C25002038B5A1FB02148CBB32
:100A300003F0B2FA0546E0B150F8042C22F00302AC
:100A4000043A242A17D8132A1AD91B2AC0E90044C9
:100A50001DD9242A14BF00F1100200F118024FF032
:100A60000003C0E9024404BF04614461C2E90033E9
:100A70009360284638BD2146FFF790FB284638BDD5
:100A800002460023C2E900339360284638BD00F1D6
:100A90000802F6E7FFF728FB0C2300250360E8E7D0
:100AA000024A0349034800F013BC00BF2C31002068
:100AB000891A0100C82900200C4B4168994210B5E1
:100AC000044601D003F058FDA168094B994202D0B9
:100AD000204603F051FDE168064B994204D02046C0
:100AE000BDE8104003F048BD10BD00BF283B012009
:100AF000903B0120F83B01202DE9F8432A4C2B4B79
:100B00002B48DFF8C090DFF8C0802A4F186000251E
:100B100004230822294604F15C00274E6566C4E9D7
:100B20000253C4E90055C4E90455A561FFF736FB3B
:100B3000224B63670822294604F1C400C4E907492F
:100B4000C4E90987C4E91A55C4E91E55C4F8CC5054
:100B50002567C4F88050E662FFF720FB184BC4F805
:100B6000DC30294604F16803082204F59670C4F8C5
:100B70008430C4E92298C4E92476C4E93455C4E930
:100B80003855C4F83451C4F8D850C4F8E850FFF7C9
:100B900005FB04F1D003C4E93C98C4E93E76C4F8EF
:100BA000EC30BDE8F88300BF283B0120603C012009
:100BB000B1DF000079E7000099E7000009000100BB
:100BC0001200020015E7000039E7000010B50446E6
:100BD0000A48FFF763FB636B23B9094B094A1B689B
:100BE000626323B1BDE810400448FFF759BBFFF72B
:100BF00083FFBDE810400148FFF752BBF03A0120E7
:100C0000603C0120C9DF00000148FFF747BB00BF7F
:100C1000F03A01200148FFF743BB00BFF03A012042
:100C200030B5146815469BB01A4609B1002C19D18D
:100C300000214FF42273ADF80C30009104914FF66F
:100C4000FF7302910591ADF80E3069461E9B00F0CE
:100C50007BFB002813DB009B286000221A7004989D
:100C60001BB030BD4FF4C16300910491ADF80C305E
:100C70002146E4DA8B23036000201BB030BD002046
:100C8000EEE700BF844641EA000313F003036DD191
:100C9000403A41D351F8043B40F8043B51F8043B3F
:100CA00040F8043B51F8043B40F8043B51F8043B46
:100CB00040F8043B51F8043B40F8043B51F8043B36
:100CC00040F8043B51F8043B40F8043B51F8043B26
:100CD00040F8043B51F8043B40F8043B51F8043B16
:100CE00040F8043B51F8043B40F8043B51F8043B06
:100CF00040F8043B51F8043B40F8043B51F8043BF6
:100D000040F8043B51F8043B40F8043B51F8043BE5
:100D100040F8043B403ABDD2303211D351F8043B85
:100D200040F8043B51F8043B40F8043B51F8043BC5
:100D300040F8043B51F8043B40F8043B103AEDD234
:100D40000C3205D351F8043B40F8043B043AF9D285
:100D5000043208D0D2071CBF11F8013B00F8013B58
:100D600001D30B8803806046704700BF082A13D365
:100D70008B078DD010F003038AD0C3F10403D21A7D
:100D8000DB071CBF11F8013B00F8013B80D331F8B1
:100D9000023B20F8023B7BE7043AD9D3013A11F831
:100DA000013B00F8013BF9D20B7803704B7843709C
:100DB0008B788370604670470000000000000000E0
:100DC0000000000000000000000000000000000023
:100DD0000000000000000000000000000000000013
:100DE0000000000000000000000000000000000003
:100DF00090F800F06DE9024520F007016FF0000C5B
:100E000010F0070491F820F040F049804FF0000402
:100E10006FF00700D1E9002391F840F000F10800DD
:100E200082FA4CF2A4FA8CF283FA4CF3A2FA8CF315
:100E30004BBBD1E9022382FA4CF200F10800A4FA7C
:100E40008CF283FA4CF3A2FA8CF3E3B9D1E90423D0
:100E500082FA4CF200F10800A4FA8CF283FA4CF307
:100E6000A2FA8CF37BB9D1E9062301F1200182FAC1
:100E70004CF200F10800A4FA8CF283FA4CF3A2FAC7
:100E80008CF3002BC6D0002A04BF04301A4612BAD5
:100E9000B2FA82F2FDE8024500EBD2007047D1E9D8
:100EA000002304F00305C4F100004FEAC50514F067
:100EB000040F91F840F00CFA05F562EA05021CBF38
:100EC00063EA050362464FF00004A9E7F8B5244F32
:100ED0000C46064603F086FCBB685D68C4F57E617F
:100EE0000F3125F003054B1923F47F6323F00F0323
:100EF000A3F58054B4F5805F07DB0021304600F095
:100F0000D5F9BB682B44984204D0304603F070FCFE
:100F10000020F8BD6142304600F0C8F901300DD024
:100F2000104ABB682D1B45F001055D601368304613
:100F30001B1B136003F05CFC0120F8BD0021304650
:100F400000F0B4F9BA68831A0F2BDEDD43F0010319
:100F50005360054B03491B68C01A0860D5E700BF02
:100F60001C2D0020F43A012024310020002961D0FA
:100F7000F8B50C46064603F035FC54F8042C7B4FBC
:100F8000A4F1080522F0010105EB010CB868DCF8BA
:100F90000430604523F0030300F08B80D207CCF8C7
:100FA000043032D454F8082CAD1A1144AA6807F161
:100FB000080082426AD00CEB0304D4F804E0EC6829
:100FC000D4601EF0010FA26000F0978041F0010391
:100FD0006B60CCF80010B1F5007F35D27868CB0893
:100FE0000122490901338A40024357F833107A60DD
:100FF00007EBC302083AC5E9021247F83350CD6047
:101000003046BDE8F84003F0F3BB0CEB0302526836
:10101000D00710D4194407F10800DCF808308342E7
:1010200073D0DCF80C20DA60936041F001036B6050
:101030006950D0E7704741F00103B1F5007F44F8F3
:10104000043CCCF80010C9D3B1F5206F4FEA51230E
:1010500048D28B0903F1390003F13802C300F818B4
:10106000FB580838984259D05A6822F003028A4245
:1010700002D99B689842F7D1D868C5E902308560EB
:10108000DD603046BDE8F84003F0B2BB0CEB030274
:101090005268D20763D40B44DCE90212CA60916043
:1010A00043F001026A603046EB50BDE8F84003F0BF
:1010B0009FBB0B44D10707D454F8082CAD1A134436
:1010C000D5E90212CA60916043F001026A60284AC1
:1010D000BD6012689A4293D8264B30461968FFF7D4
:1010E000F5FE8DE7142B0AD9542B1FD80B0B03F1F7
:1010F0006F0003F16E02C300B1E719448DE703F1FD
:101100005C0003F15B02C300A9E741F00103C7E9FA
:101110000455C5E902006B60695071E77968921067
:10112000012404FA02F20A437A60A6E7B3F5AA7F23
:1011300006D8CB0B03F1780003F17702C3008EE7EA
:1011400040F25452934206D88B0C03F17D0003F118
:101150007C02C30083E74FF47E737E227FE741F079
:1011600001036B60CCF800104AE700BF1C2D002083
:1011700028310020243B012040EA01039B0730B5C1
:1011800001D1032A0FD8844601F1FF3E07E01EF883
:10119000011F03F8011B541EC1B19C462246634641
:1011A000002AF4D130BD0B468446194653F8045B3F
:1011B000A5F1013424EA050414F0803FE4D1043A97
:1011C000032A4CF8045B1946EFD8DDE79444002C61
:1011D000E8D003F8011B6345FBD130BD0EB410B558
:1011E00083B005AB064C53F8042B019301462068ED
:1011F00001F088FE03B0BDE8104003B0704700BFA7
:101200003831002010B50C46B1F90E1004F09EFDE7
:10121000002803DB236D0344236510BDA38923F459
:101220008053A38110BD00BF2DE9F0410C46B1F9F8
:101230000C101F46CB05054616460BD421F48051F1
:10124000A1813B46B4F90E1032462846BDE8F04174
:1012500000F062B8B4F90E100223002204F060FD21
:10126000B4F90C10EAE700BF10B50C46B1F90E1046
:1012700004F056FDA389421C0EBF23F4805343F4AF
:1012800080532065A38110BDB1F90E1004F0CEB9D2
:1012900049B1FF2A02D80A70012070478A230360EF
:1012A0004FF0FF3070470846704700BF38B5074D14
:1012B0000022044608462A60F8F7D6FD431C00D0F9
:1012C00038BD2B68002BFBD0236038BD643C012067
:1012D0002DE9F84380460F4616464FF00009D6E93F
:1012E0000154013D11D4A389012B05F1FF3508D923
:1012F000B4F90E300133214603D04046B84749EADD
:1013000000096B1C04F16804EDD13668002EE6D1AB
:101310004846BDE8F88300BF38B50C46084D844602
:10132000114620461A4600232B606446F8F78EFDCE
:10133000431C00D038BD2B68002BFBD0236038BD88
:10134000643C0120000000002DE9F04F2DED088BDA
:10135000D1B00C460BEE101A90460893834603F06A
:1013600007F9036812931846FFF742FD20AF10906B
:10137000082200213846FEF711FFA3891B0603D57A
:101380002369002B00F0558700239FED838B9FED91
:10139000849BCDE92533CDE91333CDE9153327AA55
:1013A0000E9324929246119304934446A1467E4B99
:1013B000D3F8E450FEF776FF4A4603461CA900978F
:1013C0005846A847002800F0B080C0F2A6801C9ABA
:1013D000252A034601D09944E9E7B9EB04050646FE
:1013E00040F0A78000234FF0FF328DF86730984619
:1013F000069309F1010999F8003003922B25202664
:1014000009F10109A3F120025A2A00F2CF80DFE896
:1014100012F0E802CD00CD00E302CD00CD00CD00FA
:101420006A00CD00CD0005028402CD001002C90281
:10143000CD00BD025B005B005B005B005B005B00FE
:101440005B005B005B00CD00CD00CD00CD00CD008A
:10145000CD00CD005301CD0083011A025301530189
:101460005301CD00CD00CD00CD001502CD00CD0043
:101470009602CD00CD00CD00AB01CD00AA02CD007B
:10148000CD00E306CD00CD00CD00CD00CD00CD00D8
:10149000CD00CD005301CD008301DE015301530186
:1014A00053017702DE017F00CD008902CD005F028B
:1014B000E0062F027F00CD00AB017C00B806CD0016
:1014C000CD00BD06CD007C00A3F13002002119F84B
:1014D000013B01EB810102EB4101A3F13002092A3A
:1014E000F5D906918EE7584603F042F84368159304
:1014F0001846FFF77DFC1690584603F039F88368CC
:101500001393169B002B40F02D8699F8003077E757
:1015100099F8003048F0200872E708220021384688
:10152000FEF73CFE0123994441E7B9EB040506466A
:1015300011D0269B2B442693259B0133072BCAE908
:10154000004525931CDC0AF1080A049B2B440493F4
:10155000002E7FF447AF269B002B41F00B821BEE41
:10156000103AB3F90C3013F0400F049B18BF4FF042
:10157000FF330493049851B0BDEC088BBDE8F08FA5
:101580001BEE101A24AA584604F0FAFD0028E6D1F2
:101590000DF19C0AD9E700BF000000000000000028
:1015A000FFFFFFFFFFFFEF7FB02B00200B93002B0F
:1015B000D1D00021CDE90C118DF8DC3001238DF85C
:1015C000671002930791059303910F9137AC18F0C0
:1015D0000203099302D0029B0233029318F08403A2
:1015E0000A9305D1069B029A9D1A002D00F3698388
:1015F000269A89B125990DF1670001310132CAF8A7
:10160000000007294FF0010026922591CAF8040036
:1016100000F3A2830AF1080A099B83B1259B1AA94A
:1016200001330232CAF80010072B4FF00201269254
:101630002593CAF8041000F3A3830AF1080A0A9B51
:10164000802B00F06C82039B05995D1A002D00F33E
:10165000A58218F4807F40F00D82059BCAF8043003
:101660001A44259BCAF800400133072B2692259384
:1016700000F31B830AF1080A18F0040F05D0069B3B
:1016800002995C1A002C00F38883049B0699029847
:101690008142ACBF5B181B180493002A40F0B08253
:1016A00000232593079B1BB107995846FFF75EFC63
:1016B0000DF19C0A4C4679E60B93089B073323F007
:1016C0000703B3EC028BB0EEC87BB4EE497BF1EEBE
:1016D00010FA089340F3E984B5EEC08BF1EE10FAEE
:1016E00001F159809DF86710AB4CAC4B28F0800895
:1016F0000B9A472AC8BF1C460023CDE90C330322AE
:1017000007930292059203930F9300293FF45FAF72
:10171000029B013302935AE7432B0B9303D018F03B
:10172000100F00F05D85089D0822002122A837AC2B
:10173000FEF734FD22AB55F8042B2146584602F043
:10174000F1FE03460133059001F0EE82059B0895FA
:1017500023EAE37302930021CDE90C118DF86710A1
:10176000079103910F9132E70B93089B1A460023D0
:101770008DF86730134653F8044B0893002C00F0A3
:1017800048850B9B532B00F0EC8618F010030C934C
:1017900040F0E786039B5D1C01F0E5800C991A463A
:1017A000204604F01DF80790002801F02883079BCD
:1017B0001A1B05920C9B039322EAE2720F930D937E
:1017C000079373239DF8671002920B939DE718F01F
:1017D000200F0B93089B3DD0073323F007031A46D5
:1017E00011465B6851F8082B08911946002BC0F28E
:1017F0000C84039B013300F09E8228F0800052EAA3
:101800000103029040F09982039B002B40F09A82E2
:10181000804600230393059350AC06E1089B53F8E0
:10182000042B0692002A80F21984069A08935242E9
:10183000069299F8003048F00408E1E599F8003084
:1018400048F00808DCE548F0100818F0200F0B936A
:10185000089BC1D118F0100F40F00B8418F0400F16
:1018600000F0038433F9042B0893D1170B46BDE72E
:10187000089B48F00202029253F8042B089347F6A3
:101880003003ADF868307820454B119300210223D6
:101890000B900020039C8DF86700601C00F0AD8069
:1018A000029820F0800852EA010040F0A480002C49
:1018B00040F0AE86002BACD1029B13F001030593E0
:1018C00000F0D18330238DF83F310DF23F14ACE0AE
:1018D00018F0200F40F0D48318F0100F40F09F86CE
:1018E00018F0400F40F0978718F4007F00F09786BB
:1018F000089B049953F8042B089311704C4655E546
:1019000099F80030682B03BF99F8013048F400784B
:1019100009F1010948F0400872E599F800308DF8A6
:1019200067506DE599F800306C2B03BF99F80130D2
:1019300048F0200809F1010948F0100860E50B9310
:1019400048F0100818F0200100F05183089B07337D
:1019500023F00703596853F8082B089328F4806391
:101960000293002395E70B9348F010030293029B28
:1019700013F0200100F02983089B073323F00703AD
:10198000596853F8082B0893012382E799F800302F
:1019900048F0800834E500BF682700206C2700204D
:1019A00078270020494611F8013B2A2B01F0498293
:1019B000A3F13002092A894698BF002101F244812F
:1019C00019F8013B01EB810102EB4101A3F1300267
:1019D000092AF5D9039115E599F8003048F0010876
:1019E0000EE59DF86730002B7FF48FAD99F800303D
:1019F0008DF8676004E5CDF80880012B00F09D812B
:101A0000022B50AC20D1119802F00F031209C35CD5
:101A100004F8013D42EA0172090952EA0103F3D1D7
:101A200050AB1B1BDDF808800593059A03989DF8C1
:101A3000671082424FF00003B8BF0246CDE90C3375
:101A4000079302920F9360E602F00703D20842EA7E
:101A50004172C908303352EA0105204604F8013DBD
:101A6000F2D1029AD10700F14D8250AB1B1B904678
:101A70000593DAE70B9B652B40F3D480B5EE408BE2
:101A8000F1EE10FA40F0C181259BBA49CAF8001066
:101A9000013301320121072B26922593CAF8041045
:101AA00000F351850AF1080A1B9B0E998B4280F2C4
:101AB000D082109B12991A44CAE90013259B2692E2
:101AC0000133072B259300F397830AF1080A0E9B35
:101AD0005C1E002C7FF7D0AD102C259B40F36E854B
:101AE0001BEE106A102505E00AF1080A103C102CC4
:101AF00040F364850133A0491032072BCAE9001571
:101B0000CDE92532F0DD24AA3146584604F038FBF1
:101B100000287ED1DDE925320DF19C0AE6E7069B1F
:101B200002995D1A002D7FF78EAD102D259B21DDCA
:101B3000099410261BEE104A04E0103D102D0AF106
:101B4000080A16DD01338C491032072BCAE900164A
:101B5000CDE92532F1DD24AA214658460DF19C0A33
:101B600004F00EFB002854D1103D102DDDE9253284
:101B7000E8DC099C8049CAF8045001332A44072B49
:101B8000CDE92532CAF8001000F32685039B05999C
:101B90005D1A002D0AF1080A7FF75BAD102D259B19
:101BA0001FDD514610261BEE10AA04E0103D102D3B
:101BB00001F1080114DD01336F481032072BC1E930
:101BC0000006CDE92532F1DD24AA5146584604F03D
:101BD000D7FAF0B9103D102DDDE9253227A9EADC4E
:101BE0008A4601336449CAF804502A44072BCDE9D8
:101BF0002532CAF8001000F3DA810AF1080A28E554
:101C00001BEE101A24AA584604F0BAFA00283FF432
:101C100047AD079B002B3FF4A2AC07995846FFF74E
:101C2000A5F99CE40E9B012B40F37A81259BCAF811
:101C30000040013301320121072B26922593CAF877
:101C4000041000F3F8810AF1080A10991298013380
:101C50000A44072BCAE90001CDE9253200F3DD81F2
:101C60000AF1080AB5EE408BF1EE10FA00F0778128
:101C70000E990133013901340A44072BCAF8004098
:101C80002593CAF80410269200F35B810AF1080A32
:101C90001499CAF8041001330A44072B1EA9CDE990
:101CA0002532CAF800107FF7E5AC1BEE101A24AA03
:101CB000584604F065FA0028ABD1269A0DF19C0A2B
:101CC000DAE4102DDDE925122C4E24DD17941023C3
:101CD0001BEE104A084604E0103D102D0AF1080AD8
:101CE00017DD013010320728CAE90063CDE925026B
:101CF000F2DD24AA214658460DF19C0A04F040FA70
:101D0000002886D1103D102DDDE925024FF010038B
:101D1000E7DC179C014601312A440729CDE9251249
:101D2000CAF80060CAF8045000F3BD839DF867103C
:101D30000AF1080A5DE4CDF808800A2A71F100036F
:101D400080F0458330320123DDF808808DF83F2193
:101D500005930DF23F1468E61BEE101A24AA5846AC
:101D600004F00EFA00287FF454AF269A0DF19C0A75
:101D700052E400BFA8270020A4290020CC2700207F
:101D80001BEE101A24AA584604F0FAF900287FF432
:101D900040AF269A0DF19C0A51E4102C259BBE4EB3
:101DA0001FDD1BEE108A102504E0103C102C0AF1F8
:101DB000080A16DD01331032072BCAE90065CDE9A8
:101DC0002532F2DD24AA414658460DF19C0A04F062
:101DD000D7F900287FF41DAF103C102CDDE9253227
:101DE000E8DC01332244072BCAE90064CDE925323F
:101DF0007FF74BAC1BEE101A24AA584604F0C0F92A
:101E000000287FF406AF269A3FE41B99002940F38F
:101E10005A830C9E0E9B9E42A8BF1E46002E0BDDD1
:101E2000259B01333244072BCAE9004626922593AD
:101E300000F389860AF1080A0C9D002EA8BFAD1B8D
:101E4000002D00F303820C9B18F4806F234405934C
:101E500040F01F821B9B0E998B4203DB18F0010F91
:101E600000F0CF84109912980A44CAE9000125991C
:101E7000269201310729259100F3A5860AF1080A67
:101E80000E996518CC1A059BED1AA542A8BF2546E8
:101E9000002D0DDDCAF80030259BCAF8045001332F
:101EA0002A44072B2692259300F3BB860AF1080AE1
:101EB000002DA8BF641B002C7FF7DEAB102C259BE8
:101EC00040F37C831BEE106A102505E00AF1080A36
:101ED000103C102C40F37283013370491032072BF1
:101EE000CAE90015CDE92532F0DD24AA314658466D
:101EF00004F046F900287FF48CAEDDE925320DF1BF
:101F00009C0AE5E7302B3FF48BAD3023023804F810
:101F1000013C50AB1B1ADDF808800593044684E5AC
:101F200018F0010F7FF482AE259BCAF80040013300
:101F300001320121072B26922593CAF804107FF75E
:101F4000A5AE1BEE101A24AA584604F019F9002871
:101F50007FF45FAEDDE925320DF19C0A98E60E991B
:101F60004C1E002C7FF794AE102C40F361831BEEC7
:101F7000106A102505E00AF1080A103C102C40F305
:101F80005783013345491032072BCAE90015CDE9C3
:101F90002532F0DD24AA3146584604F0F1F8002835
:101FA0007FF437AEDDE925320DF19C0AE5E71BEE43
:101FB000101A24AA584604F0E3F800287FF429AE4A
:101FC000269A0DF19C0AFFF744BB029B13F0100305
:101FD00040F0C180029A12F0400200F07A83089823
:101FE00050F8042B0890194692B2012351E418F0DE
:101FF000100355D118F0400200F05D83089850F8A6
:10200000042B0890194692B2A8E4524261EB4101B8
:10201000CDF808802D2001233CE41BEE101A24AAE1
:10202000584604F0ADF800287FF4F3ADDDE9253221
:102030000DF19C0A16E61BEE101A24AA584604F06D
:102040009FF800287FF4E5ADDDE925320DF19C0A0B
:10205000FBE518F0010F3FF40FAB2AE5089399F860
:102060000030FFF7CDB950ACDFE418F4007F40F04A
:10207000DB8353F8042B0893D1170B46FFF7B6BB4D
:10208000089B049853F8041B0893C217C1E9000287
:102090004C46FFF78BB900BFCC270020A4290020B5
:1020A000089B53F8042B089358E4B4EE488BF1EEE8
:1020B00010FA80F194860B9B612B00F05285412B26
:1020C00000F0C085039B01330B9B23F0200500F03B
:1020D0008084472D04D1039B002B08BF0123039369
:1020E00018EE903A002B48F480724646C0F21886EB
:1020F000B0EE48AB00239046099307930B9B413BFE
:10210000252B00F29883DFE813F06F049603960303
:10211000960368046C04960396039603960396034D
:1021200096039603960396039603960396039603E7
:1021300096039603960396039603960396039603D7
:1021400096039603960396039603960396039603C7
:10215000960368046C04089B53F8042B089301232E
:10216000FFF797BB139B002B3FF4CFA9139B1B7862
:10217000002B3FF4CAA999F8003048F48068FFF7B3
:102180003FB90B93CDF80880FFF7F1BB0B939A4B47
:10219000119318F0200100F00581089B073323F00C
:1021A0000703596853F8082B089318F0010F0AD059
:1021B00052EA010307D00B9B8DF86930302348F0B9
:1021C00002088DF8683028F4806302930223FFF739
:1021D00060BB0B93FFF7B6BB0B93884B1193D8E70B
:1021E000089B012153F8042B02918DF8DC20089301
:1021F000059137ACFFF7AFBA1BEE101A24AA584668
:1022000003F0BEFF00287FF404AD269A0DF19C0A6E
:102210005DE4039B0794062B224628BF0623039404
:102220002146CDE90C22764C029305930F92FFF7DD
:102230006CBA4021584601F0AFFE206020610028B2
:1022400000F00F8640236361FFF79EB8102D259B99
:1022500040F35D82514610261BEE10AA04E00831BF
:10226000103D102D40F35282013366481032072B87
:10227000C1E90006CDE92532F1DD24AA51465846D0
:1022800003F07EFF00287FF4C4ACDDE9253227A9E6
:10229000E6E70E9BCDF82490E31803930D9BCDF851
:1022A0002880139E059DDDF85890DDF83C800B9446
:1022B0001BEE101A5046002B34D0B8F1000F35D168
:1022C0000D9B013B013E0D93159BC0E90039259BF9
:1022D00001334A44072B269225936CDC0830039B7C
:1022E00096F800C05B1B6345A8BF6346002B9A4667
:1022F0000CDD259C01341A44072CC0E900532692BA
:10230000259400F3778196F800C00830BAF1000FE9
:10231000ACBFACEB0A046446002C0ADC65440D9BA0
:10232000002BCAD1B8F1000F00F0AC8308F1FF38E0
:10233000CAE7102CDDF894C024DD05954FF0100A93
:1023400063460D4604E0103C102C00F1080016DD39
:1023500001332C491032072BC0E9001ACDE9253290
:10236000F1DD24AA2946584603F00AFF00287FF42D
:1023700050AC103C102CDDE9253227A8E8DC2946BA
:10238000059D9C460CF1010322444460072B1D4C23
:102390000460CDE9253200F3C68396F800C008300A
:1023A0006544BCE718F0100300F0C280089B53F8A6
:1023B000042B0893F9E624AA5846059103F0E0FEA1
:1023C00000287FF426AC269A059927A887E702986B
:1023D000CDF81CA050AC00F4806000250AEE10BAC5
:1023E000094BDDF84CA0CDF81490A3464FF005083A
:1023F000AC46044610E000BF782700208C27002060
:10240000A0270020A4290020CDCCCCCC0A2A71F131
:10241000000136D34A463146501840F10000A3FB74
:10242000005626F0030505EB9605401B151A4FF0E4
:10243000CC3661F1000E06FB05F6A5FB039503FB08
:102440000E6609F0010E2E44AEFB085E2D184FEA11
:10245000590930350BF8015C49EAC6790CF1010CD9
:102460000BF1FF3B7608002CD0D09AF80000844591
:10247000CCD1BCF1FF0FC9D00A2A71F1000180F064
:102480008F815C4650AB1B1BDDF81490CDF84CA03F
:102490001AEE10BADDF81CA0DDF80880CDF838C0BF
:1024A0000593FFF7C2BA1BEE101A24AA584603F090
:1024B00067FE00287FF4ADAB9DF86710269A0DF1FA
:1024C0009C0AFFF796B8259BBE48CAF80000013366
:1024D00001320120072B26922593CAF8040000F34D
:1024E00077810AF1080A002940F0AF800E9908F0C0
:1024F00001030B433FF4C0A8109B12991A44CAE988
:102500000013259B26920133072B259300F352825B
:102510000AF1080A0E99CAF8004001330A44072B51
:10252000CDE92532CAF804107FF7A4A8FFF7BDBB98
:1025300018F0400200F0DD80089850F8042B089055
:10254000194692B231E61BEE101A24AA584603F03F
:1025500017FE00287FF45DAB269A0DF19C0AFFF769
:10256000A3BA22AE0822002130461D94FDF716FEC4
:10257000039B5A1C00F0DB800025CDF80890CDF8B5
:102580001C809946A8460CE037A9584601F0CAFFBE
:10259000431C404400F0C883484508DC00F0188420
:1025A00080461D9A525933460435002AECD1CDF8A5
:1025B0001480DDF80890DDF81C80C5E00133824905
:1025C000CAF804402244072BCAF80010CDE925328E
:1025D0007FF750A8FFF769BB1BEE101A24AA5846D4
:1025E00003F0CEFD00287FF414AB269A0DF19C0A6F
:1025F000FFF729B824AA5846059103F0C1FD002829
:102600007FF407AB96F800C0269A059927A87DE6C7
:10261000012BCDF808807FF4F3A9FFF793BB089B4B
:10262000049953F8042B4C4611600893FEF7BEBE84
:1026300001336549CAF804402244072BCDE925320D
:10264000CAF800107FF722AB7BE4109B12981A4463
:10265000CAE90003259B26920133072B259300F33B
:10266000A9810AF1080A0029BFF654AF4D42103182
:1026700080F20F831BEE101A102605E00AF1080AFB
:10268000103D102D40F3058301334F481032072BC6
:10269000CAE90006CDE92532F0DD24AA58460391A7
:1026A00003F06EFD00287FF4B4AADDE9253203991A
:1026B0000DF19C0AE4E7089B18F400711ABF11465B
:1026C00053F8042B53F8042B089318BFD2B2FFF72A
:1026D00045B9029B13F40071089B1ABF114653F8C9
:1026E000042B53F8042B089318BFD2B20123FFF731
:1026F000D0B8089B18F400711ABF114653F8042B88
:1027000053F8042B089318BFD2B24EE58A46013322
:102710002D49CAF804502A44072BCDE92532CAF8BE
:10272000001000F339810AF1080AFFF78CBB00237F
:10273000194600961DAA584602F060F80346013378
:10274000059000F0F1821D94059B002B4ED0632B69
:1027500000F318810023079337AC0822002130468C
:10276000FDF71CFD059D00962B461DAA21465846E7
:1027700002F044F8854240F07C83059A0023A3547C
:1027800022EAE272CDE90C339DF8671003930292BE
:102790000F93FEF7BABF2D218DF86710FEF7A4BF87
:1027A000169B1599ABEB030B1A465846FEF7E4FC53
:1027B0009AF80120054B0AB10AF1010A4FF0000C0A
:1027C00028E600BFA8270020A4290020CDCCCCCC2F
:1027D0001BEE101A24AA584603F0D2FC00287FF4FE
:1027E00018AA1B99269A0DF19C0A7CE6059B9DF878
:1027F00067100F93CDE90233CDE90C330793FEF751
:1028000084BF0E99059865182D1ACC1AA542A8BF49
:102810002546FFF74DBB089B049953F8042B0893FA
:1028200011804C46FEF7C2BD13F9042B0893D11753
:102830000B46FEF7DBBF039A022122AB01931DABCF
:10284000009358461BABB0EE4A0B029202F078F8A8
:10285000472D029A044600F06181462D104405D1AF
:102860002378302B00F06F821B9A1044B5EE40ABFA
:10287000F1EE10FA40F0468103461B1B0E93472DE4
:1028800000F01081462D00F0B5811B9B0C930C9B32
:10289000412D03F1FF331B9300F0E5819DF82C20BF
:1028A0000021002BB8BF0C9B8DF87820BABFC3F174
:1028B00001032D222B22092B8DF8792040F3DA8198
:1028C0000DF18F05DFF81CC42A4610468CFB03214E
:1028D000DA17C2EBA10202EB8201A3EB4101303116
:1028E00000F8011C19466329134600F1FF32ECDCA5
:1028F0003033D9B2831E9D4202F8011C40F28B8214
:1029000013460DF17A0201E013F8011B02F8011BD6
:102910009D42F9D10DF191030DF17A021B1A134476
:102920001EAA9B1A14930E9B149A012B1A4405920B
:1029300040F30382059B109A1344059326F48063A9
:10294000059A43F480780023CDE90C3322EAE27241
:102950000F930292099B002B40F0B1809DF8671005
:102960000393FEF7D2BE2046FEF742FA02460590D8
:10297000FEF720BF1BEE101A24AA584603F000FCF5
:10298000FEF7EDBD591C584601F006FB0446002831
:1029900000F0CA810790E0E61BEE101A24AA584600
:1029A00003F0EEFB00287FF434A9269A0DF19C0A6F
:1029B000FFF749BA1BEE101A24AA584603F0E0FBB1
:1029C00000287FF426A9DDE925321B990DF19C0A28
:1029D00049E606230393FFF783BB039B02215A1C9E
:1029E0002BE7039A032128E71BA8B0EE4A0B02F05D
:1029F00047FFB4EE007B20EE070BB5EE400BF1EE87
:102A000010FA01D101231B93B348039BB3EE005B83
:102A1000013B224604E0B5EE400BF1EE10FA13D074
:102A200020EE050BFDEEC07BB3F1FF3F17EE901AD1
:102A3000415CB8EEE76B944630EE460B02F8011BA2
:102A4000194603F1FF33E6D1B6EE006BB4EEC60BC8
:102A5000F1EE10FA00F34881B4EE460BF1EE10FAF5
:102A600004D117EE903ADB0700F13E81002906DB26
:102A70004B1C1344302102F8011B9342FBD1131B62
:102A80000E93FCE60B9C0E9BDDF82490DDF828806D
:102A90001396E3189D42294628BF194682460591A0
:102AA000FFF7D8B91B9B0C93DA1C02DB039A934205
:102AB0000CDD0B9B023B0B9323F02005E7E62D2159
:102AC00000238DF867100393FEF722BE0C9B0E9A2D
:102AD0009342C0F2BD80F0070C9B40F13281109A06
:102AE00013440593710503D50C9B002B00F335812E
:102AF000059B23EAE373029367230B9300230F9351
:102B00000D9327E7229B8342BFF4B7AE30215A1CB6
:102B100022921970229B9842F9D8AEE6F30700F191
:102B2000A780229BA9E624AA5846059103F028FB1A
:102B300000287FF46EA896F800C0269A059927A869
:102B40006544FFF7ECBB1BEE101A24AA584603F0AD
:102B500017FB00287FF45DA8269A0DF19C0AFFF769
:102B60006BB978238DF8693030238DF86830039B7A
:102B7000632B48F0020600F3A6800023079337ACCE
:102B800018EE903A002B48F481782BDBB0EE48AB7E
:102B90000B9B23F02005002309930B9B612B7FF4F3
:102BA000ADAAB0EE4A0B1BA802F06AFEB4EE007BA1
:102BB00020EE070BB5EE400BF1EE10FA01D1012328
:102BC0001B93464821E71BEE101A24AA584603F02F
:102BD000D7FA00287FF41DA81B9B269A0DF19C0AAA
:102BE000FFF74EB90B9B23F020052D230993B1EE7F
:102BF00048ABD2E71B9A0C92002A06F0010340F37F
:102C00000D8103990B4340F0CF800C9B0593662305
:102C10000B93720500F1A380059B23EAE3730293F3
:102C20006CE71BEE101A24AA584603F0A9FA0028F4
:102C30007EF4EFAF1B9C0E9B269A1C1B0DF19C0A89
:102C4000FFF736B958238DE700220392FEF7DABB6F
:102C50000E9B109A9A180C9B0592002B40F3AB80A8
:102C600067230B93D5E70B9A0F32D2B2012118E6F6
:102C7000A018FBE5002940F0A88030228DF87A20CA
:102C80000DF17B02303302F8013B1EABD31A1493D3
:102C900049E601331249CAF804502A44072BCDE90A
:102CA0002532CAF800107FF733AC1BEE101A24AAA5
:102CB000584603F065FA00287EF4ABAFDDE9253213
:102CC0000DF19C0A26E4591C584601F065F90446AA
:102CD00050B3079054E700BF8C27002078270020CE
:102CE000A429002067666666CDF888C012F8011C2A
:102CF00090F80FC0614513460AD14FF0300E03F82B
:102D000001EC229B591E229113F8011C8C45F6D030
:102D1000392916BF0131817AC9B203F8011CAEE628
:102D200000239046079360E71BEE102AB2F90C309F
:102D300043F040039381FEF716BCF5077FF5FEAD27
:102D4000F8E50593CEE6B5EE40ABF1EE10FA3FF4B0
:102D50008BADC2F101021B9287E567230B93139998
:102D60000B78FF2B79D000250C9A284603E0013020
:102D70000131FF2B08D0934206DAD21A4B78002B90
:102D8000F5D10B780135F4E70C9213910D900F9566
:102D90000F9A0D9B16991344059A01FB0323059383
:102DA00023EAE3730293D5E5109BD31819446623F5
:102DB00005910B932DE7C3F101031A4422EAE27354
:102DC0000293672305920B9398E60DF17A0259E777
:102DD000039BDDF80890DDF81C800593B4E418EE41
:102DE000903A002BB4BF2D219DF86710254C264B3F
:102DF000B8BF8DF8671028F08008FEF779BC039BF8
:102E00000293059373239DF8671003900F900D9024
:102E10000B93FEF77ABC0223149384E5039A1343C1
:102E200005D10123662202930B92059366E6109B5F
:102E300001331A4422EAE2730293662305920B934C
:102E40005CE6089A99F80130894652F8041B08920A
:102E500041EAE1710391FEF7D3BA00230F930D937A
:102E600096E70C23CBF800304FF0FF330493FEF7C6
:102E700081BB1BEE102A938943F040039381FEF738
:102E8000C8BE00BF70270020742700202DE9F84F2E
:102E90004B6E9C0490462DD59368126843B38B46C5
:102EA000064602F1080959E9025A5FEA9A0715D065
:102EB000043D002401E0A7420ED055F8041F5A46F5
:102EC000304602F0AFFF431C04F10104F3D10023AC
:102ED000C8E90133BDE8F88FD8F808302AF0030AB2
:102EE000A3EB0A03C8F8083009F10809002BDAD16E
:102EF0000020ECE702F0CAFF0023C8E90133BDE877
:102F0000F88F00BF2DE9F04F2DED028BC5B00DF10C
:102F1000500A834608EE101A164600210822504631
:102F20001C460793FDF73AF9BBF1000F04D0DBF81C
:102F30003430002B00F0A08618EE102A536EDB0709
:102F400040F11385B2F90C108AB295040BD418EE37
:102F5000103A41F4005199815B6E8AB218EE101A52
:102F600023F400534B66100740F1058118EE103A28
:102F70001B69002B00F0FF8002F01A030A2B00F0FF
:102F80000A810023CDE91933CDE90D331BAA0C9337
:102F9000189291460B930593B0464446A84BD3F83C
:102FA000E450FDF77FF92246034612A9CDF800A0B0
:102FB0005846A847002800F04581C0F23981129A8E
:102FC000252A034601D01C44E8E7B4EB0806054671
:102FD00040F03C81002361788DF8433004F1010812
:102FE00006934FF0FF371E462B2408F10108A1F18C
:102FF00020035A2B00F27881DFE813F0B502760146
:103000007601B0027601760176016A0076017601DA
:103010007D028D02760188029702760192025B00A2
:103020005B005B005B005B005B005B005B005B00C8
:1030300076017601760176017601760176017601D8
:1030400076015C02840076017601760176017601D4
:1030500076017601760176017601E8007601760147
:10306000760133027601DA02760176018B0576016C
:103070007601760176017601760176017601760198
:1030800076015C028600760176017601CD0286002B
:103090007F007601C0027601FD02EA00ED027F00AA
:1030A000760133027C006905760176016B057601B5
:1030B0007C00A1F13003002218F8011B02EB820210
:1030C00003EB4202A1F13003092BF5D906928EE7FA
:1030D000584601F04DFA43680D931846FDF788FEF7
:1030E0000E900546584601F043FA83680B93002D75
:1030F00040F0D68498F8001077E798F8001046F072
:10310000200672E746F01006B40640F18E81079B58
:10311000073323F007031A46596852F8083B079211
:103120000A460029C0F27084791C00F0A28526F0BE
:103130008001039153EA020100F03F840A2B72F1EF
:10314000000180F0418530338DF80F31039E01235B
:1031500004930DF20F14049BBB42B8BF3B4603938C
:10316000002308939DF84330002B00F0CB80039B95
:1031700001330393C6E018EE101A584618EE105AA1
:1031800001F05EFA002840F05286AA8902F01A0384
:103190000A2B7FF4F6AE18EE101AB1F90E30002BA0
:1031A000FFF6EFAE4B6EDB0702D4970540F11286B7
:1031B00018EE101A23463246584600F069FE059074
:1031C000059845B0BDEC028BBDE8F08F46F01006C7
:1031D00016F0200200F03681079B073323F0070327
:1031E00019465A6851F8083B079126F4806103910B
:1031F000002100208DF84300781C00F01082039815
:1032000020F0800653EA020040F00882002F40F0D0
:103210003885002940F0D583039B13F00103049304
:1032200000F0118430238DF80F310DF20F1492E766
:10323000082200215046FCF7B1FF01231C44ADE6F3
:10324000B02B0020B4EB080605461BD0199B1A9A38
:1032500001333244072BC9E900861A9219931CDD09
:10326000002A00F0A68318EE101A18AA5846FFF795
:103270000DFE20BB0DF16C09059B33440593002D19
:103280007FF4A8AE1A9B002B40F0C18518EE103ACF
:103290000022B3F90C30199215E009F10809EBE7A7
:1032A00018EE101A18AA5846FFF7F0FD002800F093
:1032B000A680089B1BB108995846FDF757FE18EEEB
:1032C000103AB3F90C3018EE102A526E12F0010FBA
:1032D0009AB200F0A080500600F1B285059845B082
:1032E000BDEC028BBDE8F08F0029CBD000238DF818
:1032F00043300123CDE903338DF8AC102BAC002310
:1033000008931F4616F00203099302D0039B023371
:10331000039316F084030A9305D1069B039A9D1A22
:10332000002D00F37B82DDE91903411C9DF8432049
:1033300082B101220133C9F8042007290DF14302AB
:10334000CDE91913C9F8002000F34A82084609F1B3
:1033500008090131099AE2B111AA0233C9F8002023
:1033600007294FF00202CDE91913C9F8042040F3F0
:103370005082002B00F0438318EE101A18AA58460A
:10338000FFF784FD002894D1DDE919030DF16C09E4
:10339000411C0A9A802A00F08481049ABD1A002DEB
:1033A00000F3D781049AC9F8004013440729CDE9F6
:1033B0001913C9F8042040F36E81002B00F07582C8
:1033C00018EE101A18AA5846FFF760FD00287FF47F
:1033D00070AF1A9B0DF16C09750705D5069A039914
:1033E000541A002C00F36B82DDE905210398814219
:1033F000ACBF521812180592002B7FF451AF0899F8
:1034000000231993002900F049815846FDF7AEFDCD
:103410000DF16C09C1E59C053FF55DAF18EE104A52
:10342000A06DFCF73DFFA28955E7F006079A00F171
:103430001F83710640F1198332F9043B0792DA17B2
:1034400011466EE616F01003079940F0098316F056
:10345000400000F001831A4651F8043B07919BB2EB
:10346000C3E6079B1A4600238DF84330134653F8F2
:10347000044B0393002C00F01284532900F0658361
:1034800016F0100540F061837B1C00F0B3843A46CF
:103490002946204602F0A4F90890002800F09F84F5
:1034A000031B039A049323EAE3732F4607920393C3
:1034B000089557E6432902D0F50640F12D83079D74
:1034C0000822002116A82BACFCF768FE16AB55F8B5
:1034D000042B2146584601F025F803460133049099
:1034E00000F0B384049B079523EAE373039300235E
:1034F0008DF8433003E7079B53F8042B0692002A0C
:1035000080F29C82069A5242CDE9062398F8001078
:1035100046F0040669E598F800108DF8434064E52C
:1035200098F8001046F080065FE5424612F8011B4D
:103530002A2900F09684A1F13003092B90464FF020
:1035400000073FF654AD18F8011B07EB870703EBA4
:103550004707A1F13003092BF5D948E598F8001089
:1035600046F0010641E59DF84330002B7FF4C2ADE3
:10357000202398F800108DF8433036E598F80010B5
:103580006C2903BF98F8011046F0200608F10108E5
:1035900046F0100629E598F80010682903BF98F84E
:1035A000011046F4007608F1010846F040061CE5DB
:1035B00046F010030393039B13F0200200F00682F1
:1035C000079B073323F0070319465A6851F8083B55
:1035D000079101210DE6079A46F00203039352F882
:1035E000043B079247F63002ADF84420B84A0C92EB
:1035F00002210022FDE5B70600F14882F50600F140
:103600004683740600F1D583B00540F14083079BE3
:10361000059953F8042B07931170BEE40396012912
:103620003FF48CAD022944AC11D10C9803F00F018A
:103630001B09415C04F8011D43EA0273120953EAB5
:103640000201F3D1039E44AB1B1B049383E503F0FB
:103650000701DB0843EA4273D208303153EA02051E
:10366000204604F8011DF2D1039EF307EBD5302963
:10367000E8D03023023804F8013C44AB1B1A039E07
:103680000493044667E5049B1B9401221C931A9340
:1036900019920DF16C0909F108099DE60DF16C090B
:1036A0007BE4069A039D551B002D7FF776AE102D07
:1036B00040F3BB83099418EE104A07E000F1020CB6
:1036C00009F108091046103D102D1EDD8149C9F889
:1036D0000010421C10331021072ACDE91923C9F824
:1036E0000410EBDD18AA002B74D0214658460DF1CA
:1036F0006C09FFF7CBFB00287FF4DBADDDE9190394
:10370000103D102D00F1010CE0DC099C714AC9F854
:1037100004502B44BCF1070FCDE919C3C9F80020B0
:1037200040F39481002B00F01F8318EE101A18AAA2
:103730005846FFF7ABFB00287FF4BBAD049ADDE9E8
:103740001903BD1A002D00F101010DF16C097FF77D
:1037500029AE102D29DD0994102718EE104A07E034
:1037600000F1020C09F108091046103D102D1ADD78
:10377000421C58491033072AC9E90017CDE919231B
:10378000EEDD18AA03B3214658460DF16C09FFF788
:103790007DFB00287FF48DADDDE91903103D102D70
:1037A00000F1010CE4DC099C61464A4AC9F8045066
:1037B0002B440729CDE91913C9F8002000F3E7804D
:1037C00009F108090131EDE54FF0010C18460DF142
:1037D0006C09CAE74FF0010C18460DF16C0972E74D
:1037E000002B00F0048118EE101A18AA5846FFF7B3
:1037F0004DFB00287FF45DADDDE919030DF16C0987
:10380000411CA7E5022311AA1C931B9201210DF173
:103810006C09084609F10809411CBAE5102D40F36E
:10382000E582DDE919130F94084618EE104A07E007
:1038300000F1020C09F108091046103D102D1DDDA4
:103840002549C9F80010421C10331021072ACDE980
:103850001923C9F80410EBDD18AA03B32146584612
:103860000DF16C09FFF712FB00287FF422ADDDE9B2
:103870001903103D102D00F1010CE1DC0F9C604696
:10388000154AC9F804502B440728CDE91903C9F893
:10389000002000F3C18009F10809411C46E51846E3
:1038A0004FF0010C0DF16C09C7E77607199353D55A
:1038B000069A0399541A002C4EDD0DF16C09102C58
:1038C00040F3B082199918EE106A10250DE000BF80
:1038D00078270020B4290020DC270020881C09F16B
:1038E00008091146103C102C1ADD4A1CB34810334D
:1038F000072AC9E90005CDE91923EFDD18AA33B37A
:1039000031465846FFF7C2FA00287FF4D2ACDDE911
:103910001913103C102C01F101000DF16C09E4DCCD
:10392000A64AC9F8044023440728CDE91903C9F879
:1039300000207FF759AD7BB118EE101A18AA58462F
:10394000FFF7A4FA00287FF4B4AC1A9B4CE50120E1
:1039500019460DF16C09C5E7DDE9053203998A4284
:10396000ACBF9B185B18059349E5B2F90C108F05A5
:1039700018EE103A8AB23FF5E8AA18EE105A986D80
:10398000FCF78CFCB5F90C108AB2FFF7DEBA002BFD
:103990003FF479AE18EE101A18AA5846FFF776FAD7
:1039A00000287FF486AC19991A9B01310DF16C093E
:1039B000F8E419920DF16C095EE4002F7FF4C3ABBB
:1039C000039E0027049744ACFFF7C5BB039B13F08D
:1039D000100354D1039A12F0400000F06B81079954
:1039E0001A4651F8043B07919BB2012101E4099A60
:1039F000002A64D1184601210DF16C09C9E40121A6
:103A000018460DF16C09C4E45B4262EB4202039676
:103A10002D200121FFF7EEBB002B00F0888018EE6F
:103A2000101A18AA5846FFF731FA00287FF441AC63
:103A3000DDE919030DF16C09411C77E498F80010D9
:103A40000793FFF7D2BA44ACFFF785BB09F1080929
:103A50000CF101016046A0E416F4007240F0978179
:103A600051F8043B0791FFF7C0BBB30500F1888113
:103A700052F8043B0792DA171146FFF752BB079939
:103A800051F8043B07910121FFF7B3BB079B059851
:103A900053F8041B0793C217C1E90002FFF77DBA70
:103AA0000B9B002B3FF426AB0B9B1B78002B3FF4AA
:103AB00021AB98F8001046F48066FFF796BA02230F
:103AC00011AA1C931B9201200DF16C09A2E603962A
:103AD00071E53B4B0C9316F0200259D0079B07333E
:103AE00023F0070318465A6850F8083B0790F4077C
:103AF00009D553EA020006D08DF84510302146F072
:103B000002068DF8441026F4806103910221FFF72C
:103B100070BB2C4B0C93DEE7079B012153F8042B61
:103B200003918DF8AC20079304912BACDFE49DF852
:103B30004320002A40F03281099A002A7FF462AEC5
:103B4000184601210DF16C0927E40021082216A86E
:103B50001394FCF723FB791C00F0BC80002507942C
:103B60002C460CE02BA9584600F0DCFC421C2044FB
:103B700000F06B81B84208DC00F070810446139AB3
:103B8000525916AB0435002AECD10494079CAFE0DF
:103B900016F0100307980CD116F0400405D01A4611
:103BA00050F8043B07909BB2A1E716F4007240F076
:103BB000E18050F8043B079099E700BFDC27002024
:103BC000782700208C2700200399049744AC9E4658
:103BD00008EE90BA01F480664FF0000C234606E030
:103BE000BEF10A0F72F1000239D3A6462A46A64951
:103BF0001EEB020040F100000F46A1FB001424F070
:103C0000030101EB9401401ABEEB00014FF0CC35EB
:103C100062F1000405FB01F507FB0455A1FB074118
:103C20000D44052704F00101A1FB071B09186408D6
:103C3000303103F8011C44EAC5740CF1010C013B5E
:103C40006D08002ECCD00B9909786145C8D1BCF124
:103C5000FF0FC5D0BEF10A0F72F100026CD21C46F4
:103C600044AB1B1B049F039E049318EE90BAFFF70E
:103C700072BA0396FFF762BA5846FCF7A7FFFFF740
:103C80005BB9012903967FF4CDACFFF75CBA079BC3
:103C9000059953F8042B11600793FFF77EB9062F9F
:103CA0003B46039A794C079228BF0623049303935B
:103CB000FFF725BB039B079913F4007214BF51F85B
:103CC000043B51F8043B07911CBF0246DBB20121C3
:103CD000FFF78FBA16AB00930023194613AA584674
:103CE00000F08CFD03460133049000F0AE80139485
:103CF000049B002B30D0632B63DC002308932BAC98
:103D00000822002116A8FCF749FA049D16AB00937F
:103D100013AA2B462146584600F070FD854240F01C
:103D2000AB80039B049A07930023A3541F4622EA07
:103D3000E2730393FFF716BA0E9A0D999B1A184671
:103D40000893FDF719FA0B99089B4A780AB10131DB
:103D50000B914FF0000C48E7039B0793049B0393E0
:103D60001F460893FFF7FEB9012118460DF16C09B3
:103D7000FFF713BB50F8043B07902246DBB2B6E6D0
:103D800012F9043B0792DA171146FFF7CAB951F846
:103D9000043B07910246DBB2FFF727BA01231C93CD
:103DA00001210DF143031B930DF16C090B46FFF745
:103DB000CDBA079B059953F8042B07931180FFF7A1
:103DC000ECB8591C584600F0E7F8044600283CD0EF
:103DD000089095E7886DFCF763FAFFF7E9B9039B54
:103DE0000793CDE90377089FFFF7BCB919981A9B91
:103DF000013045E5039B07932046FCF7F9FF20EAD5
:103E0000E0732F46049003930895FFF7ABB918EEC3
:103E1000101A18AA5846FFF739F800283FF436AAB6
:103E2000FFF74DBA199801307AE58C466EE46B6E57
:103E3000D90705D4AB899A0502D4A86DFCF730FAEE
:103E40004FF0FF330593FFF749BA18EE102AB2F985
:103E50000C3043F040039381FFF735BA079C049779
:103E600046E7079B98F8011053F8047B07939046A8
:103E700047EAE777FFF7B9B818EE102A938943F0BD
:103E800040039381FFF715BACDCCCCCCA0270020FE
:103E900070B50C468989ADF58E6D21F00201ADF843
:103EA0001410616E1B91E189ADF81610E16909915A
:103EB000616A0B911CA9029106914FF4806106463C
:103EC0000491079118A80021CDE900320891FCF770
:103ED000E1F9DDE9003202A93046FFF713F8051ECB
:103EE00007DB02A9304601F04BFC002818BF4FF059
:103EF000FF35BDF814305B0603D5A38943F04003BA
:103F0000A3811898FCF7C8F928460DF58E6D70BD91
:103F10002DE9F047DFF87CA00646DAF80000984665
:103F20000F469146FCF7BAF9184B1C6824B3656834
:103F30001F2D24DC5EB96B1C0235DAF800006360CB
:103F400044F82570FCF7ACF90020BDE8F08704EBDD
:103F500085010123C1F88890D4F88821AB401A4329
:103F6000022EC4F88821C1F80881E4D1D4F88C214C
:103F70001A43C4F88C21DEE7054C1C60D7E7DAF859
:103F80000000FCF78DF94FF0FF30DEE754390120D7
:103F900058390120A82B00202DE9F04F01F10B0624
:103FA000162E83B0044624D8102900F2BA8000F0FF
:103FB00019FC102618220220B54F3A44A2F108013C
:103FC00053688B4200F0BA805A68D96822F0030225
:103FD0001A449D68E9608D60516841F001012046F6
:103FE000516003F1080500F003FC284603B0BDE86A
:103FF000F08F36F0070600F19480B14200F2918014
:1040000000F0F0FBB6F5FC7FC0F09A81730A00F077
:104010008F80042B00F26F81B30903F1390003F1A3
:10402000380CC3009A4F3B44A3F108055B689D42DE
:1040300006D10CE0002980F22781DB689D4206D082
:104040005A6822F00302911B0F29F3DD60463D6997
:10405000DFF850C265457CD06A6822F00302931BEA
:104060000F2B00F37B81002BC7E904CC80F26C811D
:10407000B2F5007F80F01A81D308796801334FEAE6
:10408000521E012202FA0EF20A4357F833E0C5F835
:1040900008E007EBC3010839E9607A6047F833505C
:1040A000CEF80C50831001219940914257D811420B
:1040B00006D120F003004900114200F10400FAD0BB
:1040C00007EBC0094D468646D5F80C80454508D11A
:1040D0001DE1002B80F22481D8F80C80454500F0CA
:1040E0001681D8F8042022F00302931B0F2BF0DD79
:1040F0002046D8E9025408EB060146F00106C8F84C
:104100000460EC60A56043F00104C7E90411C1E953
:1041100002CC4C6048F8023000F06AFB08F1080558
:1041200002E00C2323600025284603B0BDE8F08F91
:104130004FF4007340204FF03F0C73E7D3689A426E
:1041400008BF02307FF440AF3D69DFF858C16545D4
:1041500082D17A688310012199409142A7D9BD6824
:104160006B6823F003094E4503D8A9EB06030F2B18
:104170007ADCDFF834B1474BDBF800201B680132F2
:10418000334405EB090A00F0338103F580530F3304
:1041900023F47F6828F00F0841462046FDF786F893
:1041A000411C024600F0F380824500F2EE803A4B5B
:1041B000196841441960084600F04E81DBF8001090
:1041C000019301311BBFA2EB0A010918CBF80020B3
:1041D000196012F0070B00F01781CBF108010A44B7
:1041E000CBF5805190440831A1EB0801C1F30B0AD3
:1041F000514620460092FDF759F8421CDDE90023A4
:1042000000F04F81801A00EB0A081968BA6048F084
:1042100001005144BD425060196000F02981B9F19C
:104220000F0F40F227816868A9F10C0C2CF0070CE5
:1042300000F0010040EA0C0068604FF0050E05EB4D
:104240000C00BCF10F0FC0E901EE00F232815068A2
:104250001546124B1A688A4238BF1960104B1A680B
:104260008A4238BF196094E0AA1943F0010346F06E
:1042700001066E602046BA60536000F0B9FA083556
:10428000284603B0BDE8F08FD9681A44A1E600BF04
:104290001C2D0020243B0120F43A01201C3B01206E
:1042A000203B0120242D002024310020B2F5206F76
:1042B0004FEA522363D3142B00F2B78003F15C0161
:1042C000C9005B3307EB010E7958AEF1080E8E453D
:1042D00000F091804B6823F00303934202D9896870
:1042E0008E45F7D1D1F80CE07A68C5E9021ECEF808
:1042F0000850CD60D6E6142B59D9542B00F29D807E
:10430000330B03F16F0003F16E0CC3008AE60EF16C
:10431000010E1EF0030F05F108057FF4D5AE51E044
:10432000424445465368D8F80C1043F001035360EB
:1043300055F8083F2046D9608B6000F059FAF3E643
:10434000F00806F1080237E62A442046536843F095
:1043500001035360083500F04BFAE5E6A919204641
:1043600046F0010643F001046E60C7E90411C1E99B
:1043700002CC4C60AB5000F03BFA0835D4E6930910
:1043800003F13901C90038339CE7BD425FD0BD68F5
:10439000686820F003084645A8EB060302D80F2BF7
:1043A0003FF762AF204600F023FA0025BCE603F198
:1043B0005C0003F15B0CC30034E659F808394B4547
:1043C00040F0968010F0030F00F1FF30F5D17B68CC
:1043D00023EA01037B60490099423FF6C0AE19B958
:1043E000BDE649000EF1040E1942FAD0704667E6A8
:1043F00003F11008D0E69A104FF001087B6808FA24
:1044000002F21A437A6070E702EB08014942C1F3F5
:104410000B0A514620460092FCF748FF431CDDE999
:1044200000237FF4EFAEDA46EFE6542B25D8130BCA
:1044300003F16F01C9006E3344E7B3F5AA7F25D8B5
:10444000F30B03F1780003F1770CC300EAE5294B85
:10445000186840441860B1E6CAF30B0CBCF1000FB9
:104460007FF4ACAEBD68C84448F001006860F0E677
:104470001546EEE60123536094E7B3F5AA7F23D8EF
:10448000D30B03F17801C90077331BE740F2545294
:10449000934223D8B30C03F17D0003F17C0CC300DD
:1044A000C0E5ABF1080BD844A8EB02084FF0000AB6
:1044B000ABE605F1080120460093FCF757FDBD6807
:1044C000009B68681968C4E640F254518B420BD8CF
:1044D000930C03F17D01C9007C33F3E64FF47E7346
:1044E0007F204FF07E0C9DE54FF47E717E23E9E640
:1044F0007B6870E7F43A012082B049B15AB16BB1E0
:1045000013780B601278101E18BF012002B070479C
:1045100001A9002AF3D1104602B070476FF00100E4
:10452000F4E700BF70B5054684B05BB11C4669B1C5
:104530000E4B2846D3F8E0602346B047431C0FD00B
:1045400004B070BD00F582740029F1D1074A2346FA
:10455000D2F8E06028460A4601A9B047431CEFD1D3
:1045600000228A2322602B6004B070BDB02B002093
:1045700000487047A02C002070B500294BD006469B
:104580000C4610B1436B002B48D0636ED80734D56E
:10459000B4F90C30002B3ED02146304601F058F8DB
:1045A000E36A054633B1E169304698470028B8BF51
:1045B0004FF0FF35A3891A063CD4216B41B104F1B9
:1045C0004003994202D03046FCF7D0FC002323631D
:1045D000616C21B13046FCF7C9FC00236364FCF731
:1045E00013FB636E0022DB07A2811FD5A06DFBF7D2
:1045F00053FEFCF70FFB284670BDA3899905CBD469
:10460000A06DFBF74BFEB4F90C30002BC4D1656EE6
:1046100015F0010505D00025284670BDFCF7D6FA37
:10462000B3E7A06DFBF73CFE284670BDA06DFBF71D
:1046300037FEDBE721693046FCF798FCBDE700BF99
:1046400038B5314B1B6805460C4613B15A6B002A2E
:104650004ED0B4F90C3018079AB21CD5216929B391
:1046600012F0010007D00020A06060694042A06104
:1046700039B1002038BD950758BF6069A060002996
:10468000F7D1120658BF0846F4D543F04003A38182
:104690004FF0FF3038BDD1062ED5520714D4216912
:1046A00043F00803A3819AB20029D9D102F4207003
:1046B000B0F5007FD4D02146284600F027F8B4F9A1
:1046C0000C3021699AB2CBE7216B51B104F1400261
:1046D000914204D02846FCF749FCB4F90C30002282
:1046E000226321690022C4E9001223F02403D7E7E2
:1046F0001846FCF76BFAACE7092243F040032A6046
:104700004FF0FF30A38138BD383100202DE9F04152
:104710008B890C46990796B008D504F14303012212
:10472000C4E90432236016B0BDE8F081B4F90E107C
:104730000029064625DB6A4601F0CAFA00281FDB7D
:10474000019D05F47045A5F50055B5FA85F54FF4C2
:1047500080686D094FF4006741463046FFF71CFC46
:10476000E0B1B4F90C30C4F8148043F08003206049
:104770002061A38135BB3B43A38116B0BDE8F08126
:10478000A38913F0800519D04FF040080025414659
:1047900030462F46FFF700FC0028E2D1B4F90C3078
:1047A0009A05C0D423F0030304F1430243F002034B
:1047B0000121C4E90421A3812260B4E74FF4806899
:1047C0002F46C9E7B4F90E10304601F097FA10B938
:1047D000B4F90C30CFE7A38923F0030343F00103BE
:1047E0001BB2C8E70148FBF759BD00BFEC3A0120F6
:1047F0000148FBF755BD00BFEC3A012010B582B06F
:10480000049CCDE900344FF0FF3301F091FE02B07B
:1048100010BD00BF2DE9F04F03690C69A34283B0BE
:10482000C0F28780013C01F11405A30000F11408D7
:10483000009355F8243058F82420013381469A42D9
:1048400008EB840005EB84070190B2FBF3F63BD341
:104850004FF0000CAE464046E24663465EF804BBAD
:1048600002681FFA8BFC06FB0C334FEA134C4FEA2D
:104870001B4B06FB0BCC9BB2AAEB03031FFA8CFA73
:1048800013FA82F3CAEB124202EB23429BB243EAD1
:104890000243774540F8043B4FEA224A4FEA1C4363
:1048A000DCD2009B58F8033073B9019B043B984558
:1048B00004D307E0984504F1FF3403D253F80429E8
:1048C000002AF7D0C9F810404846FBF777FF0028C8
:1048D0002BDB01364146002355F8040BD1F800C00C
:1048E00082B29A1A030C12FA8CF2C3EB1C4303EB4C
:1048F000224392B242EA0342AF4241F8042B4FEA0C
:104900002343E9D258F8242008EB84036AB9043B16
:10491000984504D307E0984504F1FF3403D253F8D7
:104920000429002AF7D0C9F81040304603B0BDE88A
:10493000F08F002003B0BDE8F08F00BF0000000042
:104940002DE9F04F2DED028B8FB08DED020B019113
:10495000816B1A9D059357EC106B0446934641B149
:10496000C26B4A60012393408B60FBF7C7FC0023B6
:10497000A363B7F10008B4BF012300232B60BE4B33
:10498000BCBF28F00048CDF80C8033EA080300F0E3
:104990009F809DED028BB5EE408BF1EE10FA11D1A8
:1049A000059A012313601B9B002B00F03F82B34B41
:1049B0001B9A1360013B009300980FB0BDEC028B73
:1049C000BDE8F08F0CAA0DA92046B0EE480BFBF70E
:1049D000C1FF5FEA1853054640F09280DDE90C13F1
:1049E0000B4403F23242202A40F3FA82C2F1400221
:1049F00008FA02F803F21242D64048EA060207EE2D
:104A0000102AB8EE477B581E17EE906A53EC172B0E
:104A10004FF0010AA6F1F8739FED913B9FED927B59
:104A20009FED935B06EE900A43EC122BB8EEE64B3B
:104A3000B7EE086B32EE466BA6EE037BA4EE057B69
:104A4000FDEEC76BB5EEC07BF1EE10FA16EE907A74
:104A500008D5B8EEE66BB4EE476BF1EE10FA18BF6E
:104A600007F1FF37162F00F24581854B03EBC70393
:104A700093ED007BB4EEC78BF1EE10FA57D5091A0F
:104A80000023B1F1010807F1FF370A9300F13981E2
:104A900000230693002F52DA069B0497DB1B069334
:104AA0007B420893019B092B4FF000074ED8052B42
:104AB00040F39D82043B01930026019B9A1E032A2A
:104AC00000F22581DFE812F0AA03A7039D037E030D
:104AD000059AC8F3130842F20F7358EA06081360E8
:104AE0001ED11B9B002B00F09185664B0093083371
:104AF0001B9A009813600FB0BDEC028BBDE8F08FDD
:104B000018EE906AC6F31306A3F2FF3053EC182B8D
:104B100046F07F530C994FF0000A43F440137BE7B3
:104B20001B9B002B40F03B83574B009344E7091A33
:104B30000023B1F101080A9300F1E38006930023FA
:104B40000893019B0497092BB844B0D90023012690
:104B5000019307964FF0FF399B460021E163CDF8A2
:104B60002C902046FBF7A4FB0090002800F0408525
:104B7000009BA363B9F10E0F00F2DC80002E00F061
:104B8000D980049B002B40F3DE833D4A03F00F01E4
:104B900002EBC10292ED007B1A11DB0540F182832A
:104BA0003A4991ED086B02F00F02032088EE065B94
:104BB0005AB13649D60704D591ED006B013027EE86
:104BC000067B521001F10801F4D185EE076B0A9BB8
:104BD0003BB1B7EE007BB4EEC76BF1EE10FA00F11B
:104BE000AE8407EE900AB8EEE75BB1EE0C7BA5EE63
:104BF000067B17EE902A51EC170BA2F15071B9F118
:104C0000000F00F08883049E4A46079B002B00F0AB
:104C10004784B6EE003B1A4BFDEEC64B03EBC20CCD
:104C2000B8EEE47B36EE477B1CED026B83EE065B51
:104C300041EC160B14EE900A35EE465B0099B4EE8B
:104C4000C75B3030F1EE10FA01F8010B00F3AC84D1
:104C5000B7EE002BB2EE044B4FF0000C31E000BF7A
:104C600061436F63A787D23FB3C8608B288AC63F72
:104C7000FB799F501344D33F0000F07FA927002009
:104C8000180B0020FC26002008270020F00A002036
:104C90000CF1010C94454DDA27EE047B25EE045B04
:104CA000FDEEC76B16EE903AB8EEE63B303337EECA
:104CB000437BB4EEC57BF1EE10FA01F8013B00F145
:104CC000738432EE476BB4EEC56BF1EE10FADFD5AC
:104CD000009A049602E08A4200F05084894611F856
:104CE000013D392BF7D00133DBB20B70049B01334C
:104CF000049355E1091A0123B1F101080A937FF5E4
:104D0000C7AEC1F1010306934FF00008C2E60026CA
:104D1000E66331462046FBF7CBFA0090002800F00E
:104D20006784009BA3634FF0FF330B9399460123E5
:104D3000B34607930D9A002A55DB04990E2952DCDD
:104D4000B74BBBF1000F03EBC10393ED006B15DA1A
:104D5000B9F1000F12DC40F0F282B1EE047B26EED6
:104D6000077BB4EEC78BF1EE10FACA464E4600F24E
:104D70006D82DDF800806FEA0B0B70E288EE067B37
:104D8000BDEEC77B009917EE103AB9F1010F03F1A0
:104D90003003B8EEC75B01F8013BA5EE468B00F08F
:104DA0003483B2EE044B012311E088EE067BBDEEA6
:104DB000C77B013317EE102A4B4502F13002B8EEE3
:104DC000C75B01F8012BA5EE468B00F01E8328EE91
:104DD000048BB5EE408BF1EE10FAE6D1049B013363
:104DE00004938946DCE0079B43B3019B012B40F30E
:104DF0007682089B09F1FF3A534580F23F82089B77
:104E0000CDF820A0AAEB030217444FF0000AB9F135
:104E1000000FC0F22583069B09934B44C8440693B8
:104E200001212046FBF716FB06460CE07D4B009364
:104E300000980FB0BDEC028BBDE8F08F069BDDF84B
:104E400020A0079E0993099B6BB1B8F1000F0ADD02
:104E5000434506991A46A8BF4246891A9B1A0691ED
:104E60000993A8EB0208089B63B1079B002B00F095
:104E7000A782BAF1000F00F30482089BB3EB0A0289
:104E800040F0FF8201212046FBF7E4FA002F824622
:104E900000F3AF80019B012B40F38781002308932F
:104EA0000120002F40F0B180404410F01F0000F0BE
:104EB0007A81C0F12002042A00F3888040F0F68154
:104EC000069B002B05DD29461A462046FBF7FEFB14
:104ED0000546B8F1000F05DD514642462046FBF776
:104EE000F5FB82460A9B002B40F03F81B9F1000F91
:104EF00040F32581079B002B40F0A380049B0133E6
:104F00000493DDF80080012707E0294600230A22E8
:104F10002046FBF7FDF90137054651462846FFF7C5
:104F200079FCB94500F1300008F8010BEDDCB9F16E
:104F3000000F009ACCBFCB464FF0010B03469344C1
:104F400000272946012220460193FBF7BFFB51466B
:104F50000546FBF733FC002840F3AF811BF8013C0A
:104F6000009A0BF1FF3B04E05A4500F0B1811BF8B9
:104F7000013D392B0BF10109F6D001338BF80030DC
:104F800051462046FBF7BAF956B12FB1B74203D0CC
:104F900039462046FBF7B2F931462046FBF7AEF919
:104FA00029462046FBF7AAF9002389F80030DDE9FD
:104FB00004231A601B9B002B3FF4FEAC0098C3F83F
:104FC00000900FB0BDEC028BBDE8F08FC0F11C006B
:104FD000069B03440693099B0344099380446FE7AF
:104FE000C2F1200206FA02F207EE102A09E50126B4
:104FF00063E501463A462046FBF708FB019B012B7F
:10500000824640F3C58100230893DAF810200AEBAA
:1050100082021069FBF7CEF9C0F1200044E700BF1F
:10502000180B0020A8270020314600230A22204622
:10503000FBF76EF90B9B002B064640F3CE820497DC
:105040009946099B002B05DD31461A462046FBF7A1
:105050003DFB0646089B002B40F0EB81B046029BCF
:10506000009F03F001027B1E4B440893019B0A92B0
:105070001343099351462846FFF7CCFB314683463C
:105080002846FBF79BFB4246514681462046FBF7EC
:10509000B7FBC26801460BF13003002A42D1CDE9CB
:1050A00006032846FBF78AFB069902902046FBF789
:1050B00025F9029A079B1AB90999002900F07E8206
:1050C000B9F1000FC0F28381019949EA01090A99F7
:1050D00051EA090900F07B81002A00F3C681089A91
:1050E0003B7007F101099742CB4600F0C481294685
:1050F00000230A222046FBF70BF9464505463146B8
:105100004FF000034FF00A02204612D0FBF700F9DF
:105110004146064600230A222046FBF7F9F84F468F
:105120008046A7E720460293FBF7E8F8029B01229E
:10513000C6E7FBF7EDF84F46064680469AE7019B27
:10514000022B71DC079B002B7FF47BAF049B514645
:10515000013328460493FFF75DFBDDF800B000F152
:1051600030030BF8013B0027EBE651462846FBF7DE
:1051700025FB0028BFF6BAAE294600230A222046A6
:10518000FBF7C6F8049B5F1E079B0546002B7FF4C8
:105190004BAF0B9B002B40F318829946B1E6BC4BFA
:1051A00000930333A4E41C2012E7DDE90201002888
:1051B0007FF474AEC1F31302002A00F0F480029B66
:1051C00008936DE601230793049B5B4403F10109F7
:1051D000B9F1010FCC460B93B8BF4FF0010C002181
:1051E000BCF1170FE1637FF7BCAC01200422520031
:1051F00002F114036345014600F10100F7D9E163B0
:10520000AFE401230793BBF1000F52DDCDF82CB0C2
:10521000D946DC46E3E700230793D5E7002307934D
:10522000F1E7DDF82C900497B9F1000F7FF4A1AD00
:1052300051464B4605222046FBF76AF80146824656
:105240002846FBF7BBFA00287FF793AD049B03F1D8
:10525000010B009B3122984603F8012B0093514625
:105260002046FBF74BF80BF10103DDF800900493A7
:10527000CDF80080002E7FF48FAE91E6A3EB0A0AF2
:10528000C5E5314652462046FBF7C0F92A4601469D
:1052900006462046FBF70CF9294605462046FBF753
:1052A0002DF8EAE50220B0EE485B81E4C0F13C0055
:1052B0008EE64FF0010BD9464FE403D1019BDB078B
:1052C0003FF54CAED9461BF8013D302BFAD057E6DE
:1052D000049B009A013304933123137050E6BAF112
:1052E000000F00F0238102F23342069B099313441E
:1052F000DDF820A00693904492E507EE900AB1EE07
:105300000C5BB8EEE77BA6EE075B15EE902A51EC3E
:10531000150BA2F1507141EC150BB1EE047B36EE8A
:10532000477BB4EEC57BF1EE10FA00F33781B1EEA6
:10533000455BB4EEC57BF1EE10FA7FF5FBAC4FF0A8
:10534000000A564615E500F0F580049B51495A4283
:1053500002F00F0001EBC00191ED006B121128EE7D
:10536000066B00F04281B0EE467B4B4900260220DE
:10537000D30705D591ED005B0130012627EE057BB3
:10538000521001F10801F3D1002E06FE076B1EE456
:10539000029B002B7FF437AEDDE90201C1F313025B
:1053A000002A40F037813D4A0A40002A00F0FA8086
:1053B000069B01330693012308F1010808936FE56A
:1053C0002946089A2046FBF721F905465AE5002AA6
:1053D00012DD2946012220460193FBF777F9514659
:1053E0000546FBF7EBF90028019B40F3E180392BE0
:1053F00000F0CA800BF13103B94609F8013B049B68
:105400000133374604934646BAE538EE088BB4EECE
:10541000C68BF1EE10FA0ADCB4EE468BF1EE10FA10
:105420007FF4DCAC17EE103AD8077FF5D7AC009AC2
:1054300054E471682046FAF73BFF0746002800F065
:10544000DE80336902339A0006F10C010C30FBF761
:1054500019FC394601222046FBF738F98046FEE563
:10546000069BA3EB09030993DAE4392B00F08C8047
:10547000B9460133C1E7049A0132374604924646E1
:105480005FE529462046FBF7C1F80546FAE400BF70
:1054900008270020180B0020F00A00200000F07FF1
:1054A0005E4BFDEEC65B03EBC20C1CED023BB8EE9F
:1054B000E57B36EE477B41EC160B15EE901A23EE9A
:1054C000063B00983031012A00F8011B00F0838070
:1054D000B2EE044B009B991827EE047BFDEEC76BE0
:1054E00016EE903A303300F8013B8142B8EEE65BAD
:1054F00037EE457BF0D1B6EE006B33EE065BB4EED3
:10550000C75BF1EE10FA3FF5E3AB36EE436BB4EE5A
:10551000C76BF1EE10FA7FF70DAC8946013919F827
:10552000013C302BF9D0731C049339E50C9AC2F17D
:105530003602DAE60220B0EE486BFFF748BBB9F15D
:10554000000F3FF4DAAE0B9A002A7FF7F3ABB2EE0E
:10555000044B26EE046B013007EE900A049BB8EE74
:10556000E75BB1EE0C7BA6EE057B17EE90CA51EC23
:10557000170B5E1EACF15071FFF747BB049B013364
:1055800004933123FFF7B1BB049BBB460133049363
:10559000392337460BF8013B4646E1E44FF0000A59
:1055A000564653E608927BE4731C04938946F7E45D
:1055B0007FF422AFDA077FF51FAF18E7392BE3D06E
:1055C000B9F1000F3FF716AF16E7019B022B3FF72B
:1055D00028AE0497BAE501468DE7019B022B3FF701
:1055E00020AEDDF82C9004972BE50220FFF7EFBAF0
:1055F0000B4B0C48002240F2AF11FAF7AFFD084BFD
:1056000008483A4640F2EF21FAF7A8FD064B00930E
:10561000FFF7D2B9029B0893F7E400BF180B0020F4
:10562000882500200C270020FC26002038B5074DD7
:105630000022044608462A60F4F732FC431C00D0DE
:1056400038BD2B68002BFBD0236038BD643C0120A3
:10565000B1F90C202DE9F0410C461107804647D4E2
:10566000636842F40062002BA2815EDDA56A002D12
:1056700058D00023D8F80060C8F8003093B212F474
:10568000805256D10123E1694046A847431C67D0A8
:10569000A389A56A5F0705D56368C01A236B0BB1A0
:1056A000E36BC01AE169024600234046A847411C4B
:1056B00041D1D8F80030002B3DD01D2B01D0162B46
:1056C00056D1A3892269226023F40063002161601E
:1056D000A381216BC8F8006021B304F14003994213
:1056E00002D04046FBF742FC00202063BDE8F08179
:1056F0002669BEB193B2256826609A070CBF63691C
:105700000023AD1BA3600BE02B463246E169676ABC
:105710004046B847B0F1000CA5EB0C05664417DD18
:10572000002DF1DC0020BDE8F081E36B002B9DDC57
:10573000F8E7206DAEE7B4F90C302269226023F45B
:105740000063A3810022DB046260C2D52065C0E74C
:10575000A38943F040034FF0FF30A381BDE8F081FF
:10576000D8F80030002B93D01D2B06D0162B04D078
:10577000A38943F04003A381D5E7C8F80060D1E7CF
:1057800038B50C46054608B1436B03B3B4F90C00B9
:1057900088B1636EDB0701D481050FD52846214609
:1057A000FFF756FF636EDA07054602D4A3899B050F
:1057B00008D5284638BD0546284638BDA06DFAF7FD
:1057C0006DFDEBE7A06DFAF76BFD284638BDFBF7E2
:1057D000FDF9DBE700000000000000000000000011
:1057E00001F0FF01102A2BDB10F0070F08D010F892
:1057F000013B013A8B422DD010F0070F42B3F6D196
:10580000F0B441EA012141EA014122F007047FF0AE
:1058100000070023F0E80256083C85EA010586EA05
:10582000010685FA47F5A3FA87F586FA47F6A5FA41
:1058300087F68EB9EED1F0BC01F0FF0102F007024D
:1058400032B110F8013B013A83EA010313B1F8D1F8
:105850000020704701387047002D06BF35460338D9
:10586000073815F0010F07D1013015F4807F02BF12
:10587000013015F4C03F0130F0BC0138704700BF63
:1058800030B482B08DED000B019A194C22F0004328
:105890000021A342016021DC009C1C431ED0154C5A
:1058A000144054B99FED107B20EE077B8DED007BFB
:1058B000019A6FF0350122F0004322F0FF42DDE94A
:1058C000004522F4E00242F07F551B1545F4001517
:1058D000A3F2FE33CDE900450B4403609DED000BC0
:1058E00002B030BC704700BF000000000000504311
:1058F000FFFFEF7F0000F07F2DE9F84F17460029EA
:1059000000F098800C4607F10B058046FEF76AFF11
:10591000162D54F8041C5BD810252A46AF425CD8DB
:1059200021F003069642A4F1080962DABC4BD3F8D1
:1059300008C009EB0600844500F09780D0F804C049
:105940002CF0010303445B68DB0768D42CF0030CE4
:1059500006EB0C03934247DACB0710D454F8083C0B
:10596000A9EB030ADAF8043023F003018C44B444B1
:10597000944580F211817318934280F2E880394691
:105980004046FEF709FB0746E0B154F8043C23F01B
:1059900001034B44A0F10802934200F0D280321F71
:1059A000242A00F2F580132A00F2AC800346224636
:1059B000116819605168596092689A6021464046A2
:1059C000FBF7D4FA4046FEF713FF3846BDE8F88FE0
:1059D00025F00705002D2A46A0DA0C23C8F8003070
:1059E00000273846BDE8F88F1E46D0E90223D36071
:1059F0009A60731B0F2B22D8D9F8043003F00103EF
:105A000033434E44C9F80430736843F001037360B4
:105A100040462746FEF7ECFE3846BDE8F88FC9073A
:105A2000ADD454F8083CA9EB030ADAF8041021F0CD
:105A30000301A0E7BDE8F84F1146FEF7ADBAD9F86B
:105A4000042009EB050102F001024E4443F001037A
:105A50002A43C9F804204B60736843F001030831FE
:105A600073604046FBF782FAD2E7DCF8040020F0CE
:105A7000030B06EB0B0C05F1100084454DDAC9074A
:105A80003FF57DAF54F8081CA9EB010ADAF80410C1
:105A900021F003018B44B34458453FF76CAF5746A0
:105AA000DAF80C1057F8080F321F242AC1608860FA
:105AB00000F2DB80132A40F2D6802168CAF8081071
:105AC0006168CAF80C101B2A00F2DF8008340AF162
:105AD00010022168116061685160A16891600AEB51
:105AE0000501ABEB050242F0010299604A60DAF869
:105AF000043003F001032B434046CAF80430FEF79C
:105B000077FE6EE723680360636843601B2A68D8EA
:105B100004F1080200F108034AE709EB05029A6064
:105B2000ACEB050343F00103536054F8043C03F06D
:105B300001032B43404644F8043CFEF759FE274638
:105B40004FE750F8043C23F003031E4451E7574647
:105B5000DAF80C1057F8080F321F242AC160886049
:105B60004CD8132A48D92168CAF808106168CAF8C5
:105B70000C101B2A56D808340AF110021E4623685E
:105B8000136063685360A3689360D1463C4630E776
:105B9000214600F0CDFB11E7D0E902135746CB6058
:105BA000996057F8081FDAF80C30CB60321F242AAE
:105BB00099602DD8132A29D92368CAF80830636858
:105BC000CAF80C301B2A42D808340AF110032268A4
:105BD0001A6062685A60A2689A606646D1463C467E
:105BE00007E7A3688360E368C360242A26D004F132
:105BF000100200F11003DBE63A46BFE721463846C3
:105C00001E46D14600F094FB3C46F2E63B46DEE7FA
:105C1000214638466646D14600F08AFB3C46E8E617
:105C20001C2D0020A168CAF81010E168CAF81410F1
:105C3000242A20D010340AF118029FE72369036157
:105C40006169416104F1180200F11803B0E6A3682C
:105C5000CAF81030E368CAF81430242A21D010346E
:105C60000AF11803B3E73A4633E72146384600F015
:105C70005FFB164B33E72269CAF818206269CAF83D
:105C80001C2018340AF1200278E7A168CAF8101025
:105C9000E168CAF81410242A0DD010340AF1180251
:105CA00017E72369CAF818306369CAF81C3018343A
:105CB0000AF120038BE72269CAF818206269CAF842
:105CC0001C2018340AF1200203E700BF1C2D00201D
:105CD00070B50C46084D03460026204611461C466A
:105CE0002E60F4F7E1F8431C00D070BD2B68002B48
:105CF000FBD0236070BD00BF643C012038B5074D68
:105D00000022044608462A60F4F7D4F8431C00D069
:105D100038BD2B68002BFBD0236038BD643C0120CC
:105D200038B50C46084D8446114620461A460023D5
:105D30002B606446F4F7C0F8431C00D038BD2B68D4
:105D4000002BFBD0236038BD643C012038B50C46E5
:105D5000084D8446114620461A4600232B606446AF
:105D6000F4F79CF8431C00D038BD2B68002BFBD007
:105D7000236038BD643C01202DE9F04782B08246A3
:105D800088461446FAF78EFA012803D108F1FF334A
:105D9000FE2B36D90DF10409424604F15C03494655
:105DA0005046FEF7BFFB421C064632D020B39DF89A
:105DB00004C0002509E023685A1C226083F800C053
:105DC0000135B54218D219F801CFA368013B002B69
:105DD000A360F0DAA769BB4261462246504602DB67
:105DE000BCF10A0FE7D100F04BFA431CE8D106469C
:105DF000304602B0BDE8F0874646304602B0BDE806
:105E0000F0875FFA88FC8DF804C006460DF104099E
:105E1000CFE7A389304643F04003A38102B0BDE839
:105E2000F08700BF30B5536E13F0010FB2F90C309C
:105E3000144683B005469AB201D198051CD590044A
:105E400006D4626E43F4005342F40052A3816266AA
:105E500022462846FFF790FF636EDA07054602D414
:105E6000A3899B0502D5284603B030BDA06DFAF783
:105E700017FA284603B030BDA06D0191FAF70EFA6B
:105E8000B4F90C3001999AB2D9E700BF9368002B9E
:105E900000F085802DE9F04FB1F90C300C46190760
:105EA000804683B0174698B225D523691BB310F0FE
:105EB00002033D682DD04FF0000ADFF8C0B256460D
:105EC000B9465E453346524628BF5B464046002EE3
:105ED00052D0E169676AB847002856DDD9F8083022
:105EE0001B1A8244361AC9F80830002BE9D1002069
:105EF00003B0BDE8F08F21464046FEF7A1FB002825
:105F000040F03881B4F90C303D6898B210F00203CB
:105F1000D1D110F0010944D14E46009746B3820515
:105F2000D4F808B040F18580B3455A4600F2B480F9
:105F300010F4906F40F0C18020680192494600F053
:105F4000F7F9A368019AA3EB0B012368A16013443E
:105F5000B24623600026009A9368A3EB0A03D1445B
:105F60009360002BC3D0B4F90C0080B2002ED6D1C0
:105F7000D5E900960835D1E7D5E900A60835A0E7B0
:105F800021464046FFF7FCFB88B3B4F90C3043F0E0
:105F900040034FF0FF30A38103B0BDE8F08F002035
:105FA00070471E46BA469946184600951F4666B386
:105FB000002832D04A46D4E904132068A568B242CA
:105FC00028BF3246884204D905EB030B5A4500F33B
:105FD000A780934264DCE169656A3A464046A84777
:105FE000B0F1000BD1DDB9EB0B09C9D00120DAF813
:105FF0000830A3EB0B035F44A6EB0B06CAF808308E
:10600000002B3FF474AF002ED2D1009A566813468D
:1060100008320092002EF8D01F6832460A21384616
:10602000FFF7DEFB002800F09C800130A0EB0709A1
:10603000C0E720682369984216D86269B24213D833
:106040006FF00043B34228BF3346E16993FBF2F39C
:10605000676A02FB03F340464A46B847B0F1000ABC
:1060600093DDA6EB0A0676E7B345DA4628BFB246CB
:106070005246494600F05CF9A3682268A3EB0A0384
:106080005244A3602260002BEBD121464046FFF72B
:1060900077FB0028E5D078E72068B34632464CE726
:1060A0003946019200F044F9019AA3689B1AA36053
:1060B000236813442360934695E723682169A3EB83
:1060C000010B636903EB430A0AEBDA7A0BF1010374
:1060D0004FEA6A0A33445345524684BF9A465246B1
:1060E00043052CD511464046FDF756FF00283BD00E
:1060F0005A4621690190FAF7C5FDA289019B22F455
:10610000906242F08002A28103EB0B002361AAEBB4
:106110000B03C4F814A0A3602060B34632460CE71A
:1061200039465A4600F004F923685B44236021464F
:106130004046FFF725FB00283FF455AF25E74046D2
:10614000FFF7DAFB03460028DED121694046FAF763
:106150000DFFB4F90C300C2223F08003C8F80020A6
:1061600015E7721C914626E70C22B4F90C30C8F8EA
:1061700000200CE74FF0FF30BAE600BF00FCFF7FC5
:106180002DE9F04F9368176883B09246002B70D0CA
:1061900081468A6808680C46083743E0A38913F4EF
:1061A000906F2ED0D4E90416A0EB010806EB46064A
:1061B00006EBD67608F1010076102844B04232464C
:1061C00084BF064632465B0537D511464846FDF783
:1061D000E3FE019000283AD042462169FAF752FDC9
:1061E000A289019B22F4906242F08002A281A6EB78
:1061F000080203EB08006661A260236120602E465E
:10620000A8464246594600F093F8DAF80830A268EA
:106210002068921B40445B1BA2602060CAF80830D3
:106220003BB3083757E902B5002DFAD0AA4216460B
:106230009046B3D92E46A846E3E74846FFF75CFBF5
:1062400003460028D3D121694846FAF78FFEA38977
:106250000C2243F04003C9F800204FF0FF30A38127
:1062600000220023CAF80820CAF8043003B0BDE8B1
:10627000F08F00200023CAF8043003B0BDE8F08F8F
:10628000F8B50D461446064610B1436B002B4CD0B2
:10629000B4F90C20A369A360170790B21BD523693A
:1062A000CBB1EDB281042F4622D522686169D31AA1
:1062B000994229DD0133A1680139A160511C216097
:1062C000157062699A4227D0A389DB0701D50A2D90
:1062D00022D03846F8BD21463046FEF7B1F908BB5A
:1062E000B4F90C20236990B2EDB281042F46DCD4BE
:1062F00042F40052A281626E616922F40052626629
:106300002268D31A9942D5DC21463046FFF738FA85
:1063100040B922680123CEE721463046FFF730FA24
:106320000028D6D04FF0FF37D3E7FAF74FFCAFE79E
:1063300088420DD98B1883420AD900EB020CBAB1FE
:10634000624613F801CD02F801CD9942F9D17047A8
:106350000F2A0ED8034602F1FF3C4AB10CF1010CA2
:10636000013B8C4411F8012B03F8012F6145F9D151
:10637000704740EA01039B0750D1A2F1100370B5AA
:1063800001F1200C23F00F0501F1100E00F11004B3
:10639000AC441B095EF8105C44F8105C5EF80C5CC1
:1063A00044F80C5C5EF8085C44F8085C5EF8045C39
:1063B00044F8045C0EF1100EE64504F11004E9D136
:1063C000013312F00C0F01EB031102F00F0400EB8C
:1063D000031327D0043C24F003064FEA940C1E4418
:1063E0001C1F8E465EF8045B44F8045FB442F9D18A
:1063F0000CF1010402F0030203EB840301EB8401BE
:1064000002F1FF3C4AB10CF1010C013B8C4411F844
:10641000012B03F8012F6145F9D170BD02F1FF3C5A
:1064200003469BE72246EBE72DE9F04F8BB0DDE911
:10643000158A149F0391814605921E46B8F1000FFC
:106440005CD0039B002B5ED0059B1D68002F6AD09B
:10645000741E4EB3039B0493043D002601950BE08C
:10646000039B2BBB019B1A68002A3AD0BC455CD227
:10647000013C631C664617D0D8F800300293019B9C
:10648000DAF8E05053F8042F019307A94346484631
:10649000D8F804B0A847421C3AD000EB060CBC4523
:1064A000DED9029BC8E9003B30460BB0BDE8F08F57
:1064B00000280EDD049B019D18445A1E07A900F117
:1064C000FF3E11F8013B02F8013F7245F9D10195F9
:1064D0000490059B1A6804321A60019B1A68002A0E
:1064E000C4D1039B0BB1059B1A600CF1FF3600224F
:1064F0003046C8F800200BB0BDE8F08F039B00F5D4
:106500008678002BA0D1059B4FF0FF371D689FE7D1
:1065100006468A2100223046C9F80010C8F800203B
:106520000BB0BDE8F08F3E46BEE76646BCE700BF55
:1065300010B584B0054C0698009007980190044867
:1065400000680294FFF770FF04B010BDB02B00206C
:1065500038310020024B01461868FDF71DBD00BF11
:1065600038310020024B01461868FAF7FFBC00BF23
:1065700038310020000000005FF800F0A920006022
:04658000F8B500BFAB
:08658400BC88FF7F010000004C
:10658C0000000000000000000000000000000000FF
:10659C0000000000000000000000000000000000EF
:1065AC0000000000000000000000000000000000DF
:1065BC0000000000000000000000000000000000CF
:1065CC0000000000000000000000000000000000BF
:1065DC0000000000000000000000000000000000AF
:1065EC00000000000000000000000000000000009F
:1065FC00000000000000000000000000000000008F
:10660C00000000000000000000000000000000007E
:10661C00000000000000000000000000000000006E
:10662C00000000000000000000000000000000005E
:10663C00000000000000000000000000000000004E
:10664C00000000000000000000000000000000003E
:10665C00000000000000000000000000000000002E
:10666C00000000000000000000000000000000001E
:10667C00000000000000000000000000000000000E
:10668C0000000000000000000000000000000000FE
:10669C0000000000000000000000000000000000EE
:1066AC0000000000000000000000000000000000DE
:1066BC0000000000000000000000000000000000CE
:1066CC0000000000000000000000000000000000BE
:1066DC0000000000000000000000000000000000AE
:1066EC00000000000000000000000000000000009E
:1066FC00000000000000000000000000000000008E
:10670C00000000000000000000000000000000007D
:10671C00000000000000000000000000000000006D
:10672C00000000000000000000000000000000005D
:10673C00000000000000000000000000000000004D
:10674C00000000000000000000000000000000003D
:10675C00000000000000000000000000000000002D
:10676C00000000000000000000000000000000001D
:10677C00000000000000000000000000000000000D
:10678C0000000000000000000000000000000000FD
:10679C0000000000000000000000000000000000ED
:1067AC0000000000000000000000000000000000DD
:1067BC0000000000000000000000000000000000CD
:1067CC0000000000000000000000000000000000BD
:1067DC0000000000000000000000000000000000AD
:1067EC00000000000000000000000000000000009D
:1067FC00000000000000000000000000000000008D
:10680C00FE822B65471567400000000000003843EE
:10681C000000FAFE422E76BF3A3B9EBC9AF70CBDA6
:10682C00BDFDFFFFFFFFDF3F3C5455555555C53FA0
:10683C00912B17CF5555A53F17D0A4671111813F48
:10684C00000000000000C842EF39FAFE422EE63F7D
:10685C0024C482FFBDBFCE3FB5F40CD7086BAC3F50
:10686C00CC5046D2ABB2833F843A4E9BE0D7553FD7
:10687C000000000000000000000000000000F03FDD
:10688C006EBF881A4F3B9B3C3533FBA93DF6EF3F5F
:10689C005DDCD89C136071BC6180773E9AECEF3F55
:1068AC00D16687107A5E90BC857F6EE815E3EF3F6A
:1068BC0013F6673552D28C3C748515D3B0D9EF3FA3
:1068CC00FA8EF92380CE8BBCDEF6DD296BD0EF3F40
:1068DC0061C8E6614EF7603CC89B751845C7EF3F31
:1068EC0099D3335BE4A3903C83F3C6CA3EBEEF3F1F
:1068FC006D7B835DA69A973C0F89F96C58B5EF3F79
:10690C00FCEFFD921AB58E3CF747722B92ACEF3F21
:10691C00D19C2F703DBE3E3CA2D1D332ECA3EF3FB5
:10692C000B6E908934036ABC1BD3FEAF669BEF3FA2
:10693C000EBD2F2A525695BC515B12D00193EF3FDE
:10694C0055EA4E8CEF8050BCCC316CC0BD8AEF3F09
:10695C0016F4D5B923C991BCE02DA9AE9A82EF3FAC
:10696C00AF555CE9E3D3803C518EA5C8987AEF3FD4
:10697C004893A5EA151B80BC7B517D3CB872EF3F58
:10698C003D32DE55F01F8FBCEA8D8C38F96AEF3F33
:10699C00BF53133F8C898B3C75CB6FEB5B63EF3F25
:1069AC0026EB11769CD996BCD45C0484E05BEF3F5B
:1069BC00602F3A3EF7EC9A3CAAB968318754EF3F06
:1069CC009D3886CB82E78FBC1DD9FC22504DEF3F02
:1069DC008DC3A644416F8A3CD68C62883B46EF3F00
:1069EC007D04E4B0057A803C96DC7D91493FEF3F15
:1069FC0094A8A8E3FD8E963C3862756E7A38EF3F0A
:106A0C007D4874F2185E873C3FA6B24FCE31EF3F03
:106A1C00F2E71F982B47803CDD7CE265452BEF3F6E
:106A2C005E08713F7BB896BC8163F5E1DF24EF3FD4
:106A3C0031AB096DE1F7823CE1DE1FF59D1EEF3FA6
:106A4C00FABF6F1A9B213DBC90D9DAD07F18EF3F6B
:106A5C00B40A0C7282378B3C0B03E4A68512EF3F11
:106A6C008FCBCE8992146E3C562F3EA9AF0CEF3FC4
:106A7C00B6ABB04D754D833C15B7310AFE06EF3FF2
:106A8C004C74ACE20142863C31D84CFC7001EF3FB7
:106A9C004AF8D35D39DD8F3CFF1664B208FCEE3F3B
:106AAC00045B8E3B80A386BCF19F925FC5F6EE3FE4
:106ABC0068504BCCED4A92BCCBA93A37A7F1EE3FCC
:106ACC008E2D511BF80799BC66D8056DAEECEE3FC8
:106ADC00D236943EE8D171BCF79FE534DBE7EE3F4C
:106AEC00151BCEB3191999BCE5A813C32DE3EE3FC2
:106AFC006D4C2AA7489F853C2234124CA6DEEE3FF3
:106B0C008A69287A601293BC1C80AC0445DAEE3F8B
:106B1C005B8917488FA758BC2A2EF7210AD6EE3F5F
:106B2C001B9A49679B2C7CBC97A850D9F5D1EE3F9A
:106B3C0011ACC260ED63433C2D89616008CEEE3F21
:106B4C00EF64063B0966963C57001DED41CAEE3FCB
:106B5C007903A1DAE1CC6E3CD03CC1B5A2C6EE3FC4
:106B6C0030120F3F8EFF933CDED3D7F02AC3EE3F9B
:106B7C00B0AF7ABBCE90763C272A36D5DABFEE3F43
:106B8C0077E054EBBD1D933C0DDDFD99B2BCEE3F9F
:106B9C008EA3710034948FBCA72C9D76B2B9EE3FB6
:106BAC0049A393DCCCDE87BC4266CFA2DAB6EE3FBB
:106BBC005F380FBDC6DE78BC824F9D562BB4EE3FBE
:106BCC00F65C7BEC461286BC0F925DCAA4B1EE3F1C
:106BDC008ED7FD180535933CDA27B53647AFEE3F17
:106BEC00059B8A2FB7987B3CFDC797D412ADEE3F1F
:106BFC0009541CE2E163903C295448DD07ABEE3F9D
:106C0C00EAC6195085C7343CB746598A26A9EE3FC7
:106C1C0035C0642BE632943C4821AD156FA7EE3F8E
:106C2C009F7699614AE48CBC09DC76B9E1A5EE3F0C
:106C3C00A84DEF3BC5338CBC85553AB07EA4EE3FD6
:106C4C00AEE92B89785384BC20C3CC3446A3EE3FE9
:106C5C0058585678DDCE93BC2522558238A2EE3F8B
:106C6C0064197E80AA10573C73A94CD455A1EE3FF1
:106C7C0028225EBFEFB393BCCD3B7F669EA0EE3F58
:106C8C0082B93487AD126ABCBFDA0B7512A0EE3F25
:106C9C00EEA96DB8EF6763BC2F1A653CB29FEE3F4F
:106CAC005188E0543DDC80BC849451F97D9FEE3FCB
:106CBC00CF3E5A7E641F78BC745FECE8759FEE3F44
:106CCC00B07D8BC04AEE86BC7481A5489A9FEE3F7E
:106CDC008AE6551E321986BCC9674256EB9FEE3FB9
:106CEC00D3D4095ECB9C903C3F5DDE4F69A0EE3F58
:106CFC001DA54DB9DC327BBC8701EB7314A1EE3FB3
:106D0C006BC06754FDEC943C32C13001EDA1EE3FF9
:106D1C00556CD6ABE1EB653C624ECF36F3A2EE3F41
:106D2C0042CFB32FC5A188BC121A3E5427A4EE3F04
:106D3C0034373BF1B66993BC13CE4C9989A5EE3F21
:106D4C001EFF193A845E80BCADC723461AA7EE3FDE
:106D5C006E5772D850D494BCED92449BD9A8EE3F98
:106D6C00008A0E5B67AD903C99668AD9C7AAEE3F44
:106D7C00B4EAF0C12FB78D3CDBA02A42E5ACEE3F64
:106D8C00FFE7C59C60B665BC8C44B51632AFEE3FD0
:106D9C00445FF35983F67B3C36771599AEB1EE3FE1
:106DAC00833D1EA71F0993BCC6FF910B5BB4EE3F3E
:106DBC00291E6C8BB8A95DBCE5C5CDB037B7EE3FCD
:106DCC0059B9907CF9236CBC0F52C8CB44BAEE3F36
:106DDC00AAF9F422434392BC504EDE9F82BDEE3F93
:106DEC004B8E66D76CCA85BCBA07CA70F1C0EE3F31
:106DFC0027CE912BFCAF713C90F0A38291C4EE3F57
:106E0C00BB730AE135D26D3C2323E31963C8EE3F13
:106E1C006322622204C587BC65E55D7B66CCEE3FD0
:106E2C00D531E2E3861C8B3C332D4AEC9BD0EE3FF4
:106E3C0015BBBCD3D1BB91BC5D253EB203D5EE3F97
:106E4C00D231EE9C31CC903C58B330139ED9EE3FEE
:106E5C00B35A736E8469843CBFFD79556BDEEE3F8B
:106E6C00B49D8E97CDDF82BC7AF3D3BF6BE3EE3F3C
:106E7C008733CB92771A8C3CADD35A999FE8EE3F6F
:106E8C00FAD9D14A8F7B90BC66B68D2907EEEE3FBE
:106E9C00BAAEDC56D9C355BCFB154FB8A2F3EE3FC6
:106EAC0040F6A63D0EA490BC3A59E58D72F9EE3F22
:106EBC003493AD38F4D668BC475EFBF276FFEE3FF8
:106ECC00358A586BE2EE91BC4A06A130B005EF3F13
:106EDC00CDDD5F0AD7FF743CD2C14B901E0CEF3F47
:106EEC00AC9892FAFBBD91BC091ED75BC212EF3F66
:106EFC00B30CAF30AE6E733C9C5285DD9B19EF3FEB
:106F0C0094FD9F5C32E38E3C7AD0FF5FAB20EF3F69
:106F1C00AC5909D18FE0843C4BD1572EF127EF3F70
:106F2C00671A4E38AFCD633CB5E706946D2FEF3F33
:106F3C006819926C2C6B673C6990EFDC2037EF3F43
:106F4C00D2B5CC83188A80BCFAC35D550B3FEF3F9A
:106F5C006FFAFF3F5DAD8FBC7C89074A2D47EF3F31
:106F6C0049A97538AE0D90BCF2890D08874FEF3FDB
:106F7C00A7073DA685A3743C87A4FBDC1858EF3FFC
:106F8C000F2240209E9182BC9883C916E360EF3F8C
:106F9C00AC92C1D5505A8E3C8532DB03E669EF3F8B
:106FAC004B6B01AC593A843C60B401F32173EF3F55
:106FBC001F3EB40721D582BC5F9B7B33977CEF3F90
:106FCC00C90D473BB92A89BC29A1F5144686EF3F68
:106FDC00D3883A6004B6743CF63F8BE72E90EF3FB3
:106FEC0071729D51ECC5833C834CC7FB519AEF3FAA
:106FFC00F091D38F12F78FBCDA90A4A2AFA4EF3F1D
:10700C007D7423E298AE8DBCF1678E2D48AFEF3FB7
:10701C000820AA41BCC38E3C275A61EE1BBAEF3F35
:10702C0032EBA9C3942B843C97BA6B372BC5EF3F3B
:10703C00EE85D131A9648A3C40456E5B76D0EF3F3A
:10704C00EDE33BE4BA378EBC14BE9CADFDDBEF3FE9
:10705C009DCD914D3B89773CD8909E81C1E7EF3F08
:10706C0089CC6041C105533CF1718F2BC2F3EF3FCA
:10707C000080E03779C34143176E05B5B5B8934628
:10708C00F5F93FE9034F384D321D30F94877825AF4
:10709C003CBF737FDD4F1575000000000000F03F12
:1070AC0000000000000024400000000000005940D7
:1070BC000000000000408F40000000000088C3402A
:1070CC0000000000006AF8400000000080842E419F
:1070DC0000000000D01263410000000084D79741EB
:1070EC000000000065CDCD41000000205FA00242F1
:1070FC00000000E876483742000000A2941A6D4266
:10710C00000040E59C30A2420000901EC4BCD64258
:10711C0000003426F56B0C430080E03779C3414303
:10712C0000A0D8855734764300C84E676DC1AB4379
:10713C00003D9160E458E143408CB5781DAF154497
:10714C0050EFE2D6E41A4B4492D54D06CFF0804472
:10715C00F64AE1C7022DB544B49DD9794378EA4487
:10716C000038FAFE422EE63F3067C79357F32E3DA8
:10717C00000000000000E0BF605555555555E5BFB7
:10718C00060000000000E03F4E5559999999E93FDF
:10719C007AA429555555E5BFE945489B5B49F2BF93
:1071AC00C33F268B2B00F03F0000000000A0F63FF1
:1071BC00000000000000000000C8B9F2822CD6BF0D
:1071CC008056372824B4FA3C000000000080F63FBB
:1071DC000000000000000000000858BFBDD1D5BF62
:1071EC0020F7E0D808A51CBD000000000060F63FA9
:1071FC000000000000000000005845177776D5BF4E
:10720C006D50B6D5A46223BD000000000040F63FCF
:10721C00000000000000000000F82D87AD1AD5BF5B
:10722C00D567B09EE484E6BC000000000020F63F69
:10723C000000000000000000007877955FBED4BF0E
:10724C00E03E2993691B04BD000000000000F63FDE
:10725C00000000000000000000601CC28B61D4BF65
:10726C00CC844C482FD8133D0000000000E0F53FC3
:10727C00000000000000000000A886863004D4BF87
:10728C003A0B82EDF342DC3C0000000000C0F53FFD
:10729C000000000000000000004869554CA6D3BF58
:1072AC0060945186C6B1203D0000000000A0F53F5F
:1072BC0000000000000000000080989ADD47D3BF5A
:1072CC009280C5D44D59253D000000000080F53F4B
:1072DC0000000000000000000020E1BAE2E8D2BF8C
:1072EC00D82BB7991E7B263D000000000060F53FAF
:1072FC0000000000000000000088DE135A89D2BF95
:10730C003FB0CFB614CA153D000000000060F53F39
:10731C0000000000000000000088DE135A89D2BF74
:10732C003FB0CFB614CA153D000000000040F53F39
:10733C0000000000000000000078CFFB4129D2BF04
:10734C0076DA5328245A16BD000000000020F53FC1
:10735C000000000000000000009869C198C8D1BF6F
:10736C000454E768BCAF1FBD000000000000F53FEF
:10737C00000000000000000000A8ABAB5C67D1BFB0
:10738C00F0A88233C61F1F3D0000000000E0F43F50
:10739C0000000000000000000048AEF98B05D1BFD2
:1073AC00665A05FDC4A826BD0000000000C0F43FCD
:1073BC000000000000000000009073E224A3D0BF86
:1073CC000E03F47EEE6B0CBD0000000000A0F43F39
:1073DC00000000000000000000D0B4942540D0BF95
:1073EC007F2DF49EB836F0BC0000000000A0F43FE6
:1073FC00000000000000000000D0B4942540D0BF75
:10740C007F2DF49EB836F0BC000000000080F43FE5
:10741C00000000000000000000405E6D18B9CFBFF6
:10742C00873C99AB2A570D3D000000000060F43FEB
:10743C0000000000000000000060DCCBADF0CEBF0F
:10744C0024AF869CB7262B3D000000000040F43F83
:10745C00000000000000000000F02A6E0727CEBFDD
:10746C0010FF3F544F2F17BD000000000020F43FC9
:10747C00000000000000000000C04F6B215CCDBF7D
:10748C001B68CABB91BA213D000000000000F43F0C
:10749C00000000000000000000A09AC7F78FCCBFCE
:1074AC0034849F684F79273D000000000000F43FB2
:1074BC00000000000000000000A09AC7F78FCCBFAE
:1074CC0034849F684F79273D0000000000E0F33FB3
:1074DC00000000000000000000902D7486C2CBBF9D
:1074EC008FB78B31B04E193D0000000000C0F33F48
:1074FC00000000000000000000C0804EC9F3CABFAD
:10750C006690CD3F634EBA3C0000000000A0F33FF4
:10751C00000000000000000000B0E21FBC23CABF46
:10752C00EAC146DC648C25BD0000000000A0F33FDE
:10753C00000000000000000000B0E21FBC23CABF26
:10754C00EAC146DC648C25BD000000000080F33FDE
:10755C0000000000000000000050F49C5A52C9BF0B
:10756C00E3D4C104D9D12ABD000000000060F33F70
:10757C00000000000000000000D02065A07FC8BF04
:10758C0009FADB7FBFBD2B3D000000000040F33F3C
:10759C00000000000000000000E0100289ABC7BF33
:1075AC00584A537290DB2B3D000000000040F33F23
:1075BC00000000000000000000E0100289ABC7BF13
:1075CC00584A537290DB2B3D000000000020F33F23
:1075DC00000000000000000000D019E70FD6C6BF65
:1075EC0066E2B2A36AE410BD000000000000F33FA5
:1075FC0000000000000000000090A77030FFC5BF25
:10760C003950109F439E1EBD000000000000F33F48
:10761C0000000000000000000090A77030FFC5BF04
:10762C003950109F439E1EBD0000000000E0F23F49
:10763C00000000000000000000B0A1E3E526C5BF7B
:10764C008F5B07908BDE20BD0000000000C0F23F76
:10765C0000000000000000000080CB6C2B4DC4BF6C
:10766C003C783561C10C173D0000000000C0F23FB2
:10767C0000000000000000000080CB6C2B4DC4BF4C
:10768C003C783561C10C173D0000000000A0F23FB2
:10769C00000000000000000000901E20FC71C3BF21
:1076AC003A54274D8678F13C000000000080F23FF0
:1076BC00000000000000000000F01FF85295C2BF4F
:1076CC0008C47117308D24BD000000000060F23F2B
:1076DC00000000000000000000602FD52AB7C1BFD9
:1076EC0096A31118A4802EBD000000000060F23F8C
:1076FC00000000000000000000602FD52AB7C1BFB9
:10770C0096A31118A4802EBD000000000040F23F8B
:10771C0000000000000000000090D07C7ED7C0BFAD
:10772C00F45BE88896690A3D000000000040F23FD7
:10773C0000000000000000000090D07C7ED7C0BF8D
:10774C00F45BE88896690A3D000000000020F23FD7
:10775C00000000000000000000E0DB3191ECBFBF36
:10776C00F233A35C547525BD000000000000F23F0D
:10777C00000000000000000000002B6E0727BEBFB9
:10778C003C00F02A2C342A3D000000000000F23F9F
:10779C00000000000000000000002B6E0727BEBF99
:1077AC003C00F02A2C342A3D0000000000E0F13FA0
:1077BC00000000000000000000C05B8F545EBCBFE6
:1077CC0006BE5F58570C1DBD0000000000C0F13F05
:1077DC00000000000000000000E04A3A6D92BABFC1
:1077EC00C8AA5BE83539253D0000000000C0F13F18
:1077FC00000000000000000000E04A3A6D92BABFA1
:10780C00C8AA5BE83539253D0000000000A0F13F17
:10781C00000000000000000000A031D645C3B8BF36
:10782C0068562F4D297C133D0000000000A0F13F4D
:10783C00000000000000000000A031D645C3B8BF16
:10784C0068562F4D297C133D000000000080F13F4D
:10785C0000000000000000000060E58AD2F0B6BF16
:10786C00DA7333C9379726BD000000000060F13F82
:10787C0000000000000000000020063F071BB5BF01
:10788C00575EC6615B021F3D000000000060F13FC7
:10789C0000000000000000000020063F071BB5BFE1
:1078AC00575EC6615B021F3D000000000040F13FC7
:1078BC00000000000000000000E01B96D741B3BFA1
:1078CC00DF13F9CCDA5E2C3D000000000040F13FE4
:1078DC00000000000000000000E01B96D741B3BF81
:1078EC00DF13F9CCDA5E2C3D000000000020F13FE4
:1078FC0000000000000000000080A3EE3665B1BF60
:10790C0009A38F765E7C143D000000000000F13F5F
:10791C000000000000000000008011C0300AAFBF62
:10792C00918E36839E592D3D000000000000F13FE2
:10793C000000000000000000008011C0300AAFBF42
:10794C00918E36839E592D3D0000000000E0F03FE3
:10795C00000000000000000000801971DD42ABBF88
:10796C004C70D6E57A821C3D0000000000E0F03F30
:10797C00000000000000000000801971DD42ABBF68
:10798C004C70D6E57A821C3D0000000000C0F03F30
:10799C00000000000000000000C032F65874A7BFC1
:1079AC00EEA1F23446FC2CBD0000000000C0F03FFC
:1079BC00000000000000000000C032F65874A7BFA1
:1079CC00EEA1F23446FC2CBD0000000000A0F03FFC
:1079DC00000000000000000000C0FEB9879EA3BF9D
:1079EC00AAFE26F5B702F53C0000000000A0F03F0F
:1079FC00000000000000000000C0FEB9879EA3BF7D
:107A0C00AAFE26F5B702F53C000000000080F03F0E
:107A1C0000000000000000000000780E9B829FBF59
:107A2C00E4097E7C268029BD000000000080F03F28
:107A3C0000000000000000000000780E9B829FBF39
:107A4C00E4097E7C268029BD000000000060F03F28
:107A5C0000000000000000000080D5071BB997BF94
:107A6C0039A6FA93548D28BD000000000040F03F69
:107A7C0000000000000000000000FCB0A8C08FBF98
:107A8C009CA6D3F67C1EDFBC000000000040F03F3B
:107A9C0000000000000000000000FCB0A8C08FBF78
:107AAC009CA6D3F67C1EDFBC000000000020F03F3B
:107ABC0000000000000000000000106B2AE07FBFF7
:107ACC00E440DA0D3FE219BD000000000020F03F59
:107ADC0000000000000000000000106B2AE07FBFD7
:107AEC00E440DA0D3FE219BD000000000000F03F59
:107AFC00000000000000000000000000000000007A
:107B0C000000000000000000000000000000F03F3A
:107B1C000000000000000000000000000000000059
:107B2C0000000000000000000000000000C0EF3F5B
:107B3C000000000000000000000089751510803F57
:107B4C00E82B9D996BC710BD000000000080EF3F33
:107B5C000000000000000000008093585620903F69
:107B6C00D2F7E2065BDC23BD000000000040EF3FD3
:107B7C0000000000000000000000C9282549983FC3
:107B8C00340C5A32BAA02ABD000000000000EF3FAE
:107B9C0000000000000000000040E7895D41A03FAC
:107BAC0053D7F15CC011013D0000000000C0EE3F56
:107BBC00000000000000000000002ED4AE66A43FC0
:107BCC0028FDBD7573162CBD000000000080EE3F33
:107BDC00000000000000000000C09F14AA94A83F01
:107BEC007D265AD0957919BD000000000040EE3F6B
:107BFC00000000000000000000C0DDCD73CBAC3FE6
:107C0C000728D847F2681ABD000000000020EE3F9C
:107C1C00000000000000000000C006C031EAAE3FCA
:107C2C007B3BC94F3E110EBD0000000000E0ED3F54
:107C3C000000000000000000006046D13B97B13FFF
:107C4C009B9E0D565D3225BD0000000000A0ED3F4F
:107C5C00000000000000000000E0D1A7F5BDB33F1C
:107C6C00D74EDBA55EC82C3D000000000060ED3F48
:107C7C00000000000000000000A0974D5AE9B53F3D
:107C8C001E1D5D3C06692CBD000000000040ED3F50
:107C9C00000000000000000000C0EA0AD300B73F5B
:107CAC0032ED9DA98D1EEC3C000000000000ED3F64
:107CBC0000000000000000000040595D5E33B93F39
:107CCC00DA47BD3A5C11233D0000000000C0EC3FD8
:107CDC0000000000000000000060AD8DC86ABB3FD2
:107CEC00E568F72B809013BD0000000000A0EC3F6E
:107CFC0000000000000000000040BC015888BC3FA0
:107D0C00D3AC5AC6D146263D000000000060EC3FC3
:107D1C00000000000000000000200A8339C7BE3FAD
:107D2C00E045E6AF68C02DBD000000000040EC3F10
:107D3C00000000000000000000E0DB3991E8BF3FCC
:107D4C00FD0AA14FD63425BD000000000000EC3F19
:107D5C00000000000000000000E027828E17C13FE9
:107D6C00F2072DCE78EF213D0000000000E0EB3F44
:107D7C00000000000000000000F0237E2BAAC13F91
:107D8C00349938448EA72C3D0000000000A0EB3F36
:107D9C0000000000000000000080860C61D1C23F92
:107DAC00A1B481CB6C9D033D000000000080EB3F33
:107DBC000000000000000000009015B0FC65C33FFF
:107DCC0089724B23A82FC63C000000000040EB3FFB
:107DDC00000000000000000000B033833D91C43F60
:107DEC0078B6FD547983253D000000000020EB3F60
:107DFC00000000000000000000B0A1E4E527C53F32
:107E0C00C77D69E5E833263D0000000000E0EA3F4D
:107E1C00000000000000000000108CBE4E57C63F52
:107E2C00782E3C2C8BCF193D0000000000C0EA3F9F
:107E3C0000000000000000000070758B12F0C63FBF
:107E4C00E1219CE58D1125BD0000000000A0EA3F5A
:107E5C000000000000000000005044858D89C73FE1
:107E6C000543917010661CBD000000000060EA3FE5
:107E7C000000000000000000000039EBAFBEC83F5E
:107E8C00D12CE9AA543D07BD000000000040EA3F98
:107E9C0000000000000000000000F7DC5A5AC93F47
:107EAC006FFFA05828F2073D000000000000EA3FD9
:107EBC00000000000000000000E08A3CED93CA3F87
:107ECC0069215650437228BD0000000000E0E93FD4
:107EDC00000000000000000000D05B57D831CB3F01
:107EEC00AAE1AC4E8D350CBD0000000000C0E93F8E
:107EFC00000000000000000000E03B3887D0CB3FC2
:107F0C00B6125459C44B2DBD0000000000A0E93F2F
:107F1C0000000000000000000010F0C6FB6FCC3F1A
:107F2C00D22B96C572ECF1BC000000000060E93F5A
:107F3C0000000000000000000090D4B03DB1CD3F27
:107F4C0035B015F72AFF2ABD000000000040E93FBC
:107F5C0000000000000000000010E7FF0E53CE3FB1
:107F6C0030F441602712C23C000000000020E93FC1
:107F7C0000000000000000000000DDE4ADF5CE3F85
:107F8C00118EBB651521CABC000000000000E93F42
:107F9C00000000000000000000B0B36C1C99CF3F43
:107FAC0030DF0CCAECCB1B3D0000000000C0E83FEA
:107FBC00000000000000000000584D603871D03FF8
:107FCC00914EED16DB9CF83C0000000000A0E83F51
:107FDC000000000000000000006061672DC4D03F6D
:107FEC00E9EA3C168B18273D000000000080E83FB2
:107FFC00000000000000000000E827828E17D13F2F
:10800C001CF0A5630E212CBD000000000060E83FB1
:10801C00000000000000000000F8ACCB5C6BD13F0E
:10802C008116A5F7CD9A2B3D000000000040E83FDB
:10803C00000000000000000000685A6399BFD13FA7
:10804C00B7BD4751EDA62C3D000000000020E83FD5
:10805C00000000000000000000B80E6D4514D23F77
:10806C00EABA46BADE870A3D0000000000E0E73FAE
:10807C0000000000000000000090DC7CF0BED23F4D
:10808C00F404504AFA9C2A3D0000000000C0E73F6F
:10809C0000000000000000000060D3E1F114D33FA9
:1080AC00B83C21D37AE228BD0000000000A0E73FD5
:1080BC0000000000000000000010BE76676BD33F8C
:1080CC00C877F1B0CD6E113D000000000080E73F95
:1080DC0000000000000000000030337752C2D33F94
:1080EC005CBD06B6543B183D000000000060E73F45
:1080FC00000000000000000000E8D523B419D43FB4
:10810C009DE090EC36E4083D000000000040E73FA5
:10811C00000000000000000000C871C28D71D43F47
:10812C0075D66709CE272FBD000000000020E73F61
:10813C0000000000000000000030179EE0C9D43F92
:10814C00A4D80A1B89202EBD000000000000E73FC8
:10815C00000000000000000000A03807AE22D53F50
:10816C0059C7648170BE2E3D0000000000E0E63F60
:10817C00000000000000000000D0C853F77BD53F82
:10818C00EF405DEEEDAD1F3D0000000000C0E63F8E
:10819C000000000000000000006059DFBDD5D53F95
:1081AC00DC65A4082A0B0ABD000000000000F03FAB
:1081BC00000000000000F0BF000000000000F0BF55
:1081CC00000000000000F03F83C8C96D305F6441BF
:1081DC00182D4454FB21F93F000000000000F03F33
:1081EC001C620CFDFFFFDFBF198F06E15355A53F45
:1081FC009D359AE887C056BFC3F87B024393F93E7E
:10820C0003A695595455C5BFC40B23057610813F61
:10821C0024CF7437EB9429BF000000000000F03F1E
:10822C00000000000000F0BF000000000000F0BFE4
:10823C00000000000000F03F83C8C96D305F64414E
:10824C00182D4454FB21F93F000000000000F0BF42
:10825C001C620CFDFFFFDF3F198F06E15355A5BFD4
:10826C009D359AE887C0563FC3F87B024393F9BE0D
:10827C0003A695595455C5BFC40B23057610813FF1
:10828C0024CF7437EB9429BF0406C0000000000013
:10829C008028006000240060000100001C2B0020DE
:1082AC001200000000060000F42300600A00000029
:1082BC00000200005C230060620000000007000068
:1082CC00F822006062000000EE030000942B0020F6
:1082DC0012000000000004EE6C2B002028000000AF
:1082EC0000030000F02300600000000001030904FB
:1082FC00D82300600000000002030904C0230060C2
:10830C000000000003030904542B002000000000AF
:10831C000000000000000000000000000000000051
:10832C0000000000592A000080390020A0390020EC
:10833C00C039002000000042C8801F40B8821F4096
:10834C000800000000000042C4801F40B4821F409F
:10835C000400000000C0004224801F4014821F4013
:10836C001000000000C0004228801F4018821F40EF
:10837C002000000000C000422C801F401C821F40C7
:10838C004000000000C0004234801F4024821F4087
:10839C00000100000040004264811F4054831F40D4
:1083AC00000400000040004280811F4070831F4089
:1083BC0000000200004000427C811F406C831F4083
:1083CC00000001000040004268811F4058831F409C
:1083DC0000080000004000423C811F402C831F40DD
:1083EC00010000000040004244811F4034831F40C4
:1083FC00040000000040004240811F4030831F40B9
:10840C00020000000040004248811F4038831F409A
:10841C00080000000000004204811F40F4821F404D
:10842C00000004000000004208811F40F8821F4039
:10843C00000008000000004218811F4008831F4004
:10844C00000080000000004214811F4004831F4084
:10845C00000040000000004200811F40F0821F40DD
:10846C000000020000000042FC801F40EC821F4014
:10847C00000001000000004224811F4014831F40B3
:10848C00000000040000004228811F4018831F4098
:10849C0000000008000000421C811F400C831F409C
:1084AC00000000010000004220811F4010831F408B
:1084BC000000000200000042EC801F40DC821F40E4
:1084CC000010000000000042F0801F40E0821F40BE
:1084DC00002000000000004234811F4024831F4014
:1084EC00000000400000004238811F4028831F40DC
:1084FC00000000800080004294801F4084821F4056
:10850C000000040000C0004290801F4080821F4089
:10851C000000008000800042A8801F4098821F400D
:10852C000000800000800042A4801F4094821F4005
:10853C0000004000004000426C811F405C831F40E3
:10854C000010000000C0004230801F4020821F40FD
:10855C008000000000400042B0811F40A0831F40FB
:10856C000000002000400042AC811F409C831F4053
:10857C00000000100040004284811F4074831F40A3
:10858C00000004000040004288811F4078831F4097
:10859C0000000800000000422C811F401C831F407B
:1085AC00000000100000004230811F4020831F405B
:1085BC0000000020000000420C811F40FC821F4084
:1085CC00000010000000004210811F4000831F407B
:1085DC000000200000800042C8811F40B8831F406B
:1085EC000080000000800042C4811F40B4831F4003
:1085FC000040000000800042C0811F40B0831F403B
:10860C000020000000800042BC811F40AC831F4052
:10861C000010000000800042D0811F40C0831F402A
:10862C000000020000800042CC811F40BC831F4030
:10863C000000010000C0004274801F4064821F4093
:10864C000000000100C0004280801F4070821F406B
:10865C000000000800C0004284801F4074821F404C
:10866C000000001000C000426C801F405C821F4064
:10867C000000400000C000427C801F406C821F4004
:10868C000000000400C0004278801F4068821F4038
:10869C000000000200C0004288801F4078821F400A
:1086AC00000000200000000000000000B11F0000CE
:1086BC000000000000000000A5250000A52500001A
:1086CC000000000000000000D9330000B59000004D
:1086DC000000000000000000810D0000B10D000042
:1086EC0069000000D50D0000B1070000BD070000B7
:1086FC00990E000055040000A50E00000D0F00009F
:10870C00590F0000750F0000910F0000AD0F000015
:10871C00C90F0000C1100000B9110000391200008F
:10872C00B9120000414500000138000000000000B3
:10873C00000000005D0400001D050000DD050000C8
:10874C00913F0000ED400000290600008906000062
:10875C0000000000000000002D020000E9020000F3
:10876C00A5030000D93C0000353E0000F1030000D9
:10877C00510400000000000000000000DD75000046
:10878C0069580000B9150000D11500000000000068
:10879C0000000000F914000001150000E5140000B1
:1087AC0005150000ED140000A514000009150000CB
:1087BC000D1500000000000000000000E114000096
:1087CC00E5140000E9140000ED140000A5140000ED
:1087DC00F1140000F514000000000000000000007F
:1087EC001D1F00002D1F0000C142000000000000F2
:1087FC0000000000B9140000C1140000991400001E
:10880C00C9140000A1140000A5140000D11400002C
:10881C00D9140000000000000000000091140000BA
:10882C00991400009D140000A1140000A514000070
:10883C00A9140000B11400000000000000000000AA
:10884C00C960000089420000A142000055320000BE
:10885C00191F00000000000000000000895F0000EC
:10886C0049420000CD420000000000000000000062
:10887C00C1900000C175000009280000712600009D
:10888C003D2A0000E156000031260000212700009F
:10889C0035FA8E3C6F12833A000000000000000095
:1088AC008D060000BD06000041010000E10600003D
:1088BC00B1070000BD070000C1070000290200003D
:1088CC00C9070000310800007D0800009508000071
:1088DC00AD080000C5080000DD080000C909000053
:1088EC00B50A0000310B0000AD0B0000ED4200009A
:1088FC006535000000000000000000003D2E000067
:10890C002D58000055220000392E0000152E0000B5
:10891C00F52D0000212E00007CC00F400C00000043
:10892C005A000000752C00000000404002030405B2
:10893C002131323436FFFFFFFFFFFFFFFFFFFFFF48
:10894C00FFFF04050608070D0E0C0FFFFFFFFFFFCE
:10895C00FFFFFFFFFFFFFFFF141414141414141473
:10896C0014FFFFFFFFFFFFFFFFFFFFFFFFFF0000F4
:10897C0074C00F40030000005B000000F52C0000E9
:10898C0001014141060708090A0B0C0D2022232482
:10899C0025FFFFFFFFFFFFFFFFFF0A11100B000277
:1089AC0001030C1D1C1213FFFFFFFFFFFFFFFFFF56
:1089BC0014141414141414141414141414FFFFFFAA
:1089CC00FFFFFFFFFFFF000084C00F4000300000DE
:1089DC009C000000752D0000FFFFFFFF07080E0F25
:1089EC0010111213141516171A1B222324252627CF
:1089FC00282911100203070601000A0B08090E0FA3
:108A0C001D1C12130C0D0405191919191919191912
:108A1C0019191919191919191919191919190000EC
:108A2C0000000000000000001D150000A116000051
:108A3C00E5150000711E0000791600007516000087
:108A4C000D1F0000111F0000DB0F49BFE4CB1640C7
:108A5C00E4CB16C000000080DB0F4940DB0F49C09F
:108A6C0000000000000000802C2066756E637469A5
:108A7C006F6E3A2000000000617373657274696F49
:108A8C006E2022257322206661696C65643A20662B
:108A9C00696C6520222573222C206C696E6520255B
:108AAC0064257325730A0000A2000000F9A20000DF
:108ABC0083F9A2006E83F9A24E6E83F9444E6E8345
:108ACC0015444E6E2915444EFC29154427FC2915D6
:108ADC005727FC29D15727FCF5D1572734F5D15707
:108AEC00DD34F5D1C0DD34F5DBC0DD3462DBC0DD57
:108AFC009562DBC0999562DB3C999562433C9995F4
:108B0C0090433C994190433C42616C6C6F63207381
:108B1C007563636565646564000000002F646174AF
:108B2C00612F6A656E6B696E732F776F726B7370E2
:108B3C006163652F474E552D746F6F6C6368616967
:108B4C006E2F61726D2D31312F7372632F6E6577BD
:108B5C006C69622D63796777696E2F6E65776C69C6
:108B6C00622F6C6962632F7374646C69622F6D7011
:108B7C007265632E6300000000202020202020203E
:108B8C0020202828282828202020202020202020B1
:108B9C0020202020202020202088101010101010C1
:108BAC00101010101010101010040404040404040D
:108BBC0004040410101010101010414141414141A7
:108BCC000101010101010101010101010101010189
:108BDC000101010110101010101042424242424299
:108BEC000202020202020202020202020202020259
:108BFC000202020210101010200000000000000001
:108C0C000000000000000000000000000000000058
:108C1C000000000000000000000000000000000048
:108C2C000000000000000000000000000000000038
:108C3C000000000000000000000000000000000028
:108C4C000000000000000000000000000000000018
:108C5C000000000000000000000000000000000008
:108C6C0000000000000000000000000000000000F8
:108C7C00000000000000000000000000496E666962
:108C8C006E697479000000004E614E002F646174AF
:108C9C00612F6A656E6B696E732F776F726B737071
:108CAC006163652F474E552D746F6F6C63686169F6
:108CBC006E2F61726D2D31312F7372632F6E65774C
:108CCC006C69622D63796777696E2F6E65776C6955
:108CDC00622F6C6962632F7374646C69622F6474A5
:108CEC006F612E6300000000494E4600696E6600FD
:108CFC004E414E006E616E003031323334353637B2
:108D0C0038396162636465660000000030313233CB
:108D1C00343536373839414243444546000000006B
:108D2C00286E756C6C290000300000003863ED3E35
:108D3C00DA0F493F5E987B3FDA0FC93F6937AC3198
:108D4C0068212233B40F14336821A2332020202051
:108D5C002020202020202020202020202020202007
:108D6C002020202020202020202020200500000072
:108D7C00190000007D0000004572726F723A206984
:108D8C006E636F727265637420466C6578494F2010
:108D9C0070696E20636F6E66696775726174696F56
:108DAC006E210000466C6578494F535049202D20A8
:108DBC006E6F7420616C6C2070696E73206D6170C5
:108DCC0070656420746F2073616D6520466C6578E6
:108DDC0020636F6E74726F6C6C65720A0000000019
:108DEC00466C6578494F535049202D206E6F742086
:108DFC00616C6C2070696E7328435329206D61700F
:108E0C0070656420746F2073616D6520466C6578A5
:108E1C0020636F6E74726F6C6C65720A00000000D8
:108E2C00466C6578494F535049202D204661696C3A
:108E3C00656420746F20616C6C6F63617465207461
:108E4C00696D657273206F722073686966746572E0
:108E5C0073000000466C6578494F535049202D2013
:108E6C004D6F73692070696E20646F6573206E6F2F
:108E7C0074206D617020746F20666C657820636F50
:108E8C006E74726F6C6C65720A0000000A53746128
:108E9C007274696E672E2E2E000000004650533AF5
:108EAC00200000006F7666002C20416E696D6174A5
:108EBC00656420696E200000732C2052656E646519
:108ECC0072656420696E2000732C20446973706C89
:108EDC006179656420696E20000000002E0000009E
:108EEC004C435F434F4C4C41544500004C435F4353
:108EFC0054595045000000004C435F4D4F4E4554B3
:108F0C00415259004C435F4E554D45524943000068
:108F1C004C435F54494D45004C435F4D45535341C1
:108F2C004745530030303030303030303030303016
:108F3C003030303030303030303030303030303025
:108F4C00303030300000000000000000283B0120D1
:108F5C00903B0120F83B01200000000000000000C5
:108F6C0000000000000000000000000000000000F5
:108F7C0000000000000000000000000000000000E5
:108F8C0000000000000000000000000000000000D5
:108F9C0000000000000000000000000000000000C5
:108FAC0000000000000000000000000000000000B5
:108FBC0000000000000000000000000000000000A5
:108FCC000000000000000000000000000000000095
:108FDC000000000000000000000000000000000085
:108FEC0001000000000000000E33CDAB34126DE622
:108FFC00ECDE05000B00000000000000000000008B
:10900C000000000000000000000000000000000054
:10901C000000000000000000000000000000000044
:10902C000000000000000000000000000000000034
:10903C000000000000000000000000000000000024
:10904C000000000000000000000000000000000014
:10905C000000000000000000000000000000000004
:10906C0000000000000000000029DE07F0000000F6
:10907C00007B9A170101013CF00001012C2100201A
:10908C0000000000000000000000000000000000D4
:10909C0000000000000000000000000012010002AF
:1090AC00EF020140C016830480020102030100009C
:1090BC00F022002000000000E80300000000000087
:1090CC00E06720200000000080000000FFFFFFFF91
:1090DC003C0000000C030000000000000000000039
:1090EC00000000000000000000000000280000004C
:1090FC0000010400010000000000000002015749BB
:10910C004E5553420000000000000000000000001B
:10911C000000000012034D005300460054003100C3
:10912C0030003000F8000000E83A01200000000098
:10913C0043000000000000000000000000000000E0
:10914C000000000000000000000000000000000013
:10915C0043000000000000000000000000000000C0
:10916C0000000000000000000000000000000000F3
:10917C0043000000000000000000000000000000A0
:10918C0000000000000000000000000000000000D3
:10919C004300000000000000000000000000000080
:1091AC0000000000000000000000000000000000B3
:1091BC004300000000000000000000000000000060
:1091CC000000000000000000000000000000000093
:1091DC004300000000000000000000000000000040
:1091EC000000000000000000000000000000000073
:1091FC004300000000000000000000000000000020
:10920C000000000000000000000000000000000052
:10921C00A1E70000091A010000000000F825002059
:10922C005C2900209C2800209C2800209C280020E1
:10923C009C2800209C2800209C2800209C28002092
:10924C009C2800209C280020FFFFFFFFFFFFFFFF52
:10925C00FFFFFFFFFFFF000001004153434949009E
:10926C0000000000000000000000000000000000F2
:10927C000000000000000000000041534349490079
:10928C0000000000000000000000000000000000D2
:10929C0000000000000000000000000000000000C2
:1092AC00000000001C2D00201C2D0020242D00206F
:1092BC00242D00202C2D00202C2D0020342D0020BE
:1092CC00342D00203C2D00203C2D0020442D00206E
:1092DC00442D00204C2D00204C2D0020542D00201E
:1092EC00542D00205C2D00205C2D0020642D0020CE
:1092FC00642D00206C2D00206C2D0020742D00207E
:10930C00742D00207C2D00207C2D0020842D00202D
:10931C00842D00208C2D00208C2D0020942D0020DD
:10932C00942D00209C2D00209C2D0020A42D00208D
:10933C00A42D0020AC2D0020AC2D0020B42D00203D
:10934C00B42D0020BC2D0020BC2D0020C42D0020ED
:10935C00C42D0020CC2D0020CC2D0020D42D00209D
:10936C00D42D0020DC2D0020DC2D0020E42D00204D
:10937C00E42D0020EC2D0020EC2D0020F42D0020FD
:10938C00F42D0020FC2D0020FC2D0020042E0020AC
:10939C00042E00200C2E00200C2E0020142E002059
:1093AC00142E00201C2E00201C2E0020242E002009
:1093BC00242E00202C2E00202C2E0020342E0020B9
:1093CC00342E00203C2E00203C2E0020442E002069
:1093DC00442E00204C2E00204C2E0020542E002019
:1093EC00542E00205C2E00205C2E0020642E0020C9
:1093FC00642E00206C2E00206C2E0020742E002079
:10940C00742E00207C2E00207C2E0020842E002028
:10941C00842E00208C2E00208C2E0020942E0020D8
:10942C00942E00209C2E00209C2E0020A42E002088
:10943C00A42E0020AC2E0020AC2E0020B42E002038
:10944C00B42E0020BC2E0020BC2E0020C42E0020E8
:10945C00C42E0020CC2E0020CC2E0020D42E002098
:10946C00D42E0020DC2E0020DC2E0020E42E002048
:10947C00E42E0020EC2E0020EC2E0020F42E0020F8
:10948C00F42E0020FC2E0020FC2E0020042F0020A7
:10949C00042F00200C2F00200C2F0020142F002054
:1094AC00142F00201C2F00201C2F0020242F002004
:1094BC00242F00202C2F00202C2F0020342F0020B4
:1094CC00342F00203C2F00203C2F0020442F002064
:1094DC00442F00204C2F00204C2F0020542F002014
:1094EC00542F00205C2F00205C2F0020642F0020C4
:1094FC00642F00206C2F00206C2F0020742F002074
:10950C00742F00207C2F00207C2F0020842F002023
:10951C00842F00208C2F00208C2F0020942F0020D3
:10952C00942F00209C2F00209C2F0020A42F002083
:10953C00A42F0020AC2F0020AC2F0020B42F002033
:10954C00B42F0020BC2F0020BC2F0020C42F0020E3
:10955C00C42F0020CC2F0020CC2F0020D42F002093
:10956C00D42F0020DC2F0020DC2F0020E42F002043
:10957C00E42F0020EC2F0020EC2F0020F42F0020F3
:10958C00F42F0020FC2F0020FC2F002004300020A2
:10959C00043000200C3000200C300020143000204F
:1095AC00143000201C3000201C30002024300020FF
:1095BC00243000202C3000202C30002034300020AF
:1095CC00343000203C3000203C300020443000205F
:1095DC00443000204C3000204C300020543000200F
:1095EC00543000205C3000205C30002064300020BF
:1095FC00643000206C3000206C300020743000206F
:10960C00743000207C3000207C300020843000201E
:10961C00843000208C3000208C30002094300020CE
:10962C00943000209C3000209C300020A43000207E
:10963C00A4300020AC300020AC300020B43000202E
:10964C00B4300020BC300020BC300020C4300020DE
:10965C00C4300020CC300020CC300020D43000208E
:10966C00D4300020DC300020DC300020E43000203E
:10967C00E4300020EC300020EC300020F4300020EE
:10968C00F4300020FC300020FC300020043100209D
:10969C00043100200C3100200C310020143100204A
:1096AC0014310020FFFFFFFF00000200000000004B
:1096BC0003000000283B0120C82900200000000006
:1096CC00000000000000000000000000000000008E
:1096DC00000000000000000000000000000000007E
:1096EC00000000000000000000000000000000006E
:1096FC00000000000000000000000000000000005E
:10970C00000000000000000000000000000000004D
:10971C00000000000000000000000000000000003D
:10972C00000000000000000000000000000000002D
:10973C00000000000000000000000000000000001D
:10974C00000000000000000000000000000000000D
:10975C0000000000000000000000000000000000FD
:10976C0000000000000000000000000000000000ED
:10977C0000000000000000000000000000000000DD
:10978C0000000000000000000000000000000000CD
:10979C0000000000000000000000000000000000BD
:1097AC0000000000000000000000000000000000AD
:1097BC00000000000000000000000000000000009D
:1097CC00000000000000000000000000000000008D
:1097DC00000000000000000000000000000000007D
:1097EC00000000000000000000000000000000006D
:1097FC00000000000000000000000000000000005D
:10980C00000000000000000000000000000000004C
:10981C00000000000000000000000000000000003C
:10982C00000000000000000000000000000000002C
:10983C00000000000000000000000000000000001C
:10984C00000000000000000000000000000000000C
:10985C0000000000000000000000000000000000FC
:10986C0000000000000000000000000000000000EC
:10987C0000000000000000000000000000000000DC
:10988C0000000000000000000000000000000000CC
:10989C0000000000000000000000000000000000BC
:1098AC0000000000000000000000000000000000AC
:1098BC00000000000000000000000000000000009C
:1098CC00000000000000000000000000000000008C
:1098DC00000000000000000000000000000000007C
:1098EC00000000000000000000000000000000006C
:1098FC00000000000000000000000000000000005C
:10990C00000000000000000000000000000000004B
:10991C00000000000000000000000000000000003B
:10992C00000000000000000000000000000000002B
:10993C00000000000000000000000000000000001B
:10994C00000000000000000000000000000000000B
:10995C0000000000000000000000000000000000FB
:10996C0000000000000000000000000000000000EB
:10997C0000000000000000000000000000000000DB
:10998C0000000000000000000000000000000000CB
:10999C0000000000000000000000000000000000BB
:1099AC0000000000000000000000000000000000AB
:1099BC00000000000000000000000000000000009B
:1099CC00000000000000000000000000000000008B
:1099DC00000000000000000000000000000000007B
:1099EC00000000000000000000000000000000006B
:1099FC00000000000000000000000000000000005B
:109A0C00000000000000000000000000000000004A
:109A1C00000000000000000000000000000000003A
:109A2C00000000000000000000000000000000002A
:109A3C00000000000000000000000000000000001A
:109A4C00000000000000000000000000000000000A
:109A5C0000000000000000000000000000000000FA
:109A6C0000000000000000000000000000000000EA
:109A7C0000000000000000000000000000000000DA
:109A8C0000000000000000000000000000000000CA
:109A9C0000000000000000000000000000000000BA
:109AAC0000000000000000000000000000000000AA
:109ABC00000000000000000000000000000000009A
:109ACC00000000000000000000000000000000008A
:109ADC00000000000000000000000000000000007A
:109AEC00000000000000000000000000000000006A
:109AFC00000000000000000000000000000000005A
:109B0C000000000000000000000000000000000049
:109B1C000000000000000000000000000000000039
:109B2C000000000000000000000000000000000029
:109B3C000000000000000000000000000000000019
:109B4C000000000000000000000000000000000009
:109B5C0000000000000000000000000000000000F9
:109B6C0000000000000000000000000000000000E9
:109B7C0000000000000000000000000000000000D9
:109B8C0000000000000000000000000000000000C9
:109B9C0000000000000000000000000000000000B9
:109BAC0000000000000000000000000000000000A9
:109BBC000000000000000000000000000000000099
:109BCC000000000000000000000000000000000089
:109BDC000000000000000000000000000000000079
:109BEC000000000000000000000000000000000069
:109BFC000000000000000000000000000000000059
:109C0C000000000000000000000000000000000048
:109C1C000000000000000000000000000000000038
:109C2C000000000000000000000000000000000028
:109C3C000000000000000000000000000000000018
:109C4C00FFFFFFFFFFFFFFFFFFFFFFFFFFFFFFFF18
:109C5C00FFFFFFFFFFFFFFFFFFFFFFFFFFFFFFFF08
:109C6C00FFFFFFFFFFFFFFFFFFFFFFFFFFFFFFFFF8
:109C7C00FFFFFFFFFFFFFFFFFFFFFFFFFFFFFFFFE8
:109C8C00FFFFFFFFFFFFFFFFFFFFFFFFFFFFFFFFD8
:109C9C00FFFFFFFFFFFFFFFFFFFFFFFFFFFFFFFFC8
:109CAC00FFFFFFFFFFFFFFFFFFFFFFFFFFFFFFFFB8
:109CBC00FFFFFFFFFFFFFFFFFFFFFFFFFFFFFFFFA8
:109CCC00FFFFFFFFFFFFFFFFFFFFFFFFFFFFFFFF98
:109CDC00FFFFFFFFFFFFFFFFFFFFFFFFFFFFFFFF88
:109CEC00FFFFFFFFFFFFFFFFFFFFFFFFFFFFFFFF78
:109CFC00FFFFFFFFFFFFFFFFFFFFFFFFFFFFFFFF68
:109D0C00FFFFFFFFFFFFFFFFFFFFFFFFFFFFFFFF57
:109D1C00FFFFFFFFFFFFFFFFFFFFFFFFFFFFFFFF47
:109D2C00FFFFFFFFFFFFFFFFFFFFFFFFFFFFFFFF37
:109D3C00FFFFFFFFFFFFFFFFFFFFFFFFFFFFFFFF27
:109D4C00FFFFFFFFFFFFFFFFFFFFFFFFFFFFFFFF17
:109D5C00FFFFFFFFFFFFFFFFFFFFFFFFFFFFFFFF07
:109D6C00FFFFFFFFFFFFFFFFFFFFFFFFFFFFFFFFF7
:109D7C00FFFFFFFFFFFFFFFFFFFFFFFFFFFFFFFFE7
:109D8C00FFFFFFFFFFFFFFFFFFFFFFFFFFFFFFFFD7
:109D9C00FFFFFFFFFFFFFFFFFFFFFFFFFFFFFFFFC7
:109DAC00FFFFFFFFFFFFFFFFFFFFFFFFFFFFFFFFB7
:109DBC00FFFFFFFFFFFFFFFFFFFFFFFFFFFFFFFFA7
:109DCC00FFFFFFFFFFFFFFFFFFFFFFFFFFFFFFFF97
:109DDC00FFFFFFFFFFFFFFFFFFFFFFFFFFFFFFFF87
:109DEC00FFFFFFFFFFFFFFFFFFFFFFFFFFFFFFFF77
:109DFC00FFFFFFFFFFFFFFFFFFFFFFFFFFFFFFFF67
:109E0C00FFFFFFFFFFFFFFFFFFFFFFFFFFFFFFFF56
:109E1C00FFFFFFFFFFFFFFFFFFFFFFFFFFFFFFFF46
:109E2C00FFFFFFFFFFFFFFFFFFFFFFFFFFFFFFFF36
:109E3C00FFFFFFFFFFFFFFFFFFFFFFFFFFFFFFFF26
:109E4C00FFFFFFFFFFFFFFFFFFFFFFFFFFFFFFFF16
:109E5C00FFFFFFFFFFFFFFFFFFFFFFFFFFFFFFFF06
:109E6C00FFFFFFFFFFFFFFFFFFFFFFFFFFFFFFFFF6
:109E7C00FFFFFFFFFFFFFFFFFFFFFFFFFFFFFFFFE6
:109E8C00FFFFFFFFFFFFFFFFFFFFFFFFFFFFFFFFD6
:109E9C00FFFFFFFFFFFFFFFFFFFFFFFFFFFFFFFFC6
:109EAC00FFFFFFFFFFFFFFFFFFFFFFFFFFFFFFFFB6
:109EBC00FFFFFFFFFFFFFFFFFFFFFFFFFFFFFFFFA6
:109ECC00FFFFFFFFFFFFFFFFFFFFFFFFFFFFFFFF96
:109EDC00FFFFFFFFFFFFFFFFFFFFFFFFFFFFFFFF86
:109EEC00FFFFFFFFFFFFFFFFFFFFFFFFFFFFFFFF76
:109EFC00FFFFFFFFFFFFFFFFFFFFFFFFFFFFFFFF66
:109F0C00FFFFFFFFFFFFFFFFFFFFFFFFFFFFFFFF55
:109F1C00FFFFFFFFFFFFFFFFFFFFFFFFFFFFFFFF45
:109F2C00FFFFFFFFFFFFFFFFFFFFFFFFFFFFFFFF35
:109F3C00FFFFFFFFFFFFFFFFFFFFFFFFFFFFFFFF25
:109F4C00FFFFFFFFFFFFFFFFFFFFFFFFFFFFFFFF15
:109F5C00FFFFFFFFFFFFFFFFFFFFFFFFFFFFFFFF05
:109F6C00FFFFFFFFFFFFFFFFFFFFFFFFFFFFFFFFF5
:109F7C00FFFFFFFFFFFFFFFFFFFFFFFFFFFFFFFFE5
:109F8C00FFFFFFFFFFFFFFFFFFFFFFFFFFFFFFFFD5
:109F9C00FFFFFFFFFFFFFFFFFFFFFFFFFFFFFFFFC5
:109FAC00FFFFFFFFFFFFFFFFFFFFFFFFFFFFFFFFB5
:109FBC00FFFFFFFFFFFFFFFFFFFFFFFFFFFFFFFFA5
:109FCC00FFFFFFFFFFFFFFFFFFFFFFFFFFFFFFFF95
:109FDC00FFFFFFFFFFFFFFFFFFFFFFFFFFFFFFFF85
:109FEC00FFFFFFFFFFFFFFFFFFFFFFFFFFFFFFFF75
:109FFC00FFFFFFFF00000000000000000000000059
:10A00C000000000000000000000000000000000044
:10A01C000000000000000000000000000000000034
:10A02C000000000000000000000000000000000024
:10A03C000000000000000000000000000000000014
:10A04C000000000000000000000000000000000004
:10A05C0000000000000000000000000000000000F4
:10A06C0000000000000000000000000000000000E4
:10A07C0000000000000000000000000000000000D4
:10A08C0000000000000000000000000000000000C4
:10A09C0000000000000000000000000000000000B4
:10A0AC0000000000000000000000000000000000A4
:10A0BC000000000000000000000000000000000094
:10A0CC000000000000000000000000000000000084
:10A0DC000000000000000000000000000000000074
:10A0EC000000000000000000000000000000000064
:10A0FC000000000000000000000000000000000054
:10A10C000000000000000000000000000000000043
:10A11C000000000000000000000000000000000033
:10A12C000000000000000000000000000000000023
:10A13C000000000000000000000000000000000013
:10A14C000000000000000000000000000000000003
:10A15C0000000000000000000000000000000000F3
:10A16C0000000000000000000000000000000000E3
:10A17C0000000000000000000000000000000000D3
:10A18C0000000000000000000000000000000000C3
:10A19C0000000000000000000000000000000000B3
:10A1AC0000000000000000000000000000000000A3
:10A1BC000000000000000000000000000000000093
:10A1CC000000000000000000000000000000000083
:10A1DC000000000000000000000000000000000073
:10A1EC000000000000000000000000000000000063
:10A1FC000000000000000000000000000000000053
:10A20C000000000000000000000000000000000042
:10A21C000000000000000000000000000000000032
:10A22C000000000000000000000000000000000022
:10A23C000000000000000000000000000000000012
:10A24C000000000000000000000000000000000002
:10A25C0000000000000000000000000000000000F2
:10A26C0000000000000000000000000000000000E2
:10A27C0000000000000000000000000000000000D2
:10A28C0000000000000000000000000000000000C2
:10A29C0000000000000000000000000000000000B2
:10A2AC0000000000000000000000000000000000A2
:10A2BC000000000000000000000000000000000092
:10A2CC000000000000000000000000000000000082
:10A2DC000000000000000000000000000000000072
:10A2EC000000000000000000000000000000000062
:10A2FC000000000000000000000000000000000052
:10A30C000000000000000000000000000000000041
:10A31C000000000000000000000000000000000031
:10A32C000000000000000000000000000000000021
:10A33C000000000000000000000000000000000011
:10A34C000000000000000000000000000000000001
:10A35C0000000000000000000000000000000000F1
:10A36C0000000000000000000000000000000000E1
:10A37C0000000000000000000000000000000000D1
:10A38C0000000000000000000000000000000000C1
:10A39C0000000000000000000000000000000000B1
:10A3AC0000000000000000000000000000000000A1
:10A3BC000000000000000000000000000000000091
:10A3CC000000000000000000000000000000000081
:10A3DC000000000000000000000000000000000071
:10A3EC000000000000000000000000000000000061
:10A3FC000000000000000000000000000000000051
:10A40C000000000000000000000000000000000040
:10A41C000000000000000000000000000000000030
:10A42C000000000000000000000000000000000020
:10A43C000000000000000000000000000000000010
:10A44C000000000000000000000000000000000000
:10A45C0000000000000000000000000000000000F0
:10A46C0000000000000000000000000000000000E0
:10A47C0000000000000000000000000000000000D0
:10A48C0000000000000000000000000000000000C0
:10A49C0000000000000000000000000000000000B0
:10A4AC0000000000000000000000000000000000A0
:10A4BC000000000000000000000000000000000090
:10A4CC000000000000000000000000000000000080
:10A4DC000000000000000000000000000000000070
:10A4EC000000000000000000000000000000000060
:10A4FC000000000000000000000000000000000050
:10A50C00000000000000000000000000000000003F
:10A51C00000000000000000000000000000000002F
:10A52C00000000000000000000000000000000001F
:10A53C00000000000000000000000000000000000F
:10A54C0000000000000000000000000000000000FF
:10A55C0000000000000000000000000000000000EF
:10A56C0000000000000000000000000000000000DF
:10A57C0000000000000000000000000000000000CF
:10A58C0000000000000000000000000000000000BF
:10A59C0000000000000000000000000000000000AF
:10A5AC00000000000000000000000000000000009F
:10A5BC00000000000000000000000000000000008F
:10A5CC00000000000000000000000000000000007F
:10A5DC00000000000000000000000000000000006F
:10A5EC00000000000000000000000000000000005F
:10A5FC00000000000000000000000000000000004F
:10A60C00000000000000000000000000000000003E
:10A61C00000000000000000000000000000000002E
:10A62C00000000000000000000000000000000001E
:10A63C00000000000000000000000000000000000E
:10A64C0000000000000000000000000000000000FE
:10A65C0000000000000000000000000000000000EE
:10A66C0000000000000000000000000000000000DE
:10A67C0000000000000000000000000000000000CE
:10A68C0000000000000000000000000000000000BE
:10A69C0000000000000000000000000000000000AE
:10A6AC00000000000000000000000000000000009E
:10A6BC00000000000000000000000000000000008E
:10A6CC00000000000000000000000000000000007E
:10A6DC00000000000000000000000000000000006E
:10A6EC00000000000000000000000000000000005E
:10A6FC00000000000000000000000000000000004E
:10A70C00000000000000000000000000000000003D
:10A71C00000000000000000000000000000000002D
:10A72C00000000000000000000000000000000001D
:10A73C00000000000000000000000000000000000D
:10A74C0000000000000000000000000000000000FD
:10A75C0000000000000000000000000000000000ED
:10A76C0000000000000000000000000000000000DD
:10A77C0000000000000000000000000000000000CD
:10A78C0000000000000000000000000000000000BD
:10A79C0000000000000000000000000000000000AD
:10A7AC00000000000000000000000000000000009D
:10A7BC00000000000000000000000000000000008D
:10A7CC00000000000000000000000000000000007D
:10A7DC00000000000000000000000000000000006D
:10A7EC00000000000000000000000000000000005D
:10A7FC00000000000000000000000000000000004D
:10A80C00000000000000000000000000000000003C
:10A81C00000000000000000000000000000000002C
:10A82C00000000000000000000000000000000001C
:10A83C00000000000000000000000000000000000C
:10A84C0000000000000000000000000000000000FC
:10A85C0000000000000000000000000000000000EC
:10A86C0000000000000000000000000000000000DC
:10A87C0000000000000000000000000000000000CC
:10A88C0000000000000000000000000000000000BC
:10A89C0000000000000000000000000000000000AC
:10A8AC00000000000000000000000000000000009C
:10A8BC00000000000000000000000000000000008C
:10A8CC00000000000000000000000000000000007C
:10A8DC00000000000000000000000000000000006C
:10A8EC00000000000000000000000000000000005C
:10A8FC00000000000000000000000000000000004C
:10A90C00000000000000000000000000000000003B
:10A91C00000000000000000000000000000000002B
:10A92C00000000000000000000000000000000001B
:10A93C00000000000000000000000000000000000B
:10A94C0000000000000000000000000000000000FB
:10A95C0000000000000000000000000000000000EB
:10A96C0000000000000000000000000000000000DB
:10A97C0000000000000000000000000000000000CB
:10A98C0000000000000000000000000000000000BB
:10A99C0000000000000000000000000000000000AB
:10A9AC00000000000000000000000000000000009B
:10A9BC00000000000000000000000000000000008B
:10A9CC00000000000000000000000000000000007B
:10A9DC00000000000000000000000000000000006B
:10A9EC00000000000000000000000000000000005B
:10A9FC00000000000000000000000000000000004B
:10AA0C00000000000000000000000000000000003A
:10AA1C00000000000000000000000000000000002A
:10AA2C00000000000000000000000000000000001A
:10AA3C00000000000000000000000000000000000A
:10AA4C0000000000000000000000000000000000FA
:10AA5C0000000000000000000000000000000000EA
:10AA6C0000000000000000000000000000000000DA
:10AA7C0000000000000000000000000000000000CA
:10AA8C0000000000000000000000000000000000BA
:10AA9C0000000000000000000000000000000000AA
:10AAAC00000000000000000000000000000000009A
:10AABC00000000000000000000000000000000008A
:10AACC00000000000000000000000000000000007A
:10AADC00000000000000000000000000000000006A
:10AAEC00000000000000000000000000000000005A
:10AAFC00000000000000000000000000000000004A
:10AB0C000000000000000000000000000000000039
:10AB1C000000000000000000000000000000000029
:10AB2C000000000000000000000000000000000019
:10AB3C000000000000000000000000000000000009
:10AB4C0000000000000000000000000000000000F9
:10AB5C0000000000000000000000000000000000E9
:10AB6C0000000000000000000000000000000000D9
:10AB7C0000000000000000000000000000000000C9
:10AB8C0000000000000000000000000000000000B9
:10AB9C0000000000000000000000000000000000A9
:10ABAC000000000000000000000000000000000099
:10ABBC000000000000000000000000000000000089
:10ABCC000000000000000000000000000000000079
:10ABDC000000000000000000000000000000000069
:10ABEC000000000000000000000000000000000059
:04ABFC000000000055
:040000056000100087
:00000001FF
