:0200000460009A
:100000004643464200000156000000000103030081
:1000100000000000000000000000000000000000E0
:1000200000000000000000000000000000000000D0
:1000300000000000000000000000000000000000C0
:1000400000000000010408000000000000000000A3
:100050000000800000000000000000000000000020
:100060000000000000000000000000000000000090
:100070000000000000000000000000000000000080
:10008000EB04180A063204260000000000000000FD
:10009000050404240000000000000000000000002F
:1000A0000000000000000000000000000000000050
:1000B0000604000000000000000000000000000036
:1000C0000000000000000000000000000000000030
:1000D00020041808000000000000000000000000DC
:1000E0000000000000000000000000000000000010
:1000F0000000000000000000000000000000000000
:10010000D8041808000000000000000000000000F3
:100110000204180804200000000000000000000095
:1001200000000000000000000000000000000000CF
:10013000600400000000000000000000000000005B
:1001400000000000000000000000000000000000AF
:10015000000000000000000000000000000000009F
:10016000000000000000000000000000000000008F
:10017000000000000000000000000000000000007F
:10018000000000000000000000000000000000006F
:10019000000000000000000000000000000000005F
:1001A000000000000000000000000000000000004F
:1001B000000000000000000000000000000000003F
:1001C000000100000010000001000000000000001D
:1001D000000001000000000000000000000000001E
:1001E000000000000000000000000000000000000F
:1001F00000000000000000000000000000000000FF
:10020000FFFFFFFFFFFFFFFFFFFFFFFFFFFFFFFFFE
:10021000FFFFFFFFFFFFFFFFFFFFFFFFFFFFFFFFEE
:10022000FFFFFFFFFFFFFFFFFFFFFFFFFFFFFFFFDE
:10023000FFFFFFFFFFFFFFFFFFFFFFFFFFFFFFFFCE
:10024000FFFFFFFFFFFFFFFFFFFFFFFFFFFFFFFFBE
:10025000FFFFFFFFFFFFFFFFFFFFFFFFFFFFFFFFAE
:10026000FFFFFFFFFFFFFFFFFFFFFFFFFFFFFFFF9E
:10027000FFFFFFFFFFFFFFFFFFFFFFFFFFFFFFFF8E
:10028000FFFFFFFFFFFFFFFFFFFFFFFFFFFFFFFF7E
:10029000FFFFFFFFFFFFFFFFFFFFFFFFFFFFFFFF6E
:1002A000FFFFFFFFFFFFFFFFFFFFFFFFFFFFFFFF5E
:1002B000FFFFFFFFFFFFFFFFFFFFFFFFFFFFFFFF4E
:1002C000FFFFFFFFFFFFFFFFFFFFFFFFFFFFFFFF3E
:1002D000FFFFFFFFFFFFFFFFFFFFFFFFFFFFFFFF2E
:1002E000FFFFFFFFFFFFFFFFFFFFFFFFFFFFFFFF1E
:1002F000FFFFFFFFFFFFFFFFFFFFFFFFFFFFFFFF0E
:10030000FFFFFFFFFFFFFFFFFFFFFFFFFFFFFFFFFD
:10031000FFFFFFFFFFFFFFFFFFFFFFFFFFFFFFFFED
:10032000FFFFFFFFFFFFFFFFFFFFFFFFFFFFFFFFDD
:10033000FFFFFFFFFFFFFFFFFFFFFFFFFFFFFFFFCD
:10034000FFFFFFFFFFFFFFFFFFFFFFFFFFFFFFFFBD
:10035000FFFFFFFFFFFFFFFFFFFFFFFFFFFFFFFFAD
:10036000FFFFFFFFFFFFFFFFFFFFFFFFFFFFFFFF9D
:10037000FFFFFFFFFFFFFFFFFFFFFFFFFFFFFFFF8D
:10038000FFFFFFFFFFFFFFFFFFFFFFFFFFFFFFFF7D
:10039000FFFFFFFFFFFFFFFFFFFFFFFFFFFFFFFF6D
:1003A000FFFFFFFFFFFFFFFFFFFFFFFFFFFFFFFF5D
:1003B000FFFFFFFFFFFFFFFFFFFFFFFFFFFFFFFF4D
:1003C000FFFFFFFFFFFFFFFFFFFFFFFFFFFFFFFF3D
:1003D000FFFFFFFFFFFFFFFFFFFFFFFFFFFFFFFF2D
:1003E000FFFFFFFFFFFFFFFFFFFFFFFFFFFFFFFF1D
:1003F000FFFFFFFFFFFFFFFFFFFFFFFFFFFFFFFF0D
:10040000FFFFFFFFFFFFFFFFFFFFFFFFFFFFFFFFFC
:10041000FFFFFFFFFFFFFFFFFFFFFFFFFFFFFFFFEC
:10042000FFFFFFFFFFFFFFFFFFFFFFFFFFFFFFFFDC
:10043000FFFFFFFFFFFFFFFFFFFFFFFFFFFFFFFFCC
:10044000FFFFFFFFFFFFFFFFFFFFFFFFFFFFFFFFBC
:10045000FFFFFFFFFFFFFFFFFFFFFFFFFFFFFFFFAC
:10046000FFFFFFFFFFFFFFFFFFFFFFFFFFFFFFFF9C
:10047000FFFFFFFFFFFFFFFFFFFFFFFFFFFFFFFF8C
:10048000FFFFFFFFFFFFFFFFFFFFFFFFFFFFFFFF7C
:10049000FFFFFFFFFFFFFFFFFFFFFFFFFFFFFFFF6C
:1004A000FFFFFFFFFFFFFFFFFFFFFFFFFFFFFFFF5C
:1004B000FFFFFFFFFFFFFFFFFFFFFFFFFFFFFFFF4C
:1004C000FFFFFFFFFFFFFFFFFFFFFFFFFFFFFFFF3C
:1004D000FFFFFFFFFFFFFFFFFFFFFFFFFFFFFFFF2C
:1004E000FFFFFFFFFFFFFFFFFFFFFFFFFFFFFFFF1C
:1004F000FFFFFFFFFFFFFFFFFFFFFFFFFFFFFFFF0C
:10050000FFFFFFFFFFFFFFFFFFFFFFFFFFFFFFFFFB
:10051000FFFFFFFFFFFFFFFFFFFFFFFFFFFFFFFFEB
:10052000FFFFFFFFFFFFFFFFFFFFFFFFFFFFFFFFDB
:10053000FFFFFFFFFFFFFFFFFFFFFFFFFFFFFFFFCB
:10054000FFFFFFFFFFFFFFFFFFFFFFFFFFFFFFFFBB
:10055000FFFFFFFFFFFFFFFFFFFFFFFFFFFFFFFFAB
:10056000FFFFFFFFFFFFFFFFFFFFFFFFFFFFFFFF9B
:10057000FFFFFFFFFFFFFFFFFFFFFFFFFFFFFFFF8B
:10058000FFFFFFFFFFFFFFFFFFFFFFFFFFFFFFFF7B
:10059000FFFFFFFFFFFFFFFFFFFFFFFFFFFFFFFF6B
:1005A000FFFFFFFFFFFFFFFFFFFFFFFFFFFFFFFF5B
:1005B000FFFFFFFFFFFFFFFFFFFFFFFFFFFFFFFF4B
:1005C000FFFFFFFFFFFFFFFFFFFFFFFFFFFFFFFF3B
:1005D000FFFFFFFFFFFFFFFFFFFFFFFFFFFFFFFF2B
:1005E000FFFFFFFFFFFFFFFFFFFFFFFFFFFFFFFF1B
:1005F000FFFFFFFFFFFFFFFFFFFFFFFFFFFFFFFF0B
:10060000FFFFFFFFFFFFFFFFFFFFFFFFFFFFFFFFFA
:10061000FFFFFFFFFFFFFFFFFFFFFFFFFFFFFFFFEA
:10062000FFFFFFFFFFFFFFFFFFFFFFFFFFFFFFFFDA
:10063000FFFFFFFFFFFFFFFFFFFFFFFFFFFFFFFFCA
:10064000FFFFFFFFFFFFFFFFFFFFFFFFFFFFFFFFBA
:10065000FFFFFFFFFFFFFFFFFFFFFFFFFFFFFFFFAA
:10066000FFFFFFFFFFFFFFFFFFFFFFFFFFFFFFFF9A
:10067000FFFFFFFFFFFFFFFFFFFFFFFFFFFFFFFF8A
:10068000FFFFFFFFFFFFFFFFFFFFFFFFFFFFFFFF7A
:10069000FFFFFFFFFFFFFFFFFFFFFFFFFFFFFFFF6A
:1006A000FFFFFFFFFFFFFFFFFFFFFFFFFFFFFFFF5A
:1006B000FFFFFFFFFFFFFFFFFFFFFFFFFFFFFFFF4A
:1006C000FFFFFFFFFFFFFFFFFFFFFFFFFFFFFFFF3A
:1006D000FFFFFFFFFFFFFFFFFFFFFFFFFFFFFFFF2A
:1006E000FFFFFFFFFFFFFFFFFFFFFFFFFFFFFFFF1A
:1006F000FFFFFFFFFFFFFFFFFFFFFFFFFFFFFFFF0A
:10070000FFFFFFFFFFFFFFFFFFFFFFFFFFFFFFFFF9
:10071000FFFFFFFFFFFFFFFFFFFFFFFFFFFFFFFFE9
:10072000FFFFFFFFFFFFFFFFFFFFFFFFFFFFFFFFD9
:10073000FFFFFFFFFFFFFFFFFFFFFFFFFFFFFFFFC9
:10074000FFFFFFFFFFFFFFFFFFFFFFFFFFFFFFFFB9
:10075000FFFFFFFFFFFFFFFFFFFFFFFFFFFFFFFFA9
:10076000FFFFFFFFFFFFFFFFFFFFFFFFFFFFFFFF99
:10077000FFFFFFFFFFFFFFFFFFFFFFFFFFFFFFFF89
:10078000FFFFFFFFFFFFFFFFFFFFFFFFFFFFFFFF79
:10079000FFFFFFFFFFFFFFFFFFFFFFFFFFFFFFFF69
:1007A000FFFFFFFFFFFFFFFFFFFFFFFFFFFFFFFF59
:1007B000FFFFFFFFFFFFFFFFFFFFFFFFFFFFFFFF49
:1007C000FFFFFFFFFFFFFFFFFFFFFFFFFFFFFFFF39
:1007D000FFFFFFFFFFFFFFFFFFFFFFFFFFFFFFFF29
:1007E000FFFFFFFFFFFFFFFFFFFFFFFFFFFFFFFF19
:1007F000FFFFFFFFFFFFFFFFFFFFFFFFFFFFFFFF09
:10080000FFFFFFFFFFFFFFFFFFFFFFFFFFFFFFFFF8
:10081000FFFFFFFFFFFFFFFFFFFFFFFFFFFFFFFFE8
:10082000FFFFFFFFFFFFFFFFFFFFFFFFFFFFFFFFD8
:10083000FFFFFFFFFFFFFFFFFFFFFFFFFFFFFFFFC8
:10084000FFFFFFFFFFFFFFFFFFFFFFFFFFFFFFFFB8
:10085000FFFFFFFFFFFFFFFFFFFFFFFFFFFFFFFFA8
:10086000FFFFFFFFFFFFFFFFFFFFFFFFFFFFFFFF98
:10087000FFFFFFFFFFFFFFFFFFFFFFFFFFFFFFFF88
:10088000FFFFFFFFFFFFFFFFFFFFFFFFFFFFFFFF78
:10089000FFFFFFFFFFFFFFFFFFFFFFFFFFFFFFFF68
:1008A000FFFFFFFFFFFFFFFFFFFFFFFFFFFFFFFF58
:1008B000FFFFFFFFFFFFFFFFFFFFFFFFFFFFFFFF48
:1008C000FFFFFFFFFFFFFFFFFFFFFFFFFFFFFFFF38
:1008D000FFFFFFFFFFFFFFFFFFFFFFFFFFFFFFFF28
:1008E000FFFFFFFFFFFFFFFFFFFFFFFFFFFFFFFF18
:1008F000FFFFFFFFFFFFFFFFFFFFFFFFFFFFFFFF08
:10090000FFFFFFFFFFFFFFFFFFFFFFFFFFFFFFFFF7
:10091000FFFFFFFFFFFFFFFFFFFFFFFFFFFFFFFFE7
:10092000FFFFFFFFFFFFFFFFFFFFFFFFFFFFFFFFD7
:10093000FFFFFFFFFFFFFFFFFFFFFFFFFFFFFFFFC7
:10094000FFFFFFFFFFFFFFFFFFFFFFFFFFFFFFFFB7
:10095000FFFFFFFFFFFFFFFFFFFFFFFFFFFFFFFFA7
:10096000FFFFFFFFFFFFFFFFFFFFFFFFFFFFFFFF97
:10097000FFFFFFFFFFFFFFFFFFFFFFFFFFFFFFFF87
:10098000FFFFFFFFFFFFFFFFFFFFFFFFFFFFFFFF77
:10099000FFFFFFFFFFFFFFFFFFFFFFFFFFFFFFFF67
:1009A000FFFFFFFFFFFFFFFFFFFFFFFFFFFFFFFF57
:1009B000FFFFFFFFFFFFFFFFFFFFFFFFFFFFFFFF47
:1009C000FFFFFFFFFFFFFFFFFFFFFFFFFFFFFFFF37
:1009D000FFFFFFFFFFFFFFFFFFFFFFFFFFFFFFFF27
:1009E000FFFFFFFFFFFFFFFFFFFFFFFFFFFFFFFF17
:1009F000FFFFFFFFFFFFFFFFFFFFFFFFFFFFFFFF07
:100A0000FFFFFFFFFFFFFFFFFFFFFFFFFFFFFFFFF6
:100A1000FFFFFFFFFFFFFFFFFFFFFFFFFFFFFFFFE6
:100A2000FFFFFFFFFFFFFFFFFFFFFFFFFFFFFFFFD6
:100A3000FFFFFFFFFFFFFFFFFFFFFFFFFFFFFFFFC6
:100A4000FFFFFFFFFFFFFFFFFFFFFFFFFFFFFFFFB6
:100A5000FFFFFFFFFFFFFFFFFFFFFFFFFFFFFFFFA6
:100A6000FFFFFFFFFFFFFFFFFFFFFFFFFFFFFFFF96
:100A7000FFFFFFFFFFFFFFFFFFFFFFFFFFFFFFFF86
:100A8000FFFFFFFFFFFFFFFFFFFFFFFFFFFFFFFF76
:100A9000FFFFFFFFFFFFFFFFFFFFFFFFFFFFFFFF66
:100AA000FFFFFFFFFFFFFFFFFFFFFFFFFFFFFFFF56
:100AB000FFFFFFFFFFFFFFFFFFFFFFFFFFFFFFFF46
:100AC000FFFFFFFFFFFFFFFFFFFFFFFFFFFFFFFF36
:100AD000FFFFFFFFFFFFFFFFFFFFFFFFFFFFFFFF26
:100AE000FFFFFFFFFFFFFFFFFFFFFFFFFFFFFFFF16
:100AF000FFFFFFFFFFFFFFFFFFFFFFFFFFFFFFFF06
:100B0000FFFFFFFFFFFFFFFFFFFFFFFFFFFFFFFFF5
:100B1000FFFFFFFFFFFFFFFFFFFFFFFFFFFFFFFFE5
:100B2000FFFFFFFFFFFFFFFFFFFFFFFFFFFFFFFFD5
:100B3000FFFFFFFFFFFFFFFFFFFFFFFFFFFFFFFFC5
:100B4000FFFFFFFFFFFFFFFFFFFFFFFFFFFFFFFFB5
:100B5000FFFFFFFFFFFFFFFFFFFFFFFFFFFFFFFFA5
:100B6000FFFFFFFFFFFFFFFFFFFFFFFFFFFFFFFF95
:100B7000FFFFFFFFFFFFFFFFFFFFFFFFFFFFFFFF85
:100B8000FFFFFFFFFFFFFFFFFFFFFFFFFFFFFFFF75
:100B9000FFFFFFFFFFFFFFFFFFFFFFFFFFFFFFFF65
:100BA000FFFFFFFFFFFFFFFFFFFFFFFFFFFFFFFF55
:100BB000FFFFFFFFFFFFFFFFFFFFFFFFFFFFFFFF45
:100BC000FFFFFFFFFFFFFFFFFFFFFFFFFFFFFFFF35
:100BD000FFFFFFFFFFFFFFFFFFFFFFFFFFFFFFFF25
:100BE000FFFFFFFFFFFFFFFFFFFFFFFFFFFFFFFF15
:100BF000FFFFFFFFFFFFFFFFFFFFFFFFFFFFFFFF05
:100C0000FFFFFFFFFFFFFFFFFFFFFFFFFFFFFFFFF4
:100C1000FFFFFFFFFFFFFFFFFFFFFFFFFFFFFFFFE4
:100C2000FFFFFFFFFFFFFFFFFFFFFFFFFFFFFFFFD4
:100C3000FFFFFFFFFFFFFFFFFFFFFFFFFFFFFFFFC4
:100C4000FFFFFFFFFFFFFFFFFFFFFFFFFFFFFFFFB4
:100C5000FFFFFFFFFFFFFFFFFFFFFFFFFFFFFFFFA4
:100C6000FFFFFFFFFFFFFFFFFFFFFFFFFFFFFFFF94
:100C7000FFFFFFFFFFFFFFFFFFFFFFFFFFFFFFFF84
:100C8000FFFFFFFFFFFFFFFFFFFFFFFFFFFFFFFF74
:100C9000FFFFFFFFFFFFFFFFFFFFFFFFFFFFFFFF64
:100CA000FFFFFFFFFFFFFFFFFFFFFFFFFFFFFFFF54
:100CB000FFFFFFFFFFFFFFFFFFFFFFFFFFFFFFFF44
:100CC000FFFFFFFFFFFFFFFFFFFFFFFFFFFFFFFF34
:100CD000FFFFFFFFFFFFFFFFFFFFFFFFFFFFFFFF24
:100CE000FFFFFFFFFFFFFFFFFFFFFFFFFFFFFFFF14
:100CF000FFFFFFFFFFFFFFFFFFFFFFFFFFFFFFFF04
:100D0000FFFFFFFFFFFFFFFFFFFFFFFFFFFFFFFFF3
:100D1000FFFFFFFFFFFFFFFFFFFFFFFFFFFFFFFFE3
:100D2000FFFFFFFFFFFFFFFFFFFFFFFFFFFFFFFFD3
:100D3000FFFFFFFFFFFFFFFFFFFFFFFFFFFFFFFFC3
:100D4000FFFFFFFFFFFFFFFFFFFFFFFFFFFFFFFFB3
:100D5000FFFFFFFFFFFFFFFFFFFFFFFFFFFFFFFFA3
:100D6000FFFFFFFFFFFFFFFFFFFFFFFFFFFFFFFF93
:100D7000FFFFFFFFFFFFFFFFFFFFFFFFFFFFFFFF83
:100D8000FFFFFFFFFFFFFFFFFFFFFFFFFFFFFFFF73
:100D9000FFFFFFFFFFFFFFFFFFFFFFFFFFFFFFFF63
:100DA000FFFFFFFFFFFFFFFFFFFFFFFFFFFFFFFF53
:100DB000FFFFFFFFFFFFFFFFFFFFFFFFFFFFFFFF43
:100DC000FFFFFFFFFFFFFFFFFFFFFFFFFFFFFFFF33
:100DD000FFFFFFFFFFFFFFFFFFFFFFFFFFFFFFFF23
:100DE000FFFFFFFFFFFFFFFFFFFFFFFFFFFFFFFF13
:100DF000FFFFFFFFFFFFFFFFFFFFFFFFFFFFFFFF03
:100E0000FFFFFFFFFFFFFFFFFFFFFFFFFFFFFFFFF2
:100E1000FFFFFFFFFFFFFFFFFFFFFFFFFFFFFFFFE2
:100E2000FFFFFFFFFFFFFFFFFFFFFFFFFFFFFFFFD2
:100E3000FFFFFFFFFFFFFFFFFFFFFFFFFFFFFFFFC2
:100E4000FFFFFFFFFFFFFFFFFFFFFFFFFFFFFFFFB2
:100E5000FFFFFFFFFFFFFFFFFFFFFFFFFFFFFFFFA2
:100E6000FFFFFFFFFFFFFFFFFFFFFFFFFFFFFFFF92
:100E7000FFFFFFFFFFFFFFFFFFFFFFFFFFFFFFFF82
:100E8000FFFFFFFFFFFFFFFFFFFFFFFFFFFFFFFF72
:100E9000FFFFFFFFFFFFFFFFFFFFFFFFFFFFFFFF62
:100EA000FFFFFFFFFFFFFFFFFFFFFFFFFFFFFFFF52
:100EB000FFFFFFFFFFFFFFFFFFFFFFFFFFFFFFFF42
:100EC000FFFFFFFFFFFFFFFFFFFFFFFFFFFFFFFF32
:100ED000FFFFFFFFFFFFFFFFFFFFFFFFFFFFFFFF22
:100EE000FFFFFFFFFFFFFFFFFFFFFFFFFFFFFFFF12
:100EF000FFFFFFFFFFFFFFFFFFFFFFFFFFFFFFFF02
:100F0000FFFFFFFFFFFFFFFFFFFFFFFFFFFFFFFFF1
:100F1000FFFFFFFFFFFFFFFFFFFFFFFFFFFFFFFFE1
:100F2000FFFFFFFFFFFFFFFFFFFFFFFFFFFFFFFFD1
:100F3000FFFFFFFFFFFFFFFFFFFFFFFFFFFFFFFFC1
:100F4000FFFFFFFFFFFFFFFFFFFFFFFFFFFFFFFFB1
:100F5000FFFFFFFFFFFFFFFFFFFFFFFFFFFFFFFFA1
:100F6000FFFFFFFFFFFFFFFFFFFFFFFFFFFFFFFF91
:100F7000FFFFFFFFFFFFFFFFFFFFFFFFFFFFFFFF81
:100F8000FFFFFFFFFFFFFFFFFFFFFFFFFFFFFFFF71
:100F9000FFFFFFFFFFFFFFFFFFFFFFFFFFFFFFFF61
:100FA000FFFFFFFFFFFFFFFFFFFFFFFFFFFFFFFF51
:100FB000FFFFFFFFFFFFFFFFFFFFFFFFFFFFFFFF41
:100FC000FFFFFFFFFFFFFFFFFFFFFFFFFFFFFFFF31
:100FD000FFFFFFFFFFFFFFFFFFFFFFFFFFFFFFFF21
:100FE000FFFFFFFFFFFFFFFFFFFFFFFFFFFFFFFF11
:100FF000FFFFFFFFFFFFFFFFFFFFFFFFFFFFFFFF01
:10100000D1002043612000600000000000000000CB
:10101000201000600010006000C8026000000000A6
:101020000000006000D4020000000000FFFFFFFF8E
:10103000FFFFFFFFFFFFFFFFFFFFFFFFFFFFFFFFC0
:10104000FFFFFFFFFFFFFFFFFFFFFFFFFFFFFFFFB0
:10105000FFFFFFFFFFFFFFFFFFFFFFFFFFFFFFFFA0
:10106000FFFFFFFFFFFFFFFFFFFFFFFFFFFFFFFF90
:10107000FFFFFFFFFFFFFFFFFFFFFFFFFFFFFFFF80
:10108000FFFFFFFFFFFFFFFFFFFFFFFFFFFFFFFF70
:10109000FFFFFFFFFFFFFFFFFFFFFFFFFFFFFFFF60
:1010A000FFFFFFFFFFFFFFFFFFFFFFFFFFFFFFFF50
:1010B000FFFFFFFFFFFFFFFFFFFFFFFFFFFFFFFF40
:1010C000FFFFFFFFFFFFFFFFFFFFFFFFFFFFFFFF30
:1010D000FFFFFFFFFFFFFFFFFFFFFFFFFFFFFFFF20
:1010E000FFFFFFFFFFFFFFFFFFFFFFFFFFFFFFFF10
:1010F000FFFFFFFFFFFFFFFFFFFFFFFFFFFFFFFF00
:10110000FFFFFFFFFFFFFFFFFFFFFFFFFFFFFFFFEF
:10111000FFFFFFFFFFFFFFFFFFFFFFFFFFFFFFFFDF
:10112000FFFFFFFFFFFFFFFFFFFFFFFFFFFFFFFFCF
:10113000FFFFFFFFFFFFFFFFFFFFFFFFFFFFFFFFBF
:10114000FFFFFFFFFFFFFFFFFFFFFFFFFFFFFFFFAF
:10115000FFFFFFFFFFFFFFFFFFFFFFFFFFFFFFFF9F
:10116000FFFFFFFFFFFFFFFFFFFFFFFFFFFFFFFF8F
:10117000FFFFFFFFFFFFFFFFFFFFFFFFFFFFFFFF7F
:10118000FFFFFFFFFFFFFFFFFFFFFFFFFFFFFFFF6F
:10119000FFFFFFFFFFFFFFFFFFFFFFFFFFFFFFFF5F
:1011A000FFFFFFFFFFFFFFFFFFFFFFFFFFFFFFFF4F
:1011B000FFFFFFFFFFFFFFFFFFFFFFFFFFFFFFFF3F
:1011C000FFFFFFFFFFFFFFFFFFFFFFFFFFFFFFFF2F
:1011D000FFFFFFFFFFFFFFFFFFFFFFFFFFFFFFFF1F
:1011E000FFFFFFFFFFFFFFFFFFFFFFFFFFFFFFFF0F
:1011F000FFFFFFFFFFFFFFFFFFFFFFFFFFFFFFFFFF
:10120000FFFFFFFFFFFFFFFFFFFFFFFFFFFFFFFFEE
:10121000FFFFFFFFFFFFFFFFFFFFFFFFFFFFFFFFDE
:10122000FFFFFFFFFFFFFFFFFFFFFFFFFFFFFFFFCE
:10123000FFFFFFFFFFFFFFFFFFFFFFFFFFFFFFFFBE
:10124000FFFFFFFFFFFFFFFFFFFFFFFFFFFFFFFFAE
:10125000FFFFFFFFFFFFFFFFFFFFFFFFFFFFFFFF9E
:10126000FFFFFFFFFFFFFFFFFFFFFFFFFFFFFFFF8E
:10127000FFFFFFFFFFFFFFFFFFFFFFFFFFFFFFFF7E
:10128000FFFFFFFFFFFFFFFFFFFFFFFFFFFFFFFF6E
:10129000FFFFFFFFFFFFFFFFFFFFFFFFFFFFFFFF5E
:1012A000FFFFFFFFFFFFFFFFFFFFFFFFFFFFFFFF4E
:1012B000FFFFFFFFFFFFFFFFFFFFFFFFFFFFFFFF3E
:1012C000FFFFFFFFFFFFFFFFFFFFFFFFFFFFFFFF2E
:1012D000FFFFFFFFFFFFFFFFFFFFFFFFFFFFFFFF1E
:1012E000FFFFFFFFFFFFFFFFFFFFFFFFFFFFFFFF0E
:1012F000FFFFFFFFFFFFFFFFFFFFFFFFFFFFFFFFFE
:10130000FFFFFFFFFFFFFFFFFFFFFFFFFFFFFFFFED
:10131000FFFFFFFFFFFFFFFFFFFFFFFFFFFFFFFFDD
:10132000FFFFFFFFFFFFFFFFFFFFFFFFFFFFFFFFCD
:10133000FFFFFFFFFFFFFFFFFFFFFFFFFFFFFFFFBD
:10134000FFFFFFFFFFFFFFFFFFFFFFFFFFFFFFFFAD
:10135000FFFFFFFFFFFFFFFFFFFFFFFFFFFFFFFF9D
:10136000FFFFFFFFFFFFFFFFFFFFFFFFFFFFFFFF8D
:10137000FFFFFFFFFFFFFFFFFFFFFFFFFFFFFFFF7D
:10138000FFFFFFFFFFFFFFFFFFFFFFFFFFFFFFFF6D
:10139000FFFFFFFFFFFFFFFFFFFFFFFFFFFFFFFF5D
:1013A000FFFFFFFFFFFFFFFFFFFFFFFFFFFFFFFF4D
:1013B000FFFFFFFFFFFFFFFFFFFFFFFFFFFFFFFF3D
:1013C000FFFFFFFFFFFFFFFFFFFFFFFFFFFFFFFF2D
:1013D000FFFFFFFFFFFFFFFFFFFFFFFFFFFFFFFF1D
:1013E000FFFFFFFFFFFFFFFFFFFFFFFFFFFFFFFF0D
:1013F000FFFFFFFFFFFFFFFFFFFFFFFFFFFFFFFFFD
:10140000884207D0904205D251F8043B40F8043B93
:101410008242F9D8704700BF884204D2002340F8C6
:10142000043B8142FBD87047BC4B0824BC4ABD49F1
:10143000BD4880B5C3F8544184B0FFF7E1FFBB4A13
:10144000BB49BC48FFF7DCFFBB49BC48FFF7E4FFE2
:10145000BB4C4FF0E0214FF470000023B94AC1F8B3
:10146000880D44F823200133B02BFAD1B64B8021EC
:10147000B64A03F8011B9342FBD14FF0E023A74A81
:101480004FF08031B248C3F8084DC2F80411C2F8D9
:101490000001B048C2F8F410C2F8F000D3F8241DDF
:1014A000AD4841F4E021C3F8241DC16921F07F015A
:1014B00041F04001C161416A21F07F0141F04001EA
:1014C00041624FF0FF30A5498866C86608674867E3
:1014D00000211020C3F8941DC3F89C0DA048C3F848
:1014E000A00D1120C3F89C0D9E48C3F8A00D12203A
:1014F000C3F89C0D9C48C3F8A00D9C48C3F89C0DF4
:101500009B48C3F8A00D9B48C3F89C0D9A48C3F8AC
:10151000A00D894840F01500C3F89C0D9748C3F80A
:10152000A00D00F181500D30C3F89C0D9448C3F814
:10153000A00D9448C3F89C0D9348C3F8A00D9348A0
:10154000C3F89C0D9248C3F8A00D9248C3F89C0DB7
:101550009148C3F8A00D0120C3F8940DBFF34F8F3D
:10156000BFF36F8FC3F8501FBFF34F8FBFF36F8F61
:10157000D3F8140D4FF0400E4FF4805C4FF4005739
:1015800040F440304FF44046C3F8140D8348A06344
:101590008348E063632058610320996118618148A2
:1015A0008149C3F8200DD3F8FC0D40F08070C3F8DA
:1015B000FC0D0B687D4843F001030B604B684FF452
:1015C0008031036043F2420013699D0700F12A82D3
:1015D0009D0440F12B82DD0440F12A82002BF3DAD6
:1015E00013F4803540F027825B0640F1D0844FF041
:1015F000803357496E48C2F80431C2F8001155498A
:10160000C2F8F430C2F8F01000F032FE5248694BD4
:10161000C16E694A41F44051C1661D60C3F808516A
:10162000C3F81851C3F82851C3F83851936BDB073E
:1016300008D442F61563614951651365936B43F015
:10164000010393635C485E4B82685E4942F001127D
:101650005D4D5E4E826018225D48C3F85C12C3F88F
:101660006062C3F86412C3F868524FF0FF35C3F8E4
:101670006C025849C3F87002C3F87402C3F87802C8
:10168000DA661A675A679A67DA67C3F88020C3F880
:101690008420C3F8882001232F4AC1F82C33C1F8D5
:1016A0003033C1F83433C1F83833C1F83C33C1F8B2
:1016B000503349499069494B014048F20C700B4343
:1016C00047499361D2F8843043F00C03C2F8843068
:1016D0000A68444B42F002020A600A68024042482B
:1016E00013430B604D60414B8268414D1340414AAA
:1016F00043F000538B60CB6823F07803CB600B6A18
:101700002B4013430B620B6A2B404FF400551343DD
:10171000394A4B628A62CA6270E000BF00800D40A5
:10172000385702000C2D006000000000C04200206D
:101730004884026000000020E0950120C0420020A3
:1017400000400020FDBC000000E400E0A0E400E058
:101750001B1018200C0D111300C00F4000C00A40D0
:101760003F000010250008030900100013002000AE
:1017700021000207140000202500081309000010B2
:1017800027000B13170000403300101318000060EF
:101790002F000B07190000702F000B1335AC000051
:1017A00089A8000000002020001000E07C470120F4
:1017B0000046C3230040084000400D400000C056D2
:1017C00000801F40F9B00100F9000100F91001008C
:1017D000F970010000841F40FFFCFF1F000300A000
:1017E00000402A401200FFFF00802A40FF37F70028
:1017F00000FFF07C40000080FF000F830022D0F843
:10180000B83023F03F0343F00103C1F8B830D0F8FB
:10181000BC308A4823F03F0343F00103C1F8BC30D9
:1018200040F205630A610D660867C1F880304D66B5
:101830004867C1F884300B68814823F002030B60CD
:10184000886102207F4BC86101F5407143F8042B89
:101850008B42FBD17C4A136843F001031360136889
:1018600013F00103FBD176480221906140F2F5604C
:10187000D16140F26641C2F8000240F29940C2F8DC
:1018800010127249C2F8200242F20140C2F830122E
:1018900040F23541C2F83402C2F840126C486D493A
:1018A000C2F85002B338C2F8541242F20121C2F811
:1018B0006002C2F8641201216348C2F8A030C2F885
:1018C000A430C2F8B0104369DF07FCD50123002122
:1018D0004FF480324361C0F8A0105B49C0F8A420E7
:1018E000C0F8B0304B69DE07FCD501234FF400325D
:1018F00000204B61C1F8A000C1F8A420524AC1F8F1
:10190000B0305369DD07FCD50121534B00205161F4
:10191000C2F8A000C2F8A4304B4BC2F8B0105E6908
:1019200016F00106FBD0D3F80021212192B25961B3
:1019300045F60D518A4240F0218300214FF4802268
:10194000C3F8A010C3F8A42001223F49C3F8B02077
:101950004B69D807FCD501234FF400024B61C1F855
:10196000A0200022C1F8A420374AC1F8B030536942
:10197000D907FCD501234FF400015361C2F8A01030
:101980004FF48031C2F8A4102F49C2F8B0304B692F
:10199000DA07FCD501234FF400024B61C1F8A02007
:1019A0004FF40032C1F8A420274AC1F8B03053697F
:1019B000DB07FCD501234FF400015361C2F8A010EE
:1019C0002549C2F8A4102049C2F8B0304B69DF079E
:1019D000FCD5D1F8003121229BB24A6145F60D5267
:1019E000934200F0D88208221C4B1D491D4F5B1A00
:1019F00087F8E72213EB025340F0E082D7F8E802C1
:101A000090B3D7F8EC227AB30C23B2FBF3F103FBCB
:101A1000112149BBD7F8F032002B00F0B08200F062
:101A200023FCACE2966151619061CDE55761CBE555
:101A3000C2F814C0C8E59161C6E500BF63000200AA
:101A4000F05AF05A00422A4000402A409F041830C1
:101A5000EB06180A0632012604000300000000709D
:101A600000000070C042002000F006FC1623036056
:101A7000D34BDA6E42F44032DA66DA6E42F44072E8
:101A8000DA6640F23763CF4A5364A0239364936CC1
:101A90001906FCD4CC4B40F237625A64A0229A64F7
:101AA0009D6C15F08005FBD1C54B4FF00F0887F8F2
:101AB000E552F3EE097A996FC44A41F47F01C448B4
:101AC0009FEDC46A9967D3F880109FEDC37A0A43EB
:101AD000C3F8802000F0C0FB00F5804000F0BCFBA4
:101AE00000F5804000F0B8FB00F5804000F0B4FB4A
:101AF000BA49BB4A41F2010E45F6C05C43F22600EA
:101B00008D814D81A1F80E80A1F814E0A1F806C0E6
:101B10000D800D8288818D854D85A1F82E80A1F8DC
:101B200034E0A1F826C00D840D868885A1F84C50BC
:101B3000A1F84A50A1F84E80A1F854E0A1F846C09F
:101B4000A1F84050A1F85050A1F84C00A1F86C50F9
:101B5000A1F86A50A1F86E80A1F874E0A1F866C0FF
:101B6000A1F86050A1F87050A1F86C0001F5C231E5
:101B700095815581A2F80E80A2F814E0A2F806C063
:101B800015801582908195855585A2F82E80A2F842
:101B900034E0A2F826C0158415869085A2F84C5032
:101BA000A2F84A50A2F84E80A2F854E0A2F846C02B
:101BB000A2F84050A2F85050A2F84C00A2F86C5085
:101BC000A2F86A50A2F86E80A2F874E0A2F866C08B
:101BD000A2F86050A2F87050A2F86C00A2F583122F
:101BE000804BA2F5F8529D815D81A3F80E80A3F889
:101BF00014E0A3F806C01D801D8298819D855D8537
:101C0000A3F82E80A3F834E0A3F826C01D841D8617
:101C10009885A3F84C50A3F84A50A3F84E80A3F837
:101C200054E0A3F846C0A3F84050A3F85050A3F8DE
:101C30004C00A3F86C50A3F86A50A3F86E80A3F888
:101C400074E0A3F866C0A3F86050A3F87050A3F83E
:101C50006C000320D2F88030DFF8A0C123F001032C
:101C6000C2F88030C2F89000D1F8E0305E485FFAE8
:101C700083FE5E4906EE90EAC7F8A4E2C3F30B2E9A
:101C80001B0DF8EEE66A05EE90EAC7F8A8E236EE1C
:101C9000C66A36EEC77A76EEE76A07EE903AB8EE95
:101CA000E55AD2F88030F8EEE77AC7EDAB6A77EE06
:101CB000C57A26EE276AC7EDAC7A27EE277A66EE5C
:101CC000A77AC6EE265A87EE266A87EEA67A75EEC2
:101CD000855AFCEEE55A76EE056A15EE907AFCEE32
:101CE000E66A43EA075377EE057AC2F8803016EECB
:101CF000903AD2F890710CEA0343FCEEE77A3B434A
:101D0000C2F8903117EE903AD2F89071C3F30B03FA
:101D10003B43C2F89031D2F8803043F00203C2F85E
:101D2000803080F84050C4F840114FF0E023012289
:101D30002F4FC3F808213B68132BFCD92D4B40F6DD
:101D40006172C3F8202103F58E13D3F8202603F522
:101D50008063294B22F07F429A4280F005810A205D
:101D600000FB02F1B1FBF0F300FB1313092903F1AF
:101D700030038DF8043040F2388101A84FF0000C98
:101D8000DFF87C908646A9FB023A904661460CF14A
:101D9000010C4FEADA0AB8F1090F0AEB8A03A2EB49
:101DA0004303524603F130030EF8013FEBD801AB79
:101DB00001F110029C446A44002302F80A3C21E02D
:101DC00000C00F4000400C4000800C40000003FCAD
:101DD00000C03D400000AA420000B44200C01D40C7
:101DE00000001E4000401E4000E400E0E5BE000090
:101DF0007847012000800D40809698000000FF0F7A
:101E0000CDCCCCCC1A46013390F800E08A1A9CF86D
:101E10000080934200F8018B0CF801E9F2DB9DF899
:101E20000420002A00F0F180824B5A859DF805209D
:101E3000002A00F0EC809DF806109A85002900F039
:101E4000EA809DF80720D985002A00F0E2809DF8FD
:101E500008101A86002900F0E6809DF809205986AE
:101E6000002A00F0DA809DF80A109A86002900F016
:101E7000D6809DF80B00D986002800F0D2809DF80E
:101E80000C201887002A00F0D0809DF80D105A878A
:101E9000002900F0CC800A2599876A1C6649520007
:101EA00083F82820D1F88030644A43F00303C1F856
:101EB000803040F20441624BC2F860111968614BF6
:101EC000194203D1D2F8A8319A071BD05B4A4FF0D0
:101ED00000415B4B5963D2F8403143F00203C2F832
:101EE0004031D2F840319B07FBD44FF0E0224FF451
:101EF0000031534B1920C2F88C124FF000429A6304
:101F000000F0AEF94E4A00214FF080404B4D4E4B51
:101F1000906311600A221846C5F8A8214FF4207278
:101F200000F0A2F94FF48102484B02604FF48002A6
:101F3000C5F85801026440F24312C5F84821C4F8BC
:101F400004324FF0E0224FF400310123C2F80C11AB
:101F5000C5F840313B68B3F5967FFBD300F098F8A5
:101F600000F08EF900F074F90A23B2FBF3F103FBE1
:101F700011230A4630338DF80430FEE6344F002337
:101F8000344AC7F8E832D360C2E9013370E5C2F8D9
:101F900014E0FFF719BB4FF480234FF400022E48E2
:101FA000C1F8A020C1F8A4300123C1F8B0304369C2
:101FB000DD07FCD501231022436115E50022C7F897
:101FC000E8120C21C7F8EC32C7F8F422B3FBF1F2A7
:101FD00001FB12327AB90123D7F8EC2200211F4805
:101FE000C7F8F03200F040F942E500239DF80420E4
:101FF0008DF8053018E79B1AF02BC7F8EC32EAD8B9
:1020000000F03AF91C23036032E50A4B45E73546F8
:1020100043E7032541E702253FE705253DE7062580
:102020003BE7072539E7042537E7082535E7092584
:1020300033E700BF5038002000C00F4000002E40A2
:1020400000900D40001C1E000000002025B2000082
:10205000C0420020A845002000402A400000007037
:10206000074B4FF42A01074A07485A641864074A85
:1020700099639546BFF34F8FBFF36F8FFFF7D4F986
:1020800000C00A40FFABAAAA07002000008005207C
:1020900000BF7047264942698B6B23F47C0370B5FF
:1020A00043F480231468234D8B63216853681943DC
:1020B000036921600221002419611F491C61996490
:1020C000012159629D624FF43035DD624FF00115F8
:1020D0009E6C1E651C629D651961037E174D02EBA7
:1020E000031E174B9EF808C003EB0C1CDCF80840DD
:1020F0002560DCF80440DEF80C502560DEF8104066
:1021000014B1DEF814102160407E0C4C02EB00117B
:1021100091F828000A4603EB0013D3E9013004606C
:10212000C96A1960136B0BB1526B1A6070BD00BFA6
:1021300000C00F40B80B05053B37281961F80100B6
:10214000381D00201B494B690A7E03EB0212127AEC
:10215000122A2DD0187AFF282AD0122825D0187ECE
:10216000FF2825D00120844630B41C685D682468AF
:102170002C4203D181F818C030BC704703EB001328
:102180000D48052400EB0212526814601A7A0B4CB9
:1021900000EB0212D2E901200460D86810601A69CD
:1021A000002AE7D05B691360E4E700208446DBE7A0
:1021B000704700BF84470120381D002061F80100EE
:1021C0001D494B694A7E03EB021292F82820132A1C
:1021D00030D093F82800FF282CD0132827D093F86C
:1021E0003800FF2826D00120844630B41C685D6882
:1021F00024682C4203D181F819C030BC704703EB2E
:1022000000130E48052400EB02125268146093F884
:1022100028200B4C00EB0212D2E901200460D86A9E
:1022200010601A6B002AE6D05B6B1360E3E70020B6
:102230008446DAE7704700BF84470120381D00203C
:1022400061F80100F8B500BFF8BC08BC9E467047B5
:102250005FF800F02D0701005FF800F0A1A7000073
:102260005FF800F04D0201005FF800F00546020043
:102270005FF800F07DAC00005FF800F0F945020067
:102280005FF800F0B546020045000000E9270200B3
:10229000DB40A4A62EAF000000000000000180007B
:1022A00000000000000000000380000000000000AB
:1022B00000000007C000000000000000000007C090
:1022C0000000000000000000000FC000000000003F
:1022D000000000001FE00000000000000000001FE0
:1022E000E00000000000000000003FE000000000EF
:1022F00000000000003FF0000000000000000000AF
:102300007FF0000000000000001FF87FF0000000D8
:10231000000000003FFE7FF0000000000000003FD2
:10232000FF7FF0000000000000001FFFFBE0000046
:1023300000000000000FFFF9FFC0000000000000D7
:102340000FFFF9FFF800000000000007FFF1FFFF9A
:1023500000000000000003FC73FFFF80000000008D
:102360000001FE3FFFFF80000000000000FF1E0F85
:10237000FF000000000000007FFE1FFC00000000C6
:102380000000003FFFFFF8000000000000000FDF2A
:10239000FFE0000000000000001F19FFC000000067
:1023A000000000003F3CFF00000000000000007E35
:1023B0007CF800000000000000007FFE7C000000B0
:1023C0000000000000FFFFFC000000000000000013
:1023D000FFFFFE0000000000000000FFFFFE000005
:1023E000000000000001FFEFFE0000000000000000
:1023F00001FFCFFE0000000000000003FF07FE0009
:1024000000000000000003FC07FE000000000000C8
:102410000003F003FE00000000000000018000FE49
:10242000000000000000000000007E00000000002E
:1024300000000000003E000000000000000000005E
:102440000C000000000000078000FC000003C0003A
:102450000000078001FC000003C0000000078001AD
:10246000FC000003C0000000078001E00000001E27
:10247000000000078001E00000001E007FE3F79FDE
:10248000F9FDE7787BDFC0FFF7FFBFFDFDFF787B3D
:10249000DFC0FFF7FFBFFDFDFF787BDFC0F0F787F0
:1024A000BC3DE1FF787BDE00F0F787BC3DE1F078D2
:1024B0007BDE0000F787803DE1E0787BDE007FF780
:1024C000879FFDE1E0787BDE00FFF787BFFDE1E05D
:1024D000787BDE00F0F787BC3DE1E0787BDE00F042
:1024E000F787BC3DE1E0787BDE00F0F787BC3DE19B
:1024F000E0787BDE00FFF7FFBFFDE1E07FFBDFC0A0
:10250000FFF7FFBFFDE1E07FFBDFC07CF3F39F3D02
:10251000E1E03E7BCFC000000000000000000000B2
:1025200000FFFFFFFFFFFFFFFFFFFFC0FFFFFFFFF9
:10253000FD68DB111A31C0FFFFFFFFFD2B5AFB6A5C
:10254000EFC0FFFFFFFFFD4B5B3B1A33C0FFFFFFF8
:10255000FFFD6B5BDB6AFDC0000060000000000057
:10256000000000000000000000E00000000000008B
:102570000000000000000001E0000000000000007A
:1025800000000000000001F000000000000000005A
:10259000000000000003F000000000000000000048
:1025A0000000000007F00000000000000000000034
:1025B00000000007F800000000000000000000001C
:1025C00000000FF800000003C0007E000001E000E2
:1025D0007F0FF800000003C000FE000001E000FFD4
:1025E000EFF800000003C000FE000001E000FFFF64
:1025F000F800000003C000F00000000F007FFE7F25
:10260000C0000003C000F00000000F003FFE7FF894
:102610003FF1FBCFFCFEF3BC3DEFE01FFE7FFF7FF1
:10262000FBFFDFFEFEFFBC3DEFE01FC6FFFF7FFBB1
:10263000FFDFFEFEFFBC3DEFE00FE3C7FE787BC38C
:10264000DE1EF0FFBC3DEF0007FF87FC787BC3DE9A
:102650001EF0F83C3DEF0001FFFFF0007BC3C01E01
:10266000F0F03C3DEF0001F37FE03FFBC3CFFEF015
:10267000F03C3DEF0003E33F807FFBC3DFFEF0F063
:102680003C3DEF0007E73C00787BC3DE1EF0F03CEA
:102690003DEF0007FFBE00787BC3DE1EF0F03C3D3F
:1026A000EF0007FFFE00787BC3DE1EF0F03C3DEF3D
:1026B000000FFFFE007FFBFFDFFEF0F03FFDEFE0CD
:1026C0000FFFFF007FFBFFDFFEF0F03FFDEFE00FAD
:1026D000F9FF003E79F9CF9EF0F01F3DE7E01FF1D2
:1026E000FF0000000000000000000000001F80FF4D
:1026F000007FFFFFFFFFFFFFFFFFFFE01C007F00E9
:102700007FFFFFFFFEB46D888D18E000001F007F83
:10271000FFFFFFFE95AD7DB577E000000F007FFF66
:10272000FFFFFEA5AD9D8D19E0000006007FFFFFB5
:10273000FFFEB5ADEDB57EE0AED580A8D300408DEF
:102740002000A1C8502A00605827006020007E00A9
:10275000070000002200FF2100000000020001002D
:10276000000001050200FC00010003020400FC005F
:10277000020005050600FC00060003060400FC003C
:10278000090003050400FC000B0004050500FC0023
:102790000E0001020200FC000F0002050300FC0015
:1027A000110002050300FC00130003030400FD00F8
:1027B000150003030400FD001700020203000000DF
:1027C000180003010400FE001900010102000000CE
:1027D0001A0003050400FC001C0003050400FC00B3
:1027E0001E0002050300FC00200003050400FC009D
:1027F000220003050400FC00240003050400FC0083
:10280000260003050400FC00280003050400FC006A
:102810002A0003050400FC002C0003050400FC0052
:102820002E0003050400FC00300001030200FD003F
:10283000310002040300FD00320002030300FD002A
:10284000330003030400FD00350002030300FD0014
:10285000360003050400FC00380003050400FC00FA
:102860003A0003050400FC003C0003050400FC00E2
:102870003E0003050400FC00400003050400FC00CA
:10288000420003050400FC00440003050400FC00B2
:10289000460003050400FC00480003050400FC009A
:1028A0004A0001050200FC004B0003050400FC0087
:1028B0004D0003050400FC004F0003050400FC006C
:1028C000510005050600FC00550004050500FC004C
:1028D000580003050400FC005A0003050400FC0036
:1028E0005C0003060400FC005F0003050400FC001C
:1028F000610003050400FC00630003050400FC0004
:10290000650003050400FC00670003050400FC00EB
:10291000690005050600FC006D0003050400FC00CD
:102920006F0003050400FC00710003050400FC00B7
:10293000730002050300FC00750003050400FC00A1
:10294000770002050300FC00790003020400FC008C
:102950007A000401040001007B0002020300FC0075
:102960007C0003040400FD007E0003050400FC005D
:10297000800003030400FE00820003050400FC0045
:10298000840003040400FD00860002050300FC002F
:10299000880003050400FD008A0003050400FC0014
:1029A0008C0001050200FC008D0002060300FC0003
:1029B0008F0003050400FC00910002050300FC00E9
:1029C000930005030600FE00950003030400FE00CB
:1029D000970003030400FE00990003040400FE00B6
:1029E0009B0003040400FE009D0002030300FE00A0
:1029F0009E0003040400FD00A00002050300FC008B
:102A0000A20003030400FE00A40003030400FE0070
:102A1000A60005030600FE00A80003030400FE0054
:102A2000AA0003040400FE00AC0003040400FD003F
:102A3000AE0003050400FC00B00001060200FC002B
:102A4000B10003050400FC00B30004020500FD0012
:102A5000E8B457D5F5004E3E80A54A4A5A50C06AA0
:102A6000409580AA805D0060E080254856D475407E
:102A7000C54EC51C9792F31C5354E54855545594C4
:102A8000A04664E38098C50456C657DAD75C724600
:102A9000D6DCF3CEF34872D4B7DAF824D4BB5A921A
:102AA0004E8EEB58809DB99056D4D74856D440D717
:102AB0005A711CE924B6D4B6A48C6B5500B55AB52E
:102AC00024E54EEAC09112D5C054F090C7F0935E51
:102AD000718025DE5E306E80779C935AB845609297
:102AE000EAAA40D56AD6805500D7407590E871E0D3
:102AF000BA40B580B5008D54AA80ACE0E5706A2676
:102B0000FCC8AC5A09026200030100C032080B0085
:102B10000202020100090400000102020100052472
:102B20000010010524010101042402060524060009
:102B3000010705820310001009040100020A0000C9
:102B40000007050302400000070584024000000959
:102B500004020002FF6AFF0007058102400001072E
:102B6000050102400001000009026200030100C0EB
:102B700032080B00020202010009040000010202F7
:102B800001000524001001052401010104240206AE
:102B90000524060001070582031000050904010051
:102BA000020A000000070503020002000705840274
:102BB0000002000904020002FF6AC7000705810243
:102BC0000002010705010200020100001603550082
:102BD000530042002000530065007200690061004C
:102BE0006C00000018035400650065006E0073005F
:102BF00079006400750069006E006F000403090429
:102C00000A060002EF020140010000000080C0E05F
:102C1000F0F8FCFE000103070F1F3F7F70C00F405C
:102C2000C00000001200000013000000D0841F400C
:102C300001000000FF000000FF0000000000000095
:102C4000000000001300000013000000CC841F40AF
:102C500001000000FF000000FF0000000000000075
:102C6000000000001C0000002D2B010070C00F4070
:102C7000000C00001100000011000000E0841F4063
:102C8000020000002C00000012000000E0841F4041
:102C9000010000001000000011000000DC841F4053
:102CA000020000002D00000012000000DC841F4024
:102CB000010000001E000000DD2B010080C00F405D
:102CC000000000031900000010000000E8841F400D
:102CD00001000000FF000000FF00000000000000F5
:102CE000000000001800000010000000E4841F40F5
:102CF00001000000FF000000FF00000000000000D5
:0C2D0000000000001F0000008D2C0100EE
:102D0C0000000000000000000000000000000000B7
:102D1C0000000000000000000000000000000000A7
:102D2C000548064B1B1AD90F01EBA301491002D021
:102D3C00034B03B118477047C0420020C04200202B
:102D4C000000000008B5054B1BB105490548AFF361
:102D5C000080BDE80840FFF7E3BF00BF00000000A3
:102D6C009C95012000D4026070B5B0F8BC5F3B2D7F
:102D7C0011D88DB105F1FF3C00F644741FFA8CFCA0
:102D8C0004EB4C0400F6427C01E0A44504D03CF872
:102D9C0002EF9645F9D170BD07EE903AF7EE006A56
:102DAC0000EB850305F1010EF8EEE77A05EB45041F
:102DBC0003F628564FF0000C00EB840486EEA77A3D
:102DCC0086ED000A03F6186604F5F16400EB450580
:102DDC00C6ED000AC3F8581A03F6483103F6384317
:102DEC00C1F800C0C3F800C0A5F8442F84ED007AE8
:102DFC00A0F8BCEF70BD00BF10B5002100F58054E9
:102E0C0000F64C2C0A4694F8E4E102E0CAB296456E
:102E1C0020D302F5CB73013100EB8303D3F83C3B99
:102E2C009C45F3D1B4F8844092B29CB141F25A0162
:102E3C000023014404E001331FFA83FC644509D9E3
:102E4C0031F802CF9445F6D100EB8300024B00F62B
:102E5C000870036010BD00BFCDCC4C3F01EB81016D
:102E6C00037D01EB81010531C9B2C17403B1417419
:102E7C00704700BF01EB8101037D01EB810105313E
:102E8C00C9B2817403B10174704700BF40F23B2397
:102E9C009A42A8BF1A4601F5805310B493F85E4FBE
:102EAC00BCB90B7A5BB1344C4B68A41A03EBC4036A
:102EBC005DF8044B1A685B680260436070474B68AE
:102ECC005DF8044B03EBC2031A685B680260436055
:102EDC007047B3F8601F07EE902A03F6687CF8EE93
:102EEC00E73A07EE901A9CED006AF8EE676AB8EEC6
:102EFC00E73AB2FBF1F401FB142203F66C7403F60F
:102F0C00747192B294ED005A03F6647407EE902A31
:102F1C0003F5776294ED007A03F67873F8EEE77AAE
:102F2C00D2ED005A35EE077A33F8164C35EE866A38
:102F3C0073EEE73A04EE904A37EE457A5DF8044BAF
:102F4C0036EE656A83EE834A67EE277AF8EE644ABA
:102F5C0087EEA67A64EE066AC6EEA47A37EE057A98
:102F6C0081ED007A77EEA57AC3ED007A80ED007AD8
:102F7C00C0ED017A704700BF3A02002040F23B20BE
:102F8C00704700BF2DE9F04191F8356084B00C46D4
:102F9C000746002E4BD1DFF8A88035E0AB422A461D
:102FAC00684606F101063FD9216A0B689B68984771
:102FBC00D4ED0B7A9DED007A2A4602A8B4EEE77A9E
:102FCC00F1EE10FA05D5216A0B689B689847DDED88
:102FDC00027A216A2A466846C4ED0B7A0B689B6814
:102FEC009847D4ED0C7A9DED017A2A4602A8B4EEEE
:102FFC00E77AF1EE10FA05D5216A0B689B689847C1
:10300C00DDED037AC4ED0C7A206AB5B240F23B23B5
:10301C000268D2694245C1D0904703462A466846A9
:10302C00AB4206F10106BFD8012384F83530E26AC1
:10303C003846236B3A607B6004B0BDE8F08100BF7A
:10304C007D0200002DE9F04191F8346084B00C460B
:10305C000746002E4BD1DFF8A88035E0AB422A465C
:10306C00684606F101063FD9216A0B689B689847B0
:10307C00D4ED097A9DED007A2A4602A8B4EEE77ADF
:10308C00F1EE10FA05DD216A0B689B689847DDEDBF
:10309C00027A216A2A466846C4ED097A0B689B6855
:1030AC009847D4ED0A7A9DED017A2A4602A8B4EE2F
:1030BC00E77AF1EE10FA05DD216A0B689B689847F8
:1030CC00DDED037AC4ED0A7A206AB5B240F23B23F7
:1030DC000268D2694245C1D0904703462A466846E9
:1030EC00AB4206F10106BFD8012384F83430626A82
:1030FC003846A36A3A607B6004B0BDE8F08100BF3B
:10310C007D02000030B50B6885B00D4604461B6887
:10311C00684698472B6802A829465B6898479DED3E
:10312C00017ADDED035AF6EE006ADDED007A2046F9
:10313C009DED026A37EE257A77EE867A27EE267AAF
:10314C0067EEA67A84ED017AC4ED007A05B030BD45
:10315C0030B50B6887B00D460446DB686846984767
:10316C002B6803A829461B699847DDED016ADDED44
:10317C00044AB6EE006A9DED027A20469DED055A92
:10318C0076EEA46ADDED007ADDED035A37EE057AB2
:10319C0066EE866A77EEA57A27EE067AC4ED016AAA
:1031AC0067EE867A84ED027AC4ED007A07B030BD02
:1031BC00006A704791ED067AF6EE006AD1ED045A7A
:1031CC00D1ED057A91ED036A37EE257A77EE867AA2
:1031DC0027EE267A67EEA67A80ED017AC0ED007AAA
:1031EC00704700BF91ED067A91ED046AD1ED057A36
:1031FC00D1ED036A37EE467A77EEE67A80ED017A06
:10320C00C0ED007A704700BF00F5805091ED006A68
:10321C0091ED017A40F2392200F66C7300F6647C71
:10322C00DFED2F3A93ED004A00F57763DCED006A91
:10323C0000F6687030F806CC36EE446A74EE266AF6
:10324C0093ED005A04EE90CA37EE457A76EEC46AD6
:10325C00B8EE643A00B530F808EC27EE037AD0EDFE
:10326C00007A05EE90EA75EE277AF8EE652AF8EE0C
:10327C00E55A77EEC57A26EE226A86EE265AC7EE16
:10328C00276A35EE237AF0EE477A76EEA36AE5EEFE
:10329C00A67AFCEEE77A17EE903A98B2431E9BB2F0
:1032AC00934219D8B4EEE37AF1EE10FA14DDF4EE91
:1032BC00C75AF1EE10FA0FDDF4EEE36AF1EE10FAF4
:1032CC000ADDF8EEE44AF4EEE64AF1EE10FAD8BF65
:1032DC004FF0FF305DF804FB4FF0FF30FAE700BF12
:1032EC000000000001EB410124310844704700BF8D
:1032FC002430704700F2D560704700BFD0ED056AEE
:10330C0091ED007AD1ED017AF4EEC76AF1EE10FA84
:10331C0009DC90ED067A0023B4EEE77AF1EE10FAB0
:10332C0013DC0020704791ED027AD0ED036AF4EEC5
:10333C00C76A90ED067AF1EE10FAB4EEE77A4CBF5C
:10334C0001230023F1EE10FAEBDD90ED047A03F08B
:10335C000100D1ED037AB4EEE77AF1EE10FA58BF22
:10336C000020704790ED037AD1ED007A90ED046A5D
:10337C00F4EEC77AD0ED056AD0ED065AF1EE10FAEC
:10338C0013DDF4EEE67AF1EE10FA0ED5D1ED017AFA
:10339C00F4EEC67AF1EE10FA07DDF4EEE57AF1EE12
:1033AC0010FA4CBF0120002070470020704700BF6E
:1033BC0000EB41014FF6FF7CB1F8860D1080B0EBAD
:1033CC000C0018BF0120704701F6FC014FF6FF7C82
:1033DC0000EB410080881080B0EB0C0018BF01207E
:1033EC00704700BF01F638314FF6FF7C00EB41000F
:1033FC0040881080B0EB0C0018BF0120704700BF54
:10340C0001F674514FF6FF7C30F811001080B0EBD0
:10341C000C0018BF012070472DE9F0414F0882B015
:10342C001646ADF8061032D001F0010405469CBBDF
:10343C00DFF8CC802B681B6B43451DD101F638316E
:10344C004FF6FF7205EB4101498891420FD0631C86
:10345C009BB29F4202D11AE09F4218D901F6383133
:10346C00013305EB41019BB249889142F4D1002014
:10347C00318002B0BDE8F0810DF10602284601341E
:10348C009847A8B3A4B2BDF80610A742D2D1012028
:10349C00318002B0BDE8F0810024DFF868802B6831
:1034AC005B6B434518D101F674514FF6FF7235F83A
:1034BC0011109142DBD0631C9BB2BB4202D1E6E7F8
:1034CC009F42E4D901F67451013335F811109BB2C7
:1034DC009142F5D10020CBE70DF106022846984722
:1034EC00631C28B19CB2BDF80610A742D7D1CEE719
:1034FC00BDF806100020318002B0BDE8F08100BF9D
:10350C00E5060000010700002DE9F0414F0882B0EC
:10351C001646ADF8061032D001F0010405469CBBEE
:10352C00DFF8CC802B68DB6A43451DD101F6FC012A
:10353C004FF6FF7205EB4101898891420FD0631C55
:10354C009BB29F4202D11AE09F4218D901F6FC01AE
:10355C00013305EB41019BB289889142F4D10020E3
:10356C00318002B0BDE8F0810DF10602284601342D
:10357C009847A8B3A4B2BDF80610A742D2D1012037
:10358C00318002B0BDE8F0810024DFF868802B6840
:10359C009B6A434518D105EB41014FF6FF72B1F818
:1035AC00861D9142DBD0631C9BB2BB4202D1E6E785
:1035BC009F42E4D905EB41010133B1F8861D9BB262
:1035CC009142F5D10020CBE70DF106022846984731
:1035DC00631C28B19CB2BDF80610A742D7D1CEE728
:1035EC00BDF806100020318002B0BDE8F08100BFAC
:1035FC00C9060000B10600002DE9F0411F1E82B083
:10360C001646ADF806102EDD05460024DFF8608066
:10361C002B685B6B43451BD101F674514FF6FF7061
:10362C0035F8111081420ED004F1010C674502D11E
:10363C0019E0674517DD01F674510CF1010C35F8F2
:10364C0011108142F5D10020318002B0BDE8F0812B
:10365C000DF10602284698470134BDF806100028E3
:10366C00F2D0A742D4D10120318002B0BDE8F08164
:10367C00010700002DE9F0411F1E82B01646ADF87F
:10368C0006102EDD05460024DFF860802B689B6A4F
:10369C0043451BD105EB41014FF6FF70B1F8861D78
:1036AC0081420ED004F1010C674502D119E0674547
:1036BC0017DD05EB41010CF1010CB1F8861D8142BF
:1036CC00F5D10020318002B0BDE8F0810DF1060289
:1036DC00284698470134BDF806100028F2D0A742BE
:1036EC00D4D10120318002B0BDE8F081B1060000D8
:1036FC002DE9F043002B83B083EAE3770446904630
:10370C000A9EA7EBE377ADF8061000F0C58040F3F6
:10371C0092800025DFF8A09123685B6B4B4542D16A
:10372C0001F674514FF6FF7234F811109142ADF856
:10373C00061000F0B3806B1C9F4203D1ACE09F429B
:10374C0040F3A68001F67451013334F81110914204
:10375C00F5D10020ADF8061086EAE677002EA7EB2F
:10376C00E6771BD02BDD0025514E23689B6AB342B4
:10377C0043D104EB41014FF6FF72B1F8861D914223
:10378C0053D06B1C9F4208D004EB41010133B1F8BC
:10379C00861D914249D09F42F6DC0120A8F800100A
:1037AC0003B0BDE8F0830DF10602204601359847C1
:1037BC00002875D0AF42BDF80610ADD1CCE7EDD0E6
:1037CC0000253C4E2268D36AB34222D101F6FC019B
:1037DC004FF6FF7204EB41018988914225D06B1C96
:1037EC009F42DAD001F6FC01013304EB41018988D8
:1037FC0091421AD0BB42F5DBCFE70DF10602204611
:10380C000135984700284FD0AF42BDF80610ACD117
:10381C00C4E70DF10602204601359847002843D035
:10382C00AF42BDF80610CDD1B8E70020A8F80010C3
:10383C0003B0BDE8F0832FD00025DFF8809023681B
:10384C001B6B4B4519D101F638314FF6FF7204EB67
:10385C00410149889142ADF806101FD06B1C9F4264
:10386C0002D119E09F4213DD01F63831013304EB2C
:10387C00410149889142F5D16BE70DF106022046D2
:10388C000135984760B1AF42BDF80610D7D163E758
:10389C000120ADF806105FE701205DE700205BE733
:1038AC00BDF80610002057E7BDF80610002075E79C
:1038BC00B1060000C906000001070000E506000083
:1038CC00D0F8B400704700BF0220704784307047B6
:1038DC000420704704307047D0F8BC00704700BF1C
:1038EC00D0F8B800704700BF90F89400704700BF44
:1038FC00D0F88800704700BFD0F88400704700BF34
:10390C00D0F89000704700BFD0F88C00704700BF13
:10391C0000F58050D0F8A406704700BF4A207047CD
:10392C00034641F284201844704700BF582070476A
:10393C0000F58050D0F8AC06704700BF00F5805001
:10394C00D0F8A806704700BF00F5805090F894029C
:10395C00704700BF00F58050D0F88802704700BF58
:10396C0000F58050D0F88402704700BF00F58050FD
:10397C00D0F89002704700BF00F58050D0F88C0250
:10398C00704700BFD0F86C06704700BF142070471A
:10399C0000F20450704700BF1E207047D0F8740628
:1039AC00704700BFD0F87006704700BF90F8140540
:1039BC00704700BFD0F80805704700BFD0F8040569
:1039CC00704700BFD0F81005704700BFD0F80C0549
:1039DC00704700BFD0F80C0C704700BF2620704712
:1039EC0000F68410704700BF36207047D0F8140CD6
:1039FC00704700BFD0F8100C704700BF90F89409C6
:103A0C00704700BFD0F88809704700BFD0F8840910
:103A1C00704700BFD0F89009704700BFD0F88C09F0
:103A2C00704700BF90F85400704700BF806C70471F
:103A3C00406C7047006D7047C06C704710B4B0F8A4
:103A4C00BC4F94B100F64272002304E001331FFA1C
:103A5C0083FC644509D932F802CF8C45F6D103F2C8
:103A6C00D22300EB830080ED000A5DF8044B704715
:103A7C0010B5B0F8BC4F7CB100F6427C002304E0DA
:103A8C0001331FFA83FE744506D93CF802EF8E45CC
:103A9C00F6D1184480F8082F10BD00BF70B5B0F8EF
:103AAC004455132D11D88DB105F1FF3C00F21C5477
:103ABC001FFA8CFC04EB4C0400F21A5C01E0A445E8
:103ACC0004D03CF802EF9645F9D170BD07EE903A60
:103ADC00F7EE006A00EB85034FF0000CF8EEE77A86
:103AEC0005EB450403F58D6605F1010E00EB84042E
:103AFC0086EEA77A86ED000A03F5976600EB45057E
:103B0C0003F58363C6ED000A43F8A01C43F850CCC0
:103B1C00C3F800C0A5F81C2584EDA27AA0F844E5F2
:103B2C0070BD00BF10B4B0F8444584B100F21A5215
:103B3C00002304E001331FFA83FC644507D932F8F3
:103B4C0002CF8C45F6D100EB830080EDF20A5DF8D4
:103B5C00044B704790F86C20092A00F28280D0ED5B
:103B6C00187A034690ED177AF4EEE07A70B5F1EE20
:103B7C0010FA77D593ED1A7A002A7DD0B4EEC07A7C
:103B8C00F1EE10FA7DD4D3ED036AB4EEE60AF1EE51
:103B9C0010FA00F1F880012A4DD0D3ED056AB4EE8D
:103BAC00E60AF1EE10FA00F18380022A43D0D3ED3D
:103BBC00076AB4EEE60AF1EE10FA00F1E780032A88
:103BCC0039D0D3ED096AB4EEE60AF1EE10FA00F141
:103BDC00E080042A2FD0D3ED0B6AB4EEE60AF1EEA6
:103BEC0010FA00F1D980052A25D0D3ED0D6AB4EE78
:103BFC00E60AF1EE10FA00F1D280062A1BD0D3EDC2
:103C0C000F6AB4EEE60AF1EE10FA00F1CB80072A47
:103C1C0011D0D3ED116AB4EEE60AF1EE10FA00F110
:103C2C00C480092A07D1D3ED136AB4EEE60AF1EE8B
:103C3C0010FA00F19E80D3ED197A0132F4EE407A3D
:103C4C0083F86C20F1EE10FAB4EEC70A70FE277AF6
:103C5C00C3ED197AF1EE10FA30FE070A83ED1A0A59
:103C6C0070BD7047B4EEE07AF1EE10FA77FE207A70
:103C7C0093ED1A7A002A81D183ED030AC3ED047AFD
:103C8C00D9E703EBC201013281ED030AC1ED047ADD
:103C9C00D3ED197A83F86C20B4EE670A83ED1A0A17
:103CAC00F1EE10FA48BFF0EE407AC3ED197A70BD10
:103CBC004FF0010C03EBCC0E0CF101055FFA8CF408
:103CCC007146AA420EF1140E01F10C0103C98EE8E3
:103CDC00030047D9A61C03EBCC05F6B21C359EE8B5
:103CEC000300B24285E803003CD9E61C03EBCC0E82
:103CFC00F6B20EF1240EB2428EE8030032D9261D24
:103D0C0003EBCC05F6B22C35B24285E8030029D979
:103D1C00661D03EBCC0EF6B20EF1340EB2428EE8F9
:103D2C0003001FD9A61D03EBCC05F6B23C35B242FD
:103D3C0085E8030016D9E61D03EBCC0EF6B20EF1A6
:103D4C00440EB2428EE803000CD9083403EBCC05C8
:103D5C00E4B24C35A24285E8030003D903F15404C4
:103D6C0084E8030003EBCC0C8CED030ACCED047A55
:103D7C0061E703F14C0103F154044FF0080C03C943
:103D8C0084E80300EEE74FF0000C93E74FF0020CD1
:103D9C0090E74FF0030C8DE74FF0040C8AE74FF0DF
:103DAC00050C87E74FF0060C84E703F1440103F19F
:103DBC004C04082A03C984E8030008D903F154050C
:103DCC004FF0070C94E80300C5E90001CAE74FF077
:103DDC00070CC7E710B59FED246A041DF0EE460AE8
:103DEC002046B0EE460AFFF7B5FE2046B0EE060AB6
:103DFC00FFF7B0FE2046B0EE080AF7EE000AFFF718
:103E0C00A9FEF0EE460A2046B0EE0A0AFFF7A2FE23
:103E1C0020469FED160AFFF79DFE2046B2EE040ADF
:103E2C00F7EE000AFFF796FEF0EE460A20469FEDED
:103E3C00100AFFF78FFE20469FED0E0AFFF78AFE51
:103E4C002046B2EE060AF7EE000AFFF783FE204684
:103E5C009FED090AF0EE460AFFF77CFE2046B2EE13
:103E6C000E0ABDE8104075E60000000000001C4181
:103E7C000000244100002C410000344110B4B0F883
:103E8C00BC4FB4B100F64272002304E001331FFAB8
:103E9C0083FC64450DD932F802CF8C45F6D1B1EED6
:103EAC00400A00EB4312F1EE600A82ED040AC2ED07
:103EBC00080A5DF8044B704710B4B0F8BC4FACB1B5
:103ECC0000F64272002304E001331FFA83FC6445C0
:103EDC000CD932F802CF8C45F6D103F296235DF85B
:103EEC00044B50F8233093ED000A70479FED020A03
:103EFC005DF8044B704700BF0000000010B4B0F830
:103F0C00BC4FACB100F64272002304E001331FFA3F
:103F1C0083FC64450CD932F802CF8C45F6D103F200
:103F2C0086335DF8044B00EB830090ED000A70477C
:103F3C009FED020A5DF8044B704700BF00000000C3
:103F4C00B0F8BC3F73B1013B00F6582100F6542089
:103F5C009BB201EB83010430D0F8D0220368884275
:103F6C001A60F8D1704700BF2DE9F04FDFEDAB7A46
:103F7C0080462DED048B89B091F8B870DDF858A00F
:103F8C00CDED057ACDED067ACDED077A002F00F058
:103F9C00F7830E4691469B469FEDA18ADFEDA18AE1
:103FAC0000249FEDA19A06EB8405D5ED1A7AF4EE68
:103FBC00C87AF1EE10FA1DDD33191B790C2B19D8C8
:103FCC00DFE813F0980355031003CD028A02400278
:103FDC00EA0195013401C500840050000D00A96967
:103FEC005B464A4604A80D68CDF800A02D68A8478A
:103FFC0096F8B870394601348C42D4DBDDED057A85
:10400C009FED887AF4EEC77AF1EE10FA40F3AD83A7
:10401C009DED067AFF27DDED077ADFED826AB4EEBF
:10402C00E67AF1EE10FA40F39983FF229FED7D7A48
:10403C00F4EEC77AF1EE10FA07DCF5EEC07AF1EE89
:10404C0010FA40F18483002300E0FF23404688F8F7
:10405C00007088F8012088F8023009B0BDEC048BA0
:10406C00BDE8F08FA9695B464A4604A80F68CDF8F5
:10407C0000A03F68B8479DF810309DF81120802BA8
:10408C009DF81210B4D9802AB2D98029B0D906EE85
:10409C00901A07EE903A07EE102A95ED1A6AF8EE90
:1040AC00677A96F8B840B8EE477AF8EE666A274613
:1040BC0067EE867A214627EE067A66EE866ACDEDA5
:1040CC00057A8DED067ACDED076A94E7A9695B4612
:1040DC004A4604A80F68CDF800A03F68B847F7EE31
:1040EC00007A95ED1A6ADDED055A77EEC67ADDEDAC
:1040FC00066A9DED077A9DF8103067EEA66A96F871
:10410C00B87027EE877A67EEA57A05EE903A9DF89F
:10411C0011303946F8EE655AE5EE867A05EE903A9E
:10412C009DF81230F8EE655ACDED057AF0EE667A10
:10413C0006EE903AE5EE867AF8EE666ACDED067AF2
:10414C00F0EE477AE6EE867ACDED077A53E7A96969
:10415C005B464A4604A80F68CDF800A03F68B847F4
:10416C00F7EE007AD5ED1A6AB0EE004A9DED055ACD
:10417C00F0EE681A77EEE67ADDED065A9DED076AE9
:10418C0025EE052A9DF8103065EEA52A65EEA73AB6
:10419C0096F8B87066EE274A25EE277A07EE903A25
:1041AC009DF8113026EE063AF8EEE77A3946E7EE3E
:1041BC00C41A67EE857A77EEA77AE1EE827AA7EEDB
:1041CC00A67A07EE903A9DF81230F8EEE77A8DED6C
:1041DC00057AB0EE687AA7EEC47A67EEA57A77EE28
:1041EC00A77AE7EE227AB0EE637AA7EEA67A07EE0C
:1041FC00903AF8EEE77A8DED067AB0EE687AA7EE93
:10420C00C47A67EE867A77EEA77AE7EE037AB0EE99
:10421C00647AA7EEA67A8DED077AECE60000000032
:10422C00CDCCCC3C00007F4300000043A9695B4629
:10423C004A4604A80F68CDF800A03F68B847DDEDEA
:10424C00057A9DF81010F4EEC97A9DF8112007EE4E
:10425C00101A9DF81230F1EE10FAB8EEC77A00F190
:10426C00988278EEE76A38EEC77AB0EE685A76EE46
:10427C00A66AA6EEC75ADDED066A07EE102AF4EE22
:10428C00C96AB8EEC77AF1EE10FA40F1928236EEB6
:10429C00A64A24EE074A9DED077A06EE103AB4EED4
:1042AC00C97AB8EEC66AF1EE10FA40F1778277EE71
:1042BC00074A64EE864AB7EE006AD5ED1A5A96F8AC
:1042CC00B87036EE656A394666EE866A27EE067A6F
:1042DC0067EE867AE5EE846AA5EEA47AE5EE857A39
:1042EC00CDED066A8DED077ACDED057A83E6A969E9
:1042FC005B464A4604A80F68CDF800A03F68B84753
:10430C00B7EE006AD5ED1A5AB0EE684ADDED056AD3
:10431C0036EE656A9DED067ADDED077A78EEE63AC3
:10432C009DF8103078EEC74A38EEE75A96F8B87018
:10433C0027EE067A67EE867A394666EE866A06EED0
:10434C00103A9DF81130B8EEC66A38EEC66AA3EE84
:10435C00C64AB0EE686AE4EE256ACDED056A06EE53
:10436C00903A9DF81230F8EEE66A78EEE66AA4EE22
:10437C00E66AF0EE686AA6EE257A8DED067A07EE0F
:10438C00103AB8EEC77A38EEC77AE5EE476AE6EE31
:10439C00A57ACDED077A2EE6A9695B464A4604A8B4
:1043AC000F68CDF800A03F68B8479DF810309DED20
:1043BC00054AF7EE007A07EE103AD5ED1A6ADDEDF4
:1043CC00064AB8EE477ADDED075A77EEE67A9DF8A5
:1043DC001130B4EE447A27EEA45A27EEA56AF1EE1A
:1043EC0010FA67EE847A48BFB0EE447AE6EE877A2C
:1043FC00B0EE457ACDED057A07EE903A9DF8123085
:10440C00F8EE677AF4EE647AF1EE10FA48BFF0EE4B
:10441C00647AA6EEA77A07EE903AF8EE677AF4EE95
:10442C00657A8DED067AF1EE10FA48BFF0EE657AFA
:10443C00B0EE467A96F8B8703946A6EEA77A8DEDAE
:10444C00077AD8E5A9695B464A4604A80F68CDF8F7
:10445C0000A03F68B8479DF81030F7EE007A9DED4C
:10446C00054A07EE103AD5ED1A6ADDED064AB8EEAC
:10447C00477ADDED075A77EEE67A9DF81130B4EE07
:10448C00447A27EEA45A27EEA56AF1EE10FA67EEED
:10449C00847A34FE077AE6EE877AB0EE457ACDED73
:1044AC00057A07EE903A9DF81230F8EE677AF4EE42
:1044BC00647AF1EE10FA74FEA77AA6EEA77A07EEEC
:1044CC00903AF8EE677AF4EE657A8DED067AF1EEB5
:1044DC0010FA75FEA77AABE7A9695B464A4604A8B1
:1044EC000F68CDF800A03F68B8479DF810309DEDDF
:1044FC00054AF7EE007A05EE903A95ED1A7A9DF89A
:10450C001130F8EEE55ADDED064A77EEC77A9DEDEF
:10451C00075A96F8B870C4EE253A394624EE276A45
:10452C0067EEA46A67EE857AA3EE876A8DED056A5D
:10453C0006EE103A9DF81230B8EEC66AC4EE865AF2
:10454C00E7EE256ACDED066A06EE903AF8EEE66ADD
:10455C0085EE266AE7EE067ACDED077A4BE5A9697A
:10456C005B464A4604A80F68CDF800A03F68B847E0
:10457C009DF81030F7EE007AD5ED1A6A07EE103A76
:10458C009DED054A9DF8113077EEE67ADDED064A91
:10459C00B8EEC77A9DED075A96F8B87064EE275AB4
:1045AC0027EE047A394627EEA46A67EE857AE7EEA1
:1045BC00265A07EE103A9DF81230B8EEC77A27EE5D
:1045CC00247ACDED055AA6EE876A07EE103AB8EEBE
:1045DC00C77A27EE057A8DED066AE6EE877ACDED81
:1045EC00077A08E5A9695B464A4604A80F68CDF826
:1045FC0000A03F68B8479DF81030F7EE007AD5ED73
:10460C001A6A04EE103ADDED055A9DF8113077EE7A
:10461C00E67A9DED066AB8EEC44A9DED077A96F8E7
:10462C00B87065EEA74A75EEC45A394627EE865A1D
:10463C0067EE877AE5EEA64A05EE903A9DF81230C1
:10464C00F8EEE55A36EE656AF0EE455ACDED054AC0
:10465C00E6EE865A06EE103AB8EEC66A37EE467AA1
:10466C00CDED065AE6EE877ACDED077AC3E4A9695B
:10467C005B464A4604A80F68CDF800A03F68B847CF
:10468C009DF81030F7EE007AD5ED1A6A07EE103A65
:10469C009DED054A9DF8113077EEE67ADDED064A80
:1046AC00B8EEC77A9DED075A96F8B87064EE275AA3
:1046BC0037EE047A394627EEA46A67EE857AE7EE80
:1046CC00265A07EE103A9DF81230B8EEC77A37EE3C
:1046DC00247ACDED055AA6EE876A07EE103AB8EEAD
:1046EC00C77A37EE057A8DED066AE6EE877ACDED60
:1046FC00077A80E4A9695B464A4604A80F68CDF89E
:10470C0000A03F68B8479DF8103095ED1A7A07EE77
:10471C00903A9DF8113096F8B870F8EE677A3946F1
:10472C0067EE877ACDED057A07EE903A9DF8123058
:10473C00F8EE677A67EE877ACDED067A07EE903A57
:10474C00F8EE677A67EE877ACDED077A53E4FCEEE4
:10475C00E77ACDED037A9DF80C3077E4B5EEC07AAC
:10476C00F1EE10FA0ED5002260E4F5EEC07AF1EE0F
:10477C0010FA29D59DED067A0027DDED077A4CE479
:10478C00B0EE677ABCEEC77A8DED037A9DF80C20FB
:10479C004CE437EEA75A25EE075A6CE578EEC75A6B
:1047AC0038EEC66AF0EE684A75EEA55AE5EEC64AD2
:1047BC0081E538EEE66A38EEC77AB0EE684A36EE36
:1047CC00066AA6EE474A66E5FCEEE77A9DED067AA8
:1047DC00CDED037ADDED077A9DF80C701DE400BF7A
:1047EC0030B583B0044601F24C51069D0095FFF79D
:1047FC00BBFB204603B030BD10B4B0F84445B4B197
:10480C0000F21A52002304E001331FFA83FC6445C2
:10481C000DD932F802CF8C45F6D1B1EE400A00EB3F
:10482C004312F1EE600A82ED040AC2ED080A5DF84B
:10483C00044B704710B4B0F84445A4B100F21A52BE
:10484C00002304E001331FFA83FC64450BD932F8D2
:10485C0002CF8C45F6D1DE335DF8044B50F8233093
:10486C0093ED000A70479FED020A5DF8044B704708
:10487C000000000010B4B0F84445ACB100F21A527C
:10488C00002304E001331FFA83FC64450CD932F891
:10489C0002CF8C45F6D103F597735DF8044B00EB12
:1048AC00830090ED000A70479FED020A5DF8044BFF
:1048BC00704700BF0000000010B5B0F844457CB153
:1048CC0000F21A5C002304E001331FFA83FE7445E6
:1048DC0006D93CF802EF8E45F6D1184480F808252D
:1048EC0010BD00BFB0F8443573B1013B00F55E71EB
:1048FC0000F55D709BB201EB83010430D0F8F02021
:10490C00036888421A60F8D1704700BF054B08460F
:10491C0011461B7803F0FF020BB10EF077BB10466B
:10492C00704700BF7047012000F5804143F6C67305
:10493C002DE9F047B1F8404003443B2C12D8002C31
:10494C0001F01184651E43F6C8761A46ADB20644D2
:10495C0006EB450602E0B24201F0058432F8025F34
:10496C00132DF8D11E461A464FF0000C06E00CF140
:10497C00010C1FFA8CF5AC4240F2A88332F8025FAE
:10498C00132DF4D100F540524AF2242E3B2C9444C2
:10499C004FF0030286448CF88C2F40F29D83B1F8C3
:1049AC004040002C01F065841E461A464FF0000C66
:1049BC0006E00CF1010C1FFA8CF5AC4240F274834A
:1049CC0032F8025F012DF4D100F540523B2C944497
:1049DC004FF000028CF88C2F40F26983B1F84050F4
:1049EC00002D01F01B841E461A464FF0000C06E009
:1049FC000CF1010C1FFA8CF4A54240F2C48332F87E
:104A0C00024F172CF4D100F540523B2D94444FF03B
:104A1C0000028CF88C2F40F2B983B1F84060002E64
:104A2C0001F001841D461A464FF0000C06E00CF113
:104A3C00010C1FFA8CF4A64240F2818332F8024F2B
:104A4C00002CF4D100F540523B2E94448CF88C4F42
:104A5C0040F27883B1F84050002D01F004841E46DA
:104A6C001A464FF0000C06E00CF1010C1FFA8CF406
:104A7C00A54240F2E28332F8024F052CF4D100F546
:104A8C0040523B2D94444FF003028CF88C2F40F293
:104A9C00D783B1F84060002E01F0DA831D461A4628
:104AAC004FF0000C06E00CF1010C1FFA8CF4A6423E
:104ABC0040F29F8332F8024F0F2CF4D100F5405294
:104ACC003B2E94444FF000028CF88C2F40F29483D0
:104ADC00B1F84050002D01F0C1831E461A464FF02C
:104AEC00000C06E00CF1010C1FFA8CF4A54240F20C
:104AFC005C8332F8024F182CF4D100F540523B2D58
:104B0C0094444FF000028CF88C2F40F25183B1F892
:104B1C004060002E01F07C831D461A464FF0000CBD
:104B2C0006E00CF1010C1FFA8CF4A64240F24F8304
:104B3C0032F8024F0A2CF4D100F540523B2E94442B
:104B4C004FF000028CF88C2F40F24483B1F84050A7
:104B5C00002D01F06D831E461A464FF0000C06E046
:104B6C000CF1010C1FFA8CF4AC4280F0548332F837
:104B7C00024F082CF4D100F540523B2D94444FF0D9
:104B8C0003028CF88C2F40F24983B1F84060002E60
:104B9C0001F059831D461A464FF0000C06E00CF14B
:104BAC00010C1FFA8CF4B44280F0DB8232F8024F15
:104BBC00162CF4D100F540523B2E94444FF00302D6
:104BCC008CF88C2F40F2D082B1F84050002D01F0BF
:104BDC000E831E461A464FF0000C06E00CF1010C39
:104BEC001FFA8CF4A54240F2868232F8024F112C47
:104BFC00F4D100F540523B2D94444FF003028CF855
:104C0C008C2F40F27B82B1F84060002E01F01683AD
:104C1C001D461A464FF0000C06E00CF1010C1FFA71
:104C2C008CF4B44280F0798232F8024F1B2CF4D110
:104C3C0000F540523B2E94444FF000028CF88C2F20
:104C4C0040F26E82B1F84070002F01F0D5821E4602
:104C5C001A46002404E00134A5B2AF4240F260834E
:104C6C0032F8025F1A2DF6D100F540523B2F144456
:104C7C004FF0030284F88C2F41F21083B1F840C03E
:104C8C001E461A46002404E00134A5B2AC4540F29D
:104C9C004F8432F8025F192DF6D100F540520325EE
:104CAC00BCF13B0F144484F88C5F41F25383B1F890
:104CBC0040601F461A46002404E00134A5B2AE42FF
:104CCC0040F24C8332F8025F242DF6D100F54052AD
:104CDC0003253B2E144484F88C5F41F22983B1F8F0
:104CEC0040701E461A46002404E00134A5B2BD42B1
:104CFC0080F06E8332F8025F252DF6D100F540521C
:104D0C0003253B2F144484F88C5F41F23483B1F8B3
:104D1C0040601F461A46002404E00134A5B2B54297
:104D2C0080F0398332F8025F262DF6D100F540521F
:104D3C0003253B2E144484F88C5F41F2A782B1F812
:104D4C0040701E461A46002404E00134A5B2AF425E
:104D5C0040F25B8332F8025F272DF6D100F540520A
:104D6C0003253B2F144484F88C5F41F2CA82B1F8BE
:104D7C0040601F461A46002404E00134A5B2AE423E
:104D8C0040F2608332F8025F282DF6D100F54052D4
:104D9C0003253B2E144484F88C5F41F2AA82B1F8AF
:104DAC0040701E461A46002404E00134A5B2BD42F0
:104DBC0080F0818332F8025F292DF6D100F5405244
:104DCC0003253B2F144484F88C5F41F2A282B1F886
:104DDC0040601F461A46002404E00134A5B2B542D7
:104DEC0080F04C8332F8025F2A2DF6D100F5405248
:104DFC0003253B2E144484F88C5F41F29182B1F868
:104E0C0040701E461A46002404E00134A5B2BD428F
:104E1C0080F06D8332F8025F2B2DF6D100F54052F5
:104E2C0003253B2F144484F88C5F41F29C82B1F82B
:104E3C0040609C461A46002404E00134A5B2B542F9
:104E4C0080F0948332F8025F2C2DF6D100F540529D
:104E5C0003253B2E144484F88C5F00F5704494F8C1
:104E6C00EC7C41F26D82B1F840801A464FF0000C98
:104E7C0005E00CF1010C1FFA8CF5454509D232F80E
:104E8C00025FBD42F5D100F54052944403228CF8E8
:104E9C008C2F00F5005595F8FD25012A09D841F60F
:104EAC00CC0605EB820701327644C7F8946585F889
:104EBC00FD25012241F69C17B8F13B0F774480F891
:104ECC00A92240F2CC81B1F84060002E01F09A8109
:104EDC001F461A464FF0000C06E00CF1010C1FFAAD
:104EEC008CF5AE4240F26B8332F8025F642DF4D144
:104EFC0000F540523B2E94444FF002028CF88C2F5C
:104F0C0041F2D181B1F840701E461A464FF0000CA8
:104F1C0006E00CF1010C1FFA8CF5AF4240F2E48173
:104F2C0032F8025F692DF4D100F5405202253B2F77
:104F3C0094448CF88C5F41F2BB81B1F840601F4601
:104F4C001A464FF0000C06E00CF1010C1FFA8CF520
:104F5C00AE4240F2528332F8025F662DF4D100F576
:104F6C00405202253B2E94448CF88C5F41F2A88170
:104F7C00B1F840701E461A464FF0000C06E00CF1DA
:104F8C00010C1FFA8CF5BD4280F0538332F8025F9E
:104F9C00672DF4D100F5405202253B2F94448CF838
:104FAC008C5F41F29D81B1F840601F461A464FF06C
:104FBC00000C06E00CF1010C1FFA8CF5AE4240F22D
:104FCC00558332F8025F682DF4D100F5405202256A
:104FDC003B2E94448CF88C5F41F2D581B1F8407033
:104FEC001E461A464FF0000C06E00CF1010C1FFA9D
:104FFC008CF5AF4240F2568332F8025F6A2DF4D141
:10500C0000F5405202253B2F94448CF88C5F41F202
:10501C003581B1F84050002203E0013291B2A9422F
:10502C0009D233F8021F6B29F7D100F54053022146
:10503C00134483F88C1F94F8FD3A3BB94CF6D853C3
:10504C000122034484F8FD2AC4F8983A94F8753B7D
:10505C003BB94CF6E8530122034484F8752BC4F891
:10506C00103B94F8ED3B3BB94CF6F853012203444A
:10507C0084F8ED2BC4F8883B94F8653C3BB94CF6AE
:10508C0008630122034484F8652CC4F8003C94F8AE
:10509C00DD3C3BB94CF618630122034484F8DD2C4B
:1050AC00C4F8783CBDE8F0873C2C3FF497AC41F653
:1050BC001C1C0022F44402E0BC4241F2278036F86A
:1050CC00025F0132172D97B2F6D187E44AF2242EF3
:1050DC003C2C86443FF463AC4BF6E01C0022844429
:1050EC0002E0BC4240F2428436F8025F0132012DEC
:1050FC0097B2F6D153E43C2D3FF485AD41F65C1CE0
:10510C000022F44402E0BD4240F2048636F8024F1D
:10511C0001321B2C97B2F6D175E53C2E3FF492ADC3
:10512C0041F64C1C0022F44402E0B74280F00D859D
:10513C0035F8024F01321A2C97B2F6D182E53C2E8B
:10514C003FF488AC41F2FC7C0022F44402E0BE4205
:10515C0040F2938435F8024F0132052C97B2F6D108
:10516C0078E43C2E3FF430AD41F6BC0C0022F44404
:10517C0002E0B74280F0168535F8024F0132112C4F
:10518C0097B2F6D120E53C2D3FF447AC41F2AC7C14
:10519C000022F44402E0BD4240F2A884013236F809
:1051AC00024F97B2002CF6D137E43C2D3FF4AFAC54
:1051BC0041F64C0C0022F44402E0BD4240F21F8543
:1051CC0036F8024F01320A2C97B2F6D19FE43C2EEE
:1051DC003FF4BCAC41F62C0C0022F44402E0BE427D
:1051EC0040F2778235F8024F0132082C97B2F6D193
:1051FC00ACE43C2E3FF46CAC41F62C1C0022F44485
:10520C0002E0BE4240F2DF8335F8024F0132182C27
:10521C0097B2F6D15CE43C2D3FF4B7AC41F60C1CD4
:10522C000022F44402E0AF4280F0FA8336F8024FD9
:10523C000132162C97B2F6D1A7E43C2D3FF429ACE1
:10524C0041F69C0C0022F44402E0BD4240F2618322
:10525C0036F8024F01320F2C97B2F6D119E4B8F19F
:10526C00000F00F0BF8708F1FF3243F6C87692B208
:10527C00064406EB42061A4632F8025F642D3FF4F0
:10528C0022AE9642F8D108F10106B6B200EB8805C1
:10529C0000F5405208EB480CF7EE007A05F5405546
:1052AC0002EB480802EB8C024FF0000C05F6AC5AEE
:1052BC004FF07C5902F60C02CAF800C005F69C6A45
:1052CC00CAED007AC5F8DC7A05F6CC3705F6BC4594
:1052DC00C7F800C0C5F800C06425A8F8C85FC2F8BC
:1052EC000090A1F84060F3E541F68C183C2FF04497
:1052FC000BD0002202E0674540F2D78636F8025FF9
:10530C000132662D1FFA82FCF5D1B1F84060002EF7
:10531C007FF415AE00F53C48012700F540526AE2D7
:10532C0041F63C183C2FF0440AD0002202E0AF4278
:10533C0040F28E8636F8024F0132192C95B2F6D116
:10534C00B1F840C0BCF1000F7FF49AAC41F6EC17F9
:10535C00012600F54052774400F0B4BC41F6FC1C29
:10536C003C2EF4440AD0002202E0B54280F0BC8509
:10537C0037F8024F0132252C95B2F6D1B1F84070B6
:10538C00002F7FF4AEAC41F60C2C012600F54052F8
:10539C00F44400F0DABD41F61C2C3C2EF4440AD047
:1053AC00002202E0B54280F0F98537F8024F013255
:1053BC00272C95B2F6D1B1F84070002F7FF4C1AC18
:1053CC0041F62C2C012600F54052F44400F017BE97
:1053DC0041F60C2C3C2FF4440AD0002202E0AF42E0
:1053EC0040F2AF8536F8024F0132262C95B2F6D139
:1053FC00B1F84060002E7FF48CAC41F61C2C0127D8
:10540C0000F54052F44400F0CDBD41F62C2C3C2F5D
:10541C00F4440AD0002202E0BD4280F0EC8536F85C
:10542C00024F0132282C95B2F6D1B1F84060002E13
:10543C007FF49FAC41F63C2C012700F54052F4441C
:10544C0000F099BC41F63C2C3C2EF4440AD00022CE
:10545C0002E0AE4240F28B8437F8024F0132292C25
:10546C0095B2F6D1B1F84070002F7FF49AAC00F5EC
:10547C003A4C012600F5405200F0AABC41F65C2CD7
:10548C003C2EF4440AD0002202E0B54280F0C984DC
:10549C0037F8024F01322B2C95B2F6D1B1F840708F
:1054AC00002F7FF4AEAC41F66C2C012600F5405277
:1054BC00F44400F0E7BC3C2F00F53A4C0AD0002233
:1054CC0002E0BD4280F0808436F8024F01322A2C73
:1054DC0095B2F6D1B1F84060002E7FF47AAC41F66B
:1054EC005C2C012700F54052F44400F09EBC41F6C0
:1054FC006C2C3C2FF4440AD0002202E0BD4280F018
:10550C00BD8436F8024F01322C2C95B2F6D1B1F88D
:10551C004060002E7FF48DAC4FF6F04900F57044DE
:10552C004FF0010800F54052814494F8EC7CC6E140
:10553C0041F6EC17BCF13C0F77440AD0002202E094
:10554C00AC4540F2BA8336F8024F0132242C95B2A6
:10555C00F6D1B1F84060002E7FF4ABAB41F6FC1CE9
:10556C00012700F54052F44400F0C2BC4FF6F0495C
:10557C0000F570443C2E814494F8EC7C0BD0002256
:10558C0002E0B04580F095813CF8025F0132BD42EB
:10559C001FFA82F8F5D1B1F84080B8F1000F7FF412
:1055AC0064AC00F5005595F8FD25012A40F20A86F9
:1055BC00012641F69C1780F8A962774466E641F60D
:1055CC006C183C2EF0440BD0002202E0664540F2F1
:1055DC003F8137F8025F0132692D1FFA82FCF5D149
:1055EC00B1F84070002F7FF48FAC41F68C18012677
:1055FC0000F54052F04400F05CBD3C2E00F53C48F8
:10560C000BD0002202E0664540F2F18037F8025FD1
:10561C000132672D1FFA82FCF5D1B1F84070002FD2
:10562C007FF4A8AC41F67C18012600F54052F044FA
:10563C00B0E041F67C183C2FF0440BD0002202E085
:10564C00BC4580F0A38036F8025F0132682D1FFA4A
:10565C0082FCF5D1B1F84060002E7FF4A6AC41F687
:10566C00BC18012700F54052F04463E041F6BC1829
:10567C003C2EF0440AD0002201E0664556D937F89A
:10568C00025F01326A2D1FFA82FCF6D1B1F840702C
:10569C00002F7FF4A5AC41F6CC18012500F5405243
:1056AC00F044DDE241F6CC183C2FF0440BD0002244
:1056BC0002E0674540F2D08236F8025F01326B2D72
:1056CC001FFA82FCF5D1B1F84050002D7FF4A3AC49
:1056DC00B1E4751CADB200EB860400F5405206EB4C
:1056EC0046074FF07E5904F5405402EB460602EB98
:1056FC008702002704F6AC5802F60C02C8F80070BA
:10570C0004F69C68C8F80090C4F8DCCA04F6CC3CDB
:10571C0004F6BC44CCF8007027600824A6F8C84FE7
:10572C00EC4C1460A1F84050FFF715BA771C00F54B
:10573C004052BFB200EB8605F7EE007A06EB460C42
:10574C004FF07C5905F5405502EB460602EB8C02F6
:10575C004FF0000C05F6AC5A02F60C02CAF800C069
:10576C0005F69C6ACAED007AC5F8DC8A05F6CC38D9
:10577C0005F6BC45C8F800C0C5F800C06A25A6F8F7
:10578C00C85FC2F80090A1F8407029E47E1C00F5B7
:10579C004052B6B200EB8705F7EE007A07EB470CE8
:1057AC004FF07C5905F5405502EB470702EB8C0294
:1057BC004FF0000C05F6AC5A02F60C02CAF800C009
:1057CC0005F69C6ACAED007AC5F8DC8A05F6CC3879
:1057DC0005F6BC45C8F800C0C5F800C06825A7F898
:1057EC00C85FC2F80090A1F84060FFF7DEBB771CE1
:1057FC0000F54052BFB200EB8605F7EE007A06EBDF
:10580C00460C4FF07C5905F5405502EB460602EB71
:10581C008C024FF0000C05F6AC5A02F60C02CAF8DA
:10582C0000C005F69C6ACAED007AC5F8DC8A05F65C
:10583C00CC3805F6BC45C8F800C0C5F800C06725D3
:10584C00A6F8C85FC2F80090A1F84070FFF792BBB1
:10585C00771CBFB200EB860500F5405206EB460CF8
:10586C00F7EE007A05F5405502EB460602EB8C028A
:10587C004FF0000C05F6AC5A4FF07C5902F60C02B6
:10588C00CAF800C005F69C6ACAED007AC5F8DC8A35
:10589C0005F6CC3805F6BC45C8F800C0C5F800C004
:1058AC006925A6F8C85FC2F80090A1F84070FFF710
:1058BC002BBB06F1010800F540521FFA88F800EBEB
:1058CC008605F7EE007A06EB460C05F5405502EB23
:1058DC00460602EB8C024FF0000C05F6AC5A02F6B1
:1058EC000C02CAF800C005F69C6ACAED007AC5F82D
:1058FC00DC9A05F6CC3905F6BC45C9F800C0C5F8EC
:10590C0000C0754DA6F8C87F1560A1F84080FFF760
:10591C00ACBA6E1CB6B200EB850400F5405205EB38
:10592C0045074FF07E5904F5405402EB450502EB58
:10593C008702002704F6AC5802F60C02C8F8007077
:10594C0004F69C68C8F80090C4F8DCCA04F6CC3C99
:10595C0004F6BC44CCF8007027600F24A5F8C84F9F
:10596C005E4C1460A1F84060FFF798B800EB84051A
:10597C004FF07E59002700F5405205F5405504EBD9
:10598C00440605F6AC5802EB860602EB44020134E1
:10599C00C8F8009005F69C6806F60C06A4B2C8F888
:1059AC000070C5F8DCCA05F6CC3C05F6BC45CCF855
:1059BC0000702F600125A2F8C85F494A3260A1F837
:1059CC004040FEF7F1BF751CADB200EB860400F54C
:1059DC00405206EB46074FF07E5904F5405402EB5B
:1059EC00460602EB8702002704F6AC5802F60C02BE
:1059FC00C8F8007004F69C68C8F80090C4F8DCCABB
:105A0C0004F6CC3C04F6BC44CCF800702760182497
:105A1C00A6F8C84F334C1460A1F84050FFF75DB89E
:105A2C006E1CB6B200EB850400F5405205EB450741
:105A3C004FF07E5804F5405402EB450502EB87020B
:105A4C00002704F6AC5902F60C02C9F8007004F6F3
:105A5C009C69C9F80080C4F8DCCA04F6CC3C04F696
:105A6C00BC44CCF8007027601624A5F8C84FC2F8C7
:105A7C000080A1F84060FFF78DB8751CADB200EB4B
:105A8C00860400F5405206EB46074FF07E5904F5AC
:105A9C00405402EB460602EB8702002704F6AC5892
:105AAC0002F60C02C8F8007004F69C68C8F8009066
:105ABC00C4F8DCCA04F6CC3C04F6BC44CCF8007048
:105ACC0027600524A6F8C84F074C1460A1F8405075
:105ADC00FEF7C5BF0AD7A33C610B363CA10E6A3C4E
:105AEC00CDCCCC3DCDCC4C3C8988883C6E1CB6B220
:105AFC0000F5405200EB850405EB450705F5F46510
:105B0C0004F540544FF07E5902EB870704F6AC586D
:105B1C0002EB450507F60C020027C8F8007004F6E6
:105B2C009C68C8F80090C4F8DCCA04F6CC3C04F6B7
:105B3C00BC44CCF8007027600024A5F88840E64CE3
:105B4C001460A1F84060FEF76DBF771CBFB200EB8C
:105B5C00860400F5405206EB46054FF07E5904F5DD
:105B6C00405402EB460602EB8502002504F6AC58C5
:105B7C0002F60C02C8F8005004F69C68C8F80090B5
:105B8C00C4F8DCCA04F6CC3C04F6BC44CCF8005097
:105B9C0025601A24A6F8C84FD04C1460A1F84070A8
:105BAC00FFF755B8751CADB200EB860400F54052FA
:105BBC0006EB46074FF07E5904F5405402EB4606BF
:105BCC0002EB8702002704F6AC5802F60C02C8F868
:105BDC00007004F69C68C8F80090C4F8DCCA04F69F
:105BEC00CC3C04F6BC44CCF8007027601124A6F819
:105BFC00C84FBB4C1460A1F84050FEF7EABF6E1CB6
:105C0C00B6B200EB850400F5405205EB45074FF0AA
:105C1C007E5904F5405402EB450502EB8702002740
:105C2C0004F6AC5802F60C02C8F8007004F69C6836
:105C3C00C8F80090C4F8DCCA04F6CC3C04F6BC44AA
:105C4C00CCF8007027600A24A5F8C84FA34C146048
:105C5C00A1F84060FEF760BF7D1C00F54052ADB26C
:105C6C0000EB87064FF07E5A07EB470C4FF07C5E3B
:105C7C0006F5405602EB470702EB8C024FF0000C86
:105C8C0006F6AC5902F60C02C9F800C006F69C697F
:105C9C00C9F800A0C6F8DC8A06F6CC3806F6BC4675
:105CAC00C8F800C0C6F800C06B26A7F8C86FC2F8C9
:105CBC0000E0A1F84050FFF7AEB90CF1010600F579
:105CCC004052B6B200EB8C044FF07E590CEB4C05F5
:105CDC0004F5405402EB4C0C02EB8502002504F653
:105CEC00AC5802F60C02C8F8005004F69C68C8F8D0
:105CFC000090C4F8DC7A04F6CC3704F6BC443D6062
:105D0C0025602424ACF8C84F744C1460A1F8406092
:105D1C00FEF7CFBF6E1CB6B200EB850400F5405207
:105D2C0005EB45074FF07E5904F5405402EB450551
:105D3C0002EB8702002704F6AC5802F60C02C8F8F6
:105D4C00007004F69C68C8F80090C4F8DCCA04F62D
:105D5C00CC3C04F6BC44CCF8007027601B24A5F89E
:105D6C00C84F5E4C1460A1F84060FEF751BF771C21
:105D7C0000F54052BFB200EB86044FF07E5906EBA3
:105D8C00460504F5405402EB460602EB850200255D
:105D9C0004F6AC5802F60C02C8F8005004F69C68E5
:105DAC00C8F80090C4F8DCCA04F6CC3C04F6BC4439
:105DBC00CCF8005025602924A6F8C84F494C146033
:105DCC00A1F84070FEF7EDBF7E1C00F54052B6B254
:105DDC0000EB87044FF07E5907EB470504F5405460
:105DEC0002EB470702EB8502002504F6AC5802F6DD
:105DFC000C02C8F8005004F69C68C8F80090C4F86F
:105E0C00DCCA04F6CC3C04F6BC44CCF8005025604B
:105E1C002A24A7F8C84F334C1460A1F84060FEF751
:105E2C00D8BF771C00F54052BFB200EB86044FF090
:105E3C007E5906EB460504F5405402EB460602EB90
:105E4C008502002504F6AC5802F60C02C8F8005086
:105E5C0004F69C68C8F80090C4F8DCCA04F6CC3C84
:105E6C0004F6BC44CCF8005025602B24A6F8C84F8F
:105E7C001A4C1460A1F84070FEF7C3BF7E1C00F5ED
:105E8C004052B6B200EB87044FF07E5907EB470542
:105E9C0004F5405402EB470702EB8502002504F69B
:105EAC00AC5802F60C02C8F8005004F69C68C8F80E
:105EBC000090C4F8DCCA04F6CC3C04F6BC44CCF824
:105ECC00005025602C24A7F8C84F044C1460A1F88E
:105EDC004060FEF7AEBF00BFCDCCCC3D610B363C75
:105EEC008988083DCDCC4C3D771C00F54052BFB2A3
:105EFC0000EB86044FF07E5906EB460504F5405442
:105F0C0002EB460602EB8502002504F6AC5802F6BD
:105F1C000C02C8F8005004F69C68C8F80090C4F84D
:105F2C00DCCA04F6CC3C04F6BC44CCF8005025602A
:105F3C002524A6F8C84FE64C1460A1F84070FEF773
:105F4C00D0BE7E1C00F54052B6B200EB87044FF079
:105F5C007E5907EB470504F5405402EB470702EB6B
:105F6C008502002504F6AC5802F60C02C8F8005065
:105F7C0004F69C68C8F80090C4F8DCCA04F6CC3C63
:105F8C0004F6BC44CCF8005025602624A7F8C84F72
:105F9C00CF4C1460A1F84060FEF7BBBE771C00F537
:105FAC004052BFB200EB86044FF07E5906EB46051B
:105FBC0004F5405402EB460602EB8502002504F67C
:105FCC00AC5802F60C02C8F8005004F69C68C8F8ED
:105FDC000090C4F8DCCA04F6CC3C04F6BC44CCF803
:105FEC00005025602724A6F8C84FBA4C1460A1F8BD
:105FFC004070FEF7A6BE7E1C00F54052B6B200EB18
:10600C0087044FF07E5907EB470504F5405402EB2B
:10601C00470702EB8502002504F6AC5802F60C0289
:10602C00C8F8005004F69C68C8F80090C4F8DCCAA4
:10603C0004F6CC3C04F6BC44CCF800502560282473
:10604C00A7F8C84FA34C1460A1F84060FEF791BEAE
:10605C0007F1010C1FFA8CFC00EB870400F5405291
:10606C0007EB47054FF07E5904F5405402EB470708
:10607C0002EB8502002504F6AC5602F60C023560E4
:10608C0004F69C66C6F8009004F6CC36C4F8DC8A9C
:10609C0004F6BC44356025601924A7F8C84F8E4C13
:1060AC001460A1F840C0FEF7EBBD7E1C00F5405219
:1060BC00B6B200EB8705F7EE007A07EB470C4FF012
:1060CC007C5905F5405502EB470702EB8C024FF06B
:1060DC00000C05F6AC5A02F60C02CAF800C005F624
:1060EC009C6ACAED007AC5F8DC8A05F6CC3805F650
:1060FC00BC45C8F800C0C5F800C06625A7F8C85F45
:10610C00C2F80090A1F84060FEF719BF651CADB253
:10611C0000EB840600F5405204EB44074FF07E5927
:10612C0006F5405602EB440402EB8702002706F604
:10613C00AC5802F60C02C8F8007006F69C68C8F859
:10614C000090C6F8DCCA06F6CC3C06F6BC46CCF889
:10615C00007037601726A4F8C86F604C1460A1F863
:10616C004050FEF740BC00EB840500274FF07E5EEC
:10617C0000F5405205F5405504EB440605F6AC5CC1
:10618C0002EB860602EB44020134CCF8007005F6F3
:10619C009C6C06F60C06A4B2CCF800E000F53B4C67
:1061AC00C5F8DCCA05F6CC3C05F6BC45CCF800704D
:1061BC002F601325A2F8C85F454A3260A1F8404011
:1061CC00FEF7D0BB41F6CC0605EB820701327644D4
:1061DC00C7F8946541F69C1785F8FD250122774494
:1061EC0080F8A92201264FF00008FFF74FB841F6BE
:1061FC005C1C0126F4448FE541F63C184FF0010C71
:10620C00F04429E741F66C180127F044FFF722BB54
:10621C0041F62C0C0125F444FFF75DBA41F2AC7C3D
:10622C000126F44464E441F2FC7C0125F44426E4A8
:10623C0041F60C1C0126F444FFF7F4BB41F64C1C50
:10624C000127F44483E441F6BC0C0125F444ABE48F
:10625C0041F62C1C0125F444FFF7B7BB41F64C0C5E
:10626C000126F444CDE441F69C0C0126F444FFF7DE
:10627C0052BB41F61C1C0125F44449E741F6CC18ED
:10628C00F044002F7FF413AA0125E9E441F61C2CFD
:10629C00F444002E7FF484A8012783E641F63C18D1
:1062AC00F044FFF742B841F66C18F044FFF78CB994
:1062BC0041F68C18F044002F7FF41BA80126F8E659
:1062CC0000F53C48002E7FF49CA90127FFF793BAF8
:1062DC00CDCCCC3C8988883C8988083DCDCCCC3D44
:1062EC0041F67C18F044002F7FF4A8A90126FFF793
:1062FC0051BA41F63C2CF444002E7FF4A8A8012797
:10630C0039E541F62C2CF444002F7FF483A80126A8
:10631C0075E600F53A4C002F7FF4D1A8012657E51D
:10632C0041F65C2CF444002E7FF4ADA801277CE5EB
:10633C0041F6FC1CF444002E7FF415A80127D7E588
:10634C004FF6F0498144002E7FF419A94FF0010853
:10635C00FFF7B5BA41F6EC177744BCF1000F7FF4A8
:10636C00EDA80126AEE441F66C2CF444002F7FF42A
:10637C00C3A8012686E541F60C2CF444002F7FF4CB
:10638C002CA80126E1E541F6BC18F044002E7FF460
:10639C0072A90127FFF7CEB910B5044622F022F8F6
:1063AC00204610BD10B5044622F01CF8204610BD46
:1063BC0010B5044622F016F8204610BD10B5044660
:1063CC0022F010F8204610BD10B5044622F00AF851
:1063DC00204610BDDFED917A2DE9F04F2DED028BAB
:1063EC0060EE278A89B007EE903A984600910446F1
:1063FC00B0EE680A0592B8EEE78A20F06DF9F0EE7F
:10640C00407AB0EE680A68EE277AFDEEE77ACDEDB9
:10641C00037A20F05DF828EE000A0099B8F1000F1D
:10642C00ADF81E10FDEEC07ACDED047A40F3C680B7
:10643C000023039ADFF8E89100929B461F461A4608
:10644C00CDED027A0193D51A002DB8BF6D429A4258
:10645C002DD000F3B5802ADA0026DFF8C8A1236816
:10646C00DB6A534540F09B8001F6FC014FF6FF734D
:10647C0004EB410189889942ADF81E100DD001360C
:10648C00B54202D113E0B5420FDD01F6FC01013635
:10649C0004EB410189889942F5D10020059B1980B4
:1064AC0009B0BDEC028BBDE8F08FADF81E100137C2
:1064BC00B84500F08380009B93FBF8FAAAEB0B061F
:1064CC00002EB8BF7642DA454CD021DC4ADA0025E2
:1064DC00DFF854B123681B6B5B4554D101F638319E
:1064EC004FF6FF7304EB410149889942ADF81E1039
:1064FC00D3D00135AE4202D134E0AE4240DD01F6DC
:10650C003831013504EB410149889942F5D1C4E792
:10651C000025DFF818B123685B6B5B4517D101F6DA
:10652C0074514FF6FF7334F811109942ADF81E10E8
:10653C00B3D00135B54202D114E0AE4220DD01F6F4
:10654C007451013534F811109942F6D1A5E70DF1CB
:10655C001E0220460135984700285BD0B542BDF895
:10656C001E10D8D1DDE900230398D346049D0244C4
:10657C000298009290FBF8F22844CDE9012062E7E2
:10658C00ADF81E10EEE70DF11E02204601359847BE
:10659C0000283FD0AE42BDF81E109BD1E2E70DF1B2
:1065AC001E02204601369847A0B3B542BDF81E1016
:1065BC007FF455AF0137B8457FF47DAF01206DE70F
:1065CC00002623689B6A4B4519D104EB41014FF619
:1065DC00FF73B1F8861D9942ADF81E103FF45DAF04
:1065EC000136AE4203D162E7AE42BFF65EAF04EBBA
:1065FC0041010136B1F8861D9942F5D14DE70DF1F7
:10660C001E0220460136984720B1AE42BDF81E103E
:10661C00D7D14CE7BDF81E1000203FE735FA8E3C71
:10662C00B1060000C9060000E506000001070000E5
:10663C002DE9F04F00F58056834696F85E3F2DED20
:10664C000E8B85B0002B40F0238100F68652DFEDD7
:10665C00A8DA9FEDA8BACDE90023019A95B2002BD8
:10666C0040F0CF809BF80830002B40F0F780DBF82F
:10667C00043003EBC203D3ED009A93ED019A4FF073
:10668C00FF37B7EE00EAB0EE6DDA0024B0EE6DCA5B
:10669C00B846F0EE6DCABA46F0EE6DBAB94649E0AE
:1066AC009BF80830002B40F0BB80DBF8043003EB88
:1066BC00C40393ED00AAD3ED01AA79EECA8A39EE90
:1066CC006A8A28EE080AA8EEA80AB5EE400AF1EE8E
:1066DC0010FA00F1D880F1EEC07AF0EEE88AF4EE10
:1066EC00CE8AF1EE10FA0CD5F4EEC9AAF1EE10FA3E
:1066FC003EDDF4EEEB7AF1EE10FA39D5F0EE67BA36
:10670C00A146B0EEC88AB4EECE8AF1EE10FA0CD5E2
:10671C00B4EEE9AAF1EE10FA38D5F4EECC7AF1EE3B
:10672C0010FA33D5B0EE67CAA046013440F23B23D1
:10673C009C423DD0A2B29542F7D096F85E3F002B1A
:10674C00AED09BF80830002B74D1DBF800305946E2
:10675C0002A89B689847DDED029AF0EE4BAA9DEDDE
:10676C00039AB0EE4BAAF0EE698AB0EE498AA8E71C
:10677C00F4EEC9AAF1EE10FAC3D5F4EEEC7AF1EE10
:10678C0010FABED5F0EE67CAA246BAE7B4EEE9AA93
:10679C00F1EE10FAC9DDF4EECD7AF1EE10FAC4D5B3
:1067AC00274640F23B230134B0EE67DA9C42C1D15C
:1067BC00B9F1FF3F02D0009BA3F80090BAF1FF3F64
:1067CC0002D0009BA3F876A4B8F1FF3F02D0009B47
:1067DC00A3F8EC88019A781C40F23B23009902F153
:1067EC000102019231D0A1F8627D9A4201F10201BD
:1067FC0000912ED0019A96F85E3F95B2002B3FF493
:10680C0031AF9BF808309BBBDBF800302A46594669
:10681C0002A89B689847DDED029A9DED039A2EE73E
:10682C00C4EB447141F2D012DBF8043002EBC1022C
:10683C0013443EE740F23A21DBF8003002A8891AF3
:10684C009B688AB25946984785E702319A42009173
:10685C00D0D105B0BDEC0E8BBDE8F08FC2EB427011
:10686C0041F2D012DBF8043002EBC002134402E711
:10687C0040F23A22DBF80030594602A8521B9B68C2
:10688C0092B29847C7E71FF007FBF0EE407A24E777
:10689C00B6F8604F00F68651002340F2392EC4EB57
:1068AC00C43622464FEA440940F23A287600B6B282
:1068BC007245A2EB090506EB020C03F1FF37D8BFBA
:1068CC000A80012DB3FBF4F004FB1030C8BFA1F813
:1068DC0076C418B1012B01DDA1F8EC78434502F127
:1068EC00010203F10103B4D0A1F8623D0231DFE7EC
:1068FC00FFFF7F7F0000000030B50B688DB00C46A9
:10690C0005461B68684698476468F7EE007A9FED69
:10691C004F7AD4ED005A94ED015A75EEE77AF0EE09
:10692C00E77AF4EEC77AF1EE10FA72D5F0EEC57A8A
:10693C00D4ED024AF4EEC77AF1EE10FA6CD494ED71
:10694C00034AD4ED057AD4ED042A25EE676A94ED5A
:10695C00063A67EEA56AD4ED073A24EE677A67EE3D
:10696C00A47AA2EEA56AE2EE856AA2EEA47AE2EE21
:10697C00847AA3EE646AE3EE046AA3EE257AE3EE6E
:10698C00457AA3EEC46AE3EEE46AA3EE857AE3EEFD
:10699C00A57A8DED086ACDED096A8DED0A7ACDEDFB
:1069AC000B7A94ED0C5A02A894ED0B6A05AADDED56
:1069BC00016A08A9D4ED0D7A9DED007A66EE856A20
:1069CC00DFED235A27EE067A67EEA57ACDED066A3F
:1069DC008DED057ACDED077A08F07EFC94ED095A21
:1069EC002846D4ED0A5A94ED086ADDED036A9DED54
:1069FC00047ADDED027A76EE856A37EE257A77EE4B
:106A0C00867AC5ED016A85ED027AC5ED007A0DB086
:106A1C0030BDD4ED024A92E7F0EEE47A94ED034AED
:106A2C00F4EEC77AF1EE10FA8BD5F0EEC47AF4EEF0
:106A3C00C77AF1EE10FA84D563692169A2690993CA
:106A4C00E36908910A920B93ABE700BF6F12833A8C
:106A5C000000000030B50B688DB00C4605465B6835
:106A6C00684698476468F7EE007A9FED4F7AD4ED4C
:106A7C00005A94ED015A75EEE77AF0EEE77AF4EEEF
:106A8C00C77AF1EE10FA72D5F0EEC57AD4ED024A5F
:106A9C00F4EEC77AF1EE10FA6CD494ED034AD4ED0F
:106AAC00057AD4ED042A25EE676A94ED063A67EE72
:106ABC00A56AD4ED073A24EE677A67EEA47AA2EEC3
:106ACC00A56AE2EE856AA2EEA47AE2EE847AA3EEDF
:106ADC00646AE3EE046AA3EE257AE3EE457AA3EE4C
:106AEC00C46AE3EEE46AA3EE857AE3EEA57A8DED53
:106AFC00086ACDED096A8DED0A7ACDED0B7A94ED2D
:106B0C000C5A02A894ED0B6A05AADDED016A08A9DE
:106B1C00D4ED0D7A9DED007A66EE856ADFED235A91
:106B2C0027EE067A67EEA57ACDED066A8DED057A2D
:106B3C00CDED077A08F0D0FB94ED095A2846D4ED38
:106B4C000A5A94ED086ADDED036A9DED047ADDEDD9
:106B5C00027A76EE856A37EE257A77EE867AC5ED7F
:106B6C00016A85ED027AC5ED007A0DB030BDD4ED29
:106B7C00024A92E7F0EEE47A94ED034AF4EEC77A17
:106B8C00F1EE10FA8BD5F0EEC47AF4EEC77AF1EE92
:106B9C0010FA84D563692169A2690993E3690891A4
:106BAC000A920B93ABE700BF6F12833A0000000010
:106BBC0008B51DF011FCBDE808401DF0F5BD00BF87
:106BCC002DE9F04F437D87B00390002B00F06682D7
:106BDC00039B1B7D002B00F08282039BAF4CDB6878
:106BEC001B68186802689269A24240F0A382076A87
:106BFC00586803689B69A34240F09982D0F820B092
:106C0C000BF124034FF0000907F12402DFF894A2E2
:106C1C0098460293A24E5B46BB464F46C146009235
:106C2C000192DBF80020B9B21269524540F056814E
:106C3C000198039C524590F8008094F810C0457858
:106C4C0018FB0CF815FB0CF5A6FB08488478A6FB82
:106C5C00050514FB0CF4C8F3C718C5F3C715A6FB40
:106C6C000404C4F3C71440F04C81019880F80080F0
:106C7C00457084701A681269524540F03981484653
:106C8C00039C524590F8008094F810C0457818FB8E
:106C9C000CF815FB0CF5A6FB08488478A6FB05053B
:106CAC0014FB0CF4C8F3C718C5F3C715A6FB0404F2
:106CBC00C4F3C71440F0F880019A013789F80080BA
:106CCC0009F10309033209F8025C09F8014C01923D
:106CDC0040F23B229742A4D15F469B46002407F228
:106CEC002F430BF22F4801930123CDF80C80049312
:106CFC0066E01FFA84F81B6940F259165345A6EB5F
:106D0C000806B6B240F05181039B93F80090039BA8
:106D1C005D7803982D028178204645EA094504F5F3
:106D2C00AD7929431CF0DEFBDBF800301B695345C1
:106D3C0040F01F81029B1B78029A557802982D0215
:106D4C008178484604F5AD6945EA034529431CF0B2
:106D5C00C9FB3B681B69534540F0F180019B1B78D4
:106D6C00019A557801982D028178484604F2C26642
:106D7C0045EA034529431CF0B5FB3B681B695345A9
:106D8C0040F0C680009B93F80090009B5D780098C3
:106D9C002D028178304645EA094529431CF0A2FBB7
:106DAC00049B013401330493009B03330093019B38
:106DBC00033B0193029B03330293039B033B03931B
:106DCC00B4F5AD7FDBF8003093D3A2B21B6904F5A8
:106DDC00AD78C2F5657653450592B6B240F0458163
:106DEC00039B93F8B196039B93F8B256039B03F263
:106DFC00B1602D028178404604F52D7845EA0945AD
:106E0C0029431CF06FFBDBF800301B69534540F045
:106E1C001381029B93F80090029B5D7802982D02DF
:106E2C008178404604F2C26845EA094529431CF0C2
:106E3C0059FB3B681B69534540F0E780019B93F875
:106E4C00B196019B93F8B256019B03F2B1602D02EF
:106E5C008178404604F61C0645EA094529431CF096
:106E6C0041FB3B681B69534540F0B880009B93F88D
:106E7C000080009B5D7800982D028178304645EAB1
:106E8C00084529431CF02EFB049B40F23B22934205
:106E9C0086D107B0BDE8F04F1DF086BCB1040000F0
:106EAC0081808080E505000001980137049309F189
:106EBC000309033001901846904740F23B2380F8B9
:106ECC0000809F424570049B84703FF405AFDBF853
:106EDC000020B9B2126952453FF4AAAE5846CDE92A
:106EEC0004139047DBF80020DDE904131269A0E6D7
:106EFC001846059104939047049B05991A681269EA
:106F0C00BEE6CDE9041358469047DDE90413ADE61F
:106F1C004146384698473B6890F800901B695345AA
:106F2C003FF433AF4146384698473B6845781B6978
:106F3C0053453FF42CAF41463846984728E7314635
:106F4C00384698473A680378126952453FF408AFBF
:106F5C0005933146384690473A6845781269059B47
:106F6C0052453FF4FFAE0593314638469047059B9A
:106F7C00F9E6414658469847DBF800200378126939
:106F8C0052453FF4D9AE0593414658469047DBF83D
:106F9C00002045781269059B52453FF4CFAE05930E
:106FAC00414658469047059BC9E631465846984796
:106FBC00DBF8003090F800901B6953453FF4A7AE06
:106FCC00314658469847DBF8003045781B695345E5
:106FDC003FF49FAE3146584698479BE60599384694
:106FEC0098473B6890F800801B6953453FF441AFCC
:106FFC000599384698473B6845781B6953453FF4DB
:10700C003AAF05993846984736E73146384698479F
:10701C003B6890F800901B6953453FF412AF314622
:10702C00384698473B6845781B6953453FF40CAF8D
:10703C003146384698470AE7059958469847DBF891
:10704C00003090F800901B6953453FF4E5AE05996C
:10705C0058469847DBF8003045781B6953453FF498
:10706C00DDAE059958469847D9E6314658469847BB
:10707C00DBF8003090F800901B6953453FF4B3AE39
:10708C00314658469847DBF8003045781B69534524
:10709C003FF4ACAE314658469847AAE64B4B012418
:1070AC001A1D447552E8001F9868DD6842E80041DB
:1070BC000029F7D1464A52681969531B4FF47A726A
:1070CC00A3FB0131039B02FB00F0914294BF4018DB
:1070DC0080189860039B1B7D002B7FF47EAD3B4B8F
:1070EC0001241A1D52E8001F9868DD6842E800412F
:1070FC000029F7D136494968491B1D69A1FB0515C3
:10710C004FF47A7101FB00F08D4294BF4019401886
:10711C00039DD5E901152944814211D8039A137DA9
:10712C00002B7FF45AAD538A1475138255E598479A
:10713C00834665E59047039B0746DB681B6857E56C
:10714C00012552E8001F9968DC6842E800500028CD
:10715C00F7D11F484068001B1C690125A0FB0404E3
:10716C004FF47A7000FB01F1844294BF091909189D
:10717C00039CA068091AA07C00FB01F16068B1FBBC
:10718C00F0F1217452E8001F9968DC6842E8005065
:10719C000028F7D10E4A52681869131B4FF47A7203
:1071AC00039CA3FB003002FB01F3A268E17CB0F569
:1071BC007A7F94BF1B1803F57A739B1A626801FBE4
:1071CC0003F3B3FBF2F3637407E500BF70470120D0
:1071DC00001000E02DE9F04F83468068B94A8DB06D
:1071EC0003681B68934240F097831DF0F5F81DF07F
:1071FC00DBFAB54E0024B5490122736A1C6199640F
:10720C00B3495A6299624FF43031D9624FF001118F
:10721C00986C186506F114001C6299651A6121F0CE
:10722C00FBF821F0F5F821F0FBF8722240F2011383
:10723C0006F1140086F8B920A6F843311CF048FE7C
:10724C00002800F04D822346726A00249F49146185
:10725C0086F86C31012391649D49536291624FF41D
:10726C003031D1624FF00111906C10651462994865
:10727C009165136121F0D0F821F0CAF821F0D0F813
:10728C00722240F20113934886F8B920A6F84331D4
:10729C001CF01EFE002800F0BE8120464FF4006258
:1072AC00002186F8740100278B4820F02BF8736AB4
:1072BC00864A1F6186499A6401225A6299624FF488
:1072CC003031D9624FF00111986C18651F628148FA
:1072DC0099651A6121F0A0F821F09AF821F0A0F834
:1072EC00782240F201137B4886F8B920A6F8433186
:1072FC001CF0EEFD0446002800F073820BF580456F
:10730C0085F83071B2680BF50053C5F8442193F839
:10731C001037362B0ED8714A190102EB0313515852
:10732C00D8684A6802434A6038219A685B681160E1
:10733C0015221A609BF8BC32362B86F8E4390FD82C
:10734C00664A190102EB03135158D8684A6822EABD
:10735C0000024A6038219A685B68116015221A6035
:10736C005F49604D4A6C4B6C486C2A4003F0030338
:10737C005D4C00F0E0005D4F02435D48134343F465
:10738C0046734B64626C636C616C2A4003F00303BC
:10739C0001F0E0010A43574913434FF4FA5243F406
:1073AC00467363640024102320F8042B40F6B73294
:1073BC00A6F8E649A6F8EC39A6F8F0491DF04AFD06
:1073CC009BF8BE324C49029386F8F2394B4B87F846
:1073DC00D04118464A4C996099624FF03F4140F8B1
:1073EC00404F5C66474C9963996103F148019C6678
:1073FC0003F5DE739BF8BD22C6F84C3AD7F8CC31B6
:10740C00362A44608B62D7F8C8314B624FF0C80300
:10741C00A6F8AC3B0FD8314B11013B4E15245858F4
:10742C0003EB02134168DD6821EA050141609968AC
:10743C005B680E601C6097F8D4814FF4FA734FF0C0
:10744C00000CDFF8D09044464FF6FF7EDFF8C8A062
:10745C005FFA8CF087F8D121A7F8D23164B3A34638
:10746C004FEA9C0300F003050AEB9C024FF0FF0867
:10747C0007EB4303B3F8E8111303490001EB0231A6
:10748C00B1EB023F08D91A880233D6B2B54208BF15
:10749C004FEA12289942F6D80130BCF10C0F09F8CA
:1074AC00018BC6B271D00CF1010C002C50D15C4692
:1074BC005FFA8CF0002CD2D1144D154A05F17E08E0
:1074CC002CE000BFB13E0000704701203B3728196B
:1074DC00B80B050584470120E8480120381D002021
:1074EC0000400C4000FCFFFF00800C40685801205D
:1074FC002038002015010100000080BF64510120DC
:10750C00000043450000484238F001004E5A01206B
:10751C0000007C60405A0120C00706001346002181
:10752C0002F5805203E093421FFA8BF105D21E88BC
:10753C0001F1010B02337645F5D125F8021FA84560
:10754C00ECD14FF001034FF0010B87F8D43187E7F2
:10755C003346C14A013EDFF81CC316449A0803F0B7
:10756C0003050CEB930007EB42020103B2F8E82190
:10757C00520002EB0032B2EB003F01F24084FF24D8
:10758C00013306F8014F0D2BE8D1B44BB7F8EE11CF
:10759C0003EB4101994240F2CC80FF241A8802335C
:1075AC00D0B2022808BF140A9942F7D1FF2C00F080
:1075BC00C0800A230221029845F6BF5287F869322F
:1075CC0087F8680287F86A3287F86B1287F86C3292
:1075DC0087F86D1287F86E1287F86F3287F8703261
:1075EC0087F8713287F8723287F8733287F8743201
:1075FC009B499C481DF02EFC002297F8BD3287F861
:10760C0075222BB9984A0123C7F8802287F8BD321E
:10761C000DB0BDE8F08FD6F8700108B120F0E2FE95
:10762C001020924F20F0D6FE522300240546037002
:10763C0020234760C360C6F870010472384620F0FE
:10764C00EBFE2B78384601275B002F7240F20115B8
:10765C0086F8B930A6F843511CF03AFC00287FF4A8
:10766C001CAE06230B9006908DF82600D6F8700100
:10767C00ADF82450ADF82230ADF81030059000284C
:10768C0001F054830DF127033A4604A900971CF02E
:10769C00A7F800283FF402AE9DF82430002B01F02F
:1076AC0090839DF82620002A01F06181012B9DF822
:1076BC0027200FD09DF82810022B41EA022209D076
:1076CC009DF82910032B41EA022203D09DF82A30A1
:1076DC0043EA0222A2F1C200B0FA80F04009DDE5D3
:1076EC00D6F8540108B120F07DFE10205F4F20F039
:1076FC0071FE39230546476003700023C6F8540118
:10770C00012403722023C360384620F085FE2B78B9
:10771C002C723846A34086F8B93040F20113A6F813
:10772C0043311CF0D5FB0546002800F04F860023A2
:10773C008AE5002401254FF0030805262146204642
:10774C0087F8D8410BF064F94146284687F8D9816F
:10775C000BF05EF93146022087F8DA610BF058F92C
:10776C004046294687F8DB510BF052F9314604208C
:10777C0087F8DC610BF04CF93046294687F8DD516F
:10778C000BF046F92946062087F8DE510BF040F93C
:10779C000721084687F8DF110BF03AF9214608203B
:1077AC0087F8E0410BF034F92146092087F8E141D4
:1077BC000BF02EF921460A2087F8E2410BF028F94C
:1077CC0021460B2087F8E3410BF022F921460C20CF
:1077DC0087F8E4410BF01CF921460E200BF018F948
:1077EC00E7E6D6F8A409B6F98229002801F0EF8162
:1077FC00D31D48BF02F10E03B6F98029DB1003FB41
:10780C0002F200211FF07EFDB6F98239B6F980191B
:10781C00202B40F38380A3F14000B1F152024FF0D2
:10782C0000084FF0010A00B248BFA1F15102002834
:10783C004FEA6202B8BF013093B2401002930022AB
:10784C000B4B1FFA80FE0299904203EB0809B4BF60
:10785C0000230123039318E0405A012000307C6080
:10786C007DFF00002C380020345B01208447012070
:10787C0090220060C00706006400E4B225060CD418
:10788C0001320131522A89B23DD0570713B2F3D1DC
:10789C0009EBE3031C7A2506F2D50DB2002DEFDBC4
:1078AC00B6F98439AB42EBDD039B002BE8D0B6F97B
:1078BC0086398342E4DD96F89239022B01F0A480DC
:1078CC00032B01F09680012B01F08880B6F980C95A
:1078DC0077460346002B02F1010201F10101B8BF0A
:1078EC000733522A89B24FEAE30313FB0C5307F018
:1078FC000705D6F8A4790AFA05F517F803C045EA86
:10790C000C05FD54C1D108F10B080EF10100B8F5BE
:10791C00307F00B293D171E098476AE4B1F1730201
:10792C004FF000084FF0010A48BFA1F17202B3F109
:10793C0020054FEA620248BFA3F11F0593B26D10F8
:10794C00029300227E4B1FFA85FE0299954203EBAF
:10795C000809B4BF00230123039308E06400E4B2D8
:10796C0023060DD401320131732A89B23ED050075F
:10797C0013B2F3D109EBE30393F8C8422306F1D514
:10798C0008B20028EEDBB6F984398342EADD039BAA
:10799C00002BE7D0B6F98639AB42E3DD96F8923985
:1079AC00022B01F00C80032B00F0FE87012B01F061
:1079BC002381B6F980C977462B46002B02F10102D0
:1079CC0001F10101B8BF0733732A89B24FEAE3030F
:1079DC0013FB0C0307F00700D6F8A4790AFA00F0A1
:1079EC0017F803C040EA0C00F854C0D108F10F0896
:1079FC000EF10105B8F5F07F2DB2A2D10223D6F815
:107A0C00A04986F8A939002C00F0C0823C232046FE
:107A1C0086F8A83920F000FD96F9AF39002B80F2DA
:107A2C00FE83D6F8D01900224648236981421A6198
:107A3C0001F2ED804449012299645A624FF43032CC
:107A4C0042499962DA62996C002219654FF0011172
:107A5C001A62012299651A613D481CF0CBFAB6F8FE
:107A6C0082193C480139C9B20FF0E2FA3A481CF0CD
:107A7C00C1FA96F9A9393748012B0CBF10211421F2
:107A8C000FF0D6FA35481CF0B5FAD6F88039344ADE
:107A9C008F21934286F8D8190CD002F5001293422C
:107AAC0001F0C4802F4A934201F0CB802E4A9342BE
:107ABC0001F09A8102242748DA210FF0B9FA214605
:107ACC0024480FF0B5FA812122480FF0B1FA96F84C
:107ADC00D81920480FF0ACFAD9211E480FF0A8FA9B
:107AEC0096F9A9391B48012B0CBF2221F1210FF06B
:107AFC009FFAD6F8A009002800F0708640F2011217
:107B0C0096F8A839DFF864805B00A0F82F21026892
:107B1C0080F8A5301368434541F06081B0F83031EE
:107B2C002BB1022380F82F31002380F8A630DFF828
:107B3C0040A001244FF002090AF10607254630E067
:107B4C00902200607F1A06003B372819B80B0505F8
:107B5C0038270060E85001203C2700604027006077
:107B6C00800020006000100040002000012B01006C
:107B7C00912200600134A4B203681AF8011C1B683E
:107B8C00434540F05881B0F8303133B190F82F3183
:107B9C00882B2CD94560D6F8A0090AF1010ABA4500
:107BAC0031D0882CE6D11CF093F996F8A839D6F888
:107BBC00A0095B00026880F8A53040F20113A0F820
:107BCC002F311368434540F0FA85B0F83031002B63
:107BDC0000F0D581002380F82F91022480F8A63084
:107BEC0013681AF8011C434540F0258123460AF11D
:107BFC00010AC2180133BA4580F82F31D6F8A00912
:107C0C0082F8A510CDD11CF063F9D6F8A039002B61
:107C1C0000F0A085D6F8D419002292481B69814245
:107C2C001A6100F287859049012299645A624FF4D7
:107C3C0030328E499962DA62986C01220021186503
:107C4C00104619624FF0011199651A610BF58045C8
:107C5C00D6F8983985F83001002B00F02185B6F95B
:107C6C0082290021824BD6F8A409C6F89839D31D75
:107C7C0048BF02F10E03B6F98029DB1003FB02F2B8
:107C8C001FF040FB01217B480FF0C2FAD6F8A03957
:107C9C00002B00F0F580D6F8D019002271481B6932
:107CAC0081421A6100F2EF846F4A9A6401225A628F
:107CBC006E4A9A624FF43032DA629A6C1A6500227C
:107CCC001A624FF001129A6501221A616A481CF07F
:107CDC0091F9B6F98039402B00F0B7800021654846
:107CEC000FF0A6F9B6F8801962480139C9B20FF045
:107CFC009FF9B6F98229B6F88009D31DD6F8A449A4
:107D0C0048BF02F10E03DB1010FB03F087B2D6F86C
:107D1C00A009002800F08E8696F8A839DFF85C815F
:107D2C005B0080F8A53040F20113A0F82F310368F6
:107D3C001B68434541F04C80B0F830312BB1022325
:107D4C0080F82F31402380F8A63007F1FF391FFA55
:107D5C0089F9002F4BD0A31C012701344FF0020AE4
:107D6C00994415E00137BFB2036814F8011C1B6875
:107D7C00434564D1B0F830313BB190F82F31882BAA
:107D8C002AD901234360D6F8A0090134A1452ED08D
:107D9C00882FE7D11CF09CF896F8A839D6F8A009E2
:107DAC005B00026880F8A53040F20113A0F82F3177
:107DBC001368434540F03786B0F83031002B42D081
:107DCC00402380F82FA1022780F8A630136814F8FE
:107DDC00011C434533D13B460134C2180133A14544
:107DEC0080F82F31D6F8A00982F8A510D0D11CF05C
:107DFC006FF8D6F8A039002B00F06684D6F8D419A9
:107E0C00002218481B6981421A6100F25084164AFC
:107E1C009A6401225A62154A9A624FF43032DA623D
:107E2C009A6C1A6500221A624FF001129A650122AF
:107E3C001A61FFF767BA9847D6F8A009ADE69847DC
:107E4C00D6F8A009A1E702279FE7202109480FF0E7
:107E5C00EFF8B6F8801907481F31C9B20FF0E8F8EF
:107E6C0047E700BF7F1A06003B372819B80B0505FA
:107E7C0044270060E850012054270060012B0100CA
:107E8C00D6F89C39002B71D0D97CD6F8DC29D6F8E1
:107E9C00E049002939D072B6D97CCF0708D54FF00C
:107EAC00E02C5F69DCF8800138409862CCF88001E6
:107EBC00880708D54FF0E02C9F69DCF88401384026
:107ECC00D862CCF884014F0708D54FF0E02CDF695D
:107EDC00DCF8880138401863CCF88801080708D50D
:107EEC004FF0E02C1F6ADCF88C0138405863CCF85A
:107EFC008C01C90608D54FF0E027586AD7F89011C5
:107F0C0001409963C7F8901162B69968914200F0EC
:107F1C000A871C499A6089691B48C1F30117C1F390
:107F2C00826100EB87000131D0F87073B7FBF1F080
:107F3C00002A40F0ED868F420ED301460131B1F597
:107F4C00817F80F0E286022940F2DC860239480803
:107F5C00020242EA00420A43DA601B6800211961FE
:107F6C00032159621A6401221C661A61D6F8BC29D5
:107F7C00D6F8CC19136823EA01031360A6E6022491
:107F8C000BE600BF00C00F40381D002096F9AD195C
:107F9C00AF4ACBB2362B0FD818014FF0380C02EB8E
:107FAC00031315271458DD686068284360609868CF
:107FBC005B68C0F800C01F6096F9AE49E3B2362B7F
:107FCC000ED8180102EB03131558D3E9027C68682C
:107FDC005B6840EA0C006860382038601520186037
:107FEC0002EB01130901DB68C6F8C83953582101AB
:107FFC00C6F8B83902EB04135158DB68C6F8BC1943
:10800C00C6F8CC39086803430B60D6F89C39002BB2
:10801C0000F0228659684FF0B809DFF844E28D4F22
:10802C008D4DD1E900C0DCF8004024EA0000CCF80A
:10803C000000DEF8180007403D43CEF818501D7CB8
:10804C004F1901EB8505387C02EB00108068C0F8F5
:10805C0000905C7C01EB040E0A349EF8240002EBC9
:10806C0000108068C0F80090987C01EB000801EBD0
:10807C00800098F838A0029002EB0A1ADAF808A0EF
:10808C00CAF800904868DCF8009049EA0009CCF87E
:10809C000090D5F814C03D7C02EB05156D68C5F851
:1080AC0000C051F824509EF8244002EB041464687C
:1080BC00256098F8384002EB041464680298C06B91
:1080CC002060886C98F844400460086A3C7F496BD7
:1080DC0004609EF8300008600221186801610F21CD
:1080EC008165D97C00293AD072B6D87CC70708D5EF
:1080FC004FF0E0245D69D4F8801129409962C4F8EE
:10810C008011850708D54FF0E0249D69D4F88411BF
:10811C002940D962C4F88411440708D54FF0E024F3
:10812C00DD69D4F8881129401963C4F88811010756
:10813C0008D54FF0E0241D6AD4F88C1129405963FE
:10814C00C4F88C11C70608D54FF0E0205C6AD0F853
:10815C00901121409963C0F8901162B618683F4C99
:10816C009968A14200F0C2853D499C6089693D4FE8
:10817C00C1F3011502EB8505C1F38262D5F87013CA
:10818C000132B1FBF2F1B94240F2AD85364AA2FBA5
:10819C000152120DB1FBF2F1A14288BF0132B2F5CE
:1081AC00817F80F09D85022A40F29D85023A540819
:1081BC00210241EA04410A43DA60002101610321F2
:1081CC00416202640722026601220261DA7C12B368
:1081DC00D50704D5986A4FF0E021C1F80001940747
:1081EC0004D5D86A4FF0E021C1F80401500704D53A
:1081FC00186B4FF0E021C1F80801110704D5586B3A
:10820C004FF0E021C1F80C01D70604D59A6B4FF062
:10821C00E023C3F8102196F9AF39002B4CDB362B39
:10822C0024DC19010A4A152402EB03135258D868AE
:10823C00516801433820516099680860586804609F
:10824C00DB685068184200F0BF85C2F884300DE03E
:10825C00381D0020CFFFFFE31000000800093D008F
:10826C0000C00F40FF083D0083DE1B4301200AF0D5
:10827C006DFE96F8AF39362B0BD81901514A02EB2B
:10828C0003135258D9685068084200F09585C2F81B
:10829C0088100A200AF05AFE96F8AF39362B0BD804
:1082AC001901484A02EB03135258D9685068084226
:1082BC0000F07D85C2F88410D6F8A049002C7FF41C
:1082CC00B0ABD6F89C39002B71D0D97CD6F8DC2910
:1082DC00D6F8E049002939D072B6D87CC50708D544
:1082EC004FF0E0275D69D7F8801129409962C7F8F3
:1082FC008011810708D54FF0E0279D69D7F88411CC
:10830C002940D962C7F88411470708D54FF0E027F8
:10831C00DD69D7F8881129401963C7F8881105075A
:10832C0008D54FF0E0271D6AD7F88C112940596306
:10833C00C7F88C11C10608D54FF0E0205D6AD0F863
:10834C00901129409963C0F8901162B699688A42DD
:10835C0000F02A851C499A6089691A48C1F30115F5
:10836C00C1F3826100EB85000131D0F87053B5FB8D
:10837C00F1F0002A40F00D858D420ED301460131FB
:10838C00B1F5817F80F00285022940F2FC8402392C
:10839C004808020442EA00220A43DA601B68002102
:1083AC001961032159621A6401221C661A61D6F8FC
:1083BC00BC29D6F8CC19136823EA01031360FFF724
:1083CC004BBB00BF381D002000C00F40922300940F
:1083DC002246D6F854018DF8143005AB19461BF023
:1083EC00FFF99DF81470AB2F7FF4A1A9FC23224652
:1083FC0005A9D6F854018DF8143081238DF810306E
:10840C0004AB1CF0DBFC96F8613105A9D6F85401DD
:10841C0064F30103C3F3011286F8613103F00C031A
:10842C0043EA8213224643F001038DF814308F2364
:10843C008DF8103004AB1CF0C1FC96F86931224663
:10844C0005A965F30003D6F854018DF81070802748
:10845C0086F8693103F006038DF8143004AB1CF078
:10846C00ADFC96F85D31224605A965F38613D6F866
:10847C0054018DF8107086F85D3103F03F038DF8D0
:10848C00143004AB1CF09AFCB6F85C0104AB224629
:10849C00C0F34031C0F3803CC6F8585149018DF807
:1084AC00107041EA8C11C0F3002C41EA0C01C0F3AE
:1084BC00003C41EA0C11C0F3C02C41EACC0120F481
:1084CC009F6CC0F340202CF0070C41EA4001D6F819
:1084DC005401A6F85CC18DF8141005A91CF06EFCB3
:1084EC0096F85D31224605A965F34103D6F854018F
:1084FC008DF8107086F85D3103F07D038DF8143023
:10850C0004AB1CF05BFC96F85D31224605A965F3C3
:10851C000413D6F854018DF8107086F85D3103F011
:10852C006F038DF8143004AB1CF048FC96F85D31E9
:10853C00224605A965F34513D6F854018DF8107041
:10854C0086F85D3103F05F038DF8143004AB1CF03A
:10855C0035FCE7232A462946D6F854018DF8143009
:10856C0005AB1CF02BFC96F85D31224605A965F392
:10857C000003D6F854018DF8107086F85D3103F0C5
:10858C007E038DF8143004AB1CF018FC0A200AF0A2
:10859C00DDFC96F85D31224605A943F00103D6F8BF
:1085AC0054018DF8107086F85D3103F07E0343F0B2
:1085BC0001038DF8143004AB1CF000FC0A200AF007
:1085CC00C5FC96F86831224605A965F30103D6F877
:1085DC0054018DF8145086F86831AA238DF81030A8
:1085EC0004AB1CF0EBFB96F86531224605A964F34D
:1085FC008713D6F8540186F8653103F03F0343F036
:10860C0040038DF81430A2238DF8103004AB1CF00D
:10861C00D5FB96F86631022205A9D6F8540162F30F
:10862C004613224686F8663103F01F0343F04003DD
:10863C008DF81430A3238DF8103004AB1CF0BEFB66
:10864C003223224605A98DF81430A023D6F8540104
:10865C008DF8103004AB1CF0B1FBC92204AB05A99A
:10866C0086F867218DF81420A622D6F854018DF8CF
:10867C0010202246C6F8585186F85C511CF09EFB1F
:10868C002346FEF7E1BD5148814200F27383504905
:10869C0099645A624F4A9A624F4ADA62FFF70DBBED
:1086AC00B6F88A390633A6F88A39FFF7D8BA47489C
:1086BC00814200F25683464999645A62454A9A624D
:1086CC00454ADA62FFF7ACBBD6F89C19D6F8BC2940
:1086DC00D6F8CC0913680343136000293EF412AE9C
:1086EC00CB7C002B3EF40EAEDF0704D5886A4FF02E
:1086FC00E022C2F800019C0704D5C86A4FF0E022C2
:10870C00C2F80401580704D5086B4FF0E022C2F8F8
:10871C0008011A0704D5486B4FF0E022C2F80C018F
:10872C00DB067EF5EFAD8A6B4FF0E023C3F810212A
:10873C00FEF7E8BD2548814200F20A83244999647A
:10874C00A1F121615A62A1F60C41234A9962DA62C5
:10875C00FFF772BAD6F89C19D6F8BC29D6F8CC0912
:10876C0013680343136039B3CB7C2BB3DD0704D5FB
:10877C00886A4FF0E022C2F800019C0704D5C86A51
:10878C004FF0E022C2F80401580704D5086B4FF0F3
:10879C00E022C2F808011A0704D5486B4FF0E0221A
:1087AC00C2F80C01DB0607D58A6B4FF0E0230120E1
:1087BC00C3F81021FFF74ABA0120FFF747BA00218E
:1087CC0002249847D6F8A009FFF7D6B93F420F000C
:1087DC001C1A120C100E0202007F0500D6F8B829E4
:1087EC00D6F8C8091368A44C23EA0003D6F89C19E0
:1087FC0004F1060C1360D6F8B029D6F8B43914F885
:10880C00010B61B10F687866F86D10F4F81FFBD09E
:10881C00786F6445A0D014F8010B0029F2D11768C9
:10882C0010F0800FD6F8C0590CBFAF432F4310F097
:10883C00400F17601F68D6F8C45947EA05071F6038
:10884C001F68D6F8C45927EA05071F601768D6F8C1
:10885C00C0590CBFAF432F4310F0200F17601F6897
:10886C00D6F8C45947EA05071F601F68D6F8C459E3
:10887C0027EA05071F601768D6F8C0590CBFAF432D
:10888C002F4310F0100F17601F68D6F8C45947EA31
:10889C0005071F601F68D6F8C45927EA05071F6033
:1088AC001768D6F8C0590CBFAF432F4310F0080F10
:1088BC001760D6F8C4591F6847EA05071F601F6880
:1088CC00D6F8C45927EA05071F601768D6F8C059AF
:1088DC000CBFAF432F4310F0040F17601F68D6F87E
:1088EC00C45947EA05071F601F68D6F8C45927EA20
:1088FC0005071F601768D6F8C0590CBFAF432F434C
:10890C0010F0020F17601F68D6F8C45947EA050724
:10891C001F601F68D6F8C45927EA05071F6017683F
:10892C00D6F8C0590CBFAF432F4310F0010F17609E
:10893C001F68D6F8C45947EA05071F601F68D6F8A8
:10894C00C45927EA05071F601068D6F8C07914BF10
:10895C003843B84310601868D6F8C47938431860A7
:10896C001868D6F8C47920EA0700186051E703F1BB
:10897C003002012B0DEB020111F80A2C3EF4AAAEC9
:10898C0011F80B0C022B40EA02223EF4A3AE11F8B4
:10899C000C0C032B40EA02223EF49CAE11F80D3C69
:1089AC0043EA0222FEF796BEB6F882392846B6F99B
:1089BC0080C9013B5B1A9FB21BB2FEF7FEBFB6F932
:1089CC0080C9B6F882390CF1FF30013B401AA3EB99
:1089DC000E0300B29FB21BB2FEF7EFBFB6F980C90F
:1089EC002B460F460CF1FF35A5EB0E052DB2FEF70D
:1089FC0071BFB6F882390546B6F980C9013B5B1ADE
:108A0C009FB21BB2FEF766BFB6F980C9B6F88239C1
:108A1C000CF1FF35013B6D1AA3EB0E032DB29FB287
:108A2C001BB2FEF757BF402102279847D6F8A00982
:108A3C00FFF79AB9D6F8B829D6F8C81913680B43BA
:108A4C001360002F3FF440AEE019D6F89C19D6F80D
:108A5C00B029AC46D6F8B439864614F8015B69B136
:108A6C000F687D66FD6D15F4F81FFBD07D6F7445A6
:108A7C00F3D165462AE600BF90220060176815F016
:108A8C00800FD6F8C0090CBF8743074315F0400F81
:108A9C0017601F68D6F8C40947EA00071F601F68F3
:108AAC00D6F8C40927EA00071F601768D6F8C00972
:108ABC000CBF8743074315F0200F17601F68D6F8CB
:108ACC00C40947EA00071F601F68D6F8C40927EAE3
:108ADC0000071F601768D6F8C0090CBF874307430F
:108AEC0015F0100F17601F68D6F8C40947EA000785
:108AFC001F601F68D6F8C40927EA00071F601768B3
:108B0C00D6F8C0090CBF8743074315F0080F176050
:108B1C00D6F8C4091F6847EA00071F601F68D6F81B
:108B2C00C40927EA00071F601768D6F8C0090CBFF4
:108B3C008743074315F0040F17601F68D6F8C40964
:108B4C0047EA00071F601F68D6F8C40927EA000728
:108B5C001F601768D6F8C0090CBF8743074315F090
:108B6C00020F17601F68D6F8C40947EA00071F6098
:108B7C001F68D6F8C40927EA00071F601768D6F8E3
:108B8C00C0090CBF8743074315F0010F17601F681E
:108B9C00D6F8C40947EA00071F601F68D6F8C40955
:108BAC0027EA00071F601768D6F8C05914BF3D4369
:108BBC0027EA050515601F68D6F8C4593D431D60AA
:108BCC001F68D6F8C45927EA05051D604FE7D31D69
:108BDC0048BF02F10E03B6F98029DB1003FB02F249
:108BEC00104602921FF0F6FB029AC6F8A409002860
:108BFC007EF407AEFFF72AB8B6F980C903460F46D4
:108C0C000CF1FF30A0EB0E0000B2FEF7D6BE83488D
:108C1C0081426ED882499964A1F121615A62A1F610
:108C2C000C41804A9962DA62FEF70DBF96F9A939B8
:108C3C001224012B0CBF9F23CF2386F8D839FEF7C3
:108C4C003ABF96F9A9390224012B0CBF1023AF238C
:108C5C0086F8D839FEF72FBF96F9AB19CBB2362B65
:108C6C000DD8180102EB031310585C68D3E90257B6
:108C7C0043683B43436038232B601523236096F9EC
:108C8C00AC49E3B2362B0ED8180102EB031315587E
:108C9C00D3E9027C68685B6840EA0C0068603820A5
:108CAC0038601520186002EB01130901DB68C6F867
:108CBC00C03953582101C6F8B03902EB041352588D
:108CCC00D968C6F8B429C6F8C419136823EA010395
:108CDC00136096F9AF39002BFFF669ABFFF79FBA1B
:108CEC00514AFFF769BA0022FFF766BADA68FFF754
:108CFC0064BA4E4999645A624D494A4A9962DA6299
:108D0C00FEF7A1BE0022FFF727B9474AFFF724B9A7
:108D1C009042F7D3B0FBF2F1B0FBF1F090427FF64A
:108D2C000EA9FFF70BB9DA68FFF717B9079B002BF1
:108D3C0047D01A7C002A44D09C68002C41D058693A
:108D4C003A460DF1270304A90097A047FEF7A1BCF2
:108D5C00364999645A623649324A9962DA62FEF7A8
:108D6C006BBF324999645A62314A9A622D4ADA626F
:108D7C00FFF756B82D4999645A622D4A9A62294ACE
:108D8C00DA62FEF79ABF0022FFF707BB264AFFF70D
:108D9C0004BB8242F7D8B0FBF2F1B0FBF1F0824297
:108DAC00BFF4EEAAFFF7EBBADA68FFF7F7BA9B68E5
:108DBC00204A1A60FFF780BA9B681F4A1A60FFF7B7
:108DCC0068BA0020FEF76ABA1A4B0B60FFF74EBA6E
:108DDC0040219847D6F8A009FEF7B7BF0021984765
:108DEC00D6F8A009FEF7A3BE96F9A9391224012BD7
:108DFC000CBF1023CF2386F8D839FEF75CBEADB27A
:108E0C00FF240846B1F800E002310078A84208BF00
:108E1C004FEA1E249142F4D3FEF7B2BB3F420F003F
:108E2C001C1A120C007F0500FF7F7F000A09070443
:108E3C006009010138F00100383001002DE9F843D8
:108E4C00B0F8BC3F2DED088B002B00F0E280013B0D
:108E5C0000F65C2700F6582400F5F1659BB200F68D
:108E6C00077806469FED6DBADFED6DAA07EB830719
:108E7C009FED6CAA0FE0002B00F0B580236883ED0A
:108E8C00008AD4F8D03204340C352036A742C4F80A
:108E9C00EC3000F0BE8094ED3C6AF6EE006AD5ED45
:108EAC00017AD5ED005A36EE677A65EEA66AB0EE19
:108EBC00C77AF4EEC76AF1EE10FA15DC95ED027A7A
:108ECC0077EE876AB4EEE66AF1EE10FA4DDD77EED6
:108EDC00A57AB7EE007AF4EEC77AF1EE10FA58BF25
:108EEC00F0EE477AC5ED017AD4EDB48A94EDF09AA0
:108EFC00C4ED787A77EEE87A79EE689A18F8013F43
:108F0C00012B87EEA98A38EE0B8A41D0032BB2D104
:108F1C00D6ED037A236836EE677AB0EEC77AB4EEF4
:108F2C00EA7AF1EE10FA1DD4D6ED026AB5EE005ACB
:108F3C0096ED047AD6ED085A27EE877A66EEA55A96
:108F4C0086ED057A37EE257AC6ED065A37EE067AA7
:108F5C00E7EE056A86ED077AE6EE857AC6ED026ADB
:108F6C00C6ED037AC3ED007A8BE737EEC77AB4EE21
:108F7C00C76AF1EE10FAB7D577EEE57AF5EEC07A5E
:108F8C00F1EE10FAD8BFDFED257AC5ED017AABE72B
:108F9C00F2EE047AD4F80090B7EE000AA8EE270A95
:108FAC001CF04AFFF3EE007AB0EE409A69EE889A14
:108FBC0028EE270A1DF08CFAF0EE006AF8EE007A23
:108FCC00B5EE007AE8EE267A67EEA77A67EE807A3D
:108FDC0067EE877AA7EE879AC9EE897A77EEA87A38
:108FEC00C9ED007A4DE728EE0A0A1DF075FBF7EE85
:108FFC00007AB6EE007A236837EEC00A20EE070A34
:10900C0077EEC07A29EE009AA8EEA79A83ED009A23
:10901C0037E7BDEC088BBDE8F88300BF000000000B
:10902C000AD7233CDB0F49402DE9F843B0F844350F
:10903C002DED088B002B00F0E180013B00F55F77F4
:10904C00804600F55E749BB29FED6EBA00F2075637
:10905C00054607EB8307DFED6CAA9FED6CAA0FE0CA
:10906C00002B00F0B580236883ED008AD4F8F03033
:10907C00043408F10C082035A742E36400F0BE80EC
:10908C0094ED146AF6EE006AD8EDA37AD8EDA25AE4
:10909C0036EE677A65EEA66AB0EEC77AF4EEC76A6A
:1090AC00F1EE10FA15DC98EDA47A77EE876AB4EE3F
:1090BC00E66AF1EE10FA4DDD77EEA57AB7EE007A9E
:1090CC00F4EEC77AF1EE10FA58BFF0EE477AC8ED1D
:1090DC00A37AD4ED3C8A94ED509AC4ED287A77EEBD
:1090EC00E87A79EE689A16F8013F012B87EEA98A87
:1090FC0038EE0B8A41D0032BB2D1D5ED037A23681D
:10910C0036EE677AB0EEC77AB4EEEA7AF1EE10FA80
:10911C001DD4D5ED026AB5EE005A95ED047AD5ED65
:10912C00085A27EE877A66EEA55A85ED057A37EE52
:10913C00257AC5ED065A37EE067AE7EE056A85ED17
:10914C00077AE6EE857AC5ED026AC5ED037AC3EDC2
:10915C00007A8BE737EEC77AB4EEC76AF1EE10FAF5
:10916C00B7D577EEE57AF5EEC07AF1EE10FAD8BF06
:10917C00DFED247AC8EDA37AABE7F2EE047AD4F8EB
:10918C000090B7EE000AA8EE270A1CF055FEF3EE8D
:10919C00007AB0EE409A69EE889A28EE270A1DF004
:1091AC0097F9F0EE006AF8EE007AB5EE007AE8EE88
:1091BC00267A67EEA77A67EE807A67EE877AA7EE53
:1091CC00879AC9EE897A77EEA87AC9ED007A4DE7CD
:1091DC0028EE0A0A1DF080FAF7EE007AB6EE007A55
:1091EC00236837EEC00A20EE070A77EEC07A29EE24
:1091FC00009AA8EEA79A83ED009A37E7BDEC088B8E
:10920C00BDE8F883000000000AD7233CDB0F49407F
:10921C002DE9F041B0F8BC7F2DED088BC7B3013FB1
:10922C0000F60873F2EE04AA064600F6582400F67F
:10923C0007759FED39BA13FA87F79FED38AA0AE044
:10924C00002B52D02368C3ED007AAF4204F1040422
:10925C0006F120061CD0D4EDB48A94EDF09AD4ED2E
:10926C00787A79EE689A15F8013F37EEE87A012B97
:10927C0087EE298A38EE0B8A0ED0032BE0D1F268E8
:10928C00AF42236806F1200604F104041A60E2D10F
:10929C00BDEC088BBDE8F081B7EE000AD4F8008075
:1092AC00A8EE2A0A1CF0C8FDF3EE007AB0EE409A44
:1092BC0069EE889A28EE270A1DF00AF9F0EE006A8A
:1092CC00F8EE007AB5EE007AE8EE267A67EEA77A29
:1092DC0067EE807A67EE877AA7EE879AC9EE897A6D
:1092EC0077EEA87AC8ED007AAFE728EE0A0A1DF0EF
:1092FC00F3F9F7EE007AB6EE007A236837EEC00A7F
:10930C0020EE070A77EEC07A29EE009AA8EEA79A0B
:10931C0083ED009A99E700BF00000000DB0F494085
:10932C002DE9F041B0F844752DED088BC7B3013F22
:10933C0000F5A163F2EE04AA064600F55E7400F295
:10934C0007559FED39BA13FA87F79FED38AA0AE053
:10935C00002B52D02368C3ED007AAF4204F1040411
:10936C0006F120061CD0D4ED3C8A94ED509AD4ED35
:10937C00287A79EE689A15F8013F37EEE87A012BD6
:10938C0087EE298A38EE0B8A0ED0032BE0D1F268D7
:10939C00AF42236806F1200604F104041A60E2D1FE
:1093AC00BDEC088BBDE8F081B7EE000AD4F8008064
:1093BC00A8EE2A0A1CF040FDF3EE007AB0EE409ABB
:1093CC0069EE889A28EE270A1DF082F8F0EE006A02
:1093DC00F8EE007AB5EE007AE8EE267A67EEA77A18
:1093EC0067EE807A67EE877AA7EE879AC9EE897A5C
:1093FC0077EEA87AC8ED007AAFE728EE0A0A1DF0DE
:10940C006BF9F7EE007AB6EE007A236837EEC00AF5
:10941C0020EE070A77EEC07A29EE009AA8EEA79AFA
:10942C0083ED009A99E700BF00000000DB0F494074
:10943C00D1ED0C6A92ED000AF5EE406AD2ED017A9C
:10944C0092ED027AF1EE10FA30B52DED028B91B05F
:10945C000C4605468DED020ACDED037A8DED047AAE
:10946C0040F0BA80D4ED075AD4ED086A30EE650AA4
:10947C0094ED0B8A94ED0E6A77EEE67ADFED6A6A6C
:10948C00A6EE080A94F8343077EEA67A37EE267AF0
:10949C00CDED037A8DED047A8DED020A5BB167EEAA
:1094AC00A77AE0EE007AF4EE667AF1EE10FA00F1AB
:1094BC00B680B1EEE70AF0EE480A1CF0D7FFF1EEE9
:1094CC00087AB0EEC00A9FED587A20EE270AC0EE5B
:1094DC00087A77EE877ABBFE677ABCEEC77A8DED99
:1094EC00017A9DF80430042B13D800215A1C2980D2
:1094FC00D2B2A97094F8351099B103EB4303284606
:10950C0023449A889B792A80AB7011B0BDEC028BF6
:10951C0030BD002100222980A97094F83510002953
:10952C00EBD1591C07EE103A02EB4202DFED3E3A4A
:10953C0005EE101AB8EE477A224403EB4303B8EE5B
:10954C00C55A284677EEC77A1C441379F7EE005AB1
:10955C0035EE475A06EE903A537987EE856A07EE58
:10956C00103A9379227907EE903A637904EE102A37
:10957C0004EE903AA379F8EEE66AB8EEC77A05EEF7
:10958C00103AF8EEE77AB8EEC44AF8EEE44AB8EED0
:10959C00C55A36EE236A75EEC65A66EE866A27EE13
:1095AC00067A67EE867AE4EE256AA5EEA47AE5EEF5
:1095BC00857AFCEEE66ABCEEC77AFCEEE77A16EE2C
:1095CC00901A17EE102A17EE903A29706A70AB7049
:1095DC0011B0BDEC028B30BD144A002309A905A8BB
:1095EC0009930A93B2F8D032CDED0B6AADF8303056
:1095FC00D2F8D4320D93D2F8D8320E93D2F8DC32A2
:10960C000F9318F0AFFB02AA05A909A805F064FE98
:10961C009DED090ADDED0A7A9DED0B7A22E7B0EE9D
:10962C00670A1CF039FC46E700000000685801206E
:10963C00F8B5244B42F2901442F2903500F50052EA
:10964C0003F120010646044405440360C2F890115E
:10965C0054F8040F08B11EF0C5FEAC42F8D141F627
:10966C00105441F6107506F58057174B34443544A9
:10967C00C7F8103D54F8040F08B11EF0B3FEAC420D
:10968C00F8D141F6940441F69425104B34443544FA
:10969C00C7F8943854F8040F08B11EF0A3FEAC427E
:1096AC00F8D1D6F8240A08B11EF09CFED6F8280A88
:1096BC0008B11EF097FE306908B11EF093FE3046DB
:1096CC00F8BD00BFC0200020F4200020082100209D
:1096DC000368002B40DD2DE9F041002406460F46BF
:1096EC00A0463B68384608F101089B6898477368A8
:1096FC003A6805461B593846926803EB430305EB61
:10970C008305904796ED036A04EB4401D6E90123E7
:10971C0012590B443168043402EB4202D3ED004A77
:10972C0093ED015A414500EB8200D3ED025AD0ED86
:10973C00006A90ED017AD0ED027AE4EE866AA6EE2C
:10974C00057AE6EE257AC5ED006A85ED017AC5ED60
:10975C00027AC6DCBDE8F081704700BF2DE9F04706
:10976C0000F50056C74F42F2901504462DED028BC2
:10977C0096F8BC33054496F82C955B08C6F8B47380
:10978C00B9F1270F03F1010307EB8307D7F800A00A
:10979C0011D809F1010106F58F63C8B203EB8902F8
:1097AC00012886F82C05C2F804A093ED018A20D07C
:1097BC0004F512580FE000F5125842F27C409C223E
:1097CC00204441461EF08AFD06F58F63484693ED12
:1097DC00018AC3F8A0A041460123F1EC017A0133C0
:1097EC00B4EE678ADAB2F1EE10FA37FE888A90424C
:1097FC00F3D8D6F8788404EB880909F5005909F5F3
:10980C00A363D3ED007AF4EE487AF1EE10FA02D1AC
:10981C0096F82D35BBB942F21C5318F0FF0A2344BD
:10982C0008D042F2205118464FEA8A0221441EF019
:10983C0055FD034603EB8A0309F5A369002243F89F
:10984C00042C89ED008AB8F1000FDFED8F7A0EDD64
:10985C00002306F58F611A46013301EB8202DBB25D
:10986C0092ED297A984577EE877A1A46F4DC07EE62
:10987C00108A06F28453B8EEC77AC7EE876AC3ED36
:10988C00006A96F87484D7F80090B8F1270F10D8B6
:10989C0008F1010206EB8803D0B2012886F87404A3
:1098AC00C3F8C49396EDF18A22D042F2C83727440C
:1098BC0010E042F2C83742F2C4309C2227442044C4
:1098CC0039461EF00BFD06F58C63404696EDF18A89
:1098DC00C3F8009039460123F1EC017A0133F4EE20
:1098EC00487ADAB2F1EE10FA37FE888A8242F3D364
:1098FC00D6F8C07304EB870808F5005808F58C639C
:10990C00D3ED007AF4EE487AF1EE10FA17D042F269
:10991C00644317F0FF09234408D042F2684118460B
:10992C004FEA890221441EF0D9FC034603EB89035C
:10993C0008F58C68002243F8042C88ED008A002F6F
:10994C0040F3EF800023DFED507A1A4628320133C2
:10995C0006EB8202DBB292EDF17A9F421A4677EE69
:10996C00877AF3DC07EE107A06F28452F6EE005A90
:10997C0006F5B163B8EEC77AD2ED006A04F540572C
:10998C0087EE876A76EE667A83ED006A04F580438B
:10999C00E7EEA56AB3F84010C6EDEE6A97F878C00A
:1099AC0051B343F6C67200232244104604E001333F
:1099BC009EB28E4280F0908030F8026F6645F6D1F0
:1099CC0003F2D2234FF07E5007EB8303C3F88400DD
:1099DC0097F87B60002303E0013398B288420BD2E6
:1099EC0032F8020FB042F7D103F2D2234FF07E527D
:1099FC0007EB8303C3F8842004F580500026D7F8C6
:109A0C0074E090F8E411324602E0F2B2914221D3B4
:109A1C0002F5CB73013604EB8303D3F83C3B9D4238
:109A2C00F3D1B0F884C092B2BCF1000F12D041F265
:109A3C005A060023264403E001339FB2BC4509D9E2
:109A4C0036F8027F9742F7D104EB830303F60873D1
:109A5C00C3F800E0002690F89078324602E0F2B2AB
:109A6C00BA4220D800EB82030136D3F840389D422D
:109A7C00F5D1B0F8307792B2AFB141F20675002350
:109A8C00254407E0485B01200000000001339EB232
:109A9C00B74208D935F8026F9642F7D1F23300EB92
:109AAC008303C3F8ECE123681F4A5B69934232D10C
:109ABC00002504F64C262A4602F5CB73013504EB3F
:109ACC008303D3F83C3B9E4209D0EAB29142F3D2D5
:109ADC00BDEC028BBDE8F08797F87B607AE7B0F8B5
:109AEC00845092B2002DF3D041F25A01002321444C
:109AFC0003E0013398B28542EAD931F8020F904263
:109B0C00F7D104EB8303094A03F60873BDEC028B0F
:109B1C001A60BDE8F087BDEC028B2046BDE8F0472B
:109B2C001847DFED037A1DE7F9000000CDCC4C3F60
:109B3C00000000004BF6D0134BF6A041002203446A
:109B4C0001442DE9F04F2DED068BB0EE408A93B019
:109B5C00054643F8102B9942FBD14CF69443BB4F6E
:109B6C0005F530462B4497F87542C3F84421C3F8E9
:109B7C005421C3F86421C3F87421C3F88421C3F8B9
:109B8C009421002C00F04381B14BB3EE097ADFED48
:109B9C00B17A93ED006ADFEDB06AA6EE277AAF4B8F
:109BAC009FEDAF6AD3ED018A77EE687AF0EEE77A33
:109BBC00F4EEC67AF1EE10FA1FD493ED006AB5EE0E
:109BCC00005AD3ED027AD3ED065A68EEA77A66EE08
:109BDC00255AC3ED037A77EEA57AC3ED045A77EED6
:109BEC00877AB0EE467AC3ED057AA7EE857AE7EE72
:109BFC00058A83ED007AC3ED018A9A4B9FED987A22
:109C0C0093ED019A76EEC97AF0EEE77AF4EEC77A24
:109C1C00F1EE10FA1DD493ED007AF5EE005AD3ED67
:109C2C00027A93ED066A69EE277A27EE066AC3ED8F
:109C3C00037A77EE867A83ED046A77EEA67AA7EE3E
:109C4C00A57AC3ED057AA7EE259A83ED007A83ED0C
:109C5C00019ADFF83C82B0EE480A834888ED009AFE
:109C6C0006F0BCFFDFED817ADFF8289228EE278A18
:109C7C0099ED050A38EE088A28EE000A1CF028FC3B
:109C8C00B0EE40AA99ED060A28EE000A1CF020FC62
:109C9C00D9ED077AF0EE409A28EE270A1CF018FC52
:109CAC00F1EE006ADFED727AB0EE086A714B424653
:109CBC00E9EEA67A7049DAEE268A20EE267AD8EDFD
:109CCC00026A42F80C1FD9626C49E9EE067A98EDEB
:109CDC00016A196378EE868A83ED0D7A5160C3EDC3
:109CEC00098A77EEA67AC7ED728AC3ED0A7AC7EDB8
:109CFC00737A05F00BF9002C40F05F8497F8D8319B
:109D0C0097F800279A4200F0528487F800375C4B92
:109D1C009FED5C6A93ED027ADFED5B7AB8EE477AE1
:109D2C000193C7EE066A77EEE67AC7EDB27A93ED49
:109D3C00027ADFED546AB8EE477A97EDAD8AD7ED2B
:109D4C00AE0A87EE260A70EEC80A30EE270A1CF01F
:109D5C008DFB38EE000A97F8BC2287EDB10A22B1D0
:109D6C0097F8BE32002B40F08483002C40F0C58362
:109D7C0097F8E331013BDBB2032B01F23583434A05
:109D8C0002EB8303D3F8DC33B7EE007AD7EDB37A6A
:109D9C00F4EEC77AF1EE10FA7EDD83ED017A05F56B
:109DAC00004197F8D93191F8A40103EB830397F89C
:109DBC00D82103EB83030533DBB281F8A2310028F1
:109DCC0000F0868081F8A03197F8DA3103EB830339
:109DDC0003EB83030533DBB281F8A33181F8A131A6
:109DEC0095F8A832002B40F081800C2A01F2708388
:109DFC00DFE812F0AB032909590AA508C0090808C5
:109E0C007107DB063B06B4051D054B04D40697F819
:109E1C00E836F2EE0A4AB7EE006ADFED0F5A002B75
:109E2C0003F10103DFED186AB3EE097A07EE903AFD
:109E3C00074B45FEA66AF8EEE77AD3ED005A87EE9B
:109E4C00A45A76EE457AA7EEA57AA8E668580120C2
:109E5C00A4510120C54E6C3F0000C8426451012042
:109E6C000AD7233C8451012020530120DB0F4940A9
:109E7C0000002042AC5101200000C84200004842C2
:109E8C007047012000007A4400000000381D0020BB
:109E9C00545F012020380020F5EEC07A0022F1EE4C
:109EAC0010FA00F1C683C3ED017A97F8D93105F5A4
:109EBC00004197F8D82103EB830391F8A40103EB3D
:109ECC0083030533DBB281F8A23100287FF47AAF2B
:109EDC0097F8DA3103EB830303EB8303053381F843
:109EEC00A33195F8A832002B3FF47FAF05F500584D
:109EFC00002388F8FE3598F8FD355BB108F5B262A1
:109F0C00D8F89415012BD06D086003D0D26DD8F819
:109F1C0098351A6005F58043B3F84030002B64D0B7
:109F2C0043F6C67100222944084603E0013294B27C
:109F3C00A3420CD930F8024F132CF7D105EB820257
:109F4C0043F6483010444FF07E52C0F88420084647
:109F5C00002203E0013294B2A3420BD930F8024F35
:109F6C00012CF7D105EB820243F648301044002255
:109F7C00C0F884200846002203E0013294B2A342C8
:109F8C000CD930F8024F172CF7D105EB820243F6AF
:109F9C00483010444FF07E52C0F88420084600220E
:109FAC0003E0013294B2A3420CD930F8024F002CDA
:109FBC00F7D105EB820243F6483010444FF07E5245
:109FCC00C0F88420002203E0013290B283420CD905
:109FDC0031F8020F0528F7D105EB820243F648331E
:109FEC0013444FF07E52C3F8842005F580590021AC
:109FFC0005F6F81099F8E4410A4602E0CAB2944218
:10A00C001FD302F5CB73013105EB8303D3F83C3B33
:10A01C009842F3D1B9F8844092B294B141F25A010A
:10A02C000023294403E0013398B2844209D931F862
:10A03C00020F9042F7D105EB8303DD4A03F6087358
:10A04C001A604FF694204BF2EC794BF6C4144BF695
:10A05C00944A2844A9441AF061FF4FF60C302C4462
:10A06C00AA4428441AF05AFF4FF6843028441AF0B8
:10A07C0055FF4FF6FC3028441AF050FF4FF6744051
:10A08C0028441AF04BFF484606F01AFBD4ED037A2D
:10A09C0020461034F5EEC07AF1EE10FA03DDD6F856
:10A0AC005018FFF715FB5445F0D104F6F853184639
:10A0BC0009EE103A06F004FB41F694433344D3ED19
:10A0CC00517A05F54043F5EEC07A0293F1EE10FAA1
:10A0DC0006DD4CF6CC50D3F8F01A2844FFF7F8FA0A
:10A0EC0041F694433344D3ED557AF5EEC07AF1EE54
:10A0FC0010FA07DD4CF6DC50029B2844D3F8F01A1A
:10A10C00FFF7E6FA41F694433344D3ED597AF5EE72
:10A11C00C07AF1EE10FA07DD4CF6EC50029B2844A5
:10A12C00D3F8F01AFFF7D4FA41F694433344D3ED45
:10A13C005D7AF5EEC07AF1EE10FA07DD4CF6FC50C4
:10A14C00029B2844D3F8F01AFFF7C2FA41F6944365
:10A15C003344D3ED617AF5EEC07AF1EE10FA07DDF7
:10A16C004CF60C60029B2844D3F8F01AFFF7B0FAB7
:10A17C0041F694433344D3ED657AF5EEC07AF1EEB3
:10A18C0010FA07DD4CF61C60029B2844D3F8F01A39
:10A19C00FFF79EFA4FF28C74F1EE008A08F20C6B0A
:10A1AC0042F20C6A2C449FED838A204606F088FA12
:10A1BC00814ACBED0F8A0420CBF838201EF00AF927
:10A1CC000146C0F8009003900AEB050017F072FEF0
:10A1DC00039908461EF006F901224FF6282088F84C
:10A1EC005426284406F0F8FBCBED0F8A8BED0E0AB3
:10A1FC0004201EF0EFF801460AEB05008A460C60BD
:10A20C0017F058FE504642F2F06A1EF0EBF84FF091
:10A21C00000308F5CB61694888F85436AA44886372
:10A22C000420C1ED0F8A1EF0D5F8834680ED009A0C
:10A23C0042F258605946284417F03CFE58461EF02E
:10A24C00D1F84FF0000305F51C5B504688F8A0369A
:10A25C0005F5704806F0C0FB5846F0EE408A06F053
:10A26C00BBFB06F54161FBEE047A30EE080A06F6FC
:10A27C000C0691ED007A484686ED028AE7EE278AB5
:10A28C0086ED010AC6ED008A4FF6382606F0AAFACA
:10A29C004FF648202E44284408F54F6506F09CFBE9
:10A2AC0008F2AC7109A881ED010A81ED008A81EDFB
:10A2BC00028A214606F0C4F908F2D47109980860A4
:10A2CC000A9848600B9888603046D5ED008A06F0F5
:10A2DC0083FB286808F5F76128EE800A48608860DF
:10A2EC0009A881ED000A214606F0AAF908F5FC61DF
:10A2FC003046099E08F29C780E600A9E4E600B9EBA
:10A30C008E6006F069FBB7F8D012F2EE0E7A05A853
:10A31C00ADF83010D7F8D412E0EE277A8DED098A1B
:10A32C000D91D7F8D8128DED0A8A0E91D7F8DC1260
:10A33C00CDED0B7A0F9109A917F014FD059B204662
:10A34C00C8F80030069BC8F80430079BC8F80830E2
:10A35C00089BC8F80C3006F045FAD5ED005A0122DE
:10A36C00B7EEE57AB4EE477BF1EE10FA81F16D8031
:10A37C00B0EEC76B9FED0C4BB4EE446BF1EE10FAE4
:10A38C0000F34A81DFED0E6AF4EEE65AF1EE10FAB4
:10A39C0000F31681DFED0B6AF4EEE65AF1EE10FADB
:10A3AC0000F10E8110E000BFFFFFFFFFFFFFEF7F0A
:10A3BC00CDCC4C3F00000000000034430000C8C16D
:10A3CC00FFFF7F4FFFFF7FCFF5EEC05AF1EE10FA83
:10A3DC0000F13C8100279FEDCE6B37EE067BFCEE47
:10A3EC00C76BB8EE668B16EE903A37EE488B002BA7
:10A3FC0040F0FD87302321208DF845303FB10138E6
:10A40C002D22C0B200F148036B4403F8242C019BAD
:10A41C001B782BB109ABC0F12201184408F0F6FDF2
:10A42C00B2EE046B2E238DF8243028EE067B019BB4
:10A43C001A78FCEEC75BCDED035A9DF80C3005EE97
:10A44C00903A3033B8EEE55B8DF8253037EE457B2E
:10A45C0027EE067BFCEEC77B17EE903A30338DF877
:10A46C002630002A00F0B380032109A808F0CEFDA5
:10A47C00ADE0531EDBB203F1010907EBC901D1EDCD
:10A48C009F7AB4EEE70AF1EE10FA0DDA591E1A466D
:10A49C00CBB203F1010907EBC901D1ED9F7AF4EEC0
:10A4AC00C07AF1EE10FAF1D8013230EE670A97F863
:10A4BC007C3207EBC208DFED986A012B98ED9F7A8E
:10A4CC0077EE677A80EE277A37EE267A00F0C28034
:10A4DC00022B40F0B08007EBC909D9EDA07A97F8B0
:10A4EC00BD32C7EDB07A002B3FF43FACD7F88032C9
:10A4FC00C3ED007A002C3FF43BACB7EE007AD7EDFD
:10A50C00B37AF4EEC77AF1EE10FA00F38E80F5EE22
:10A51C00C07A0023F1EE10FA40F192877F4A536023
:10A52C0005F50043052293F8A41183F8A221002914
:10A53C0000F0518783F8A32140F20552A3F8A02123
:10A54C0095F8A832002B7FF4D1AC05F5005898F89B
:10A55C00FD2552B108F5B263D8F89415012ADB6DCC
:10A56C000B6002D0D8F89825136005F58043B3F83A
:10A57C004000012388F8FE3500283FF462AD43F615
:10A58C00C67200232A4404E0013399B28142BFF41D
:10A59C0058AD32F8021F0029F6D105EB830343F6C0
:10A5AC0048321A444FF07E53C2F8843049E55C4B74
:10A5BC00D7EDB27A0193FFF7BABB0023FFF7A0BB2C
:10A5CC00019B1B781BB10321564808F01FFD019B12
:10A5DC0040F60D221B78ADF824201BB109A80221EE
:10A5EC0008F014FD504606F0F7F95846B0EE408AD4
:10A5FC0006F0F2F9029B002219EE100A03F6AC23C6
:10A60C0083ED008A83ED010A9A6013B0BDEC068BD2
:10A61C00BDE8F04F06F0E6B8019B1B78002BD6D0B6
:10A62C000321414808F0F2FCD1E73C4B83ED017A61
:10A63C0076E75A6039E407EBC909D8EDA06AD9ED81
:10A64C00A07A76EEE76AE7EE267A48E7B1EE477B2A
:10A65C001746C0E69FED350A07EBC90927EE000A3D
:10A66C001CF03AF8B7EE007AF6EE007A98EDA06A94
:10A67C00D9EDA06A37EE400A60EE277A37EE677A9A
:10A68C0067EE867AE6EE877A29E705F5805941F67A
:10A69C001058274B09F58052A844C9F8343F92F85A
:10A6AC003921002A40F0DC8641F6387203F500703F
:10A6BC002A4453F8041B984242F8041BF9D105F5BF
:10A6CC00804305F54051B3F8400091F878E000283C
:10A6DC0040D043F6C67200232A44144605E00133E9
:10A6EC001FFA83FC844580F0CB8634F802CFF44506
:10A6FC00F5D103F2D2234FF07E5401EB8303C3F860
:10A70C00844091F87AC0002318E000BFAFF30080BA
:10A71C007C14AE47E17A743F00000000485F0120D2
:10A72C00704701208C33002088330020DB0F494018
:10A73C006C5F012001339CB284420BD232F8024F81
:10A74C006445F7D103F2D2234FF07E5201EB830321
:10A75C00C3F884200020D1F870E099F8E421014678
:10A76C0002E0C1B2914221D801F5CB73013005EB67
:10A77C008303D3F83C3B9845F3D1B9F884C089B234
:10A78C00BCF1000F12D041F25A000023284403E020
:10A79C0001339CB2644509D230F8024F8C42F7D198
:10A7AC0005EB830303F60873C3F800E0002099F867
:10A7BC009048014602E0C1B2A1421ED809EB8103C8
:10A7CC000130D3F840389845F5D1B9F830C789B283
:10A7DC00BCF1000F11D041F206700023284403E0B5
:10A7EC0001339CB2644508D230F8024F8C42F7D149
:10A7FC00F23309EB8303C3F8ECE12B68BE491B6908
:10A80C008B4240F05F86002005F64C24014601F592
:10A81C00CB73013005EB8303D3F83C3B9C4200F037
:10A82C003386C1B29142F2D905F5005809E405F519
:10A83C00005898F8FD2552B108F5B263D8F8941574
:10A84C00012ADB6D0B6002D0D8F89825136005F552
:10A85C0080430122B3F8403088F8FE25002B51D0FC
:10A86C0043F6C67100222944084603E0013294B233
:10A87C009C420CD230F8024F012CF7D105EB82022E
:10A88C0043F6483010444FF07E52C0F884200846FE
:10A89C00002203E0013294B29C420CD230F8024FF9
:10A8AC00002CF7D105EB820243F6483010444FF0F0
:10A8BC007E52C0F884200846002203E0013294B294
:10A8CC009C420CD230F8024F2B2CF7D105EB8202B4
:10A8DC0043F6483010444FF07E52C0F884200022DA
:10A8EC0003E0013290B298420CD231F8020F2C28BE
:10A8FC00F7D105EB820243F6483313444FF07E52F6
:10A90C00C3F8842005F58059002105F6C82499F870
:10A91C00E4010A4603E0CAB282423FF692AB02F56A
:10A92C00CB73013105EB8303D3F83C3B9C42F2D152
:10A93C00B9F8844092B2002C3FF483AB41F25A0137
:10A94C000023294404E0013398B2A042BFF479AB50
:10A95C0031F8020F9042F6D1FFF76DBB05F50058A8
:10A96C00002398F8FD2588F8FE355AB108F5B26336
:10A97C00D8F89415012AD86D086003D0DA6DD8F890
:10A98C0098351A6005F58043B3F84020002A40D072
:10A99C0043F6C67100232944084603E001339CB2F8
:10A9AC00A2420BD930F8024F012CF7D105EB8303EF
:10A9BC0043F6483018440023C0F88430084600237E
:10A9CC0003E001339CB2A2420CD930F8024F1A2C8E
:10A9DC00F7D105EB830343F6483018444FF07E5310
:10A9EC00C0F8843005F57043B3F8EC4C002303E059
:10A9FC00013398B282420CD931F8020FA042F7D140
:10AA0C0005EB830343F648321A444FF07E53C2F8E9
:10AA1C00843005F58059002105F6F82499F8E401F5
:10AA2C000A4603E0CAB282423FF60BAB02F5CB7387
:10AA3C00013105EB8303D3F83C3B9C42F2D1B9F8CE
:10AA4C00844092B2002C3FF4FCAA41F25A0100233C
:10AA5C00294404E0013398B2A042BFF4F2AA31F8C1
:10AA6C00020F9042F6D1FFF7E6BA05F50058002325
:10AA7C0098F8FD2588F8FE355AB108F5B263D8F878
:10AA8C009415012AD86D086003D0DA6DD8F8983582
:10AA9C001A6005F58043B3F84030002B52D043F6D2
:10AAAC00C67100222944084603E0013294B29C424C
:10AABC000BD230F8024F012CF7D105EB820243F692
:10AACC00483010440022C0F884200846002203E0DD
:10AADC00013294B29C420BD230F8024F002CF7D1C9
:10AAEC0005EB820243F6483010440022C0F8842063
:10AAFC000846002206E000BFF9000000013294B2C3
:10AB0C009C420CD230F8024F292CF7D105EB820273
:10AB1C0043F6483010444FF07E52C0F88420002297
:10AB2C0003E0013290B298420CD231F8020F2A287D
:10AB3C00F7D105EB820243F6483313444FF07E52B3
:10AB4C00C3F8842005F58059002105F52E6499F889
:10AB5C00E4010A4603E0CAB282423FF672AA02F549
:10AB6C00CB73013105EB8303D3F83C3B9C42F2D110
:10AB7C00B9F8844092B2002C3FF463AA41F25A0116
:10AB8C000023294404E0013398B2A042BFF459AA2F
:10AB9C0031F8020F9042F6D1FFF74DBA284605F571
:10ABAC000058FEF7DBFDFFF74CBA05F5005898F896
:10ABBC00FD2552B108F5B263D8F89415012ADB6D66
:10ABCC000B6002D0D8F89825136005F5804301225C
:10ABDC00B3F8403088F8FE25002B50D043F6C671F0
:10ABEC0000222944084603E0013294B2A3420CD956
:10ABFC0030F8024F012CF7D105EB820243F64830B6
:10AC0C0010444FF07E52C0F884200846002203E026
:10AC1C00013294B29C420BD230F8024F002CF7D187
:10AC2C0005EB820243F6483010440022C0F8842021
:10AC3C000846002203E0013294B29C420CD230F858
:10AC4C00024F272CF7D105EB820243F64830104413
:10AC5C004FF07E52C0F88420002203E0013290B203
:10AC6C0098420CD231F8020F2828F7D105EB82025A
:10AC7C0043F6483313444FF07E52C3F8842005F555
:10AC8C008059002105F6EC2499F8E4010A4603E00A
:10AC9C00CAB29042FFF4D5A902F5CB73013105EB92
:10ACAC008303D3F83C3B9C42F2D1B9F8844092B276
:10ACBC00002C3FF4C6A941F25A010023294404E0B8
:10ACCC00013398B2A042BFF4BCA931F8020F9042F4
:10ACDC00F6D1FFF7B0B905F5005898F8FD2552B13B
:10ACEC0008F5B263D8F89415012ADB6D0B6002D01D
:10ACFC00D8F89825136005F580430122B3F840304D
:10AD0C0088F8FE25002B51D043F6C6710022294449
:10AD1C00084603E0013294B2A3420CD930F8024F3A
:10AD2C00012CF7D105EB820243F6483010444FF06A
:10AD3C007E52C0F884200846002203E0013294B20F
:10AD4C00A3420CD930F8024F002CF7D105EB82024C
:10AD5C0043F6483010444FF07E52C0F88420084629
:10AD6C00002203E0013294B29C420CD230F8024F24
:10AD7C00252CF7D105EB820243F6483010444FF0F6
:10AD8C007E52C0F88420002203E0013290B2984237
:10AD9C000CD231F8020F2628F7D105EB820243F6CC
:10ADAC00483313444FF07E52C3F8842005F5805984
:10ADBC00002105F6A42499F8E4010A4603E0CAB27E
:10ADCC0082423FF63EA902F5CB73013105EB8303BA
:10ADDC00D3F83C3B9C42F2D1B9F8844092B2002C9F
:10ADEC003FF42FA941F25A010023294404E0013316
:10ADFC0098B284427FF625A931F8020F9042F6D121
:10AE0C00FFF719B905F50058002398F8FD2588F8C7
:10AE1C00FE355AB108F5B263D8F89415012AD86DED
:10AE2C00086003D0DA6DD8F898351A6005F58043C0
:10AE3C00B3F8401041B343F6C67200232A441046BF
:10AE4C0003E001339CB28C420BD230F8024F012C40
:10AE5C00F7D105EB830343F6483018440023C0F8C0
:10AE6C008430002303E0013398B288420CD232F8CC
:10AE7C00020F2428F7D105EB830343F648321A441A
:10AE8C004FF07E53C2F8843005F58059002105F649
:10AE9C00BC2499F8E4010A4602E0CAB282421FD8E7
:10AEAC0002F5CB73013105EB8303D3F83C3B9C4299
:10AEBC00F3D1B9F8844092B294B141F25A01002313
:10AECC00294403E0013398B2844209D931F8020FC6
:10AEDC009042F7D105EB8303C04A03F608731A605E
:10AEEC00002105F6D42499F890080A4603E0CAB26A
:10AEFC0082423FF6A6A809EB82030131D3F8403811
:10AF0C009C42F4D1B9F8304792B2002C3FF499A886
:10AF1C0041F206710023294404E0013398B2A042A7
:10AF2C00BFF48FA831F8020F9042F6D1F2334FF0F4
:10AF3C007D5209EB8303C3F8EC21FFF782B805F5CA
:10AF4C000058002398F8FD2588F8FE355AB108F50D
:10AF5C00B263D8F89415012AD86D086003D0DA6D65
:10AF6C00D8F898351A6005F58043B3F84020002ACC
:10AF7C003DD043F6C67100232944084603E0013353
:10AF8C009CB2A2420CD930F8024F082CF7D105EB39
:10AF9C00830343F6483018444FF07E53C0F8843096
:10AFAC000846002303E001339CB2A2420CD930F8CE
:10AFBC00024F162CF7D105EB830343F648301844A7
:10AFCC004FF07E53C0F88430002303E0013398B275
:10AFDC0082420CD931F8020F0028F7D105EB83031C
:10AFEC0043F648321A444FF07E53C2F8843005F5CC
:10AFFC008059002105F6A42499F8E4010A4603E0DF
:10B00C00CAB29042FFF41DA802F5CB73013105EBD7
:10B01C008303D3F83C3B9C42F2D1B9F8844092B202
:10B02C00002C3FF40EA841F25A010023294404E0FD
:10B03C00013398B284427FF604A831F8020F904293
:10B04C00F6D1FEF7F8BF05F5005898F8FD2552B17A
:10B05C0008F5B263D8F89415012ADB6D0B6002D0A9
:10B06C00D8F89825136005F580430122B3F84030D9
:10B07C0088F8FE25002B51D043F6C67100222944D6
:10B08C00084603E0013294B2A3420CD930F8024FC7
:10B09C000F2CF7D105EB820243F6483010444FF0E9
:10B0AC007E52C0F884200846002203E0013294B29C
:10B0BC00A3420CD930F8024F182CF7D105EB8202C1
:10B0CC0043F6483010444FF07E52C0F884200846B6
:10B0DC00002203E0013294B2A3420CD930F8024FA3
:10B0EC000A2CF7D105EB820243F6483010444FF09E
:10B0FC007E52C0F88420002203E0013290B29842C4
:10B10C000CD231F8020F0028F7D105EB820243F67E
:10B11C00483313444FF07E52C3F8842005F5805910
:10B12C00002105F6D42499F8E4010A4603E0CAB2DA
:10B13C0082423EF686AF02F5CB73013105EB8303F9
:10B14C00D3F83C3B9C42F2D1B9F8844092B2002C2B
:10B15C003EF477AF41F25A010023294404E0013355
:10B16C0098B2A042BEF46DAF31F8020F9042F6D106
:10B17C00FEF761BF05F5005898F8FD2552B108F5AA
:10B18C00B263D8F89415012ADB6D0B6002D0D8F8A5
:10B19C009825136005F580430122B3F8403088F8F8
:10B1AC00FE25002B53D043F6C671002229440846D5
:10B1BC0003E0013294B29C420CD230F8024F012CC5
:10B1CC00F7D105EB820243F6483010444FF07E5223
:10B1DC00C0F884200846002206E000BFCDCC4C3FCE
:10B1EC00013294B2A3420CD930F8024F172CF7D18C
:10B1FC0005EB820243F6483010444FF07E52C0F803
:10B20C0084200846002203E0013294B29C420CD206
:10B21C0030F8024F192CF7D105EB820243F6483077
:10B22C0010444FF07E52C0F88420002203E001321B
:10B23C0090B298420BD231F8020F0028F7D105EBEF
:10B24C00820243F6483313440022C3F8842005F5E8
:10B25C008059002105F6A42499F8E4010A4603E07C
:10B26C00CAB282423EF6EDAE02F5CB73013105EB6C
:10B27C008303D3F83C3B9C42F2D1B9F8844092B2A0
:10B28C00002C3EF4DEAE41F25A010023294404E0C6
:10B29C00013398B284427EF6D4AE31F8020F90425C
:10B2AC00F6D1FEF7C8BE05F50058002398F8FD2529
:10B2BC0088F8FE355AB108F5B263D8F89415012A0E
:10B2CC00D86D086003D0DA6DD8F898351A6005F59A
:10B2DC008043B3F84030002B51D043F6C6710022A6
:10B2EC002944084603E0013294B2A3420CD930F849
:10B2FC00024F112CF7D105EB820243F64830104473
:10B30C004FF07E52C0F884200846002203E0013240
:10B31C0094B2A3420CD930F8024F172CF7D105EB9D
:10B32C00820243F6483010444FF07E52C0F884201D
:10B33C000846002203E0013294B2A3420CD930F843
:10B34C00024F052CF7D105EB820243F6483010442E
:10B35C004FF07E52C0F88420002203E0013290B2FC
:10B36C0098420CD231F8020F0028F7D105EB82027B
:10B37C0043F6483313444FF07E52C3F8842005F54E
:10B38C008059002105F6F81499F8E4010A4603E007
:10B39C00CAB29042FEF455AE02F5CB73013105EB07
:10B3AC008303D3F83C3B9C42F2D1B9F8844092B26F
:10B3BC00002C3EF446AE41F25A010023294404E02D
:10B3CC00013398B284427EF63CAE31F8020F9042C3
:10B3DC00F6D1FEF730BE83F8A32195F8A832002BE6
:10B3EC003FF4B3A8FEF782BDAB4BFEF7CDBCAB4E22
:10B3FC00092B4FF02100A6FB03124FEAD20202EBFD
:10B40C008201A3EB410101F130018DF845107EF66C
:10B41C00F5AF0138A6FB02311446C0B2C908092C9D
:10B42C0000F148030DEB030501EB8103A2EB430391
:10B43C000A4603F1300305F8243CEAD8FEF7DEBFD8
:10B44C00954BC3ED017AFFF76BB8019B1B78002B72
:10B45C003FF4BDA80321924807F0D8FDFFF7B7B819
:10B46C001C46C34603F5007AB4EC010A5BF8040FE2
:10B47C0019F0DAFAA2458BED890AF5D1FFF71FB95D
:10B48C0091F87AC0FFF73FB9B9F8844089B2002C23
:10B49C003FF4CAA941F25A0200232A4404E00133C2
:10B4AC0098B2A042BFF4C0A932F8020F8842F6D17C
:10B4BC0005EB83037B4A05F5005803F608731A6005
:10B4CC00FEF7BFBD284605F500589847FEF7B9BDF5
:10B4DC0005F5805941F69408734B99F8BB2CA84498
:10B4EC00C9F8B43A002A64D141F6B82203F50071C8
:10B4FC002A4453F8040B8B4242F8040BF9D105F59E
:10B50C00804305F54051B3F8400091F878C0D0B1B4
:10B51C0043F6C67200232A44144634F802EFE6457B
:10B52C0056D001331FFA83FE8645F6D391F8794045
:10B53C00002332F802CFA44500F0A48001331FFA97
:10B54C0083FC6045F5D80020CC6E99F8E4210346C5
:10B55C0003F5CB71013005EB8101D1F83C1B88451B
:10B56C0041D0C3B29342F3D9002199F890C80B464D
:10B57C0009EB83000131D0F84008804547D0CBB2AD
:10B58C006345F5D92B684949DB688B4253D10020C0
:10B59C0005F64C24034603F5CB71013005EB810114
:10B5AC00D1F83C1B8C4252D0C3B29342F3D9FFF773
:10B5BC003BB91C46C24603F5007BB4EC010A5AF8B1
:10B5CC00040F19F031FAA3458AED880AF5D196E7F4
:10B5DC0003F2D2234FF07E5401EB8303C3F8844073
:10B5EC0091F87940A4E7B9F884C099B2BCF1000F86
:10B5FC00BAD041F25A000023284430F802EF8E45AD
:10B60C003AD001331FFA83FEF445F6D8ACE7B9F80B
:10B61C0030C799B2BCF1000FB4D041F206700023D0
:10B62C00284430F802EF8E450BD001331FFA83FE0D
:10B63C00E645F6D3A6E7284605F500589847FEF7E9
:10B64C0000BDF23309EB8303C3F8EC419AE7B9F878
:10B65C0084009AB200283FF4E7A841F25A01002373
:10B66C00294431F8024F94423FF422AF01339CB28B
:10B67C00A042F6D8FFF7D8B805EB830303F608739E
:10B68C001C6071E703F2D2234FF07E5201EB83036F
:10B69C00C3F8842057E700BF485F0120CDCCCCCC49
:10B6AC0084330020CDCC4C3F6C5F0120F9000000AE
:10B6BC00704700BF704700BF704700BF704700BFA6
:10B6CC00704700BF90F86820092A00F28280D0ED04
:10B6DC00177A034690ED167AF4EEE07A70B5F1EE37
:10B6EC0010FA77D593ED197A002A7AD0B4EEC07A95
:10B6FC00F1EE10FA7AD4D3ED026AB4EEE60AF1EE6A
:10B70C0010FA00F1FA80012A4CD0D3ED046AB4EEA1
:10B71C00E60AF1EE10FA7FD4022A43D0D3ED066A82
:10B72C00B4EEE60AF1EE10FA00F1EA80032A39D001
:10B73C00D3ED086AB4EEE60AF1EE10FA00F1E380FC
:10B74C00042A2FD0D3ED0A6AB4EEE60AF1EE10FA11
:10B75C0000F1DC80052A25D0D3ED0C6AB4EEE60AA4
:10B76C00F1EE10FA00F1D580062A1BD0D3ED0E6A4B
:10B77C00B4EEE60AF1EE10FA00F1CE80072A11D0F1
:10B78C00D3ED106AB4EEE60AF1EE10FA00F1C780C0
:10B79C00092A07D1D3ED126AB4EEE60AF1EE10FADB
:10B7AC0000F1A280D3ED187A0132F4EE407A83F8DE
:10B7BC006820F1EE10FA70FE277AB4EEC07AC3ED71
:10B7CC00187AF1EE10FA58BFB0EE470A83ED190A59
:10B7DC0070BD7047B4EEE07AF1EE10FA77FE207A85
:10B7EC0080E783ED020AC3ED037ADBE703EBC201CA
:10B7FC00013281ED020AC1ED037AD3ED187A83F898
:10B80C006820B4EEE70AF1EE10FA02D493ED197A3F
:10B81C00D3E783ED180AD9E74FF0010C0CF10101C5
:10B82C000CF1020E0CF101055FFA8CF403EBC10173
:10B83C0003EBCE0EAA4203C98EE803004BD9A61C1B
:10B84C000CF10305F6B203EBC505B2429EE803000A
:10B85C0085E803003FD9E61C0CF1040EF6B203EBAD
:10B86C00CE0EB2428EE8030035D9261D0CF105052B
:10B87C00F6B203EBC505B24285E803002BD9661D71
:10B88C000CF1060EF6B203EBCE0EB2428EE80300BC
:10B89C0021D9A61D0CF10705F6B203EBC505B24282
:10B8AC0085E8030017D9E61D0CF1080EF6B203EB80
:10B8BC00CE0EB2428EE803000DD908340CF1090506
:10B8CC00E4B203EBC505A24285E8030003D903F1FA
:10B8DC00500484E8030003EBCC0C8CED020ACCED95
:10B8EC00037A93ED197A5DE703F150044FF0080CDD
:10B8FC00D3E9120184E80300EDE74FF0000C8DE76B
:10B90C004FF0020C8AE74FF0030C87E74FF0040C62
:10B91C0084E74FF0050C81E74FF0060C7EE703F14E
:10B92C004804082AD3E9100198BF4FF0070C84E8AB
:10B93C000300D0D903F150054FF0070C94E8030035
:10B94C00C5E90001C7E700BFD2ED006A92ED017AAC
:10B95C0091ED024AD1ED037A24EE264AD1ED093A53
:10B96C0067EE877AD1ED076A2DE9F04134EE277A3C
:10B97C008EB037EE237A27EE267A77EE045AFDEE58
:10B98C00E56AB8EEE66AF4EEC65AF1EE10FA06D5A0
:10B99C0016EE903A013B06EE903AB8EEE66A77EE78
:10B9AC00276ABDEEC66AFDEEE65A16EE104AB8EEF0
:10B9BC00E56AF4EEC66AF1EE10FA06D515EE903A89
:10B9CC00013B05EE903AB8EEE56A33EE877AFDEE70
:10B9DC00C66ABDEEC76A16EE905AF8EEC66AB4EEA9
:10B9EC00E67AF1EE10FA06D516EE103A013B06EEA9
:10B9FC00103AF8EEC66ABDEEE67A631906EE904A86
:10BA0C0091ED086A17EE10CAB8EEC75AF8EEE65A6E
:10BA1C0006EE905A6344F8EEE66A07EE103AB8EE7A
:10BA2C00C77AE7EE465AE7EE466AA7EE465A34EE78
:10BA3C00654A77EEE67A73EEC53AB4EEE74AF1EE74
:10BA4C0010FAF4EEE37A1FDBF1EE10FAC0F200818B
:10BA5C00B7EE005A4FF0000E0127F0EE632AF0EE1D
:10BA6C00630AF04634EE450A764637EEC53A3B4655
:10BA7C00F0EE676A3A4633EEC55AF0EE435AF0EEF2
:10BA8C00404AB0EE402A1EE0F1EE10FA40F1BE80C2
:10BA9C00F7EE004A4FF0010E0023B0EE442AF0EE10
:10BAAC00676A774673EEE40AF04637EEE43A1E46D0
:10BABC00B0EE440A1A4674EE644AB0EE605AF0EEE8
:10BACC00435AF0EE602A9FEDBF7A5FFA8CFC8844F3
:10BADC00EDB2A4EE447A8E44E0440E44E6440F44A6
:10BAEC0098F8B8822E44E4B20A4446449EF8B882D0
:10BAFC00A7EEE77A07EB050E96F8B8622244C64427
:10BB0C000B4432448C449EF8B86223440D440C44DC
:10BB1C00A3EEE37A334492F8B864B0EE001A93F8CB
:10BB2C00B824F0EE081A9CF8B93236EE000AA6EEEC
:10BB3C00012A2B44A6EE013AB5EEC07A93F8B9323D
:10BB4C00E6EE012AE6EE214AF1EE10FA2344E6EE87
:10BB5C00215AA6EE215A93F8B93476EE266A76EE7F
:10BB6C00200A40F1DB809FED986ADFED967AE0EEDB
:10BB7C00407AE6EEE67AE0EEE07AF5EEC07AF1EEA7
:10BB8C0010FA40F1B480DFED906ADFED8E7AE2EED0
:10BB9C00427AE3EE437AE2EEE27AF5EEC07AF1EE27
:10BBAC0010FA40F18D809FED887ADFED867AE4EE15
:10BBBC00E47AE5EEE57AE5EE457AF5EEC07AF1EE5B
:10BBCC0010FA66D5DFED807A76EE266A9FED7F6AF5
:10BBDC00496800220BAD039036EE877A0C6808ABEF
:10BBEC00246877EE277A06920792089267EE867A97
:10BBFC0009920A920B920C920D9205AA0095CDED2A
:10BC0C00057AA04703980EB0BDE8F081B4EEE34A84
:10BC1C00F1EE10FA40F1B980F7EE004A4FF0010E48
:10BC2C000023B0EE442AF0EE630A774677EEE46A1E
:10BC3C00764673EEE42A9846B0EE440A1A4674EE41
:10BC4C00644AB0EE625AF0EE665AB0EE663A3AE7E3
:10BC5C00B4EEE34AF7EE005AB0EE673AF1EE10FAA2
:10BC6C007BDB34EE650A4FF0010E73EEE52A0027FC
:10BC7C00F0EE630A7346F0EE676A724677EEE55AA9
:10BC8C00B846B0EE625A3E46F0EE404AB0EE402A5C
:10BC9C0019E703EB430367EEA77A01EB830367EE27
:10BCAC00A77A93ED0B3AD3ED0A3A65EE835A93EDEE
:10BCBC000C4AE4EEA35AE5EE045A67EEA57A83E744
:10BCCC0002EB420267EEA77A01EB820267EEA77ADB
:10BCDC00D2ED0B3A92ED0A4A23EE233A92ED0C7A0E
:10BCEC00A2EE043AA2EE873A27EE837A5DE706EBE2
:10BCFC00460467EEA77A01EB840467EEA77AD4EDCD
:10BD0C000B3A94ED0A4A66EEA36A94ED0C7AE0EED7
:10BD1C00046AE0EE876A67EEA66A36E79CF8B872AA
:10BD2C0027EE077A3D4427EE077A95F8B8522C4453
:10BD3C0094F8B84404EB440401EB840494ED0B1A1E
:10BD4C00D4ED0A1A67EE817A94ED0C6AE4EE217A4E
:10BD5C00E3EE867A27EE276A07E773EEE50A4FF0E3
:10BD6C00010E34EE652A0027F0EE676A7346B0EEDA
:10BD7C00440AF04677EEE55A3E46B0EE605A3A4633
:10BD8C00F0EE424AF0EE602A9DE6B7EE005A4FF014
:10BD9C00000E0127F0EE632AF0EE630AF04677EE10
:10BDAC00C56A724634EE452A3B46B0EE440A3E461E
:10BDBC0033EEC55AF0EE665AF0EE424AB0EE663AF1
:10BDCC0081E600BF9A99193F000000000000004274
:10BDDC00D2ED006A92ED017A91ED024AD1ED037A2F
:10BDEC0024EE264AD1ED093A67EE877AD1ED076A3F
:10BDFC002DE9F04134EE277A8EB037EE237A27EE18
:10BE0C00267A77EE045AFDEEE56AB8EEE66AF4EEB1
:10BE1C00C65AF1EE10FA06D516EE903A013B06EE34
:10BE2C00903AB8EEE66A77EE276ABDEEC66AFDEE8A
:10BE3C00E65A16EE104AB8EEE56AF4EEC66AF1EE72
:10BE4C0010FA06D515EE903A013B05EE903AB8EE95
:10BE5C00E56A33EE877AFDEEC66ABDEEC76A16EE6A
:10BE6C00905AF8EEC66AB4EEE67AF1EE10FA06D500
:10BE7C0016EE103A013B06EE103AF8EEC66ABDEE2D
:10BE8C00E67A631906EE904A91ED086A17EE10CA2D
:10BE9C00B8EEC75AF8EEE65A06EE905A6344F8EE3E
:10BEAC00E66A07EE103AB8EEC77AE7EE465AE7EEC6
:10BEBC00466AA7EE465A34EE654A77EEE67A73EE9A
:10BECC00C53AB4EEE74AF1EE10FAF4EEE37A1FDB72
:10BEDC00F1EE10FAC0F20081B7EE005A4FF0000EEE
:10BEEC000127F0EE632AF0EE630AF04634EE450AC1
:10BEFC00764637EEC53A3B46F0EE676A3A4633EE85
:10BF0C00C55AF0EE435AF0EE404AB0EE402A1EE01D
:10BF1C00F1EE10FA40F1BE80F7EE004A4FF0010E40
:10BF2C000023B0EE442AF0EE676A774673EEE40A1B
:10BF3C00F04637EEE43A1E46B0EE440A1A4674EE6A
:10BF4C00644AB0EE605AF0EE435AF0EE602A9FED70
:10BF5C00BF7A5FFA8CFC8844EDB2A4EE447A8E442E
:10BF6C00E0440E44E6440F4498F8B8822E44E4B200
:10BF7C000A4446449EF8B882A7EEE77A07EB050E12
:10BF8C0096F8B8622244C6440B4432448C449EF862
:10BF9C00B86223440D440C44A3EEE37A334492F884
:10BFAC00B864B0EE001A93F8B824F0EE081A9CF8B6
:10BFBC00B93236EE000AA6EE012A2B44A6EE013A5F
:10BFCC00B5EEC07A93F8B932E6EE012AE6EE214AD4
:10BFDC00F1EE10FA2344E6EE215AA6EE215A93F81C
:10BFEC00B93476EE266A76EE200A40F1DB809FEDBE
:10BFFC00986ADFED967AE0EE407AE6EEE67AE0EECD
:10C00C00E07AF5EEC07AF1EE10FA40F1B480DFED93
:10C01C00906ADFED8E7AE2EE427AE3EE437AE2EE5C
:10C02C00E27AF5EEC07AF1EE10FA40F18D809FEDD8
:10C03C00887ADFED867AE4EEE47AE5EEE57AE5EEF1
:10C04C00457AF5EEC07AF1EE10FA66D5DFED807A1E
:10C05C0076EE266A9FED7F6A496800220BAD03904D
:10C06C0036EE877A0C6808AB246877EE277A06924E
:10C07C000792089267EE867A09920A920B920C92BA
:10C08C000D9205AA0095CDED057AA04703980EB048
:10C09C00BDE8F081B4EEE34AF1EE10FA40F1B9805C
:10C0AC00F7EE004A4FF0010E0023B0EE442AF0EEFA
:10C0BC00630A774677EEE46A764673EEE42A98468E
:10C0CC00B0EE440A1A4674EE644AB0EE625AF0EED0
:10C0DC00665AB0EE663A3AE7B4EEE34AF7EE005A27
:10C0EC00B0EE673AF1EE10FA7BDB34EE650A4FF0F6
:10C0FC00010E73EEE52A0027F0EE630A7346F0EEAC
:10C10C00676A724677EEE55AB846B0EE625A3E461A
:10C11C00F0EE404AB0EE402A19E703EB430367EE1A
:10C12C00A77A01EB830367EEA77A93ED0B3AD3ED75
:10C13C000A3A65EE835A93ED0C4AE4EEA35AE5EE07
:10C14C00045A67EEA57A83E702EB420267EEA77A00
:10C15C0001EB820267EEA77AD2ED0B3A92ED0A4A16
:10C16C0023EE233A92ED0C7AA2EE043AA2EE873A31
:10C17C0027EE837A5DE706EB460467EEA77A01EBC0
:10C18C00840467EEA77AD4ED0B3A94ED0A4A66EE76
:10C19C00A36A94ED0C7AE0EE046AE0EE876A67EE2F
:10C1AC00A66A36E79CF8B87227EE077A3D4427EE6C
:10C1BC00077A95F8B8522C4494F8B84404EB44042C
:10C1CC0001EB840494ED0B1AD4ED0A1A67EE817A14
:10C1DC0094ED0C6AE4EE217AE3EE867A27EE276A78
:10C1EC0007E773EEE50A4FF0010E34EE652A0027DF
:10C1FC00F0EE676A7346B0EE440AF04677EEE55A05
:10C20C003E46B0EE605A3A46F0EE424AF0EE602AF4
:10C21C009DE6B7EE005A4FF0000E0127F0EE632AB0
:10C22C00F0EE630AF04677EEC56A724634EE452AA4
:10C23C003B46B0EE440A3E4633EEC55AF0EE665A23
:10C24C00F0EE424AB0EE663A81E600BF9A99193F89
:10C25C000000000000000042806E70470120704713
:10C26C004430704703207047006F7047C06E7047B2
:10C27C002DE9F04F0646D0F8E0000D4603682DED91
:10C28C00028B1B6885B098472968A34ACB699342F7
:10C29C0040F0388140F23B2805F12407DFED9F8AFE
:10C2AC009FED9F8A0024DFF880B2DFF8809261E076
:10C2BC0005F5805322465046019493F85ECFBCF1AD
:10C2CC00000F6BD12B7A1BB1C2F1005202F23A2251
:10C2DC006B6803EBC2031A6802925B6803930B69E9
:10C2EC004B4540F0AE8038460378427813433BD040
:10C2FC00D6ED3E7ADDED026A96ED3C6A76EEE76AA3
:10C30C009DED037A36EE676A66EEA86AC6EE867A0B
:10C31C0077EE887AF4EEE87AF1EE10FA00F3958075
:10C32C00F5EEC07AF1EE10FA00F1D880D6ED3F6A46
:10C33C00F3EE095A96ED3D6AFCEEE77A37EE667A33
:10C34C0036EE666A17EE903A67EE256A99B286EE7B
:10C35C00867A37EE087AB4EEE57AF1EE10FA40F30D
:10C36C00C3803F2940F2D58001340337444580F027
:10C37C00AA8029688B681FFA84FA5B4540F0A88074
:10C38C00B4F50F7F94D305F5805340F23B2293F81C
:10C39C005ECF10460192BCF1000F93D0B3F8602F22
:10C3AC00DDED017AB0FBF2FC02FB1C00B8EEE77A83
:10C3BC0007EE902A03F66C7280B2F8EEE76AB8EEDC
:10C3CC00676A07EE900AF8EEE77A37EE677AC7EEFF
:10C3DC00265AD2ED006A03F6647292ED007A03F5E8
:10C3EC00776236EE877A37EE667A67EE277A87EED3
:10C3FC00867A37EE267AD2ED006A03F66872D2EDB1
:10C40C00007AB3F8622F76EEA77A8DED027A06EEFB
:10C41C00102A03F6747203F6787377EEE67A82EDDF
:10C42C00007AB8EE466A65EEA75AC5EE867A77EEC4
:10C43C00A67AC3ED007A0B69CDED037A4B453FF438
:10C44C0052AF5146284698474EE72022CF233A2137
:10C45C00D6ED3F7AB3EE096AD6ED3D6A37EE677AD0
:10C46C0076EEE76A67EE067A87EEA67A37EE087AFA
:10C47C00B4EEC67AF1EE10FA1BDCB5EEC07AF1EE32
:10C48C0010FA2FD40122BCEEC77A17EE103A9BB2E9
:10C49C001F2B8CBF002202F00102002A3FF464AF74
:10C4AC00CA43C90801EBC30302F0070101228A4009
:10C4BC00D2B21C4901340337C85C444542EA00023D
:10C4CC00CA54FFF456AF05B0BDEC028BBDE8F08F3B
:10C4DC002946524602A89847296800E78022C823BB
:10C4EC000021B5E70023DBE7B5EEC07A3F298CBF0E
:10C4FC0000220122F1EE10FAC5D50023002A3FF4E8
:10C50C0033AFCDE72846984780460028DBD0296812
:10C51C00C2E61923C4E700BF7D0200000000684298
:10C52C0000000000E84801208D010000E505000036
:10C53C0090F84420042A00F25A81D0ED0E6A03468A
:10C54C0090ED0D6AF5EEC06A70B5F1EE10FA40F19F
:10C55C004F81B0EE667A002A00F05581D3ED107A47
:10C56C00DFEDCC5AF4EEE57AF1EE10FA00F1C88169
:10C57C00D3ED035AF5EEC05AF1EE10FA00F37B82BC
:10C58C00012A1BD0D3ED055AF5EEC05AF1EE10FA84
:10C59C0000F31F82022A11D0D3ED075AF5EEC05AD0
:10C5AC00F1EE10FA00F3B282042A07D1D3ED095A46
:10C5BC00F5EEC05AF1EE10FA00F33E8293ED0F7ACD
:10C5CC000132B5EEC07AD2B283F84420F1EE10FA03
:10C5DC00F5EEC07AC8BF9FEDAF7AF1EE10FA01D537
:10C5EC00DFEDAC7A052A83ED0F7AC3ED107A00F0FB
:10C5FC00FD80F7EE005AF4EEE56AF1EE10FA00F168
:10C60C000981B4EEE56AB6EE005AF1EE10FAF4EEDA
:10C61C00C57A76FE255AF1EE10FA00F10581D3EDBC
:10C62C00034AF4EEC54AF1EE10FA00F32782012A10
:10C63C001BD0D3ED054AF4EEC54AF1EE10FA00F327
:10C64C009481022A11D0D3ED074AF4EEC54AF1EEDB
:10C65C0010FA00F37F82042A07D1D3ED094AF4EED5
:10C66C00C54AF1EE10FA00F3F181F6EE005A02F130
:10C67C00010C5FFA8CFCB4EE657A83F844C0F1EEE1
:10C68C0010FAF4EE657A35FE877AF1EE10FA48BFAF
:10C69C00F0EE657ABCF1050F83ED0F7AC3ED107ADD
:10C6AC0000F0A480F5EEC06AF1EE10FA00F1D38030
:10C6BC00B5EEC06A9FED775AF7EE005AF1EE10FA1C
:10C6CC00F4EEE57A36FE055AF1EE10FA00F1CD8063
:10C6DC00D3ED034AF4EEE54AF1EE10FA00F3C08113
:10C6EC00D3ED054AF4EEE54AF1EE10FA00F3D680EC
:10C6FC00BCF1020F12D0D3ED074AF4EEE54AF1EE8D
:10C70C0010FA00F3F181BCF1040F07D1D3ED094A03
:10C71C00F4EEE54AF1EE10FA00F32E82F7EE005A31
:10C72C000CF1010C5FFA8CF2B4EE657A83F84420BC
:10C73C00F1EE10FAF4EE657A35FE877AF1EE10FA26
:10C74C0048BFF0EE657A052A83ED0F7AC3ED107AB7
:10C75C004CD0F5EEC06AF1EE10FA07D4B5EEC06A13
:10C76C00DFED4C6AF1EE10FA76FE266A9FED4A6A0E
:10C77C00F4EEC67AF1EE10FA00F1D880D3ED035A3C
:10C78C00F4EEC65AF1EE10FA00F37B81D3ED055AA4
:10C79C00F4EEC65AF1EE10FA00F3A381D3ED075A6A
:10C7AC00F4EEC65AF1EE10FA00F3C281042A07D156
:10C7BC00D3ED095AF4EEC65AF1EE10FA00F3E58106
:10C7CC009FED356A0132B4EE467A83F84420F1EEDF
:10C7DC0010FAF4EE467A36FE077AF1EE10FA48BFFC
:10C7EC00F0EE467A83ED0F7AC3ED107A70BD704788
:10C7FC00B5EEC06A9FED277AF1EE10FA36FE077A95
:10C80C00002A7FF4ABAE0021D3ED107A83ED047ACD
:10C81C00D960D3E6B6EE005AF0EE665AF4EEC57A5D
:10C82C00F1EE10FA7FF5FBAEB4EEC57A02F1010C15
:10C83C0003EBC2025FFA8CFCF1EE10FA82ED035AA4
:10C84C00C2ED045A83F844C040F38680B0EE457ABA
:10C85C00F0EE457A1EE7F7EE005AB0EE665AF4EEAB
:10C86C00E57AF1EE10FA7FF533AFB4EEE57A0CF120
:10C87C00010203EBCC0CD2B2F1EE10FACCED035A60
:10C88C008CED045A83F844206CDDB0EE657AF0EE42
:10C89C00657A58E7000000000024744903F1140184
:10C8AC0003F11C02BCF1020F03C982E8030040F241
:10C8BC00768102220125964603EBC20103EBC204EA
:10C8CC000C31143403C984E803000EF101016145F5
:10C8DC000ED203EBC2020EF1020E1C32F44594E8A8
:10C8EC00030082E8030003D903F12C04C4E900011E
:10C8FC0003EBC5054FF07E5285ED045AEA600DE757
:10C90C0003EBC2010132C1ED035AD2B281ED047ABC
:10C91C0093ED0F7A83F84420B5EEC07AF1EE10FA5D
:10C92C0017DDB0EE657AF0EE657A5BE6B4EEC67AAA
:10C93C0003EBC201013281ED036AF1EE10FAC1ED95
:10C94C00046A83F844200ADDB0EE467AF0EE467AAB
:10C95C0048E7F0EE657A45E6F0EE457A9AE6F0EEB9
:10C96C00467A3FE7F0EE657AEDE64FF0010C03EB0B
:10C97C00CC0E0CF101055FFA8CF47146AA420EF153
:10C98C00140E01F10C0103C98EE8030018D9A61C82
:10C99C0003EBCC05F6B21C359EE80300B24285E8E9
:10C9AC0003000DD9033403EBCC0EE4B20EF1240ECC
:10C9BC00A2428EE8030003D903F12C0484E803009F
:10C9CC0003EBCC0C4FF07C51CCED045ACCF80C1092
:10C9DC004BE64FF0010C03EBCC0E0CF101055FFAAA
:10C9EC008CF47146AA420EF1140E01F10C0103C92C
:10C9FC008EE8030018D9A61C03EBCC05F6B21C3547
:10CA0C009EE80300B24285E803000DD9033403EB22
:10CA1C00CC0EE4B20EF1240EA2428EE8030003D930
:10CA2C0003F12C0484E8030003EBCC0C00218CED07
:10CA3C00047ACCF80C10C1E503F1240103F12C04A9
:10CA4C004FF0030C03C984E80300EDE703F1240164
:10CA5C0003F12C044FF0030C03C984E80300AFE787
:10CA6C0003F10C0103F11402002503C982E8030051
:10CA7C000122964620E74FF0000CACE74FF0000C7B
:10CA8C0075E74FF0000E03EBCE0C0EF1020603EB34
:10CA9C00CE04614696420CF1140C04F11C0401F115
:10CAAC000C015FFA8EF503C98CE8030084E80300DF
:10CABC000FD20335EEB203EBCE05964205F12405F9
:10CACC0094E8030085E8030003D203F12C0484E806
:10CADC00030003EBCE0E3849CEED046ACEF80C10F1
:10CAEC006EE64FF0010ECEE703F11C0103F12402B8
:10CAFC00BCF1030F03C982E8030058D903F12C04DD
:10CB0C00022592E80300C4E90001F1E603F11C01DF
:10CB1C0003F12404032A03C984E8030041D903F177
:10CB2C002C054FF0020C94E80300C5E900017BE7EB
:10CB3C0003F11C0103F12404032A03C984E8030054
:10CB4C0037D903F12C054FF0020E94E80300C5E928
:10CB5C000001BEE703F11C0103F12404032A03C9FD
:10CB6C0084E8030020D903F12C054FF0020C94E863
:10CB7C000300C5E9000123E703F1240103F12C02B2
:10CB8C00032503C982E80300B2E603F1240103F193
:10CB9C002C044FF0030E03C984E8030099E7012528
:10CBAC00A6E64FF0020C3FE74FF0020C08E7022517
:10CBBC009EE64FF0020E8CE7002474497C307047DF
:10CBCC0030B583B004467C31069D0095FEF7BCFE63
:10CBDC00204603B030BD00BFB7EE007AD0ED157A19
:10CBEC0006490022064B77EEC77A81648263436460
:10CBFC00C0ED157AC0ED0D7A704700BF0000B4424D
:10CC0C000000C042183070475430704730B583B0C4
:10CC1C0004465431069D0095FFF7DAF8204603B020
:10CC2C0030BD00BF28307047B1F804C08A79A0F835
:10CC3C0000C08270704700BF0A682DE9F04F53693D
:10CC4C0087B0B94C0E460390A34240F0818101F1AC
:10CC5C00240302939369B5498B4240F05F8106F23D
:10CC6C00D569DFF8E4B20024D3695B4540F00E814E
:10CC7C0040F23B20A04240F20F810399B7EE007ABC
:10CC8C000B7AD1ED016A00215B08ADF8141007EEA8
:10CC9C00903AF8EEE77A77EEC77AA6EEA77AFDEE31
:10CCAC00C77A17EE901ACDED017A4F428F4224DAF3
:10CCBC009F4B48001B68002B00F025819D4981FB90
:10CCCC000315D9171D44C1EB25419B4D05FB1133B1
:10CCDC009A4D05FB01F144F2A71505FB0311002940
:10CCEC0080F218816FF000470F44914B1F60B7FB27
:10CCFC00F0F300FB1377019BFF1A019B012B40F310
:10CD0C00F1808B49581E0968002900F0FA80894B84
:10CD1C0083FB0135CB170D44C3EB2543864D05FB37
:10CD2C001311864D05FB03F344F2A71505FB0131E6
:10CD3C00002980F2F1806FF000430B447C49156CA4
:10CD4C000B60B3FBF0F100FB11387D4B9D4208F1F9
:10CD5C00010840F0CE80002F2146ADF8164040F37C
:10CD6C00BF800025DFF8E4A1536B534578D101F661
:10CD7C0074514FF6FF7336F811109942ADF8161036
:10CD8C000DD00135AF4203D1AAE0BD4280F2A8809C
:10CD9C0001F67451013536F811109942F5D1002382
:10CDAC00ADF8141001990025DDF808A01F460029E4
:10CDBC00B8BF0131B8EB610F3BDBEFB1BDF814101C
:10CDCC0004EB440301EB41013AF80100514429F80A
:10CDDC0003004B44897899700DB10134A4B2D36926
:10CDEC005B4577D140F23B20A04248D90135A8459C
:10CDFC0045D03268002FE1D104EB440309EB030169
:10CE0C008F7029F80370E7E704EB440309EB030187
:10CE1C008F7029F803700DB10134A4B2D2695A4550
:10CE2C005BD140F23B20A04229D90135454526D0A3
:10CE3C003268002FE8D0BDF8143004EB440103EB4A
:10CE4C00430309EB01000AEB030C9CF802E009F820
:10CE5C0001E01AF8033043709CF801308370DAE774
:10CE6C000DF1160230460135984700284DD0BD42D1
:10CE7C00BDF8161032687FF477AF034690E732683E
:10CE8C000134D369A4B25B453FF4F2AE3046984707
:10CE9C00A04232683FF6F1AE002440F23A25029FE0
:10CEAC000EE0AC4213D804EB4403013439F8030010
:10CEBC0009EB0301FA18A4B2F8528B78937032681C
:10CECC00D3695B45EDD0304698478442EBD307B02D
:10CEDC00BDE8F08F3046984786E730469047A2E78A
:10CEEC0001235DE7156C4FF00108154B9D423FF493
:10CEFC0032AF3B4605AA21463046A8473268034666
:10CF0C0050E7104B1AE70F4FEFE60346BDF816102B
:10CF1C00326845E70F46E8E60B460FE73046984780
:10CF2C00326881469DE600BFF1050000F505000062
:10CF3C00C04200205F0B4E831DF30100ECF4FFFF99
:10CF4C00F908000042CE0C1F7D0200000107000012
:10CF5C0008469847326802907CE600BF0A682DE9C3
:10CF6C00F04F536989B0824C8A460590A34240F039
:10CF7C00EF8001F1240B93697E498B4240F0F280E3
:10CF8C000AF2D563049300237B480293D369BDF85E
:10CF9C000810834240F0B38040F23B20884240F2BC
:10CFAC00B780059BB7EE007A187AD3ED016A40087A
:10CFBC00BDF8083007EE900A002003EB4303F8EEAF
:10CFCC00E77AADF81E00ADF81C00039377EEC77A34
:10CFDC00A6EEA77ABCEEC77A17EE100A84B21846F2
:10CFEC005B441BF800005F789E7801940090002C45
:10CFFC0063D00D4601244FF6FF79B0463EE04388DE
:10D00C0005F674515D48B3EB0906ADF81E30536B51
:10D01C0018BF0126834246D13AF81150B5EB0900EE
:10D02C00ADF81C5018BF01200134BDF81E1006B31A
:10D03C0001EB4103E8B10BEB030600981BF803303E
:10D04C0005EB450C184403460BEB0C001BF80CC00D
:10D05C001CFA83F39BB2009373781F44B378467821
:10D06C004344807816FA87F610FA83F3B7B21FFAA6
:10D07C0083F8E3B2019883421C461DD8136B01F66A
:10D08C0038303F4E0AEB4000B342B8D00DF11E02CF
:10D09C0050469847DAF8002006463848536B05F698
:10D0AC0074518342B8D0294607AA50469847BDF818
:10D0BC001C50DAF80020B7E746460299019B013173
:10D0CC005B0002910099B1FBF3F1B7FBF3F7B6FBF0
:10D0DC00F3F6FF29A8BFFF21FF2FDDE90303A8BF4B
:10D0EC00FF27FF2E19540344A8BFFF2622489F7028
:10D0FC005E70D369BDF8081083423FF44DAF0091C8
:10D10C00504698470099DAF8002088423FF649AF1C
:10D11C00002440F23A25049E0FE0AC4215D804EBF3
:10D12C0044030134F05AF1180BEB0302A4B22BF8B0
:10D13C0003008B789370DAF80020D3690E4A93427F
:10D14C00EBD0504698478442E9D309B0BDE8F08F44
:10D15C0008469847DAF800200649834693698B42C3
:10D16C003FF40EAF50469847DAF8002004900AE7D7
:10D17C00F1050000F50500007D020000010700002C
:10D18C00E5060000F8B50B680E4616485A6982424F
:10D19C0022D101F124040025134F15E040F23B206D
:10D1AC00854218D223780BB16433DBB262782370DA
:10D1BC000AB16432D2B2A37862700BB16433DBB2C1
:10D1CC00A370013533680334DB69BB42E6D03046CB
:10D1DC0098478542E6D3F8BD084690473368044625
:10D1EC00D9E700BFF10500007D020000704700BFC9
:10D1FC000A682DE9F04F536989B0804C8A46059036
:10D20C00A34240F0EA8001F1240B93697C498B42E4
:10D21C0040F0ED800AF2D563049300237948029321
:10D22C00D369BDF80810834240F0AE8040F23B2039
:10D23C00884240F2B280059BB7EE007A187AD3EDA3
:10D24C00016A4008BDF8083007EE900A002003EB95
:10D25C004303F8EEE77AADF81E00ADF81C0003931B
:10D26C0077EEC77AA6EEA77ABCEEC77A17EE100A4D
:10D27C0084B218465B441BF800005F789E780194DA
:10D28C000090002C5ED00D4601244FF6FF79B0467D
:10D29C0040E0B0F8863DB3EB0906ADF81E3018BF80
:10D2AC000126D36A05F6FC0157480AEB410183427B
:10D2BC003ED18D88B5EB0900ADF81C5018BF01208C
:10D2CC000134BDF81E1006B301EB4103E8B10BEBC2
:10D2DC00030600981BF8033005EB450C1844034675
:10D2EC000BEB0C001BF80CC01CFA83F39BB20093E5
:10D2FC0073781F44B37846784344807816FA87F6DF
:10D30C0010FA83F3B7B21FFA83F8E3B201988342A1
:10D31C001C4616D8936A0AEB41003C4EB342B8D077
:10D32C000DF11E0250469847DAF800200646B8E781
:10D33C00294607AA50469847BDF81C50DAF8002039
:10D34C00BEE746460299019B01315B0002910099B0
:10D35C00B1FBF3F1B7FBF3F7B6FBF3F6FF29A8BF6C
:10D36C00FF21FF2FDDE90303A8BFFF27FF2E195470
:10D37C000344A8BFFF2623489F705E70D369BDF895
:10D38C00081083423FF452AF0091504698470099E1
:10D39C00DAF8002088423FF64EAF002440F23A25DE
:10D3AC00049E0FE0AC4215D804EB44030134F05A50
:10D3BC00F1180BEB0302A4B22BF803008B789370DB
:10D3CC00DAF80020D3690F4A9342EBD050469847C5
:10D3DC008442E9D309B0BDE8F08F08469847DAF8E3
:10D3EC0000200749834693698B423FF413AF5046A4
:10D3FC009847DAF8002004900FE700BFF105000011
:10D40C00F50500007D020000C9060000B106000011
:10D41C0010B5134C236A13B1124AD168E1B9636A8F
:10D42C0013B1104AD16999B9A36A13B10D4AD16AE3
:10D43C0051B9E36A3BB10B4AD16B21B10121BDE873
:10D44C001040D163184710BD0121D1629847F0E715
:10D45C000121D1619847E7E70121D1609847DEE7C8
:10D46C00C04200200041084000207047704700BFB8
:10D47C00F8B50C4671B182B106468F180025336899
:10D48C00304614F8011B1B689847BC420544F6D182
:10D49C002846F8BD0D462846F8BD1546F8E700BFEE
:10D4AC0000234FF470410F224FF4604CA0F88C1104
:10D4BC004FF48061A0F88E21A0F89031B0F888214B
:10D4CC0092B242F0F002A0F8882148F2B822A0F8FB
:10D4DC0004C0C1804384038643804381C28143825C
:10D4EC00C3824383C383A0F864C0A0F86610A0F87D
:10D4FC008230A0F89030A0F86230A0F86A30A0F822
:10D50C006E20A0F87230A0F87630A0F87A30A0F82F
:10D51C007E30A0F8C4C0A0F8C610A0F8E230A0F885
:10D52C00F030A0F8C230A0F8CA30A0F8CE20A0F895
:10D53C00D230A0F8D630A0F8DA30A0F8DE30A0F85F
:10D54C0024C1A0F82611A0F84231A0F85031A0F85F
:10D55C002231A0F82A31A0F82E21A0F83231A0F8FF
:10D56C003631A0F83A31A0F83E31B0F888319BB290
:10D57C0043F00F03A0F88831B0F888319BB243F424
:10D58C007063A0F8883170470449054A4968054B17
:10D59C001960136801331360704700BF001000E07E
:10D5AC00784701207C47012030BFFDE7836BF0B446
:10D5BC001BB1536843F40043536072B6446B3CB3E5
:10D5CC001A4B2260D3F8B0410C421DD1184E77682B
:10D5DC0004E07468E41BB4F5166F0BD2D3F8404129
:10D5EC0044F48044C3F84041D3F8B851D3F84041D7
:10D5FC006404EED50D4007D10C4CC0E90225D4F8DB
:10D60C00B0310B43C4F8B031426362B6F0BC704722
:10D61C00064DC0E90224D5F8B0310B43C5F8B03142
:10D62C000263426362B6F0BC704700BF00002E403C
:10D63C00001000E00D4A92F8301092F83100CBB295
:10D64C0081420FD001330A49092B28BF0023134410
:10D65C0093F8343002EB430201EB4323B2F8402041
:10D66C00985C70474FF0FF30704700BFC0420020FD
:10D67C0080202020294B1B78002B4DD070B5284CD6
:10D68C00B4F8501001B970BD94F8530004F1600C5B
:10D69C00244B01260CEB4012C1F5006103EBC023B7
:10D6AC0084F8526040010D0419444CF8006003F5F5
:10D6BC00805045F080059360D06003F500505560B4
:10D6CC00106103F54050506103F5804090610020DB
:10D6DC00D061BFF34F8F4FF0E020C0F8703F203384
:10D6EC009942FAD8BFF34F8FBFF36F8F4FF480116D
:10D6FC000D48FFF75BFF94F853300133DBB2032B7B
:10D70C0088BF002384F853300023A4F85030BFF3B3
:10D71C004F8F84F8523070BD704700BF70470120A6
:10D72C00C042002080002020400200202DE9F84F4C
:10D73C00354D95F8303095F8312093425ED0DEB2FD
:10D74C0005F58078DFF8C8A04FF0E0244FF40037DF
:10D75C00DFED2E7A0136082E52D85FFA86F9AB1916
:10D76C00D5F8E0C0B5F80012012093F8343005EB81
:10D77C0043024FEA431EB2F8E4B0B2F84020ABEBE0
:10D78C00020B08EB4312ACEB0B0CC5F8E0C04FEAF4
:10D79C00014CC4F88C714CF0800C48F80E00D3612D
:10D7AC000AEB4323C2F804C003F5805C9360194470
:10D7BC00C2F80CC003F5005CC2F810C003F5405C65
:10D7CC00C2F814C003F5804CC2F818C0BFF34F8FD9
:10D7DC00C4F85C3F20339942FAD8BFF34F8FBFF3A4
:10D7EC006F8F082117EE900AFFF7E0FEC4F80C715A
:10D7FC0085F8309095F831309E42ABD1BDE8F88F6A
:10D80C000026B146ABE700BFC042002080010020DB
:10D81C0080202020194B012193F8532083F85210BB
:10D82C00B2B1586E8A4280F08000C0F3C0104FEA4B
:10D83C00C0200ED1D3F8A410090658BF00F5006023
:10D84C00032A0ED1BFF34F8F002283F8522070476A
:10D85C001046D3F88410090658BF00F50060022A60
:10D86C00E8D1D3F8C420120658BF00F50060BFF30E
:10D87C004F8F002283F85220704700BFC042002017
:10D88C00F8B5284C94F85230002B49D103F0FF0521
:10D89C00254B1B78002B43D0B4F8501000293FD0F7
:10D8AC0094F8530004F1600C204B01270CEB401250
:10D8BC00C1F5006103EBC02340010E0419444CF880
:10D8CC00007003F5805046F08006D561D06003F5FA
:10D8DC0000505660106103F540509360506103F5A1
:10D8EC0080409061BFF34F8F4FF0E020C0F8703F45
:10D8FC0020339942FAD8BFF34F8FBFF36F8F4FF499
:10D90C0080110B48FFF752FE94F853300133DBB211
:10D91C00032B88BF002384F853300023A4F8503025
:10D92C00F8BD00BFC04200207047012080002020BD
:10D93C004002002038B5EFF3108172B60E4CD4F8CB
:10D94C0004329BB100255A691846C4F8042202B16E
:10D95C00956171B962B69A68184659779047EFF39A
:10D96C00108172B6D4F80432002BECD101B962B636
:10D97C0038BD9A685D77F1E7C0420020844B854A38
:10D98C0085492DE9F0435E6988428CBF4FF012083F
:10D99C004FF00E089C69D768D3F8801007F01F0968
:10D9AC0041F0C001C145C3F8801007D268F30407E9
:10D9BC00D7601368002BFCDA07F01F0916F0007310
:10D9CC0024D1764A1169764A8A4300F0DA8084F4CD
:10D9DC00805231464FF4805511F0605F04D026F030
:10D9EC0060561E436A4B5E6112F4405F07D024F40C
:10D9FC004054674A2C439461936C1907FCD446F04D
:10DA0C000076634A5661936C9B06FCD44FF0010C74
:10DA1C000146644C634603FB011203F1010E0CF149
:10DA2C000105A24218D8BEF1080F4FF0010340F0D7
:10DA3C008A80BCF1040F00F28C804218A24200F2E2
:10DA4C009A8005FB00F1AC4603F1010E03FB0112B9
:10DA5C000CF10105A242E6D90CF1FF3452491144F4
:10DA6C00524A91427AD9524D6C2252484B49B0FBE2
:10DA7C00FEF0D1F800E0B0FBFCF0DFF860C10EEA7C
:10DA8C000C0CAC4508D042F400524FF480550D609C
:10DA9C000A600A68002AFCDA3D4A116901F00701A4
:10DAAC00994203D01361936CDD03FCD486EA842382
:10DABC00A40213F4E05F09D026F4E05604F4E05419
:10DACC00334A26435661936C9907FCD43A493B4A36
:10DADC000144914239D83A4BC909A3FB0131090BD6
:10DAEC004B1E1B0286EA030212F4407F06D026F47A
:10DAFC00407603F44073264A33435361244A5369F6
:10DB0C0023F000735361936C9B06FCD42D4BC845DA
:10DB1C00A3FB00234FF0FF32B0FBF1F14FEA93432C
:10DB2C00B2FBF3F3284A10605160284A136008D204
:10DB3C0027F01F07174A47EA0807D7601368002B1E
:10DB4C00FCDABDE8F083734665E74FF440730421BB
:10DB5C00C8E715490CF1FF34072311441C4A1D4832
:10DB6C00A2FB01211C4D0A0D362A38BF362202FBBE
:10DB7C0000F015437AE764460023AC464FF0010EE3
:10DB8C006CE71D4686F0C05122464FF0C05323E788
:10DB9C0000C00F400000084000A4781F00800D401A
:10DBAC0040300080FFB19F26808D5B00FF7EF64DDC
:10DBBC006C20008000643F4D7FD1F0087F17B42C9F
:10DBCC009F10E50083DE1B43503800208047012066
:10DBDC00819F5E16001BB700002000807F30018003
:10DBEC0010B504461AF0FEFB204610BD10B50446D5
:10DBFC001AF0F8FB204610BD10B504461AF0F2FBE3
:10DC0C00204610BD10B504461AF0ECFB204610BDA2
:10DC1C0070B5094B0646044600F50075036054F8D0
:10DC2C00040F08B11AF0DEFBAC42F8D130461AF002
:10DC3C00D9FB304670BD00BFF420002010B504465F
:10DC4C001AF0D0FB204610BD10B504461AF0CAFBE2
:10DC5C00204610BD70B5094B0646044600F500750C
:10DC6C00036054F8040F08B11AF0BCFBAC42F8D1B5
:10DC7C0030461AF0B7FB304670BD00BFE0200020E4
:10DC8C0010B50446C06A08B11AF0ACFB206B08B1A1
:10DC9C001AF0A8FB20461AF0A5FB204610BD00BFC9
:10DCAC0070B5094B0646044600F50075036054F840
:10DCBC00040F08B11AF096FBAC42F8D130461AF0BA
:10DCCC0091FB304670BD00BF0821002010B5044602
:10DCDC001AF088FB204610BD10B50446406808B108
:10DCEC001AF080FBA06808B11AF07CFB20461AF0F1
:10DCFC0079FB204610BD00BF0B682DE9F0475A692F
:10DD0C000D467C4C8146A2422DED068B8AB040F02C
:10DD1C00CC8001F124079A6977498A4240F0CE8081
:10DD2C001A6805F2D56675498A4240F0D08095EDA7
:10DD3C00067AF6EE006AD5ED045AD5ED057A95ED26
:10DD4C00036A37EE257A77EE867A27EE267A67EE27
:10DD5C00A67A8DED077ACDED067A00249FED689AB0
:10DD6C00DFED688ADFF8A081ADF816400EE0BDF853
:10DD7C001630A2B203EB430302EB4202F85A3B44C7
:10DD8C00B118B0529B788B702B680134DA691FFA8A
:10DD9C0084FA424567D140F23B20504568D99B68D4
:10DDAC005246294608A89847D9ED036ADDED097A51
:10DDBC009DED087A77EEA67AD9ED025A9DED076AA9
:10DDCC0037EE257ADDED066A77EEC67A37EE667A9F
:10DDDC0027EEA70A77EEA87A77EE090AA7EE070ACC
:10DDEC00B5EE400AF1EE10FA76D4F1EEC09AB0EE30
:10DDFC00670A18F039FBB7EE006AF6EE006A99ED87
:10DE0C00047AF1EE007A86EE298AB0EE40AA28EE6A
:10DE1C00268A28EE078A28EE278A18F05DFCF0EE99
:10DE2C00409AB0EE4A0A18F053FB60EE087A69EE9D
:10DE3C00889AD5F800C051460DF11602FDEEE77A2E
:10DE4C002846BDEEE97ACDED007A17EE103ADCF8F3
:10DE5C0048A0D04700288AD1A3B203EB4303F218A1
:10DE6C00F052907090E72846904750452B6896D812
:10DE7C00002440F23A290CE04C4511D804EB440341
:10DE8C000134F05AF118FA18A4B2F8528B78937046
:10DE9C002B68DB694345EFD0284698478442EDD385
:10DEAC000AB0BDEC068BBDE8F087084690472B689E
:10DEBC00114907469A698A423FF432AF2846904787
:10DECC002B680E4906461A688A423FF430AF294641
:10DEDC0006A890472B6840E7CDED037ACDED020AFA
:10DEEC0017F0DAFFDDED037AF0EE409ADDED020A71
:10DEFC007DE700BFF1050000F5050000B50400004A
:10DF0C0000000000000048427D02000030B583B0E4
:10DF1C0004461831069D0095FBF78AFA204603B09B
:10DF2C0030BD00BF2DE9F04FAF4C85B0D4F8443173
:10DF3C00DF070193C4F8443152D5D4F8AC31002B2F
:10DF4C0049D0DFF8A8A2DFF8C4B20AF5137202F5C3
:10DF5C0080520292C4F8AC31DBE90A20D4F840318B
:10DF6C0043F40053C4F84031D4F840319D04F5D546
:10DF7C00D4F8403123F40053C4F840314FF001136E
:10DF8C00C4F8B431D4F8B47117F00117FAD193B2C4
:10DF9C00CAF80872B3F5086F00F06F8300F25E8167
:10DFAC0040F20235AB4200F0388300F20F81822B35
:10DFBC0000F0DE82B3F5817F40F0C18010F0780F65
:10DFCC0083B200F0DD834FF00113C4F8C031D4F8F4
:10DFDC00AC31002BBED1844BD3F8BC51002D47D1B2
:10DFEC00019B5E0615D5804AD2F8AC31C2F8AC3133
:10DFFC00D2F8BC31C2F8BC31D2F8B031002BFBD115
:10E00C004FF0FF307949C2F8B401D2F88421C1F83D
:10E01C004432019BDC0104D5744BD3F8483203B174
:10E02C009847019B580709D56F4BD3F8843113F4EB
:10E03C00007319D06D4B012283F840226A4BD3F840
:10E04C00482111060DD5019A12060AD5674991F897
:10E05C00A12232B1013AD2B281F8A122002A00F0F9
:10E06C00908405B0BDE8F08F604A82F84032E5E755
:10E07C00DFF878A1C3F8BC51DAF80822154240F059
:10E08C00AB83DAF8443215EA0309A9D05FEA1947E1
:10E09C0028D0DFF878B14FF0010897FAA7F5B5FA58
:10E0AC0085F50BEBC51ADAF870600AF1400AAEB1CF
:10E0BC003246002404E012680134012A00F0E183A6
:10E0CC00536813F08003F6D0CAF8302034B13046D0
:10E0DC00DAF8383036689847013CF8D108FA05F57B
:10E0EC00AF43DAD11FFA89F5002D3FF479AFDFF891
:10E0FC001CB14FF0010895FAA5F6B6FA86F60BEBB3
:10E10C00C619D9F83070AFB13A46002404E0126851
:10E11C000134012A00F0B883536813F08003F6D061
:10E12C00C9F8302034B13846D9F838303F689847B0
:10E13C00013CF8D108FA06F6B543DCD150E7802B48
:10E14C007FF441AF2A4B0122AAF84C72CAF868320C
:10E15C00029BCAF86022CAF86C32264A264BCAF8CF
:10E16C006422CAF8703203F5805203F50053CBF8E1
:10E17C004C70CAF87422CAF87832204BCBF848306D
:10E18C00D4F8B03143F48033C4F8B031D4F8B031A2
:10E19C00002BFBD1CAF82832CBF80C300123CAF87B
:10E1AC0020328023CAF82432154BCBF808304FF0BC
:10E1BC000113C4F8BC31D4F8B03143F00103C4F8F6
:10E1CC00B031D4F8B031002BFBD100E7B3F5A06F20
:10E1DC0000F08881A3F5D063012B3FF6F4AE87B233
:10E1EC00160C0849084B18E000002E40C0420020D5
:10E1FC000C450020800002000C650020204500200A
:10E20C00E044002058380020C821002000000020E5
:10E21C0019690C3300293FF4D6AE1A88B242F7D1F3
:10E22C005A88BA42F4D1320A032A00F00B831F89B0
:10E23C00000C874228BF0746B6F5007F40F00783E5
:10E24C00B94B3A469AF8405203F16401B748002D95
:10E25C0008BF1946B54D19F053F938E342F22125A0
:10E26C00AB4268D010D942F221318B426DD04FF6BF
:10E27C00C0018B427FF4A7AE10F47F4F87B27FF4BE
:10E28C00A2AE47F46E47ABE7B3F5106F7AD042F20B
:10E29C002105AB427FF497AE030C072B7FF493AEB2
:10E2AC00A34BCBF80C70CAF86832CAE9A220012241
:10E2BC00CAF860229F4ACAF8642203F58052CAF851
:10E2CC006C2203F50052CAF8702203F54052CAF8CA
:10E2DC00742203F58042303BCAF87822CBF8083020
:10E2EC00D4F8B03143F00103C4F8B031D4F8B031F4
:10E2FC00002BFBD1CAF82832CBF84C300123CAF8DA
:10E30C00203248F28003CAF824328B4BCBF84830C9
:10E31C004FF00113C4F8BC31D4F8B03143F480335E
:10E32C00C4F8B0314FF48033CAF80832D4F8B031A5
:10E33C00002BFBD14BE680B238B9804BC2F30742BD
:10E34C001B68CAF880328AF884220023CAF8283263
:10E35C00CBF84C300123CAF820328023CAF824327F
:10E36C00754BCBF848304FF00113C4F8BC31D4F8DE
:10E37C00B03143F48033C4F8B031D4F8B031002B51
:10E38C00FBD124E6C2F307426D4B6E4E39461A7030
:10E39C0080226D4BA6F18400B946C4F8C8316B4B92
:10E3AC00C4F8CC316A4BC4F8D0319AF84032002B07
:10E3BC0015BF4FF4007540254FF000734FF48003E8
:10E3CC0014BF4FF008584FF001580393AAF80052AD
:10E3DC00AAF8425218F096FF39464FF4807206F1B3
:10E3EC001C008AF85370AAF8507018F08BFF39464D
:10E3FC003760F7603C2246F8A47C46F8987C554878
:10E40C008AF831708AF83070CAF8E070C6E9017782
:10E41C0046E9287718F076FF01224F4B3946CBF8A6
:10E42C0048213C224D481C36CBF8403118F06AFF8D
:10E43C00DAF8443201223946494843F00803CBF854
:10E44C0088213C22CBF88081CAF844324FF0E02777
:10E45C00444BDFF81881CBF8B83118F053FF039B0D
:10E46C002A464546CBF840320123CBF848324FF4CC
:10E47C000033C7F88C310123B56033601304C6F840
:10E48C001C902A4443F08003736005F58053F360BD
:10E49C0005F50053336105F54053736105F5804371
:10E4AC00B361BFF34F8F2B46C7F85C3F20339A42C2
:10E4BC00FAD8BFF34F8FBFF36F8F082109F1010911
:10E4CC0032462948FFF772F84FF40033894505F5B9
:10E4DC00007506F12006C7F80C3100F01481BAF86B
:10E4EC000022C4E70123CAF82872CBF84C70CAF892
:10E4FC0020328023CAF824320F4BCBF848304FF02F
:10E50C000113C4F8BC31D4F8B03143F48033C4F8EF
:10E51C00B031D4F8B031002BFBD1130C5B0643F0B7
:10E52C008073C4F8543152E5042B006000002020A5
:10E53C005045002080000700E0440020784701206F
:10E54C0070470120A44300200200CC00C800020048
:10E55C000200C800440100200000102084010020AB
:10E56C0044020020E9BE0000800100208020202011
:10E57C0083B210F078007FF426ADC54903F07F021A
:10E58C0051F822201906AAF84C0200F17381D70722
:10E59C0000F17381BF4B0122CAF86832029BCAF8A2
:10E5AC006022CAF86C32BC4ABC4BCAF86422CAF866
:10E5BC00703203F5805203F50053CAF87422CAF87E
:10E5CC007832B74BCBF848300023CBF84C30D4F82A
:10E5DC00B03143F48033C4F8B031D4F8B031002BEF
:10E5EC00FBD1CAF82832CBF80C300123CAF8203200
:10E5FC008023CAF82432AB4BCBF808304FF0011310
:10E60C00C4F8BC31D4F8B03143F00103C4F8B031D4
:10E61C00D4F8B031002BFBD1D9E410F0780F83B2D1
:10E62C007FF4D1AC03F07F02994913F0800F51F8BD
:10E63C00223014BF43F4803343F0010341F82230FD
:10E64C000023CAF82832CBF84C300123CAF8203208
:10E65C008023CAF82432934BCBF848304FF0011387
:10E66C00C4F8BC31D4F8B03143F48033C4F8B031C1
:10E67C00D4F8B031002BFBD1A9E48B4A854B12782E
:10E68C00CAF868328AF84C220122029BCAF860222E
:10E69C00CAF86C32854A814BCAF86422CAF87032C7
:10E6AC0003F5805203F50053CBF84C70CAF8742272
:10E6BC00CAF878327A4BCBF84830D4F8B03143F4FE
:10E6CC008033C4F8B031D4F8B031002BFBD1CAF888
:10E6DC002832CBF80C300123CAF820328023CAF838
:10E6EC002432704BCBF808304FF00113C4F8BC3116
:10E6FC00D4F8B03143F00103C4F8B031D4F8B031E0
:10E70C00002BFBD163E46A4B002580266948CAF8CC
:10E71C0048324A23C4F884502946C4F88030324623
:10E72C00D4F8483143F08073C4F8483118F0EAFD4E
:10E73C00614BCAF82462CBF8A03003F13C43CAF811
:10E74C00285203F56C23CBF84C5003F56F73CBF8C0
:10E75C00E0300123CAF82032524BCBF848304FF04E
:10E76C000113C4F8BC31D4F8B03143F48033C4F88D
:10E77C00B031CAF80852D4F8B031002BFBD126E4E2
:10E78C0003F07F02424913F0800F51F8223014BF7E
:10E79C0023F4803323F0010341F822300023CAF81C
:10E7AC002832CBF84C300123CAF820328023CAF827
:10E7BC0024323C4BCBF848304FF00113C4F8BC3139
:10E7CC00D4F8B03143F48033C4F8B031D4F8B0315C
:10E7DC00002BFBD1FFF7FBBBBAF8880242F22101F8
:10E7EC0000228842CAF80822DAF88C227FF449AC5D
:10E7FC0092B2002A7FF445AC0AF5247292E8030029
:10E80C00AAF89C1286284FEA1141CAF898028AF895
:10E81C009E127FF436AC72B69AF8A02242F008022F
:10E82C008AF8A022D3F84821160606D442F08002BA
:10E83C008021C3F84411C3F8482162B650238AF8EA
:10E84C00A1321EE4000C0F78874228BF0746B6F5AC
:10E85C00E06F37D1194B3A469AF84002A3F16401A4
:10E86C00174D002808BF1946284618F049FE072303
:10E87C006B702CE0D3037FF58DAE01238AF84C32FC
:10E88C0088E6CAE90C3321E4C9E90C334AE400BF39
:10E89C00C0012E400C450020800002000C650020B9
:10E8AC0020450020E044002070470120800001003A
:10E8BC0081AB0000800000205DCFC6B8682B0060E3
:10E8CC0000002020434D3A46284618F019FEE9195D
:10E8DC004048BFF34F8F4FF0E0220346C2F8703F21
:10E8EC0020339942FAD8BFF34F8FBFF36F8F47B3E2
:10E8FC003B040122CAF8680243F08003CAF8602284
:10E90C00CAF86432344B03F58052CAF86C32CAF838
:10E91C00702203F5005203F54053CAF87422CAF86A
:10E92C0078322E4BCBF848300023CBF84C30D4F84F
:10E93C00B03143F48033C4F8B031D4F8B031002B8B
:10E94C00FBD101220023CAF820228022CAF82832E7
:10E95C00CAF82422224ACBF80C30CBF808204FF00E
:10E96C000112C4F8BC21D4F8B02142F00102C4F861
:10E97C00B021CAF80832D4F8B031002BFBD1FFF724
:10E98C0026BB91F8A02202F0F70281F8A0222AB946
:10E99C00D3F8482122F08002C3F84821114B1B6E9A
:10E9AC009B0700D4FBBE72B60F4B00200F4AC3F876
:10E9BC00400103F160430E49A3F55F2311649D46AA
:10E9CC00BFF34F8F4FF400130A480B4ADB69026008
:10E9DC009B68984700002020001020202045002034
:10E9EC00E044002000441F4000002E4000C00A40BC
:10E9FC000300200000802020000012EB72B6EFF321
:10EA0C000582664BC3F88420EFF308804FF0E021B9
:10EA1C00634AD1F8284DC3F88840D1F82C4DC3F87F
:10EA2C008C40D1F8344DD1F8381DC3E924418169AB
:10EA3C00C3F89810C169C3F89C10D2F880305B07FA
:10EA4C00FBD5D2F880305748C3F30B235649D0ED91
:10EA5C00AA6A07EE903AD0EDAB5AF8EE666A90EDE2
:10EA6C00AC6AF8EEE77A90EDA97A4C4CB8EE477A9E
:10EA7C004A6A77EEE67A8B6A67EEA57AC7EE866A03
:10EA8C0077EE667AC4ED287A184614464A6A8B6A81
:10EA9C008342F9D1A242F7D1404C0B21DB0B434806
:10EAAC00C4F8801043EA424341494FF0FF32414DD4
:10EABC00C4F8A4300368202404305A4002F0010347
:10EACC00013C01FB03F383EA5202F7D1A842F1D1D6
:10EADC00324BC3F8A820BFF34F8F4FF0E0233349DC
:10EAEC00354AC3F8701FC3F8702FBFF34F8FBFF3B5
:10EAFC006F8F324A02253248D36E324943F4405369
:10EB0C00D3660560D369304823F07F0343F040039C
:10EB1C00D3610B6883423DD8294D00214FF0E0238F
:10EB2C004FF0FF3229600126C5F808112749C5F8B6
:10EB3C000011C5F80861C3F88021C3F88421C3F81B
:10EB4C008821C3F88C21C3F8902101E0FFF7EAF982
:10EB5C00D5F80C31002BF9D00134C5F80C614F2CD1
:10EB6C00F4D91B4B02201B494FF00042C1F8400165
:10EB7C005A63D5F80C313BB917481849104A016350
:10EB8C00D2F80C31002BFAD04FF0E023144AC3F822
:10EB9C000C2DFEE7FEF7F2FEBEE700BF00FF2720BC
:10EBAC0000810D40C042002000400D4080FF272016
:10EBBC002083B8EDA8FF2720A0FF272000C00F401E
:10EBCC000040084050380020803DCD0B009F2400B1
:10EBDC0000900D4000002E4000800F40F100AD0B66
:10EBEC000400FA05FFF70ABF2DE9F84F5A4D4468A7
:10EBFC00B5F80072C4F30E44C6693C1B002C29DD29
:10EC0C0095F8312095F83010D3B28A420AD0EA1820
:10EC1C0092F8340005EB4009B9F8E480C8F50072AD
:10EC2C00944251D90133002205EB4601082BA1F87F
:10EC3C00402094BFDAB21346A1F8E44085F83120A5
:10EC4C002B44D5F8E02083F834601444C5F8E04038
:10EC5C00BDE8F88F4FF0E0244FF4003305F58071D8
:10EC6C004FF0010CC4F88C3175013C4B01EB461292
:10EC7C0041F805C0380403EB4623D66140F0800010
:10EC8C0003F580511F445060D16003F5005193602F
:10EC9C00116103F54051516103F580419161BFF35E
:10ECAC004F8FC4F85C3F20339F42FAD8BFF34F8F8D
:10ECBC00BFF36F8F08212A48FEF778FC4FF400331E
:10ECCC00C4F80C31BDE8F88F244B08EB40202246E9
:10ECDC00A04403EB462B18444FF0E02A594618F099
:10ECEC000FFCD5F8E02005F58071A9F8E4802244EA
:10ECFC004FF4003438045B46C5F8E0200125CAF80F
:10ED0C008C41740101EB461240F080000D510BF563
:10ED1C0080515F445060D1600BF50051D661116198
:10ED2C000BF54051C2F808B051610BF5804191616F
:10ED3C00BFF34F8FCAF85C3F20339F42FAD8BFF322
:10ED4C004F8FBFF36F8F08210548FEF72FFC4FF450
:10ED5C000033CAF80C317BE7C04200208020202011
:10ED6C00800100202DE9F04F4FF0E0234D4D4FF482
:10ED7C00003285B0DFF8309105F58078C3F88C212E
:10ED8C0095F8304095F83130E4B2DFF820A1A34279
:10ED9C007CD00134092C28BF00242B1993F8347033
:10EDAC0005EB4703B3F84010B3F8E4B0ABEB010B41
:10EDBC00BBF1010F18D9D5F8E02001EB47273A48F1
:10EDCC000131013AC05DA3F84010C5F8E0208DF880
:10EDDC000F004FF0E0234FF40032C3F80C219DF8E4
:10EDEC000F0005B0BDE8F08F01EB47215A467B02BE
:10EDFC000DF10F0049444FF0E026019318F080FB11
:10EE0C00D5F8E0C0E0B2B5F8001208EB4712ACEB55
:10EE1C000B0C019B4FF0010EC5F8E0C04B4485F87C
:10EE2C0030004FF400304FEA471CC6F88C01080440
:10EE3C0048F80CE0194440F08000D76103F5005706
:10EE4C009360506003F58050D06003F54050C2E9E8
:10EE5C00047003F580409061BFF34F8FC6F85C3FA0
:10EE6C0020339942FAD8BFF34F8FBFF36F8F08212D
:10EE7C005046FEF79BFB4FF40033C6F80C31BBF148
:10EE8C00000FA6D195F83130A34282D14FF0E02388
:10EE9C004FF400324FF0FF30C3F80C2105B0BDE841
:10EEAC00F08F00BFC0420020802020208001002075
:10EEBC00026812B3114B124913441B1110B401EB2D
:10EECC00830100240C6201219460FF24D1600D4A5F
:10EEDC000D4913441C77137F547FA34228BF23464C
:10EEEC00947FD27FA34228BF2346934228BF134668
:10EEFC0081F87A305DF8044B7047704700BFF7BF5C
:10EF0C00C04200205038002000E400E02DE9F04120
:10EF1C00B54D84B0D5F8BC42D5F8B472002C00F0D5
:10EF2C007581601C19F056FA0646002800F06E81B7
:10EF3C00394618F067FAE1B29C2940F20F8130464D
:10EF4C0019F050FAD5F8CC320B2B40F22481D5F8BD
:10EF5C00C8420C22A54BC5F8D02207CB1B782060E9
:10EF6C006160A2602373A24C2378002B40F0508187
:10EF7C00A04B5978684612F049FE029A00999E48B7
:10EF8C0012F006FE009819F02DFA2378002B40F0B1
:10EF9C004781984B9978684612F038FE029A00998E
:10EFAC00954812F0F5FD009819F01CFA2378002B07
:10EFBC0040F034818F4B9149DA78914B002A18BF7D
:10EFCC0019460C228C4812F0E3FD2378002B40F0FC
:10EFDC002381884B1979684612F018FE029A009921
:10EFEC00854812F0D5FD009819F0FCF92378002B18
:10EFFC0040F010817F4B81495A79814B002A18BF10
:10F00C0019460C227C4812F0C3FD2378002B40F0EB
:10F01C001D81784B7A499A79784B002A08BF19469A
:10F02C000C22754812F0B4FD2378002B40F00C81B3
:10F03C00704BD979684612F0E9FD029A00996E4836
:10F04C0012F0A6FD009819F0CDF92378002B40F0B2
:10F05C00F980684B197A684612F0D8FD029A00992B
:10F06C00654812F095FD009819F0BCF92378002B37
:10F07C0040F0E6805F4B597A684612F0C7FD029A61
:10F08C0000995D4812F084FD009819F0ABF92378D3
:10F09C00002B40F0D380574B997A684612F0B6FD9E
:10F0AC00029A0099544812F073FD009819F09AF9DD
:10F0BC002378002B40F0C0804E4BD97A684612F072
:10F0CC00A5FD029A00994C4812F062FD009819F0C7
:10F0DC0089F92378002B40F0AD80464B197B6846AC
:10F0EC0012F094FD029A0099434812F051FD0098D9
:10F0FC0019F078F9D5F8D042D5F8C862002C00F098
:10F10C009180601C19F066F98046002800F08A8016
:10F11C00314618F077F9E1B29C2905D9404604B084
:10F12C00BDE8F04119F05EB90029F7D00027354A47
:10F13C003B46BC469C4242D918F8036001339942C5
:10F14C0002F8016FF6D1002FE8D0002385F8C43205
:10F15C00404604B0BDE8F04119F044B900293FF431
:10F16C00EEAE0027284A3B46BC469C4231D9F05CA7
:10F17C0001338B4202F8010FF7D1002F3FF4DFAEC1
:10F18C00002385F8C432304619F02CF9D5F8CC326E
:10F19C000B2B3FF6DCAE0D21D5F8C80219F02AF97D
:10F1AC000446002854D00C22D5F8D032C5E9B2025E
:10F1BC00002B7FF4CEAE0370D5F8C842C9E60133FC
:10F1CC00012702F801CF8B42B4D1002385F8C43259
:10F1DC00BEE70133012702F801CF8B42C5D10023D2
:10F1EC0085F8C432CFE700BFC0420020B033002006
:10F1FC00DD5A0120405A0120884500209033002020
:10F20C00A03300207F520120E3510120002696E616
:10F21C000021AFE61449F4E60021DCE61249D0E601
:10F22C000021B8E64FF00008404604B0BDE8F041BC
:10F23C0019F0D8B8002152E700213FE700212CE754
:10F24C00002119E7002106E70021F3E60649E7E66D
:10F25C00D5F8C80218B119F0C5F8C5F8C842002392
:10F26C00C5E9B3337FE600BF9033002010B50446E8
:10F27C00006819F0B7F8204610BD00BF704700BFFA
:10F28C00704700BF704700BF70B5074B0646044679
:10F29C0000F50075036054F8040F08B119F0A2F8DA
:10F2AC00AC42F8D1304670BDF4200020704700BF4E
:10F2BC00704700BF70B5074B0646044600F5007555
:10F2CC00036054F8040F08B119F08CF8AC42F8D173
:10F2DC00304670BDE0200020B7EE007AD1ED007A08
:10F2EC009FED756AD1ED016A37EEC77A00B5B0EEC5
:10F2FC00C77A2DED048BB4EEC67A85B0F1EE10FA18
:10F30C0040F18A80B0EEE67AD1ED025AB4EEC67ABC
:10F31C00F1EE10FA00F19D80D1ED039A26EEA60ACB
:10F32C0092ED009AD2ED018A92ED028AA7EEA70A1D
:10F33C00A5EEA50AA9EEA90AB5EE400AF1EE10FA5F
:10F34C0000F1A680B1EEC07A9FED5C3A9FED5A2A8F
:10F35C00B7EE004A84EE076A66EE266A66EE277AF6
:10F36C0066EE255A26EE837A68EE664A26EEA85A91
:10F37C00A7EE897AE7EEA84AA7EE885A37EEC44A78
:10F38C0026EE296AF1EE652AB0EEC44AA5EE887A1B
:10F39C00E5EE834AA5EEC95AB4EEC24AF1EE463AFE
:10F3AC00F1EE10FAA6EE687AE6EE094AA6EE035ADA
:10F3BC0035D49FED426A27EE873A27EE634A27EE53
:10F3CC00866A22EE877AA6EEC96AA2EEA86AA3EE36
:10F3DC00886AA3EE867AA6EEC63AA2EE864AA6EE16
:10F3EC00A47AA3EEA43AB0EE446AA7EEA46AA7EE00
:10F3FC00857AF0EE434AE5EE854AA6EEC56AB0EE94
:10F40C00475AC0ED004A80ED016A80ED025A05B002
:10F41C00BDEC048B5DF804FBD1ED025A7CE7B0EE39
:10F42C00E64AB4EEC24AF1EE10FAC2D5B0EEE54AA5
:10F43C00B4EEC24AF1EE10FABBD5B0EEC66AB4EE29
:10F44C00C26AF1EE10FAB4D5B0EE646AF0EE474A37
:10F45C00D7E7B0EEE57AD1ED039AB4EEC67AF1EEC9
:10F46C0010FA7FF55BAFB0EEE97AB4EEC67AF1EE46
:10F47C0010FA7FF553AFD2F800C051689368C0F80A
:10F48C0000C04160836005B0BDEC048B5DF804FBEB
:10F49C000390CDED025ACDED016ACDED007A16F058
:10F4AC00FBFC0398B0EE407ADDED025ADDED016A0B
:10F4BC00DDED007A48E700BF6F12833A00000000D0
:10F4CC00D1ED096A92ED000AF5EE406AD2ED017AAF
:10F4DC0092ED027AF1EE10FA30B52DED028B91B06F
:10F4EC000C4605468DED020ACDED037A8DED047ABE
:10F4FC0050D1D4ED045AD4ED056A30EE650A94ED82
:10F50C00088A94ED0B6A77EEE67ADFED626AA6EE76
:10F51C00080A94F8283077EEA67A37EE267ACDEDE5
:10F52C00037A8DED047A8DED020A5BB167EEA77A52
:10F53C00E0EE007AF4EE667AF1EE10FA00F1A580B6
:10F54C00B1EEE70AF0EE480A16F090FFB0EEC00AF2
:10F55C009FED506A002330EE000A2B80AB7094F8BC
:10F56C002920C0EE087A77EE867ABBFE677ABCEE6D
:10F57C00C77A8DED017A9DF8043052B303EB430347
:10F58C00284623449A889B792A80AB7011B0BDEC35
:10F59C00028B30BD404A002309A905A809930A93A0
:10F5AC001388CDED0B6AADF8303053680D9393682A
:10F5BC000E93D3680F9312F0D5FB02AA05A909A8E4
:10F5CC00FFF78AFE9DED090ADDED0A7A9DED0B7AB7
:10F5DC008FE75A1C06EE903AB7EE005A284607EE13
:10F5EC00102AF8EE666AB3FA83F203EB4303B8EE23
:10F5FC00C77A77EEE67A5209234437EE667A02EB45
:10F60C004202197914445A79C7EE875A9B7904EE51
:10F61C00102A227904EE903A637906EE902A03EED2
:10F62C00901A07EE103AA379F8EEE66A07EE903AD4
:10F63C00B8EEC77AF8EEE33AF8EEE77AB8EEC44AD9
:10F64C00F8EEE44A35EE866A75EE465A66EE866A40
:10F65C0027EE067A67EE867AE3EEA56AA5EE847A43
:10F66C00E5EEA47AFCEEE66ABCEEC77AFCEEE77A2D
:10F67C0016EE901A17EE102A17EE903A29706A704F
:10F68C00AB7011B0BDEC028B30BDB0EE670A16F05A
:10F69C0003FC57E700000000385B0120D1ED0A6A3B
:10F6AC0092ED000AF5EE406AD2ED017A92ED027A03
:10F6BC00F1EE10FA30B52DED028B91B00C460546EB
:10F6CC008DED020ACDED037A8DED047A40F0BA800F
:10F6DC00D4ED055AD4ED066A30EE650A94ED098A2C
:10F6EC0094ED0C6A77EEE67ADFED686AA6EE080A0E
:10F6FC0094F82C3077EEA67A37EE267ACDED037A95
:10F70C008DED047A8DED020A5BB167EEA77AE0EE1F
:10F71C00007AF4EE667AF1EE10FA00F1B280B1EEF6
:10F72C00E70AF0EE480A16F0A1FEF1EE007AB0EE10
:10F73C00C00A9FED567A20EE270AC0EE087A77EEC3
:10F74C00877ABBFE677ABCEEC77A8DED017A9DF89D
:10F75C000430022B13D800215A1C2980D2B2A97074
:10F76C0094F82D1099B103EB4303284623449A884F
:10F77C009B792A80AB7011B0BDEC028B30BD00219F
:10F78C0000222980A97094F82D100029EBD1591C66
:10F79C0007EE103A02EB4202DFED3C3A05EE101A8E
:10F7AC00B8EE477A224403EB4303B8EEC55A284619
:10F7BC0077EEC77A1C441379F7EE005A35EE475AA8
:10F7CC0006EE903A537987EE856A07EE103A9379F4
:10F7DC00227907EE903A637904EE102A04EE903AFF
:10F7EC00A379F8EEE66AB8EEC77A05EE103AF8EEB1
:10F7FC00E77AB8EEC44AF8EEE44AB8EEC55A36EEEB
:10F80C00236A75EEC65A66EE866A27EE067A67EEAE
:10F81C00867AE4EE256AA5EEA47AE5EE857AFCEE0E
:10F82C00E66ABCEEC77AFCEEE77A16EE901A17EE93
:10F83C00102A17EE903A29706A70AB7011B0BDECBB
:10F84C00028B30BD124A002309A905A809930A931B
:10F85C001388CDED0B6AADF8303053680D93936877
:10F86C000E93D3680F9312F07DFA02AA05A909A88A
:10F87C00FFF732FD9DED090ADDED0A7A9DED0B7A5D
:10F88C0026E7B0EE670A16F007FB4AE70000000017
:10F89C00385B0120D2ED007ADFED476A9FED477AA5
:10F8AC0067EEA67A30B52DED048BC7EE878A0D4630
:10F8BC008DB00446B6EE009A68EE898AB0EE680AFE
:10F8CC0016F006FE2B78B0EE408A06EE903A6B7876
:10F8DC00B0EE680A07EE103AAB78F8EE666A07EEFF
:10F8EC00903AB8EE477A28EE098AF8EE677ACDEDB1
:10F8FC00026A8DED037ACDED047A16F0EDFE02AAC4
:10F90C0008A905A88DED080A8DED098A8DED0A8AE6
:10F91C008DED0B8AFFF7E0FCDDED057A9FED287A83
:10F92C00F4EEC77AF1EE10FA06DCF5EEC07AF1EEE1
:10F93C0010FA3AD5002100E0FF21DDED067A9FEDAB
:10F94C00207AF4EEC77AF1EE10FA06DCF5EEC07A06
:10F95C00F1EE10FA22D5002200E0FF22DDED077A4D
:10F96C009FED177AF4EEC77AF1EE10FA06DCF5EE9D
:10F97C00C07AF1EE10FA0AD5002300E0FF232046EE
:10F98C0021706270A3700DB0BDEC048B30BDFCEE29
:10F99C00E77ACDED017A9DF80430F0E7FCEEE77ADA
:10F9AC00CDED017A9DF80420D8E7FCEEE77ACDED99
:10F9BC00017A9DF80410C0E7DB0F49400000344386
:10F9CC0000007F432DE9F0470C46916805469A46A6
:10F9DC00D4ED0D7A92ED007AD2ED016A2DED028B09
:10F9EC009FEDA58A90B0F4EE487A0491F1EE10FAEE
:10F9FC0004D094F87221002A00F0CB80FDEEE77A57
:10FA0C009E499FED9F6ADFED9F5A17EE902A81FB6E
:10FA1C000201D0171144C0EB21214FF4B47000FB4C
:10FA2C00112207EE902AF8EEE77A37EEC66AB0EEAE
:10FA3C00C66AB4EEE56AF1EE10FA40F1E280B1EE7E
:10FA4C00477AD4ED097ABBEE046ADFED8F5A76EE75
:10FA5C00E77A94ED0A5AD4ED073A37EE457A94EDED
:10FA6C00084A67EEA55ACDED027ADFED884AB3EE6F
:10FA7C00045A67EE066A8DED037AC5EEA37A86EE1C
:10FA8C00847A77EEA47AFBFE677AFDEEE77A37EE9E
:10FA9C00057A17EE902AFBFE477AFDEEE77AB2F56F
:10FAAC00C36F17EE901A69D2132967D8784FC8170D
:10FABC00B4F8708187FB01EC764E4FEA4809C0EB35
:10FACC00AC00366887FB02C74FEAE27E844600EB47
:10FADC008000CEEBA70EA1EB4000B6FBF9F109FBC1
:10FAEC0011669C2101FB0C4C40F201214645F4446B
:10FAFC0094BF002601269CF8387021FA00FC1CF0FB
:10FB0C00010F19D05A2F39D9002E37D021695346FD
:10FB1C001A980A68009005A8146802AAA0475E4BC0
:10FB2C00284609AA05A90993FFF7B4FE284610B088
:10FB3C00BDEC028BBDE8F0870EEB8E0EA2EB4E02F5
:10FB4C00C2F10902D2B2D140CB07DBD4A7F12F010D
:10FB5C00C9B24F297CD8514B03EB8101D1F88C10E1
:10FB6C000144013A5A2F11F8011C41FA02F202F039
:10FB7C00010275D9002E6DD0002AC7D0B4F8172019
:10FB8C00637E2A80AB70284610B0BDEC028BBDE8BA
:10FB9C00F087434A05A8D4ED0C5A118894ED0B6AF2
:10FBAC0076EEE56AADF83010516837EE467ACDED59
:10FBBC00036A0D919168D2680E9109A98DED027AB4
:10FBCC00CDED0B7A0F928DED098A8DED0A8A12F02C
:10FBDC00C9F805A909A802AAFFF77EFB9DED0B6ADF
:10FBEC00DDED097A36EE086A9DED0A7AD4ED0B6AE2
:10FBFC00D4ED0C5A77EEA66A8DED046A37EE257AB1
:10FC0C001FE79FED286A37EEC66AB0EEC66AB4EEFF
:10FC1C00E56AF1EE10FA06D5F1EE477AB1EE667AA6
:10FC2C00F0EE676A0DE79FED206A77EEC67AF0EE8C
:10FC3C00E77AF4EEE57AF1EE10FA02D5F1EE666AA7
:10FC4C00FFE6F0EE667AF0EE476AB0EE677AF8E619
:10FC5C00164985E75A2F03D9002A7FF457AF8DE751
:10FC6C00002A8BD0216953461A9C02AA086800947A
:10FC7C0004682846A04786E700000000B7600BB672
:10FC8C000000B442000034420000C3C40000C3446E
:10FC9C00676666667847012000003443C82100205F
:10FCAC00385B012000003443000087434C220020C5
:10FCBC00D1ED857A9FEDBA7AF0EEE76AF0B5F4EE05
:10FCCC00C76A0C460546F1EE10FA2DED068B8FB087
:10FCDC0040F1D280D2ED008A91ED837A92ED018AC7
:10FCEC00D1ED847A78EEC78A38EE678AD4ED819AA2
:10FCFC00B1EE699AB4EEE89AF1EE10FA05DDF4EE85
:10FD0C00E89AF1EE10FA00F1968094ED82AAF1EEE9
:10FD1C004A7AF4EEC87AF1EE10FA05DDB4EEC8AA10
:10FD2C00F1EE10FA00F18780F0EE680AB0EE480AA6
:10FD3C0016F09AFB9FED9B7A28EE088AC0EE077AA4
:10FD4C00A8EEA88AB5EE408AF1EE10FA67EE8A8A20
:10FD5C0000F11F81F1EEC8AA94F828349FED926A45
:10FD6C0007EE903A94F829249FED900AF8EE677A02
:10FD7C0079EEA86A39EEA95A36EE677AC9EEA75A17
:10FD8C0066EE876A86EE857A77EE277AFCEEE77A5E
:10FD9C00CDED037A9DF80C30591C07EE103A07EEA6
:10FDAC00901AF8EEC76AB0EE497AF8EEE77AA5EE4B
:10FDBC00A67AA5EEA79A78EEC78A39EE479AC8EECE
:10FDCC00897A77EE867A002A3DD127EE800A9E004A
:10FDDC0016F082FCF7EE007AB6EE006AD4F82472C4
:10FDEC0037EEC00ABB19D3ED016A20EE060A93ED7B
:10FDFC00007A77EEC07A20EE260AA7EE270AF1EEFB
:10FE0C006A7A94F82A34F7EE006A87EE8A7A37EE2B
:10FE1C00267A002B5BD1B1EE006ADFED657A002308
:10FE2C00E0EE067A76EEE77A77EEC77AF5EEC07AF0
:10FE3C00F1EE10FA7BD4002328462B80AB700FB068
:10FE4C00BDEC068BF0BD27EE800A04EB830616F0A2
:10FE5C0043FCF7EE007AB6EE006AD6ED8B6A96EDAF
:10FE6C008A7A37EEC00A20EE060A77EEC07A20EEC8
:10FE7C00260AA7EE270AC2E79FED4E7AD1ED84AA97
:10FE8C0027EE878AD2ED018A91ED83AAD2ED009AF2
:10FE9C0078EEEA8AB0EE480A16F01EFCB0EE409AF4
:10FEAC00B0EE480A79EECA9A16F012FB28EE898A4F
:10FEBC0060EE688AA9EE808AE9EE898A3AEE888A31
:10FECC007AEE288A38EE6A8A78EECA8A0EE7DFED77
:10FEDC003A7AF1EE045A94ED876A60EE277A36EEA0
:10FEEC00656A77EEAA5AF4EEC65AF1EE10FAA2DD64
:10FEFC007AEEE77AB4EEE76AF1EE10FA9BDD9FED4D
:10FF0C002F6ADFED2F7AE0EE46AAF4EEE7AAF1EEC7
:10FF1C0010FA2FDCDFED2B7AF4EEE7AAF1EE10FAF3
:10FF2C0089D576EEC06AD4F87C14002303E076EE13
:10FF3C00C06AD4F87C1476EEC76A0A681668069311
:10FF4C0007930893CDED056A099305AA0A9304A8B3
:10FF5C000B930C930D930BAB009308ABB047284657
:10FF6C0004F5067204A9FFF795FC28460FB0BDEC0A
:10FF7C00068BF0BD30EE260AD4F87C1400230A68F8
:10FF8C0030EE470A16680693079308938DED050A21
:10FF9C00DAE7B0EE480A15F07FFFF0EE40AADBE698
:10FFAC00CDCCCC3DDB0FC94000000000DB0F49403D
:10FFBC009A99193E35FA8E3C0000164300004842CF
:10FFCC00000096420000FA42D1ED857A9FED8D7AC1
:10FFDC00F0EEE76AF0B5F4EEC76A0C460546F1EEB2
:10FFEC0010FA2DED088B8FB040F1DF80D2ED007A46
:04FFFC00D1ED836A56
:02000004600199
:1000000092ED018A91ED847A77EEE67A38EE478AAE
:1000100094ED817AF1EE476AF4EEE76AF1EE10FAB8
:1000200004DCB4EEE77AF1EE10FA07D500232B805A
:10003000AB7028460FB0BDEC088BF0BDD4ED828AC2
:10004000B1EE689AB4EEC89AF1EE10FAEEDCF4EE76
:10005000C88AF1EE10FAE9D494F82C3237EE275A18
:10006000F6EE00AADFED6B9A5A1E05EE903A37EED7
:10007000074A9FED690A06EE102AF8EE655AD4F891
:100080002472B8EEC66A94EDFDBAC7EE254A94ED27
:10009000FEAAB0EE467A3AEE4BAA96EE2A7A65EEC2
:1000A000075A85EE847A37EE067ABCEEC77A8DED74
:1000B000037A9DF80C309A1C06EE103A9E0007EE6B
:1000C000102AF8EEC65AB0EE666AB8EEC77AA4EE09
:1000D000A56AE4EE876A77EEC67A76EEC66A87EEA0
:1000E000A67A37EE297A27EE000A16F0FBFABB193A
:1000F000F6EE085A93ED027AB7EE006AD3ED007A75
:1001000037EE4B7A77EECB7A36EE400A67EE256A09
:1001100027EEA57A20EE2A0AC6EE8A7AC7EE0A6A88
:1001200076EE405A77EEA97A67EE807A36EEA97AB3
:10013000E7EE257A28EEA77A27EE2A7AB4EEC87A77
:10014000F1EE10FA7FF772AFDFED316AA9EE267A91
:10015000B4EEC87AF1EE10FA7FF568AFB1EE488AD6
:10016000D4F8F01377EE867A0BAB0A6804A888EE11
:10017000287A166805AA009308ABCDED069ACDED56
:10018000079ACDED089ACDED099ACDED0A9ACDEDFD
:100190000B9ACDED0C9ACDED0D9A37EE067A77EEEF
:1001A000C77ACDED057AB04704F5067204A9284652
:1001B000FFF776FB3DE79FED197AD1ED839A67EE65
:1001C000878A91ED84AA92ED009A92ED018AB0EEB1
:1001D000680A16F087FAF0EE407A38EE4A8AB0EEF6
:1001E000680AF0EE678A16F079F939EE699A60EEDE
:1001F000487A28EE287AE9EE287AA9EE007A79EE94
:10020000A77A3AEE078A77EEE97A38EE4A8AFFE66D
:10021000CDCCCC3D00000000DB0F494035FA8E3CD0
:10022000D1ED857A9FED9C7AF0EEE76AF0B5F4EEB9
:10023000C76A0C460646F1EE10FA2DED068B8FB01C
:1002400040F1FC80D2ED007AD1ED836A92ED018A13
:1002500091ED847A77EEE67A38EE478AD4ED816ABA
:10026000B1EE667AB4EEE77AF1EE10FA05DDF4EE5F
:10027000E76AF1EE10FA00F1AC80D4ED828AB1EEBB
:10028000686AB4EEC86AF1EE10FA05DDF4EEC88AC9
:10029000F1EE10FA00F19D8094F8243476EEA75A1E
:1002A0009FED7E5A36EEA64A06EE103A94F82724C1
:1002B000B8EE466A75EE463AC6EE864A65EEA35A31
:1002C000C5EE846A76EE866AFCEEE66ACDED036AD8
:1002D0009DF80C30591C06EE103A06EE901AF8EE16
:1002E000C65AB0EE476AF8EEE66AA4EEA56AA4EE36
:1002F000A67A77EEC67A37EE467A87EE870ADFED82
:10030000687A30EE050A002A6BD120EE270A9D009C
:1003100016F0E8F9B7EE007AF6EE007AD4F820721B
:1003200037EE400A7B1993ED016A60EE277AD3ED30
:10033000006A94F8253437EE677A67EE867AE6EE3F
:10034000877AB0EE087A67EE877A002B69D0B0EE34
:10035000C88ADFED526AB7EE006A76EEE86A38EED8
:10036000688AB1EE488A88EE267A37EE067A94F8E3
:1003700026341BB1F7EE006A36EEC77AB4EEE77AA0
:10038000F1EE10FA25D8F7EE006AD4F878140023BD
:1003900004A80A6876EEE77A156805AA069377EE50
:1003A000C77A0793089309930A930B930C930D93C1
:1003B0000BABCDED057A009308ABA847304604F5AA
:1003C000067204A9FFF76CFA30460FB0BDEC068B3D
:1003D000F0BD002330463380B3700FB0BDEC068B08
:1003E000F0BD20EE270A04EB830516F07BF9B7EE8B
:1003F000007AF6EE007A95ED8A6AD5ED896A37EED5
:10040000400A94F8253460EE277A37EE677A67EE73
:10041000867AE6EE877AB0EE087A67EE877A002B66
:1004200095D138EE888A78EEA88AF7EE006AB1EEA8
:10043000488A88EE287A37EE267A98E79FED197A6F
:10044000D1ED839A67EE878A91ED84AA92ED009AA6
:1004500092ED018AB0EE680A16F044F9F0EE407AA7
:1004600038EE4A8AB0EE680AF0EE678A16F036F87F
:1004700039EE699A60EE487A28EE287AE9EE287A11
:10048000A9EE007A79EEA77A3AEE078A77EEE97A52
:1004900038EE4A8AE2E600BFCDCCCC3D0000000039
:1004A000DB0F494035FA8E3CD1ED0A7AF5EE407A01
:1004B00070B5F1EE10FA96680C4605462DED048BEA
:1004C000D2ED008A8EB092ED018ACDED008A8DEDDD
:1004D000018A029646D128EE080AA8EEA80AB5EECF
:1004E000400AF1EE10FA6BD4B1EEC09AF0EE680A51
:1004F000B0EE480A15F0BEFFF0EE407AD4ED086A7F
:10050000B7EEC90A9FED337A67EEA67AD4ED098A71
:100510009FED2E1B87EE878A15F0E8FC237B28468B
:10052000626807EE903AB7EEC00BF8EEE77AB0EEED
:10053000487AA8EE807AFBFE476A37EE667A67EE65
:10054000877AFBFE677AFDEEE77A17EE903A03EBC7
:100550004303D118D25A8B782A80AB700EB0BDEC11
:10056000048B70BD1C4A002307A903A807930893B6
:100570001388CDED097AADF8283053680B93936852
:100580000C93D3680D9311F0F3FB94ED057A03A956
:10059000D4ED047A07A838EE478A6A4678EEE78AEF
:1005A00002968DED018ACDED008AFEF79BFEDDED12
:1005B000078A9DED088ACDED008A8DED018A8AE7D4
:1005C00015F070FCB0EE409A90E700BF00000040CC
:1005D0003333D33FDB0F4940385B012030B583B064
:1005E00004462831069D0095FFF75EFF204603B0C4
:1005F00030BD00BF10B50446C06A08B117F0F8FE60
:10060000206B08B117F0F4FE204610BD10B504466B
:10061000406808B117F0ECFEA06808B117F0E8FEDA
:10062000204610BD70B5074B0646044600F5007520
:10063000036054F8040F08B117F0DAFEAC42F8D1A9
:10064000304670BD08210020704700BFF8B5002576
:1006500007460E462C462DED048B9FED1B8AF0EECF
:10066000488AB0EE489A0FE09B68984728440C35BA
:10067000D0ED006A90ED017AD0ED027A39EE269A3B
:1006800078EE878A38EE278A706E0368DB689847B1
:10069000A042706E04F101040368E5DCDB68984752
:1006A00007EE900A3846F8EEE77A89EE276AC8EE38
:1006B000A76A88EE277ABDEC048B87ED006AC7ED48
:1006C000016A87ED027AF8BD00000000F8B5002548
:1006D00007462E4611E0786E03689B6898473B6E8C
:1006E00044191A681846D368984728440C3501689D
:1006F0004268836821606260A360786E0368DB688B
:100700009847B04206F10106E5DCF8BDF7EE007A45
:10071000D2ED005A9FED357A92ED015A75EEE77AE7
:10072000F0EEE77AF4EEC77AF1EE10FA3BD5F0EE90
:10073000C57AD2ED024AF4EEC77AF1EE10FA35D45A
:1007400092ED034AD1ED017AD1ED002A25EE676AD8
:1007500091ED023A67EEA56AD1ED033A24EE677A8D
:1007600067EEA47AA2EEA56AE2EE856AA2EEA47A0A
:10077000E2EE847AA3EE646AE3EE046AA3EE257ADD
:10078000E3EE457AA3EEC46AE3EEE46AA3EE857A6B
:10079000E3EEA57A80ED006AC0ED016A80ED027A91
:1007A000C0ED037A7047D2ED024AC9E7F0EEE47A71
:1007B00092ED034AF4EEC77AF1EE10FAC2D5F0EEEC
:1007C000C47AF4EEC77AF1EE10FABBD5D1F804C0C2
:1007D0008A68CB68C0F804C08260C36000B5D1F8F5
:1007E00000E0C0F800E05DF804FB00BF6F12833A40
:1007F000F0B50025044600F110072E462DED048BC0
:100800008BB06EE0606E03689B6898472844D4ED17
:10081000127A2246D4ED136A394694ED147A90ED9B
:10082000015AD0ED025A90ED006A35EE665A75EE27
:10083000C75AD4ED0B4A36EE676AD4ED0C3A94ED04
:100840000D4A06A8E5EE236AA5EE847AE6EE247A40
:10085000B0EE661AF0EE471AB0EE672AFFF756FFC1
:10086000D4ED166A014694ED177A03AAD4ED157AF1
:1008700071EE666A31EEC77A684672EE677ACDED40
:10088000046A8DED057ACDED037AFEF72BFDD4EDEC
:10089000156A94ED167AD4ED177A9DED009ADDED88
:1008A000018A9DED028A39EE269A606E78EE878A7B
:1008B00038EE278AD4ED086A036894ED097A39EE98
:1008C000269AD4ED0A7A78EE878A9B6838EE278AD2
:1008D000984728440C3580ED009AC0ED018A80EDE0
:1008E000028A606E0368DB689847B04206F1010631
:1008F00088DC0BB0BDEC048BF0BD00BFF7EE007AD6
:100900009FED377A10B52DED048B91ED008A86B0FE
:100910000446D1ED018A78EE677AF0EEE77AF4EEDC
:10092000C77AF1EE10FA36D5F0EEE87A91ED029A38
:10093000F4EEC77AF1EE10FA30D4D1ED039A28EE36
:10094000A80AA8EE080AA9EE090AA9EEA90AB5EEB6
:10095000400AF1EE10FA3CD4B1EEC07A204602A96A
:10096000F7EE006AC6EE877A27EE888A68EEE78A95
:1009700029EE679A67EEE97A8DED028ACDED038A5A
:100980008DED049ACDED057AFEF7ACFC204606B05D
:10099000BDEC048B10BD91ED029ACEE7F0EEC97A62
:1009A000D1ED039AF4EEC77AF1EE10FAC7D5F0EE66
:1009B000E97AF4EEC77AF1EE10FAC0D51068516802
:1009C0009368206020466160A36006B0BDEC048B94
:1009D00010BD019215F066FA019AB0EE407ABDE7BB
:1009E0006F12833AF8B54FF0010C534B534E074644
:1009F000534D2DED028B53E8002F31682C6843E8EE
:100A000000C2002AF7D14F4B5B684F4A4FF47A700F
:100A10001B1B97ED038A126800FB01F19FED4B0A47
:100A2000F0EE480AA3FB0232824294BF89180918EB
:100A300007EE901AF8EE677A87EE800A15F01CFD33
:100A40003B78C0EE087A042B73D8DFE803F0152D4D
:100A50004467030037EEA77AB7EE000AB4EEC07A17
:100A6000F1EE10FA05D567EEA77AB1EE000A27EE8F
:100A7000800ABDEC028BF8BDB6EE007AF4EEC77AC0
:100A8000F1EE10FA03DDB7EE007A77EE677A97EDB4
:100A9000010A77EEA77A97ED027A37EE407ABDEC3D
:100AA000028BA7EE870AF8BDF6EE005A97ED010A11
:100AB000D7ED026AB7EE007A9FED256AF4EEE57A8B
:100AC00076EEC06AF1EE10FABDEC028B77FE067A84
:100AD000A6EEA70AF8BDDFED1F6A9FED1F7A67EE4D
:100AE000A67A9FED1E0A97ED018A67EE877A87EE58
:100AF000800A15F0F3FCD7ED027AF7EE006A77EE84
:100B0000C87AB6EE007A30EE260A67EE807AB0EE4A
:100B1000480ABDEC028BA7EE870AF8BD97ED010AE3
:100B200097ED027A37EE407ABDEC028BA7EE870A8A
:100B3000F8BD9FED070A9CE7744701207847012024
:100B40007C470120001000E0804701200024744908
:100B5000000000000000B443D00F494000003443BF
:100B600038B5044614302DED048BFFF73BFF04F13C
:100B70002400F0EE408AFFF735FF04F13400B0EEB8
:100B8000408AFFF72FFFDFED157ADFED156A04F2DB
:100B90003475B0EE679A9FED136A95ED007A201DCB
:100BA000A8EEA69AF0EE678AE0EE267A37EE067A8D
:100BB000E8EE268A85ED007AB0EE678AFFF712FF2D
:100BC00084ED219AC4ED228A84ED238A84ED1B0AE8
:100BD0002B68BDEC048BC4F8A03038BD4260E53B07
:100BE0000AD7A33B0AD7233B70B5044604302DED4A
:100BF000068BB0EE408A96B0FFF7F4FEDFEDDF7AA9
:100C0000DFEDDF5AB6EE009A68EE277ADFEDDD6A97
:100C1000F2EE084A04F20C76B0EE496ADFEDDAAA89
:100C200077EEA77A96ED007A9FEDD85AA0EE246A67
:100C3000DFEDD79A67EEA57A37EE2A7AE0EE059ACD
:100C4000C7EEA68A86ED007A84ED116A68EE898A7D
:100C5000B0EE680A15F042FCB0EE408AB0EE680AC9
:100C600015F040FD256B28EE098AB7EE009A2B7827
:100C7000F0EE408A06EE903A6B7830EE499A07EE35
:100C8000103AAB78B0EEC8AAB0EEC99A07EE903A27
:100C9000F8EE666AB8EE477AB4EEEA9AF8EE677A4A
:100CA000F1EE10FA05D5B4EEEAAAF1EE10FA00F171
:100CB0008C8128EE086A0023CDED036A8DED047A5D
:100CC000B0EE460A0293CDED057AA8EEA80A30EE02
:100CD000060A30EE060AB5EE400AF1EE10FA00F10F
:100CE000E482B1EEC07A12A802AA06A9F7EE006A61
:100CF000C6EE877A28EE277A68EEA77AF1EE476A81
:100D00008DED077ACDED067A8DED087A8DED097AB5
:100D1000CDED0A7ACDED0B6ACDED0C6ACDED0D6A05
:100D2000FFF7F4FC01460AAA0EA8FFF7EFFCDDED81
:100D30000F6A9FED986A9DED107AF4EEC66ADDEDBC
:100D4000117AF1EE10FA40F32781FF21DFED916A6D
:100D5000B4EEE67AF1EE10FA00F32C81B5EEC07A2B
:100D6000F1EE10FA40F1828200229FED8A7AF4EED1
:100D7000C77AF1EE10FA00F32681F5EEC07AF1EEB3
:100D800010FA00F17A82FCEEE77ACDED017A9DF857
:100D9000043084F8241084F8252084F826309FED50
:100DA0007A6AEB78B4EEC69A06EE903A2B7907EEA3
:100DB000103A6B79F1EE10FA07EE903AF8EE666AA7
:100DC000B8EE477AF8EE677A40F1D181B4EEC6AA60
:100DD000F1EE10FA40F1CB81FCEEE66ACDED016A4E
:100DE0009DF80410DFED6B6AB4EEE67AF1EE10FACE
:100DF00000F31782B5EEC07AF1EE10FA40F13F82AF
:100E000000229FED647AF4EEC77AF1EE10FA00F357
:100E10001182F5EEC07AF1EE10FA00F11382FCEEC9
:100E2000E77ACDED017A9DF8043084F8271084F834
:100E3000282084F829309FED546AAB79B4EEC69A25
:100E400006EE903AEB7907EE103A2B7AF1EE10FAB3
:100E500007EE903AF8EE666AB8EE477AF8EE677AEF
:100E600040F12081B4EEC6AAF1EE10FA40F11A81E9
:100E7000FCEEE66ACDED016A9DF80410DFED456AEF
:100E8000B4EEE67AF1EE10FA00F36681B5EEC07AC0
:100E9000F1EE10FA40F1E18100229FED3E7AF4EE8E
:100EA000C77AF1EE10FA00F36081F5EEC07AF1EE48
:100EB00010FA00F1D981FCEEE77ACDED017A9DF8C8
:100EC000043084F82A1084F82B2084F82C309FED0D
:100ED0002E6A6B7AB4EEC69A06EE903AAB7A07EEBB
:100EE000103AEB7AF1EE10FA07EE903AF8EE666AF5
:100EF000B8EE477AF8EE677A6ED5B4EEC6AAF1EE90
:100F000010FA69D5FCEEE66ACDED016A9DF8041091
:100F1000DFED206AB4EEE67AF1EE10FA00F3B78066
:100F2000B5EEC07AF1EE10FA40F1908100229FED0B
:100F3000197AF4EEC77AF1EE10FA00F3B180F5EE0B
:100F4000C07AF1EE10FA00F17F81FCEEE77ACDED88
:100F5000017A9DF8043084F82D1084F82E2084F84E
:100F60002F30C4ED179AC4ED189AC4ED199A33685E
:100F7000A36716B0BDEC068B70BD00BF0000B44384
:100F8000DB0F4940000034436F12833A6F12833BFA
:100F90000AD7A33B00007F43F5EEC06AF1EE10FADA
:100FA00013D55FED046A0021B4EEE67AF1EE10FA93
:100FB0007FF7D4AE1FED097AFF22F4EEC77AF1EE87
:100FC00010FA7FF7DAAEFF23E3E6FCEEE66ACDED3A
:100FD000016A9DF80410B9E628EE086A0023CDEDF9
:100FE000036A8DED047AB0EE460A0293CDED057AE0
:100FF000A8EEA80A36EE000A30EE060AB5EE400A60
:10100000F1EE10FA00F14281B1EEC07A12A802AA04
:1010100006A9F7EE006AC6EE877A28EE278A68EE00
:10102000A78AF1EE487A8DED078ACDED068A8DED1F
:10103000088ACDED0B7ACDED0C7ACDED0D7A8DEDE4
:10104000098ACDED0A8AFFF761FB01460AAA0EA8BC
:10105000FFF75CFBDDED0F6A1FED326A9DED107A44
:10106000F4EEC66ADDED117AF1EE10FA00F3E880D5
:10107000F5EEC06AF1EE10FA7FF544AF5FED3B6A22
:101080000021B4EEE67AF1EE10FA7FF749AF1FEDDA
:101090003F7AFF22F4EEC77AF1EE10FA7FF74FAFF6
:1010A000FF2358E728EE086A0023CDED036A8DED93
:1010B000047AB0EE460A0293CDED057AA8EEA80AAE
:1010C00036EE000A30EE060AB5EE400AF1EE10FAEE
:1010D00000F1E180B1EEC07A12A802AA06A9F7EEEB
:1010E000006AC6EE877A28EE277A68EEA77AF1EED4
:1010F000476A8DED077ACDED067A8DED087A8DED94
:10110000097ACDED0A7ACDED0B6ACDED0C6ACDED05
:101110000D6AFFF7FBFA01460AAA0EA8FFF7F6FAD6
:10112000DDED0F6A1FED656A9DED107AF4EEC66A7B
:10113000DDED117AF1EE10FA7EDCF5EEC06AF1EE2B
:1011400010FA7FF595AE5FED6D6A0021B4EEE67A98
:10115000F1EE10FA7FF79AAE1FED727AFF22F4EEED
:10116000C77AF1EE10FA7FF7A0AEFF23A9E628EECA
:10117000086A0023CDED036A8DED047AB0EE460ACD
:101180000293CDED057AA8EEA80A36EE000A30EEFD
:10119000060AB5EE400AF1EE10FA00F18180B1EED8
:1011A000C07A12A802AA06A9F7EE006AC6EE877AEC
:1011B00028EE277A68EEA77AF1EE476A8DED077A76
:1011C000CDED067A8DED087A8DED097ACDED0A7AAE
:1011D000CDED0B6ACDED0C6ACDED0D6AFFF796FAF9
:1011E00001460AAA0EA8FFF791FADDED0F6A1FED7E
:1011F000976A9DED107AF4EEC66ADDED117AF1EE94
:1012000010FA1BDCF5EEC06AF1EE10FA7FF5E4ADE2
:101210005FEDA06A0021B4EEE67AF1EE10FA7FF7F6
:10122000E9AD1FEDA47AFF22F4EEC77AF1EE10FAD1
:101230007FF7EFADFF23F8E5FF211FE6FF21D1E5A2
:10124000FF2165E60023F0E5002384E6BCEEC77AC3
:101250008DED017A9DF8042069E6BCEEC77A8DED2C
:10126000017A9DF8042018E600232AE6BCEEC77A2E
:101270008DED017A9DF8042077E5002389E5BCEE29
:10128000C77A8DED017A9DF80420BAE514F00AFEC4
:10129000B0EE407ABAE614F005FEB0EE407A1BE7F5
:1012A00014F000FEB0EE407A7BE714F0FBFDB0EEE8
:1012B000407A18E510B5044604302DED028BB0EEEF
:1012C000408AFFF78FFBF7EE007A84ED130A9FED5B
:1012D000077A0022064B37EEC80AA263E36320EECA
:1012E000070ABDEC028B84ED140A10BD0000B44364
:1012F000000096420B682DE9F0475A690D46854C6F
:101300008146A2422DED048B8AB040F0E48001F1C9
:1013100024079A6980498A4240F0E6801B6805F2FA
:10132000D5667E4A934240F0E88095ED067AF6EE67
:10133000006AD5ED045AD5ED057A95ED036A37EECE
:10134000257A77EE867A27EE267A67EEA67A8DEDF5
:10135000077ACDED067A002409F144009FED709ADA
:10136000ADF81640FFF73EFBD9ED017A09F12400F4
:10137000DFF8B08127EE800A89ED040AFFF732FB1F
:10138000D9ED017A09F1340027EE800A89ED020ACD
:10139000FFF728FBD9ED017A27EE800A89ED030AD1
:1013A0000DE0BDF81630A2B203EB430302EB42029C
:1013B000F85A3B44B118B0529B788B7001342B68BB
:1013C0001FFA84FADA69424563D140F23B20504566
:1013D00064D99B685246294608A89847D9ED037AF4
:1013E0009DED098ADDED080A38EE278AD9ED026AFB
:1013F0009DED077A70EEA60ADDED067A38EE478A93
:1014000070EEE70A28EE080AA0EEA00AB5EE400A40
:10141000F1EE10FA75D4F1EEC08AB0EE480A15F07C
:1014200029F8C8EE897A99ED041AF0EE409AB7EEE1
:10143000C11AB7EEE70A14F059FDB0EE407BB0EEEA
:10144000690AF7EEC78B15F04DF9B0EE408AB0EEA1
:10145000690A15F043F860EE287A28EE288AD5F854
:1014600000C051460DF11602FDEEE77A2846BDEEAA
:10147000C87ACDED007A17EE103ADCF848A0D047D4
:1014800000288ED1A3B203EB4303F218F052907000
:1014900094E72846904750452B689AD8002440F29C
:1014A0003A290CE04C4511D804EB44030134F05ABE
:1014B000F118FA18A4B2F8528B7893702B68DB6994
:1014C0004345EFD0284698478442EDD30AB0BDEC9F
:1014D000048BBDE8F087084690472B680E49074605
:1014E0009A698A423FF41AAF284690472B680B4A04
:1014F00006461B6893423FF418AF294606A8984752
:1015000029E7CDED030A14F0CDFCDDED030AF0EE82
:10151000408A82E7F1050000F5050000B5040000EF
:10152000000040427D020000DFEDCD7A90ED017AAF
:10153000B4EEE77AF1EE10FA40F291810B682DE9F2
:10154000F04FDA690C46C74905468A422DED108BEB
:101550008BB040F0BC8140F23B2203925A69C249F1
:101560008A4240F0A78104F124029B690292BF4A9B
:10157000934240F0A88104F2D563049305F12C0056
:10158000F7EE00EAFFF72EFA2B7A95ED017AB0EE2E
:10159000409A013BF0EE6EBA07EE903A039BF8EEEC
:1015A000E77AE7EE87BA002B00F0468105F10C03DD
:1015B000FCEEEB7A4FF0000AF6EE009A0FEE903A4E
:1015C00005F11C03CDED017A55460FEE103A049B50
:1015D0009FEDA7BADFEDA7AA98469FEDA7AA9FEDBA
:1015E000A7CA9DF80490059323682A46214608A8B7
:1015F0009B689847F2EE047A9DED087A2A462368A4
:10160000214687EE27EA08A89B6898479DED097A4E
:101610001FEE900AF1EE047AC7EE27DAFFF7E2F93F
:101620001FEE100AB0EE408AFFF7DCF9B0EE40DAA8
:10163000B0EE4E0AA8EE0B0A14F050FFF0EE40CACE
:10164000B0EE6D0AADEE0B0A15F04CF87CEE80CAD8
:10165000B0EE4E0A7CEEAECAA8EE2A0A14F03EFFA7
:10166000F0EE408AB0EE6D0AADEE2A0A15F03AF8B7
:1016700078EE808AB0EE4E0AA8EE0A0A14F02EFF29
:10168000B0EE408AB0EE6D0AADEE0A0A15F02AF807
:101690007BEEEE7AB0EE6E7A38EE008A6CEEA7CA78
:1016A000ACEEA97ABCEEC77A8DED017A9DF80430D4
:1016B0004B4500F2D280012B38BF012378EEAE8A71
:1016C000B0EE6E7A68EEA78AA8EEA97ABCEEC77A69
:1016D0008DED017A9DF804704F4500F2BC80012F1A
:1016E00038BF012738EE2E8A28EE278AF0EE6E7A70
:1016F000E8EE297AFCEEE77ACDED017A9DF80460F8
:101700004E4500F2A680012E38BF012622682946E8
:10171000B0EE490A2046D2F84CB007AAD847226852
:101720003B46294639EE0C0A0746D2F84CB0204613
:101730000DF11E02D84722689FED510A3346294613
:10174000D66C054639EE000A08AA2046B047002F9D
:101750007CD0BDF81C30029A03EB4303D35C88F8BD
:10176000003035B1BDF81E30029A03EB4303134439
:101770005D7888F80150002863D0BDF820300AF168
:10178000010A029A03EB430313449B7888F8023062
:101790001FFA8AF5039B08F10308AB423FF624AF1A
:1017A000049A0299D3430B440A2B6BD90398431E26
:1017B0009BB2022B66D9C0F38F060B460598111D0C
:1017C00006EB460602EB8606083250F80C7B0C331B
:1017D00051F80C5B52F80C4BB04243F80C7C43F8C8
:1017E000085C43F8044CF0D1039E26F003039BB23F
:1017F0009E4221D003EB4301049C029D5A1C605A77
:1018000092B268526018964229448078887013D941
:1018100002EB42020233A15A9BB2A952A1189E4286
:101820002A448978917007D903EB4303E15AE218FF
:10183000E9522B4492789A700BB0BDEC108BBDE846
:10184000F08F0AF1010A88F80200A1E788F8007019
:1018500087E74E465AE74F4644E74B462EE7704728
:101860006F12833A7D020000F1050000F5050000CB
:10187000DB0F49425F6E5142E3CC59420000F04217
:1018800000007043039B049903EB4302029B114445
:101890000A4605990888033103338A4223F8030C6A
:1018A00011F8010C03F8010CF4D10BB0BDEC108B56
:1018B000BDE8F08F204690472368074A9B69029055
:1018C00093423FF458AE20469847049056E620468F
:1018D00090472368039041E6F5050000DFEDA27A0A
:1018E00090ED017AB4EEE77A2DE9F04FF1EE10FABF
:1018F0002DED0A8B8BB0059040F2BD810E680C4631
:101900009A4A7369934240F02C8201F124030393B5
:10191000B369974A934240F01F8204F2D56304935F
:101920000023944ADFED94AA0093F3699FED93AAF4
:101930009342DFED939ABDF8005040F0778140F27A
:101940003B20A84240F27881059FB7EE00CA2A46A4
:1019500021463B7A08A8B0EE4C8A97ED017A013B0C
:10196000F6EE00BA07EE903AB368F8EEE77AA7EE23
:10197000878A9847F2EE047A9DED097A07F10C0008
:1019800087EE27BAFFF72EF8F2EE007A20EE2A0A49
:1019900028EE2B8AA0EE27BAB0EE4B0A14F09EFD7B
:1019A000B0EE409A3BEE0A0A14F098FDF0EE408A41
:1019B0003BEE290A14F092FD39EE0C9A78EE086A93
:1019C000FDEEC87AB1EE487A29EE269ACDED027A7C
:1019D000F0EE407ABDEEC76A9DF9088099EE2B8A39
:1019E0008DED016A9DF90420BDEEC86A8DED016A96
:1019F0009DF90490C14500F36C819145B8BF9146B3
:101A0000B7EE006AF6EE005A78EE868AB0EE476AC4
:101A100068EEA68AA8EEA56ABDEEC66A8DED016ADB
:101A20009DF90470B845C0F252819742B8BF17467D
:101A3000F7EE005AB6EE006A77EEA57A67EEA67A60
:101A4000A7EE867AFDEEC77ACDED017A9DF90430D6
:101A5000984503DB9A42B8BF1A4690462268002395
:101A6000DFF824B1166CADF81A305E45ADF81C30C5
:101A7000ADF81E3040F03B8199452946ADF8205025
:101A800040F3678118463F4E2B464D46B24681468D
:101A9000566B564540F00781484601F67451A946F9
:101AA0001D4634F8111003464FF6FF70ADF82010B4
:101AB00081420DD00133994503D104E1994540F3AA
:101AC000028101F67451013334F811108142F5D1CD
:101AD000166C4FF6FF714FF0000A5E45ADF81A1014
:101AE00040F01181002F2946ADF8205040F32E819F
:101AF0000023244E3D46B1461F460B46566B4E45CD
:101B000040F0BE80184601F674513B462F4634F82B
:101B1000111005464FF6FF70ADF8201081420DD030
:101B200001339F4203D1BAE09F4240F3B88001F6EF
:101B30007451013334F811108142F5D1166C4FF60F
:101B4000FF714FF000095E45ADF81C1040F0E680D3
:101B5000B8F1000FADF8205033DD0027094E4FF6E5
:101B6000FF7B29461CE000BF6F12833AF10500009D
:101B7000F50500007D020000DB0FC94042E805408A
:101B800042E8854001070000F908000034F8101011
:101B90005945ADF8201000F0A780B84510D0226854
:101BA000536B01F674500137B342EFD008AA2046B8
:101BB0009847002800F0C780B845BDF82010EED146
:101BC0000D460120ADF81E50BAF1000F00F08380E1
:101BD000BDF81A20BDF8003002EB4202049D03EB71
:101BE00043030399895CEA18E954B9F1000F07D05F
:101BF000BDF81C30039903EB43030B4493F80190A9
:101C000082F8019030B1BDF81E30039903EB430315
:101C10000B449878009B907001332668534A0093D8
:101C2000F369BDF8005093423FF489AE20469847CF
:101C3000A84226683FF688AE002540F23A27DDE943
:101C4000038910E0BD4216D805EB4503013539F88C
:101C5000030009EB030108EB0302ADB228F803000F
:101C60008B7893702668F369404A9342EAD0204605
:101C700098478542E8D30BB0BDEC0A8BBDE8F08FE6
:101C8000019308AA20460137B047019B002853D092
:101C9000BD42BDF8201022687FF430AF1D46166C9F
:101CA0004FF001094FE7019308AA204609F1010905
:101CB000B047019B002838D04D45BDF82010226860
:101CC0007FF4E6AE1D46166C4FF0010A05E7474665
:101CD000AEE6C14694E6BDF80030049903EB430339
:101CE000CA1801F803A080E70D4600206AE70DF14D
:101CF0001A024B4629462046B04722688246166C97
:101D00005E453FF4EFAE07AA3B4629462046B04762
:101D100022688146166C5E453FF41AAF4346294659
:101D20000DF11E022046B0474EE7226882461D464E
:101D3000BDF82010166CD0E6226881461D46BDF81D
:101D40002010166CFFE6BDF820503BE74FF001096C
:101D5000F9E64FF0010AC0E620469847266804904D
:101D6000DEE50846984726680390D1E57D0200002D
:101D7000DFEDC67A90ED017AB4EEE77A2DE9F04F07
:101D8000F1EE10FA2DED088B89B0039040F27881C6
:101D90000B680C46BE495A698A4240F0EE8104F154
:101DA000240202920022DB69DFEDBAAA0092BA4A4D
:101DB0009FEDBAAA9342DFEDBA9ABDF8005040F009
:101DC0005A8140F23B20A84240F25A81039EB7EE6E
:101DD000009A23682146327A06A8F0EE49BA96EDB9
:101DE000017A013A9B6807EE902A2A46F8EEE77AD4
:101DF000E7EE87BA9847F2EE047A9DED067A06F18F
:101E00000C0087EE27BAFEF7EDFDF2EE007A20EE29
:101E10002A0AA0EE27BAB0EE4B0A14F05FFBF0EEF0
:101E2000408A3BEE0A0A14F059FBB0EE408A3BEEC2
:101E3000290A14F053FB78EE898A7BEEC96AB6EE64
:101E4000007AFCEEEB7A68EEA68ACDED017AF0EE30
:101E5000407AA8EE879A9DF80480BCEEC97A8DED91
:101E6000017A9DF80490C14500F24881B9F1010F53
:101E700038BF4FF00109B7EE007AB6EE006A38EECF
:101E8000078A28EE268AA8EE067ABCEEC77A8DED80
:101E9000017A9DF80470B845C0F02E81012F38BF3B
:101EA0000127B7EE007AB6EE006A77EE877A67EE22
:101EB000A67AA7EE867AFCEEC77ACDED017A9DF878
:101EC0000430984503D3012B38BF0123984622687C
:101ED0000023DFF8D4B1566CADF812305E45ADF892
:101EE0001430ADF8163040F027812946ADF818506F
:101EF000B9F1000F00F03E8118466A4E2B464D4660
:101F0000B2468146966A564540F0E380484604EB67
:101F10004101A9461D46B1F8861D03464FF6FF70E4
:101F2000ADF8181081420DD00133994503D1DFE09F
:101F3000994540F3DD8004EB41010133B1F8861D82
:101F40008142F5D1566C4FF6FF714FF0000AADF8A3
:101F500012105E4540F0E7802946ADF81850002F7A
:101F600000F0058100234F4E3D46B1461F460B460B
:101F7000966A4E4540F09A80184604EB41013B4674
:101F80002F46B1F8861D05464FF6FF70ADF81810C4
:101F900081420DD001339F4203D196E09F4240F32E
:101FA000948004EB41010133B1F8861D8142F5D1E3
:101FB000566C4FF6FF714FF00009ADF814105E45F6
:101FC00040F0AA80ADF81850B8F1000F20D00027DB
:101FD000344E4FF6FF7B294609E0B0F8861D59457F
:101FE000ADF8181000F09580B84510D02268936ABB
:101FF00004EB41000137B342EFD006AA20469847D0
:10200000002800F0B180B845BDF81810EED10D469B
:102010000120ADF81650BAF1000F71D0BDF81220B2
:10202000BDF80030029D02EB420203EB4303A95CC2
:10203000EA18E954B9F1000F07D0BDF8143002993D
:1020400003EB43030B4493F8019082F8019030B105
:10205000BDF81630029903EB43030B449878009BBC
:10206000907001330C4A00932368BDF80050DB697F
:1020700093423FF4A6AE20469847A8423FF6A6AE4C
:1020800009B0BDEC088BBDE8F08F00BF6F12833A3A
:10209000F1050000DB0FC9407D02000042E8054069
:1020A00042E88540B106000075090000019306AAC8
:1020B00020460137B047019B00284ED0BD42BDF8F5
:1020C000181022687FF454AF1D46566C4FF001097A
:1020D00073E7019306AA204609F10109B047019B65
:1020E000A0B34D45BDF8181022687FF40BAF1D4614
:1020F000566C4FF0010A2AE74746D2E6C146BAE6D7
:10210000BDF80030029903EB4303CA1801F803A09D
:1021100090E70D4600207CE7434629460DF1160264
:102120002046B04777E705AA3B4629462046B047F8
:1021300022688146566C42E70DF112024B46294651
:102140002046B04722688246566C02E722688246E3
:102150001D46BDF81810566CF9E6226881461D46EA
:10216000BDF81810566C28E7BDF8185051E74FF02D
:10217000010922E74FF0010AE9E62046904723686B
:1021800002900FE60B682DE9F04FDA690F46B74C65
:102190002DED048BA2428DB0039040F0498140F2B6
:1021A0003B2205925A69B2498A4240F03C8107F1CC
:1021B00024099B69AF4A934240F0318107F2D5630D
:1021C0000693039B03F10C00FEF70CFC059BB0EE9D
:1021D000408A002B00F01E81B7EE009A069BDFEDCF
:1021E000A68A0021CDF82490CDF81090CDE90733D0
:1021F000039BB0EE497A1A7AD3ED016A4FF00003DF
:1022000007EE902AADF82E30F8EE677AADF82C3054
:10221000049B77EEC97A1E785D789C78A6EEA77A43
:10222000FCEEC77A17EE903A9BB20293002B50D087
:102230004FF0010B0196A0465E468B463868334648
:10224000B0EE480A0DF12E02C46C59463846A0473C
:10225000396833460BAAD1F84CA038EE280A044658
:1022600059463846D047731CBDF82EC0BDF82C2007
:102270005FFA83FE0CEB4C0C02EB4202764609EB54
:102280000C0A74B119F80C40019B23449AF80140E0
:1022900025449AF802409BB24444ADB201931FFA20
:1022A00084F809EB020C70B119F80240019B9CF80C
:1022B00001009CF802202344284442449BB285B28A
:1022C0001FFA82F80193029B9E45B7D9019E4446AE
:1022D0005946029A01310598530089B2B6FBF3F6CC
:1022E000B5FBF3F5B4FBF3F4FF2E079BA8BFFF2665
:1022F000FF2DA8BFFF25FF2C1E70A8BFFF2488421A
:102300009D705C7037D004980333033007930490BA
:10231000002A7FF46DAFF7EE006A069FDDF80CC06F
:102320009CF80830F0EE667A9CED016A01EB410200
:1023300007EE103A013109EB020319F80250B8EE2A
:10234000477ABE185C7889B2987837EE667AE7EEFD
:10235000067AFCEEE77A17EE903A9BB25B00B5FB8B
:10236000F3F5B4FBF3F4B0FBF3F3BD547370059BCA
:10237000B4708B42D4D8069AD3434B440A2B5CD911
:1023800005994B1E9BB2022B57D9C1F38F051346FB
:10239000043205EB4505083309EB8505DDE9080145
:1023A0000C3150F80C7B52F80C6B53F80C4B8D42EF
:1023B00041F80C7C41F8086C41F8044CF0D1059DC3
:1023C00025F003039BB29D4224D003EB4301069CFE
:1023D0005A1C605A92B229F801006018954249448B
:1023E0008078887016D902EB42020233A15A9BB260
:1023F00029F80210A118AB424A448978917009D299
:1024000003EB4303E15AE21829F803109944937847
:1024100089F802300DB0BDEC048BBDE8F08F384672
:1024200098470690CDE6384690473B688146C0E61F
:10243000084690473B680590B4E6059B069A03EB77
:1024400043031A441346DDE908211088033203319F
:10245000934221F8030C12F8010C01F8010CF4D19D
:102460000DB0BDEC048BBDE8F08F00BF7D02000015
:10247000F1050000F5050000000034430B682DE96C
:10248000F04FDA690C46874D8246AA422DED048B47
:1024900089B040F0E88040F23B2203925A698249B9
:1024A0008A4240F0DB8004F1240B9B697F4A93420F
:1024B00040F0D08004F2D56304930AF12C00FEF7BB
:1024C00091FA039BB0EE408A002B00F0B0804FF0F1
:1024D0000008049DDFED769A9FED769A4146DFED88
:1024E000768A05959AF80830B0EE697ADAED016AD5
:1024F000B0EE480A07EE903A23680DF11E020291F1
:10250000F8EE677ADE6C2046A6EEA77AFCEEC77A74
:10251000CDED007A9DF800300093B047009B226813
:1025200038EE090A02990746D66C204607AA01939D
:102530000091B0472268064638EE280AD2F84C903F
:10254000204600990DF11A02019BC847002F73D055
:10255000BDF81E3003EB43031BF803302B703346EA
:102560002EB1BDF81C3003EB43035B445B786B700A
:10257000002863D0BDF81A3008F10108033503EBD9
:1025800043031FFA88F15B449B7805F8013C039BE9
:102590009942A7D3DDE90429D3435B440A2B67D9C9
:1025A00003994B1E9BB2022B62D9C1F38F065B4687
:1025B000111D06EB460602EB8606083259F80C5B45
:1025C0000C3351F80C4B52F80C0BB14543F80C5C32
:1025D00043F8084C43F8040CF0D1039D25F00303A5
:1025E0009BB2AB4223D003EB4301049C5A1C605ABC
:1025F00092B22BF801006018954259448078887097
:1026000015D902EB42020233A15A9BB22BF80210F9
:10261000A1189D425A448978917008D903EB43036D
:10262000E15AE2182BF803105B4492789A7009B0D3
:10263000BDEC048BBDE8F08F2F7090E708F1010826
:10264000039B033505F8010C1FFA88F18B423FF616
:1026500049AF9FE72046984704902EE720469047D1
:102660002368834621E7084690472368039015E7CF
:10267000039B049903EB43025B4611440A46B9F8F5
:10268000001009F103090333914523F8031C19F8DD
:10269000011C03F8011CF2D109B0BDEC048BBDE8AC
:1026A000F08F00BF7D020000F1050000F50500007D
:1026B000000000000000F042000070432DE9F04FE0
:1026C000824687B09820059115F08AFE9AED077A28
:1026D000F6EE004ADAED087A24229AED033A002356
:1026E000DAED042A00F10801DAED053A73EE075A33
:1026F0009AED064A32EEA75A37EE236A026077EE69
:10270000846A042265EEA45A036125EE245A4260CD
:1027100026EE246A80ED053A66EEA46AC0ED062A2C
:1027200080ED077AC0ED087AC0ED095A80ED0A5AAB
:10273000436380ED0E7AC0ED0F2AC0ED103AC0ED74
:10274000117A80ED126A80ED135A836580ED173A95
:10275000C0ED187A80ED197AC0E90233C0E90B3375
:10276000C0E9143380ED1A4AC0ED1B5AC0ED1C6A53
:10277000C36780ED207AC0ED217AC0ED223A80ED6A
:10278000234A80ED246AC0ED256ABAF8002002933E
:10279000CAF804100193C0E91D33DAF80800002AD2
:1027A00060D04FF0000910E0019A791CAB6801324B
:1027B00043F8276093B22980BAF80020019309F109
:1027C00001091FFA89F393424CD2DAF804501FFA38
:1027D00089F3029950F823600D4496ED0D7AD5EDFA
:1027E000057AD6ED0E6AB4EEE77AF1EE10FAE6D588
:1027F00096ED0F7AD5ED037AB4EEE77AF1EE10FAA2
:10280000DDDDD5ED067AF4EEE76AF1EE10FAD6D505
:1028100095ED047AD6ED107AB4EEE77AF1EE10FA7F
:10282000CDD52F886C88A742BED1002F50D14FF054
:1028300008082020D5F808B015F0D2FDA8600023C4
:1028400040F824300134A4B2A045F8D8BBF1000F01
:1028500003D0584615F0CCFD2F88DAF80800A5F80B
:102860000280A1E7029B2433902B029397D118B1E9
:1028700015F0BEFDBAF800200023CAF80830019B0D
:10288000B2EB530F1ED9059C0134E4B2082C19D0C9
:10289000DAF804301A88082A00F2A9809A8C03F129
:1028A0002400082A00F29D80B3F8482003F1480074
:1028B000082A00F29080B3F86C2003F16C00082A1B
:1028C00000F285800023AAF8003007B0BDE8F08F41
:1028D0004FEA4708D5F808B01FFA88F84FEA880091
:1028E00015F07EFDA860B8F1000FAFD0474539461E
:1028F000CBF3020228BF414608290B46049194BF3E
:1029000000230123002A18BF0023002B50D00BF115
:102910000403C31A082B4BD900290B4600F1200CE5
:1029200000F1100208BF01230BF110011C460393B4
:10293000324BA408013CA4B20CEB041C1C0C03F1A8
:10294000040E1032002310316EF30F03624504F1C0
:10295000040E04F1010411ED086B11ED067B6EF31A
:102960001F43A4B202ED086B02ED067BE6D103998A
:1029700021F003028A4293B216D05C1C04995BF8E2
:102980002320A4B240F823208C420DD25BF82420EF
:1029900040F824209C1CA4B28C4205D25BF8242071
:1029A000033340F824209CB2A0453FF648AF4DE7E2
:1029B000ABF10402031F0024DDF810C0013452F80B
:1029C000041FA4B243F8041FA445F7D8ECE721463E
:1029D000FFF774FE76E72146FFF770FEDAF8043061
:1029E00069E72146FFF76AFEDAF804305CE718462B
:1029F0002146FFF763FEDAF804304FE702000300D8
:102A0000054B022888BF034610B41C68184663684B
:102A10005DF8044B184700BF4038002041F2BB036B
:102A2000984200F212812DE9F047DFF85482C2B0DB
:102A30000D4698F80030002B00F0E8808208854BA6
:102A400000F00300844EA3FB0213D11A03EB5103E1
:102A50005C09824B40EA8409C4EB8414141B36F8E9
:102A600014E023444FEA4E001F0300EB0330B0EBA9
:102A7000033F40F2EB803B464FF0FF0C1A880233D5
:102A8000D1B2894508BF4FEA122C9842F6D8654565
:102A900000F0AA80BEF5006FC0F0A9800DF1080813
:102AA0004FF48072FF21404614F032FC07F5805C41
:102AB000B81C3A46844534BF01204FF4006007EB50
:102AC0004000134602321B889042D9B24FEA1323CA
:102AD00008F80130F5D108F8095072B6604B0022B1
:102AE000604999610221D96140F20641C3F8F012B0
:102AF000C3F8F422C3F8F822C3F8FC22C3F8A020DC
:102B00004FF47022C3F8A4200122C3F8B020BFF311
:102B10004F8F07F120034FF0E0219C4528BF802212
:102B20003B4607EB4212C1F85C3F20339A42FAD190
:102B3000BFF34F8FBFF36F8F494A5369D807FCD556
:102B4000494B012149483B405161C2F8F002C2F8AB
:102B5000A0304FF47023C2F8A430C2F8B010404A3D
:102B60005369D907FCD50121414B0020DFF814C17E
:102B70005161404DC2F8F032C2F8F402384AC2F84E
:102B8000B810C2F8A000C2F8A4C0C2F8B0105369CF
:102B9000DB07FCD551612B78DB07F0D4136843F0D9
:102BA000010313602E4A136813F00108FBD162B6CB
:102BB0000DF107090DF2071A4D4615F8012F07EB25
:102BC00048000DF106016B1EFF2AA3EB090307D095
:102BD00043EA022308F10108ADF8063011F074FB56
:102BE0005545EAD126F8148042B0BDE8F08749EA9D
:102BF000052902A9ADF8089011F066FB36F81430EB
:102C0000013326F8143042B0BDE8F0871A4E4FF673
:102C1000FF711A4C06F17E07A4F580534FF0000CAB
:102C200003E0A3421FFA8EFC05D21A880CF1010EB4
:102C300002338A42F5D126F802CFBE4204F5805411
:102C4000EAD1012388F80030F8E670474FF0FF0C16
:102C50001DE700BF05411004505A0120C0070600BF
:102C600000802A40F05AF05A00F0FF0020041808B3
:102C70000504012400812A404E5A012000107C6086
:102C80003C5A012001000F0038B5234B234A1B7822
:102C90001268362B39D82249180101EB0313095861
:102CA000DB688968194230D01E490B78C3B11E48D1
:102CB00000241E4DD0F8D8320C70D31A29888B42CC
:102CC00012DD1B4D1B4BC0F8D8222878195CFFF78A
:102CD000A5FE2B780133DBB20C2B1AD92C7038BD32
:102CE000114BC3F8D82238BD322BF8DD104B1149F7
:102CF000C0F8D8221A78104B985C8B5C0133DBB299
:102D000098428B54EBD88C5438BD064B01221A7074
:102D100038BD2B7038BD00BF395A012078470120DB
:102D2000381D0020385A0120C04200203A5A0120A4
:102D3000505F0120405A0120D05A01200A490A6AF6
:102D400038B108B513180948834204D810460B62FD
:102D500008BD1046704714F0D5FA0C234FF0FF322F
:102D60000360104608BD00BF503800200000282036
:102D7000002070474FF0FF30704700BF4FF4005302
:102D800000204B60704700BF012070474FF0FF30BC
:102D9000704700BF30BFFDE738B51F4D95F82430B0
:102DA00063B31E4C94F8DC2242BB012284F8DC227F
:102DB000DA0724D400225B0784F8DC221ED5D4F87D
:102DC000E032DBB1EFF30583C3B9EFF3108272B6E3
:102DD000D4F8E002E0B194F8E432CBB9012184F8F0
:102DE000E4124169C4F8E01201B18B6102B962B624
:102DF000002583684577984784F8E45238BDD4F8B5
:102E0000E020002AD6D1FFF7C7FF95F82430D1E79C
:102E1000002AF3D162B638BD50380020C0420020ED
:102E2000F8B5404B1D782A2D66D83F4F97F8E5320C
:102E3000002B4DD13D4B2B4493F8CC31FF2B5BD075
:102E40001C065CD43A4C2360236AD80704D4FFF7ED
:102E5000A3FF236AD907FAD5354BD3ED097AF8EEEB
:102E6000E77A3448344C03882288023333499BB2D2
:102E700001EB82010132B3F5007F0380C1ED007ADE
:102E8000228000D2F8BD2E4C2268002AFAD02D4BA9
:102E90000021254813441B1100EB8300016201202F
:102EA0009160D060FF20284A13441877537F107F29
:102EB000957F834228BF0346D07F244AAB4228BF78
:102EC0002B46834228BF034682F87A302160F8BD42
:102ED000174C1F4E01E0FFF75FFFA36C1B06FAD4EF
:102EE000B36C13F08003F6D187F8E5320F4B2B4417
:102EF00093F8CC31FF2BA3D1DFED167AB1E7144C58
:102F000003F07F032360236ADA0704D4FFF744FF4A
:102F1000236ADB07FAD50E4BD3ED097AF8EEE77A90
:102F20009FE700BF54510120C0420020C82100206B
:102F300000400C405651012060510120485B0120A7
:102F40002438002000BFF7BF5038002000E400E024
:102F500000800C40000000002DE9F84F0121224CB8
:102F6000224E8146224D54E8003F3268286844E8EA
:102F70000013002BF7D11F494B684FF47A7BDFF821
:102F800078A01B1A01270BFB02F8DAF80020A3FB3C
:102F900002325A4594BF9044D84454E8003F326806
:102FA000286844E80073002BF7D14B68DAF800C0BA
:102FB0001B1A0BFB02F2A3FB0C3CBCF57A7F94BFFF
:102FC000624402F57A72A2EB0802B2F57A7F06D368
:102FD000B9F1010908F57A78DFD1BDE8F88FFFF77C
:102FE000DBFE0449D9E700BF744701207847012080
:102FF0007C470120001000E080470120054B10B500
:10300000D3F8E0400CB1204610BDFFF7C5FE2046C6
:1030100010BD00BFC04200202DE9F04F85B08A46A8
:103020000290002900F0E480724C0023724E04F1FB
:10303000600BDFF8D491019394F853500123B4F856
:10304000501084F852306B010BEB451703930029A5
:1030500040F0CA800D46084688461FE0BFF34F8FF8
:1030600084F8528000B9356894F8E632002B40F0BD
:103070009C8033685B1B782B00F29B8099F80030B2
:10308000002B00F09280FFF787FE0123B4F8501068
:10309000184684F85230002940F092807B6813F083
:1030A0008003DBD14FF4006294F8535084F8E63289
:1030B0001146A4F8502003EBC520DFF8508192455B
:1030C0004FEAC525404418D252460391029914F0A4
:1030D0001DFA039B494AA3EB0A03A4F850304FF0B2
:1030E0004043C2F88430BFF34F8F0198002350440F
:1030F00084F8523005B0BDE8F08F0299454414F0D1
:1031000005FA0123039A4BF802303D4BBD607B600A
:1031100005F58053FB6005F500533B6105F5405311
:103120007B6105F58043BB610023FB61BFF34F8FDB
:1031300005F5006105F120034FF0E020994234BF0E
:103140000121402105EB41118B42C0F8705F1D4603
:1031500003F12003F8D1BFF34F8FBFF36F8F4FF40C
:1031600080113A462748FAF727FA94F8533001338A
:10317000DBB2032B2AD8019A84F85330B4F85030CC
:103180001A44AAEB030A0192029A1A4400230292FB
:103190001A4AA4F85030C2F88430BFF34F8F84F835
:1031A0005230BAF1000F7FF447AF019805B0BDE887
:1031B000F08F0123019884F8E63205B0BDE8F08F66
:1031C00094F853500A46C1F5006374E7B4F85030E0
:1031D000019AAAEB030A1A440192029A1A440023A4
:1031E000029284F85330D3E70A46C1F5006362E7E0
:1031F0000846DBE7C04200207847012000002E404F
:10320000800000084002002070470120800020203C
:10321000094B00B583B01B788DF807103BB1012135
:103220000DF10700FFF7F8FE03B05DF804FB03F0B3
:10323000FF0003B05DF804FB7047012000B5D2F831
:1032400004E0D2F800C0C1F804E0D2F808E0C1F808
:1032500000C0C1F808E0D2F80CE0C1F80CE05168F9
:10326000C0F800C041609168D2688160C2605DF8BA
:1032700004FB00BFB2EE0A7AD0ED007A4168074A3B
:1032800067EE877A064BC0ED007A51604168C2ED67
:10329000007AC3ED077A1962704700BFA45101207C
:1032A000AC510120D0ED017A90ED006A67EEA77A6B
:1032B000D0ED026A90ED037AE6EE067AE6EEA67AA3
:1032C000E7EE077AF5EE407AF1EE10FA02D4B1EEAD
:1032D000E70A7047B0EE670A12F0E4BD0B464FF004
:1032E000804C10B504465868D3ED006A86B0E062A1
:1032F00094ED0D6A01AAD3ED017A04A994ED0C7A3C
:1033000002A877EE867AC4ED0A6A37EE267ACDF8FF
:1033100004C0CDED057A8DED047A11F04BFC029AD4
:10332000039B2262636206B010BD00BF0B464FF0E4
:10333000804C10B504465868D3ED006A86B06063CF
:10334000D4ED0B7A01AA93ED016A04A994ED0A7AEF
:1033500002A877EE867AC4ED0C6A37EE267ACDF8AD
:1033600004C0CDED057A8DED047A11F023FC029AAC
:10337000039B2262636206B010BD00BFD1F804C097
:103380008A68CB6800B5D1F800E0C0F804C0C0F886
:1033900000E08260C3605DF804FB00BF30B40F4BF7
:1033A0004FF0010C0E4D0F4C53E8002F2868216898
:1033B00043E800C2002AF7D10B4B5B680B4A5B1A4B
:1033C0004FF47A71126801FB00F0A3FB023230BCAB
:1033D0008A4294BF80184018704700BF744701208C
:1033E000784701207C470120001000E08047012041
:1033F00070B50E4C4FF6FF7E0D4E04F17E05A6F51E
:103400008053002102E0B34281B204D21A88481CE2
:1034100002337245F7D124F8021FAC4206F58056FC
:10342000EDD1044B01221A7070BD00BF4E5A01202D
:1034300000107C603C5A0120D24DD34E2C682DE9FF
:10344000804840F2EE2791B0FFF7A6FCCF4B1B78E7
:10345000002B02F0268096F88432DB0742F12180AF
:103460002B68D6F880229B1A0E2B42F21A80C74B8B
:103470001B781BB10C21C648FFF7CEFDC34B40F6AD
:103480000D221B78ADF81C20002B02F0928007ABB8
:10349000022118460BEE103AFFF7BEFDBD4801268B
:1034A000BD4CF3F79DFE9FEDBD8A64209FEDBC9A55
:1034B000FFF752FDDFF86483DFF8D892DFF860B3DE
:1034C0002A68B84B9FEDB87AA3FB021341F288310A
:1034D0001B0B01FB132207EE902AF8EEE77AC7EEEA
:1034E000878A54E8003F2B68D8F8002044E800673A
:1034F000002FF6D1AD4949688A1A4FF47A7101FB61
:1035000003F3AB490968A2FB0121B1F57A7F94BFAF
:103510005B1803F57A73C9F8F030A64B1A461033DE
:1035200082ED008AA44A9A42F8D102F5587202F656
:10353000D85383ED008A02F6E85383ED008A02F641
:10354000F85383ED008A02F6086383ED008A02F6E1
:10355000186383ED008A02F6286383ED008A974B97
:103560001B78002B01F0DC85954BB3EE097ADFED7B
:10357000957A93ED006ADFED946AA6EE277A934B75
:103580009FED936A93ED01AA77EE4A7AF0EEE77A1F
:10359000F4EEC67AF1EE10FA1FD493ED006AB5EEA0
:1035A000005AD3ED027AD3ED065A6AEE277A66EE18
:1035B000255AC3ED037A77EEA57AC3ED045A77EE68
:1035C000877AB0EE467AC3ED057AA7EE857AA7EE44
:1035D00005AA83ED007A83ED01AA7E4B9FED7C6AFC
:1035E000D3ED017A36EEE77AB0EEC77AB4EEC67A5A
:1035F000F1EE10FA1FD493ED006AB5EE005A93ED88
:10360000027AD3ED065A27EE877A66EE255A83EDC5
:10361000037A37EE257AC3ED045A37EE267AF0EEB8
:10362000466A83ED057AE7EE056AE6EE857AC3ED34
:10363000006AC3ED017A684BB0EE680A6748C3EDD3
:10364000007AFDF7D1FADFED667A664A68EEA78A5E
:1036500092ED000A78EEA88A28EE800A12F03EFF6A
:10366000614AF0EE40AA92ED000A28EE800A12F0BC
:1036700035FF5E4AF0EE409A92ED000A28EE800A8D
:1036800012F02CFFB1EE006A9FED597AF0EE4A7A03
:10369000514BB0EE085AA9EE867A564ADAEE867A8F
:1036A000D3ED004A544B60EE066A5449D3ED005AFC
:1036B00093ED016AA4EE857A514B77EEA57AC2EDBF
:1036C0000D6AC3ED007AC2ED097A77EE067AC3ED92
:1036D000017A4C4BC2ED0A7A0B60D3624A4B1363FA
:1036E0004B60FBF719FC354B1978002941F05185E7
:1036F000464B1B78464A12789A4201F0458595ED73
:10370000007ADFED446AB8EE477A414A1370C7EE9B
:10371000267A414B78EE677AC3ED147A95ED007AFC
:10372000DFED3C6AB8EE477A3B4B0091D3ED0F8A50
:1037300087EE260AD3ED100A70EEE80A30EE270A6B
:1037400012F09AFE344B38EE800A009993F8442028
:1037500083ED130A002A00F09D802F4890F8463030
:10376000002B00F09780531EDBB203F1010A00EB3F
:10377000CA00D0ED017AB4EEE70AF1EE10FA60DA91
:1037800050E000BF78470120C04200207047012070
:10379000C0330020B845002074470120000000001D
:1037A000002474495917B7D100409C45001000E02F
:1037B0008047012088FF002058020120DD5A0120A7
:1037C000A4510120C54E6C3F0000C8426451012045
:1037D0000AD7233C84510120545F0120205301204B
:1037E000DB0F494034380020383800203C380020B6
:1037F00000002042AC510120585F0120605F012091
:10380000305A01200000C84200004842405A0120BE
:10381000685F012000007A44E05A01207C470120C3
:103820004C020120581E1A46C3B2434803F1010A54
:1038300000EBCA00D0ED017AF4EEC07AF1EE10FA96
:10384000F0D8531C3C4A30EE670A02EBC3031279EE
:1038500093ED017A012A77EE677A80EE277A37EEC8
:10386000087A01F03F86022A01F03586D3ED026A1C
:10387000314B03EBCA0ADAED027A76EEE76AE7EE3D
:10388000267A2D4A92F84530C2ED127A13B1936828
:10389000C3ED007A002941F0C583284BDB7A013B58
:1038A000DBB2032B01F27D85254A52F82330254AED
:1038B000B7EE007AD2ED007AF4EEC77AF1EE10FAA4
:1038C00041F328851D4A83ED017A53781E4903EBA5
:1038D0008303127803EB83030533DBB281F8A23153
:1038E00091F8A411002901F02D85174981F8A03124
:1038F000124B15499B7803EB830303EB83030533DA
:10390000DBB281F8A33181F8A13199F8A832002BFC
:1039100041F04A840C2A01F25186DFE812F0A60B2E
:10392000B007FC06450A5E06A3090109E30A500830
:10393000BF051D051E041700E05A0120405A012052
:1039400014210020345B0120B8C50020D148F5F7D0
:103950000BFFD14811F0E8FAD04811F0E5FAD04851
:1039600011F0E2FACF4FD04811F0DEFACF4811F053
:10397000DBFAA7F5EC70FCF7A9FED7ED037A384621
:103980001037F5EEC07AF1EE10FA04DDC84BD3F82B
:103990005018F5F7A3FEBB45EFD1C648FCF796FEDD
:1039A000C54A02F6D853D3ED007AF5EEC07AF1EEAF
:1039B00010FA05DDD2F8F01A02F6CC50F5F78EFEBB
:1039C000BD4A02F6E853D3ED007AF5EEC07AF1EE87
:1039D00010FA05DDD2F8F01A02F6DC50F5F77EFE9B
:1039E000B54A02F6F853D3ED007AF5EEC07AF1EE5F
:1039F00010FA05DDD2F8F01A02F6EC50F5F76EFE7B
:103A0000AD4A02F60863D3ED007AF5EEC07AF1EE26
:103A100010FA05DDD2F8F01A02F6FC50F5F75EFE5A
:103A2000A54A02F61863D3ED007AF5EEC07AF1EEFE
:103A300010FA05DDD2F8F01A02F60C60F5F74EFE2A
:103A40009D4A02F62863D3ED007AF5EEC07AF1EED6
:103A500010FA05DDD2F8F01A02F61C60F5F73EFE0A
:103A60009648F1EE008AFCF731FE954A042002F5F3
:103A7000C96A02F24463934ACAED008A1A6000934D
:103A800014F0AEFC904B074601460360AAF13C00DF
:103A90000EF016FA384614F0ABFC8C488AF80C602D
:103AA000FCF7A0FF009BCAED008A042083ED000A0A
:103AB00014F096FC814B074601460360AAF13C00D6
:103AC0000EF0FEF9384614F093FC814A0AF14803DF
:103AD00000271A600420CAED138A0AF14C038AF801
:103AE0000C7014F07DFC734B8246014603607948EC
:103AF0000EF0E6F9504614F07BFC714901F5DE60EA
:103B000081F8A076FCF76EFF7348F0EE408AFCF770
:103B100069FF674AFBEE047A30EE080A02F541635A
:103B200002F2EC7093ED007A02F60C03E7EE278ABE
:103B3000C3ED008A02F5016383ED000A02F6140367
:103B400083ED008AFCF754FE6448FCF74BFF644A9F
:103B50001BEE100A02F2AC7302F28C7183ED008A44
:103B600002F5F66383ED000A02F2B47383ED008A76
:103B7000FCF76CFD5A4B079803F54F6A03F2D473B8
:103B800008991860A3F2D473099A184603F5FB63E9
:103B9000DAED008A196000F2DC7300F638201A6052
:103BA000FCF720FF28EE800AAAF5A762DAF80030B9
:103BB000AAF264511BEE100A82ED000AAAF23452F6
:103BC0001360AAF5A6621360FCF740FD0798AAF5FA
:103BD000A2630899099A1860A3F5FC63184603F2DA
:103BE000E473196000F5FD6300F638201A60FCF7F5
:103BF000F9FE3C4AF2EE0E7A1BEE101A138803A867
:103C00008DED078AE0EE277AADF8283053688DED08
:103C1000088A0B9393680C93D368CDED097A0D93C2
:103C20000EF0A6F8AAF25453DDF80CC00498C3F8BD
:103C300000C0043305991860A3F5F460069A0433B4
:103C4000196000F5F56300F28C701A60FCF7D0FD86
:103C5000DAED005AB7EEE57AB4EE477BF1EE10FAF2
:103C600081F17084B0EEC76B9FED084BB4EE446BEE
:103C7000F1EE10FA01F37D83DFED1B6AF4EEE65AF4
:103C8000F1EE10FA01F3758232E000BFFFFFFFFF93
:103C9000FFFFEF7FB84500204C400120C4400120C9
:103CA0003C4101207CFF0020B44101202C42012036
:103CB000B8F5002044100120B8050120443D012042
:103CC000B865002000003443A4FD0020E03F01203F
:103CD0000000C8C1106C0020B86C0020004001201A
:103CE000B8350120385B0120FFFF7F4FFFFF7FCFFA
:103CF0005FED026AF4EEE65AF1EE10FA01F1398254
:103D0000F5EEC05AF1EE10FA02D5B1EE477B01276D
:103D10009FED5C6B37EE067BFCEEC76BB8EE66ABD7
:103D200016EE903A37EE4AAB002B41F03D8330233C
:103D300021208DF83D303FB101382D22C0B200F175
:103D400040036B4403F8242C504B1B7833B11BEE1B
:103D5000103AC0F122011844FFF75EF9B2EE046B8D
:103D60002E238DF81C302AEE067B484B1A78FCEE89
:103D7000C75BCDED005A9DF8003005EE903A303328
:103D8000B8EEE55B8DF81D3037EE457B27EE067B00
:103D9000FCEEC77B17EE903A30338DF81E3022B11F
:103DA00003211BEE100AFFF737F940F60D23ADF89B
:103DB0001C30364B1B7823B102211BEE100AFFF793
:103DC0002BF93348FCF70EFE3248F0EE408AFCF740
:103DD00009FE314A02F6AC2302F68C20C3ED008ABC
:103DE00002F52B6383ED000A02F6B42383ED008A0B
:103DF000FCF7FEFC54E8003F2A68D8F8001044E8BD
:103E00000063002BF6D1254B5B685B1A4FF47A7187
:103E100001FB02F222490968A3FB0131D9F8F03015
:103E2000D21AB1F57A7F94BF521802F57A7207EE72
:103E3000902AF8EE677A87EE897A89ED407A54E81D
:103E4000003F2B68D8F8002044E80067002FF6D127
:103E5000124949688A1A4FF47A71D9F804A001FB13
:103E600003F30F490968A2FB0121B1F57A7F94BFE2
:103E70005B1803F57A73C9F8F4309AF80430B3B9D3
:103E800036E000BF7C14AE47E17A743F70470120F2
:103E9000A86C0020B86C0020B8050120001000E0DC
:103EA0008047012001379AF804309F4220DADAF87F
:103EB000003053F827000EF085FB99F81C30002BDA
:103EC000F0D0DAF80020D9F8183052F827001A6834
:103ED0000168D2F800C08969BE4A914241F0F6807B
:103EE000016A18460137E0479AF804309F42DEDB4A
:103EF00054E8003F2A68D8F8001044E80063002B1B
:103F0000F6D1B54B5B685B1A4FF47A7101FB02F294
:103F1000B2490968A3FB0131D9F8F430D21AB1F5DE
:103F20007A7F94BF521802F57A7207EE902AF8EE63
:103F3000677A87EE897A89ED417A54E8003F2A68EA
:103F4000D8F8001044E80063002BF6D1A24B5B6860
:103F50005B1A4FF47A71D9F8080001FB02F29F490D
:103F60000968A3FB01310368B1F57A7F94BF521849
:103F700002F57A725B68C9F8F820984754E8003F68
:103F80002B68D8F8002044E80067002FF6D192494A
:103F900049688A1A4FF47A7101FB03F38F49096863
:103FA000A2FB0121D9F8F8209B1AB1F57A7F94BFC2
:103FB0005B1803F57A7307EE903A894BF8EE677A4F
:103FC0001B7887EE897A89ED427A2BB105218548E5
:103FD000FFF722F899ED427AD9ED417AF7EE006ABF
:103FE00099ED406A99F8ECA077EE867AD9ED088AC7
:103FF000BAF1310F36EEE8AA77EE877AC6EEA79AC5
:1040000001F26C800AF1010309EB8A0ADBB2CAED06
:10401000099A9A4689F8EC30DFED737A734B0137D1
:10402000B3EC017AFAB277EE877A5245F7D307EE0E
:1040300010AAF8EEC76A87EEA67A67EE0A7AE9EE6A
:10404000A87AB7EEE76AB4EE466BF1EE10FA81F1AA
:104050006E82B0EEC65B9FED5D4BB4EE445BF1EE5D
:1040600010FA01F37B819FED627AF4EEC77AF1EEEC
:1040700010FA01F373809FED5F7AF4EEC77AF1EEE8
:1040800010FA01F16B80F5EEC07AF1EE10FA01F151
:1040900016824FF0000AB6EE007B36EE076BFCEEA0
:1040A000C67B17EE903A002B41F0D08130232120BF
:1040B0008DF83D30BAF1000F07D001382D22C0B283
:1040C00000F140036B4403F8242C454B1B7833B1BB
:1040D0001BEE103AC0F122011844FEF79DFF404B41
:1040E0001B781BB10E214448FEF796FF99ED400A5C
:1040F000B7EEC00A10F06EFD394B1B781BB10F21D3
:104100003E48FEF789FF99ED410AB7EEC00A10F06C
:1041100061FD334B1B781BB110213948FEF77CFF42
:1041200099ED420AB7EEC00A10F054FD2C4B1B78F3
:104130001BB101213348FEF76FFF40F60D23ADF8A8
:104140001C30274B1B7823B102211BEE100AFEF70F
:1041500063FFFEF721FEFFF7B3B92B4B2B4A03F5A4
:10416000805343F8CC2C93F83931002B41F00E8268
:104170004FF400722549264813F0C8F9254BB3F8CF
:104180004010A3F5805393F878E0002957D003F648
:10419000C6720023104605E001331FFA83FC8C45EC
:1041A00081F0E78130F802CFF445F5D11A4803F2E7
:1041B000D22300EB83034FF07E50C3F884001648EF
:1041C00090F87AC000232DE0AFF30080FFFFFFFFDF
:1041D000FFFFEF7FB1040000001000E080470120E6
:1041E00070470120D033002000000000DC45002093
:1041F000FFFF7F4FFFFF7FCFD8330020E833002041
:10420000F83300200C340020B85500206C5F0120EA
:10421000F0640020B8850020B8750020013398B202
:1042200081420CD932F8020F6045F7D1B44A03F24B
:10423000D22302EB83034FF07E52C3F88420B04BAD
:104240000020BC46D3F870A0A3F50053014693F8B4
:10425000E42103E0C1B28A42C1F0908101F5CB7341
:10426000A84F013009EB8303D3F83C3BBB42F1D1AB
:10427000A54B1FFA81FE6746B3F8841089B103F19C
:104280005A00002304E001331FFA83FC8C4508D256
:1042900030F802CFF445F6D19C4901EB8303C3F813
:1042A000C8A30020984B964693F890C8014603E0B7
:1042B000C1B2614501F26781934B0130914A03EB32
:1042C0008103D3F840389342F2D18F4B72461FFAE4
:1042D00081FEB3F8301791B103F20670002304E0B9
:1042E00001331FFA83FC8C4509D230F802CFF44524
:1042F000F6D1F233844901EB8303C3F8ECA100202B
:10430000BC46014603E0C1B291423FF622AB01F543
:10431000CB737F4F013009EB8303D3F83C3BBB42A7
:10432000F1D1794B674689B2B3F8840000283FF495
:1043300010AB5A3304E00137BAB28242BFF409AB82
:1043400033F8022F8A42F6D1704B03EB8707714B8B
:10435000C7F8C833FFF7FDBA6F4B93F8FD2562B17C
:104360006D49012A01F2EC530846D1F894151B68F7
:104370000B6002D0D0F898251360674B83F8FE6578
:1043800003F50053B3F84030002B57D063490022A7
:10439000084604E001321FFA82FC9C450DD230F839
:1043A00002CFBCF1010FF5D1554802F2D22200EB49
:1043B00082024FF07E50C2F88400584800229E4688
:1043C00005E001321FFA82FCF44581F0C68030F826
:1043D000023F002BF5D14A4802F2D222734600EB8D
:1043E00082024FF07E50C2F884004C48002204E064
:1043F00001321FFA82FC9C450DD230F802CFBCF18D
:104400002B0FF5D13E4802F2D22200EB82024FF090
:104410007E50C2F88400002203E0013290B298423C
:104420000CD231F8020F2C28F7D102F2D223344AF1
:1044300002EB83034FF07E52C3F884200021324BFD
:10444000BC4693F8E4010A4603E0CAB29042FFF486
:1044500080AA02F5CB73324F013109EB8303D3F805
:104460003C3BBB42F1D1284B674692B2B3F8840083
:1044700000283FF46EAA5A3304E00137B9B28142F2
:10448000BFF467AA33F8021F9142F6D11F4B03EB2A
:104490008707204BC7F8C833FFF75BBA1E4A0023D3
:1044A00082F8FE3592F8FD2562B11B49012A01F21E
:1044B000EC53D1F894151868086003D01A6853F8C3
:1044C000543C1A60174BB3F84020002A55D01349CA
:1044D0000023084604E001331FFA83FC94450BD205
:1044E00030F802CFBCF1010FF5D103F2D22304481A
:1044F00000EB830383ED218A0848002319E000BF05
:10450000B8750020C8620020B8550020F85000207F
:1045100004500020CDCC4C3FB86500207E850020A3
:1045200080500020B885002001331FFA83FC6245CB
:104530000DD930F802CFBCF11A0FF5D1B14803F212
:10454000D22300EB83034FF07E50C3F88400AE4BC0
:10455000B3F8ECCC002303E0013398B282420CD9CB
:1045600031F8020F6045F7D1A64A03F2D22302EBDD
:1045700083034FF07E52C3F884200021A34BBC4636
:1045800093F8E4010A4603E0CAB29042FFF4E1A9BD
:1045900002F5CB739E4F013109EB8303D3F83C3B0B
:1045A000BB42F1D1994B674692B2B3F88400002820
:1045B0003FF4CFA95A3304E00137B9B28142BFF4C6
:1045C000C8A933F8021F9142F6D1924B03EB87073B
:1045D000914BC7F8C833FFF7BCB9904B93F8FD2552
:1045E00062B18E49012A01F2EC530846D1F89415C4
:1045F0001B680B6002D0D0F898251360874B83F8B6
:10460000FE6503F50053B3F84030002B53D08449C6
:104610000022084604E001321FFA82FC63450DD9EE
:1046200030F802CFBCF1010FF5D1764802F2D22268
:1046300000EB82024FF07E50C2F8840078480022DE
:1046400004E001321FFA82FC63450DD930F802CF35
:10465000BCF1170FF5D16B4802F2D22200EB8202B7
:104660004FF07E50C2F884006D48002204E0013211
:104670001FFA82FC63450DD930F802CFBCF1190F47
:10468000F5D1604802F2D22200EB82024FF07E5058
:10469000C2F88400002203E0013290B283420AD9BA
:1046A00031F8020F0028F7D102F2D223554A02EB6B
:1046B000830383ED218A0021544BBC4693F8E40127
:1046C0000A4603E0CAB29042FFF443A902F5CB7355
:1046D000544F013109EB8303D3F83C3BBB42F1D18A
:1046E0004A4B674692B2B3F8840000283FF431A9E0
:1046F0005A3304E00137B9B288427FF62AA933F869
:10470000021F9142F6D1434B03EB8707424BC7F898
:10471000C833FFF71EB9414A002382F8FE3592F8EC
:10472000FD2562B13D49012A01F2EC53D1F89415FF
:104730001868086003D01A6853F8543C1A603A4B62
:10474000B3F84030002B55D035490022084604E02C
:1047500001321FFA82FC9C450DD230F802CFBCF129
:10476000110FF5D1274802F2D22200EB82024FF05E
:104770007E50C2F884002A48002204E001321FFA69
:1047800082FC9C450DD230F802CFBCF1170FF5D159
:104790001C4802F2D22200EB82024FF07E50C2F897
:1047A00084001F48002204E001321FFA82FC9C456D
:1047B0000DD230F802CFBCF1050FF5D1114802F24D
:1047C000D22200EB82024FF07E50C2F88400002219
:1047D00003E0013290B298420CD231F8020F002867
:1047E000F7D102F2D223074A02EB83034FF07E5245
:1047F000C3F884200021054BBC4693F8E4010A4627
:1048000018E000BFB8750020B8350120B855002069
:10481000B0500020F8500020CDCC4C3FB8650020AF
:104820007E8500205C500020B8850020CAB28242FC
:104830003FF68FA802F5CB73AF4F013109EB83032D
:10484000D3F83C3BBB42F1D1AC4B674692B2B3F8D4
:10485000840000283FF47DA85A3304E00137B9B240
:104860008142BFF476A833F8021F9142F6D1A44BDF
:1048700003EB8707A34BC7F8C833FFF76AB8A24B0F
:1048800093F8FD2562B1A049012A01F2EC530846D4
:10489000D1F894151B680B6002D0D0F898251360EE
:1048A000994B83F8FE6503F50053B3F84030002BB5
:1048B00055D096490022084604E001321FFA82FCD6
:1048C0009C450DD230F802CFBCF10F0FF5D19048C6
:1048D00002F2D22200EB82024FF07E50C2F8840036
:1048E0008A48002204E001321FFA82FC9C450DD266
:1048F00030F802CFBCF1180FF5D1854802F2D22270
:1049000000EB82024FF07E50C2F884007F48002204
:1049100004E001321FFA82FC9C450DD230F802CF30
:10492000BCF10A0FF5D17A4802F2D22200EB8202E2
:104930004FF07E50C2F88400002203E0013290B2B2
:1049400098420CD231F8020F0028F7D102F2D2239C
:104950006F4A02EB83034FF07E52C3F8842000219C
:10496000664BBC4693F8E4010A4603E0CAB29042A3
:10497000FEF4EFAF02F5CB73664F013109EB830311
:10498000D3F83C3BBB42F1D15C4B674692B2B3F8E3
:10499000840000283EF4DDAF5A3304E00137B9B299
:1049A00088427EF6D6AF33F8021F9142F6D1544BBF
:1049B00003EB8707534BC7F8C833FEF7CABF524A09
:1049C000002382F8FE3592F8FD2562B14E49012A96
:1049D00001F2EC53D1F894151868086003D01A68F6
:1049E00053F8543C1A604C4BB3F84030002B53D072
:1049F00046490022084604E001321FFA82FC634562
:104A00000BD930F802CFBCF1010FF5D102F2D2225E
:104A10003F4800EB820282ED218A3C4800229E46FC
:104A200005E001321FFA82FCF44580F09C8530F8E5
:104A3000023F002BF5D102F2D2223548734600EB3B
:104A4000820282ED218A3148002204E001321FFAFD
:104A500082FC9C450DD230F802CFBCF1290FF5D174
:104A60002B4802F2D22200EB82024FF07E50C2F8B5
:104A70008400002203E0013290B283420CD931F865
:104A8000020F2A28F7D102F2D223214A02EB830334
:104A90004FF07E52C3F884200021184BBC4693F897
:104AA000E4010A4603E0CAB282423EF652AF02F582
:104AB000CB731A4F013109EB8303D3F83C3BBB4264
:104AC000F1D10E4B674692B2B3F8840000283EF451
:104AD00040AF5A3304E00137B9B288427EF639AFAD
:104AE00033F8021F9142F6D1054B03EB8707054BC4
:104AF000C7F8C833FEF72DBFB04F0020B8550020CF
:104B0000F8500020CDCC4C3FB86500207E850020B9
:104B1000B87500208C500020B885002098500020E7
:104B2000B04B93F8FD2562B1AE49012A01F2EC5376
:104B30000846D1F894151B680B6002D0D0F8982570
:104B40001360A84B83F8FE6503F50053B3F84030BB
:104B5000002B57D0A4490022084604E001321FFA76
:104B600082FC9C450DD230F802CFBCF1010FF5D18B
:104B70009E4802F2D22200EB82024FF07E50C2F831
:104B80008400994800229E4605E001321FFA82FC0B
:104B9000F44580F0E58430F8023F002BF5D19348CE
:104BA00002F2D222734600EB82024FF07E50C2F82E
:104BB00084008D48002204E001321FFA82FC9C45EB
:104BC0000DD230F802CFBCF1250FF5D1874802F2A3
:104BD000D22200EB82024FF07E50C2F88400002205
:104BE00003E0013290B298420CD231F8020F26282D
:104BF000F7D102F2D2237D4A02EB83034FF07E52BB
:104C0000C3F8842000217A4BBC4693F8E4010A469D
:104C100003E0CAB282423EF69CAE02F5CB73754FFA
:104C2000013109EB8303D3F83C3BBB42F1D1704B1C
:104C3000674692B2B3F8840000283EF48AAE5A3335
:104C400004E00137B9B28142BEF483AE33F8021FEB
:104C50009142F6D1684B03EB8707684BC7F8C8331E
:104C6000FEF777BE5F4A002382F8FE3592F8FD25F5
:104C700062B15C49012A01F2EC53D1F8941518682D
:104C8000086003D01A6853F8543C1A605C4BB3F8C0
:104C9000401039B3544A0023104604E001331FFA90
:104CA00083FC8C450BD230F802CFBCF1010FF5D15B
:104CB00003F2D2234D4800EB830383ED218A0023C6
:104CC00003E0013398B288420CD232F8020F242854
:104CD000F7D1464A03F2D22302EB83034FF07E5210
:104CE000C3F884200021424BBC4693F8E4010A46F5
:104CF00003E0CAB2824200F2398402F5CB73414F1D
:104D0000013109EB8303D3F83C3BBB42F1D1384B73
:104D1000674692B2B3F884C0BCF1000F11D003F122
:104D20005A01002303E0013398B2844509D931F8D0
:104D3000020F9042F7D1304A02EB83032F4AC3F8A7
:104D4000C82300212A4BBC4693F890080A4603E08A
:104D5000CAB282423EF6FDAD254B01312A4F03EB2C
:104D60008203D3F84038BB42F2D1214B674692B25E
:104D7000B3F8300700283EF4ECAD03F2067304E00C
:104D80000137B9B28142BEF4E4AD33F8021F91425B
:104D9000F6D1174A07F1F20302EB83034FF07D527D
:104DA000C3F8EC21FEF7D5BD0E4A002382F8FE358C
:104DB00092F8FD2562B10B49012A01F2EC53D1F8BA
:104DC00094151868086003D01A6853F8543C1A60A8
:104DD0000B4BB3F84020002A54D003490023084667
:104DE00019E000BFB86500207E850020B87500205E
:104DF000B85500205C500020F8500020CDCC4C3F2E
:104E0000B8850020745000208C50002001331FFA18
:104E100083FC62450DD930F802CFBCF1080FF5D103
:104E2000B34803F2D22300EB83034FF07E50C3F864
:104E30008400B048002304E001331FFA83FC94454A
:104E40000DD230F802CFBCF1160FF5D1A84803F20D
:104E5000D22300EB83034FF07E50C3F8840000237D
:104E600003E0013398B282420CD931F8020F0028D6
:104E7000F7D19F4A03F2D22302EB83034FF07E5215
:104E8000C3F8842000219C4BBC4693F8E4010A46F9
:104E900003E0CAB29042FEF45CAD02F5CB73974FCB
:104EA000013109EB8303D3F83C3BBB42F1D1924B78
:104EB000674692B2B3F8840000283EF44AAD5A33F4
:104EC00004E00137B9B28142BEF443AD33F8021FAA
:104ED0009142F6D18A4B03EB87078A4BC7F8C83358
:104EE000FEF737BD884B93F8FD2562B18649012A4C
:104EF00001F2EC530846D1F894151B680B6002D000
:104F0000D0F898251360804B83F8FE6503F50053B5
:104F1000B3F84030002B55D076490022084604E013
:104F200001321FFA82FC63450DD930F802CFBCF183
:104F3000010FF5D16E4802F2D22200EB82024FF04F
:104F40007E50C2F884006B4800229E4605E0013284
:104F50001FFA82FCE64540F2148330F8023F002B32
:104F6000F5D102F2D2226248734600EB820282ED52
:104F7000218A6048002204E001321FFA82FC634566
:104F80000DD930F802CFBCF1270FF5D1584802F205
:104F9000D22200EB82024FF07E50C2F88400002241
:104FA00003E0013290B283420CD931F8020F282875
:104FB000F7D102F2D2234E4A02EB83034FF07E5226
:104FC000C3F8842000214C4BBC4693F8E4010A4608
:104FD00003E0CAB29042FEF4BCAC02F5CB734B4F77
:104FE000013109EB8303D3F83C3BBB42F1D1424B87
:104FF000674692B2B3F8840000283EF4AAAC5A3354
:1050000004E00137B9B28142BEF4A3AC33F8021F09
:105010009142F6D13A4B03EB87073A4BC7F8C833B6
:10502000FEF797BC3A4BB7EE007AD3ED007AF4EE78
:10503000C77AF1EE10FA40F3A781364B83ED017A7F
:10504000354A052382F8A23192F8A421002A00F003
:10505000A380314A82F8A33140F20553A2F8A0316F
:1050600099F8A832002B40F09F80274B93F8FD253C
:1050700062B12549012A01F2EC530846D1F8941592
:105080001B680B6002D0D0F8982513601E4B83F884
:10509000FE6503F50053B3F8401000293EF459AC07
:1050A000144B04E00137BAB291427EF652AC33F8A9
:1050B000022F002AF6D10E4A07F2D22302EB830315
:1050C0004FF07E52C3F88420FEF743BCCDE900C305
:1050D00088470146DDE900C3FEF703BF0F49C4223C
:1050E000081F13F001F9C9ED3A9AFEF795BF00BF0A
:1050F000B87500207E850020B85500205C50002047
:10510000F8500020CDCC4C3FB8650020A4500020C2
:10511000345B0120485F0120B8C50020E045002035
:10512000B74BF2EE0A4AB7EE006ADFEDB66AD3ED8E
:10513000005AB3EE097AB44B1B78002B03F101033C
:1051400007EE903A46FE886AF8EEE77A87EEA45AB0
:1051500076EE457AA7EEA57AFEF711BAAB4B1B782F
:10516000002B3EF4BCAF0321A948FDF755FFFEF725
:10517000B6BFA64B1B78002B3EF417AE0321A44804
:10518000FDF74AFFFEF711BEA24BD3ED147AFEF7EE
:10519000C5BA0023FEF7AEBA9F4A82F8A33199F848
:1051A000A832002B3FF461AF00239C4A82F8FE3501
:1051B00092F8FD356BB19949012B01F2EC52D1F80F
:1051C00094151068086004D094491268D1F8983595
:1051D0001A60934BB3F84030002B6BD091490022FA
:1051E000084604E001321FFA82FC63450DD930F80D
:1051F00002CFBCF1130FF5D18B4802F2D22200EBA3
:1052000082024FF07E50C2F884008648002204E0FB
:1052100001321FFA82FC63450BD930F802CFBCF192
:10522000010FF5D102F2D2227F4800EB820282ED1B
:10523000218A7C48002204E001321FFA82FC634587
:105240000DD930F802CFBCF1170FF5D1764802F234
:10525000D22200EB82024FF07E50C2F884007148E7
:1052600000229E4605E001321FFA82FCE64540F22C
:105270002C8130F8023F002BF5D16B4802F2D2228C
:10528000734600EB82024FF07E50C2F88400002289
:1052900003E0013290B283420CD931F8020F0528A5
:1052A000F7D102F2D223604A02EB83034FF07E5221
:1052B000C3F8842000215D4BBC4693F8E4010A4604
:1052C00003E0CAB29042FEF444AB02F5CB73584FF0
:1052D000013109EB8303D3F83C3BBB42F1D1534B83
:1052E000674692B2B3F8840000283EF432AB5A33DA
:1052F00004E00137B9B288427EF62BAB33F8021FC7
:105300009142F6D14B4B03EB87074B4BC7F8C833A1
:10531000FEF71FBBF5EEC07AF1EE10FA3ED583ED35
:10532000018A464A3C495378127803EB830303EB26
:1053300083030533DBB281F8A23191F8A41100296F
:105340007EF4D3AA3D4B34499B7803EB830303EBF4
:105350008303053381F8A331FEF7D7BA2B4B1B78B3
:10536000002B3EF4BCAE03213548FDF755FEFEF799
:10537000B6BE264B1B78002B3EF417AD03213048F8
:10538000FDF74AFEFEF711BDF5EEC07AF1EE10FA18
:1053900040F19D802B4B83ED018A51E6C3ED017AEC
:1053A000BFE7284BFEF783BADFF89CA0092B4FF02C
:1053B0002100AAFB03214FEAD10101EB8102A3EBFB
:1053C000420202F130028DF83D207EF6B4AC013885
:1053D000AAFB013E0A46C0B24FEADE0E092A00F1DE
:1053E00040030DEB030C0EEB8E03A1EB4303714660
:1053F00003F130030CF8243CE9D8FEF79CBC00BF55
:10540000A45101200000C842505F012070470120D4
:105410008C330020E05A0120B8C50020B865002078
:10542000B88500207E850020B8750020B855002082
:10543000B04F0020F8500020CDCC4C3F405A012006
:1054400088330020485F0120CDCCCCCCDFF870E35E
:10545000092B4FF02100AEFB03214FEAD10101EBF4
:105460008102A3EB420202F130028DF83D207EF66C
:1054700021AE0138AEFB013C0A46C0B24FEADC0C5B
:10548000092A00F140030DEB03070CEB8C03A1EBA1
:105490004303614603F1300307F8243CE9D8FEF7E3
:1054A00009BEB84A2B6812781B1B002A3BD0B3F503
:1054B000FA6F3DF6DCAFFDF76FFCFDF7C5BFB1EE4F
:1054C000466B4FF0010AFEF7E6BD7346DFE6AE4BD2
:1054D000C3ED017AB4E5AD4B03EBCA0ADAED027A0B
:1054E000FEF7CFB99FEDAA0A27EE000ACDE9001317
:1054F00011F0F8F8B7EE007AF6EE007A019B009909
:1055000037EE400A93ED026AA04B60EE277A03EB78
:10551000CA0ADAED026A37EE677A67EE867AE6EE55
:10552000877AFEF7AEB9BB42C5D9FDF7A0BF954B50
:105530001B78002B3EF4D3AD03219648FDF76CFD9C
:10554000FEF7CDBD8F4B1B78002B3EF42EAC032114
:105550009048FDF761FDFEF728BC7346FEF745BF96
:105560007346FFF726BB7346FFF76DBA6746FFF732
:10557000E8BB894B93F87AC0FEF724BE6746FEF776
:1055800090BE7346F5E47246FEF7B9BE834B0097B2
:10559000DFF830A21F465AF8040FB7EC010A0FF0EB
:1055A00049FA7F4B8AED890A5345F4D1009FFEF7F3
:1055B000E5BD07AB0BEE103AFDF770BF794B774AAC
:1055C000C3F8B42A93F8BB3C002B66D14FF40072A9
:1055D0007249754811F09AFF744BB3F84020A3F557
:1055E000805393F878C0D2B103F6C6710023084601
:1055F00030F802EFE64562D001331FFA83FE7245B0
:10560000F6D8654B93F87900002331F802CF844532
:1056100000F0AD8001331FFA83FC6245F5D85E4B84
:105620000020D3F86CA0A3F500530146844693F8FC
:10563000E42101F5CB735E480CF1010C09EB830307
:10564000D3F83C3B834247D05FFA8CF18A42F0D2D8
:10565000544B0021964693F890C80B4651480131AF
:10566000534A00EB8300D0F84008904249D0CBB2B7
:105670006345F3D9724600209446034603F5CB7187
:105680004C4A013009EB8101D1F83C1B91424DD0CD
:10569000C3B29C45F2D2FEF75CB9404B0097DFF8ED
:1056A00010A11F465AF8040FB7EC010A0FF0C2F917
:1056B000414B8AED880A5345F4D1009F8CE7364868
:1056C00003F2D22300EB83034FF07E50C3F8840033
:1056D000314890F8790097E7A0F6940389B2B3F8BF
:1056E00084C0BCF1000FB3D0A0F63A00002330F81C
:1056F00002EF8E4535D001331FFA83FEF445F6D80C
:10570000A6E799B2274B7246B3F830C7BCF1000F39
:10571000B1D003F20670002330F802EF8E4519D0A5
:1057200001331FFA83FEF445F6D8A4E7B2F8381621
:105730009BB202F2B45200293EF40BA95A3232F85D
:10574000020F98423EF400AE0137B8B28142F6D85B
:10575000FEF7FFB8F233134901EB8303C3F8ECA162
:1057600089E7164901EB8303C3F8C8A370E70A4A27
:1057700003F2D22302EB83034FF07E52C3F884205E
:105780004DE700BF70470120485F0120E05A01202B
:10579000DB0F494084330020B87500206C5F012086
:1057A000C8640020B855002070600020B885002033
:1057B0004C5E0020045000204C600020F850002077
:1057C000CDCCCCCCC862002090F8A32090F8A200E9
:1057D000101A704790F8A23090F8A3209A4205D989
:1057E0005A1C034480F8A220987E70474FF0FF3087
:1057F000704700BF90F8A23090F8A3209A4202D9D7
:105800001844807E70474FF0FF3070470346B0F871
:10581000300178B193F82F21882A03D90122002082
:105820005A60704702F1010C01201A4483F82FC11D
:1058300082F8A510704700BF70B52A4C2369D3F8D1
:10584000145115F4706201D0C3F81421AE070BD5C2
:10585000D3F8701108043ED500220120A4F8A2203C
:10586000224484F8A3009176EA0710D594F83061B9
:10587000F6B194F82E6194F82F21B24227D9711C09
:10588000264496F8A52084F82E11C3F86021AB05B4
:105890000DD594F8A30018B1D4F83C3103B1984762
:1058A0000023A4F8A230A4F82E3184F8303170BD62
:1058B000D4F838210AB190472369002284F82E21B8
:1058C000012284F8302194F82F21B242D7D8002247
:1058D000C3F86021DBE794F8A320872AC4D8501CC2
:1058E000C0B2BDE78447012070B52A4C2369D3F8C4
:1058F000145115F4706201D0C3F81421AE070BD512
:10590000D3F8701108043ED500220120A4F8A2208B
:10591000224484F8A3009176EA0710D594F8306108
:10592000F6B194F82E6194F82F21B24227D9711C58
:10593000264496F8A52084F82E11C3F86021AB0503
:105940000DD594F8A30018B1D4F83C3103B19847B1
:105950000023A4F8A230A4F82E3184F8303170BDB1
:10596000D4F838210AB190472369002284F82E2107
:10597000012284F8302194F82F21B242D7D8002296
:10598000C3F86021DBE794F8A320872AC4D8501C11
:10599000C0B2BDE7C042012070B52C4CD4F85031E4
:1059A000D3F8145115F4706201D0C3F81421AE0776
:1059B0000CD5D3F87011080440D500220120A4F8BA
:1059C000E221224484F8E30182F85A11EA0710D553
:1059D00094F87062F6B194F86E6294F86F22B24255
:1059E00028D9711C264496F8E52184F86E12C3F874
:1059F0006021AB050DD594F8E30118B1D4F87C32E1
:105A000003B198470023A4F8E231A4F86E3284F879
:105A1000703270BDD4F8782212B19047D4F850316A
:105A2000002284F86E22012284F8702294F86F22FA
:105A3000B242D6D80022C3F86021DAE794F8E32115
:105A4000872AC3D8501CC0B2BBE700BFC0420120A8
:105A5000704700BF30B40468BDF808500295A46BCD
:105A6000A44630BC604700BF30B40468BDF808509D
:105A70000295E46BA44630BC604700BFD0F800C07C
:105A80002DE9F04F90461F461F4A83B0DCF81430D2
:105A900005460C46BDF930909342BDF834A029D19B
:105AA0002744A7421EDDDFF864B00AE00134CDF8D8
:105AB00000A0DCF8386024B2B047D5F800C0BC4282
:105AC00010DADCF820604B46424621465E45284607
:105AD000ECD00134CDF800A0B047D5F800C024B216
:105AE000BC42EEDBDCF82C30074A934206D103B00F
:105AF000BDE8F08F9847D5F800C0D1E7284603B03D
:105B0000BDE8F04F184700BF452D0100492D0100A9
:105B1000D0F800C02DE9F04FDCF8406083B0DFF82A
:105B200098E0BDF930907645BDF834A032D190466A
:105B30001F46204A0546DCF814300C46934235D106
:105B40002744BC421EDADFF874B00AE00134CDF815
:105B500000A0DCF8386024B2B047D5F800C0BC42E1
:105B600010DADCF820604B46424621465E45284666
:105B7000ECD00134CDF800A0B047D5F800C024B275
:105B8000BC42EEDBDCF82C300A4A934209D103B068
:105B9000BDE8F08FB446CDE90C9A03B0BDE8F04FF4
:105BA0006047284603B0BDE8F04F18479847D5F83E
:105BB00000C0C5E7452D0100712D0100492D0100F0
:105BC0002DE9F0411C460B46016884B0114E054694
:105BD0004F69BDF82880B74210D1013CCDF8048050
:105BE0002846144424B200948C6A1946A0472B68B6
:105BF000DB6AB34209D104B0BDE8F081CDE90232DD
:105C0000B8472968DDE90232E7E7284604B0BDE875
:105C1000F0411847452D01002DE9F043056885B096
:105C2000124E04466F699946BDF83080B74210D1D4
:105C300009F1FF33CDF80480009220460B44AD6A91
:105C40001BB2A8472368DB6AB34209D105B0BDE89F
:105C5000F083CDE90212B8472568DDE90212E7E7D3
:105C6000204605B0BDE8F043184700BF452D0100B0
:105C7000D0F800C0274B2DE9F04FDCF8404083B04E
:105C80000F46B0F90C909C42B0F90E802FD1DCF891
:105C900014300546DFF880B05B4537D1B9F1000F0D
:105CA0001EDD0024DFF874A0214609E001340097CE
:105CB000DCF83860B047D5F800C021B289450FDD67
:105CC000DCF820604346002228465645EED00134D9
:105CD00000220097B047D5F800C021B28945EFDC1B
:105CE000DCF82C305B450CD103B0BDE8F08F00220E
:105CF00001914B46CDF800801146A04703B0BDE8A6
:105D0000F08F284603B0BDE8F04F18479847D5F804
:105D100000C0C3E7712D0100452D0100492D010090
:105D20002DE9F043994287B00546BDF93840BDF8EA
:105D30003C6022D0A24212D00768DFF88480D7F8F6
:105D40001490C14533D12846CDE90046BC6AA0472E
:105D50002B68DB6A434525D107B0BDE8F083994243
:105D60001CDC0E9601332C6828465B1AE46B1BB2D0
:105D7000A44607B0BDE8F0436047A24202DD1346E7
:105D800022461C460E96631C2C6828469B1AA46B60
:105D90001BB2A44607B0BDE8F04360470846194669
:105DA0000346DEE7284607B0BDE8F0431847CDE9D3
:105DB00004230391C8472F680399DDE90423C2E750
:105DC000452D01002DE9F04F1D4603681646DFF80A
:105DD000BC905A6985B004464A45BDF93880BDF883
:105DE0003C7043D1D3F824B03246DFF8A4A020465B
:105DF0000097D345039108BFD3F83CB02B46D84752
:105E0000236808F1FF320399D3F824B03244009795
:105E1000D34512B234D1D3F83CA0204603912B468F
:105E2000D047039923683246DFF868A02046D3F8AC
:105E300020B0013D0097D345039108BFD3F838B097
:105E40004346D8470399226843460D44204629B269
:105E5000156A0097554508BF956B3246A8472368D9
:105E6000DB6A4B4507D105B0BDE8F08F0391904741
:105E700023680399B6E7204605B0BDE8F04F184700
:105E800003912B462046D8470399CBE7452D0100C7
:105E90005D2D0100492D010001F003038376CB073E
:105EA00005D40289B0F90A308281C38170474289E2
:105EB000B0F908308281C381704700BF704700BFCE
:105EC00000B590F81AC0BCF1020F0CD0BCF1030F62
:105ED00060D0BCF1010F54D0012B13D0022B3AD06B
:105EE00023B35DF804FBB0F808C0012BACEB010C48
:105EF0004189A1EB02020CF1FF3102F1FF3209B23C
:105F000012B2EBD1002A1346B0F808E002F0070CF9
:105F1000B8BFD31DC06A0122DB1002FA0CF213FBDA
:105F20000E13C15C0A43C2545DF804FB002A1346F9
:105F3000B0F808E002F0070CB8BFD31DC06ADB1050
:105F400013FB0E130121C25C01FA0CF122EA0102DB
:105F5000C2545DF804FB002A1346B0F808C0B8BF6D
:105F6000D31DC06A02F00702DB1013FB0C130121E2
:105F700010F803C001FA02F282EA0C02C2545DF882
:105F800004FBB0F808C0ACEB020C0A460CF1FF3180
:105F900009B2A1E7B0F80AC0ACEB010C11460CF154
:105FA000FF3212B298E700BF70B504680C4E256945
:105FB000B54209D100298E4605DBB0F90C508D425F
:105FC00001DD002A04DA70BDAC46BDE870406047D0
:105FD000B0F90E509542F6DDBDE8704070E700BFA5
:105FE000FD3901002DE9F04F85B0A3EB01091F46F3
:105FF0000D46BDF938C01646BDF83C30ACEB020882
:10600000B8F1000FB8BFC8F10008B9F1000FB8BF70
:10601000C9F10009C84540F381803C468E460A46D6
:106020003546394676466746CA46A446BD420ADD2D
:10603000521A34462946664682EAE27A3D46A4462A
:106040000F46AAEBE27A7A1B1FFA8AFABB4614B211
:1060500092B2002C00924FF6FF72B8BF0134B445E3
:10606000C8BF0122641001921DE08F423BD1176925
:10607000324A974237D1002E05DBB0F90C20B242EC
:1060800001DD29044DD5A4EB0A0214B292B2002C12
:1060900005DA01990E4400990A4436B214B201356A
:1060A0002DB2AB4527DB0268C84525499769DCDC82
:1060B0008F4223D11769214A974227D1002DE2DB75
:1060C000B0F90C20AA42DEDD3204DCD4B0F90E2097
:1060D000B242D8DD3246294603930290FFF7F0FE24
:1060E000DDE90203CFE703932A4602903146B84721
:1060F000DDE90203C7E705B0BDE8F08F0393324640
:1061000002902946B847DDE90203BCE70393324613
:1061100002902946B847DDE90203B4E76146C2466A
:1061200084E7B0F90E20AA42ADDD2A46314603933A
:106130000290FFF7C5FEDDE90203A4E7FD39010087
:106140009D3201002DE9F04F97B017468346BDF808
:10615000802005919DF888100B920791026A9DF8A6
:106160008C10BDF884900891002A00F01081117AFB
:10617000D2E900205B1A0492DBB2DDE9072111436A
:1061800000EBC30230F83330012992F90500039384
:10619000937892F906400293D3781190129377D8AE
:1061A000002313931093A44BDBF800C01A460C9302
:1061B000DCF81430934240F0DB81129B002B00F09E
:1061C000C780BBB2DDE9072114932344012A08BF2D
:1061D000012915934FF000030CBF012200229A46BB
:1061E0000A9306920993029B002B00F0A980099A5A
:1061F0000025139B1499D3180898DDF8288003FB19
:1062000000130FFA83F9159B13441BB20D9309E099
:106210000135029B4FEA4A0AEDB25FFA8AFAAB42B5
:1062200040F2898043465A1C5B075FFA82F806D128
:10623000039A0499531C11F802A09BB203931AF01D
:10624000800FE5D0069B43B3119B059ADCF81840FC
:1062500099187A4B29449C4209B240F08280DCF8BC
:106260001040774B9C427CD10029D1DBBBF90C302C
:106270008B42CDDD0D9A002ACADBBBF90E3093426A
:10628000C6DD0B9B5846FFF71BFEDBF800C0BFE7DF
:1062900003B2109323B2139385E7109B059A5C1900
:1062A000079BDCF81C6004FB0324664A1BB2BDF9A3
:1062B0002070964224B25BD1DCF84060624A96427C
:1062C00056D1DCF814300C9A93425BD1079B2344DF
:1062D000A34225DDCDE90E8AAA4698460B9D09E02A
:1062E00001340095DCF8386024B2B047444510DA38
:1062F000DBF800C055483B46DCF820604A462146A2
:1063000086425846ECD001340095B04724B244454B
:10631000EEDB5546DDF83880DDF83CA0DBF800C048
:10632000DCF82C300C9A93423FF472AF58469847F1
:10633000DBF800C06CE71A460A9B1344DBB20A93F1
:10634000099B129A0133DBB29A4209933FF64BAF95
:10635000DCF82C300C9A934240F0FC8017B0BDE87A
:10636000F08F0B9B58460D9AA047DBF800C04FE713
:106370000B9A21465846009701924A46B047DBF8EF
:1063800000C045E758469847DBF800C09EE7B0F9E3
:106390000C2005998A42E1DDB0F90E20BA42DDDD1C
:1063A0000622079812FB0012002AD7DD089A07EB95
:1063B000C202002AD2DD9BF81C20012A03D0AF2B99
:1063C00001D90133DBB21C4ADBF8000011460C9204
:1063D00042698A4240F0EF80BDF8142003EB83034A
:1063E000B8460B9F11461092194ACDF81090D31859
:1063F0000A460D934B1D9BB20E93DDE90731CDE9A3
:106400000922012B08BF01299BB20CBF01210021E9
:106410000F930346584603910D9A0824BDF924B002
:10642000002512F8016BBDF91CA00D92BDF92820C2
:10643000029706922EE000BF452D01009D3201001B
:10644000FD390100052E0100712D0100492D0100CB
:10645000F0240020039A002A40D0D3F8189005EBCE
:106460000802584912B2894579D1D3F8109056499B
:10647000894574D1069F002F05DBB0F90C10B94295
:1064800001DD002A79DA013C0135760814F0FF04B9
:106490006DB233D0F207DDD4049A02999142F2D062
:1064A0000399E1B1D3F8189005EB0802454912B2FF
:1064B00089455BD1D3F810904349894556D1069F51
:1064C000002FE0DBB0F90C10B942DCDD002ADADB8A
:1064D000B0F90E109142D6DD049B53E0029A01926E
:1064E0005946089A0590009205FB0282D3F81C9049
:1064F000534612B2C84705980368C4E7099A0F9C2F
:106500000A992244029F013192B289B209920E9AED
:106510000A918A4280D18346DDF8109018460B9B81
:106520004B4512D0039B002B33D0046A4246274BC5
:10653000CDF800909C42BDF938104FF0080308BF19
:10654000846B5846A047DBF80000C36A0C9A93425C
:106550003FF404AF584617B0BDE8F04F1847029B10
:1065600005900699C847059803688CE7049BF7E7F0
:1065700058469847DBF800C01FE6B0F90E1091426C
:1065800081DD029B39460590FFF79AFC0598036868
:1065900079E704EB84031099CDF80490424619443E
:1065A000089BDB0009B20093079BC4695846A047CB
:1065B000DBF80000C9E7584602939047DBF800007B
:1065C000029B09E79D320100FD390100492D0100C0
:1065D000036AF0B5074685B0002B3AD00A292BD0C4
:1065E0000D2933D01A7A914230D39C7A8C422DD324
:1065F0008A1A5C68D2B204EBC204E578A278A5B12D
:106600009AB1C57E002D63D1067E437EB0F910504D
:10661000B0F912203846CDE902630B462946FD8ABF
:106620000195BD8A0095FFF78DFD21793B8A3A7E61
:1066300001FB02333B8209E04FF0000C428A417EAD
:10664000A0F810C01B7B01FB03234382012005B08F
:10665000F0BD0A291ED00D29F8D0C27EB0F9104035
:106660000ABBB0F91220067E457E03950B460296C2
:106670002146FC8A38460194BC8A0094FFF762FDEB
:106680003B7E3A8A012003EB430302EB43033B8248
:1066900005B0F0BD428A417E038202EBC103438212
:1066A000012005B0F0BD067E0622B0F90C5012FBA9
:1066B0000642AA4208DD428A1C46457E038202EB5E
:1066C000C50212B24282D0E7B0F91220457ECCE773
:1066D00094F90550067E2A44B0F91050B0F90CC068
:1066E00006FB0252624503DC437EB0F9122091E7BB
:1066F0000025428A058293F80CC0437E0CFB0322DE
:1067000012B2428286E700BF002905DBB0F90CC057
:106710008C4501DD002A00DA7047B0F90EC09445BF
:10672000FADD10B490F81AC0BCF1020F0DD0BCF124
:10673000030F58D0BCF1010F4CD0012B38D0022BE5
:1067400024D07BB15DF8044B7047B0F808C00CF161
:10675000FF3CACEB010C41898A1A0FFA8CF1013A2B
:1067600012B2EAE7002A1346B0F808C0B8BFD31D3A
:10677000C46A02F007020120DB1000FA02F213FBE8
:106780000C13E15C21EA0202E254DBE7002A134623
:106790000489B8BFD31DC06A02F00702DB1013FBE7
:1067A00004130121C45C01FA02F26240C254C9E739
:1067B000002A1346B0F808C002F00704B8BFD31D82
:1067C000C06A0122DB10A24013FB0C13C15C0A4318
:1067D000C254B7E7B0F808C0ACEB020C0A460CF1A3
:1067E000FF3109B2A9E7B0F80AC00CF1FF3CACEBED
:1067F000010C11460FFA8CF29FE700BF002930B55B
:10680000BDF80C4002DA0B4400211BB2B0F908C0FD
:106810005D188E46654502DDACEB01010BB2002B25
:106820000FDDD11002F00702C06A1CFB01EC012150
:1068300001FA02F28C426044D2B271D0022C3AD0FA
:1068400004B130BD9BB2D2435D1ED2B2A9B22DB20B
:10685000022921D921464FEA930C041D62F3070156
:106860000CF1FF3C62F30F211FFA8CFC62F317411D
:1068700004EB8C04844662F31F61DCF800E00EEA4E
:10688000010E4CF804EBA445F7D123F003016D1A77
:106890008B4208442DB2D4D0037813400370002DEE
:1068A000CFD04378012D03EA02034370C9D0837827
:1068B0001A40827030BD9BB25D1EA9B22DB2022972
:1068C0001FD90024990800F1040E62F3070401396E
:1068D00062F30F2489B262F317440EEB810E014676
:1068E00062F31F64D1F800C08CEA040C41F804CBB9
:1068F0007145F7D123F003016D1A8B4208442DB284
:106900009FD0037853400370002D9AD04378012D17
:1069100083EA0203437094D083785340837030BD80
:106920009BB25D1EA9B22DB2022920D9002499087C
:1069300000F1040E62F30704013962F30F2489B2F7
:1069400062F317440EEB810E014662F31F64D1F827
:1069500000C04CEA040C41F804CB8E45F7D123F07B
:1069600003016D1A8B4208442DB23FF46AAF0378DD
:1069700013430370002D3FF464AF4378012D43EAC5
:10698000020343703FF45DAF83781343837030BDDF
:1069900090F81AC0BCF1020F2DE9F041BDF8184083
:1069A00024D0BCF1030F1CD0BCF1010F09D0002A88
:1069B00015DBB0F90AC0944511DD0694BDE8F0413D
:1069C0001CE7B0F808C0ACEB020C0CF1FF3C0FFA6E
:1069D0008CF2002A03DBB0F908C0944513DCBDE853
:1069E000F081CD184189491B09B2F2E7B0F80AC01D
:1069F000CD180189ACEB020C491B0CF1FF3C09B22C
:106A00000FFA8CF2D3E7002902DA19440BB2002105
:106A10008E46B0F90A509E44AE4501DD6D1A2BB288
:106A2000002BDCDDC1F3C405C66A11F00701DBB23F
:106A30001CFB052506EB050225D0C1F1080EDFF889
:106A400008815FFA8EFE734518F80E7044D2AEEBE3
:106A500003084FF0FF0C012C4CFA08FC07EA0C0766
:106A600052D0022C3CD0002CB9D116F805C02CEA2B
:106A7000070C734506F805C0B0F90850AFD30839C4
:106A80002A440B44DBB2072B16D9022C41D0B4F1B7
:106A9000000C194618BF4FF0010CCCF1000C5FFA46
:106AA0008CFC083982F800C0B0F90850C9B22A44F9
:106AB0000729F6D803F00703002B90D02249012CB8
:106AC0000B441B7A3BD0022C35D0002C87D1117897
:106AD00021EA0303137082E7012C15D0022C04D1A4
:106AE00016F805C087EA0C0CC3E7002CBDD00839A6
:106AF00062440B44DBB2072BC9D8002B3FF46FAFC5
:106B0000984498F80830DEE716F805C047EA0C0C00
:106B1000AFE7194614780839E443C9B2147007295D
:106B2000B0F908402244F5D813F007033FF457AFFB
:106B300005490B441B7A11784B4013704FE71178CD
:106B40000B4313704BE700BF0C2C00602DE9F041A4
:106B500090F81AE09446BDF81840BEF1020F00F01C
:106B60008F80BEF1030F00F08680BEF1010F70D060
:106B700000296CDBB0F908E08E4568DDBCF1000F40
:106B800004DA9C440FFA8CF34FF0000C6246B0F923
:106B90000A501A44AA4202DDA5EB0C052BB2002BC9
:106BA00055DDCCF3C402C66A1CF0070CDBB21EFB39
:106BB000021106EB010224D0CCF10805DFF8448174
:106BC000EDB2AB4218F8057065D2A5EB03084FF0A3
:106BD000FF0E012C4EFA08FE07EA0E0773D0022CB6
:106BE0005DD0A4BB16F801E02EEA070EAB4206F812
:106BF00001E0B0F908102AD3ACF1080C0A44634450
:106C0000DBB2072B16D9022C62D0B4F1000C194666
:106C100018BF4FF0010CCCF1000C5FFA8CFC083966
:106C200082F800C0B0F90850C9B22A440729F6D842
:106C300003F007035BB13349012C0B441B7A5CD092
:106C4000022C56D01CB9117821EA03031370BDE859
:106C5000F0819C440289A2EB0C020FFA82FC00290D
:106C6000F5DBB0F90A208A42F1DD0A460694614656
:106C7000BDE8F041C2E54289521A013A11B2EEE78D
:106C800002899C44521A013A11B24289A2EB0C02C9
:106C90000FFA82FC6CE7012C15D0022C04D116F8F7
:106CA00001E087EA0E0EA1E7002C9BD0ACF1080CA6
:106CB00072446344DBB2072BA7D8002BC7D098449B
:106CC00098F80830BCE716F801E047EA0E0E8DE7A9
:106CD000194614780839E443C9B214700729B0F989
:106CE00008402244F5D813F00703B0D005490B44FF
:106CF0001B7A11784B401370A9E711780B4313707E
:106D0000A5E700BF0C2C00602C4B2D4930B5D3E912
:106D1000B1542079C877D3F8C02295F804C081F81F
:106D20001CC008775AB1B2F5004F1ED32549114453
:106D3000234AC3F8C012D07682F81BC030BDD3F806
:106D400080120F24D3F8CC028C6540F20134CA6162
:106D50000C614FF47C544C610324114683F8BD420E
:106D60000368BDE830401B6818472D68E98B0904AB
:106D70001AD492B2EA832168EC8BA4B2EC82CC8B59
:106D8000240405D5CC8BC2F3080204F47E442243CC
:106D9000CA83CA8B92B2CA820021094AC3F8C012C0
:106DA000D07682F81BC030BDE98BC2F3080E92B2D8
:106DB00001F47E4141EA0E01E983DCE7C042012093
:106DC00000800E400180FFFF2C4B2D4930B5D3E9E8
:106DD000C5542079C877D3F8102395F804C081F8FA
:106DE0001CC008775AB1B2F5004F1ED32549114493
:106DF000234AC3F81013D07682F81BC030BDD3F8F5
:106E0000D0120F24D3F81C038C6540F20134CA6100
:106E10000C614FF47C544C610324114683F80D43FC
:106E20000368BDE830401B6818472D68E98B0904EA
:106E30001AD492B2EA832168EC8BA4B2EC82CC8B98
:106E4000240405D5CC8BC2F3080204F47E4422430B
:106E5000CA83CA8B92B2CA820021094AC3F81013AE
:106E6000D07682F81BC030BDE98BC2F3080E92B217
:106E700001F47E4141EA0E01E983DCE7C0420120D2
:106E800000800E400180FFFF38B5B0F830410CB9EA
:106E9000204638BD90F82F310546C3F18904A2423F
:106EA0000DD8144605F1A5002246184410F02EFB1B
:106EB00095F82F312046234485F82F3138BD012223
:106EC0004260EFE7504A2DE9F04F116883B08646E3
:106ED000056905E0DB0106D413685B1A102B09D89D
:106EE0006B699801F6D44FF4FE4301206B6103B047
:106EF000BDE8F08FDEF814B09EF8183043490BEB74
:106F000003139EF819201B7A0BEB0212180192F85A
:106F1000282001EB031351F800901520D3F80CA0A2
:106F200001EB02145B681201E76818600093C9F86E
:106F300084A0D9F804308E584AEA03033449C9F8CA
:106F40000430636818600193C6F884707368314830
:106F50003B437360304B4C680268A3FB0232920CD7
:106F600002EB820252004B681B1B9A42FBD84FF087
:106F7000090C274ADFF8A080D9F808301AEA030F75
:106F800002D0B3681F422FD1C6F8887054680168D8
:106F9000A8FB0131890C01EB810153681B1B99424D
:106FA000FBD8C6F8847054680168A8FB0131890CCD
:106FB00001EB810153681B1B9942FBD8BCF1010C0A
:106FC000DAD19EF818306046009A0BEB0313DB68A9
:106FD00013609EF81930019A0BEB031BDBF82C3081
:106FE000136003B0BDE8F08F9EF81830009A0BEBE9
:106FF0000313DB6813609EF81930019A0BEB03133F
:10700000DB6A13606FE700BF78470120381D00205E
:10701000001000E05038002083DE1B4310B504460A
:10702000006808B111F0E4F9204610BD10B504461F
:10703000C06A08B111F0DCF9204610BD836A70B552
:1070400004460D469BB390F8302040F20111724E79
:107050005200A3F82F1183F8A520836A1A681846F6
:107060001268B24240F0CE80B3F83021DAB193F822
:107070002F21882A2BD8511C1A4483F82F11002362
:1070800082F8A530A06A026803461268B24240F056
:10709000BC80B0F8302132B193F82F21882A1CD956
:1070A000012218465A60BDE870400CF017BF026C10
:1070B000006D1368616A23EA00031360C1B10A68B6
:1070C0005566D36D13F4F81FFBD0536F70BD0122CA
:1070D0005A6093F82F21882AE2D8511C1A4483F869
:1070E0002F1182F8A550A06ABDE870400CF0F6BEE2
:1070F000D4E90E23A06C2E06116854BF81430143CE
:107100006E0611601968E06C41EA000119601968A7
:10711000E06C21EA000119601168A06C54BF814342
:107120000143AE0611601968E06C41EA0001196084
:107130001968E06C21EA000119601168A06C54BF65
:1071400081430143EE0611601968E06C41EA0001D9
:1071500019601968E06C21EA000119601168A06CDF
:1071600054BF814301432E0711601968E06C41EA66
:10717000000119601968E06C21EA000119601168CA
:10718000A06C54BF814301436E0711601968E06C25
:1071900041EA000119601968E06C21EA00011960F8
:1071A0001168A06C54BF81430143AE071160196898
:1071B000E06C41EA000119601968E06C21EA000105
:1071C00019601168A06C54BF81430143ED07116041
:1071D0001968E06C41EA00011960E06C196821EA65
:1071E000000119601168A06C4CBF0143814311601C
:1071F0001A68E16C0A431A601A68E16C22EA01021B
:107200001A6070BD002190473CE729469047A06A6C
:10721000BDE870400CF062BE012B0100F8B5836A36
:107220000446002B78D0826D0020884D1B69AA424D
:10723000186133D88648012298645A624FF430327C
:1072400084489862DA62986C002218654FF0011049
:107250001A62012298651A615A392046C9B2FFF7AD
:10726000EDFEA36A4BB3E26D002178481B698242B0
:10727000196100F2BB80764C012076494FF4303220
:107280009C6458629962DA629C6C00204FF0011194
:1072900001221C65186299651A61F8BD6E4DAA42FB
:1072A00000F2AF806D4A9A64A2F121625862A2F6A0
:1072B0000C429A626A4ADA62C5E7616C606D0B68DB
:1072C000626A03430B60002AE7D0D37C002BE4D032
:1072D000DD0704D5906A4FF0E021C1F800019C075A
:1072E00004D5D06A4FF0E021C1F80401580704D555
:1072F000106B4FF0E021C1F80801190704D5506B5D
:107300004FF0E021C1F80C01DB06C6D5926B4FF0BF
:10731000E023C3F81021F8BD436A002B5FD0D0E909
:107320001925D87C002839D072B6D87CC60708D574
:107330004FF0E02C5F69DCF880613E409E62CCF843
:107340008061870708D54FF0E02C9F69DCF88461E5
:107350003E40DE62CCF88461460708D54FF0E02C51
:10736000DF69DCF888613E401E63CCF8886107075E
:1073700008D54FF0E02C1F6ADCF88C613E405E635C
:10738000CCF88C61C60608D54FF0E0265F6AD6F8C7
:10739000900138409863C6F8900162B698688242BE
:1073A00013D030489A6080692F4EC0F3011CC0F39F
:1073B000826056F82C600130B6FBF0FC002A2BD01E
:1073C000624532D90022DA6000E0DA681B680020EA
:1073D0001861032058621A6401221D661A61626CEA
:1073E000606D136823EA0003136035E71A48824290
:1073F0000FD91E4C1E481A4A9C6459629862DA6280
:1074000042E71A4A9A641A4A58629A62144ADA623D
:1074100019E7124C1748EEE78642D4D30CF101006D
:10742000B0F5817F09D3144ACDE7BCFBF2F0BCFB79
:10743000F0FC6245F4D28446F0E70228C2D9023853
:107440004608320242EA06420243BCE77F1A0600BF
:107450003B372819B80B05053F420F001C1A120CC8
:10746000007F050000C00F40A82000200A09070483
:1074700060090101100E0202FF7F7F0003790F2BCC
:107480000FD8084A937672B60749012290F804C0D3
:10749000B1F8203302FA0CF223EA0203A1F82033F8
:1074A00062B6704700800E40C042012010B58030A7
:1074B0008E461EF801CB1CF0800F04D150F8804C92
:1074C0001C4340F8804C1CF0400F04D150F8704C25
:1074D0001C4340F8704C1CF0200F04D150F8604C55
:1074E0001C4340F8604C1CF0100F04D150F8504C75
:1074F0001C4340F8504C1CF0080F04D150F8404C8D
:107500001C4340F8404C1CF0040F04D150F8304CA0
:107510001C4340F8304C1CF0020F04D150F8204CB2
:107520001C4340F8204C1CF0010F04D150F8104CC3
:107530001C4340F8104CA2EB0E0C80308C44BCF184
:10754000000FB6DC10BD00BF2DE9F84F334F344BB0
:1075500097F82823DA7797F82C33002B51D00023A3
:10756000304E87F82C334FF4A052002130460FF0F4
:10757000CFFED7F83033D7F83493D7F8302397F8C5
:107580003813A9EB0202282A28BF282202EB030B9A
:10759000C7F830B3B1B1244C4FF0010A01EB040835
:1075A000D7F8AC1304F13805194414F8010B15F899
:1075B000013B06EB80000AFA03F3FFF777FFA045D3
:1075C0004944F2D1334606EBC210BFF34F8F4FF060
:1075D000E021C1F8703F20339842FAD8BFF34F8FB3
:1075E000BFF36F8FD7F83433D200D7F8C01392B2FD
:1075F000B3EB0B030E60CA8208D108238B83BDE86E
:10760000F88F0123094E87F82C33ACE7282B94BF61
:10761000102312238B83BDE8F88F00BFC0420120E6
:1076200000800E4080302020FC4501208044202036
:1076300010B50446006808B110F0DAFE204610BD0F
:1076400070B5057A04469DB94668304610F0EAFEEA
:10765000237801229340227286F8A53040F201136C
:10766000A6F82F3160680CF039FC08B1284670BDCF
:10767000237840F2011162685B00A2F82F1182F8B2
:10768000A53060680CF02AFCB0FA80F56D09284638
:1076900070BD00BF2DE9F04F466883B0624C0746CD
:1076A0000193154633685B68A3427AD1B6F830413E
:1076B000002C61D1A54205D04FF00009484603B027
:1076C000BDE8F08FD7F804B09BF82FA1BAF1000FF6
:1076D000F2D05846FFF7F6FB81460028ECD0534F16
:1076E0000026D7F8008000E02646B245DBF81010EF
:1076F0005ED234464A69130537D4550500F18780B8
:10770000900400F184803868A0EB080032287ED80D
:10771000A24507D2C96D490704D19305CED4019B78
:10772000002BCBD0FBF738FBB245DDD2DBF81010D5
:107730004B691E0519D45D0569D4980467D43A686D
:10774000A2EB0802322A62D8A24507D2CA6D5207BC
:1077500004D19B05B2D4019B002BAFD0FBF71CFBDF
:10776000DBF810104B691E05E5D50B694FF00009D9
:1077700043F440730B61A1E796F82F318C46C3F1B7
:107780008904A24211D8144606F1A500614622469A
:1077900018440FF0BBFE96F82F31234486F82F31A2
:1077A00088E730469847044684E701227260EBE799
:1077B000C86D344600F0070240079BD413E09BF8E5
:1077C000A5500132022445F48065042A0D661CD0C0
:1077D000824502F101020BEB00050ED995F8A500D8
:1077E000042A086686D00120002CE8D02046013209
:1077F000013482450BEB0005F0D8019B002B3FF4D0
:1078000079AF4FF400720A6674E7012472E70B69DE
:107810004FF000094FF4007243F4407348460B6187
:107820000A6603B0BDE8F08F7D4101007847012072
:10783000384B4FF07E514FF08040002203F5946C9E
:10784000F0B5354C03F58065002703F58E666A6058
:1078500003F5926EA860E96003F582656260A1603D
:10786000E060276001246960A860EA6003F5846530
:10787000C3F8004402246960AA60E86003F58665E5
:10788000C3F8104403246860AA60E96003F58865C2
:10789000C3F8204404246860A960EA6003F58A659F
:1078A000C3F8304405246A60A960E86003F58C657C
:1078B000C3F840444FF480746A60A860E96003F53F
:1078C0009065C3F8504440F20114C3F860444FF48B
:1078D00081747160B060F2606960AA60E860CEF89F
:1078E0000400CCF8040040F20510CEF80820CEF8D1
:1078F0000C10CCF8081040F20311CCF80C204FF417
:107900008272C3F87044C3F8A004C3F88014C3F8AB
:107910009024F0BDC0420120385B012070B50E46B6
:1079200090F8A81682B0142916D8154690F8A92602
:1079300004468AB101298AB210D9901E04F25C6E05
:1079400004F5CB6C80B20EEB800E01E0F44505D05F
:107950005CF8040FA842F9D102B070BD01F5C17105
:10796000F7EE000A201D8DED010A04EB8101ECF712
:107970009BF894F804369DED010A132B0DD8E218FC
:1079800082F8506504EB8302013302F2B451C2F86D
:10799000645581ED000A84F8043694F8A83603F59E
:1079A000CB72013344F8225084F8A836D4E700BFE4
:1079B000054B5A6910B4511C1C6944F822005DF84B
:1079C000044B5961704700BFB845002090F8A936B4
:1079D000844673B190F8043653B14FF07E520120C3
:1079E0000CF24C53CCF864158CF850059A6670472D
:1079F000704701230A46B7EE000A194680F8A936F7
:107A0000FFF78CBF2DE9F04F8F4C2DED028BA4F1C9
:107A10002C0B9FED8E8A81B0A4F15C0A04F130003A
:107A20002146FFF7D3FFA4F15009B0EE480A5A46A9
:107A30000BF15C0028230A21A4F11408FFF76EFF64
:107A4000B0EE480A52460AF18C0028230A21FFF7BB
:107A500065FFB0EE480A4A4609F1800028230A2152
:107A6000FFF75CFFA4F14402B0EE480A282302F1BC
:107A700074000A21FFF752FFA4F12002B0EE480A79
:107A8000282302F150000A21FFF748FFA4F1680201
:107A9000B0EE480A282302F198000A21FFF73EFFC2
:107AA000A4F13802B0EE480A282302F168000A2146
:107AB000FFF734FFA4F64C029FED650A282302F677
:107AC0007C000A21FFF72AFFA4F58A72B0EE480A6B
:107AD000282302F5A2700A21FFF720FFA4F1C002BB
:107AE00004F6885704F2DC64B0EE480A02F1F000B4
:107AF00028230A21FFF712FF04F62836B0EE480AC1
:107B0000424608F1440028230A2104F6A875FFF72D
:107B100005FFB0EE480A3A46A7F6585014230A214A
:107B2000FFF7FCFEB0EE480A3246A4F2AC60142324
:107B30000A21FFF7F3FEB0EE480A2A46A4F2AC6031
:107B400014230A21FFF7EAFE20464249FFF73EFFD1
:107B5000B0EE480A5A46204628230A21FFF7DEFEE7
:107B6000B0EE480A5246204628230A21FFF7D6FEE7
:107B7000B0EE480A4A46204628230A21FFF7CEFEE7
:107B8000B0EE480AA4F5E462204628230A21FFF754
:107B9000C5FEB0EE480AA4F2FC62204628230A2162
:107BA000FFF7BCFEB0EE480AA4F244722046282338
:107BB0000A21FFF7B3FEB0EE480AA4F21472204681
:107BC00028230A21FFF7AAFEB0EE480AA4F628727D
:107BD000204628230A21FFF7A1FEB0EE480AA4F5AB
:107BE000FE62204628230A21FFF798FEB0EE480ADD
:107BF000A4F29C72204628230A21FFF78FFEB0EEE4
:107C0000480A4246204628230A21FFF787FEB0EEA5
:107C1000480A3A46204614230121FFF77FFEB0EEC2
:107C2000480A3246204614230121FFF777FEB0EEC2
:107C3000480A14232A460121204601B0BDEC028BDC
:107C4000BDE8F04FFFF76ABEC450002000000000FE
:107C50009A99193EAC5101202DE9F04F2DED108B72
:107C6000ADF5037D9FEDFB8AFBF7C2FB9FEDFA9A12
:107C7000FA4B4FF00009DFEDFA6A9FEDFAAA03F61E
:107C80005C12DFEDF9AADFF844E402F2A461DFF848
:107C900040C4DFEDF6CAA1F540609FEDF5CADFED07
:107CA000F5BA9FEDF5FADFEDF5EA9FEDF5EA9FED08
:107CB000F5DAF54FF54EDFF81C84DFEDF5FADFED70
:107CC000F5DAC3F868E0C3F870C0C3ED006A83ED6D
:107CD000048A83ED01AAC3ED02FA83ED03AA83EDC2
:107CE00005AA83ED07AA83ED09AA83ED0BAA83ED0C
:107CF0000DAA83ED0FAA83ED11AA83ED13AA83EDDC
:107D000015AA83ED179A83ED199A83ED1B9A83EDDB
:107D10001D9A83ED1F9AC3ED08AAC3ED10CA83ED27
:107D200012CAC3ED14BA83ED06FAC3ED0AEA83ED75
:107D30000CEAC3ED0EDA83ED16DA9F67C3F86080B4
:107D4000C3F88060C3ED40DADFEDE9DADFEDD22A77
:107D5000C3ED28DADFEDE7DADFEDD07AC3ED2CDA18
:107D6000DFEDE7DADFEDCE8ADFEDCE9A9FEDCEBA1A
:107D7000C3ED34FAC3ED30DADFEDDCFADFEDDCDA47
:107D8000C3ED2A2A83ED219A83ED22BA83ED239A4B
:107D900083ED259AC3ED269A83ED279A83ED299AE0
:107DA00083ED2B9A83ED2D9AC3ED2E7A83ED2F9AD6
:107DB000C3ED318AC3ED326AC3ED338AC3ED358A30
:107DC00083ED368AC3ED378A83ED38FAC3ED398AFD
:107DD000C3ED3AAAC3ED3B8AC3ED3CEAC3ED3D8A4D
:107DE00083ED3EEAC3ED3F8AC3ED24FAC3ED418A39
:107DF000C3ED5EDADFEDADDA9FEDAD0AC3ED4EDA2D
:107E0000DFEDACDAAC4DDFF8D0A2C3ED5CDADFED2C
:107E1000B9DAC3F840E1C3ED602AC3F848C1C3ED45
:107E200042CAC3ED438A83ED44CAC3ED458AC3ED1C
:107E300046BAC3ED478AC3F82051C3ED498A83EDA2
:107E40004B0A83ED4CDA83ED4D0A83ED4F0A83ED47
:107E5000510A83ED530AC3F8507183ED550AC3F8F4
:107E6000586183ED570A83ED58BA83ED590AC3ED83
:107E70005AFA83ED5B0A83ED5D0A83ED5F0A83EDB9
:107E8000610AC3F828A1C3ED62DADFED9DDADFED08
:107E900080FAC3ED66DADFED9CDA9FED881ADFED3C
:107EA000880AC3ED6AFAC3ED80DADFED7AFADFED16
:107EB00090DA83ED630AC3ED647A83ED650AC3ED5E
:107EC000670AC3ED686AC3ED690AC3ED6B0A83ED07
:107ED0006C8AC3ED6D0A83ED6EFAC3ED6F0AC3EDD4
:107EE00070AAC3ED710AC3ED72EAC3ED730A83EDA4
:107EF00074EAC3ED750AC3ED76FAC3ED770AC3EDF4
:107F000078CAC3ED790A83ED7ACAC3ED7B0AC3ED63
:107F10007CBAC3ED7D0AC3F8F851C3ED7F0AC3ED07
:107F2000810AC3F808A283ED831AC3ED96DADFED68
:107F300071DADFED6EFAC3ED9ADADFED71DA9FEDFB
:107F4000612AC3ED92FAC3ED9EDADFED51FADFED5F
:107F50006EDAC3F820E2C3ED982AC3F828C283ED95
:107F600084DA83ED851AC3F8188283ED871A83EDCE
:107F7000891A83ED8B1AC3F8307283ED8D1AC3F81A
:107F8000386283ED8F1A83ED90BA83ED911A83EDF9
:107F9000931AC3ED949A83ED951A83ED971A83EDA6
:107FA000991A83ED9B1AC3ED9C7A83ED9D1A83ED9C
:107FB0009F2AC3EDA06A83EDA12AC3EDA2FA83ED47
:107FC000A32ADFED34FA83EDA48AC3EDB8DADFED3E
:107FD00050DA9FED3D3AC3EDAEFAC3EDBADADFED0C
:107FE00051FADFED43DAC3F810E383EDA52A83ED00
:107FF000A6FA83EDA72AC3EDA8AA83EDA92AC3EDAB
:10800000AAEA83EDAB2A83EDACEA83EDAD2A83EDDA
:10801000AF2AC3EDB0CA83EDB12A83EDB2CA83EDB6
:10802000B32AC3EDB4BA83EDB52AC3F8D85283EDB1
:10803000B72A83EDB92A83EDBB2AC3EDBCFA83EDE1
:10804000BD3A83EDBF3A83EDC0DA83EDC13AC3F8A0
:1080500008836BE01147C3420D71F440F078202093
:108060001147AF42956528401147D7421147FF425B
:1080700088A3044388A309431147CD421147E14235
:108080001147EB4296A10E432D43F5422D43EB429F
:108090001147B9421147F5422D43B9422D43A5423C
:1080A00065194A412D43CD422D43E1427E9D09434E
:1080B000431C8D41FB3ACD4288A30E43431CDD4156
:1080C000B30CB54159860242228E164296A1044352
:1080D0002D43FF4296A1094396A1134359862A4294
:1080E000228E3E4259865242228E66422D43D7420C
:1080F0002D43C3422D43AF4259867A421147B942BC
:108100001147A5421147F54288A3134388A31D4395
:1081100088A3184388A3224396A1224388A3274318
:108120001147874296A1184396A11D4383EDC33A98
:108130005FED12FAC3F8F8A283EDC53AC3EDD2DAC7
:108140005FED14DAC3EDCEFAC3EDD6DA5FED15FAC2
:108150005FED15DA1FED1F4AC3EDDADAC3EDDEFA83
:108160005FED17DA5FED19FAC3EDD42AC3F818C32F
:1081700083EDC73AC3F8207383EDC93AC3F8286387
:1081800083EDCB3A83EDCCBA83EDCD3A83EDCF3A94
:10819000C3EDD09A83EDD13A83EDD33A83EDD53A4E
:1081A00083EDD73AC3EDD87A83EDD93A83EDDB4A34
:1081B000C3EDDC6A83EDDD4A83EDDF4A83EDE08ABF
:1081C00083EDE14A83EDE2FA83EDE34AC3EDE4AAED
:1081D00083EDE54AC3EDE6EAC3EDEAFAC3EDF4DA6E
:1081E0005FED36FA5FED36DA5FED434AC3EDF6DA5E
:1081F000C3EDF8FA5FED34DA5FED36FAC0F810E05F
:10820000C0F818C080ED00DAC0ED014AC0F808805F
:10821000C0ED034AC0ED054A83EDE74A83EDE8EA85
:1082200083EDE94A83EDEB4AC3EDECCA83EDED4AF9
:1082300083EDEECA83EDEF4AC3EDF0BA83EDF14A68
:10824000C3F8C85383EDF34A83EDF54A83EDF74A4B
:1082500083EDF94AC3EDFADAC3EDFB4AC3EDFCFA4C
:10826000C3EDFD4AC3EDFF4A5FED5FDAC3F8F8A343
:10827000C0ED074A0762A1F6DC305FED64FAC0ED9D
:1082800009DA40305FED65DA40ED0BFA40ED03DAD4
:108290001FED6C5A5FED66DA5FED68FA40ED052A76
:1082A00040ED104A40F83C6C40ED0E4A00ED0DBA2E
:1082B00040ED0C4A40ED0A4A40ED099A40ED084A6B
:1082C00040ED064A40ED044A40ED024A40ED017A95
:1082D000C0ED004AC0ED01DA80ED025AC0ED036A3C
:1082E00080ED045AC0ED05FA80ED065A80ED078A4C
:1082F00080ED085A80ED09FA80ED0A5AC0ED0BAA0C
:1083000080ED0C5AC0ED0DEA80ED0E5A5FED83FA58
:1083100080ED0FEA40305FED84DAC0ED01FAC0ED88
:108320000BDA5FED86FA5FED86DAC0ED0FFAC0ED8D
:108330000DDA80ED005A80ED025AC0ED03CA80EDDF
:10834000045A80ED05CA80ED065AC0ED07BA80EDEB
:10835000085A456280ED0A5A80ED0C5A80ED0E5A9B
:1083600040305FED94DA5FEDA05AC0ED01DA5FEDC9
:1083700096DA5FED94FAC0ED03DA5FED95DAC0F8B6
:108380003CE0C0ED045AC0ED05DAC0ED065AC0ED80
:1083900007FAC0ED085AC0ED0A5AC0ED0C5AC0EDFC
:1083A0000E5A80ED005A80ED025A80ED0BDAC0F8CB
:1083B0003480C0F824A040305FEDB4FA5FEDB4DA49
:1083C000C0ED005AC0ED0F2AC0F804C0C0ED025A3B
:1083D000C760C0ED045A4661C0ED065A80ED07BA89
:1083E000C0ED085AC0ED09FAC0ED0A5AC0ED0B9A6B
:1083F000C0ED0C5AC0ED0DDAC0ED0E5A40305FED05
:10840000C3DA1FEDC37AC0ED01DA5FEDC4FA5FEDA8
:10841000C4DA80ED067AC0ED05DA80ED087AC0EDA9
:1084200009FA80ED0A7A80ED0C7A80ED0E7AC0EDC3
:10843000005AC0ED025AC0ED037AC0ED045AC0EDF7
:10844000076A80ED0B8A80ED0DFAC0ED0FAA40306F
:108450005FEDD4FA5FEDD4DA80ED007AC0ED01EA89
:1084600080ED027A80ED03EA80ED047AC0ED05FA32
:1084700080ED067AC0ED07CA80ED087A80ED09CA62
:1084800080ED0A7AC0ED0BBA80ED0C7A456380ED81
:108490000E7AC0ED0FDA40305FEDE4FA5FEDE4DA1A
:1084A000C0ED03FA5FEDE5FAC0ED01DAC0ED05FAC3
:1084B0005FEDE7DA5FEDE7FA1FEDE76AC0ED07FA77
:1084C000C0ED0BDA5FEDE9FA5FEDE9DA80ED0A6AFB
:1084D00080ED0C6AC0ED0DDA80ED0E6AC0ED0FFA8A
:1084E00080ED106A80ED007A80ED027A80ED047AEA
:1084F00080ED067A80ED087A4430F74BC0F800A092
:1085000040F8203CDFEDF5DA80ED016AC0F818E0B4
:10851000C0F820C080ED02DA80ED036AC0F8108058
:1085200080ED056A80ED076A80ED096A876280ED5B
:108530000B6A066380ED0D6A80ED0EBA3C30C0ED2B
:1085400005DADFEDF4DADFEDE63AC0ED09DADFED6A
:10855000EFFADFEDE4DAC0ED0E3AC0ED072AC0ED28
:1085600001FAC0ED0DDA80ED006A80ED026AC0ED1F
:10857000039A80ED046A80ED066A80ED086A80ED5A
:108580000A6AC0ED0B7A80ED0C6AC0ED0F6A4030CC
:10859000DFEDD5FAC0ED003AC0ED01FADFEDDFFA0C
:1085A000C0ED023ADFEDDCDA80ED038AC0ED043A7B
:1085B000C0ED063AC0ED083AC0ED0A3AC0ED0C3AFB
:1085C000C0ED0E3A80ED05FAC0ED07AAC0ED09EA4C
:1085D00080ED0BEAC0ED0DFAC0ED0FCA4030DFEDC3
:1085E000C3FAC0ED07DADFEDCEDAC0ED0DFAC0ED6B
:1085F00009DADFEDBFFADFEDCBDAC0ED003AC0ED0E
:10860000023AC0ED043AC0ED063AC0ED083AC0EDBA
:108610000A3AC0ED0C3AC0ED0E3AC0ED0BDAC0EDEF
:108620000FFA80ED01CAC0ED03BA45614030DFEDBD
:10863000B1DADFEDB11AC0ED03DAB04BDFEDB1DA3C
:10864000C0ED021AC0ED003A4360DFEDB7FAC0EDAD
:10865000041AC0ED05DADFEDACDAC0ED061AC0EDA4
:10866000081AC0ED0A1AC0ED0C1AC0ED0E1AC0EDC2
:1086700007DAC0ED09FA80ED0DDAC0F83C80C0F8E9
:108680002CA04030DFEDA1FADFED94DAC0ED001A46
:10869000C0F804E0C0ED021AC0ED041AC0ED061ADD
:1086A000C0ED081AC0ED0A1AC0ED0C1AC0ED0E1A82
:1086B000C0F80CC0C0ED0BFAC0ED0FDA4761C6611F
:1086C00080ED09BAC0ED0D9A4030DFED92DADFEDB2
:1086D00086FAC0ED03DADFED83DAC0ED001AC0EDF3
:1086E000012AC0ED021AC0ED041AC0ED057AC0EDF2
:1086F000061AC0ED07DAC0ED087AC0ED096AC0EDD0
:108700000A7AC0ED0BFAC0ED0C7A80ED0D8AC0ED4F
:108710000E7A80ED0FFA4030DFED80FAC0ED007A7E
:10872000C0ED07FAC0ED01AAC0ED027AC0ED03EA80
:10873000C0ED047A80ED05EAC0ED067AC0ED087A56
:10874000C0ED09CAC0ED0A7A80ED0BCAC0ED0C7A03
:10875000C0ED0DBAC0ED0E7AC5634030DFED6EFAA4
:10876000C0ED007AC0ED01FADFED6DFAC0ED027ADE
:10877000C0ED03FADFED6BFAC0ED047AC0ED05FA47
:10878000DFED5CFAC0ED067AC0ED0DFADFED57FAC9
:10879000C0ED087AC0ED07FADFED55FAC0ED0A7AB0
:1087A000C0ED09FADFED57FAC0ED0C7AC0ED0E6AA4
:1087B000C0ED0FFAC0ED106A4430DFED53FAC0F897
:1087C00028E0C0ED00FADFED58FAC0F830C0C0ED87
:1087D00002FAC0ED016AC0ED036AC0ED056A80EDE2
:1087E00006DAC0ED076AC0F82080C0ED096AC0ED66
:1087F0000B6AC0ED0D6A8763C0ED0F6AC0F810A068
:108800004030DFED42FA3E4BC0ED04FA40F8583CF0
:1088100013460660C0ED016A80ED02BAC0ED036A3E
:10882000C0ED056AC0ED069AC0ED10DADFED2BDA77
:10883000DFED2DFAC0ED08DADFED36DAC0ED0A2AF9
:10884000C0ED076AC0ED14FAC0ED096AC0ED0B6A0D
:10885000C0ED0CDA3430DFED31DAC0ED042AC0EDC2
:10886000062AC0ED082AC0ED0A2AC0ED0C2AC0ED88
:108870000E2AC0ED102AC0ED006AC0ED017AC0EDED
:10888000026AC0ED056A80ED098A80ED0BFAC0ED41
:108890000DAAC0ED0FEA80ED11EA4830C0ED01DA13
:1088A000DFED12DAC0ED002AC0ED022AC0ED042A85
:1088B000C0ED062AC0ED03CA80ED05CAC0ED07BAB7
:1088C000C0ED082AC2ED03DADFED09DADFED12FAB6
:1088D000C2ED05DA2EE000BF7E9D27432D43C34243
:1088E0002D4391421147A5421147B94288A3224323
:1088F00088A3274396A1274311479B4296A12C4367
:1089000088A32C4396A1224396A11D432D43D74211
:108910002D43C3422D43AF4288A313431147F54271
:1089200088A3184388A31D4396A11843431CD5412F
:10893000598662425FED0DDAE3EC012AC2ED07DAF7
:108940005FED0FDAC0ED0BFAC2ED09DA5FED0BDA7D
:108950005FED0DFAC3ED00DA00F587635FED0EDA27
:10896000C0ED0DFAC2ED0BDA5FED18FA5FED18DA23
:10897000C0ED0A2AC0ED0C2AC2ED022AC2ED042A7B
:10898000C2ED062AC2F84CE0C2F854C0456282ED3E
:10899000088A82ED0A8A82ED0C8A82ED0E8A82EDC7
:1089A0000FDA82ED108AC2F8448082ED128A82EDDD
:1089B000148A82ED168AD76582ED188A566682ED92
:1089C0001A8AC2F834A082ED1BBAC2ED1DFAC2EDBC
:1089D00021DA82ED2FEA5FED31FA1FED31EA5FED2A
:1089E00031DAC2ED232AC2ED25FA82ED29FAC2ED71
:1089F0002DEAC2ED31DA82ED1C8A82ED1E8AC2EDCB
:108A00001F9A82ED208A82ED228A82ED248A82EDED
:108A1000268A82ED278AC2ED289AC2ED2A9AC2EDF3
:108A20002BAAC2ED2C9AC2ED2E9AC2ED309AC2ED5D
:108A3000329AC2ED33CAC2ED349A82ED35CAC2ED24
:108A4000369AC2ED37BAC2ED389AC2F8E450C2ED98
:108A50003A9A82ED3BEA5FED4EFAC2ED3C9A1FED89
:108A60004F8A82ED5BEA5FED50DA1FED50EAC2F803
:108A700024E1C2F82CC1C2ED3DFA82ED3F8AC2ED7D
:108A800041DA82ED45DAC2F81C814FF00108C2F8E4
:108A90003471C2F83C61C2ED53CA82ED55CAC2EDD1
:108AA00057BAC2F86451C2ED3E9AC2ED409AC2ED87
:108AB00042AAC2ED44AAC2ED46AAC2ED48AAC2ED3E
:108AC0004AAAC2ED4CAAC2ED4EAAC2ED50AAC2ED0E
:108AD00052AA82ED51BA82ED54BA82ED56BA82EDB5
:108AE00058BA82ED5ABA82ED5CBAC2F80CA182ED96
:108AF0005DEA82ED5EAA82ED60AA82ED62AA82ED55
:108B000064AA82ED66AA82ED68AA82ED6AAA82ED65
:108B10006CAA82ED6EAA82ED70AA1FED7BAAFD4CB5
:108B200082ED79AA9FEDFCAADFEDFCEA82ED7BAA3B
:108B30009FEDFBAA9FEDFBFADFEDFBFA9FEDFB8AB1
:108B4000DFEDFB9ADFEDFBAA9FEDFBBADFEDFBBA91
:108B50009FEDFBCADFEDFBCA9FEDFBDADFEDFBDA31
:108B600082ED7DAA9FEDFAAAC2ED5FEA82ED61FA7D
:108B7000C2ED63FA82ED658AC2ED679AC2ED69AA19
:108B800082ED6BBAC2ED6DBAC2F8BC4182ED71CA1A
:108B900082ED729AC2ED73CA82ED749A82ED75DA33
:108BA00082ED769AC2ED77DA82ED789A82ED7A9A42
:108BB00082ED7C9A82ED7E9A82ED7FAA9FEDE9AAF2
:108BC00082ED809A82ED81AA9FEDE7AA82ED829ADA
:108BD00082ED83AA82ED849A82ED869A82ED889A4C
:108BE0009FEDE2AA9FEDE39A82ED85AAB0EE4BAA33
:108BF00082ED879A82ED99BA9FEDE19A9FEDE2BAF4
:108C000082ED899AB0EE699AC2ED8A8A82ED8BEA8A
:108C1000C2ED8C8AC2ED8DEAC2ED8E8A82ED8FFAAA
:108C2000C2ED908AC2ED91FAC2ED928A82ED938AEA
:108C3000C2ED948AC2ED959AF0EE6A9AC2ED968AD8
:108C4000C2ED97AAF0EE6BAAC2ED988AC2ED9A8A9D
:108C5000C2ED9BBAF0EE6CBAC2ED9C8AC2F87442C7
:108C6000C2ED9E8A82ED9FBAB0EE4CBAC2EDA08AE8
:108C700082EDA1CAB0EE4DCA82EDA20A82EDA40A2D
:108C800082EDA5DA82EDA60A82EDA80A82EDAA0A93
:108C900082EDAC0A82EDAE0A82EDB00A82EDB20A34
:108CA00082EDB40A82EDB60A82EDB80A82EDBA0A04
:108CB000DFEDA88A9FED98DA9FEDAD0AC2EDA3CA59
:108CC000F0EE6DCAC2EDA7DAC2EDA98A82EDABDA89
:108CD00082EDB90ADFED92DADFED9D8A9FEDA1DA30
:108CE0009FEDA50AC2EDADDAC2EDAF8A82EDB1DA31
:108CF00082EDBB0ADFED9CDADFED9C8A9FED9DDA09
:108D00009FED9F0AC2EDB3DAF0EE6EDAC2EDB58ADE
:108D1000F0EE4A8A82EDB7DAB0EE4EDAC2EDBC0A66
:108D200082EDBD0AB0EE480AC2EDBE0A82EDBFEA8E
:108D3000B0EE4FEAC2EDC00AC2EDC1EAF0EE6FEA52
:108D4000C2EDC20A82EDC3FAC2EDC40A9FED81FAF8
:108D5000C2EDC5FAC2EDC60ADFED6FFAC2EDC80A70
:108D6000C2EDCA0AC2EDCC0A82EDCDAAC2EDCE0A8E
:108D7000C2EDD00AC2EDD20AC2EDD40A9FED82AA9A
:108D8000DFED670A82EDC78AB0EE698A82EDC99A83
:108D9000C2EDCB9AF0EE6A9AC2EDCFAAF0EE6BAAC2
:108DA000C2F8444382EDD3AAB0EE4BAA82EDD5BA05
:108DB000B0EE4CBA82EDD61AC2EDD7BAF0EE6CBA6C
:108DC00082EDD81A82EDD9CA82EDDA1AC2EDDBCA79
:108DD00082EDDC1A82EDDDFA82EDDE1AC2EDDFFAF9
:108DE00082EDE01AC2EDE10AF0EE490A83ED019A44
:108DF00082EDE21A82EDE41A82EDE61A82EDE81ABB
:108E000082EDEA1A82EDEC1A82EDEE1A82EDF01A8A
:108E10009FED4F9A9FED521A82EDE39A82EDEF1A81
:108E20009FED50CADFED50CA9FED509A9FED521A48
:108E300082EDE5CAC2EDE7CA82EDE99A82EDF31A46
:108E40009FED4CCADFED4ACA9FED4C9A9FED4C1A3C
:108E500083ED002A82EDEBCAB0EE4DCAC2EDEDCA39
:108E6000F0EE6DCA82EDF19AB0EE4A9A82EDF22AE6
:108E700082EDF42A82EDF51AB0EE401A82EDF62A60
:108E800082EDF7DAB0EE4EDA82EDF82AC2EDF9DAC9
:108E9000F0EE6EDA82EDFA2A82EDFBEAB0EE4FEAEE
:108EA00082EDFC2AC2EDFDEAF0EE6FEA82EDFE2AC9
:108EB00082EDFF0AB0EE480A83ED022A83ED038AB1
:108EC000B0EE688A83ED042AC3ED058AF0EE698A64
:108ED00083ED062AC3ED079A83ED082A00F25C436E
:108EE000DFED299A14201C60403303ED0F2A03EDB7
:108EF0000D2A43ED0E9AF0EE6A9A03ED0CAAB0EE3D
:108F00004BAA43ED0AAAF0EE6BAA03ED08BA43EDB3
:108F100006BA3DE011478F4259864E42431CFD413F
:108F200059863A42228E1242228E2642228E3A429E
:108F3000228E4E42228E6242228E76421147854216
:108F40002D4399422D438F422D43854259867642C7
:108F5000598626425986624259863A4259862642A5
:108F600065193A4159861242B30CFD41B30CD54103
:108F7000B30C8541B30CAD41431C854186383A4161
:108F8000431CAD41CA32D440114799420D71D440BF
:108F90001FED0C2A1FED0CBA5FED0CBA03ED0B3A76
:108FA00003ED093A03ED073A03ED053A03ED04FA40
:108FB00003ED033A43ED02FA03ED013A1FED1AFA0D
:108FC00083ED042A83ED06BAC3ED08BA5FED1DFAFE
:108FD0001FED182A1FED1ABA5FED1FBA83ED00FAD4
:108FE00083ED013AC3ED02FA83ED033A83ED053ACE
:108FF00083ED073A83ED093A83ED0A2A83ED0B3AB4
:1090000083ED0CBA83ED0D3AC3ED0EBAF0EE6CBAF7
:1090100083ED0F3A443383ED003A1FED283A1FEDFC
:10902000272A83ED033A1FED2C3A1FED28BA83ED72
:10903000053A1FED2D3A03ED012AB0EE402A83EDEB
:1090400001BAB0EE4CBA83ED073AB0EE413A83ED87
:10905000024A83ED044A83ED064A83ED084A83ED14
:1090600009CAB0EE4DCA83ED0A4AC3ED0BCAF0EE51
:109070006DCA83ED0C4A83ED0DDAB0EE6FDA83ED45
:109080000E4A3C33C3ED040AC3ED00DA83ED014A16
:1090900083ED021AB0EE481A83ED034A83ED054AC8
:1090A00083ED060AB0EE680A83ED074A83ED088A6D
:1090B00083ED094AC3ED0A8A83ED0B4A83ED0D4A1D
:1090C00083ED0F4A1FED504A1C6383ED0E4A403377
:1090D0001FED5D8AB0EE494A83ED009AB0EE6A9AC0
:1090E000C3ED014AC3ED029AF0EE4E9AC3ED034A76
:1090F00083ED04AAB0EE6EAAC3ED054AC3ED06AA3D
:10910000F0EE4FAAC3ED074A83ED08EAC3ED094A22
:10911000C3ED0AEAC3ED0B4A83ED0CFAC3ED0D4A29
:10912000C3ED0EFAC3ED0F4A40335FED72DA83ED03
:109130000A8A1FED73EA5FED73EA1FED72FA5FEDC5
:1091400074FA1FED708A5FED6F8AC3ED014AC3EDBB
:10915000034AC3ED054AC3ED074AC3ED094AC3ED0F
:109160000B4AC3ED00DA83ED02EAC3ED04EA83EDB6
:1091700006FAC3ED08FA83ED0C8AC3ED0D4AC3ED80
:109180000E8A83ED0F5A40335FED854A1FED858AC5
:10919000C3ED024A5FED864A83ED0E3AC3ED044A01
:1091A00083ED008A83ED015A83ED035A83ED055A5E
:1091B00083ED075A83ED095A83ED0B5A83ED0D5A5F
:1091C00083ED0F5A83ED06BAC3ED08BA83ED0ACAE0
:1091D000C3ED0CCA40335FED958A83ED015A83EDF0
:1091E000035A83ED055A83ED075A83ED095A83ED3F
:1091F0000B5A1FED9B5AC3ED000A83ED0A5A83ED0B
:10920000022A83ED041A83ED060A83ED0C4A1C62E0
:10921000C3ED0D5AC3ED288A5FEDA48ADFF820B4B0
:10922000C3ED2A8AB033DFEDF88A83ED008A9FED23
:10923000F78A43ED1D5A43ED1B5A43ED195A43ED8E
:10924000189A43ED175A43ED155A43ED135A43ED5F
:10925000115A03ED1E8A43ED1C8A03ED1A9A03EDA1
:1092600016AA43ED14AA03ED12DA43ED10DA3C3BE3
:10927000DFEDE79AC3ED005AC3ED025AC3ED045A7D
:10928000C3ED065AC3ED085AC3ED0A5AC3ED0C5A92
:10929000DFEDE05AC3ED099A83ED0E7A83ED107A83
:1092A00083ED01EAC3ED03EA83ED05FAC3ED07FAA6
:1092B000C3ED115AC1ED004A81ED0A3AC1ED0C0A25
:1092C00081ED0E2A81ED101A81ED120A81ED165AF8
:1092D00081ED184A83ED127A0C65CF4B81ED017A4E
:1092E00081ED02BA81ED037AC1ED04BA81ED057A10
:1092F00081ED06CA81ED077AC1ED08CA81ED097AD0
:1093000081ED0B7A81ED0D7A81ED0F7A81ED117A85
:1093100081ED137A81ED157A81ED177A81ED196A65
:1093200081ED1A8A81ED1B6AC1ED1C8A81ED1D6AEF
:1093300081ED1E9A81ED1F6AC1ED329ADFEDB79A79
:10934000C1ED344AC1ED353AC1ED373AC1ED393A94
:10935000C1ED3B3AC1ED3D3A81ED3E3AC1ED3F3AB8
:10936000AF4AB04E81ED2AEAC1ED2CEAA6F57D5751
:1093700081ED2EFAC1ED30FA81ED36BAC1ED38BA81
:1093800081ED3ACAC1ED3CCAC1ED209A81ED216A56
:1093900081ED22AA81ED236AC1ED24AA81ED256A1F
:1093A00081ED26DA81ED276AC1ED28DA81ED296A9F
:1093B00081ED2B6A81ED2D6A81ED2F6A81ED316A95
:1093C00081ED336AC1ED400A81ED5E3AC1ED600A7C
:1093D000C1ED413A81ED422AC1ED433A81ED441A93
:1093E000C1ED453A81ED460AC1ED473AC1ED493A32
:1093F000C1ED4B3A81ED4A5A81ED4C4AC1ED4D1A0F
:10940000C1ED4F1AC1ED511AC1ED531AC1ED551AF4
:10941000C1ED571AC1ED591AC1ED5B1AC1ED5D1AC4
:10942000C1F82041C1ED549A81ED56AAC1ED58AA68
:1094300081ED5ADAC1ED5CDA81ED4E8AC1ED508AD8
:1094400081ED529AC1ED5F7AC1ED617ACBF80830B7
:10945000052381ED622A81ED641A81ED660A81EDB2
:109460006A5A81ED6C4AC1ED752AC1F8A041C1F874
:10947000D041002481ED6E8AC1ED708A81ED729A2F
:10948000C1ED637AC1ED657AC1ED677AC1ED697AA4
:10949000C1ED6B7AC1ED6D6AC1ED6F6AC1ED716AA4
:1094A000C1ED736ACBF80C30CBF814908BF81C909C
:1094B0005D4DCBE900260EF093FF5C4B8BF8EC90F2
:1094C0000226CBF82030CBF81000CBF8F890CBF880
:1094D000FC40CBF80041CBF80441CBF80841CBE984
:1094E0003C99F9F75BFFCBF8F000F9F757FFCBF8A1
:1094F000F400F9F753FFCBF8F800A7F580704C4B58
:109500004C4ACBF88001CBF84001A7F1DC004A4976
:10951000A0F1180CCBF80030484BCBF844C1A0F1B7
:109520000C0CCBF81021CBF848C105F1280CCBF876
:109530001821CBF894C1CBF81C21CBF80C11CBF837
:109540002811CBF83C51CBF81431CBF82031CBF8B3
:109550002C31CBF88401CBF82441CBF83091CBF8F7
:109560005841CBF85C41CBF86041CBF86441CBF873
:109570006841CBF86C41CBF87041CBF87441CBF823
:1095800078418BF87C918BF89091CBE94D86CBF8A4
:10959000B041CBF8E031CBF8EC31CBF8F83100F149
:1095A000A803CBF8FC01CBF8983100F1B403CBF859
:1095B000D8113846CBF89C310C33CBF8F4117EA986
:1095C000CBF8A03148F28003CBF8DC21ADF8F831BC
:1095D0008023CBF8E421CBF8E8218DF8FA31CBF8E1
:1095E000B441CBF8B841CBF8BC41CBF8C041CBF883
:1095F000C441CBF8C841CBF8CC41CBF8D0418BF873
:10960000D4918BF808921DE02D4385422D438F4263
:1096100065193A41431C854148C70020598662427A
:109620007021002004870020502A0020CDCC4C3D22
:10963000C02000200000FAC40000FA440000964454
:10964000B8450020CBF8F0410BF042FF07F10C00C9
:109650000BF0D6FEA7F1D001E74A4FF07C53CBF8D0
:109660007812A7F17801CBF89C224FF07A52CBF810
:109670007C12E249CBF8C8224FF07F52CBF890120F
:10968000DF49CBF8DC32CBF89412DE49CBF8EC3270
:10969000CBF89812DC49CBF8CC22CBF8A012DB49EE
:1096A000DB4ACBF8A4120A218BF884828BF8BE1215
:1096B00005F14C01CBF88072CBF8C012D549CBF83C
:1096C0008842CBF8D012D449CBF88C42CBF8E012C8
:1096D000D249ABF8A892CBF8F0124FF08041CBF80A
:1096E000AC42CBF8B042CBF8B442CBF8B842ABF8BE
:1096F000BC928BF8C4628BF8D462CBF8D8428BF85A
:10970000E462CBF8E8428BF8F462CBF8FC324BF21F
:109710005303CBF80423ABF808334FF07E53CBF858
:109720002C13BBF8071397F8FD00ABF81313BC49D3
:10973000ABF81023CBF8001305F16801B94ACBF858
:109740000C1307F1F801CBF84433CBF818134EF69D
:10975000A041CBF848338BF8121305F17C01CBF80C
:109760004C33CBF83C13B049CBF86433CBF85013EF
:10977000AE49CBF86833CBF85413AD4987F80901EB
:1097800007F5F470CBF85813AA49ABF83493CBF82B
:109790005C1305F18801CBF8F842CBF81C43CBF8F9
:1097A0002043CBF82443CBF82843CBF83043CBF805
:1097B0003843CBF86043CBF86C43CBF87433CBF829
:1097C0007C33CBF89433CBF89C33CBF8A833CBF86D
:1097D000AC33CBF8C833CBF8CC33CBF8D833CBF899
:1097E000E033CBF87023CBF88023CBF88823CBF879
:1097F0008C23CBF8A023CBF8B423CBF8B823CBF839
:10980000C023CBF8D423CBF8E423CBF8EC23CBF85C
:109810007843CBF88443CBF89043CBF89843CBF80C
:10982000A443CBF8B043CBF8BC43CBF8C443CBF84C
:10983000D043CBF8DC43CBF8E843CBF8F0234FF42C
:1098400080720DF063FE05F188014FF4807207F518
:109850003A700DF05BFE4FF4C87507F58073CBF8D6
:1098600040330DF033FE04460DF030FE5BFA80F01D
:109870005BFA84F3013D90F8F41493F8F42483F830
:10988000F41480F8F424ECD16B496C4801F50075B0
:109890006B4CA0EB0B0043185BFA83F393F8F424B2
:1098A000A4FB026301F8012F8D424FEAD30303EBBF
:1098B0004303A2EB830281F80022ECD1614E4FF00A
:1098C0000008614A4FF6007A604B1220F26406F2FB
:1098D0000C675F4A336132655E4A5F4BCBF8F8290B
:1098E000022273615D4B9FED5E8A8BF8FC295D4A15
:1098F000DFF888915C4DCBF8203A0623F26086EDC4
:10990000008A86ED0F8A86ED108A86ED118A86ED33
:10991000128A8BF82C3ACBF8145ACBF8185AABF8B9
:109920001CAACBF80C9ACBF8109A0EF059FD0446FD
:10993000CBF8240AC0F80C80A0F81080DFED4B9A19
:109940009FED4B9ADFED4B8AC0E9018812200EF0A3
:1099500047FD494BABF860AA06F1180ACBF8280A74
:1099600003F13002A446864607F6982107F69C20AC
:1099700007F6A424CBF84C3A06F56A63CDF810A09C
:109980000592B0EE000A0191029006940393049CA4
:10999000CBF8585ACBF85C5A41F69425CBF8509A3C
:1099A000CBF8549A5D44BAE80F00ACE80F000FCC36
:1099B000DAF800A04FF0FF04AEE80F0006F15C01FA
:1099C00006F17000ACF800A0AEF800A00BF042FC6D
:1099D0000DF5FC7C06F1B00086ED2B8A4FF6007A7F
:1099E0006146ADF8F8418DF8FA810BF071FD0DF587
:1099F000FC7C4AF2FF5343E00000A04000003D43DE
:109A00000000BA420000564300808B430000C84269
:109A10000E21A0EC33338B4014AE47403D0AF73F94
:109A200085EB9140000080BFAE67BB3E8C65583E21
:109A3000ABAAAA3EABAA2A3EAB4B00200DFAFFFF11
:109A4000ABAAAAAAAC4F0020000040406666663F61
:109A50000000E040802100206666D6405C210020A6
:109A600000000000CDCC4C3F0000FFFF0000C842CA
:109A7000CDCCCC3E00000C42E02B0020FF0000FFCC
:109A800006F1BC008DF8FA816146ADF8F8310BF0B3
:109A90001FFD0DF5FC7E4FF0FF3C06F1C80071463E
:109AA000ADF8F8C18DF8FAC10BF012FD0DF5FC7E92
:109AB00006F1D400ADF8F8A171468DF8FA810BF0EB
:109AC00007FD4FF0FF3C06F1E000ADF8F8818DF89E
:109AD000FAC10DF5FC7C61460BF0FAFC4FF0FF3C3F
:109AE00006F1EC008DF8FA81ADF8F8C10DF5FC7CBB
:109AF00061460BF0EDFC4FF0FF3C06F1F800ADF8CD
:109B0000F8418DF8FAC10DF5FC7C61460BF0E0FCE4
:109B10000DF5FC7C06F58270ADF8F88161468DF894
:109B2000FA810BF0D5FCDD4BABF8088B4FF0000C45
:109B3000CBF80C3B03F5A273CBF8049B06F5A6709B
:109B40001C46CBF83C3BBBF8073B86ED4A8AABF89A
:109B5000133B96F8153186ED4B8A86F82131D04BB0
:109B600086ED4C8AC6F8383106F5887386ED4D8A45
:109B700086ED4F8A86ED518A8BF812CBCBF8183BD5
:109B8000ABF8348BABF8109B0BF088FB06F5FF604D
:109B9000059EC7F8E841C7F8886087F84081A7F8B4
:109BA000E4810BF07BFBBF4B0199B7EE000AC7F8CD
:109BB000C43CC7F8C83CBC4B069C7A93BB4B02988C
:109BC000C7F8943807F6A823C7F834670BF5D556BD
:109BD00083ED008A07F6AC2381ED008A07F6BC41CD
:109BE00083ED008A802380ED008A01F1140084ED6A
:109BF000008AC7F8B83CA7F8CCAC87F8EC87A7F880
:109C0000908886ED008AC7F8BC9CC7F8C09CCDED53
:109C10007B9A0BF01FFB4FF08043769376AB1A468E
:109C20007AAB19467EAB18460AF0C4FF07F54D63C0
:109C30000199C7F80C3D7E9B02980B607F9BC6ED97
:109C4000009A03609A4B23604FF48073039CA7F83B
:109C5000B93C012387F8BB3C48200EF0C1FB002330
:109C600044F8040FA54280F82C300364914B80ED3A
:109C7000009A80ED0C8A80ED0D8AC0ED0F8A80ED90
:109C8000118A8363E8D18C4C07F614788B4B07F666
:109C90001C7A8B4904F50C797A9307F618767B9336
:109CA00023464846B7EE000AE03384ED008A88ED8B
:109CB000008A41F610751A46824B8AED008A5D448F
:109CC00086ED008A0192C2E951337F4BC7F8103DFF
:109CD00007F6247383ED008A07F6287383ED008A64
:109CE00007F62C7383ED008A6E4BC2E94E134FF4D6
:109CF0007F0304F21B21A4F50474C2F84031FF2352
:109D000082F84C310BF0A6FA4FF080437AA97EA876
:109D1000769376AB1A460AF04DFF7E9B019AC8F8FF
:109D200000304FF000087F9B8AED008AC2F88C91CA
:109D3000336040F20113DFF8B0A1DFF8B09184ED99
:109D4000848AA2F83931482000260EF049FB594B8D
:109D500044F8040FA542C0F800A0C0F83080C0F855
:109D60003480C0F83C90C0F84480836380F82C6055
:109D70000664E8D1019D0423544CB7EE000AC5F8EF
:109D8000C0334FF08049C5F87834A4F11401504B2A
:109D90002046C5F894834FF07E5AC5F83035C5F893
:109DA0003435404BC5F89883C5F83835C5F83C358F
:109DB0003D4BC5F89C837A93464BC5F8A0837B93B3
:109DC000454BC5F8A483C5F89031444BC5F8A8832A
:109DD000C5F8AC338023C5F8B88385F8BC3305F2E9
:109DE000644385F87464C3F8008005F58D63C3F897
:109DF000008005F26C43C3F8008005F58E63C3F85C
:109E0000008005F21C53C3F8008005F5A463C3F875
:109E1000008005F22453C3F8008005F5A563C3F85C
:109E200000804FF48073A5F82C354FF47F43A5F8DC
:109E300040350BF00FFA76AA7AA97EA8CDF8D89112
:109E40000AF0B8FE7E9B2946254A04F14800C5F871
:109E500094337F9BC5F89C83C5F898330123C5F8DC
:109E6000A083C1F8903501F29C53C5F88045C3F832
:109E7000008001F5B463C4F87C80C3F8008001F26F
:109E8000A453184DC3F8008001F5B563C3F80080F2
:109E900001F2AC53C3F800802EE000BFB82A0020C6
:109EA0000000AF430000FFFF0000484308210020EE
:109EB0000000484200007041D864002000002043A8
:109EC000800000FF00FFFF00F4200020FC6A00205B
:109ED000FF0000FF0000C842E020002000002042F8
:109EE000FFFF7F7F242C0020CDCCCC3E00000C4215
:109EF0009A99A94000C0284501F5B663C3F80080CF
:109F000001F2B453C3F8008001F5B763C3F80080D1
:109F100001F2BC53C3F8008001F2C453C3F80080BF
:109F200001F5B963C3F8008001F2CC53C3F8008097
:109F300001F5BA63C3F8008001F2D453C3F800807E
:109F400001F5BB63C3F8008001F2DC53C3F8008065
:109F500001F5BC63C3F8008001F2E453C3F800804C
:109F600001F5BD63C3F8008001F2EC53C3F8008033
:109F700001F5BE63C3F800A001F2F4531A6001F5C5
:109F8000BF634FF400021A604FF48033C1F8FC3510
:109F900001F20463C1F88C550C35C3F8008001F55B
:109FA000C163C4F8BC80C3F800800191E9F718FFD1
:109FB000DBF888327AA876AACDF8F8A17A93014620
:109FC000DBF88C3204F1C800CDF8FC817B93DBF820
:109FD0009032CDF800827693DBF89432CDF804828B
:109FE00077937EAB0BF028FADBF898327AA876AA42
:109FF0007A93DBF89C32014604F58A70CDF8F8A11B
:10A000007B93DBF8A032CDF8FC817693DBF8A432A9
:10A01000CDF8008277937EABCDF804820BF00CFA7A
:10A020007AA87EAB76AACDF8F8A1014604F5B07007
:10A03000CDF8E881CDF8EC81CDF8D881CDF8DC8180
:10A04000CDF8FC81CDF80082CDF804820BF0F4F954
:10A05000019AF8EE007A5FED5A6A022302F2F46187
:10A060001FED5C6ADFF850A4B6EE007AC1ED007A0D
:10A0700002F5DF61DFF844E443F60C00C1F800901C
:10A0800002F2FC61DFF838C45844C1ED006A02F204
:10A09000047182F8F036C1ED007A02F5E161DFED7E
:10A0A000DE7AC1F8009002F20C7182F800370823C2
:10A0B000C1ED007A0F21DFEDD97A82F8101702F294
:10A0C0001471C1ED007A02F5E361DFEDD57AC1EDDF
:10A0D000007A02F21C71DFEDD37AC1ED007A02F54D
:10A0E000E461DFEDD17A81ED006A02F22471C1ED05
:10A0F000007A02F5E56181ED006A02F22C71C1F887
:10A1000000A002F5E661C1F800A002F23471C1F8C6
:10A1100000E002F5E761C1F800E002F23C71DFF80F
:10A12000A4E3C1F800E0C149C4F8FC1102F2447193
:10A13000C1F800C002F5E961C1F800C004F5E8719A
:10A14000C2F84C1704F5EC71C2F8501704F5F07121
:10A15000C2F8541704F5F471C2F8581704F5F871F1
:10A16000C2F85C1704F5FC71C2F8601704F50071C1
:10A17000C2F8641702F5ED61C1F8008002F26C715B
:10A18000C1F8008002F5EE6182F8A037A4F83C3BEC
:10A1900002F27473C4F8405B04F50F75C3F80080D5
:10A1A00002F5EF63C1F8008004F6BC21C3F800801B
:10A1B00002F27C73C2F89C57C3F8008004F509735F
:10A1C00082F8D86DC2F8843704F50A73C1F8688044
:10A1D000C2F8883704F50B73C1F86C80C2F88C376D
:10A1E00004F50C73C1F87080C2F8903704F50D7354
:10A1F000C1F87480C2F8943704F50E73C5F8008076
:10A200000D46C2F89837114602F2A47204F648339C
:10A21000C2F8009001F5F56282ED007A01F6AC52C9
:10A2200083491160834A84496A66844AAA67002286
:10A230001960203343F81C1C43F8182C43F8142CE5
:10A2400043F8102C43F80C2C43F8082C43F8046C0A
:10A250008342EDD143F6DC22794B7A4C00205A44FC
:10A2600079491C600C3343F8080C43F8041C9342F2
:10A27000F7D10321754B764C3C2283F888100023DC
:10A28000A4F17400A4F84030012384F842300DF0AA
:10A290003FF843F614026F49A4F66C735A4443F82E
:10A2A000201B9A42FBD143F624026B4B6B495A4464
:10A2B00043F8201B9342FBD1694A4FF0000A9FEDFF
:10A2C000698AF7EE000A624B111D02F17C0502F16A
:10A2D0002C0983ED128A03F14C005A6403F17408CF
:10A2E00003F19C0C0E46CC33039002F1540E0495FE
:10A2F0000293F0EE608A5C4CB0EE480ADFED5B7AC8
:10A30000B0EE00BA9FED5A9ADFED5A9A9FED5ACA05
:10A31000DFED5ABA9FED5AAADFED5AAA0FCE3546A5
:10A32000039E0FC603962E460FCE3546039E0FC6DC
:10A33000D5E90001C6E90001B9E80F00A8E80F005F
:10A34000B9E80F00A8E80F00A4F580434E49C3F810
:10A35000C4101E464D49C3F8C81099E803004FF0D9
:10A36000020988E80300BEE80F00ACE80F00BEE871
:10A370000F00ACE80F009EE80300049DC6F818A18A
:10A3800086F820A18CE803000FCD0395029D0FC530
:10A390003F490295C6F8FC103E49039DC6F80011DE
:10A3A0003D49C6F804114FF0C801A6F82C113B49ED
:10A3B000C6F8F4103A49C6F8F8103A49C6F8081138
:10A3C0003949C6F80C113949C6F810113849C6F890
:10A3D00014110FCD0395029DC6ED507A86ED4F9A6C
:10A3E000A6F830A186ED4D8A86ED4E8A8BEDA49AB3
:10A3F000CBEDA59A8BEDA28A8BEDA38A0FC5039BAB
:10A40000029593E80300C5E9000141F2167129485D
:10A41000ABF8BC1258E000BF6666D6400000AF4300
:10A42000000048450000FA430080894400001645BA
:10A43000CDCCCC3D0000C8436F12833A3233343563
:10A44000C47D0020CDCC4C3D0AD7233CB8750020FC
:10A45000B8850020000080BF5C7600203333B3BE97
:10A460005C2C002000000000B8C500200000C042A5
:10A47000000040430000D24200005C4300009042D4
:10A48000F304353F0000FAC31034002018340020D4
:10A4900030340020383400204034002020340020A4
:10A4A00028340020483400204C340020543400204C
:10A4B0005C340020D04700200080544400007A44DF
:10A4C00000001644000061444FF00E0100F57D6568
:10A4D0008BF8BE12FDF76CFAA4F5A0412823E048E2
:10A4E00005F541580E4691F878206831CBF8805236
:10A4F000E8F740FC06F16C0196F87920F0EE680A66
:10A5000001F11800B0EE480A2823E8F733FC06F101
:10A51000700196F87A20F0EE680A01F11400B0EEAE
:10A52000480A2823E8F726FC06F17401F0EE680AD1
:10A5300096F87B20B0EE480A282301F1100005F5BB
:10A540003E56E8F717FC05F6B805FDF75BFA7EA95D
:10A55000C4488DED7E9ACDED7F9AF8F7E7FE7EA98F
:10A56000C0488DED7E8A8DED7F8AF8F7B7FE0199A0
:10A570004FF009008BEDAB9A81F80C064FF001000B
:10A58000CBEDAC9A8BF81C0076A88DED76BA02461E
:10A590007AA88DED7ACA01467EA8CDED7BBA0AF085
:10A5A00009FB7E9907F698237F9A76A8196007F62B
:10A5B0009C2307F6A42785ED008A1A6002467AA834
:10A5C00087ED008A8DED76BA01467EA88DED7ACAB8
:10A5D000CDED7BBA0AF0EEFAA4F58043019908208C
:10A5E000A14F1D4683ED4F9AC3ED509A83ED4D8ADE
:10A5F00083ED4E8A7E9B81EDE78AC1F894337F9B81
:10A6000081EDE88AC1F89833984BCBF800300DF013
:10A61000E7FE04F5907385F85091C5F84C0103608E
:10A6200004F5AC73C5ED558A43604FF481737EA881
:10A6300085ED568AA5F8643185ED578A85ED588AEF
:10A640008DED7EAACDED768A8DED778A8DED788AB7
:10A650008DED798A8DED7F8A8DED808A8DED818AF1
:10A66000F8F720FEC8EE807A7AAB76A97EA81A4663
:10A6700028EE677A67EE8A7A8DED7B7A8DED7C7AAB
:10A680008DED7D7ACDED7A7AF8F7D8FD9DED76AA3D
:10A690007EA8DDED779A9DED789A9DED79BA8DEDE6
:10A6A0007EAACDED7F9A8DED809A8DED81BAF8F777
:10A6B000F9FDC8EE807A7AAB05F5AA7172A81A4640
:10A6C00027EE8AAA67EEA99A27EE899A67EE8B7A17
:10A6D0008DED7AAACDED7B9A8DED7C9ACDED7D7ACC
:10A6E000F8F7ACFD7AA9304676AB8DED7E8A0A4646
:10A6F0007EA98DED7F8A8DED808A8DED7A8A8DED34
:10A700007B8ACDED7CAACDED768ACDED778ACDED35
:10A71000788A0AF01BFE7AA976AB05F5E470CDEDD8
:10A720007CAA0A4652498DED7E8A809151498DED71
:10A730007F8A7A915049CDED768A7B917EA9CDEDC5
:10A74000778ACDED788A0AF001FE40460AF09CFC3B
:10A750004A480AF099FCD5F854313046C4F82461CF
:10A760007E93143ED5F858317EA9C4F840814FF04D
:10A7700020087F93D5F85C31C4F820718093D5F818
:10A780006031C4F82861C4ED4B8A84ED4C8A84EDB5
:10A790004D8A84ED4E8A84F83CA184ED518A84ED83
:10A7A000528A84ED538A84ED548AA4F854A181938B
:10A7B000F8F7E4FD314B7EA9C4F85871C4F878313C
:10A7C0002F4BC4F860611846C4F85C31D5F8543199
:10A7D00084F83CA17E93D5F85831C4ED598A7F9313
:10A7E000D5F85C3184ED5A8A8093D5F8603184EDD8
:10A7F0005B8A84ED5C8A84F874A184ED5F8A84EDC1
:10A80000608A84ED618A84ED628AA4F88CA18193C8
:10A81000F8F7B4FD05F5A6731A4E4FF4AD701A495A
:10A82000C4F89C314FF03203C4F8A8010925A4F8FC
:10A83000A231022384F874A1C6F81C32134BA4F889
:10A84000A4A1188003F10C0283F808904FF01E09B0
:10A8500003C982E803000E4A4FF422701AE000BFD9
:10A860003C760020C46B0020082D00209C21002095
:10A8700000001CC314AEBF4352F85E435CA7002027
:10A8800080870020B8E50020CC380020F46101204A
:10A89000404B4C00BC49C4F8942107F12402C4F891
:10A8A0009021BA4A116004F5D6725A604FF008023E
:10A8B000B74B1A700DF094FDB6490446B64B0160D3
:10A8C000B64943608160B6490361C160B549C3615F
:10A8D0004161B54983628161B44943630162B4490E
:10A8E00003644162B349C364C162B34983650163D0
:10A8F000B24943668163B2490367C163B149C36723
:10A900004164B149B14A8164B1490165B1494165C8
:10A91000B149C165B1490166B1498166B149C166B4
:10A92000B1494167B1498167B149C0F88010B14967
:10A93000C0F8EC20C0F88410AF49C0F88830C0F8E7
:10A940008C10AE49C0F89430C0F89010AC49C0F8F3
:10A95000A030C0F89810AB49C0F8AC30C0F89C10DB
:10A96000A949C0F8B830C0F8A410A849C0F8C4304C
:10A97000C0F8A810A649C0F8D030C0F8B010A5495A
:10A98000C0F8DC30C0F8B410A349C0F8E830C0F813
:10A99000BC10A249C0F8F430C0F8C010A049C0F8FB
:10A9A0000031C0F8C8109F49C0F8CC109E49C0F8CB
:10A9B000D4109E49C0F8D8109D49C0F8E0109D49B8
:10A9C000C0F8E4109C49C0F8F0109C49C0F8F81099
:10A9D0009B49C0F8FC109B49C0F804119A49C0F883
:10A9E0000C31C0F808119949C0F81831C0F810119D
:10A9F0009749C0F82431C0F814119649C0F8303195
:10AA0000C0F81C119449C0F83C31C0F8201193499A
:10AA1000C0F84831C0F828119149C0F85431C0F845
:10AA20002C119049C0F86031C0F834118E49C0F83B
:10AA30006C31C0F838118D49C0F87831C0F8401138
:10AA40008B49C0F88431C0F844118A49C0F84C11D0
:10AA50008949C0F850118949C0F858118849C0F88F
:10AA60005C118849C0F864118749C0F868118749AA
:10AA7000C0F870118649C0F874118649C0F87C117D
:10AA80008549C0F880118549C0F888118449C0F80B
:10AA90009031C0F88C118349C0F89C31C0F89411F2
:10AAA0008149C0F8A831C0F898118049C0F8B43184
:10AAB000C0F8A0117E49C0F8C031C0F8A4117D498A
:10AAC000C0F8CC31C0F8AC117B49C0F8D831C0F81F
:10AAD000B0117A49C0F8E431C0F8B8117849C0F82B
:10AAE000F031C0F8BC117749C0F8FC31C0F8C4118E
:10AAF0007549C0F80832C0F8C8117449C0F8D011BF
:10AB00007349C0F8D4117349C0F8DC117249C0F818
:10AB1000E0117249C0F8E8117149C0F8EC117149AF
:10AB2000C0F8F4117049C0F8F8117049C0F800126B
:10AB30006F49C0F80412C0F80C22C0F81432C0F8F3
:10AB40002032C0F82C32C0F83832C0F84432C0F895
:10AB50005032C0F85C32C0F86832C0F87432C0F8C5
:10AB60008032644BC6F82402C0F81032624BC0F841
:10AB70001832624BC0F81C32614BC0F82432614B72
:10AB8000C0F82832C0E000BF805820206C46012069
:10AB9000F845012099D88CC60020CBC5E47A0AC5B7
:10ABA00096BD6DC682CB86C5E6C485C693BAA3C4DE
:10ABB000A68668C64F1346C578BC24C66E7CC7C43B
:10ABC000E23926C6755122C51DF4B8C53B7106C6CB
:10ABD000E9B07EC5D05CC6C5D9299AC535BF8DC53B
:10ABE0002530E0C572DF82C531FDAFC53D1949C5CD
:10ABF0000C5EB1C5A56C12C58DADE1C5A974CBC401
:10AC0000072F97C52F7C09C5DDD580C50DC91DC689
:10AC100040CCFBC553B901C6C15EC5C5E4C9FAC580
:10AC2000D44D0AC67D19EDC5374FCEC58F38DBC56B
:10AC300044C2D5C57EAA99C533BCE4C540D10FC670
:10AC40008762BBC5621618C688F556C5C22A0AC6F1
:10AC5000BFCE84C576E90AC6B40F9DC561E91CC69E
:10AC6000D19543C53AF027C6389839C6D50E3FC6A8
:10AC7000170644C6749317C620081EC6ADB528C66D
:10AC80000DE92FC60BDB5CC6210FF3C57C5A38C615
:10AC9000102314C6264D70C68771BAC5C54544C673
:10ACA000AA1EEAC5908A82C6C795A5C5F9BB6EC61D
:10ACB00024243CC5CF6258C6BCFB49C623A631C676
:10ACC00060F14FC6A70942C6A1153BC6184E64C61F
:10ACD000AF8842C615F870C62FD118C680C187C686
:10ACE0006AFAFEC5BDE485C6A6A09AC6A578B6C513
:10ACF0005C0A95C64DEC93C6FDD6C9C57BF190C6DE
:10AD0000B606F8C54F4287C6DA4BC0F83032DA4B88
:10AD1000C0F83432D94BC0F83C32D94BC0F840327D
:10AD2000D84BC0F84832D84BC0F84C32D74BC0F89B
:10AD30005432D74BC0F85832D64BC0F86032D64B9D
:10AD4000C0F86432D54BC0F86C32D54BC0F87032C5
:10AD5000D44BC0F87832D44BC0F87C32D34BC0F817
:10AD600084324FF4E4700DF03BFB022207F13C0308
:10AD70000A2102600B2742610122029306F50C733F
:10AD80000261032602624FF02B0CC2624FF0260EC6
:10AD9000C66086610C264166C16681670767C0E9A7
:10ADA000012A0822C0E9125204250922C561456220
:10ADB000056305254265856285634564062502664F
:10ADC00008224563C563C565072582660564056578
:10ADD00085651C2542674AF6B032C0E91F670E2719
:10ADE000C0F8F050C0F884100F21C0F890701E27F2
:10ADF000C0F894105A44C0F89C101021C0F88C6020
:10AE00002826C0F89810C0F8A4101321C0E93855BE
:10AE10001D25C0F8AC10C0F8B4101421C0F8E850DB
:10AE20001D25C0F8B010C0F8BC101821C0E93D7550
:10AE30001F25C0F8C010C0F8D41016212727C0E97C
:10AE40003F954FF00D091E25C0F888904FF011096D
:10AE5000C0F8A0904FF01209C0F8A8904FF0150963
:10AE6000C0F8B8904FF01709C0F8C4904FF0190916
:10AE7000C0E93211C0F8D0901A214FF01B09C0F878
:10AE8000D810C0F8EC102D21C0F8DC904FF01D094F
:10AE9000C0F87811C0F80C81C0F81481C0F8208186
:10AEA000C0F82C81C0F85871C0F850E1C0F85CE1DE
:10AEB000C0F85461C0F86461C0F86CC1C0E9419544
:10AEC0001F25C0F81051C0F81C512125C0E95FC1F1
:10AED000C0F818512321C0F828512225C0F830119C
:10AEE0002421C0F82451C0F840112921C0E94D5E49
:10AEF0002525C0F860112A21C0F83C51C0F84C51FA
:10AF00002C25C0F86851C0F874512E25C0E951E7CE
:10AF1000C0F88451C0F870110299C0F894C143F888
:10AF2000041C302143F8080CC0F89811C0F8AC118B
:10AF30003221C0E968113321C0F8A811C0F8B81156
:10AF40003221C0F8B011C0F8BC113421C0F8B411DE
:10AF5000C0F8C4112F21C0F890113121C0F89C1104
:10AF60003521C0F8C0111946C0E962C581ED068AD5
:10AF7000403101ED098A01ED088A01ED078A01EDF2
:10AF8000068A01ED058A01ED048A01ED038A01EDCF
:10AF9000028A01F804AC9142E8D14549064681F89D
:10AFA000C0ABC1F8B04BC1F8B40B014635684033B3
:10AFB0000C3605EB450504EB850543F8405C56F877
:10AFC000085C05EB450504EB850543F83C5C56F849
:10AFD000045C05EB450504EB850543F8385C9342BA
:10AFE000E4D1344A4BF24855334B00275D440026E8
:10AFF00042F8043C13469F61403343F8247C43F8F5
:10B00000207C43F81C7C43F8187C43F8147C43F8FC
:10B01000107C43F80C7C43F8087C03F8046CAB42CA
:10B02000E9D1264B4BF2D0764FF0000C5E441F4620
:10B03000C7F800C00C3747F808CC47F804CCBE422C
:10B04000F6D1DFF87C90C9F8D007002089F8DC073A
:10B0500020680C330C3443F80C0C54F8080C43F8FB
:10B06000080C54F8040C43F8040C9E42F0D14BF247
:10B07000485027E0967B00C6BA6A82C6FDA20EC67B
:10B080009D7341C6EF2512C644EF2AC649120BC66E
:10B09000F758DAC5AD8D22C6ECC7E0C5481030C6FA
:10B0A00010A534C5A1FA4DC6ACF350C5CEA43BC61D
:10B0B000B8E5002080F100206C2D002000FB00206E
:10B0C000B8F500200B6840320C3103EB430300EB72
:10B0D00083035B4442F8403C51F8083C03EB4303D4
:10B0E00000EB83035B4442F83C3C51F8043C03EB27
:10B0F000430300EB83035B4442F8383C9542E1D1C3
:10B1000048F2800280237EA9F248ADF8F82101269A
:10B110008DF8FA310AF0DCF9EE4B062703254FF0E3
:10B12000000A03F10C001C460AF06AF94FF0010214
:10B13000C9F854480C2089F858284FF00808E64A06
:10B140009FEDE68AC9F84C28A4F61C420F24DFEDD7
:10B15000E49AC9F850280DF043F931233222C9F896
:10B160005C08DFEDE08A9FEDE09A9FEDE0BADFED4D
:10B17000E0FA9FEDE0FADFEDE0EA9FEDE0EADFEDD7
:10B18000E0DA9FEDE0DADFEDE0CA9FEDE0CADFED47
:10B19000E0BADFEDE0AA9FEDE0AAC0E90032352277
:10B1A000826018200DF01CF913211622C9F86008DE
:10B1B000C0E903121122C0E9004212220024826079
:10B1C0001722426104200DF00BF90022C9F864082F
:10B1D000026030200DF004F903220923C9F8680841
:10B1E000C0E9006205220526C0E903270A220727D5
:10B1F0000262072242610C228262042282600822DB
:10B20000C0E906230B2242620D22C26238200DF0F3
:10B21000E7F801224FF0090C4FF00B0EC9F86C084B
:10B22000C0E9004204220624C0E903520622082590
:10B23000C0E9056208220A26C0E907720A220C2723
:10B24000C0E909C20C22C0E90BE20D2242630222CE
:10B25000826038200DF0C4F8012202230421C9F8CD
:10B260007008C0E900A203224FF00A0AC0E90232C6
:10B270000522C0E904120722C0E90642092202247D
:10B28000C0E908520B220425C0E90A620D220626F5
:10B29000C0E90C72282008270DF0A2F84FF0040C2A
:10B2A00005224FF0060E0C23C9F87408C0E900C24D
:10B2B0000722C0E902E20922C0E904820B224FF012
:10B2C0000108C0E906A20D224FF0040AC0E90832C5
:10B2D00038200DF085F8002101224FF00A0C4FF0C4
:10B2E0000C0EC9F87808C0E900120322C0E9024236
:10B2F00005220A24C0E9045207220C25C0E906628F
:10B3000009220026C0E908720B220227C0E90AC2FE
:10B310000D22C0E90CE230200DF062F80322062372
:10B320000821C9F87C08C0E9008205224FF008080E
:10B33000C0E902A207224FF00A0AC0E9043209223A
:10B34000C0E906120B22C0E908420D220424C0E91C
:10B350000A52382006250DF043F801224FF0040C64
:10B360004FF0060E0C23C9F88008C0E900620322E2
:10B370000826C0E9027205220A27C0E904C2072292
:10B38000C0E906E20922C0E908820B224FF0030857
:10B39000C0E90AA20D224FF0050AC0E90C323020A4
:10B3A0000DF01EF8012103224FF00C0CC9F884089F
:10B3B000C0E900120522C0E9024207220B24C0E9BD
:10B3C000045209220125C0E906620B220426C0E9C5
:10B3D00008720D220627C0E90AC234200DF000F8D9
:10B3E0004FF0000E012207230921C9F88808C0E99F
:10B3F00000E20422C0E9028206224FF00C08C0E9F4
:10B4000004A208224FF0000AC0E906320A22C0E96D
:10B4100008120C22C0E90A420D22062402633020E1
:10B420000CF0DEFF03224FF0080C4FF00A0EC9F8B3
:10B430008C08C0E9005205220825C0E902620722F3
:10B440000A26C0E9047209220C27C0E906C20B22B1
:10B45000C0E908E20D22C0E90A8238204FF01D0839
:10B460000CF0BEFF012202230421C9F89008C0E9B4
:10B4700000A203224FF01A0AC0E902320522C0E9F5
:10B4800004120722C0E9064209222124C0E9085219
:10B490000B221F25C0E90A620D221A26C0E90C7290
:10B4A000282023270CF09CFF1A22C9F89408026078
:10B4B0001C22456182602222476202621D22C26014
:10B4C0002022C0E906241B2242601E2202611420B1
:10B4D00024E000BF98FD0020E4E700200000000009
:10B4E000C5FFCAC3CC233BC5CD9F314449C93244B3
:10B4F00039FCAD43CECBC04460B25AC4043EC14413
:10B5000069070FC4D17DE044FEB5D9447006DB4322
:10B51000E0980C45171C03C4F5DD26C40CF060FF51
:10B520001D22C9F89808C0E900A222224FF01A0A89
:10B53000C0E90254026124200CF052FF1A231B229E
:10B540001C21C9F89C080561C0E900321E22C0E92F
:10B5500002122022C0E905242222C0E90727282060
:10B560000CF03EFF1B224FF01C0CC9F8A008C0E9EC
:10B5700000621D222426C0E902C21E22C0E9042561
:10B580002022C0E906242222C0E9082720200CF04E
:10B5900027FF4FF01A0E1C22C9F8A408C0E900E2E8
:10B5A0001E22C0E9028222224FF02808C0E904547A
:10B5B000C0E9062724200CF013FF1B221C23C9F826
:10B5C000A808C0E900A21D224FF0290AC0E90232F2
:10B5D0001E22C0E904252022C0E90624222202629C
:10B5E00018200CF0FDFE2622C9F8AC088260252246
:10B5F000066042602722C0F814A0C0F81080C26024
:10B6000014200CF0EDFE4FF01A0C1D22C9F8B00802
:10B61000C0E900C22222C0E90254026140200CF0BD
:10B62000DFFE4FF01A0E1B221C232521C9F8B40897
:10B630008662C0F83CA0C0E900E21D22C0E90232E7
:10B640001E22C0E904252022C0E906242222C0E9E6
:10B6500008272622C0E90B122722C0E90D280C205A
:10B660000CF0BEFE2622C9F8B8080660C0E9012A1F
:10B6700018200CF0B5FE4FF0250C2622C9F8BC08A6
:10B680000660C0F814A0C0E901C22722C0E903285F
:10B6900054200CF0A5FE4FF0000E012203230621DA
:10B6A0004FF0080CC9F8C0080564C0E900E20522A3
:10B6B0004FF00A0EC0E9023207220C23C0E904123F
:10B6C00009221A21C0E906C20B224FF01C0CC0E966
:10B6D00008E20D22C0E90A321B228023C0E90C12C5
:10B6E0001D22C0E90EC22022C0E911242222C0E995
:10B6F000132718460CF074FE4FF0000E014680230D
:10B7000001224FF0080C18460523CE65C1E900E27E
:10B710000722C1E902320B221A23C1E904C20C221A
:10B720004FF01C0C8A611B22C1E90D321D222E2311
:10B73000C1E90FC21E224FF0100CC1E911252022D1
:10B74000C1E913242222C1E915272622C1E9182ABA
:10B750000E22CA611822CA621422C1E908C2152247
:10B760008A6219220A633422CA6730224A672C226D
:10B770008A6633228A672D22C1E91B23C9F8C418BF
:10B780000CF02EFE4FF0000E0122052308214FF091
:10B790000C0C8564C665C0E900E207224FF0100E6C
:10B7A000C0E902320B221523C0E904120E2219212E
:10B7B000C0E906C214224FF01B0CC0E908E21822AF
:10B7C0004FF01D0EC0E90A321A222C23C0E90C12D8
:10B7D0001C223321C0E90EC21E22C0E910E2202241
:10B7E000C0E913242222C0E915272622C0E9182A1D
:10B7F0002D22C0E91A322E233022C0E91C32342215
:10B80000C0E91E12C9F8C80814200CF0E9FD4FF079
:10B81000000C01224FF0050EC9F8CC08C0E900C2A7
:10B820000722C0E902E2082202610C200CF0D8FDD8
:10B8300000230122C9F8D008C0E900320322826047
:10B8400018200CF0CDFD022103224FF0040C4FF024
:10B85000090EF84BC9F8D408A3F5FC69C0E9001239
:10B860000622C0E902C20A22C0E904E21C200CF050
:10B87000B7FD0222032304214FF0090CC9F8D808B0
:10B88000C0E900230623C0E902130A23C0E904C368
:10B890000D2383611C200CF0A3FD4FF0000E01234B
:10B8A00002220421C9F8DC08C0E900E30323C0E94F
:10B8B00002230523C0E904130723836118200CF039
:10B8C0008FFD4FF0000C01234FF0020E0422C9F847
:10B8D000E008C0E900C30323C0E902E30523C0E98F
:10B8E000042318200CF07CFD032104234FF0060CE8
:10B8F0004FF00A0EC9F8E408C0E900130923C0E9B3
:10B9000002C30D23C0E904E318200CF069FD0022F6
:10B91000012302214FF0040CC9F8E808C0E9002314
:10B920000323C0E902130523C0E904C3C4200CF0BB
:10B9300057FD4FF0000E0123022204214FF0060CA8
:10B94000C0E900E303234FF0080EC0E902230523FA
:10B950000A22C0E9041307230C21C0E906C3092306
:10B960004FF00E0CC0E908E30B234FF0110EC0E9B5
:10B970000A230D231322C0E90C130F231521C0E95C
:10B980000EC312234FF0170CC0E910E314234FF03D
:10B99000190EC0E9122316231B22C0E91413182321
:10B9A0002521C0E916C31A23C0E918E31C234FF070
:10B9B000300EC0E91A231D232D22C0E91C35202397
:10B9C000C0E91E342223C0F880302E23C9F8EC08C9
:10B9D000C0E9292327233222C0E923132C23C0F8EE
:10B9E000A0303123C0E92CE33423C0E92E233523D2
:10B9F000C0F8C0302A23C0F89C302F23C0E921763C
:10BA0000C0E9258AC0F8AC3040460CF0E9FC1D23A3
:10BA10004FF0250C8460C0F824A0C9F8F008C0E9F4
:10BA200000352223C0E903362623C0E905C32723B6
:10BA3000C0E9073840460CF0D3FC4FF0010E032359
:10BA4000042206214FF0080CC9F8F408C0E900E30D
:10BA500005234FF00A0EC0E902230723C0E90413AF
:10BA60000923C0E906C30B23C0E908E358200CF002
:10BA7000B7FC1A2103461B224FF01C0C4FF0250E79
:10BA80009E622C20C3F83CA0C9F8F838C3E9001224
:10BA90001D223021C3E902C21E224FF0320CC3E93D
:10BAA00004252022C3E906242222C3E908272622EE
:10BAB000C3E90BE227224FF0340EC3E90D283122EF
:10BAC000C3E910123322C3E912C23522C3E914E2DA
:10BAD0000CF086FC0122022303214FF0050C4FF0ED
:10BAE000070EC9F8FC08C0E9002304230922C0E9B5
:10BAF00002130623C0E904C30823C0E906E30A23AE
:10BB0000C0E908230B23836288200CF069FC3023F2
:10BB10004FF0320C4FF00E0E036733231022122128
:10BB20008665C0F86CA0C0E91EC30F234FF0140C4B
:10BB3000C0E900E311234FF0160EC0E902231323DE
:10BB40001822C0E9041315231A21C0E906C31723DC
:10BB50004FF01C0CC0E908E319234FF0250EC0E993
:10BB60000A231B23C0E90C131D233421C0E90EC393
:10BB70001E23C0E910352023C0E912342223C0E976
:10BB800014372623C0E917E32723C0E919383123E6
:10BB900043673523C0E92013C9F8000938200CF0A9
:10BBA0001FFC4FF0000C01234FF0020E042206216F
:10BBB000C9F80409C0E900C303234FF0080CC0E929
:10BBC00002E305234FF00A0EC0E9042307230C22E9
:10BBD000C0E906130923C0E908C30B23C0E90AE33F
:10BBE0000D23C0E90C2340200CF0FAFB1E22034673
:10BBF00025213420DC611A245F62C3F83CA04FF099
:10BC0000060A9E62C9F808390B4FC3E904252622AB
:10BC10001C25C3E90B122722C3E90D281B224FF074
:10BC20000408C3E900421D220B24C3E9025220226A
:10BC300004E000BF98FD0020B8BF7DC3BB4D9A61F2
:10BC400022221A620CF0CCFB4FF0000C03460122BA
:10BC50004FF0020E09213046C9F80C39B44EC3E941
:10BC600000C20322C3E902E20522C3E904820822DA
:10BC7000DFF8BC83C3E906A20A22DFF8B8A3C3E950
:10BC800008120C22C3E90A420D22AA4C1A630CF0D6
:10BC9000A7FBA94BDFEDA94A0360A94B9FEDA95A69
:10BCA0008360A94BC0ED034A8361A84B80ED055A20
:10BCB0000362C9F8100980ED018A80ED048A80EDE5
:10BCC000078A4820CDED144A8DED135A0CF088FBFD
:10BCD0009F4B9FEDA04A03609F4B80ED034A83601A
:10BCE0009E4B80ED018A43619D4B80ED048A836108
:10BCF0009C4B80ED078A03629B4B80ED0A8A43626E
:10BD00009A4B80ED0D8AC362994B80ED108A0363D4
:10BD1000984BC9F814098363974B8DED124AC3639E
:10BD2000964B43640C200CF05BFB80ED008A80EDA9
:10BD3000018A80ED028AC9F8180990200CF050FBA6
:10BD40008F4BC0ED059A836143628E4BC0ED1E8A16
:10BD50000362C3628C4B80ED018A836343648B4B27
:10BD600080ED048A0365C365894B80ED078A036013
:10BD7000884B80ED0A8A8360874B80ED0D8AC36013
:10BD8000864B80ED108A0363854B80ED138AC36375
:10BD9000844B80ED168A8364834B80ED198A43655A
:10BDA000824B80ED1C8A0366814B80ED1F8A83667F
:10BDB000804BC366804B4367804BC0F88030804B1C
:10BDC00080ED228AC0F884307E4BC9F81C09C0F887
:10BDD0008C30A8200CF004FB7B4B06608360036270
:10BDE0007A4B86610365C365794BC5608364794B83
:10BDF00045624365784B47610366784BC76283664B
:10BE0000774BC0F830A0C366764BC0F83CA0836780
:10BE1000754BC0F8748080ED018A80ED048A80ED56
:10BE2000078A80ED0A8A80ED0D8A80ED0E8A80ED0A
:10BE3000108A80ED118A80ED138A80ED168A80EDDC
:10BE4000198A80ED1C8A80ED1F8A80ED209AC0F847
:10BE50008430664BC0ED268AC0F88C30644BC0F845
:10BE60009C40C0F89030634B80ED228AC0F8A4302B
:10BE700080ED258A80ED288AC9F82009A8200CF0D9
:10BE8000AFFA5D4BDFED5D8AC36043625C4B0566D4
:10BE90004361C3625B4BC566836343645A4B5B4D2E
:10BEA000836443655A4B87660365C365594BC0ED90
:10BEB0001D9A8367584B8460046205608561C0EDFC
:10BEC0000C8AC0ED0F8A80ED018A80ED048A80ED36
:10BED000078A80ED0A8A80ED0D8A80ED108A80ED58
:10BEE000138A80ED168A80ED198A80ED1C8A80ED18
:10BEF0001F8AC0F880A0C0F88430484B484FC0F873
:10BF00009030484BC0F88C70C0F89830464B80EDAC
:10BF1000228AC0F89C30454B80ED258AC0F8A430B9
:10BF200080ED288AC9F82409782085E0CA4F3EC4EC
:10BF3000CA4FBEC4CF9FB1C4C722B4C4A5DE4DC38F
:10BF4000E774E2C3B52958C4DD74E24399AE92C4E4
:10BF5000D97DE0C47006DBC3FEB5D9C4E0980CC53A
:10BF6000373A98C376C013C523E086C43D298DC4F3
:10BF7000BCFD9A43BE2BEEC4A90742C457FF8FC431
:10BF8000D2C321C5C8FF4A44D23F1843BB67774597
:10BF9000CC57D1C4CCFFCAC2D0A7C4C4CF35B3C517
:10BFA000CE35B3C5BCBF7DC5BABF7DC5C4AF57C50F
:10BFB000CD4FBE44DC7580C5C6FFCA44D0EFA44453
:10BFC000D1EF24C5CF9FB144CAA7C4C4B8BFFDC335
:10BFD000D6E711C5D8E711C5CD9FB1C4D46B1B45B9
:10BFE000D19FB1C4D0F7B7C4D53F18C5C2AF57442D
:10BFF000BABFFDC4CB7B41C5D43F1844D6E791C43A
:10C00000D98F0B45CBA744C5D0EFA4C4D3F7B7C491
:10C01000BABFFD44D3979EC4DB3705C54F1020C57A
:10C02000CCFF4A42038102C5C554F4C4E97118C566
:10C03000DA630845CD9F31C40CF0D2F9AA4BDFF882
:10C0400008A483664367A94BC0F820A00360A84BEF
:10C0500080ED018A8360A74B80ED048AC360A64B04
:10C0600080ED078A4361A54B80ED0A8A8361A44B6A
:10C0700080ED0D8A4362A34B80ED108AC362A24B10
:10C0800080ED138A0363A14B80ED168A8363A04B76
:10C0900080ED198AC3639F4B80ED1C8A43649E4BDD
:10C0A000C9F8280983649D4BDFED9D9A03659D4B7C
:10C0B00043659D4BC3659D4B03669D4BC366A8209E
:10C0C0000CF08EF99B4A9C4B82609C4A0360026292
:10C0D0009B4A836182649B4A9B4B02659B4AC36077
:10C0E00042659B4A4362C2659A4A9B4B02669B4AE1
:10C0F000436182669A4AC362C2669A4B9A4A036354
:10C10000C3634267994B9A4A836343648267994B3E
:10C11000994A80ED018A80ED048A80ED078A80EDDE
:10C120000A8A80ED0D8A80ED108A80ED138A80EDF9
:10C13000168A80ED198A80ED1C8A80ED1F8AC0F86E
:10C140008020C0F89830C0F8A4308C4B80ED228A53
:10C15000C0F884308A4B80ED258AC0F88C30894B3A
:10C1600080ED288AC0F89030874BC9F82C09C0F8B8
:10C170009C3090200CF034F98449854B016085494E
:10C18000854AC16085498361416185494362016295
:10C190008449854BC1628549826701638449C0F83F
:10C1A00008A08163834980ED018AC163824980EDE3
:10C1B000048A4164814980ED078A8164804980ED69
:10C1C0000A8A01657F4980ED0D8A41657E4980EDCF
:10C1D000108AC1657D4980ED138A01667C4980ED36
:10C1E000168A81667B4980ED198AC1667A4980ED9D
:10C1F0001C8A416780ED1F8AC0F88030C0F8842017
:10C20000C0F88C3080ED228AC9F83009A8200CF0E3
:10C21000E7F8724BDFF834A2C360714BC0ED028ABD
:10C220008361704B80ED059A03626F4BC0F800A0EC
:10C2300043626E4B80ED018AC3626D4B80ED048AD0
:10C2400003636C4B80ED078A83636B4B80ED0A8A36
:10C25000C3636A4B80ED0D8A4364694B80ED108A9D
:10C260008364684B80ED138A0365674B80ED168A03
:10C270004365664B80ED198AC365654B80ED1C8A6A
:10C280000366644B80ED1F8A8366634B9FED639A60
:10C29000C366634BDFED638A4367634B8367634B1E
:10C2A000C0F88030624BC0F89870C0F88430614BA1
:10C2B00080ED228AC0F88C305F4B80ED258AC0F873
:10C2C00090305E4B80ED288AC0F89C305C4BC9F8FA
:10C2D0003409C0F8A43090200CF082F8594B076064
:10C2E0000362C362B4E000BF44F33A4539D293C459
:10C2F00040E82DC435849CC4541462C4AE4180C54A
:10C30000546D66C54BB0D0445B7873C55C2A7C45E0
:10C31000306E82C5546D664549574CC5AF41804566
:10C320003D298D4459D177C534798F45362B18C5B1
:10C33000372B18C534208BC334208BC231208BC3DC
:10C34000D84BF1C539841C45336E82C4D599E8C5F4
:10C35000372B18451BF605C64FB050C30D6E9545DB
:10C360005E080AC6B8579AC5B26E7F4555C6EAC47C
:10C370003135F0C5C1D9EEC364B5D3442CC80BC662
:10C38000C16C0A4514FF04C61EB5F9C54FB0504331
:10C3900034200BC3B023C2423EE8AD43F0DDE0449D
:10C3A00031208B432E208B4334790F4535D293C4F3
:10C3B0003C3625456C60B4C4A28F204569EF42C469
:10C3C000CBE1944507D75EC42BE87F451B6D01C3C5
:10C3D000C3DC7B453924E8C317DC9245BE5FE4C467
:10C3E000EA958344F9CC7144B828FD43148415457B
:10C3F0001E92E3C4DC9FA443D8258DC5CF9FB1C353
:10C400007B4B9AC5F6A31E45C333E1C5CA4F3E44D4
:10C41000C519D6C5D6E711453C64A3C5A907424452
:10C42000B387664557FF8F44153496C5620E36456F
:10C43000C6EDD2C5D5131545CE61B6C55787A4C57F
:10C44000D93D3DC0C7AF57C45878F344E23785C4DF
:10C45000A94BC7608360A94B86614361A84B4662C4
:10C460000363A84B80ED018A8363A74B80ED048AA8
:10C47000C363A64B80ED078A4364A54B80ED0A8A0F
:10C480008364A44B80ED0D8A0365A34B80ED108A75
:10C490004365A24B80ED138AC365A14B80ED168ADC
:10C4A0000366A04B80ED198A83669F4B80ED1C8A42
:10C4B000C3669E4B80ED1F8A43679D4B9D4E8367ED
:10C4C0009D4B9E4FC0F880309D4B80ED228AC0F876
:10C4D00084309C4BC9F83809C0F88C309C200BF094
:10C4E0007FFF994B80ED018AC3604361974B80EDDC
:10C4F000048A0360964B80ED078A8360954B80ED3C
:10C500000A8A8361944B80ED0D8A0362934B80ED20
:10C51000108A4362924B80ED138AC362914B80ED87
:10C52000168A0363904B80ED198A83638F4B80EDED
:10C530001C8AC3638E4B80ED1F8A43648D4B8364DA
:10C540008D4B03658D4B43658D4BC3658D4B0366EA
:10C550008D4B83668D4BC3668D4B43678D4B8367D5
:10C560008D4BC0F880308D4B80ED228AC0F884302E
:10C570008B4B80ED258AC0F88C308A4BC9F83C097A
:10C58000C0F89030884BC0F8983090200BF028FF0E
:10C59000864B80ED018A836083634364844B80ED26
:10C5A000048A83614362834B80ED078A0362C3621E
:10C5B000814B80ED0A8A83644365804B80ED0D8A50
:10C5C0000365C3657E4B80ED108A03607D4B80ED73
:10C5D000138AC3607C4B80ED168A43617B4B80EDF0
:10C5E000198A03637A4B80ED1C8AC363794B80ED13
:10C5F0001F8A0366784B8366784BC366784B436724
:10C60000784B8367784BC0F88030784B80ED228A76
:10C61000C0F88430764BC9F84009C0F88C30A820A7
:10C620000BF0DEFE734BC0F80CA00363C363724BC8
:10C63000056083634364714B85614361704B846023
:10C640004362704B0462C3626F4BC0F850808364D6
:10C650006E4BC0F85C8043656D4B80ED018A0366CC
:10C660006C4B80ED048A83666B4B80ED078AC36652
:10C670006A4B80ED0A8A4367694B80ED0D8A8367B8
:10C68000684B80ED108A80ED138A80ED168A80ED6C
:10C69000198A80ED1C8A80ED1F8AC0F88030624BB9
:10C6A00080ED228AC0F88430604B80ED258AC0F886
:10C6B0008C305F4B80ED288AC0F890305D4BC9F814
:10C6C0004409C0F898305C4B5C4CC0F89C305C4B23
:10C6D0005C4DC0F8A43078200BF082FE5A4B80ED00
:10C6E000018A0360594B80ED048A8360584B80EDCA
:10C6F000078AC360AEE000BFD88F8B44DA8F8B44CB
:10C70000FEBF84C58ED7C44419A280C5CE15BE44D1
:10C7100072697CC5E3977F45E95089C52CC44E45B5
:10C72000226481C59CDC7B45069795C5D8839645D8
:10C7300041599FC5B981B7447CE03E451E1C83C466
:10C74000BCEF8CC5C8752D456423B2C3EE7294C38B
:10C750008F846DC35D34E0C403E708459F27A9C5F6
:10C76000E11E7844D45CFCC4FADE9BC4FBCF11C646
:10C7700018A06645DF4D96C5D35C7CC40FBCD5C5FB
:10C78000A3ECEB44E6901EC67FADA445B83424C6A6
:10C790002F0D9F457D7715C6A5326245066127C6D8
:10C7A0003EB011455C6F25C657F41C45F5C02945C0
:10C7B000C53666C5DF3C5F44CBB505C679E3634546
:10C7C0000708BAC3DA3802C4D9791945200DE5C57E
:10C7D000210DE5C558D90DC61249D144D5D826C674
:10C7E0005B1A2545AE4F31C6DCBA30C40DC722C630
:10C7F0000C868BC4BDB76AC5D9E711C5DB370545C3
:10C80000CA0F71C4C15FE444C371DCC5C271DCC529
:10C81000D7A996C5C08B6745D6A996C5C3075E45FF
:10C82000D77D93C5CDFF4A44C911C3C5C457D14470
:10C830000E9AADC56A2440C41A8D8FC5437CBFC211
:10C8400008887EC4709A93442D270E4436A737C5B6
:10C85000493175449F4B80ED0A8A43619E4B80EDC0
:10C860000D8A83619D4B80ED108A03629C4B80EDA5
:10C87000138A43629B4B80ED168AC3629A4B80ED0C
:10C88000198A0363994B80ED1C8A8363984BC9F81E
:10C890004809C363974BDFF8A8834364964BDFF8DE
:10C8A000A4A38364954B0365954B4365954BC36582
:10C8B000954B0366954B8366954BC366954B4367D3
:10C8C0003C200BF08DFD944B44620360934B8663D8
:10C8D0008360934B80ED018AC360924B80ED048AA4
:10C8E0004361914B80ED078A8361904B80ED0A8A0A
:10C8F00003628F4B80ED0D8AC3628E4BC9F84C09E1
:10C9000003636C200BF06CFD8B4B4564036003628A
:10C910008A4B80ED018A8360894B80ED048AC36075
:10C92000884B80ED078A4361874B80ED0A8A8361DB
:10C93000864B80ED0D8A4362854B80ED108AC36281
:10C94000844B80ED138A0363834B80ED168A8363E7
:10C95000824B80ED198AC363814BC9F85009836407
:10C96000804B0365804B4365804BC365804B0366FA
:10C97000804B836678200BF033FD7F4B80ED018A7E
:10C9800003607E4B80ED048A83607D4B80ED078AD7
:10C99000C3607C4B80ED0A8A43617B4B80ED0D8A3E
:10C9A00083617A4B80ED108A0362794B80ED138AA4
:10C9B0004362784B80ED168AC362774B80ED198A0B
:10C9C0000363764B80ED1C8A8363754BC9F8540969
:10C9D000C363744B4364744B8364744B0365744B3F
:10C9E0004365744BC365744B0366744B8366744B29
:10C9F000C366744B436760200BF0F2FC724BC0F8C7
:10CA000048800363C363714B80ED018A8363436491
:10CA10006F4B80ED048A03606E4B80ED078A836064
:10CA20006D4B80ED0A8AC3606C4B80ED0D8A4361CB
:10CA30006B4B80ED108A83616A4B80ED138A036231
:10CA4000694B80ED168A4362684BC9F85809C36286
:10CA5000674B0365674B4365674BC3656C200BF001
:10CA6000BFFC664B05660360654B80ED018A836001
:10CA7000644B80ED048AC360634B80ED078A436199
:10CA8000624B80ED0A8A8361614B80ED0D8A0362FF
:10CA9000604B80ED108A43625F4B80ED138AC36266
:10CAA0005E4B80ED168A03635D4B80ED198A8363CC
:10CAB0005C4BC9F85C09C3635B4B43645B4B8364A9
:10CAC0005B4B03655B4B43655B4BC3655B4B8366AD
:10CAD0004820B9E06F823BC3060506C4989577C528
:10CAE000E1D344453E7B56C55591CFC32A589BC5DB
:10CAF000ACC7B545E3CDA2448CD25C443A66E5C4EC
:10CB0000137B1CC57BDBDA45070573C549258845C2
:10CB10003B06C1C5F2E536455850FFC35550FF42AC
:10CB200032665FC33B71CF43229D8FC34766DF44AC
:10CB30006175494530921F4437929F4349714FC4F4
:10CB4000A8A287444766DFC43F872FC4BD9096C420
:10CB5000071DCF44BFEE0BC3B5AE16C44C665F4392
:10CB6000437CBF42229D8F435550FFC219921F4301
:10CB7000CC60E7C44A507F44FE7C04C42D3220C5FB
:10CB800087072A440A8453C59740DFC380736FC464
:10CB90009EEF38C1CA76FEC4C1502EC469935F446B
:10CBA00026048A43BCB41AC316CE4CC40911A74349
:10CBB000672478435B3123C2DFE7C2C32EE423C47A
:10CBC00064CD28C526B380C3768FA344256D554513
:10CBD000764FFFC1BF76C74462507F42437C3F43DC
:10CBE000D05577449D7D3D45BC4437C34636AE4362
:10CBF0003F872F44AEA287C4AE9717C445714F45F7
:10CC00008E9E8DC521EE0645FA0D55C5CA60E7C456
:10CC1000C36B5744BD813745C46BD7C4A3724DC5A0
:10CC2000F989AB44C36B57C4CF5577455650FFC401
:10CC300049714F443B7C3FC4ED9F8B45B0A2874474
:10CC4000437CBF43DE616EC30BF0CAFBAB4B866314
:10CC50000363C363AA4B46640360AA4B80ED018A59
:10CC60008360A94B80ED048AC360A84B80ED078ADE
:10CC70004361A74B80ED0A8A8361A64B80ED0D8A44
:10CC80000362A54B80ED108A4362A44BC9F860098A
:10CC9000C3623C200BF0A4FBA14BC5608360036220
:10CCA000A04B44620360A04B046343619F4BC0F8F8
:10CCB000388083619E4B80ED018AC36280ED048AD7
:10CCC00080ED078A80ED0A8A80ED0D8AC9F8640933
:10CCD000C0200BF085FB974B80ED018A0360964BDB
:10CCE00080ED048A8360954B80ED078AC360944B86
:10CCF00080ED0A8A4361934B80ED0D8A8361924BEC
:10CD000080ED108A0362914B80ED138A4362904B51
:10CD100080ED168AC3628F4B80ED198A03638E4BB8
:10CD200080ED1C8A83638D4B80ED1F8AC3638C4B1F
:10CD30008C4C43648C4B8D4E83648D4B8D4D0365C1
:10CD40008D4B43658D4BC3658D4B03668D4B836661
:10CD50008D4BC3668D4B43678D4B83678D4BC0F8FE
:10CD600080308D4B80ED228AC0F884308B4B80ED73
:10CD7000258AC0F88C308A4B80ED288AC0F8903024
:10CD8000884B80ED2B8AC0F89830874B80ED2E8A37
:10CD9000C0F89C30854BC9F86809C0F8A430844BB2
:10CDA000C0F8A830834BC0F8B030834BC0F8B43023
:10CDB000824BC0F8BC3024200BF012FB804B046087
:10CDC000876046618561C0F820A0C36080ED018A5C
:10CDD00080ED048A80ED078AC9F86C0948200BF0C1
:10CDE000FFFA784BC0F8208083614362764BC0F82D
:10CDF0002C800360754B80ED018A8360744B80ED5D
:10CE0000048AC360734B80ED078A4361724B80EDE7
:10CE10000A8A0363714B80ED0D8A8363704B80ED4A
:10CE2000108AC3636F4BC9F870094364FC200BF090
:10CE3000D7FA6D4B80ED018A03606C4B80ED048A5C
:10CE400083606B4B80ED078AC3606A4B80ED0A8A72
:10CE50004361694B80ED0D8A8361684B80ED108AD8
:10CE60000362674B80ED138A4362664B80ED168A3E
:10CE7000C362654B80ED198A0363644B80ED1C8AA5
:10CE80008363634B80ED1F8AC363624BDFF8C88105
:10CE90004364614B8364614B0365614B4365614B44
:10CEA000C365614B0366614B8366614BC366614B2F
:10CEB0004367614B8367614BC0F88030604B80ED06
:10CEC000228AC0F884305F4B80ED258AC0F88C3010
:10CED0005D4B80ED288AC0F890305C4B80ED2B8A4A
:10CEE000C0F898305A4B80ED2E8AC0F89C30594BD0
:10CEF00080ED318AC0F8A430B0E000BF8E58F34412
:10CF00005C507F4339921FC47C84B344A8A287C479
:10CF1000909E0D45764FFF415496194532665F430A
:10CF20002B9D8F44AE9717444171CF44B98137444C
:10CF3000BF76474400B026C41AF7AB448CD91D44D1
:10CF40006889C1C3B5F553C3467520C4E2FABA4433
:10CF5000B4F95C44061132C4B1F596C485E48F443B
:10CF600005985A448FB4BEC3C6387BC4D49F4AC404
:10CF7000231ECBC4D49FCAC45E836C44CF732D449C
:10CF8000A8B544C31B5E1DC2C5521BC533B4B7C48C
:10CF90000B0ADB4566F7B9C2222ACF45B6ECCB4473
:10CFA0005D672645BBAF104476E0094509BFE844FC
:10CFB000C2FD33C5536DFB44264670C5F73490441B
:10CFC000A361EEC3CA6067453C7CBF443F7C3FC55C
:10CFD000148E2545568B29C5C58EA4458C9E0D45BE
:10CFE000C1999445F3941B456FBD1FC47EBD1FC4FA
:10CFF000492CEBC464BC66C4307CF8C3BFFD0D444F
:10D00000F9AD00C5A6FCD4C4E91D05C5A9FC54C4EE
:10D01000734CE2C47EDCDDC4327DB14382DCDD448E
:10D020000F7CF843A8A51445F13C43447BDC5DC468
:10D03000A0DD16C4F63C43C4DD8D894484A45BC5E1
:10D04000D9FD8D43BD544EC588851DC580851D45C0
:10D0500091FE0D42C3FD8DC4DB6A90C4EB4B80EDA5
:10D06000348AC0F8A830EA4B80ED378AC0F8B03077
:10D07000E84B80ED3A8AC0F8B430E74B80ED3D8A4A
:10D08000C0F8BC30E54BC9F87409C0F8C030E44BB7
:10D09000C0F8C830E34BC0F8CC30E34BC0F8D43014
:10D0A000E24BC0F8D830E24BC0F8E030E14BC0F8BA
:10D0B000E430E14BC0F8EC30E04BC0F8F030E04B2E
:10D0C000C0F8F8304FF4C0700BF08AF9DD49DE4A41
:10D0D000DE4BDFEDDF5A9FEDDF6ADFEDDF6A9FEDAC
:10D0E000DF7ADFEDDF7ADFF8E0C301624262C3621C
:10D0F000C0ED005A80ED026AC0ED036A80ED057A4A
:10D10000C0ED067A0C910B920A9380ED018A80EDB6
:10D11000048A80ED078A80ED0A8A80ED0D8A80ED11
:10D12000108A80ED138A80ED168A80ED198A80EDD1
:10D130001C8A80ED1F8A80ED14BACDED115A8DED59
:10D14000106ACDED0F6A8DED0E7ACDED0D7AC0ED42
:10D150000CFA80ED0EFAC0ED0FEA80ED11EAC0ED99
:10D1600012DAC0F89CC0DFF864C3DFEDBE7AC0F805
:10D17000A4C0DFF85CC39FEDBC7AC0F8A8C0DFF89C
:10D1800054C3DFEDBA6AC0F8B0C0DFF84CC39FEDFE
:10D19000B86AC0F8B4C0DFF844C3DFEDB65AC0F8CF
:10D1A000BCC0DFF83CC39FEDB45AC0F8C0C0DFF884
:10D1B00034C3C0ED1B7A80ED1D7AC0ED1E6A80ED90
:10D1C000246AC0ED265A80ED365AC0ED209A80EDD3
:10D1D000219AC0ED238AC0F8E08080ED15DAC0ED19
:10D1E00017CA80ED18CAC0ED1ABA80ED228A80ED08
:10D1F000258A80ED288A80ED2B8A80ED2E8A80EDAD
:10D20000318A80ED348A80ED378A80ED3A8A80ED6C
:10D210003D8A80ED408AC0F8C8C0DFF8CCC2DFED9F
:10D22000972AC0F8CCC0DFF8C4C29FED952AC0F899
:10D23000D4C0DFF8BCC2DFED931AC0F8E4C0DFF859
:10D24000B4C29FED911AC0F8ECC0DFF8ACC2DFEDBC
:10D250008F0AC0F8F0C0DFF8A4C29FED8D3AC0F885
:10D26000F8C0DFF89CC29FED8B0AC0F8FCC0DFF865
:10D2700094C2DFED893AC0F804C1DFF88CC2C0ED7A
:10D280004E2A80ED502AC0ED541A80ED561ADFED7B
:10D29000834A9FED834AC0F81441C0F81C7180EDA9
:10D2A000483AC0F82861C0F82C51C0F834A1CDED3F
:10D2B000082A8DED072ACDED061A8DED051A80EDB1
:10D2C000438A80ED468A8DED093A80ED498A9FEDCB
:10D2D000753A80ED4C8A80ED4F8AC0ED51AA80ED01
:10D2E000528A80ED53AA80ED558AC0ED570AC0F8E6
:10D2F00008C1DFF818C280ED590AC0F810C1C0EDAE
:10D300005A4A80ED5C4A80ED5D3AC0ED5F3A80EDAF
:10D31000588A80ED5B8A80ED5E8AC9F878094FF4FF
:10D32000C070CDED040A8DED030ACDED023A0BF08D
:10D3300057F8DDED0F6A9DED0E7ADDED0D7A0A9B53
:10D340000C990B9ADDED115A9DED106AC0ED036A40
:10D3500080ED057ADFED456A9FED437AC0ED067AF0
:10D36000C362DFED407A504BC0ED1B7A80ED1D7A31
:10D37000C0ED1E6A01624262C0ED005A80ED026A91
:10D38000C0ED0CFA80ED0EFAC0ED0FEA80ED11EA67
:10D39000C0ED12DA80ED15DAC0ED17CA80ED18CABB
:10D3A000C0ED1ABA80ED018A80ED048A80ED078A0B
:10D3B00080ED0A8A80ED0D8AC0F89C303B4B9FEDD2
:10D3C0002C6AC0F8A4303A4BDFED2A5AC0F8A830D6
:10D3D000384B9FED295AC0F8B030374B80ED246AA6
:10D3E000C0F8B430354BC0ED265AC0F8BC30344BD1
:10D3F00080ED365AC0F8C030324BC0ED209A80ED37
:10D40000219AC0ED238AC0F8E08081E0BCFD8D4305
:10D410000F7C78C36AFCD4C2C01C4C441BFE8D42F6
:10D420009FFD0DC33E9C6FC4327D31C4EA1D05C40F
:10D43000D9FD8DC3A1FC54C443646DC5357D31C590
:10D44000C7FD0DC5F74C7A44298BD643208B564433
:10D450005E7662446A76624404DEA64369078F44BE
:10D46000CAB4BE42373A984376C0134523E0864497
:10D47000BCFD9AC3BE2BEE44394940C4198B56C437
:10D48000B8F21A44A0F21A446D7662C4C722B444BA
:10D49000C161EEC3C674E24399AE9244A5DE4D432A
:10D4A000B5295844DD74E2C32BDEF343E17802C5AD
:10D4B000B3B7F644012A36C503B145449AB499C4BA
:10D4C000E03C05430BE6B0C4832C73453E18214372
:10D4D00000728E4501DC13C521EC04453AA69EC4BA
:10D4E0008C167C44D8FD15C5B16151C3FAFE85C3C5
:10D4F0009FA2FCC4236AF7433C612CC5E9A72E43D5
:10D5000081B99AC545F49CC41D889BC5DBC2DE4425
:10D5100080ED108A80ED138A80ED14BA80ED168AB2
:10D5200080ED198A80ED1C8A80ED1F8A80ED228AA9
:10D5300080ED258A80ED288A80ED2B8A80ED2E8A69
:10D5400080ED318A80ED348A80ED378A80ED3A8A29
:10D5500080ED3D8A80ED408AC0F8C830BF4B9DED1C
:10D56000093AC0F8CC30BE4BDDED082AC0F8D43003
:10D57000BC4B9DED072AC0F8E430BB4BDDED061A2D
:10D58000C0F8EC30B94B9DED051AC0F8F030B84B3F
:10D59000DDED040AC0F8F830B64B9DED030AC0F883
:10D5A000FC30B54BDDED023ADFEDB44A9FEDB44AF5
:10D5B000C0F8043180ED483AB24B9FEDB33AC0ED6C
:10D5C0004E2A80ED502AC0ED541A80ED561AC0ED57
:10D5D000570A80ED590A80ED5D3AC0ED5F3AC0ED23
:10D5E0005A4A80ED5C4AC0F81C71C0F82861C0F846
:10D5F0002C51C0F834A180ED438AC0F81441C0F822
:10D600000831A24B80ED468AC0F8103180ED498A7E
:10D6100080ED4C8A80ED4F8AC0ED51AA80ED528A90
:10D6200080ED53AA80ED558A80ED588A80ED5B8AA3
:10D6300080ED5E8AC9F87C093C200AF0D1FE944B4B
:10D64000944D8360C362944B944E4361944B456008
:10D650000362944B0561C56185624662836380ED18
:10D66000008A80ED038A80ED068A80ED0C8A80EDC9
:10D670000D8AC9F8800924200AF0B2FE8A4BDFED3A
:10D680008B9A83608A4B456043618A4B05610362D4
:10D6900080ED008A80ED038A80ED068AC9F884094E
:10D6A000C0ED079A48200AF09BFE834BC661836059
:10D6B0004361824B86620362C362814BC5638363AD
:10D6C000804B80ED008A436480ED018A80ED038AFF
:10D6D00080ED048A80ED068A80ED098A80ED0C8A4F
:10D6E000C0ED0D9AC0ED109AC9F8880954200AF0CF
:10D6F00077FE754B754FC362836343640365744B58
:10D7000045628662056346630664C664836043615E
:10D710000362C763876480ED008A80ED018A80ED33
:10D72000038A80ED048A80ED068A80ED078AC9F8B5
:10D730008C09029054200AF053FE664B80ED008A5B
:10D74000836043610365644B80ED018A03628363F8
:10D75000624B80ED038AC362614B80ED048A4364AF
:10D7600080ED068A80ED078A80ED098A80ED0A8ABD
:10D7700080ED0C8A80ED0D8A80ED0F8A80ED108A95
:10D7800080ED128A80ED138AC9F890090390482031
:10D790000AF026FE534BDFED548A8360534B4560FD
:10D7A0004361534B05640362524B80ED008AC362B0
:10D7B000514B80ED038A8363504B80ED068A4364AE
:10D7C00080ED078AC0ED0A9A80ED0C8A80ED0D8A03
:10D7D00080ED0F8AC9F89409C0ED048AC0ED098A6A
:10D7E000049048200AF0FCFD454BC7638360436109
:10D7F0004364444B46600362434B0661C362434B40
:10D80000456205630664836380ED008A80ED038AC8
:10D8100080ED068AC0ED079AC0ED0A9AC0ED0D9A18
:10D82000C9F89809059048200AF0DAFD384B4560A0
:10D83000C3628363374B05618360374B8662436104
:10D84000364B46630362364B0564436480ED008AC1
:10D8500080ED038A80ED068A64E000BF72A92BC3C5
:10D86000F8BF03C4FE658EC45C0C3AC44C0BAFC455
:10D870000060F1C2DE2C12C5E2C54FC4A5DE4D43E7
:10D88000B5295844967476C5DD74E2C3857F62C4B9
:10D890003F0D2DC56F1203BA3D0D2DC56F12033A12
:10D8A0003E0D2DC5B8632AC4F0F5E4C46F12833A67
:10D8B000F4F5E4C4CEB62F45C3632A43095DBA44E8
:10D8C0003B17154539171545BA4FDA4417B751B903
:10D8D000DBA25F44B1632AC41FB03F4421B03F4480
:10D8E000AC632AC41CC48FC46F1283BAE709B5C4E1
:10D8F0009CFCD4439BFC5445B6632AC30DB0BFC304
:10D900009210A544FE700A45EEFF4C45F0FF4C45D1
:10D91000FF708A444FEFF4C42E9CEFC48E957FC3F2
:10D92000309CEFC480ED078A80ED098A80ED0C8A77
:10D9300080ED0F8AC9F89C0906904FF413700AF025
:10D940004FFDCB4B9FEDCB9A804603618362DFF89E
:10D95000A8A4C94BC0F87CA043630364C0ED199A26
:10D96000C0ED1C9A80ED139A80ED169AC348C44905
:10D97000C8F80000C348C44AC8F80400C348C44BF0
:10D98000C8F80800C348C8F80C00C348C8F8140019
:10D99000C248C8F81800C248C8F81C00C148C8F8F6
:10D9A0002000C148C8F82400C048C8F82C00C0486E
:10D9B000C8F83000BF48C8F83800BF48C8F83C0075
:10D9C000BE48C8F84400BE48C8F84800BD48C8F87A
:10D9D0005000BD48C8F85400BC48C8F85C00BC48BA
:10D9E000C8F86000BB48C8F86800BB48C8F86C00BD
:10D9F000BA48C8F87400BA48C8F87800B948C8F8F6
:10DA000080007820C8F88810C8F89410B6499DEDB9
:10DA1000124AC8F88410B54988ED304AC8F88C100D
:10DA2000B349C8F8E860C8F89010B249C8F8F46083
:10DA3000C8F89810B049C8F80051C8F89C10AF4910
:10DA400088ED2B8AC8F8A010AD4988ED2E8AC8F859
:10DA5000A410AC4988ED318AC8F8A810AA4988ED0D
:10DA6000348AC8F8B010A949C8ED379AC8F8B4107C
:10DA7000A749C8F8BC10A749C8F8C810A649C8F8F3
:10DA8000CC10A649C8F8D410A549C8F8D810A549A3
:10DA9000C8F8E010A449C8F8E410A449C8F8EC108C
:10DAA000A349C8F8F010A349C8F8F810A249C8F86B
:10DAB000FC10C8F80421C8F82821A04AC8F8503141
:10DAC000C8F808219E4AC8F80C51C8F810219D4A90
:10DAD000C8F81851C8F814219B4AC8F82451C8F84E
:10DAE0001C219A4AC8F83061C8F82021984AC8F821
:10DAF0006C51C8F82C21974A88ED4F8AC8F8342118
:10DB0000954A88ED528AC8F83821944A88ED558A9A
:10DB1000C8F84021924A88ED588AC8F84421914AB1
:10DB200088ED5E8AC8F84C218F4A88ED618AC8F872
:10DB300058218E4AC8F85C218D4AC8F864218D4A64
:10DB4000C8F868218C4AC8F870218C4AC8F874213A
:10DB50008B4AC8F87C218B4AC8F88021C8F88831E4
:10DB6000894BC8F80042C8F88C31884BC8F89C51E2
:10DB7000C8F89431864BC8F8C051C8F89831854B25
:10DB8000C8F8E451C8F8A031834B88ED75BAC8F8DD
:10DB9000A431824BC8ED7BAAC8F8AC31804B88ED2C
:10DBA0007DAAC8F8B0317F4B88ED648AC8F8B831D7
:10DBB0007D4B88ED6A8AC8F8BC317C4B88ED6D8A54
:10DBC000C8F8C4317A4B88ED738AC8F8C831794BEC
:10DBD000C8ED768AC8F8D031774B88ED7C8AC8F8D2
:10DBE000DC31764B88ED7F8AC8F8E031744B88EDE4
:10DBF000828AC8F8E831734B734CC8F8F831734B1C
:10DC0000C8F80432724BDDED144AC8F80C32714B7F
:10DC10009DED135AC8F810326F4BC8ED8A4AC8F808
:10DC200018326E4B88ED8C5AC8F81C326C4BC8F811
:10DC30002062C8F824326B4BC8F83862C8F8343216
:10DC4000694BC8ED859AC8F83C32684B88ED8B8AE1
:10DC5000C8F84032664BC8ED919AC8F84832C9F806
:10DC6000A0890AF0BDFB634BC6610366C6E000BF36
:10DC70006C0979BB3480B7BAED0D3EBB2048BC457A
:10DC800052491D3BC364AABBE3073EC55ED85FC6CD
:10DC9000F28559453A829945F7D020C6ACB98845F6
:10DCA00052499DBB598A64C668AD5D45FD7F2DC64E
:10DCB00062317643CD6620C6236A9E44941215C60F
:10DCC000EE2C88C56B84A6C520073CC5A03394C53F
:10DCD000E2149DC5DE3353439BC1C3C5044BBDC491
:10DCE0005EFDFDC5FF421A44B8DB00C66C3B214512
:10DCF000A37C25C6E4B7F84480FB25C66C09F93A35
:10DD0000A581124471900145477B46C4228C8A4309
:10DD1000D1791EC5E4980CC57E4D19C312F4654433
:10DD20003567CCC39BAC27453C4D1943A5A8AF44F0
:10DD300000772C444857EC4407F4E5C4ACA437C53D
:10DD4000136F3CC54A5509C5A32569C57BBC07C5EA
:10DD50004F218045198BD6430BFD9445161C03C5F6
:10DD60003C021245F74C7AC438021245F9DBD44420
:10DD7000A6CA5F457176E2C47EB43E447A078FC37B
:10DD800047759945B6F21AC511FD94C55521004550
:10DD9000A2616E44D39F4AC5F5DDA644C11109C5F1
:10DDA000C161EE43E39F4A44C51109C5ABD32C457D
:10DDB000B2616EC589ED1D459BD32CC53F070FC3CE
:10DDC000F11606C5CA80DCC4DF5F96450EFD14C59A
:10DDD000451C03444F1FA245D152EFC4382D6A455C
:10DDE000FEF713C5657586C5C952EF44289C70C5FA
:10DDF000504839448CB399453480B73AC366A34B35
:10DE0000456683664367A24B05670360A14B446583
:10DE10008360A14B80ED018AC360A04B80ED048A32
:10DE200043619F4B80ED0A8A83619E4BC0ED0D8A52
:10DE300003629D4BC0ED108A43629C4BC0ED138A78
:10DE4000C3629B4BC0ED168A03639A4BC9F8A409C1
:10DE50008363994B0790C363984B4364984B8364E7
:10DE6000984B0365984BC36578200AF0B9FA974B35
:10DE700046630360C360964B066483614362954BBF
:10DE8000C0F84CA08360944BC0F858A04361934BFA
:10DE900046660362924B0667C362924B80ED018A2D
:10DEA0000363914B80ED048A8363904B80ED078A76
:10DEB000C3638F4B80ED0A8A43648E4BC9F8A8096F
:10DEC00083648D4B1B9003658C4B43658C4BC36502
:10DED0008C4B03668C4B83668C4BC3668C4B4367C1
:10DEE0004FF484700AF07CFA8A4B44620746036060
:10DEF000894B8A4C83608A4BC0F858A0C360894B19
:10DF0000C0F864A04361884BC0F870A08361874B60
:10DF100004610362864BC461C362864BC0ED018A13
:10DF20000363854BC0ED0A8A8363844B80ED0D9AB1
:10DF3000C363834B80ED108A4364824B80ED138A68
:10DF40008364814BC0ED1F8A0365804B4365804B22
:10DF5000C365804B0366804B8366804BC366804BF2
:10DF60004367804B8367804BC0F880307F4BC0F89D
:10DF70009440C0F884307E4BC0F8A040C0F88C308C
:10DF80007C4BC0F8C440C0F890307B4BC0F8F460C4
:10DF9000C0F89830794BC0ED229AC0F89C30784B8D
:10DFA00080ED2B8AC0F8A430764BC0ED2E9AC0F8D5
:10DFB000A830754B80ED349AC0F8B030734BC0ED8B
:10DFC000379AC0F8B430724BC0ED3A9AC0F8BC3002
:10DFD000704B80ED409AC0F8C0306F4BC0F8C8302D
:10DFE0006E4BC0F8CC306E4BC0F8D4306D4BC0F8DF
:10DFF000D8306D4BC0F8E0306C4BC0F8E4306C4B5F
:10E00000C0F8EC306B4BC0F8F0306B4BC0F8F83018
:10E010006A4BC0F8FC306A4BC0F80431C9F8AC094F
:10E0200084200AF0DDF9674B066403608361664B68
:10E03000C66483600362654BC0F858A04362036303
:10E04000634BC0F864A0C3628363624B0667C3601E
:10E05000614B80ED018A4361604B80ED048AC363AC
:10E060005F4B80ED078A43645E4B80ED0A8A8364D0
:10E070005D4B80ED0D8A03655C4BC0ED1F9A4365D7
:10E080005B4BC3655B4B0366B6E000BF470B954334
:10E0900051EB54C371EBD443233AE24454FBB444F0
:10E0A00080BA0B45F05726457BE3E44483B88F44A0
:10E0B000320D1145A5A633C569EF4C45E15F16C584
:10E0C000DE609445A4A03FC486A0BFC3CB90DF43CD
:10E0D000A1A8AFC428138544251385448FB497C4E1
:10E0E000ED59A2C4054C3EC5BB90DF438FB21BC5A2
:10E0F000E755AA4364F3C4C434327245D290DFC4F6
:10E10000C5945745BE984FC4CE6982443432F2C498
:10E11000A6A4B7447902BD4562318D436C09F9BAB2
:10E12000CCB1EC4532B6E6C487B79145A7A23BC552
:10E13000D0807FC4D38CE744333076C50E51214460
:10E14000B4B89544F6D951C568D7F6C4FA51B2C4EB
:10E15000D36688458BDD70C51E3E5A457BF2BFC530
:10E1600081D90045E9F1D6443A3876C50E56C944FE
:10E17000308854C53815D8456A3104C521F9F245AF
:10E1800076FDF6C476BABA4553018545A61F754596
:10E19000727B8F45D78CE745241109C592B09F4506
:10E1A000014C3EC5742E5DC51BD6CC43D9CF6FC57F
:10E1B0008F83ED445A9D09C64CC424C527C1F5C5BB
:10E1C0008C3D4EC53B817FC2F2807FC3C894D7C4CB
:10E1D00004562AC3A4A03FC3350B15C482BA8BC50D
:10E1E000470B95C3CC6A80C5D890DFC3A8A633C5BA
:10E1F000E6827B4511464AC5AE4B8366AE4BC3668D
:10E20000AE4B4367AE4B8367AE4BC0F8803008908F
:10E21000C9F8B0094FF4CC700AF0E2F8AA4BC46117
:10E220000360AA4B84628360A94B4463C360A94B1B
:10E23000C4644361A84B45668361A84B80ED019A95
:10E240000362A74B80ED049A4362A64B80ED109ABF
:10E25000C362A54B80ED169A0363A44BC0ED1C8AE4
:10E260008363A34BC0ED1F8AC363A24B4364A24BDD
:10E270008364A24B0365A24B4365A24BC365A24BCB
:10E280000366A24B8366A24BC366A24B4367A24BB5
:10E290008367A24BC0F88030A14BC0F88850C0F80B
:10E2A0008430A04BC0F8B850C0F88C309E4BC0F8FA
:10E2B000D050C0F890309D4B80ED258AC0F8983042
:10E2C0009B4BC0ED288AC0F89C309A4BC0ED2B8A3E
:10E2D000C0F8A430984BC0ED318AC0F8A830974BF5
:10E2E000C0ED378AC0F8B030954B80ED3A8AC0F85F
:10E2F000B430944B80ED3D8AC0F8BC30924B80ED39
:10E30000408AC0F8C030914BC0F8C830904BC0F87C
:10E31000CC30904BC0F8D4308F4BC0F8D8308F4BF6
:10E32000C0F8E0308E4BC0F8E4308E4BC0F8EC30D3
:10E330008D4BC0F8F0308D4BC0F8F8308C4BC0F8E6
:10E34000FC308C4BC0F804318B4BC0F80C41C0F84A
:10E3500008318A4BC0F81841C0F81031884BC0F81A
:10E360003C51C0F81431874BC0F84851C0F81C31FB
:10E37000854BC0F85451C0F82031844BC0F86C6113
:10E38000C0F82831824BC0F87861C0F82C31814B3D
:10E3900080ED499AC0F834317F4B80ED4C9AC0F83B
:10E3A00038317E4BC0ED588AC0F840317C4BC0ED0F
:10E3B000619AC0F844317B4BC0F84C317A4BC0F8BD
:10E3C00050317A4BC0F85831794BC0F85C31794BF9
:10E3D000C0F86431784BC0F86831784BC0F87031C0
:10E3E000774BC0F87431774BC0F87C31764BC0F86E
:10E3F0008031764BC0F88831754BC0ED649AC0F817
:10E400008C31744BC9F8B409C0F894311A90A82023
:10E4100009F0E6FF704B4560824603606F4B056173
:10E4200083606F4BC561C3606E4B856243616E4B09
:10E43000C56483616D4B856503626D4B46664362BF
:10E440006C4B0667C3626C4BC0ED0D8A03636B4B6C
:10E45000C0ED108A83636A4B80ED1F8AC363694BEA
:10E460004364694B8364694B0365694B4365694B3E
:10E47000C365694B0366694B8366694BC366694B29
:10E480004367694B8367694BC0F88030684BC0F8BD
:10E490008860C0F88430674B80ED258AC0F88C30E6
:10E4A000654B80ED288AC0F89030644BC9F8B809F4
:10E4B000C6E000BF2738664587DFECC4DD619244C3
:10E4C000A2A82FC5B59CC7444B037245F5223AC597
:10E4D00092B51045FD5F79C569E32B45D18046C5EE
:10E4E00058FA3645DAEA9CC560DB0245D904DBC53B
:10E4F0009DB01F4409B890C52B1305456FDEB5C507
:10E50000AC21D14487758EC52C8698C41BC92DC5F6
:10E51000C52580C44A1244C52535D142B2E86DC52F
:10E5200001A68FC41D741BC53F3A624461F28D433E
:10E5300040F70345490423C561F28DC3A8C071C5E6
:10E540009DB09F43025B59C4BB8289C4EA8379C5ED
:10E55000D96E31C3FC886FC4F42C43C3A1B848C53D
:10E56000BA82094461F20D430A68F84294A300C4D8
:10E570002720A4C4B0CADDC350D5F44531D7AFC5F8
:10E58000E12E074634DD91C54B41FD457FA5E3C42F
:10E5900069800B46A5F68FC461D2D6457F1DF6442F
:10E5A000654B9E45BA3D1345AD5AF34458BA38C53C
:10E5B000F94F05C2E1333EC5F34A07C5D96E314371
:10E5C000ABB3D2C48FCADD43DF7B50C50B2F0645EA
:10E5D0000B3C25C572EBD444829D0D454192A84366
:10E5E000CE90D1441E6A88445DCEC2443F3730C3CA
:10E5F000246DC0442BC42744B0805B4590EE08C511
:10E600006E9A54457C26EEC41A313043D724C6C4D2
:10E610000E1DDC4399E9D0C4DE92164386F3EE4426
:10E62000E3A5C0C200289744ED9E0242BC864EC3BB
:10E63000AB7275C4D9058143FE14B6C2D636ADC3DC
:10E64000C0F89830BB4BC0F89C30BB4BC0F8A4302E
:10E65000C02009F0C5FEB94B456004460360B84BC5
:10E6600085628360B74B8665C360B74B06674361BD
:10E67000B64BC5678361B64B80ED048A0362B54B28
:10E6800080ED078A4362B44B80ED0D8AC362B34BC1
:10E6900080ED108A0363B24B80ED138A8363B14B24
:10E6A00080ED198AC363B04B4364B04B8364B04BB5
:10E6B0000365B04B4365B04BC365B04B0366B04BCD
:10E6C0008366B04BC366B04B4367B04B8367B04BB8
:10E6D000C0F88030AF4BC0F88850C0F88430AE4BE3
:10E6E000C0F8B860C0F88C30AC4B80ED258AC0F81B
:10E6F0009030AB4B80ED288AC0F89830A94B80ED64
:10E700002B8AC0F89C30A84BC9F8BC09C0F8A430CB
:10E71000A64BC0F8A830A64BC0F8B030A54BC0F847
:10E72000B430A54BC0F8BC309C2009F059FEA34B77
:10E73000066709F52366036309F5276CC36309F5CA
:10E74000266E9F4B456003609E4B056183609E4B28
:10E75000C561C3609D4B856209F51D6543619C4B96
:10E760002946C0ED1F9A09F51E658361994B2A461B
:10E7700080ED0D9A09F51F650362974B80ED109AA5
:10E780004362964B80ED138AC362954B80ED168AE7
:10E790008363944B80ED198A4364934B8364934B5A
:10E7A0000365934B4365934BC365934B0366934B50
:10E7B0008366934BC366934B4367934B8367934B3B
:10E7C000C0F880300C9609F52566914B0D9609F539
:10E7D0002866C0F884300E9609F529668D4B0F9691
:10E7E00009F52A66C0F88C30109609F52C668A4B1C
:10E7F000119609F52D66C0F89030129609F52E662F
:10E80000864B139609F52F6681ED008A149609F55B
:10E810003166D9F85C18159609F53266C0F898305B
:10E8200009F52163169609F53366099509F5226500
:10E83000179609F53466C9F8C819189609F53566AA
:10E84000D9F8101982ED008AD9F86028C0ED228A23
:10E85000C0ED258AC9F8C0090A9309F52B630B9509
:10E8600009F524651996C9F8CC19C9F8D829D9F839
:10E8700014290999C9F8DC2981ED008A0A99D9F887
:10E88000642881ED008A0B99C9F8E82981ED008A96
:10E89000D9F81829D9F87018C9F8EC29C9F8181A44
:10E8A000D9F86828D9F82419C9F8F829C9F81C1A20
:10E8B000D9F81C290C99C9F8FC2981ED008AD9F8EE
:10E8C0006C28D9F87418C9F8082AC9F8281AD9F890
:10E8D0002029D9F8281985ED008AD9F87858C9F87F
:10E8E0000C2A09F52062C9F82C1AC9F8385A0325F0
:10E8F00003ED2C8AC9F8C45906258CED008A4CF228
:10E90000F03CC9F8D45901258EED008ADC44C9F8E1
:10E91000E4590C25C9F8F4590E25C9F8045AC9F868
:10E92000145A0A25C9F8245A0E25C9F8345AD9F8B8
:10E930002C5975E089BAA743458F20C4EDEECA4330
:10E94000C46A1AC4BCB24EC465369FC4365D1AC4CC
:10E950003E080AC4C82BD344BC4D29C4F076D7C3A3
:10E9600090110B4315A4654486390244760991C37E
:10E97000C0A328449EDE6A44F74C144570ADAA44F7
:10E980004D65D244C47141C23DBEC144A10DD845BC
:10E99000CF4C77C54FF8EE45EBBD40C56EBBDA45B1
:10E9A00039450AC380D9F245C189D643FC6FBB45BE
:10E9B000BADB354508388845D60A4B45F98C1145F0
:10E9C000807851432481ACC434493745C2FF854423
:10E9D00051CBDD42B1FCBEC4062031452D812C4413
:10E9E000613D52C5753A48C52481ACC3AF25C5C148
:10E9F000078A07C42481AC43E3BE35C4D62545C38A
:10EA00000E1D6AC3BEFF85441F5292C46BA1D7443A
:10EA1000068A07C4A9CD24C5D92E2043820824C55F
:10EA2000C9F83C5A0D9D85ED008AD9F87C58C9F883
:10EA3000485AD9F83059C9F84C5AD9F88058C9F809
:10EA4000585AD9F83459C9F85C5AD9F88458C9F8D1
:10EA5000685AD9F83859C9F86C5A0E9D85ED008A64
:10EA6000D9F88858C9F8785AD9F83C59C9F87C5A65
:10EA70000F9D119E85ED008AD9F88C5883ED008A90
:10EA8000C9F8885AD9F84059D9F87C39C9F88C5A4C
:10EA9000109D86ED008A85ED008AD9F89058C9F856
:10EAA000985AD9F84459C9F89C5AD9F89458C9F8D1
:10EAB000A85AD9F84859C9F8AC5AD9F89858C9F899
:10EAC000B85A0C25C9F8445A0E25C9F8545A0C25D1
:10EAD000C9F8645A0D25C9F8745A0C25C9F8845A26
:10EAE0000E25C9F8945A0A25C9F8A45A0525C9F86B
:10EAF000B45AD9F84C59C9F8BC5A129ED9F89C5846
:10EB000086ED008AC9F8C85AD9F85059139EC9F839
:10EB1000CC5AD9F8A05886ED008AC9F8D85AD9F845
:10EB20005459149EC9F8DC5AD9F8A45886ED008AC5
:10EB3000C9F8E85AD9F85859159EC9F8EC5AD9F8C5
:10EB4000A85886ED008AC9F8F85AD9F85C59169E7B
:10EB5000C9F8FC5AD9F8AC5886ED008AC9F8085BA8
:10EB6000D9F86059C9F80C5BD9F8B058C9F8185BE6
:10EB7000D9F86459179EC9F81C5BD9F8B45886EDCA
:10EB8000008AC9F8285BD9F86859189EC9F82C5B27
:10EB9000092586ED008AC9F8C45A0A25D9F8B8684B
:10EBA000C9F8D45A0825C9F8386BC9F8E45A0925B8
:10EBB000D9F86C69C9F8F45A0625C9F83C6BC9F84C
:10EBC000045B0525199EC9F8145B102586ED008AA3
:10EBD000D9F8BC68C9F8245B0325C9F8486BD9F893
:10EBE0007069C9F8345BC9F84C6BD9F88459D9F805
:10EBF000C06882ED408AC9F8586BD9F87469C9F8C1
:10EC00007C3BC9F89C5BD9F88839D9F8D458C9F845
:10EC10005C6BC9F8A85B0625D9F8C468C9F8AC3B99
:10EC200009F53663C9F8686B83ED008A09F5376327
:10EC3000D9F87869C9F8445B152583ED008A09F590
:10EC40003863C9F86C6BC9F8545B2025D9F8C868DB
:10EC500083ED008A09F53963C9F8786BC9F8645BFC
:10EC6000D9F8CC68C9F8745B052583ED008A09F5ED
:10EC70003A63C9F8886BC9F8845B0325D9F88069C1
:10EC8000C9F8945B0625C9F88C6B83ED008A09F5F9
:10EC90003B63D9F8D068C9F8A45B0725C9F8986B1D
:10ECA000164683ED008A09F53C63029983ED008ADC
:10ECB000D9F8D838C9F8BC1BC9F8B83B079B0399E9
:10ECC000C9F81C3C0623C9F8CC1BC9F8D43BC9F8C9
:10ECD000E43BC9F8F43B0A230499C9F8143CD9F879
:10ECE000DC38C9F8DC1BC9F8C83B0599D9F8E0380D
:10ECF000C9F8EC1BC9F8D83B0699D9F8E438C9F82B
:10ED0000FC1B3121C9F8E83BD9F8E838C9F8B45BF5
:10ED1000C9F8041CC9F8C45B82ED808AC9F80C8C60
:10ED2000C9F8F83BD9F8EC381B9AC9F8083CC9F87F
:10ED30002C2C089AD9F8F038C9F84C2C2222C9F8A2
:10ED4000183C09F53D63C9F8542C0A2283ED008A6A
:10ED500009F53E631A99C9F8242C162283ED008A1E
:10ED600009F53F63C9F85C1CC9F8342C0B22D9F8AB
:10ED7000F81883ED008A09F54163C9F8442C0E2286
:10ED8000C9F8381CD9F8FC18D9F8F45883ED008A72
:10ED900009F54263C9F8642C1022C9F8481CD9F857
:10EDA000001983ED008A09F56F63C9F8285CC9F87A
:10EDB0007C4CC9F8742CC9F83C7CC9F86CACC9F817
:10EDC000581CD9F80419C9F88C0CC9F8681CD9F872
:10EDD0000819BB48C9F8781C09F54361B94C81EDA5
:10EDE000008A09F54461D9F80C2981ED008A09F5FA
:10EDF0004561C9F8882C012281ED008A09F5466138
:10EE0000B14D81ED008A09F5476181ED008A09F570
:10EE1000486181ED008A09F5496181ED008A0D2183
:10EE2000C9F8841C09F69441086009F69841A7487E
:10EE3000086009F69C41A6480C6009F54A61086023
:10EE400009F6A441A348086009F6A841A2480C604D
:10EE500009F6AC41086009F54B61A048086009F665
:10EE6000B4419F480C6009F6B841086009F6BC41FE
:10EE70009C48086009F54C619B480C6009F6C44148
:10EE8000086009F6C8419948086009F6CC419848DD
:10EE90000C6009F54D61086009F6D4419548086099
:10EEA00009F6D84194480C6009F6DC41086009F580
:10EEB0004E619248086009F6E44191480C6009F6F9
:10EEC000E841086009F6EC418E48086009F54F6199
:10EED0008D480C6009F6F441086009F6F8418B484A
:10EEE000086009F6FC418A480C608A49C6F800139C
:10EEF00009F60451086009F6085187480C6009F6C4
:10EF00000C51086009F551618448086009F61451F4
:10EF100083480C6009F61851086009F61C518148B5
:10EF2000086009F5526180480C6009F624510860B8
:10EF300009F628517D480D6009F62C510C6009F541
:10EF40005361086009F634517948086009F6385170
:10EF500078480C6009F63C51086009F55461764820
:10EF6000086009F6445175480C6009F6485108607C
:10EF700009F64C517248086009F5556171480C60FA
:10EF800009F65451086009F658516F48086009F6AF
:10EF90005C516E480C6009F55661C9F8002E0222DA
:10EFA000086009F664516A48C9F8FC2D002208601F
:10EFB00009F6685167480C6009F66C51C9F8042ECF
:10EFC000086009F557616448C9F8082E03220860F3
:10EFD00009F6745161480C6009F67851C9F80C2E95
:10EFE0000222086009F67C515D48C9F8102E032200
:10EFF000086009F558615B480C6009F684510860A7
:10F0000009F688515848086009F68C5157480C6039
:10F0100009F55961086009F694515548086009F6E8
:10F02000985154480C6009F69C51086009F55A61E2
:10F030005148086009F6A45150480C6009F6A851DF
:10F04000086009F6AC514E48086009F55B614D480F
:10F050000C6009F6B451086009F6B8514A480D60D1
:10F0600009F6BC5100250C6009F55C61086009F6E1
:10F07000C4514648086009F6C85145480C6009F675
:10F08000CC51C9F8142E0222086009F55D61C9F857
:10F090001C2E03223F48C9F8202E0522086009F6DD
:10F0A000D451C9F8242E06220C6009F6D851C9F8AB
:10F0B000342E0B223848C9F8542E0C226EE000BFC3
:10F0C0001D780C42000082C2D084C7424FC0C242A9
:10F0D00081843442BAE9AA42AFE5144287A70F42BD
:10F0E0002506454164BB9B418E064442FD76CE41D8
:10F0F000B13F6A42E483E240A3E32C423F55CB4256
:10F10000F0C5A142BE90C6422BD856425BA2B04287
:10F110005819A7424AFB8842DC067442B1E10B420F
:10F12000D1F18F42090AC04134C0B642C996CE42DD
:10F13000DC66B5423364A84237C90C4275B3D94284
:10F14000308C3D42834FEC42C8D81A428874FB424F
:10F15000F0A7D041AAA2CD425249CC42B0430643C7
:10F16000B3AAC642BCB4E0427D1FBB42EAA4F5424A
:10F170003EC8AF427DCEF2426BAB4042895205435E
:10F1800024282242B38B0F43980E184392ABBB4204
:10F1900040740C435AB50A427B141843086009F6C0
:10F1A000DC51C9F8642E1122E548C9F8842E1222D8
:10F1B000086009F55E61C9F8942E04220C6009F616
:10F1C000E451E048C9F8182EC9F8282E0822086032
:10F1D00009F6E851DC48C9F82C2EC9F8382E072268
:10F1E000086009F6EC51C9F8302E09220C6009F5C7
:10F1F0005F61D648C9F83C2EC9F84C2E072208603A
:10F2000009F6F451D248C9F8402E0A22086009F6DE
:10F21000F851C9F8442E18EE100AC9F8502E0722EA
:10F220000C60C9F8482EC9F8582E0E22C949C9F8F1
:10F230005C2E0D22C9F8602EC9F8702E0E22C9F876
:10F24000682E0F22C9F86C2EC9F87C2E0E22C9F840
:10F25000742EC9F8802E1022C9F8782EC9F8882E8D
:10F260001422C9F88C2E1322C9F8902E1422C9F842
:10F27000982E1722C9F8B82E1822C9F8C42E1D22BC
:10F28000C9F8E42E1522C9F89C2EC9F8A42E132221
:10F29000C9F8A02E1622C9F8A82EC9F8B42E132238
:10F2A000C9F8AC2EC9F8B02E1A22C9F8BC2E192202
:10F2B000C9F8C02EC9F8D02E1A22C9F8C82E1B22B0
:10F2C000C9F8CC2EC9F8DC2E1A22C9F8D42EC9F8F8
:10F2D000E02E1C22C9F8D82EC9F8E82EC9F8EC1E79
:10F2E00019468861403141F8240C41F8200C41F85E
:10F2F0001C0C41F8180C41F8140C41F8100C41F8A2
:10F300000C0C41F8080C01F8045C8C45E9D1924CD6
:10F310004BF6EC60A4F50171A4F55B7784F800541A
:10F3200058440D460E46C4F8F413C4F8F07332681E
:10F330000C36403302EB420207EB820243F8402CCA
:10F3400056F8082C02EB420207EB820243F83C2CF1
:10F3500056F8042CB04202EB420207EB820243F85B
:10F36000382CE4D17D4B4CF608127D4E4FF0000C4A
:10F37000C4F804345A4433460027C3F818C0403355
:10F3800043F824CC43F820CC43F81CCC43F818CCE9
:10F3900043F814CC43F810CC43F80CCC43F808CC19
:10F3A00003F8047C9A42E8D16E4A4CF670274FF07D
:10F3B000000C5F441346C3F800C00C3343F808CC7C
:10F3C00043F804CC9F42F6D10023C4F8705A4BF6A0
:10F3D000FC5584F87C3A5D44634B1F680C330C3257
:10F3E00042F80C7C53F8087C9D4242F8087C53F8A4
:10F3F000047C42F8047CF0D14CF608120B680C3106
:10F40000403603EB430302EB83035B4446F8403C86
:10F4100051F8083C03EB430302EB83035B4446F8DB
:10F420003C3C51F8043C884203EB430302EB83036A
:10F430005B4446F8383CE1D148F280034B4E7EA94C
:10F4400004F6083AADF8F8318023304604F5326707
:10F450008DF8FA3106F03CF806F10C009FED448A75
:10F4600005F0CEFF04F6FC22424B04F6143115469B
:10F4700004F62C324FF0010003F10C080392A6F6BB
:10F480009432029103F1180EC4F8EC2AA6F27C62C1
:10F4900084F8F80A03F1240CC4F8F02AC4F8F46ADA
:10F4A00093E8070085E8070098E80700029D04F547
:10F4B0003E688AE807009EE8070085E807009CE8A8
:10F4C000070087E8070003F1300204F6CC3704F6A2
:10F4D000EC3A07CA039D85E8070003F13C0104F6F6
:10F4E0003830782204F6C43508F010F804F6B83342
:10F4F00085ED008A04F6C83583ED008A04F53C6387
:10F50000039504F53D65029304F6E43385ED008A26
:10F5100004F6DC35049304F53F6385ED008A04F6B8
:10F52000E835059304F6F83385ED008A04F6F435E2
:10F53000069304F6FC3385ED008A04F60C451DE0C5
:10F54000BC055942498D204374644E42978F244331
:10F55000A1F82A42902D0020B8050120B82D0020E6
:10F56000C0090120C00E01204C02012038100120EA
:10F5700000000000D42D0020A1F8B13D079304F64F
:10F58000044385ED008A04F61845089304F6084301
:10F5900085ED008A04F62445099304F5416385ED61
:10F5A000008A04F53B600A9304F614435FED0E7A7B
:10F5B00004F6B4310B9304F61C4304F6BC3204F693
:10F5C000D43C0C9304F5426304F6D83E04F6284577
:10F5D0000D9304F62C430E9304F543630F9304F646
:10F5E0003443109304F63843119304F63C431293CA
:10F5F00004F54463139304F64443149304F6484318
:10F60000159304F64C43169304F54563179304F6DB
:10F610005443189304F65843199304F65C431A9321
:10F6200004F546631B9304F664431C9304F6684395
:10F630001D9304F66C431E9304F547631F9304F671
:10F640007443209304F67843219304F67C43229379
:10F6500004F54863239304F68443249304F6884313
:10F66000259304F68C43269304F54963279304F607
:10F670009443289304F69843299304F69C432A93D1
:10F6800004F54A632B9304F6A4432C9304F6A84391
:10F690002D9304F6AC432E9304F54B632F9304F69D
:10F6A000B443309304F6B843319304F6BC43329329
:10F6B00004F54C63339304F6C443349304F6C8430F
:10F6C000359304F6CC43369304F54D63379304F633
:10F6D000D443389304F6D843399304F6DC433A9381
:10F6E00004F54E633B9304F6E4433C9304F6E8438D
:10F6F0003D9304F6EC433E9304F54F633F9304F6C9
:10F70000F443409304F6F843419304F6FC434293D8
:10F7100004F60453439304F60853449304F60C533D
:10F72000459304F55163469304F61453479304F646
:10F730001853489304F61C53499304F552634A93B3
:10F7400004F624534B9304F628534C9304F62C539D
:10F750004D9304F553634E9304F634534F9304F6DC
:10F760003853509304F63C53519304F55463529329
:10F7700004F64453539304F64853549304F64C53FD
:10F78000559304F55563569304F65453579304F672
:10F790005853589304F65C53599304F556635A939F
:10F7A00004F664535B9304F66853C0ED007A5C93EF
:10F7B00004F66C5399485D9304F5576308604FF461
:10F7C00084605E9304F6745395495F9304F678530E
:10F7D0001160609304F67C53924A619304F5586378
:10F7E000629304F68453639304F68853649304F697
:10F7F0008C53659304F55963669304F694536793A9
:10F8000004F69853689304F69C53699304F55A637D
:10F810006A9304F6A4536B9304F6A8536C9304F60E
:10F82000AC536D9304F55B636E9304F6B4536F931E
:10F8300004F6B853709304F6BC537193029B1A609C
:10F84000039A794B1360794B3B60794B794FCCF835
:10F850000030794BCEF80030784BC8F80030049A6D
:10F86000774B12991360774B059ACAF80030764BA4
:10F8700081ED008A1360069A744B15991360079AFC
:10F88000734B81ED008A13600BF54C43089A83EDAE
:10F89000008A704B18991360099A6F4BDFF860A2C9
:10F8A00013600A9A6D4BDFF85C8213600B9A6C4B05
:10F8B00013600C9A6B4B13600D9A6B4B13606B4B80
:10F8C0000E9A2B606A4B13600F9B83ED008A81EDCB
:10F8D000008A684B109A1B991360119A664B81ED50
:10F8E000008A1360139A654B1E991360149A644B37
:10F8F00081ED008A13602199169A624B81ED008A8E
:10F9000013602499179A604B81ED008A1360279940
:10F91000199A5E4B81ED008A13602A991A9A5C4B02
:10F9200081ED008A13602D995A4B1C9A81ED008A53
:10F9300013601D9A584B339913601F9A574B81EDF2
:10F94000008A1360209A564B36991360229A554BC1
:10F9500081ED008A1360239A534B1360259A534B11
:10F960001360269A524B1360289A524B1360299ABF
:10F97000514B13602B9A514B13602C9A504B1360D0
:10F980002E9A504B13602F9A4F4B1360309B83ED90
:10F99000008A39994D4B319A81ED008A13603C9968
:10F9A000329A4B4B81ED008A13603F99349A494B50
:10F9B00081ED008A13604299359A474B81ED008AA8
:10F9C00013604499379A454B81ED008A136047993B
:10F9D000389A434B81ED008A13604A993A9A414B19
:10F9E00081ED008A13604D993F4B3B9A81ED008A6F
:10F9F00013603D9A3D4B539913603E9A3C4B81ED09
:10FA0000008A1360409A3B4B56991360419A3A4BD7
:10FA100013600BF54D43394A1A6075E0D94EB6C1F3
:10FA20007DAE15415F070E416F1217C153965E41BF
:10FA30009F3CFE403C9DD0C2A83519C1D34DB2C0F9
:10FA400088850BC198DD17C0645D92417B147A40B4
:10FA500066089FC15227E040BB27FF405F982EC138
:10FA6000EE7C3E41A9A4BE408638C6C03F5747C081
:10FA70001748ACC013F235C04F4039413FC60C4067
:10FA8000E0BE6FC1849E5540F9A00F416132B1C004
:10FA9000CD3BC04096218E4005C550C2B840B2C093
:10FAA000F61721C2BA6B1540485014418EF5D94162
:10FAB000CDBBCD41F62817C134009B418E0698C1BD
:10FAC0001C6B18420DF19F41439CEDC1705F8DC1CD
:10FAD0003D8ADAC1F90F1841B1D082C15BD3A8C009
:10FAE0004B5939C1CA540D40ADFA1342E71D0CC140
:10FAF00059D73F42F2415E4114D02DC27F6AFC3F8C
:10FB00009545E8C2B82FEEC2439AC84B1360459A98
:10FB1000C74B1360469AC74B1360489AC64B136095
:10FB2000499AC64B13604B9AC54B13604C9AC54B10
:10FB300013604E9AC44B13604F9AC44B1360509B92
:10FB400083ED008A81ED008AC14B5999519A81ED6C
:10FB5000008A13605C99529ABE4B81ED008A136053
:10FB60005F99549ABC4B81ED008A13606299559A53
:10FB7000BA4B81ED008A13606599579AB84B81EDB5
:10FB8000008A13606899589AB64B81ED008A136019
:10FB90006B995A9AB44B81ED008A13606E99B34BFE
:10FBA0005B9A81ED008A04F6C85113605D9AB04BF0
:10FBB00013605E9AAF4B1360609AAF4B1360619A0B
:10FBC000AE4B1360639AAE4B1360649AAD4B1360F7
:10FBD000669AAD4B1360679AAC4B1360699AAC4B55
:10FBE00013606A9AAB4B13606C9AAB4B13606D9ABF
:10FBF000AA4B13606F9AAA4B1360709AA94B1360BB
:10FC000004F55C62719B83ED008A0323C4F8CC3D4C
:10FC1000C4F8DC3DC4F8EC3D06F17C0381ED008ABC
:10FC200004F6D851C4F8D03D06F5987381ED008AEA
:10FC300004F6E851C4F8D43D06F1880381ED008A4A
:10FC400004F6F851C4F8E03D06F5AA7381ED008A88
:10FC50000321C4F8E43D06F19403C6F87C13C6F80A
:10FC60008C131E21C4F8F03D06F5BC73C6F89C1336
:10FC70008D49C4F8F43D04F6C453116004F60864D9
:10FC80008A4A84ED008AA6F528641A6006F1A0036A
:10FC900086EDE68AC6F8803306F5CE7386EDEA8AED
:10FCA000C6F8843306F1AC03C6F8903306F5E0736A
:10FCB000C6F8943306F1B803C6F8A03306F5F2731C
:10FCC000C6F8A43308F08CFBDFED796A054680EDB9
:10FCD000018A80ED048A00F2144380ED078A00F562
:10FCE000816280ED0A8A80ED0D8A80ED108A80EDB8
:10FCF000138A80ED168A80ED198A80ED1C8A80EDCA
:10FD00001F8AC5ED006ADFED6B6A9FED6B7AC5ED6A
:10FD1000026ADFED6A6ADFED6A7AC5ED036ADFED3C
:10FD2000696ADFF81CE2C5ED056ADFED676ADFEDA1
:10FD3000675AC5ED066ADFED666A9FED666AC5ED36
:10FD4000086ADFED656ADFF8FCC1C5ED096ADFED21
:10FD5000636A634EC5ED0B6ADFED626A6249C5ED09
:10FD60000C6ADFED626A6248C5ED0E6ADFED616A1A
:10FD7000C5ED0F6ADFED606AC5ED116ADFED5F6A00
:10FD8000C5ED126ADFED5E6AC5ED146ADFED5D6AEE
:10FD9000C5ED156ADFED5C6AC5ED176ADFED5B6ADC
:10FDA000C5ED186ADFED5A6AC5ED1A6ADFED596ACA
:10FDB000C5ED1B6ADFED586AC5ED1D6ADFED576AB8
:10FDC000C5ED1E6ADFED566AC5ED206A85ED2D7A18
:10FDD00085ED307A9FED537A85ED228A85ED217A83
:10FDE0009FED517A85ED258A85ED237A9FED4F7A37
:10FDF00085ED288A85ED247A9FED4D7A85ED2B8A55
:10FE000085ED267A9FED4B7A85ED2E8A85ED277A52
:10FE10009FED497A85ED318A85ED297A9FED477A04
:10FE200085ED348A85ED2A7AFCE000BF2C9409C266
:10FE30000091A841DFE0A841426065C074B50E4161
:10FE400086384EC1BEC18C4155B0A3C129CBF1410A
:10FE5000D0C49241304CBCC10F9C51C1B7D1A5C197
:10FE600009F90C41BA496FC12D43D4BFC58F14C1E4
:10FE70007D3F75BE4182F341378942C167441842D4
:10FE8000029A0A41C1CA13C263EE1A3E8A30F8C10F
:10FE900034113C41D712E1411361033E8FE4084124
:10FEA000637F05C1AD69334140A445C17E8CA0414B
:10FEB000EB4332C3239A32C36B9B2AC330DA31C37C
:10FEC0009632C5C28C7A28C356AF28C3406487C215
:10FED000060223C367D561C27A861BC3C44226C308
:10FEE00043DC1AC2020C1CC3BE10CDC2F2602DC38B
:10FEF000993BD6C29B6524C3E92638C300FF20C3C3
:10FF00008F843AC3D22F1EC3B55735C3A05916C329
:10FF1000AA6232C345B718C3848D3BC36E9425C310
:10FF2000E72B41C333D32CC3E72D3DC3A9242CC3F6
:10FF30000AF736C33FC522C3CB402AC3F01728C3F4
:10FF4000C916E7C21CEBE2C11CEC28C351BB2BC392
:10FF50002EDF2FC305F312C344CB31C347B20FC307
:10FF60000D0138C31EB6EDC26A9E2CC36871F2C281
:10FF700030DA26C36C8902C33BCF29C3F8C20BC356
:10FF8000FE8315C325D613C3E81919C3DA1C0BC3A6
:10FF9000EF182EC329CC01C3708F11C3B11FD8C273
:10FFA000070027C329DC22C34685CAC252A903C35E
:10FFB0007660DBC252A707C3A62AD5C26F921EC3C2
:10FFC000CB10E3C200FF15C3CDFBD3C242BE12C3A8
:10FFD0004B88D7C253A50BC3B81EEDC2936911C39A
:10FFE000CE08F3C268910DC3A25402C34578ABC2D8
:10FFF00079891DC39A179CC2788B19C3842D96C228
:02000004600298
:10000000CD2C06C358598AC22ED014C3A99373C2EB
:10001000BD4311C35A5592C2647BEEC22B87A0C266
:100020007A65F4C21FED387A85ED378A85ED2C7A32
:100030001FED3A7A85ED3A8A85ED2F7A1FED3C7AED
:1000400085ED3D8A85ED327A1FED3E7A85ED408A59
:1000500085ED337A1FED407A85ED357A1FED417AD3
:1000600085ED367A1FED427A85ED387A1FED437AB9
:1000700085ED397A1FED447A85ED3B7A1FED457A9F
:1000800085ED3C7A1FED467A85ED3E7A1FED477A85
:1000900085ED3F7A1FED487A85ED417A1FED497A6B
:1000A000C5ED517A85ED427A1FED4B7A85ED438A95
:1000B00085ED447A1FED4D7A85ED468A85ED457ACA
:1000C0001FED4F7A85ED498A85ED477A1FED517A0C
:1000D00085ED4C8A85ED487A1FED537A85ED4F8A80
:1000E00085ED4A7A1FED557A85ED528A85ED4B7A7A
:1000F0001FED577A85ED558A85ED4D7A1FED597ABA
:1001000085ED588A85ED4E7A1FED5B7A85ED5B8A29
:1001100085ED507A1FED5D7A85ED5E8A85ED537A27
:100120001FED5F7A85ED618A85ED547A1FED617A66
:1001300085ED567A1FED627A85ED577A1FED637A69
:1001400085ED597A1FED647A85ED5A7A1FED657A4F
:1001500085ED5C7A1FED667A85ED5D7A1FED677A35
:1001600085ED5F7A1FED687A85ED607A1FED697A1B
:1001700085ED627AC5ED6C7A5FED6B7A85ED648A08
:10018000C5ED637A5FED6D7A85ED678AC5ED657AB9
:100190005FED6F7A85ED6A8AC5ED667A5FED717AFB
:1001A00085ED6D8AC5ED687A5FED737A85ED708AAD
:1001B000C5ED697A5FED757A85ED738AC5ED6B7A69
:1001C0005FED777A85ED768AC5ED6E7A5FED797AA7
:1001D00085ED798AC5ED6F7A5FED7B7A85ED7C8A56
:1001E000C5ED717A5FED7D7A85ED7F8AC5ED727A16
:1001F0005FED7F7A85ED828AC5ED747A5FED817A55
:10020000C5ED757A5FED827AC5ED777A5FED837A19
:10021000C5ED787A5FED847AC5ED7A7A5FED857AFF
:10022000C5ED7B7A5FED867AC5ED7D7A5FED877AE5
:10023000C5ED7E7A5FED887AC5ED807A5FED897ACB
:10024000C5ED817A5FED8A7AC5ED837AC5F830A273
:10025000C5F878A2DFF884A5C5ED8A5AC5F810A2C2
:10026000DFF87CA5C5ED9C5AC5F818A2DFF874A587
:1002700085ED9F6AC5F81CA2DFF86CA5C5F88482DD
:10028000C5F824A2DFF864A585ED858AC5F834A2F7
:10029000DFF85CA585ED888AC5F83CA2DFF854A597
:1002A00085ED8B8AC5F840A2DFF84CA585ED8E8AD6
:1002B000C5F848A2DFF844A585ED918AC5F84CA29F
:1002C000DFF83CA585ED948AC5F854A2DFF834A583
:1002D00085ED978AC5F858A2DFF82CA585ED9A8A96
:1002E000C5F860A2DFF824A585ED9D8AC5F864A253
:1002F000DFF81CA585EDA08AC5F86CA2DFF814A56F
:1003000085EDA38AC5F888A24FF0150AC5F890E2DA
:10031000C5F8CC82DFF80085C5F8DCC2C5F8948248
:10032000DFF8F88485EDB16AC5F89C82DFF8F084C7
:10033000C5F8D062C5F8A082DFF8E884C5F8D81205
:10034000C5F8A882DFF8E084C5F8E472C5F8AC828D
:10035000DFF8D88485EDA68AC5F8B482DFF8D084AA
:1003600085EDA98AC5F8B882DFF8C88485EDAC8A26
:10037000C5F8C082DFF8C08485EDAF8AC5F8E88291
:10038000DFF8B88485EDB28AC5F8F082DFF8B08472
:1003900085EDB58AC5F8F482DFF8A88485EDB88AC2
:1003A000C5F8FC82DFF8A08485EDBB8AC5F8008320
:1003B000DFF8988485EDBE8AC5F80883DFF890845D
:1003C00085EDC18AC5F80C83DFF8888485EDC48A81
:1003D000C5F814834FF00608C5F86813DA49C5F864
:1003E00020E3C5F81813D949C5F854C3C5F8241338
:1003F000D749C5F85C734F27C5F82C13D549C5F804
:1004000060634B26C5F83013D349C5F88C03C5F893
:100410003813D24985EDC78AC5F83C13D04985ED1C
:10042000CA8AC5F84413CF4985EDCD8AC5F848136B
:10043000CD4985EDD08AC5F85013CC4985EDD38AD6
:10044000C5F86C13CA4985EDD68AC5F87413C94935
:1004500085EDD98AC5F87813C74985EDDC8AC5F8DA
:100460008013C64985EDDF8AC5F88413C44985ED3C
:10047000E28AC5F89013C34985EDE58AC5F898135B
:10048000C14985EDE88AC5F89C13C04985EDEB8A22
:10049000C5F8A413BE4985EDEE8AC5F8A813BD4979
:1004A00085EDF18AC5F8B013BB4985EDF48AC5F82E
:1004B000B413BA4985EDF78AC5F8BC13B84985ED80
:1004C000FA8AC5F8C013B74985EDFD8AC5F8C81387
:1004D000B549C5F8CC13B549C5F8D413B449C5F826
:1004E000D813B449C5F8E013B349C5F8E413B349C8
:1004F000C5F8EC13B249C5F8F013B249C5F8F813C2
:10050000B149C5F8FC1305F5806181ED008A05F25B
:10051000044108604FF45E70AC4982ED018A1160BD
:10052000AB499160AB4A83ED018A1A60AA4A9A608E
:10053000C4F82C5E07F054FF5021876055270160F6
:100540004FF0440C01614FF00D0E816104F63863E9
:1005500041634EF2B802016481645621476251271B
:1005600041615A44016281625421C7643C27C161E0
:10057000C7654D27C0E90B114E2181654166C166F3
:100580003E210166016781674D2141673F21C167B7
:1005900057214160C1605321C0E90E1152214164CD
:1005A00001653D21416581660021C0E920773F2733
:1005B000C0F8E460C0F8C4C0C0F88870C0F890709B
:1005C0004C27C0F8D0C0C0F88C704027C0F8E0C0FD
:1005D000C0F894704C27C0E926774027C0E9296706
:1005E000C0F8A0704127C0E92B76C0F8BC70C0F8F5
:1005F000C8704227C0F8C070C0F8D4704527C0E961
:100600002DC6C0E936764A26C0F8E870C0F8F47006
:100610004FF0360CC0F8FC703727C0E93B6649261E
:10062000C0F8F8604626C0F800614326C0F8CC60E8
:100630004926C0E941664626C0F80C61C0F814613D
:100640004826C0F81061C0F81C613426C0E949C6CC
:10065000C0F82C6136264FF0370CC0F83061C0F876
:1006600038613326C0F834613326C0E94FC6C0F87C
:10067000446132264FF03A0CC0F85061C0E952761E
:1006800037263827C0F85461C0F85C613126C0F8BD
:1006900058613126C0E95876C0F868613826392794
:1006A000C0F86C61C0F874613026C0F87061302603
:1006B000C0E95E76C0F8806139262F27C0F88461D2
:1006C0004726C0F818613526C0F820613926C0E9F0
:1006D00062762F262A27C0E964C6C0F898613A26B8
:1006E0004FF02C0CC0F89C61C0F8A4612E26C0F815
:1006F000A061C0F8AC612826C0E96D76C0F8BC6185
:100700002A262B27C0F8C061C0F8C8612726C0F888
:10071000C4612726C0E97376C0F8D4612B262C2744
:10072000C0F8D861C0F8E0612626C0F8DC61262652
:10073000C0E97976C0F8EC6125261E27C0F8F8617B
:10074000C0E97CC62C2687E07E9DC0C1728AD3C1D9
:1007500034A0DDC2AB4F9EC1ECEFD5C217D994C116
:10076000448BCEC2856BB2C18C4ACBC2DB0AA3C11B
:10077000AE18BDC2AAF129C16960C5C2F7E456C16D
:1007800041F1C5C0EEEBDDC21EA714C16F70F1C20E
:10079000DA2CD1C11DDA00C339B4C83C1AC0E9C291
:1007A000FB5C3540D8F0C0C2D5E7F2BF18A6ABC29B
:1007B000780BBE405D5EA3C25BD331418340B9C2BA
:1007C0007A36DC41DEF3CDC239569C419643214155
:1007D00007D0C9C239B41041D20FE2C2E6CEA8C2D6
:1007E00045B70DC3CCEEB4C25590FDC2C4825CC205
:1007F00018E60EC382A21CC233C406C365AA0CC28B
:100800002BB8F9C2AE7628C2C71ADFC2241750C26D
:100810007D5FDAC272B94DC2AE873FC2D40BEAC265
:10082000918F2FC204E7FAC2C17935C232C602C322
:1008300090A046C28E6604C35997A6C13DAAEFC2D6
:100840007C617AC1F3EEEAC220D269C104D6E3C268
:10085000E71D90C1B32CE1C24FF02D0CC0F8FC6134
:10086000C0F804622426C0F800623B26C0F8A861E4
:100870002926C0F8B0612426C0E982C61D264FF0A3
:100880001E0CC0F81462C0F81C621B26C0F8186267
:100890001B26C0E988C6C0F828621A264FF0220C31
:1008A000C0F83462C0E98B761E261F27C0F8386274
:1008B000C0F840621926C0F83C621926C0E991765A
:1008C00019260427C0E993C6C0F85C621F264FF0C2
:1008D000180CC0F854622226C0E998661F26C0F89A
:1008E0006862C0F870622126C0F86C62C0F8786255
:1008F0001626C0E9A0C6C0F888621826C0F88C6227
:100900001C26C0F810622326C0F858622026C0F8C2
:1009100074621726C0F87C621226C0F890A2C0F854
:10092000B4A2C0F8BCA2C0F8D882C0F8E082C0E986
:10093000A56A18264FF00C0AC0F89C62C0F8A462A1
:100940001226C0F8A062C0F8AC621326C0F8B062EC
:10095000C0F8C0620826C0F8C862C0E9B38609269C
:10096000C0F8D462C0F8E4620A26C0F8DC62C0F8BD
:10097000F0620B26C0E9BA68C0E9BD86C0F8006322
:100980000526C0F8FC620526C0E9C1A6C0F80C63C4
:100990000C264FF00F0AC0F810631126C0F8A862A9
:1009A0001426C0F8B8620726C0F8C4620C26C0E955
:1009B000C5760426C0F81CE3C0F828E318EE107AC8
:1009C000C0F834E3C0F83CE34FF00E0EC0F87413E7
:1009D000C4F8300EC0E9C8660326C0E9CB6602261B
:1009E000C0F838630226C0E9D0E6C0F848630E2696
:1009F000C0F84C63C0F854630126C0F85063012668
:100A0000C0E9D6A6C0F860630F26C0F86463C0E9E9
:100A1000DA161026C0F87063F14EC4F8346E1E4624
:100A2000B761403646F8247C46F8207C46F81C7CAA
:100A300046F8187C46F8147C46F8107C46F80C7C86
:100A400046F8087C06F8041CB242E9D1E54E84461B
:100A500086F8C8100146C6E92E50DCF80070403315
:100A60000CF10C0C07EB470705EB870743F8407CBC
:100A70005CF8087C07EB470705EB870743F83C7CED
:100A80005CF8047C07EB470705EB870743F8387CE5
:100A90009A42E2D1D44B4FF25037D44A4FF0000C77
:100AA000C6F8CC305F4413460026C3F818C0403364
:100AB00043F824CC43F820CC43F81CCC43F818CCA2
:100AC00043F814CC43F810CC43F80CCC43F808CCD2
:100AD00003F8046C9F42E8D1C54B4FF2707C4FF095
:100AE000000EDC441E46C6F800E00C3646F808EC62
:100AF00046F804ECB445F6D1BE4EC6F870070020A7
:100B000086F87C0728680C330C3543F80C0C55F834
:100B1000080C43F8080C55F8040C43F8040C9C45E9
:100B2000F0D14FF250300B6840320C3103EB4303ED
:100B300000EB83035B4442F8403C51F8083C03EB74
:100B4000430300EB83035B4442F83C3C51F8043C14
:100B500003EB430300EB83035B4442F8383CBA42A7
:100B6000E1D1A54D48F280036FF07F027EA92846AF
:100B7000ADF8F8318DF8FA2104F0AAFC05F10C006B
:100B80009FED9E8A04F03CFCDFF888C29FED9C6AD2
:100B90000027C6F8ECC74FF00208DFF87CC24FF020
:100BA000010ADFED986A05F19400C6F8F0C706F275
:100BB000FC7C9FED957A05F5F07E8CED006A06F6DB
:100BC000040CDFED927AF7EE008A8CED008A06F6CF
:100BD000080C8F4A8CED006A06F60C0C02F1280115
:100BE000C6F84428CCED006A06F5016C05F17C02DC
:100BF000C5ED207A8CED008A06F6140CC6F8F45781
:100C00000B468CED007A06F6180CC6F82C7805F128
:100C1000AC01CCED006A06F61C0CC6F838788CEDF9
:100C2000008A06F5026CC6F834888CED007A06F668
:100C3000240CC6F83C88CCED007A06F6280C86F821
:100C4000F8A78CED008A4FF0030CC6F830A8C6F860
:100C500040C806F5066C8CED008A06F6640C8CED37
:100C6000008A06F6680C8CED008A06F66C0C8CED9A
:100C7000008A06F5076C8CED008A06F6740C8CED84
:100C8000008A06F6780C8CED008A06F67C0C8CED5A
:100C9000008A06F5086C8CED008A86F88478C6F820
:100CA000C828C6F84828C6F8882806F50A62C6F893
:100CB000DC3848F2800382ED008A06F6A402C6F80A
:100CC000CC1882ED008A06F6A802C6F8500882ED1C
:100CD000008A06F6AC02C6F88C0805F5087082EDAD
:100CE000008A06F50B6286F8C47882ED008A06F663
:100CF000B40286F8D87882ED008A06F6B80285ED4F
:100D0000608A82ED008A06F6BC0286F81C7982EDC4
:100D1000008A06F50C6282ED008A05F18802C6F8A9
:100D20004C2805F1A002C6F8902806F6F80282EDDC
:100D3000008A06F6FC0282ED008A06F6041282EDB5
:100D4000008A06F6081282ED008A06F60C1282ED81
:100D5000008A06F5116282ED008A06F6141282ED11
:100D6000008A06F6181282ED008A06F6381282ED25
:100D7000008A06F63C1282ED008A06F5146282EDC6
:100D8000008A6FF07F02ADF8F83105F5FC73C6F804
:100D9000E0E8C6F8E838C6F8243906F64413C6F881
:100DA00020E983ED008A06F64813C6F890197EA95B
:100DB00083ED008A06F64C1386F85C7983ED008A91
:100DC00006F5156386F89C7983ED008A06F65413C0
:100DD0008DF8FA2183ED008A06F658131EE000BF55
:100DE000902E0020B8250120B82E00208826012052
:100DF00008390120B8350120383D012000000000ED
:100E0000000016440000C8420000C8430000C8C2E9
:100E1000DC2E0020EC1301208426012083ED008AC3
:100E200006F5166383ED006A06F66413C3ED007AD7
:100E300006F6681383ED008A06F66C1383ED006AEC
:100E400006F51763C3ED006A06F6741383ED008A96
:100E500006F6781383ED007A06F67C13C3ED006A7C
:100E600006F5186383ED008A06F6841383ED007A95
:100E700006F68813C3ED007A06F68C1383ED008A1C
:100E800005F5F673C6F8E43805F50173C6F8283998
:100E900004F01EFB05F50B7004F0B2FA05F50873BB
:100EA0007EA905F52770C6F8143A05F1C40386F843
:100EB00018AAC6F80C3A05F5AE738DF8FA71C6F8A3
:100EC000103A4FF47F43ADF8F83104F001FBDFF83E
:100ED0002CE406F62C23DFF828C4C3F800E006F55E
:100EE0002363DF4AC3F800C006F63423C6F8907ABD
:100EF000C6F8582ADB4FDC4A1F6006F63C23C6F8CA
:100F00005C2ADA48DA4A186006F52463C6F8682ACB
:100F1000D84AC3ED008A06F64423C6F8842AD64888
:100F2000D64AD749186006F64C23C6F8882A05F534
:100F30004570D44A196006F52563C6F88C2AD24A52
:100F400086F8288A1A6006F65423D04A86F8388A2A
:100F50001A60CF4B86F8488AC6F8603ACD4BC6F87F
:100F6000643ACD4BC6F86C3ACC4BC6F8703ACC4BD1
:100F7000C6F8743ACB4BC6F8783ACB4BC6F87C3AF5
:100F8000CA4BC6F8803A04F035F905F5637004F0F1
:100F900031F905F2044004F02DF905F27C4004F02B
:100FA00029F905F2F44004F025F9C823C048C6F831
:100FB000EC3C06F54F6383ED008AF6F7F9FC00F58B
:100FC0009550F6F7F5FC05F50B70F6F7F1FC05F119
:100FD0000C00F6F7EDFC00F52473B648C6F8F437BC
:100FE000B54BC9F85438C4F8F43AC6F8143AE3F7E4
:100FF000A1FCF0EE480AB0EE480A05F54570EAF7A4
:1010000067FBF0EE480AB0EE480A05F56370EAF7B0
:101010005FFBF0EE480AB0EE480A05F20440EAF73A
:1010200057FBF0EE480AB0EE480A05F27C40EAF7BA
:101030004FFBF0EE680AB0EE480A05F2F440EAF71A
:1010400047FBF0EE680A05F54570B6EE000AEAF7D0
:101050003FFBF0EE480A05F56370B6EE000AEAF7CA
:1010600037FBF0EE480A05F20440B6EE000AEAF754
:101070002FFBF0EE480A05F27C40B6EE000AEAF7D4
:1010800027FBF0EE480A05F2F440B6EE000AEAF754
:101090001FFBF0EE480AB0EE680A05F54570EAF766
:1010A00017FBF0EE680AB0EE680A05F56370EAF720
:1010B0000FFBF0EE480AB0EE680A05F20440EAF7CA
:1010C00007FBF0EE480AB0EE680A05F27C40EAF74A
:1010D000FFFAF0EE480AB0EE680A05F2F440EAF7CB
:1010E000F7FAF0EE480A05F54570B7EE080AEAF798
:1010F000EFFAF0EE480A05F56370B7EE080AEAF772
:10110000E7FAF0EE680A05F20440B7EE080AEAF7DB
:10111000DFFAF0EE480A05F27C40B7EE080AEAF77B
:10112000D7FAF0EE480A05F2F440B7EE080AEAF7FB
:10113000CFFAF0EE480A05F54570B0EE000AEAF77E
:10114000C7FAF0EE480A05F56370B0EE000AEAF758
:10115000BFFAF0EE480A05F20440B0EE000AEAF7E2
:10116000B7FAF0EE680A05F27C40B0EE000AEAF742
:10117000AFFAF0EE480A05F2F440B0EE000AEAF7E2
:10118000A7FAF0EE480A05F54570B0EE040AEAF752
:101190009FFAF0EE480A05F56370B0EE040AEAF72C
:1011A00097FAF0EE480A05F20440B0EE040AEAF7B6
:1011B0008FFAF0EE480A05F27C40B0EE040AEAF736
:1011C00087FAF0EE680AB0EE040A05F2F440EAF796
:1011D0007FFA05F53675394B7EA9394AA5F5544095
:1011E00083F820A1C3F81C51364BCBF89822CBF8DA
:1011F0009C327F93344B7E92CBF8A032334B344CED
:10120000CBF8A432F2F76AF8DBF8A0227EA9DBF86B
:10121000A432A5F554407E927F93F2F787F82D4AC9
:101220002D4B0198136054604FF085422B4C00F217
:10123000FC6100F20C737F927E947EA8284A294CB0
:101240000A601C602849294A294B81ED008A82EDF9
:10125000008A83ED008AF2F70DF8264A264951E00C
:10126000203400200000A04048340020000080BF4F
:10127000283400204C3400206666F64054340020A8
:101280000000F0C05C3400200000F0409A99394022
:10129000643400206C340020743400207C3400203E
:1012A000843400208C340020943400209C340020AE
:1012B000A4FD0020B8450020F4500020B88500208F
:1012C000291C7B4352B845423373CC4333335743D5
:1012D000000040C0585F0120000020400000704323
:1012E00015AE873F1E85AB3F3438002038380020CC
:1012F0003C380020D838002031690000000070C15F
:101300000000704104480DF5037DBDEC108BBDE875
:10131000F04F04F091BD00BFB8450020F8B52DEDA9
:10132000068BDFED349A00259FED338A0646B0EE3A
:1013300069AA0F46F0EE69AAF0EE488AB0EE489A24
:1013400036E03B6804EB4404586E03689B6898479A
:1013500000EB8400D0ED006A90ED017AF4EE6A6A49
:10136000D0ED027AF1EE10FAB4EE4A7A48BFF0EE10
:1013700066AAF1EE10FAF4EE697A48BFB0EE47AA19
:10138000F1EE10FAF4EE496A48BFF0EE679AF1EE1A
:1013900010FAF4EE478A36FE899AF1EE10FAF4EE6E
:1013A000487A48BFF0EE478AF1EE10FA37FE888A95
:1013B0003B68ACB20135586E0368DB6898478442DD
:1013C000BFDBB6EE006A304679EE2A6A38EE8A7ADA
:1013D00078EE297A66EE866A27EE067A67EE867AD6
:1013E000C6ED006A86ED017AC6ED027ABDEC068B89
:1013F000F8BD00BF0050C3470050C3C72DE9F04FF0
:10140000067B85B00D78002E8368BD4C14BF80220A
:10141000012203911542DFF800B3BA490CBF01273E
:1014200000270195BA46B4FBF3F40023E4B202931B
:10143000B54B002C40F0CB80477B17F0F70F69D1FC
:10144000019D90F910C015EA020E14BF4FF001087B
:101450004FF0000888EA0A07BCF1FF3F0CBF0027E5
:1014600007F00107002F40F02F81C77B362F0FD8E0
:101470004FEA071C51F80CE001EB071CDEF8049062
:10148000DCF80C8019EA080F00F00181CEF88480A6
:10149000002C40F0048190F911C0BCF1FF3F14D042
:1014A0005FFA8CFCBCF1360F0FD84FEA0C1E01EB33
:1014B0000C1C51F80EE0DCF80CC0DEF808E01EEA67
:1014C0000C0F02D0029D15430295362F0FD84FEA1C
:1014D000071C01EB071751F80CC0D7F80CE0DCF83B
:1014E000048018EA0E0F00F0CE80CCF888E06EB9C8
:1014F0005200D2B2002A9CD190F91130013302D0AF
:10150000DDE902231A7005B0BDE8F08F5208002A09
:101510008FD1F1E70C2F6CD190F910707D1C19D090
:10152000FFB2362F16D84FEA071C019D01EB0717B3
:1015300051F80CC005EA0209D7F80CE0DCF8048089
:1015400018EA0E0F00F05A81B9F1000F00F0708117
:10155000CCF884E090F80FC0BCF1360F00F2DE80CA
:101560004FEA0C1701EB0C1E51F80780DEF80C70E7
:10157000D8F8049019EA070F00F00E81C8F88870B7
:10158000002C40F0CE80D8F804C0DEF80C701CEAC5
:10159000070F00F0E880C8F88470002C40F0EA8063
:1015A00090F911707D1CA2D0FFB2362F9FD84FEA60
:1015B000071C01EB071751F80CC0FF68DCF808C0E6
:1015C0001CEA070F93D0029D154302958FE74F4FFA
:1015D000D3F804E03F68019DABFB077C4FEA9C4CCD
:1015E0000CFB04FC5F68A7EB0E07BC45FAD801951D
:1015F00022E7C77B362F0FD84FEA071C51F80CE0C3
:1016000001EB071CDEF80490DCF80C8019EA080FE7
:1016100000F0C780CEF88480002C40F0CA8090F99A
:1016200010C0BCF1FF3F1BD05FFA8CFCBCF1360F41
:1016300016D84FEA0C1E019D01EB0C1C51F80EE070
:1016400005EA0209DCF80C80DEF8045015EA080F00
:1016500000F0DB80B9F1000F00F0F480CEF8848058
:10166000362F9DD84FEA071C01EB071751F80CC025
:10167000D7F80CE0DCF8048018EA0E0F00F0AE801A
:10168000CCF888E08CE7BF68214D3D602FE7DCF89F
:1016900008C0204DCCF80050002C3FF4FCAE1B4D90
:1016A0009146D3F80480D5F800E0019DABFB0ECE47
:1016B0004FEA9E4E0EFB04FE5A68A2EB080CE6456C
:1016C000FAD84A460195E6E65FFA8CFCBCF1360F83
:1016D00000F288804FEA0C1801EB0C1C51F80880CE
:1016E000DCF80C90D8F804A01AEA090F7CD0BEF1FF
:1016F000000F00F09380BA46C8F88490B5E600BFAA
:1017000020A10700381D0020001000E05038002004
:101710003830010038F0010083DE1B43002C3FF419
:101720003FAF4A4DD3F804802F68019DABFB077E85
:101730004FEA9E4E04FB0EFE5F68A7EB0807BE450E
:10174000FAD8BCF1360F019514D84FEA0C1701EB0B
:101750000C1E51F80780DEF80C70D8F804C01CEAA3
:10176000070F7FF418AFDEF80870394D3D60002C8C
:101770003FF416AF354DD3F804E02F68019DABFB65
:10178000077C4FEA9C4C04FB0CFC5F68A7EB0E0740
:10179000BC45FAD8019503E7DEF808702D4D3D6091
:1017A000EEE6DCF808C02A4DCCF80050002C3FF4DF
:1017B00036AF264D9146D3F80480D5F800E0019D60
:1017C000ABFB0ECE4FEA9E4E0EFB04FE5A68A2EB18
:1017D000080CE645FAD84A46019520E7BF681D4D3A
:1017E0003D60DDE6C24640E6BEF1000F1AD0DCF8EF
:1017F00008C0BA46164DCCF8005036E6BF68B9F1BD
:10180000000F18D0124D3D60A4E6DCF808C0B9F115
:10181000000F13D00E4DCCF8005021E7F246C8F867
:10182000889022E6DCF80870F2460A4D3D601CE61E
:10183000CCF888E08EE6074D3D608BE6054DCCF890
:1018400000500DE7CEF888800AE700BF503800202E
:1018500038F001003830010010B472B602684B490C
:1018600022B190F804C0BCF10F0F53D90B8813F0CC
:10187000010C27D09C0723D55A0757D51C0758D5EC
:10188000DA0659D59C065AD55A065BD51C065CD596
:10189000DA055DD59C055ED55A055FD51C0560D57A
:1018A000DA0461D59C0462D55A0463D5DA0B64D09E
:1018B00062B600221023026003715DF8044B70478A
:1018C0004FF0010C012202FA0CF213430B8062B6B6
:1018D0002F4A5FFA8CF10171D36F43F0C003D367D5
:1018E000A2F5A03240F2824313602A4B9176634402
:1018F000917711765B01D1775DF8044B03609FED22
:10190000217B83ED007B83ED027B83ED047B83ED04
:10191000067B70470B8843FA0CF4E407A7D51D4CEF
:101920006444B2EB441FA2D162B6C6E74FF0020C8A
:10193000C8E74FF0030CC5E74FF0040CC2E74FF0C7
:10194000050CBFE74FF0060CBCE74FF0070CB9E7FA
:101950004FF0080CB6E74FF0090CB3E74FF00A0C54
:10196000B0E74FF00B0CADE74FF00C0CAAE74FF0CF
:101970000D0CA7E74FF00E0CA4E74FF00F0CA1E7FA
:10198000AFF300800000000000000000E0450120EF
:1019900000C00F40807400022DE9F04F83B0019029
:1019A000806808B106F024FD019B5B68002B00F005
:1019B000F18053F8042C02EBC20203EB8202934243
:1019C000009200F0DF80009B53F81C0C243B009336
:1019D00008B106F00DFD009B5B68002B00F0CC8089
:1019E00053F8042C02EBC20203EB82094B4500F0D2
:1019F000BF8059F81C0CA9F1240908B106F0F8FCC5
:101A0000D9F80430002B00F0AE8053F8042C02EB20
:101A1000C20203EB8208434500F0A18058F81C0C79
:101A2000A8F1240808B106F0E3FCD8F80430002B34
:101A300000F0908053F8047C07EBC70703EB87079F
:101A4000BB4200F0838057F81C0C243F08B106F01D
:101A5000CFFC7B68002B74D053F8046C06EBC606F1
:101A600003EB8606B34268D056F81C0C243E08B13E
:101A700006F0BEFC7368002B5CD053F8045C05EBE9
:101A8000C50503EB8505AB4250D055F81C0C243D31
:101A900008B106F0ADFC6B68002B44D053F8044C41
:101AA00004EBC40403EB8404A34238D054F81C0CA8
:101AB000243C08B106F09CFC62686AB352F8043C0E
:101AC00003EBC30302EB830B5A4521D05BF81C0CDC
:101AD000ABF1240B08B106F08BFCDBF80420A2B1BB
:101AE00052F8040C00EBC00002EB800A524508D00B
:101AF000AAF1240A5046FFF74FFFDBF804205245B5
:101B0000F6D1AAF1080006F073FC62685A45DDD1EF
:101B1000ABF1080006F06CFC6B68A342C6D1A4F1DF
:101B2000080006F065FC7368AB42AED1A5F1080071
:101B300006F05EFC7B68B34296D1A6F1080006F081
:101B400057FCD8F80430BB427FF47DAFA7F1080002
:101B500006F04EFCD9F8043043457FF45FAFA8F19E
:101B6000080006F045FC009B5B684B457FF441AFE5
:101B7000A9F1080006F03CFC019B009A5B689342C7
:101B80007FF421AF009BA3F1080003B0BDE8F04F44
:101B900006F02EBC03B0BDE8F08F00BF2DE9F8437E
:101BA000044600680D4616468842A36816D8C21837
:101BB000914213D20F1A4FF001096EB103EB0608E0
:101BC000626890450DD8B9F1000F1BD12946184421
:101BD00005F01EFCC4F80880BDE8F8834FF000094A
:101BE000EBE708F1010106F00BFC0028F4D0A36834
:101BF000C4E90008002BE6D103702068A368B9F19E
:101C0000000FE3D03246C119184405F07FFC236869
:101C1000002203F80820DDE72DE9F04F002383B010
:101C2000032504460F46DFF83C8183600373C0E957
:101C30000033012241462046FFF7B0FF6B1E13F030
:101C4000FF05F6D1042F69D907F1010ADFF818B1B1
:101C50004FF005090DF104085FFA8AFA4F4509F1C2
:101C600030034FF00102414620463FD009F10109FF
:101C70008DF804308DF80550FFF790FF5FFA89F971
:101C80000BF1010BB9F10A0FE8D1A1680B293DD87E
:101C9000DFF8D0904FF0000810E043184B4511D901
:101CA0006368A9EB0006AB425AD320234354236850
:101CB00003F805802946A5600B2927D820684D1C0C
:101CC0004845EAD963689D4224D90027023106F0CD
:101CD00097FBA1680028EFD0C4E9000511B1CFB18E
:101CE000835DE3E701702068A168F8E71BF8013B1A
:101CF00001228DF80550D1468DF80430FFF74EFFD4
:101D0000BAF10A0FAAD1A1680B29C1D9204603B0A4
:101D1000BDE8F08FB9F800304352CBE70DF104086D
:101D2000A946DFF848A0EBB201224146204603F164
:101D3000300C9F425FFA8CFC09D08DF804C08DF8FE
:101D40000590FFF72BFF0135052DECD19DE715F828
:101D50000A308DF805908DF80430FFF71FFFF2E789
:101D60000127B3E7D4330020352F0020302F002087
:101D700000234FF07E52DFED517A30B52DED068B0A
:101D8000026095B04360044683600D46C3604B7BA0
:101D9000D1ED008A91ED019A012B91ED028A68EE56
:101DA000A78A29EE279A28EE278A05D1F0EE687ACD
:101DB000F0EE488AB0EE678AF6EE00AA68EEAA8ACC
:101DC00029EE2A9A28EE2A8AB0EE680A04F086FBE9
:101DD000B0EE40AAB0EE490A04F080FBF0EE409A63
:101DE000B0EE480A04F07AFBF0EE407AB0EE680AF2
:101DF000F0EE678A04F076FCF0EE407AB0EE490A25
:101E0000B0EE679A04F06EFCF0EE407AB0EE480A4D
:101E1000B0EE678A04F066FC00232A7B8DED009A01
:101E20008DED01AA029303938DED048A0593CDED08
:101E3000069A07938DED080A09930A93CDED0B8A54
:101E4000052A1BD8DFE802F01A282F3203216A4640
:101E500008A90CA8EEF75AFC04AA0CA910A8EEF7E2
:101E600055FC10981199129A139B206020466160CE
:101E7000A260E36015B0BDEC068B30BD04AA6946D4
:101E80000CA8EEF743FC08AAE7E704AA08A90CA8E7
:101E9000EEF73CFC6A46E0E708AA69460CA8EEF7B4
:101EA00035FC04AAD9E76A4604A9E9E708AA04A907
:101EB0000CA8EEF72BFC6A46CFE700BF35FA8E3C44
:101EC0002DE9F0432DED0C8BDFEDBDAA97B0002579
:101ED0000646B0EE6A9A0C46F0EE6A8A14E0236871
:101EE00007EB4707586E03689B68984700EB87002D
:101EF000D0ED006A90ED017AD0ED027A78EEA68AF4
:101F000039EE079A7AEEA7AA2368AFB20135586E68
:101F10000368DB6898478742E1DB07EE907ADFEDE4
:101F2000A89A0027F8EE677AB0EE69AAF0EE69BACF
:101F300088EEA78AB0EE69BAC9EE278AB0EE69CA00
:101F40008AEEA79AF0EE69AA20E0236805EB450522
:101F5000586E03689B68984700EB8500D0ED006AD7
:101F600090ED017AD0ED027A76EEC86A37EE687AA3
:101F700077EEC97AA6EEA6CAE6EE87AAA6EEA7BABB
:101F8000E7EE07BAA7EE27AAE7EEA79A2368BDB245
:101F90000137586E0368DB6898478542D5DB2AEE27
:101FA0004ADA6BEE4BCA6AEEEA7AABEEA9DAECEEED
:101FB00029CAECEE2B7AB4EEECDAF1EE10FA40F32B
:101FC0005782B4EE67DA0023F1EE10FA7DFE277A2D
:101FD000F5EEC07AF1EE10FA40F2578237EECD7A84
:101FE000DFED706AB0EEC77AB4EEE67AF1EE10FA81
:101FF00040F18E8269EEEACA6BEECB9AEBEE0ACA2A
:10200000EAEE8A9A2CEEAC0AADEE0D0AA9EEA90A08
:10201000B5EE400AF1EE10FA00F1C682B1EEC07AD8
:102020009FED606AF7EE006A77EE667AF0EEE77A87
:10203000F4EEC67AF1EE10FA40F131829FED607A4B
:102040009FED596A6DEE076A2CEE877A77EE267A55
:1020500077EEA97AF4EEC67AF1EE10FA00F18482F6
:102060009FED526AF4EEC67AF1EE10FA40F3288240
:102070009FED537AF7EE007AF0EE476AB0EE476ACA
:102080004B4B0FAFB26B0DF11C0839460BA81192E8
:102090001A88CDED077AADF848205A688DED086AA8
:1020A00013929A68DB68149215930023CDED096AA8
:1020B0008DED0A7A0F931093FFF75AFE0BAA414653
:1020C00003A8EEF723FB96ED0CAA214696ED0A7ABB
:1020D0006846D6ED0D9A4FF00009D6ED0B7A3AEE30
:1020E00047AA79EEE79AFFF719F9039B0F93049B30
:1020F0001093059B1193069B129335E0236805EB23
:102100004505586E03689B68984703464246394622
:1021100003EB85030BA8AD00D3ED016A93ED027AC2
:10212000D3ED007A76EEE86A37EE497A77EEC87A30
:10213000CDED086A8DED097ACDED077AEEF7DEFB7D
:1021400021680D9B486E0C9ADDF82CC0099303683A
:1021500008929B68CDF81CC098470799089A2844B4
:10216000099B01604260836023681FFA89F509F1C9
:102170000109586E0368DB6898478542BEDB21463B
:102180003846FFF7CBF8DDED0FBA9DED10BA4FF0F2
:102190000009DDED11AACDED00BA8DED01BACDED4E
:1021A00002AA32E06F12833AEFFF7FBFEFFF7F3F5B
:1021B000385B01200050C3470050C3C700007A437A
:1021C00000000000236805EB4505586E03689B6816
:1021D000984723685A6E00EB8503AD0093ED009A93
:1021E0001046D3ED018A93ED028A39EE6B9A11689D
:1021F00078EECB8A38EE6A8A8B689847284480ED5F
:10220000009AC0ED018A80ED028A23681FFA89F5E1
:1022100009F10109586E0368DB6898478542D1DBF4
:102220001FED1CBA4FF000091FED1D9AF0EE4BBADE
:10223000F0EE49AA35E0236805EB4505586E0368C2
:102240009B689847226800EB8503506EAD00D3ED84
:10225000008A93ED018AF4EE6B8A026893ED02CA5C
:102260009368F1EE10FAB4EE4B8A48BFF0EE68BA0C
:10227000F1EE10FAF4EE6A8A48BFB0EE48BAF1EE19
:1022800010FAB4EE498A78FEAAAAF1EE10FA38FEE6
:10229000099A98472844C0ED008A80ED018A80EDB4
:1022A00002CA23681FFA89F509F10109586E03680B
:1022B000DB6898478542BEDB96ED0F7A79EE4B7A64
:1022C00033787AEEEBAA7AEE478A39EEC78A092B81
:1022D00088EEAA9AC8EE279A2BD096ED106AD6ED12
:1022E000116AB4EEE99AB6EE007AF1EE10FA58BF30
:1022F000B0EE699A29EE069AF4EE499AE9EE6A8AF6
:10230000F1EE10FA79FE299A69EEA69A68EE878AAC
:10231000A9EEE78A28EE078A082B0AD8DFE813F02F
:102320000D00A5002D019B0009009900A000A3004D
:102330009E001FED5D8AF0EE488A5FED606A06F14F
:10234000040996ED066A4046D6ED097A3A461FED35
:1023500064AA4946E6EE267A96ED055AB0EE4A6A38
:1023600096ED087AD6ED075A4FF00008A5EE267ACA
:10237000A5EEA66ACDED107A8DED0F7A8DED116A7E
:10238000ECF7B0FF55E0236805EB4505586E036890
:102390009B689847034696F848C00BAA03EB850351
:1023A00049463846AD0093ED007AD3ED017AD3ED7E
:1023B000026A29EE077A69EEA77A76EE8A6ABCF19C
:1023C000000F01D0B1EE477A96F8493037EE287AFF
:1023D0000BB1F1EE677A77EE887ACDED0D6A8DED6F
:1023E0000B7ACDED0C7AECF77DFF23689DED0F6A3B
:1023F000DDED106ADDED117A9DED085ADDED095A2B
:102400009DED077A76EE856A586E77EEA57A37EEFF
:10241000067A03689B68CDED0C6A8DED0B7ACDEDE5
:102420000D7A98470B990C9A28440D9B01604260E5
:10243000836023681FFA88F508F10108586E036865
:10244000DB68984785429EDB17B0BDEC0C8BBDE87E
:10245000F083F1EE688A1FEDA68A6EE7F1EE688AD6
:10246000B1EE488A69E7B1EE488A5FEDAB8A64E76E
:10247000F4EE67CA0023F1EE10FA7CFEA77AF5EEBF
:10248000C07AF1EE10FA3FF6A9AD4FF07E520FAFD1
:102490000DF11C08049305930693039213E65FED78
:1024A000B87AB4EE677AF1EE10FA47D1F0EE66CA68
:1024B000F0EE679AB0EE677AB0EE67DAF0EE676A30
:1024C0001FEDC16AF7EE005A37EE66AAD9EE86CA4A
:1024D000A9EEC6DA77EEA59A2CEEAC0AA9EEA90A07
:1024E000ADEE0D0AAAEE0A0AB4EE460AF1EE10FAB3
:1024F00055D4F1EEC07AF7EE006A86EEA77A69EE5F
:10250000877A27EE2C6A67EE0D6A27EE0A7AB7E51E
:1025100077EEEC7AF0EEE77AF4EEE67AF1EE10FA86
:102520002ED569EEEA9A6AEE4C7AEBEE0A9AEAEE5A
:102530008B7AB0EE69DAF0EE679A63E58DEE07DA32
:102540009FED1C6ACCEE87CAC9EE879A6DEE276AAA
:102550002CEEA77A77EE267A77EEA97AF4EEC67A91
:10256000F1EE10FA7FF57CAD9FED137ADFED136A83
:10257000B0EE476ADFED127A82E5F1EE688ADCE6BA
:102580006BEECBBA2AEE4CCAF0EE4D9AEAEE8ABA5E
:10259000AAEE8BCAB0EE6BDAF0EE4CCA32E503F06D
:1025A00081FCF0EE407AA6E703F07CFCB0EE407AC6
:1025B00036E500BFEFFF7FBF00000000698FE0BC81
:1025C000D8F97F3F2DE9F04F2DED108BB7B0834642
:1025D000047F02AF002C00F0C4800026BB4B2425F2
:1025E000BB4C9FEDBC8AB146DFF8F0A2DFF8F48265
:1025F0007B6382E0DBF820007A6B0368DB6993423F
:1026000040F0898040F23B20814580F08880DBF8F3
:1026100000309B69A34240F09680DBF820100B68E5
:102620001FFA89F207F160009B6808EE902A98472C
:10263000DAF81020DBF804301268D3ED095A916EF5
:1026400007F18002D3ED0A7A93ED086A07F190034F
:10265000D7ED196A77EE887A97ED187A086876EEE2
:10266000A56A37EE067A0068C7ED1D6A064687ED53
:102670001C7AC7ED1E7A07F1540087ED248A87ED96
:10268000258A87ED268A87ED208A87ED218A87EDC6
:10269000228A009207F17002B047DBF800309B6994
:1026A000A34246D1DBF8200003681B69434546D1AD
:1026B000284497F854300370DBF800309B69A3423C
:1026C0004CD1DBF8200003681B69434542D1284404
:1026D00097F855304370DBF800309B69A34236D140
:1026E000DBF8200003681B6943451ED1284497F896
:1026F000563009F1010903358370DBF800309B691E
:10270000A3423FF477AF5846984703687A6BDB697A
:1027100093423FF477AF98478145FFF478AFD437C1
:10272000BD46BDEC108BBDE8F08F18EE901A9847AF
:10273000DDE75846984703681B694345B8D018EE53
:10274000901A9847B5E758469847014667E75846B4
:102750009847C7E718EE901A9847B9E75846984740
:10276000B1E7D0E90123C7F808D0586899681D6817
:10277000DB68506007F18000916002F11001D360C6
:102780001560EDF7C3FFDBF80C3007F1700207F1BD
:1027900080013B6707F19000DBF810307B67DBF8C6
:1027A0001430BB67DBF81830FB67EDF7AFFF4A4B1F
:1027B0005946D7F8902007F138001A60D7F89420CE
:1027C0005A60D7F898209A60D7F89C20DA60DBF836
:1027D00000301B689847DBF80030594607F140008D
:1027E0005B68984797ED0E5AD7ED0F5A002397ED87
:1027F000106AF6EE004AD7ED116A36EE057AC7F890
:10280000903076EEA57AC7F89430C7F89830C7F8BC
:102810009C3027EE247AC7F8A03067EEA47AC7F878
:10282000A4302E4BC7F8B040197D87ED2D5AC7ED67
:102830002E5A87ED2F6AC7ED306A87ED317AC7EDE2
:10284000327AA7F8CC40C7E92A44002900F0048670
:1028500001252246214B1B6953F8223093F86C2046
:10286000002A40F0C7820134E2B29142F2D86C23D0
:1028700005FB03F3073323F00703ADEB030D6B1EDA
:1028800002AABA62BDB16C22BC6AA01802FB0300A6
:102890002346002200241A606C3343F8382C43F896
:1028A000342C43F8302C43F82C2C03F8084C43F814
:1028B000042C9842EFD1002900F024830023DFED9F
:1028C00008BAD946C7E9033315E000BF7D0200000E
:1028D000B10400000000000038620120B84500206B
:1028E0006F12833AE5050000FB680133FB60DBB241
:1028F000994240F20683074A126952F823209B004E
:102900003B6392F86C307A63002BEDD04FF0000AF5
:1029100097E000BFB8450020B4EECA9AF1EE10FA75
:10292000B4EECB9A7AFE097AF1EE10FAF4EEE9AA47
:1029300054BFB0EE497AB0EE4B7AF1EE10FA40F3A4
:102940001B82F4EEE98AF1EE10FAF4EEEA8A39FE1F
:10295000A86AF1EE10FA54BFF0EE686AF0EE6A6A07
:102960006C23F96ABC6A002003FB01F1D7ED2F5AF2
:102970000C440B46796AF4EEE57A62643433E06223
:10298000F1EE10FA2063C4ED00FA84ED01AAC4ED63
:10299000029A84ED03BAC4ED04AA84ED059AC4ED4D
:1029A000068AC4ED07EA84ED08EAC4ED09DA84ED8D
:1029B0000ADAC4ED0D7A84ED0E6A84ED0F7AC4ED67
:1029C000106AC4E91215396A84F86410B969A165FE
:1029D000F969C4E91486E1657969BA6A2166134424
:1029E00084ED1AFA29D5D7ED2D7AF4EEC77AF1EEF7
:1029F00010FA22D593ED017AD7ED307AB4EEE77A6A
:102A0000F1EE10FA19D5D7ED2E7AF4EEE76AF1EE71
:102A100010FA12DDB7F8A860B7F8AA50AE4200F07D
:102A2000C281B7F8CC20D7F8B030013243F8264045
:102A30000136A7F8CC20A7F8A8600AF101031FFA15
:102A400083FA7B6B586E3B6953449BB2FB6203680D
:102A50005B689847824580F2DB81E44E4FEA8A1832
:102A60003A6B3369D9F804409B58586ED9F80C304A
:102A70003B66D9F810307B66D9F81430BB66D9F8BC
:102A80001830FB6603681B6998473A6B336900EBA3
:102A90008A1B05469B589BF83C207B639B6E3A62E1
:102AA0007B6242B1DBF80C30BB61DBF81030FB61BC
:102AB000DBF814307B6104F11006224607F1800038
:102AC0003146EDF723FE07F1600207F1800107F1BF
:102AD0007000EDF71BFE55F8085094ED095A07F108
:102AE0007001D4ED0A5A07F1480094ED086A07F125
:102AF0005402D5ED016A95ED027AD5ED007A76EEB5
:102B0000C56A37EE657A77EEC67AC7ED166A87ED45
:102B1000177AC7ED157AEDF7F1FE94ED0B7A314691
:102B2000D4ED0C7A224697ED12AA07F18000D7ED7A
:102B3000139A2AEE07AAD4ED0DCA69EEA79A97ED6B
:102B400014DAEDF7E3FD07F1600207F1800107F108
:102B50007000EDF7DBFDDBF8048094ED095A07F116
:102B60005402D4ED0A5A07F1700194ED086A07F196
:102B70004800D8ED016A98ED027AD8ED007A76EE39
:102B8000C56A37EE657A77EEC67AC7ED166A87EDC5
:102B9000177AC7ED157AEDF7B1FE94ED0B6A314661
:102BA000D4ED0C6A224697ED147A07F18000D4ED3B
:102BB0000D7A97ED12BAD7ED13AA27EE27CA2BEE9E
:102BC00006BA6AEEA6AAEDF7A1FD07F1600207F1C9
:102BD000800107F17000EDF799FDDBF8086094EDD6
:102BE000095A07F15402D4ED0A5A07F1480094ED4E
:102BF000086A07F17001D6ED016A96ED027AD6ED0A
:102C0000007A76EEC56A37EE657A77EEC67AC7ED5A
:102C1000166A87ED177AC7ED157AEDF76FFED5EDD9
:102C2000027A3AEEE9EA98ED028A7BEE4AEAD5EDBD
:102C3000006A0BF1300238EE678A95ED017AD8ED23
:102C4000004A98ED015A94ED0B6A74EEE64AD4ED11
:102C50000C7A35EE475A94ED0D4A97ED129AD7ED5E
:102C6000138AD7ED143A29EE069A8BED088A68EE9E
:102C7000A78A95ED027AD6ED026A79EE4ADACBEDB3
:102C8000064A76EEC76AD6ED005AB0EE4C7AD5ED1C
:102C9000002A8BED075A6DEECE7A96ED016A75EE3D
:102CA000E25A95ED013AADEE2C7A64EEE6CACBED30
:102CB0000B6A36EE436ACBED095A25EE65CAE5EE9E
:102CC00088CA28EE468A8BED0A6AA6EE24CA38EE38
:102CD000E9DAA6EE858AA3EE847A2CEEAC0AEEEE53
:102CE0008D7AF0EE084AB7EE005AA8EE080A87EE91
:102CF00024FAACEE0C0AC5EE27FAB5EE400AF1EE66
:102D000010FA00F1EE83B1EEC07AF7EE006A77EECA
:102D1000667AF0EEE77AF4EEEB7AF1EE10FA0AD486
:102D2000B5EE407AF1EE10FA36D088EE078ACCEE96
:102D300087CA8CEE07CA8BED0C8ACBED0DCA8BEDE2
:102D40000ECAB4EECABAF1EE10FA3FF7E5ADB4EE32
:102D5000CB9AF1EE10FAB4EECA9A7BFE097AF1EE44
:102D600010FAF4EEE9AA54BFB0EE497AB0EE4A7A0E
:102D7000F1EE10FA3FF7E5ADF4EEEA8AF1EE10FA63
:102D8000F4EEE98A3AFEA86AF1EE10FA54BFF0EECA
:102D9000686AF0EE696AE3E59FED15CAF0EE66CA6F
:102DA000B0EE4C8AC7E7002E37D1D7F8B0304FF0DD
:102DB00008082020FB6205F013FBC7F8B0000023D1
:102DC00040F825300135ADB2A845F9D8FB6A4BB1C2
:102DD000184605F00DFB054B3A6B1B69B7F8A86068
:102DE0009B587B63A7F8AA801BE600BFB84500206C
:102DF00000000000586E013403685B689847C34BBD
:102E0000E2B22844197D85B291423FF623AD2EE50A
:102E1000FB6A3B61BD4B197D66E54FEA4608D7F872
:102E2000B0501FFA88F8FD624FEA880005F0D8FA22
:102E3000C7F8B000B8F1000FC8D04645B646C5F394
:102E40000202294628BFC646BEF1080F94BF0023E0
:102E50000123002A18BF0023002B00F07D812B1DC9
:102E6000C31A082B40F27881BEF1000F00F1200C4C
:102E700000F1100201F1100114BF734601231D4639
:102E80007B62A34BAD08013DADB20CEB051C1D0CE4
:102E900003F1040B1032002310316BF30F03944540
:102EA00005F1040B05F1010511ED086B11ED067B31
:102EB0006BF31F43ADB202ED086B02ED067BE6D16A
:102EC000796A21F003028A4293B216D05D1CF96A36
:102ED000ADB251F82320754540F823200DD251F8AA
:102EE000252040F825209D1CADB2754505D251F82E
:102EF0002520033340F825209DB2A8453FF65FAF5B
:102F000064E7CB46002107F1A800EFF7D7FB814B20
:102F1000814C00259A46DBF800309FED808AAEB2E6
:102F20009B69DFED7F8AA3429FED7E9ADFF8F881EF
:102F300040F0D580DBF820000368DB69534540F0A2
:102F4000D58040F23B20B04240F2D480DBF8003024
:102F50009B69A34240F0EA80DBF820100B68324600
:102F600007F180009B689847D7F8AC30D7ED207AFE
:102F7000D7ED214A002B00F0338293ED037AB4EEB3
:102F8000E77AF1EE10FA15D893ED057AB4EEE77A08
:102F9000F1EE10FA0EDB93ED047AB4EEE47AF1EE82
:102FA00010FA07D893ED067AB4EEE47AF1EE10FA4F
:102FB00080F2DF8093ED0C7AF4EEC77AF1EE10FA2E
:102FC00015DB93ED0E7AB4EEE77AF1EE10FA0EDB34
:102FD00093ED0D7AB4EEE47AF1EE10FA07D893EDA2
:102FE0000F7AF4EEC74AF1EE10FA40F2758193EDD4
:102FF000157AB4EEE77AF1EE10FA15D893ED177A58
:10300000B4EEE77AF1EE10FA0EDB93ED167AF4EEF9
:10301000C74AF1EE10FA07DB93ED187AF4EEC74ACF
:10302000F1EE10FA40F25B8193ED1E7AF4EEC77A6E
:10303000F1EE10FA15DB93ED207AF4EEC77AF1EE9B
:1030400010FA0ED893ED1F7AB4EEE47AF1EE10FA8E
:1030500007D893ED217AB4EEE47AF1EE10FA80F21B
:103060004181DBF800309B69A34272D1DBF820007C
:1030700003681B69434569D1ABB203EB43032433B7
:10308000184400230370DBF800309B69A3425AD137
:10309000DBF8200003681B69434551D1ABB203EB59
:1030A00043032433184400234370DBF800309B694A
:1030B000A34242D1DBF8200003681B69434539D1A4
:1030C000ABB203EB43032433184400238370DBF8D3
:1030D000003001359B69AEB2A3423FF42BAF584696
:1030E00098470368DB6953453FF42BAF9847B042DC
:1030F0003FF62CAF07F1A800FEF74EFCD7F808D03A
:10310000D437BD46BDEC108BBDE8F08FB84500202C
:10311000020003007D020000B10400000000000076
:10312000FFFF7F7F6F12833AE505000058469847FE
:10313000014613E731469847C7E758469847BBE72B
:1031400031469847AFE758469847A3E73146984736
:1031500097E7584698478BE7FB6A00251A1F031F1D
:10316000013552F8041FADB243F8041F7545F7D37B
:10317000C3E61A465368002B7FF4FFAE1088002880
:103180003FF46FAFD2F808C04FF00009F7EE002A05
:10319000F0EE481AACF10401B0EE482ACE46B0EE8B
:1031A000481A4A46B0EE684A02E00132904251D0D5
:1031B00051F8043F93ED1A6AB4EEC64AF1EE10FAE4
:1031C000F3DDD3ED026A93ED015A74EEE66A93EDF6
:1031D000097A37EEC55AD3ED0A3AD3ED005A27EEF5
:1031E000667AA5EE237A27EE257AB5EEC07AF1EE5F
:1031F00010FADAD493ED073AD3ED083A66EE836A13
:10320000E5EE636A65EEA65AF5EEC05AF1EE10FAE5
:10321000CBD4B4EEE27AF1EE10FAC6DCF4EEE25A68
:10322000F1EE10FAC1DC72EEC76A76EEE56AF5EEF1
:10323000C06AF1EE10FAB8DB96460132F0EE651A7C
:103240004FF001099042B0EE472AB0EE661AB0EE98
:10325000464AADD1B9F1000F47D1DBF800304A46FC
:10326000C7F834909B69A34240F09680DBF82000B9
:1032700003681B69434540F09880ABB203EB4303FE
:10328000243318440270DBF800309B69A34240F0FD
:103290009780DBF8200003681B69434540F0978066
:1032A000ABB203EB4303243318447B6B4370DBF86E
:1032B00000309B69A34240F09080DBF82000036857
:1032C0001B69434540F08680ABB203EB43032433D4
:1032D000184480F80290FAE603F124024AE703F169
:1032E000480247E703F16C0244E75CF82E301A6DA0
:1032F00092ED017AD2ED027AD2ED006A22EE077ADF
:10330000DA6C62EE277A62EE266A92ED005AD2ED0E
:10331000015A92ED026AE5EE016AA5EE817A5A6DD4
:10332000E6EE017A92ED005AD2ED015A92ED026A70
:10333000E5EE216A93F86420A5EEA17AE6EE217A03
:10334000C7ED1C6A87ED1D7AC7ED1E7A002A4AD1A7
:10335000F0EE487AB0EE487A07F16000D3E9113117
:103360000A68D2F8009007F1800287ED207AC7ED55
:10337000217A87ED228A009207F17002C84797F8F8
:10338000613097F860207B63DBF8003097F862903B
:103390009B69A3423FF46AAF3A6358469847036873
:1033A0003A6B1B6943453FF468AF3A63314698472F
:1033B0003A6B0270DBF800309B69A3423FF469AFBF
:1033C0005846984703681B6943453FF469AF314647
:1033D00098476AE7314698477BE7584698476EE733
:1033E00007F1A802CAE6F7EE007A9A6D71EE677AE5
:1033F000F0EEE77AF4EEC97AF1EE10FA52D592EDDA
:10340000006A92ED011AF7EE007ADA6D72EE677AD1
:10341000F0EEE77AF4EEC97AF1EE10FA32D592EDD9
:10342000007AD2ED017AF7EE006A1A6E37EE067A6C
:1034300077EE817A71EEE66AF0EEE66AF4EEC96A3A
:10344000F1EE10FA0ED5D2ED006AD2ED011A37EE88
:10345000267A77EEA17A7FE79CB00B4602AABA6281
:10346000FFF711BAF0EEE16AF4EEC96AF1EE10FA74
:1034700028D4D2ED006A92ED016A61EEA66A61EE8F
:10348000861AE4E7F0EEC27AF4EEC97AF1EE10FAA9
:1034900022D492ED007AD2ED017A22EE077A62EE22
:1034A000277AC0E7F0EEC17AF4EEC97AF1EE10FAAD
:1034B0000DD492ED006AD2ED017A21EE066A21EE7A
:1034C000271AA0E7F0EE481AF0EE486ABFE7B0EE20
:1034D000481AB0EE486A96E7F0EE487AB0EE487ABD
:1034E000A1E77A6002F0DEFC7A68B0EE407A0CE484
:1034F000BA4B30B51B7803F01F02052A09D803F038
:103500000703013B042B2AD8DFE803F0424B552484
:103510003800063A0C124FEA214E172A00F2588161
:10352000DFE812F00601FF00F000E1004F0051015A
:10353000490141013A012A011D010D01B000A90014
:103540009E009000830076006F006800D500D100D7
:10355000C500B700A24B03EA012343EA2141A14B76
:1035600000EB40004FEA214E1A684FEA212C131855
:1035700002F800E083F801C0997030BD0A0401F43C
:103580007F4302F47F0243EA214342EA0301E6E774
:103590000B02C1F3072201F47F019BB213431943CD
:1035A000DDE70B020A1203F47F03C9B202F47F4283
:1035B00013431943D3E70B0403F47F0343EA2121A8
:1035C000CDE7894DC1F3072E00230D4045EA016583
:1035D0004FEA156CC5F30745002282496CF30702D8
:1035E000096865F30F226EF3174263F31F6241F817
:1035F000202030BD5FFA8EFC4FF0000ECDB2E3B25A
:10360000EAE75FFA8EFC4FF0000EE5B2CBB2E3E7DB
:103610004EEA016501F47F432B434FEA156CC5F375
:103620000745C3F3072EDBB2D6E7E3B243EA0E2326
:1036300043EA01634FEA136CC3F30745C3F3072E54
:10364000DBB2C9E70B029BB243EA046343EA0E0311
:103650004FEA136CC3F30745C3F3072EDBB2BBE796
:103660002206CBB242EA0E2E4FEA1E6CCEF307457D
:10367000CEF3072EB0E75FFA8EFC00255FFA81FEDD
:10368000E3B2A9E75FFA8EFC0025C1F3072ECBB2A7
:10369000A2E722044EEA016302F47F024FEA136CB0
:1036A0001343C3F30745C3F3072EDBB294E74E4D34
:1036B000E3B24FF0000E0D4045EA01654FEA156C8C
:1036C000C5F3074588E70B0403F47F03BCE721F447
:1036D0007F434FF0000E43EA04634FEA136CC3F3D9
:1036E0000745DBB278E70B0403F47F0343EA046386
:1036F00043EA0E234FEA136CC3F30745C3F3072EC7
:10370000DBB269E70B02384A9BB20A4043EA046322
:1037100013434FEA136CC3F30745C3F3072EDBB221
:103720005AE75FFA8EFC0023CDB2C1F3072E53E7B0
:103730005FFA8EFC0023E5B25FFA81FE4CE70B04D2
:1037400001F47F414FF0000C41EA0E0103F47F03C6
:103750000B43C3F30745C3F3072EDBB23CE70A0470
:103760004FF0000CE3B202F47F0242EA0E2ECEF3D9
:103770000745CEF3072E2FE70B0222049BB202F47B
:103780007F0243EA0E0313434FF0000CC3F30745D7
:10379000C3F3072EDBB21FE7CBB2220443EA0E23AA
:1037A00002F47F02EFE7C1F307455FFA81FEE3B25F
:1037B0004FF0000C10E7C1F30745C1F3072ECBB261
:1037C0004FF0000C08E7CBB21B0443EA01638FE71C
:1037D00000239E461D469C46FEE600BFFC6101207C
:1037E00000FFFF00F86101200000FFFF2DE9F04F0E
:1037F00089B00793C36805909A4200F24481037828
:1038000044685B0084F8A53040F20113A4F82F311E
:103810000023F3F73FFF0690002800F03481129B4D
:10382000002B00F032814FF0000B0599129ACB6803
:10383000A2EB0B024D680C789A421646284628BF28
:103840001E46129B9B1B0496F6B25B4501938CBFF0
:10385000002301230293F3F735FB002800F01081C9
:103860004FF000036400012E4FF0000AE4B2A5F807
:10387000A23040F2014338BF0126DFF84483BAF199
:10388000020F44EA0303D8F8009003932B6931D95F
:10389000544695F8A320872A4FD959690A0500F1A3
:1038A000B28011F4105F40F07E81D8F80020A2EBC6
:1038B0000902322A00F27781022C95F8A30094BF06
:1038C00000270127B0420AD34FB1D86D400706D177
:1038D0008A0500F19C80029A002A00F09880EFF798
:1038E0005BFABAF1020F00F24C81A2462B69BAF1E1
:1038F000020FCDD8DA6D500702F00701C8D4701E50
:1039000054465144039F40F4807044B91F6601340B
:103910000A1B032ABDD8022CBBD8002CF6D0012CE0
:1039200000F03581019A5A4502D84FF400721A66A8
:1039300095F8A3200324872AAFD8D96D11F4E02F7E
:10394000C1F30240A9D0511C1F6F05EB020C0128E6
:10395000C9B285F8A3108CF81A709ED088299CD023
:1039600002F1020C1F6F294402285FFA8CFC85F8D3
:10397000A3C08F7691D0BCF1880F8ED0D11C1F6F61
:10398000AC440328C9B285F8A3108CF81A7084D00F
:10399000882982D002F1040C1F6F294404285FFAA1
:1039A0008CFC85F8A3C08F763FF477AFBCF1880F0D
:1039B0003FF473AF511D1F6FAC440538C9B285F891
:1039C000A3108CF81A703FF468AF88293FF465AFF4
:1039D00002F1060C1F6F294401285FFA8CFC85F860
:1039E000A3C08F763FF459AFBCF1880F3FF455AFB9
:1039F000196F0732AC4485F8A3208CF81A10596966
:103A00000A057FF54EAF1A6942F440721A61DA6D09
:103A100012F4E02F03D01A6942F400721A6195F88B
:103A2000A330049A9A422ED1002A00F0B280059B5E
:103A30005D6800242846079F2646DDE9045817E004
:103A400090F8A23090F8A3209A4203F101020344B7
:103A500040F2B18080F8A220987E01343E44A4B2A6
:103A600006F80B00A542264640F29380D8F80400E1
:103A70000368524A5B699342E2D09847C0B2ECE7D0
:103A8000049B042BD5D000230693069809B0BDE80B
:103A9000F08FD96D11F4E02FC1F3024053D0511CC7
:103AA000D3F870C0AC180128C9B285F8A31084F807
:103AB0001AC048D0882946D0941CD3F870C0294435
:103AC0000228E4B285F8A34081F81AC03BD0882CC4
:103AD00039D0D11CD3F870C02C440328C9B285F862
:103AE000A31084F81AC02ED088292CD0141DD3F826
:103AF00070C029440428E4B285F8A34081F81AC0B4
:103B000021D0882C1FD0511DD3F870C02C4405380B
:103B1000C9B285F8A31084F81AC014D0882912D02D
:103B2000941DD3F870C029440128E4B285F8A3405D
:103B300081F81AC007D0882C05D0196F07322C44A1
:103B400085F8A320A17659690C053FF55CAF11F407
:103B5000105F28D1D8F80020A2EB0902322A22D81F
:103B600095F8A320B2420AD34FB1DA6D500706D1BF
:103B70008A053FF54CAF029A002A3FF448AFEFF7B1
:103B80000BF995F8A3202B69872ADCD881E7186602
:103B9000BDE6049B9B44129B5B453FF646AE0698F0
:103BA00009B0BDE8F08F1A6942F440721A614FF40F
:103BB00000721A662BE7FF204FE700BFC92A0100F9
:103BC000784701202DE9F04F066883B09B46DDF869
:103BD0003090002E36D0446896F813C0D4E90035F2
:103BE000BCF1000F40F00481B468B6469C4200F07E
:103BF0004581AB4CB360A469DFF8B4C2C4F30118CB
:103C0000C4F382645CF828800134B8FBF4FC002B18
:103C100040F03681A04506D30CF10104B4F5817F54
:103C2000C0F04E819F4BF36034684FF0000C764635
:103C3000C4F810C04FF0030CC4F824C0236401235F
:103C40002566236190F90E305C1C40F0BF80002A8D
:103C50003AD0013A01F1FF3A0DF1070440F2012890
:103C60008D1804E02146FDF7C9FB55452CD01AF804
:103C7000013F8DF80730002EF4D032684FF0010C70
:103C80002146C2F810805366136F9F0707D40B4676
:103C9000576F11B103F8017B19460CF1FF3C5369D2
:103CA000DB07F1D5BCF1000FDFD0136F9F07FCD409
:103CB0000B46D2F874E011B103F801EB1946BCF1E0
:103CC000010CF2D15545D2D1B9F1000F41D009F123
:103CD000FF350BF1FF380DF10704FF275D4440F27B
:103CE000012909E02146FDF789FB9DF8073008F816
:103CF000013F454506682CD08DF80770002EF1D0A5
:103D0000326821460126C2F810905766136F9B0750
:103D100007D40B46D2F874E011B103F801EB194651
:103D2000013E5369DB07F1D5002EDED0136F9B07F0
:103D3000FCD40B46D2F874E011B103F801EB19463C
:103D4000013EF3D19DF8073008F8013F454506686C
:103D5000D2D190F90E305D1C29D126B3F37C13B378
:103D6000DC0704D5B16A4FF0E022C2F800119807D1
:103D700004D5F16A4FF0E022C2F80411590704D5C6
:103D8000316B4FF0E022C2F808111A0704D5716BAD
:103D90004FF0E022C2F80C11DB0604D5B26B4FF0F5
:103DA000E023C3F81021012003B0BDE8F08FDBB29F
:103DB000362BD2D819013C4A02EB03135258D9686A
:103DC0005068084276D0C2F88410C6E7DBB2362BC2
:103DD0003FF63DAF1D01344C04EB03136459DD681D
:103DE000D4F804C01CEA050F55D0C4F888502EE75B
:103DF00072B696F813C01CF0010F08D04FF0E028FF
:103E00007769D8F880413C40B462C8F880411CF022
:103E1000020F08D04FF0E028B769D8F884413C4041
:103E2000F462C8F884411CF0040F08D04FF0E02879
:103E3000F769D8F888413C403463C8F888411CF0E1
:103E4000080F08D04FF0E028376AD8F88C413C4082
:103E50007463C8F88C411CF0100F08D04FF0E02EAE
:103E6000776ADEF890413C40B463CEF8904162B688
:103E7000B468D0F800E09C427FF4BBAEF368D3E6B0
:103E80009C451BD3BCFBF3F4BCFBF4FC9C457FF6C8
:103E9000C5AEA446C0E69B68044C1C60D7E600BFD4
:103EA00000C00F40FF7F7F00381D00203830010028
:103EB000A82000209B68084A1A604EE70023B2E65B
:103EC000022CFBD9023C4FEA540C4FEA0C4343EA64
:103ED0000C232343A7E600BF38F001002DE9F84387
:103EE00090F82F81B8F1000F6DD00546F2F7EAFF88
:103EF000002868D0414E4FF00009376800E0A14625
:103F0000C8452A6936D24C46536919052BD4580541
:103F100068D499045CD43168C91B322958D8A045AB
:103F200004D2D26D520701D1980565D4EEF734FF63
:103F3000C845E4D22A695369190514D4580551D4E7
:103F4000990445D43168C91B322941D8A04504D20F
:103F5000D26D520701D19B054ED4EEF71DFF2A69A1
:103F600053691905EAD51369042043F440731361BA
:103F7000BDE8F883D16D4C46480701F00703C3D470
:103F800013E095F8A5100133022441F48061042B5D
:103F900011661BD0804503F1010305EB00010ED92A
:103FA00091F8A510042B1166AED00120002CE8D0AA
:103FB000204601330134804505EB0001F0D84FF471
:103FC00000731366A0E70420BDE8F88301249BE793
:103FD00013694FF40071042043F4407313611166B8
:103FE000BDE8F88313694FF40071022043F4407375
:103FF00013611166BDE8F8830020E5E778470120EA
:10400000F8B5A54C0146A36A002B51D040F201102F
:1040100094F83020A14E5200A3F82F01186883F8BD
:10402000A5200268B24240F03F81B3F830210D462E
:10403000E2B915F8011BB3F830211ABB15F8011BC2
:10404000B3F83021002A40F0EE8015F8011BB3F8D8
:104050003021002A40F0DF802978B3F83021002A8F
:1040600040F0CE801846BDE8F84037E7022283F8DA
:104070002F21002283F8A620026815F8011BB24206
:1040800040F01E8193F82F21882A00F209819818A8
:10409000013283F82F21A36A80F8A5101A6815F859
:1040A000011B1268B242CBD018469047A36AC5E004
:1040B000226C01F1040C206D1368666A23EA000388
:1040C0001360D4E90E0311F8012B4EB135686A660E
:1040D000EA6D12F4F81FFBD06A6F6145F3D1F8BDA9
:1040E000056812F0800FA76C0CBFBD433D4312F072
:1040F000400F05601D68E76C45EA07051D601D68F7
:10410000E76C25EA07051D600568A76C0CBFBD4379
:104110003D4312F0200F05601D68E76C45EA070576
:104120001D601D68E76C25EA07051D600568A76C22
:104130000CBFBD433D4312F0100F05601D68E76CD6
:1041400045EA07051D601D68E76C25EA07051D6047
:104150000568A76C0CBFBD433D4312F0080F056016
:10416000E76C1D6845EA07051D601D68E76C25EAD8
:1041700007051D600568A76C0CBFBD433D4312F0E9
:10418000040F05601D68E76C45EA07051D601D68A2
:10419000E76C25EA07051D600568A76C0CBFBD43E9
:1041A0003D4312F0020F05601D68E76C45EA070504
:1041B0001D601D68E76C25EA07051D600568A76C92
:1041C0000CBFBD433D4312F0010F05601D68E76C55
:1041D00045EA07051D601D68E76C25EA07051D60B7
:1041E0000268A56C14BF2A43AA4302601A68E56CF2
:1041F0002A431A601A68E56C22EA05021A606CE725
:1042000093F82F21882A3CD901225A60A36A1846C4
:10421000BDE8F84062E693F82F21882A29D90122C7
:104220005A60A36A14E093F82F21882A1DD89818A1
:10423000013283F82F21A36A80F8A5101A6815F8B7
:10424000011B1268B2423FF402AF18469047A36ABE
:104250001A6829781268B2423FF4FFAE18469047B8
:10426000A36A1846BDE8F84038E601225A60A36AFE
:10427000E4E79818013283F82F21A36A80F8A5108B
:10428000E6E7501C1A4483F82F01A36A82F8A510B0
:104290001846BDE8F84021E6E8500120012B010056
:1042A00001225A60A36AF9E618460D46002190479C
:1042B000A36A15F8011B1A681268B2423FF4BBAE3C
:1042C00018469047A36AE9E6F8B50D4672B63D4A2E
:1042D00000233D49841C91610221D16140F20641D5
:1042E000C2F8A030C2F8F0124FF47021C2F8F432D4
:1042F000C2F8F832C2F8FC3220F01F03C2F8A41052
:104300000121C2F8B010BFF34F8F4FF0E022C2F886
:104310005C3F20339C42FAD8BFF34F8FBFF36F8FBF
:10432000284A5369DC07FCD50123284920F07F4047
:10433000244C53614026C2F8F01242F20121244F6E
:10434000C2F8F4122349C2F8BC30C2F8A00002201F
:10435000C2F8A410C2F8B03001E0590627D463694E
:10436000DA07FAD541211C4B0020164A6161012170
:10437000C4F8F032194DC4F8F402194CC2F8B81060
:10438000C2F8A000C2F8A450C2F8B0105369DF0709
:10439000FCD551612378DE07F0D41368094943F056
:1043A000010313600B68DB07FCD462B6F8BD294635
:1043B000024618B10544384603F0A8F800206661AB
:1043C000CDE700BF00802A40F05AF05A32041808A6
:1043D00080812A4002000F000504012401000F0023
:1043E00000812A40C14B0021C14A2DE9F04F1B78C2
:1043F00083B0DFF874A303F01F03BE4D9AF800B03A
:10440000052BBD4B1B8894BF03EB43039B00C5E901
:1044100000111360C5E90211BBF1000F3AD0B74893
:104420004FF0010EB64CDFF84493DFF84483B54FEC
:1044300010F8013B362B4FEA031C04EB031226D87D
:1044400054F80C3003F1040CC3F38733032B1ED84C
:10445000D26855F8236092FAA2F208F80130B2FA55
:1044600082F209F801200EFA02F246EA020BA64E89
:1044700045F823B057F823B02BEA020B47F823B0D6
:104480005CF806301A434CF806209AF800B0013167
:104490005945CDD3974B03F11001BFF34F8F4FF028
:1044A000E022C2F8703F20339942FAD8BFF34F8F11
:1044B000BFF36F8F954A9FED967AD2ED007AD2EDD9
:1044C000006AF8EE677ADFED935AF8EE666A9FEDC0
:1044D000926A864B67EE877A92ED007A66EEA56A5D
:1044E0001B78B8EE477A8D4EFCEEE77A03F0C003F6
:1044F000FCEEE66A27EE067A402B17EE901A16EECF
:10450000902ABCEEC77A8FB290B2378217EE102A8B
:10451000708292B2B28208D17F0040005200BFB2D6
:1045200080B292B237827082B2827D4B4FF0250802
:1045300000244FF0050ED98B43F20B0C4FF4804B47
:10454000DFF8309221F007010904090CD983A3F8A0
:104550000E804FF041087349A3F814805C81DC8021
:104560001F801F8243F22307DFF80C829F81A3F88C
:104570002EE05C85DC841884188641F61D50A3F873
:104580002CC0A3F84EE0A3F84A40A3F84640A3F895
:104590004020A3F85020A3F84CC00B6F43F4400315
:1045A0000B671D21604B1A8802F47F4242F02402FF
:1045B0001A801A88D2B242F414521A805A8802F42D
:1045C0007F4242F026025A80A3F88400A3F88610A6
:1045D0005648FDF741F9464BB2694FF4A07C196883
:1045E0005348C900156050608FB25249D460916140
:1045F0005149C2F8088011610821D782A2F814B08D
:10460000D78396F81CE091834C4F4D4AD9F800307F
:1046100047F82E4047F82E204A4A4B481A604B4A2A
:10462000A3F814B01A614A4AA3F816C05A60A3F856
:104630001EC09B619C83C3E90284FDF70DF90368EA
:10464000D9F80020998BDFF834C121F080010904EA
:10465000090CD2E9009E9983D2E90217C3E9009EB2
:1046600099600179DF600CEB511001F01F0E4FF0E3
:10467000010C80000CFA0EFCD2E90479D2E906E2C2
:10468000C3E90479C3E906E22C4F0BB2314A103179
:1046900047F8234047F823202F4B304A43F8212086
:1046A000C0F800C02E48FDF7D7F8114B2149186813
:1046B000336A1F4A9961C1005A6089B2234A1D605A
:1046C0001A61D982D983882196F8242099832146BA
:1046D000C3F80880A3F814B0DC60224B47F82240EE
:1046E00047F822309AF800204AE000BFFC61012020
:1046F000F4450120E08A2020F461012000620120BD
:10470000381D002068C00A4000801BFE543800207D
:10471000ACC5A735B00FA1349C5349353862012090
:1047200000801E4000C00F4000C03B40506201208E
:10473000080002230000FFFF84801B4000C00E40E1
:104740001E00008080302020E445012088801B402E
:10475000080002031F000080004000203D480100C7
:10476000586201205E000080F84501203446012097
:10477000FC450120804601201000007C40380038B4
:104780000A4D00FB02F22868019202F0C1FD084BBD
:10479000186830B1019A214603B0BDE8F04F02F02D
:1047A000B7BD2A681A6003B0BDE8F08F6C460120DF
:1047B000F86101202DE9F04FDFF86C8285B0D8F860
:1047C0002020938B1B06FCD5844B854C19682068F0
:1047D000DFF858A28142834D06D09AF800302A684B
:1047E00003FB02F202F092FE7F4B4FF0050C7F4874
:1047F0004FF0250EDA8B41F21006002192B21746D7
:1048000003924FF4205227F00707BFB2DF83A3F8CB
:104810000EE0A3F82EC0A3F84EC0B0F884309BB2CF
:104820001E43A0F88460B0F886309BB243F01003BA
:10483000A0F886306E4802F06BFD29686D4850295B
:104840000A469AF8003028BF50220260002B00F080
:10485000C28023684FF0010B674F0024674EDFF8DA
:1048600090910193029501E0029B196816F8013BB3
:1048700017F8010B019D0BFA03F309EB800000927E
:1048800001FB04510134F2F711FE9AF80030009A4E
:104890009C42E9D3029D564B09EBC210BFF34F8FE8
:1048A0004FF0E021C1F8703F20339842FAD8BFF3AF
:1048B0004F8FBFF36F8F296850296ED8D3005048AF
:1048C000504C082102689BB2C2F800901461D38258
:1048D000918398F824104FF47A7A4B4AB8F8103044
:1048E000117798F81C400133DFF84491D4769BB2DD
:1048F00000790124DFF820B1D076D17602F580125C
:1049000000214248518153854149A2F84A30414B28
:1049100053E8002F0E68076843E80042002AF7D1E9
:10492000DBF804E02A68AEEB070ED9F800C00AFBFA
:1049300006F6D8F8287002EB8202AEFB0CECF61BF0
:104940005200BCF57A7F94BF664406F57A7602F58C
:1049500096729642DCD3039A0126234C42F007025A
:10496000E28353E8002F0C68056843E80062002AE0
:10497000F7D1294B5B684FF47A71D9F800205B1BA3
:1049800001FB04F4A3FB02328A4294BFA41864180A
:10499000C8F8284005B0BDE8F08F204B4FF4A07454
:1049A000174878291A68174E0368C3F800901E61EB
:1049B0004FF00006DC829E834FF012069E83184B58
:1049C0001360D48204D99683164B01221A7080E7B3
:1049D00010239383F8E7DFF818905CE7F861012073
:1049E0006C460120F445012000801E4000C03B4081
:1049F00080302020F0450120FC4501203446012074
:104A0000E445012088801B4000800E407C47012047
:104A10007847012074470120001000E08046012003
:104A200080442020EC45012038620120F845012017
:104A30008047012038B52DED048B90F82C50F7EE0F
:104A4000007A90ED009AB0EE408A092D044677EE88
:104A5000C98A5BD86A1C00EB85039FED547AD5B2F6
:104A600080F82C50012D83ED010AD0ED017A77EE0C
:104A7000877A05D090ED027A022D77EE877A57D1AA
:104A800007EE105A94ED116ADFED495AB8EEC77A75
:104A9000C7EE876A66EEA87AE8EE097A77EEC66A0C
:104AA00086EEA57AB5EEC07AF1EE10FA01D59FED4B
:104AB0003F7A9FED3F6AD4ED0F5AD4ED0E6AA5EE12
:104AC000C67A94ED0D0ADFED395A67EE266A84ED59
:104AD0000C7AA6EE860AB4EEE50A84ED0D0AF1EE34
:104AE00010FA55D4B7EE007AB4EEC70AF1EE10FA18
:104AF00005DDB0EE470AC4ED0C5A84ED0D7A37EEB1
:104B0000800AC4ED117ABDEC048B38BD00F10801B8
:104B10002422043003F0E8FBD4ED017ADFED236AB0
:104B200094ED027A77EEA67A84ED0A8A77EE877A98
:104B300094ED037A032D77EE877AA1D094ED047A71
:104B4000042D77EE877A9BD094ED057A052D77EECC
:104B5000877A95D094ED067A062D77EE877A8FD0F6
:104B600094ED077A072D77EE877A89D094ED087A4D
:104B7000082D77EE877A83D094ED097A092D77EEA8
:104B8000877A3FF47DAF94ED0A7A77EE877A77E7FC
:104B9000B0EE650AC4ED0C5AC4ED0D5AC4ED117A9D
:104BA00037EE800ABDEC048B38BD00BF000000006A
:104BB000CDCCCC3DF6EE006A91ED017AD1ED007AD4
:104BC00027EE267A67EEA67A80ED017AC0ED007AAC
:104BD000704700BFB4EE400BF1EE10FA80F1A580F3
:104BE000B0EEC07B9FED6B6BB4EE467BF1EE10FA3E
:104BF00000F390809FED697BB4EEC70BF1EE10FAE5
:104C000000F381809FED677BB4EEC70BF1EE10FAE5
:104C100000F1B680B5EEC00B30B5F1EE10FA2DED17
:104C2000028B8DB07DD400259FED607B30EE070BAD
:104C3000FCEEC07BB8EE678B17EE903A30EE488BF7
:104C4000002B76D1302321208DF82D303DB1013855
:104C50002D22C0B200F130036B4403F8242C554CD4
:104C600023782BB103ABC0F122011844EEF7D4F93D
:104C7000B2EE046B2E2322788DF80C3028EE067BE2
:104C8000FCEEC75BCDED015A9DF8043005EE903A7D
:104C90003033B8EEE55B8DF80D3037EE457B27EE0F
:104CA000067BFCEEC75BCDED015A9DF8043005EEA6
:104CB000903A3033B8EEE55B8DF80E3037EE457B39
:104CC00027EE067BFCEEC75BCDED015A9DF8043064
:104CD00005EE903A3033B8EEE55B8DF80F3037EEE5
:104CE000457B27EE067BBCEEC77B17EE103A3033D0
:104CF0008DF810301AB1052103A8EEF78DF90DB02B
:104D0000BDEC028B30BD2B4B1B788BB103212A48A5
:104D1000EEF782B9274B1B7853B103212748EEF7F2
:104D20007BB9B1EE400B01257EE7224B1B7863BBBC
:104D30007047234C092B4FF02100A4FB032E4FEAB0
:104D4000DE0E0EEB8E02A3EB420202F130028DF872
:104D50002D207FF67BAFA4FB0E3201387146D208BE
:104D6000C0B2092902EB820300F1300CAEEB430321
:104D70009646EC4403F130030CF8243CEBD865E78D
:104D80000C4B1B78002BC1D1704703210D48EEF767
:104D900043B900BFFFFFFFFFFFFFEF7F000000E010
:104DA000FFFFEF41000000E0FFFFEFC12F431CEBCE
:104DB000E2360A3F704701208C3300208833002000
:104DC000CDCCCCCC843300202DE9F04704461546E9
:104DD000501CE268904214D822780E466168520056
:104DE00081F8A52040F20112A1F82F219BB167683C
:104DF0001A4A3968D1F80480904504D1B7F83021B7
:104E00008AB9BDE8F087194638460122C047804676
:104E1000B8F1010FF5D12A46314620460123BDE8FD
:104E2000F047F2F737BC97F82F21892A0FD04FF0BF
:104E30000109C84607F1A50019461044424602F090
:104E400065FB97F82F31994487F82F91E0E701210E
:104E50004FF000097960C846ECE700BF7D410100D2
:104E60000368F0B45BB300249C600124DC60244C34
:104E7000244D1C44241145F8241003211A60224AB1
:104E800099600379214D13551378517820488B424E
:104E9000C0F8285228BF0B469178D2788B4228BFA1
:104EA0000B46934228BF13461A484FF0E0224FF0BA
:104EB000806180F87A30C2F80C11F0BC7047164E51
:104EC0004FF0010C154CF56E154F45F44055F56645
:104ED000C7F800C0A568046075B1124DA6690560E9
:104EE00066B11035A66A056046B1A56B3034046022
:104EF00015B10360F0BC70472346B8E72B46B6E710
:104F000000BFF7BFE04200206C38002011A700006E
:104F10000040002000E400E000C00F4000410840D5
:104F200000400840104108403D4BDFED3E6AD3EDA4
:104F3000007AD0ED190AF8EE677A90ED1D7A70B517
:104F400087EEA60A04462DED028B90ED188A70EECE
:104F5000C80A30EE070A01F08FFA38EE000A94F81A
:104F6000682084ED1C0A92B394F86A307BB3531E18
:104F7000DBB202E0591E1A46CBB25E1C04EBC6013E
:104F8000D1ED007AF4EEC07AF1EE10FAF2D812B256
:104F900030EE670A237804EBC205DFED236A012BAC
:104FA00095ED027A77EE677A80EE277A37EE267AE9
:104FB0001BD0022B0ED104EBC606D6ED017A94F875
:104FC0006930C4ED1B7A13B16368C3ED007ABDECA0
:104FD000028B70BD04EBC606D5ED036AD6ED017AEF
:104FE00076EEE76AE7EE267AE9E79FED100A04EB32
:104FF000C60627EE000A01F075FBB7EE007AF6EE62
:10500000007A95ED036AD6ED016A37EE400A60EE4C
:10501000277A37EE677A67EE867AE6EE877ACEE70A
:105020007847012000007A4400000000DB0F49406F
:10503000F8B504461546BAB143680E469A4206D8FA
:1050400031462068A560BDE8F84002F0E1B9511C86
:10505000006803F0D5F9074660B1A368C4E900050C
:10506000002BEDD10370EBE7036803B11A70002346
:10507000A360F8BD206810B103F0BAF927600023DF
:10508000C4E90133F8BD00BF002100F1240300F1A1
:105090003002C160016141618161C1610162002131
:1050A00070B5514C046000F5DB6442F8041C42E921
:1050B00003110C329442F8D100F2D565C0F8CC1639
:1050C000C0F8D01600F67D5480F8D4162A46002188
:1050D00011600C3242F8081C42F8041CA242F7D1BD
:1050E00000F580529FED416A80F87D1DF6EE004A82
:1050F00002F66476A0F87E1DC0F8801DF0EE465AD8
:10510000A0F8841DF0EE466A82F85E1FB0EE467A83
:1051100086ED006AF0EE467A86ED016A02F66C765C
:10512000334C02F6747286ED006A4FF0000E86ED85
:10513000016A4FF6FF7C82ED006A00F1100682EDF5
:10514000016A00F684520172211D446011ED016A6A
:10515000033391ED005AB4EEE66A23F803EC03F84A
:1051600001ECA3F8AEE6F1EE10FA83F8B0E6B4EE87
:10517000E55A76FE866AF1EE10FAB4EEE76AD4BF1D
:105180000C463446F1EE10FA01F10801B4EEC75AAC
:10519000D4ED005AC0ED036A58BFF0EE467AC0ED78
:1051A000045AF1EE10FAC0ED057A58BFB0EE457A18
:1051B0009D4237EEA65A37EE256A80ED067A25EE37
:1051C000245A26EE246A80ED075A80ED086A22F8F8
:1051D00002CFA2F876C4A2F8ECC8A2F862CDB5D18D
:1051E000BDE87040E1F72ABA442F0020000000001B
:1051F000F0782020DFF858C0002301224FF07E51C4
:10520000C0F860C04FF4000C8360C0F864C04FF079
:10521000000CC360036143618361C3610362436245
:105220008362C362036343638363C363036443644E
:105230008364C3640365436580F86A20C3660367BB
:105240004367A0F868C08365C1650270704700BFFE
:10525000FFFF7F7F10B4104C034680ED0B0A4FF028
:10526000000C046000201222996198829886C3F88D
:105270001CC0C3F820C0C3F824C0C3F828C0C3F8BA
:1052800030C0C3F838C0C3E90100C3E90300181DEA
:105290005DF8044B03F028B8A02F002026490346F0
:1052A000DFF8A0C0002230B543F8081B00250146F6
:1052B00000F52274C3F800C0203343F81CCC43F837
:1052C000182C43F8142C43F8102C43F80C2C43F8FA
:1052D000082C43F8045CA342ECD100F55E74DFF8BF
:1052E00068E04FF0000C154AC3F800E00C3343F8B7
:1052F00008CC43F8042CA342F6D10022012400F587
:105300002073A0F844250271C0F80825C0F80C25C8
:10531000C0F81025C0F81425C0F81825084A80F8F0
:105320004645026120308342FBD14FF03F4241F8B5
:10533000202F9942FBD130BDB42F00200AD7233C47
:10534000000080BF6F12833ACDCC4C3D4FF07E5CA5
:1053500070B50446C0F800C0C0F810C090B0C0F8E6
:1053600038C000201D4616462062E062A0646065D9
:105370000B6860620993214BA06220636063E06464
:105380002065A065E0656060A060E0606061A0618C
:10539000E061E063206460645868D1F808E0D1ED12
:1053A000017A09A9B3F800C09A68DB680D9005A8D6
:1053B000CDED0A7ACDF82CE0ADF830C00E920F9307
:1053C000FCF7D6FC059B01AA05A804F11001019386
:1053D000069B0293079B0393089B0493EDF72EFF14
:1053E00032687368B0682968226263626A68AB6871
:1053F000A062E1622263636310B070BD385B01207C
:1054000000234FF07E52436002608360C3600261FC
:1054100043618361C361036243628362C262026368
:1054200042638263C363036443648364C364036548
:1054300043658365C365704710B54FF0040E04469D
:10544000944688B080F800E04FF07E500022606003
:10545000E061206460640020A4F848200DEB0E0297
:10546000A062E062206360632062606291ED006A86
:10547000D1ED016A02A99CED007ADCED017A37EEEC
:10548000065AA06077EEA65AE06020616061A061D4
:10549000A0630E4884ED0A6AC4ED0B6A84ED0C7AB1
:1054A000C4ED0D7AE06304A88DED025ACDED035AE8
:1054B000FFF780FB05991A46DDF810C06162211DD7
:1054C000C4F820C0EDF7BAFE08B010BD00002041BE
:1054D000002310B443600381054C0A888B78046074
:1054E00082805DF8044B8371A0F8072043727047F7
:1054F000E02F0020D54BD648D649D74A2DE9F04FAA
:105500002DED028BC3E90010A1F580410024D34D9D
:1055100083B0116000F170019C6200F1E8099C8782
:1055200005F1180051604FF47A7B9462CC4EDFF89D
:1055300098A3DFF89883CB4FC3E90244C3E904443E
:10554000C3E91044C3E91244C3E90644C3E908446B
:10555000C3E90B44C3E90D44C2E90244C2E904446F
:10556000C2E90644C2E908449487D4629463C2E95C
:105570000C44C2E91044C2E91244FCF76DF9BA4A7E
:10558000BA4900F059FCBA48FCF766F9B64AB7497F
:1055900000F052FC05F12000FCF75EF9B24AB34975
:1055A00000F04AFCB34B214606F11A0003F1200239
:1055B000C6F8009074601A608822AF4B3473336170
:1055C000C6F808B03483C6F814A001F0A1FE892201
:1055D000214606F1A500A6F8A24086F8A44001F0F5
:1055E00097FEA64B8822214608F11A00C8F8103011
:1055F0000AF1500388F80C40A8F81840C8F8143095
:10560000C8F80090C6F82E41A6F8324186F8344119
:10561000C8E9014BC6E94E4401F07AFE89222146D1
:1056200008F1A500A8F8A24088F8A44001F070FE97
:105630000AF1A0038822214607F11A007B61904BF2
:10564000C7F808B0C8F82E41A8F832417C603C7316
:105650003C833B61C7F800904FF0000988F8344163
:10566000C8E94E4401F054FE8922214607F1A50005
:10567000A7F8A24087F8A44001F04AFE4FF07E53FD
:10568000C7F82E41A7F832412B60C5F80490C5F841
:105690000890C5F80C9087F83441C7E94E44F2F7FA
:1056A000C7F8784B7849EB620423AC65EB654FF49F
:1056B0008073C5F80091C5F81031744BC5F804919A
:1056C00003F53852C5F80891C5F80C91C5F8149146
:1056D000C5F8189119605C3303F8084C43F8049C32
:1056E0009342F7D1604A4FF0C8086949694800F011
:1056F000A3FB694B6948102269499A8004605A4AA1
:1057000000F09AFB6748584A6749A5F82081046071
:1057100000F092FBA5F828814FF4C878634FEDF7AD
:1057200067FE4FF07C51DFF8A8A14FF07F4307F1EF
:105730001402F9604FF0804107F1240C3A63796458
:105740000221A7F84C40397159495A4C39610AF184
:105750001C01C7F8349039620AF13001C7F808908B
:1057600079655549C7F83890B9665449C7F83C90EF
:10577000F9665349C7F8409039675249C7F84890CD
:105780007967C7F85090C7F800A0C7E906334FF013
:10579000FF237B614FF07E5307CAFB653B667B6648
:1057A0008CE80700C7F878904FF48072FB670AF125
:1057B0003C01C7F8803007F58670C7F88C30C7F811
:1057C0009430C7F8AC30C7F8B430C7F8C030C7F869
:1057D000C430C7F8E030C7F8E430C7F8F030C7F895
:1057E000F830C7F88840C7F89840C7F8A040C7F815
:1057F000A440C7F8B840C7F8CC40C7F8D040C7F8B5
:10580000D840C7F8EC40C7F88490C7F89090C7F824
:105810009C90C7F8A890C7F8B090C7F8BC90C7F89C
:10582000C890C7F8D490C7F8DC90C7F8E890C7F8DC
:10583000F490C7F8FC40C7F80091C7F80441C7F8D6
:10584000084101F063FE0AF13C0143E040450120BC
:10585000EC2F002000003A409045012038620120E2
:105860008447012000440120D838002071470100FE
:10587000E44501208046012000003F4000803F4079
:1058800000C03F40CDCC4C3ECDCC4C3D906401207F
:10589000B1C100002438002058510120E048012007
:1058A00025490100C4480120114301002053012073
:1058B000CDCCD440000080BFAE67BB3E8C65583E67
:1058C000ABAAAA3EABAA2A3E1C2C0060C042012013
:1058D000F83000204FF4807207F5037001F016FED7
:1058E00007F12003BB6501F0F1FD044601F0EEFD78
:1058F00057FA80F057FA84F3B8F1010890F80C12C7
:1059000093F80C2283F80C1280F80C22EBD1E649B4
:10591000E64801F5007CE64CC01B431857FA83F3B8
:1059200093F80C22A4FB02E301F8012F8C454FEA07
:10593000D30303EB4303A2EB830281F80022ECD1F3
:105940009FEDDC8A4FF00008DB48F7EE008ADB4A67
:10595000DB4980ED008AA0F20C7000F06DFAD94BA3
:10596000D949C3F81C801960596083ED028A83ED20
:10597000038A83ED048A83ED058A83ED068AD34B7F
:10598000D34F83ED008A83ED018A3846D14BD24C48
:1059900083ED008A83ED018A04F1200BCF4BD04ABE
:1059A00083ED008A83ED018ACE4B40F8044B83EDF2
:1059B000008A83ED018A4FF6FF73C2F81C801160E4
:1059C000516001A982ED028A82ED038A82ED048A88
:1059D00082ED058A82ED068AADF804308DF8063036
:1059E000FFF776FD6FF07F433861A7F818809C229F
:1059F0007B61202187F8728107F1380087ED078AE3
:105A000087ED088A87ED098A87ED0A8A87ED0B8A78
:105A100087ED0C8A87ED0D8A01F07AFCDFF8189388
:105A20009C22202107F1D400DFF810A301F070FCC4
:105A30003846A24AAC4900F0FFF9AC4F4846C9F8D5
:105A4000088089F80C809C22A949C9E90088FFF7E1
:105A5000EFFA4846994AA74900F0EEF93846C7F8E8
:105A600008809C2287F80C80A349DFF8D492C7E90C
:105A70000088FFF7DDFA914A9E49384600F0DCF9CC
:105A80009E489F4B4FF0010880ED038AC3634FF49B
:105A9000000380ED048A03644FF4803380ED058AAF
:105AA000436404F1140380ED068A036080ED078AE5
:105AB00080ED088A80ED098A80ED0A8A80ED0B8AE4
:105AC00080ED0C8A80ED0D8A80ED128A80ED138ABC
:105AD00080ED148AC0ED0E8AC0F80480E6F72EFD32
:105AE0008AED018ACAF800B004F12C0A89ED018A16
:105AF000B6EE002AC5F82CA10221DFF848A24FF02B
:105B0000100EDFED807A0322C5F848A104F1380AAF
:105B1000DFED7D6A4FF0140CC9F800A04FF01E0AAB
:105B20009FED7A7AB1EE025A89F808A004F144098F
:105B3000DFED772AF0EE0C4A9FED763ADFED763A0C
:105B40009FED764AC5F8809104F1500985F840111F
:105B500085F8501185F8601185F8701185ED4C8A33
:105B600085ED4D8A85ED4E8AC5ED518AC5ED5D8A7C
:105B700085ED618A85ED648A85ED4F2AC5ED5F7AF2
:105B8000C5ED556AC5ED596A85ED567A85ED5A7AA7
:105B900085F888E185F894E1C5ED532A85ED573AFB
:105BA000C5ED5B3A85ED5E4AC5F88C9185ED678A57
:105BB00085F8AC1185F8BC1185F8CC1185F8DC119D
:105BC00004F15C01564FC5F8981156495648C5F87E
:105BD000B41104F168019FED556AC5F8EC1104F1A8
:105BE0007401534B396004F18001DFED525A85EDA9
:105BF0006A2AC5ED6E2A85ED723AC5ED763A85EDD5
:105C0000794A85F8F4E185ED688A85ED698AC5ED04
:105C10006C8AC5ED706AC5ED746A85ED717A85EDA3
:105C2000757AC5ED788AC5ED7A7A85ED7C8AC5F8F6
:105C3000F82185ED7F8A85ED806AC5ED817A87ED53
:105C4000018A87F808C0FA6087ED048AC7ED058AE3
:105C5000016004F18C0183ED018A83F808C01A7396
:105C600083ED048AC3ED058A83ED065A1A7783ED26
:105C7000088AC3ED098AC3ED0A5A83F82C2083ED04
:105C80000C8A83ED0D6AC3ED0E7A196004F1980356
:105C9000C7ED064AA434C5F80832C0ED064A80EDC7
:105CA000018A80F808C04FE02B560120F5FCFFFF69
:105CB000ABAAAAAA000000002C5A0120D838002064
:105CC00085C50000845101206F12833AA451012040
:105CD000AC510120305A01203C320020585F012095
:105CE00064510120605F01207DC5000088450020CF
:105CF000BC3500206DC500005C360020E05A012054
:105D0000FFFF7F7FCDCC6C400000C0C20000C042CE
:105D100033331340CDCC2C409A99D93F0000C84270
:105D2000B461012000409C45D06101200000B443D3
:105D300078610120CDCC4C4074450020485F0120A3
:105D40006C61012000004042C26080ED048AC0ED19
:105D5000058A85ED885A85ED838A85F810C285F815
:105D6000142285ED868AC5ED878A85F8242285ED83
:105D70008A8AC5ED8B8AD5F85032C5ED8C5ADB077F
:105D800085F8342285ED8F6AC5ED907A85F84CC28E
:105D9000C5F8444285ED8E8A85ED928A2DD5EDF7C2
:105DA00027FB1A4800231A494FF0FF32194C1A4DAD
:105DB0004362C362C0F8332080F83720866285656D
:105DC000C0E90131C0E90313144901601449C0E975
:105DD0000524C0E90733134C0723134A41661349CE
:105DE0008366C46500F028F8EDF702FB03B0BDEC54
:105DF000028BBDE8F04FF1F72FBF0B4A0C490D485D
:105E0000C5F8508200F018F8C9E700BFE85001203B
:105E10008000400001010001801A0600F8290020DE
:105E200000093D00A0860100D83800202143010070
:105E3000B1C100002C38002003460846194601F085
:105E4000B9BA00BF08B52DED028BB0EE408A00F064
:105E500055FDB4EE488AF1EE10FA0FD6B5EEC08AC1
:105E6000F1EE10FA0AD8B5EE408AF1EE10FA08D138
:105E700001F048FA22239FED090A0360BDEC028B72
:105E800008BD01F03FFABDEC028B034621221A60E7
:105E90000348BDE8084000F0E7BA00BF000080FFFB
:105EA000BC33002008B52DED028BB0EE408A00F027
:105EB0000FFBB4EE488AF1EE10FA06D6DFED098A40
:105EC000B4EEE88AF1EE10FA02D4BDEC028B08BD04
:105ED00001F018FA88EEA80ABDEC028B21230360BA
:105EE00008BD00BF00000000000000002DE9F04FD9
:105EF0005BEC10AB2DED0A8B4FEA1B5C11EE90EAC8
:105F00000CF1FF3640F2FD70864210EE101A11EED1
:105F1000103A89B05A4665464FEA1E5400F2C680D0
:105F2000C4F30A06A6F2BE367F2E98BF002000F208
:105F3000BD80BFEE000BE14CE14B1444C4F3463589
:105F400003EB451693ED006B93ED027B96ED128B00
:105F500096ED189B96ED162B260D241505EE904A0E
:105F6000360593ED0C4BB8EEE55B951BA5EE062BC5
:105F7000A5EE079B93ED04AB93ED105B93ED08BB8F
:105F800093ED067B93ED0A6B93ED0E3B0C1E45ECF7
:105F90001C4BACEE080BA0EE053BA0EE046B20EE14
:105FA0000A5B30EE024B20EE058BA0EE0B7BA8EED9
:105FB000036B32EE442BA8EE067B32EE002BB0EEE4
:105FC000483B39EE022B95EE003B34EE085B20EEA9
:105FD000080B34EE454B32EE036B34EE084B36EED5
:105FE000046BA0EE076B35EE064B21EE048B18EE2A
:105FF000902AB0EE487BC2F30A556FF47273EB1827
:106000003E2B91EE047B35EE445B35EE065BA1EE54
:10601000057B00F29380AB4B93ED024B93ED005B5D
:10602000B0EE441B93ED042BA8EE051B93ED066B1D
:1060300011EE101A31EE441B01F07F0293ED0E4B6E
:10604000A1EE028BA1EE068B93ED0C6B37EE087B75
:1060500027EE072B921802F10F0403EBC202A7EE02
:10606000046B92ED1C4B03EBC40293ED0A3B93EDE2
:10607000085B53F834605768A7EE035B40180024B0
:1060800022EE023B37EE047BA219A2EE057B07EB62
:106090004033A3EE067B002D5FD043EC102BA7EE20
:1060A000000B09B0BDEC0A8BBDE8F08FD8184EEBA1
:1060B0000E09461E37466FF0010849F1FF36B84514
:1060C0006FF4001777EB0606C0F02081481842EB0A
:1060D0000209461E374669F10006B8456FF40017FD
:1060E00077EB0606C0F03981002A6ADB0020C4F392
:1060F0000A06A6F2BE337F2B40F2FF774FD9724BD0
:1061000000209A4208BF814200F0FD8040F2BD3578
:10611000AE4240F29180012972EB030334BF0123A8
:106120000023BC428CBF00240124A3420ED109B03D
:10613000BDEC0A8BBDE8F04F00F060BC002BC0F254
:10614000CE80B5F5816F75D9002AF0DB09B0BDECC2
:106150000A8BBDE8F04F00F059BCA14280F21381D8
:10616000B7EE003B03F17F5101F50011104641EC01
:10617000150B27EE057B35EE076BB0EEC64BB4EE84
:10618000C34BF1EE10FA61D49FED480B26EE000BE5
:1061900009B0BDEC0A8BBDE8F04F00F067BC002DE4
:1061A0007FF4C7AE9FED437B4BEC16AB26EE077B2F
:1061B00053EC172B23F0004217EE101AA2F1507285
:1061C000B7E6C4F30A0640F2FE3086427EDD40F2B6
:1061D0003340864200F3FA80801BA0F120054FF087
:1061E000FF374FF0FF39874009FA05F9C0F1200861
:1061F000019547EA09054FF0FF3727FA08F945EA04
:106200000905874023EA07072EEA05053D435DD1CE
:10621000019DC3400EFA08F843EA08032EFA05FE72
:1062200043EA0E0303F00103980422F00042CCF38A
:106230000A055EE70025EEE688429341B7EE000BC3
:1062400034BF31EE000B30EE410B2AE7B5EEC06BE8
:10625000F1EE10FA35EE465BBFEE004B35EE075B14
:1062600058BFB0EE434B36EE043B34EE437B37EE83
:10627000067B37EE057B37EE037B37EE446BB5EEDE
:10628000406BF1EE10FA04D12A4601F0004343ECD2
:10629000162B9FED065B8DED045B9DED047B27EED9
:1062A000057B8DED067B6FE7AFF3008000000000FB
:1062B000000010000000000000003043AB6A19C06D
:1062C000100C0020800200200000F03F4BEC10ABCF
:1062D00009B0BDEC0A8BBDE8F04F00F0B7BBB7EEDC
:1062E000000B38EE000B00283FF4DBAEB1EE400BA4
:1062F000D7E64918594B82F400224FF00000524172
:10630000884293415DD3B7EE000BCAE650EA090418
:10631000EFD0534C0025A24208BFA94247D04918EC
:10632000504B52418D4273EB02044AD3994508BF4A
:10633000A84246D103F100439A4208BFA942E2D0E5
:106340009A426FEA0E0E34BF002201224FEADE7E2F
:10635000724577D09FED3D0BA3E64BEC17AB002ABF
:1063600027EE070B34DB002250EA09095DD1BEF1AC
:10637000000FBFF696AE104609B0BDEC0A8BBDE823
:10638000F04F00F04BBB03F140419FED326B01F544
:106390007001104641EC100BA7EE000B20EE060B2F
:1063A00009B0BDEC0A8BBDE8F04F00F06BBBDB1809
:1063B0002A4A8EF4002E4EEB0E0E9D4272EB0E0218
:1063C000A1D24BEC17AB37EE010B6AE600202CE7AD
:1063D000C4F30A02A2F2FF313429C4D8C2F586629E
:1063E0004FF0FF31A2F11D05033201FA05F701FA62
:1063F00002F4C2F120063C4321FA06F73C439140E7
:1064000023EA01012EEA04042143ACD123FA02F26B
:106410000EFA06F632432EFA05F52A4312F001026F
:10642000A2D0B1EE400B01229EE7BEF1000FBFF6F5
:1064300038AEB7EE006B86EE007B8DED027B9DEDF6
:10644000020B2EE621EE010B2BE600BF0000000040
:1064500000000000000000000000007F0000F0FFCE
:106460000000F03F0000E0FF9FED010A704700BF11
:106470000000C07F00F07EBB08B52DED028BF0EE72
:10648000408AB0EE608A00F01BFCF4EE488AF1EE20
:1064900010FA06D6DFED098AB4EE688AF1EE10FA3A
:1064A00002D0BDEC028B08BD00F02CFF88EEA80ADC
:1064B000BDEC028B2123036008BD00BF000000007B
:1064C00010EE103A23F0004300EE103A704700BF80
:1064D000B1EEC00A704700BF0000000030B510EEFA
:1064E000104AC4F30A53B3F57D7FB7EEC06A83B098
:1064F0001BD226EE065BB3F5667F6ED326EE052B28
:1065000025EE021B734B93ED1A3B93ED187B93ED35
:10651000164BA5EE037BA2EE046BB0EE460BA7EE86
:10652000010BB7EEC00B03B030BD40F22E429342D8
:106530005ED8684991ED087B26EE077BFDEEC77BB0
:1065400091ED0A5B17EE903A03F500031B1613F06A
:10655000020F07EE903A01F1700208BF0A46D80711
:10656000B8EEE77BA7EE456B26EE067B1BD403F067
:10657000030301EBC30192ED1A4B91ED002B92ED59
:10658000185B26EE026B92ED163BA7EE045B26EE3F
:10659000074B27EE047BA4EE036BA5EE076BB7EE6B
:1065A000C60B03B030BD92ED142B27EE075B92EDC6
:1065B000126B92ED0E3BA7EE026B92ED0C0B92ED7F
:1065C000104BA7EE030B27EE057BA5EE040BA6EE02
:1065D000070BB7EEC00B03B030BD220D12F4FF6FF6
:1065E000DFD1B7EEC55B00EE104A8DED015AD8E75A
:1065F000B3F5FF6F4BD2384BC4F3836203EB8200D9
:1066000053F822200569C4F31603C4F3C25143F4BE
:1066100000038B40016A03FB02F2A3FB0110E3FBC2
:10662000050202F100518D0F01F04041511A00F0B6
:106630003BFE2A4B9FED257B05EBD47441EC160BFA
:1066400014F0020FA3F1700208BF1346E90726EE0B
:10665000077B27EE076B1FD404F0030402EBC40290
:1066600093ED1A4B92ED002B93ED185B27EE027B16
:1066700093ED163BA6EE045B27EE064B26EE046B6D
:10668000A4EE037BA5EE067BB7EEC70B89E703B04C
:10669000BDE8304000F022B993ED142B26EE065BE6
:1066A00093ED127B93ED0E3BA6EE027B93ED0C0B6C
:1066B00093ED104BA6EE030B26EE056BA5EE040B37
:1066C000A7EE060BB7EEC00B6BE700BF182D4454C6
:1066D000FB21193C581C002004330020C81C00205A
:1066E0000000000038B510EE104AC4F30A53B3F5A9
:1066F0007D7FB7EEC07A1ED227EE077BB3F5667FAB
:106700006FD327EE071B634B93ED142B93ED125BB6
:1067100093ED0E3BA7EE025B93ED0C0B93ED104B4C
:10672000A7EE030B27EE017BA1EE040BA5EE070BF2
:10673000B7EEC00B38BD40F22E42934254D85549B3
:1067400091ED086B27EE066BFDEEC66B91ED0A5BD3
:1067500016EE903A03F500031B1613F0020F06EE37
:10676000903A01F1700208BF0A46D807B8EEE66B0E
:10677000A6EE457B27EE076B1AD503F0030301EB6A
:10678000C30191ED002B92ED1A4B92ED185B92ED47
:10679000163BA6EE045B27EE027B27EE064B26EEA9
:1067A000046BA4EE037BA5EE067BB7EEC70B38BDEA
:1067B00092ED142B92ED127B92ED0E3B92ED0C0BB1
:1067C00092ED104B26EE065BA6EE027BA6EE030BC7
:1067D00026EE056BA5EE040BA7EE060BB7EEC00B7D
:1067E00038BDB7EE000A38BDB3F5FF6F3DD22A4B76
:1067F000C4F3836203EB820053F822200569C4F3DB
:106800001603C4F3C25143F400038B40016A03FB37
:1068100002F2A3FB0110E3FB050202F100518D0F10
:1068200001F04041511A00F03FFD1C4B9FED177BDA
:1068300005EBD47441EC160B14F0020FA3F17002B7
:1068400008BF1346E90726EE077B27EE076B10D536
:1068500004F0030402EBC40292ED002B93ED1A4BFB
:1068600093ED185B93ED163B93E7BDE8384000F0DD
:1068700035B893ED142B93ED127B93ED0E3B93ED16
:106880000C0B93ED104B9DE7AFF30080182D445493
:10689000FB21193C581C002004330020C81C002098
:1068A00010B582B08DED010A044600F02BFD9DED80
:1068B000010A046002B010BD9FED070AFFEE007AE6
:1068C000B7EE007A00284FF0220047FE277A87EEC5
:1068D000800AFFF7E5BF00BF0000000070EE407ABD
:1068E000B4EE400A87EEA77AF1EE10FAB0EE470A4E
:1068F00002D62120FFF7D4BF704700BF08B510EEC5
:10690000103A33F000422DED028B2BD0002B32DBFE
:10691000B3F1FF4F41DAB3F5000F35DB0021DA1593
:106920007F3A0A44D10FC1F17F0102EBD272C3F367
:10693000160307EE902A43EAC15300EE103AB8EE70
:10694000E78A00F0B3F8DFED177A9FED177A20EEB3
:10695000270ADFED167AA8EE070AA8EE270ABDEC93
:10696000028B08BDBDEC028B9FED117ADFED117A31
:1069700087EE270A08BDBDEC028B70EE407A9FEDD2
:106980000D7A87EE870A08BDDFED0B7A60EE277A75
:106990006FF0180117EE903AC1E7BDEC028B30EEB4
:1069A000000A08BDD95BDE3EDB27543580209A3EC5
:1069B000000000CC000000000000004C10B582B0C8
:1069C0008DED000B044600F09DFC9DED000B046076
:1069D00002B010BD82B058B1B1EE407B8DED007BAE
:1069E0009DED007B222020EE070B02B0FFF7E6BFF3
:1069F000B0EE407BF2E700BF000000009FED010B0E
:106A0000FFF7E8BF00000000000000109FED010B41
:106A1000FFF7E0BF000000000000007082B0002817
:106A2000B7EE006BBFEE007B06FE077B8DED007BB3
:106A30009DED000B9FED037B222080EE070B02B043
:106A4000FFF7BCBF0000000000000000B4EE400BE8
:106A5000F1EE10FA30EE407B87EE076BB0EE460B9E
:106A600002D62120FFF7AABF704700BFB5EE400B4A
:106A7000F1EE10FA00D070472220FFF79FBF00BF51
:106A8000000000009FED076BB0EEC07BB4EE467BCC
:106A9000F1EE10FA00DC70472220FFF78FBF00BF35
:106AA000AFF30080FFFFFFFFFFFFEF7F10EE103A14
:106AB000B3F17E5F10EE102A38D0A3F50001B1F1DA
:106AC000FE4F36D2BFEE000B02F14043264903F5DC
:106AD0004D03C3F3C34001EB001091ED404B91ED2A
:106AE000445B91ED467B91ED426BD90DC90590ED6C
:106AF000002B521A03EE902A90ED021BDB15B7EE25
:106B0000E33AA2EE030B03EE903A20EE002BA5EE43
:106B1000007BB8EEE33BA6EE027BA3EE041B30EE57
:106B2000010BA2EE070BB7EEC00B70479FED0F0AEB
:106B30007047590014D0B3F1FF4F14D0002B0BDB7A
:106B4000B1F17F4F08D2DFED0A7A60EE277A17EEB7
:106B5000903AA3F13862B5E700EE103AFFF7BEBEF7
:106B60000120FFF7A9BE7047F00A002000000000D6
:106B70000000004B10B582B0CDED010A019B23F05F
:106B80000042B2F1FF4FF0EE407A30DC10EE100A16
:106B900020F00041B1F1FF4F29DCB3F17E5F40D01E
:106BA0009C1704F0020444EAD07431B372B3B2F11A
:106BB000FF4F3ED0B1F1FF4F28D0891AB1F1F45FF9
:106BC0004FEAE15232DA002B40DA3C323EDA9FEDF6
:106BD000330A012C4CD0022C41D064B19FED307AA5
:106BE000DFED307A30EE070A30EE670A03E09DED04
:106BF000017A37EE270A02B010BD022C0ED09FEDAD
:106C00002A7A032C07FE000A02B010BD9FED270A66
:106C1000DFED277A002820FE270AECE79FED210A06
:106C2000E9E702B0BDE8104000F0DAB89FED1F0AB6
:106C3000CFE7B1F1FF4F04F1FF3420D0022C26D86A
:106C40001C4B03EB840393ED000AD4E79DED017A1E
:106C500087EE870AFFF734FC00F0C2F8B9E79FED32
:106C6000107ADFED107A30EE070A37EEC00AC2E77D
:106C700010EE103A03F1004300EE103ABBE7022C8D
:106C800008D80D4B03EB840393ED000AB3E79FEDA7
:106C9000030AB0E79FED090AADE700BF000000005E
:106CA0002EBDBB33DB0F4940DB0F49C0DB0FC93FB3
:106CB000DB0FC9BFF0320020E4320020DB0F493F78
:106CC00030B583B0CDED010A019D35F0004041D0D3
:106CD00010EE10EA2EF00041B1F1FF4F3ADAB0F1B8
:106CE000FF4F37DC81423BDB0EF000443AD01EF010
:106CF000FF4F56D10B02002B6FF07D0204DD5B00CD
:106D0000002B02F1FF32FADC15F0FF4F58D10302DD
:106D10006FF07D0C03D45B000CF1FF3CFBD512F14E
:106D20007E0F47DBCEF3160E4EF400031CF17E0FF0
:106D30003ADBC5F3160141F40000B2EB0C0204D1BA
:106D400017E00FD04B00013A13D0191A0029F8DAD6
:106D50005B00F8E7DDED017A60EE277A87EEA70A9F
:106D600003B030BD1D4B03EB547393ED000A03B029
:106D700030BD181A58BF03461BB9F3E75B000CF18E
:106D8000FF3CB3F5000FF9DB1CF17E0F1DDBA3F513
:106D900000030CF17F0C234343EACC5300EE103A7E
:106DA000DEE7CA157F3AAFE76FF07D01A1EB0C017A
:106DB0008840C2E76FF07D039B1A01FA03F3B5E741
:106DC0004FEAE05CACF17F0CA9E76FF07D02A2EB2B
:106DD0000C021341234300EE103AC1E7FC320020BD
:106DE00038B510EE105A25F00044B4F1A14FF0EE82
:106DF000407A0ADBB4F1FF4F58DCDFED517A9FEDAA
:106E0000517A002D37FE870A38BD4F4B9C425CDC1F
:106E1000B4F1445F4DDB4FF0FF3327EEA76ADFED9F
:106E20004B6ADFED4B5ADFED4B4A9FED4B5A9FED1E
:106E30004B4A26EE067A5A1CE7EE265ADFED486AE0
:106E4000A5EE875AE7EE246ADFED465ADFED464AA3
:106E5000E6EE875AA5EE074A9FED445ADFED446AF5
:106E6000A5EE875AE4EE074ADFED425AE4EE876A60
:106E7000E5EE075A66EE866A65EE875A3AD03E4AD4
:106E800002EB830276EEA56A92ED007A3B4A96EE1B
:106E9000A77A02EB8303002DD3ED006A77EE677AC1
:106EA00036EEE70AB0DAB1EE400A38BD30EE000A3D
:106EB00038BD9FED337A30EE077AF7EE006AB4EE14
:106EC000E67AF1EE10FAA6DD38BDFFF7F9FA2D4BA0
:106ED0009C4216DCA3F5D0039C4227DCF0EE007A3E
:106EE000BFEE007AA0EE277A002330EE270AC7EE25
:106EF000007A92E776EEA56AE6EEE77AB0EE670AE8
:106F000038BD214B9C420BDCF7EE087AB7EE007AD5
:106F1000A0EE277A022330EE670AC0EE077A7CE7FC
:106F2000BFEE007AC7EE007A032376E7F7EE007A29
:106F300030EE677A30EE270A0123C7EE007A6CE75D
:106F4000DB0FC93FDB0FC9BFFFFFDF3ED769853CC1
:106F500059DA4B3D21A215BD356B883D6E2EBA3DE9
:106F60006BF16EBD95879DBD2549123E388EE3BD00
:106F7000ABAAAA3ECDCC4CBE7433002064330020B3
:106F8000CAF24971FFFF973FFFFF1B4081F00041AC
:106F900002E000BF83F0004330B54FEA41044FEAFE
:106FA000430594EA050F08BF90EA020F1FBF54EA99
:106FB000000C55EA020C7FEA645C7FEA655C00F035
:106FC000E2804FEA5454D4EB5555B8BF6D420CDD06
:106FD0002C4480EA020281EA030382EA000083EA89
:106FE000010180EA020281EA0303362D88BF30BD29
:106FF00011F0004F4FEA01314FF4801C4CEA11317F
:1070000002D0404261EB410113F0004F4FEA0333DD
:107010004CEA133302D0524263EB430394EA050F68
:1070200000F0A780A4F10104D5F1200E0DDB02FAD7
:107030000EFC22FA05F2801841F1000103FA0EF26B
:10704000801843FA05F359410EE0A5F120050EF131
:10705000200E012A03FA0EFC28BF4CF0020C43FA62
:1070600005F3C01851EBE37101F0004507D54FF06F
:10707000000EDCF1000C7EEB00006EEB0101B1F5BF
:10708000801F1BD3B1F5001F0CD349085FEA300005
:107090004FEA3C0C04F101044FEA445212F5800F10
:1070A00080F09A80BCF1004F08BF5FEA500C50F1AD
:1070B000000041EB045141EA050130BD5FEA4C0C90
:1070C000404141EB0101013C28BFB1F5801FE9D2ED
:1070D00091F0000F04BF01460020B1FA81F308BF10
:1070E0002033A3F10B03B3F120020CDA0C3208DDDC
:1070F00002F1140CC2F10C0201FA0CF021FA02F1B7
:107100000CE002F11402D8BFC2F1200C01FA02F126
:1071100020FA0CFCDCBF41EA0C019040E41AA2BF4B
:1071200001EB0451294330BD6FEA04041F3C1CDA13
:107130000C340EDC04F11404C4F1200220FA04F033
:1071400001FA02F340EA030021FA04F345EA0301DD
:1071500030BDC4F10C04C4F1200220FA02F001FA9F
:1071600004F340EA0300294630BD21FA04F0294621
:1071700030BD94F0000F83F4801306BF81F48011BA
:107180000134013D4EE77FEA645C18BF7FEA655C2D
:1071900029D094EA050F08BF90EA020F05D054EAFF
:1071A000000C04BF1946104630BD91EA030F1EBF04
:1071B0000021002030BD5FEA545C05D14000494108
:1071C00028BF41F0004130BD14F580043CBF01F5FB
:1071D000801130BD01F0004545F0FE4141F47001E1
:1071E0004FF0000030BD7FEA645C1ABF19461046BC
:1071F0007FEA655C1CBF0B46024650EA013406BFBD
:1072000052EA033591EA030F41F4002130BD00BF7B
:1072100090F0000F04BF0021704730B54FF4806438
:1072200004F132044FF000054FF0000150E700BFB9
:1072300090F0000F04BF0021704730B54FF4806418
:1072400004F1320410F0004548BF40424FF0000105
:107250003EE700BF42004FEAE2014FEA31014FEA48
:1072600002701FBF12F07F4393F07F4F81F0605197
:10727000704732F07F4208BF704793F07F4F04BFE2
:1072800041F40021704730B54FF4607401F00045BF
:1072900021F000411CE700BF50EA010208BF70471F
:1072A00030B54FF000050AE050EA010208BF704710
:1072B00030B511F0004502D5404261EB41014FF479
:1072C000806404F132045FEA915C3FF4D8AE4FF081
:1072D00003025FEADC0C18BF03325FEADC0C18BF64
:1072E000033202EBDC02C2F1200300FA03FC20FAB5
:1072F00002F001FA03FE40EA0E0021FA02F1144402
:10730000BDE600BF014B1868704700BFEC3C002091
:10731000830730B548D0541E002A3FD0CAB2034676
:1073200001E0013C3AD303F8012B9D07F9D1032C6E
:107330002DD9CDB245EA05250F2C45EA054536D9AC
:10734000A4F1100222F00F0C03F1200EE6444FEAE4
:10735000121C03F1100242E9045542E902551032B1
:107360007245F8D10CF1010214F00C0F03EB02127C
:1073700004F00F0C13D0ACF1040323F00303043327
:10738000134442F8045B9342FBD10CF003042CB18C
:10739000C9B21C4403F8011B9C42FBD130BD6446BA
:1073A0001346002CF4D1F9E703461446BFE71A460A
:1073B000A446E0E713460A460146022000F0A8BAB8
:1073C00070B50D4E0D4D761BB61006D0002455F845
:1073D000043B01349847A642F9D1094E094D761B6A
:1073E00001F028F8B61006D0002455F8043B01340B
:1073F0009847A642F9D170BD8822006088220060BB
:107400009022006088220060704700BF704700BF74
:1074100080EA0102844612F0030F4FD111F0030FEE
:1074200032D14DF8044D11F0040F51F8043B0BD04C
:10743000A3F101329A4312F0803F04BF4CF8043BA1
:1074400051F8043B16D100BF51F8044BA3F10132AF
:107450009A4312F0803FA4F101320BD14CF8043B67
:10746000A24312F0803F04BF51F8043B4CF8044B98
:10747000EAD023460CF8013B13F0FF0F4FEA332309
:10748000F8D15DF8044B704711F0010F06D011F8E8
:10749000012B0CF8012B002A08BF704711F0020FD6
:1074A000BFD031F8022B12F0FF0F16BF2CF8022BC1
:1074B0008CF8002012F47F4FB3D1704711F8012BE4
:1074C0000CF8012B002AF9D1704700BF0C4B0D4876
:1074D00019680D4AD1F8983010B4D1F89C4003FBDC
:1074E00000F002FB0400A3FB0232013340EB020078
:1074F000C1E926305DF8044B20F00040704700BF22
:10750000EC3C00202DF451582D7F954C844641EAE7
:10751000000313F003036DD1403A41D351F8043B0B
:1075200040F8043B51F8043B40F8043B51F8043B5D
:1075300040F8043B51F8043B40F8043B51F8043B4D
:1075400040F8043B51F8043B40F8043B51F8043B3D
:1075500040F8043B51F8043B40F8043B51F8043B2D
:1075600040F8043B51F8043B40F8043B51F8043B1D
:1075700040F8043B51F8043B40F8043B51F8043B0D
:1075800040F8043B51F8043B40F8043B51F8043BFD
:1075900040F8043B51F8043B40F8043B403ABDD26C
:1075A000303211D351F8043B40F8043B51F8043B0E
:1075B00040F8043B51F8043B40F8043B51F8043BCD
:1075C00040F8043B103AEDD20C3205D351F8043B9D
:1075D00040F8043B043AF9D2043208D0D2071CBF69
:1075E00011F8013B00F8013B01D30B880380604692
:1075F000704700BF082A13D38B078DD010F0030308
:107600008AD0C3F10403D21ADB071CBF11F8013B77
:1076100000F8013B80D331F8023B20F8023B7BE7C6
:10762000043AD9D3013A11F8013B00F8013BF9D2F1
:107630000B7803704B7843708B788370604670478B
:10764000F8B5244F0C46064600F056FCBB685D6852
:10765000C4F57E610F3125F003054B1923F47F63D8
:1076600023F00F03A3F58054B4F5805F07DB0021FE
:10767000304600F03BF9BB682B44984204D03046BA
:1076800000F040FC0020F8BD6142304600F02EF9C9
:1076900001300DD0104ABB682D1B45F001055D601F
:1076A000136830461B1B136000F02CFC0120F8BD52
:1076B0000021304600F01AF9BA68831A0F2BDEDD7C
:1076C00043F001035360054B03491B68C01A08606F
:1076D000D5E700BFDC3800202C940120E43C0020DA
:1076E000002961D0F8B50C46064600F005FC54F8B8
:1076F000042C7B4FA4F1080522F0010105EB010CDD
:10770000B868DCF80430604523F0030300F08B8098
:10771000D207CCF8043032D454F8082CAD1A1144F6
:10772000AA6807F1080082426AD00CEB0304D4F87F
:1077300004E0EC68D4601EF0010FA26000F09780B6
:1077400041F001036B60CCF80010B1F5007F35D239
:107750007868CB080122490901338A40024357F86F
:1077600033107A6007EBC302083AC5E9021247F802
:107770003350CD603046BDE8F84000F0C3BB0CEBA1
:1077800003025268D00710D4194407F10800DCF84E
:107790000830834273D0DCF80C20DA60936041F04B
:1077A00001036B606950D0E7704741F00103B1F508
:1077B000007F44F8043CCCF80010C9D3B1F5206F29
:1077C0004FEA512348D28B0903F1390003F1380203
:1077D000C300F818FB580838984259D05A6822F06C
:1077E00003028A4202D99B689842F7D1D868C5E95A
:1077F00002308560DD603046BDE8F84000F082BBB5
:107800000CEB03025268D20763D40B44DCE902128A
:10781000CA60916043F001026A603046EB50BDE8F7
:10782000F84000F06FBB0B44D10707D454F8082C84
:10783000AD1A1344D5E90212CA60916043F0010207
:107840006A60284ABD6012689A4293D8264B304637
:107850001968FFF7F5FE8DE7142B0AD9542B1FD8B2
:107860000B0B03F16F0003F16E02C300B1E7194483
:107870008DE703F15C0003F15B02C300A9E741F06F
:107880000103C7E90455C5E902006B60695071E75F
:1078900079689210012404FA02F20A437A60A6E79A
:1078A000B3F5AA7F06D8CB0B03F1780003F177027A
:1078B000C3008EE740F25452934206D88B0C03F17A
:1078C0007D0003F17C02C30083E74FF47E737E22C8
:1078D0007FE741F001036B60CCF800104AE700BF7E
:1078E000DC380020E83C00205C94012038B5074DCE
:1078F0000022044608462A60EBF720FA431C00D019
:1079000038BD2B68002BFBD0236038BD9895012033
:107910002DE9F047DFF87CA00646DAF8000098462B
:107920000F469146FFF770FD184B1C6824B365683D
:107930001F2D24DC5EB96B1C0235DAF80000636091
:1079400044F82570FFF762FD0020BDE8F08704EBE6
:1079500085010123C1F88890D4F88821AB401A43EF
:10796000022EC4F88821C1F80881E4D1D4F88C2112
:107970001A43C4F88C21DEE7054C1C60D7E7DAF81F
:107980000000FFF743FD4FF0FF30DEE7909201204B
:1079900094920120D43800202DE9F04F01F10B061C
:1079A000162E83B0044624D8102900F2BA8000F0C5
:1079B000A3FA102618220220B54F3A44A2F108017A
:1079C00053688B4200F0BA805A68D96822F00302EB
:1079D0001A449D68E9608D60516841F001012046BC
:1079E000516003F1080500F08DFA284603B0BDE8A8
:1079F000F08F36F0070600F19480B14200F29180DA
:107A000000F07AFAB6F5FC7FC0F09A81730A00F0B4
:107A10008F80042B00F26F81B30903F1390003F169
:107A2000380CC3009A4F3B44A3F108055B689D42A4
:107A300006D10CE0002980F22781DB689D4206D048
:107A40005A6822F00302911B0F29F3DD60463D695D
:107A5000DFF850C265457CD06A6822F00302931BB0
:107A60000F2B00F37B81002BC7E904CC80F26C81E3
:107A7000B2F5007F80F01A81D308796801334FEAAC
:107A8000521E012202FA0EF20A4357F833E0C5F8FB
:107A900008E007EBC3010839E9607A6047F8335022
:107AA000CEF80C50831001219940914257D81142D1
:107AB00006D120F003004900114200F10400FAD081
:107AC00007EBC0094D468646D5F80C80454508D1E0
:107AD0001DE1002B80F22481D8F80C80454500F090
:107AE0001681D8F8042022F00302931B0F2BF0DD3F
:107AF0002046D8E9025408EB060146F00106C8F812
:107B00000460EC60A56043F00104C7E90411C1E919
:107B100002CC4C6048F8023000F0F4F908F1080596
:107B200002E00C2323600025284603B0BDE8F08F57
:107B30004FF4007340204FF03F0C73E7D3689A4234
:107B400008BF02307FF440AF3D69DFF858C165459A
:107B500082D17A688310012199409142A7D9BD68EA
:107B60006B6823F003094E4503D8A9EB06030F2BDE
:107B70007ADCDFF834B1474BDBF800201B680132B8
:107B8000334405EB090A00F0338103F580530F33CA
:107B900023F47F6828F00F0841462046FFF7A6FE31
:107BA000411C024600F0F380824500F2EE803A4B21
:107BB000196841441960084600F04E81DBF8001056
:107BC000019301311BBFA2EB0A010918CBF8002079
:107BD000196012F0070B00F01781CBF108010A447D
:107BE000CBF5805190440831A1EB0801C1F30B0A99
:107BF000514620460092FFF779FE421CDDE9002342
:107C000000F04F81801A00EB0A081968BA6048F04A
:107C100001005144BD425060196000F02981B9F162
:107C20000F0F40F227816868A9F10C0C2CF0070CAB
:107C300000F0010040EA0C0068604FF0050E05EB13
:107C40000C00BCF10F0FC0E901EE00F23281506868
:107C50001546124B1A688A4238BF1960104B1A68D1
:107C60008A4238BF196094E0AA1943F0010346F034
:107C700001066E602046BA60536000F043F9083593
:107C8000284603B0BDE8F08FD9681A44A1E600BFCA
:107C9000DC3800205C9401202C94012054940120B5
:107CA00058940120E4380020E43C0020B2F5206F15
:107CB0004FEA522363D3142B00F2B78003F15C0127
:107CC000C9005B3307EB010E7958AEF1080E8E4503
:107CD00000F091804B6823F00303934202D9896836
:107CE0008E45F7D1D1F80CE07A68C5E9021ECEF8CE
:107CF0000850CD60D6E6142B59D9542B00F29D8044
:107D0000330B03F16F0003F16E0CC3008AE60EF132
:107D1000010E1EF0030F05F108057FF4D5AE51E00A
:107D2000424445465368D8F80C1043F001035360B1
:107D300055F8083F2046D9608B6000F0E3F8F3E681
:107D4000F00806F1080237E62A442046536843F05B
:107D500001035360083500F0D5F8E5E6A91920467F
:107D600046F0010643F001046E60C7E90411C1E961
:107D700002CC4C60AB5000F0C5F80835D4E693094E
:107D800003F13901C90038339CE7BD425FD0BD68BB
:107D9000686820F003084645A8EB060302D80F2BBD
:107DA0003FF762AF204600F0ADF80025BCE603F1D6
:107DB0005C0003F15B0CC30034E659F808394B450D
:107DC00040F0968010F0030F00F1FF30F5D17B6892
:107DD00023EA01037B60490099423FF6C0AE19B91E
:107DE000BDE649000EF1040E1942FAD0704667E66E
:107DF00003F11008D0E69A104FF001087B6808FAEA
:107E000002F21A437A6070E702EB08014942C1F3BB
:107E10000B0A514620460092FFF768FD431CDDE93E
:107E200000237FF4EFAEDA46EFE6542B25D8130B90
:107E300003F16F01C9006E3344E7B3F5AA7F25D87B
:107E4000F30B03F1780003F1770CC300EAE5294B4B
:107E5000186840441860B1E6CAF30B0CBCF1000F7F
:107E60007FF4ACAEBD68C84448F001006860F0E63D
:107E70001546EEE60123536094E7B3F5AA7F23D8B5
:107E8000D30B03F17801C90077331BE740F254525A
:107E9000934223D8B30C03F17D0003F17C0CC300A3
:107EA000C0E5ABF1080BD844A8EB02084FF0000A7C
:107EB000ABE605F1080120460093FFF711FCBD6811
:107EC000009B68681968C4E640F254518B420BD895
:107ED000930C03F17D01C9007C33F3E64FF47E730C
:107EE0007F204FF07E0C9DE54FF47E717E23E9E606
:107EF0007B6870E72C9401200148FFF785BA00BF2A
:107F0000289401200148FFF781BA00BF289401207E
:107F10002DE9F84F1746002900F098800C4607F12C
:107F20000B058046FFF7E8FF162D54F8041C5BD8BC
:107F300010252A46AF425CD821F003069642A4F1F0
:107F4000080962DABC4BD3F808C009EB0600844587
:107F500000F09780D0F804C02CF0010303445B6864
:107F6000DB0768D42CF0030C06EB0C03934247DAD2
:107F7000CB0710D454F8083CA9EB030ADAF8043014
:107F800023F003018C44B444944580F211817318AA
:107F9000934280F2E88039464046FFF7FDFC0746F1
:107FA000E0B154F8043C23F001034B44A0F1080273
:107FB000934200F0D280321F242A00F2F580132A67
:107FC00000F2AC800346224611681960516859607E
:107FD00092689A6021464046FFF782FB4046FFF7D1
:107FE00091FF3846BDE8F88F25F00705002D2A4699
:107FF000A0DA0C23C8F8003000273846BDE8F88F17
:108000001E46D0E90223D3609A60731B0F2B22D83F
:10801000D9F8043003F0010333434E44C9F8043067
:10802000736843F00103736040462746FFF76AFF19
:108030003846BDE8F88FC907ADD454F8083CA9EB21
:10804000030ADAF8041021F00301A0E7BDE8F84FB5
:108050001146FFF7A1BCD9F8042009EB050102F095
:1080600001024E4443F001032A43C9F804204B6047
:10807000736843F00103083173604046FFF730FB3B
:10808000D2E7DCF8040020F0030B06EB0B0C05F143
:10809000100084454DDAC9073FF57DAF54F8081C40
:1080A000A9EB010ADAF8041021F003018B44B34470
:1080B00058453FF76CAF5746DAF80C1057F8080FE1
:1080C000321F242AC160886000F2DB80132A40F24C
:1080D000D6802168CAF808106168CAF80C101B2AFB
:1080E00000F2DF8008340AF1100221681160616833
:1080F0005160A16891600AEB0501ABEB050242F00B
:10810000010299604A60DAF8043003F001032B435E
:108110004046CAF80430FFF7F5FE6EE723680360B7
:10812000636843601B2A68D804F1080200F1080361
:108130004AE709EB05029A60ACEB050343F0010343
:10814000536054F8043C03F001032B43404644F8C9
:10815000043CFFF7D7FE27464FE750F8043C23F0D6
:1081600003031E4451E75746DAF80C1057F8080F7E
:10817000321F242AC16088604CD8132A48D921684C
:10818000CAF808106168CAF80C101B2A56D80834BF
:108190000AF110021E462368136063685360A368E7
:1081A0009360D1463C4630E7214600F09DF811E748
:1081B000D0E902135746CB60996057F8081FDAF8E8
:1081C0000C30CB60321F242A99602DD8132A29D96C
:1081D0002368CAF808306368CAF80C301B2A42D8F2
:1081E00008340AF1100322681A6062685A60A268B3
:1081F0009A606646D1463C4607E7A3688360E36819
:10820000C360242A26D004F1100200F11003DBE63B
:108210003A46BFE7214638461E46D14600F064F88C
:108220003C46F2E63B46DEE7214638466646D14606
:1082300000F05AF83C46E8E6DC380020A168CAF8AD
:108240001010E168CAF81410242A20D010340AF162
:1082500018029FE7236903616169416104F1180213
:1082600000F11803B0E6A368CAF81030E368CAF852
:108270001430242A21D010340AF11803B3E73A4607
:1082800033E72146384600F02FF8164B33E72269D2
:10829000CAF818206269CAF81C2018340AF12002B2
:1082A00078E7A168CAF81010E168CAF81410242A07
:1082B0000DD010340AF1180217E72369CAF81830F4
:1082C0006369CAF81C3018340AF120038BE722696D
:1082D000CAF818206269CAF81C2018340AF1200272
:1082E00003E700BFDC38002088420DD98B18834299
:1082F0000AD900EB020CBAB1624613F801CD02F8BC
:1083000001CD9942F9D170470F2A0ED8034602F1E8
:10831000FF3C4AB10CF1010C013B8C4411F8012BDC
:1083200003F8012F6145F9D1704740EA01039B072B
:1083300050D1A2F1100370B501F1200C23F00F050C
:1083400001F1100E00F11004AC441B095EF8105C42
:1083500044F8105C5EF80C5C44F80C5C5EF8085C59
:1083600044F8085C5EF8045C44F8045C0EF1100EFE
:10837000E64504F11004E9D1013312F00C0F01EBD2
:10838000031102F00F0400EB031327D0043C24F088
:1083900003064FEA940C1E441C1F8E465EF8045BD5
:1083A00044F8045FB442F9D10CF1010402F0030275
:1083B00003EB840301EB840102F1FF3C4AB10CF1B1
:1083C000010C013B8C4411F8012B03F8012F61458E
:1083D000F9D170BD02F1FF3C03469BE72246EBE773
:1083E000024B01461868FFF7D7BA00BFEC3C0020EB
:1083F000024B01461868FFF773B900BFEC3C002040
:1084000010B4044C03460A4620685DF8044B194634
:10841000FFF77EBDEC3C0020000000005FF800F09C
:10842000452100605FF800F0952000605FF800F0E3
:0C843000C12100605FF800F045220060F0
:04843C00F8B500BFD0
:08844000F8D9FF7F01000000E4
:108448000000000000000000000000000000000024
:108458000000000000000000000000000000000014
:108468000000000000000000000000000000000004
:1084780000000000000000000000000000000000F4
:1084880000000000000000000000000000000000E4
:1084980000000000000000000000000000000000D4
:1084A80000000000000000000000000000000000C4
:1084B80000000000000000000000000000000000B4
:1084C80000000000000000000000000000000000A4
:1084D8000000000000000000000000000000000094
:1084E8000000000000000000000000000000000084
:1084F8000000000000000000000000000000000074
:108508000000000000000000000000000000000063
:108518000000000000000000000000000000000053
:108528000000000000000000000000000000000043
:108538000000000000000000000000000000000033
:108548000000000000000000000000000000000023
:108558000000000000000000000000000000000013
:108568000000000000000000000000000000000003
:1085780000000000000000000000000000000000F3
:1085880000000000000000000000000000000000E3
:1085980000000000000000000000000000000000D3
:1085A80000000000000000000000000000000000C3
:1085B80000000000000000000000000000000000B3
:1085C80000000000000000000000000000000000A3
:1085D8000000000000000000000000000000000093
:1085E8000000000000000000000000000000000083
:1085F8000000000000000000000000000000000073
:108608000000000000000000000000000000000062
:108618000000000000000000000000000000000052
:108628000000000000000000000000000000000042
:108638000000000000000000000000000000000032
:108648000000000000000000000000000000000022
:108658000000000000000000000000000000000012
:108668000000000000000000000000000000000002
:1086780000000000000000000000000000000000F2
:1086880000000000000000000000000000000000E2
:1086980000000000000000000000000000000000D2
:1086A80000000000000000000000000000000000C2
:1086B80000000000000000000000000000000000B2
:1086C800FE822B6547156740000000000000384314
:1086D8000000FAFE422E76BF3A3B9EBC9AF70CBDCC
:1086E800BDFDFFFFFFFFDF3F3C5455555555C53FC6
:1086F800912B17CF5555A53F17D0A4671111813F6E
:10870800000000000000C842EF39FAFE422EE63FA2
:1087180024C482FFBDBFCE3FB5F40CD7086BAC3F75
:10872800CC5046D2ABB2833F843A4E9BE0D7553FFC
:108738000000000000000000000000000000F03F02
:108748006EBF881A4F3B9B3C3533FBA93DF6EF3F84
:108758005DDCD89C136071BC6180773E9AECEF3F7A
:10876800D16687107A5E90BC857F6EE815E3EF3F8F
:1087780013F6673552D28C3C748515D3B0D9EF3FC8
:10878800FA8EF92380CE8BBCDEF6DD296BD0EF3F65
:1087980061C8E6614EF7603CC89B751845C7EF3F56
:1087A80099D3335BE4A3903C83F3C6CA3EBEEF3F44
:1087B8006D7B835DA69A973C0F89F96C58B5EF3F9E
:1087C800FCEFFD921AB58E3CF747722B92ACEF3F47
:1087D800D19C2F703DBE3E3CA2D1D332ECA3EF3FDB
:1087E8000B6E908934036ABC1BD3FEAF669BEF3FC8
:1087F8000EBD2F2A525695BC515B12D00193EF3F04
:1088080055EA4E8CEF8050BCCC316CC0BD8AEF3F2E
:1088180016F4D5B923C991BCE02DA9AE9A82EF3FD1
:10882800AF555CE9E3D3803C518EA5C8987AEF3FF9
:108838004893A5EA151B80BC7B517D3CB872EF3F7D
:108848003D32DE55F01F8FBCEA8D8C38F96AEF3F58
:10885800BF53133F8C898B3C75CB6FEB5B63EF3F4A
:1088680026EB11769CD996BCD45C0484E05BEF3F80
:10887800602F3A3EF7EC9A3CAAB968318754EF3F2B
:108888009D3886CB82E78FBC1DD9FC22504DEF3F27
:108898008DC3A644416F8A3CD68C62883B46EF3F25
:1088A8007D04E4B0057A803C96DC7D91493FEF3F3A
:1088B80094A8A8E3FD8E963C3862756E7A38EF3F2F
:1088C8007D4874F2185E873C3FA6B24FCE31EF3F29
:1088D800F2E71F982B47803CDD7CE265452BEF3F94
:1088E8005E08713F7BB896BC8163F5E1DF24EF3FFA
:1088F80031AB096DE1F7823CE1DE1FF59D1EEF3FCC
:10890800FABF6F1A9B213DBC90D9DAD07F18EF3F90
:10891800B40A0C7282378B3C0B03E4A68512EF3F36
:108928008FCBCE8992146E3C562F3EA9AF0CEF3FE9
:10893800B6ABB04D754D833C15B7310AFE06EF3F17
:108948004C74ACE20142863C31D84CFC7001EF3FDC
:108958004AF8D35D39DD8F3CFF1664B208FCEE3F60
:10896800045B8E3B80A386BCF19F925FC5F6EE3F09
:1089780068504BCCED4A92BCCBA93A37A7F1EE3FF1
:108988008E2D511BF80799BC66D8056DAEECEE3FED
:10899800D236943EE8D171BCF79FE534DBE7EE3F71
:1089A800151BCEB3191999BCE5A813C32DE3EE3FE7
:1089B8006D4C2AA7489F853C2234124CA6DEEE3F18
:1089C8008A69287A601293BC1C80AC0445DAEE3FB1
:1089D8005B8917488FA758BC2A2EF7210AD6EE3F85
:1089E8001B9A49679B2C7CBC97A850D9F5D1EE3FC0
:1089F80011ACC260ED63433C2D89616008CEEE3F47
:108A0800EF64063B0966963C57001DED41CAEE3FF0
:108A18007903A1DAE1CC6E3CD03CC1B5A2C6EE3FE9
:108A280030120F3F8EFF933CDED3D7F02AC3EE3FC0
:108A3800B0AF7ABBCE90763C272A36D5DABFEE3F68
:108A480077E054EBBD1D933C0DDDFD99B2BCEE3FC4
:108A58008EA3710034948FBCA72C9D76B2B9EE3FDB
:108A680049A393DCCCDE87BC4266CFA2DAB6EE3FE0
:108A78005F380FBDC6DE78BC824F9D562BB4EE3FE3
:108A8800F65C7BEC461286BC0F925DCAA4B1EE3F41
:108A98008ED7FD180535933CDA27B53647AFEE3F3C
:108AA800059B8A2FB7987B3CFDC797D412ADEE3F44
:108AB80009541CE2E163903C295448DD07ABEE3FC2
:108AC800EAC6195085C7343CB746598A26A9EE3FED
:108AD80035C0642BE632943C4821AD156FA7EE3FB4
:108AE8009F7699614AE48CBC09DC76B9E1A5EE3F32
:108AF800A84DEF3BC5338CBC85553AB07EA4EE3FFC
:108B0800AEE92B89785384BC20C3CC3446A3EE3F0E
:108B180058585678DDCE93BC2522558238A2EE3FB0
:108B280064197E80AA10573C73A94CD455A1EE3F16
:108B380028225EBFEFB393BCCD3B7F669EA0EE3F7D
:108B480082B93487AD126ABCBFDA0B7512A0EE3F4A
:108B5800EEA96DB8EF6763BC2F1A653CB29FEE3F74
:108B68005188E0543DDC80BC849451F97D9FEE3FF0
:108B7800CF3E5A7E641F78BC745FECE8759FEE3F69
:108B8800B07D8BC04AEE86BC7481A5489A9FEE3FA3
:108B98008AE6551E321986BCC9674256EB9FEE3FDE
:108BA800D3D4095ECB9C903C3F5DDE4F69A0EE3F7D
:108BB8001DA54DB9DC327BBC8701EB7314A1EE3FD8
:108BC8006BC06754FDEC943C32C13001EDA1EE3F1F
:108BD800556CD6ABE1EB653C624ECF36F3A2EE3F67
:108BE80042CFB32FC5A188BC121A3E5427A4EE3F2A
:108BF80034373BF1B66993BC13CE4C9989A5EE3F47
:108C08001EFF193A845E80BCADC723461AA7EE3F03
:108C18006E5772D850D494BCED92449BD9A8EE3FBD
:108C2800008A0E5B67AD903C99668AD9C7AAEE3F69
:108C3800B4EAF0C12FB78D3CDBA02A42E5ACEE3F89
:108C4800FFE7C59C60B665BC8C44B51632AFEE3FF5
:108C5800445FF35983F67B3C36771599AEB1EE3F06
:108C6800833D1EA71F0993BCC6FF910B5BB4EE3F63
:108C7800291E6C8BB8A95DBCE5C5CDB037B7EE3FF2
:108C880059B9907CF9236CBC0F52C8CB44BAEE3F5B
:108C9800AAF9F422434392BC504EDE9F82BDEE3FB8
:108CA8004B8E66D76CCA85BCBA07CA70F1C0EE3F56
:108CB80027CE912BFCAF713C90F0A38291C4EE3F7C
:108CC800BB730AE135D26D3C2323E31963C8EE3F39
:108CD8006322622204C587BC65E55D7B66CCEE3FF6
:108CE800D531E2E3861C8B3C332D4AEC9BD0EE3F1A
:108CF80015BBBCD3D1BB91BC5D253EB203D5EE3FBD
:108D0800D231EE9C31CC903C58B330139ED9EE3F13
:108D1800B35A736E8469843CBFFD79556BDEEE3FB0
:108D2800B49D8E97CDDF82BC7AF3D3BF6BE3EE3F61
:108D38008733CB92771A8C3CADD35A999FE8EE3F94
:108D4800FAD9D14A8F7B90BC66B68D2907EEEE3FE3
:108D5800BAAEDC56D9C355BCFB154FB8A2F3EE3FEB
:108D680040F6A63D0EA490BC3A59E58D72F9EE3F47
:108D78003493AD38F4D668BC475EFBF276FFEE3F1D
:108D8800358A586BE2EE91BC4A06A130B005EF3F38
:108D9800CDDD5F0AD7FF743CD2C14B901E0CEF3F6C
:108DA800AC9892FAFBBD91BC091ED75BC212EF3F8B
:108DB800B30CAF30AE6E733C9C5285DD9B19EF3F10
:108DC80094FD9F5C32E38E3C7AD0FF5FAB20EF3F8F
:108DD800AC5909D18FE0843C4BD1572EF127EF3F96
:108DE800671A4E38AFCD633CB5E706946D2FEF3F59
:108DF8006819926C2C6B673C6990EFDC2037EF3F69
:108E0800D2B5CC83188A80BCFAC35D550B3FEF3FBF
:108E18006FFAFF3F5DAD8FBC7C89074A2D47EF3F56
:108E280049A97538AE0D90BCF2890D08874FEF3F00
:108E3800A7073DA685A3743C87A4FBDC1858EF3F21
:108E48000F2240209E9182BC9883C916E360EF3FB1
:108E5800AC92C1D5505A8E3C8532DB03E669EF3FB0
:108E68004B6B01AC593A843C60B401F32173EF3F7A
:108E78001F3EB40721D582BC5F9B7B33977CEF3FB5
:108E8800C90D473BB92A89BC29A1F5144686EF3F8D
:108E9800D3883A6004B6743CF63F8BE72E90EF3FD8
:108EA80071729D51ECC5833C834CC7FB519AEF3FCF
:108EB800F091D38F12F78FBCDA90A4A2AFA4EF3F42
:108EC8007D7423E298AE8DBCF1678E2D48AFEF3FDD
:108ED8000820AA41BCC38E3C275A61EE1BBAEF3F5B
:108EE80032EBA9C3942B843C97BA6B372BC5EF3F61
:108EF800EE85D131A9648A3C40456E5B76D0EF3F60
:108F0800EDE33BE4BA378EBC14BE9CADFDDBEF3F0E
:108F18009DCD914D3B89773CD8909E81C1E7EF3F2D
:108F280089CC6041C105533CF1718F2BC2F3EF3FEF
:108F3800BEF3F879EC61F63FDEAA8C80F77BD5BFEB
:108F48003D88AF4AED71F53FDB6DC0A7F0BED2BFDB
:108F5800B010F0F03995F43F673A517FAE1ED0BF9C
:108F68008503B8B095C9F33FE92482A6D831CBBFB1
:108F7800A564880C190DF33F5877C00A4F57C6BF30
:108F8800A08E0B7B225EF23F00819CC72BAAC1BF3B
:108F98003F341A4A4ABBF13F5E0E8CCE764EBABFBA
:108FA800BAE58AF05823F13FCC1C615A3C97B1BF0F
:108FB800A70099413F95F03F1E0CE138F452A2BF3B
:108FC800000000000000F03F00000000000000006A
:108FD800AC479AFD8C60EE3F8459F25DAAA5AA3F82
:108FE800A06A021FB3A4EC3FB42E36AA535EBC3F5E
:108FF800E6FC6A573620EB3F08DB2077E526C53FBD
:109008002DAAA163D1C2E93F7047220D86C2CB3F8A
:10901800ED417803E686E83FE17EA0C88B05D13FA5
:10902800624853F5DC67E73F09EEB6573004D43F92
:10903800EF39FAFE422EE63F3483B848A30ED0BF7C
:109048006A0BE00B5B57D53F23410AF2FEFFDFBFF7
:109058000038FAFE422EE63F3067C79357F32E3D9D
:10906800000000000000E0BF605555555555E5BFAC
:10907800060000000000E03F4E5559999999E93FD4
:109088007AA429555555E5BFE945489B5B49F2BF88
:10909800C33F268B2B00F03F0000000000A0F63FE6
:1090A800000000000000000000C8B9F2822CD6BF02
:1090B8008056372824B4FA3C000000000080F63FB0
:1090C8000000000000000000000858BFBDD1D5BF57
:1090D80020F7E0D808A51CBD000000000060F63F9E
:1090E8000000000000000000005845177776D5BF43
:1090F8006D50B6D5A46223BD000000000040F63FC5
:10910800000000000000000000F82D87AD1AD5BF50
:10911800D567B09EE484E6BC000000000020F63F5E
:109128000000000000000000007877955FBED4BF03
:10913800E03E2993691B04BD000000000000F63FD3
:10914800000000000000000000601CC28B61D4BF5A
:10915800CC844C482FD8133D0000000000E0F53FB8
:10916800000000000000000000A886863004D4BF7C
:109178003A0B82EDF342DC3C0000000000C0F53FF2
:109188000000000000000000004869554CA6D3BF4D
:1091980060945186C6B1203D0000000000A0F53F54
:1091A80000000000000000000080989ADD47D3BF4F
:1091B8009280C5D44D59253D000000000080F53F40
:1091C80000000000000000000020E1BAE2E8D2BF81
:1091D800D82BB7991E7B263D000000000060F53FA4
:1091E80000000000000000000088DE135A89D2BF8A
:1091F8003FB0CFB614CA153D000000000060F53F2F
:1092080000000000000000000088DE135A89D2BF69
:109218003FB0CFB614CA153D000000000040F53F2E
:1092280000000000000000000078CFFB4129D2BFF9
:1092380076DA5328245A16BD000000000020F53FB6
:109248000000000000000000009869C198C8D1BF64
:109258000454E768BCAF1FBD000000000000F53FE4
:10926800000000000000000000A8ABAB5C67D1BFA5
:10927800F0A88233C61F1F3D0000000000E0F43F45
:1092880000000000000000000048AEF98B05D1BFC7
:10929800665A05FDC4A826BD0000000000C0F43FC2
:1092A8000000000000000000009073E224A3D0BF7B
:1092B8000E03F47EEE6B0CBD0000000000A0F43F2E
:1092C800000000000000000000D0B4942540D0BF8A
:1092D8007F2DF49EB836F0BC0000000000A0F43FDB
:1092E800000000000000000000D0B4942540D0BF6A
:1092F8007F2DF49EB836F0BC000000000080F43FDB
:10930800000000000000000000405E6D18B9CFBFEB
:10931800873C99AB2A570D3D000000000060F43FE0
:1093280000000000000000000060DCCBADF0CEBF04
:1093380024AF869CB7262B3D000000000040F43F78
:10934800000000000000000000F02A6E0727CEBFD2
:1093580010FF3F544F2F17BD000000000020F43FBE
:10936800000000000000000000C04F6B215CCDBF72
:109378001B68CABB91BA213D000000000000F43F01
:10938800000000000000000000A09AC7F78FCCBFC3
:1093980034849F684F79273D000000000000F43FA7
:1093A800000000000000000000A09AC7F78FCCBFA3
:1093B80034849F684F79273D0000000000E0F33FA8
:1093C800000000000000000000902D7486C2CBBF92
:1093D8008FB78B31B04E193D0000000000C0F33F3D
:1093E800000000000000000000C0804EC9F3CABFA2
:1093F8006690CD3F634EBA3C0000000000A0F33FEA
:10940800000000000000000000B0E21FBC23CABF3B
:10941800EAC146DC648C25BD0000000000A0F33FD3
:10942800000000000000000000B0E21FBC23CABF1B
:10943800EAC146DC648C25BD000000000080F33FD3
:1094480000000000000000000050F49C5A52C9BF00
:10945800E3D4C104D9D12ABD000000000060F33F65
:10946800000000000000000000D02065A07FC8BFF9
:1094780009FADB7FBFBD2B3D000000000040F33F31
:10948800000000000000000000E0100289ABC7BF28
:10949800584A537290DB2B3D000000000040F33F18
:1094A800000000000000000000E0100289ABC7BF08
:1094B800584A537290DB2B3D000000000020F33F18
:1094C800000000000000000000D019E70FD6C6BF5A
:1094D80066E2B2A36AE410BD000000000000F33F9A
:1094E80000000000000000000090A77030FFC5BF1A
:1094F8003950109F439E1EBD000000000000F33F3E
:1095080000000000000000000090A77030FFC5BFF9
:109518003950109F439E1EBD0000000000E0F23F3E
:10952800000000000000000000B0A1E3E526C5BF70
:109538008F5B07908BDE20BD0000000000C0F23F6B
:1095480000000000000000000080CB6C2B4DC4BF61
:109558003C783561C10C173D0000000000C0F23FA7
:1095680000000000000000000080CB6C2B4DC4BF41
:109578003C783561C10C173D0000000000A0F23FA7
:10958800000000000000000000901E20FC71C3BF16
:109598003A54274D8678F13C000000000080F23FE5
:1095A800000000000000000000F01FF85295C2BF44
:1095B80008C47117308D24BD000000000060F23F20
:1095C800000000000000000000602FD52AB7C1BFCE
:1095D80096A31118A4802EBD000000000060F23F81
:1095E800000000000000000000602FD52AB7C1BFAE
:1095F80096A31118A4802EBD000000000040F23F81
:1096080000000000000000000090D07C7ED7C0BFA2
:10961800F45BE88896690A3D000000000040F23FCC
:1096280000000000000000000090D07C7ED7C0BF82
:10963800F45BE88896690A3D000000000020F23FCC
:10964800000000000000000000E0DB3191ECBFBF2B
:10965800F233A35C547525BD000000000000F23F02
:10966800000000000000000000002B6E0727BEBFAE
:109678003C00F02A2C342A3D000000000000F23F94
:10968800000000000000000000002B6E0727BEBF8E
:109698003C00F02A2C342A3D0000000000E0F13F95
:1096A800000000000000000000C05B8F545EBCBFDB
:1096B80006BE5F58570C1DBD0000000000C0F13FFA
:1096C800000000000000000000E04A3A6D92BABFB6
:1096D800C8AA5BE83539253D0000000000C0F13F0D
:1096E800000000000000000000E04A3A6D92BABF96
:1096F800C8AA5BE83539253D0000000000A0F13F0D
:10970800000000000000000000A031D645C3B8BF2B
:1097180068562F4D297C133D0000000000A0F13F42
:10972800000000000000000000A031D645C3B8BF0B
:1097380068562F4D297C133D000000000080F13F42
:1097480000000000000000000060E58AD2F0B6BF0B
:10975800DA7333C9379726BD000000000060F13F77
:1097680000000000000000000020063F071BB5BFF6
:10977800575EC6615B021F3D000000000060F13FBC
:1097880000000000000000000020063F071BB5BFD6
:10979800575EC6615B021F3D000000000040F13FBC
:1097A800000000000000000000E01B96D741B3BF96
:1097B800DF13F9CCDA5E2C3D000000000040F13FD9
:1097C800000000000000000000E01B96D741B3BF76
:1097D800DF13F9CCDA5E2C3D000000000020F13FD9
:1097E80000000000000000000080A3EE3665B1BF55
:1097F80009A38F765E7C143D000000000000F13F55
:109808000000000000000000008011C0300AAFBF57
:10981800918E36839E592D3D000000000000F13FD7
:109828000000000000000000008011C0300AAFBF37
:10983800918E36839E592D3D0000000000E0F03FD8
:10984800000000000000000000801971DD42ABBF7D
:109858004C70D6E57A821C3D0000000000E0F03F25
:10986800000000000000000000801971DD42ABBF5D
:109878004C70D6E57A821C3D0000000000C0F03F25
:10988800000000000000000000C032F65874A7BFB6
:10989800EEA1F23446FC2CBD0000000000C0F03FF1
:1098A800000000000000000000C032F65874A7BF96
:1098B800EEA1F23446FC2CBD0000000000A0F03FF1
:1098C800000000000000000000C0FEB9879EA3BF92
:1098D800AAFE26F5B702F53C0000000000A0F03F04
:1098E800000000000000000000C0FEB9879EA3BF72
:1098F800AAFE26F5B702F53C000000000080F03F04
:1099080000000000000000000000780E9B829FBF4E
:10991800E4097E7C268029BD000000000080F03F1D
:1099280000000000000000000000780E9B829FBF2E
:10993800E4097E7C268029BD000000000060F03F1D
:1099480000000000000000000080D5071BB997BF89
:1099580039A6FA93548D28BD000000000040F03F5E
:1099680000000000000000000000FCB0A8C08FBF8D
:109978009CA6D3F67C1EDFBC000000000040F03F30
:1099880000000000000000000000FCB0A8C08FBF6D
:109998009CA6D3F67C1EDFBC000000000020F03F30
:1099A80000000000000000000000106B2AE07FBFEC
:1099B800E440DA0D3FE219BD000000000020F03F4E
:1099C80000000000000000000000106B2AE07FBFCC
:1099D800E440DA0D3FE219BD000000000000F03F4E
:1099E800000000000000000000000000000000006F
:1099F8000000000000000000000000000000F03F30
:109A0800000000000000000000000000000000004E
:109A180000000000000000000000000000C0EF3F50
:109A28000000000000000000000089751510803F4C
:109A3800E82B9D996BC710BD000000000080EF3F28
:109A48000000000000000000008093585620903F5E
:109A5800D2F7E2065BDC23BD000000000040EF3FC8
:109A680000000000000000000000C9282549983FB8
:109A7800340C5A32BAA02ABD000000000000EF3FA3
:109A880000000000000000000040E7895D41A03FA1
:109A980053D7F15CC011013D0000000000C0EE3F4B
:109AA800000000000000000000002ED4AE66A43FB5
:109AB80028FDBD7573162CBD000000000080EE3F28
:109AC800000000000000000000C09F14AA94A83FF6
:109AD8007D265AD0957919BD000000000040EE3F60
:109AE800000000000000000000C0DDCD73CBAC3FDB
:109AF8000728D847F2681ABD000000000020EE3F92
:109B0800000000000000000000C006C031EAAE3FBF
:109B18007B3BC94F3E110EBD0000000000E0ED3F49
:109B28000000000000000000006046D13B97B13FF4
:109B38009B9E0D565D3225BD0000000000A0ED3F44
:109B4800000000000000000000E0D1A7F5BDB33F11
:109B5800D74EDBA55EC82C3D000000000060ED3F3D
:109B6800000000000000000000A0974D5AE9B53F32
:109B78001E1D5D3C06692CBD000000000040ED3F45
:109B8800000000000000000000C0EA0AD300B73F50
:109B980032ED9DA98D1EEC3C000000000000ED3F59
:109BA80000000000000000000040595D5E33B93F2E
:109BB800DA47BD3A5C11233D0000000000C0EC3FCD
:109BC80000000000000000000060AD8DC86ABB3FC7
:109BD800E568F72B809013BD0000000000A0EC3F63
:109BE80000000000000000000040BC015888BC3F95
:109BF800D3AC5AC6D146263D000000000060EC3FB9
:109C0800000000000000000000200A8339C7BE3FA2
:109C1800E045E6AF68C02DBD000000000040EC3F05
:109C2800000000000000000000E0DB3991E8BF3FC1
:109C3800FD0AA14FD63425BD000000000000EC3F0E
:109C4800000000000000000000E027828E17C13FDE
:109C5800F2072DCE78EF213D0000000000E0EB3F39
:109C6800000000000000000000F0237E2BAAC13F86
:109C7800349938448EA72C3D0000000000A0EB3F2B
:109C880000000000000000000080860C61D1C23F87
:109C9800A1B481CB6C9D033D000000000080EB3F28
:109CA8000000000000000000009015B0FC65C33FF4
:109CB80089724B23A82FC63C000000000040EB3FF0
:109CC800000000000000000000B033833D91C43F55
:109CD80078B6FD547983253D000000000020EB3F55
:109CE800000000000000000000B0A1E4E527C53F27
:109CF800C77D69E5E833263D0000000000E0EA3F43
:109D0800000000000000000000108CBE4E57C63F47
:109D1800782E3C2C8BCF193D0000000000C0EA3F94
:109D280000000000000000000070758B12F0C63FB4
:109D3800E1219CE58D1125BD0000000000A0EA3F4F
:109D48000000000000000000005044858D89C73FD6
:109D58000543917010661CBD000000000060EA3FDA
:109D68000000000000000000000039EBAFBEC83F53
:109D7800D12CE9AA543D07BD000000000040EA3F8D
:109D880000000000000000000000F7DC5A5AC93F3C
:109D98006FFFA05828F2073D000000000000EA3FCE
:109DA800000000000000000000E08A3CED93CA3F7C
:109DB80069215650437228BD0000000000E0E93FC9
:109DC800000000000000000000D05B57D831CB3FF6
:109DD800AAE1AC4E8D350CBD0000000000C0E93F83
:109DE800000000000000000000E03B3887D0CB3FB7
:109DF800B6125459C44B2DBD0000000000A0E93F25
:109E080000000000000000000010F0C6FB6FCC3F0F
:109E1800D22B96C572ECF1BC000000000060E93F4F
:109E280000000000000000000090D4B03DB1CD3F1C
:109E380035B015F72AFF2ABD000000000040E93FB1
:109E480000000000000000000010E7FF0E53CE3FA6
:109E580030F441602712C23C000000000020E93FB6
:109E680000000000000000000000DDE4ADF5CE3F7A
:109E7800118EBB651521CABC000000000000E93F37
:109E8800000000000000000000B0B36C1C99CF3F38
:109E980030DF0CCAECCB1B3D0000000000C0E83FDF
:109EA800000000000000000000584D603871D03FED
:109EB800914EED16DB9CF83C0000000000A0E83F46
:109EC8000000000000000000006061672DC4D03F62
:109ED800E9EA3C168B18273D000000000080E83FA7
:109EE800000000000000000000E827828E17D13F24
:109EF8001CF0A5630E212CBD000000000060E83FA7
:109F0800000000000000000000F8ACCB5C6BD13F03
:109F18008116A5F7CD9A2B3D000000000040E83FD0
:109F2800000000000000000000685A6399BFD13F9C
:109F3800B7BD4751EDA62C3D000000000020E83FCA
:109F4800000000000000000000B80E6D4514D23F6C
:109F5800EABA46BADE870A3D0000000000E0E73FA3
:109F680000000000000000000090DC7CF0BED23F42
:109F7800F404504AFA9C2A3D0000000000C0E73F64
:109F880000000000000000000060D3E1F114D33F9E
:109F9800B83C21D37AE228BD0000000000A0E73FCA
:109FA80000000000000000000010BE76676BD33F81
:109FB800C877F1B0CD6E113D000000000080E73F8A
:109FC80000000000000000000030337752C2D33F89
:109FD8005CBD06B6543B183D000000000060E73F3A
:109FE800000000000000000000E8D523B419D43FA9
:109FF8009DE090EC36E4083D000000000040E73F9B
:10A00800000000000000000000C871C28D71D43F3C
:10A0180075D66709CE272FBD000000000020E73F56
:10A0280000000000000000000030179EE0C9D43F87
:10A03800A4D80A1B89202EBD000000000000E73FBD
:10A04800000000000000000000A03807AE22D53F45
:10A0580059C7648170BE2E3D0000000000E0E63F55
:10A06800000000000000000000D0C853F77BD53F77
:10A07800EF405DEEEDAD1F3D0000000000C0E63F83
:10A088000000000000000000006059DFBDD5D53F8A
:10A09800DC65A4082A0B0ABD000000000000F03FA0
:10A0A800000000000000F0BF000000000000F0BF4A
:10A0B800000000000000F03F83C8C96D305F6441B4
:10A0C800182D4454FB21F93F000000000000F03F28
:10A0D8001C620CFDFFFFDFBF198F06E15355A53F3A
:10A0E8009D359AE887C056BFC3F87B024393F93E73
:10A0F80003A695595455C5BFC40B23057610813F57
:10A1080024CF7437EB9429BF000000000000F03F13
:10A11800000000000000F0BF000000000000F0BFD9
:10A12800000000000000F03F83C8C96D305F644143
:10A13800182D4454FB21F93F000000000000F0BF37
:10A148001C620CFDFFFFDF3F198F06E15355A5BFC9
:10A158009D359AE887C0563FC3F87B024393F9BE02
:10A1680003A695595455C5BFC40B23057610813FE6
:10A1780024CF7437EB9429BF00000042C8801F40E9
:10A18800B8821F400800000000000042C4801F4041
:10A19800B4821F400400000000C0004224801F4019
:10A1A80014821F401000000000C0004228801F4099
:10A1B80018821F402000000000C000422C801F4071
:10A1C8001C821F404000000000C0004234801F4035
:10A1D80024821F40000100000040004264811F40AB
:10A1E80054831F40000400000040004280811F404B
:10A1F80070831F4000000200004000427C811F4025
:10A208006C831F40000001000040004268811F402D
:10A2180058831F4000080000004000423C811F4056
:10A228002C831F40010000000040004244811F4071
:10A2380034831F40040000000040004240811F405A
:10A2480030831F40020000000040004248811F4048
:10A2580038831F40080000000000004204811F40AE
:10A26800F4821F40000004000000004208811F40E3
:10A27800F8821F40000008000000004218811F40BB
:10A2880008831F40000080000000004214811F4026
:10A2980004831F40000040000000004200811F406E
:10A2A800F0821F400000020000000042FC801F40B6
:10A2B800EC821F40000001000000004224811F4082
:10A2C80014831F40000000040000004228811F4042
:10A2D80018831F4000000008000000421C811F4036
:10A2E8000C831F40000000010000004220811F4035
:10A2F80010831F400000000200000042EC801F4055
:10A30800DC821F400010000000000042F0801F4067
:10A31800E0821F40002000000000004234811F40FE
:10A3280024831F40000000400000004238811F4085
:10A3380028831F40000000800080004294801F4056
:10A3480084821F400000040000C0004290801F402B
:10A3580080821F400000008000800042A8801F40CB
:10A3680098821F400000800000800042A4801F40A7
:10A3780094821F4000004000004000426C811F4052
:10A388005C831F400010000000C0004230801F4066
:10A3980020821F408000000000400042B0811F4022
:10A3A800A0831F400000002000400042AC811F40F5
:10A3B8009C831F40000000100040004284811F4021
:10A3C80074831F40000004000040004288811F4041
:10A3D80078831F4000000800000000422C811F40C5
:10A3E8001C831F40000000100000004230811F4005
:10A3F80020831F4000000020000000420C811F4005
:10A40800FC821F40000010000000004210811F4025
:10A4180000831F400000200000800042C8811F40C8
:10A42800B8831F400080000000800042C4811F40A4
:10A43800B4831F400040000000800042C0811F40DC
:10A44800B0831F400020000000800042BC811F40F4
:10A45800AC831F400010000000800042D0811F40E4
:10A46800C0831F400000020000800042CC811F40D2
:10A47800BC831F400000010000C0004274801F40E0
:10A4880064821F400000000100C0004280801F401D
:10A4980070821F400000000800C0004284801F40F6
:10A4A80074821F400000001000C000426C801F40F2
:10A4B8005C821F400000400000C000427C801F40BA
:10A4C8006C821F400000000400C0004278801F40DA
:10A4D80068821F400000000200C0004288801F40C0
:10A4E80078821F4000000020D8399D270054EA2AAE
:10A4F80000A4781F007B9A170000000000000000ED
:10A50800A9A80000D5440000A9A80000A9A8000037
:10A51800A9A80000A9A80000000000000000000091
:10A52800C9D20000B5C5000055AF0000000000000A
:10A5380000000000B1CF000089C5000011AF000085
:10A54800000000000000000015D5000019D9000027
:10A55800A1AF0000D0610120B46101207861012021
:10A568006C610120000000000000000005050100EA
:10A578000D1C000015AB000075A90000F1020100D8
:10A5880065C0000035A900002DAA000035FA8E3CF0
:10A598006F12833A00000000000000009DD7000001
:10A5A80001D90000D9AF0000000000000000000041
:10A5B800A9A80000A9A800000000000000000000F1
:10A5C800D1D80000E9D8000081AF0000A9E500005B
:10A5D800259F00000000000000000000356E00000C
:10A5E800D5440000291C0000F9000000F900000013
:10A5F800F9000000FFFF7F7F000000000000803F9F
:10A60800DB0F49400000000000010000583800201E
:10A618001200000000060000002C00600A00000084
:10A6280000020000682B00606200000000070000C4
:10A63800042B006062000000EE030000B838002020
:10A6480012000000000004EE9038002028000000EE
:10A6580000030000FC2B0060000000000103090457
:10A66800E42B00600000000002030904CC2B00600A
:10A6780000000000030309047838002000000000EF
:10A6880000000000000000000000000000000000C2
:10A6980000000000E8240020E0240020D824002046
:10A6A800D0240020C8240020C0240020B824002082
:10A6B800B0240020A8240020A024002098240020F2
:10A6C800902400204C2200204C2200204C22002004
:10A6D8004C2200204C2200204C22002088240020FC
:10A6E8008024002078240020702400206824002082
:10A6F80060240020582400205024002048240020F2
:10A708004024002038240020302400202824002061
:10A7180020240020182400201024002008240020D1
:10A7280000240020F8230020F0230020E823002044
:10A73800E0230020D8230020D0230020C8230020B5
:10A74800C0230020E0240020D8240020D0240020AA
:10A75800C8240020C0240020B82400208824002019
:10A768008024002078240020702400206824002001
:10A778006024002058240020502400204824002071
:10A7880040240020382400203024002028240020E1
:10A798002024002018240020102400200824002051
:10A7A80000240020F8230020F0230020E8230020C4
:10A7B800E0230020D8230020D0230020C823002035
:10A7C800C0230020B0240020A8240020A0240020BA
:10A7D8009824002007080C0B06050F000D0E010237
:10A7E800838407080C0B06050F000D0E01028384F5
:10A7F800FFFFFFFFFFFFFFFFFFFF8182090A000045
:10A80800FF060C183060C0FFC3663C1818181818EB
:10A81800C3663C18183C66C3C3C3C3C3DBFFE7C3A6
:10A82800C3C3C36666663C3CC3C3C3C3C3C3FF7E1E
:10A83800FF181818181818187FC0C07E030303FEE5
:10A84800FEC3C3FED8CCC6C37EFFC3C3C3CEFA794A
:10A85800FEC3C3FEC0C0C0C07EFFC3C3C3C3FF7E68
:10A86800C3C3E3F3DBCFC7C3E7FFDBDBC3C3C3C3A8
:10A87800C0C0C0C0C0C0C0FFC6CCD8F0D8CCC6C30A
:10A88800FF1818181818D870FF181818181818FF73
:10A89800C3C3C3FFC3C3C3C37EC3C0C0C6C3C37ED1
:10A8A800FFC0C0FFC0C0C0C0FFC0C0FFC0C0C0FF65
:10A8B800FCC6C3C3C3C3C6FC7EC3C0C0C0C0C37E7E
:10A8C800FEC3C3FCC3C3C3FE3C66C3C3FFC3C3C349
:10A8D80000003838000038387EC3C37F060C1830B3
:10A8E8007EC3C37E7EC3C37EFF03060C183060C0E0
:10A8F8003F60C0C0FEC3C37EFFC0C0FC06C3663C49
:10A90800060E1E3666FF0C0C7EC30C380CC3663C64
:10A918003C7EC303061860FF1878D818181818FF6B
:10A928007EFFC3C3C3C3FF7E0103060C183060C09B
:10A9380000000000003E5B4F5B3E3E6B4F6B3E1CD1
:10A948003E7C3E1C183C7E3C181C577D571C1C5EE8
:10A958007F5E1C00183C1800FFE7C3E7FF001824BF
:10A968001800FFE7DBE7FF30483A060E2629792969
:10A9780026407F050507407F05253F5A3CE73C5A9E
:10A988007F3E1C1C08081C1C3E7F14227F22145F7B
:10A998005F005F5F06097F017F006689956A6060D6
:10A9A80060606094A2FFA29408047E040810207ED0
:10A9B800201008082A1C08081C2A08081E10101055
:10A9C800100C1E0C1E0C30383E3830060E3E0E069B
:10A9D800000000000000005F0000000700070014EE
:10A9E8007F147F14242A7F2A1223130864623649AD
:10A9F8005620500008070300001C22410000412295
:10AA08001C002A1C7F1C2A08083E08080080703099
:10AA18000008080808080000606000201008040208
:10AA28003E5149453E00427F40007249494946210E
:10AA380041494D331814127F1027454545393C4A82
:10AA48004949314121110907364949493646494999
:10AA5800291E0000140000004034000000081422E1
:10AA6800411414141414004122140802015909064F
:10AA78003E415D594E7C1211127C7F494949363E50
:10AA8800414141227F4141413E7F494949417F0936
:10AA98000909013E414151737F0808087F00417F41
:10AAA80041002040413F017F081422417F4040403F
:10AAB800407F021C027F7F0408107F3E4141413ED7
:10AAC8007F090909063E4151215E7F091929462659
:10AAD8004949493203017F01033F4040403F1F205D
:10AAE80040201F3F4038403F631408146303047834
:10AAF80004036159494D43007F4141410204081054
:10AB080020004141417F040201020440404040408E
:10AB1800000307080020545478407F2844443838FC
:10AB280044444428384444287F385454541800086E
:10AB38007E090218A4A49C787F0804047800447D48
:10AB480040002040403D007F1028440000417F40E5
:10AB5800007C047804787C08040478384444443839
:10AB6800FC1824241818242418FC7C080404084819
:10AB78005454542404043F44243C4040207C1C206A
:10AB880040201C3C4030403C44281028444C9090C5
:10AB9800907C4464544C440008364100000077001F
:10ABA80000004136080002010204023C2623263C2C
:10ABB8001EA1A161123A4040207A385454555921B7
:10ABC800555579412254547842215554784020549F
:10ABD8005579400C1E5272123955555559395454ED
:10ABE800545939555454580000457C410002457D5C
:10ABF800420001457C407D1211127DF0282528F085
:10AC08007C545545002054547C547C0A097F4932B1
:10AC1800494949323A4444443A324A4848303A4128
:10AC280041217A3A42402078009DA0A07D3D4242D1
:10AC3800423D3D4040403D3C24FF2424487E49435A
:10AC4800662B2FFC2F2BFF0929F620C0887E0903CD
:10AC580020545479410000447D413048484A3238F4
:10AC68004040227A007A0A0A727D0D19317D262920
:10AC7800292F28262929292630484D402038080818
:10AC8800080808080808382F10C8ACBA2F1028344C
:10AC9800FA00007B000008142A142222142A14083F
:10ACA8005500550055AA55AA55AAFF55FF55FF004E
:10ACB8000000FF00101010FF00141414FF00101003
:10ACC800FF00FF1010F010F0141414FC001414F717
:10ACD80000FF0000FF00FF1414F404FC1414171004
:10ACE8001F10101F101F1414141F00101010F00054
:10ACF8000000001F101010101F10101010F010008E
:10AD08000000FF101010101010101010FF1000009D
:10AD180000FF140000FF00FF00001F10170000FCD8
:10AD280004F414141710171414F404F40000FF00AA
:10AD3800F714141414141414F700F7141414171433
:10AD480010101F101F141414F4141010F010F00039
:10AD5800001F101F0000001F14000000FC1400005A
:10AD6800F010F01010FF10FF141414FF141010103E
:10AD78001F00000000F010FFFFFFFFFFF0F0F0F0F1
:10AD8800F0FFFFFF0000000000FFFF0F0F0F0F0F85
:10AD98003844443844FC4A4A4A347E0202060602D1
:10ADA8007E027E0263554941633844443C04407E38
:10ADB800201E2006027E020299A5E7A5991C2A49B1
:10ADC8002A1C4C7201724C304A4D4D30304878483C
:10ADD80030BC625A463D3E494949007E0101017E28
:10ADE8002A2A2A2A2A44445F444440514A4440407B
:10ADF800444A51400000FF0103E080FF00000808BA
:10AE08006B6B083612362436060F090F0600001839
:10AE1800180000001010003040FF0101001F010160
:10AE28001E00191D1712003C3C3C3C0000000000AD
:10AE38000000000000000000C538010071A70000F4
:10AE480069A700006DA70000FD390100452D01002C
:10AE58009D320100052E0100492D01005D2D0100E4
:10AE6800D9320100452D01008D3101001145010045
:10AE7800413E0100853C0100712D0100652F010054
:10AE880015300100B930010000000000000000008A
:10AE9800250D00002D0D00005D950000310D00000E
:10AEA80065950000D50B0000350D0000390D000038
:10AEB8000000000000000000599500005D950000AA
:10AEC8006195000065950000D50B000069950000AC
:10AED8006D9500000000000000000000C19E000009
:10AEE800ADC500003DAF000055DE0000BD9E00006E
:10AEF8000000000000000000C1C70000C189000078
:10AF0800C93600000000000000000000498C000065
:10AF1800BD890000BD36000097A0895B5A0F830DDC
:10AF2800C95F6035C2E907E18C24671E458E086356
:10AF380025F0150A17BE0694F778EA4B001AC53EA5
:10AF48005EFCDBCB75230B2039B12158ED953857C2
:10AF5800AE147D88ABA844AF4AA547868B301BA6A4
:10AF68004D929EE7536FE57A3CD385E6DC695C2910
:10AF7800372EF528F4668F3641193FA101D850497C
:10AF8800D14C84BBD05912A9C8C4878274BC9F56BF
:10AF9800A4646DC6ADBA034034D9E2FA7C7B05CA15
:10AFA8002693767EFF5255D4CFCE3BE32F103A112D
:10AFB800B6BD1C2ADFB7AAD577F898022C9AA34603
:10AFC800DD99659BA72BAC09811627FD13626C6E72
:10AFD8004F71E0E8B2B97068DAF661E4FB22F2C1B9
:10AFE800EED2900CBFB3A2F1513391EBF90EEF6B97
:10AFF80031C0D61FB5C76A9DB854CCB07379322D0D
:10B008007F0496FE8AECCD5DDE72431D1848F38DF1
:10B0180080C34E42D73D9CB40000000000000000F1
:10B028000DB20000B1C5000049AF0000D99E000074
:10B03800059F00000000000000000000E11A000069
:10B04800B5890000A53600000000000000000000DF
:10B0580069120000B1890000993600000000000064
:10B0680000000000D51000000000000000000000F3
:10B078007D110000B9110000FD11000069000000F9
:10B088003D0D0000710D0000411200001165000027
:10B098003D61000000000000000000007195000004
:10B0A8009035002094350020983500209C350020EC
:10B0B800A0350020A4350020A8350020AC3500209C
:10B0C800B0350020B4350020403500204835002038
:10B0D80050350020583500206035002068350020A4
:10B0E8007035002078350020803500208835002014
:10B0F800F4340020FC340020043500200C350020F6
:10B10800143500201C350020243500202835002067
:10B118003035002038350020A4340020AC3400201D
:10B12800B4340020BC340020C4340020CC340020C7
:10B13800D4340020DC340020E4340020EC34002037
:10B148000000000000000000850200004503000028
:10B1580005040000F93B0000553D000051040000C3
:10B16800B10400000000000000000000B13E000033
:10B17800C13E0000750100005D01000000000000F4
:10B1880000000000FD0C0000050D0000DD0C0000B3
:10B198000D0D0000E90C0000D50B0000150D000096
:10B1A8001D0D00000000000000000000D50C00008C
:10B1B800DD0C0000E10C0000E90C0000D50B0000DC
:10B1C800ED0C0000F50C000000000000000000007D
:10B1D800AD0C0000B50C00008D0C0000BD0C00008B
:10B1E800990C0000D50B0000C50C0000CD0C000028
:10B1F8000000000000000000850C00008D0C00001D
:10B20800910C0000990C0000D50B00009D0C00006B
:10B21800A50C00000000000003000000050000006D
:10B2280006000000070000000B0000000C000000F2
:10B238000E000000110000001200000013000000C2
:10B2480017000000180000001A0000001D00000090
:10B2580000000000010000000200000003000000E0
:10B2680004000000050000000600000007000000C0
:10B2780008000000090000000A0000000B000000A0
:10B288000C0000000D0000000E0000000F00000080
:10B298001000000011000000120000001300000060
:10B2A8001400000015000000160000001700000040
:10B2B80018000000190000001A0000001B00000020
:10B2C8001C0000001D00000000000000000000003D
:10B2D800490C0000550C00001D0C0000610C00001A
:10B2E8002D0C0000D50B00006D0C0000790C00003F
:10B2F8000000000000000000110C00001D0C000000
:10B30800210C00002D0C0000D50B0000310C0000B2
:10B318003D0C00000000000000000000E90B0000E8
:10B32800F10B0000C90B0000F90B0000D10B000065
:10B33800D50B0000010C0000090C00000000000003
:10B3480000000000C10B0000C90B0000CD0B00007D
:10B35800D10B0000D50B0000D90B0000E10B000059
:10B36800000080000000000000000000A9A8000004
:10B378005B5C5D5E5F607B7C7D7E000000000000A2
:10B3880000000000B5040000E50400008D01000085
:10B3980009050000E5050000F1050000F5050000BD
:10B3A8007D020000FD05000065060000B1060000F2
:10B3B800C9060000E50600000107000019070000A3
:10B3C80009080000F908000075090000F1090000EB
:10B3D800D5360000313900000000000000000000F0
:10B3E80031670000B9890000B13600000000000094
:10B3F80000000000F91A0000351B0000751B000052
:10B408009D0D0000250E0000B91B0000E51B000083
:10B418002166000029630000000000000000000011
:10B42800299F00003DD90000CDAF00006CC00F403F
:10B43800C0000000504F0000FD3F01000CFF00005D
:10B4480013000000000000000000000024851F40D9
:10B458000BFF0000130000000000000000000000C7
:10B4680028851F400DFF00001300000000000000A9
:10B478000000000020851F400A252400130000005A
:10B48800120000001200000001020300000000008A
:10B498001C851F4000000000000000006CC00F4029
:10B4A80030000000100F0000BD400100012700001F
:10B4B80017000000120000000001000014851F4062
:10B4C8001AFF000012000000000000000100000048
:10B4D80018851F401BFF000012000000000000003C
:10B4E8000100000010851F400026FF001700000023
:10B4F800120000000000000001010000010000002F
:10B508000C851F400C851F40000000000000000053
:10B5180000000000012B01007D41010069A7000027
:10B528006DA70000BD2A0100C92A0100E92A01000F
:10B5380000000000000000000D9F000085C500000D
:10B5480005AF0000DDDE0000099F000000000000DC
:10B55800000000009DC9000081C50000F9AE000090
:10B568000000000000000000D1900000BD8900002C
:10B57800EDAE000097A0895B5A0F830DC95F603557
:10B58800C2E907E18C24671E458E086325F0150A79
:10B5980017BE0694F778EA4B001AC53E5EFCDBCB73
:10B5A80075230B2039B12158ED953857AE147D8895
:10B5B800ABA844AF4AA547868B301BA64D929EE7A1
:10B5C800536FE57A3CD385E6DC695C29372EF5288C
:10B5D800F4668F3641193FA101D85049D14C84BB3C
:10B5E800D05912A9C8C4878274BC9F56A4646DC67A
:10B5F800ADBA034034D9E2FA7C7B05CA2693767E3D
:10B60800FF5255D4CFCE3BE32F103A11B6BD1C2ABA
:10B61800DFB7AAD577F898022C9AA346DD99659BDF
:10B62800A72BAC09811627FD13626C6E4F71E0E8F9
:10B63800B2B97068DAF661E4FB22F2C1EED2900C7E
:10B64800BFB3A2F1513391EBF90EEF6B31C0D61FA6
:10B65800B5C76A9DB854CCB07379322D7F0496FE75
:10B668008AECCD5DDE72431D1848F38D80C34E42CF
:10B67800D73D9CB40000000000000000C5CC0000CD
:10B688007DC50000E1AE00000000000000000000E1
:10B69800319800000000000000000000EDA4000048
:10B6A8000000000000000000E9E5000000000000C4
:10B6B80000000000399F00000000000000000000AA
:10B6C8005DA200000000000000000000F1A40000DE
:10B6D8000000000000000000F9AF000000000000BA
:10B6E8000000000079F400000000000000000000E5
:10B6F800D1EB0000000000000000000065F0000031
:10B7080000000000000000001DE80000000000002C
:10B718000000000071F700000000000000000000B9
:10B7280085A40000DB0F49BFE4CB1640E4CB16C06C
:10B7380000000080DB0F4940DB0F49C0000000001B
:10B7480000000080A2000000F9A2000083F9A20016
:10B758006E83F9A24E6E83F9444E6E8315444E6E85
:10B768002915444EFC29154427FC29155727FC297F
:10B77800D15727FCF5D1572734F5D157DD34F5D10A
:10B78800C0DD34F5DBC0DD3462DBC0DD9562DBC0D3
:10B79800999562DB3C999562433C999590433C9915
:10B7A8004190433C3863ED3EDA0F493F5E987B3F5A
:10B7B800DA0FC93F6937AC3168212233B40F14332B
:10B7C8006821A2336E616E00696E66006F7666004E
:10B7D8002020204F4E206F666620202000000000A9
:10B7E8002020206F6E204F464620202000000000B9
:10B7F80020202020202020202020202000000000C1
:10B808000A5374617274696E672E2E2E0000000050
:10B818004650533A200000002C20416E696D617437
:10B82800656420696E200000732C2052656E646583
:10B8380072656420696E2000732C20446973706CF3
:10B848006179656420696E200000000073000000C3
:10B858004F46464C494E45004F4E4C494E45000018
:10B8680044454641554C5400414E4752590000004A
:10B87800444F55425400000046524F574E000000B6
:10B888004C4F4F4B555000005341440041554449DB
:10B898004F310000415544494F3200004155444959
:10B8A8004F3300004845415254000000444541448C
:10B8B80000000000435241534800000046525553CF
:10B8C8005452410044495A5A5900000053484F43C2
:10B8D8004B4544005354414E4442590047454E5449
:10B8E8004C450000302044454700000033362044D2
:10B8F80045470000373220444547000031303820A2
:10B90800444547003134342044454700313830201D
:10B91800444547003231362044454700323532200D
:10B9280044454700323838204445470033323420F4
:10B938004445470047524449454E540059454C4CEC
:10B948004F5700004F52414E474500005748495451
:10B9580045000000475245454E00000050555250E2
:10B968004C45000052454400424C5545000000003B
:10B978005241494E424F57004E4F4953450000002F
:10B988004E4F4E45000000005048415345590000B5
:10B998005048415345580000504841534552000013
:10B9A800474C4954434858004D41474E45540000C0
:10B9B8004649534845594500424C555248000000F5
:10B9C800424C555256000000424C5552520000005D
:10B9D8003130250032302500333025003430250041
:10B9E8003530250036302500373025003830250021
:10B9F800393025003130302500000000202020207B
:10BA08002020202020202020202020425249474862
:10BA1800542020202053444520425249474854206E
:10BA2800202020204D49432020202020204D49431C
:10BA3800204C4556454C202020202020424F4F5076
:10BA48002020202020202020535045432020202043
:10BA58002020202053495A45202020202020204300
:10BA68004F4C4F522020202020202048554520466A
:10BA7800202020202020204855452042202020201A
:10BA88002020204546464543542020202046414E4C
:10BA980020535045454420200000000020612062CA
:10BAA800206320642065206620202031325E3435F2
:10BAB8002020202020202031325E343520202020F4
:10BAC8002020204F4E206F66662020202020313213
:10BAD800333435367C3820202020206F6E204F46A6
:10BAE800462020202020204F4E206F6666202020F0
:10BAF80020202031325E3435202020202020313291
:10BB0800333435367C3820202020313233343536F2
:10BB18007C38202020203132333435367C382020C0
:10BB280020203132333435367C3820202020313201
:10BB3800333435367C382020000000000000000037
:10BB48000000000060940120C89401203095012075
:10BB580000000000000000000000000000000000DD
:10BB680000000000000000000000000000000000CD
:10BB780000000000000000000000000000000000BD
:10BB880000000000000000000000000000000000AD
:10BB9800000000000000000000000000000000009D
:10BBA800000000000000000000000000000000008D
:10BBB800000000000000000000000000000000007D
:10BBC800000000000000000000000000000000006D
:10BBD800000000000000000001000000000000005C
:10BBE8000E33CDAB34126DE6ECDE05000B00000021
:10BBF800000000000000000000000000000000003D
:10BC0800000000000000000000000000000000002C
:10BC1800000000000000000000000000000000001C
:10BC2800000000000000000000000000000000000C
:10BC380000000000000000000000000000000000FC
:10BC480000000000000000000000000000000000EC
:10BC580000000000000000000000000000000000DC
:10BC6800401F0000000000008000000000000000ED
:10BC7800800000000000803F0000803F0000803FFF
:10BC88002C21002000000000E80300000000000054
:10BC9800007B9A170029DE0712010002EF0201401B
:10BCA800C01683048002010203010000FFFFFFFFAA
:10BCB800008B2020010000000C03000000000000A1
:10BCC800000000000000000000000000000000006C
:10BCD800280000000001040001000000000000002E
:10BCE800020157494E555342000000000000000071
:10BCF800000000000000000012034D005300460041
:10BD08005400310030003000F8000000020E07082F
:10BD1800061415052494012000000000000000000E
:10BD280000000000DC380020DC380020E438002067
:10BD3800E4380020EC380020EC380020F4380020EB
:10BD4800F4380020FC380020FC380020043900209A
:10BD5800043900200C3900200C3900201439002047
:10BD6800143900201C3900201C39002024390020F7
:10BD7800243900202C3900202C39002034390020A7
:10BD8800343900203C3900203C3900204439002057
:10BD9800443900204C3900204C3900205439002007
:10BDA800543900205C3900205C39002064390020B7
:10BDB800643900206C3900206C3900207439002067
:10BDC800743900207C3900207C3900208439002017
:10BDD800843900208C3900208C39002094390020C7
:10BDE800943900209C3900209C390020A439002077
:10BDF800A4390020AC390020AC390020B439002027
:10BE0800B4390020BC390020BC390020C4390020D6
:10BE1800C4390020CC390020CC390020D439002086
:10BE2800D4390020DC390020DC390020E439002036
:10BE3800E4390020EC390020EC390020F4390020E6
:10BE4800F4390020FC390020FC390020043A002095
:10BE5800043A00200C3A00200C3A0020143A002042
:10BE6800143A00201C3A00201C3A0020243A0020F2
:10BE7800243A00202C3A00202C3A0020343A0020A2
:10BE8800343A00203C3A00203C3A0020443A002052
:10BE9800443A00204C3A00204C3A0020543A002002
:10BEA800543A00205C3A00205C3A0020643A0020B2
:10BEB800643A00206C3A00206C3A0020743A002062
:10BEC800743A00207C3A00207C3A0020843A002012
:10BED800843A00208C3A00208C3A0020943A0020C2
:10BEE800943A00209C3A00209C3A0020A43A002072
:10BEF800A43A0020AC3A0020AC3A0020B43A002022
:10BF0800B43A0020BC3A0020BC3A0020C43A0020D1
:10BF1800C43A0020CC3A0020CC3A0020D43A002081
:10BF2800D43A0020DC3A0020DC3A0020E43A002031
:10BF3800E43A0020EC3A0020EC3A0020F43A0020E1
:10BF4800F43A0020FC3A0020FC3A0020043B002090
:10BF5800043B00200C3B00200C3B0020143B00203D
:10BF6800143B00201C3B00201C3B0020243B0020ED
:10BF7800243B00202C3B00202C3B0020343B00209D
:10BF8800343B00203C3B00203C3B0020443B00204D
:10BF9800443B00204C3B00204C3B0020543B0020FD
:10BFA800543B00205C3B00205C3B0020643B0020AD
:10BFB800643B00206C3B00206C3B0020743B00205D
:10BFC800743B00207C3B00207C3B0020843B00200D
:10BFD800843B00208C3B00208C3B0020943B0020BD
:10BFE800943B00209C3B00209C3B0020A43B00206D
:10BFF800A43B0020AC3B0020AC3B0020B43B00201D
:10C00800B43B0020BC3B0020BC3B0020C43B0020CC
:10C01800C43B0020CC3B0020CC3B0020D43B00207C
:10C02800D43B0020DC3B0020DC3B0020E43B00202C
:10C03800E43B0020EC3B0020EC3B0020F43B0020DC
:10C04800F43B0020FC3B0020FC3B0020043C00208B
:10C05800043C00200C3C00200C3C0020143C002038
:10C06800143C00201C3C00201C3C0020243C0020E8
:10C07800243C00202C3C00202C3C0020343C002098
:10C08800343C00203C3C00203C3C0020443C002048
:10C09800443C00204C3C00204C3C0020543C0020F8
:10C0A800543C00205C3C00205C3C0020643C0020A8
:10C0B800643C00206C3C00206C3C0020743C002058
:10C0C800743C00207C3C00207C3C0020843C002008
:10C0D800843C00208C3C00208C3C0020943C0020B8
:10C0E800943C00209C3C00209C3C0020A43C002068
:10C0F800A43C0020AC3C0020AC3C0020B43C002018
:10C10800B43C0020BC3C0020BC3C0020C43C0020C7
:10C11800C43C0020CC3C0020CC3C0020D43C002077
:10C12800D43C0020FFFFFFFF000002000037002082
:10C1380000000000000000000000000000000000F7
:10C1480000000000000000000000000000000000E7
:10C1580000000000000000000000000000000000D7
:10C1680000000000000000000000000000000000C7
:10C1780000000000000000000000000000000000B7
:10C1880000000000000000000000000000000000A7
:10C198000000000000000000000000000000000097
:10C1A8000000000000000000000000000000000087
:10C1B8000000000000000000000000000000000077
:10C1C8000000000000000000000000000000000067
:10C1D8000000000000000000000000000000000057
:10C1E8000000000000000000000000000000000047
:10C1F8000000000000000000000000000000000037
:10C208000000000000000000000000000000000026
:10C218000000000000000000000000000000000016
:10C228000000000000000000000000000000000006
:10C2380000000000000000000000000000000000F6
:10C2480000000000000000000000000000000000E6
:10C2580000000000000000000000000000000000D6
:10C2680000000000000000000000000000000000C6
:10C2780000000000000000000000000000000000B6
:10C2880000000000000000000000000000000000A6
:10C298000000000000000000000000000000000096
:10C2A8000000000000000000000000000000000086
:10C2B8000000000000000000000000000000000076
:10C2C8000000000000000000000000000000000066
:10C2D8000000000000000000000000000000000056
:10C2E8000000000000000000000000000000000046
:10C2F8000000000000000000000000000000000036
:10C308000000000000000000000000000000000025
:10C318000000000000000000000000000000000015
:10C328000000000000000000000000000000000005
:10C3380000000000000000000000000000000000F5
:10C3480000000000000000000000000000000000E5
:10C3580000000000000000000000000000000000D5
:10C3680000000000000000000000000000000000C5
:10C3780000000000000000000000000000000000B5
:10C3880000000000000000000000000000000000A5
:10C398000000000000000000000000000000000095
:10C3A8000000000000000000000000000000000085
:10C3B8000000000000000000000000000000000075
:10C3C8000000000000000000000000000000000065
:10C3D8000000000000000000000000000000000055
:10C3E8000000000000000000000000000000000045
:10C3F8000000000000000000000000000000000035
:10C408000000000000000000000000000000000024
:10C418000000000000000000000000000000000014
:10C428000000000000000000000000000000000004
:10C4380000000000000000000000000000000000F4
:10C4480000000000000000000000000000000000E4
:10C4580000000000000000000000000000000000D4
:10C4680000000000000000000000000000000000C4
:10C4780000000000000000000000000000000000B4
:10C4880000000000000000000000000000000000A4
:10C498000000000000000000000000000000000094
:10C4A8000000000000000000000000000000000084
:10C4B8000000000000000000000000000000000074
:10C4C8000000000000000000000000000000000064
:10C4D8000000000000000000000000000000000054
:10C4E8000000000000000000000000000000000044
:10C4F8000000000000000000000000000000000034
:10C508000000000000000000000000000000000023
:10C518000000000000000000000000000000000013
:10C528000000000000000000000000000000000003
:10C5380000000000000000000000000000000000F3
:10C5480000000000000000000000000000000000E3
:10C5580000000000000000000000000000000000D3
:10C5680000000000000000000000000000000000C3
:10C5780000000000000000000000000000000000B3
:10C5880000000000000000000000000000000000A3
:10C598000000000000000000000000000000000093
:10C5A8000000000000000000000000000000000083
:10C5B8000000000000000000000000000000000073
:10C5C8000000000000000000000000000000000063
:10C5D8000000000000000000000000000000000053
:10C5E8000000000000000000000000000000000043
:10C5F8000000000000000000000000000000000033
:10C608000000000000000000000000000000000022
:10C618000000000000000000000000000000000012
:10C628000000000000000000000000000000000002
:10C6380000000000000000000000000000000000F2
:10C6480000000000000000000000000000000000E2
:10C6580000000000000000000000000000000000D2
:10C6680000000000000000000000000000000000C2
:10C6780000000000000000000000000000000000B2
:10C6880000000000000000000000000000000000A2
:10C698000000000000000000000000000000000092
:10C6A8000000000000000000000000000000000082
:10C6B8000000000000000000000000000000000072
:10C6C8000000000000000000000000000000000062
:10C6D8000000000000000000000000000000000052
:10C6E8000000000000000000000000000000000042
:10C6F8000000000000000000000000000000000032
:10C70800FFFFFFFFFFFFFFFFFFFFFFFFFFFFFFFF31
:10C71800FFFFFFFFFFFFFFFFFFFFFFFFFFFFFFFF21
:10C72800FFFFFFFFFFFFFFFFFFFFFFFFFFFFFFFF11
:10C73800FFFFFFFFFFFFFFFFFFFFFFFFFFFFFFFF01
:10C74800FFFFFFFFFFFFFFFFFFFFFFFFFFFFFFFFF1
:10C75800FFFFFFFFFFFFFFFFFFFFFFFFFFFFFFFFE1
:10C76800FFFFFFFFFFFFFFFFFFFFFFFFFFFFFFFFD1
:10C77800FFFFFFFFFFFFFFFFFFFFFFFFFFFFFFFFC1
:10C78800FFFFFFFFFFFFFFFFFFFFFFFFFFFFFFFFB1
:10C79800FFFFFFFFFFFFFFFFFFFFFFFFFFFFFFFFA1
:10C7A800FFFFFFFFFFFFFFFFFFFFFFFFFFFFFFFF91
:10C7B800FFFFFFFFFFFFFFFFFFFFFFFFFFFFFFFF81
:10C7C800FFFFFFFFFFFFFFFFFFFFFFFFFFFFFFFF71
:10C7D800FFFFFFFFFFFFFFFFFFFFFFFFFFFFFFFF61
:10C7E800FFFFFFFFFFFFFFFFFFFFFFFFFFFFFFFF51
:10C7F800FFFFFFFFFFFFFFFF000000000000000039
:10C808000000000000000000000000000000000020
:10C818000000000000000000000000000000000010
:10C828000000000000000000000000000000000000
:10C8380000000000000000000000000000000000F0
:10C8480000000000000000000000000000000000E0
:10C8580000000000000000000000000000000000D0
:10C8680000000000000000000000000000000000C0
:10C8780000000000000000000000000000000000B0
:10C8880000000000000000000000000000000000A0
:10C898000000000000000000000000000000000090
:10C8A8000000000000000000000000000000000080
:10C8B8000000000000000000000000000000000070
:10C8C8000000000000000000000000000000000060
:10C8D8000000000000000000000000000000000050
:10C8E8000000000000000000000000000000000040
:10C8F8000000000000000000000000000000000030
:10C90800000000000000000000000000000000001F
:10C91800000000000000000000000000000000000F
:10C9280000000000000000000000000000000000FF
:10C9380000000000000000000000000000000000EF
:10C9480000000000000000000000000000000000DF
:10C9580000000000000000000000000000000000CF
:10C9680000000000000000000000000000000000BF
:10C9780000000000000000000000000000000000AF
:10C98800000000000000000000000000000000009F
:10C99800000000000000000000000000000000008F
:10C9A800000000000000000000000000000000007F
:10C9B800000000000000000000000000000000006F
:10C9C800000000000000000000000000000000005F
:10C9D800000000000000000000000000000000004F
:10C9E800000000000000000000000000000000003F
:10C9F800000000000000000000000000000000002F
:10CA0800000000000000000000000000000000001E
:10CA1800000000000000000000000000000000000E
:10CA280000000000000000000000000000000000FE
:10CA380000000000000000000000000000000000EE
:10CA480000000000000000000000000000000000DE
:10CA580000000000000000000000000000000000CE
:10CA680000000000000000000000000000000000BE
:10CA780000000000000000000000000000000000AE
:10CA8800000000000000000000000000000000009E
:10CA9800000000000000000000000000000000008E
:10CAA800000000000000000000000000000000007E
:10CAB800000000000000000000000000000000006E
:10CAC800000000000000000000000000000000005E
:10CAD800000000000000000000000000000000004E
:10CAE800000000000000000000000000000000003E
:10CAF800000000000000000000000000000000002E
:10CB0800000000000000000000000000000000001D
:10CB1800000000000000000000000000000000000D
:10CB280000000000000000000000000000000000FD
:10CB380000000000000000000000000000000000ED
:10CB480000000000000000000000000000000000DD
:10CB580000000000000000000000000000000000CD
:10CB680000000000000000000000000000000000BD
:10CB780000000000000000000000000000000000AD
:10CB8800000000000000000000000000000000009D
:10CB9800000000000000000000000000000000008D
:10CBA800000000000000000000000000000000007D
:10CBB800000000000000000000000000000000006D
:10CBC800000000000000000000000000000000005D
:10CBD800000000000000000000000000000000004D
:10CBE800000000000000000000000000000000003D
:10CBF800000000000000000000000000000000002D
:10CC0800000000000000000000000000000000001C
:10CC1800000000000000000000000000000000000C
:10CC280000000000000000000000000000000000FC
:10CC380000000000000000000000000000000000EC
:10CC480000000000000000000000000000000000DC
:10CC580000000000000000000000000000000000CC
:10CC680000000000000000000000000000000000BC
:10CC780000000000000000000000000000000000AC
:10CC8800000000000000000000000000000000009C
:10CC9800000000000000000000000000000000008C
:10CCA800000000000000000000000000000000007C
:10CCB800000000000000000000000000000000006C
:10CCC800000000000000000000000000000000005C
:10CCD800000000000000000000000000000000004C
:10CCE800000000000000000000000000000000003C
:10CCF800000000000000000000000000000000002C
:10CD0800000000000000000000000000000000001B
:10CD1800000000000000000000000000000000000B
:10CD280000000000000000000000000000000000FB
:10CD380000000000000000000000000000000000EB
:10CD480000000000000000000000000000000000DB
:10CD580000000000000000000000000000000000CB
:10CD680000000000000000000000000000000000BB
:10CD780000000000000000000000000000000000AB
:10CD8800000000000000000000000000000000009B
:10CD9800000000000000000000000000000000008B
:10CDA800000000000000000000000000000000007B
:10CDB800000000000000000000000000000000006B
:10CDC800000000000000000000000000000000005B
:10CDD800000000000000000000000000000000004B
:10CDE800000000000000000000000000000000003B
:10CDF800000000000000000000000000000000002B
:10CE0800000000000000000000000000000000001A
:10CE1800000000000000000000000000000000000A
:10CE280000000000000000000000000000000000FA
:10CE380000000000000000000000000000000000EA
:10CE480000000000000000000000000000000000DA
:10CE580000000000000000000000000000000000CA
:10CE680000000000000000000000000000000000BA
:10CE780000000000000000000000000000000000AA
:10CE8800000000000000000000000000000000009A
:10CE9800000000000000000000000000000000008A
:10CEA800000000000000000000000000000000007A
:10CEB800000000000000000000000000000000006A
:10CEC800000000000000000000000000000000005A
:10CED800000000000000000000000000000000004A
:10CEE800000000000000000000000000000000003A
:10CEF800000000000000000000000000000000002A
:10CF08000000000000000000000000000000000019
:10CF18000000000000000000000000000000000009
:10CF280000000000000000000000000000000000F9
:10CF380000000000000000000000000000000000E9
:10CF480000000000000000000000000000000000D9
:10CF580000000000000000000000000000000000C9
:10CF680000000000000000000000000000000000B9
:10CF780000000000000000000000000000000000A9
:10CF88000000000000000000000000000000000099
:10CF98000000000000000000000000000000000089
:10CFA8000000000000000000000000000000000079
:10CFB8000000000000000000000000000000000069
:10CFC8000000000000000000000000000000000059
:10CFD8000000000000000000000000000000000049
:10CFE8000000000000000000000000000000000039
:10CFF8000000000000000000000000000000000029
:10D008000000000000000000000000000000000018
:10D018000000000000000000000000000000000008
:10D0280000000000000000000000000000000000F8
:10D0380000000000000000000000000000000000E8
:10D0480000000000000000000000000000000000D8
:10D0580000000000000000000000000000000000C8
:10D0680000000000000000000000000000000000B8
:10D0780000000000000000000000000000000000A8
:10D088000000000000000000000000000000000098
:10D098000000000000000000000000000000000088
:10D0A8000000000000000000000000000000000078
:10D0B8000000000000000000000000000000000068
:10D0C8000000000000000000000000000000000058
:10D0D8000000000000000000000000000000000048
:10D0E8000000000000000000000000000000000038
:10D0F8000000000000000000000000000000000028
:10D108000000000000000000000000000000000017
:10D118000000000000000000000000000000000007
:10D1280000000000000000000000000000000000F7
:10D1380000000000000000000000000000000000E7
:10D1480000000000000000000000000000000000D7
:10D1580000000000000000000000000000000000C7
:10D1680000000000000000000000000000000000B7
:10D1780000000000000000000000000000000000A7
:10D188000000000000000000000000000000000097
:10D198000000000000000000000000000000000087
:10D1A8000000000000000000000000000000000077
:10D1B8000000000000000000000000000000000067
:10D1C8000000000000000000000000000000000057
:10D1D8000000000000000000000000000000000047
:10D1E8000000000000000000000000000000000037
:10D1F8000000000000000000000000000000000027
:10D208000000000000000000000000000000000016
:10D218000000000000000000000000000000000006
:10D2280000000000000000000000000000000000F6
:10D2380000000000000000000000000000000000E6
:10D2480000000000000000000000000000000000D6
:10D2580000000000000000000000000000000000C6
:10D2680000000000000000000000000000000000B6
:10D2780000000000000000000000000000000000A6
:10D288000000000000000000000000000000000096
:10D298000000000000000000000000000000000086
:10D2A8000000000000000000000000000000000076
:10D2B8000000000000000000000000000000000066
:10D2C8000000000000000000000000000000000056
:10D2D8000000000000000000000000000000000046
:10D2E8000000000000000000000000000000000036
:10D2F8000000000000000000000000000000000026
:10D308000000000000000000000000000000000015
:10D318000000000000000000000000000000000005
:10D3280000000000000000000000000000000000F5
:10D3380000000000000000000000000000000000E5
:10D3480000000000000000000000000000000000D5
:10D3580000000000000000000000000000000000C5
:10D3680000000000000000000000000000000000B5
:10D3780000000000000000000000000000000000A5
:10D388000000000000000000000000000000000095
:10D398000000000000000000000000000000000085
:10D3A8000000000000000000000000000000000075
:10D3B8000000000000000000000000000000000065
:10D3C8000000000000000000000000000000000055
:10D3D8000000000000000000000000000000000045
:10D3E8000000000000000000000000000000000035
:08D3F80000000000000000002D
:040000056000100087
:00000001FF
