:0200000460009A
:100000004643464200000156000000000103030081
:1000100000000000000000000000000000000000E0
:1000200000000000000000000000000000000000D0
:1000300000000000000000000000000000000000C0
:1000400000000000010408000000000000000000A3
:100050000000800000000000000000000000000020
:100060000000000000000000000000000000000090
:100070000000000000000000000000000000000080
:10008000EB04180A063204260000000000000000FD
:10009000050404240000000000000000000000002F
:1000A0000000000000000000000000000000000050
:1000B0000604000000000000000000000000000036
:1000C0000000000000000000000000000000000030
:1000D00020041808000000000000000000000000DC
:1000E0000000000000000000000000000000000010
:1000F0000000000000000000000000000000000000
:10010000D8041808000000000000000000000000F3
:100110000204180804200000000000000000000095
:1001200000000000000000000000000000000000CF
:10013000600400000000000000000000000000005B
:1001400000000000000000000000000000000000AF
:10015000000000000000000000000000000000009F
:10016000000000000000000000000000000000008F
:10017000000000000000000000000000000000007F
:10018000000000000000000000000000000000006F
:10019000000000000000000000000000000000005F
:1001A000000000000000000000000000000000004F
:1001B000000000000000000000000000000000003F
:1001C000000100000010000001000000000000001D
:1001D000000001000000000000000000000000001E
:1001E000000000000000000000000000000000000F
:1001F00000000000000000000000000000000000FF
:10020000FFFFFFFFFFFFFFFFFFFFFFFFFFFFFFFFFE
:10021000FFFFFFFFFFFFFFFFFFFFFFFFFFFFFFFFEE
:10022000FFFFFFFFFFFFFFFFFFFFFFFFFFFFFFFFDE
:10023000FFFFFFFFFFFFFFFFFFFFFFFFFFFFFFFFCE
:10024000FFFFFFFFFFFFFFFFFFFFFFFFFFFFFFFFBE
:10025000FFFFFFFFFFFFFFFFFFFFFFFFFFFFFFFFAE
:10026000FFFFFFFFFFFFFFFFFFFFFFFFFFFFFFFF9E
:10027000FFFFFFFFFFFFFFFFFFFFFFFFFFFFFFFF8E
:10028000FFFFFFFFFFFFFFFFFFFFFFFFFFFFFFFF7E
:10029000FFFFFFFFFFFFFFFFFFFFFFFFFFFFFFFF6E
:1002A000FFFFFFFFFFFFFFFFFFFFFFFFFFFFFFFF5E
:1002B000FFFFFFFFFFFFFFFFFFFFFFFFFFFFFFFF4E
:1002C000FFFFFFFFFFFFFFFFFFFFFFFFFFFFFFFF3E
:1002D000FFFFFFFFFFFFFFFFFFFFFFFFFFFFFFFF2E
:1002E000FFFFFFFFFFFFFFFFFFFFFFFFFFFFFFFF1E
:1002F000FFFFFFFFFFFFFFFFFFFFFFFFFFFFFFFF0E
:10030000FFFFFFFFFFFFFFFFFFFFFFFFFFFFFFFFFD
:10031000FFFFFFFFFFFFFFFFFFFFFFFFFFFFFFFFED
:10032000FFFFFFFFFFFFFFFFFFFFFFFFFFFFFFFFDD
:10033000FFFFFFFFFFFFFFFFFFFFFFFFFFFFFFFFCD
:10034000FFFFFFFFFFFFFFFFFFFFFFFFFFFFFFFFBD
:10035000FFFFFFFFFFFFFFFFFFFFFFFFFFFFFFFFAD
:10036000FFFFFFFFFFFFFFFFFFFFFFFFFFFFFFFF9D
:10037000FFFFFFFFFFFFFFFFFFFFFFFFFFFFFFFF8D
:10038000FFFFFFFFFFFFFFFFFFFFFFFFFFFFFFFF7D
:10039000FFFFFFFFFFFFFFFFFFFFFFFFFFFFFFFF6D
:1003A000FFFFFFFFFFFFFFFFFFFFFFFFFFFFFFFF5D
:1003B000FFFFFFFFFFFFFFFFFFFFFFFFFFFFFFFF4D
:1003C000FFFFFFFFFFFFFFFFFFFFFFFFFFFFFFFF3D
:1003D000FFFFFFFFFFFFFFFFFFFFFFFFFFFFFFFF2D
:1003E000FFFFFFFFFFFFFFFFFFFFFFFFFFFFFFFF1D
:1003F000FFFFFFFFFFFFFFFFFFFFFFFFFFFFFFFF0D
:10040000FFFFFFFFFFFFFFFFFFFFFFFFFFFFFFFFFC
:10041000FFFFFFFFFFFFFFFFFFFFFFFFFFFFFFFFEC
:10042000FFFFFFFFFFFFFFFFFFFFFFFFFFFFFFFFDC
:10043000FFFFFFFFFFFFFFFFFFFFFFFFFFFFFFFFCC
:10044000FFFFFFFFFFFFFFFFFFFFFFFFFFFFFFFFBC
:10045000FFFFFFFFFFFFFFFFFFFFFFFFFFFFFFFFAC
:10046000FFFFFFFFFFFFFFFFFFFFFFFFFFFFFFFF9C
:10047000FFFFFFFFFFFFFFFFFFFFFFFFFFFFFFFF8C
:10048000FFFFFFFFFFFFFFFFFFFFFFFFFFFFFFFF7C
:10049000FFFFFFFFFFFFFFFFFFFFFFFFFFFFFFFF6C
:1004A000FFFFFFFFFFFFFFFFFFFFFFFFFFFFFFFF5C
:1004B000FFFFFFFFFFFFFFFFFFFFFFFFFFFFFFFF4C
:1004C000FFFFFFFFFFFFFFFFFFFFFFFFFFFFFFFF3C
:1004D000FFFFFFFFFFFFFFFFFFFFFFFFFFFFFFFF2C
:1004E000FFFFFFFFFFFFFFFFFFFFFFFFFFFFFFFF1C
:1004F000FFFFFFFFFFFFFFFFFFFFFFFFFFFFFFFF0C
:10050000FFFFFFFFFFFFFFFFFFFFFFFFFFFFFFFFFB
:10051000FFFFFFFFFFFFFFFFFFFFFFFFFFFFFFFFEB
:10052000FFFFFFFFFFFFFFFFFFFFFFFFFFFFFFFFDB
:10053000FFFFFFFFFFFFFFFFFFFFFFFFFFFFFFFFCB
:10054000FFFFFFFFFFFFFFFFFFFFFFFFFFFFFFFFBB
:10055000FFFFFFFFFFFFFFFFFFFFFFFFFFFFFFFFAB
:10056000FFFFFFFFFFFFFFFFFFFFFFFFFFFFFFFF9B
:10057000FFFFFFFFFFFFFFFFFFFFFFFFFFFFFFFF8B
:10058000FFFFFFFFFFFFFFFFFFFFFFFFFFFFFFFF7B
:10059000FFFFFFFFFFFFFFFFFFFFFFFFFFFFFFFF6B
:1005A000FFFFFFFFFFFFFFFFFFFFFFFFFFFFFFFF5B
:1005B000FFFFFFFFFFFFFFFFFFFFFFFFFFFFFFFF4B
:1005C000FFFFFFFFFFFFFFFFFFFFFFFFFFFFFFFF3B
:1005D000FFFFFFFFFFFFFFFFFFFFFFFFFFFFFFFF2B
:1005E000FFFFFFFFFFFFFFFFFFFFFFFFFFFFFFFF1B
:1005F000FFFFFFFFFFFFFFFFFFFFFFFFFFFFFFFF0B
:10060000FFFFFFFFFFFFFFFFFFFFFFFFFFFFFFFFFA
:10061000FFFFFFFFFFFFFFFFFFFFFFFFFFFFFFFFEA
:10062000FFFFFFFFFFFFFFFFFFFFFFFFFFFFFFFFDA
:10063000FFFFFFFFFFFFFFFFFFFFFFFFFFFFFFFFCA
:10064000FFFFFFFFFFFFFFFFFFFFFFFFFFFFFFFFBA
:10065000FFFFFFFFFFFFFFFFFFFFFFFFFFFFFFFFAA
:10066000FFFFFFFFFFFFFFFFFFFFFFFFFFFFFFFF9A
:10067000FFFFFFFFFFFFFFFFFFFFFFFFFFFFFFFF8A
:10068000FFFFFFFFFFFFFFFFFFFFFFFFFFFFFFFF7A
:10069000FFFFFFFFFFFFFFFFFFFFFFFFFFFFFFFF6A
:1006A000FFFFFFFFFFFFFFFFFFFFFFFFFFFFFFFF5A
:1006B000FFFFFFFFFFFFFFFFFFFFFFFFFFFFFFFF4A
:1006C000FFFFFFFFFFFFFFFFFFFFFFFFFFFFFFFF3A
:1006D000FFFFFFFFFFFFFFFFFFFFFFFFFFFFFFFF2A
:1006E000FFFFFFFFFFFFFFFFFFFFFFFFFFFFFFFF1A
:1006F000FFFFFFFFFFFFFFFFFFFFFFFFFFFFFFFF0A
:10070000FFFFFFFFFFFFFFFFFFFFFFFFFFFFFFFFF9
:10071000FFFFFFFFFFFFFFFFFFFFFFFFFFFFFFFFE9
:10072000FFFFFFFFFFFFFFFFFFFFFFFFFFFFFFFFD9
:10073000FFFFFFFFFFFFFFFFFFFFFFFFFFFFFFFFC9
:10074000FFFFFFFFFFFFFFFFFFFFFFFFFFFFFFFFB9
:10075000FFFFFFFFFFFFFFFFFFFFFFFFFFFFFFFFA9
:10076000FFFFFFFFFFFFFFFFFFFFFFFFFFFFFFFF99
:10077000FFFFFFFFFFFFFFFFFFFFFFFFFFFFFFFF89
:10078000FFFFFFFFFFFFFFFFFFFFFFFFFFFFFFFF79
:10079000FFFFFFFFFFFFFFFFFFFFFFFFFFFFFFFF69
:1007A000FFFFFFFFFFFFFFFFFFFFFFFFFFFFFFFF59
:1007B000FFFFFFFFFFFFFFFFFFFFFFFFFFFFFFFF49
:1007C000FFFFFFFFFFFFFFFFFFFFFFFFFFFFFFFF39
:1007D000FFFFFFFFFFFFFFFFFFFFFFFFFFFFFFFF29
:1007E000FFFFFFFFFFFFFFFFFFFFFFFFFFFFFFFF19
:1007F000FFFFFFFFFFFFFFFFFFFFFFFFFFFFFFFF09
:10080000FFFFFFFFFFFFFFFFFFFFFFFFFFFFFFFFF8
:10081000FFFFFFFFFFFFFFFFFFFFFFFFFFFFFFFFE8
:10082000FFFFFFFFFFFFFFFFFFFFFFFFFFFFFFFFD8
:10083000FFFFFFFFFFFFFFFFFFFFFFFFFFFFFFFFC8
:10084000FFFFFFFFFFFFFFFFFFFFFFFFFFFFFFFFB8
:10085000FFFFFFFFFFFFFFFFFFFFFFFFFFFFFFFFA8
:10086000FFFFFFFFFFFFFFFFFFFFFFFFFFFFFFFF98
:10087000FFFFFFFFFFFFFFFFFFFFFFFFFFFFFFFF88
:10088000FFFFFFFFFFFFFFFFFFFFFFFFFFFFFFFF78
:10089000FFFFFFFFFFFFFFFFFFFFFFFFFFFFFFFF68
:1008A000FFFFFFFFFFFFFFFFFFFFFFFFFFFFFFFF58
:1008B000FFFFFFFFFFFFFFFFFFFFFFFFFFFFFFFF48
:1008C000FFFFFFFFFFFFFFFFFFFFFFFFFFFFFFFF38
:1008D000FFFFFFFFFFFFFFFFFFFFFFFFFFFFFFFF28
:1008E000FFFFFFFFFFFFFFFFFFFFFFFFFFFFFFFF18
:1008F000FFFFFFFFFFFFFFFFFFFFFFFFFFFFFFFF08
:10090000FFFFFFFFFFFFFFFFFFFFFFFFFFFFFFFFF7
:10091000FFFFFFFFFFFFFFFFFFFFFFFFFFFFFFFFE7
:10092000FFFFFFFFFFFFFFFFFFFFFFFFFFFFFFFFD7
:10093000FFFFFFFFFFFFFFFFFFFFFFFFFFFFFFFFC7
:10094000FFFFFFFFFFFFFFFFFFFFFFFFFFFFFFFFB7
:10095000FFFFFFFFFFFFFFFFFFFFFFFFFFFFFFFFA7
:10096000FFFFFFFFFFFFFFFFFFFFFFFFFFFFFFFF97
:10097000FFFFFFFFFFFFFFFFFFFFFFFFFFFFFFFF87
:10098000FFFFFFFFFFFFFFFFFFFFFFFFFFFFFFFF77
:10099000FFFFFFFFFFFFFFFFFFFFFFFFFFFFFFFF67
:1009A000FFFFFFFFFFFFFFFFFFFFFFFFFFFFFFFF57
:1009B000FFFFFFFFFFFFFFFFFFFFFFFFFFFFFFFF47
:1009C000FFFFFFFFFFFFFFFFFFFFFFFFFFFFFFFF37
:1009D000FFFFFFFFFFFFFFFFFFFFFFFFFFFFFFFF27
:1009E000FFFFFFFFFFFFFFFFFFFFFFFFFFFFFFFF17
:1009F000FFFFFFFFFFFFFFFFFFFFFFFFFFFFFFFF07
:100A0000FFFFFFFFFFFFFFFFFFFFFFFFFFFFFFFFF6
:100A1000FFFFFFFFFFFFFFFFFFFFFFFFFFFFFFFFE6
:100A2000FFFFFFFFFFFFFFFFFFFFFFFFFFFFFFFFD6
:100A3000FFFFFFFFFFFFFFFFFFFFFFFFFFFFFFFFC6
:100A4000FFFFFFFFFFFFFFFFFFFFFFFFFFFFFFFFB6
:100A5000FFFFFFFFFFFFFFFFFFFFFFFFFFFFFFFFA6
:100A6000FFFFFFFFFFFFFFFFFFFFFFFFFFFFFFFF96
:100A7000FFFFFFFFFFFFFFFFFFFFFFFFFFFFFFFF86
:100A8000FFFFFFFFFFFFFFFFFFFFFFFFFFFFFFFF76
:100A9000FFFFFFFFFFFFFFFFFFFFFFFFFFFFFFFF66
:100AA000FFFFFFFFFFFFFFFFFFFFFFFFFFFFFFFF56
:100AB000FFFFFFFFFFFFFFFFFFFFFFFFFFFFFFFF46
:100AC000FFFFFFFFFFFFFFFFFFFFFFFFFFFFFFFF36
:100AD000FFFFFFFFFFFFFFFFFFFFFFFFFFFFFFFF26
:100AE000FFFFFFFFFFFFFFFFFFFFFFFFFFFFFFFF16
:100AF000FFFFFFFFFFFFFFFFFFFFFFFFFFFFFFFF06
:100B0000FFFFFFFFFFFFFFFFFFFFFFFFFFFFFFFFF5
:100B1000FFFFFFFFFFFFFFFFFFFFFFFFFFFFFFFFE5
:100B2000FFFFFFFFFFFFFFFFFFFFFFFFFFFFFFFFD5
:100B3000FFFFFFFFFFFFFFFFFFFFFFFFFFFFFFFFC5
:100B4000FFFFFFFFFFFFFFFFFFFFFFFFFFFFFFFFB5
:100B5000FFFFFFFFFFFFFFFFFFFFFFFFFFFFFFFFA5
:100B6000FFFFFFFFFFFFFFFFFFFFFFFFFFFFFFFF95
:100B7000FFFFFFFFFFFFFFFFFFFFFFFFFFFFFFFF85
:100B8000FFFFFFFFFFFFFFFFFFFFFFFFFFFFFFFF75
:100B9000FFFFFFFFFFFFFFFFFFFFFFFFFFFFFFFF65
:100BA000FFFFFFFFFFFFFFFFFFFFFFFFFFFFFFFF55
:100BB000FFFFFFFFFFFFFFFFFFFFFFFFFFFFFFFF45
:100BC000FFFFFFFFFFFFFFFFFFFFFFFFFFFFFFFF35
:100BD000FFFFFFFFFFFFFFFFFFFFFFFFFFFFFFFF25
:100BE000FFFFFFFFFFFFFFFFFFFFFFFFFFFFFFFF15
:100BF000FFFFFFFFFFFFFFFFFFFFFFFFFFFFFFFF05
:100C0000FFFFFFFFFFFFFFFFFFFFFFFFFFFFFFFFF4
:100C1000FFFFFFFFFFFFFFFFFFFFFFFFFFFFFFFFE4
:100C2000FFFFFFFFFFFFFFFFFFFFFFFFFFFFFFFFD4
:100C3000FFFFFFFFFFFFFFFFFFFFFFFFFFFFFFFFC4
:100C4000FFFFFFFFFFFFFFFFFFFFFFFFFFFFFFFFB4
:100C5000FFFFFFFFFFFFFFFFFFFFFFFFFFFFFFFFA4
:100C6000FFFFFFFFFFFFFFFFFFFFFFFFFFFFFFFF94
:100C7000FFFFFFFFFFFFFFFFFFFFFFFFFFFFFFFF84
:100C8000FFFFFFFFFFFFFFFFFFFFFFFFFFFFFFFF74
:100C9000FFFFFFFFFFFFFFFFFFFFFFFFFFFFFFFF64
:100CA000FFFFFFFFFFFFFFFFFFFFFFFFFFFFFFFF54
:100CB000FFFFFFFFFFFFFFFFFFFFFFFFFFFFFFFF44
:100CC000FFFFFFFFFFFFFFFFFFFFFFFFFFFFFFFF34
:100CD000FFFFFFFFFFFFFFFFFFFFFFFFFFFFFFFF24
:100CE000FFFFFFFFFFFFFFFFFFFFFFFFFFFFFFFF14
:100CF000FFFFFFFFFFFFFFFFFFFFFFFFFFFFFFFF04
:100D0000FFFFFFFFFFFFFFFFFFFFFFFFFFFFFFFFF3
:100D1000FFFFFFFFFFFFFFFFFFFFFFFFFFFFFFFFE3
:100D2000FFFFFFFFFFFFFFFFFFFFFFFFFFFFFFFFD3
:100D3000FFFFFFFFFFFFFFFFFFFFFFFFFFFFFFFFC3
:100D4000FFFFFFFFFFFFFFFFFFFFFFFFFFFFFFFFB3
:100D5000FFFFFFFFFFFFFFFFFFFFFFFFFFFFFFFFA3
:100D6000FFFFFFFFFFFFFFFFFFFFFFFFFFFFFFFF93
:100D7000FFFFFFFFFFFFFFFFFFFFFFFFFFFFFFFF83
:100D8000FFFFFFFFFFFFFFFFFFFFFFFFFFFFFFFF73
:100D9000FFFFFFFFFFFFFFFFFFFFFFFFFFFFFFFF63
:100DA000FFFFFFFFFFFFFFFFFFFFFFFFFFFFFFFF53
:100DB000FFFFFFFFFFFFFFFFFFFFFFFFFFFFFFFF43
:100DC000FFFFFFFFFFFFFFFFFFFFFFFFFFFFFFFF33
:100DD000FFFFFFFFFFFFFFFFFFFFFFFFFFFFFFFF23
:100DE000FFFFFFFFFFFFFFFFFFFFFFFFFFFFFFFF13
:100DF000FFFFFFFFFFFFFFFFFFFFFFFFFFFFFFFF03
:100E0000FFFFFFFFFFFFFFFFFFFFFFFFFFFFFFFFF2
:100E1000FFFFFFFFFFFFFFFFFFFFFFFFFFFFFFFFE2
:100E2000FFFFFFFFFFFFFFFFFFFFFFFFFFFFFFFFD2
:100E3000FFFFFFFFFFFFFFFFFFFFFFFFFFFFFFFFC2
:100E4000FFFFFFFFFFFFFFFFFFFFFFFFFFFFFFFFB2
:100E5000FFFFFFFFFFFFFFFFFFFFFFFFFFFFFFFFA2
:100E6000FFFFFFFFFFFFFFFFFFFFFFFFFFFFFFFF92
:100E7000FFFFFFFFFFFFFFFFFFFFFFFFFFFFFFFF82
:100E8000FFFFFFFFFFFFFFFFFFFFFFFFFFFFFFFF72
:100E9000FFFFFFFFFFFFFFFFFFFFFFFFFFFFFFFF62
:100EA000FFFFFFFFFFFFFFFFFFFFFFFFFFFFFFFF52
:100EB000FFFFFFFFFFFFFFFFFFFFFFFFFFFFFFFF42
:100EC000FFFFFFFFFFFFFFFFFFFFFFFFFFFFFFFF32
:100ED000FFFFFFFFFFFFFFFFFFFFFFFFFFFFFFFF22
:100EE000FFFFFFFFFFFFFFFFFFFFFFFFFFFFFFFF12
:100EF000FFFFFFFFFFFFFFFFFFFFFFFFFFFFFFFF02
:100F0000FFFFFFFFFFFFFFFFFFFFFFFFFFFFFFFFF1
:100F1000FFFFFFFFFFFFFFFFFFFFFFFFFFFFFFFFE1
:100F2000FFFFFFFFFFFFFFFFFFFFFFFFFFFFFFFFD1
:100F3000FFFFFFFFFFFFFFFFFFFFFFFFFFFFFFFFC1
:100F4000FFFFFFFFFFFFFFFFFFFFFFFFFFFFFFFFB1
:100F5000FFFFFFFFFFFFFFFFFFFFFFFFFFFFFFFFA1
:100F6000FFFFFFFFFFFFFFFFFFFFFFFFFFFFFFFF91
:100F7000FFFFFFFFFFFFFFFFFFFFFFFFFFFFFFFF81
:100F8000FFFFFFFFFFFFFFFFFFFFFFFFFFFFFFFF71
:100F9000FFFFFFFFFFFFFFFFFFFFFFFFFFFFFFFF61
:100FA000FFFFFFFFFFFFFFFFFFFFFFFFFFFFFFFF51
:100FB000FFFFFFFFFFFFFFFFFFFFFFFFFFFFFFFF41
:100FC000FFFFFFFFFFFFFFFFFFFFFFFFFFFFFFFF31
:100FD000FFFFFFFFFFFFFFFFFFFFFFFFFFFFFFFF21
:100FE000FFFFFFFFFFFFFFFFFFFFFFFFFFFFFFFF11
:100FF000FFFFFFFFFFFFFFFFFFFFFFFFFFFFFFFF01
:10100000D10020436D2000600000000000000000BF
:101010002010006000100060004803600000000025
:10102000000000600054030000000000FFFFFFFF0D
:10103000FFFFFFFFFFFFFFFFFFFFFFFFFFFFFFFFC0
:10104000FFFFFFFFFFFFFFFFFFFFFFFFFFFFFFFFB0
:10105000FFFFFFFFFFFFFFFFFFFFFFFFFFFFFFFFA0
:10106000FFFFFFFFFFFFFFFFFFFFFFFFFFFFFFFF90
:10107000FFFFFFFFFFFFFFFFFFFFFFFFFFFFFFFF80
:10108000FFFFFFFFFFFFFFFFFFFFFFFFFFFFFFFF70
:10109000FFFFFFFFFFFFFFFFFFFFFFFFFFFFFFFF60
:1010A000FFFFFFFFFFFFFFFFFFFFFFFFFFFFFFFF50
:1010B000FFFFFFFFFFFFFFFFFFFFFFFFFFFFFFFF40
:1010C000FFFFFFFFFFFFFFFFFFFFFFFFFFFFFFFF30
:1010D000FFFFFFFFFFFFFFFFFFFFFFFFFFFFFFFF20
:1010E000FFFFFFFFFFFFFFFFFFFFFFFFFFFFFFFF10
:1010F000FFFFFFFFFFFFFFFFFFFFFFFFFFFFFFFF00
:10110000FFFFFFFFFFFFFFFFFFFFFFFFFFFFFFFFEF
:10111000FFFFFFFFFFFFFFFFFFFFFFFFFFFFFFFFDF
:10112000FFFFFFFFFFFFFFFFFFFFFFFFFFFFFFFFCF
:10113000FFFFFFFFFFFFFFFFFFFFFFFFFFFFFFFFBF
:10114000FFFFFFFFFFFFFFFFFFFFFFFFFFFFFFFFAF
:10115000FFFFFFFFFFFFFFFFFFFFFFFFFFFFFFFF9F
:10116000FFFFFFFFFFFFFFFFFFFFFFFFFFFFFFFF8F
:10117000FFFFFFFFFFFFFFFFFFFFFFFFFFFFFFFF7F
:10118000FFFFFFFFFFFFFFFFFFFFFFFFFFFFFFFF6F
:10119000FFFFFFFFFFFFFFFFFFFFFFFFFFFFFFFF5F
:1011A000FFFFFFFFFFFFFFFFFFFFFFFFFFFFFFFF4F
:1011B000FFFFFFFFFFFFFFFFFFFFFFFFFFFFFFFF3F
:1011C000FFFFFFFFFFFFFFFFFFFFFFFFFFFFFFFF2F
:1011D000FFFFFFFFFFFFFFFFFFFFFFFFFFFFFFFF1F
:1011E000FFFFFFFFFFFFFFFFFFFFFFFFFFFFFFFF0F
:1011F000FFFFFFFFFFFFFFFFFFFFFFFFFFFFFFFFFF
:10120000FFFFFFFFFFFFFFFFFFFFFFFFFFFFFFFFEE
:10121000FFFFFFFFFFFFFFFFFFFFFFFFFFFFFFFFDE
:10122000FFFFFFFFFFFFFFFFFFFFFFFFFFFFFFFFCE
:10123000FFFFFFFFFFFFFFFFFFFFFFFFFFFFFFFFBE
:10124000FFFFFFFFFFFFFFFFFFFFFFFFFFFFFFFFAE
:10125000FFFFFFFFFFFFFFFFFFFFFFFFFFFFFFFF9E
:10126000FFFFFFFFFFFFFFFFFFFFFFFFFFFFFFFF8E
:10127000FFFFFFFFFFFFFFFFFFFFFFFFFFFFFFFF7E
:10128000FFFFFFFFFFFFFFFFFFFFFFFFFFFFFFFF6E
:10129000FFFFFFFFFFFFFFFFFFFFFFFFFFFFFFFF5E
:1012A000FFFFFFFFFFFFFFFFFFFFFFFFFFFFFFFF4E
:1012B000FFFFFFFFFFFFFFFFFFFFFFFFFFFFFFFF3E
:1012C000FFFFFFFFFFFFFFFFFFFFFFFFFFFFFFFF2E
:1012D000FFFFFFFFFFFFFFFFFFFFFFFFFFFFFFFF1E
:1012E000FFFFFFFFFFFFFFFFFFFFFFFFFFFFFFFF0E
:1012F000FFFFFFFFFFFFFFFFFFFFFFFFFFFFFFFFFE
:10130000FFFFFFFFFFFFFFFFFFFFFFFFFFFFFFFFED
:10131000FFFFFFFFFFFFFFFFFFFFFFFFFFFFFFFFDD
:10132000FFFFFFFFFFFFFFFFFFFFFFFFFFFFFFFFCD
:10133000FFFFFFFFFFFFFFFFFFFFFFFFFFFFFFFFBD
:10134000FFFFFFFFFFFFFFFFFFFFFFFFFFFFFFFFAD
:10135000FFFFFFFFFFFFFFFFFFFFFFFFFFFFFFFF9D
:10136000FFFFFFFFFFFFFFFFFFFFFFFFFFFFFFFF8D
:10137000FFFFFFFFFFFFFFFFFFFFFFFFFFFFFFFF7D
:10138000FFFFFFFFFFFFFFFFFFFFFFFFFFFFFFFF6D
:10139000FFFFFFFFFFFFFFFFFFFFFFFFFFFFFFFF5D
:1013A000FFFFFFFFFFFFFFFFFFFFFFFFFFFFFFFF4D
:1013B000FFFFFFFFFFFFFFFFFFFFFFFFFFFFFFFF3D
:1013C000FFFFFFFFFFFFFFFFFFFFFFFFFFFFFFFF2D
:1013D000FFFFFFFFFFFFFFFFFFFFFFFFFFFFFFFF1D
:1013E000FFFFFFFFFFFFFFFFFFFFFFFFFFFFFFFF0D
:1013F000FFFFFFFFFFFFFFFFFFFFFFFFFFFFFFFFFD
:10140000884207D0904205D251F8043B40F8043B93
:101410008242F9D8704700BF884204D2002340F8C6
:10142000043B8142FBD87047BC4B0824BC4ABD49F1
:10143000BD4880B5C3F8544184B0FFF7E1FFBB4A13
:10144000BB49BC48FFF7DCFFBB49BC48FFF7E4FFE2
:10145000BB4C4FF0E0214FF470000023B94AC1F8B3
:10146000880D44F823200133B02BFAD1B64B8021EC
:10147000B64A03F8011B9342FBD14FF0E023A74A81
:101480004FF08031B248C3F8084DC2F80411C2F8D9
:101490000001B048C2F8F410C2F8F000D3F8241DDF
:1014A000AD4841F4E021C3F8241DC16921F07F015A
:1014B00041F04001C161416A21F07F0141F04001EA
:1014C00041624FF0FF30A5498866C86608674867E3
:1014D00000211020C3F8941DC3F89C0DA048C3F848
:1014E000A00D1120C3F89C0D9E48C3F8A00D12203A
:1014F000C3F89C0D9C48C3F8A00D9C48C3F89C0DF4
:101500009B48C3F8A00D9B48C3F89C0D9A48C3F8AC
:10151000A00D894840F01500C3F89C0D9748C3F80A
:10152000A00D00F181500D30C3F89C0D9448C3F814
:10153000A00D9448C3F89C0D9348C3F8A00D9348A0
:10154000C3F89C0D9248C3F8A00D9248C3F89C0DB7
:101550009148C3F8A00D0120C3F8940DBFF34F8F3D
:10156000BFF36F8FC3F8501FBFF34F8FBFF36F8F61
:10157000D3F8140D4FF0400E4FF4805C4FF4005739
:1015800040F440304FF44046C3F8140D8348A06344
:101590008348E063632058610320996118618148A2
:1015A0008149C3F8200DD3F8FC0D40F08070C3F8DA
:1015B000FC0D0B687D4843F001030B604B684FF452
:1015C0008031036043F2420013699D0700F12A82D3
:1015D0009D0440F12B82DD0440F12A82002BF3DAD6
:1015E00013F4803540F027825B0640F1D6844FF03B
:1015F000803357496E48C2F80431C2F8001155498A
:10160000C2F8F430C2F8F01000F02AFE5248694BDC
:10161000C16E694A41F44051C1661D60C3F808516A
:10162000C3F81851C3F82851C3F83851936BDB073E
:1016300008D442F61563614951651365936B43F015
:10164000010393635C485E4B82685E4942F001127D
:101650005D4D5E4E826018225D48C3F85C12C3F88F
:101660006062C3F86412C3F868524FF0FF35C3F8E4
:101670006C025849C3F87002C3F87402C3F87802C8
:10168000DA661A675A679A67DA67C3F88020C3F880
:101690008420C3F8882001232F4AC1F82C33C1F8D5
:1016A0003033C1F83433C1F83833C1F83C33C1F8B2
:1016B000503349499069494B014048F20C700B4343
:1016C00047499361D2F8843043F00C03C2F8843068
:1016D0000A68444B42F002020A600A68024042482B
:1016E00013430B604D60414B8268414D1340414AAA
:1016F00043F000538B60CB6823F07803CB600B6A18
:101700002B4013430B620B6A2B404FF400551343DD
:10171000394A4B628A62CA6270E000BF00800D40A5
:1017200048BB02001C35006000000000C0560020CD
:1017300068F002600000002080360220C0560020C1
:1017400000540020993B010000E400E0A0E400E028
:101750001B1018200C0D111300C00F4000C00A40D0
:101760003F000010250008030900100013002000AE
:1017700021000207140000202500081309000010B2
:1017800027000B13170000403300101318000060EF
:101790002F000B07190000702F000B13F90F010029
:1017A0004510010000002020001000E060C301206F
:1017B0000046C3230040084000400D400000C056D2
:1017C00000801F40F9B00100F9000100F91001008C
:1017D000F970010000841F40FFFCFF1F000300A000
:1017E00000402A401200FFFF00802A40FF37F70028
:1017F00000FFF07C40000080FF000F830022D0F843
:10180000B83023F03F0343F00103C1F8B830D0F8FB
:10181000BC308A4823F03F0343F00103C1F8BC30D9
:1018200040F205630A610D660867C1F880304D66B5
:101830004867C1F884300B68814823F002030B60CD
:10184000886102207F4BC86101F5407143F8042B89
:101850008B42FBD17C4A136843F001031360136889
:1018600013F00103FBD176480221906140F2F5604C
:10187000D16140F26641C2F8000240F29940C2F8DC
:1018800010127249C2F8200242F20140C2F830122E
:1018900040F23541C2F83402C2F840126C486D493A
:1018A000C2F85002B338C2F8541242F20121C2F811
:1018B0006002C2F8641201216348C2F8A030C2F885
:1018C000A430C2F8B0104369DF07FCD50123002122
:1018D0004FF480324361C0F8A0105B49C0F8A420E7
:1018E000C0F8B0304B69DE07FCD501234FF400325D
:1018F00000204B61C1F8A000C1F8A420524AC1F8F1
:10190000B0305369DD07FCD50121534B00205161F4
:10191000C2F8A000C2F8A4304B4BC2F8B0105E6908
:1019200016F00106FBD0D3F80021212192B25961B3
:1019300045F60D518A4240F0278300214FF4802262
:10194000C3F8A010C3F8A42001223F49C3F8B02077
:101950004B69D807FCD501234FF400024B61C1F855
:10196000A0200022C1F8A420374AC1F8B030536942
:10197000D907FCD501234FF400015361C2F8A01030
:101980004FF48031C2F8A4102F49C2F8B0304B692F
:10199000DA07FCD501234FF400024B61C1F8A02007
:1019A0004FF40032C1F8A420274AC1F8B03053697F
:1019B000DB07FCD501234FF400015361C2F8A010EE
:1019C0002549C2F8A4102049C2F8B0304B69DF079E
:1019D000FCD5D1F8003121229BB24A6145F60D5267
:1019E000934200F0DE8208221C4B1D491D4F5B1AFA
:1019F00087F8D72513EB025340F0E682D7F8D805D5
:101A000090B3D7F8DC257AB30C23B2FBF3F103FBD8
:101A1000112149BBD7F8E035002B00F0B68200F069
:101A200027FCB2E2966151619061CDE55761CBE54B
:101A3000C2F814C0C8E59161C6E500BF63000200AA
:101A4000F05AF05A00422A4000402A409F041830C1
:101A5000EB06180A0632012604000300000000709D
:101A60000000007000A7002000F012FC16230360A5
:101A7000D44BDA6E42F44032DA66DA6E42F44072E7
:101A8000DA6640F23763D04A5364A0239364936CC0
:101A90001906FCD4CD4B40F237625A64A0229A64F6
:101AA0009D6C15F08005FBD1C94B4FF00F08C94A5A
:101AB000F3EE097A1D70C34BC748996FDFEDC75A23
:101AC00041F47F019FEDC67A9967D3F880100A43ED
:101AD000C3F8802000F0D0FB00F5804000F0CCFB84
:101AE00000F5804000F0C8FB00F5804000F0C4FB2A
:101AF000BC49BD4A41F2010E45F6C05C43F22600E6
:101B00008D814D81A1F80E80A1F814E0A1F806C0E6
:101B10000D800D8288818D854D85A1F82E80A1F8DC
:101B200034E0A1F826C00D840D868885A1F84C50BC
:101B3000A1F84A50A1F84E80A1F854E0A1F846C09F
:101B4000A1F84050A1F85050A1F84C00A1F86C50F9
:101B5000A1F86A50A1F86E80A1F874E0A1F866C0FF
:101B6000A1F86050A1F87050A1F86C0001F5C231E5
:101B700095815581A2F80E80A2F814E0A2F806C063
:101B800015801582908195855585A2F82E80A2F842
:101B900034E0A2F826C0158415869085A2F84C5032
:101BA000A2F84A50A2F84E80A2F854E0A2F846C02B
:101BB000A2F84050A2F85050A2F84C00A2F86C5085
:101BC000A2F86A50A2F86E80A2F874E0A2F866C08B
:101BD000A2F86050A2F87050A2F86C00A2F583122F
:101BE000824BA2F5F8529D815D81A3F80E80A3F887
:101BF00014E0A3F806C01D801D8298819D855D8537
:101C0000A3F82E80A3F834E0A3F826C01D841D8617
:101C10009885A3F84C50A3F84A50A3F84E80A3F837
:101C200054E0A3F846C0A3F84050A3F85050A3F8DE
:101C30004C00A3F86C50A3F86A50A3F86E80A3F888
:101C400074E0A3F866C0A3F86050A3F87050A3F83E
:101C50006C000320D2F88030DFF8A8E123F0010304
:101C6000DFF8A4C1C2F88030C2F89000D1F8E030AB
:101C70005F48D9B206EE901AC7F8C415C3F30B211A
:101C80001B0DF8EEE66AC7F8C81576EEE55A36EE93
:101C9000C77A76EEE76A07EE901A5649B8EEE76A19
:101CA00007EE903AEEEC016AF8EEE77AD2F880306F
:101CB00077EEC67A65EEA75ACEED007A27EE277A40
:101CC00066EEA77A85EEA65AC7EE265A87EEA67A62
:101CD00035EE065ABCEEC55A75EE866A15EE107AD8
:101CE000FCEEE66A43EA075377EE067AC2F88030E4
:101CF00016EE903AD2F890710CEA0343FCEEE77AC4
:101D00003B43C2F8903117EE903AD2F89071C3F38A
:101D10000B033B43C2F89031D2F8803043F002030A
:101D2000C2F8803080F84050C4F840114FF0E023F2
:101D30000122314FC3F808213B68132BFCD92F4BEC
:101D400040F66172C3F8202103F58E13D3F82026E4
:101D500003F580632A4B22F07F429A4280F00A8189
:101D60000A2000FB02F1B1FBF0F300FB1313092979
:101D700003F130038DF8043040F23D8101A84FF0AB
:101D8000000CDFF888908646A9FB023A904661462F
:101D90000CF1010C4FEADA0AB8F1090F0AEB8A03D9
:101DA000A2EB4303524603F130030EF8013FEBD898
:101DB00001AB01F110029C446A44002302F80A3C82
:101DC00026E000BF00C00F4000400C4000800C40E7
:101DD000846A0020000003FC00C03D400000AA42CD
:101DE0000000B44200C01D4000001E4000401E40E4
:101DF00000E400E0913D01005CC3012000800D4043
:101E000080969800CCAC00200000FF0FCDCCCCCC4D
:101E10001A46013390F800E08A1A9CF80080934239
:101E200000F8018B0CF801E9F2DB9DF80420002A90
:101E300000F0F180824B5A849DF80520002A00F0C2
:101E4000EC809DF806109A84002900F0EA809DF845
:101E50000720D984002A00F0E2809DF808101A8536
:101E6000002900F0E6809DF809205985002A00F03D
:101E7000DA809DF80A109A85002900F0D6809DF836
:101E80000B00D985002800F0D2809DF80C20188620
:101E9000002A00F0D0809DF80D105A86002900F02D
:101EA000CC800A2599866A1C6649520083F8202056
:101EB000D1F88030644A43F00303C1F8803040F227
:101EC0000441624BC2F860111968614B194203D199
:101ED000D2F8A8319A071BD05B4A4FF000415B4B08
:101EE0005963D2F8403143F00203C2F84031D2F8CE
:101EF00040319B07FBD44FF0E0224FF40031534BAD
:101F00001920C2F88C124FF000429A6300F0BCF91D
:101F10004E4A00214FF080404B4D4E4B9063116074
:101F20000A221846C5F8A8214FF4207200F0A0F943
:101F30004FF48102484B02604FF48002C5F858010B
:101F4000026440F24312C5F84821C4F804324FF04D
:101F5000E0224FF400310123C2F80C11C5F84031E2
:101F60003B68B3F5967FFBD300F098F800F088F952
:101F700000F07AF90A23B2FBF3F103FB11230A46BE
:101F800030338DF80430F9E6344F0023344AC7F873
:101F9000D835D360C2E901336AE5C2F814E0FFF72F
:101FA00013BB4FF480234FF400022E48C1F8A02049
:101FB000C1F8A4300123C1F8B0304369DD07FCD576
:101FC0000123102243610FE50022C7F8D8150C2128
:101FD000C7F8DC35C7F8E425B3FBF1F201FB123298
:101FE0007AB90123D7F8DC2500211F48C7F8E0356E
:101FF00000F03EF93CE500239DF804208DF8053003
:1020000018E79B1AF02BC7F8DC35EAD800F040F946
:102010001C2303602CE50A4B45E7354643E70325BF
:1020200041E702253FE705253DE706253BE7072574
:1020300039E7042537E7082535E7092533E700BFE9
:10204000844C002000C00F4000002E4000900D4046
:10205000001C1E0000000020C130010000A700206D
:10206000D8AC002000402A4000000070074B4FF41D
:102070002A01074A07485A641864074A9963954633
:10208000BFF34F8FBFF36F8FFFF7CEF900C00A4049
:10209000FFAFAAAA070020000000052000BF70477C
:1020A000264942698B6B23F47C0370B543F480238B
:1020B0001468234D8B6321685368194303692160B9
:1020C0000221002419611F491C6199640121596290
:1020D0009D624FF43035DD624FF001159E6C1E6538
:1020E0001C629D651961037E174D02EB031E174BA1
:1020F0009EF808C003EB0C1CDCF808402560DCF8F7
:102100000440DEF80C502560DEF8104014B1DEF813
:1021100014102160407E0C4C02EB001191F8280055
:102120000A4603EB0013D3E901300460C96A196061
:10213000136B0BB1526B1A6070BD00BF00C00F4033
:10214000B80B05053B37281961F80100441E002033
:102150001B494B690A7E03EB0212127A122A2DD018
:10216000187AFF282AD0122825D0187EFF2825D0DB
:102170000120844630B41C685D6824682C4203D179
:1021800081F818C030BC704703EB00130D480524DC
:1021900000EB0212526814601A7A0B4C00EB021228
:1021A000D2E901200460D86810601A69002AE7D0DB
:1021B0005B691360E4E700208446DBE7704700BFFB
:1021C000E05E0020441E002061F801001D494B69BB
:1021D0004A7E03EB021292F82820132A30D093F89B
:1021E0002800FF282CD0132827D093F83800FF2888
:1021F00026D00120844630B41C685D6824682C42D7
:1022000003D181F819C030BC704703EB00130E48AE
:10221000052400EB02125268146093F828200B4C3E
:1022200000EB0212D2E901200460D86A10601A6B38
:10223000002AE6D05B6B1360E3E700208446DAE710
:10224000704700BFE05E0020441E002061F80100DE
:10225000F8B500BFF8BC08BC9E46704700000000FF
:102260005FF800F0951201005FF800F02D6F01009B
:102270005FF800F04D5602005FF800F00115010014
:102280005FF800F0FD5602005FF800F0FD5B010012
:102290005FF800F09955020045000000F534020097
:1022A0000000000000000100020004000600080019
:1022B0000B000F00140019001F0026002E0037002D
:1022C00041004B0057006300710080008F00A000A8
:1022D000B200C500DA00EF0006011E01370152010D
:1022E0006E018B01A901C901EB010E0232025702F6
:1022F0007F02A702D202FD022B0359038A03BC030B
:10230000EF0325045C049404CF040B0548058805FD
:10231000C9050C0651069806E0062A077607C40789
:1023200014086608B9080F096709C0091B0A790A69
:10233000D80A3A0B9D0B030C6A0CD40C3F0DAD0D63
:102340001D0E8F0E030F790FF20F6C10E91068113C
:10235000E9116C12F2127A13041490141F15B015BF
:102360004316D91671170B18A7184619E8198B1AB6
:10237000321BDA1B851C331DE21D951E491F0120EF
:10238000BB2077213622F722BB2381244A2516263B
:10239000E426B52788285E29362A112BEF2BD02C6E
:1023A000B32D992E812F6D305A314B323F33353456
:1023B0002E352936283729382D39333A3D3B493CCB
:1023C000593D6B3E803F9740B241D042F0431345A8
:1023D0003A4663478F48BE49F04A254C5D4D974EBB
:1023E000D54F16515A52A153EB5438568757DA58E5
:1023F000315A8A5BE65C455EA75F0D617662E163F8
:102400005065C2663768AF692B6BAA6C2B6EB06FD4
:102410003971C4725374E5757A771279AE7A4C7C4F
:10242000EF7D947F3D81E98298844B860188BA894B
:10243000768B368DFA8EC0908A9258942996FD97A5
:10244000D499B09B8E9D709F55A13EA32AA51AA733
:102450000DA904ABFEACFBAEFCB001B309B515B7DA
:1024600024B937BB4DBD67BF84C1A5C3CAC5F2C778
:102470001ECA4DCC80CEB7D0F1D22FD571D7B6D9E8
:10248000FEDB4BDE9BE0EFE247E5A2E701EA63EC0F
:10249000CAEE34F1A2F313F688F802FB7EFDFFFFCB
:1024A000A000A000A000000000000000404040008C
:1024B0004000A0A000000000A0F0A0F0A00040E0BC
:1024C000C020E04080204080200040A040A050007C
:1024D00040400000000020404040402080404040FC
:1024E0004080A040E040A0004040E04040000000AC
:1024F000000040800000E0000000000000004000FC
:1025000020204080800040A0E0A0400040C040402B
:10251000E00040A02040E000E0204020C000A0A05B
:10252000E0202000E080C020C0006080C0A040000B
:10253000E0204080800060A040A0C00040A060205B
:10254000C0000040000040000040000040802040EB
:102550008040200000E000E000008040204080003B
:10256000C0204000400060A0A080600040A0E0A02B
:10257000A000C0A0C0A0C00040A080A04000C0A09B
:10258000A0A0C000E080C080E000E080C0808000AB
:102590006080A0A06000A0A0E0A0A000E0404040BB
:1025A000E000202020A04000A0A0C0A0A0008080CB
:1025B0008080E000A0E0E0A0A00020A0E0A08000DB
:1025C00040A0A0A04000C0A0C080800040A0A0A06B
:1025D0004020C0A0C0A0A00060804020C000E0401B
:1025E00040404000A0A0A0A0E000A0A0A0E04000CB
:1025F000A0A0E0E0A000A0A040A0A000A0A04040BB
:102600004000E0204080E00060404040600080806A
:1026100040202000C0404040C00040A0000000001A
:102620000000000000E04020000000000060A0A0CA
:10263000600080C0A0A0C0000060808060002060BA
:10264000A0A060000040A0C060002040E04040002A
:102650000060A06020C080C0A0A0A0004000C040DA
:10266000E0002000202020C080A0C0A0A000C0402A
:102670004040E00000A0E0A0A00000C0A0A0A0009A
:102680000040A0A0400000C0A0C080800060A0A0CA
:10269000602000A0C08080000060C020C00040E03A
:1026A0004040200000A0A0A0600000A0A0A040002A
:1026B00000A0A0E0A00000A04040A00000A0A060FA
:1026C00020C000E02040E0002040C04040204040CA
:1026D0004040400080406040408050A0000000002A
:1026E00000000000000040004040400040E080E06A
:1026F000400020406040A000009060609000A0403A
:10270000E040400040400040400060C0A06020C069
:10271000A000000000006090D0D0906060A0600039
:10272000E0000050A05000000000E0200000000089
:10273000E000000060F0D0600000E0000000000059
:1027400040A04000000040E04000E000C04080C0E9
:102750000000C0408040800020400000000000A039
:10276000A0A0C08070D0D0505000000040000000F9
:1027700000000020400040C04040000040A0400059
:10278000E00000A050A00000808080507010808089
:10279000B0102030C0408050B01040004080600039
:1027A0008040A0E0A0002040A0E0A000C040A0E049
:1027B000A00060C0A0E0A000A040A0E0A0004040B9
:1027C000A0E0A00070A0F0A0B00040A080A04080D9
:1027D00080E0C080E00020E0C080E00060E0C080D9
:1027E000E000A0E0C080E00080E04040E00020E0A9
:1027F0004040E00040E04040E000A0404040E000B9
:10280000E050D050E00050A0E0E0A0008040A0A048
:1028100040002040A0A040004040A0A0400070E048
:10282000A0A04000A040A0A0400000A040A0000048
:1028300060A0E0A0C0008040A0A0E0002040A0A0D8
:10284000E0004000A0A0E000A000A0A0E000200068
:10285000A040400080C0A0C0800040A0C0A0E08098
:10286000804060A06000204060A06000600060A028
:10287000600050A060A06000A00060A06000400068
:1028800060A060000070B0A070000040A0806040B8
:102890008040A0C060002040A0C06000C040A0C038
:1028A0006000A040A0C0600080404040E00020C028
:1028B0004040E00040A04040E000A000C040E000F8
:1028C000A04060A0400050A0C0A0A000804040A058
:1028D0004000204040A04000400040A04000E000F8
:1028E00040A04000A00040A040004000E0004000A8
:1028F0000060A0A0C0008040A0A060002040A0A078
:1029000060004000A0A06000A000A0A060002040E7
:10291000A0E020C08080C0A0C080A000A0E020C0B7
:1029200000002000210022002300240025002600B2
:102930002700280029002A002B002C002D002E0043
:102940002F003000310032003300340035003600F3
:102950003700380039003A003B003C003D003E00A3
:102960003F00400041004200430044004500460053
:102970004700480049004A004B004C004D004E0003
:102980004F005000510052005300540055005600B3
:102990005700580059005A005B005C005D005E0063
:1029A0005F00600061006200630064006500660013
:1029B0006700680069006A006B006C006D006E00C3
:1029C0006F00700071007200730074007500760073
:1029D0007700780079007A007B007C007D007E0023
:1029E000A000A100A200A300A400A500A600A700CB
:1029F000A800A900AA00AB00AC00AD00AE00AF007B
:102A0000B000B100B200B300B400B500B600B7002A
:102A1000B800B900BA00BB00BC00BD00BE00BF00DA
:102A2000C000C100C200C300C400C500C600C7008A
:102A3000C800C900CA00CB00CC00CD00CE00CF003A
:102A4000D000D100D200D300D400D500D600D700EA
:102A5000D800D900DA00DB00DC00DD00DE00DF009A
:102A6000E000E100E200E300E400E500E600E7004A
:102A7000E800E900EA00EB00EC00ED00EE00EF00FA
:102A8000F000F100F200F300F400F500F600F700AA
:102A9000F800F900FA00FB00FC00FD00FE00FF005A
:102AA000DB40A4A62EAF0000000000000001800063
:102AB0000000000000000000038000000000000093
:102AC00000000007C000000000000000000007C078
:102AD0000000000000000000000FC0000000000027
:102AE000000000001FE00000000000000000001FC8
:102AF000E00000000000000000003FE000000000D7
:102B000000000000003FF000000000000000000096
:102B10007FF0000000000000001FF87FF0000000C0
:102B2000000000003FFE7FF0000000000000003FBA
:102B3000FF7FF0000000000000001FFFFBE000002E
:102B400000000000000FFFF9FFC0000000000000BF
:102B50000FFFF9FFF800000000000007FFF1FFFF82
:102B600000000000000003FC73FFFF800000000075
:102B70000001FE3FFFFF80000000000000FF1E0F6D
:102B8000FF000000000000007FFE1FFC00000000AE
:102B90000000003FFFFFF8000000000000000FDF12
:102BA000FFE0000000000000001F19FFC00000004F
:102BB000000000003F3CFF00000000000000007E1D
:102BC0007CF800000000000000007FFE7C00000098
:102BD0000000000000FFFFFC0000000000000000FB
:102BE000FFFFFE0000000000000000FFFFFE0000ED
:102BF000000000000001FFEFFE00000000000000E8
:102C000001FFCFFE0000000000000003FF07FE00F0
:102C100000000000000003FC07FE000000000000B0
:102C20000003F003FE00000000000000018000FE31
:102C3000000000000000000000007E000000000016
:102C400000000000003E0000000000000000000046
:102C50000C000000000000078000FC000003C00022
:102C60000000078001FC000003C000000007800195
:102C7000FC000003C0000000078001E00000001E0F
:102C8000000000078001E00000001E007FE3F79FC6
:102C9000F9FDE7787BDFC0FFF7FFBFFDFDFF787B25
:102CA000DFC0FFF7FFBFFDFDFF787BDFC0F0F787D8
:102CB000BC3DE1FF787BDE00F0F787BC3DE1F078BA
:102CC0007BDE0000F787803DE1E0787BDE007FF768
:102CD000879FFDE1E0787BDE00FFF787BFFDE1E045
:102CE000787BDE00F0F787BC3DE1E0787BDE00F02A
:102CF000F787BC3DE1E0787BDE00F0F787BC3DE183
:102D0000E0787BDE00FFF7FFBFFDE1E07FFBDFC087
:102D1000FFF7FFBFFDE1E07FFBDFC07CF3F39F3DEA
:102D2000E1E03E7BCFC0000000000000000000009A
:102D300000FFFFFFFFFFFFFFFFFFFFC0FFFFFFFFE1
:102D4000FD68DB111A31C0FFFFFFFFFD2B5AFB6A44
:102D5000EFC0FFFFFFFFFD4B5B3B1A33C0FFFFFFE0
:102D6000FFFD6B5BDB6AFDC000006000000000003F
:102D7000000000000000000000E000000000000073
:102D80000000000000000001E00000000000000062
:102D900000000000000001F0000000000000000042
:102DA000000000000003F000000000000000000030
:102DB0000000000007F0000000000000000000001C
:102DC00000000007F8000000000000000000000004
:102DD00000000FF800000003C0007E000001E000CA
:102DE0007F0FF800000003C000FE000001E000FFBC
:102DF000EFF800000003C000FE000001E000FFFF4C
:102E0000F800000003C000F00000000F007FFE7F0C
:102E1000C0000003C000F00000000F003FFE7FF87C
:102E20003FF1FBCFFCFEF3BC3DEFE01FFE7FFF7FD9
:102E3000FBFFDFFEFEFFBC3DEFE01FC6FFFF7FFB99
:102E4000FFDFFEFEFFBC3DEFE00FE3C7FE787BC374
:102E5000DE1EF0FFBC3DEF0007FF87FC787BC3DE82
:102E60001EF0F83C3DEF0001FFFFF0007BC3C01EE9
:102E7000F0F03C3DEF0001F37FE03FFBC3CFFEF0FD
:102E8000F03C3DEF0003E33F807FFBC3DFFEF0F04B
:102E90003C3DEF0007E73C00787BC3DE1EF0F03CD2
:102EA0003DEF0007FFBE00787BC3DE1EF0F03C3D27
:102EB000EF0007FFFE00787BC3DE1EF0F03C3DEF25
:102EC000000FFFFE007FFBFFDFFEF0F03FFDEFE0B5
:102ED0000FFFFF007FFBFFDFFEF0F03FFDEFE00F95
:102EE000F9FF003E79F9CF9EF0F01F3DE7E01FF1BA
:102EF000FF0000000000000000000000001F80FF35
:102F0000007FFFFFFFFFFFFFFFFFFFE01C007F00D0
:102F10007FFFFFFFFEB46D888D18E000001F007F6B
:102F2000FFFFFFFE95AD7DB577E000000F007FFF4E
:102F3000FFFFFEA5AD9D8D19E0000006007FFFFF9D
:102F4000FFFEB5ADEDB57EE0AED580A8D300408DD7
:102F50002000A1C85C320060642F006020007E0069
:102F60000700000000000000020001000000010551
:102F70000200FC00010003020400FC000200050541
:102F80000600FC00060003060400FC00090003051F
:102F90000400FC000B0004050500FC000E0001020B
:102FA0000200FC000F0002050300FC0011000205F6
:102FB0000300FC00130003030400FD0015000303DD
:102FC0000400FD00170002020300000018000301C6
:102FD0000400FE0019000101020000001A000305B0
:102FE0000400FC001C0003050400FC001E00020598
:102FF0000300FC00200003050400FC002200030580
:103000000400FC00240003050400FC002600030566
:103010000400FC00280003050400FC002A0003054E
:103020000400FC002C0003050400FC002E00030536
:103030000400FC00300001030200FD003100020426
:103040000300FD00320002030300FD003300030310
:103050000400FD00350002030300FD0036000305F7
:103060000400FC00380003050400FC003A000305DE
:103070000400FC003C0003050400FC003E000305C6
:103080000400FC00400003050400FC0042000305AE
:103090000400FC00440003050400FC004600030596
:1030A0000400FC00480003050400FC004A00010580
:1030B0000200FC004B0003050400FC004D0003056A
:1030C0000400FC004F0003050400FC00510005054E
:1030D0000600FC00550004050500FC00580003052F
:1030E0000400FC005A0003050400FC005C00030619
:1030F0000400FC005F0003050400FC006100030500
:103100000400FC00630003050400FC0065000305E7
:103110000400FC00670003050400FC0069000505CD
:103120000600FC006D0003050400FC006F000305B1
:103130000400FC00710003050400FC00730002059C
:103140000300FC00750003050400FC007700020585
:103150000300FC00790003020400FC007A00040173
:10316000040001007B0002020300FC007C00030459
:103170000400FD007E0003050400FC008000030342
:103180000400FE00820003050400FC008400030428
:103190000400FD00860002050300FC008800030512
:1031A0000400FD008A0003050400FC008C000105FA
:1031B0000200FC008D0002060300FC008F000305E6
:1031C0000400FC00910002050300FC0093000503CD
:1031D0000600FE00950003030400FE0097000303B1
:1031E0000400FE00990003040400FE009B00030499
:1031F0000400FE009D0002030300FE009E00030485
:103200000400FD00A00002050300FC00A20003036F
:103210000400FE00A40003030400FE00A600050352
:103220000600FE00A80003030400FE00AA00030439
:103230000400FE00AC0003040400FD00AE00030522
:103240000400FC00B00001060200FC00B100030510
:103250000400FC00B30004020500FD00E8B457D5EB
:10326000F5004E3E80A54A4A5A50C06A409580AA51
:10327000805D0060E080254856D47540C54EC51C71
:103280009792F31C5354E54855545594A04664E373
:103290008098C50456C657DAD75C7246D6DCF3CEA2
:1032A000F34872D4B7DAF824D4BB5A924E8EEB5856
:1032B000809DB99056D4D74856D440D75A711CE94E
:1032C00024B6D4B6A48C6B5500B55AB524E54EEAA5
:1032D000C09112D5C054F090C7F0935E718025DE86
:1032E0005E306E80779C935AB8456092EAAA40D5CA
:1032F0006AD6805500D7407590E871E0BA40B58035
:10330000B5008D54AA80ACE0E5706A26FCC8AC5AC2
:103310000080C0E0F0F8FCFE000103070F1F3F7FB4
:1033200009026200030100C032080B000202020120
:10333000000904000001020201000524001001053B
:103340002401010104240206052406000107058268
:103350000310001009040100020A00000007050321
:103360000240000007058402400000090402000238
:10337000FF6AFF00070581024000010705010240C6
:103380000001000009026200030100C032080B00C6
:1033900002020201000904000001020201000524EA
:1033A0000010010524010101042402060524060081
:1033B000010705820310000509040100020A00004C
:1033C000000705030200020007058402000200094D
:1033D00004020002FF6AC70007058102000201071C
:1033E00005010200020100001603550053004200CF
:1033F0002000530065007200690061006C0000004D
:1034000018035400650065006E00730079006400C5
:10341000750069006E006F00040309040A060002CB
:10342000EF020140010000002200FF2170C00F40A8
:10343000C00000001200000013000000D0841F40F4
:1034400001000000FF000000FF000000000000007D
:10345000000000001300000013000000CC841F4097
:1034600001000000FF000000FF000000000000005D
:10347000000000001C000000C919010070C00F40CE
:10348000000C00001100000011000000E0841F404B
:10349000020000002C00000012000000E0841F4029
:1034A000010000001000000011000000DC841F403B
:1034B000020000002D00000012000000DC841F400C
:1034C000010000001E000000791A010080C00F40BA
:1034D000000000031900000010000000E8841F40F5
:1034E00001000000FF000000FF00000000000000DD
:1034F000000000001800000010000000E4841F40DD
:1035000001000000FF000000FF00000000000000BC
:0C351000000000001F000000311B010043
:10351C00000000000000000000000000000000009F
:10352C00000000000000000000000000000000008F
:10353C000548064B1B1AD90F01EBA301491002D009
:10354C00034B03B118477047C0560020C0560020EB
:10355C000000000008B5054B1BB105490548AFF349
:10356C000080BDE80840FFF7E3BF00BF000000008B
:10357C00383602200054036010B5002100F5805449
:10358C0000F64C2C0A4694F8E4E102E0CAB29645E7
:10359C0020D302F5CB73013100EB8303D3F83C3B12
:1035AC009C45F3D1B4F8844092B29CB141F25A01DB
:1035BC000023014404E001331FFA83FC644509D95C
:1035CC0031F802CF9445F6D100EB8300024B00F6A4
:1035DC000870036010BD00BFCDCC4C3F01EB410126
:1035EC00037D89000531C9B2C17403B141747047C0
:1035FC0001EB8101037D01EB81010531C9B28174BD
:10360C0003B10174704700BF01F5E043B2F5006FE0
:10361C0010B493F82440A8BF4FF40062BCB90B7AE5
:10362C005BB12E4C4B68A41A03EBC4035DF8044B3E
:10363C001A685B680260436070474B685DF8044B26
:10364C0003EBC2031A685B68026043607047D98C55
:10365C0007EE902AD3ED0D4AB8EEE74A07EE901A22
:10366C0007EE101A93ED0E6AB8EEE73AD3ED0B7A2B
:10367C00F8EE473AD3ED0C6A74EEA77A76EE266A2A
:10368C00B2FBF1F401FB142237EEE47A198D76EEDD
:10369C00C66A92B25DF8044B05EE901A07EE902ABA
:1036AC00F8EE655AF8EEE77A34EE674A67EE277A59
:1036BC0084EE035A87EEA37A65EE266AC6EEA57AE7
:1036CC0037EE247A83ED0F7A77EE867AC3ED107A93
:1036DC0080ED007AC0ED017A704700BFFF07002033
:1036EC00582A91F8F434A8BF582210B4BBB90B7AFD
:1036FC005BB1344C4B68A41A03EBC4035DF8044B68
:10370C001A685B680260436070474B685DF8044B55
:10371C0003EBC2031A685B68026043607047B1F840
:10372C00F63407EE902A01F5A06CF8EEE73A07EEB6
:10373C00903A9CED006AF8EE676AB8EEE73AB2FB95
:10374C00F3F403FB142201F2045401F20C5392B271
:10375C0094ED005A01F2FC4407EE902A01F5A162A7
:10376C0094ED007A01F5A261F8EEE77AD2ED005AF9
:10377C0035EE077A31F8184C35EE866A73EEE73A77
:10378C0004EE904A37EE457A5DF8044B36EE656AE6
:10379C0083EE834A67EE277AF8EE644A87EEA67AC0
:1037AC0064EE066AC6EEA47A37EE057A83ED007AEB
:1037BC0077EEA57AC1ED007A80ED007AC0ED017A42
:1037CC00704700BF57000020582070472DE9F0418A
:1037DC0091F8356084B00C460746002E4AD1DFF8CC
:1037EC00A48035E0AB422A46684606F101063ED974
:1037FC00216A0B689B689847D4ED0B7A9DED007A93
:10380C002A4602A8B4EEE77AF1EE10FA05D5216A41
:10381C000B689B689847DDED027A216A2A46684658
:10382C00C4ED0B7A0B689B689847D4ED0C7A9DED30
:10383C00017A2A4602A8B4EEE77AF1EE10FA05D521
:10384C00216A0B689B689847DDED037AC4ED0C7A0E
:10385C00206AB5B258230268D2694245C2D090475B
:10386C0003462A466846AB4206F10106C0D801233E
:10387C0084F83530E26A3846236B3A607B6004B0DA
:10388C00BDE8F081B90200002DE9F04191F83460F7
:10389C0084B00C460746002E4AD1DFF8A48035E0F0
:1038AC00AB422A46684606F101063ED9216A0B68EE
:1038BC009B689847D4ED097A9DED007A2A4602A8B8
:1038CC00B4EEE77AF1EE10FA05DD216A0B689B681D
:1038DC009847DDED027A216A2A466846C4ED097ADA
:1038EC000B689B689847D4ED0A7A9DED017A2A46BD
:1038FC0002A8B4EEE77AF1EE10FA05DD216A0B6846
:10390C009B689847DDED037AC4ED0A7A206AB5B25C
:10391C0058230268D2694245C2D0904703462A46D2
:10392C006846AB4206F10106C0D8012384F8343056
:10393C00626A3846A36A3A607B6004B0BDE8F081E5
:10394C00B902000030B50B6885B00D4604461B6803
:10395C00684698472B6802A829465B6898479DEDF6
:10396C00017ADDED035AF6EE006ADDED007A2046B1
:10397C009DED026A37EE257A77EE867A27EE267A67
:10398C0067EEA67A84ED017AC4ED007A05B030BDFD
:10399C0030B50B6887B00D460446DB68684698471F
:1039AC002B6803A829461B699847DDED016ADDEDFC
:1039BC00044AB6EE006A9DED027A20469DED055A4A
:1039CC0076EEA46ADDED007ADDED035A37EE057A6A
:1039DC0066EE866A77EEA57A27EE067AC4ED016A62
:1039EC0067EE867A84ED027AC4ED007A07B030BDBA
:1039FC00006A70474FF40060704700BF2DE9F0413A
:103A0C0091F8356084B00C460746002E4BD1DFF898
:103A1C00A88035E0AB422A46684606F101063FD93C
:103A2C00216A0B689B689847D4ED0B7A9DED007A60
:103A3C002A4602A8B4EEE77AF1EE10FA05D5216A0F
:103A4C000B689B689847DDED027A216A2A46684626
:103A5C00C4ED0B7A0B689B689847D4ED0C7A9DEDFE
:103A6C00017A2A4602A8B4EEE77AF1EE10FA05D5EF
:103A7C00216A0B689B689847DDED037AC4ED0C7ADC
:103A8C00206AB5B24FF400630268D2694245C1D0D6
:103A9C00904703462A466846AB4206F10106BFD85A
:103AAC00012384F83530E26A3846236B3A607B6038
:103ABC0004B0BDE8F08100BFE50400002DE9F04141
:103ACC0091F8346084B00C460746002E4BD1DFF8D9
:103ADC00A88035E0AB422A46684606F101063FD97C
:103AEC00216A0B689B689847D4ED097A9DED007AA2
:103AFC002A4602A8B4EEE77AF1EE10FA05DD216A47
:103B0C000B689B689847DDED027A216A2A46684665
:103B1C00C4ED097A0B689B689847D4ED0A7A9DED41
:103B2C00017A2A4602A8B4EEE77AF1EE10FA05DD26
:103B3C00216A0B689B689847DDED037AC4ED0A7A1D
:103B4C00206AB5B24FF400630268D2694245C1D015
:103B5C00904703462A466846AB4206F10106BFD899
:103B6C00012384F83430626A3846A36A3A607B6079
:103B7C0004B0BDE8F08100BFE504000030B50B686F
:103B8C0085B00D4604461B68684698472B6802A80A
:103B9C0029465B6898479DED017ADDED035AF6EEF8
:103BAC00006ADDED007A20469DED026A37EE257A3B
:103BBC0077EE867A27EE267A67EEA67A84ED017A7E
:103BCC00C4ED007A05B030BD30B50B6887B00D463A
:103BDC000446DB68684698472B6803A829461B698E
:103BEC009847DDED016ADDED044AB6EE006A9DED05
:103BFC00027A20469DED055A76EEA46ADDED007A38
:103C0C00DDED035A37EE057A66EE866A77EEA57A15
:103C1C0027EE067AC4ED016A67EE867A84ED027AA5
:103C2C00C4ED007A07B030BD006A704791ED067A9A
:103C3C00F6EE006AD1ED045AD1ED057A91ED036AE6
:103C4C0037EE257A77EE867A27EE267A67EEA67A15
:103C5C0080ED017AC0ED007A704700BF91ED067AD5
:103C6C0091ED046AD1ED057AD1ED036A37EE467A0F
:103C7C0077EEE67A80ED017AC0ED007A704700BFEE
:103C8C0000F2045300F2FC4291ED006A00F5A16CC5
:103C9C0093ED004A00F5A063D2ED006AB0F8F82469
:103CAC0036EE446A74EE266A9CED005AD3ED007A27
:103CBC0004EE902A91ED017A75EE277ADFED233A26
:103CCC0037EE457A76EEC46AB8EE643A77EEC57A8A
:103CDC0000B5B0F8F6E427EE037A05EE90EAF8EEBC
:103CEC00652AF8EEE55A26EE226A86EE265AC7EECB
:103CFC00276A35EE237AF0EE477A76EEA36AE5EE84
:103D0C00A67AFCEEE77A17EE903A98B2431E562B41
:103D1C0019D8B4EEE37AF1EE10FA14DDF4EEC75ACA
:103D2C00F1EE10FA0FDDF4EEE36AF1EE10FA0ADDB3
:103D3C00F8EEE44AF4EEE64AF1EE10FAD8BF4FF092
:103D4C00FF305DF804FB4FF0FF30FAE70000000095
:103D5C0001EB410124310844704700BF2430704707
:103D6C0000F59670704700BFD0ED056A91ED007AB2
:103D7C00D1ED017AF4EEC76AF1EE10FA09DC90EDA0
:103D8C00067A0023B4EEE77AF1EE10FA13DC002089
:103D9C00704791ED027AD0ED036AF4EEC76A90EDAC
:103DAC00067AF1EE10FAB4EEE77A4CBF0123002349
:103DBC00F1EE10FAEBDD90ED047A03F00100D1ED99
:103DCC00037AB4EEE77AF1EE10FA58BF0020704790
:103DDC0090ED037AD1ED007A90ED046AF4EEC77A97
:103DEC00D0ED056AD0ED065AF1EE10FA13DDF4EEC3
:103DFC00E67AF1EE10FA0ED5D1ED017AF4EEC67A30
:103E0C00F1EE10FA07DDF4EEE57AF1EE10FA4CBFA4
:103E1C000120002070470020704700BF00EB4101DB
:103E2C004FF6FF7CB1F834021080B0EB0C0018BFD9
:103E3C000120704700EB41014FF6FF7CB1F8E40222
:103E4C001080B0EB0C0018BF0120704700EB410153
:103E5C004FF6FF7CB1F894031080B0EB0C0018BF48
:103E6C000120704700EB41014FF6FF7CB1F8440490
:103E7C001080B0EB0C0018BF012070472DE9F04109
:103E8C004F0882B01646ADF8061030D001F0010490
:103E9C0005468CBBDFF8C8802B681B6B43451BD1D8
:103EAC0005EB41014FF6FF72B1F8941391420ED01D
:103EBC00631C9BB29F4202D119E09F4217D905EBBC
:103ECC0041010133B1F894139BB29142F5D100201A
:103EDC00318002B0BDE8F0810DF1060228460134B4
:103EEC009847A8B3A4B2BDF80610A742D4D10120BC
:103EFC00318002B0BDE8F0810024DFF868802B68C7
:103F0C005B6B434518D105EB41014FF6FF72B1F8DD
:103F1C0044149142DBD0631C9BB2BB4202D1E6E756
:103F2C009F42E4D905EB41010133B1F844149BB233
:103F3C009142F5D10020CBE70DF1060228469847B7
:103F4C00631C28B19CB2BDF80610A742D7D1CEE7AE
:103F5C00BDF806100020318002B0BDE8F08100BF32
:103F6C003D090000550900002DE9F0414F0882B0D1
:103F7C001646ADF8061030D001F0010405468CBB96
:103F8C00DFF8C8802B68DB6A43451BD105EB410188
:103F9C004FF6FF72B1F8E41291420ED0631C9BB243
:103FAC009F4202D119E09F4217D905EB4101013321
:103FBC00B1F8E4129BB29142F5D10020318002B0ED
:103FCC00BDE8F0810DF10602284601349847A8B3EC
:103FDC00A4B2BDF80610A742D4D10120318002B0A2
:103FEC00BDE8F0810024DFF868802B689B6A4345AC
:103FFC0018D105EB41014FF6FF72B1F83412914222
:10400C00DBD0631C9BB2BB4202D1E6E79F42E4D9F2
:10401C0005EB41010133B1F834129BB29142F5D159
:10402C000020CBE70DF1060228469847631C28B107
:10403C009CB2BDF80610A742D7D1CEE7BDF806104A
:10404C000020318002B0BDE8F08100BF25090000DE
:10405C000D0900002DE9F0411F1E82B01646ADF887
:10406C0006102EDD05460024DFF860802B685B6BA4
:10407C0043451BD105EB41014FF6FF70B1F84414D9
:10408C0081420ED004F1010C674502D119E067455D
:10409C0017DD05EB41010CF1010CB1F84414814220
:1040AC00F5D10020318002B0BDE8F0810DF106029F
:1040BC00284698470134BDF806100028F2D0A742D4
:1040CC00D4D10120318002B0BDE8F0815509000047
:1040DC002DE9F0411F1E82B01646ADF806102EDDFC
:1040EC0005460024DFF860802B689B6A43451BD192
:1040FC0005EB41014FF6FF70B1F8341281420ED03E
:10410C0004F1010C674502D119E0674517DD05EB99
:10411C0041010CF1010CB1F834128142F5D10020AF
:10412C00318002B0BDE8F0810DF1060228469847B7
:10413C000134BDF806100028F2D0A742D4D10120DA
:10414C00318002B0BDE8F0810D0900002DE9F0438B
:10415C00002B83B083EAE377044690460A9EA7EBD4
:10416C00E377ADF8061000F0C68040F3958000258B
:10417C00DFF8A49123685B6B4B4542D104EB410102
:10418C004FF6FF72B1F844149142ADF8061000F0EE
:10419C00B4806B1C9F4203D1ADE09F4240F3A780DB
:1041AC0004EB41010133B1F844149142F5D10020E4
:1041BC00ADF8061086EAE677002EA7EBE6771BD063
:1041CC002BDD0025524E23689B6AB3424DD104EB84
:1041DC0041014FF6FF72B1F8341291423FD06B1C83
:1041EC009F4208D004EB41010133B1F834129142E3
:1041FC0035D09F42F6DC0120A8F8001003B0BDE8D2
:10420C00F0830DF10602204601359847002876D040
:10421C00AF42BDF80610ADD1CCE7EDD000253D4E38
:10422C002268D36AB3422CD104EB41014FF6FF72E2
:10423C00B1F8E412914212D06B1C9F42DBD004EB1C
:10424C0041010133B1F8E412914208D0BB42D2DAF9
:10425C0004EB41010133B1F8E4129142F6D1002094
:10426C00A8F8001003B0BDE8F0830DF1060220465B
:10427C0001359847002846D0AF42BDF80610A2D1B0
:10428C00BAE70DF10602204601359847D8B3AF4284
:10429C00BDF80610C4D1AFE72DD00025DFF87C9017
:1042AC0023681B6B4B4517D104EB41014FF6FF7292
:1042BC00B1F894139142ADF806101ED06B1C9F42BE
:1042CC0002D118E09F4212DD04EB41010133B1F839
:1042DC0094139142F6D16AE70DF10602204601359E
:1042EC00984760B1AF42BDF80610D9D162E7012002
:1042FC00ADF806105EE701205CE700205AE7BDF838
:10430C000610002056E7BDF80610002074E700BF29
:10431C000D09000025090000550900003D090000A9
:10432C0091ED067AF6EE006AD1ED045AD1ED057ADC
:10433C0091ED036A37EE257A77EE867A27EE267AA8
:10434C0067EEA67A80ED017AC0ED007A704700BF67
:10435C0091ED067A91ED046AD1ED057AD1ED036AFF
:10436C0037EE467A77EEE67A80ED017AC0ED007A88
:10437C00704700BF00F5E04091ED006A91ED017AC5
:10438C0040F2FE72C38C90ED0D4A05EE903AD0EDE2
:10439C000B6A038D36EE446AF8EE652A90ED0E5AE0
:1043AC0074EE266A04EE903AD0ED0C7A37EE457A2C
:1043BC00B8EE643ADFED1F3A75EE277A76EEC46AF2
:1043CC0026EE226A77EEC57A27EE037A86EE265A17
:1043DC00C7EE276AF8EEE55A35EE237AF0EE477A07
:1043EC0076EEA36AE5EEA67AFCEEE77A17EE903A43
:1043FC0098B2431E9BB2934218D8B4EEE37AF1EE16
:10440C0010FA13DDF4EEC75AF1EE10FA0EDDF4EEED
:10441C00E36AF1EE10FA09DDF8EEE44AF4EEE64A4E
:10442C00F1EE10FAD8BF4FF0FF3070474FF0FF306D
:10443C00704700BF00000000034641F624001844FA
:10444C00704700BFD0ED056A91ED007AD1ED017A8D
:10445C00F4EEC76AF1EE10FA09DC90ED067A00234F
:10446C00B4EEE77AF1EE10FA13DC0020704791ED10
:10447C00027AD0ED036AF4EEC76A90ED067AF1EE9B
:10448C0010FAB4EEE77A4CBF01230023F1EE10FAD8
:10449C00EBDD90ED047A03F00100D1ED037AB4EE7C
:1044AC00E77AF1EE10FA58BF0020704790ED037ACE
:1044BC00D1ED007A90ED046AF4EEC77AD0ED056A7E
:1044CC00D0ED065AF1EE10FA13DDF4EEE67AF1EEC9
:1044DC0010FA0ED5D1ED017AF4EEC67AF1EE10FA9F
:1044EC0007DDF4EEE57AF1EE10FA4CBF0120002066
:1044FC0070470020704700BF41F610030B444FF685
:10450C00FF7100EB430080881080401A18BF012017
:10451C00704700BF42F210030B444FF6FF7100EBE3
:10452C00430080881080401A18BF0120704700BFDC
:10453C0042F610030B444FF6FF7100EB43008088EA
:10454C001080401A18BF0120704700BF43F21003BF
:10455C000B444FF6FF7100EB430080881080401A2B
:10456C0018BF0120704700BF2DE9F0414F0882B001
:10457C001646ADF8061034D001F001040546002CA7
:10458C0034D1DFF8D4802B681B6B43451DD142F628
:10459C0010024FF6FF70114405EB410189888142EE
:1045AC000ED0631C9BB29F4202D11AE09F4218D9D5
:1045BC001144013305EB41019BB289888142F5D14D
:1045CC000020318002B0BDE8F0810DF106022846D2
:1045DC0001349847002837D0A4B2BDF80610A74282
:1045EC00D1D10120318002B0BDE8F0810024DFF888
:1045FC006C802B685B6B43451AD143F210024FF66B
:10460C00FF70114405EB410189888142D8D0631CAD
:10461C009BB2BB4202D1E4E79F42E2D91144013381
:10462C0005EB41019BB289888142F5D10020C8E796
:10463C000DF1060228469847631C28B19CB2BDF8C0
:10464C000610A742D5D1CCE7BDF80610002031806A
:10465C0002B0BDE8F08100BF211000003D10000049
:10466C002DE9F0414F0882B01646ADF8061034D053
:10467C0001F001040546002C34D1DFF8D4802B68FE
:10468C00DB6A43451DD142F210024FF6FF70114414
:10469C0005EB4101898881420ED0631C9BB29F427D
:1046AC0002D11AE09F4218D91144013305EB4101A4
:1046BC009BB289888142F5D10020318002B0BDE8DF
:1046CC00F0810DF10602284601349847002837D0B6
:1046DC00A4B2BDF80610A742D1D10120318002B09E
:1046EC00BDE8F0810024DFF86C802B689B6A4345A1
:1046FC001AD141F610024FF6FF70114405EB41013F
:10470C0089888142D8D0631C9BB2BB4202D1E4E7BA
:10471C009F42E2D91144013305EB41019BB28988D8
:10472C008142F5D10020C8E70DF1060228469847D2
:10473C00631C28B19CB2BDF80610A742D5D1CCE7BA
:10474C00BDF806100020318002B0BDE8F08100BF3A
:10475C0005100000E90F00002DE9F0411E1E82B08B
:10476C001546ADF8061030DD04460027DFF86480EE
:10477C0023685B6B43451DD143F210034FF6FF7268
:10478C00194404EB4101898891420ED007F1010CC8
:10479C00664502D119E0664517DD19440CF1010C90
:1047AC0004EB410189889142F5D10020298002B0A7
:1047BC00BDE8F0810DF10602204698470137BDF89F
:1047CC0006100028F2D0BE42D2D10120298002B0BE
:1047DC00BDE8F0813D1000002DE9F0411E1E82B0B5
:1047EC001546ADF8061030DD04460027DFF864806E
:1047FC0023689B6A43451DD141F610034FF6FF72A7
:10480C00194404EB4101898891420ED007F1010C47
:10481C00664502D119E0664517DD19440CF1010C0F
:10482C0004EB410189889142F5D10020298002B026
:10483C00BDE8F0810DF10602204698470137BDF81E
:10484C0006100028F2D0BE42D2D10120298002B03D
:10485C00BDE8F081E90F00002DE9F043002B83B097
:10486C0083EAE377044690460A9EA7EBE377ADF81C
:10487C00061000F0C98040F396800025DFF8A8915F
:10488C0023685B6B4B4546D143F210024FF6FF7029
:10489C00114404EB410189888142ADF8061000F007
:1048AC00B5806B1C9F4203D1AEE09F4240F3A880C1
:1048BC001144013304EB410189888142F5D1002078
:1048CC00ADF8061086EAE677002EA7EBE6771DD04A
:1048DC002DDD0025524E23689B6AB34245D141F62B
:1048EC0010024FF6FF70114404EB4101898881429C
:1048FC0053D06B1C9F4208D01144013304EB41018F
:10490C008988814249D09F42F6DC0120A8F800102A
:10491C0003B0BDE8F0830DF106022046013598473F
:10492C00002875D0AF42BDF80610A9D1CAE7EDD06A
:10493C0000253C4E2268D36AB34222D142F21002C7
:10494C004FF6FF70114404EB41018988814224D059
:10495C006B1C9F42D9D01144013304EB410189886F
:10496C0081421AD0BB42F6DBCFE70DF1060220469E
:10497C000135984700284FD0AF42BDF80610AAD198
:10498C00C4E70DF10602204601359847002843D0B4
:10499C00AF42BDF80610CDD1B8E70020A8F8001042
:1049AC0003B0BDE8F0832FD00025DFF8809023689A
:1049BC001B6B4B4519D142F610024FF6FF70114498
:1049CC0004EB410189888142ADF806101ED06B1CA6
:1049DC009F4202D118E09F4212DD1144013304EBD7
:1049EC00410189888142F6D169E70DF10602204622
:1049FC000135984760B1AF42BDF80610D7D161E7D9
:104A0C000120ADF806105DE701205BE7002059E7B7
:104A1C00BDF80610002055E7BDF80610002075E71C
:104A2C00E90F0000051000003D10000021100000EF
:104A3C00D0F88C0D704700BF2C20704700F6043066
:104A4C00704700BF3620704704307047D0F8940D83
:104A5C00704700BFD0F8900D704700BF90F8140B52
:104A6C00704700BFD0F8080B704700BFD0F8040B9C
:104A7C00704700BFD0F8100B704700BFD0F80C0B7C
:104A8C00704700BFD0F8B400704700BF02207047D9
:104A9C008430704704207047D0F8BC00704700BFCA
:104AAC00D0F8B800704700BF90F89400704700BF72
:104ABC00D0F88800704700BFD0F88400704700BF62
:104ACC00D0F89000704700BFD0F88C00704700BF42
:104ADC0090F85400704700BF806C7047406C704772
:104AEC00006D7047C06C7047014B01221A70704703
:104AFC0070B10120084A002301210263026A80F888
:104B0C003C30826180F83D1080F83E3010B4446A2D
:104B1C00C4615DF8044B7047281E0020014B012234
:104B2C005A70704770B10120014B00205B68184728
:104B3C0070B1012030B54489C56904FB01F101EB6A
:104B4C0041012944C57DDDB9CCB104EB44040833E3
:104B5C000C4491F801E0033111F801CC063211F844
:104B6C00030C0EFA03FE0CFA03FCA14200FA03F04C
:104B7C0022F804EC22F802CC22F8060CE9D130BD64
:104B8C00002CFCD004EB4404C56A0C4411F803EB74
:104B9C00063211F802CC0EFA03FE11F8010CA142F8
:104BAC000CFA03FC35F81EE000FA03F035F81CC0D3
:104BBC0035F8100022F806EC22F804CC22F8020C8E
:104BCC00E4D130BD90F83E30C3B190F83D300021B7
:104BDC0090F83C20DBB2D2B280F83D2080F83C301B
:104BEC0090F83D2090F83C300832083350F82220E1
:104BFC0050F8233080F83E10C0E90632C16A084AEA
:104C0C0090F828C0023902F5007032F8023F0CFB14
:104C1C0003F390424FEA232321F8023FF5D170476A
:104C2C009E22006017494FF452628B6802FB0030E1
:104C3C00D0F8102112F0010302D0087B012383402D
:104C4C00900705D591F80DC0012000FA0CF0034334
:104C5C00500705D591F80EC0012000FA0CF0034363
:104C6C00100705D591F80FC0012000FA0CF0034392
:104C7C00D20603D5087C0122824013434A69C2F84C
:104C8C001032704770B10120D74BD8491A68B3F86D
:104C9C0004C052081868B2FBFCF252094008120317
:104CAC00B0FBFCF02DE9F043A1FB0241400B521A82
:104CBC0001EB520100EBD1209FEDC75B9FEDC86B60
:104CCC0080B21C681A6819685208490807EE102A45
:104CDC00620804EE101AB8EEC77BB8EEC44B27EE90
:104CEC00057B24EE064BFCEEC77BB2FBFCF2A0EB83
:104CFC00523217EE904ABCEEC44BC2F3C42190B2B0
:104D0C000C4414EE102AA4B294420CD21A68520825
:104D1C0007EE102AB8EEC77B27EE067BBCEEC77BEE
:104D2C0017EE102A94B21A681968520807EE102A66
:104D3C004A08B8EEC77B04EE102AB8EEC44B27EE37
:104D4C00057B24EE064BFCEEC77B17EE901ABCEEEF
:104D5C00C44B01EB902114EE102A89B291420CD273
:104D6C001A68520807EE102AB8EEC77B27EE067BAE
:104D7C00BCEEC77B17EE102A91B21A680C441D6862
:104D8C00520807EE102A6A08B8EEC77B04EE102A08
:104D9C00B8EEC44B27EE057B24EE064BFCEEC77B2E
:104DAC0017EE901ABCEEC44B01EB502114EE102AF6
:104DBC0089B291420CD21A68520807EE102AB8EE4A
:104DCC00C77B27EE067BBCEEC77B17EE102A91B291
:104DDC001A680C441D68520807EE102A6A08B8EECF
:104DEC00C77B04EE102AB8EEC44B27EE057B24EEED
:104DFC00064BFCEEC77B17EE901ABCEEC44B01EBD6
:104E0C00102114EE102A89B291420CD21A68520861
:104E1C0007EE102AB8EEC77B27EE067BBCEEC77BED
:104E2C0017EE102A91B21A680C441D68520807EE4E
:104E3C00102A6A08B8EEC77B04EE102AB8EEC44BF1
:104E4C0027EE057B24EE064BFCEEC77B17EE901A83
:104E5C00BCEEC44B01EBD01114EE102A89B2914276
:104E6C000CD21A68520807EE102AB8EEC77B27EE50
:104E7C00067BBCEEC77B17EE102A91B21A680C4465
:104E8C001D68520807EE102A6A08B8EEC77B04EEBC
:104E9C00102AB8EEC44B27EE057B24EE064BFCEE35
:104EAC00C77B17EE901ABCEEC44B01EB901114EEBD
:104EBC00102A89B291420CD21A68520807EE102AB5
:104ECC00B8EEC77B27EE067BBCEEC77B17EE102A2D
:104EDC0091B21A680C441D68520807EE102A6A0831
:104EEC00B8EEC77B04EE102AB8EEC44B27EE057B58
:104EFC0024EE064BFCEEC77B17EE901ABCEEC44BAF
:104F0C0001EB501114EE102A89B291420CD21A689E
:104F1C00520807EE102AB8EEC77B27EE067BBCEED4
:104F2C00C77B17EE102A91B21A680C441D68520800
:104F3C0007EE102A6A08B8EEC77B04EE102AB8EE0A
:104F4C00C44B27EE057B24EE064BFCEEC77B17EE1D
:104F5C00901ABCEEC44B01EB101114EE102A89B25E
:104F6C0091420CD21A68520807EE102AB8EEC77B91
:104F7C0027EE067BBCEEC77B17EE102A91B21A689F
:104F8C000C441D68520807EE102A6A08B8EEC77B5D
:104F9C0004EE102AB8EEC44B27EE057B24EE064B2C
:104FAC00FCEEC77B17EE901ABCEEC44B01EBD001A4
:104FBC0014EE102A89B291421AD21A68520807EEDE
:104FCC00102AB8EEC77B27EE067BBCEEC77B17EE2C
:104FDC00102A91B20CE000BF48AFBC9AF2D77A3ECF
:104FEC00F9978B952411E23E084C0020010110002A
:104FFC001A680C441D68520807EE102A6A08B8EEAD
:10500C00C77B04EE102AB8EEC44B27EE057B24EECA
:10501C00064BFCEEC77B17EE901ABCEEC44B01EBB3
:10502C00900114EE102A89B291420CD21A685208DF
:10503C0007EE102AB8EEC77B27EE067BBCEEC77BCB
:10504C0017EE102A91B21A6821441D68520807EE17
:10505C00102A6A08B8EEC77B04EE102AB8EEC44BCF
:10506C0027EE057B24EE064BFCEEC77B17EE902A51
:10507C00BCEEC44B02EB500214EE104A92B2A242A8
:10508C000CD21A68520807EE102AB8EEC77B27EE2E
:10509C00067BBCEEC77B17EE102A92B21C680A4442
:1050AC001D68610807EE101A6908B8EEC77B04EE9C
:1050BC00101AB8EEC44B27EE057B24EE064BFCEE23
:1050CC00C77B17EE901ABCEEC44B014414EE104A89
:1050DC0089B2A14280F0818019681C68490807EEEA
:1050EC00101A6108B8EEC77BB1FBFCF127EE067B0A
:1050FC00BCEEC77B17EE104A12FA84F2B2EB111F0A
:10510C003FF6DFAD3E4A4FF0000C3E4C956902F184
:10511C001C0E9FED374B9FED383B1968CCF10B08FB
:10512C001A680EEB8C0749081E68520840FA08F8FA
:10513C0006EE101A07EE102A7208B8EEC66B05FBC5
:10514C0008F105EE102AB8EEC77B84FB01924FEAFA
:10515C00E17926EE046B0A44B8EEC55BC9EBE219A3
:10516C0027EE047B25EE035BFCEEC66BFCEEC77BE7
:10517C0016EE901ABCEEC55B17EE902A41444A44D9
:10518C0015EE109A89B292B2494501F1FF3819D245
:10519C001E68760807EE106AB8EEC77B27EE037B15
:1051AC00BCEEC77B17EE106AB6B2711A013E114401
:1051BC007E802EF82C100CF1010CBCF10C0FACD134
:1051CC00BDE8F083A7F802802EF82C200CF1010C1E
:1051DC00BCF10C0FA1D1BDE8F0831C680A44610836
:1051EC00B1FBFCF1B2EB111F3FF66BAD8AE700BFD0
:1051FC0048AFBC9AF2D77A3EF9978B952411E23ED0
:10520C0070B1012081808080294A2A49136810B42A
:10521C005B08294CA4FB03C3DB0BDB01A1FB03C321
:10522C00DB09013398420DD810684008A4FB0040FC
:10523C00C00BC001A1FB0010C00901305DF8044B8C
:10524C00908021E5136811685B081C4C490807EE37
:10525C00101A9FED156BB8EEC77B27EE067BBCEEE4
:10526C00C77B17EE101AB3FBF1F3A4FB0313DB0996
:10527C00013B9842E2D31068136840085B0807EEC4
:10528C00103AB8EEC77B27EE067BBCEEC77B17EE59
:10529C00103AB0FBF3F0A4FB00405DF8044BC009DE
:1052AC00013880B29080EFE4F9978B952411E23E9F
:1052BC00084C00200980000801800080ABAAAAAA33
:1052CC00094B0020D3E9131210B4013292FBF1F414
:1052DC0001FB1422D3E915140139C3E91421234627
:1052EC005DF8044B184700BF70B1012010B5224C7B
:1052FC00224A636E94F86010D177DA8ADB8B92B213
:10530C009BB29A4200D010BDD4E91B20636F0130D0
:10531C00013B90FBF2F102FB110063672067E3B9DC
:10532C00A26F04F180036FF00300D4F884101360B3
:10533C00938BD06023F020031B041B0C93838847B2
:10534C0094F87C2001210E4B03EB521302F01F0248
:10535C009B0001FA02F21A6010BDA3684FF452616F
:10536C00E26D01FB0033136003F58A73A26F1360C7
:10537C00FFF758FCE4E700BF70B1012000800E403D
:10538C008038003830B54589C46905FB01F101EB63
:10539C0041012144C47DD4B9C5B105EB45050D448B
:1053AC0091F801E0033111F801CC033211F8030C30
:1053BC000EFA03FE0CFA03FCA94200FA03F002F801
:1053CC0002EC02F801CC02F8030CE9D130BD002D3F
:1053DC00FCD005EB4505C46A0D4491F801E003319E
:1053EC0011F801CC033211F8030C0EFA03FE0CFA7F
:1053FC0003FCA94200FA03F034F81EE034F81CC098
:10540C0034F810004FEA1E2E4FEA1C2C4FEA1020E5
:10541C0002F802EC02F801CC02F8030CDDD130BD2D
:10542C00406B704790F83E00704700BF054B084634
:10543C00114693F8883003F0FF020BB113F0C6BE8F
:10544C001046704770B1012000F5804C43F6C673CE
:10545C00BCF8402003443B2A2DE9F04112D8002A25
:10546C0000F08C85541E43F6C8751946A4B2054449
:10547C0005EB440502E0A94200F0808531F8024FAB
:10548C00042CF8D11D469E46002104E001318CB25B
:10549C00A24240F2B6813EF8024F042CF6D100F540
:1054AC00405E03243B2A714481F88C4F40F2AC815E
:1054BC00BCF84020002A00F09A851D469E4600212B
:1054CC0004E001318CB2A24240F279813EF8024FE5
:1054DC00032CF6D100F5405E00243B2A714481F880
:1054EC008C4F40F26F81BCF84060002E00F07B8541
:1054FC001D461946002204E0013294B2A64240F245
:10550C00918131F8024F022CF6D100F5405E032157
:10551C003B2E724482F88C1F40F28781BCF84050BD
:10552C00002D00F058851E461946002204E0013279
:10553C0094B2A54240F2548131F8024F012CF6D1BD
:10554C0000F5405E03213B2D724482F88C1F40F223
:10555C004A81BCF84060002E00F04D851D4619466E
:10556C00002204E0013294B2A64240F2178131F8D5
:10557C00024F002CF6D100F5405E03213B2E724405
:10558C0082F88C1F40F20D81BCF84040002C00F0DA
:10559C0026851E461946002204E0013295B2AC4223
:1055AC0040F2518131F802EFBEF1150FF5D100F543
:1055BC00405E03213B2C724482F88C1F40F26C85B8
:1055CC00BCF840601D461946002204E0013294B23A
:1055DC00B44280F0768131F802EFBEF1140FF5D1B0
:1055EC0000F5405E03213B2E724482F88C1F40F282
:1055FC000685BCF840501E461946002204E00132D4
:10560C0094B2A54240F29B8131F802EFBEF1190F22
:10561C00F5D100F5405E00213B2D724482F88C1FC1
:10562C0040F2F784BCF840601D461946002204E0A5
:10563C00013294B2B44280F0258131F802EFBEF110
:10564C00640FF5D100F5405E02213B2E724482F8C6
:10565C008C1F40F21785BCF840501E46194600229C
:10566C0004E0013294B2A54240F2888131F802EF95
:10567C00BEF1690FF5D100F5405E02213B2D72445D
:10568C0082F88C1F40F2CF84BCF840601D4619464E
:10569C00002204E0013294B2A64240F2318131F88A
:1056AC0002EFBEF1660FF5D100F5405E02213B2EF4
:1056BC00724482F88C1F40F2DB84BCF840501E46CA
:1056CC001946002204E0013294B2AC4280F075819C
:1056DC0031F802EFBEF1670FF5D100F5405E022103
:1056EC003B2D724482F88C1F40F2AE84BCF84060B3
:1056FC001D461946002204E0013294B2B44280F0F7
:10570C007B8131F802EFBEF1680FF5D100F5405EF8
:10571C0002213B2E724482F88C1F40F29F84BCF80D
:10572C0040501E461946002204E0013294B2AC42AD
:10573C0080F0818131F802EFBEF16A0FF5D100F5EE
:10574C00405E02213B2D724482F88C1F40F275841E
:10575C00BCF84040002203E0013291B2A14209D2D0
:10576C0033F8021F6B29F7D100F540530221134483
:10577C0083F88C1F00F5005292F8FD35012B08D8E8
:10578C00B74902EB830401330144C4F8941582F841
:10579C00FD35012380F8A932BDE8F0813C2E3FF4A1
:1057AC00F3AEB04F0022074402E0A64240F2508212
:1057BC0035F8021F0132152994B2F6D1E4E63C2AE1
:1057CC003FF491AEA84F0021074402E0B24240F2F0
:1057DC00EA8135F8024F0131022C8EB2F6D182E605
:1057EC003C2D3FF4B6AEA14F0022074402E0AC4280
:1057FC0080F05982013236F8021F94B20029F6D19A
:10580C00A7E63C2A3FF454AE994F0021074402E02E
:10581C00B24240F2F38135F8024F0131032C8EB2C3
:10582C00F6D145E63C2E3FF479AE924F0022074468
:10583C0002E0A64240F25F8135F8021F01320129D5
:10584C0094B2F6D16AE64BF6B4528B4F3C2C024420
:10585C0007440BD0002102E0744540F2518236F827
:10586C00025F0131142D1FFA81FEF5D1BCF84060A6
:10587C00002E7FF4A7AE44F28447012500F5405E6C
:10588C0017446CE24BF6B4527C4F3C2E0244074456
:10589C000BD0002102E0764540F2B58235F8024F7C
:1058AC000131692C1FFA81FEF5D1BCF84050002D56
:1058BC007FF4D3AE44F29437012600F5405E1744D2
:1058CC00D3E24BF6B4526E4F3C2E024407440BD03D
:1058DC00002102E0B64580F03E8235F8024F0131DE
:1058EC00192C1FFA81FEF5D1BCF84050002D7FF425
:1058FC0082AE44F21447012600F5405E174459E28B
:10590C004BF6B4525F4F3C2E024407440BD000219F
:10591C0002E0B64580F0D68235F8024F0131672C93
:10592C001FFA81FEF5D1BCF84050002D7FF4C7AEB4
:10593C0044F2D437012600F5405E1744F4E24BF6EE
:10594C00B452514F3C2D024407440BD0002102E0CD
:10595C00AE4580F02B8236F8024F0131642C1FFAD1
:10596C0081FEF5D1BCF84060002E7FF45DAE44F2B0
:10597C002447012500F5405E174448E24BF6B4522B
:10598C00424F3C2D024407440BD0002102E07545E8
:10599C0040F2678236F8024F0131662C1FFA81FE05
:1059AC00F5D1BCF84060002E7FF470AE44F2843721
:1059BC00012500F5405E174488E24BF6B452344F93
:1059CC003C2D024407440BD0002102E0AE4580F090
:1059DC00A78236F8024F0131682C1FFA81FEF5D1EF
:1059EC00BCF84060002E7FF483AE44F2F4370125FE
:1059FC0000F5405E1744ADE04BF6B452254F3C2EFB
:105A0C00024407440BD0002102E0B64580F09E8092
:105A1C0035F8024F01316A2C1FFA81FEF5D1BCF822
:105A2C004050002D7FF47DAE44F27437012400F514
:105A3C00405E174436E0184F3C2D074409D0002235
:105A4C0001E0AC422AD236F8021F01326B2994B223
:105A5C00F7D1BCF84040002C7FF47CAE8AE600BF46
:105A6C0008020100F8010100C8000100A8000100B3
:105A7C00D8000100B8000100E8010100D8010100C4
:105A8C003802010038010100C80101004801010081
:105A9C0088010100A8010100280101006C1C00F51F
:105AAC00405EA4B200EB85020026F7EE007A05EB0F
:105ABC00450102F540520EEB45050EEB81014FF00E
:105ACC007C5E02F6AC5801F60C01C8F8006002F6D8
:105ADC009C68C8ED007AC2F8DC7A02F6CC3702F684
:105AEC00BC423E6016606B22A5F8C82FC1F800E0DE
:105AFC00ACF840402EE6751CADB200EB860200F50A
:105B0C00405E06EB4601002402F540520EEB4606C1
:105B1C000EEB8101F7EE007A02F6AC5E01F60C0199
:105B2C00CEF8004002F69C6ECEED007AC2F8DC7A1C
:105B3C0002F6CC3702F6BC423C6014600122A6F897
:105B4C00C82FDF4A0A60ACF84050ECE4751C00F535
:105B5C00405EADB200EB86020024F7EE007A06EB55
:105B6C00460102F540520EEB46060EEB81014FF05A
:105B7C007C5E02F6AC5801F60C01C8F8004002F647
:105B8C009C68C8ED007AC2F8DC7A02F6CC3702F6D3
:105B9C00BC423C6014606A22A6F8C82FC1F800E031
:105BAC00ACF84050BDE5561CB6B200EB820100F5D6
:105BBC00405E02EB4204002501F540510EEB42021F
:105BCC000EEB8404F7EE007A01F6AC5E04F60C04DE
:105BDC00CEF8005001F69C6ECEED007AC1F8DC7A5E
:105BEC0001F6CC3701F6BC413D600D600221A2F8F4
:105BFC00C81FB34A2260ACF8406079E400EB820124
:105C0C000025F7EE007A00F5405E01F5405102EBFD
:105C1C00420401F6AC560EEB84040EEB420E01323C
:105C2C00356001F69C6604F60C0492B2C6ED007A5F
:105C3C0001F6CC36C1F8DC7A01F6BC4135600D605A
:105C4C000321AEF8C81F9E492160ACF8402034E413
:105C5C00741CA4B200EB860200F5405E06EB460114
:105C6C00002502F540520EEB46060EEB8101F7EED5
:105C7C00007A02F6AC5E01F60C01CEF8005002F68A
:105C8C009C6ECEED007AC2F8DC7A02F6CC3702F6C6
:105C9C00BC423D6015601522A6F8C82F884A0A60E0
:105CAC00ACF8404075E46E1CB6B200EB850200F512
:105CBC00405E05EB450105F5F46502F54052002404
:105CCC000EEB8101F7EE007A0EEB450502F6AC5EA9
:105CDC0001F60C01CEF8004002F69C6ECEED007A77
:105CEC00C2F8DC7A02F6CC3702F6BC423C60146097
:105CFC000022A5F88820724A0A60ACF840602DE4B6
:105D0C00661CB6B200EB840200F5405E04EB440165
:105D1C00002502F540520EEB44040EEB8101F7EE28
:105D2C00007A02F6AC5E01F60C01CEF8005002F6D9
:105D3C009C6ECEED007AC2F8DC7A02F6CC3702F615
:105D4C00BC423D6015601422A4F8C82F5C4A0A605E
:105D5C00ACF8406036E4751C00F5405EADB200EB6B
:105D6C008602F7EE007A06EB4601002402F540525B
:105D7C000EEB46060EEB810102F6AC5E01F60C0151
:105D8C00CEED007A02F69C6ECEF80040C2F8DC7ABA
:105D9C0002F6CC3702F6BC423C6014601922A6F81D
:105DAC00C82F474A0A60ACF8405024E46E1C00F53A
:105DBC00405EB6B200EB85020024F7EE007A05EBEC
:105DCC00450102F540520EEB45050EEB81014FF0FB
:105DDC007C5E02F6AC5801F60C01C8F8004002F6E5
:105DEC009C68C8ED007AC2F8DC7A02F6CC3702F671
:105DFC00BC423C6014606422A5F8C82FC1F800E0D6
:105E0C00ACF8406010E4751C00F5405EADB200EBE0
:105E1C0086020024F7EE007A06EB460102F54052AA
:105E2C000EEB46060EEB81014FF07C5E02F6AC5891
:105E3C0001F60C01C8F8004002F69C68C8ED007A27
:105E4C00C2F8DC7A02F6CC3702F6BC423C60146035
:105E5C006922A6F8C82FC1F800E0ACF84050FFF753
:105E6C00FCBB6E1C00F5405EB6B200EB8502002454
:105E7C00F7EE007A05EB450102F540520EEB4505B5
:105E8C000EEB81014FF07C5E02F6AC5801F60C0172
:105E9C00C8F8004002F69C68C8ED007AC2F8DC7ABB
:105EAC0002F6CC3702F6BC423C6014606622A5F8C0
:105EBC00C82FC1F800E0ACF84060FFF7E7BB00BFAB
:105ECC008988883D751C00F5405EADB200EB8602FA
:105EDC000024F7EE007A06EB460102F540520EEB79
:105EEC0046060EEB81014FF07C5E02F6AC5801F6D3
:105EFC000C01C8F8004002F69C68C8ED007AC2F8A4
:105F0C00DC7A02F6CC3702F6BC423C6014606722A5
:105F1C00A6F8C82FC1F800E0ACF84050FFF7CFBB93
:105F2C006E1C00F5405EB6B200EB85020024F7EE65
:105F3C00007A05EB450102F540520EEB45050EEBE0
:105F4C0081014FF07C5E02F6AC5801F60C01C8F8EA
:105F5C00004002F69C68C8ED007AC2F8DC7A02F6C2
:105F6C00CC3702F6BC423C6014606822A5F8C82FFE
:105F7C00C1F800E0ACF84060FFF7BABB00EB82015F
:105F8C000025494EF7EE007A01F5405100F5405ED0
:105F9C00064402EB420401F6AC570EEB84043D6060
:105FAC0001F69C670EEB420E0132C7ED007A04F647
:105FBC000C04C1F8DC6A01F6CC3601F6BC4192B295
:105FCC0035600D600421AEF8C81F38492160ACF86B
:105FDC004020FFF757BA364F0126074465E6354F88
:105FEC00012607448EE6344F0125074485E5334FDF
:105FFC0001260744D9E5324F012407442AE64BF623
:10600C00B452304F02440744002E7FF461AC01259A
:10601C00A5E64BF6B4522C4F02440744002D7FF4F6
:10602C0095AC0126C6E64BF6B452284F0244074401
:10603C00002D7FF4AAAC012617E7254F0744002D4D
:10604C007FF4FDAC01242DE54BF6B452214F0244F4
:10605C000744002D7FF4B8AC012665E74BF6B4522B
:10606C001D4F02440744002E7FF4CDAC012571E591
:10607C004BF6B452194F02440744002E7FF447AC40
:10608C00012523E74BF6B452154F02440744002E6A
:10609C007FF4FFAB0125BAE64BF6B452054F024430
:1060AC000744FFF7D7BB00BFE80001008988883D93
:1060BC00A8000100E8010100B8000100C8000100BF
:1060CC00F801010038020100C8010100480101007B
:1060DC002801010088010100A8010100380101001C
:1060EC00D801010030B50B688DB00C4605461B6815
:1060FC00684698476468F7EE007A9FED4F7AD4EDC6
:10610C00005A94ED015A75EEE77AF0EEE77AF4EE68
:10611C00C77AF1EE10FA72D5F0EEC57AD4ED024AD8
:10612C00F4EEC77AF1EE10FA6CD494ED034AD4ED88
:10613C00057AD4ED042A25EE676A94ED063A67EEEB
:10614C00A56AD4ED073A24EE677A67EEA47AA2EE3C
:10615C00A56AE2EE856AA2EEA47AE2EE847AA3EE58
:10616C00646AE3EE046AA3EE257AE3EE457AA3EEC5
:10617C00C46AE3EEE46AA3EE857AE3EEA57A8DEDCC
:10618C00086ACDED096A8DED0A7ACDED0B7A94EDA6
:10619C000C5A02A894ED0B6A05AADDED016A08A958
:1061AC00D4ED0D7A9DED007A66EE856ADFED235A0B
:1061BC0027EE067A67EEA57ACDED066A8DED057AA7
:1061CC00CDED077A11F0E2F994ED095A2846D4ED99
:1061DC000A5A94ED086ADDED036A9DED047ADDED53
:1061EC00027A76EE856A37EE257A77EE867AC5EDF9
:1061FC00016A85ED027AC5ED007A0DB030BDD4EDA3
:10620C00024A92E7F0EEE47A94ED034AF4EEC77A90
:10621C00F1EE10FA8BD5F0EEC47AF4EEC77AF1EE0B
:10622C0010FA84D563692169A2690993E36908911D
:10623C000A920B93ABE700BF6F12833A0000000089
:10624C0030B50B688DB00C4605465B6868469847C0
:10625C006468F7EE007A9FED4F7AD4ED005A94ED16
:10626C00015A75EEE77AF0EEE77AF4EEC77AF1EEC2
:10627C0010FA72D5F0EEC57AD4ED024AF4EEC77A74
:10628C00F1EE10FA6CD494ED034AD4ED057AD4ED0A
:10629C00042A25EE676A94ED063A67EEA56AD4EDFA
:1062AC00073A24EE677A67EEA47AA2EEA56AE2EECC
:1062BC00856AA2EEA47AE2EE847AA3EE646AE3EE37
:1062CC00046AA3EE257AE3EE457AA3EEC46AE3EE04
:1062DC00E46AA3EE857AE3EEA57A8DED086ACDED3E
:1062EC00096A8DED0A7ACDED0B7A94ED0C5A02A861
:1062FC0094ED0B6A05AADDED016A08A9D4ED0D7ABF
:10630C009DED007A66EE856ADFED235A27EE067A5C
:10631C0067EEA57ACDED066A8DED057ACDED077A9F
:10632C0011F034F994ED095A2846D4ED0A5A94ED3B
:10633C00086ADDED036A9DED047ADDED027A76EEF6
:10634C00856A37EE257A77EE867AC5ED016A85ED9A
:10635C00027AC5ED007A0DB030BDD4ED024A92E759
:10636C00F0EEE47A94ED034AF4EEC77AF1EE10FA0B
:10637C008BD5F0EEC47AF4EEC77AF1EE10FA84D530
:10638C0063692169A2690993E36908910A920B93E5
:10639C00ABE700BF6F12833A0000000030B50B680A
:1063AC008DB00C4605461B68684698476468F7EE46
:1063BC00007A9FED4F7AD4ED005A94ED015A75EEA8
:1063CC00E77AF0EEE77AF4EEC77AF1EE10FA72D5CE
:1063DC00F0EEC57AD4ED024AF4EEC77AF1EE10FA7B
:1063EC006CD494ED034AD4ED057AD4ED042A25EE51
:1063FC00676A94ED063A67EEA56AD4ED073A24EE87
:10640C00677A67EEA47AA2EEA56AE2EE856AA2EE3E
:10641C00A47AE2EE847AA3EE646AE3EE046AA3EE55
:10642C00257AE3EE457AA3EEC46AE3EEE46AA3EEC2
:10643C00857AE3EEA57A8DED086ACDED096A8DEDCE
:10644C000A7ACDED0B7A94ED0C5A02A894ED0B6AF6
:10645C0005AADDED016A08A9D4ED0D7A9DED007A4F
:10646C0066EE856ADFED235A27EE067A67EEA57A8B
:10647C00CDED066A8DED057ACDED077A11F086F833
:10648C0094ED095A2846D4ED0A5A94ED086ADDEDCC
:10649C00036A9DED047ADDED027A76EE856A37EEBD
:1064AC00257A77EE867AC5ED016A85ED027AC5ED1F
:1064BC00007A0DB030BDD4ED024A92E7F0EEE47AEA
:1064CC0094ED034AF4EEC77AF1EE10FA8BD5F0EEA8
:1064DC00C47AF4EEC77AF1EE10FA84D563692169B7
:1064EC00A2690993E36908910A920B93ABE700BF89
:1064FC006F12833A0000000030B50B688DB00C466B
:10650C0005465B68684698476468F7EE007A9FED2D
:10651C004F7AD4ED005A94ED015A75EEE77AF0EE0D
:10652C00E77AF4EEC77AF1EE10FA72D5F0EEC57A8E
:10653C00D4ED024AF4EEC77AF1EE10FA6CD494ED75
:10654C00034AD4ED057AD4ED042A25EE676A94ED5E
:10655C00063A67EEA56AD4ED073A24EE677A67EE41
:10656C00A47AA2EEA56AE2EE856AA2EEA47AE2EE25
:10657C00847AA3EE646AE3EE046AA3EE257AE3EE72
:10658C00457AA3EEC46AE3EEE46AA3EE857AE3EE01
:10659C00A57A8DED086ACDED096A8DED0A7ACDEDFF
:1065AC000B7A94ED0C5A02A894ED0B6A05AADDED5A
:1065BC00016A08A9D4ED0D7A9DED007A66EE856A24
:1065CC00DFED235A27EE067A67EEA57ACDED066A43
:1065DC008DED057ACDED077A10F0D8FF94ED095AC0
:1065EC002846D4ED0A5A94ED086ADDED036A9DED58
:1065FC00047ADDED027A76EE856A37EE257A77EE4F
:10660C00867AC5ED016A85ED027AC5ED007A0DB08A
:10661C0030BDD4ED024A92E7F0EEE47A94ED034AF1
:10662C00F4EEC77AF1EE10FA8BD5F0EEC47AF4EEF4
:10663C00C77AF1EE10FA84D563692169A2690993CE
:10664C00E36908910A920B93ABE700BF6F12833A90
:10665C0000000000934B0021934A034402442DE9AF
:10666C00F04F2DED048BB0EE408A8BB0074643F80B
:10667C00101B9A42FBD18D4C94F88930002B40F0C2
:10668C00118394F88D3007F5304294F88C1003EB9D
:10669C00830392F8B00D03EB83030533DBB282F86E
:1066AC00AE3D002840F01C8294F88E3003EB43037F
:1066BC009B00053382F8AF3D97F8A832002B00F011
:1066CC002182062940F0FE8207F58054784A41F673
:1066DC00105541F6145604F58053B7EE003A9FED71
:1066EC00754A3D44DFED743A3E4493F839E102F5C6
:1066FC00007CC4F8342FBEF1000F40F019821368EF
:10670C00C6F82432043204369445F4D107F580439C
:10671C0007F54052B3F8406092F878E05EB343F668
:10672C00C67100233944084605E001331FFA83FC87
:10673C00664540F2878530F802CFF445F5D103F277
:10674C00D2234FF07E5002EB8303C3F8840092F8FF
:10675C007AC0002303E0013398B286420BD931F89A
:10676C00020F6045F7D103F2D2234FF07E5102EBBA
:10677C008303C3F884100020D2F870E094F8E4117D
:10678C00024602E0C2B2914221D302F5CB73013032
:10679C0007EB8303D3F83C3B9D42F3D1B4F884C0A0
:1067AC0092B2BCF1000F12D041F25A0000233844CF
:1067BC0003E001339EB2B44509D930F8026F96421A
:1067CC00F7D107EB830303F60873C3F800E000204E
:1067DC0094F89068024602E0C2B296421CD304EBD5
:1067EC0082030130D3F840389D42F5D1B4F83067BC
:1067FC0092B28EB141F206700023384403E00133AB
:10680C009DB2AE4208D930F8025F9542F7D1F2330F
:10681C0004EB8303C3F8ECE13B68284A1B69934201
:10682C0040F02C85002007F64C25024602F5CB7370
:10683C00013007EB8303D3F83C3B9D4200F0098504
:10684C00C2B29142F2D207F5005A0025B0EE480AC6
:10685C00384607F55046A8460AF066FD13E0D6F810
:10686C00700B03689B689847D6F86C3B44191A6800
:10687C001846D368984728440C35016842688368E9
:10688C0021606260A360D6F8700B0368DB689847E0
:10689C00804508F10108E2DB094DDFF828803D4412
:1068AC00B84414E0A80001004802010070B10120B6
:1068BC000CB20120CDCCCC3D0000000069000000E2
:1068CC009C0001003C0201001035A8454BD0D5EDD1
:1068DC00037AF5EEC07AF1EE10FAF5DD2B68D6F8F6
:1068EC00709B002BF0DD0024D9F8003048469B68E3
:1068FC0098476A68D9F80030834652F824204846F5
:10690C009B6802EB42020BEB820B984795ED036AF6
:10691C0004EB4401D5E9012352F8242003EB810355
:10692C000134296802EB4202D3ED004A93ED015A7F
:10693C008C4200EB8200D3ED025AD0ED006A90ED50
:10694C00017AD0ED027AE4EE866AA6EE057AE6EEDE
:10695C00257ACBED006A8BED017ACBED027AC3DBA5
:10696C001035A845B3D10AF20C63CD4A4DF60C395B
:10697C0004209A634FF08142B9440025DA6328F071
:10698C0039FB0446C0F8009042F20C602146A84640
:10699C00384415F047FD204628F034FB012342F221
:1069AC00F0608AF854364DF61C3A384411F060F811
:1069BC0007F51C50B0EE408A11F05AF806F62C334D
:1069CC000022BA4483ED008A83ED010A9A6076E0D6
:1069DC00D6F8700B03689B68984706F65431284428
:1069EC0006F63833D1ED006A4A4691ED017AD1EDC5
:1069FC00027A5146D0ED015A90ED026A90ED005AA0
:106A0C0075EEC75A36EE676AD3ED003A35EE665A24
:106A1C0093ED014AD3ED024A06A8A5EE847AE5EE81
:106A2C00236AE6EE247AF0EE478AB0EE669AB0EE70
:106A3C00678A10F09FFE94ED017A6A46D4ED027AD3
:106A4C0006A9D4ED006A38EEC77A78EE677A03A807
:106A5C0079EE666A8DED017ACDED027ACDED006AA4
:106A6C0010F094FDD4ED006A06F62C3394ED017A07
:106A7C00D4ED027A9DED039ADDED048A9DED058A35
:106A8C0039EE269AD6F8700B78EE878A38EE278A7C
:106A9C00D3ED006A93ED017AD3ED027A39EE269AA2
:106AAC00026878EE878A38EE278A936898472844DC
:106ABC000C3580ED009AC0ED018A80ED028AD6F883
:106ACC00700B06F536640368DB689847804508F15F
:106ADC000108FFF67DAF0BB0BDEC048BBDE8F08F69
:106AEC0082F8AC3D94F88E3003EB43039B000533E6
:106AFC00DBB282F8AF3D82F8AD3D97F8A832002B9F
:106B0C007FF4DFAD072900F2BF8301A353F821F016
:106B1C00373300008D380000E73C0000BB3C000020
:106B2C00773C0000C33B0000B9310000193900006C
:106B3C00336892ED006A93F82C10D3ED005A0929B2
:106B4C0033EE655A40F28A8093ED037A5869D3ED9F
:106B5C00024AF0EE476A83ED027A93ED047A74EE02
:106B6C00A37A1861986977EEA67AC3ED014A586149
:106B7C00D86983ED037A9861186AD861586A1862EB
:106B8C00986A83ED0A6A5862032977EE877A27D0D0
:106B9C0093ED047A042977EE877A21D093ED057A68
:106BAC00052977EE877A1BD093ED067A062977EEC6
:106BBC00877A15D093ED077A072977EE877A0FD06D
:106BCC0093ED087A082977EE877A09D093ED097A44
:106BDC00092977EE877A03D093ED0A7A77EE877AD4
:106BEC0007EE101AD3ED116AF8EEC74A87EEA47AB5
:106BFC0027EE057AA6EE257A77EE667AC7EE846ADA
:106C0C00F5EEC06AF1EE10FA01D5F0EE636AD3ED41
:106C1C000F5A93ED0E6AE5EEC46AD3ED0D7A26EEAB
:106C2C00866AC3ED0C6AE6EE047AF5EEC07AC3ED23
:106C3C000D7AF1EE10FA29D4F4EEC37AF1EE10FAD3
:106C4C0005DDF7EE007AC3ED0C3A83ED0D3A77EEE5
:106C5C00277A83ED117AC6ED897A53E5481C03EB4C
:106C6C008101C0B283F82C00012881ED016AD3EDBB
:106C7C00017A77EEA37A10D093ED027A022877EEA0
:106C8C00877A0AD0014693ED037A7DE7F0EE637ABA
:106C9C00C3ED0C3AC3ED0D3AD9E70146A0E700BFAE
:106CAC000000F0C007F53043052293F8B01D83F8BF
:106CBC00AE2D002967D183F8AF2D97F8A832002BA1
:106CCC003FF4C1AD07F58043B3F8401041B343F630
:106CDC00C67200233A44104603E001339CB2A14231
:106CEC000CD930F8024F022CF7D107EB830343F693
:106CFC00483018444FF07E53C0F88430002303E032
:106D0C00013398B288420BD232F8020F1928F7D10E
:106D1C0007EB830343F6483200211A44C2F884106F
:106D2C0007F58054002107F6F81594F8E4010A469B
:106D3C0003E0CAB29042FFF486AD02F5CB73013189
:106D4C0007EB8303D3F83C3B9D42F2D1B4F884406B
:106D5C0092B2002C3FF477AD41F25A010023394432
:106D6C0004E0013398B2A042BFF46DAD31F8020FCC
:106D7C009042F6D107EB8303C94A07F5005A03F694
:106D8C0008731A6061E540F2055183F8AF2DA3F842
:106D9C00AC1D97F8A832002B94D154E507F580432D
:106DAC00B3F84000A8B143F6C67200233A4403E09E
:106DBC00013399B281420CD232F8021F0429F7D167
:106DCC0007EB830343F648324FF07E511A44C2F866
:106DDC00841007F58054002107F6A42094F8E451A0
:106DEC000A4603E0CAB2AA423FF62DAD02F5CB73B8
:106DFC00013107EB8303D3F83C3B9842F2D1B4F852
:106E0C00844092B2002C3FF41EAD41F25A01002393
:106E1C00394404E0013398B2A042BFF414AD31F808
:106E2C00020F9042F6D1A5E707F5005A42F29015F1
:106E3C009AF8BC333D445B0805F53A7004EB8303C8
:106E4C0093EDA80A974BCAF8B4330AF0F9F90AF291
:106E5C00845383ED000A9AF8BC339AF874645B0887
:106E6C00272E04EB8303D3F8A08240F2DA8142F29E
:106E7C00C83442F2C4309C223C443844214627F0AA
:106E8C00A7FF0AF58C633146DAEDF18AC3F800806E
:106E9C0023460122F3EC017A0132F4EE687AD0B287
:106EAC00F1EE10FA77FEA88A8142F3D8DAF8C043E3
:106EBC0007EB840606F5005606F58C63D3ED007AD5
:106ECC00F4EE687AF1EE10FA17D042F2644314F043
:106EDC00FF083B4408D042F2684118464FEA88024A
:106EEC00394427F075FF034603EB880306F58C66DF
:106EFC00002243F8042CC6ED008A002CDFED6A7AE0
:106F0C000DDD00231A46283201330AEB8202DBB274
:106F1C0092EDF17A9C421A4677EE877AF3DC07EE13
:106F2C00104A0AF5B163B6EE006A07F54052B8EEA6
:106F3C00C77AC7EE876AC3ED006A0AF28453D3EDB1
:106F4C00007A07F5804376EEE76AB3F84040E6EE48
:106F5C00867ACAEDEE7A92F878C054B343F6C671CD
:106F6C0000233944084604E001339EB2A64280F067
:106F7C006D8130F8026F6645F6D103F2D2234FF0E3
:106F8C007E5002EB8303C3F8840092F87B600023ED
:106F9C0003E0013398B2A0420BD231F8020FB04299
:106FAC00F7D103F2D2234FF07E5102EB8303C3F8E7
:106FBC00841007F580540020D2F874E094F8E411A2
:106FCC00024602E0C2B2914221D302F5CB730130EA
:106FDC0007EB8303D3F83C3B9D42F3D1B4F884C058
:106FEC0092B2BCF1000F12D041F25A000023384487
:106FFC0003E001339EB2B44509D930F8026F9642D2
:10700C00F7D107EB830303F60873C3F800E0002005
:10701C0094F89068024602E0C2B2B2421CD804EB6B
:10702C0082030130D3F840389D42F5D1B4F8306773
:10703C0092B28EB141F206700023384403E0013362
:10704C009DB2B54208D230F8025F9542F7D1F233C7
:10705C0004EB8303C3F8ECE13B68144A5B6993428D
:10706C0040F0A681002007F64C25024603E0C2B290
:10707C009142FFF4EAAB02F5CB73013007EB8303CB
:10708C00D3F83C3B9D42F2D1B4F8844092B2002C30
:10709C003FF4DBAB41F25A01002339440DE000BF51
:1070AC00CDCC4C3F0CB40120000000006900000066
:1070BC00013398B284427FF6C8AB31F8020F90428C
:1070CC00F6D107EB8303BC4A03F608731A60FFF78B
:1070DC00BCBB07F58043B3F8400048B343F6C67217
:1070EC0000233A44114603E001339CB2A0420CD970
:1070FC0031F8024F032CF7D107EB830343F64831E9
:10710C0019444FF07E53C1F88430002303E001335F
:10711C0099B288420CD932F8021F0029F7D107EB3B
:10712C00830343F648324FF07E511A44C2F8841060
:10713C0007F58054002107F6D42094F8E4510A4650
:10714C0003E0CAB2AA423FF67EAB02F5CB73013123
:10715C0007EB8303D3F83C3B9842F2D1B4F884405C
:10716C0092B2002C3FF46FAB41F25A010023394428
:10717C0004E0013398B284427FF665AB31F8020F1C
:10718C009042F6D1F6E507F58043B3F840000028AD
:10719C003FF459AB43F6C67200233A4404E0013382
:1071AC0099B28142BFF44FAB32F8021F1529F6D1C8
:1071BC0007EB830343F648324FF07E5107F5005A34
:1071CC001A44C2F88410FFF740BB07F58043B3F8AC
:1071DC00400000283FF437AB43F6C67200233A4414
:1071EC0004E0013399B28142BFF42DAB32F8021F97
:1071FC000029F6D1DCE707F58043B3F840000028FE
:10720C003FF421AB43F6C67200233A4404E0013349
:10721C0099B28142BFF417AB32F8021F0129F6D1A3
:10722C00C6E7721C0AEB8603D1B201298AF87414E2
:10723C00C3F8C483DAEDF18A3FF438AE42F2C834B5
:10724C003C4425E692F87AC0FFF783BA92F87B604B
:10725C009DE6B4F8844092B2002C3FF4F4AA41F2BB
:10726C005A010023394404E0013398B284427FF67A
:10727C00EAAA31F8020F9042F6D17BE5384607F5C1
:10728C00005A9847FFF7E1BA4C4D07F5805441F688
:10729C00940141F69806B7EE004ADFED494A9FED9E
:1072AC004A5A39443E4494F8BBEC05F5007CC4F8CA
:1072BC00B45ABEF1000F40F089802A68C6F820222B
:1072CC0004350436AC45F4D107F5804307F540523C
:1072DC00B3F8406092F878C00EB343F6C67500233D
:1072EC003D44284630F802EFE64540F0368103F283
:1072FC00D2234FF07E5002EB8303C3F8840092F844
:10730C007900002335F802CF844540F04F8103F219
:10731C00D2234FF07E5002EB8303C3F88400002588
:10732C00D66E94F8E4012B4603F5CB72013507EBCE
:10733C008202D2F83C2B914240F00581B4F884C013
:10734C009AB2BCF1000F0DD041F25A0500233D4416
:10735C0035F802EF964540F0098107EB830303F6FD
:10736C0008731E60002294F890C8134604EB830542
:10737C000132D5F84058A94240F0EA80B4F83057B1
:10738C009AB26DB141F206710023394431F802CF43
:10739C00944540F00481F23304EB8303C3F8EC61B1
:1073AC003B68084ADB68934200F0E78007F5005A17
:1073BC0038469847FFF749BACDCC4C3F0CB2012068
:1073CC00CDCCCC3D69000000000000003368D5ED49
:1073DC00001A93F82C2093ED001A092A74EE413A06
:1073EC0000F28780501C03EB8202C0B283F82C00A1
:1073FC000128C2ED011AD3ED017A77EE857A00F0FF
:10740C00A08093ED027A022877EE877A00F09980BB
:10741C00024693ED037A032A77EE877A27D093ED11
:10742C00047A042A77EE877A21D093ED057A052A1F
:10743C0077EE877A1BD093ED067A062A77EE877A59
:10744C0015D093ED077A072A77EE877A0FD093ED54
:10745C00087A082A77EE877A09D093ED097A092AF7
:10746C0077EE877A03D093ED0A7A77EE877A07EE78
:10747C00102AD3ED115A5FED2C2AB8EEC72A93EDE2
:10748C000F3AD3ED0D6A93ED0E6A87EE827A67EEB2
:10749C00237AE1EE817A77EEE55A85EEA47AB4EEA2
:1074AC00627AF1EE10FA48BFB0EE457AA3EE647A38
:1074BC0027EE066A83ED0C7AB0EE667AA6EE247A95
:1074CC00B4EEE27A83ED0D7AF1EE10FA32D4B4EE2A
:1074DC00C47AF1EE10FA05DDB7EE007A83ED0C5AA2
:1074EC0083ED0D4AC3ED117A77EE877AC6ED887A73
:1074FC00E6E693ED037A586993ED026AF0EE476A7B
:10750C0083ED027A93ED047A76EE057A1861986928
:10751C0077EEA67A83ED016A5861D86983ED037A18
:10752C009861186AD861586A1862986AC3ED0A1A89
:10753C00586270E7B0EE457A83ED0C5A83ED0D5A24
:10754C00D0E7024693E7EBB283427FF6EDAE09E754
:10755C00D3B263457FF60AAF22E701331FFA83FEED
:10756C00B645FFF4BFAE92F87900CAE601331FFAB4
:10757C0083FEE645FFF4ECAEF4E6002107F64C255D
:10758C000B4603F5CB72013107EB8202D2F83C2B90
:10759C00954212D0CBB28342F3D9FFF754B90133E1
:1075AC001FFA83FCAC45FFF4F1AEF9E601331FFA88
:1075BC0083FCB445FFF4A6AEB1E6B4F884009AB2ED
:1075CC0000283FF440A941F25A010023394431F814
:1075DC00024F94423FF4CEAB01339CB28442F6D3BB
:1075EC00FFF731B92DE9F04F00F5E04B82469BF8DF
:1075FC0024302DED0E8B85B0002B40F025810093AF
:10760C00009ADFEDB2DA9FEDB2BA95B2002B40F0E2
:10761C00D2809AF80830002B40F0FC80DAF8043065
:10762C0003EBC203D3ED009A93ED019A4FF0FF36B2
:10763C00B7EE00EAB0EE6DDA0024B0EE6DCA374654
:10764C00F0EE6DCAB146F0EE6DBAB04648E09AF86D
:10765C000830002B40F0BE80DAF8043003EBC40392
:10766C0093ED00AAD3ED01AA79EECA8A39EE6A8AA3
:10767C0028EE080AA8EEA80AB5EE400AF1EE10FAB8
:10768C0000F1DD80F1EEC07AF0EEE88AF4EECE8AFD
:10769C00F1EE10FA0CD5F4EEC9AAF1EE10FA3DDDBC
:1076AC00F4EEEB7AF1EE10FA38D5F0EE67BAA046AC
:1076BC00B0EEC88AB4EECE8AF1EE10FA0CD5B4EE68
:1076CC00E9AAF1EE10FA37D5F4EECC7AF1EE10FA15
:1076DC0032D5B0EE67CA27460134B4F5006F3CD002
:1076EC00A2B29542F8D09BF82430002BAFD09AF878
:1076FC000830002B78D1DAF80030514602A89B688C
:10770C009847DDED029AF0EE4BAA9DED039AB0EE90
:10771C004BAAF0EE698AB0EE498AA9E7F4EEC9AA41
:10772C00F1EE10FAC4D5F4EEEC7AF1EE10FABFD506
:10773C00F0EE67CAA146BBE7B4EEE9AAF1EE10FA87
:10774C00CADDF4EECD7AF1EE10FAC5D52646013439
:10775C00B0EE67DAB4F5006FC2D1B8F1FF3F05D0D7
:10776C0043F22403009A534423F81280B9F1FF3FEB
:10777C0005D044F22403009A534423F812907A1C47
:10778C0005D045F22403009A534423F81270731C5D
:10779C0035D046F22403009A534423F81260531C4C
:1077AC00B3F5006F009330D0009A9BF8243095B25B
:1077BC00002B3FF42EAF9AF80830ABBBDAF8003050
:1077CC002A46514602A89B689847DDED029A9DED2A
:1077DC00039A2BE7C4EB447143F6F872DAF80430E1
:1077EC0002EBC10213443BE740F2FF70DAF80030C1
:1077FC005146801A9B6882B202A8984781E7009B89
:10780C000133B3F5006F0093CED105B0BDEC0E8BF8
:10781C00BDE8F08FC2EB427043F6F872DAF8043030
:10782C0002EBC0021344FDE640F2FF72DAF80030BE
:10783C00514602A8521B9B6892B29847C5E71FF0AD
:10784C0005FFF0EE407A1FE743F22403BBF8260055
:10785C0046F2220544F224095344C0EBC036554489
:10786C00D144019345F22403760002460AEB03014E
:10787C004FEA400BB6B2002340F2FE7840F2FF7E96
:10788C008A4600954245A2EB0B0406EB020C03F171
:10789C00FF37B3FBF0F102DC019D25F81320012C1E
:1078AC0000FB1131C8BF29F813C019B1012B01DD40
:1078BC002AF81370734503F1010102F10102A4D0FF
:1078CC00009C0B4624F8021F0094DBE7FFFF7F7F30
:1078DC000000000090F8F4342DE9F04F2DED0E8BE4
:1078EC0085B0002B40F01481019300F50D79019ABD
:1078FC008346DFED9DDA9FED9DBA1FFA82FA002BCD
:10790C0040F0C3809BF80830002B40F0E980DBF896
:10791C00043003EBC203D3ED009A93ED019A4FF0C0
:10792C00FF35B7EE00EAB0EE6DDA0024B0EE6DCAAA
:10793C002E46F0EE6DCAA846F0EE6DBA2F4647E023
:10794C009BF80830002B40F0AF80DBF8043003EBE1
:10795C00C40393ED00AAD3ED01AA79EECA8A39EEDD
:10796C006A8A28EE080AA8EEA80AB5EE400AF1EEDB
:10797C0010FA00F1C880F1EEC07AF0EEE88AF4EE6D
:10798C00CE8AF1EE10FA0CD5F4EEC9AAF1EE10FA8B
:10799C003CDDF4EEEB7AF1EE10FA37D5F0EE67BA87
:1079AC002746B0EEC88AB4EECE8AF1EE10FA0CD5AA
:1079BC00B4EEE9AAF1EE10FA36D5F4EECC7AF1EE8B
:1079CC0010FA31D5B0EE67CA26460134582C3BD09C
:1079DC00A2B29245F9D09BF8F434002BB0D09BF8AE
:1079EC000830002B69D1DBF80030594602A89B689F
:1079FC009847DDED029AF0EE4BAA9DED039AB0EE9E
:107A0C004BAAF0EE698AB0EE498AAAE7F4EEC9AA4D
:107A1C00F1EE10FAC5D5F4EEEC7AF1EE10FAC0D511
:107A2C00F0EE67CAA046BCE7B4EEE9AAF1EE10FA94
:107A3C00CBDDF4EECD7AF1EE10FAC6D52546013445
:107A4C00B0EE67DA582CC3D1781C019B18BFA9F88B
:107A5C000070B8F1FF3F03F1010318BFA9F8B08023
:107A6C00711C019318BFA9F860616A1C2FD0582BA8
:107A7C00A9F8105209F102092DD0019A9BF8F4349F
:107A8C001FFA82FA002B3FF43DAF9BF8083083BB02
:107A9C00DBF800305246594602A89B689847DDED4A
:107AAC00029A9DED039A3AE7C4EB4472DBF804307A
:107ABC00D20002F52E7213444BE7DBF80030C2F112
:107ACC005702594602A89B6892B2984791E7582BE7
:107ADC0009F10209D1D105B0BDEC0E8BBDE8F08FD8
:107AEC00C2EB4272DBF80430D20002F52E72134462
:107AFC0011E7CAF15702DBF80030594602A89B681F
:107B0C0092B29847CBE71FF0A1FDF0EE407A34E734
:107B1C00B0F8F64400F50D710023C4EBC4372246CF
:107B2C004FEA440E7F00BFB2562AA2EB0E0507EBBC
:107B3C00020603F1FF3CD8BF0A80012DB3FBF4F021
:107B4C0004FB1030C8BFA1F8B06018B1012B01DDE7
:107B5C00A1F860C1572B02F1010203F10103BAD065
:107B6C00A1F810320231DFE7FFFF7F7F0000000039
:107B7C00DFED8F7A2DE9F04F2DED028B60EE278A29
:107B8C0089B007EE903A984600910446B0EE680A28
:107B9C000592B8EEE78A20F077F9F0EE407AB0EE75
:107BAC00680A68EE277AFDEEE77ACDED037A20F0CD
:107BBC0067F828EE000A0099B8F1000FADF81E1016
:107BCC00FDEEC07ACDED047A40F3C2800023039A17
:107BDC00DFF8E09100929B461F461A46CDED027AE3
:107BEC000193D51A002DB8BF6D429A422BD000F3E9
:107BFC00B18028DA0026DFF8C0A12368DB6A534580
:107C0C0040F0978004EB41014FF6FF73B1F8E4129A
:107C1C009942ADF81E100CD00136B54202D112E0DB
:107C2C00B5420EDD04EB41010136B1F8E412994284
:107C3C00F6D10020059B198009B0BDEC028BBDE884
:107C4C00F08FADF81E100137B84500F08180009B15
:107C5C0093FBF8FAAAEB0B06002EB8BF7642DA4576
:107C6C004AD01FDC48DA0025DFF850B123681B6BC3
:107C7C005B4552D104EB41014FF6FF73B1F89413FD
:107C8C009942ADF81E10D4D00135AE4202D133E08A
:107C9C00AE423FDD04EB41010135B1F8941399423A
:107CAC00F6D1C6E70025DFF818B123685B6B5B459E
:107CBC0017D104EB41014FF6FF73B1F8441499420C
:107CCC00ADF81E10B5D00135B54202D114E0AE426C
:107CDC0020DD04EB41010135B1F844149942F6D191
:107CEC00A7E70DF11E0220460135984700285BD00E
:107CFC00B542BDF81E10D8D1DDE900230398D34658
:107D0C00049D02440298009290FBF8F22844CDE9BD
:107D1C00012066E7ADF81E10EEE70DF11E022046BD
:107D2C000135984700283FD0AE42BDF81E109DD1BA
:107D3C00E2E70DF11E02204601369847A0B3B5428A
:107D4C00BDF81E107FF459AF0137B8457FF47FAFF3
:107D5C0001206FE7002623689B6A4B4519D104EB81
:107D6C0041014FF6FF73B1F834129942ADF81E1071
:107D7C003FF45FAF0136AE4203D164E7AE42BFF6CB
:107D8C0060AF04EB41010136B1F834129942F5D1E0
:107D9C004FE70DF11E0220460136984720B1AE4246
:107DAC00BDF81E10D7D14EE7BDF81E10002041E7DC
:107DBC0035FA8E3C0D090000250900003D09000034
:107DCC0055090000DFED937A2DE9F04F2DED028B74
:107DDC0060EE278A89B007EE903A984600910446E7
:107DEC00B0EE680A0592B8EEE78A20F04DF8F0EE96
:107DFC00407AB0EE680A68EE277AFDEEE77ACDEDB0
:107E0C00037A1FF03DFF28EE000A0099B8F1000F2D
:107E1C00ADF81E10FDEEC07ACDED047A40F3C880AB
:107E2C000023039ADFF8F09100929B461F461A46F6
:107E3C00CDED027A0193D51A002DB8BF6D429A424E
:107E4C002DD000F3B7802ADA0026DFF8D0A1236802
:107E5C00DB6A534540F09D8042F210034FF6FF72EF
:107E6C00194404EB410189889142ADF81E100CD0E5
:107E7C000136B54202D112E0B5420EDD194401368D
:107E8C0004EB410189889142F6D10020059B1980B1
:107E9C0009B0BDEC028BBDE8F08FADF81E100137B8
:107EAC00B84500F08580009B93FBF8FAAAEB0B0613
:107EBC00002EB8BF7642DA454ED021DC4CDA0025D4
:107ECC00DFF85CB123681B6B5B4556D142F610039F
:107EDC004FF6FF72194404EB410189889142ADF8C9
:107EEC001E10D2D00135AE4202D135E0AE4241DD9A
:107EFC001944013504EB410189889142F6D1C4E75C
:107F0C000025DFF820B123685B6B5B4519D143F288
:107F1C0010034FF6FF72194404EB4101898891421A
:107F2C00ADF81E10B1D00135B54202D114E0AE420D
:107F3C0020DD1944013504EB410189889142F6D1C9
:107F4C00A3E70DF11E0220460135984700285DD0AD
:107F5C00B542BDF81E10D6D1DDE900230398D346F7
:107F6C00049D02440298009290FBF8F22844CDE95B
:107F7C00012060E7ADF81E10EEE70DF11E02204661
:107F8C0001359847002841D0AE42BDF81E1099D15A
:107F9C00E2E70DF11E02204601369847B0B3B54218
:107FAC00BDF81E107FF453AF0137B8457FF47BAF9B
:107FBC0001206BE7002623689B6A4B451BD141F6D9
:107FCC0010034FF6FF72194404EB4101898891426A
:107FDC00ADF81E103FF459AF0136AE4203D15EE747
:107FEC00AE42BFF65AAF1944013604EB4101898801
:107FFC009142F5D149E70DF11E0220460136984712
:10800C0020B1AE42BDF81E10D5D148E7BDF81E1008
:10801C0000203BE735FA8E3CE90F0000051000000C
:10802C00211000003D1000002DE9F04FDFF8A49363
:10803C00D9F84C10D9F8543099422DED028B85B0FB
:10804C0000F01D81DFF890A309F6C82409F5D56866
:10805C00D9F85020002513444FF4327289F8A056F9
:10806C0093FBF1F001FB1033D9F8CC1A02FB03F2AD
:10807C009AF80630039102928A180192002B40F074
:10808C00CE81D9F89C76002F00F0AA81CA4D00262B
:10809C009AF80730002B00F025813B68C7485A69D5
:1080AC009AF80810824240F01B81B9755B68AB42AC
:1080BC0040F01D8197F83E30BBB197F83D3097F8F2
:1080CC003C20DBB2D2B287F83D2087F83C3097F8E1
:1080DC003D2097F83C300832083357F8222057F8E7
:1080EC00233087F83E60C7E90632B54AF96A97F83B
:1080FC00280002F5007C023932F8023F00FB03F342
:10810C0094454FEA232321F8023FF5D17F68002FD5
:10811C00BED1D9F8A436D9F89C56D90799F8A066DF
:10812C008AF807700DD4A74B002203F5846143F83D
:10813C00042C43E903220C338B42F8D10123C9F8F8
:10814C00A4364FF484620021404620F007FD002D38
:10815C0000F05581B3B29C4F08EE103A2B68D3F85F
:10816C0008B0BB4540F0B1806989EB6906FB01F2B0
:10817C00E87D02EB42021344002840F08580C9B12F
:10818C0001EB4101914A03EB010C033313F802ECB0
:10819C0013F8010C063213F8031C4FEA0E2E0002E2
:1081AC009C454FEA012122F804EC22F8020C22F83B
:1081BC00061CEAD16D68002DD0D199F8A016D9F81B
:1081CC00C82A8348002E40F09980C2F1FF024FF07C
:1081DC00FF35DDE90273C2EB4212DE513346019EDC
:1081EC00C6F8C45280FB0250D5170244C5EBE21509
:1081FC00EDB20133019A754F02EB830CBE884FF040
:10820C00000E788837F8062BB042034605FB00F0C9
:10821C0038BF334605FB06F6934238BF134605FBC1
:10822C0002F2BC4205FB03F34FEA234303F10103C3
:10823C00B6FBF3F6B0FBF3F0B2FBF3F263F01F0303
:10824C004FEA26264FEA202063F3070E4FEA22223C
:10825C0066F30F2E60F3174E62F31F6E4CF804EBAF
:10826C00CCD14B1CDBB289F8A036002B40F09680A9
:10827C00D9F85430D9F84C108B427FF4E9AE05B0E4
:10828C00BDEC028BBDE8F08F002993D001EB4101CE
:10829C00E86A4E4A194413F803CB063230F81CB086
:1082AC008B4213F802CC30F81CE013F801CC30F8F8
:1082BC001CC022F806BC22F804EC22F802CCEAD14D
:1082CC006D68002D7FF44AAF77E7284600234246BD
:1082DC0018EE101AD8476D68002D7FF43FAF6CE78D
:1082EC00384690473B685B68AB423FF4E3AE384698
:1082FC0098477F68002F7FF4CBAE0AE7C2F1FF02EC
:10830C00B023C2EB421206FB03F380FB0250D517DD
:10831C000244C5EBE215F207EDB27FF56AAFB0335C
:10832C00019A2A4F02EB830CBE884FF0000E78881E
:10833C00334637F8062B864205FB06F638BF034654
:10834C0005FB00F0934238BF134605FB02F2BC421A
:10835C0005FB03F34FEA234303F10103B6FBF3F6EA
:10836C00B0FBF3F0B2FBF3F263F01F034FEA2626E7
:10837C004FEA202063F3070E4FEA222266F30F2EFA
:10838C0060F3174E62F31F6E4CF804E9CCD14B1C12
:10839C00DBB289F8A036002B3FF46AAFD9F8543021
:1083AC000022D9F84C1089F8A0268B4229D0013331
:1083BC00C9F8543060E700BFB51600000129010070
:1083CC009E22006024B801202516000018B8012058
:1083DC008180808070B10120084C00208AF80670E2
:1083EC00D9F8A436002199F8A06613F001038AF895
:1083FC00071033D04FF48462404620F0AFFB314677
:10840C00DDE6D9F85020013292FBF3F103FB112287
:10841C00C9F8502005B0BDEC028BBDE8F08FD9F83F
:10842C009C76002FDAD00E4E3B681B69B3420BD101
:10843C00D7F80A303D72C7F812307F68002FF3D19D
:10844C0000238AF806301CE63846002198477F68DE
:10845C00002FE9D100238AF8063012E61D4662E6A9
:10846C00D92801005A4B2DE9F04FDD6E5C6F2DEDD4
:10847C00028BAC4299B0149000F0A480544BD3F80A
:10848C00D83A129301231393129B002B00F0AE8366
:10849C004F4A4FF45260136F91682344D2F8E02A8C
:1084AC0093FBF5F405FB143312F0010200FB0313EC
:1084BC0007930DD1474B03F5407143F8042C43E966
:1084CC0003220C339942F8D10123414AC2F8E03A15
:1084DC003F4BD3F8E42D12F001020ED103F6F45306
:1084EC0003F5407143F8042C43E903220C33994201
:1084FC00F8D10123364AC2F8E43D4FF44072002112
:10850C00354820F02BFB4FF440720021334820F00B
:10851C0025FB2F4BD3F8D05A002D00F00884129A6B
:10852C00DFF8B4A093B23032DFF8B4B008EE103AF2
:10853C00103390469BB208EE903A1CE028461C463D
:10854C0013F00CFB4A463946284613F007FB7EB95C
:10855C0004F5C07418EE101A28460AEB040213F046
:10856C00FDFA1E4B18EE901A28461A1913F0F6FA5B
:10857C006D68002D36D01FFA88F7DFF86090002662
:10858C002968A7F1100206EB46038C6891B20AEB3E
:10859C00C3125C454FEAC313D0D028460023A04732
:1085AC002B684A4639469C68284600235C4500F0F7
:1085BC00EB83203FA047002EDAD1BFB209F5C0797A
:1085CC000126DDE719B0BDEC028BBDE8F08F00BFD2
:1085DC0070B1012060BC012054BC012058BF0120A7
:1085EC002516000019494FF45260D1E91C3213448E
:1085FC00CA6E896893FBF2F402FB143300FB03137D
:10860C001793134B134A13F8101C13F80D0C0F91FE
:10861C0013F80F1C13F80C9C13F80B8C029113F825
:10862C000E1CA2F5C27315920E930023059116939E
:10863C000890CDE910980E9BA3F5C0730493169B7C
:10864C0008330693159B039306E000BF70B101201D
:10865C0068C2012058BF012004990B88063131F8FB
:10866C00042C31F8026C03F0100002F01004049199
:10867C00019602F400650F9902F4804B029E88402B
:10868C00B440B54044EA000802F0200403F0200096
:10869C00B440884044EA000C02F0400403F040006F
:1086AC00B440884044EA000E02F0800403F08000DD
:1086BC00B440884044EA000702F4807403F48070EC
:1086CC00B4408840204302F40074099003F4007015
:1086DC00B4408840044303F480600A9402F480643C
:1086EC008840B440044303F400608840284302F4FB
:1086FC0080550B9003F48050B54002F4005688402E
:10870C0022F4FF422843029D22F07F02AE4003F484
:10871C0000558D4046EA0509029E03F4804523F47A
:10872C00FF43B2400BFA06FB23F07F03019E8D4002
:10873C00CDF830908B4006F0100A059906F0200910
:10874C004BEA050B099D0AFA01FA09FA01F91343E0
:10875C00039A48EA0A0A06F040084CEA090906F4AA
:10876C00807C08FA01F812880CFA01FC4EEA080821
:10877C0006F0800E45EA0C0C0A9D0EFA01FE47EA43
:10878C000E0E06F400778F402F43354606F48066B4
:10879C0005F400658E408D4026430B9C2543019CBF
:1087AC0004F480548C4020430C9C0990019800F4F4
:1087BC000050884001992043059C0A9001F48040A8
:1087CC0021F4FF41A04021F07F014BEA0000A140C1
:1087DC00089C019043EA010B02F01001039BA1409D
:1087EC005B884AEA010A02F020010998A14049EA93
:1087FC00010902F04001A14048EA010802F08001A1
:10880C00A1404EEA010E02F48071A1404CEA010C29
:10881C0002F40071A1400F4302F48061A1400E43A9
:10882C0002F40061A1400D4302F48051A1400843C1
:10883C0002F400510B90A14020460A9C2143019C5C
:10884C000C9102F4804122F4FF42814022F07F021D
:10885C002143109C824003984BEA020B063030F8FF
:10886C00022C039003F01000A0404AEA000003F031
:10887C00200A0AFA04FA49EA0A0A03F0400909FA3A
:10888C0004F948EA090903F0800808FA04F84EEAEA
:10889C00080803F4807E0EFA04FE4CEA0E0E03F474
:1088AC00007C0CFA04FC47EA0C07019703F4806780
:1088BC00A7403E43099603F40066A64045EA060726
:1088CC0003F480552646A5400B9C0A972C4335464D
:1088DC000B9403F40054B4400C9E264303F48044E0
:1088EC0023F4FF43AC400C9623F07F0341EA040CC5
:1088FC001199AB40019DCDF834C04BEA030B02F04B
:10890C0010038B401843DDE90634C0F30F1024F834
:10891C00130002F020030A988B404AEA030A02F083
:10892C0040038B40CAF34F1A49EA030902F0800353
:10893C008B40C9F38F1948EA030C02F480738B4007
:10894C00CCF3CF1C4EEA030702F4007302F4804E02
:10895C008B40C7F30F2745EA030602F48063099D99
:10896C008B40C6F34F261D4302F400638B40C5F3C6
:10897C008F2540EA030402F480500B46C4F3CF2445
:10898C00884002F4005122F4FF4201940EFA03FED7
:10899C000B9C994022F07F02204302FA03F3C0F3B0
:1089AC000F380C984BEA030301430D98C3F3CF33F4
:1089BC0040EA0E0EC1F34F31DDE90604CEF38F32DF
:1089CC0004EB400EAEF818A1AEF83092AEF848C3E6
:1089DC00019CAEF86074AEF87865AEF89056AEF8BF
:1089EC00A847AEF8C088AEF8D819AEF8F02AAEF8A1
:1089FC00083C431C049906930E9B99427FF42CAEC1
:108A0C00169B159A403302F5C072802B1693159263
:108A1C0001F5C0720E927FF40EAEB649079B129A06
:108A2C00C3F81021179ACB8BA2F816318B8BA2F8B6
:108A3C0014314B8CA2F82E320B8CA2F82C32CB8C2E
:108A4C00A2F846338B8CA2F844334B8DA2F85E34DB
:108A5C000B8DA2F85C34CB8DA2F876358B8DA2F8F9
:108A6C0074354B8EA2F88E360B8EA2F88C36CB8ECC
:108A7C00A2F8A6378B8EA2F8A4374B8FA2F8BE387B
:108A8C000B8FA2F8BC38CB8FA2F8D6398B8FA2F8FB
:108A9C00D439B1F84230A2F8EE3AB1F84030A2F82D
:108AAC00EC3AB1F84630A2F8063CB1F84430A2F8E2
:108ABC00043CB1F84A30A2F81E3DB1F84830A2F897
:108ACC001C3D134622F01F0203F55263BFF34F8F78
:108ADC004FF0E021C1F8682F20329342FAD8BFF34F
:108AEC004F8FBFF36F8F834B5C6FDD6EAC4200F02A
:108AFC00D98001347F4B5C677E4AD2F8D83A013377
:108B0C000F2B129300F2C880C2F8D83A794B5B78DD
:108B1C00002B46D0784E794A33685B08A2FB0323BE
:108B2C00774ADB0BDB01A2FB03237289DB090133E0
:108B3C009A4200F2EF80734B4FF452666D4F53F82C
:108B4C00080C13F8042C4FF48073396F9340B0F871
:108B5C00882103F4706392B222EA0302A0F8882100
:108B6C00BA6806FB01224FF48A76B96F02EB060C49
:108B7C00FF6DC1F800C03A608A8B5E4F22F0800214
:108B8C00CE601204120C8A838A8B92B242F02002BD
:108B9C008A83B0F8882192B21343A0F8883100235D
:108BAC007B70A5423FF40EAD139B0133DBB2062B59
:108BBC0013937FF469AC149B002B40F0B3804E4EA2
:108BCC004E4A33685B08A2FB03234D4ADB0BDB01E7
:108BDC00A2FB03237289DB0901339A4200F2C6809F
:108BEC00149B1393129B002B7FF452AC424E737B5D
:108BFC00002B40F09F803F4BD3F8D07A002F3DD014
:108C0C00414D0024337B002B57D03B683F485A69B9
:108C1C00B17A82424FD1B9755B68AB4251D197F8AA
:108C2C003E30BBB197F83D3097F83C20DBB2D2B266
:108C3C0087F83D2087F83C3097F83D30083357F8DB
:108C4C002330FB6197F83C30083357F8233087F812
:108C5C003E40BB612E4AF96A97F8280002F5007C69
:108C6C00023932F8023F00FB03F394454FEA232309
:108C7C0021F8023FF5D17F68002FC3D11D4B002492
:108C8C0093F8D43A347313BB1A4BD3F8D82A5C6FCD
:108C9C00DD6E1292FFF7FCBB0023164A1293C2F84A
:108CAC00D83A33E719461B6F013393FBF4F204FBFC
:108CBC0012330B6720E7384690473B685B68AB4242
:108CCC00ADD0384698477F68002F9BD1D6E7094A2C
:108CDC0092F8DC3A1546C3F1FF039361FBF7D4FF1E
:108CEC00D5F8D82A85F8D44A12926C6FED6EFFF73E
:108CFC00CFBB00BF70B10120084C00200180008068
:108D0C000980000868C20120B51600000129010085
:108D1C009E220060013A90B27081FCF775FA012333
:108D2C00337308E70023CDE91333FFF7ADBB079B83
:108D3C00179366E4194BD3F8D04A14B3129F184D0D
:108D4C0023681B69AB420AD1D4F80A302772C4F8E5
:108D5C0012306468002CF3D1002373734BE7204668
:108D6C00002198476468002CEAD1F5E7013A90B2EB
:108D7C007081FCF749FA01233373149B1393FFF7AB
:108D8C0083BB129B737379E712F0E8FE002E7FF41D
:108D9C00EFAB203F09F5C079BFB211E470B10120EF
:108DAC00D92801002DE9F04FB34D87B0D5F8D04A42
:108DBC00002C00F0C58023461A465B68002BFBD1C3
:108DCC00AE4B5360AE4F00264FF00109DFF8D48252
:108DDC0023681B68BB4240F0AC8084F83C60C4F84C
:108DEC00308084F83D9084F83E60D4E90823A26179
:108DFC00E3616468002CEBD1A24C0023DFF8A8825D
:108E0C00A14AA146B8F804006A60C5E91C3394F87D
:108E1C009030EB669D4BC5F88430FCF7F5F90120DA
:108E2C00FFF720FB9A4A9B4B3820516841F40031E4
:108E3C0051601521C3F87003C3F88011566846F0D1
:108E4C0001065660C3F82C03C3F83C11566846F46F
:108E5C0080665660C3F85403C3F86411566846F034
:108E6C0002065660C3F83003C3F84011566846F446
:108E7C0000665660C3F85803C3F86811566846F08C
:108E8C0004065660C3F83403C3F84411566846F020
:108E9C0008065660804EC3F83803C3F84811D6F85C
:108EAC0004C07E4A4CF0100C0192FF22C6F804C09C
:108EBC00C3F814025962D6F804C04CF0200CC6F862
:108ECC0004C0764EC3F81802B6469962C3F87023F4
:108EDC00C3F82C23C3F85423C3F83023C3F8582306
:108EEC00C3F83423C3F83823C3F81422C3F8182268
:108EFC0066686FF0120106F11303891B06F1290C49
:108F0C0001E063450ED0C81813F8012F072AF8D1D9
:108F1C00D6E90021304413680B43136090F82A30D3
:108F2C00FF2B12D15E4B734501F0ED835EF8044FBD
:108F3C00DEE7204698476468002C7FF449AF5BE776
:108F4C004E4B1C46C5F8D03A3CE703934B46A14622
:108F5C001C46D9F800B04846C5F814B01CF0C2FF46
:108F6C00D9F804E06FF012007646A0EB0E000EF17B
:108F7C0013030EF1290C01E063450CD0C11813F852
:108F8C00012F072AF8D18E44424B9EF84020C3F89B
:108F9C008021D9F8046006F113016FF0120306F179
:108FAC0029029B1B084601E0904215D003EB000EF2
:108FBC0010F801CFBCF10A0FF6D1B644354B9EF830
:108FCC004020C3F83C216FF01203D9F804609B1BBE
:108FDC0006F1130106F12902084601E0824215D080
:108FEC0003EB000E10F801CFBCF1060FF6D1B6441E
:108FFC00284B9EF84020C3F864216FF01203D9F877
:10900C0004609B1B06F1130106F12902084601E0DE
:10901C00904215D003EB000E10F801CFBCF10C0FF1
:10902C00F6D1B6441B4B9EF84020C3F840216FF09C
:10903C001203D9F804609B1B06F1130106F12902F7
:10904C00084601E0824215D003EB000E10F801CF68
:10905C00BCF1090FF6D1B6440E4B9EF84020C3F874
:10906C0068216FF01203D9F804609B1B06F1130101
:10907C0006F1290208461BE070B10120B8C201209C
:10908C00E515000068C20120554F00000D160000C8
:10909C000040004200801F4000C00042381E0020EB
:1090AC00401E0020281E0020084C002082421DD0AB
:1090BC0003EB000E10F801CFBCF10B0FF6D1B64448
:1090CC00C34B9EF84020C3F844216FF01203D9F82B
:1090DC00046006F113019B1B06F1290203EB010C42
:1090EC0011F8010F0D2807D08A420DD003EB010CAB
:1090FC0011F8010F0D28F7D1B444B54B9CF8402062
:10910C00C3F84821D9F804606FF012010520D6E9A4
:10911C000026136833431360D9F804E0CBF8080039
:10912C00A1EB0E01F4460EF113030EF1290602E039
:10913C009E4200F0DD85C81813F8012F0A2AF7D1DA
:10914C00DEE90021704413680B43136090F82A6029
:10915C00D9F804C00CF113016FF012030CF12902C1
:10916C00A3EB0C03084602E0824200F0C48503EB3B
:10917C00000A10F801EFBEF1060FF5D1DCE9001082
:10918C00E2446FF012030A6802430A609AF82A203C
:10919C00D9F804C0B2421146A3EB0C0338BF3146D8
:1091AC009642029128BF16460CF113010CF12902CC
:1091BC00084602E0824200F0A28503EB000A10F898
:1091CC0001EFBEF10C0FF5D1DCE90010E2446FF0B9
:1091DC0012030A6802430A6002999AF82A20D9F805
:1091EC0004C09142A3EB0C0338BF11469642029186
:1091FC0028BF16460CF113010CF12902084602E0B7
:10920C00824200F0808503EB000A10F801EFBEF1FA
:10921C00090FF5D1DCE90010E2446FF012030A6883
:10922C0002430A6002999AF82A20D9F804C09142A4
:10923C00A3EB0C0338BF11469642029128BF164689
:10924C000CF113010CF12902084602E0904200F0E7
:10925C005E8503EB000A10F801EFBEF10B0FF5D1A0
:10926C00DCE90010E2446FF012030A6802430A6062
:10927C009AF82AE0029A7645D9F804C028BF7646B7
:10928C009645A3EB0C030CF1130138BF96460CF179
:10929C00290202E08A4200F03E8503EB010A11F834
:1092AC00010F0D28F6D1DCE90021E24413680B43D1
:1092BC0013609AF82A309E4228BF1E46734538BF69
:1092CC00734606F1080E9E45B8BF9E465FFA8EF3B4
:1092DC001A46029306F10F039342C0F28A86039951
:1092EC008A422CBF002301238E4288BF43F0010326
:1092FC00002B00F07E86D9F804A06FF01201D44642
:10930C00A1EB0A010AF113030AF1290E02E07345DD
:10931C0000F01C85C81813F8012F062AF7D1DAE9DA
:10932C000021504413680B43136090F82A30D9F88D
:10933C0004C09B1B0CF113010CF1290204F8103C26
:10934C006FF012030846A3EB0C0302E0824200F01C
:10935C00008503EB000A10F801EFBEF1090FF5D1FF
:10936C00DCE90010E2446FF012030A6802430A6061
:10937C00D9F804C09AF82A00A3EB0C030CF11301E2
:10938C000CF12902801B04F80F0C084602E0824203
:10939C0000F0E28403EB000A10F801EFBEF10A0FB3
:1093AC00F5D1DCE90010E2446FF012030A680243C5
:1093BC000A60D9F804C09AF82A00A3EB0C030CF14C
:1093CC0013010CF12902801B04F80E0C084604E072
:1093DC0000801F40824200F0C28403EB000A10F8A8
:1093EC0001EFBEF10C0FF5D1DCE90010E2446FF097
:1093FC0012030A6802430A60D9F804C09AF82A00DA
:10940C00A3EB0C030CF113010CF12902801B04F8E3
:10941C000D0C084602E0824200F0A48403EB000A23
:10942C0010F801EFBEF10B0FF5D1DCE90010E244AE
:10943C006FF012030A6802430A60D9F804C09AF864
:10944C002A00A3EB0C030CF113010CF12902801B75
:10945C0004F80C0C084602E0824200F0868403EB10
:10946C00000A10F801EFBEF10D0FF5D1DCE9001088
:10947C00E2446FF012030A6802430A60D9F804C090
:10948C009AF82A00A3EB0C030CF113010CF129023E
:10949C00801B04F80B0C084602E0824200F0688442
:1094AC0003EB000A10F801EFBEF1060FF5D1DCE971
:1094BC000010E2446FF012030A6802430A60D9F804
:1094CC0004C09AF82A00A3EB0C030CF113010CF165
:1094DC002902801B2873084602E0824200F00684B1
:1094EC0003EB000A10F801EFBEF1090FF5D1DCE92E
:1094FC000010E2446FF012030A6802430A60D9F8C4
:10950C0004C09AF82A00A3EB0C030CF113010CF124
:10951C002902801B6873084602E0824200F02F8407
:10952C0003EB000A10F801EFBEF10A0FF5D1DCE9EC
:10953C000010E2446FF012030A6802430A60D9F883
:10954C0004C09AF82A00A3EB0C030CF113010CF1E4
:10955C002902801BA873084602E0824200F00B84AB
:10956C0003EB000A10F801EFBEF10C0FF5D1DCE9AA
:10957C000010E2446FF012030A6802430A60D9F843
:10958C0004C09AF82A00A3EB0C030CF113010CF1A4
:10959C002902801BE87302E08A4200F0EE8303EBA1
:1095AC00010E11F8010F0B28F6D1DCE90021E6447D
:1095BC0013680B4313609EF82A10029B891B039AB5
:1095CC004FF0020A9B1B3602297412021B0406F48C
:1095DC00F856D54902F4F85203F4F81304F804AC25
:1095EC003143012643F480734FF4826CCBF8003185
:1095FC00CBF88010CD49CBF804311143CC4ACBF8D1
:10960C008420CBF80831CBF88820CBF80C31CBF880
:10961C008C20CBF81031C74BCBF89020CBF8803492
:10962C0040F60C73CBF80014CBF80035DBF8303077
:10963C0043F00803CBF83030BF4BB3F8882144F823
:10964C00083C22F480621204120CA3F88821BB4A55
:10965C0056629662D8F80020F24007EE102AD8F82D
:10966C0000209FEDAD5BB8EEC77BF2409FEDAC4B9D
:10967C0027EE057BBCEEC76B07EE102AD8F800204E
:10968C00B8EEC77BF24027EE057BFCEEC76B07EE0E
:10969C00102AB3F88821B8EEC77B92B227EE047B70
:1096AC0042F04002A3F8882116EE102AA3F8C6C097
:1096BC0090B216EE902ABCEEC77B91B2A3F8CE0006
:1096CC00A3F8D61017EE102A9D4892B2A3F8DE200C
:1096DC00B3F8802192B242F48062A3F88021B3F8EF
:1096EC00802192B242F04002A3F88021B3F8882185
:1096FC0092B242F00402A3F88821B3F8E82092B2A7
:10970C0042F40072A3F8E8204FF48873A4F8923066
:10971C001CF048FB8B481CF045FB8B481CF042FBB3
:10972C0095F87C20AB6895F868E0DFF830C203F55B
:10973C008A7095F86010AB6F8CF81A208CF81AE0D0
:10974C00DFF830E28CF81A100FFA82FC186001F086
:10975C001F01C3F810E04FF0040EDE83DE71DE82D1
:10976C009E714FF48A76A3F804A0784A7848C3E92E
:10977C0002E64FF6F8769E8210269E61002342F890
:10978C002C30744B42F82C3020F01F0384F89410CA
:10979C00411CBFF34F8F4FF0E022C2F8683F2033DB
:1097AC009942FAD8BFF34F8FBFF36F8F00216B6EC6
:1097BC00B0F1804F18609980D971C0F047829A68D7
:1097CC00002A00F04382644AD960998299711A6127
:1097DC0000229A61DA8B110400F1D4820C22DA8314
:1097EC00DA82A96F4FF0000E95F868308A8B1B0255
:1097FC00E86D92B2B4F892C003F4F853DFF878B184
:10980C0022F4FC52134343F020038B8353496B69BE
:10981C000A6803F5007342F080020A60AA68D9F85E
:10982C0004606FF00F0902604FEA1C120361CCF563
:10983C008C73C283C360C282838BC0F818909BB2B6
:10984C0043F008038383042383808382022395F8E7
:10985C006020C37183710FFA82FC414B02F1100A34
:10986C008360F37C394E03F07F0346F82CE043F021
:10987C000043DFF808E146F82C3002F01F0C868B11
:10988C00384BB6B246F00206868303EB5210012623
:10989C00800006FA0CFC344E46F82AB0C0F800C022
:1098AC00602002F80E0095F87C2002F80E904FF024
:1098BC00010995F87C20DFF8C8E003EB521302F0A5
:1098CC001F0002F1100C9B0009FA00F046F82CE086
:1098DC00186095F86830CB76CA76286FFBF7A2F93A
:1098EC0014F8043C54F8086C09FA03F31F49B6F851
:1098FC0088011B021E4A80B203F470630343A6F86E
:10990C008831D8F8003023FA09F3A1FB0303DB0BF1
:10991C00DB0137E0AFF30080F9978B952411E23E21
:10992C0048AFBC9AF2D77A3E020083000100C30D07
:10993C00020080000022000100803E4000801F4099
:10994C00E8B10120D4B10120CCB1012000C00E40FF
:10995C00FCC201206E0000801B800E4000800E4077
:10996C0010C0FF7F40380038005400200180008078
:10997C0009800008D6803E40DD1D000000E400E0B8
:10998C0019160000A2FB0303DB094B44EF2B40F23A
:10999C007981D8F8000020FA09F0A1FB0010C00B67
:1099AC00C001A2FB0020C00948440123A8F80A000A
:1099BC0088F80C30FBF728FC94F88E30002BFBD188
:1099CC00012384F88E3094F88E30002BFBD194F860
:1099DC008C30B4F85A20002B00F04181B4F85C3084
:1099EC0003FB02F2D4E91C1002EB42021FF0A8FEAA
:1099FC00D5F89C66002E00F0418133461A465B6810
:109A0C00002BFBD1C84B53604FF000094FF0010BFA
:109A1C00DFF834A333681B68BB4244D1736A86F801
:109A2C003C90F361336A86F83DB0C6F830A086F8F6
:109A3C003E90B3617668002EECD194F895300120FD
:109A4C004FF0FF0AEB640023C5E91433B74BAB6549
:109A5C00FEF7EAFA94F89CC0B54CDDF804E0A14698
:109A6C00D9F804706FF0120107F11303C91B07F149
:109A7C00290601E09E421CD0C81813F8012F62453C
:109A8C00F8D1D7E90021384413680B43136090F8E0
:109A9C002A30FF2B84F8C4301AD1A64B9E450DD02A
:109AAC005EF8049FDCE7304698477668002EB1D10B
:109ABC00C3E7A04B84F8C4A09E45F1D100239E4976
:109ACC009E48C4F8C0301CF041FAD4F8C0909FE115
:109ADC00D9F804C06FF0120194F8A070A1EB0C013E
:109AEC0066460CF113030CF1290EC4F8C09002E089
:109AFC009E4500F06C82C81813F8012FBA42F7D1BA
:109B0C00DCE90021604413680B43136090F82AC011
:109B1C00D9F804606FF0120194F8A47006F11303E5
:109B2C0006F1290E891B84F8C5C002E09E4500F0A1
:109B3C003681C81813F8012FBA42F7D1D6E90021A3
:109B4C003044BCF1FF0F136843EA0103136090F833
:109B5C002A3084F8C63000F02881FF2B00F05F8299
:109B6C00D4F8A8104A1C40F094820123FE20D9F8A6
:109B7C0000B002221F460190012B99F80C000CBF7B
:109B8C000426032610EA070300F0FA820123104290
:109B9C0000F0F78201335200DBB2D2B29E42F6DC07
:109BAC00FF2384F8C83099F80D2012F0010000F062
:109BBC00C98212F0020600F0628412F0040C00F06C
:109BCC009F8412F0080F02F0080700F0A28402969E
:109BDC00FF2684F8C960BCF1000F00F07485FF26E5
:109BEC00B64603960646039807F0FF0A5FB9BEF126
:109BFC00FF0F00F05885D9F80470FF7C774540F0D2
:109C0C0052854FF0000A002E00F0C182029F002FF7
:109C1C0000F08284BCF1000F00F05285BAF1000F05
:109C2C0000F05D85FF26B34284F8CB6000F05E85C2
:109C3C0099F80C30FF28019A02EA030289F80C20EB
:109C4C0084F8C86040F0268400F032BC0022DA6050
:109C5C009A829A7101229A60394A1A61B8E5B4F86D
:109C6C005C3003FB02F2D4E91C0102EB42021FF050
:109C7C0067FDD5F89C66002E7FF4BFAE2A4EC5F862
:109C8C009C66C1E6D8F80030D8F800205B08520872
:109C9C0007EE102A2B4A9FED226BB8EEC77B27EEFE
:109CAC00067BBCEEC77B17EE101AB3FBF1F3A2FBDD
:109CBC000313DB09013BF02B00F26782D8F800009C
:109CCC00D8F8003040085B0807EE103AB8EEC77BB6
:109CDC0027EE067BBCEEC77B17EE103AB0FBF3F019
:109CEC00A2FB0020C009013880B25EE6FF2010E420
:109CFC00FF26FFF72FBAFF200290FFF759BAFF207B
:109D0C000290FFF77BBAFF200290FFF79DBA4FF04D
:109D1C00FF0EFFF7C2BAFF23FFF7D3BAAFF30080F1
:109D2C00F9978B952411E23E78C20120194B000063
:109D3C0068C20120401E002018470020184C00204B
:109D4C001B800E40ABAAAAAA281E0020FF23FFF7F7
:109D5C00F0BAFF20FFF716BBFF20FFF734BBFF2044
:109D6C00FFF754BBFF20FFF772BBFF20FFF790BB40
:109D7C00FF20FFF7AEBBFF200BE4FF211DE4FF200B
:109D8C00FFF7E7BBDA8B02F47E4242F00C02DA8377
:109D9C00DA8A02F47E4242F00C02DA8221E5FF23D9
:109DAC009C4584F8C63040F03A81019B4FF0FF0C83
:109DBC0003F10C079E46BA465EF8049B6FF0120145
:109DCC00D9F80470C91B07F1130307F1290602E047
:109DDC009E4200F01F83C81813F8012FFF2AF7D1F9
:109DEC00D7E90021384413680B43136090F82A30EC
:109DFC00FF2B84F8C53040F05384F245DCD10023AE
:109E0C00C4F8C030BA49BB481CF0A0F8D4F8C090D4
:109E1C0048461CF067F8B84BD4F8B0209A4203D1EE
:109E2C0094F8B530002B3AD0B34BC4F8B0300023C3
:109E3C0084F8B530B14BD9F80010994200F01D816F
:109E4C00AF4B186A9A6A9B6AC0F3C140C2F34222B4
:109E5C00C3F342630133AB4D02FB0333AA4A01281F
:109E6C0018BF2A46B2FBF3F2A84B5208A3FB02031D
:109E7C00A74882424FEA535306D90130B2FBF3F2A2
:109E8C00824298BF03F1FF33012B94F8C82038BFEE
:109E9C00012302F5A07243F4706341F8223094F868
:109EAC00B430012B12D0012384F8B43094F8C930AB
:109EBC00D9F80020E03302EB8303C4F8BC3094F8EB
:109ECC00CB30A03302EB8302C4F8B820EFF310813F
:109EDC0072B698F83C30012B7CD0032B00F08982B1
:109EEC008C4B4FF0E022C8F82830032388F83C3024
:109EFC00D2F8203D43F47F03C2F8203D864B874ABD
:109F0C00D36301B962B6E022D8F8401088F8442037
:109F1C00C9B1834B83480B4408EB231383F84820C7
:109F2C0098F8493098F8481098F84A208B4228BF86
:109F3C000B46934228BF134698F84B20934228BFF8
:109F4C00134680F87A3098F84C20774C774878494B
:109F5C00B4FBF2F202EB4202D200013A1CF0D2FA4C
:109F6C00D8F8003073495B08734AA1FB0303DB0B81
:109F7C00DB01A2FB0303DB090133EF2B10D8F0212B
:109F8C006E4A0B46012088F80830D8F8403088F823
:109F9C004C1088F8070003B11A6007B0BDE8F08FC9
:109FAC00D8F800305B08A1FB0313DB0BDB01A2FB31
:109FBC000323DB090133DBB2012B194638BF012126
:109FCC00B4FBF1F404EB4404E200013ADAE74FF09D
:109FDC00FF0C9FE598F83D30002B81D0D8E90D237C
:109FEC00002B00F093825A61002A00F08C8293615E
:109FFC0076E795F888301BB12A2151480FF0E6F826
:10A00C0040F60D23ADF8143095F888301BB10221C1
:10A01C0005A80FF0DBF8D5F814B0FFF76CB9019B6D
:10A02C004FF0FF0CA14603F10C079E46BA465EF8B2
:10A03C00044B6FF012016768C91B07F1130307F19A
:10A04C00290601E09E4215D0C81813F8012FFF2AEB
:10A05C00F8D1D7E90021384413680B43136090F80A
:10A06C002A30FF2B89F8C63040F07082F245DED1E1
:10A07C004C46C4E689F8C6C0F8E7A3F53023186B44
:10A08C001A6B1B6BC0F3C110C2F30232C3F3422331
:10A09C00E0E6D9F804C06FF01200C9B2A0EB0C00D6
:10A0AC000CF113030CF1290702E09F4200F0CC8263
:10A0BC00C61813F8012F8A42F7D1DCE90021664457
:10A0CC0013680B43136096F82A30FF2B84F8C730C3
:10A0DC0000F0BD82D4F8A810D9F800B04B1C00F0E9
:10A0EC000B83FC23062203270193022344E500BFC4
:10A0FC0068460020184C0020404B4C0000C01A4011
:10A10C0000C00F4000389C1C80204B1E6BCA5F6B3C
:10A11C003F4B4C00B11D00006510010000540020A5
:10A12C0000BFF7BF00E400E040420F00484C0020A5
:10A13C00BD75000001800080098000088F86010039
:10A14C003C4600200126324389F80D2012F0010A0A
:10A15C0084F8C900D9F8047007EB000696F810E0F3
:10A16C0000F05B8112F0020600F0768112F0040C14
:10A17C0040F0D481BEF1FF0F00F0AD82D4465AE11D
:10A18C003A46104389F80C000BE5F0200DE401274A
:10A19C00174389F80D70FF2B84F8CB6000F07681A3
:10A1AC00FF2800F0A481012584F8CA5040B1024672
:10A1BC00013A6D0012F0FF02EDB2F9D184F8CA50E9
:10A1CC00012584F8CC5046B13246013A6D0012F0AC
:10A1DC00FF02EDB2F9D184F8CC5000B294F8C6204D
:10A1EC001D06DFF864C30BEB800794F8C400120261
:10A1FC0005F0E0650002013102F4F85236B200F4C9
:10A20C00F8500BEB830342EA05020BEB860640EA9F
:10A21C00050094F8C55042F001024FEA052540EACA
:10A22C000C0CC24805F4F85540EA05004FF0000547
:10A23C00C7F80051C7F880C0C6F80051C6F8802096
:10A24C0040F60172C3F80025C3F8000400F04B81FE
:10A25C0094F8C720B649120202F4F8521143B54AD9
:10A26C00C3F880244FF6FF72C3F804254FF48852CC
:10A27C00C3F88424C3F80414D9F804C001236FF084
:10A28C00120194F89C00CBF808306646A1EB0C0147
:10A29C000CF113030CF1290702E0BB4200F0F18032
:10A2AC00CD1813F8012F8242F7D1A34FAC4407EB22
:10A2BC0000109CF84020036A1A60D9F8046006F17B
:10A2CC0013036FF0120094F8A0C006F12905801B4F
:10A2DC001A4601E0AA4216D000EB020E12F8011F3A
:10A2EC006145F7D1B64407EB0C1C6FF01200DCF89B
:10A2FC0020309EF840201A60D9F80460801B06F1CB
:10A30C00130306F1290594F8A41001E0AB420CD01C
:10A31C0000EB030C13F8012F8A42F7D1664407EBCC
:10A32C00011196F840200B6A1A60D4F89C30B822C0
:10A33C0007EB03135B6A1A60D4F8A03007EB031326
:10A34C005B6A1A604EF2B802D4F8A43007EB031320
:10A35C005B6A1A60D4F8A8104B1C19D0D9F804C049
:10A36C006FF01200C9B2A0EB0C000CF113030CF14E
:10A37C00290601E09E420BD0C51813F8012F8A4222
:10A38C00F8D107EB0117AC443B6A9CF840201A60EB
:10A39C00D9F80830694A1968002900F061819142A6
:10A3AC0013D05968181D002900F0598191420CD026
:10A3BC00996803F10800002900F05181914204D002
:10A3CC00D9680C33002900F04B81012384F8B43098
:10A3DC0094F8C930D9F80020E03302EB8303C4F8B9
:10A3EC00BC3094F8CB30A03302EB8302C4F8B82015
:10A3FC000EE598F83D30002B3FF472ADD8E90D23F3
:10A40C00002B00F01B815A61002A7FF4F0ADC4F8D8
:10A41C00EC3065E584F8C5C0EFE4BEF1FF0F00F049
:10A42C004B813E7C764540F0478112F0020618D0F5
:10A43C0012F0040C72D1B2466646D44697F812A0BC
:10A44C00F24540F0488112F0080ACDF808C01AD045
:10A45C004FF0000CFFF7D7BBBEF1FF0F00F04281AD
:10A46C00564697F811C0F44540F0318112F0040CB7
:10A47C00E4D00027029702F00807FFF7B5BB0226CD
:10A48C0061E62D4F1BE7D446FFF7B7BBFF2884F8D6
:10A49C00C83007D099F80D30FF2E23F0010389F84E
:10A4AC000D3005D099F80D3023F0010389F80D30EB
:10A4BC00FF2384F8C93084F8CB3095F888301BB171
:10A4CC0031211F480EF082FE40F60D2295F888309F
:10A4DC00ADF81420002B3FF4F8AA022105A80EF0C9
:10A4EC0075FEFFF7F2BA174AC3F88024C4E699F850
:10A4FC000C30019A1A4089F80C2084F8C800D1E776
:10A50C00022004261FE6C4F8E430E9E4C4F8E02095
:10A51C006AE50320082616E6022739E6CDE9026033
:10A52C0002F008075046FFF75DBB00BF0100C301F6
:10A53C008300030022220001281E002000C30120FA
:10A54C00E446002000220001020083004B46A14695
:10A55C001C46C3F8C090D9F804E06FF0120194F8CF
:10A56C009C70A1EB0E0176460EF113030EF1290C33
:10A57C0001E09C455CD0C81813F8012FBA42F8D101
:10A58C00DEE90021704413680B43136090F82AC075
:10A59C00D9F8046006F113036FF0120094F8A0A030
:10A5AC0006F12907801B1A4684F8C4C001E09742C3
:10A5BC0041D000EB020E12F8011F5145F7D1D6E93C
:10A5CC000021B6446FF0120013680B431360D9F8E6
:10A5DC0004609EF82AE0801B06F1130306F129079C
:10A5EC0094F8A4A084F8C5E001E09F421BD0C118E8
:10A5FC0013F8012F5245F8D1D6E900203144BCF1B3
:10A60C00FF0F18BFBEF1FF0F136843EA000313607E
:10A61C0091F82A3084F8C6303FF4F4ABFF2B7FF46A
:10A62C009FAAFFF7EFBBFF2384F8C630FFF7EABB06
:10A63C004FF0FF0CAEE74FF0FF0ED1E7C4F8E82067
:10A64C00002A7FF4D4ACE2E6FF2384F8C7302F490C
:10A65C002F481BF07BFCD4F8C090FFF7D9BB034606
:10A66C001A6099F80E30002B7FF4AFAED9F80420A5
:10A67C002849137AD268103341F82320D9F80430D2
:10A68C000121254A1B7A02EB531203F01F0392009F
:10A69C0001FA03F3136089F80E10D4F8C09094E615
:10A6AC00C4F8C09057E7074608260320164389F8DC
:10A6BC000D60064638466EE5074601265046F5E71E
:10A6CC000226042764E5FF2702200426EEE707464E
:10A6DC0002260120EAE7074604260220E6E70326C5
:10A6EC00082755E5074602265046DFE7FF2884F881
:10A6FC00C8307FF4D7AEDBE60123FE2002221F46D2
:10A70C000190FFF739BA00231B68FFDEA446002036
:10A71C00184C00200054002040380038437D2DE9AF
:10A72C00F04F044687B0DFF800B3002B00F028810F
:10A73C00237D002B00F04881227C637CB749C3F158
:10A74C00FF0300274FF01F09C1F8C83A4FF03F082C
:10A75C00E36881F8DC2A01221B6881F8D42A186886
:10A76C0003689B699847E36805461B68586803684B
:10A77C009B699847E36802901B68986803689B691B
:10A78C0098470390002429E0BBF85A000CFB0033D7
:10A79C00DBF8680003EB4303C654034483F801A0C1
:10A7AC009A70C4F13F00814215DDBBF8641043463A
:10A7BC00884510DA9BF85810002944D1BBF85A1080
:10A7CC0001FB0303DBF8681003EB4303CE540B448B
:10A7DC0083F801A09A700134402C6BD039192B6886
:10A7EC00284689B21B69019198472B68024601994A
:10A7FC001B692846167898472B680246019928460B
:10A80C001B6992F801A09847BBF862102346827826
:10A81C008C42C6DABBF86400CC468145C1DA9BF8A1
:10A82C0058000028B0D002281AD00128BBF85A00D2
:10A83C003AD0BBF85CC04B460CF1FF3CACEB040CC3
:10A84C000FFA8CFCA2E7022918D0012924D0BBF8FE
:10A85C005C30BBF85A10013B1B1A40461BB2AFE7E9
:10A86C00BBF85A00BBF85CC0431E0CF1FF3C1B1B31
:10A87C00ACEB090C1BB20FFA8CFC87E7BBF85A1037
:10A88C00BBF85C3001F1FF3C013BACEB0000A3EBEF
:10A89C00080300B21BB293E7BBF85A100346481EDC
:10A8AC00A0EB080000B28BE7431EA446A3EB090300
:10A8BC001BB26BE708F1FF38403709F1FF39B8F1EB
:10A8CC001F0FBFB27FF45EAF9BF88E3003F0FF0515
:10A8DC00002BF9D10123DDE902678BF88E30ACB285
:10A8EC003368304621461B69984733680246214637
:10A8FC001B69304692F8008098473368024621461F
:10A90C0030461B6992F8019098473B682146827843
:10A91C0038461B698DF814808DF815908DF816202B
:10A92C0098473B68024621461B69384692F80090CE
:10A93C0098473B680246214638461B6992F80180CD
:10A94C009847034605A928B28DF810909B780135DD
:10A95C008DF811808DF812301AF090F904F158002E
:10A96C0004A900B21AF08AF9582DB8D19BF84E30D0
:10A97C00002BFBD101238BF84E3007B0BDE8F08FD4
:10A98C0001210BF1F002417552E8003FDBF8F43085
:10A99C00DBF8F80042E80015002DF5D1204A52688A
:10A9AC004FF47A71121A01FB03F3DBF8FC10A2FBD3
:10A9BC000121B1F57A7F94BF5B1803F57A73A3601C
:10A9CC00237D002B7FF4B8AE164A012552E8003FD8
:10A9DC00DBF8F430DBF8F80042E800510029F5D13F
:10A9EC000F494968091ADBF8FC00A1FB00104FF471
:10A9FC007A7101FB03F3884294BF1B185B18D4E9EE
:10AA0C0001100144994211D8237D002B7FF494AEA0
:10AA1C00A27CE37C2575227463748FE670B10120EF
:10AA2C00001000E058C3012068C20120012152E847
:10AA3C00003FDBF8F430DBF8F80042E80015002D9D
:10AA4C00F5D121494968091A4FF47A7000FB03F3D8
:10AA5C00DBF8FC00A1FB0010A1685B1AA17CB0F52F
:10AA6C007A7F94BF1B1803F57A73012001FB03F363
:10AA7C006168B3FBF1F3237452E8003FDBF8F43068
:10AA8C00DBF8F81042E80005002DF5D10E4A5268AB
:10AA9C00521A4FF47A71E07C01FB03F3A1685B1A44
:10AAAC00DBF8FC10A2FB01216268B1F57A7F94BF40
:10AABC005B1803F57A7300FB03F3B3FBF2F3DBB221
:10AACC00227C63743AE600BF001000E02DE9F041EF
:10AADC00B24CB34B94F8CD601F6DD3F8CC5A26B161
:10AAEC00022E40F0A280BDE8F081082024F082FA0A
:10AAFC0080461BF057F90820C4F8D48024F07AFA69
:10AB0C0080461BF04FF9D4F8C000C4F8D880A0429E
:10AB1C000BD004F58073984200F0678104F58876B9
:10AB2C00B04214BF4FF0FF36022698F804204FF0C5
:10AB3C00000C9C4B9A76D4F8B810D8F80030B1F1D0
:10AB4C00804F1960A3F804C083F807C080F0088117
:10AB5C0001219960998B89B241F0080199830021F8
:10AB6C00D96094F8CBC0BCF1030F00F209814168A5
:10AB7C00614491F810C00CF07F0C4CF0004C11B2F9
:10AB8C00DFF82CE24FF000084EF821804EF821C07F
:10AB9C00854901EB52118900002E00F0D08002F0A3
:10ABAC001F0C01261032DFF828E206FA0CF6DFF84B
:10ABBC0018C24CF822E07D4A0E60C4F824219A8B0E
:10ABCC00D4F8BC1092B2774EB1F1804F42F0020231
:10ABDC009A83D4F8D4301A79B2764FF000061B68F9
:10ABEC0019619E829E7101D3996809B901219960FE
:10ABFC00998B89B241F0080199830021996194F8ED
:10AC0C00C930032B00F2BF8041680B44197C01F062
:10AC1C007F0141F0004113B20020654A42F8230045
:10AC2C0042F82310012384F8CD30EFF3108272B672
:10AC3C00604B93F83D1051B193F83C10012900F092
:10AC4C009480032900F0A180002183F83D1002B903
:10AC5C0062B6D4F8D4604FF432700021336800FB34
:10AC6C000757C4F8D0109971002F54D0524DD97198
:10AC7C00D960AF424FF001011F60D8839980D88210
:10AC8C0099600FD927F01F033A18BFF34F8F4FF07D
:10AC9C00E021C1F8683F20339A42FAD8BFF34F8FB6
:10ACAC00BFF36F8FD4F8D810002244480B68B0F172
:10ACBC00804FDA7118619A829A7129D39A683AB3E3
:10ACCC000A680020D18B98610B0403D44FF43273C3
:10ACDC00D383D3823A4BC4F8DC300EF0CFF9D4F8DE
:10ACEC00C01094F8CA20096894F8CC30D4F8D80075
:10ACFC0013430A6B13432B4A0B630221D4F8D43051
:10AD0C000079D0761B7984F8CD10D376BDE8F0812C
:10AD1C0001229A60D4E72B499F80B1F1804FDF71FB
:10AD2C0019602AD39A6842B332680020D18BD8605C
:10AD3C000904B7D44FF43273D383D382B2E702F051
:10AD4C001F0E012602F1100C1F4A06FA0EF6DFF850
:10AD5C0084E042F82CE0154A0E60C4F820212EE75E
:10AD6C00996800297FF4F6AEF2E6D3E90D010029CB
:10AD7C0038D0486198B3816166E701229A60D3E7C5
:10AD8C00DFF848C0FBE6114945E7D3E90D0119B3DB
:10AD9C0048610028EFD1C4F8EC1055E768C20120D7
:10ADAC0070B1012000800E404038003800C30120F3
:10ADBC0000C00E40084C0020FFFF1F2094C3012050
:10ADCC00284C002014C30120005400207F00008078
:10ADDC00152A010009290100C4F8E800D9E7C4F8D4
:10ADEC00E41031E7C4F8E000C4E701269DE600BF9B
:10ADFC00F8B5244B42F2901442F2903500F5005213
:10AE0C0003F120010646044405440360C2F8901186
:10AE1C0054F8040F08B124F0F5F8AC42F8D141F61F
:10AE2C00105441F6107506F58057174B34443544D1
:10AE3C00C7F8103D54F8040F08B124F0E3F8AC4205
:10AE4C00F8D141F6940441F69425104B3444354422
:10AE5C00C7F8943854F8040F08B124F0D3F8AC4276
:10AE6C00F8D1D6F8240A08B124F0CCF8D6F8280A80
:10AE7C0008B124F0C7F8306908B124F0C3F83046A3
:10AE8C00F8BD00BFBC210020F021002004220020CE
:10AE9C001C4A836A02605BB3016990F8302001316F
:10AEAC0027D0FF2A03D0FC22197B0A401A7390F892
:10AEBC003120FF2A03D05A7B22F001025A7390F8FA
:10AECC003320FF2A03D05A7B22F001025A739B686D
:10AEDC001A68904212D05A68191D90420DD09A6887
:10AEEC0003F10801904208D0DA680C33904205D087
:10AEFC007047FF2ADBD0FE22D6E70B4600221A60F1
:10AF0C00704700BF18220020B7EE007AD0ED157AFA
:10AF1C0006490022064B77EEC77A8164826343644C
:10AF2C00C0ED157AC0ED0D7A704700BF0000B44239
:10AF3C000000C04270B5B0F8BC5F3B2D11D88DB18C
:10AF4C0005F1FF3C00F644741FFA8CFC04EB4C0436
:10AF5C0000F6427C01E0A44504D03CF802EF964593
:10AF6C00F9D170BD07EE903AF7EE006A00EB85035D
:10AF7C0005F1010EF8EEE77A05EB450403F62856C9
:10AF8C004FF0000C00EB840486EEA77A86ED000AE5
:10AF9C0003F6186604F5F16400EB4505C6ED000AEE
:10AFAC00C3F8581A03F6483103F63843C1F800C009
:10AFBC00C3F800C0A5F8442F84ED007AA0F8BCEFCC
:10AFCC0070BD00BF10B4B0F8BC4F94B100F6427223
:10AFDC00002304E001331FFA83FC644509D932F8DD
:10AFEC0002CF8C45F6D103F2D22300EB830080ED27
:10AFFC00000A5DF8044B704710B5B0F8BC4F7CB13B
:10B00C0000F6427C002304E001331FFA83FE7445F2
:10B01C0006D93CF802EF8E45F6D1184480F8082F7B
:10B02C0010BD00BF70B5B0F84455132D11D88DB1BB
:10B03C0005F1FF3C00F21C541FFA8CFC04EB4C0491
:10B04C0000F21A5C01E0A44504D03CF802EF9645EE
:10B05C00F9D170BD07EE903AF7EE006A00EB85036C
:10B06C004FF0000CF8EEE77A05EB450403F58D661E
:10B07C0005F1010E00EB840486EEA77A86ED000A3A
:10B08C0003F5976600EB450503F58363C6ED000AEF
:10B09C0043F8A01C43F850CCC3F800C0A5F81C25FD
:10B0AC0084EDA27AA0F844E570BD00BF10B4B0F8EE
:10B0BC00444584B100F21A52002304E001331FFA14
:10B0CC0083FC644507D932F802CF8C45F6D100EBEE
:10B0DC00830080EDF20A5DF8044B704790F86C2009
:10B0EC00092A00F28280D0ED187A034690ED177A87
:10B0FC00F4EEE07A70B5F1EE10FA77D593ED1A7A9A
:10B10C00002A7DD0B4EEC07AF1EE10FA7DD4D3EDE6
:10B11C00036AB4EEE60AF1EE10FA00F1F880012AA7
:10B12C004DD0D3ED056AB4EEE60AF1EE10FA00F15B
:10B13C008380022A43D0D3ED076AB4EEE60AF1EE1F
:10B14C0010FA00F1E780032A39D0D3ED096AB4EE86
:10B15C00E60AF1EE10FA00F1E080042A2FD0D3EDCC
:10B16C000B6AB4EEE60AF1EE10FA00F1D980052A6A
:10B17C0025D0D3ED0D6AB4EEE60AF1EE10FA00F12B
:10B18C00D280062A1BD0D3ED0F6AB4EEE60AF1EE9C
:10B19C0010FA00F1CB80072A11D0D3ED116AB4EE6E
:10B1AC00E60AF1EE10FA00F1C480092A07D1D3EDBA
:10B1BC00136AB4EEE60AF1EE10FA00F19E80D3EDBC
:10B1CC00197A0132F4EE407A83F86C20F1EE10FA21
:10B1DC00B4EEC70A70FE277AC3ED197AF1EE10FAB5
:10B1EC0030FE070A83ED1A0A70BD7047B4EEE07AA0
:10B1FC00F1EE10FA77FE207A93ED1A7A002A81D1BB
:10B20C0083ED030AC3ED047AD9E703EBC2010132E3
:10B21C0081ED030AC1ED047AD3ED197A83F86C2021
:10B22C00B4EE670A83ED1A0AF1EE10FA48BFF0EE9D
:10B23C00407AC3ED197A70BD4FF0010C03EBCC0EC4
:10B24C000CF101055FFA8CF47146AA420EF1140E52
:10B25C0001F10C0103C98EE8030047D9A61C03EBCE
:10B26C00CC05F6B21C359EE80300B24285E803001B
:10B27C003CD9E61C03EBCC0EF6B20EF1240EB24216
:10B28C008EE8030032D9261D03EBCC05F6B22C3523
:10B29C00B24285E8030029D9661D03EBCC0EF6B249
:10B2AC000EF1340EB2428EE803001FD9A61D03EB3B
:10B2BC00CC05F6B23C35B24285E8030016D9E61D42
:10B2CC0003EBCC0EF6B20EF1440EB2428EE8030044
:10B2DC000CD9083403EBCC05E4B24C35A24285E81A
:10B2EC00030003D903F1540484E8030003EBCC0CF2
:10B2FC008CED030ACCED047A61E703F14C0103F108
:10B30C0054044FF0080C03C984E80300EEE74FF037
:10B31C00000C93E74FF0020C90E74FF0030C8DE715
:10B32C004FF0040C8AE74FF0050C87E74FF0060C42
:10B33C0084E703F1440103F14C04082A03C984E8AF
:10B34C00030008D903F154054FF0070C94E80300EF
:10B35C00C5E90001CAE74FF0070CC7E710B59FED30
:10B36C00246A041DF0EE460A2046B0EE460AFFF7AA
:10B37C00B5FE2046B0EE060AFFF7B0FE2046B0EE52
:10B38C00080AF7EE000AFFF7A9FEF0EE460A20467F
:10B39C00B0EE0A0AFFF7A2FE20469FED160AFFF751
:10B3AC009DFE2046B2EE040AF7EE000AFFF796FE69
:10B3BC00F0EE460A20469FED100AFFF78FFE20465E
:10B3CC009FED0E0AFFF78AFE2046B2EE060AF7EE54
:10B3DC00000AFFF783FE20469FED090AF0EE460AAD
:10B3EC00FFF77CFE2046B2EE0E0ABDE8104075E673
:10B3FC000000000000001C410000244100002C4112
:10B40C000000344110B4B0F8BC4FB4B100F6427235
:10B41C00002304E001331FFA83FC64450DD932F894
:10B42C0002CF8C45F6D1B1EE400A00EB4312F1EE9F
:10B43C00600A82ED040AC2ED080A5DF8044B7047FD
:10B44C0010B4B0F8BC4FACB100F64272002304E06B
:10B45C0001331FFA83FC64450CD932F802CF8C45BA
:10B46C00F6D103F296235DF8044B50F8233093ED9C
:10B47C00000A70479FED020A5DF8044B704700BF4D
:10B48C000000000010B4B0F8BC4FACB100F6427232
:10B49C00002304E001331FFA83FC64450CD932F815
:10B4AC0002CF8C45F6D103F286335DF8044B00EBEA
:10B4BC00830090ED000A70479FED020A5DF8044B83
:10B4CC00704700BF00000000B0F8BC3F73B1013BF7
:10B4DC0000F6582100F654209BB201EB8301043096
:10B4EC00D0F8D022036888421A60F8D1704700BFA8
:10B4FC002DE9F04FDFEDAB7A80462DED048B89B052
:10B50C0091F8B870DDF858A0CDED057ACDED067A3E
:10B51C00CDED077A002F00F0F7830E4691469B463F
:10B52C009FEDA18ADFEDA18A00249FEDA19A06EB85
:10B53C008405D5ED1A7AF4EEC87AF1EE10FA1DDD19
:10B54C0033191B790C2B19D8DFE813F0980355032A
:10B55C001003CD028A024002EA0195013401C500B4
:10B56C00840050000D00A9695B464A4604A80D688A
:10B57C00CDF800A02D68A84796F8B870394601346C
:10B58C008C42D4DBDDED057A9FED887AF4EEC77A38
:10B59C00F1EE10FA40F3AD839DED067AFF27DDED59
:10B5AC00077ADFED826AB4EEE67AF1EE10FA40F338
:10B5BC009983FF229FED7D7AF4EEC77AF1EE10FAB3
:10B5CC0007DCF5EEC07AF1EE10FA40F1848300232B
:10B5DC0000E0FF23404688F8007088F8012088F8C6
:10B5EC00023009B0BDEC048BBDE8F08FA9695B4655
:10B5FC004A4604A80F68CDF800A03F68B8479DF8EC
:10B60C0010309DF81120802B9DF81210B4D9802A8F
:10B61C00B2D98029B0D906EE901A07EE903A07EE0F
:10B62C00102A95ED1A6AF8EE677A96F8B840B8EEDB
:10B63C00477AF8EE666A274667EE867A214627EE49
:10B64C00067A66EE866ACDED057A8DED067ACDED3D
:10B65C00076A94E7A9695B464A4604A80F68CDF8C7
:10B66C0000A03F68B847F7EE007A95ED1A6ADDED59
:10B67C00055A77EEC67ADDED066A9DED077A9DF8E0
:10B68C00103067EEA66A96F8B87027EE877A67EEE8
:10B69C00A57A05EE903A9DF811303946F8EE655AC8
:10B6AC00E5EE867A05EE903A9DF81230F8EE655A82
:10B6BC00CDED057AF0EE667A06EE903AE5EE867AF6
:10B6CC00F8EE666ACDED067AF0EE477AE6EE867A0B
:10B6DC00CDED077A53E7A9695B464A4604A80F6883
:10B6EC00CDF800A03F68B847F7EE007AD5ED1A6A9E
:10B6FC00B0EE004A9DED055AF0EE681A77EEE67A48
:10B70C00DDED065A9DED076A25EE052A9DF81030F1
:10B71C0065EEA52A65EEA73A96F8B87066EE274A4C
:10B72C0025EE277A07EE903A9DF8113026EE063A70
:10B73C00F8EEE77A3946E7EEC41A67EE857A77EECB
:10B74C00A77AE1EE827AA7EEA67A07EE903A9DF8F8
:10B75C001230F8EEE77A8DED057AB0EE687AA7EE46
:10B76C00C47A67EEA57A77EEA77AE7EE227AB0EE86
:10B77C00637AA7EEA67A07EE903AF8EEE77A8DEDAB
:10B78C00067AB0EE687AA7EEC47A67EE867A77EE20
:10B79C00A77AE7EE037AB0EE647AA7EEA67A8DED7F
:10B7AC00077AECE600000000CDCCCC3C00007F43D7
:10B7BC0000000043A9695B464A4604A80F68CDF80F
:10B7CC0000A03F68B847DDED057A9DF81010F4EE47
:10B7DC00C97A9DF8112007EE101A9DF81230F1EE7F
:10B7EC0010FAB8EEC77A00F1988278EEE76A38EE74
:10B7FC00C77AB0EE685A76EEA66AA6EEC75ADDEDA9
:10B80C00066A07EE102AF4EEC96AB8EEC77AF1EEB2
:10B81C0010FA40F1928236EEA64A24EE074A9DEDCC
:10B82C00077A06EE103AB4EEC97AB8EEC66AF1EEB3
:10B83C0010FA40F1778277EE074A64EE864AB7EE4B
:10B84C00006AD5ED1A5A96F8B87036EE656A394624
:10B85C0066EE866A27EE067A67EE867AE5EE846AED
:10B86C00A5EEA47AE5EE857ACDED066A8DED077A24
:10B87C00CDED057A83E6A9695B464A4604A80F68B4
:10B88C00CDF800A03F68B847B7EE006AD5ED1A5A5C
:10B89C00B0EE684ADDED056A36EE656A9DED067A16
:10B8AC00DDED077A78EEE63A9DF8103078EEC74A6F
:10B8BC0038EEE75A96F8B87027EE067A67EE867A75
:10B8CC00394666EE866A06EE103A9DF81130B8EEEF
:10B8DC00C66A38EEC66AA3EEC64AB0EE686AE4EEF3
:10B8EC00256ACDED056A06EE903A9DF81230F8EE19
:10B8FC00E66A78EEE66AA4EEE66AF0EE686AA6EE10
:10B90C00257A8DED067A07EE103AB8EEC77A38EE46
:10B91C00C77AE5EE476AE6EEA57ACDED077A2EE614
:10B92C00A9695B464A4604A80F68CDF800A03F6899
:10B93C00B8479DF810309DED054AF7EE007A07EEFA
:10B94C00103AD5ED1A6ADDED064AB8EE477ADDED10
:10B95C00075A77EEE67A9DF81130B4EE447A27EE6A
:10B96C00A45A27EEA56AF1EE10FA67EE847A48BF66
:10B97C00B0EE447AE6EE877AB0EE457ACDED057AF4
:10B98C0007EE903A9DF81230F8EE677AF4EE647A8E
:10B99C00F1EE10FA48BFF0EE647AA6EEA77A07EE45
:10B9AC00903AF8EE677AF4EE657A8DED067AF1EE60
:10B9BC0010FA48BFF0EE657AB0EE467A96F8B87099
:10B9CC003946A6EEA77A8DED077AD8E5A9695B46CC
:10B9DC004A4604A80F68CDF800A03F68B8479DF808
:10B9EC001030F7EE007A9DED054A07EE103AD5EDD2
:10B9FC001A6ADDED064AB8EE477ADDED075A77EEA6
:10BA0C00E67A9DF81130B4EE447A27EEA45A27EE6C
:10BA1C00A56AF1EE10FA67EE847A34FE077AE6EE48
:10BA2C00877AB0EE457ACDED057A07EE903A9DF81F
:10BA3C001230F8EE677AF4EE647AF1EE10FA74FED6
:10BA4C00A77AA6EEA77A07EE903AF8EE677AF4EEAC
:10BA5C00657A8DED067AF1EE10FA75FEA77AABE7F2
:10BA6C00A9695B464A4604A80F68CDF800A03F6858
:10BA7C00B8479DF810309DED054AF7EE007A05EEBB
:10BA8C00903A95ED1A7A9DF81130F8EEE55ADDED05
:10BA9C00064A77EEC77A9DED075A96F8B870C4EE51
:10BAAC00253A394624EE276A67EEA46A67EE857A52
:10BABC00A3EE876A8DED056A06EE103A9DF81230FA
:10BACC00B8EEC66AC4EE865AE7EE256ACDED066A74
:10BADC0006EE903AF8EEE66A85EE266AE7EE067A0E
:10BAEC00CDED077A4BE5A9695B464A4604A80F6879
:10BAFC00CDF800A03F68B8479DF81030F7EE007AFB
:10BB0C00D5ED1A6A07EE103A9DED054A9DF81130F5
:10BB1C0077EEE67ADDED064AB8EEC77A9DED075A68
:10BB2C0096F8B87064EE275A27EE047A394627EE59
:10BB3C00A46A67EE857AE7EE265A07EE103A9DF86E
:10BB4C001230B8EEC77A27EE247ACDED055AA6EE60
:10BB5C00876A07EE103AB8EEC77A27EE057A8DEDB4
:10BB6C00066AE6EE877ACDED077A08E5A9695B46A9
:10BB7C004A4604A80F68CDF800A03F68B8479DF866
:10BB8C001030F7EE007AD5ED1A6A04EE103ADDEDBE
:10BB9C00055A9DF8113077EEE67A9DED066AB8EEFF
:10BBAC00C44A9DED077A96F8B87065EEA74A75EE13
:10BBBC00C45A394627EE865A67EE877AE5EEA64ACE
:10BBCC0005EE903A9DF81230F8EEE55A36EE656ABD
:10BBDC00F0EE455ACDED054AE6EE865A06EE103AE1
:10BBEC00B8EEC66A37EE467ACDED065AE6EE877A9F
:10BBFC00CDED077AC3E4A9695B464A4604A80F68F1
:10BC0C00CDF800A03F68B8479DF81030F7EE007AE9
:10BC1C00D5ED1A6A07EE103A9DED054A9DF81130E4
:10BC2C0077EEE67ADDED064AB8EEC77A9DED075A57
:10BC3C0096F8B87064EE275A37EE047A394627EE38
:10BC4C00A46A67EE857AE7EE265A07EE103A9DF85D
:10BC5C001230B8EEC77A37EE247ACDED055AA6EE3F
:10BC6C00876A07EE103AB8EEC77A37EE057A8DED93
:10BC7C00066AE6EE877ACDED077A80E4A9695B4621
:10BC8C004A4604A80F68CDF800A03F68B8479DF855
:10BC9C00103095ED1A7A07EE903A9DF8113096F81F
:10BCAC00B870F8EE677A394667EE877ACDED057A8B
:10BCBC0007EE903A9DF81230F8EE677A67EE877AC5
:10BCCC00CDED067A07EE903AF8EE677A67EE877A52
:10BCDC00CDED077A53E4FCEEE77ACDED037A9DF8CF
:10BCEC000C3077E4B5EEC07AF1EE10FA0ED50022E6
:10BCFC0060E4F5EEC07AF1EE10FA29D59DED067AE6
:10BD0C000027DDED077A4CE4B0EE677ABCEEC77A1B
:10BD1C008DED037A9DF80C204CE437EEA75A25EEF6
:10BD2C00075A6CE578EEC75A38EEC66AF0EE684AE8
:10BD3C0075EEA55AE5EEC64A81E538EEE66A38EEB0
:10BD4C00C77AB0EE684A36EE066AA6EE474A66E552
:10BD5C00FCEEE77A9DED067ACDED037ADDED077A00
:10BD6C009DF80C701DE400BF30B583B0044601F2A1
:10BD7C004C51069D0095FFF7BBFB204603B030BD30
:10BD8C0010B4B0F84445B4B100F21A52002304E0E8
:10BD9C0001331FFA83FC64450DD932F802CF8C4570
:10BDAC00F6D1B1EE400A00EB4312F1EE600A82EDDF
:10BDBC00040AC2ED080A5DF8044B704710B4B0F8E1
:10BDCC004445A4B100F21A52002304E001331FFAD7
:10BDDC0083FC64450BD932F802CF8C45F6D1DE33A7
:10BDEC005DF8044B50F8233093ED000A70479FED3B
:10BDFC00020A5DF8044B70470000000010B4B0F864
:10BE0C004445ACB100F21A52002304E001331FFA8E
:10BE1C0083FC64450CD932F802CF8C45F6D103F57E
:10BE2C0097735DF8044B00EB830090ED000A7047AC
:10BE3C009FED020A5DF8044B704700BF0000000044
:10BE4C0010B5B0F844457CB100F21A5C002304E054
:10BE5C0001331FFA83FE744506D93CF802EF8E4578
:10BE6C00F6D1184480F8082510BD00BFB0F8443551
:10BE7C0073B1013B00F55E7100F55D709BB201EB97
:10BE8C0083010430D0F8F020036888421A60F8D19E
:10BE9C00704700BFD2ED006A92ED017A91ED024A33
:10BEAC00D1ED037A24EE264AD1ED093A67EE877A72
:10BEBC00D1ED076A2DE9F04134EE277A8EB037EEDA
:10BECC00237A27EE267A77EE045AFDEEE56AB8EE71
:10BEDC00E66AF4EEC65AF1EE10FA06D516EE903A72
:10BEEC00013B06EE903AB8EEE66A77EE276ABDEEB5
:10BEFC00C66AFDEEE65A16EE104AB8EEE56AF4EEA6
:10BF0C00C66AF1EE10FA06D515EE903A013B05EE35
:10BF1C00903AB8EEE56A33EE877AFDEEC66ABDEE6E
:10BF2C00C76A16EE905AF8EEC66AB4EEE67AF1EEEF
:10BF3C0010FA06D516EE103A013B06EE103AF8EE62
:10BF4C00C66ABDEEE67A631906EE904A91ED086A70
:10BF5C0017EE10CAB8EEC75AF8EEE65A06EE905A2B
:10BF6C006344F8EEE66A07EE103AB8EEC77AE7EEED
:10BF7C00465AE7EE466AA7EE465A34EE654A77EE25
:10BF8C00E67A73EEC53AB4EEE74AF1EE10FAF4EE47
:10BF9C00E37A1FDBF1EE10FAC0F20081B7EE005A23
:10BFAC004FF0000E0127F0EE632AF0EE630AF04624
:10BFBC0034EE450A764637EEC53A3B46F0EE676AF4
:10BFCC003A4633EEC55AF0EE435AF0EE404AB0EE24
:10BFDC00402A1EE0F1EE10FA40F1BE80F7EE004A66
:10BFEC004FF0010E0023B0EE442AF0EE676A77465C
:10BFFC0073EEE40AF04637EEE43A1E46B0EE440A1D
:10C00C001A4674EE644AB0EE605AF0EE435AF0EE03
:10C01C00602A9FEDBF7A5FFA8CFC8844EDB2A4EEE7
:10C02C00447A8E44E0440E44E6440F4498F8B882B7
:10C03C002E44E4B20A4446449EF8B882A7EEE77A4E
:10C04C0007EB050E96F8B8622244C6440B44324402
:10C05C008C449EF8B86223440D440C44A3EEE37A5E
:10C06C00334492F8B864B0EE001A93F8B824F0EEAA
:10C07C00081A9CF8B93236EE000AA6EE012A2B44B7
:10C08C00A6EE013AB5EEC07A93F8B932E6EE012A83
:10C09C00E6EE214AF1EE10FA2344E6EE215AA6EE22
:10C0AC00215A93F8B93476EE266A76EE200A40F1DE
:10C0BC00DB809FED986ADFED967AE0EE407AE6EE53
:10C0CC00E67AE0EEE07AF5EEC07AF1EE10FA40F1A5
:10C0DC00B480DFED906ADFED8E7AE2EE427AE3EE29
:10C0EC00437AE2EEE27AF5EEC07AF1EE10FA40F124
:10C0FC008D809FED887ADFED867AE4EEE47AE5EECA
:10C10C00E57AE5EE457AF5EEC07AF1EE10FA66D5F1
:10C11C00DFED807A76EE266A9FED7F6A4968002211
:10C12C000BAD039036EE877A0C6808AB246877EE7B
:10C13C00277A06920792089267EE867A09920A92FB
:10C14C000B920C920D9205AA0095CDED057AA047A5
:10C15C0003980EB0BDE8F081B4EEE34AF1EE10FAAC
:10C16C0040F1B980F7EE004A4FF0010E0023B0EE1B
:10C17C00442AF0EE630A774677EEE46A764673EE6D
:10C18C00E42A9846B0EE440A1A4674EE644AB0EEBD
:10C19C00625AF0EE665AB0EE663A3AE7B4EEE34A0B
:10C1AC00F7EE005AB0EE673AF1EE10FA7BDB34EEA4
:10C1BC00650A4FF0010E73EEE52A0027F0EE630AD4
:10C1CC007346F0EE676A724677EEE55AB846B0EE03
:10C1DC00625A3E46F0EE404AB0EE402A19E703EBB5
:10C1EC00430367EEA77A01EB830367EEA77A93ED1F
:10C1FC000B3AD3ED0A3A65EE835A93ED0C4AE4EE12
:10C20C00A35AE5EE045A67EEA57A83E702EB4202E5
:10C21C0067EEA77A01EB820267EEA77AD2ED0B3AB2
:10C22C0092ED0A4A23EE233A92ED0C7AA2EE043AEE
:10C23C00A2EE873A27EE837A5DE706EB460467EEBB
:10C24C00A77A01EB840467EEA77AD4ED0B3A94ED50
:10C25C000A4A66EEA36A94ED0C7AE0EE046AE0EE0C
:10C26C00876A67EEA66A36E79CF8B87227EE077AFB
:10C27C003D4427EE077A95F8B8522C4494F8B8440C
:10C28C0004EB440401EB840494ED0B1AD4ED0A1A6C
:10C29C0067EE817A94ED0C6AE4EE217AE3EE867A0D
:10C2AC0027EE276A07E773EEE50A4FF0010E34EE2E
:10C2BC00652A0027F0EE676A7346B0EE440AF04632
:10C2CC0077EEE55A3E46B0EE605A3A46F0EE424AF8
:10C2DC00F0EE602A9DE6B7EE005A4FF0000E0127F3
:10C2EC00F0EE632AF0EE630AF04677EEC56A72460A
:10C2FC0034EE452A3B46B0EE440A3E4633EEC55A70
:10C30C00F0EE665AF0EE424AB0EE663A81E600BFB5
:10C31C009A99193F0000000000000042D2ED006A1B
:10C32C0092ED017A91ED024AD1ED037A24EE264A80
:10C33C00D1ED093A67EE877AD1ED076A2DE9F04124
:10C34C0034EE277A8EB037EE237A27EE267A77EE04
:10C35C00045AFDEEE56AB8EEE66AF4EEC65AF1EE62
:10C36C0010FA06D516EE903A013B06EE903AB8EE6E
:10C37C00E66A77EE276ABDEEC66AFDEEE65A16EE61
:10C38C00104AB8EEE56AF4EEC66AF1EE10FA06D57C
:10C39C0015EE903A013B05EE903AB8EEE56A33EEB5
:10C3AC00877AFDEEC66ABDEEC76A16EE905AF8EEB5
:10C3BC00C66AB4EEE67AF1EE10FA06D516EE103A2D
:10C3CC00013B06EE103AF8EEC66ABDEEE67A63194A
:10C3DC0006EE904A91ED086A17EE10CAB8EEC75AED
:10C3EC00F8EEE65A06EE905A6344F8EEE66A07EE6B
:10C3FC00103AB8EEC77AE7EE465AE7EE466AA7EE71
:10C40C00465A34EE654A77EEE67A73EEC53AB4EEE8
:10C41C00E74AF1EE10FAF4EEE37A1FDBF1EE10FAD4
:10C42C00C0F20081B7EE005A4FF0000E0127F0EE7B
:10C43C00632AF0EE630AF04634EE450A764637EE90
:10C44C00C53A3B46F0EE676A3A4633EEC55AF0EE13
:10C45C00435AF0EE404AB0EE402A1EE0F1EE10FADC
:10C46C0040F1BE80F7EE004A4FF0010E0023B0EE13
:10C47C00442AF0EE676A774673EEE40AF04637EE2C
:10C48C00E43A1E46B0EE440A1A4674EE644AB0EE24
:10C49C00605AF0EE435AF0EE602A9FEDBF7A5FFAD5
:10C4AC008CFC8844EDB2A4EE447A8E44E0440E44F5
:10C4BC00E6440F4498F8B8822E44E4B20A44464449
:10C4CC009EF8B882A7EEE77A07EB050E96F8B862ED
:10C4DC002244C6440B4432448C449EF8B862234434
:10C4EC000D440C44A3EEE37A334492F8B864B0EEF6
:10C4FC00001A93F8B824F0EE081A9CF8B93236EE0C
:10C50C00000AA6EE012A2B44A6EE013AB5EEC07A3B
:10C51C0093F8B932E6EE012AE6EE214AF1EE10FA72
:10C52C002344E6EE215AA6EE215A93F8B93476EE5E
:10C53C00266A76EE200A40F1DB809FED986ADFEDEB
:10C54C00967AE0EE407AE6EEE67AE0EEE07AF5EE08
:10C55C00C07AF1EE10FA40F1B480DFED906ADFEDB5
:10C56C008E7AE2EE427AE3EE437AE2EEE27AF5EE8E
:10C57C00C07AF1EE10FA40F18D809FED887ADFEDF4
:10C58C00867AE4EEE47AE5EEE57AE5EE457AF5EEC8
:10C59C00C07AF1EE10FA66D5DFED807A76EE266A77
:10C5AC009FED7F6A496800220BAD039036EE877AC7
:10C5BC000C6808AB246877EE277A069207920892EB
:10C5CC0067EE867A09920A920B920C920D9205AA4A
:10C5DC000095CDED057AA04703980EB0BDE8F0812B
:10C5EC00B4EEE34AF1EE10FA40F1B980F7EE004AEE
:10C5FC004FF0010E0023B0EE442AF0EE630A7746AA
:10C60C0077EEE46A764673EEE42A9846B0EE440A76
:10C61C001A4674EE644AB0EE625AF0EE665AB0EE08
:10C62C00663A3AE7B4EEE34AF7EE005AB0EE673AF0
:10C63C00F1EE10FA7BDB34EE650A4FF0010E73EE6F
:10C64C00E52A0027F0EE630A7346F0EE676A72463D
:10C65C0077EEE55AB846B0EE625A3E46F0EE404AE6
:10C66C00B0EE402A19E703EB430367EEA77A01EB20
:10C67C00830367EEA77A93ED0B3AD3ED0A3A65EE96
:10C68C00835A93ED0C4AE4EEA35AE5EE045A67EE96
:10C69C00A57A83E702EB420267EEA77A01EB8202EE
:10C6AC0067EEA77AD2ED0B3A92ED0A4A23EE233AC3
:10C6BC0092ED0C7AA2EE043AA2EE873A27EE837A38
:10C6CC005DE706EB460467EEA77A01EB840467EEA0
:10C6DC00A77AD4ED0B3A94ED0A4A66EEA36A94ED70
:10C6EC000C7AE0EE046AE0EE876A67EEA66A36E73B
:10C6FC009CF8B87227EE077A3D4427EE077A95F836
:10C70C00B8522C4494F8B84404EB440401EB840470
:10C71C0094ED0B1AD4ED0A1A67EE817A94ED0C6A3B
:10C72C00E4EE217AE3EE867A27EE276A07E773EECA
:10C73C00E50A4FF0010E34EE652A0027F0EE676A29
:10C74C007346B0EE440AF04677EEE55A3E46B0EE3C
:10C75C00605A3A46F0EE424AF0EE602A9DE6B7EE99
:10C76C00005A4FF0000E0127F0EE632AF0EE630A38
:10C77C00F04677EEC56A724634EE452A3B46B0EE7B
:10C78C00440A3E4633EEC55AF0EE665AF0EE424A83
:10C79C00B0EE663A81E600BF9A99193F000000009E
:10C7AC0000000042806E7047012070474430704793
:10C7BC0003207047006F7047C06E70472DE9F0433F
:10C7CC000646D0F8E0000C4603682DED028B1B6882
:10C7DC0083B0984723682046DB699847002800F00F
:10C7EC00918007460025DFED548A9FED548ADFF8CF
:10C7FC00508124E0F5EEC07AF1EE10FA00F187805A
:10C80C00D6ED3F5AB3EE096AD6ED3D6AFCEEE77AF7
:10C81C0037EE657A76EEE56A17EE903A27EE067AF1
:10C82C009BB2C7EE267A77EE887AF4EEC67AF1EEF2
:10C83C0010FA72DD3F2B7DD90135AF4262D01FFA61
:10C84C0085F92368214668464A469B6898472368C1
:10C85C00494620461B699847037842781343EBD02E
:10C86C00D6ED3E7ADDED006A96ED3C6A76EEE76A2F
:10C87C009DED017A36EE676A66EEA86AC6EE867A98
:10C88C0077EE887AF4EEE87AF1EE10FAB2DD202237
:10C89C00CF213A23D6ED3F7AB3EE096AD6ED3D6A45
:10C8AC0037EE677A76EEE76A27EE067AC7EE267AD7
:10C8BC0077EE887AF4EEC67AF1EE10FA1ADCF5EE21
:10C8CC00C07AF1EE10FA26D40121FCEEE77A17EECD
:10C8DC00902A92B21F2A8CBF002101F0010100297D
:10C8EC00AAD0D843DB0803EBC20100F007030122F6
:10C8FC009A40D2B218F8013001351A43AF4208F809
:10C90C0001209CD103B0BDEC028BBDE8F0838022EA
:10C91C00C8210023BEE70022E3E7F5EEC07A3F2BE7
:10C92C008CBF00210121F1EE10FACED50022002996
:10C93C0082D0D6E71922D4E700006842000000003C
:10C94C00C056002090F84420042A00F25A81D0ED01
:10C95C000E6A034690ED0D6AF5EEC06A70B5F1EE05
:10C96C0010FA40F14F81B0EE667A002A00F0558142
:10C97C00D3ED107ADFEDCC5AF4EEE57AF1EE10FA45
:10C98C0000F1C881D3ED035AF5EEC05AF1EE10FA5E
:10C99C0000F37B82012A1BD0D3ED055AF5EEC05A69
:10C9AC00F1EE10FA00F31F82022A11D0D3ED075AD0
:10C9BC00F5EEC05AF1EE10FA00F3B282042A07D158
:10C9CC00D3ED095AF5EEC05AF1EE10FA00F33E829F
:10C9DC0093ED0F7A0132B5EEC07AD2B283F84420CF
:10C9EC00F1EE10FAF5EEC07AC8BF9FEDAF7AF1EE1A
:10C9FC0010FA01D5DFEDAC7A052A83ED0F7AC3ED81
:10CA0C00107A00F0FD80F7EE005AF4EEE56AF1EED4
:10CA1C0010FA00F10981B4EEE56AB6EE005AF1EEB7
:10CA2C0010FAF4EEC57A76FE255AF1EE10FA00F102
:10CA3C000581D3ED034AF4EEC54AF1EE10FA00F38A
:10CA4C002782012A1BD0D3ED054AF4EEC54AF1EE3C
:10CA5C0010FA00F39481022A11D0D3ED074AF4EEB8
:10CA6C00C54AF1EE10FA00F37F82042A07D1D3ED08
:10CA7C00094AF4EEC54AF1EE10FA00F3F181F6EE34
:10CA8C00005A02F1010C5FFA8CFCB4EE657A83F863
:10CA9C0044C0F1EE10FAF4EE657A35FE877AF1EEC9
:10CAAC0010FA48BFF0EE657ABCF1050F83ED0F7AF2
:10CABC00C3ED107A00F0A480F5EEC06AF1EE10FA26
:10CACC0000F1D380B5EEC06A9FED775AF7EE005AAD
:10CADC00F1EE10FAF4EEE57A36FE055AF1EE10FAA4
:10CAEC0000F1CD80D3ED034AF4EEE54AF1EE10FAF5
:10CAFC0000F3C081D3ED054AF4EEE54AF1EE10FAED
:10CB0C0000F3D680BCF1020F12D0D3ED074AF4EE3D
:10CB1C00E54AF1EE10FA00F3F181BCF1040F07D1F4
:10CB2C00D3ED094AF4EEE54AF1EE10FA00F32E8249
:10CB3C00F7EE005A0CF1010C5FFA8CF2B4EE657A48
:10CB4C0083F84420F1EE10FAF4EE657A35FE877A1C
:10CB5C00F1EE10FA48BFF0EE657A052A83ED0F7AF4
:10CB6C00C3ED107A4CD0F5EEC06AF1EE10FA07D492
:10CB7C00B5EEC06ADFED4C6AF1EE10FA76FE266A6D
:10CB8C009FED4A6AF4EEC67AF1EE10FA00F1D88005
:10CB9C00D3ED035AF4EEC65AF1EE10FA00F37B8192
:10CBAC00D3ED055AF4EEC65AF1EE10FA00F3A38158
:10CBBC00D3ED075AF4EEC65AF1EE10FA00F3C28127
:10CBCC00042A07D1D3ED095AF4EEC65AF1EE10FA45
:10CBDC0000F3E5819FED356A0132B4EE467A83F8B5
:10CBEC004420F1EE10FAF4EE467A36FE077AF1EEB6
:10CBFC0010FA48BFF0EE467A83ED0F7AC3ED107A47
:10CC0C0070BD7047B5EEC06A9FED277AF1EE10FA51
:10CC1C0036FE077A002A7FF4ABAE0021D3ED107AF2
:10CC2C0083ED047AD960D3E6B6EE005AF0EE665A7C
:10CC3C00F4EEC57AF1EE10FA7FF5FBAEB4EEC57AE0
:10CC4C0002F1010C03EBC2025FFA8CFCF1EE10FA5C
:10CC5C0082ED035AC2ED045A83F844C040F3868037
:10CC6C00B0EE457AF0EE457A1EE7F7EE005AB0EEDC
:10CC7C00665AF4EEE57AF1EE10FA7FF533AFB4EEC6
:10CC8C00E57A0CF1010203EBCC0CD2B2F1EE10FA06
:10CC9C00CCED035A8CED045A83F844206CDDB0EED5
:10CCAC00657AF0EE657A58E70000000000247449BC
:10CCBC0003F1140103F11C02BCF1020F03C982E859
:10CCCC00030040F2768102220125964603EBC20155
:10CCDC0003EBC2040C31143403C984E803000EF1D5
:10CCEC00010161450ED203EBC2020EF1020E1C32A1
:10CCFC00F44594E8030082E8030003D903F12C0403
:10CD0C00C4E9000103EBC5054FF07E5285ED045AD2
:10CD1C00EA600DE703EBC2010132C1ED035AD2B256
:10CD2C0081ED047A93ED0F7A83F84420B5EEC07A46
:10CD3C00F1EE10FA17DDB0EE657AF0EE657A5BE68F
:10CD4C00B4EEC67A03EBC201013281ED036AF1EE57
:10CD5C0010FAC1ED046A83F844200ADDB0EE467A7D
:10CD6C00F0EE467A48E7F0EE657A45E6F0EE457A65
:10CD7C009AE6F0EE467A3FE7F0EE657AEDE64FF094
:10CD8C00010C03EBCC0E0CF101055FFA8CF471462F
:10CD9C00AA420EF1140E01F10C0103C98EE8030036
:10CDAC0018D9A61C03EBCC05F6B21C359EE8030083
:10CDBC00B24285E803000DD9033403EBCC0EE4B288
:10CDCC000EF1240EA2428EE8030003D903F12C04C9
:10CDDC0084E8030003EBCC0C4FF07C51CCED045AEF
:10CDEC00CCF80C104BE64FF0010C03EBCC0E0CF115
:10CDFC0001055FFA8CF47146AA420EF1140E01F192
:10CE0C000C0103C98EE8030018D9A61C03EBCC0552
:10CE1C00F6B21C359EE80300B24285E803000DD93A
:10CE2C00033403EBCC0EE4B20EF1240EA2428EE8D6
:10CE3C00030003D903F12C0484E8030003EBCC0CAE
:10CE4C0000218CED047ACCF80C10C1E503F124011F
:10CE5C0003F12C044FF0030C03C984E80300EDE745
:10CE6C0003F1240103F12C044FF0030C03C984E8F3
:10CE7C000300AFE703F10C0103F11402002503C911
:10CE8C0082E803000122964620E74FF0000CACE745
:10CE9C004FF0000C75E74FF0000E03EBCE0C0EF1CB
:10CEAC00020603EBCE04614696420CF1140C04F11D
:10CEBC001C0401F10C015FFA8EF503C98CE8030028
:10CECC0084E803000FD20335EEB203EBCE05964295
:10CEDC0005F1240594E8030085E8030003D203F16F
:10CEEC002C0484E8030003EBCE0E3849CEED046A23
:10CEFC00CEF80C106EE64FF0010ECEE703F11C01DC
:10CF0C0003F12402BCF1030F03C982E8030058D9D2
:10CF1C0003F12C04022592E80300C4E90001F1E6B8
:10CF2C0003F11C0103F12404032A03C984E8030060
:10CF3C0041D903F12C054FF0020C94E80300C5E92C
:10CF4C0000017BE703F11C0103F12404032A03C94C
:10CF5C0084E8030037D903F12C054FF0020E94E856
:10CF6C000300C5E90001BEE703F11C0103F1240431
:10CF7C00032A03C984E8030020D903F12C054FF0E0
:10CF8C00020C94E80300C5E9000123E703F1240136
:10CF9C0003F12C02032503C982E80300B2E603F176
:10CFAC00240103F12C044FF0030E03C984E80300A1
:10CFBC0099E70125A6E64FF0020C3FE74FF0020C73
:10CFCC0008E702259EE64FF0020E8CE70024744918
:10CFDC00F8B52DED028B90F83050F0EE408A0446F7
:10CFEC00092D00F2A5806A1C00EB8503D5B2012D3A
:10CFFC0080F8305083ED010AD0ED017A00F0AB805F
:10D00C0090ED028AB4EEE78AF1EE10FA01D4B0EE9C
:10D01C00678A022D52D0D4ED037AB4EE678AF1EE12
:10D02C0010FA37FE888A032D48D0D4ED047AF4EE3A
:10D03C00487AF1EE10FA48BFB0EE678A042D3DD065
:10D04C00D4ED057AB4EE678AF1EE10FA37FE888AD1
:10D05C00052D33D0D4ED067AF4EE487AF1EE10FAC1
:10D06C0048BFB0EE678A062D28D0D4ED077AB4EE0F
:10D07C00678AF1EE10FA37FE888A072D1ED0D4EDA0
:10D08C00087AF4EE487AF1EE10FA48BFB0EE678AEF
:10D09C00082D13D0D4ED097AF4EE487AF1EE10FA9B
:10D0AC0048BFB0EE678A092D08D0D4ED0A7AF4EEA9
:10D0BC00487AF1EE10FA48BFB0EE678A256804EBA7
:10D0CC008506D6ED0A7AF4EE487AF1EE10FA02D122
:10D0DC0094F8313093B915F0FF0704F12C0306D006
:10D0EC001846BA0004F1300121F072FE034603EB3E
:10D0FC008703002243F8042C86ED0A8A002D2DDDCF
:10D10C000023DFED187A1A46013304EB8202DBB2FE
:10D11C0092ED0B7A9D4277EE877A1A46F4DC07EE95
:10D12C00105AB8EEC70ABDEC028B87EE800AF8BD28
:10D13C0000F108012422043021F04AFED4ED017ADA
:10D14C0094ED028AC4ED0A8AF4EEC87AF1EE10FA74
:10D15C003FF761AF5BE7B0EE678AAFE7DFED017ACF
:10D16C00DDE700BF000000007C30704730B583B0B5
:10D17C0004467C31069D0095FEF78CFE204603B0DC
:10D18C0030BD00BF183070475430704730B583B095
:10D19C0004465431069D0095FFF7C0F8204603B0B5
:10D1AC0030BD00BF28307047B1F804C08A79A0F8B0
:10D1BC0000C08270704700BF10B5044604302DEDDE
:10D1CC00028BB0EE408A0AF053FCF7EE007A84ED45
:10D1DC00130A9FED077A0022064B37EEC80AA263AA
:10D1EC00E36320EE070ABDEC028B84ED140A10BD3C
:10D1FC000000B4430000964238B5044614302DEDBF
:10D20C00048B0AF035FC04F12400F0EE408A0AF09D
:10D21C002FFC04F13400B0EE408A0AF029FCDFED5B
:10D22C00157ADFED156A04F23475B0EE679A9FED4E
:10D23C00136A95ED007A201DA8EEA69AF0EE678A87
:10D24C00E0EE267A37EE067AE8EE268A85ED007A4D
:10D25C00B0EE678A0AF00CFC84ED219AC4ED228AA8
:10D26C0084ED238A84ED1B0A2B68BDEC048BC4F877
:10D27C00A03038BD4260E53B0AD7A33B0AD7233B1D
:10D28C002DE9F843B0F844352DED088B002B00F058
:10D29C00E180013B00F55F77804600F55E749BB240
:10D2AC009FED6EBA00F20756054607EB8307DFEDDC
:10D2BC006CAA9FED6CAA0FE0002B00F0B5802368E0
:10D2CC0083ED008AD4F8F030043408F10C082035D2
:10D2DC00A742E36400F0BE8094ED146AF6EE006A97
:10D2EC00D8EDA37AD8EDA25A36EE677A65EEA66A27
:10D2FC00B0EEC77AF4EEC76AF1EE10FA15DC98EDD1
:10D30C00A47A77EE876AB4EEE66AF1EE10FA4DDD98
:10D31C0077EEA57AB7EE007AF4EEC77AF1EE10FA52
:10D32C0058BFF0EE477AC8EDA37AD4ED3C8A94ED61
:10D33C00509AC4ED287A77EEE87A79EE689A16F866
:10D34C00013F012B87EEA98A38EE0B8A41D0032BC3
:10D35C00B2D1D5ED037A236836EE677AB0EEC77A90
:10D36C00B4EEEA7AF1EE10FA1DD4D5ED026AB5EE00
:10D37C00005A95ED047AD5ED085A27EE877A66EEB9
:10D38C00A55A85ED057A37EE257AC5ED065A37EEA6
:10D39C00067AE7EE056A85ED077AE6EE857AC5ED45
:10D3AC00026AC5ED037AC3ED007A8BE737EEC77AD4
:10D3BC00B4EEC76AF1EE10FAB7D577EEE57AF5EE72
:10D3CC00C07AF1EE10FAD8BFDFED247AC8EDA37A5B
:10D3DC00ABE7F2EE047AD4F80090B7EE000AA8EEB0
:10D3EC00270A1AF003F9F3EE007AB0EE409A69EED0
:10D3FC00889A28EE270A1AF043FCF0EE006AF8EE41
:10D40C00007AB5EE007AE8EE267A67EEA77A67EE38
:10D41C00807A67EE877AA7EE879AC9EE897A77EEDB
:10D42C00A87AC9ED007A4DE728EE0A0A1AF02CFD0D
:10D43C00F7EE007AB6EE007A236837EEC00A20EEDB
:10D44C00070A77EEC07A29EE009AA8EEA79A83ED28
:10D45C00009A37E7BDEC088BBDE8F88300000000AC
:10D46C000AD7233CDB0F49402DE9F843B0F8BC3F09
:10D47C002DED088B002B00F0E280013B00F65C27C1
:10D48C0000F6582400F5F1659BB200F607780646C5
:10D49C009FED6DBADFED6DAA07EB83079FED6CAACC
:10D4AC000FE0002B00F0B580236883ED008AD4F8E0
:10D4BC00D03204340C352036A742C4F8EC3000F0DE
:10D4CC00BE8094ED3C6AF6EE006AD5ED017AD5ED9E
:10D4DC00005A36EE677A65EEA66AB0EEC77AF4EEBD
:10D4EC00C76AF1EE10FA15DC95ED027A77EE876AD1
:10D4FC00B4EEE66AF1EE10FA4DDD77EEA57AB7EEF2
:10D50C00007AF4EEC77AF1EE10FA58BFF0EE477AD3
:10D51C00C5ED017AD4EDB48A94EDF09AC4ED787A25
:10D52C0077EEE87A79EE689A18F8013F012B87EECE
:10D53C00A98A38EE0B8A41D0032BB2D1D6ED037AEF
:10D54C00236836EE677AB0EEC77AB4EEEA7AF1EE7B
:10D55C0010FA1DD4D6ED026AB5EE005A96ED047A97
:10D56C00D6ED085A27EE877A66EEA55A86ED057A2F
:10D57C0037EE257AC6ED065A37EE067AE7EE056ADF
:10D58C0086ED077AE6EE857AC6ED026AC6ED037A79
:10D59C00C3ED007A8BE737EEC77AB4EEC76AF1EECB
:10D5AC0010FAB7D577EEE57AF5EEC07AF1EE10FA0F
:10D5BC00D8BFDFED257AC5ED017AABE7F2EE047A40
:10D5CC00D4F80090B7EE000AA8EE270A1AF00EF86D
:10D5DC00F3EE007AB0EE409A69EE889A28EE270AAC
:10D5EC001AF04EFBF0EE006AF8EE007AB5EE007A17
:10D5FC00E8EE267A67EEA77A67EE807A67EE877A8E
:10D60C00A7EE879AC9EE897A77EEA87AC9ED007AE7
:10D61C004DE728EE0A0A1AF037FCF7EE007AB6EE60
:10D62C00007A236837EEC00A20EE070A77EEC07A3C
:10D63C0029EE009AA8EEA79A83ED009A37E7BDEC85
:10D64C00088BBDE8F88300BF000000000AD7233C1C
:10D65C00DB0F49402DE9F041B0F8BC7F2DED088B74
:10D66C00C7B3013F00F60873F2EE04AA064600F6B3
:10D67C00582400F607759FED39BA13FA87F79FED1A
:10D68C0038AA0AE0002B52D02368C3ED007AAF42CF
:10D69C0004F1040406F120061CD0D4EDB48A94EDF8
:10D6AC00F09AD4ED787A79EE689A15F8013F37EE56
:10D6BC00E87A012B87EE298A38EE0B8A0ED0032BE1
:10D6CC00E0D1F268AF42236806F1200604F10404AD
:10D6DC001A60E2D1BDEC088BBDE8F081B7EE000A10
:10D6EC00D4F80080A8EE2A0A19F080FFF3EE007A35
:10D6FC00B0EE409A69EE889A28EE270A1AF0C0FA22
:10D70C00F0EE006AF8EE007AB5EE007AE8EE267AD2
:10D71C0067EEA77A67EE807A67EE877AA7EE879A2C
:10D72C00C9EE897A77EEA87AC8ED007AAFE728EED1
:10D73C000A0A1AF0A9FBF7EE007AB6EE007A236813
:10D74C0037EEC00A20EE070A77EEC07A29EE009A6F
:10D75C00A8EEA79A83ED009A99E700BF000000009D
:10D76C00DB0F49402DE9F041B0F844752DED088BE5
:10D77C00C7B3013F00F5A163F2EE04AA064600F51B
:10D78C005E7400F207559FED39BA13FA87F79FEDD7
:10D79C0038AA0AE0002B52D02368C3ED007AAF42BE
:10D7AC0004F1040406F120061CD0D4ED3C8A94ED5F
:10D7BC00509AD4ED287A79EE689A15F8013F37EE35
:10D7CC00E87A012B87EE298A38EE0B8A0ED0032BD0
:10D7DC00E0D1F268AF42236806F1200604F104049C
:10D7EC001A60E2D1BDEC088BBDE8F081B7EE000AFF
:10D7FC00D4F80080A8EE2A0A19F0F8FEF3EE007AAD
:10D80C00B0EE409A69EE889A28EE270A1AF038FA98
:10D81C00F0EE006AF8EE007AB5EE007AE8EE267AC1
:10D82C0067EEA77A67EE807A67EE877AA7EE879A1B
:10D83C00C9EE897A77EEA87AC8ED007AAFE728EEC0
:10D84C000A0A1AF021FBF7EE007AB6EE007A23688A
:10D85C0037EEC00A20EE070A77EEC07A29EE009A5E
:10D86C00A8EEA79A83ED009A99E700BF000000008C
:10D87C00DB0F4940D1ED857A9FED8D7AF0EEE76AAA
:10D88C00F0B5F4EEC76A0C460546F1EE10FA2DED34
:10D89C00088B8FB040F1DF80D2ED007AD1ED836A36
:10D8AC0092ED018A91ED847A77EEE67A38EE478A2A
:10D8BC0094ED817AF1EE476AF4EEE76AF1EE10FA34
:10D8CC0004DCB4EEE77AF1EE10FA07D500232B80D6
:10D8DC00AB7028460FB0BDEC088BF0BDD4ED828A3E
:10D8EC00B1EE689AB4EEC89AF1EE10FAEEDCF4EEF2
:10D8FC00C88AF1EE10FAE9D494F82C3237EE275A94
:10D90C00F6EE00AADFED6B9A5A1E05EE903A37EE52
:10D91C00074A9FED690A06EE102AF8EE655AD4F80C
:10D92C002472B8EEC66A94EDFDBAC7EE254A94EDA2
:10D93C00FEAAB0EE467A3AEE4BAA96EE2A7A65EE3D
:10D94C00075A85EE847A37EE067ABCEEC77A8DEDEF
:10D95C00037A9DF80C309A1C06EE103A9E0007EEE6
:10D96C00102AF8EEC65AB0EE666AB8EEC77AA4EE84
:10D97C00A56AE4EE876A77EEC67A76EEC66A87EE1B
:10D98C00A67A37EE297A27EE000A1AF07DFABB192F
:10D99C00F6EE085A93ED027AB7EE006AD3ED007AF0
:10D9AC0037EE4B7A77EECB7A36EE400A67EE256A85
:10D9BC0027EEA57A20EE2A0AC6EE8A7AC7EE0A6A04
:10D9CC0076EE405A77EEA97A67EE807A36EEA97A2F
:10D9DC00E7EE257A28EEA77A27EE2A7AB4EEC87AF3
:10D9EC00F1EE10FA7FF772AFDFED316AA9EE267A0D
:10D9FC00B4EEC87AF1EE10FA7FF568AFB1EE488A52
:10DA0C00D4F8F01377EE867A0BAB0A6804A888EE8C
:10DA1C00287A166805AA009308ABCDED069ACDEDD1
:10DA2C00079ACDED089ACDED099ACDED0A9ACDED78
:10DA3C000B9ACDED0C9ACDED0D9A37EE067A77EE6A
:10DA4C00C77ACDED057AB04704F5067204A92846CD
:10DA5C0009F076FF3DE79FED197AD1ED839A67EED9
:10DA6C00878A91ED84AA92ED009A92ED018AB0EE2C
:10DA7C00680A1AF009FAF0EE407A38EE4A8AB0EEEB
:10DA8C00680AF0EE678A1AF0FBF839EE699A60EED4
:10DA9C00487A28EE287AE9EE287AA9EE007A79EE0F
:10DAAC00A77A3AEE078A77EEE97A38EE4A8AFFE6E9
:10DABC00CDCCCC3D00000000DB0F494035FA8E3C4C
:10DACC00D1ED857A9FED9C7AF0EEE76AF0B5F4EE35
:10DADC00C76A0C460646F1EE10FA2DED068B8FB098
:10DAEC0040F1FC80D2ED007AD1ED836A92ED018A8F
:10DAFC0091ED847A77EEE67A38EE478AD4ED816A36
:10DB0C00B1EE667AB4EEE77AF1EE10FA05DDF4EEDA
:10DB1C00E76AF1EE10FA00F1AC80D4ED828AB1EE36
:10DB2C00686AB4EEC86AF1EE10FA05DDF4EEC88A44
:10DB3C00F1EE10FA00F19D8094F8243476EEA75A99
:10DB4C009FED7E5A36EEA64A06EE103A94F827243C
:10DB5C00B8EE466A75EE463AC6EE864A65EEA35AAC
:10DB6C00C5EE846A76EE866AFCEEE66ACDED036A53
:10DB7C009DF80C30591C06EE103A06EE901AF8EE91
:10DB8C00C65AB0EE476AF8EEE66AA4EEA56AA4EEB1
:10DB9C00A67A77EEC67A37EE467A87EE870ADFEDFD
:10DBAC00687A30EE050A002A6BD120EE270A9D0018
:10DBBC001AF06AF9B7EE007AF6EE007AD4F8207211
:10DBCC0037EE400A7B1993ED016A60EE277AD3EDAC
:10DBDC00006A94F8253437EE677A67EE867AE6EEBB
:10DBEC00877AB0EE087A67EE877A002B69D0B0EEB0
:10DBFC00C88ADFED526AB7EE006A76EEE86A38EE54
:10DC0C00688AB1EE488A88EE267A37EE067A94F85E
:10DC1C0026341BB1F7EE006A36EEC77AB4EEE77A1B
:10DC2C00F1EE10FA25D8F7EE006AD4F87814002338
:10DC3C0004A80A6876EEE77A156805AA069377EECB
:10DC4C00C77A0793089309930A930B930C930D933C
:10DC5C000BABCDED057A009308ABA847304604F525
:10DC6C00067204A909F06CFE30460FB0BDEC068BB1
:10DC7C00F0BD002330463380B3700FB0BDEC068B83
:10DC8C00F0BD20EE270A04EB83051AF0FDF8B7EE81
:10DC9C00007AF6EE007A95ED8A6AD5ED896A37EE50
:10DCAC00400A94F8253460EE277A37EE677A67EEEF
:10DCBC00867AE6EE877AB0EE087A67EE877A002BE2
:10DCCC0095D138EE888A78EEA88AF7EE006AB1EE24
:10DCDC00488A88EE287A37EE267A98E79FED197AEB
:10DCEC00D1ED839A67EE878A91ED84AA92ED009A22
:10DCFC0092ED018AB0EE680A1AF0C6F8F0EE407A9E
:10DD0C0038EE4A8AB0EE680AF0EE678A19F0B8FF6E
:10DD1C0039EE699A60EE487A28EE287AE9EE287A8C
:10DD2C00A9EE007A79EEA77A3AEE078A77EEE97ACD
:10DD3C0038EE4A8AE2E600BFCDCCCC3D00000000B4
:10DD4C00DB0F494035FA8E3C10B5044621F05AF9E8
:10DD5C00204610BD10B5044621F054F9204610BDE4
:10DD6C0010B5044621F04EF9204610BD10B50446FE
:10DD7C0021F048F9204610BD10B5044621F042F9B7
:10DD8C00204610BD10B5044621F03CF9204610BDCC
:10DD9C0010B5044621F036F9204610BD10B50446E6
:10DDAC0021F030F9204610BD10B5044621F02AF9B7
:10DDBC00204610BD70B5094B0646044600F50075AB
:10DDCC00036054F8040F08B121F01CF9AC42F8D1EF
:10DDDC00304621F017F9304670BD00BFF02100200D
:10DDEC0010B5044621F00EF9204610BD10B50446BE
:10DDFC0021F008F9204610BD70B5094B06460446C3
:10DE0C0000F50075036054F8040F08B121F0FAF81E
:10DE1C00AC42F8D1304621F0F5F8304670BD00BF69
:10DE2C00DC21002010B50446C06A08B121F0EAF8E4
:10DE3C00206B08B121F0E6F8204621F0E3F82046EB
:10DE4C0010BD00BF70B5094B0646044600F50075C1
:10DE5C00036054F8040F08B121F0D4F8AC42F8D1A7
:10DE6C00304621F0CFF8304670BD00BF04220020B0
:10DE7C0010B5044621F0C6F8204610BD10B5044676
:10DE8C00406808B121F0BEF8A06808B121F0BAF8DA
:10DE9C00204621F0B7F8204610BD00BF70B5244CC9
:10DEAC00244A94F800381268362B3AD822491801C3
:10DEBC0001EB03130958DB688968194231D094F8D7
:10DECC000138CBB1D4F804380025B4F81A18D31A99
:10DEDC0084F801588B4212DD94F80868174B3046D1
:10DEEC00C4F80428995D01360AF064FFF6B20C2ED2
:10DEFC001BD984F8085870BDC4F8042870BD322BA7
:10DF0C00F9DD94F808180D48C4F804280C44435C57
:10DF1C0094F80C280133DBB29A424354EBD84554A5
:10DF2C0070BD012384F8013870BD84F8086870BD99
:10DF3C00C05600205CC30120441E0020FCB101200F
:10DF4C002DE9F04F83468068B44C8DB003680025F2
:10DF5C001B689847D4F83038B14A05211D61A4F8E4
:10DF6C001C189A640122AF495A6299624FF43031FD
:10DF7C00D9624FF00111986C186504F502601D62AE
:10DF8C0099651A6121F060F821F056F821F050F8EB
:10DF9C00722240F2011304F5026084F8C528A4F83B
:10DFAC004F3917F0E3F9002800F02882D4F8303804
:10DFBC00002605229A491E61A4F87A290122996447
:10DFCC0098495A6299624FF4303184F87859D96281
:10DFDC004FF00111986C18651E62934899651A618F
:10DFEC0021F032F821F028F821F022F8722240F2C8
:10DFFC0001138D4884F8C528A4F84F3917F0B6F9E9
:10E00C00002800F0C08130464FF40062002184F8F3
:10E01C008009002681481AF0A1FDD4F83038804AD6
:10E02C001E6180499A6401225A6299624FF4303120
:10E03C00D9624FF00111986C18651E627A48996587
:10E04C001A6121F001F820F0F7FF20F0F1FF78229F
:10E05C0040F20113744884F8C528A4F84F3917F01E
:10E06C0085F90546002800F045820BF5804585F8BA
:10E07C0030616E4A0BF500531268C5F8442193F8D1
:10E08C001037362B0ED86A4A190102EB031351587C
:10E09C00D8684A6802434A6038219A685B68116004
:10E0AC0015221A6063499BF8BC22634B362A84F80C
:10E0BC00F0290B60614B4B600FD810015C4B38277B
:10E0CC001525185803EB02134268DE6822EA060293
:10E0DC0042609A685B6817601D605948594E426CE3
:10E0EC00436C456C324003F0030305F0E0052A4312
:10E0FC000025134343F44673436400F58040A4F8B1
:10E10C00F259426C436C3240466C03F0030384F8C2
:10E11C00FC5906F0E006A4F8FE5932434A4E13436C
:10E12C0040F6B73243F4467343644FF4FA5347480E
:10E13C000B8110234649A4F8F83918F0E3F9454B44
:10E14C009BF8BE12444A84F801580391434D84F85D
:10E15C00001A19469A609A624FF03F4241F8405FAC
:10E16C005D66354D9A639A6103F148029D6603F52D
:10E17C00DE739BF8BD02C4F85C3AD6F8DC31362865
:10E18C004D609362D6F8D83153624FF0C803A4F8AF
:10E19C00BC3B11D80201264BDFF8CCC0152799588F
:10E1AC0003EB00134A68DD6822EA05024A609A68AC
:10E1BC005B68C2F800C01F604FF4FA73284D4FF033
:10E1CC00000896F8E0A14FF6FF7984F800085FFA92
:10E1DC0088FEA4F81A380295BAF1000F5CD0D34629
:10E1EC004FEA98030EF003074FF0FF0C06EB4303C6
:10E1FC00B3F8E4011B4B400003EB980200EB023038
:10E20C001303B0EB023F31D91A880233D1B28F42DB
:10E21C0008BF4FEA122C9842F6D827E0C0560020CF
:10E22C003B372819B80B0505E05E00205CC30120C4
:10E23C00441E0020584C0020000048420000F042D0
:10E24C0000400C4000FCFFFFB8670020644C00202D
:10E25C00CDCF0000C4600020000080BF000043450B
:10E26C00FCB10120C007060038F00100029B0EF142
:10E27C00010EB8F10C0F03F801CB5FFA8EF7029385
:10E28C0045D008F10108BAF1000F23D1DA465FFA44
:10E29C0088FEBAF1000FA2D1B448B54A00F17E0B4A
:10E2AC001346002102F5805203E093421FFA8CF1D1
:10E2BC0005D21F8801F1010C02334F45F5D120F82E
:10E2CC00021F8345ECD14FF001034FF0010B86F890
:10E2DC00E03185E7791E3B46DFF8B88229449A087D
:10E2EC0003F0030E08EB930706EB42023803B2F877
:10E2FC00E421520002EB0732B2EB073F01F21C8122
:10E30C004FF0FF0C013301F801CF0D2BE7D1994BE6
:10E31C00B6F8EA1103EB4101994240F29880FF27CD
:10E32C001A880233D0B2022808BF170A9942F7D1D3
:10E33C00FF2F00F08C80039940F20A228E480A23AA
:10E34C0084F80C184FF00A31A4F80E2845F6BF5289
:10E35C00C4F81008C4F814188848894984F80D3892
:10E36C0084F8183818F0CEF8864A002196F8A932AD
:10E37C0011702BB9844A0123C6F86C2286F8A93295
:10E38C000DB0BDE8F08FD4F87C0908B120F03AFE4E
:10E39C0010207E4F20F02EFE5223002605460370DF
:10E3AC0020234760C360C4F87C090672384620F00D
:10E3BC004BFE2B7838465B0084F8C53801232B7252
:10E3CC0040F20115A4F84F5916F0D0FF00287FF445
:10E3DC001AAED4F87C390B900593062306908DF871
:10E3EC00260005A8ADF82450ADF822300BF016FE2F
:10E3FC00A0F1C200B0FA80F0400905E6D4F860093B
:10E40C0008B120F0FFFD1020604F20F0F3FD392300
:10E41C000646476003700023C4F8600901250372A7
:10E42C002023C360384620F00FFE3378357238460F
:10E43C00AB4084F8C53840F20113A4F84F3916F0FC
:10E44C0095FF0646002800F0DB840025AEE500278A
:10E45C004FF001084FF0030A4FF0050939463846D2
:10E46C002F700AF0A7FC5146404685F801A00AF02F
:10E47C00A1FC4946022085F802900AF09BFC50460C
:10E48C00414685F803800AF095FC4946042085F83E
:10E49C0004900AF08FFC4846414685F805800AF046
:10E4AC0089FC4146062085F806800AF083FC07218A
:10E4BC000846E9710AF07EFC394608202F720AF0F2
:10E4CC0079FC394609206F720AF074FC39460A202F
:10E4DC00AF720AF06FFC39460B20EF720AF06AFC3F
:10E4EC0039460C202F730AF065FC39460E200AF0D1
:10E4FC0061FC20E7D4F8B009B4F98E29002800F0AB
:10E50C00DB85D31D48BF02F10E03B4F98C29DB1057
:10E51C0003FB02F200211AF021FBB4F98E39B4F995
:10E52C008C19202B40F3B881A3F14000B1F15202B9
:10E53C004FF000084FF0010A00B248BFA1F15102A0
:10E54C0000284FEA6202B8BF013093B24010029328
:10E55C0000220F4B1FFA80FE0299904203EB080930
:10E56C00B4BF0023012303931FE000BF9A6900206E
:10E57C0000007C6000307C600A02020A6C4C0020B7
:10E58C008DA90000F9B10120706A0020E05E002026
:10E59C00A02A0060C00706006D00EDB22E060CD458
:10E5AC0001320131522A89B23DD0570713B2F3D14F
:10E5BC0009EBE3031D7A2E06F2D50EB2002EEFDB2B
:10E5CC00B4F99039B342EBDD039B002BE8D0B4F9DE
:10E5DC0092398342E4DD94F89E39022B00F0978542
:10E5EC00032B00F08985012B00F07B85B4F98CC9D5
:10E5FC0077460346002B02F1010201F10101B8BF7D
:10E60C000733522A89B24FEAE30313FB0C6307F07A
:10E61C000706D4F8B0790AFA06F617F803C046EAEA
:10E62C000C06FE54C1D108F10B080EF10100B8F52F
:10E63C00307F00B28CD10223D4F8AC5984F8B539B0
:10E64C00002D00F0BA813C23284684F8B43920F020
:10E65C00FBFC94F9BB39002B80F2F982D4F8DC195D
:10E66C0000229D482B6981421A6100F292869B49D7
:10E67C00012299645A624FF4303299499962DA62F4
:10E68C00996C002219654FF001111A6201229965EB
:10E69C001A61944816F0FCFEB4F88E1992480139B0
:10E6AC00C9B20BF03DFA914816F0F2FE94F9B53967
:10E6BC008D48012B0CBF102114210BF031FA8C4822
:10E6CC0016F0E6FED4F88C398A4A8F21934284F8EE
:10E6DC00E4190CD002F50012934200F04F86864AE2
:10E6EC00934200F07E86854A934200F01A870225F9
:10E6FC007D48DA210BF014FA29467B480BF010FA0E
:10E70C00812179480BF00CFA94F8E41976480BF057
:10E71C0007FAD92174480BF003FA94F9B539724809
:10E72C00012B0CBF2221F1210BF0FAF9D4F8AC0922
:10E73C00002800F0258540F2011294F8B439704E8F
:10E74C005B00A0F82F21026880F8A5301368B34253
:10E75C0040F0E186B0F830312BB1022380F82F3134
:10E76C00002380F8A630DFF8A4A101254FF00209A0
:10E77C000AF106082F4616E00135ADB203681AF807
:10E78C00011C1B68B34240F01481B0F8303133B136
:10E79C0090F82F31882B2CD94760D4F8AC090AF1AA
:10E7AC00010AC24531D0882DE6D116F0DFFD94F870
:10E7BC00B439D4F8AC095B00026880F8A53040F29B
:10E7CC000113A0F82F311368B34240F0D284B0F893
:10E7DC003031002B00F00C83002380F82F910225A0
:10E7EC0080F8A63013681AF8011CB34240F0E1809F
:10E7FC002B460AF1010AC2180133C24580F82F31A9
:10E80C00D4F8AC0982F8A510CDD116F0AFFDD4F830
:10E81C00AC39002B00F0E285D4F8E01900222E4828
:10E82C001B6981421A6100F2CA852C490122996444
:10E83C005A624FF430322A499962DA62986C01229A
:10E84C0000211865104619624FF0011199651A6183
:10E85C000BF58045D4F8A43985F83001002B00F075
:10E86C00A785B4F98E290021264BD4F8B009C4F839
:10E87C00A439D31D48BF02F10E03B4F98C29DB1067
:10E88C0003FB02F21AF06AF9012117480BF038FA6F
:10E89C0016F062FFFFF7EDBBB1F173024FF0000809
:10E8AC004FF0010A48BFA1F17202B3F120064FEA02
:10E8BC00620248BFA3F11F0693B2761002930022A6
:10E8CC00114B1FFA86FE0299964203EB0809B4BF5E
:10E8DC0000230123039324E07F1A06003B372819F9
:10E8EC00B80B0505482F0060446000204C2F0060D9
:10E8FC00502F0060800020006000100040002000BD
:10E90C009D190100542F0060A02A0060A12A00600C
:10E91C006D00EDB22F060DD401320131732A89B28C
:10E92C003ED0500713B2F3D109EBE30393F8C8526E
:10E93C002F06F1D508B20028EEDBB4F990398342EA
:10E94C00EADD039B002BE7D0B4F99239B342E3DD47
:10E95C0094F89E39022B00F0FD83032B00F0F0831A
:10E96C00012B00F0E383B4F98CC977463346002BB6
:10E97C0002F1010201F10101B8BF0733732A89B218
:10E98C004FEAE30313FB0C0307F00700D4F8B0794C
:10E99C000AFA00F017F803C040EA0C00F854C0D192
:10E9AC0008F10F080EF10106B8F5F07F36B286D1EA
:10E9BC0041E69847D4F8AC09F1E694F9B919CBB211
:10E9CC00362B00F287851801B34A4FF0380C152707
:10E9DC00155802EB03136868DE683043686098686A
:10E9EC005B68C0F800C01F6094F9BA59EBB2362BC3
:10E9FC000ED8180102EB03131658D3E9027C706889
:10EA0C005B6840EA0C007060382038601520186094
:10EA1C0002EB01130901DB68C4F8D43953582901FE
:10EA2C00C4F8C43902EB05135158DB68C4F8C81993
:10EA3C00C4F8D839086803430B60D4F8A839002B04
:10EA4C0000F004855968B827DFF85882DFF864E2D3
:10EA5C00924ED1E900C0DCF8005025EA0000CCF859
:10EA6C000000D8F8180000EA0E0E4EEA0606C8F8A8
:10EA7C0018601E7C01EB060801EB860698F8100066
:10EA8C0002EB0010806807605D7C01EB050E0A3517
:10EA9C009EF8240002EB001080680760987C01EB64
:10EAAC00000901EB800099F838A0029002EB0A1AD9
:10EABC00DAF808A0CAF800704868DCF80070074360
:10EACC00CCF80070776998F8106002EB061676683F
:10EADC00376051F825609EF8245002EB05156D68DF
:10EAEC002E6099F8385002EB051252680298C06BF0
:10EAFC0010608A6C99F8440010600A6A98F81C003F
:10EB0C0010604A6B9EF83010116002221868026186
:10EB1C000F228265DA7C002A3AD072B6D97CCE07F5
:10EB2C0008D54FF0E0205D69D0F880212A409A6228
:10EB3C00C0F880218D0708D54FF0E0209D69D0F8F2
:10EB4C0084212A40DA62C0F88421480708D54FF0A6
:10EB5C00E020DD69D0F888212A401A63C0F88821AA
:10EB6C000A0708D54FF0E0201D6AD0F88C212A4006
:10EB7C005A63C0F88C21CF0608D54FF0E021586AB3
:10EB8C00D1F8902102409A63C1F8902162B61868BE
:10EB9C00434D9A68AA4200F04784424A9D609269AC
:10EBAC004149C2F30117C2F38262404E51F827105B
:10EBBC000132B1FBF2F1B14240F233843C4AA2FB88
:10EBCC000162120DB1FBF2F1A94288BF0132B2F51C
:10EBDC00817F80F02384022A40F22384023A550874
:10EBEC00290441EA05210A43DA600021016103216D
:10EBFC00416202640722026601220261DA7C12B3CE
:10EC0C00D60704D5986A4FF0E021C1F800019507AA
:10EC1C0004D5D86A4FF0E021C1F80401500704D59F
:10EC2C00186B4FF0E021C1F80801110704D5586B9F
:10EC3C004FF0E021C1F80C01D70604D59A6B4FF0C8
:10EC4C00E023C3F8102194F9BB39002B4EDB362B93
:10EC5C0015DC1901104A152502EB03135258D8681C
:10EC6C005168014338205160996808605868056004
:10EC7C00DB685068184200F04A84C2F884300120E6
:10EC8C000AF044FA94F8BB39362B1CD81901024A05
:10EC9C0002EB031352580FE0441E00201000000832
:10ECAC0000093D0000C00F409C230020FF083D00E0
:10ECBC0083DE1B43CFFFFFE3D9685068084200F0A6
:10ECCC002184C2F888100A200AF020FA94F8BB3983
:10ECDC00362B0BD81901474A02EB03135258D9684B
:10ECEC005068084200F00984C2F88410D4F8AC597A
:10ECFC00002D7FF4B3ACD4F8A839002B6FD0D97C9D
:10ED0C00D4F8E829D4F8EC59002939D072B6D87C5B
:10ED1C00C60708D54FF0E0275E69D7F8801131405F
:10ED2C009962C7F88011810708D54FF0E0279E69DA
:10ED3C00D7F884113140D962C7F88411470708D538
:10ED4C004FF0E027DE69D7F8881131401963C7F816
:10ED5C008811060708D54FF0E0271E6AD7F88C11EA
:10ED6C0031405963C7F88C11C10608D54FF0E0202B
:10ED7C005E6AD0F8901131409963C0F8901162B678
:10ED8C009968914200F0B7831B499A6089691B48C6
:10ED9C00C1F30116C1F3826150F826600131B6FB54
:10EDAC00F1F0002A40F09D838E420ED301460131D2
:10EDBC00B1F5817F80F09383022940F28E83023972
:10EDCC004808020242EA00420A43DA601B6800214A
:10EDDC001961032159621A6401221D661A61D4F863
:10EDEC00C829D4F8D819136823EA0103136050E436
:10EDFC000225D4E4441E002000C00F409C230020B8
:10EE0C0092232A46D4F860098DF8143005AB00958E
:10EE1C00194615F06FFF9DF81470AB2F7FF415ABEE
:10EE2C00FC232A4605A9D4F860098DF814308123F7
:10EE3C008DF8103004AB17F0ABF894F86D3905A9C8
:10EE4C00D4F8600965F30103C3F3011284F86D393A
:10EE5C0003F00C0343EA82132A4643F001038DF8B6
:10EE6C0014308F238DF8103004AB17F091F894F810
:10EE7C0075392A4605A966F30003D4F860098DF8A4
:10EE8C001070802784F8753903F006038DF8143060
:10EE9C0004AB17F07DF894F869392A4605A966F396
:10EEAC008613D4F860098DF8107084F8693903F072
:10EEBC003F038DF8143004AB17F06AF8B4F8680906
:10EECC0004AB2A46C0F34031C0F3803CC4F86469FB
:10EEDC0049018DF8107041EA8C11C0F3002C41EA05
:10EEEC000C01C0F3003C41EA0C11C0F3C02C41EA08
:10EEFC00CC0120F49F6CC0F340202CF0070C41EAAD
:10EF0C004001D4F86009A4F868C98DF8141005A95B
:10EF1C0017F03EF894F869392A4605A966F34103BF
:10EF2C00D4F860098DF8107084F8693903F07D030A
:10EF3C008DF8143004AB17F02BF894F869392A4685
:10EF4C0005A966F30413D4F860098DF8107084F8E1
:10EF5C00693903F06F038DF8143004AB17F018F80F
:10EF6C0094F869392A4605A966F34513D4F8600963
:10EF7C008DF8107084F8693903F05F038DF8143044
:10EF8C0004AB17F005F8E72332463146D4F8600994
:10EF9C008DF8143005AB16F0FBFF94F869392A464E
:10EFAC0005A966F30003D4F860098DF8107084F895
:10EFBC00693903F07E038DF8143004AB16F0E8FFCA
:10EFCC000A200AF0A3F894F869392A4605A943F0F7
:10EFDC000103D4F860098DF8107084F8693903F0D6
:10EFEC007E0343F001038DF8143004AB16F0D0FF10
:10EFFC000A200AF08BF894F874392A4605A966F3AE
:10F00C000103D4F860098DF8146084F87439AA23CC
:10F01C008DF8103004AB16F0BBFF94F871392A460A
:10F02C0005A965F38713D4F8600984F8713903F0E6
:10F03C003F0343F040038DF81430A2238DF81030B9
:10F04C0004AB16F0A5FF94F87239022205A9D4F886
:10F05C00600962F346132A4684F8723903F01F03E1
:10F06C0043F040038DF81430A3238DF8103004AB1B
:10F07C0016F08EFF32232A4605A98DF81430A023F2
:10F08C00D4F860098DF8103004AB16F081FFC9225A
:10F09C0004AB05A984F873298DF81420A622D4F8A2
:10F0AC0060098DF810202A46C4F8646984F86869F0
:10F0BC0016F06EFFFEF77ABFD31D48BF02F10E03A8
:10F0CC00B4F98C29DB1003FB02F2104602921FF0FC
:10F0DC0091FF029AC4F8B00900287FF41BAAFFF72D
:10F0EC00B7BBB4F98CC933460F460CF1FF36A6EB0F
:10F0FC000E0636B2FFF77EBAB4F88E390646B4F96E
:10F10C008CC9013B5B1A9FB21BB2FFF773BAB4F9FF
:10F11C008CC9B4F88E390CF1FF36013B761AA3EB8F
:10F12C000E0336B29FB21BB2FFF764BAB4F98CC9A6
:10F13C0003460F460CF1FF30A0EB0E0000B216E4B4
:10F14C00B4F88E393046B4F98CC9013B5B1A9FB2C6
:10F15C001BB20CE4B4F98CC9B4F88E390CF1FF3045
:10F16C00013B401AA3EB0E0300B29FB21BB2FFF798
:10F17C00FEBB002102259847D4F8AC09FFF7FEBA74
:10F18C00D4F8C429D4F8D4091368A94D23EA000390
:10F19C00D4F8A81905F1060C1360D4F8BC29D4F8DE
:10F1AC00C03915F8010B00293DD00F687866F86D51
:10F1BC0010F4F81FFBD0786F6545F2D1D4F8C8294C
:10F1CC00D4F8D809136803431360002900F0D380E6
:10F1DC00CB7C002B00F0CF80DE0704D5886A4FF083
:10F1EC00E022C2F800019D0704D5C86A4FF0E02266
:10F1FC00C2F80401580704D5086B4FF0E022C2F89E
:10F20C0008011A0704D5486B4FF0E022C2F80C0134
:10F21C00DB0640F1B0808A6B4FF0E0230120C3F88D
:10F22C001021FFF715BB176810F0800FD4F8CC69CC
:10F23C000CBFB743374310F0400F17601F68D4F86A
:10F24C00D06947EA06071F601F68D4F8D06927EA1F
:10F25C0006071F601768D4F8CC690CBFB743374357
:10F26C0010F0200F17601F68D4F8D06947EA060722
:10F27C001F601F68D4F8D06927EA06071F6017685B
:10F28C00D4F8CC690CBFB743374310F0100F17609C
:10F29C001F68D4F8D06947EA06071F601F68D4F8C6
:10F2AC00D06927EA06071F601768D4F8CC690CBF31
:10F2BC00B743374310F0080F1760D4F8D0691F68B4
:10F2CC0047EA06071F601F68D4F8D06927EA0607CB
:10F2DC001F601768D4F8CC690CBFB743374310F0E4
:10F2EC00040F17601F68D4F8D06947EA06071F603F
:10F2FC001F68D4F8D06927EA06071F601768D4F88E
:10F30C00CC690CBFB743374310F0020F17601F686E
:10F31C00D4F8D06947EA06071F601F68D4F8D06993
:10F32C0027EA06071F601768D4F8CC690CBFB743EF
:10F33C00374310F0010F17601F68D4F8D06947EA03
:10F34C0006071F601F68D4F8D06927EA06071F60FC
:10F35C001068D4F8CC7914BF3843B84310601868DF
:10F36C00D4F8D079384318601868D4F8D07920EAEA
:10F37C000700186020E70120FFF76ABA94F9B53945
:10F38C001225012B0CBF9F23CF2384F8E439FFF700
:10F39C00AFB92848814238D827499964A1F1216135
:10F3AC005A62A1F60C41254A9962DA62FFF768B9F4
:10F3BC00B4F896390633A4F89639FFF752BA1D48BB
:10F3CC00814219D81C499964A1F121615A62A1F6B4
:10F3DC000C411A4A9962DA62FFF730BAD4F8A819CC
:10F3EC00ECE694F9B5390225012B0CBF1023AF23A1
:10F3FC0084F8E439FFF77CB9114999645A621149D0
:10F40C000E4A9962DA62FFF719BA0D4999645A6289
:10F41C000C490A4A9962DA62FFF732B90A4AFFF7D5
:10F42C00E3BB0022FFF7E0BBDA68FFF7DEBB00BFEF
:10F43C00A02A00603F420F001C1A120C007F05002E
:10F44C000A09070460090101FF7F7F0094F9B719CD
:10F45C00CBB2362B0DD8180102EB031310585D6894
:10F46C00D3E9026743683B43436038233360152379
:10F47C002B6094F9B859EBB2362B0ED8180102EB6D
:10F48C0003131658D3E9027C70685B6840EA0C00E1
:10F49C007060382038601520186002EB01130901E8
:10F4AC00DB68C4F8CC3953582901C4F8BC3902EBD9
:10F4BC0005135258D968C4F8C029C4F8D019136878
:10F4CC0023EA0103136094F9BB39002BFFF687ACD8
:10F4DC00FFF7BDBB214AFFF787BA002275E4204A2B
:10F4EC0073E49042F9D3B0FBF2F1B0FBF1F090422F
:10F4FC007FF65EAC5BE4DA6868E49B68194A1A60D4
:10F50C00FFF7F4BB9B68184A1A60FFF7DCBB154B7E
:10F51C000B60FFF7B4BB00219847D4F8AC09FFF798
:10F52C0022B994F9B5391225012B0CBF1023CF2326
:10F53C0084F8E439FFF7DCB81FFA8EFE4FF0FF0CAD
:10F54C000746B0F8009002303F78774508BF4FEA85
:10F55C00192C9042F4D3FEF7D5BE00BF441E0020F8
:10F56C00FF7F7F0038F0010038300100D1ED0C6ACC
:10F57C0092ED000AF5EE406AD2ED017A92ED027A34
:10F58C00F1EE10FA30B52DED028B91B00C4605461C
:10F59C008DED020ACDED037A8DED047A40F0BA8040
:10F5AC00D4ED075AD4ED086A30EE650A94ED0B8A57
:10F5BC0094ED0E6A77EEE67ADFED6A6AA6EE080A3B
:10F5CC0094F8343077EEA67A37EE267ACDED037ABE
:10F5DC008DED047A8DED020A5BB167EEA77AE0EE51
:10F5EC00007AF4EE667AF1EE10FA00F1B680B1EE24
:10F5FC00E70AF0EE480A18F011FBF1EE087AB0EECB
:10F60C00C00A9FED587A20EE270AC0EE087A77EEF2
:10F61C00877ABBFE677ABCEEC77A8DED017A9DF8CE
:10F62C000430042B13D800215A1C2980D2B2A970A3
:10F63C0094F8351099B103EB4303284623449A8878
:10F64C009B792A80AB7011B0BDEC028B30BD0021D0
:10F65C0000222980A97094F835100029EBD1591C8F
:10F66C0007EE103A02EB4202DFED3E3A05EE101ABD
:10F67C00B8EE477A224403EB4303B8EEC55A28464A
:10F68C0077EEC77A1C441379F7EE005A35EE475AD9
:10F69C0006EE903A537987EE856A07EE103A937925
:10F6AC00227907EE903A637904EE102A04EE903A30
:10F6BC00A379F8EEE66AB8EEC77A05EE103AF8EEE2
:10F6CC00E77AB8EEC44AF8EEE44AB8EEC55A36EE1C
:10F6DC00236A75EEC65A66EE866A27EE067A67EEE0
:10F6EC00867AE4EE256AA5EEA47AE5EE857AFCEE40
:10F6FC00E66ABCEEC77AFCEEE77A16EE901A17EEC5
:10F70C00102A17EE903A29706A70AB7011B0BDECEC
:10F71C00028B30BD144A002309A905A809930A934A
:10F72C00B2F8BC32CDED0B6AADF83030D2F8C03245
:10F73C000D93D2F8C4320E93D2F8C8320F930CF05A
:10F74C00C9FD02AA05A909A807F020FF9DED090A29
:10F75C00DDED0A7A9DED0B7A22E7B0EE670A17F021
:10F76C0075FF46E700000000B867002030B583B095
:10F77C0004461831069D0095FFF7F8FE204603B0AD
:10F78C0030BD00BFD1ED096A92ED000AF5EE406A7A
:10F79C00D2ED017A92ED027AF1EE10FA30B52DED40
:10F7AC00028B91B00C4605468DED020ACDED037A25
:10F7BC008DED047A50D1D4ED045AD4ED056A30EEB7
:10F7CC00650A94ED088A94ED0B6A77EEE67ADFED24
:10F7DC00646AA6EE080A94F8283077EEA67A37EE1B
:10F7EC00267ACDED037A8DED047A8DED020A5BB1AC
:10F7FC0067EEA77AE0EE007AF4EE667AF1EE10FA94
:10F80C0000F1A980B1EEE70AF0EE480A18F006FA0A
:10F81C00B0EEC00A9FED526A002330EE000A2B8036
:10F82C00AB7094F82920C0EE087A77EE867ABBFE8E
:10F83C00677ABCEEC77A8DED017A9DF8043072B30D
:10F84C0003EB4303284623449A889B792A80AB70A8
:10F85C0011B0BDEC028B30BD424A002309A905A8AA
:10F86C0009930A93B2F8BC32CDED0B6AADF8303087
:10F87C00D2F8C0320D93D2F8C4320E93D2F8C832FB
:10F88C000F930CF027FD02AA05A909A807F07EFE2C
:10F89C009DED090ADDED0A7A9DED0B7A8BE75A1C7A
:10F8AC0006EE903AB7EE005A284607EE102AF8EE0C
:10F8BC00666AB3FA83F203EB4303B8EEC77A77EECA
:10F8CC00E67A5209234437EE667A02EB4202197942
:10F8DC0014445A79C7EE875A9B7904EE102A227980
:10F8EC0004EE903A637906EE902A03EE901A07EE36
:10F8FC00103AA379F8EEE66A07EE903AB8EEC77ABA
:10F90C00F8EEE33AF8EEE77AB8EEC44AF8EEE44AD9
:10F91C0035EE866A75EE465A66EE866A27EE067AEC
:10F92C0067EE867AE3EEA56AA5EE847AE5EEA47A14
:10F93C00FCEEE66ABCEEC77AFCEEE77A16EE901A9D
:10F94C0017EE102A17EE903A29706A70AB7011B04E
:10F95C00BDEC028B30BDB0EE670A17F077FE53E7B3
:10F96C0000000000B8670020D1ED0A6A92ED000A91
:10F97C00F5EE406AD2ED017A92ED027AF1EE10FAD0
:10F98C0030B52DED028B91B00C4605468DED020A7B
:10F99C00CDED037A8DED047A40F0BA80D4ED055AA2
:10F9AC00D4ED066A30EE650A94ED098A94ED0C6A82
:10F9BC0077EEE67ADFED6A6AA6EE080A94F82C3048
:10F9CC0077EEA67A37EE267ACDED037A8DED047AB2
:10F9DC008DED020A5BB167EEA77AE0EE007AF4EEE9
:10F9EC00667AF1EE10FA00F1B680B1EEE70AF0EEAD
:10F9FC00480A18F013F9F1EE007AB0EEC00A9FED48
:10FA0C00587A20EE270AC0EE087A77EE877ABBFE8A
:10FA1C00677ABCEEC77A8DED017A9DF80430022B23
:10FA2C0013D800215A1C2980D2B2A97094F82D1039
:10FA3C0099B103EB4303284623449A889B792A8087
:10FA4C00AB7011B0BDEC028B30BD002100222980BF
:10FA5C00A97094F82D100029EBD1591C07EE103A1F
:10FA6C0002EB4202DFED3E3A05EE101AB8EE477A91
:10FA7C00224403EB4303B8EEC55A284677EEC77A07
:10FA8C001C441379F7EE005A35EE475A06EE903ABD
:10FA9C00537987EE856A07EE103A9379227907EE4F
:10FAAC00903A637904EE102A04EE903AA379F8EEBA
:10FABC00E66AB8EEC77A05EE103AF8EEE77AB8EED9
:10FACC00C44AF8EEE44AB8EEC55A36EE236A75EE2F
:10FADC00C65A66EE866A27EE067A67EE867AE4EEFA
:10FAEC00256AA5EEA47AE5EE857AFCEEE66ABCEE14
:10FAFC00C77AFCEEE77A16EE901A17EE102A17EE7C
:10FB0C00903A29706A70AB7011B0BDEC028B30BDAD
:10FB1C00144A002309A905A809930A93B2F8BC3228
:10FB2C00CDED0B6AADF83030D2F8C0320D93D2F86F
:10FB3C00C4320E93D2F8C8320F930CF0CBFB02AA4E
:10FB4C0005A909A807F022FD9DED090ADDED0A7A49
:10FB5C009DED0B7A22E7B0EE670A17F077FD46E7CA
:10FB6C0000000000B86700202DE9F0470C469168B2
:10FB7C0005469A46D4ED0D7A92ED007AD2ED016AE3
:10FB8C002DED028B9FEDA78A90B0F4EE487A04918C
:10FB9C00F1EE10FA04D094F87221002A00F0CA8019
:10FBAC00FDEEE77AA0499FEDA16ADFEDA15A17EEB1
:10FBBC00902A81FB0201D0171144C0EB21214FF494
:10FBCC00B47000FB112207EE902AF8EEE77A37EEBC
:10FBDC00C66AB0EEC66AB4EEE56AF1EE10FA40F110
:10FBEC00E580B1EE477AD4ED097ABBEE046ADFED1D
:10FBFC00915A76EEE77A94ED0A5AD4ED073A37EE3D
:10FC0C00457A94ED084A67EEA55ACDED027ADFED00
:10FC1C008A4AB3EE045A67EE066A8DED037AC5EE96
:10FC2C00A37A86EE847A77EEA47AFBFE677AFDEEF1
:10FC3C00E77A37EE057A17EE902AFBFE477AFDEE4F
:10FC4C00E77AB2F5C36F17EE901A68D2132966D80B
:10FC5C007A4FC817B4F8708187FB01EC784E4FEAE5
:10FC6C004809C0EBAC00366887FB02C74FEAE27E5E
:10FC7C00844600EB8000CEEBA70EA1EB4000B6FB58
:10FC8C00F9F109FB11669C2101FB0C4C40F201219E
:10FC9C004645F44494BF002601269CF8387021FA9E
:10FCAC0000FC1CF0010F19D05A2F38D9002E36D079
:10FCBC00216953461A980A68009005A8146802AA8C
:10FCCC00A047604B284609AA05A9099307F038FEFE
:10FCDC00284610B0BDEC028BBDE8F0870EEB8E0E03
:10FCEC00A2EB4E02C2F10902D2B2D140CB07DBD457
:10FCFC00A7F12F01C9B24F297FD8534B03EB8101D8
:10FD0C0089690144013A5A2F11F8011C41FA02F297
:10FD1C0002F0010279D9002E71D0002AC8D0B4F8B3
:10FD2C001720637E2A80AB70284610B0BDEC028B86
:10FD3C00BDE8F087454A05A8D4ED0C5AB2F8BC12C0
:10FD4C0094ED0B6A76EEE56AADF83010D2F8C0127D
:10FD5C0037EE467ACDED036A0D91D2F8C412D2F883
:10FD6C00C8220E9109A98DED027ACDED0B7A0F9276
:10FD7C008DED098A8DED0A8A0CF0ACFA05A909A85B
:10FD8C0002AA07F003FC9DED0B6ADDED097A36EE55
:10FD9C00086A9DED0A7AD4ED0B6AD4ED0C5A77EE15
:10FDAC00A66A8DED046A37EE257A1CE79FED286A6A
:10FDBC0037EEC66AB0EEC66AB4EEE56AF1EE10FA3A
:10FDCC0006D5F1EE477AB1EE667AF0EE676A0AE78D
:10FDDC009FED206A77EEC67AF0EEE77AF4EEE57ADC
:10FDEC00F1EE10FA02D5F1EE666AFCE6F0EE667AF8
:10FDFC00F0EE476AB0EE677AF5E6174981E75A2FBD
:10FE0C0003D9002A7FF454AF89E7002A87D02169EF
:10FE1C0053461A9C02AA0868009404682846A04716
:10FE2C0082E700BF00000000B7600BB60000B442D0
:10FE3C00000034420000C3C40000C3446766666619
:10FE4C005CC30120000034439C230020B8670020D1
:10FE5C000000344300008743AC2300202DE9F04F11
:10FE6C00104C87B006460021B4F98E29D4F8B0099D
:10FE7C00D31DDFF834B048BF02F10E03B4F98C295E
:10FE8C00DB1003FB02F218F069FE0020019602461B
:10FE9C001FFA80F900230FFA80F800F0070A0BEB29
:10FEAC00001C0BE0C05600209C2300205200D2B254
:10FEBC0012F0800F0FD10133802B39D019B213F00F
:10FECC0007069FB20D46F1D10CEBE10292F85821D6
:10FEDC0012F0800FEFD0B4F990E98E45EBDDB4F958
:10FEEC0092194145E7DD94F89E19022900F0B6827B
:10FEFC00032900F0A8820129B4F98CE900F09D8255
:10FF0C001F4656464546002D03F10103B8BF073581
:10FF1C00802B4FEAE50515FB0E714FF00105D4F867
:10FF2C00B07905FA06F67D5C45EA06057D54C5D127
:10FF3C0001304028ACD1019E002140F20112BF4F8C
:10FF4C0096F8DC30C4F89819A4F89C29002B00F022
:10FF5C0094823A78D6F8D8301AB9B94A127803EBA9
:10FF6C00820302AD1968284616F0B0FA2B4600221F
:10FF7C000D2103200BF0DEFE02981FF043F83B78B6
:10FF8C00002B40F09282AE4B5B7802334FF00008AE
:10FF9C0056F823A0CDF8108050468DF81480CDE98A
:10FFAC00028819F075FC814658B101301FF022F817
:10FFBC0038B1514680F800800290CDE9039918F0D1
:10FFCC0057FE2B4601220D2122200BF0B3FE029886
:10FFDC001FF018F83B78002B40F06B82984BDB79C4
:10FFEC0002334FF0000856F823A0CDF8108050468D
:04FFFC008DF81480E8
:02000004600199
:10000000CDE9028819F04AFC814658B101301EF052
:10001000F7FF38B1514680F800800290CDE903998E
:1000200018F02CFE2B4607220D2142200BF088FEF3
:1000300002981EF0EDFF3B78002B40F03E82834B90
:10004000DB7820334FF0000856F823A0CDF810805D
:1000500050468DF81480CDE9028819F01FFC8146C6
:1000600058B101301EF0CCFF38B1514680F8008005
:100070000290CDE9039918F001FE2B4603220D21D1
:1000800062200BF05DFE02981EF0C2FF3B78002B51
:1000900040F025826D4BDB7A0C334FF0000856F8A8
:1000A00023A0CDF8108050468DF81480CDE9028849
:1000B00019F0F4FB814658B101301EF0A1FF38B1B0
:1000C000514680F800800290CDE9039918F0D6FDE2
:1000D0002B460B221C2103200BF032FE02981EF04F
:1000E00097FF3B78002B40F0F881584B9B78023308
:1000F0004FF0000856F823A0CDF8108050468DF838
:100100001480CDE9028819F0C9FB814658B101304D
:100110001EF076FF38B1514680F800800290CDE99C
:10012000039918F0ABFD2B4602221C2122200BF074
:1001300007FE02981EF06CFF3B78002B40F0CB814D
:10014000424B1B7A16334FF0000856F823A0CDF827
:10015000108050468DF81480CDE9028819F09EFB7E
:10016000814658B101301EF04BFF38B1514680F83E
:1001700000800290CDE9039918F080FD2B460822FB
:100180001C2142200BF0DCFD02981EF041FF3B7861
:10019000002B40F09E812D4B5B7920334FF00008FF
:1001A00056F823A0CDF8108050468DF81480CDE984
:1001B000028819F073FB814658B101301EF020FF10
:1001C00038B1514680F800800290CDE9039918F0CB
:1001D00055FD2B4605221C2162200BF0B1FD029833
:1001E0001EF016FF3B78002B40F07181174B5B7AB5
:1001F00022334FF0000856F823A0CDF81080504667
:100200008DF81480CDE9028819F048FB814658B179
:1002100001301EF0F5FE38B1514680F800800290A2
:10022000CDE9039918F02AFD2B4609222D21032040
:100230000BF086FD02981EF0EBFE3B78002B40F0A1
:100240004481024B1B7903E0F9B10120FCB101208C
:1002500002334FF0000856F823A0CDF81080504626
:100260008DF81480CDE9028819F018FB814658B149
:1002700001301EF0C5FE38B1514680F80080029072
:10028000CDE9039918F0FAFC2B4604222D212220F7
:100290000BF056FD02981EF0BBFE3B78002B40F0A1
:1002A0001281904B9B7A22334FF0000856F823A01E
:1002B000CDF8108050468DF81480CDE9028819F0F1
:1002C000EDFA814658B101301EF09AFE38B1514620
:1002D00080F800800290CDE9039918F0CFFC2B46FE
:1002E0000A223C2103200BF02BFD02981EF090FE09
:1002F0003B78002B40F0E5807A4B1B7B02330027D4
:1003000056F82380049740468DF81470CDE90277A3
:1003100019F0C4FA064650B101301EF071FE30B13A
:10032000414607700290CDE9036618F0A7FC2B4602
:100330003C210C2222200BF003FD02981EF068FEE7
:100340004FF0000C23254FF0010E6146AFB2422260
:10035000002304EB0C0608E04900C9B208060CD4DF
:1003600001330132402B92B23BD013F0070F18B289
:10037000F2D1C010315C0806F2D510B2B4F9908900
:100380008045EDDDB4F99289A845E9DD94F89E89B0
:10039000B8F1020F46D0B8F1030F35D0B8F1010F14
:1003A00029D0B4F98CA9B946A846B8F1000F09F0D4
:1003B000070903F1010302F10102B8BF08F10708C0
:1003C0000EFA09F9402B92B24FEAE80818FB0A002E
:1003D000D4F8B0A91AF8008028EA09080AF80080C1
:1003E000C3D17D1C0CF1080CABB22DB2432BADD1A7
:1003F00007B0BDE8F08FB4F98CA9804691460AF1A8
:10040000FF30C01B00B2D0E7B4F88E892846B4F99B
:100410008CA908F1FF38A8EB02081FFA88F90FFA37
:1004200088F8C2E7B4F98CA9B4F88E890AF1FF30D4
:1004300008F1FF38801AA8EB070800B21FFA88F904
:100440000FFA88F8B1E70EF1FF37A7EB09073FB2C3
:100450005FE5B4F88E69B4F98CE9013EF61B0746F6
:1004600035B206F0070654E5B4F98CE9B4F88E69A4
:100470000EF1FF31013ECF1BA6EB09063FB235B2AC
:1004800006F0070645E53A780AB9164B1B782C3377
:1004900002AD56F82310284616F01EF82B4603200E
:1004A00000220D210BF04CFC02981EF0B1FD3B78B0
:1004B000002B3FF46EAD00236DE50023C1E5002362
:1004C00094E500231AE70023EDE60023C0E60023AD
:1004D0008EE6002361E6002334E6002307E60023CE
:1004E000DAE500BFFCB101202DE9F0414A4C4B4D4B
:1004F00094F8F0792A2F52D895F8CC32002B38D1C5
:10050000474B3B4493F85835FF2B48D01E0649D43F
:10051000444E3360336AD80704D408F0B5FD336A1B
:10052000D907FAD53F4BD3ED097AF8EEE77AB4F85C
:10053000F2293D48531C911C05EB820289B2C2EDA1
:10054000B47A9BB2B4F8FE29B1F5007F05EB8303C2
:10055000A4F8F21900EB820002F10102A4F8FE29CE
:100560004FF00002C0ED007AC3F8D0222CD2BDE8D3
:10057000F0812C4EDFF8B88001E008F085FDB36C07
:100580001B06FAD4D8F8483013F08003F5D185F86B
:10059000CC32234B3B4493F85835FF2BB6D1DFEDDB
:1005A000237AC4E7224E03F07F033360336ADA070D
:1005B00004D408F069FD336ADB07FAD51C4BD3ED90
:1005C000097AF8EEE77AB2E71A4EF168F1B11A4B00
:1005D00000201A4A0B44F0601B1105EB8305C5F897
:1005E000E80A88600120C860FF201549D05453787C
:1005F0001078834228BF03469078D278834228BF80
:100600000346934228BF134681F87A30012384F8C9
:10061000FC39BDE8F08100BFC0560020B86700205B
:100620009C23002000400C400CB40120000000007E
:1006300000800C40584C002000BFF7BF504C0020F9
:1006400000E400E0D1ED857A9FEDBA7AF0EEE76A3A
:10065000F0B5F4EEC76A0C460546F1EE10FA2DED42
:10066000068B8FB040F1D280D2ED008A91ED837A73
:1006700092ED018AD1ED847A78EEC78A38EE678AE6
:10068000D4ED819AB1EE699AB4EEE89AF1EE10FADF
:1006900005DDF4EEE89AF1EE10FA00F1968094EDA3
:1006A00082AAF1EE4A7AF4EEC87AF1EE10FA05DD8C
:1006B000B4EEC8AAF1EE10FA00F18780F0EE680AF5
:1006C000B0EE480A17F0AEFA9FED9B7A28EE088A42
:1006D000C0EE077AA8EEA88AB5EE408AF1EE10FACD
:1006E00067EE8A8A00F11F81F1EEC8AA94F82834D7
:1006F0009FED926A07EE903A94F829249FED900AB4
:10070000F8EE677A79EEA86A39EEA95A36EE677A7A
:10071000C9EEA75A66EE876A86EE857A77EE277A63
:10072000FCEEE77ACDED037A9DF80C30591C07EE0C
:10073000103A07EE901AF8EEC76AB0EE497AF8EE72
:10074000E77AA5EEA67AA5EEA79A78EEC78A39EEE3
:10075000479AC8EE897A77EE867A002A3DD127EE4D
:10076000800A9E0017F096FBF7EE007AB6EE006A5C
:10077000D4F8247237EEC00ABB19D3ED016A20EE1B
:10078000060A93ED007A77EEC07A20EE260AA7EEED
:10079000270AF1EE6A7A94F82A34F7EE006A87EEB7
:1007A0008A7A37EE267A002B5BD1B1EE006ADFED54
:1007B000657A0023E0EE067A76EEE77A77EEC77A7E
:1007C000F5EEC07AF1EE10FA7BD4002328462B8098
:1007D000AB700FB0BDEC068BF0BD27EE800A04EBCA
:1007E000830617F057FBF7EE007AB6EE006AD6EDF7
:1007F0008B6A96ED8A7A37EEC00A20EE060A77EE0B
:10080000C07A20EE260AA7EE270AC2E79FED4E7AAD
:10081000D1ED84AA27EE878AD2ED018A91ED83AAD1
:10082000D2ED009A78EEEA8AB0EE480A17F032FB71
:10083000B0EE409AB0EE480A79EECA9A17F026FA5E
:1008400028EE898A60EE688AA9EE808AE9EE898AB4
:100850003AEE888A7AEE288A38EE6A8A78EECA8A70
:100860000EE7DFED3A7AF1EE045A94ED876A60EE16
:10087000277A36EE656A77EEAA5AF4EEC65AF1EE9A
:1008800010FAA2DD7AEEE77AB4EEE76AF1EE10FA3A
:100890009BDD9FED2F6ADFED2F7AE0EE46AAF4EEA6
:1008A000E7AAF1EE10FA2FDCDFED2B7AF4EEE7AADF
:1008B000F1EE10FA89D576EEC06AD4F87C140023E4
:1008C00003E076EEC06AD4F87C1476EEC76A0A6854
:1008D0001668069307930893CDED056A099305AA58
:1008E0000A9304A80B930C930D930BAB009308ABE6
:1008F000B047284604F5067204A907F027F82846F1
:100900000FB0BDEC068BF0BD30EE260AD4F87C1497
:1009100000230A6830EE470A166806930793089387
:100920008DED050ADAE7B0EE480A16F095FEF0EE16
:1009300040AADBE6CDCCCC3DDB0FC9400000000077
:10094000DB0F49409A99193E35FA8E3C0000164358
:1009500000004842000096420000FA42D1ED0A7AB7
:10096000F5EE407A70B5F1EE10FA96680C46054641
:100970002DED048BD2ED008A8EB092ED018ACDED83
:10098000008A8DED018A029646D128EE080AA8EE6B
:10099000A80AB5EE400AF1EE10FA6FD4B1EEC09A93
:1009A000F0EE680AB0EE480A17F03CF9F0EE407A33
:1009B000D4ED086AB7EEC90A9FED367A67EEA67ADB
:1009C000D4ED098A9FED311B87EE878A16F066FE0B
:1009D000237B2846626807EE903AB7EEC00BF8EE2C
:1009E000E77AB0EE487AA8EE807AFBFE476A37EEE7
:1009F000667A67EE877AFBFE677AFDEEE77A17EE96
:100A0000903A03EB4303D118D25A8B782A80AB700B
:100A10000EB0BDEC048B70BD1F4A002307A903A8CC
:100A200007930893B2F8BC32CDED097AADF82830BF
:100A3000D2F8C0320B93D2F8C4320C93D2F8C83239
:100A40000D930BF04DFC94ED057A03A9D4ED047AD7
:100A500007A838EE478A6A4678EEE78A02968DED57
:100A6000018ACDED008A06F097FDDDED078A9DED48
:100A7000088ACDED008A8DED018A86E716F0ECFD3F
:100A8000B0EE409A8CE700BFAFF30080000000405A
:100A90003333D33FDB0F4940B867002030B583B014
:100AA00004462831069D0095FFF758FF204603B005
:100AB00030BD00BF70B5044604302DED068BB0EE9E
:100AC000408A96B006F0DAFFDFEDDF7ADFEDDF5A1D
:100AD000B6EE009A68EE277ADFEDDD6AF2EE084A9C
:100AE00004F20C76B0EE496ADFEDDAAA77EEA77A67
:100AF00096ED007A9FEDD85AA0EE246ADFEDD79AE2
:100B000067EEA57A37EE2A7AE0EE059AC7EEA68A56
:100B100086ED007A84ED116A68EE898AB0EE680A83
:100B200017F0B4F8B0EE408AB0EE680A17F0B2F9E8
:100B3000256B28EE098AB7EE009A2B78F0EE408AF2
:100B400006EE903A6B7830EE499A07EE103AAB78A1
:100B5000B0EEC8AAB0EEC99A07EE903AF8EE666A0F
:100B6000B8EE477AB4EEEA9AF8EE677AF1EE10FA48
:100B700005D5B4EEEAAAF1EE10FA00F18C8128EE68
:100B8000086A0023CDED036A8DED047AB0EE460AC3
:100B90000293CDED057AA8EEA80A30EE060A30EEF3
:100BA000060AB5EE400AF1EE10FA00F1E482B1EE69
:100BB000C07A02AA06A912A8F7EE006AC6EE877AE2
:100BC00028EE277A68EEA77AF1EE476A8DED077A6C
:100BD000CDED067A8DED087A8DED097ACDED0A7AA4
:100BE000CDED0B6ACDED0C6ACDED0D6A06F0C8FDBA
:100BF0000AAA12A90EA806F0C3FDDDED0F6A9FED4B
:100C0000986A9DED107AF4EEC66ADDED117AF1EE88
:100C100010FA40F32781FF21DFED916AB4EEE67A06
:100C2000F1EE10FA00F32C81B5EEC07AF1EE10FA75
:100C300040F1828200229FED8A7AF4EEC77AF1EECB
:100C400010FA00F32681F5EEC07AF1EE10FA00F109
:100C50007A82FCEEE77ACDED017A9DF8043084F8D3
:100C6000241084F8252084F826309FED7A6AEB78EA
:100C7000B4EEC69A06EE903A2B7907EE103A6B79ED
:100C8000F1EE10FA07EE903AF8EE666AB8EE477A9F
:100C9000F8EE677A40F1D181B4EEC6AAF1EE10FA0F
:100CA00040F1CB81FCEEE66ACDED016A9DF80410BF
:100CB000DFED6B6AB4EEE67AF1EE10FA00F317821C
:100CC000B5EEC07AF1EE10FA40F13F8200229FEDBE
:100CD000647AF4EEC77AF1EE10FA00F31182F5EEC1
:100CE000C07AF1EE10FA00F11382FCEEE77ACDED56
:100CF000017A9DF8043084F8271084F8282084F8BD
:100D000029309FED546AAB79B4EEC69A06EE903A5C
:100D1000EB7907EE103A2B7AF1EE10FA07EE903AE3
:100D2000F8EE666AB8EE477AF8EE677A40F120810D
:100D3000B4EEC6AAF1EE10FA40F11A81FCEEE66AB2
:100D4000CDED016A9DF80410DFED456AB4EEE67A58
:100D5000F1EE10FA00F36681B5EEC07AF1EE10FA0A
:100D600040F1E18100229FED3E7AF4EEC77AF1EE88
:100D700010FA00F36081F5EEC07AF1EE10FA00F19E
:100D8000D981FCEEE77ACDED017A9DF8043084F844
:100D90002A1084F82B2084F82C309FED2E6A6B7A71
:100DA000B4EEC69A06EE903AAB7A07EE103AEB7ABA
:100DB000F1EE10FA07EE903AF8EE666AB8EE477A6E
:100DC000F8EE677A6ED5B4EEC6AAF1EE10FA69D5E0
:100DD000FCEEE66ACDED016A9DF80410DFED206AB5
:100DE000B4EEE67AF1EE10FA00F3B780B5EEC07A11
:100DF000F1EE10FA40F1908100229FED197AF4EEA5
:100E0000C77AF1EE10FA00F3B180F5EEC07AF1EE98
:100E100010FA00F17F81FCEEE77ACDED017A9DF8C2
:100E2000043084F82D1084F82E2084F82F30C4ED7F
:100E3000179AC4ED189AC4ED199A3368A36716B0CF
:100E4000BDEC068B70BD00BF0000B443DB0F494012
:100E5000000034436F12833A6F12833B0AD7A33BDF
:100E600000007F43F5EEC06AF1EE10FA13D55FED96
:100E7000046A0021B4EEE67AF1EE10FA7FF7D4AE00
:100E80001FED097AFF22F4EEC77AF1EE10FA7FF730
:100E9000DAAEFF23E3E6FCEEE66ACDED016A9DF8EB
:100EA0000410B9E628EE086A0023CDED036A8DED43
:100EB000047AB0EE460A0293CDED057AA8EEA80AB0
:100EC00036EE000A30EE060AB5EE400AF1EE10FAF0
:100ED00000F14281B1EEC07A02AA06A912A8F7EE8B
:100EE000006AC6EE877A28EE278A68EEA78AF1EEB6
:100EF000487A8DED078ACDED068A8DED088ACDED15
:100F00000B7ACDED0C7ACDED0D7A8DED098ACDED14
:100F10000A8A06F035FC0AAA12A90EA806F030FCCF
:100F2000DDED0F6A1FED326A9DED107AF4EEC66AB0
:100F3000DDED117AF1EE10FA00F3E880F5EEC06A0B
:100F4000F1EE10FA7FF544AF5FED3B6A0021B4EE9D
:100F5000E67AF1EE10FA7FF749AF1FED3F7AFF22F4
:100F6000F4EEC77AF1EE10FA7FF74FAFFF2358E7A0
:100F700028EE086A0023CDED036A8DED047AB0EE09
:100F8000460A0293CDED057AA8EEA80A36EE000ACD
:100F900030EE060AB5EE400AF1EE10FA00F1E180FB
:100FA000B1EEC07A02AA06A912A8F7EE006AC6EE50
:100FB000877A28EE277A68EEA77AF1EE476A8DEDF8
:100FC000077ACDED067A8DED087A8DED097ACDEDB3
:100FD0000A7ACDED0B6ACDED0C6ACDED0D6A06F007
:100FE000CFFB0AAA12A90EA806F0CAFBDDED0F6A14
:100FF0001FED656A9DED107AF4EEC66ADDED117A9B
:10100000F1EE10FA7EDCF5EEC06AF1EE10FA7FF533
:1010100095AE5FED6D6A0021B4EEE67AF1EE10FA5E
:101020007FF79AAE1FED727AFF22F4EEC77AF1EEE7
:1010300010FA7FF7A0AEFF23A9E628EE086A002386
:10104000CDED036A8DED047AB0EE460A0293CDED44
:10105000057AA8EEA80A36EE000A30EE060AB5EECA
:10106000400AF1EE10FA00F18180B1EEC07A02AAD6
:1010700006A912A8F7EE006AC6EE877A28EE277A4C
:1010800068EEA77AF1EE476A8DED077ACDED067A24
:101090008DED087A8DED097ACDED0A7ACDED0B6AEA
:1010A000CDED0C6ACDED0D6A06F06AFB0AAA12A915
:1010B0000EA806F065FBDDED0F6A1FED976A9DED4A
:1010C000107AF4EEC66ADDED117AF1EE10FA1BDC4F
:1010D000F5EEC06AF1EE10FA7FF5E4AD5FEDA06ABF
:1010E0000021B4EEE67AF1EE10FA7FF7E9AD1FEDDC
:1010F000A47AFF22F4EEC77AF1EE10FA7FF7EFAD93
:10110000FF23F8E5FF211FE6FF21D1E5FF2165E67A
:101110000023F0E5002384E6BCEEC77A8DED017A6A
:101120009DF8042069E6BCEEC77A8DED017A9DF842
:10113000042018E600232AE6BCEEC77A8DED017A7A
:101140009DF8042077E5002389E5BCEEC77A8DED94
:10115000017A9DF80420BAE516F07EFAB0EE407AE6
:10116000BAE616F079FAB0EE407A1BE716F074FA98
:10117000B0EE407A7BE716F06FFAB0EE407A18E5F1
:10118000704700BF704700BF704700BF704700BF87
:10119000704700BF026812B3114B124913441B1170
:1011A00010B401EB83010024C1F8E84A01219460E6
:1011B000FF24D1600C4A0D49D45413785478A342CB
:1011C00028BF23469478D278A34228BF234693426F
:1011D00028BF134681F87A305DF8044B704770479A
:1011E00000BFF7BFB8670020504C002000E400E0CB
:1011F000704700BF704700BF704700BF70B5074B16
:101200000646044600F50075036054F8040F08B163
:101210001DF0FEFEAC42F8D1304670BDF02100203A
:10122000704700BF704700BF70B5074B06460446C5
:1012300000F50075036054F8040F08B11DF0E8FED6
:10124000AC42F8D1304670BDDC210020F8B52DED60
:10125000028B90F8B460F0EE408A0446272E0ED838
:10126000721C00EB8603D0B2012884F8B40083ED31
:10127000010A94ED018A1DD004F108050BE000F18C
:1012800008059C22043029461DF0A8FD94ED018A32
:101290003046C4ED288A29460123F1EC017A013356
:1012A000F4EE487ADAB2F1EE10FA48BFB0EE678A8F
:1012B0008242F2D3256804EB8506D6ED287AF4EE57
:1012C000487AF1EE10FA02D194F8B53093B915F0DE
:1012D000FF0704F1A40306D01846BA0004F1A801E0
:1012E0001DF07CFD034603EB8703002243F8042C2A
:1012F00086ED288A002D17DD0023DFED0D7A1A46D2
:10130000013304EB8202DBB292ED297A9D4277EE43
:10131000877A1A46F4DC07EE105AB8EEC70ABDEC1D
:10132000028B87EE800AF8BDDFED017AF3E700BF9C
:10133000000000002DE9F04FC04B00F54055044679
:101340001B68EA6FB5F880109A1A2DED0C8B8A4253
:1013500095B0F0EE408A0495C0F0A282049AD3675B
:10136000B74B1B78002B00F0A782B64BF3EE096A4F
:10137000DFEDB57A93ED007AA3F64423DFEDB35A9F
:10138000E7EE276A0393B24B9FEDB27AD3ED019A51
:1013900076EEE97AF0EEE77AF4EEC77AF1EE10FA3B
:1013A0001FD493ED006AF5EE007A93ED027A93ED87
:1013B000065A29EE877A26EE055A83ED037A37EE30
:1013C000057A83ED045A37EE267AF0EE466A83ED0D
:1013D000057AE7EE276AE6EEA79AC3ED006AC3ED49
:1013E000019A9D4B9FED9B7A93ED019A75EEC97A18
:1013F000F0EEE77AF4EEC77AF1EE10FA1DD4D3EDF1
:10140000006AF5EE007A93ED027A93ED066A29EE12
:10141000077A26EE866A83ED037A37EE067A83ED45
:10142000046A37EE257AE7EE276A83ED057AA6EEA1
:10143000A79AC3ED006A83ED019A884DB0EE680A61
:101440009FED878A05F530638648874E83ED009AC5
:10145000FFF730FB28EE888A96ED070A38EE088AF7
:1014600028EE000A16F012FCF0EE40AA96ED080AEB
:1014700028EE000A16F00AFCB0EE40AA96ED090A22
:101480007A4E28EE000A16F001FCB1EE006A9FEDDC
:10149000787AF0EE085AF0EE697A05F60433AAEE8F
:1014A000067A05F60C3260EE066AD5F8141BDAEE01
:1014B000867A93ED016AD5F81C8BC6ED0D6A05910D
:1014C000A9EE257AD3ED005A6A4B77EEA57A136020
:1014D000F362694B37EE067AC5ED767AC6ED097A86
:1014E000536085ED777A86ED0A7A3363B8F1000FA1
:1014F00000F0048208F101001DF082FD074600287B
:1015000000F0FC81059917F0B9FB5FFA88F19C297E
:1015100041F29D8138461DF07BFDD5F82C3B0B2B0D
:1015200040F2F581D5F8286B0C22544BC5F8302BCE
:1015300007CB1B7830607160B2603373404B1B780F
:10154000002B41F081814E4F79780DA80AF04CFBB9
:101550000F9A0D994B4814F081FF0D981DF058FD1E
:10156000374B1B78002B41F06C81454FB9780DA8A3
:101570000AF03AFB0F9A0D99424814F06FFF0D984C
:101580001DF046FD2E4B1B78002B41F085813C4F12
:101590003D49FA783D4B002A18BF19460C223948BC
:1015A00014F05CFF264B1B78002B41F07281344F06
:1015B00039790DA80AF018FB0F9A0D99314814F0EB
:1015C0004DFF0D981DF024FD1D4B1B78002B41F0A5
:1015D00066812B4F2C497A792C4B002A18BF19466B
:1015E0000C22284814F03AFF154B1B78002B41F0D1
:1015F0001081234F2549BA79234B002A08BF194689
:101600000C22204814F02AFF0D4B1B78002B41F0D0
:101610000C811B4FF9790DA80AF0E6FA0F9A0D9983
:10162000184814F01BFF0D981DF0F2FC044B1B78BA
:10163000002B41F0F780124F397A29E05CC301207A
:10164000F9B1012004610020C54E6C3F0000C84282
:10165000C46000200AD7233CE4600020B867002063
:10166000DB0F494080620020584C00200C610020B4
:10167000000020420000C84200004842704700209D
:10168000FCB10120E072002050470020604700209C
:101690000DA80AF0A9FA0F9A0D99AD4814F0DEFED4
:1016A0000D981DF0B5FCAB4B1B78002B41F0B780BB
:1016B000A94F797A0DA80AF097FA0F9A0D99A448C4
:1016C00014F0CCFE0D981DF0A3FCA24B1B78002B50
:1016D00041F0A280A04FB97A0DA80AF085FA0F9ABE
:1016E0000D999B4814F0BAFE0D981DF091FC994B92
:1016F0001B78002B41F09F80974FF97A0DA80AF0D4
:1017000073FA0F9A0D99924814F0A8FE0D981DF0E7
:101710007FFC904B1B78002B41F08A808E4F397BE9
:101720000DA80AF061FA0D990F9A894814F096FEF7
:101730000D981DF06DFCD5F8281BD5F8307B059170
:10174000002F01F07B80781C1DF05AFC0646002813
:1017500001F07480059917F091FAF8B29C2841F2D3
:10176000358030461DF054FC7A4B1E78002E40F038
:10177000F887794F3B7895F8382B9A4200F0ED873F
:1017800085F8383B754B9FED766A93ED007ADFED77
:10179000757AB8EE477AC7EE066A77EEE67AC5ED57
:1017A000AD7A6E4BDFED6E6A93ED007A95EDA88A07
:1017B000B8EE477AD5EDA90A70EEC80A87EE260A78
:1017C00030EE270A16F030FA38EE000A95F8A83203
:1017D00085EDAC0A23B195F8AA22002A40F07C8757
:1017E000002E40F062875C4FFB7A013BDBB2032B9B
:1017F00001F2B8865C4A02EB8303D3F88435B7EE76
:10180000007AD5EDAE7AF4EEC77AF1EE10FA40F335
:10181000958083ED017A3B7B03EB830303EB83032A
:10182000DBB204F5005696F810A786F81137BAF126
:10183000360F00F2E5804D4911F82A2001EB8A09A4
:10184000012A00F09B80022A40F0DA8099F80120FA
:10185000C2F30110032841F0D786454902F0030086
:1018600001EB401C4FEA401EBCF80670BCF810208B
:10187000B8B2C0F1011010FA82F2571E07FB03F351
:10188000B7EB132F4FEA132041F2B986131AC3F1B5
:1018900001039BB2714480B2ACF806300882A8E024
:1018A000012007F039FC2D4BEA6F1B68B5F880105A
:1018B0009A1A8A42F4D351E52E4AB2EE0A5A9FEDA3
:1018C0002E6AB7EE007A92F80838F3EE096ADFED77
:1018D000255A002B03F10103039207EE903A46FECE
:1018E000255A02F64423F8EEE77A87EE856A77EE0A
:1018F000467A93ED007AE7EE876A44E5002738469A
:101900001DF086FBD5F82C3B0B2B3FF60BAE0D21C3
:10191000D5F8280B1DF084FB0646002800F0D2877E
:101920000C23C5F8280BC5F82C3BD5F8303B002B11
:101930007FF4FAAD0370D5F8286BF5E5F5EEC07AC3
:101940000022F1EE10FA41F135865A6063E700BFDC
:10195000E0720020F9B10120FCB101205CC301203C
:1019600000007A44000000009C2300205022002048
:1019700000801E40C05600200000C84299F80100B7
:10198000C0F30111032901F0C585B44A02EB81328D
:1019900000F00300012199F802C0814000EB4000F3
:1019A00002EB401E1FFA81F8BEF80E104FEA081035
:1019B000B2F8887189B2BFB201FB033380B21B0A4F
:1019C00007438B42A2F8887128BF0B46BCF1010F78
:1019D00001F0BB85BCF1020F01F0AC85BCF1000F3A
:1019E00001F09B85B2F888319BB248EA0308A2F85F
:1019F00088819B4B99F8032003EB0A135B681A60FC
:101A000042F2F060204406F039F804F51C5084EDF1
:101A1000AD0A06F033F8934B84EDAE0A1B78002B29
:101A200040F03881904F7B79002B46D0039B8F4A42
:101A300093F87839D2F80080002B41F096850CABF2
:101A40000DEE103A894B1B68A3EB0803642B01F2DF
:101A5000A985B5F83A3BB5F8401B08EE103A834B20
:101A60001A68D5F83C3BD31A8B4281F02486804B10
:101A700093ED000A039BB8EEC88AB3F81C3807EE52
:101A8000903AF8EEE77A77EE807AB4EEE78AF1EEF4
:101A900010FA41F3BE85012384F8A83244F24408C9
:101AA000704BA0441B78002B40F0FA80FB7A013B7E
:101AB000DBB2032B0CD96F4B0FE00CAB44F24408A4
:101AC0000DEE103AFB7AA044013BDBB2032BF2D8B7
:101AD000694A02EB8303D3F8843504F5804BCBF8D5
:101AE0002431624BBBF82C111A68DBF82831D31A69
:101AF0008B4280F0E480C4F8188060493B79FA7822
:101B000001FB03F35E49053B81FB0301DB17C3EBDC
:101B1000A10303F57A7307EE903A41F26403F8EEFD
:101B2000E77A3344C3ED007A2AB3564BBBF84070D2
:101B300093ED0A7ABFB143F6C6720023224403E054
:101B4000013399B2B9420ED232F8021F6B29F7D194
:101B5000F6EE007A03F2D223049A67EE277A02EBBC
:101B60008303C3ED217ADFED487AB4EEE77AF1EE34
:101B700010FA00F31B87039B93F8FC39002B40F00D
:101B80000F833A4B03981A68D0F8F439B0F8F81973
:101B9000D31A8B42C0F00483C0F8F429DFED3B7AFE
:101BA000B1EE007A2F4B04F5805568EEA77A1978CC
:101BB00005F6940327EE877A83ED867A002940F0B4
:101BC0007085294B9B79002B13BF01220022012332
:101BD0000023F0EE005AD4EDAD6AF2EE043A9FED28
:101BE0002C7AB3EE096A85F8B92C76EEA56A85F8E9
:101BF000BA3CF6EE004A05F55163B2EE004A05F62E
:101C00001472A6EEA37AA6EEA56A37EEA75A67EE7F
:101C1000847A27EE247A83ED876A82ED007A82ED5A
:101C2000017AC3ED867A83ED855AC6EDEA7A0029FA
:101C300040F09A850C4F3B7A013B0A2B00F2AB80B7
:101C4000DFE813F0B80B8D0B620B370BFB0AD00AE1
:101C5000A50A7A0A4F0A240A740000BF00C03D405A
:101C6000441E0020F9B10120FCB101205CC3012019
:101C7000FC720020B07200209C2300204AFCFFFF71
:101C800067666666584C0020CDCC4C3D0000B443DE
:101C90000000484244F244080CABA0440DEE103A58
:101CA000304B04F5804B1A682F4BBBF82C11CBF846
:101CB0002431DBF82831D31A8B42C0F07E859BF8A3
:101CC0003031CBF8282143B39BF83131002B41F060
:101CD0009C83DBF84421234B02F6C4111B68994214
:101CE00001F2A08341F2883313441E4A12689342E2
:101CF00001F2608501238BF831311A4B1F6813F014
:101D000031FD184B1B68DB1BFA2B01F283834FF468
:101D100000620021154816F027FF154BC4F8188003
:101D20001B78002B40F04B85124FE6E6002104F6AD
:101D3000F82C95F8E4010B4602E0CBB298422AD386
:101D400003F5CB72013104EB8202D2F83C2B9445AF
:101D5000F3D1B5F8841098B2E9B141F25A020023E8
:101D600022440EE05CC30120B0720020C056002067
:101D7000F9B10120FCB1012001331FFA83FC614558
:101D800009D932F802CF8445F6D104EB8303D04A57
:101D900003F608731A607B7A4FF0FF094FF00008D2
:101DA0000DAA03EBC3031DEE101A0BA8ADF830907B
:101DB0009B008DF8328007EE903AF8EEE77ACDED91
:101DC0000D7A05F0C3FDBB7AADF8309003EBC30389
:101DD0008DF832809B0007EE903AF8EEE77A0DAA74
:101DE0001DEE101A0AA8CDED0D7A05F0AFFDB94B26
:101DF0009DF82C2006F5B269D3ED007A9DF82A30C3
:101E0000F8EE677A9FEDB47A84F8093B84F8153BC5
:101E1000002387EE870A62F307039DF82D2062F303
:101E20000F239DF82E2062F317439DF8282062F3BC
:101E30001F63C4F804330B9BA4F8043B1B0C84F809
:101E4000063B84F8123BBDF82830A4F8073BBDF8E8
:101E50002930A4F80833B4F8043B99ED198AD9ED78
:101E60001A0AD9ED1E7AA4F8103B70EEC80AB4F82D
:101E7000073B30EE270AA4F8133BB4F80433A4F868
:101E8000103394F8063384F81233B4F80733A4F807
:101E9000133394F8093384F8153315F0C5FE38EE82
:101EA000000A89ED1D0A96F8FC7527B196F8FE35F3
:101EB000002B40F0328143F2840004F6F4172044F2
:101EC000FBF7D8FA04F5357005F0D8FD04F5397044
:101ED000B0EE408A05F0D2FD04F53D70B0EE409AB8
:101EE00005F0CCFDDFED7D6ADFED7D7A04F5317024
:101EF00097ED007AF0EE679A9FED7A6AB0EE67AAE6
:101F0000E9EE267AE0EE269AA8EE26AAB0EE678AD7
:101F100077EE067AC7ED007A05F0B0FD84EDD1AA20
:101F200084EDCB0A04F6FC1084EDD28AC4EDD39A7A
:101F30003B6804F64C27C4F8603305F09FFDF7EECC
:101F4000006ADFED697A04F5226304F5236100205D
:101F500036EEE87ADFF8B8C104F5286227EE277A72
:101F6000D7ED157A83ED090A77EEE67A83ED0A7AE2
:101F700004F664230860C1F804C05C49C7ED157A13
:101F80001963506004F53460C2ED007A584ADA6291
:101F9000FBF77CF995F8E41181B195F84001012334
:101FA00004EB83025F1C984202F58052FBB203D916
:101FB000D2F84471C2F8F0708B42F1D941F2EC10C2
:101FC0002044FBF763F995F8901891B195F8EC0768
:101FD000012204EB8203571C904203F58053FAB2AE
:101FE00005D903F5FE6703F29C733F681F609142B9
:101FF000EFD2404B1B78002B40F0DC833E4BDB796B
:1020000004EE903AF8EEE44A3C4BB3EE046A9FEDDE
:102010003C7AB6EE004AD3ED006AF1EE003AD4ED18
:10202000AB7A05F61C75C6EE872A9FED363ADFEDD2
:10203000366AD4EDAD5A94EDAE5A94EDAC7A87EE93
:10204000862A049BE7EEC47AB7EE006A65EEA35ACF
:1020500025EE235ADFED2D3AE2EE836AA7EE045A0D
:10206000E2EE247A36EEC66A85ED015AB0EEC66A13
:10207000E7EE845AB4EEE36AF1EE10FAC5ED005AC9
:10208000D3ED1A5AA7EE657A40F1878306F23C62D7
:1020900006F23463F6EE006A06F22C66C2ED007AB0
:1020A00082ED017AD3ED005A93ED016A77EEA57ABD
:1020B00037EE067A67EEA67A27EE267AC6ED007A24
:1020C00086ED017A15B0BDEC0C8BBDE8F08F00BF3A
:1020D000CDCC4C3F5CC3012000007A440AD7A33B1F
:1020E0004260E53B0AD7233B0000B4430000B44202
:1020F0000000C042F9B10120FCB10120B8720020FB
:102100000000C8429A99193FCDCCCC3E6F12833A59
:1021100000009642000000001F467B1EDBB203F168
:10212000010809EBC802D2ED017AF4EEC07AF1EEB3
:1021300010FAF1D83FB230EE670A96F8903504EB0A
:10214000C7075FED0C6A012B07F5005707F29C5299
:1021500092ED007A77EE677A80EE277A37EE267A6C
:1021600000F00484022B40F0F28306F5B26303EB27
:10217000C803D3ED027A06F5B263C3ED1C7A96F874
:10218000FD35002B3FF497AED6F89425012BC2ED18
:10219000007A3FF490AED6F89835C3ED007A8AE61F
:1021A000E04F0022012107F1040CB84638461346DF
:1021B0001FE008EBC30E5CF8049CDEF800A04CF8AE
:1021C00004ACCEF80090DEF804904368C0F80490A8
:1021D000CEF80430CB0111F0020F02F1010201F13F
:1021E0000101DBB200F108000CF1080C18BF43F04C
:1021F000400312F0040F18BF43F0200312F0080F41
:1022000018BF43F0100312F0100F18BF43F008037B
:1022100012F0200F18BF43F0040312F0400F18BF54
:1022200043F002035FEAD21E18BF43F001039A4253
:10223000BFDBB1F5807FCDD1BFEE008A9FEDBA4AFA
:102240009FEDBAAA4FF0010BDFEDB99A0594012377
:10225000B1EE444AF7EE004ABE4603FA0BFC0823EF
:10226000B0EE4A5A4FF000084FEA6C0903FA0BF43B
:102270004FEAC90A0AEB0E030EF10401724640460A
:1022800093ED016A6044D3ED005A26EE457A51ED94
:10229000016A65EE257AFF28A4EEA57AE4EE867A37
:1022A00076EEC76AC3ED006AD2ED016A76EEE76AA0
:1022B000C3ED016A234451ED016A36EE877A01EDE0
:1022C000017A214492ED017A77EE277AC2ED017A04
:1022D0002244D5DD08F1010864EE457A25EE085A5E
:1022E0000EF1080EC145E4EE887AA4EE845A02D0BD
:1022F000F0EE674ABEE70BF1010BBBF1090F16D0F8
:10230000012303FA0BF35B1007EE903AF8EEE77A3D
:1023100089EEA79AB0EE490A15F0BCFDB0EE408AEE
:10232000B0EE490A15F0B2FCB0EE404A8FE7059CCA
:1023300007F50069DFF81C8297ED010AD7ED007AF6
:1023400020EE000AA7EEA70AB5EE400AF1EE10FA59
:1023500001F1C484F1EEC07A08374F45E8EC017A08
:10236000EAD1744BF7EE009A9FED709A4FF0010A94
:10237000D3ED007A4FF00009D3ED01AAB0EE49AADF
:102380006D4BB1EE67BA6D4A7AEEE7AADFED6CBA33
:102390009B46DFF8C4811746CDE90546DFED637A39
:1023A0005FFA89F6674901221FFA89F41FFA8AFC4D
:1023B00093B201329C4205D89C4503D391ED007A3B
:1023C00077EE877A802A01F10401F1D1AAEB0902A4
:1023D000013207EE102AB8EEC70A87EE800A15F020
:1023E0000BF998F8504018ED01CAA8F10402132C1B
:1023F000B3EE047AF0EE4B7A79EECCCAE0EE077ACF
:1024000087EEAA8A38EE0A8AB0EEC88A00F2A68061
:1024100002EB84020134E4B288F8504082ED018A74
:10242000DFED427A414600220132B1EC017AD3B2AB
:1024300077EE877AA342F7D307EE104AF8EEC76A21
:1024400087EEA67A67EE2C7AE8EE0C7A78EE677A59
:1024500077EEA77AF4EEE97AF1EE10FA59DDF7EEAD
:10246000007A06EBC602C8ED157AEBEC017A06EBB2
:10247000420303EBC303C3F3850242EA8313DBB2D7
:10248000152B74D909F101090AF1010A043708F181
:102490005C08B9F17F0F81D1F2EE047A9FED2A7AC0
:1024A000DDE9054669EE277A67EEA77AF4EEC77A8A
:1024B000F1EE10FA40F3F280F1EE046AB7EE007A22
:1024C00067EEA67AF4EE477AF1EE10FA77FE277AF5
:1024D000184B4FF40062002112481D46C3ED0A7AE2
:1024E00016F042FB194B2A8905F10C000399B3FB46
:1024F000F2F303EB4303DA000023013A81F8FC39DD
:10250000A1F8F239A1F8FE39114914F001F8FFF7EA
:1025100045BBF5EEC07AF1EE10FAA2D5F0EE4A7A9C
:102520009FE700BF886A00202EBDBBB300000000FB
:10253000DB0F4940584C00200CB201200CB40120A4
:10254000000080397C730020CDCC4C3E40420F000F
:10255000CDCF000078730020EC7800204C2208F1E9
:10256000040140461CF03AFC88ED138A58E797EDC9
:10257000008ACC4C28EE2B8A95F8EC3F94ED3A7A01
:10258000D4ED006A092B38EE477A39EEE66AB0EEF0
:10259000C77A66D92269D4ED035AE260626994ED84
:1025A000025A2261A26975EE0A7A84ED015A6261CB
:1025B000E26977EEA57AC4ED025AA261226AE2616D
:1025C000626A2262A26A84ED0A7A6262D4ED035AD8
:1025D000032B77EEA57A27D0D4ED045A042B77EE9F
:1025E000A57A21D0D4ED055A052B77EEA57A1BD01C
:1025F000D4ED065A062B77EEA57A15D0D4ED075AFE
:10260000072B77EEA57A0FD0D4ED085A082B77EE7A
:10261000A57A09D0D4ED095A092B77EEA57A03D013
:10262000D4ED0A5A77EEA57A05EE903A9E48F8EE78
:10263000E55A87EEA59A29EE069AA7EE269AB0EEFD
:10264000490AFEF703FE39EE409A84ED3A8AB4EE69
:10265000E99AF1EE10FA19DDB7EE009A84ED3B9A93
:1026600010E75A1C04EB830383ED017AD3B2D4ED57
:10267000017A012B85F8EC3F77EE8A7AD4D0D4ED3D
:10268000025A022B77EEA57AA0D1CDE7B5EEC09A1B
:10269000F1EE10FAE2D5B0EE4A9ADFE7DFED877A85
:1026A00016E70B460022FFF794BAB7EE007AD5ED95
:1026B000AE7AF4EEC77AF1EE10FA00F33D81F5EE52
:1026C000C07A0023F1EE10FA00F13C81774BC3EDA4
:1026D000017A0023FFF7A5B85A1ED2B2571C05EBAA
:1026E000C701D1ED9A7AB4EEE70AF1EE10FA0CDAEE
:1026F000511E1346CAB2571C05EBC701D1ED9A7A99
:10270000F4EEC07AF1EE10FAF2D8013330EE670A37
:10271000DFED6A6A05EBC30895F8683298ED9A7A9E
:10272000012B77EE677A80EE277A37EE267A00F073
:10273000E880022B40F0D48005EBC707D7ED9B7AE9
:1027400095F8A932C5EDAB7A002B3FF449A8D5F82E
:102750006C32C3ED007AFFF743B8D5EDAD7AFFF7E1
:1027600020B80023FFF707B89FED548A4FF0FF0809
:1027700000270DAA1DEE101A0BA88DED0D8AADF8DD
:1027800030808DF8327005F0E1F8F0EE487AADF85F
:1027900030808DF83270FFF722BBB0EEE66AB4EEFF
:1027A000E36AF1EE10FA00F1A68067EEA67A27EE52
:1027B000267A6BE4DFED414A26E4C4F8188041F242
:1027C00064033B4A33441A60FFF7D5B900283EF44E
:1027D000C8AF00223749134696469F420ED916F8D5
:1027E00003C00133834201F801CFF6D1002A3EF441
:1027F000B8AF002385F8243BFEF7B3BF01330122B5
:1028000001F801EF8342E8D1002385F8243BFEF76D
:10281000A8BF2949FEF7F4BE0021FEF75DBF0021E5
:10282000FEF748BF0021FEF733BF0021FEF7F3BEDD
:102830000021FEF775BF0021FEF760BF0026FEF7FE
:1028400090BF0021FEF793BE0021FEF77EBE002957
:102850003EF460AE002237361346944698450DD9B3
:10286000F85C01338B4206F8010FF7D1002A3EF4E1
:1028700051AE002385F8243BFEF74CBE0133012204
:1028800006F801CF8B42E9D1002385F8243BFEF7FF
:1028900041BE0021FEF78DBE0749FEF77FBE064907
:1028A000FEF79EBE78770020A8770020B072002047
:1028B00000007A44DF610020504700200000000043
:1028C000DB0F4940D5F8280B18B11CF0A1FBC5F867
:1028D000286B0023C5F82C3BC5F8303BFEF72EBE15
:1028E00005EBC707D8ED9B6AD7ED9B7A76EEE76AD2
:1028F000E7EE267A24E71FED0F7AF0EE477AFFF72E
:10290000C5BB1FED110A05EBC70727EE000A15F03E
:10291000C1FAB7EE007AF6EE007A98ED9B6AD7ED31
:102920009B6A37EE400A60EE277A37EE677A67EEE9
:10293000867AE6EE877A03E7D94B83ED017A0023A6
:10294000FEF76FBFD64A53600023FEF76ABF06F555
:10295000B26307F5B46703EBC803D7ED006AD3EDA4
:10296000027A76EEE76AE7EE267A04E49FEDCD0A76
:1029700007F5B46727EE000A15F08CFAB7EE007A77
:10298000F6EE007A06F5B263D7ED006A37EE400A3C
:1029900003EBC80360EE277A37EE677A67EEA67A14
:1029A000D3ED026AE6EE877AFFF7E5BBBE4B06F68B
:1029B000AC5242F65C6EB7EE006A1B894FF0000C19
:1029C000D2ED005AA64408EE103AB84B36EE656ACE
:1029D000DFEDB76AB8EE488A93ED015A96F8D81D34
:1029E000F14688E07B2800F3E280D3ED007AD3ED56
:1029F000011A37EEA61A13ED012AD3ED022A13EDC0
:102A0000023A77EE817AD3ED033A13ED034AD3ED20
:102A1000044A77EEA17A13ED047A77EE827A77EEA4
:102A2000A27A77EE837A77EEA37A77EE847A77EEDE
:102A3000A47A77EE877A092940F296801069D2ED60
:102A4000034AD060506992ED024A1061906934EEF9
:102A5000267A82ED014A5061D06937EE247AC2EDC0
:102A6000024A9061106AD061506A1062906AC2EDA9
:102A70000A7A5062D2ED034A032937EE247A27D02E
:102A8000D2ED044A042937EE247A21D0D2ED054A4A
:102A9000052937EE247A1BD0D2ED064A062937EEF7
:102AA000247A15D0D2ED074A072937EE247A0FD0C1
:102AB000D2ED084A082937EE247A09D0D2ED094A26
:102AC000092937EE247A03D0D2ED0A4A37EE247A68
:102AD00004EE901A0CF1010C0433B8EEE44ABCF198
:102AE000800FC7EE044A24EE867AA7EEA57A09ED98
:102AF000017A00F09580BCF1040F0FFA8CF0E9EC3C
:102B0000016A3FF66FAF93ED007A77EE267ABCF15B
:102B1000000F3FD00CF1FF3077EE877A93ED017A0A
:102B2000002877EE877A03DD13ED017A77EE877A56
:102B3000ACF1020093ED027A002877EE877A03DD8C
:102B400013ED027A77EE877A93ED037ABCF1040FE6
:102B500077EE877A01D177EE857A93ED047A0929A9
:102B600077EE877A3FF66AAF481C02EB8101C0B26C
:102B700086F8D80D0128C1ED017A92ED017A37EE81
:102B8000267A46D0D2ED024A022837EE247A40D087
:102B900001466FE793ED014AD3ED024A77EE847A5E
:102BA00093ED037A77EEA47A77EE877AD5E793ED03
:102BB000007ABCF17F0F53ED014A77EE267A77EE6B
:102BC000877A77EEA47A26D0D3ED014A0CF1020081
:102BD00013ED027A77EEA47A7F2877EE877A03D80E
:102BE00093ED027A77EE877A0CF1030013ED037A06
:102BF0007F2877EE877A03D893ED037A77EE877A8A
:102C00000CF1040013ED047A7F2877EE877AA4D9BB
:102C100011E701465CE713ED027A77EE877AE3E786
:102C200042F2147ADFED227A42F2AC7342F6AC3211
:102C3000A24442F6AC11B0EE677A23440AF5E9608B
:102C4000224421440AF5D96A0590A3EC017A83ED68
:102C50007F7AA2EC017AD2EDAB6AF4EEE76AF1EE8C
:102C600010FA58BFF0EE667A9942EED106F5F46399
:102C700093ED01AAB4EEE7AAF1EE10FA00F1328565
:102C800050468022002115F06FFF002142F6DB5AEA
:102C90008846A2440A460B460846894617E000BF0C
:102CA000B0720020DB0F4940584C00200CB20120CC
:102CB000000000000000003C002474495FFA8EF020
:102CC00009F101095FFA89F9B9F1800F18D01AF8F2
:102CD00001CF00F1010EBCF1000FEFD18342A9EB4F
:102CE000000E80F0CA8109F101091A4641460346E7
:102CF0005FFA89F960465FFA8EF8B9F1800FE6D184
:102D0000072A40F2C582072B40F2C282414540F2B9
:102D1000C182C3F34703434407EE903AC2F347032B
:102D20000B44B8EEE77A07EE903AF8EEE77AF6EE63
:102D3000006A1FED206AD6F8941706F2147227EE87
:102D4000067A06F5F16068EE266A069167EE867AE5
:102D5000D6F89817D6F88497002327EE267A02F63D
:102D6000481C67EEA67A059106F5835102F51562B7
:102D700090E8010C8CED007AC1ED007AC9F80030C2
:102D800003600698CAF80030CBF80030036005985D
:102D90000360D6F89C070360DCED009AD2ED007A60
:102DA00091ED008AF4EEE79A0790F1EE10FA05DC57
:102DB000F4EEC87AF1EE10FA40F1DD80D6F84C3727
:102DC00093ED010AD3ED007A38EE400A79EEE77A06
:102DD00020EE000AA7EEA70AB5EE400AF1EE10FABF
:102DE00000F17687B1EEC09A5FED4D7AD6F8503794
:102DF00093ED010AB4EEE79A38EE400AF1EE10FACC
:102E000020EE000A58BFB0EE679AD3ED007A79EE53
:102E1000E77AA7EEA70AB5EE400AF1EE10FA00F144
:102E20005187F1EEC07AF4EEC97AF1EE10FA00F1B2
:102E300043874FF00008D6F8543793ED010AD3EDDD
:102E4000007A38EE400A79EEE77A20EE000AA7EE23
:102E5000A70AB5EE400AF1EE10FA00F12787F1EE6D
:102E6000C07AF4EEC97AF1EE10FA03D5B0EE679AA3
:102E70004FF00208D6F8583793ED010AD3ED007AE7
:102E800038EE400A79EEE77A20EE000AA7EEA70AAC
:102E9000B5EE400AF1EE10FA00F10287F1EEC07AC9
:102EA000F4EEC97AF1EE10FA03D5B0EE679A4FF05E
:102EB0000308D6F85C3793ED010AD3ED007A38EEBB
:102EC000400A79EEE77A20EE000AA7EEA70AB5EEEF
:102ED000400AF1EE10FA00F1DD86F1EEC07AF4EE70
:102EE000C97AF1EE10FA03D5B0EE679A4FF00408F4
:102EF000D6F8603793ED010AD3ED007A38EE400A38
:102F000079EEE77A20EE000AA7EEA70AB5EE400AAE
:102F1000F1EE10FA00F1B286F1EEC07AF4EEC97A61
:102F2000F1EE10FA03D5B0EE679A4FF00508D6F827
:102F30006437D3ED017A93ED007A78EE677A39EE53
:102F4000C77A67EEA77AE7EE077AF5EE407AF1EEF8
:102F500010FA00F19986B1EEE70A4FF07E52B4EE16
:102F6000490AF1EE10FA48BF4FF0060806EB880850
:102F7000D8F884371A60D9F80000002F3EF4FBAD72
:102F800043F6C67300222344194604E001321FFAB7
:102F900082FC67450BD931F802CFBCF1640FF5D143
:102FA00002F2D222049901EB8202C2F8840019468F
:102FB000002203E0013290B287420CD931F8020FAF
:102FC0006928F7D102F2D22205990498096800EB2A
:102FD0008202C2F884101946002203E0013290B246
:102FE00087420CD931F8020F6628F7D102F2D222BB
:102FF0000498DAF8001000EB8202C2F88410194637
:10300000002203E0013290B287420CD931F8020F5E
:103010006728F7D102F2D2220498DBF8001000EB07
:103020008202C2F884101946002203E0013290B2F5
:1030300087420CD931F8020F6828F7D102F2D22268
:1030400006990498096800EB8202C2F88410079A76
:103050001168002204E0013290B287427EF68BAD07
:1030600033F8020F6A28F6D102F2D223049A02EB57
:103070008303C3F88410FEF77EBD9042A9EB000ED7
:1030800084BF02465FFA8EF1604619E6002104F61D
:103090004C2C95F8E4010B4603E0CBB29842FEF4C9
:1030A0007AAE03F5CB72013104EB8202D2F83C2BED
:1030B0009445F2D1B5F8841098B200293EF46BAE75
:1030C00041F25A020023224405E001331FFA83FC37
:1030D0008C45BEF460AE32F802CF8445F5D1FEF7E0
:1030E00054BE002104F5307C95F8E4010B4603E062
:1030F000CBB29842FEF44FAE03F5CB72013104EB34
:103100008202D2F83C2B9445F2D1B5F8841098B2E3
:1031100000293EF440AE41F25A020023224405E069
:1031200001331FFA83FC61457EF635AE32F802CFDB
:103130008445F5D1FEF729BE002104F6F81C95F868
:10314000E4010B4603E0CBB29842FEF424AE03F553
:10315000CB72013104EB8202D2F83C2B9445F2D1C0
:10316000B5F8841098B200293EF415AE41F25A0227
:103170000023224405E001331FFA83FC61457EF6FB
:103180000AAE32F802CF8445F5D1FEF7FEBD00212C
:1031900004F6D42C95F8E4010B4603E0CBB2984238
:1031A000FEF4F9AD03F5CB72013104EB8202D2F8E3
:1031B0003C2B9445F2D1B5F8841098B200293EF426
:1031C000EAAD41F25A020023224405E001331FFA1E
:1031D00083FC61457EF6DFAD32F802CF8445F5D140
:1031E000FEF7D3BD002104F6A42C95F8E4010B46AC
:1031F00003E0CBB29842FEF4CEAD03F5CB720131C1
:1032000004EB8202D2F83C2B9445F2D1B5F884103D
:1032100098B200293EF4BFAD41F25A020023224485
:1032200005E001331FFA83FC61457EF6B4AD32F848
:1032300002CF8445F5D1FEF7A8BD002104F6EC2CA1
:1032400095F8E4010B4603E0CBB29842FEF4A3AD3F
:1032500003F5CB72013104EB8202D2F83C2B94458A
:10326000F2D1B5F8841098B200293EF494AD41F241
:103270005A020023224405E001331FFA83FC614512
:103280007EF689AD32F802CF8445F5D1FEF77DBDDB
:103290001A464146C2F34702C3F347030A44434474
:1032A00007EE902AB8EEE77A07EE903AF8EEE77A62
:1032B0003DE5002104F6C82C95F8E4010B4603E037
:1032C000CBB29842FEF467AD03F5CB72013104EB4B
:1032D0008202D2F83C2B9445F2D1B5F8841098B212
:1032E00000293EF458AD41F25A020023224405E081
:1032F00001331FFA83FC61457EF64DAD32F802CFF3
:103300008445F5D1FEF741BD002104F6BC2C95F8AB
:10331000E4010B4603E0CBB283423EF63CAD03F53D
:10332000CB72013104EB8202D2F83C2B9445F2D1EE
:10333000B5F8841098B200293EF42DAD41F25A023E
:103340000023224405E001331FFA83FC61457EF629
:1033500022AD32F802CF8445F5D1FEF716BD00212B
:1033600004F52B6C95F8E4010B4603E0CBB29842D0
:10337000FEF411AD03F5CB72013104EB8202D2F8F9
:103380003C2B9445F2D1B5F8841098B200293EF454
:1033900002AD41F25A020023224405E001331FFA34
:1033A00083FC61457EF6F7AC32F802CF8445F5D157
:1033B000FEF7EBBC002104F52E6C95F8E4010B46FA
:1033C00003E0CBB29842FEF4E6AC03F5CB720131D8
:1033D00004EB8202D2F83C2B9445F2D1B5F884106C
:1033E00098B200293EF4D7AC41F25A02002322449D
:1033F00005E001331FFA83FC61457EF6CCAC32F860
:1034000002CF8445F5D1FEF7C0BC4046FCF72CFD49
:10341000FEF773BC0A2005F07FFECB481BF01AFEB6
:10342000FEF775BC039B4FF00009039F0021B3F921
:103430008E29CA46D7F8B009D31D48BF02F10E0342
:10344000B7F98C29DB1003FB02F215F08DFB38462F
:1034500008940996BD4B1FFA89F60FFA89F40027E4
:1034600003EB0913069309F00703079309E04FEAFA
:103470004A0A5FFA8AFA1AF0800F12D10137802FB8
:103480003FD0BBB20FFA87FC059317F007036246E3
:10349000EDD1069901EBEC0E9EF894A51AF0800F81
:1034A000ECD0B0F990E9E645E8DDB0F992C9A44561
:1034B000E4DD90F89EC9BCF1020F00F06C81BCF114
:1034C000030F00F05C81BCF1010FB0F98CC900F072
:1034D00051813946079B2246002A07F10107B8BFF0
:1034E0000732802F4FEAE20212FB0C124FF001016B
:1034F00001FA03FCD0F8B0198B5C43EA0C038B543F
:10350000BFD109F10109B9F1400FA3D1DDE90846A6
:10351000FEF7F3BB8E4AFEF73BBACB1A9BB2AEF86E
:103520000A30B2F880319BB248EA0303A2F8803136
:10353000FEF758BA9BB2AEF81E30B2F880319BB29B
:103540001843A2F88001FEF74DBA9BB2AEF81630D0
:10355000B2F880319BB243EA08239BB2A2F88031D3
:10356000FEF740BA7B4BFEF74AB995F8393B2BB3CF
:103570000CAB0DEE103A9C23012203988DF83430E9
:103580000DAB00921946D0F8600911F0B9FB9DF817
:103590003430A5F83A3B704B1B68A3EB0803642B4F
:1035A0007EF657AA0A2005F0B7FD67481BF052FDCA
:1035B000FEF74FBAC3ED017AFEF72DB903988022CA
:1035C0000CA990F869398DF830200DEE101A43F0EF
:1035D0000403C3F3000280F8693903F07A03D0F8DA
:1035E00060091343012243F004038DF834300B4685
:1035F0000DA912F0D3FC012385F8393BBBE7901EDF
:103600004FF6FF73FEF746B9544901EB8031FEF7E0
:1036100025B9039B504A93F880391268059203B389
:1036200095F87C3B002B00F0548102230398012283
:103630001DEE101A00930823D0F87C098DF8303065
:103640000DAB11F05DFB002800F04181BDF8343076
:103650004FF6FF72934200F03A81C3F30A03A5F8D4
:103660007E3B3D4B059A1B689B1A642B64D8B5F8CA
:103670007E3BB5F8841B08EE103A374B1A68D5F834
:10368000803BD31A8B4222D2354B93ED000A039B29
:10369000B8EEC88AB3F87A3907EE903AF8EEE77ACE
:1036A00077EE807AB4EEE78AF1EE10FACCBF012310
:1036B0000023FEF7F1B9B8EE480A2A48C5F83C2BBA
:1036C000F9F78CFC284B83ED000AFEF7D3B9B8EE6E
:1036D000480A2648C5F8802BF9F780FC204B83ED7B
:1036E000000AD4E796F8A087DFED217AB8F1000F41
:1036F00000F0768108F1FF3242F66063D2B22344D3
:1037000003EB82037246B2EC017A934277EE877A3A
:10371000F9D107EE108AF8EE476A9FED157AC7EEE9
:10372000A69AFEEC017A734577EEE97AA7EEA77ABE
:10373000F7D187EE260A57E10A2005F0EDFC024892
:103740001BF088FC93E700BFE05E00209C23002074
:1037500000803E40B07200205CC3012000C01D40CC
:103760004073002000730020FC720020447300208E
:10377000000000000CF1FF31891B09B2ACE6B0F883
:103780008E394946059A013BB0F98CC99B1A1AB289
:1037900003F00703A0E6B0F98CC9B0F88E390CF13C
:1037A000FF320599013B511A9B1B09B21AB203F073
:1037B000070391E6039B4FF00009039F0021B3F933
:1037C0008E29CA46D7F8B009D31D48BF02F10E03AF
:1037D000B7F98C29DB1003FB02F215F0C5F9384666
:1037E00008940996C64B1FFA89F60FFA89F4002748
:1037F00003EB0913069309F00703079309E04FEA67
:103800004A0A5FFA8AFA1AF0800F12D10137802F24
:1038100037D0BBB20FFA87FC059317F00703624657
:10382000EDD1069901EBEC0E9EF894A91AF0800FE9
:10383000ECD0B0F990E9E645E8DDB0F992C9A445CD
:10384000E4DD90F89EC9BCF1020F31D0BCF1030F4A
:1038500022D0BCF1010FB0F98CC918D03946079BB2
:103860002246002AB8BF0732D21012FB0C120121E7
:1038700001FA03FCD0F8B0198B5C43EA0C038B54BB
:10388000C4E709F10109B9F1400FABD13EE60CF1F3
:10389000FF31891B09B2E4E7B0F88E394946059A31
:1038A000013BB0F98CC99B1A1AB203F00703D8E7A1
:1038B000B0F98CC9B0F88E390CF1FF320599013B93
:1038C000511A9B1B09B21AB203F00703C9E7002380
:1038D000C5E613930DA80E93ADF842308DF846302F
:1038E000039BD3F87C390D9340F20113ADF84430BB
:1038F00006F09AFB9DF84490B9F1040F54D840F0BB
:1039000001031393B9F1000F1DD09DF84620002A42
:103910004ED009F15002B9F1010F4FEA13216A4468
:1039200002F80A3C0FD0B9F1020F02F80B1C4FEA63
:10393000134108D0B9F1040F4FEA136302F80C1CCD
:1039400001D18DF84730BDF84220DDF834A0D3B264
:10395000ADF83020120ABAF1000F00F03C819DF85A
:1039600045B0DAF80C3009EB0B029A421CD89AF8F1
:103970000030DAF804205B0082F8A53040F2011331
:10398000A2F82F31BBF1000F00F01681DAF80480A5
:103990005C4AD8F800305B68934240F01581B8F873
:1039A0003031002B40F0EE80012385F87C3B3CE673
:1039B000B9F1010F4FEA13228DF84730C3D0B9F1A6
:1039C000020F8DF848204FEA1342BCD0B9F1040F22
:1039D0004FEA13638DF84920B5D18DF84A30B2E72C
:1039E000C7EEA79AB0EE690AB5EE400AF1EE10FAFA
:1039F00000F1AE80B1EEC09A04EB8803C8F1800BF1
:103A00000FFA88F203F50053C34503F6A81103F635
:103A1000A833C1ED009A83ED009A7FF636A9C8F16C
:103A2000010342F66060F0EE497A3946DBB2DFED21
:103A300036AA0719069304EB8202059B2AEE277A21
:103A400003EB880302F50059D3ED007A09F6A813B9
:103A500093ED006A77EEC66AF0EEE66AF4EEC76AA6
:103A6000F1EE10FA48DDF4EEC67AF1EE10FA02DD5E
:103A700001230AF8083006F5F463B7EE007AD3EDB7
:103A8000026A09F5F56337EE667A93ED006A27EE70
:103A9000067AA7EEA67AF0EE477A09F2AC73C3ED88
:103AA000007A069B08EB0300C0B2B8F1000F2DD0DE
:103AB00000F6973208F1FF339FED137A50FA83F343
:103AC00004EB820207EB83031046F0EC017A834299
:103AD00037EE277AF9D107EE908AF8EE676ADFEDC4
:103AE0000A7A87EE266AB2EC017A934237EE467A7A
:103AF000E7EE077AF7D10DE000230AF80830CCE7AB
:103B00009C2300204140010000000000F0EE6A6AA2
:103B10005FED037A87EEA60AB5EE400AF1EE10FAE1
:103B20001BD408F1010809F6AC1309F6AC395FFAA9
:103B300088F8C3ED009A89ED009AC3451FD906EBBA
:103B400088030FFA88F203F6A433D3ED017A72E703
:103B500013F082FDB0EE409A4EE708F1010807919C
:103B600013F07AFD09F6AC135FFA88F809F6AC3960
:103B7000C3ED009AC345079989ED009ADFD80F4637
:103B8000FFF783B898F82F31C3F18902934538D9EC
:103B90000121C8F8041008F1A5001DEE101A0692C4
:103BA000184415F0D3FD98F82F31069A134488F87D
:103BB0002F3193457FF4F8AE4A46504601230DF16C
:103BC000470106F0DDFAEFE65A4640461DEE101AB0
:103BD00098470246EDE70E9870B39DF84010032910
:103BE00018D081B903F07F038DF830309DF845304F
:103BF0004A460DF1470100931DEE103A12F014FBF6
:103C0000D2E65A46C7E702292FD163F07F038DF829
:103C10003030EBE78DF8313022F001030DF1470130
:103C20004A468DF830309DF84530013300931DEE43
:103C3000103A12F0F9FAB7E60F9B002B3FF4B4AE3E
:103C4000197C9DF8452000293FF4AEAED3F80C80D6
:103C5000B8F1000F3FF4A8AECDF800901DEE101A99
:103C600058690DF14703C0479EE60129BED103F014
:103C70007F0343F040038DF83030B7E713F0ECFCDE
:103C8000F0EE407AFFF74AB9B0EE670A13F0E4FCB1
:103C9000FFF763B913F0E0FCF0EE407AFFF71FB9CD
:103CA00013F0DAFCF0EE407AFFF7FAB813F0D4FC28
:103CB000F0EE407AFFF7D5B8B0EE679A4FF0010802
:103CC000FFF7B9B813F0C8FCF0EE407AFFF7ABB8D5
:103CD00013F0C2FCB0EE409AFFF786B8083713F035
:103CE000BBFCA8EC010A4F457EF426ABFEF739BBBE
:103CF00010B50446C06A08B11BF08AF9206B08B100
:103D00001BF086F9204610BD10B50446406808B186
:103D10001BF07EF9A06808B11BF07AF9204610BDAF
:103D200070B5074B0646044600F50075036054F86D
:103D3000040F08B11BF06CF9AC42F8D1304670BDED
:103D400004220020704700BFB2EE0A7AD0ED007A5C
:103D5000084B416867EE877A03F6442203F64C234A
:103D6000C0ED007A51604168C2ED007AC3ED077A78
:103D700019627047C056002091ED007AD0ED007AAC
:103D8000D1ED016AF4EEC77A90ED016A90ED035A25
:103D9000F1EE10FAB4EEE66AD0ED026A58BFF0EE2A
:103DA000477AF1EE10FA54BF0B1D031D93ED007A14
:103DB000C0ED007A91ED006A80ED017AF4EEC66AFA
:103DC000D1ED015AF1EE10FAB4EEE55A76FE866AAC
:103DD000B6EE006AF1EE10FA76EEA77ACCBF00F1EB
:103DE0000C01043167EE867AD1ED005AC0ED026A0B
:103DF00035EE877AC0ED035AC0ED047A27EE067AD5
:103E000080ED057A704700BF0B682DE9F04F0D4635
:103E100083B05B6982460846002498472B68814638
:103E200028469B69984706462B682846DB699847D1
:103E3000A04240F201819AF80830B7EE007ADAED3C
:103E4000016A00225B08ADF8062007EE903AF8EE12
:103E5000E77A77EEC77AA6EEA77AFDEEC77A17EE75
:103E600090BACBF100035B4525DA824B4FEA4B0158
:103E70001B68002B00F0C5807F4A82FB0320DA1705
:103E80001844C2EB20427D4800FB12337C4800FB03
:103E900002F244F2A71000FB0322002A80F2E58020
:103EA0006FF000431344734A1360B3FBF1F201FB5C
:103EB0001233A3EB0B03BBF1010F59DD6D4A0BF17C
:103EC000FF301268002A00F09A806B4981FB0217CC
:103ED000D1171744C1EB2741684F07FB1122684FE8
:103EE00007FB01F144F2A71707FB0211002980F23A
:103EF000BE806FF000470F445E4A1760B7FBF0F2D8
:103F000000FB1277013729680DF106022846D1F827
:103F100040802146C047BBF10003B8BF0133B7EB77
:103F2000630F27DB00286ED04FF000084346B846E9
:103F30001F46BDF8063004EB44022846611C03EB23
:103F4000430306EB020C39F803E04B4426F802E089
:103F50009B788CF8023007B18CB22B680137DB6993
:103F60009847A04201D9B845E3D10134A4B25BE738
:103F70000127C8E7C0B9B8468346074604EB4403A7
:103F80002846611CF21882F802B026F803B007B187
:103F90008CB22B680137DB6998478442E5D2B8457B
:103FA000ECD10134A4B23FE74FF000083B4647464E
:103FB0009846BDF8063004EB4402284604F1010C93
:103FC00003EB430306EB020E09EB030191F802B089
:103FD00006F802B019F803308EF801304B788EF8ED
:103FE00002300FB11FFA8CF42B680137DB69984758
:103FF000A042BAD94745DCD10134A4B214E7214F1D
:104000007AE7204B4FE7B8468346074604EB440364
:104010002846611CF21882F802B026F803B007B1F6
:104020008CB22B680137DB69984784429DD2B84532
:10403000ECD10134A4B2F7E6002404E0F05A29F8E8
:1040400003008B7893702B682846DB699847A3B2EE
:1040500001341A4603EB4303904206EB030109EBDC
:104060000302EBD803B0BDE8F08F13461BE70F4601
:1040700042E700BF00A700205F0B4E831DF3010045
:10408000ECF4FFFF42CE0C1F2DE9F04F0B688B467E
:104090002DED028B89B05B69B7EE008A059008466A
:1040A0009847DBF80030814658469B6998470023C3
:1040B00004900293BDF808105846DBF800300191D7
:1040C000DB6998470199884240F28880059BB0EEF1
:1040D000487A4FF000001A7AD3ED016A5208BDF811
:1040E0000830ADF81E0007EE902A03EB4302ADF84E
:1040F0001C00F8EEE77A09EB020319F8026093F866
:1041000002A077EEC87A03925A78A6EEA77A0192B7
:10411000FCEEC77A17EE903A1FFA83F8B8F1000F59
:104120003CD00F460124DBF800300DF11E0258464A
:1041300001341B6B9847DBF80030394607AA5F6BE8
:1041400005465846B847BDF81E10E2B2BDF81C70CF
:1041500001EB410C1446FDB1F0B107EB470009EB50
:104160000C0E19F80C3009EB000C19F80000019D39
:1041700003449EF8010033449EB29EF802309CF83E
:1041800001E07044054428469CF802502B4480B25C
:10419000534401901FFA83FA4245C4D902984FEA6A
:1041A00048080130B6FBF8F60290FF2E0198A8BF30
:1041B000FF26B0FBF8F5BAFBF8FAFF2DDDE9031294
:1041C000A8BFFF25BAF1FF0F02EB01035654A8BFA9
:1041D0004FF0FF0A9D7083F801A06BE70024049D57
:1041E00004E0E85A29F803008B789370DBF800307C
:1041F0005846DB699847A3B201341A4603EB4303E0
:10420000904205EB030109EB0302EAD809B0BDECCB
:10421000028BBDE8F08F00BF0B68084670B55B6984
:104220000E4600259847044613E0237803F1640204
:1042300003B1D3B26278237002F1640302B1DAB23F
:10424000A378627003F1640203B1D3B2033404F8BB
:10425000013C33683046DB699847A84205F1010507
:10426000E3D870BD704700BF2DE9F04F0B688B4657
:104270002DED028B89B05B69B7EE008A0590084688
:104280009847DBF80030814658469B6998470023E1
:1042900004900293BDF808105846DBF800300191F5
:1042A000DB6998470199884240F28880059BB0EE0F
:1042B000487A4FF000001A7AD3ED016A5208BDF82F
:1042C0000830ADF81E0007EE902A03EB4302ADF86C
:1042D0001C00F8EEE77A09EB020319F8026093F884
:1042E00002A077EEC87A03925A78A6EEA77A0192D6
:1042F000FCEEC77A17EE903A1FFA83F8B8F1000F78
:104300003CD00F460124DBF800300DF11E02584668
:1043100001349B6A9847DBF80030394607AADF6A08
:1043200005465846B847BDF81E10E2B2BDF81C70ED
:1043300001EB410C1446FDB1F0B107EB470009EB6E
:104340000C0E19F80C3009EB000C19F80000019D57
:1043500003449EF8010033449EB29EF802309CF85C
:1043600001E07044054428469CF802502B4480B27A
:10437000534401901FFA83FA4245C4D902984FEA88
:1043800048080130B6FBF8F60290FF2E0198A8BF4E
:10439000FF26B0FBF8F5BAFBF8FAFF2DDDE90312B2
:1043A000A8BFFF25BAF1FF0F02EB01035654A8BFC7
:1043B0004FF0FF0A9D7083F801A06BE70024049D75
:1043C00004E0E85A29F803008B789370DBF800309A
:1043D0005846DB699847A3B201341A4603EB4303FE
:1043E000904205EB030109EB0302EAD809B0BDECEA
:1043F000028BBDE8F08F00BFEFF3108272B6437FEF
:104400005BB9017F012930B40BD0032913D00123FC
:10441000437702B962B630BC70470AB962B67047DA
:104420007047124C2168B1B1114943610B680860B3
:1044300083615861EBE70F4D0F492C688CB14361E4
:104440000B68836158614FF0E0234FF0805408609F
:10445000C3F8044DDBE7064B20601860C0E9051186
:10446000D5E7C0E905442860EDE700BF48C3012057
:104470004CC3012050C3012054C3012090F81CC03C
:1044800003464160BCF1020FC26001D18368184746
:10449000EFF3108172B6427F5AB930B4007F012821
:1044A0000BD0032813D001225A7701B962B630BC71
:1044B000704709B962B670477047124C2068D0B196
:1044C00011485A61026803609A615361EBE70F4D2E
:1044D0000F482C685CB15A6102689A6153614FF0D1
:1044E000E0224FF080540360C2F8044DDBE7C3E9DB
:1044F00005442B60F3E7044A23601360C3E9050019
:10450000D1E700BF48C301204CC3012050C30120A4
:1045100054C3012070B5EFF3108172B60E4C2368BE
:10452000BBB10E4E002508E062B69A6859779047F5
:10453000EFF3108172B623685BB15A69226032B121
:10454000956118460029EFD09A685D77EFE73260F1
:10455000F7E701B962B670BD50C3012054C3012012
:104560000449054A4968054B196013680133136013
:10457000704700BF001000E05CC3012060C3012051
:104580006249634A49682DE9F843624B624D1960FC
:1045900013686C680133136024B34FF000095F4F58
:1045A0004FF002082368DBB9A66806B1F360206902
:1045B00084F8149003686E601B68BB426AD1037F65
:1045C000C0F80490022BC46033D1836898476E68AA
:1045D0006268002A32D12EB134462368002BE3D022
:1045E000013B2360EFF3108372B60022AE68AA602D
:1045F00003B962B6DEB100276C684FF0020CBE460C
:104600003046B668002C40D0D0F80090216889452B
:1046100025D2A1EB09010127C0E9024EE06021602B
:10462000044680F814C0002EEAD107B16C60BDE8E2
:10463000F883FFF7E1FE6268002ACCD02260002EEA
:1046400051D03068824239D2801A6C60C4E9026964
:104650003060F460264684F814803446BDE7234673
:1046600006E00260D3F80080424518D341469146E7
:1046700098469B68A9EB0102002BF2D1836002608F
:10468000C0F80C80C8F80800CBE7C0E90244012755
:104690000446C6E72246002198476E6898E7DA6824
:1046A000A1EB09018360C2604144D860C268906098
:1046B000196080F814C0002EA2D1B6E7334606E098
:1046C0002160D3F800C0614512D360460A469C467B
:1046D0009B68111A002BF3D1A3602160C4F80CC0B1
:1046E000CCF80840B7E7C4E902666C602646B2E73A
:1046F000801ADA68A360E2606044DC60E26894607B
:10470000186084F8148034464CE700BF001000E0C5
:104710005CC3012060C3012000A70020610F0100DD
:1047200010B5134C236813B1124AD168E1B963681C
:1047300013B1104AD16999B9A36813B10D4AD16A6E
:1047400051B9E3683BB10B4AD16B21B10121BDE8FE
:104750001040D163184710BD0121D1629847F0E79E
:104760000121D1619847E7E70121D1609847DEE751
:10477000A07200200041084000207047704700BF31
:10478000F8B50C4671B182B106468F180025336822
:10479000304614F8011B1B689847BC420544F6D10B
:1047A0002846F8BD0D462846F8BD1546F8E700BF77
:1047B000854B864A86492DE9F0435E6988428CBF65
:1047C0004FF012084FF00E089C69D768D3F880109C
:1047D00007F01F0941F0C001C145C3F8801007D29E
:1047E00068F30407D7601368002BFCDA07F01F0991
:1047F00016F0007324D1774A1169774A8A4300F092
:10480000DB8084F4805231464FF4805511F0605FB4
:1048100004D026F060561E436B4B5E6112F4405F7D
:1048200007D024F44054684A2C439461936C1907D0
:10483000FCD446F00076644A5661936C9B06FCD427
:104840004FF0010C0146654C634603FB011203F176
:10485000010E0CF10105A24218D8BEF1080F4FF06D
:10486000010340F08B80BCF1040F00F28D804218F0
:10487000A24200F29B8005FB00F1AC4603F1010E61
:1048800003FB01120CF10105A242E6D90CF1FF3441
:1048900053491144534A91427BD9534D6C2253489A
:1048A0004C49B0FBFEF0D1F800E0B0FBFCF0DFF8C3
:1048B00068C10EEA0C0CAC4508D042F400524FF42B
:1048C00080550D600A600A68002AFCDA3E4A1169C8
:1048D00001F00701994203D01361936CDD03FCD40E
:1048E00086EA8423A40213F4E05F09D026F4E0569C
:1048F00004F4E054344A26435661936C9907FCD47F
:104900003B493C4A014491423AD83B4BC909A3FB7D
:104910000131090B4B1E1B0286EA030212F4407F91
:1049200006D026F4407603F44073274A334353619C
:10493000254A536923F000735361936C9B06FCD4A2
:104940002E4BC845A3FB00234FF0FF324FEA9343A1
:10495000B0FBF1F1B2FBF3F3294A1060294A116070
:10496000294A136008D227F01F07184A47EA0807A8
:10497000D7601368002BFCDABDE8F083734664E768
:104980004FF440730421C7E715490CF1FF340723A6
:1049900011441E4A1E48A2FB01211E4D0A0D362A53
:1049A00038BF362202FB00F0154379E76446002346
:1049B000AC464FF0010E6BE71D4686F0C051224613
:1049C0004FF0C05322E700BF00C00F400000084076
:1049D00000A4781F00800D4040300080FFB19F266A
:1049E000808D5B00FF7EF64D6C20008000643F4DA3
:1049F0007FD1F0087F17B42C9F10E50083DE1B43A6
:104A0000844C0020084C002064C30120819F5E1666
:104A1000001BB700002000807F30018000234FF48E
:104A200070410F224FF4604CA0F88C114FF480615C
:104A3000A0F88E21A0F89031B0F8882192B242F00F
:104A4000F002A0F8882148F2B822A0F804C0C18082
:104A50004384038643804381C2814382C38243836C
:104A6000C383A0F864C0A0F86610A0F88230A0F854
:104A70009030A0F86230A0F86A30A0F86E20A0F85C
:104A80007230A0F87630A0F87A30A0F87E30A0F826
:104A9000C4C0A0F8C610A0F8E230A0F8F030A0F82A
:104AA000C230A0F8CA30A0F8CE20A0F8D230A0F8CA
:104AB000D630A0F8DA30A0F8DE30A0F824C1A0F893
:104AC0002611A0F84231A0F85031A0F82231A0F808
:104AD0002A31A0F82E21A0F83231A0F83631A0F802
:104AE0003A31A0F83E31B0F888319BB243F00F0361
:104AF000A0F88831B0F888319BB243F47063A0F815
:104B00008831704730BFFDE7836BF0B41BB1536849
:104B100043F40043536072B6446B3CB31A4B2260BB
:104B2000D3F8B0410C421DD1184E776804E0746888
:104B3000E41BB4F5166F0BD2D3F8404144F4804423
:104B4000C3F84041D3F8B851D3F840416404EED5DE
:104B50000D4007D10C4CC0E90225D4F8B0310B430D
:104B6000C4F8B031426362B6F0BC7047064DC0E98C
:104B70000224D5F8B0310B43C5F8B031026342636B
:104B800062B6F0BC704700BF00002E40001000E08D
:104B90000B4A117B507BCBB281420DD001330949C6
:104BA000092B28BF002313441B7C02EB430201EBBB
:104BB0004323928B985C70474FF0FF30704700BFE3
:104BC00000A7002080202020284B1B78002B4BD0F2
:104BD00070B5274CA18D01B970BD94F82F0004F178
:104BE000400C244B01260CEB4012C1F5006103EB95
:104BF000C02384F82E6040010D0419444CF8006075
:104C000003F5805045F080059360D06003F50050B7
:104C10005560106103F54050506103F5804090618C
:104C20000020D061BFF34F8F4FF0E020C0F8703FFD
:104C300020339942FAD8BFF34F8FBFF36F8F4FF4F1
:104C400080110D48FFF760FF94F82F300133DBB27D
:104C5000032B88BF002384F82F300023A385BFF3E4
:104C60004F8F84F82E3070BD704700BFF8B101201F
:104C700000A7002080002020400200202DE9F84FEE
:104C8000324D2B7B6A7B93425BD0DEB205F1E008AC
:104C9000DFF8C0A04FF0E0244FF40037DFED2C7AAE
:104CA0000136082E4FD85FFA86F9AB19D5F8C0C087
:104CB000B5F8E01101201B7C05EB43024FEA431ECF
:104CC000B2F8C4B0928BABEB020B08EB4312ACEB27
:104CD0000B0CC5F8C0C04FEA014CC4F88C714CF005
:104CE000800C48F80E00D3610AEB4323C2F804C0DD
:104CF00003F5805C93601944C2F80CC003F5005CB6
:104D0000C2F810C003F5405CC2F814C003F5804C33
:104D1000C2F818C0BFF34F8FC4F85C3F20339942EC
:104D2000FAD8BFF34F8FBFF36F8F082117EE900AA9
:104D3000FFF7EAFEC4F80C7185F80C906B7B9E427D
:104D4000AED1BDE8F88F0026B146AEE700A700203F
:104D50008001002080202020184B012193F82F2073
:104D600083F82E10B2B1586C8A4280F08000C0F3F4
:104D7000C0104FEAC0200ED1D3F88410090658BFE6
:104D800000F50060032A0DD1BFF34F8F002283F896
:104D90002E2070471046596E090658BF00F5006076
:104DA000022AE9D1D3F8A420120658BF00F500600A
:104DB000BFF34F8F002283F82E20704700A70020FA
:104DC000F8B5274C94F82E30002B47D103F0FF059F
:104DD000244B1B78002B41D0A18D00293ED094F8A4
:104DE0002F0004F1400C204B01270CEB4012C1F5C1
:104DF000006103EBC02340010E0419444CF800701D
:104E000003F5805046F08006D561D06003F5005070
:104E10005660106103F540509360506103F5804087
:104E20009061BFF34F8F4FF0E020C0F8703F203308
:104E30009942FAD8BFF34F8FBFF36F8F4FF48011B1
:104E40000A48FFF761FE94F82F300133DBB2032BE1
:104E500088BF002384F82F300023A385F8BD00BF4E
:104E600000A70020F8B1012080002020400200208F
:104E700090F8A32090F8A200101A704790F8A23082
:104E800090F8A3209A4205D95A1C034480F8A22026
:104E9000987E70474FF0FF30704700BF90F8A23007
:104EA00090F8A3209A4202D91844807E70474FF0B0
:104EB000FF307047704700BF0346B0F8300178B14B
:104EC00093F82F21882A03D9012200205A607047C5
:104ED00002F1010C01201A4483F82FC182F8A510B9
:104EE000704700BF70B52A4C2369D3F8145115F4EC
:104EF000706201D0C3F81421AE070BD5D3F870113E
:104F000008043ED500220120A4F8A220224484F8FF
:104F1000A3009176EA0710D594F83061F6B194F8C1
:104F20002E6194F82F21B24227D9711C264496F89D
:104F3000A52084F82E11C3F86021AB050DD594F897
:104F4000A30018B1D4F83C3103B198470023A4F86A
:104F5000A230A4F82E3184F8303170BDD4F8382155
:104F60000AB190472369002284F82E21012284F897
:104F7000302194F82F21B242D7D80022C3F8602103
:104F8000DBE794F8A320872AC4D8501CC0B2BDE741
:104F9000E05E002070B52C4CD4F8F431D3F81451F5
:104FA00015F4706201D0C3F81421AE070CD5D3F804
:104FB0007011080440D500220120A4F88622224462
:104FC00084F8870282F8FE11EA0710D594F814637A
:104FD000F6B194F8126394F81323B24228D9711CE5
:104FE000264496F8892284F81213C3F86021AB0591
:104FF0000DD594F8870218B1D4F8203303B198473F
:105000000023A4F88632A4F8123384F8143370BD58
:10501000D4F81C2312B19047D4F8F431002284F85C
:105020001223012284F8142394F81323B242D6D811
:105030000022C3F86021DAE794F88722872AC3D8D0
:10504000501CC0B2BBE700BF00A7002070B52C4CBD
:10505000D4F83433D3F8145115F4706201D0C3F886
:105060001421AE070CD5D3F87011080440D50022E6
:105070000120A4F8C623224484F8C70382F83E1313
:10508000EA0710D594F85464F6B194F8526494F891
:105090005324B24228D9711C264496F8C92384F8B7
:1050A0005214C3F86021AB050DD594F8C70318B1AD
:1050B000D4F8603403B198470023A4F8C633A4F8A9
:1050C000523484F8543470BDD4F85C2412B1904743
:1050D000D4F83433002284F85224012284F8542472
:1050E00094F85324B242D6D80022C3F86021DAE7FC
:1050F00094F8C723872AC3D8501CC0B2BBE700BFAF
:1051000000A7002030B40468BDF808500295A46BD5
:10511000A44630BC604700BF30B40468BDF80850F6
:105120000295E46BA44630BC604700BFD0F800C0D5
:105130002DE9F04F90461F461F4A83B0DCF814302B
:1051400005460C46BDF930909342BDF834A029D1F4
:105150002744A7421EDDDFF864B00AE00134CDF831
:1051600000A0DCF8386024B2B047D5F800C0BC42DB
:1051700010DADCF820604B46424621465E45284660
:10518000ECD00134CDF800A0B047D5F800C024B26F
:10519000BC42EEDBDCF82C30074A934206D103B068
:1051A000BDE8F08F9847D5F800C0D1E7284603B096
:1051B000BDE8F04F184700BF99190100E91B010035
:1051C000D0F800C02DE9F04FDCF8406083B0DFF884
:1051D00098E0BDF930907645BDF834A032D19046C4
:1051E0001F46204A0546DCF814300C46934235D160
:1051F0002744BC421EDADFF874B00AE00134CDF86F
:1052000000A0DCF8386024B2B047D5F800C0BC423A
:1052100010DADCF820604B46424621465E452846BF
:10522000ECD00134CDF800A0B047D5F800C024B2CE
:10523000BC42EEDBDCF82C300A4A934209D103B0C1
:10524000BDE8F08FB446CDE90C9A03B0BDE8F04F4D
:105250006047284603B0BDE8F04F18479847D5F897
:1052600000C0C5E799190100111C0100E91B0100EC
:105270002DE9F0411C460B46016884B0114E0546ED
:105280004F69BDF82880B74210D1013CCDF80480A9
:105290002846144424B200948C6A1946A0472B680F
:1052A000DB6AB34209D104B0BDE8F081CDE9023236
:1052B000B8472968DDE90232E7E7284604B0BDE8CF
:1052C000F0411847991901002DE9F043056885B0B0
:1052D000124E04466F699946BDF83080B74210D12E
:1052E00009F1FF33CDF80480009220460B44AD6AEB
:1052F0001BB2A8472368DB6AB34209D105B0BDE8F9
:10530000F083CDE90212B8472568DDE90212E7E72C
:10531000204605B0BDE8F043184700BF99190100C9
:10532000D0F800C0274B2DE9F04FDCF8404083B0A7
:105330000F46B0F90C909C42B0F90E802FD1DCF8EA
:1053400014300546DFF880B05B4537D1B9F1000F66
:105350001EDD0024DFF874A0214609E00134009727
:10536000DCF83860B047D5F800C021B289450FDDC0
:10537000DCF820604346002228465645EED0013432
:1053800000220097B047D5F800C021B28945EFDC74
:10539000DCF82C305B450CD103B0BDE8F08F002267
:1053A00001914B46CDF800801146A04703B0BDE8FF
:1053B000F08F284603B0BDE8F04F18479847D5F85E
:1053C00000C0C3E7111C010099190100E91B01008D
:1053D0002DE9F043994287B00546BDF93840BDF844
:1053E0003C6022D0A24212D00768DFF88480D7F850
:1053F0001490C14533D12846CDE90046BC6AA04788
:105400002B68DB6A434525D107B0BDE8F08399429C
:105410001CDC0E9601332C6828465B1AE46B1BB229
:10542000A44607B0BDE8F0436047A24202DD134640
:1054300022461C460E96631C2C6828469B1AA46BB9
:105440001BB2A44607B0BDE8F043604708461946C2
:105450000346DEE7284607B0BDE8F0431847CDE92C
:1054600004230391C8472F680399DDE90423C2E7A9
:10547000991901002DE9F04F1D4603681646DFF823
:10548000BC905A6985B004464A45BDF93880BDF8DC
:105490003C7043D1D3F824B03246DFF8A4A02046B4
:1054A0000097D345039108BFD3F83CB02B46D847AB
:1054B000236808F1FF320399D3F824B032440097EF
:1054C000D34512B234D1D3F83CA0204603912B46E9
:1054D000D047039923683246DFF868A02046D3F806
:1054E00020B0013D0097D345039108BFD3F838B0F1
:1054F0004346D8470399226843460D44204629B2C3
:10550000156A0097554508BF956B3246A847236832
:10551000DB6A4B4507D105B0BDE8F08F039190479A
:1055200023680399B6E7204605B0BDE8F04F184759
:1055300003912B462046D8470399CBE799190100E0
:10554000FD1B0100E91B010001F003038376CB077B
:1055500005D40289B0F90A308281C381704742893B
:10556000B0F908308281C381704700BF704700BF27
:1055700000B590F81AC0BCF1020F0CD0BCF1030FBB
:1055800060D0BCF1010F54D0012B13D0022B3AD0C4
:1055900023B35DF804FBB0F808C0012BACEB010CA1
:1055A0004189A1EB02020CF1FF3102F1FF3209B295
:1055B00012B2EBD1002A1346B0F808E002F0070C53
:1055C000B8BFD31DC06A0122DB1002FA0CF213FB34
:1055D0000E13C15C0A43C2545DF804FB002A134653
:1055E000B0F808E002F0070CB8BFD31DC06ADB10AA
:1055F00013FB0E130121C25C01FA0CF122EA010235
:10560000C2545DF804FB002A1346B0F808C0B8BFC6
:10561000D31DC06A02F00702DB1013FB0C1301213B
:1056200010F803C001FA02F282EA0C02C2545DF8DB
:1056300004FBB0F808C0ACEB020C0A460CF1FF31D9
:1056400009B2A1E7B0F80AC0ACEB010C11460CF1AD
:10565000FF3212B298E700BF70B504680C4E25699E
:10566000B54209D100298E4605DBB0F90C508D42B8
:1056700001DD002A04DA70BDAC46BDE87040604729
:10568000B0F90E509542F6DDBDE8704070E700BFFE
:10569000D92201002DE9F04F85B0A3EB01091F4687
:1056A0000D46BDF938C01646BDF83C30ACEB0208DB
:1056B000B8F1000FB8BFC8F10008B9F1000FB8BFCA
:1056C000C9F10009C84540F381803C468E460A4630
:1056D0003546394676466746CA46A446BD420ADD87
:1056E000521A34462946664682EAE27A3D46A44684
:1056F0000F46AAEBE27A7A1B1FFA8AFABB4614B26B
:1057000092B2002C00924FF6FF72B8BF0134B4453C
:10571000C8BF0122641001921DE08F423BD117697E
:10572000324A974237D1002E05DBB0F90C20B24245
:1057300001DD29044DD5A4EB0A0214B292B2002C6B
:1057400005DA01990E4400990A4436B214B20135C3
:105750002DB2AB4527DB0268C84525499769DCDCDB
:105760008F4223D11769214A974227D1002DE2DBCE
:10577000B0F90C20AA42DEDD3204DCD4B0F90E20F0
:10578000B242D8DD3246294603930290FFF7F0FE7D
:10579000DDE90203CFE703932A4602903146B8477A
:1057A000DDE90203C7E705B0BDE8F08F0393324699
:1057B00002902946B847DDE90203BCE7039332466D
:1057C00002902946B847DDE90203B4E76146C246C4
:1057D00084E7B0F90E20AA42ADDD2A463146039394
:1057E0000290FFF7C5FEDDE90203A4E7D92201001C
:1057F0003D210100002905DBB0F90CC08C4501DD1D
:10580000002A00DA7047B0F90EC09445FADD10B4F2
:1058100090F81AC0BCF1020F0DD0BCF1030F58D0A4
:10582000BCF1010F4CD0012B38D0022B24D07BB11E
:105830005DF8044B7047B0F808C00CF1FF3CACEBCE
:10584000010C41898A1A0FFA8CF1013A12B2EAE787
:10585000002A1346B0F808C0B8BFD31DC46A02F0CE
:1058600007020120DB1000FA02F213FB0C13E15CCB
:1058700021EA0202E254DBE7002A13460489B8BF9A
:10588000D31DC06A02F00702DB1013FB04130121D1
:10589000C45C01FA02F26240C254C9E7002A13460E
:1058A000B0F808C002F00704B8BFD31DC06A0122D7
:1058B000DB10A24013FB0C13C15C0A43C254B7E7D0
:1058C000B0F808C0ACEB020C0A460CF1FF3109B28B
:1058D000A9E7B0F80AC00CF1FF3CACEB010C114693
:1058E0000FFA8CF29FE700BF002930B5BDF80C40DD
:1058F00002DA0B4400211BB2B0F908C05D188E46D5
:10590000654502DDACEB01010BB2002B0FDDD110C0
:1059100002F00702C06A1CFB01EC012101FA02F24D
:105920008C426044D2B271D0022C3AD004B130BD66
:105930009BB2D2435D1ED2B2A9B22DB2022921D9A7
:1059400021464FEA930C041D62F307010CF1FF3C62
:1059500062F30F211FFA8CFC62F3174104EB8C04F5
:10596000844662F31F61DCF800E00EEA010E4CF899
:1059700004EBA445F7D123F003016D1A8B420844D0
:105980002DB2D4D0037813400370002DCFD04378CC
:10599000012D03EA02034370C9D083781A40827054
:1059A00030BD9BB25D1EA9B22DB202291FD90024C1
:1059B000990800F1040E62F30704013962F30F2421
:1059C00089B262F317440EEB810E014662F31F6445
:1059D000D1F800C08CEA040C41F804CB7145F7D132
:1059E00023F003016D1A8B4208442DB29FD0037837
:1059F00053400370002D9AD04378012D83EA0203AF
:105A0000437094D083785340837030BD9BB25D1E49
:105A1000A9B22DB2022920D90024990800F1040E60
:105A200062F30704013962F30F2489B262F3174469
:105A30000EEB810E014662F31F64D1F800C04CEA00
:105A4000040C41F804CB8E45F7D123F003016D1A05
:105A50008B4208442DB23FF46AAF037813430370BE
:105A6000002D3FF464AF4378012D43EA02034370F5
:105A70003FF45DAF83781343837030BD90F81AC054
:105A8000BCF1020F2DE9F041BDF8184024D0BCF163
:105A9000030F1CD0BCF1010F09D0002A15DBB0F9AF
:105AA0000AC0944511DD0694BDE8F0411CE7B0F84A
:105AB00008C0ACEB020C0CF1FF3C0FFA8CF2002A90
:105AC00003DBB0F908C0944513DCBDE8F081CD18C4
:105AD0004189491B09B2F2E7B0F80AC0CD18018923
:105AE000ACEB020C491B0CF1FF3C09B20FFA8CF233
:105AF000D3E7002902DA19440BB200218E46B0F92F
:105B00000A509E44AE4501DD6D1A2BB2002BDCDD40
:105B1000C1F3C405C66A11F00701DBB21CFB052501
:105B200006EB050225D0C1F1080EDFF808815FFA07
:105B30008EFE734518F80E7044D2AEEB03084FF09A
:105B4000FF0C012C4CFA08FC07EA0C0752D0022C7F
:105B50003CD0002CB9D116F805C02CEA070C7345CF
:105B600006F805C0B0F90850AFD308392A440B44F1
:105B7000DBB2072B16D9022C41D0B4F1000C194628
:105B800018BF4FF0010CCCF1000C5FFA8CFC083907
:105B900082F800C0B0F90850C9B22A440729F6D8E3
:105BA00003F00703002B90D02249012C0B441B7AF1
:105BB0003BD0022C35D0002C87D1117821EA030389
:105BC000137082E7012C15D0022C04D116F805C001
:105BD00087EA0C0CC3E7002CBDD0083962440B44A3
:105BE000DBB2072BC9D8002B3FF46FAF984498F86D
:105BF0000830DEE716F805C047EA0C0CAFE7194697
:105C000014780839E443C9B214700729B0F9084080
:105C10002244F5D813F007033FF457AF05490B446E
:105C20001B7A11784B4013704FE711780B431370B8
:105C30004BE700BF103300602DE9F04190F81AE007
:105C40009446BDF81840BEF1020F00F08F80BEF1FF
:105C5000030F00F08680BEF1010F70D000296CDBCD
:105C6000B0F908E08E4568DDBCF1000F04DA9C4411
:105C70000FFA8CF34FF0000C6246B0F90A501A4448
:105C8000AA4202DDA5EB0C052BB2002B55DDCCF3AF
:105C9000C402C66A1CF0070CDBB21EFB021106EB45
:105CA000010224D0CCF10805DFF84481EDB2AB420B
:105CB00018F8057065D2A5EB03084FF0FF0E012C14
:105CC0004EFA08FE07EA0E0773D0022C5DD0A4BB83
:105CD00016F801E02EEA070EAB4206F801E0B0F933
:105CE00008102AD3ACF1080C0A446344DBB2072B3A
:105CF00016D9022C62D0B4F1000C194618BF4FF02F
:105D0000010CCCF1000C5FFA8CFC083982F800C061
:105D1000B0F90850C9B22A440729F6D803F007039E
:105D20005BB13349012C0B441B7A5CD0022C56D05A
:105D30001CB9117821EA03031370BDE8F0819C447B
:105D40000289A2EB0C020FFA82FC0029F5DBB0F904
:105D50000A208A42F1DD0A4606946146BDE8F04118
:105D6000C2E54289521A013A11B2EEE702899C4417
:105D7000521A013A11B24289A2EB0C020FFA82FCCC
:105D80006CE7012C15D0022C04D116F801E087EA4B
:105D90000E0EA1E7002C9BD0ACF1080C72446344BA
:105DA000DBB2072BA7D8002BC7D0984498F808304F
:105DB000BCE716F801E047EA0E0E8DE719461478A5
:105DC0000839E443C9B214700729B0F908402244E5
:105DD000F5D813F00703B0D005490B441B7A1178AE
:105DE0004B401370A9E711780B431370A5E700BF70
:105DF0001033006011F0FD0F017204D1D0F80A30A9
:105E0000C0F81230704700238189428961F30F0383
:105E100062F31F43C0F81230704700BF81757047AE
:105E2000002070473E4B3F4A1B6830B41D6C2979F7
:105E3000D177DC6B2079107711779A6B52B1B2F57C
:105E4000004F23D3384C1444364A9C63D176D07625
:105E500030BC70479C6A032593F8321093F83400E5
:105E600024680843216B21EA0001586C216383F800
:105E7000355003682D491B688B421DD1037F42605A
:105E8000022BC2601BD1836830BC18472468B4F869
:105E90001EC01CF4004F15D12D681FFA82FCA4F817
:105EA0001EC0A4F816C0EC8B240434D4A5F81EC080
:105EB000A5F816C00024C7E7114630BC184730BC0F
:105EC000FEF79ABAB2F5007F1ED21FFA82FCE28B6F
:105ED0002D6802F47E424CEA0202E283E28A02F476
:105EE0007E424CEA0202E282EA8B1204DED5EA8BA1
:105EF00002F47E424CEA0202EA83EA8A02F47E421B
:105F00004CEA0202EA82D5E72D68EC8B2404D1D456
:105F10001FFA82FCCAE7B2F5007FE8D3CAE700BFE8
:105F200088C3012000800E400180FFFF610F010047
:105F30003E4B3F4A5B6830B41D6C2979D177DC6BEE
:105F40002079107711779A6B52B1B2F5004F23D3B5
:105F5000384C1444364A9C63D176D07630BC7047B6
:105F60009C6A032593F8321093F8340024680843A0
:105F7000216B21EA0001586C216383F835500368D6
:105F80002D491B688B421DD1037F4260022BC260EA
:105F90001BD1836830BC18472468B4F81EC01CF4B9
:105FA000004F15D12D681FFA82FCA4F81EC0A4F87A
:105FB00016C0EC8B240434D4A5F81EC0A5F816C076
:105FC0000024C7E7114630BC184730BCFEF714BAAE
:105FD000B2F5007F1ED21FFA82FCE28B2D6802F41C
:105FE0007E424CEA0202E283E28A02F47E424CEAFA
:105FF0000202E282EA8B1204DED5EA8B02F47E42D0
:106000004CEA0202EA83EA8A02F47E424CEA020285
:10601000EA82D5E72D68EC8B2404D1D41FFA82FCE8
:10602000CAE7B2F5007FE8D3CAE700BF88C3012002
:1060300000800E400180FFFF610F010010B51C4C75
:10604000D4F8640420B103681A4A1B6893421AD139
:10605000D4F8680420B10368164A1B68934217D12C
:10606000D4F86C0420B10368124A1B68934214D11F
:10607000D4F8700420B103680E4A1B68934211D112
:10608000BFF34F8F10BD0C4998470028E0D010BDDA
:10609000094998470028E3D010BD074998470028D0
:1060A000E6D010BD044998470028E9D010BD00BFD4
:1060B00000A700200529010068C2012010B51C4C72
:1060C000D4F8740420B103681A4A1B6893421AD1A9
:1060D000D4F8780420B10368164A1B68934217D19C
:1060E000D4F87C0420B10368124A1B68934214D18F
:1060F000D4F8800420B103680E4A1B68934211D182
:10610000BFF34F8F10BD0C4998470028E0D010BD59
:10611000094998470028E3D010BD0749984700284F
:10612000E6D010BD044998470028E9D010BD00BF53
:1061300000A700200529010068C3012010B51C4CF0
:10614000D4F8840420B103681A4A1B6893421AD118
:10615000D4F8880420B10368164A1B68934217D10B
:10616000D4F88C0420B10368124A1B68934214D1FE
:10617000D4F8900420B103680E4A1B68934211D1F1
:10618000BFF34F8F10BD0C4998470028E0D010BDD9
:10619000094998470028E3D010BD074998470028CF
:1061A000E6D010BD044998470028E9D010BD00BFD3
:1061B00000A700200529010078C301204A4B4B4964
:1061C00030B5D3F8DC44D3F8D8542079C877D3F865
:1061D000D42495F804C081F81CC008775AB1B2F5F0
:1061E000004F26D342491144404AC3F8D414D07614
:1061F00082F81BC030BDD3F894140F2440F2013054
:106200008C650324CA6108614FF47C504861D3F85F
:10621000E00483F8D144036836491B688B422BD1D4
:10622000037F4260022BC2602AD18368BDE8304000
:1062300018472D68E98B090414D492B2EA832168C7
:10624000EC8BA4B2EC82CC8B240405D5CC8BC2F3AE
:10625000080204F47E442243CA83CA8B92B2CA82E3
:106260000021C1E7E98BC2F3080E92B201F47E412E
:1062700041EA0E01E983E2E71146BDE830401847E4
:10628000EFF3108272B6437F33B9017F012917D033
:10629000032905D001234377002AABD162B630BD74
:1062A000154D16492C68DCB143610B688361586158
:1062B0004FF0E0234FF080540860C3F8044DE9E745
:1062C0000F4C216831B10F4943610B68086083614D
:1062D0005861DFE70B4B20601860C0E90511D9E772
:1062E000C0E905442860E3E700A7002000800E40D5
:1062F0000180FFFF610F010050C3012054C3012042
:1063000048C301204CC301204A4B4B4930B5D3F858
:106310002C45D3F828552079C877D3F8242595F84B
:1063200004C081F81CC008775AB1B2F5004F26D3DB
:1063300042491144404AC3F82415D07682F81BC064
:1063400030BDD3F8E4140F2440F201308C650324EF
:10635000CA6108614FF47C504861D3F8300583F876
:106360002145036836491B688B422BD1037F42606D
:10637000022BC2602AD18368BDE8304018472D68DF
:10638000E98B090414D492B2EA832168EC8BA4B29D
:10639000EC82CC8B240405D5CC8BC2F3080204F428
:1063A0007E442243CA83CA8B92B2CA820021C1E7CB
:1063B000E98BC2F3080E92B201F47E4141EA0E016C
:1063C000E983E2E71146BDE830401847EFF3108259
:1063D00072B6437F33B9017F012917D0032905D055
:1063E00001234377002AABD162B630BD154D164963
:1063F0002C68DCB143610B68836158614FF0E02386
:106400004FF080540860C3F8044DE9E70F4C216851
:1064100031B10F4943610B68086083615861DFE760
:106420000B4B20601860C0E90511D9E7C0E90544AD
:106430002860E3E700A7002000800E400180FFFFF6
:10644000610F010050C3012054C3012048C3012043
:106450004CC301200B682DE9F0430C465B69804674
:10646000084600252DED068B8BB09FED5A9A984774
:106470002368074620469B699847236806462146BD
:106480001B6806A89847DFED548AADF816500CE05B
:10649000BDF8163002EB420203EB4303B118F85A81
:1064A0003B44B0529B788B700135236820461FFA1D
:1064B00085F9DB69984703464A4621464B4508A8BB
:1064C00061D923689B689847D8ED036ADDED097AA6
:1064D0009DED087A77EEA67AD8ED025A9DED076A0F
:1064E00037EE257ADDED066A77EEC67A37EE667A04
:1064F00027EEA70A77EEA87A77EE090AA7EE070A31
:10650000B5EE400AF1EE10FA57D4F1EEC09AB0EEB3
:10651000670A11F087FBB7EE006AF6EE006A98EDA5
:10652000047AF1EE007A86EE298AB0EE40AA28EECF
:10653000268A28EE078A28EE278A11F0ABFCF0EEB7
:10654000409AB0EE4A0A11F0A1FB60EE087A69EEBB
:10655000889AD4F800C00DF116024946FDEEE77A9C
:106560002046BDEEE97ACDED007A17EE103ADCF860
:106570004890C847AAB200288AD102EB4203F21819
:10658000F052907090E7002503E0F05AF8528B78B3
:10659000937023682046DB699847ABB201351A46F1
:1065A00003EB4303904206EB030107EB0302ECD835
:1065B0000BB0BDEC068BBDE8F083CDED037ACDEDDD
:1065C000020A11F049F8DDED037AF0EE409ADDEDB4
:1065D000020A9CE700000000000048422DE9F04F4D
:1065E000AF4C85B0D4F84431DF070193C4F844318F
:1065F00052D5D4F8AC31002B49D0DFF8A8A2DFF88F
:10660000C4B20AF26C5202F580520292C4F8AC3164
:10661000DBE90A20D4F8403143F40053C4F8403198
:10662000D4F840319D04F5D5D4F8403123F400531B
:10663000C4F840314FF00113C4F8B431D4F8B47148
:1066400017F00117FAD193B2CAF83475B3F5086F91
:1066500000F06F8300F25E8140F20235AB4200F041
:10666000388300F20F81822B00F0DE82B3F5817F48
:1066700040F0C18010F0780F83B200F0DD834FF05E
:106680000113C4F8C031D4F8AC31002BBED1844B17
:10669000D3F8BC51002D47D1019B5E0615D5804A29
:1066A000D2F8AC31C2F8AC31D2F8BC31C2F8BC314E
:1066B000D2F8B031002BFBD14FF0FF307949C2F84E
:1066C000B401D2F88421C1F86435019BDC0104D502
:1066D000744BD3F8683503B19847019B580709D527
:1066E0006F4BD3F8843113F4007319D06D4B012232
:1066F00083F860256A4BD3F8482111060DD5019A1D
:1067000012060AD5674991F8C12532B1013AD2B2D1
:1067100081F8C125002A00F0908405B0BDE8F08F13
:10672000604A82F86035E5E7DFF878A1C3F8BC512C
:10673000DAF83425154240F0AB83DAF8643515EA0F
:106740000309A9D05FEA194728D0DFF878B14FF0E4
:10675000010897FAA7F5B5FA85F50BEBC51ADAF833
:1067600070600AF1400AAEB13246002404E01268BB
:106770000134012A00F0E183536813F08003F6D05E
:10678000CAF8302034B13046DAF8383036689847E5
:10679000013CF8D108FA05F5AF43DAD11FFA89F5C3
:1067A000002D3FF479AFDFF81CB14FF0010895FAE6
:1067B000A5F6B6FA86F60BEBC619D9F83070AFB16C
:1067C0003A46002404E012680134012A00F0B8833C
:1067D000536813F08003F6D0C9F8302034B138463E
:1067E000D9F838303F689847013CF8D108FA06F6E6
:1067F000B543DCD150E7802B7FF441AF2A4B012217
:10680000AAF86C75CAF88835029BCAF88025CAF8C0
:106810008C35264A264BCAF88425CAF8903503F5EC
:10682000805203F50053CBF84C70CAF89425CAF88F
:106830009835204BCBF84830D4F8B03143F480334E
:10684000C4F8B031D4F8B031002BFBD1CAF84835C8
:10685000CBF80C300123CAF840358023CAF8443500
:10686000154BCBF808304FF00113C4F8BC31D4F805
:10687000B03143F00103C4F8B031D4F8B031002B8B
:10688000FBD100E7B3F5A06F00F08881A3F5D063DA
:10689000012B3FF6F4AE87B2160C0849084B18E0FE
:1068A00000002E4000A700206CAC002080000200F9
:1068B0006CCC002080AC002040AC0020884C002034
:1068C000643200200000002019690C3300293FF4D5
:1068D000D6AE1A88B242F7D15A88BA42F4D1320AF7
:1068E000032A00F00B831F89000C874228BF07464C
:1068F000B6F5007F40F00783B94B3A469AF86055E9
:1069000003F16401B748002D08BF1946B54D12F0D8
:106910001DFF38E342F22125AB4268D010D942F284
:1069200021318B426DD04FF6C0018B427FF4A7AE70
:1069300010F47F4F87B27FF4A2AE47F46E47ABE707
:10694000B3F5106F7AD042F22105AB427FF497AED7
:10695000030C072B7FF493AEA34BCBF80C70CAF853
:10696000883543E902200122CAF880259F4ACAF8E7
:10697000842503F58052CAF88C2503F50052CAF825
:10698000902503F54052CAF8942503F58042303B28
:10699000CAF89825CBF80830D4F8B03143F0010399
:1069A000C4F8B031D4F8B031002BFBD1CAF8483567
:1069B000CBF84C300123CAF8403548F28003CAF8BE
:1069C00044358B4BCBF848304FF00113C4F8BC3141
:1069D000D4F8B03143F48033C4F8B0314FF480338D
:1069E000CAF83435D4F8B031002BFBD14BE680B275
:1069F00038B9804BC2F307421B68CAF8A0358AF841
:106A0000A4250023CAF84835CBF84C300123CAF836
:106A100040358023CAF84435754BCBF848304FF0E9
:106A20000113C4F8BC31D4F8B03143F48033C4F856
:106A3000B031D4F8B031002BFBD124E6C2F30742C9
:106A40006D4B6E4E39461A7080226D4BA6F1840054
:106A5000B946C4F8C8316B4BC4F8CC316A4BC4F8A2
:106A6000D0319AF86035002B15BF4FF400754025E2
:106A70004FF000734FF4800314BF4FF008584FF0ED
:106A800001580393AAF8E051AAF8625512F06CF885
:106A900039464FF4807206F11C008AF82F70AAF86C
:106AA0002C7012F061F839463760F7603C2246F8E6
:106AB000A87C46F89C7C55488AF80D708AF80C70C2
:106AC000CAF8C070C6E9017746E9297712F04CF898
:106AD00001224F4B3946CBF848213C224D481C3609
:106AE000CBF8403112F040F8DAF86435012239462B
:106AF000494843F00803CBF888213C22CBF8808139
:106B0000CAF864354FF0E027444BDFF81881CBF822
:106B1000B83112F029F8039B2A464546CBF840329B
:106B20000123CBF848324FF40033C7F88C310123EE
:106B3000B56033601304C6F81C902A4443F0800308
:106B4000736005F58053F36005F50053336105F577
:106B50004053736105F58043B361BFF34F8F2B46FC
:106B6000C7F85C3F20339A42FAD8BFF34F8FBFF388
:106B70006F8F082109F1010932462948FDF7C4FF4A
:106B80004FF40033894505F5007506F12006C7F876
:106B90000C3100F01481BAF8E021C4E70123CAF8EF
:106BA0004875CBF84C70CAF840358023CAF8443594
:106BB0000F4BCBF848304FF00113C4F8BC31D4F878
:106BC000B03143F48033C4F8B031D4F8B031002B85
:106BD000FBD1130C5B0643F08073C4F8543152E5CB
:106BE0002033006000002020B0AC002080000700AF
:106BF00040AC00205CC30120F8B10120C4A70020F4
:106C00000200CC00C80002000200C80044010020BD
:106C1000000010208401002044020020953D010066
:106C2000800100208020202083B210F078007FF4C3
:106C300026ADC54903F07F0251F822201906AAF8B3
:106C40006C0500F17381D70700F17381BF4B0122FE
:106C5000CAF88835029BCAF88025CAF88C35BC4A28
:106C6000BC4BCAF88425CAF8903503F5805203F569
:106C70000053CAF89425CAF89835B74BCBF848307A
:106C80000023CBF84C30D4F8B03143F48033C4F84F
:106C9000B031D4F8B031002BFBD1CAF84835CBF86D
:106CA0000C300123CAF840358023CAF84435AB4B79
:106CB000CBF808304FF00113C4F8BC31D4F8B03130
:106CC00043F00103C4F8B031D4F8B031002BFBD14C
:106CD000D9E410F0780F83B27FF4D1AC03F07F02D7
:106CE000994913F0800F51F8223014BF43F48033D8
:106CF00043F0010341F822300023CAF84835CBF8AD
:106D00004C300123CAF840358023CAF84435934BF0
:106D1000CBF848304FF00113C4F8BC31D4F8B0318F
:106D200043F48033C4F8B031D4F8B031002BFBD138
:106D3000A9E48B4A854B1278CAF888358AF86C2505
:106D40000122029BCAF88025CAF88C35854A814BFE
:106D5000CAF88425CAF8903503F5805203F500532C
:106D6000CBF84C70CAF89425CAF898357A4BCBF812
:106D70004830D4F8B03143F48033C4F8B031D4F89B
:106D8000B031002BFBD1CAF84835CBF80C300123C9
:106D9000CAF840358023CAF84435704BCBF8083028
:106DA0004FF00113C4F8BC31D4F8B03143F0010303
:106DB000C4F8B031D4F8B031002BFBD163E46A4B96
:106DC000002580266948CAF868354A23C4F88450EB
:106DD0002946C4F880303246D4F8483143F08073F5
:106DE000C4F8483111F0C0FE614BCAF84465CBF8D5
:106DF000A03003F13C43CAF8485503F56C23CBF8A7
:106E00004C5003F56F73CBF8E0300123CAF84035DE
:106E1000524BCBF848304FF00113C4F8BC31D4F8D2
:106E2000B03143F48033C4F8B031CAF83455D4F8E3
:106E3000B031002BFBD126E403F07F02424913F06E
:106E4000800F51F8223014BF23F4803323F0010364
:106E500041F822300023CAF84835CBF84C300123E2
:106E6000CAF840358023CAF844353C4BCBF848304B
:106E70004FF00113C4F8BC31D4F8B03143F480337F
:106E8000C4F8B031D4F8B031002BFBD1FFF7FBBB15
:106E900042F22100BAF8A8450022DAF8AC15844283
:106EA000CAF834250AF5B6627FF447AC89B20029E6
:106EB0007FF443AC92E80300AAF8BC1586284FEA99
:106EC0001141CAF8B8058AF8BE157FF436AC72B61F
:106ED0009AF8C02542F008028AF8C025D3F8482164
:106EE000160606D442F080028021C3F84411C3F88C
:106EF000482162B650238AF8C1351EE4000C0F7891
:106F0000874228BF0746B6F5E06F37D1194B3A469E
:106F10009AF86005A3F16401174D002808BF1946CF
:106F2000284612F013FC07236B702CE0D3037FF587
:106F30008DAE01238AF86C3588E6CAE90C3321E46A
:106F4000C9E90C334AE400BFC0012E406CAC0020FC
:106F5000800002006CCC002080AC002040AC0020FF
:106F6000F8B1012080000100A51801008000002078
:106F70005DCFC6B88433006000002020434D3A4600
:106F8000284612F0E3FBE9194048BFF34F8F4FF05A
:106F9000E0220346C2F8703F20339942FAD8BFF38B
:106FA0004F8FBFF36F8F47B33B040122CAF88805A8
:106FB00043F08003CAF88025CAF88435344B03F5C2
:106FC0008052CAF88C35CAF8902503F5005203F5B3
:106FD0004053CAF89425CAF898352E4BCBF8483060
:106FE0000023CBF84C30D4F8B03143F48033C4F8EC
:106FF000B031D4F8B031002BFBD101220023CAF804
:1070000040258022CAF84835CAF84425224ACBF8E0
:107010000C30CBF808204FF00112C4F8BC21D4F892
:10702000B02142F00102C4F8B021CAF83435D4F8D6
:10703000B031002BFBD1FFF726BB91F8C02502F041
:10704000F70281F8C0252AB9D3F8482122F080023E
:10705000C3F84821114B1B6E9B0700D4FBBE72B6D0
:107060000F4B00200F4AC3F8400103F160430E4963
:10707000A3F55F2311649D46BFF34F8F4FF40013B8
:107080000A480B4ADB6902609B6898470000202091
:107090000010202080AC002040AC002000441F40A5
:1070A00000002E4000C00A40030020000080202085
:1070B000000012EB72B6EFF305826A4BC3F884202E
:1070C000EFF308804FF0E021674AD1F8284DC3F86C
:1070D0008840D1F82C4DC3F88C40D1F8344DD1F80C
:1070E000381DC3E924418169C3F89810C169C3F808
:1070F0009C10D2F880305B07FBD5D2F880305B481B
:10710000C3F30B235A49574C07EE903AD0F8C435D5
:107110004A6A07EE103AD0F8C835F8EEE77A06EE7C
:10712000903A00F2CC5300F5BA60B8EE477AF8EE28
:10713000666AD3ED005A90ED006A8B6A77EEE67AC4
:1071400067EEA57AC7EE866A77EE667AC4ED287A8E
:10715000184614464A6A8B6A8342F9D1A242F7D193
:10716000404C0B21DB0B4348C4F8801043EA4243F8
:1071700041494FF0FF32414DC4F8A4300368202448
:1071800004305A4002F00103013C01FB03F383EA9F
:107190005202F7D1A842F1D1324BC3F8A820BFF375
:1071A0004F8F4FF0E0233349354AC3F8701FC3F8BF
:1071B000702FBFF34F8FBFF36F8F324A02253248D3
:1071C000D36E324943F44053D3660560D3693048E7
:1071D00023F07F0343F04003D3610B6883423DD823
:1071E000294D00214FF0E0234FF0FF3229600126A6
:1071F000C5F808112749C5F80011C5F80861C3F89A
:107200008021C3F88421C3F88821C3F88C21C3F8F6
:10721000902101E0FFF7E2F9D5F80C31002BF9D00D
:107220000134C5F80C614F2CF4D91B4B02201B49CB
:107230004FF00042C1F840015A63D5F80C313BB918
:1072400017481849104A0163D2F80C31002BFAD0C4
:107250004FF0E023144AC3F80C2DFEE7FDF7A8FA1F
:10726000BEE700BF00FF272000810D4000A70020DF
:1072700000400D4080FF27202083B8EDA8FF272085
:10728000A0FF272000C00F4000400840844C002091
:10729000803DCD0B009F240000900D4000002E404B
:1072A00000800F40F100AD0B0400FA05FFF702BFAC
:1072B0002DE9F84F574D4468B5F8E071C4F30E441A
:1072C000C6693C1B002C23DD6A7B297BD3B28A4232
:1072D00009D0EA18107C05EB4009B9F8C480C8F55C
:1072E000007294424ED90133002205EB4601082B6F
:1072F0008A8394BFDAB21346A1F8C4406A732B4460
:10730000D5F8C0201E741444C5F8C040BDE8F88FFD
:107310004FF0E0244FF4003305F1E0014FF0010C91
:10732000C4F88C3175013C4B01EB461241F805C0A5
:10733000380403EB4623D66140F0800003F580510A
:107340001F445060D16003F500519360116103F553
:107350004051516103F580419161BFF34F8FC4F8F3
:107360005C3F20339F42FAD8BFF34F8FBFF36F8F3C
:1073700008212A48FDF7C8FB4FF40033C4F80C314C
:10738000BDE8F88F244B08EB40202246A04403EBD5
:10739000462B18444FF0E02A594612F0D7F9D5F899
:1073A000C02005F1E001A9F8C48022444FF4003464
:1073B00038045B46C5F8C0200125CAF88C41740129
:1073C00001EB461240F080000D510BF580515F44F7
:1073D0005060D1600BF50051D66111610BF5405141
:1073E000C2F808B051610BF580419161BFF34F8F36
:1073F000CAF85C3F20339F42FAD8BFF34F8FBFF3E8
:107400006F8F08210548FDF77FFB4FF40033CAF862
:107410000C317BE700A70020802020208001002085
:107420002DE9F04F4FF0E023494D4FF4003285B085
:10743000DFF8209105F1E008C3F88C212C7B6B7BF1
:10744000E4B2DFF814A1A34277D00134092C28BF9D
:1074500000242B191F7C05EB4703998BB3F8C4B0AC
:10746000ABEB010BBBF1010F17D9D5F8C02001EB35
:10747000472738480131013AC05D9983C5F8C020DB
:107480008DF80F004FF0E0234FF40032C3F80C21C9
:107490009DF80F0005B0BDE8F08F01EB47215A467B
:1074A0007B020DF10F0049444FF0E026019312F0EA
:1074B0004DF9D5F8C0C0E0B2B5F8E01108EB4712BD
:1074C000ACEB0B0C019B4FF0010EC5F8C0C04B4458
:1074D00028734FF400304FEA471CC6F88C010804AB
:1074E00048F80CE0194440F08000D76103F50057DC
:1074F0009360506003F58050D06003F54050C2E9BE
:10750000047003F580409061BFF34F8FC6F85C3F75
:1075100020339942FAD8BFF34F8FBFF36F8F082102
:107520005046FDF7F1FA4FF40033C6F80C31BBF1C9
:10753000000FA7D16B7BA34287D14FF0E0234FF41C
:1075400000324FF0FF30C3F80C2105B0BDE8F08FDA
:1075500000A70020802020208001002038B5B0F84E
:1075600030410CB9204638BD90F82F310546C3F1A3
:107570008904A2420DD8144605F1A50022461844FC
:1075800012F0E4F895F82F312046234485F82F3186
:1075900038BD01224260EFE7B7EE007AD1ED007A04
:1075A0009FED756AD1ED016A37EEC77A00B5B0EE8E
:1075B000C77A2DED048BB4EEC67A85B0F1EE10FAE1
:1075C00040F18A80B0EEE67AD1ED025AB4EEC67A86
:1075D000F1EE10FA00F19D80D1ED039A26EEA60A95
:1075E00092ED009AD2ED018A92ED028AA7EEA70AE7
:1075F000A5EEA50AA9EEA90AB5EE400AF1EE10FA29
:1076000000F1A680B1EEC07A9FED5C3A9FED5A2A58
:10761000B7EE004A84EE076A66EE266A66EE277ABF
:1076200066EE255A26EE837A68EE664A26EEA85A5A
:10763000A7EE897AE7EEA84AA7EE885A37EEC44A41
:1076400026EE296AF1EE652AB0EEC44AA5EE887AE4
:10765000E5EE834AA5EEC95AB4EEC24AF1EE463AC7
:10766000F1EE10FAA6EE687AE6EE094AA6EE035AA3
:1076700035D49FED426A27EE873A27EE634A27EE1C
:10768000866A22EE877AA6EEC96AA2EEA86AA3EEFF
:10769000886AA3EE867AA6EEC63AA2EE864AA6EEDF
:1076A000A47AA3EEA43AB0EE446AA7EEA46AA7EEC9
:1076B000857AF0EE434AE5EE854AA6EEC56AB0EE5D
:1076C000475AC0ED004A80ED016A80ED025A05B0CC
:1076D000BDEC048B5DF804FBD1ED025A7CE7B0EE03
:1076E000E64AB4EEC24AF1EE10FAC2D5B0EEE54A6F
:1076F000B4EEC24AF1EE10FABBD5B0EEC66AB4EEF3
:10770000C26AF1EE10FAB4D5B0EE646AF0EE474A00
:10771000D7E7B0EEE57AD1ED039AB4EEC67AF1EE92
:1077200010FA7FF55BAFB0EEE97AB4EEC67AF1EE0F
:1077300010FA7FF553AFD2F800C051689368C0F8D3
:1077400000C04160836005B0BDEC048B5DF804FBB4
:107750000390CDED025ACDED016ACDED007A0FF028
:107760007BFF0398B0EE407ADDED025ADDED016A51
:10777000DDED007A48E700BF6F12833A0000000099
:10778000F7EE007AD2ED005A9FED357A92ED015A6C
:1077900075EEE77AF0EEE77AF4EEC77AF1EE10FADA
:1077A0003BD5F0EEC57AD2ED024AF4EEC77AF1EE9F
:1077B00010FA35D492ED034AD1ED017AD1ED002AC9
:1077C00025EE676A91ED023A67EEA56AD1ED033ABC
:1077D00024EE677A67EEA47AA2EEA56AE2EE856AE5
:1077E000A2EEA47AE2EE847AA3EE646AE3EE046A7F
:1077F000A3EE257AE3EE457AA3EEC46AE3EEE46AEB
:10780000A3EE857AE3EEA57A80ED006AC0ED016A09
:1078100080ED027AC0ED037A7047D2ED024AC9E7E3
:10782000F0EEE47A92ED034AF4EEC77AF1EE10FA44
:10783000C2D5F0EEC47AF4EEC77AF1EE10FABBD5F9
:10784000D1F804C08A68CB68C0F804C08260C36005
:1078500000B5D1F800E0C0F800E05DF804FB00BF1F
:107860006F12833AF7EE007A9FED377A10B52DED5F
:10787000048B91ED008A86B00446D1ED018A78EE42
:10788000677AF0EEE77AF4EEC77AF1EE10FA36D5C1
:10789000F0EEE87A91ED029AF4EEC77AF1EE10FA82
:1078A00030D4D1ED039A28EEA80AA8EE080AA9EE72
:1078B000090AA9EEA90AB5EE400AF1EE10FA3CD485
:1078C000B1EEC07A204602A9F7EE006AC6EE877ACA
:1078D00027EE888A68EEE78A29EE679A67EEE97AEA
:1078E0008DED028ACDED038A8DED049ACDED057AFA
:1078F000FFF752FE204606B0BDEC048B10BD91EDA3
:10790000029ACEE7F0EEC97AD1ED039AF4EEC77A87
:10791000F1EE10FAC7D5F0EEE97AF4EEC77AF1EE9F
:1079200010FAC0D5106851689368206020466160E5
:10793000A36006B0BDEC048B10BD01920FF08CFE6D
:10794000019AB0EE407ABDE76F12833AD2ED007A29
:10795000DFED476A9FED477A67EEA67A30B52DEDE9
:10796000048BC7EE878A0D468DB00446B6EE009AAA
:1079700068EE898AB0EE680A10F088F92B78B0EECC
:10798000408A06EE903A6B78B0EE680A07EE103A3D
:10799000AB78F8EE666A07EE903AB8EE477A28EED2
:1079A000098AF8EE677ACDED026A8DED037ACDEDA6
:1079B000047A10F06FFA02AA08A905A88DED080A4A
:1079C0008DED098A8DED0A8A8DED0B8AFFF7E4FDB6
:1079D000DDED057A9FED287AF4EEC77AF1EE10FA24
:1079E00006DCF5EEC07AF1EE10FA3AD5002100E09F
:1079F000FF21DDED067A9FED207AF4EEC77AF1EEF5
:107A000010FA06DCF5EEC07AF1EE10FA22D500226B
:107A100000E0FF22DDED077A9FED177AF4EEC77ADA
:107A2000F1EE10FA06DCF5EEC07AF1EE10FA0AD5A6
:107A3000002300E0FF23204621706270A3700DB088
:107A4000BDEC048B30BDFCEEE77ACDED017A9DF8FC
:107A50000430F0E7FCEEE77ACDED017A9DF80420E2
:107A6000D8E7FCEEE77ACDED017A9DF80410C0E787
:107A7000DB0F49400000344300007F43F8B54FF06E
:107A8000010C534B534E0746534D2DED028B53E8DB
:107A9000002F31682C6843E800C2002AF7D14F4B11
:107AA0005B684F4A4FF47A701B1B97ED038A12688C
:107AB00000FB01F19FED4B0AF0EE480AA3FB0232F6
:107AC000824294BF8918091807EE901AF8EE677A77
:107AD00087EE800A10F0A8F83B78C0EE087A042BF5
:107AE00073D8DFE803F0152D4467030037EEA77A5B
:107AF000B7EE000AB4EEC07AF1EE10FA05D567EEE3
:107B0000A77AB1EE000A27EE800ABDEC028BF8BD21
:107B1000B6EE007AF4EEC77AF1EE10FA03DDB7EEB6
:107B2000007A77EE677A97ED010A77EEA77A97EDFC
:107B3000027A37EE407ABDEC028BA7EE870AF8BDD9
:107B4000F6EE005A97ED010AD7ED026AB7EE007A19
:107B50009FED256AF4EEE57A76EEC06AF1EE10FA52
:107B6000BDEC028B77FE067AA6EEA70AF8BDDFED24
:107B70001F6A9FED1F7A67EEA67A9FED1E0A97EDAA
:107B8000018A67EE877A87EE800A10F07FF8D7EDDA
:107B9000027AF7EE006A77EEC87AB6EE007A30EE37
:107BA000260A67EE807AB0EE480ABDEC028BA7EE9B
:107BB000870AF8BD97ED010A97ED027A37EE407A11
:107BC000BDEC028BA7EE870AF8BD9FED070A9CE784
:107BD00058C301205CC3012060C30120001000E0F5
:107BE00064C3012000247449000000000000B44375
:107BF000D00F4940000034430B682DE9F0430C4698
:107C000080465B69084600252DED048B8BB09FED07
:107C1000649A98472368074620469B6998472368DB
:107C2000214606461B6806A8984708F14400ADF8AF
:107C30001650FFF723FFD8ED017A08F1240027EE54
:107C4000800A88ED040AFFF719FFD8ED017A08F1E0
:107C5000340027EE800A88ED020AFFF70FFFD8ED07
:107C6000017A27EE800A88ED030A0CE0BDF8163091
:107C700002EB420203EB4303B118F85A3B44B05203
:107C80009B788B700135236820461FFA85F9DB69E4
:107C9000984703464A4621464B4508A85DD92368C4
:107CA0009B689847D8ED037A9DED098ADDED080AB7
:107CB00038EE278AD8ED026A9DED077A70EEA60AA3
:107CC000DDED067A38EE478A70EEE70A28EE080AFC
:107CD000A0EEA00AB5EE400AF1EE10FA57D4F1EE8C
:107CE000C08AB0EE480A0FF09DFFC8EE897A98ED81
:107CF000041AF0EE409AB7EEC11AB7EEE70A0FF099
:107D0000CDFCB0EE407BB0EE690AF7EEC78B10F009
:107D1000C1F8B0EE408AB0EE690A0FF0B7FF60EE2E
:107D2000287A28EE288AD4F800C00DF116024946B8
:107D3000FDEEE77A2046BDEEC87ACDED007A17EE6B
:107D4000103ADCF84890C847AAB200288ED102EB5E
:107D50004203F218F052907094E7002503E0F05AC5
:107D6000F8528B78937023682046DB699847ABB252
:107D700001351A4603EB4303904206EB030107EB80
:107D80000302ECD80BB0BDEC048BBDE8F083CDED65
:107D9000030A0FF061FCDDED030AF0EE408AA0E774
:107DA00000004042DFEDCC7A90ED017AB4EEE77A44
:107DB000F1EE10FA40F28E810B682DE9F04F0C467F
:107DC0000546DB6908462DED108B8BB0F7EE00EA17
:107DD00098472368024620465B69F0EE6EBA03922C
:107DE000164698472368029020469B69984704905E
:107DF000074605F12C00FFF741FE2B7A95ED017A3D
:107E0000B0EE409A013B07EE903AF8EEE77AE7EEE3
:107E100087BA002E00F04B8105F10C02FCEEEB7AE4
:107E20004FF0000AF6EE009A0FEE902A05F11C02C0
:107E3000CDED017AB8469FEDA9BA0FEE102ADFED1D
:107E4000A8AA55469FEDA7AA9FEDA7CA9DF8049042
:107E5000059723682A46214608A89B689847F2EEB2
:107E6000047A9DED087A2A462368214687EE27EAA0
:107E700008A89B6898479DED097A1FEE900AF1EEDD
:107E8000047AC7EE27DAFFF7F9FD1FEE100AB0EE0D
:107E9000408AFFF7F3FDB0EE40DAB0EE4E0AA8EEEE
:107EA0000B0A0FF0F3FEF0EE40CAB0EE6D0AADEE35
:107EB0000B0A0FF0EFFF7CEE80CAB0EE4E0A7CEEAC
:107EC000AECAA8EE2A0A0FF0E1FEF0EE408AB0EE4C
:107ED0006D0AADEE2A0A0FF0DDFF78EE808AB0EE73
:107EE0004E0AA8EE0A0A0FF0D1FEB0EE408AB0EEBC
:107EF0006D0AADEE0A0A0FF0CDFF7BEEEE7AB0EE22
:107F00006E7A38EE008A6CEEA7CAACEEA97ABCEEA7
:107F1000C77A8DED017A9DF804309945C0F0D8807C
:107F2000012B38BF012378EEAE8AB0EE6E7A68EE90
:107F3000A78AA8EEA97ABCEEC77A8DED017A9DF8E2
:107F40000470B945C0F0C280012F38BF012738EE58
:107F50002E8A28EE278AF0EE6E7AE8EE297AFCEE79
:107F6000E77ACDED017A9DF80460B145C0F0AC80B0
:107F7000012E38BF012622682946B0EE490A204664
:107F8000D2F84CB007AAD84722683B46294639EEBA
:107F90000C0A0746D2F84CB020460DF11E02D84715
:107FA00022689FED520A33462946D66C054639EEC3
:107FB000000A08AA2046B047002F00F08280BDF8D2
:107FC0001C30029A03EB4303D35C88F8003035B1D0
:107FD000BDF81E30029A03EB430313445D7888F822
:107FE0000150002868D0BDF820300AF1010A029A39
:107FF00003EB430313449B7888F802301FFA8AF599
:10800000039B08F10308AB423FF623AF0498029D9F
:10801000C11C039C6A1A631E02329BB20A2A67D9EA
:10802000022B65D9A20800F10C06011D2B46013A6E
:1080300092B202EB420206EB820600F108020598BA
:1080400050F80C7B0C3351F80C5B52F80C4BB042DF
:1080500043F80C7C43F8085C43F8044CF0D1039ED1
:1080600026F003039BB29E4221D003EB4301049C04
:10807000029D5A1C605A92B2685260189642294476
:108080008078887013D902EB42020233A15A9BB266
:10809000A952A1189E422A448978917007D903EB0E
:1080A0004303E15AE218E9522B4492789A700BB0DC
:1080B000BDEC108BBDE8F08F0AF1010A88F80200D0
:1080C0009CE788F8007082E74E4654E74F463EE74B
:1080D0004B4628E7704700BF6F12833ADB0F4942D7
:1080E0005F6E5142E3CC59420000F0420000704301
:1080F00003EB4302029B1144059A108803320333B9
:10810000914223F8030C12F8010C03F8010CF4D18E
:108110000BB0BDEC108BBDE8F08F00BFDFED937AA4
:1081200090ED017AB4EEE77AF1EE10FA40F21D819B
:108130000B682DE9F04F0C465B69824608464FF00C
:1081400000092DED0A8B89B0DFED89AA98472368D5
:10815000834620469B6998479FED86AADFED869A65
:108160008046CDF80CB023681FFA89F72046DB69FA
:108170009847B84240F2DB809AF80830B7EE00CA60
:1081800025682146013B9AED017AB0EE4C8A3A46C9
:1081900007EE903A06A8AB68F6EE00BAF8EEE77A7A
:1081A000A7EE878A9847F2EE047A9DED077A0AF1E6
:1081B0000C0087EE27BAFFF761FCF2EE007A20EEA2
:1081C0002A0A28EE2B8AA0EE27BAB0EE4B0A0FF04F
:1081D0005DFDB0EE409A3BEE0A0A0FF057FDF0EE5F
:1081E000408A3BEE290A0FF051FD39EE0C9A38EE29
:1081F000087AFDEEC86AF1EE487A29EE079ACDEDCD
:10820000026AFDEEE76A9DF9085099EE2B8ACDEDE2
:10821000016A9DF90410FDEEC86ACDED016A9DF971
:108220000430AB4200F381808B42B8BF0B46F7EEBF
:10823000006AB6EE006A78EEA68AF0EE676A68EE2B
:10824000878AE8EE866AFDEEE66ACDED016A9DF961
:108250000460B54267DB8E42B8BF0E46B7EE006AD7
:10826000F6EE006A30EE060A20EE070AE0EE267A05
:10827000FDEEE77ACDED017A9DF90420954203DB0E
:108280009142B8BF11460D46002221682046D1F820
:1082900040B03946ADF81420ADF81620ADF81820DE
:1082A00005AAD847216833460DF11602D1F840B02F
:1082B000064639462046D847844620682B4639462C
:1082C00006AA076C20466546B847034616B3BDF8B4
:1082D00014101FFA89F2039801EB410102EB4202EC
:1082E000405C08EB020108F8020035B1BDF8162029
:1082F000039802EB4202024455784D7033B1BDF849
:108300001830039A03EB430313449B7809F10109E6
:108310008B7028E71FFA89F202EB420208EB020198
:1083200008F80260E1E72E4698E72B467FE7DDF884
:108330000CB0002505E038F803002BF803008B781B
:10834000937023682046DB699847ABB201351A4623
:1083500003EB4303904208EB03010BEB0302EAD863
:1083600009B0BDEC0A8BBDE8F08F70476F12833AFD
:10837000DB0FC94042E8054042E88540DFED7B7AEB
:1083800090ED017AB4EEE77AF1EE10FA40F2EC806B
:108390000B682DE9F04F5B69804608460C460026C5
:1083A0002DED088B87B0DFED72AA98479FED71AA7B
:1083B000DFED719A074623681FFA86F92046DB69CC
:1083C0009847484540F2CB8098F80820B7EE009ACD
:1083D00023682146013A98ED017AF0EE49BA9B688C
:1083E00007EE902A04A84A46F8EEE77AE7EE87BA45
:1083F0009847F2EE047A9DED047A08F10C0087EEBE
:1084000027BAFFF73BFBF2EE007A20EE2A0AA0EE35
:1084100027BAB0EE4B0A0FF039FCF0EE408A3BEE83
:108420000A0A0FF033FCB0EE408A3BEE290A0FF047
:108430002DFC78EE898A3BEEC97AF6EE007AFCEEE6
:10844000EB6A68EE878ACDED016AA8EEA79A9DF8DF
:108450000450FCEEC97ACDED017A9DF80430AB42B0
:108460007BD8012B38BF0123F7EE007AF6EE006AC5
:1084700038EE278A28EE078AE8EE267AFCEEE77ABD
:10848000CDED017A9DF804B05D4564D3BBF1010FD9
:1084900038BF4FF0010BF7EE007AF6EE006A30EECF
:1084A000270A20EE070AE0EE267AFCEEE77ACDED09
:1084B000017A9DF80420954203D3012A38BF012296
:1084C00015460020216803AAD1F844A04946ADF81A
:1084D0000C00ADF80E00ADF810002046D0478446E1
:1084E00020685B4649460DF10E02D0F844B02046A4
:1084F000E246D847844620682B46494604AAD0F86D
:10850000449020466546C8470346BAF1000F1BD089
:10851000BDF80C10B2B201EB410102EB4202785CF3
:10852000B918B8542DB1BDF80E2002EB42023A44FE
:1085300055784D702BB1BDF8103003EB43033B442D
:108540009B7801368B7036E7B2B202EB4202B91863
:1085500007F802A0E6E7AB469DE72B4684E707B0A5
:10856000BDEC088BBDE8F08F704700BF6F12833AF7
:10857000DB0FC94042E8054042E885402DE9F04F55
:108580000B680F460546DB692DED048B8DB003901B
:10859000084698473B68024638465B690592144690
:1085A00098473B68814638469B699847064606903F
:1085B00005F10C00FFF762FA002C00F02481B0EE08
:1085C000408ADFED9E8AB7EE009A0021CDF8249014
:1085D000CDF81090CDE90766039BB0EE497A1A7A80
:1085E000D3ED016A4FF0000307EE902AADF82E306C
:1085F000F8EE677AADF82C30049B77EEC97A1E78D6
:108600005D789C78A6EEA77AFCEEC77A17EE903AD2
:108610009BB20293002B50D04FF0010B0196A04665
:108620005E468B4638683346B0EE480A0DF12E029E
:10863000C46C59463846A047396833460BAAD1F86E
:108640004CA038EE280A044659463846D047731CD9
:10865000BDF82EC0BDF82C205FFA83FE0CEB4C0C4D
:1086600002EB4202764609EB0C0A74B119F80C4091
:10867000019B23449AF8014025449AF802409BB29A
:108680004444ADB201931FFA84F809EB020C70B1B7
:1086900019F80240019B9CF801009CF80220234439
:1086A000284442449BB285B21FFA82F80193029B90
:1086B0009E45B7D9019E44465946029A0131059814
:1086C000530089B2B6FBF3F6B5FBF3F5B4FBF3F454
:1086D000FF2E079BA8BFFF26FF2DA8BFFF25FF2C5D
:1086E0001E70A8BFFF2488429D705C7037D004982C
:1086F0000333033007930490002A7FF46DAFF7EE45
:10870000006A069FDDF80CC09CF80830F0EE667A2F
:108710009CED016A01EB410207EE103A013109EBD1
:10872000020319F80250B8EE477ABE185C7889B295
:10873000987837EE667AE7EE067AFCEEE77A17EE7F
:10874000903A9BB25B00B5FBF3F5B4FBF3F4B0FBDE
:10875000F3F3BD547370059BB4708B42D4D8069864
:10876000059CC21C631EA9EB02019BB202310A29BF
:108770004ED9022B4CD9A30809F10C05021D013B6F
:108780009BB203EB430305EB830500F10803DDE92E
:1087900008010C3150F80C7B52F80C6B53F80C4B61
:1087A0008D4241F80C7C41F8086C41F8044CF0D142
:1087B000059D25F003039BB29D4224D003EB4301AA
:1087C000069C5A1C605A92B229F801006018954222
:1087D00049448078887016D902EB42020233A15ACC
:1087E0009BB229F80210A118AB424A4489789170D3
:1087F00009D203EB4303E15AE21829F80310994424
:10880000937889F802300DB0BDEC048BBDE8F08F91
:1088100003EB43031A44DDE90831188803330331BD
:108820009A4221F8030C13F8010C01F8010CF4D161
:108830000DB0BDEC048BBDE8F08F00BF00003443E9
:108840000B682DE9F04F0C468246DB6908462DED9A
:10885000048B89B098472368024620465B690392DF
:10886000164698472368834620469B6998470546E5
:1088700004900AF12C00FFF701F9002E00F0B880F7
:108880004FF00008B0EE408ADFED6E9A9FED6E9AD1
:108890004146DFED6E8A05959AF80830B0EE697AA8
:1088A000DAED016AB0EE480A07EE903A23680DF15E
:1088B0001E020291F8EE677ADE6C2046A6EEA77AD9
:1088C000FCEEC77ACDED007A9DF800300093B047FA
:1088D000009B226838EE090A02990746D66C2046AA
:1088E00007AA01930091B0472268064638EE280A8D
:1088F000D2F84C90204600990DF11A02019BC8470E
:10890000002F7AD0BDF81E3003EB43031BF8033071
:108910002B7033462EB1BDF81C3003EB43035B4490
:108920005B786B7000286AD0BDF81A3008F1010836
:10893000033503EB43031FFA88F15B449B7805F88A
:10894000013C039B9942A7D304981C46013BDDF8E8
:108950001490C11C9BB2ABEB010202320A2A5AD915
:10896000022B58D9A20800F10C065B46011D013A02
:1089700092B202EB420206EB820600F1080259F8BD
:108980000C5B0C3351F80C4B52F80C0BB14543F80F
:108990000C5C43F8084C43F8040CF0D1039D25F01F
:1089A00003039BB29D4223D003EB4301049C5A1C5A
:1089B000605A92B22BF801006018954259448078B1
:1089C000887015D902EB42020233A15A9BB22BF8F0
:1089D0000210A1189D425A448978917008D903EB7E
:1089E0004303E15AE2182BF803105B4492789A7023
:1089F00009B0BDEC048BBDE8F08F2F7089E708F15A
:108A00000108039B033505F8010C1FFA88F18B421E
:108A10003FF642AF98E703EB43025B461144B9F8D7
:108A2000002009F103090333894523F8032C19F8C1
:108A3000012C03F8012CF2D109B0BDEC048BBDE888
:108A4000F08F00BF000000000000F0420000704303
:108A50002DE9F04F824687B09820059116F0D0FAA4
:108A60009AED077AF6EE004ADAED087A24229AEDBA
:108A7000033A0023DAED042A00F10801DAED053AA1
:108A800073EE075A9AED064A32EEA75A37EE236A7A
:108A9000026077EE846A042265EEA45A036125EE33
:108AA000245A426026EE246A80ED053A66EEA46AF6
:108AB000C0ED062A80ED077AC0ED087AC0ED095AAC
:108AC00080ED0A5A436380ED0E7AC0ED0F2AC0EDA7
:108AD000103AC0ED117A80ED126A80ED135A836569
:108AE00080ED173AC0ED187A80ED197AC0E90233AB
:108AF000C0E90B33C0E9143380ED1A4AC0ED1B5AAC
:108B0000C0ED1C6AC36780ED207AC0ED217AC0ED0C
:108B1000223A80ED234A80ED246AC0ED256ABAF836
:108B200000200293CAF804100193C0E91D33DAF85B
:108B30000800002A60D04FF0000910E0019A791C6B
:108B4000AB68013243F8276093B22980BAF800205D
:108B5000019309F101091FFA89F393424CD2DAF823
:108B600004501FFA89F3029950F823600D4496EDE2
:108B70000D7AD5ED057AD6ED0E6AB4EEE77AF1EE10
:108B800010FAE6D596ED0F7AD5ED037AB4EEE77AD2
:108B9000F1EE10FADDDDD5ED067AF4EEE76AF1EEDE
:108BA00010FAD6D595ED047AD6ED107AB4EEE77AC0
:108BB000F1EE10FACDD52F886C88A742BED1002FD8
:108BC00050D14FF008082020D5F808B016F018FA58
:108BD000A860002340F824300134A4B2A045F8D89E
:108BE000BBF1000F03D0584616F012FA2F88DAF8BE
:108BF0000800A5F80280A1E7029B2433902B029382
:108C000097D118B116F004FABAF800200023CAF878
:108C10000830019BB2EB530F1ED9059C0134E4B21E
:108C2000082C19D0DAF804301A88082A00F2A98032
:108C30009A8C03F12400082A00F29D80B3F84820A2
:108C400003F14800082A00F29080B3F86C2003F189
:108C50006C00082A00F285800023AAF8003007B0D3
:108C6000BDE8F08F4FEA4708D5F808B01FFA88F83A
:108C70004FEA880016F0C4F9A860B8F1000FAFD031
:108C800047453946CBF3020228BF414608290B4627
:108C9000049194BF00230123002A18BF0023002B56
:108CA00050D00BF10403C31A082B4BD900290B46F3
:108CB00000F1200C00F1100208BF01230BF110019C
:108CC0001C460393324BA408013CA4B20CEB041CD9
:108CD0001C0C03F1040E1032002310316EF30F034D
:108CE000624504F1040E04F1010411ED086B11ED6D
:108CF000067B6EF31F43A4B202ED086B02ED067B08
:108D0000E6D1039921F003028A4293B216D05C1C8B
:108D100004995BF82320A4B240F823208C420DD2A2
:108D20005BF8242040F824209C1CA4B28C4205D27D
:108D30005BF82420033340F824209CB2A0453FF682
:108D400048AF4DE7ABF10402031F0024DDF810C06B
:108D5000013452F8041FA4B243F8041FA445F7D805
:108D6000ECE72146FFF774FE76E72146FFF770FE39
:108D7000DAF8043069E72146FFF76AFEDAF80430D2
:108D80005CE718462146FFF763FEDAF804304FE748
:108D900002000300054B022888BF034610B41C687C
:108DA000184663685DF8044B184700BF184C002054
:108DB00010B50446006816F02BF9204610BD00BF20
:108DC00041F2BB03984200F212812DE9F047DFF82F
:108DD0005482C2B00D4698F80030002B00F0E880B5
:108DE0008208854B00F00300844EA3FB0213D11AC6
:108DF00003EB51035C09824B40EA8409C4EB841401
:108E0000141B36F814E023444FEA4E001F0300EB16
:108E10000330B0EB033F40F2EB803B464FF0FF0CDA
:108E20001A880233D1B2894508BF4FEA122C984202
:108E3000F6D8654500F0AA80BEF5006FC0F0A980A5
:108E40000DF108084FF48072FF2140460FF08CFEB0
:108E500007F5805CB81C3A46844534BF01204FF4C6
:108E6000006007EB4000134602321B889042D9B2E3
:108E70004FEA132308F80130F5D108F8095072B60B
:108E8000604B0022604999610221D96140F206419C
:108E9000C3F8F012C3F8F422C3F8F822C3F8FC2296
:108EA000C3F8A0204FF47022C3F8A4200122C3F815
:108EB000B020BFF34F8F07F120034FF0E0219C4516
:108EC00028BF80223B4607EB4212C1F85C3F2033AB
:108ED0009A42FAD1BFF34F8FBFF36F8F494A53695C
:108EE000D807FCD5494B012149483B405161C2F8A4
:108EF000F002C2F8A0304FF47023C2F8A430C2F8D8
:108F0000B010404A5369D907FCD50121414B0020DC
:108F1000DFF814C15161404DC2F8F032C2F8F402DA
:108F2000384AC2F8B810C2F8A000C2F8A4C0C2F80B
:108F3000B0105369DB07FCD551612B78DB07F0D407
:108F4000136843F0010313602E4A136813F00108FD
:108F5000FBD162B60DF107090DF2071A4D4615F85F
:108F6000012F07EB48000DF106016B1EFF2AA3EB52
:108F7000090307D043EA022308F10108ADF80630DF
:108F80000CF088FE5545EAD126F8148042B0BDE8C1
:108F9000F08749EA052902A9ADF808900CF07AFE9D
:108FA00036F81430013326F8143042B0BDE8F087AB
:108FB0001A4E4FF6FF711A4C06F17E07A4F5805346
:108FC0004FF0000C03E0A3421FFA8EFC05D21A8872
:108FD0000CF1010E02338A42F5D126F802CFBE42CF
:108FE00004F58054EAD1012388F80030F8E6704790
:108FF0004FF0FF0C1DE700BF054110049C690020E5
:10900000C007060000802A40F05AF05A00F0FF0026
:10901000200418080504012400812A409A690020D0
:1090200000107C609869002001000F000A498A69DD
:1090300038B108B513180948834204D810468B612B
:1090400008BD104670470FF035FD0C234FF0FF327E
:109050000360104608BD00BF844C0020000028209B
:10906000002070474FF0FF30704700BF4FF40053AF
:1090700000204B60704700BF012070474FF0FF3069
:10908000704700BF30BFFDE738B51F4D2B7F53B38E
:109090001E4C94F8D42532BB012284F8D425DA077B
:1090A00022D400225B0784F8D4251CD5184B1A68FB
:1090B000CAB1EFF30582B2B9EFF3108572B6186842
:1090C000D0B194F8D515B9B9012284F8D5254269F3
:1090D0001A60AAB1916105B962B600258368457727
:1090E000984784F8D55538BDD4F8C020002AD8D187
:1090F000FFF7CAFF2B7FD4E7002DF4D162B638BD4D
:10910000044B1A60E7E700BF844C002000A7002052
:1091100048C301204CC301202DE9F84F0121224C06
:10912000224E8146224D54E8003F3268286844E8C8
:109130000013002BF7D11F494B684FF47A7BDFF8FF
:1091400078A01B1A01270BFB02F8DAF80020A3FB1A
:1091500002325A4594BF9044D84454E8003F3268E4
:10916000286844E80073002BF7D14B68DAF800C098
:109170001B1A0BFB02F2A3FB0C3CBCF57A7F94BFDD
:10918000624402F57A72A2EB0802B2F57A7F06D346
:10919000B9F1010908F57A78DFD1BDE8F88FFFF75A
:1091A00073FF0449D9E700BF58C301205CC3012005
:1091B00060C30120001000E064C30120054B10B51E
:1091C000D3F8C0400CB1204610BDFFF75DFF20462C
:1091D00010BD00BF00A700202DE9F04F85B08A46E2
:1091E0000290002900F0DD806F4C00236F4E04F1E7
:1091F000400BDFF8C891019394F82F500123A18D03
:1092000084F82E306B010BEB45170393002940F0D7
:10921000C4800D46084688461EE0BFF34F8F84F891
:109220002E8000B9356894F8D635002B40F0978031
:1092300033685B1B782B00F2968099F80030002B86
:1092400000F08D80FFF720FF0123A18D184684F8E0
:109250002E30002940F08E807B6813F08003DCD133
:109260004FF4006294F82F5084F8D6351146A28549
:1092700003EBC520DFF8488192454FEAC5254044FD
:1092800017D252460391029910F060FA039B484AA4
:10929000A3EB0A03A3854FF04043C2F88430BFF329
:1092A0004F8F01980023504484F82E3005B0BDE85C
:1092B000F08F0299454410F049FA0123039A4BF8C4
:1092C00002303C4BBD607B6005F58053FB6005F5CB
:1092D00000533B6105F540537B6105F58043BB615D
:1092E0000023FB61BFF34F8F05F5006105F12003FB
:1092F0004FF0E020994234BF0121402105EB41119C
:109300008B42C0F8705F1D4603F12003F8D1BFF314
:109310004F8FBFF36F8F4FF480113A462648FBF70B
:10932000F3FB94F82F300133DBB2032B28D8019ADA
:1093300084F82F30A38D1A44AAEB030A0192029AF3
:109340001A44002302921A4AA385C2F88430BFF35C
:109350004F8F84F82E30BAF1000F7FF44DAF019893
:1093600005B0BDE8F08F0123019884F8D63505B02B
:10937000BDE8F08F94F82F500A46C1F5006377E7F7
:10938000A38D019AAAEB030A1A440192029A1A4485
:109390000023029284F82F30D5E70A46C1F5006316
:1093A00066E70846DCE700BF00A700205CC3012099
:1093B00000002E408000000840020020F8B101208B
:1093C00080002020094B00B583B01B788DF8071072
:1093D0003BB101210DF10700FFF7FEFE03B05DF880
:1093E00004FB03F0FF0003B05DF804FBF8B10120BB
:1093F000504A2DE9F04F116883B08646056905E0B3
:10940000DB0106D413685B1A102B09D86B6998012D
:10941000F6D44FF4FE4301206B6103B0BDE8F08F3A
:10942000DEF814B09EF8183043490BEB03139EF896
:1094300019201B7A0BEB0212180192F8282001EB7D
:10944000031351F800901520D3F80CA001EB02147F
:109450005B681201E76818600093C9F884A0D9F826
:1094600004308E584AEA03033449C9F8043063686B
:1094700018600193C6F88470736831483B43736089
:10948000304B4C680268A3FB0232920C02EB820262
:1094900052004B681B1B9A42FBD84FF0090C274A1D
:1094A000DFF8A080D9F808301AEA030F02D0B368B9
:1094B0001F422FD1C6F8887054680168A8FB01319B
:1094C000890C01EB810153681B1B9942FBD8C6F83C
:1094D000847054680168A8FB0131890C01EB81019B
:1094E00053681B1B9942FBD8BCF1010CDAD19EF8E2
:1094F00018306046009A0BEB0313DB6813609EF88C
:109500001930019A0BEB031BDBF82C30136003B00E
:10951000BDE8F08F9EF81830009A0BEB0313DB6860
:1095200013609EF81930019A0BEB0313DB6A13608A
:109530006FE700BF5CC30120441E0020001000E064
:10954000844C002083DE1B4310B50446006808B13C
:1095500015F05EFD204610BD2DE9F04F97B017467F
:109560008346BDF8802005919DF888100B920791E5
:10957000026A9DF88C10BDF884900891002A00F0D2
:109580001081117AD2E900205B1A0492DBB2DDE986
:109590000721114300EBC30230F83330012992F95F
:1095A00005000393937892F906400293D3781190C3
:1095B000129377D8002313931093A44BDBF800C0C9
:1095C0001A460C93DCF81430934240F0DB81129B76
:1095D000002B00F0C780BBB2DDE9072114932344C0
:1095E000012A08BF012915934FF000030CBF012287
:1095F00000229A460A9306920993029B002B00F0E0
:10960000A980099A0025139B1499D3180898DDF8AE
:10961000288003FB00130FFA83F9159B13441BB238
:109620000D9309E00135029B4FEA4A0AEDB25FFA59
:109630008AFAAB4240F2898043465A1C5B075FFAC4
:1096400082F806D1039A0499531C11F802A09BB228
:1096500003931AF0800FE5D0069B43B3119B059A44
:10966000DCF8184099187A4B29449C4209B240F022
:109670008280DCF81040774B9C427CD10029D1DB02
:10968000BBF90C308B42CDDD0D9A002ACADBBBF949
:109690000E309342C6DD0B9B5846FBF769FFDBF8A3
:1096A00000C0BFE703B2109323B2139385E7109B6A
:1096B000059A5C19079BDCF81C6004FB0324664ACE
:1096C0001BB2BDF92070964224B25BD1DCF8406039
:1096D000624A964256D1DCF814300C9A93425BD120
:1096E000079B2344A34225DDCDE90E8AAA4698466E
:1096F0000B9D09E001340095DCF8386024B2B047D6
:10970000444510DADBF800C055483B46DCF82060E1
:109710004A46214686425846ECD001340095B0476F
:1097200024B24445EEDB5546DDF83880DDF83CA038
:10973000DBF800C0DCF82C300C9A93423FF472AF97
:1097400058469847DBF800C06CE71A460A9B13445A
:10975000DBB20A93099B129A0133DBB29A42099356
:109760003FF64BAFDCF82C300C9A934240F0FC8073
:1097700017B0BDE8F08F0B9B58460D9AA047DBF859
:1097800000C04FE70B9A21465846009701924A467F
:10979000B047DBF800C045E758469847DBF800C003
:1097A0009EE7B0F90C2005998A42E1DDB0F90E2060
:1097B000BA42DDDD0622079812FB0012002AD7DD2F
:1097C000089A07EBC202002AD2DD9BF81C20012A6E
:1097D00003D0AF2B01D90133DBB21C4ADBF8000008
:1097E00011460C9242698A4240F0EF80BDF8142085
:1097F00003EB8303B8460B9F11461092194ACDF82C
:109800001090D3180A460D934B1D9BB20E93DDE9C1
:109810000731CDE90922012B08BF01299BB20CBFFA
:10982000012100210F930346584603910D9A082405
:10983000BDF924B0002512F8016BBDF91CA00D92F2
:10984000BDF92820029706922EE000BF9919010069
:109850003D210100D9220100A51C0100111C0100BD
:10986000E91B0100E8320020039A002A40D0D3F817
:10987000189005EB0802584912B2894579D1D3F8FE
:1098800010905649894574D1069F002F05DBB0F929
:109890000C10B94201DD002A79DA013C0135760865
:1098A00014F0FF046DB233D0F207DDD4049A0299AC
:1098B0009142F2D00399E1B1D3F8189005EB080278
:1098C000454912B289455BD1D3F810904349894587
:1098D00056D1069F002FE0DBB0F90C10B942DCDD59
:1098E000002ADADBB0F90E109142D6DD049B53E07A
:1098F000029A01925946089A0590009205FB02824D
:10990000D3F81C90534612B2C84705980368C4E7C1
:10991000099A0F9C0A992244029F013192B289B29E
:1099200009920E9A0A918A4280D18346DDF81090FE
:1099300018460B9B4B4512D0039B002B33D0046A77
:109940004246274BCDF800909C42BDF938104FF0AD
:10995000080308BF846B5846A047DBF80000C36AC1
:109960000C9A93423FF404AF584617B0BDE8F04F4D
:109970001847029B05900699C847059803688CE72D
:10998000049BF7E758469847DBF800C01FE6B0F99C
:109990000E10914281DD029B39460590FBF7E8FDF0
:1099A0000598036879E704EB84031099CDF80490D7
:1099B00042461944089BDB0009B20093079BC46927
:1099C0005846A047DBF80000C9E758460293904785
:1099D000DBF80000029B09E73D210100D9220100CC
:1099E000E91B0100036AF0B5074685B0002B3AD0A9
:1099F0000A292BD00D2933D01A7A914230D39C7A80
:109A00008C422DD38A1A5C68D2B204EBC204E5788A
:109A1000A278A5B19AB1C57E002D63D1067E437EA2
:109A2000B0F91050B0F912203846CDE902630B4668
:109A30002946FD8A0195BD8A0095FFF78DFD2179A4
:109A40003B8A3A7E01FB02333B8209E04FF0000C77
:109A5000428A417EA0F810C01B7B01FB0323438296
:109A6000012005B0F0BD0A291ED00D29F8D0C27E14
:109A7000B0F910400ABBB0F91220067E457E03956E
:109A80000B4602962146FC8A38460194BC8A009413
:109A9000FFF762FD3B7E3A8A012003EB430302EBB2
:109AA00043033B8205B0F0BD428A417E038202EB54
:109AB000C1034382012005B0F0BD067E0622B0F945
:109AC0000C5012FB0642AA4208DD428A1C46457E23
:109AD000038202EBC50212B24282D0E7B0F9122033
:109AE000457ECCE794F90550067E2A44B0F9105023
:109AF000B0F90CC006FB0252624503DC437EB0F9AC
:109B0000122091E70025428A058293F80CC0437E1B
:109B10000CFB032212B2428286E700BF10B5044656
:109B2000C06A08B115F074FA204610BD836A70B59A
:109B300004460D469BB390F8302040F20111724E5E
:109B40005200A3F82F1183F8A520836A1A681846DB
:109B50001268B24240F0CE80B3F83021DAB193F807
:109B60002F21882A2BD8511C1A4483F82F11002347
:109B700082F8A530A06A026803461268B24240F03B
:109B8000BC80B0F8302132B193F82F21882A1CD93B
:109B9000012218465A60BDE870400BF0EDBB026C24
:109BA000006D1368616A23EA00031360C1B10A689B
:109BB0005566D36D13F4F81FFBD0536F70BD0122AF
:109BC0005A6093F82F21882AE2D8511C1A4483F84E
:109BD0002F1182F8A550A06ABDE870400BF0CCBBF5
:109BE000D4E90E23A06C2E06116854BF81430143B3
:109BF0006E0611601968E06C41EA0001196019688D
:109C0000E06C21EA000119601168A06C54BF814327
:109C10000143AE0611601968E06C41EA0001196069
:109C20001968E06C21EA000119601168A06C54BF4A
:109C300081430143EE0611601968E06C41EA0001BE
:109C400019601968E06C21EA000119601168A06CC4
:109C500054BF814301432E0711601968E06C41EA4B
:109C6000000119601968E06C21EA000119601168AF
:109C7000A06C54BF814301436E0711601968E06C0A
:109C800041EA000119601968E06C21EA00011960DD
:109C90001168A06C54BF81430143AE07116019687D
:109CA000E06C41EA000119601968E06C21EA0001EA
:109CB00019601168A06C54BF81430143ED07116026
:109CC0001968E06C41EA00011960E06C196821EA4A
:109CD000000119601168A06C4CBF01438143116001
:109CE0001A68E16C0A431A601A68E16C22EA010200
:109CF0001A6070BD002190473CE729469047A06A52
:109D0000BDE870400BF038BB9D190100F8B5836ABF
:109D10000446002B78D0826D0020884D1B69AA4232
:109D2000186133D88648012298645A624FF4303261
:109D300084489862DA62986C002218654FF001102E
:109D40001A62012298651A615A392046C9B2FFF792
:109D5000EDFEA36A4BB3E26D002178481B69824295
:109D6000196100F2BB80764C012076494FF4303205
:109D70009C6458629962DA629C6C00204FF0011179
:109D800001221C65186299651A61F8BD6E4DAA42E0
:109D900000F2AF806D4A9A64A2F121625862A2F685
:109DA0000C429A626A4ADA62C5E7616C606D0B68C0
:109DB000626A03430B60002AE7D0D37C002BE4D017
:109DC000DD0704D5906A4FF0E021C1F800019C073F
:109DD00004D5D06A4FF0E021C1F80401580704D53A
:109DE000106B4FF0E021C1F80801190704D5506B42
:109DF0004FF0E021C1F80C01DB06C6D5926B4FF0A5
:109E0000E023C3F81021F8BD436A002B5FD0D0E9EE
:109E10001925D87C002839D072B6D87CC60708D559
:109E20004FF0E02C5F69DCF880613E409E62CCF828
:109E30008061870708D54FF0E02C9F69DCF88461CA
:109E40003E40DE62CCF88461460708D54FF0E02C36
:109E5000DF69DCF888613E401E63CCF88861070743
:109E600008D54FF0E02C1F6ADCF88C613E405E6341
:109E7000CCF88C61C60608D54FF0E0265F6AD6F8AC
:109E8000900138409863C6F8900162B698688242A3
:109E900013D030489A6080692F4EC0F3011CC0F384
:109EA000826056F82C600130B6FBF0FC002A2BD003
:109EB000624532D90022DA6000E0DA681B680020CF
:109EC0001861032058621A6401221D661A61626CCF
:109ED000606D136823EA0003136035E71A48824275
:109EE0000FD91E4C1E481A4A9C6459629862DA6265
:109EF00042E71A4A9A641A4A58629A62144ADA6223
:109F000019E7124C1748EEE78642D4D30CF1010052
:109F1000B0F5817F09D3144ACDE7BCFBF2F0BCFB5E
:109F2000F0FC6245F4D28446F0E70228C2D9023838
:109F30004608320242EA06420243BCE77F1A0600A4
:109F40003B372819B80B05053F420F001C1A120CAD
:109F5000007F050000C00F409C2300200A09070471
:109F600060090101100E0202FF7F7F0010B5044658
:109F7000006808B115F04CF8204610BD194B10B41C
:109F80000360EFF3108272B6037F012B12D0032B14
:109F900004D002B962B65DF8044B7047437F33B119
:109FA000D0E90513C3B1596161B90F490B600023B2
:109FB0000377EEE7437F002BF9D0D0E905132BB1EF
:109FC000596131B18B6100230377E2E7074C2160CF
:109FD000F7E707490B60EAE7064C21600029F1D159
:109FE000E3E700BF4C22002054C3012048C30120F6
:109FF0004CC3012050C3012003790F2B0FD8084A0E
:10A00000937672B60749012290F804C0B1F8E8359A
:10A0100002FA0CF223EA0203A1F8E83562B67047AF
:10A0200000800E4000A7002070B5C289044684B0AD
:10A03000006804F11303257CADF80C20002830D013
:10A04000627C03A900950AF05BFE00283DD0237CCA
:10A05000002B43D0A27C8AB1012BE07C0CD0227D66
:10A06000022B42EA002007D0627D032B42EA002047
:10A0700002D0A37D43EA002004B070BD1C44012B34
:10A08000A07CF9D0627C022B42EA0020F4D0227C32
:10A09000032B42EA0020EFD0E37B43EA002004B028
:10A0A00070BD6068E8B1267BD1B2032E2FD086B197
:10A0B000022E25D101F07F018DF80C10627C03A9DE
:10A0C00000950BF009F80028C1D14FF0FF3004B023
:10A0D00070BD61F07F018DF80C10EFE7184604B0F9
:10A0E00070BDA268002AF0D0117C0029EDD09668DE
:10A0F000002EEAD0506903A90095627CB047A4E71E
:10A10000012EDBD161F03F018DF80C10D6E7120A69
:10A1100000958DF80D1042F00102617C8DF80C2045
:10A120004A1C03A90AF0D8FF8FE700BF70B5057A73
:10A1300004469DB94668304614F08CFF237801220E
:10A140009340227286F8A53040F20113A6F82F3111
:10A1500060680BF011F908B1284670BD237840F211
:10A16000011162685B00A2F82F1182F8A5306068C7
:10A170000BF002F9B0FA80F56D09284670BD00BFFA
:10A180002DE9F04F466883B0624C074601931546AF
:10A1900033685B68A3427AD1B6F83041002C61D1B4
:10A1A000A54205D04FF00009484603B0BDE8F08F46
:10A1B000D7F804B09BF82FA1BAF1000FF2D058469F
:10A1C000FFF716F981460028ECD0534F0026D7F848
:10A1D000008000E02646B245DBF810105ED234461F
:10A1E0004A69130537D4550500F18780900400F1C2
:10A1F00084803868A0EB080032287ED8A24507D2B8
:10A20000C96D490704D19305CED4019B002BCBD057
:10A21000FEF73AFFB245DDD2DBF810104B691E05A0
:10A2200019D45D0569D4980467D43A68A2EB080292
:10A23000322A62D8A24507D2CA6D520704D19B05C3
:10A24000B2D4019B002BAFD0FEF71EFFDBF810103D
:10A250004B691E05E5D50B694FF0000943F44073C7
:10A260000B61A1E796F82F318C46C3F18904A24215
:10A2700011D8144606F1A5006146224618440FF095
:10A2800065FA96F82F31234486F82F3188E7304657
:10A290009847044684E701227260EBE7C86D3446B4
:10A2A00000F0070240079BD413E09BF8A550013251
:10A2B000022445F48065042A0D661CD0824502F113
:10A2C00001020BEB00050ED995F8A500042A0866DB
:10A2D00086D00120002CE8D020460132013482458E
:10A2E0000BEB0005F0D8019B002B3FF479AF4FF446
:10A2F00000720A6674E7012472E70B694FF00009E7
:10A300004FF4007243F4407348460B610A6603B091
:10A31000BDE8F08F414001005CC30120D0ED017A1F
:10A3200090ED006A67EEA77AD0ED026A90ED037AAD
:10A33000E6EE067AE6EEA67AE7EE077AF5EE407AE2
:10A34000F1EE10FA02D4B1EEE70A7047B0EE670AF8
:10A350000DF082B900B5D2F804E0D2F800C0C1F81F
:10A3600004E0D2F808E0C1F800C0C1F808E0D2F873
:10A370000CE0C1F80CE05168C0F800C04160916881
:10A38000D2688160C2605DF804FB00BFD1F804C0F0
:10A390008A68CB6800B5D1F800E0C0F804C0C0F806
:10A3A00000E08260C3605DF804FB00BF30B40F4B77
:10A3B0004FF0010C0E4D0F4C53E8002F2868216818
:10A3C00043E800C2002AF7D10B4B5B680B4A5B1ACB
:10A3D0004FF47A71126801FB00F0A3FB023230BC2B
:10A3E0008A4294BF80184018704700BF58C30120AC
:10A3F0005CC3012060C30120001000E064C30120A1
:10A4000070B50E4C4FF6FF7E0D4E04F17E05A6F59D
:10A410008053002102E0B34281B204D21A88481C62
:10A4200002337245F7D124F8021FAC4206F580567C
:10A43000EDD1044B01221A7070BD00BF9A69002053
:10A4400000107C6098690020B64B40F2EE26B64CB6
:10A450001D682DE9804895B0FEF716FEB34B1B78BA
:10A46000002B01F07A8094F8A435DB0741F1758068
:10A47000AC4B1B68D4F8A0259B1A0E2B41F26D80C3
:10A48000AA4B1B781BB10C21A948FEF7A5FEA74BD0
:10A4900040F60D221B78ADF82C20002B01F0ED804A
:10A4A0000BAB022118460BEE103AFEF795FEA148C1
:10A4B000F3F74CFD6420FEF72FFE9F4BDFF8C4B28C
:10A4C00003939C4B9FED9D9A03F550449FED938B16
:10A4D000944B9FED9B7A1A689A4BA3FB021341F2AF
:10A4E00088311B0B01FB1322012107EE902AF8EEA5
:10A4F000E77AC7EE879A5BE8003F8A4B924A1B686F
:10A5000012684BE800100028F5D19049824649684E
:10A510008A1A8F490968A2FB01214FF47A7202FB63
:10A5200003F3914294BF5B189B18824AC2F8F03043
:10A530000022884B884943F8102B9942FAD1874B67
:10A540001B78002B40F04B87854A86495378154687
:10A550000846127803EB830303EB83030533DBB276
:10A5600081F8AE3D91F8B01D002900F0A88780F871
:10A57000AC3DAB7803EB43039B000533DBB280F8C3
:10A58000AF3D80F8AD3D6B4B93F8A832002B00F047
:10A59000C184062A40F03487039AF7EE003A724BE2
:10A5A0009FED724AC3F8342F03F58053624A93F843
:10A5B0003961A3F53B750392002E40F0DF831368E9
:10A5C000C5F8243204326A4B04359342F4D1694B06
:10A5D000B3F84000A3F5805393F8786058B303F6BE
:10A5E000C6720023114604E001339DB2854281F01A
:10A5F0003F8031F8025FB542F6D15F4D03F2D223BE
:10A600004FF07E5105EB830395F87A50C3F8841020
:10A61000002303E0013399B281420CD232F8021FC9
:10A62000A942F7D1544A03F2D22302EB83034FF03D
:10A630007E52C3F88420504B00201F6FA3F50053B7
:10A64000014693F8E42102E0C1B28A4221D3394D98
:10A6500001F5CB73013005EB8303484DD3F83C3B48
:10A66000AB42F1D1A5F5516389B2B3F8846086B1EC
:10A67000A5F6B640002303E001339DB2AE4208D9EF
:10A6800030F8025F8D42F7D13D4901EB8303C3F8F7
:10A69000C8730020344B014693F8905802E0C1B2D1
:10A6A0008D4220D3304B0130344E03EB8103D3F87D
:10A6B0004038B342F3D1A6F5516389B2B3F830679D
:10A6C0008EB103F20670002303E001339DB2AE4267
:10A6D00009D930F8025F8D42F7D1F233224901EBFC
:10A6E0008303C3F8EC7100200146124D01F5CB73D2
:10A6F000013005EB830305F64C25D3F83C3BAB4218
:10A7000000F09587C1B28A42EFD20025B0EE690A07
:10A7100008482E46F6F70EFE4AE000BFFFFFFFFF97
:10A72000FFFFEF7F5CC3012000A70020F8B10120EC
:10A7300080470020ECAC00200CB20120CDCCCC3DF9
:10A7400000409C455917B7D160C30120001000E0BC
:10A7500064C3012094AD012034AF0120F9B1012080
:10A76000FCB10120EC5C0120ECBC002000000000EA
:10A770000CB40120ECEC0020ECDC0020FCC9002033
:10A780002CB8002058C30120D4F8700B03689B68D4
:10A790009847D4F86C3B47191A681846D36898470D
:10A7A00028440C3501684268836839607A60BB6070
:10A7B000D4F8700B0368DB689847864206F10106FF
:10A7C000E2DB474D03E01035464BAB424BD0D5EDB5
:10A7D000037AF5EEC07AF1EE10FAF4DD2B68D4F8C6
:10A7E000708B002BEFDD0026B146D8F800304046D4
:10A7F00009F101099B6898476B689B5903EB430378
:10A8000000EB8307D8F8003040469B6898476B6898
:10A8100006EB460295ED036A9B59043603EB4303AE
:10A8200000EB8300AB681344D0ED006A90ED017A31
:10A83000D3ED004A93ED015AD3ED025AE4EE866A55
:10A84000D0ED027AA6EE057A2B68E6EE257A9945D8
:10A85000C7ED006A87ED017AC7ED027AC5DB1035D6
:10A86000204BAB42B3D1204E4FF081421F49042010
:10A8700006F2446304F658391BEE108A196006F597
:10A88000C9631A6014F0BCFB194B0546014603600E
:10A89000A3F5354001F0CCFD284614F0B9FB0123A7
:10A8A00006F5DE60002586F85436FDF7E7F806F574
:10A8B000E060F0EE409AFDF7E1F804F62C33002258
:10A8C000CDF80890C3ED009A04F5336383ED000AD8
:10A8D00004F634331A6004F65433019393E000BF56
:10A8E00088AD012028AF0120ECCC00200000F0C092
:10A8F000F8870120D4F8700B04F6683604F6643744
:10A9000004F5366903689B689847019A504404F639
:10A910005C3392ED007A04F63C31029AD3ED007A72
:10A9200004F63833D2ED006A04F5346290ED015A32
:10A93000D0ED025A90ED006A35EE665A75EEE75A90
:10A94000D1ED003A36EE476A92ED004AD3ED004A67
:10A95000E5EE236AE5EE847AC64AA6EE247A4046FE
:10A9600002F11001B0EE661AB0EE672AF0EE471A57
:10A97000FCF706FFD6ED007A05AAD7ED006A41463E
:10A9800099ED007A72EE677A71EE666A08A831EE88
:10A99000C77ACDED077ACDED066A8DED057AFCF725
:10A9A000FBFDD6ED007A04F53362D9ED006A04F6BA
:10A9B000343397ED007A04F62C36DDED08AA9DEDD0
:10A9C00009AADDED0A9A7AEEA6AAD4F8700B3AEE3F
:10A9D00007AA79EEA79AD6ED006AD3ED007A01684E
:10A9E0007AEEA6AA92ED007A79EEA79A8B683AEEF3
:10A9F00007AA984750440AF10C0AC0ED00AA80ED5E
:10AA000001AAC0ED029AD4F8700B0368DB6898477E
:10AA1000854205F10105FFF66DAF01205BE8003FBF
:10AA2000954B1A68954B19684BE80003002BF5D13C
:10AA3000934B5B68591A4FF47A73924802FB03F305
:10AA4000914ADFED926A1268A1FB0212D0F8F01071
:10AA50005B1A0121B2F57A7F94BF9B1803F57A73D4
:10AA600007EE903AF8EE677A87EEA67A80ED407AA4
:10AA70005BE8003F804B814A1B6812684BE8001579
:10AA8000002DF5D17E4949688A1A7F490968A2FBE1
:10AA900001214FF47A7202FB03F3914294BF5B18D9
:10AAA0009B18784A5668C2F8F43033796BB1336832
:10AAB00053F8250009F036FA724B1B7F002B40F04B
:10AAC0001382013533799D42F1DB01205BE8003FC1
:10AAD000694B1A68694B19684BE80003002BF5D1E4
:10AAE000674B5B68591A4FF47A73664802FB03F3AD
:10AAF000654ADFED666A1268A1FB0212D0F8F41015
:10AB00005B1AB2F57A7F94BF9B1803F57A7307EE50
:10AB1000903AF8EE677A87EEA67A80ED417A0120C6
:10AB20005BE8003F544B1A68544B19684BE800032C
:10AB3000002BF5D1524B5B685B1A53490968A3FBA4
:10AB400001314FF47A7303FB02F2994294BF521819
:10AB5000D2184C4B9868C3F8F82003685B68984794
:10AB600001215BE8003F444B444A1B6812684BE8F4
:10AB70000015002DF5D1424949688A1A4FF47A71BF
:10AB8000404801FB03F34049DFED406A064609688F
:10AB9000A2FB0121D0F8F8209B1AB1F57A7F94BF6F
:10ABA0005B1803F57A7307EE903A394BF8EE677A43
:10ABB0001B7887EEA67A80ED427A2BB105213548C5
:10ABC000FEF70AFB96ED427A2E4BF7EE006AD3EDC4
:10ABD000417A1A4693ED406A93F8EC6077EE867AF4
:10ABE00093ED08AA312E76EECAAA77EE877AC6EEE2
:10ABF000A79A00F2E183731C02EB8606C6ED099A60
:10AC0000DEB282F8EC60DFED247A244B0135B3EC40
:10AC1000017AEAB277EE877A9642F7D807EE106AA1
:10AC2000F8EEC76A87EEA67A67EE2A7AE9EE8A7AA4
:10AC3000B7EEE76AB4EE466BF1EE10FA80F1C2842B
:10AC4000B0EEC65BB4EE485BF1EE10FA00F342845E
:10AC50009FED137AF4EEC77AF1EE10FA00F3B583A4
:10AC60009FED107AF4EEC77AF1EE10FA00F1AD83A1
:10AC70001AE000BFF88701205CC3012060C30120F7
:10AC8000001000E0ECAC002064C3012000247449F3
:10AC9000F8B10120904700200000000010AD002016
:10ACA000FFFF7F4FFFFF7FCFF5EEC07AF1EE10FA86
:10ACB00000F161840027B6EE007B36EE076BFCEEF8
:10ACC000C67B17EE903A002B40F01E8430232120E3
:10ACD0008DF84D303FB101382D22C0B200F1500344
:10ACE0006B4403F8242C964B1B7833B11BEE103ABF
:10ACF000C0F122011844FEF76FFA914B1B781BB18B
:10AD00000E219048FEF768FA8F4B93ED400AB7EE9C
:10AD1000C00A0BF08FF98A4B1B781BB10F218B48AF
:10AD2000FEF75AFA884B93ED410AB7EEC00A0BF0D2
:10AD300081F9834B1B781BB110218548FEF74CFA33
:10AD4000814B93ED420AB7EEC00A0BF073F97C4BCE
:10AD50001B781BB101217F48FEF73EFA40F60D2318
:10AD6000ADF82C30764B1B7823B102211BEE100A74
:10AD7000FEF732FAFEF788F9FFF7AABB2B6892EDCF
:10AD8000006A93F82C10D3ED005A092933EEE55AE6
:10AD900040F28B8093ED037A5869D3ED024AF0EECE
:10ADA000476A83ED027A93ED047A74EE847A18612F
:10ADB000986977EEA67AC3ED014A5861D86983EDA8
:10ADC000037A9861186AD861586A1862986A83EDA4
:10ADD0000A6A5862032977EE877A27D093ED047ABE
:10ADE000042977EE877A21D093ED057A052977EE4D
:10ADF000877A1BD093ED067A062977EE877A15D0ED
:10AE000093ED077A072977EE877A0FD093ED087ACA
:10AE1000082977EE877A09D093ED097A092977EE28
:10AE2000877A03D093ED0A7A77EE877A07EE101AC5
:10AE3000D3ED116AF8EEC74A87EEA47A67EE057A79
:10AE4000E6EE257A37EEE67AC7EE096AF5EEC06AD5
:10AE5000F1EE10FA01D5F0EE446AD3ED0F5A93EDFE
:10AE60000E6AE5EEC96A93ED0D7A26EE866AC3EDA9
:10AE70000C6AA6EE097AB5EEC07A83ED0D7AF1EE92
:10AE800010FA2AD4B4EEE37AF1EE10FA05DDB7EE4B
:10AE9000007A83ED0C4AC3ED0D3AC3ED117A77EEDB
:10AEA000877AC5ED897AFFF78DBB481C03EB8101DA
:10AEB000C0B283F82C00012881ED016AD3ED017A3C
:10AEC00077EE847A24D093ED027A022877EE877A9F
:10AED0001ED0014693ED037A7CE7B0EE447A83ED11
:10AEE0000C4A83ED0D4AD8E73368174A53F825001A
:10AEF0000135976903683A689B69D2F800809847E2
:10AF000001463846C0473379AB423FF7D0ADDCE568
:10AF100001468BE7072A00F2B58301A353F822F01C
:10AF2000EF710100DF7D0100B97D0100777E010036
:10AF30007F7D01008D7C01007D7001003D7A010064
:10AF4000F8B101209C470020ECAC0020AC47002069
:10AF5000BC47002014470020BA4ABB4E92F8BC33CD
:10AF60001546C2F8B46302F58F605B0806EB8303F5
:10AF700093ED010AF6F76AF995F8BC332A465B08A7
:10AF800006EB83035E6805F2845395F8745483EDF1
:10AF9000000A272D00F23E8311466B1C02EB85024E
:10AFA000C2F8C463DAB291EDF1AA012A81F87424DF
:10AFB0000ED0A6490123F1EC017A0133B4EE67AA61
:10AFC000D8B2F1EE10FA48BFB0EE67AA8242F2D8CA
:10AFD0009C4AD2F8C05305F127036E1E02EB83038F
:10AFE000D3EDF17AF4EE4A7AF1EE10FA15D015F0BD
:10AFF000FF0704D09649BA00081F13F0EFFE954AE8
:10B0000006F1280302EB8707A2F2644202EB8303F6
:10B01000002247F8042C83EDF1AA002DDFED8E7A93
:10B020000EDD00231A46283201338649DBB201EBDC
:10B0300082029D4292EDF17A1A4677EE877AF2DC2F
:10B0400007EE105A7F4AB6EE006AB8EEC77A02F2EF
:10B050008453C7EE876AD3ED007A02F5B16336EE0A
:10B06000E77AC3ED006A7D4BE7EE067AB3F840005D
:10B07000A3F5805393F87860C2EDEE7A50B3784A26
:10B080000023114604E001339DB2A84240F2EC8255
:10B0900031F8025FB542F6D1724D03F2D2234FF080
:10B0A0007E5105EB830395F87B50C3F88410002391
:10B0B00003E0013399B288420CD932F8021FA94249
:10B0C000F7D1684A03F2D22302EB83034FF07E529A
:10B0D000C3F88420634B00205F6FA3F50053014643
:10B0E00093F8E42102E0C1B28A4220D35E4D01F51B
:10B0F000CB73013005EB83035C4DD3F83C3BAB4293
:10B10000F1D15B4B89B2B3F8846086B103F15A0088
:10B11000002303E001339DB2AE4208D930F8025F4C
:10B120008D42F7D1534901EB8303C3F8C873002064
:10B130004F4B014693F8905802E0C1B28D421FD3A5
:10B140004B4B0130494E03EB8103D3F84038B342F7
:10B15000F3D1474B89B2B3F830678EB103F2067072
:10B16000002303E001339DB2AE4209D930F8025FFB
:10B170008D42F7D1F2333E4901EB8303C3F8EC7102
:10B1800000200146384D01F5CB73013005EB8303F8
:10B1900005F64C25D3F83C3BAB4200F01E82C1B211
:10B1A0008A42EFD2FFF7B1BA2C4BB3F8400038B364
:10B1B0002B4A0023114603E001339DB285420CD295
:10B1C00031F8025F032DF7D1264903F2D22301EBB8
:10B1D00083034FF07E51C3F88410002303E0013352
:10B1E00099B281420CD232F8021F0029F7D11D4AD0
:10B1F00003F2D22302EB83034FF07E52C3F8842084
:10B2000000211B4B0A4693F8E40103E0CAB28242D4
:10B210003FF67BAA144D02F5CB73013105EB830396
:10B2200005F6D425D3F83C3BAB42EFD105F22C53C5
:10B23000B5F8B05592B2002D3FF467AA03F15A0158
:10B2400000231EE0ECCC00200CB40120B4D0002080
:10B2500054D1002050D1002000000000ECEC002070
:10B26000B2EC0020ECDC0020ECAC00207CCE002016
:10B27000ECBC00202CB80020013398B2A842BFF4E7
:10B2800044AA31F8020F9042F6D1BD4A02EB830383
:10B29000BC4AC3F8C823FFF738BABB4BB3F8400029
:10B2A00000283FF432AAB94A002304E0013399B2DE
:10B2B0008142BFF42AAA32F8021F1529F6D1B44AF6
:10B2C00003F2D22302EB83034FF07E52C3F88420B3
:10B2D000FFF71BBAAC4BB3F8400000283FF415AAA7
:10B2E000AA4A002304E0013399B288427FF60DAAEE
:10B2F00032F8021F0129F6D1E1E7A34BB3F8400071
:10B30000A0B1A3F13A02002303E0013399B28142D4
:10B310000CD232F8021F0429F7D19D4A03F2D2233E
:10B3200002EB83034FF07E52C3F884200021994B37
:10B330000A4693F8E40103E0CAB282423FF6E5A967
:10B34000954D02F5CB73013105EB830305F6A4257A
:10B35000D3F83C3BAB42EFD105F25C53B5F8E05576
:10B3600092B2002D3FF4D1A903F15A01002304E069
:10B37000013398B2A842BFF4C8A931F8020F904235
:10B38000F6D17F4A02EB83037E4AC3F8C823FFF756
:10B39000BCB97D4BB3F8400000283FF4B6A97B4A06
:10B3A000002304E0013399B28142BFF4AEA932F820
:10B3B000021F0029F6D182E77849C422081F13F042
:10B3C0000DFD754BC3ED3A9A1DE4754B1B78002BB0
:10B3D0003FF493AC03217348FDF7FEFE8DE4724900
:10B3E000052391F8B02D81F8AE3D002A7CD181F87B
:10B3F000AF3DA1F5304393F8A832002B3FF485A967
:10B40000614BB3F8401039B3A3F13A020023104660
:10B4100003E001339DB2A9420CD930F8025F022D3E
:10B42000F7D15B4803F2D22300EB83034FF07E5049
:10B43000C3F88400002303E0013398B288420BD2A2
:10B4400032F8020F1928F7D1514A03F2D22302EB46
:10B4500083030022C3F8842000214E4B0A4693F850
:10B46000E40103E0CAB29042FFF44FA94A4D02F54D
:10B47000CB73013105EB830305F6F815D3F83C3B9C
:10B48000AB42EFD105F5C163B5F88C5692B2002DF1
:10B490003FF43BA903F15A01002304E0013398B2C1
:10B4A00085427FF632A931F8020F9042F6D1344A34
:10B4B00002EB8303334AC3F8C823FFF726B93B4B9B
:10B4C00039499B7803EB43039B00053381F8AF3D7B
:10B4D000FFF759B8324B1B78002B3FF40EAC032119
:10B4E0003348FDF779FE08E42F4A82F8AF3D40F279
:10B4F0000553A2F8AC3DA2F5304393F8A832002BD7
:10B500007FF47EAFFFF701B92A4E092B4FF02100DF
:10B51000A6FB03214FEAD10101EB8102A3EB42021A
:10B5200002F130028DF84D207FF6D4AB0138A6FB36
:10B5300001320D46C0B2D208092D00F150030DEBC7
:10B54000030C02EB8203A1EB4303114603F130032A
:10B550000CF8243CEAD8FFF7BDBB174B104A1B6818
:10B5600012785B1B52B3B3F5FA6F3EF689AFFDF765
:10B570008BFDFEF771BFB1EE466B0127FFF79BBB5A
:10B580002CB80020CDCC4C3FECEC0020B2EC0020DD
:10B59000ECDC0020ECBC0020ECAC002014AD002062
:10B5A000F8B1012098470020EC5C0120FCB101209B
:10B5B000B0450020CDCCCCCC5CC30120B342D6D961
:10B5C000FEF75EBFC54B1B78002B3FF496AB032103
:10B5D000C348FDF701FEFFF790BB05F2B453B5F881
:10B5E000385689B2002D3FF490A803F15A02002387
:10B5F00004E0013398B285427FF687A832F8020F43
:10B600008842F6D1B74A02EB8303B74AC3F8C8238E
:10B61000FFF77BB8B5499C22081F13F0DFFBB44B42
:10B620002A4693EDF1AA03F58C631E60C1E405F28E
:10B63000B453B5F8385689B2002D3FF466A803F12B
:10B640005A02002304E0013398B285427FF65DA8D8
:10B6500032F8020F8842F6D1A24A02EB8303A24AD3
:10B66000C3F8C823FFF751B8A24B93F87B501EE5EF
:10B67000A04B93F87A50FEF7CBBF0BAB0BEE103A12
:10B68000FEF715BF9C4BF7EE005A039A9B4803F652
:10B690009805DFED9B6A93F8BB6CC3F8B42A03905E
:10B6A000002E66D10368C5F820320430954B04356E
:10B6B0008342F5D1944BB3F84010A3F5805393F82F
:10B6C0007850C9B103F6C6720023104630F8026FF5
:10B6D000AE4200F0648101339EB28E42F6D3854BB8
:10B6E00093F87900002332F8025F854200F063810D
:10B6F00001339DB28D42F6D37E4B0020DD6EA3F563
:10B70000005393F8E4110346804E03F5CB720130E9
:10B7100006EB82027E4ED2F83C2BB24200F003814F
:10B72000C3B28B42F0D9744B002293F89068134651
:10B7300071480132764F00EB8300D0F84008B842E0
:10B7400000F00581D3B2B342F2D9002003466F4D19
:10B7500003F5CB72013005EB820205F64C25D2F8D9
:10B760003C2BAA4200F00781C3B28B42EFD9FEF70F
:10B77000CCBF2B6890ED005A93F82C20D3ED003A03
:10B78000092A35EEE33A00F28780511C03EB82026E
:10B79000C9B283F82C10012982ED015AD3ED017A48
:10B7A00077EEA67A00F0BD8093ED027A022977EE5B
:10B7B000877A00F0B6800A4693ED037A032A77EE83
:10B7C000877A27D093ED047A042A77EE877A21D0FE
:10B7D00093ED057A052A77EE877A1BD093ED067AEA
:10B7E000062A77EE877A15D093ED077A072A77EE47
:10B7F000877A0FD093ED087A082A77EE877A09D0F6
:10B8000093ED097A092A77EE877A03D093ED0A7AC5
:10B8100077EE877A07EE102A93ED114A9FED382ACA
:10B82000F8EEC71AD3ED0F2A93ED0D7AD3ED0E4A39
:10B8300087EEA16A26EE036AA5EE236A36EE445A25
:10B84000C5EE097AF4EE427AF1EE10FA48BFF0EE56
:10B85000667AE2EEC97A27EEA45AC3ED0C7AF0EECE
:10B86000477AE5EE097AF4EEC27AC3ED0D7AF1EE8D
:10B8700010FA4FD4F4EEE57AF1EE10FA05DDF7EEAA
:10B88000007AC3ED0C6AC3ED0D5A77EE867A83ED2C
:10B89000116AC5ED887A08E793ED037A5969D3ED0B
:10B8A000024AB0EE476A83ED027A93ED047A74EEB1
:10B8B000A67A1961996977EE867AC3ED014A5961D2
:10B8C000D96983ED037A9961196AD961596A196254
:10B8D000996A83ED0A5A596270E700BFF8B10120F6
:10B8E000B84500202CB80020CDCC4C3FB4D000206F
:10B8F000ECCC0020ECDC0020ECBC00200CB20120E1
:10B90000000000000CB40120ECEC0020ECAC0020A6
:10B9100080C50020F0EE667AC3ED0C6AC3ED0D6AB7
:10B92000B3E70A4676E79AB2A6F69403B3F88460C2
:10B93000002E3FF4F8AE03F15A00002330F8027FE6
:10B94000974249D001339FB2BE42F7D8EBE69AB294
:10B95000A7F69403B3F83067002E3FF4F6AEA7F5D0
:10B96000C770002330F8027F97422ED001339FB278
:10B97000B742F7D3E9E6B5F838069AB200283EF4A4
:10B98000C4AE05F20E61002331F8025F95423FF428
:10B990007CAC01339DB28542F6D3FEF7B6BE114DA5
:10B9A00003F2D2234FF07E5005EB8303C3F88400EB
:10B9B00095F8790096E60B4A03F2D22302EB830353
:10B9C0004FF07E52C3F8842096E6F233064A02EB2B
:10B9D0008303C3F8EC51B8E6044A02EB8303C3F8CF
:10B9E000C853A0E6ECDC0020ECBC00202CB8002002
:10B9F00030BFFDE7F8B52DED068BDFED349A00255D
:10BA00009FED338A0646B0EE69AA0F46F0EE69AAAA
:10BA1000F0EE488AB0EE489A36E03B6804EB440406
:10BA2000586E03689B68984700EB8400D0ED006A6D
:10BA300090ED017AF4EE6A6AD0ED027AF1EE10FA36
:10BA4000B4EE4A7A48BFF0EE66AAF1EE10FAF4EED0
:10BA5000697A48BFB0EE47AAF1EE10FAF4EE496AEF
:10BA600048BFF0EE679AF1EE10FAF4EE478A36FE20
:10BA7000899AF1EE10FAF4EE487A48BFF0EE478A60
:10BA8000F1EE10FA37FE888A3B68ACB20135586E89
:10BA90000368DB6898478442BFDBB6EE006A304635
:10BAA00079EE2A6A38EE8A7A78EE297A66EE866A24
:10BAB00027EE067A67EE867AC6ED006A86ED017A91
:10BAC000C6ED027ABDEC068BF8BD00BF0050C3473F
:10BAD0000050C3C770B50E4690F8A81682B014295E
:10BAE00016D8154690F8A92604468AB101298AB2CB
:10BAF00010D9901E04F25C6E04F5CB6C80B20EEB94
:10BB0000800E01E0F44505D05CF8040FA842F9D19D
:10BB100002B070BD01F5C171F7EE000A201D8DED78
:10BB2000010A04EB8101EFF783FA94F804369DEDE6
:10BB3000010A132B0DD8E21882F8506504EB83023A
:10BB4000013302F2B451C2F8645581ED000A84F861
:10BB5000043694F8A83603F5CB72013344F822502A
:10BB600084F8A836D4E700BF10B54489C36904FB44
:10BB700001F101EB41010B44C17DC9B9BCB104EB3A
:10BB800044041C4493F801C0033313F8010C06323B
:10BB900013F8031C4FEA0C2C0002A3424FEA0121C8
:10BBA00022F804CC22F8020C22F8061CEAD110BDBF
:10BBB000002CFCD004EB4404C16A1C4413F803EBD2
:10BBC000063213F802CCA34213F8010C31F81EE040
:10BBD00031F81CC031F8100022F806EC22F804CC31
:10BBE00022F8020CEAD110BD2DE9F04F002383B0FA
:10BBF000032504460F46DFF83C8183600373C0E9E8
:10BC000000330122414620460AF028FC6B1E13F047
:10BC1000FF05F6D1042F69D907F1010ADFF818B141
:10BC20004FF005090DF104085FFA8AFA4F4509F152
:10BC300030034FF00102414620463FD009F101098F
:10BC40008DF804308DF805500AF008FC5FFA89F988
:10BC50000BF1010BB9F10A0FE8D1A1680B293DD80E
:10BC6000DFF8D0904FF0000810E043184B4511D991
:10BC70006368A9EB0006AB425AD3202343542368E0
:10BC800003F805802946A5600B2927D820684D1C9C
:10BC90004845EAD963689D4224D90027023113F050
:10BCA000BFF9A1680028EFD0C4E9000511B1CFB1F8
:10BCB000835DE3E701702068A168F8E71BF8013BAA
:10BCC00001228DF80550D1468DF804300AF0C6FBEC
:10BCD000BAF10A0FAAD1A1680B29C1D9204603B035
:10BCE000BDE8F08FB9F800304352CBE70DF10408FE
:10BCF000A946DFF848A0EBB201224146204603F1F5
:10BD0000300C9F425FFA8CFC09D08DF804C08DF88E
:10BD100005900AF0A3FB0135052DECD19DE715F840
:10BD20000A308DF805908DF804300AF097FBF2E7A1
:10BD30000127B3E7944700201D3E0020183E002055
:10BD40002DE9F04F9FB005460E460493A84B1B7893
:10BD5000934200F07481049BA64CD3F808B025826E
:10BD60006682BBF1000F00F0AA8115AF4FF0000909
:10BD70005D463B465F46A945CA469B46049B1968FB
:10BD800067D38DF854A0202F3E465D4628BF20265D
:10BD9000B144BF1B5E4430E00A2B6BD00D2B2AD080
:10BDA000117A8B4227D3907A984224D3591A50683B
:10BDB000C9B200EBC10898F8030098F8021098B1D6
:10BDC00091B1E07E00287FD1207E94F819C0B4F9AB
:10BDD0001010B4F91220CDE9020CE08A0190A08A7B
:10BDE00000908448FDF7B8FB98F80410238A227E5F
:10BDF00001FB02332382B54224D0226A15F8013BAD
:10BE0000002AC9D10A2B3ED00D2BF4D0E17E0029A7
:10BE100040D1B4F91010B4F91220207E94F819C062
:10BE2000CDE9020CE08A0190A08A00907148FDF7EC
:10BE300093FB237E228AB54203EB430302EB4303C9
:10BE40002382DAD1002F51D0049B9D681968A9453F
:10BE500097D2A5EB090549445846202D28BF202537
:10BE60002A460DF0DFFE05F178030DEB030505F81A
:10BE700024AC88E7638A617EA4F810A0127B01FBE2
:10BE800002336382B7E7638A617E228203EBC103D8
:10BE90006382B0E7B4F910104FF0060C207EB4F9BD
:10BEA0000CE01CFB001CF44504DCB4F9122094F8EF
:10BEB00019C0B5E7114694F819C02282628A02EBD4
:10BEC000CC0212B26282ABE798F905C0207E8C44A6
:10BED000B4F91010B4F90CE000FB0C1CF44500F3AD
:10BEE0008B8094F819C0B4F9122074E75F4640F6CD
:10BEF0000D230DF15606DFF8FC904FF00008ADF869
:10BF00005430226A17F8013B002A43D00A2B5FD035
:10BF10000D2B38D0117A8B4235D3907A984232D398
:10BF2000591A5568C9B205EBC105E878A97820B35C
:10BF300019B3E07E88B195F9050094F818C008445B
:10BF4000B4F91010B4F90CE00CFB0010704500F3CC
:10BF5000B880607EB4F9122006E094F818C0607EC4
:10BF6000B4F91010B4F91220CDE902C0E08A0190B2
:10BF7000A08A00904846FDF7EFFA2979238A227EAD
:10BF800001FB02332382B742BBD1002363611FB0A0
:10BF9000BDE8F08F0A2B24D00D2BF4D0E17E0029D0
:10BFA00036D1B4F91010B4F91220207E657ECDE9A7
:10BFB0000205E08A0190A08A00904846FDF7CCFA7D
:10BFC000237E228A03EB430302EB43032382DAE757
:10BFD000638A617EA4F81080127B01FB02336382C6
:10BFE000D1E7638A2282627E03EBC2036382CAE7DF
:10BFF000C85E00204460002094F819C0A4F810A086
:10C00000117B628A01FB0C22002112B26282E2E6FD
:10C01000B4F910100625207EB4F90CC015FB0015EC
:10C02000654508DD1146657E2282628A02EBC50203
:10C0300012B26282BBE7B4F91220657EB7E7A54B66
:10C040001A68A54BA3FB02134FF4FA715B0901FBBD
:10C050001322FA2A7FF67FAE049BD3F808B0BBF117
:10C06000000F39D100205B46D8469C4CA84406F10D
:10C0700001094545A9EB00090FFA89F916DA05947B
:10C080002F464FF0000ADFF854B21C4639460137FC
:10C0900023464A463FB25846CDF800A0F9F7CCFDFA
:10C0A0004745F3DBDDE90434D3F808B04FF0011362
:10C0B000258266826361BBF1000F7FF456AE15AF37
:10C0C00015E7607EA4F81080117B628A01FB0022D4
:10C0D000002112B2628247E71A68002A00F0A380AA
:10C0E00012F8011B7D4C0029E0D0277E4FF0FF396C
:10C0F000E07E47F6FF7E637EB0460A9007EB47007E
:10C10000D4F820A0400010971394099007EB470043
:10C1100040000890B4F90C000B9098B20790D8003A
:10C12000BBB20C90119050460D932B46CDE905E91A
:10C1300000287AD00A2900F09C800D295ED090F862
:10C140000AC0077A8C4559D38F4257D8A1EB070C08
:10C1500041685FFA8CFC01EBCC0C9CF803409CF826
:10C1600002100E949CF804409CF905700F940A9CF0
:10C170009CF906C0002C00F08480109C07EB010A9B
:10C1800004FB0A3A0B9CA2457BDD037B079C03FB67
:10C19000048800231FFA88FA0FFA88F8079C0CFB22
:10C1A00004AA0D9C11FB04F1079C12910E9911FB3E
:10C1B00004FC0D9C0F9907FB04370CF1FF3C01FBBD
:10C1C00004331299059C1CFA8AFC01390FFA8AFA89
:10C1D0000FFA8CFC11FA87F13FB21BB2BC4209B2D4
:10C1E000A8BF3C46D6450594A8BFD646069C8C42BF
:10C1F000B8BF0C46E145B8BFE146069412F8011BF2
:10C20000002995D1DDE90523139C9A4255DC0133C1
:10C21000CE45A3EB02081FFA88F845DD0B460FFA5E
:10C2200088F8084622E72D4C40E70A292DD00D2931
:10C23000E4D00A9979BB0899099C19441F1989B25D
:10C24000119C013F08EB040C069CA7420CF1FF3C3B
:10C2500001DD3CB20694059CCC45C8BF0FFA8CF9B1
:10C260009C42A8BF1C46C6450BB2A8BFC646059453
:10C27000C4E7037B079903FB01830FFA83F80023CC
:10C28000BCE79BB21FFA88FA88E70C9B98440346E8
:10C290000FFA88F8B2E709995F180B998F4211DC01
:10C2A0000899194489B2CBE70FFA88F809F101031C
:10C2B000A3EB0E0398B21BB2D8E6CE453FF7F6AE1D
:10C2C0008846F3E70C9B984403460FFA88F8DDE9AB
:10C2D0000817B5E75CC30120D34D6210446000200D
:10C2E00000234FF07E52DFED517A30B52DED068BF5
:10C2F000026095B04360044683600D46C3604B7B8B
:10C30000D1ED008A91ED019A012B91ED028A68EE40
:10C31000A78A29EE279A28EE278A05D1F0EE687AB7
:10C32000F0EE488AB0EE678AF6EE00AA68EEAA8AB6
:10C3300029EE2A9A28EE2A8AB0EE680A0BF0A6FCAB
:10C34000B0EE40AAB0EE490A0BF0A0FCF0EE409A25
:10C35000B0EE480A0BF09AFCF0EE407AB0EE680AB4
:10C36000F0EE678A0BF096FDF0EE407AB0EE490AE7
:10C37000B0EE679A0BF08EFDF0EE407AB0EE480A10
:10C38000B0EE678A0BF086FD00232A7B8DED009AC4
:10C390008DED01AA029303938DED048A0593CDEDF3
:10C3A000069A07938DED080A09930A93CDED0B8A3F
:10C3B000052A1BD8DFE802F01A282F3203216A462B
:10C3C00008A90CA8FBF7DCF904AA0CA910A8FBF734
:10C3D000D7F910981199129A139B2060204661603A
:10C3E000A260E36015B0BDEC068B30BD04AA6946BF
:10C3F0000CA8FBF7C5F908AAE7E704AA08A90CA846
:10C40000FBF7BEF96A46E0E708AA69460CA8FBF705
:10C41000B7F904AAD9E76A4604A9E9E708AA04A972
:10C420000CA8FBF7ADF96A46CFE700BF35FA8E3CA2
:10C430002DE9F0432DED0C8BDFEDBDAA97B0002563
:10C440000646B0EE6A9A0C46F0EE6A8A14E023685B
:10C4500007EB4707586E03689B68984700EB870017
:10C46000D0ED006A90ED017AD0ED027A78EEA68ADE
:10C4700039EE079A7AEEA7AA2368AFB20135586E53
:10C480000368DB6898478742E1DB07EE907ADFEDCF
:10C49000A89A0027F8EE677AB0EE69AAF0EE69BABA
:10C4A00088EEA78AB0EE69BAC9EE278AB0EE69CAEB
:10C4B0008AEEA79AF0EE69AA20E0236805EB45050D
:10C4C000586E03689B68984700EB8500D0ED006AC2
:10C4D00090ED017AD0ED027A76EEC86A37EE687A8E
:10C4E00077EEC97AA6EEA6CAE6EE87AAA6EEA7BAA6
:10C4F000E7EE07BAA7EE27AAE7EEA79A2368BDB230
:10C500000137586E0368DB6898478542D5DB2AEE11
:10C510004ADA6BEE4BCA6AEEEA7AABEEA9DAECEED7
:10C5200029CAECEE2B7AB4EEECDAF1EE10FA40F315
:10C530005782B4EE67DA0023F1EE10FA7DFE277A17
:10C54000F5EEC07AF1EE10FA40F2578237EECD7A6E
:10C55000DFED706AB0EEC77AB4EEE67AF1EE10FA6B
:10C5600040F18E8269EEEACA6BEECB9AEBEE0ACA14
:10C57000EAEE8A9A2CEEAC0AADEE0D0AA9EEA90AF3
:10C58000B5EE400AF1EE10FA00F1C682B1EEC07AC3
:10C590009FED606AF7EE006A77EE667AF0EEE77A72
:10C5A000F4EEC67AF1EE10FA40F131829FED607A36
:10C5B0009FED596A6DEE076A2CEE877A77EE267A40
:10C5C00077EEA97AF4EEC67AF1EE10FA00F18482E1
:10C5D0009FED526AF4EEC67AF1EE10FA40F328822B
:10C5E0009FED537AF7EE007AF0EE476AB0EE476AB5
:10C5F0004B4B0FAFB26B0DF11C0839460BA81192D3
:10C600001A88CDED077AADF848205A688DED086A92
:10C6100013929A68DB68149215930023CDED096A92
:10C620008DED0A7A0F931093FFF75AFE0BAA41463D
:10C6300003A8FBF7A5F896ED0CAA214696ED0A7A19
:10C640006846D6ED0D9A4FF00009D6ED0B7A3AEE1A
:10C6500047AA79EEE79AFFF7CDF9039B0F93049B66
:10C660001093059B1193069B129335E0236805EB0D
:10C670004505586E03689B6898470346424639460D
:10C6800003EB85030BA8AD00D3ED016A93ED027AAD
:10C69000D3ED007A76EEE86A37EE497A77EEC87A1B
:10C6A000CDED086A8DED097ACDED077AFBF7DAF862
:10C6B00021680D9B486E0C9ADDF82CC00993036825
:10C6C00008929B68CDF81CC098470799089A28449F
:10C6D000099B01604260836023681FFA89F509F1B4
:10C6E0000109586E0368DB6898478542BEDB214626
:10C6F0003846FFF77FF9DDED0FBA9DED10BA4FF028
:10C700000009DDED11AACDED00BA8DED01BACDED38
:10C7100002AA32E06F12833AEFFF7FBFEFFF7F3F45
:10C72000746A00200050C3470050C3C700007A431A
:10C7300000000000236805EB4505586E03689B6800
:10C74000984723685A6E00EB8503AD0093ED009A7D
:10C750001046D3ED018A93ED028A39EE6B9A116887
:10C7600078EECB8A38EE6A8A8B689847284480ED49
:10C77000009AC0ED018A80ED028A23681FFA89F5CC
:10C7800009F10109586E0368DB6898478542D1DBDF
:10C790001FED1CBA4FF000091FED1D9AF0EE4BBAC9
:10C7A000F0EE49AA35E0236805EB4505586E0368AD
:10C7B0009B689847226800EB8503506EAD00D3ED6F
:10C7C000008A93ED018AF4EE6B8A026893ED02CA47
:10C7D0009368F1EE10FAB4EE4B8A48BFF0EE68BAF7
:10C7E000F1EE10FAF4EE6A8A48BFB0EE48BAF1EE04
:10C7F00010FAB4EE498A78FEAAAAF1EE10FA38FED1
:10C80000099A98472844C0ED008A80ED018A80ED9E
:10C8100002CA23681FFA89F509F10109586E0368F5
:10C82000DB6898478542BEDB96ED0F7A79EE4B7A4E
:10C8300033787AEEEBAA7AEE478A39EEC78A092B6B
:10C8400088EEAA9AC8EE279A2BD096ED106AD6EDFC
:10C85000116AB4EEE99AB6EE007AF1EE10FA58BF1A
:10C86000B0EE699A29EE069AF4EE499AE9EE6A8AE0
:10C87000F1EE10FA79FE299A69EEA69A68EE878A97
:10C88000A9EEE78A28EE078A082B0AD8DFE813F01A
:10C890000D00A5002D019B0009009900A000A30038
:10C8A0009E001FED5D8AF0EE488A5FED606A06F13A
:10C8B000040996ED066A4046D6ED097A3A461FED20
:10C8C00064AA4946E6EE267A96ED055AB0EE4A6A23
:10C8D00096ED087AD6ED075A4FF00008A5EE267AB5
:10C8E000A5EEA66ACDED107A8DED0F7A8DED116A69
:10C8F000FAF752FE55E0236805EB4505586E0368CC
:10C900009B689847034696F848C00BAA03EB85033B
:10C9100049463846AD0093ED007AD3ED017AD3ED68
:10C92000026A29EE077A69EEA77A76EE8A6ABCF186
:10C93000000F01D0B1EE477A96F8493037EE287AE9
:10C940000BB1F1EE677A77EE887ACDED0D6A8DED59
:10C950000B7ACDED0C7AFAF71FFE23689DED0F6A76
:10C96000DDED106ADDED117A9DED085ADDED095A15
:10C970009DED077A76EE856A586E77EEA57A37EEEA
:10C98000067A03689B68CDED0C6A8DED0B7ACDEDD0
:10C990000D7A98470B990C9A28440D9B01604260D0
:10C9A000836023681FFA88F508F10108586E036850
:10C9B000DB68984785429EDB17B0BDEC0C8BBDE869
:10C9C000F083F1EE688A1FEDA68A6EE7F1EE688AC1
:10C9D000B1EE488A69E7B1EE488A5FEDAB8A64E759
:10C9E000F4EE67CA0023F1EE10FA7CFEA77AF5EEAA
:10C9F000C07AF1EE10FA3FF6A9AD4FF07E520FAFBC
:10CA00000DF11C08049305930693039213E65FED62
:10CA1000B87AB4EE677AF1EE10FA47D1F0EE66CA52
:10CA2000F0EE679AB0EE677AB0EE67DAF0EE676A1A
:10CA30001FEDC16AF7EE005A37EE66AAD9EE86CA34
:10CA4000A9EEC6DA77EEA59A2CEEAC0AA9EEA90AF1
:10CA5000ADEE0D0AAAEE0A0AB4EE460AF1EE10FA9D
:10CA600055D4F1EEC07AF7EE006A86EEA77A69EE49
:10CA7000877A27EE2C6A67EE0D6A27EE0A7AB7E509
:10CA800077EEEC7AF0EEE77AF4EEE67AF1EE10FA71
:10CA90002ED569EEEA9A6AEE4C7AEBEE0A9AEAEE45
:10CAA0008B7AB0EE69DAF0EE679A63E58DEE07DA1D
:10CAB0009FED1C6ACCEE87CAC9EE879A6DEE276A95
:10CAC0002CEEA77A77EE267A77EEA97AF4EEC67A7C
:10CAD000F1EE10FA7FF57CAD9FED137ADFED136A6E
:10CAE000B0EE476ADFED127A82E5F1EE688ADCE6A5
:10CAF0006BEECBBA2AEE4CCAF0EE4D9AEAEE8ABA49
:10CB0000AAEE8BCAB0EE6BDAF0EE4CCA32E50AF050
:10CB1000A3FDF0EE407AA6E70AF09EFDB0EE407A63
:10CB200036E500BFEFFF7FBF00000000698FE0BC6B
:10CB3000D8F97F3F054B5A6910B4511C1C6944F861
:10CB400022005DF8044B5961704700BFECAC002037
:10CB500090F8A936844673B190F8043653B14FF07B
:10CB60007E5201200CF24C53CCF864158CF8500521
:10CB70009A667047704701230A46B7EE000A1946C5
:10CB800080F8A936FEF7A6BF2DE9F04F8F4C2DEDAA
:10CB9000028BA4F12C0B9FED8E8A81B0A4F15C0A6C
:10CBA00004F130002146FFF7D3FFA4F15009B0EEA5
:10CBB000480A5A460BF15C0028230A21A4F1140804
:10CBC000FEF788FFB0EE480A52460AF18C0028238F
:10CBD0000A21FEF77FFFB0EE480A4A4609F18000BD
:10CBE00028230A21FEF776FFA4F14402B0EE480A9A
:10CBF000282302F174000A21FEF76CFFA4F1200241
:10CC0000B0EE480A282302F150000A21FEF762FF25
:10CC1000A4F16802B0EE480A282302F198000A2124
:10CC2000FEF758FFA4F13802B0EE480A282302F1BB
:10CC300068000A21FEF74EFFA4F64C029FED650A3C
:10CC4000282302F67C000A21FEF744FFA4F58A722D
:10CC5000B0EE480A282302F5A2700A21FEF73AFF37
:10CC6000A4F1C00204F6885704F2DC64B0EE480A6E
:10CC700002F1F00028230A21FEF72CFF04F62836E3
:10CC8000B0EE480A424608F1440028230A2104F67F
:10CC9000A875FEF71FFFB0EE480A3A46A7F65850AF
:10CCA00014230A21FEF716FFB0EE480A3246A4F21A
:10CCB000AC6014230A21FEF70DFFB0EE480A2A46A5
:10CCC000A4F2AC6014230A21FEF704FF2046424977
:10CCD000FFF73EFFB0EE480A5A46204628230A21B5
:10CCE000FEF7F8FEB0EE480A5246204628230A21F5
:10CCF000FEF7F0FEB0EE480A4A46204628230A21F5
:10CD0000FEF7E8FEB0EE480AA4F5E46220462823C8
:10CD10000A21FEF7DFFEB0EE480AA4F2FC622046CC
:10CD200028230A21FEF7D6FEB0EE480AA4F2447288
:10CD3000204628230A21FEF7CDFEB0EE480AA4F2D1
:10CD40001472204628230A21FEF7C4FEB0EE480ADA
:10CD5000A4F62872204628230A21FEF7BBFEB0EE77
:10CD6000480AA4F5FE62204628230A21FEF7B2FEF7
:10CD7000B0EE480AA4F29C72204628230A21FEF74E
:10CD8000A9FEB0EE480A4246204628230A21FEF7B3
:10CD9000A1FEB0EE480A3A46204614230121FEF7D0
:10CDA00099FEB0EE480A3246204614230121FEF7D0
:10CDB00091FEB0EE480A14232A460121204601B014
:10CDC000BDEC028BBDE8F04FFEF784BEF8B7002043
:10CDD000000000009A99193E0C61002030B44FF019
:10CDE0007E514FF080400022284C0025284B626085
:10CDF0002560A160E06001245A601C6002249860F4
:10CE00001C610324D9601C62042459611C6305243D
:10CE100098611C644FF48074DA611C6540F201145F
:10CE200059629A62D86258639A63D9635864996464
:10CE3000DA645A659965D8655A669866D9661C663B
:10CE40004FF4817459671C6740F203149867C3F864
:10CE500080404FF48274DA67C3F8904040F20514C2
:10CE6000C3F88410C3F8A040C3F88820C3F88C002E
:10CE7000C3F89400C3F89820C3F89C10C3F8A4002A
:10CE8000C3F8A810C3F8AC2030BC7047746A002007
:10CE900098C301202DE9F04F2DED108B9BB0FB4F77
:10CEA000FDF7AEFAF3EE0B5AB2EE085AF84BF94A18
:10CEB0000026F949DFF804E4DFF804C49FEDF76ABF
:10CEC000DFEDF76A9FEDF77ADFEDF77AF74DF84877
:10CED000DFF8F083DFF8F0A3DFF8F093DFEDF54A39
:10CEE000DFF8ECB39FEDF44AC3ED455AC3ED475A62
:10CEF000C3ED495AC3ED4B5AC3F8D0E0C3F8E0E0A4
:10CF0000C3F8B0C0C3F800C1C3F818C1C3F8B4B0C7
:10CF1000C3F8B870C3F8BCB0C3F8C050C3F8C4B00D
:10CF2000C3F8CCB0C3F8D4B0C3F8F050C3F8F8706D
:10CF3000C3F82071C3F82851C3F8DC20C3F8E420FB
:10CF4000C3F8EC20C3F8F420C3F8FC20C3F8042194
:10CF5000C3F80821C3F80C21C3F81021C3F8C80096
:10CF6000C3F8E800C3F8D880C3F83001C3ED4D5AC8
:10CF7000C3F838E1C3ED4F5AC3ED515AC3F858E135
:10CF800083ED625A83ED645A83ED536A83ED556AEB
:10CF900083ED576A83ED596A83ED5B6A83ED5D6AC1
:10CFA00083ED5F6A83ED616A83ED636AC3ED656A51
:10CFB000C3ED676AC3ED696AC3ED6B6AC3F84811D4
:10CFC000C3F878C1C3F8A0C1C3F84081C3F8508149
:10CFD000C3F86001C3F86851C3F87071C3F88021C9
:10CFE000C3F89821C3F8A871C3F8B051C3ED6D6AB6
:10CFF000C3ED6F6AC3F8C0E1C3ED716AC3ED736A34
:10D00000C3ED756AC3F8E8E183ED865A83ED885A6B
:10D0100083ED777A83ED797A83ED7B7A83ED7D7A80
:10D0200083ED7F7A83ED817A83ED837A83ED857A50
:10D0300083ED877AC3ED897AC3ED8B7AC3ED8D7A60
:10D04000C3F8D011C3F8D811C3F808C2C3F830C26E
:10D05000C3F8B801C3F8C881C3F8E081C3F8F00190
:10D06000C3F8F851C3F80072C3F81022C3F828229D
:10D07000C3F83872C3ED8F7AC3ED917AC3ED937A1A
:10D08000C3F850E2C3ED957AC3ED977AC3ED997A70
:10D09000C3F878E283EDAA5A83EDAC5AC3F8601264
:10D0A000C3F86812C3F898C2C3F84052C3F84802E4
:10D0B000C3F85882C3F87082C3F88002C3F888525C
:10D0C000C3F89072C3F8A022C3F8B822C3F86CA2C8
:10D0D000C3F874A2C3F87CA2C3F884A2C3F88CA2DC
:10D0E000C3F894A2C3F89CA2C3F8A4A2C3F8ACA24C
:10D0F000C3F8B492C3F8BC92C3F8E0E2C3F800E30B
:10D10000C3EDCD4AC3EDCF4AC3F8C0C2C3F8F01295
:10D11000C3F8FC12C3F80413C3F80C13C3F81413B8
:10D12000C3F81C13C3F820C3C3F82413C3F82C138B
:10D13000C3F830C3C3F8C492C3F8C872C3F8CC9222
:10D14000C3F8D052C3F8D492C3F8D802C3F8DC9223
:10D15000C3F8E492C3F8E882C3F8EC92C3F8F492FF
:10D16000C3F8F882C3F80803C3F81053C3F8187360
:10D17000C3F82823C3F83873C3F84053C3F874B313
:10D18000C3F87CB3C3F884B3C3F88CB3C3F894B3C7
:10D1900003F5806BC3EDD14AC3EDD34AC3F850E326
:10D1A000C3EDD54AC3F870E3C3F8C0E383EDD74AB3
:10D1B00083EDD94A83EDDB4AC3F890C3C3F8A0C31B
:10D1C000C3F84803C3F85803C3F86053C3F868733F
:10D1D000C3F87803C3F88053C3F88873C3F898235F
:10D1E000C3F89C23C3F8A423C3F8A873C3F8AC23E3
:10D1F000C3F8B053C3F8B423C3F8B803C3F8BC23CF
:10D20000C3F8C423CBF8002003F2044BC3EDF55A56
:10D21000CBED005A03F5816BC3F8D8E38BED005AD0
:10D2200003F20C4BC3EDF75A8BED006A03F5826BEA
:10D23000C3EDF95ACBF8002003F2144BC3EDFB5AAF
:10D240008BED006A03F5836BC3EDFD5ACBF800C08C
:10D2500003F21C4BC3EDFF5A8BED006A03F5846BA0
:10D26000C3F8F8C3CBF8007003F2244BC3F8C883AB
:10D270008BED006A03F5856BC3F8CC23CBF8005027
:10D2800003F22C4BC3F8D08324E000BF000010420F
:10D2900098C301200000A04100009842000008420D
:10D2A000000024420000404200005C420000304286
:10D2B000000050420000A6420000B442000070424C
:10D2C0000000E041000088420000784200008A42ED
:10D2D000000050418BED006A03F5866BC3F8E00354
:10D2E000CBF8000003F2344BC3F8E8538BED006A2F
:10D2F00003F5876BC3F8F073CBF800E003F23C4B07
:10D30000F54C8BED006A03F5886BCBF8008003F2D7
:10D31000444B8BED006A03F5896BCBF8001003F2E8
:10D320004C4B8BED006A03F58A6BCBF8001003F2CF
:10D33000544BCBED006A03F58B6BCBF8008003F206
:10D340005C4BCBED006A03F58C6BCBF800E003F28D
:10D35000644BCBED006A03F58D6BCBF8000003F254
:10D360006C4BCBED006A03F58E6BCBF8005003F2EB
:10D37000744BCBED006A03F58F6BCBF8007003F2B2
:10D380007C4BCBED006A03F5906BCBF800C003F249
:10D39000844BCBED006A03F5916BCBF8002003F2D0
:10D3A0008C4BCBED006A03F5926B8BED005A03F2C8
:10D3B000944BCBED006A03F5936B8BED005A03F2AF
:10D3C0009C4B8BED007A03F5946BCBF8002003F2B5
:10D3D000A44B8BED007A03F5956BCBF800C003F2FC
:10D3E000AC4B8BED007A03F5966BCBF8007003F233
:10D3F000B44B8BED007A03F5976BCBF8005003F23A
:10D40000BC4B8BED007A03F5986BCBF8000003F270
:10D41000C44B8BED007A03F5996BCBF800E003F277
:10D42000CC4B8BED007A03F59A6BCBF8008003F2BE
:10D43000D44B8BED007A03F59B6BCBF8001003F215
:10D44000DC4B8BED007A03F59C6BCBF8001003F2FC
:10D45000E44BCBED007A03F59D6BCBF8008003F233
:10D46000EC4BCBED007A03F59E6BCBF800E003F2BA
:10D47000F44BCBED007A03F59F6BCBF8000003F281
:10D48000FC4BCBED007A03F5A06BCBF8005003F218
:10D49000045BCBED007A03F5A16BCBF8007003F2CF
:10D4A0000C5BCBED007A03F5A26BCBF800C003F266
:10D4B000145BCBED007A03F5A36BCBF8002003F2ED
:10D4C0001C5BCBED007A03F5A46B8BED005A03F2E5
:10D4D000245BCBED007A03F5A56B8BED005A03F2CC
:10D4E0002C5BCBF800A003F5A66BCBF8002003F271
:10D4F000345BCBF800A003F5A76BCBF800C003F2B8
:10D500003C5BCBF800A003F5A86BCBF8007003F2EE
:10D51000445BCBF800A003F5A96BCBF8005003F2F5
:10D520004C5BCBF800A003F5AA6BCBF8000003F22C
:10D53000545BCBF800A003F5AB6BCBF800E003F233
:10D540005C5BCBF800A003F5AC6BCBF8008003F27A
:10D55000645BCBF800A003F5AD6BCBF8001003F2D1
:10D560006C5BCBF800A003F5AE6ACAF8001003F2BA
:10D57000745ACAF8009003F5AF6ACAF8008003F243
:10D580007C5ACAF8009003F5B06ACAF800E003F2CA
:10D59000845ACAF8009003F5B16ACAF8000003F291
:10D5A0008C5ACAF8009003F5B26ACAF8005003F228
:10D5B000945ACAF8009003F5B36ACAF8007003F2EF
:10D5C0009C5ACAF8009003F5B46ACAF800C003F286
:10D5D000A45ACAF8009003F5B56ACAF8002003F20D
:10D5E000AC5ACAF8009003F5B66A8AED005A03F205
:10D5F000B45ACAF8009003F5B7694FF0010AC9F8A8
:10D60000002003F2BC5204F50379116003F5B862FF
:10D61000C2F800C003F2C452116003F5B96217608A
:10D6200003F2CC52116003F5BA62156003F2D452D2
:10D63000116003F5BB626661106003F2DC5226776D
:10D64000116003F5BC62C2F800E003F2E45211601D
:10D6500003F5BD62C2F8008003F2EC524FF00208FD
:10D66000116003F5BE62C2F800E003F2F452C2EDAD
:10D67000004A03F5BF62106003F2FC52C2ED004A9B
:10D6800003F5C062156003F20462C2ED004A03F5BF
:10D69000C162176003F20C62C2ED004A03F5C26278
:10D6A000C2F800C003F21462C2ED004A03F5C3627F
:10D6B000176003F21C62094F82ED004A03F5C46251
:10D6C000156003F22462002582ED004A03F5C5626D
:10D6D00003F22C6304E000BFECAC002048380020CB
:10D6E00010600C20EB4A83ED004A2260EA4BEB4AC3
:10D6F000C4E901230323E36011F082FCE84B84F8C2
:10D70000EC602362C4F8F8602061C4F8FC50C4F8EF
:10D710000051C4F80451C4F80851C4E93C66FCF750
:10D7200045FEC4F8F000FCF741FEC4F8F400FCF735
:10D730003DFE04F58C7CDB4BC4F8F80004F58670E4
:10D74000C4F844C104F5927CD74AD8492360C4F890
:10D750008001D74BC4F8400104F59870C4F848C163
:10D7600007F1280CC4F81021C4F894C1C4F818219A
:10D77000C4F81C21C4F83061C4F80C11C4F8281195
:10D7800084F87C6184F89061C4F81431C4F82031C5
:10D79000C4F82C31C4F88401C4F82451C4F8585199
:10D7A000C4F85C51C4F86051C4F86451C4F86851BD
:10D7B000C4F86C51C4F87051C4F87451C4F878516D
:10D7C000C4F83C71C4E94DA8C4F8B051C4F8E031C4
:10D7D000C4F8EC31C4F8F83104F5EC73C4F8DC217A
:10D7E000C4F8983104F5F273C4F8E421C4F89C310C
:10D7F00004F5F873C4F8E821C4F8A03148F28003B6
:10D80000C4F8FC014846ADF85830802384F8D46150
:10D8100084F80862C4F8D811C4F8F41116A9C4F841
:10D82000B451C4F8B851C4F8BC51C4F8C051C4F8DC
:10D83000C451C4F8C851C4F8CC51C4F8D051C4F88C
:10D84000F0518DF85A3009F0D1F804F5067009F05E
:10D8500065F804F59E71974A4FF07C53C4F878122E
:10D8600004F5CA71C4F89C224FF07A52C4F87C12B5
:10D8700004F57D709049C4F8C8224FF07F52C4F877
:10D8800090128E49A4F8A862C4F894128C49A4F8A6
:10D89000BC62C4F898128B49C4F8DC32C4F8A012F8
:10D8A0008949C4F8EC32C4F8A4120A21C4F8CC2285
:10D8B00084F8BE1207F14C01844AC4F8C0128449AE
:10D8C00084F884A2C4F8D0128249C4F88092C4F8C3
:10D8D000E0128149C4F88852C4F8F0124FF0804138
:10D8E000C4F88C52C4F8AC52C4F8B052C4F8B45264
:10D8F000C4F8B85284F8C48284F8D482C4F8D852E8
:10D9000084F8E482C4F8E85284F8F482C4F8FC3263
:10D910004BF25303C4F80423A4F808334FF07E53AA
:10D92000C4F82C13B4F80713A4F81023A4F81313A5
:10D9300094F80913694A84F815136949C4F8443303
:10D94000C4F8001307F16801C4F84833C4F80C1395
:10D9500004F54171C4F84C33C4F818134EF6A041D5
:10D96000C4F8643384F8121307F17C01C4F86833F7
:10D97000C4F83C135B49A4F834634FF4C876C4F888
:10D9800050135949C4F8F852C4F854135749C4F80D
:10D990001C53C4F858135649C4F82053C4F85C13F8
:10D9A00007F18801C4F82453C4F82853C4F830534D
:10D9B000C4F83853C4F86053C4F86C53C4F87433D3
:10D9C000C4F87C33C4F89433C4F89C33C4F8A83347
:10D9D000C4F8AC33C4F8C833C4F8CC33C4F8D83373
:10D9E000C4F8E033C4F87023C4F88023C4F8882353
:10D9F000C4F88C23C4F8A023C4F8B423C4F8B82313
:10DA0000C4F8C023C4F8D423C4F8E423C4F8EC2336
:10DA1000C4F87853C4F88453C4F89053C4F89853A6
:10DA2000C4F8A453C4F8B053C4F8BC53C4F8C453E6
:10DA3000C4F8D053C4F8DC53C4F8E853C4F8F02356
:10DA40004FF480720BF082FE07F188014FF4807270
:10DA500004F2F4400BF07AFE04F54373C4F840334B
:10DA60000BF026FD05460BF023FD54FA80F054FA26
:10DA700085F3013E90F8F41493F8F42483F8F41439
:10DA800080F8F424ECD11B491B4801F500761B4DAE
:10DA9000001B35E050230020886A012038EE00206A
:10DAA000CDCC4C3DBC2100200000FAC40000FA445B
:10DAB000000096440000A04000003D430000BA4230
:10DAC0000000564300808B430000C8420E21A0ECAA
:10DAD00033338B4014AE47403D0AF73F000080BF10
:10DAE00085EB9140AE67BB3E8C65583EABAAAA3E23
:10DAF000ABAA2A3EDFB200200DFAFFFFABAAAAAA0A
:10DB0000431854FA83F393F8F424A5FB027301F845
:10DB1000012FB1424FEAD30303EB4303A2EB83028D
:10DB200081F80022ECD1E24F4FF47F4AE14A4FF0F6
:10DB30000008E14B1220FA6407F11809DF4A3B6143
:10DB40003A65DF4BDF4A7B61C4F8F8290222DE4BDD
:10DB50009FEDDE8ADFF8B8B3DD4E84F8FC29C4F807
:10DB6000203A0623DB4A84F82C3AFA6087ED008AD3
:10DB7000C4F8146AC4F8186A87ED0F8A87ED108A12
:10DB800087ED118A87ED128AC4F80CBAC4F810BA6E
:10DB9000A4F81CAA11F034FA0546C4F8240AC0F807
:10DBA0000C80A0F81080DFEDCC9A9FEDCC9ADFEDD1
:10DBB000CC8AC0E90188122011F022FAC94BC4F8BE
:10DBC000280AAC4603F13002C4F84C3A07F20C6361
:10DBD0008646CDF80C90B0EE000A03F6982103F6C5
:10DBE0009C2003F6A42507F56A6304920091019036
:10DBF00005950293039DC4F8586AC4F85C6A41F61F
:10DC00009426C4F850BAC4F854BA2644A4F860AABA
:10DC1000B9E80F00ACE80F000FCDD9F800904FF035
:10DC2000FF35AEE80F0007F15C0107F17000ACF8BA
:10DC30000090AEF8009008F09BFD0DF1580C4FF0ED
:10DC4000FF0907F1B00087ED2B8A6146ADF85890C7
:10DC50008DF85A8008F0CAFE0DF1580C4AF2FF53B5
:10DC600007F1BC008DF85A806146ADF8583008F0D5
:10DC7000BDFE4FF0FF3C07F1C8008DF85A50ADF8DB
:10DC800058C00DF1580C614608F0B0FE0DF1580C6B
:10DC900007F1D400ADF858A061468DF85A8008F01D
:10DCA000A5FE0DF1580C07F1E0008DF85A506146C1
:10DCB000ADF8588008F09AFE4FF0FF3C07F1EC00F9
:10DCC0008DF85A80ADF858C00DF1580C614608F037
:10DCD0008DFE0DF1580C07F1F8008DF85A50614691
:10DCE000ADF8589008F082FE0DF1580C07F58270DF
:10DCF000ADF8588061468DF85A8008F077FEA4F898
:10DD0000088BC4F804BB07F5A670B4F8073B764D42
:10DD1000A4F8133B97F8153105F5A271C4F80C5B14
:10DD200087F821310D46714BC4F83C1BC7F83831D8
:10DD300007F5887387ED4A8AC4F8183B87ED4B8A4C
:10DD400087ED4C8A87ED4D8A87ED4F8A87ED518AA2
:10DD5000A4F8348BA4F810BB84F812AB08F02CFDA7
:10DD600007F20C63C7F8F45707F5FF60049D87F8C6
:10DD70004C87C7F894561F46A3F8E48108F01CFDB1
:10DD80003B460099B7EE000A1A46C3F8BCBCC3F87C
:10DD9000C0BC4F4B0198C2F8C43CC2F8C83C544BBD
:10DDA000C7F834571293534B059DC2F8943802F6C6
:10DDB000A823A7F8CCAC83ED008A02F6AC2387F841
:10DDC000EC87A7F8908804F5D55781ED008A02F614
:10DDD000BC4183ED008A802380ED008A01F11400AC
:10DDE000C2F8B83C85ED008A87ED008ACDED139A24
:10DDF00008F0BEFC4FF080430E930EAB1A4612ABF8
:10DE0000194616AB184608F0B9F83B4A009902F5D6
:10DE10004D630198C7ED009AC2F80C3D169B0B604C
:10DE2000179B0360354B2B604FF48073029DA2F863
:10DE3000B93C012382F8BB3C482011F0E1F80023F3
:10DE400045F8040FB54280F82C3003642C4B80ED6C
:10DE5000009A80ED0C8A80ED0D8AC0ED0F8A80ED6E
:10DE6000118A8363E8D1274DB7EE000A264B41F6AD
:10DE7000107605F1E00BA5F57262129305F50C79A9
:10DE8000139305F21B21214B4846DFF888C0A5F10A
:10DE90000C0885ED008AA5F1040A88ED008AA5F139
:10DEA00008078AED008A264487ED008A34E000BF27
:10DEB000E0B60020000040406666663F0000E0409B
:10DEC0006666D640602300203C230020000000004E
:10DED0000000FFFFCDCC4C3F0000C842CDCCCC3E73
:10DEE00000000C42D8390020B03800200000AF43B9
:10DEF0000000484304220020ECBC002000004842FF
:10DF0000000070410CCC00200000204300FFFF0007
:10DF1000FF0000FF800000FFA5F50475CBE9513339
:10DF2000E54BC2F8103D02F6247383ED008A02F639
:10DF3000287383ED008A02F62C7383ED008ADF4B91
:10DF4000CBE94EC34FF47F03CBF84031FF238BF86E
:10DF50004C3108F00DFC4FF080430EAA12A916A810
:10DF60000E9308F00BF8169B8AED008AC8F8003073
:10DF70004FF00008179BCBF88C913B6040F20113E7
:10DF8000DFF878A3DFF8789385ED848AABF8393130
:10DF90004820002711F034F8C94B45F8040FAE4271
:10DFA000C0F800A0C0F83080C0F83480C0F83C90C1
:10DFB000C0F84480836380F82C700764E8D10423A0
:10DFC000C04DB7EE000A4FF08049CBF8C033A5F141
:10DFD0001401CBF878342846BB4B4FF07E5ACBF86F
:10DFE0009483CBF83035CBF83435B44BCBF89883E9
:10DFF000CBF83835CBF83C35B44BCBF89C83129337
:10E00000B34BCBF8A0831393B24BCBF8A483CBF8DC
:10E010009031B14BCBF8A883CBF8AC338023CBF84D
:10E02000B8838BF8BC330BF264438BF87474C3F879
:10E0300000800BF58D63A94EC3F800800BF26C4392
:10E04000C3F800800BF58E63C3F800800BF21C53FD
:10E05000C3F800800BF5A463C3F800800BF22453CF
:10E06000C3F800800BF5A563C3F800804FF48073FC
:10E07000ABF82C354FF47F43ABF8403508F078FB14
:10E0800012A90EAA16A8CDF8389007F077FF169BB4
:10E0900005F14800924ACBF89433179BCBF89C8348
:10E0A000CBF898330123CBF8A083CBF890350BF253
:10E0B0009C53CBF88055C3F800800BF5B463C5F8CA
:10E0C0007C80C3F800800BF2A453C3F800800BF5EA
:10E0D000B563C3F800800BF2AC53C3F800800BF5B6
:10E0E000B663C3F800800BF2B453C3F800800BF59D
:10E0F000B763C3F800800BF2BC53C3F800800BF287
:10E10000C453C3F800800BF5B963C3F800800BF269
:10E11000CC53C3F800800BF5BA63C3F800800BF250
:10E12000D453C3F800800BF5BB63C3F800800BF237
:10E13000DC53C3F800800BF5BC63C3F800800BF21E
:10E14000E453C3F800800BF5BD63C3F800800BF205
:10E15000EC53C3F800800BF5BE63C3F800A00BF2CC
:10E16000F4531A604FF400020BF5BF631A604FF4CA
:10E170008033CBF8FC350BF20463CBF88C650C369E
:10E18000C3F800800BF5C163C5F8BC80C3F80080FC
:10E19000EDF7EAF8D4F888320EAA12A9129305F125
:10E1A000C800D4F88C32CDF858A01393D4F890322C
:10E1B000CDF85C800E93D4F89432CDF860800F9344
:10E1C00016ABCDF8648008F0C5FBD4F898320EAADF
:10E1D00012A905F58A701293D4F89C32CDF858A094
:10E1E0001393D4F8A032CDF85C800E93D4F8A43207
:10E1F000CDF860800F9316ABCDF8648008F0AAFBD1
:10E2000016AB0EAA12A905F5B070CDF858A005F608
:10E21000BC2ACDF84880CDF84C80CDF83880CDF8B8
:10E220003C80CDF85C80CDF86080CDF8648008F04B
:10E2300091FBF8EE007A0BF2F461DFED2A6A02231B
:10E24000DFED295A05F50F72C1ED007A0BF5DF619C
:10E250009FED266AB6EE007AC1F800900BF2FC61E1
:10E26000DFF8A0E043F60C00C1ED006A0BF2047188
:10E27000DFF894C02044C1ED007A0BF5E161DFEDD9
:10E280001C7AC1F800900BF20C718BF8F036C1EDDE
:10E29000007A0F21DFED177A8BF810170BF214714B
:10E2A0008BF800370823C1ED007A0BF5E361DFED51
:10E2B000127AC1ED007A2DE0F02100200000FFFF6E
:10E2C0000000704130D20020FF0000FF00004843F2
:10E2D0000000C842DC210020000020421C3A00203F
:10E2E000FFFF7F7F9A99A94000C0284500805444D1
:10E2F0006666D6400000AF4300004845CDCCCC3E1A
:10E3000000000C4200007A44000016440000FA436A
:10E31000008089440BF21C715FED047AC1ED007A34
:10E320000BF5E4615FED067AC1ED005A0BF2247142
:10E33000C1ED007A0BF5E561C1ED005A0BF22C71CD
:10E3400081ED006A0BF5E66181ED006A0BF2347134
:10E35000C1F800E00BF5E761C1F800E00BF23C7199
:10E36000DFF80CE4C1F800E0DC49C5F8FC110BF261
:10E370004471C1F800C00BF5E961C1F800C005F5B2
:10E38000E871CBF84C1705F5EC71CBF8501705F593
:10E39000F071CBF8541705F5F471CBF8581705F563
:10E3A000F871CBF85C1705F5FC71CBF8601705F533
:10E3B0000071CBF864170BF5ED61C1F800800BF22A
:10E3C0006C71C1F800800BF5EE61C1F800808BF82C
:10E3D000A037AAF880300BF27473CBF89C270BF2AD
:10E3E000A472C3F800800BF5EF63C2F800900BF540
:10E3F000F562C3F800800BF27C73B949C3F8008062
:10E4000005F5097382ED007A0BF6AC52CBF8843730
:10E4100005F50A731160CBF8883705F50B73B14A1F
:10E42000CBF88C3705F50C73CAF86420CBF890371D
:10E4300005F50D73AC4ACBF8943705F50E73CAF8A1
:10E4400078200022CBF8983705F64833A749CAF858
:10E450008460C5F83C828BF8D87DCAF86880CAF819
:10E460006C80CAF87080CAF874801960203343F851
:10E470001C1C43F8182C43F8142C43F8102C43F8B8
:10E480000C2C43F8082C43F8047C9842EDD143F659
:10E49000DC22974B974D0020224497491D600C3396
:10E4A00043F8080C43F8041C9A42F7D1DFF8C492F1
:10E4B000002303213C22A9F8403001238AF8881068
:10E4C000A9F1740089F842300AF04EFB43F61402B9
:10E4D0008A49A9F66C73224443F8201B9A42FBD167
:10E4E00043F62402864B8749224443F8201B9A4274
:10E4F000FBD1854B09F14C019FED848A09F1740829
:10E5000003F12C001A1D00910BF22C6103901546AB
:10E510000BF5C66003F17C0603F1540EC9F84430D4
:10E52000059109F19C0C02900027049609F1CC0694
:10E5300089ED128AF7EE000A9FED759AB0EE480A4F
:10E54000DFED749AB0EE00BADFED737AF0EE608A18
:10E55000DFED72CA9FED72CADFED72BA9FED72AA4B
:10E56000DFED72AA0FCD0195009D0FC50095019DAD
:10E570000FCD0195009D0FC52A46019D95E803002A
:10E5800082E80300039D0FCDA8E80F000FCDA8E897
:10E590000F00674A95E80300C9F8C420654A88E877
:10E5A0000300C9F8C8204FF00908BEE80F00ACE826
:10E5B0000F00BEE80F00049DC9F81871ACE80F0009
:10E5C0009EE803008CE803000FCD0FC64FF0C80291
:10E5D000A9F82C21584AC9F8F420584AC9F8F8205B
:10E5E000574AC9F8FC20574AC9F80021564AC9F8C9
:10E5F0000421564AC9F80821554AC9F80C21554A40
:10E60000C9F81021544AC9F8142189F82071C9EDBC
:10E61000507A89ED4F9A84EDA49AC4EDA59AA9F891
:10E62000307189ED4D8A89ED4E8A84EDA28A84EDA0
:10E63000A38A84F8BE820FCD0FC695E8030041F28D
:10E64000167286E803004548A4F8BC2200F57D66F2
:10E65000FEF770FA28239AF8782006F5F45140481E
:10E66000C4F88062ECF76CFC3E49F0EE680A28239F
:10E6700001F11800B0EE480A9AF87920ECF760FC36
:10E680003949F0EE680A282301F11400B0EE480A77
:10E690009AF87A20ECF754FC3449F0EE680A9AF8BC
:10E6A0007B20B0EE480A01F110002823ECF748FC6B
:10E6B000FEF76AFA0BF5C763B6EE007A0298D3ED5F
:10E6C000007A0DF1480C83ED008A0BF2346377EE8B
:10E6D000A97A059D0EAA16A94EE000BF00001645B6
:10E6E000CDCCCC3D0000C843323334356F12833A71
:10E6F000F8E40020CDCC4C3D0AD7233C000080BF7D
:10E7000090DD00203333B3BE543A002000000000F7
:10E71000000040430000BC420000C04200005C43D7
:10E7200000009042F304353F0000FAC300004C4360
:10E73000D0470020D8470020E0470020E8470020CD
:10E74000F0470020F847002000480020084800203B
:10E750000C480020144800201C48002004AF002072
:10E7600070DD002058DD00205CDD002060DD002031
:10E7700000006144ECEC00208DED169A67EE877A7C
:10E78000CDED179A8DED0EBAC0ED007A6046D3ED4F
:10E79000007A83ED008A0BF23C6377EE897A83ED91
:10E7A000009ADB4B67EE877AC3ED009AC5ED007ADD
:10E7B00007F0E4FB129B02980EAA2B6012A9139B90
:10E7C00084EDAB9A0360012316A8C4EDAC9A2377BD
:10E7D0008BF80C868DED0EBACDED12CA8DED13CAF5
:10E7E00007F0CCFB1699A6F5F47006F50B63179AA3
:10E7F0008DED0EBA196000F69C2312A9CDED12CA58
:10E800001A6000F6A4230EAA16A883ED008A06F665
:10E81000B8038DED13CA83ED008A07F0AFFB169B9A
:10E8200089ED4F9A0C20CBF89433179BC9ED509A81
:10E83000CBF89833B74B8BEDE78A23608BEDE88AF2
:10E8400089ED4D8A89ED4E8A10F0DAFBB24BC9F89A
:10E850004C0103603833C9ED558A4360383389ED84
:10E86000568A8360032316A889ED578A89F85031A8
:10E870004FF4817389ED588AA9F86431CDED16BA49
:10E88000CDED0E8A8DED0F8A8DED108A8DED118AFA
:10E890008DED178A8DED188A8DED198AFBF73EFDF7
:10E8A000C8EE807A12AA0EA916A89C4D28EE677AA7
:10E8B00067EEAB7A8DED137A8DED147A8DED157AC6
:10E8C000CDED127AFBF746FD9DED0EBA16A8DDEDF3
:10E8D0000F9A9DED109ADDED11BA8DED16BACDEDC2
:10E8E000179A8DED189ACDED19BAFBF717FDC8EE02
:10E8F000807A12AA8A490AA827EE8BBA67EEA99AEB
:10E9000027EE899A67EEAB7A8DED12BACDED139AA8
:10E910008DED149ACDED157AFBF71CFD0EAA16A904
:10E9200006F53E508DED168A134612AA8DED178A14
:10E930008DED188A8DED128A8DED138A8DED14AA56
:10E94000CDED0E8ACDED0F8ACDED108A07F08CFF4C
:10E950000EAA16A97348134612AA8DED168A8DEDDC
:10E96000178A8DED188ACDED12AA8DED138A8DEDE3
:10E9700014AACDED0E8ACDED0F8ACDED108A07F0E9
:10E9800073FF0EAA06F5415016A9CDED12AA134643
:10E9900012AA8DED14AA8DED168A8DED178A8DEDD4
:10E9A000188A8DED138ACDED0E8ACDED0F8ACDED4F
:10E9B000108A07F059FF5C4B5C48AC338DED128A2E
:10E9C0008DED138AC9F8883207F034FE45F6B82277
:10E9D0002B46224443F8047C43E903770C339A42E4
:10E9E000F8D1534F47F2B821002221443B4643F867
:10E9F000042C43E903220C339942F8D14D4E0023F5
:10EA00009FED4D8A12A9C6F8C432C6F8C832129BCF
:10EA1000DFED4A8AC6F8BC32139B4448C6F8C032C0
:10EA2000474B86EDAD8AC6F8AE320123C6EDAE8AFD
:10EA300086F8AC32F5F7A0F99DED137ADDED127A88
:10EA400016A937EE287A394877EE887A8DED177A4D
:10EA5000CDED167AF5F790F948F2B42C3948002339
:10EA60004FF0FF32A444A0F5005145F8043C45E9BD
:10EA7000033347E9033347F8043C0C35C1F8F82F5A
:10EA80000C37C1F8FC2F41E902220831C0F8F82FF9
:10EA9000C0F8FC2F8C4540E9022200F10800E4D1C7
:10EAA000DFF8B8804FF07E5A2748E8F7A1FD4046CE
:10EAB000264907F0C7FD08F21450254907F0C2FDAA
:10EAC000D9F854219FED238A0023169216A9D9F86C
:10EAD000582186F8103D1792D9F85C21A6F8283DF8
:10EAE0001892D9F86021184B199208F63422A3F530
:10EAF0009A77194DC2F800A006F60452A3F590705B
:10EB0000C6F8143D82ED008A06F6085228E000BFE0
:10EB10002CD300207C230020E0690120A4EF0020FA
:10EB200040EE0020B4EE0020543A002080EF002098
:10EB3000A4070120EC5C0120000040430000C0421B
:10EB400040002000A03F012074EF002048C40120B5
:10EB500008C70120000000005C3B0020B85F0120D6
:10EB6000C6F8F80C82ED008A06F60C52C6F8F45C82
:10EB700082ED008A06F61852C6F8FC7C82ED008A07
:10EB800006F61C5282ED008A06F5526282ED008A7A
:10EB900006F6245282ED008AFBF7F8FBD9F85421DF
:10EBA000002307F17400169216A9D9F85821C6F867
:10EBB0004C8D05F124081792D9F85C2186F8103D98
:10EBC0001892D9F8602186F8483D199206F6385215
:10EBD000A6F8603DC2F800A006F63C52C6F8347DA7
:10EBE00082ED008A06F55462C6F8300D82ED008A87
:10EBF00006F64452C6F82C8D82ED008A06F5556261
:10EC000082ED008A06F6545282ED008A06F65852CA
:10EC100082ED008A06F65C5282ED008AFBF7B6FBB5
:10EC2000F94A002307F1D400C6F8842D16A9D9F8B3
:10EC30005421C6F8648D1692D9F85821DFF8DC8487
:10EC40001792D9F85C21C6F86C7D1892D9F860212A
:10EC500086F8483D199206F5576286F8803DC2F85D
:10EC600000A006F67452A6F8983D4FF0170A82ED00
:10EC7000008A06F67852C6F8680D82ED008A06F61C
:10EC80007C5282ED008A06F6885282ED008A06F6F2
:10EC90008C5282ED008A06F5596282ED008A06F6F2
:10ECA000945282ED008AFBF771FBC6F8A08D43F207
:10ECB0003228DFEDD66AA7F108039FEDD57AA6F8D2
:10ECC000AE8D05F14808C6F8A83D0023C6F89C8D16
:10ECD00005F1600806F6B45586F8803DA6F8B03D0B
:10ECE0004FF0080EC5ED006A06F6B855DFEDC96AAB
:10ECF0000227C94B4FF0070CC5ED006A06F6BC555C
:10ED0000DFEDC66AA3F51472DFEDC57A0021C5ED0B
:10ED1000006A06F55C65DFEDC36A4CF65050C5ED40
:10ED2000006A06F6C455DFEDC06A2044C5ED006AEE
:10ED300006F6C855DFEDBD6AC5ED006A06F6CC558E
:10ED4000DFEDBB6AC5ED006A06F55D65DFEDB96A0A
:10ED5000C5ED006A06F6D455DFEDB76AC5ED006A69
:10ED600006F6D855DFEDB56AC5ED006A06F6DC5546
:10ED7000DFEDB36AC5ED006A06F55E65DFEDB16AE9
:10ED8000C5ED006A06F6E455DFEDAF6AC5ED006A31
:10ED900006F6E855DFEDAD6AC5ED006A06F6EC55FE
:10EDA000DFEDAB6AC5ED006A06F55F65DFEDA96AC8
:10EDB000C5ED006A06F6F455DFEDA76AC5ED006AF9
:10EDC00006F6F855DFEDA56AC5ED006A06F6FC55B6
:10EDD000DFEDA36AC5ED006AA2F50075DFEDA16A5B
:10EDE000C5ED006A06F60465DFED9F6AC5ED006AB1
:10EDF00006F60865DFED9D6AC5ED006A06F60C654E
:10EE0000DFED9B6AC5ED006A06F56165DFED996A85
:10EE1000C5ED006A06F61465DFED976AC5ED006A78
:10EE200006F61865DFED956AC5ED006A06F61C6505
:10EE3000DFED936AC5ED006A06F56265DFED916A64
:10EE4000C5ED006A06F62465DFED8F6AC5ED006A40
:10EE500006F62865DFED8D6AC5ED006A06F62C65BD
:10EE6000DFED8B6AC5ED006A06F56365DFED896A43
:10EE7000C5ED006A06F63465DFED876AC5ED006A08
:10EE800006F63865DFED856AC5ED006A06F63C6575
:10EE9000DFED836AC5ED006A06F56465DFED816A22
:10EEA000C5ED006A06F64465DFED7F6AC5ED006AD0
:10EEB00006F64865DFED7D6AC5ED006A06F64C652D
:10EEC000DFED7B6AC5ED006A06F56565DFED796A01
:10EED000C5ED006A06F65465DFED776AC5ED006A98
:10EEE00006F65865DFED756AC5ED006A06F65C65E5
:10EEF000DFED736AC5ED006A06F56665DFED716AE0
:10EF0000C5ED006A06F66465DFED6F6AC5ED006A5F
:10EF100006F66865DFED6D6AC5ED006A06F66C659C
:10EF2000DFED6B6AC5ED006A06F56765DFED696ABE
:10EF3000C5ED006A06F67465DFED676AC5ED006A27
:10EF400006F67865DFED656AC5ED006A06F67C6554
:10EF5000DFED636AC5ED006A06F56865DFED616A9D
:10EF6000C5ED006A06F68465DFED5F6AC5ED006AEF
:10EF700006F68865DFED5D6AC5ED006A06F68C650C
:10EF8000DFED5B6AC5ED006A06F56965DFED596A7C
:10EF9000C5ED006A06F69465DFED576AC5ED006AB7
:10EFA00006F69865DFED556AC5ED006A06F69C65C4
:10EFB000DFED536AC5ED006A06F56A65DFED516A5B
:10EFC000C5ED006A06F6A465DFED4F6AC5ED006A7F
:10EFD00006F6A865DFED4D6AC5ED006A06F6AC657C
:10EFE000DFED4B6AC5ED006A06F56B65DFED496A3A
:10EFF000C5ED006A06F6B465DFED476AC5ED006A47
:10F0000006F6B8651AE100BFCC64012001FEE442B7
:10F0100017B7D1B89EDEC8423C6F0120F0271842D6
:10F02000F4CCBE42C0EC81C1A10837438186B44212
:10F030005DAD244232851E430FCB89429B1517429A
:10F04000C3A40943D084984296C32042FC083143AC
:10F0500063AE7542F24112C213E21C43B5E6D342DD
:10F06000E483F0C1EC8029439000CA428126994193
:10F07000E6BE27434BEA9A42FB5C39C0443A2A4336
:10F080001FA5AF42D50974420A08104388F475429F
:10F0900001DE714125B514435249AB42439CBF4147
:10F0A00067253A438E268542FC1805C11AA11943EB
:10F0B000EF58BE42C4B1EE3F32A53D43C74B9C4220
:10F0C000F8427B42AD09F3423A528342DE315C4260
:10F0D000D8702143C2976A4285EB58C19585A742F3
:10F0E0006A5EC8423FD79DC11DA9A242C5C0CA429F
:10F0F000CE88023FFE259542C3C4BB4296B2AEC045
:10F10000E3258742A49FBB4236AB7B4155F07E424C
:10F11000C54FA942E6AE164145985142404B4C00BE
:10F12000F2C1A542D47AE842A1A7BE42AAC20C42CB
:10F130004538E0425957BD426A5E1842BF3DE84239
:10F140003440AE4247830242BA49CF420F0BCB4212
:10F15000C2973A42C78BC9421BEFC142375A3F425E
:10F1600044BAD7421DC9C142DF602842AC5CDA42D2
:10F17000B1A1CE4233332C4256CEB942A8F5174244
:10F180005C60D642CD0C49423179A542A01A0442B6
:10F19000D5E78B41B35BBC423C4E3242C58F8941BF
:10F1A000283E7742C0ECE14107DF01420C3399422F
:10F1B00080F72142DDE40042F98F564222BD15421C
:10F1C000F02744425EBA7D4205C54242BA09444234
:10F1D000607627420BB53542126575429CB34B42AF
:10F1E00008EC6C4278DC7A4274A4A94139741F425D
:10F1F0006F928A42719BE4415FA955428A509142C5
:10F20000D712B5C1AA62F14274B57BC12B7808430D
:10F210002AA9CBC09C740943A2450DC1692FDC42C9
:10F220005EBA093FB23DD8421AC05F401739084361
:10F23000924B92417A860443D3DEB6405FED486A32
:10F24000C5ED006A06F6BC655FED4A6AC5ED006A69
:10F2500006F56C655FED4C6AC5ED006A06F6C4659F
:10F260005FED4E6AC5ED006A06F6C8655FED506A4F
:10F27000C5ED006A06F6CC655FED526AC5ED006A21
:10F2800006F56D655FED546AC5ED006A06F6D46556
:10F290005FED566AC5ED006A06F6D8655FED586AFF
:10F2A000C5ED006A06F6DC655FED5A6AC5ED006AD9
:10F2B00006F56E655FED5C6AC5ED006A06F6E4650D
:10F2C0005FED5E6AC5ED006A06F6E8655FED606AAF
:10F2D000C5ED006A06F6EC655FED626AC5ED006A91
:10F2E00006F56F655FED646AC5ED006A06F6F465C4
:10F2F0005FED666AC5ED006A06F6F8655FED686A5F
:10F30000C5ED006A06F6FC655FED6A6AC5ED006A48
:10F31000A2F580755FED6C6AC5ED006A06F60475AE
:10F320005FED6E6AC5ED006A06F608755FED706AFE
:10F33000C5ED006A06F60C755FED726AC5ED006AF0
:10F3400006F571655FED746AC5ED006A06F6147521
:10F350005FED766AC5ED006A06F618755FED786AAE
:10F3600085ED007A06F61C75C5ED006A06F5726536
:10F370005FED7C6AC5ED006A06F6247585ED007ABE
:10F3800006F628751FED807A85ED007A06F62C7555
:10F390001FED827A85ED007A06F573651FED847A9C
:10F3A00085ED007A06F634751FED867A85ED007AD4
:10F3B00006F638751FED887A85ED007A06F63C75FD
:10F3C0001FED8A7A85ED007A06F574651FED8C7A5B
:10F3D00085ED007A06F644751FED8E7A85ED007A8C
:10F3E00006F648751FED907A85ED007A06F64C75A5
:10F3F0001FED927A85ED007A06F575651FED947A1A
:10F4000085ED007A06F654751FED967A85ED007A43
:10F4100006F658751FED987A85ED007A06F65C754C
:10F420001FED9A7A85ED007A06F576651FED9C7AD8
:10F4300085ED007A06F664751FED9E7A85ED007AFB
:10F4400006F668751FEDA07A85ED007A06F66C75F4
:10F450001FEDA27A85ED007A06F577651FEDA47A97
:10F4600085ED007A06F674751FEDA67A85ED007AB3
:10F4700006F678751FEDA87A85ED007A06F67C759C
:10F480001FEDAA7A85ED007A06F578651FEDAC7A56
:10F4900085ED007A06F684751FEDAE7A85ED007A6B
:10F4A00006F688751FEDB07A85ED007A06F68C7544
:10F4B0001FEDB27A85ED007A06F579651FEDB47A15
:10F4C00085ED007A06F694751FEDB67A85ED007A23
:10F4D00006F698751FEDB87A85ED007A06F69C75EC
:10F4E0001FEDBA7A85ED007A06F57A651FEDBC7AD4
:10F4F00085ED007A06F6A4751FEDBE7A85ED007ADB
:10F5000006F6A8751FEDC07AC5ED007A06F6AC7553
:10F51000C2ED027A85ED007A06F57B651FEDC57AAE
:10F52000C2ED057A85ED007A06F6B4751FEDC87A4E
:10F53000C5ED007A06F6B875C2ED087A85ED007A59
:10F5400006F6BC751FEDCD7A85ED007A06F57C6573
:10F550001FEDCF7AC5ED007A06F6C47585ED007A09
:10F5600006F6C8751FEDD37A85ED007A06F6CC75E0
:10F570001FEDD57AC5ED007A06F57D6585ED007A3B
:10F5800006F6D4751FEDD97A85ED007A06F6D875A2
:10F590001FEDDB7AC5ED007A06F6DC7585ED007AA5
:10F5A00006F57E651FEDDF7A85ED007A06F6E475D7
:10F5B0001FEDE17AC5ED007A06F6E87585ED007A73
:10F5C00006F6EC751FEDE57A85ED007A06F57F65A8
:10F5D0001FEDE77AC5ED007A06F6F47585ED007A41
:10F5E00006F6F87506F6FC76C6ED007AE64E2E6055
:10F5F0000326E64D1560E64D5560E64DD560E64DB7
:10F600001561E64D9561E64DD561E64D5562E64DD5
:10F6100095620D25C2ED0B7AC2F854E0C2F890E075
:10F62000C2E90F5E0E25C2E9136506260525C2E96B
:10F6300016650D25062615660B25C2E91A650F26E7
:10F640000425C2E91E650A260325C2E922650C26A7
:10F650000A25C2E9256522262425C2E92765232635
:10F660001325C2E9296512251026C2F8AC50CF4DEA
:10F670001563CF4D5563CF4D95630125556615250F
:10F68000C2E911C7C2E91CC7C2E9207CC2E92C65E6
:10F6900014261225C2F8C0A0C2F828C1C2E92E65FE
:10F6A00016261925C2E932651B261C25C2E93565D7
:10F6B0001B252526C2E9375A2625C2E93965C2F835
:10F6C0000C5128261F25C2E93B651E262025C2E9CC
:10F6D0003E6522262125C2E9406524252526C2F85B
:10F6E00008512725C2E9446528261425C2E9466544
:10F6F0000B260D25C2E9486509250E26C2E94B57A0
:10F700001825C2F8C4501A25C2F8D0501D25C2F8D9
:10F71000F4500C25C2E94D6505250D26C2F83CE1E3
:10F72000C2F840510625C2F844E1C2F878E14FF032
:10F73000310EC2F85871C2F86CC1C2F874C14FF0F2
:10F740002D0CC2E9526504260B25C2E954650F252C
:10F750000926C2E957650325C2F870510A25C2F887
:10F760007C512225C2F884511025C2F894511225EB
:10F77000C2F8A0511625C2F8AC511925C2F8B451EF
:10F780002125C2F880512325C2F888511325C2F8DB
:10F790009051C2F898511525C2F89C511C25C2F809
:10F7A000B0511125C2F88C511B25C2E95977C2E925
:10F7B000691AC2F8B8511C253327C2F8BC11C2E936
:10F7C000705A28254FF0210AC2F8D0511E25C2F8E0
:10F7D000DC512325C2E97AA52425C2F8F05115256C
:10F7E000C2F8F8511425C2F800522725C2F8C851B2
:10F7F000C2F8FC512525C2F8CC51C2F8F45120259D
:10F80000C2F8D451C2F8E4511F25C2F8D851C2F849
:10F81000E0513225C2F80452C2F838523425C2F8F9
:10F820000852C2F834522F25C2E985C52A25C2F8EC
:10F830001C52C2F830522C25C2E989553025C2E944
:10F8400083E52B25C2F820522925C2F82C522F25FA
:10F85000C2E98F752D25C2F84C82C2F844522E257C
:10F86000C2F848521D4685ED068A403505ED098AE5
:10F8700005ED088A05ED078A05ED068A05ED058A7E
:10F8800005ED048A05ED038A05ED028A05F8041CDE
:10F89000A842E8D1DFF82CC14CF24C2682F8601D5A
:10F8A0000CF522702644C2F850CD07460546C2F832
:10F8B000540D29680C35403301EB41010CEB8101FB
:10F8C00043F8401C55F8081C01EB41010CEB810189
:10F8D00043F83C1C55F8041CAE4201EB41010CEB13
:10F8E000810143F8381CE4D1334B4DF668053349A8
:10F8F0004FF0000CC2F8643D25440B460022C3F8CB
:10F9000018C0403343F824CC43F820CC43F81CCC37
:10F9100043F818CC43F814CC43F810CC43F80CCC83
:10F9200043F808CC03F8042C9D42E8D1244A4DF654
:10F93000F0254FF0000C25441346C3F800C00C33EB
:10F9400043F808CC43F804CC9D42F6D1DFF8788028
:10F9500000254CF23C0388F8FC5A2344194DC8F8A2
:10F96000F07A2F680C350C3242F80C7C55F8087C84
:10F97000AB4242F8087C55F8047C42F8047CF0D194
:10F980004DF6680222E000BFA8C6D542098A61414F
:10F990005BD1D242584AD941DED30043E14B054204
:10F9A000573BFC42BAC9FC41DD44D6420000A042AC
:10F9B000000034430000B442E43B0020547A0120AC
:10F9C00054850120A06A0120EC7C012003680C30E2
:10F9D000403103EB430302EB8303234441F8403CF3
:10F9E00050F8083C03EB430302EB8303234441F844
:10F9F0003C3C50F8043CB04203EB430302EB83036E
:10FA0000234441F8383CE1D1E44C48F280036FF0E4
:10FA10007F0216A92046ADF858308DF85A2006F01E
:10FA2000E5FF04F10C00DE4D06F078FFDD4B08F633
:10FA30007C364FF00107C8F86C3BA4F69C53C8F81D
:10FA4000744BC8F8703B88F8787B9FEDD78ADFED60
:10FA5000D7FA9FEDD7FADFEDD7EA9FEDD7EADFEDD2
:10FA6000D7DA9FEDD7DADFEDD7CA9FEDD7CADFED42
:10FA7000D7BA9FEDD7BADFEDD7AA9FEDD7AADFEDB2
:10FA8000D79A9FEDD79ADFEDD78A95E80F0086E8E1
:10FA90000F0005F11001A42208F68C3009F056FE83
:10FAA00005F11001A42208F5436009F04FFE05F1AD
:10FAB0001001A42208F6D44009F048FE05F1100117
:10FAC000A42208F6785009F041FE05F1B401442261
:10FAD00008F61C6009F03AFE05F1F801482208F525
:10FAE000666009F033FE05F1F801482208F6A860C7
:10FAF00009F02CFE05F1F801482208F56F6009F0C5
:10FB000025FE05F1F801482208F6387009F01EFEBE
:10FB100005F1F801482208F5786009F017FE05F1B3
:10FB2000F801482208F6C87009F010FE05F1F80146
:10FB3000482204F5A26009F009FE05F1F801482207
:10FB400004F5AB6009F002FE05F1F801482204F566
:10FB5000B46009F0FBFD05F1F801482204F5BD6031
:10FB600009F0F4FD05F1F801482204F5C66009F03A
:10FB7000EDFD05F1F801482204F5CF6009F0E6FD3E
:10FB800005F1F801482204F5D86009F0DFFD05F120
:10FB9000B401442204F5E16009F0D8FD05F110013B
:10FBA000A42204F24C7009F0D1FD05F11001A42249
:10FBB00004F5FE6009F0CAFD05F11001A42204F667
:10FBC000940009F0C3FD04F6381105F5A07004F6A1
:10FBD000B47C069105F5B071DFED835A0CF24C57F9
:10FBE000009105F5CE7104F5C8559FED806A03912B
:10FBF00004F6581105F5A16E0495019104F69411CF
:10FC0000CDF824E0AA46029104F6DC710446CDF852
:10FC100014E0089176469FED767ADFED766A9FEDE7
:10FC2000762ADFED761ADFED760A9FED761A9FEDE4
:10FC3000760ADFED762A9FED765ADFED767ADFEDF4
:10FC4000763A9FED764ADFED764A9FED763A0FCC15
:10FC50000794069C0FC407980FC884E80F00009C07
:10FC60000FCC0094019C0FC40194009C0FCC009415
:10FC7000019C0FC40194009C0FCC0094019C0FC404
:10FC80002346009C94E80700039C83E807000FCC00
:10FC90000394029C0FC40294039C0FCC0394029C17
:10FCA0000FC40294039C94E80F00029C84E80F00A8
:10FCB000A5F571626346C2ED005A2C33DFED5A5A46
:10FCC00003F5767342ED0A5ADFED585A42ED095AB0
:10FCD000DFED575A42ED075AA5F62872DFED555A67
:10FCE00002ED058A283242ED0A5ADFED535A02ED41
:10FCF0000C8A42ED095ADFED515A02ED068A42EDB7
:10FD0000085ADFED4F5A02ED038A42ED075ADFED44
:10FD10004D5A02ED018A42ED055ADFED4B5AC2ED14
:10FD2000015ADFED4A5AC2ED025ADFED495AC2EDDF
:10FD3000075ADFED485AC2ED085ADFED475AC2EDC7
:10FD40000A5ADFED5F5A42ED025ADFED445A82ED66
:10FD5000008AC2ED045ADFED505A82ED038AC2EDEB
:10FD6000055ADFED3F5A82ED068AC2ED0B5ADFEDF0
:10FD70003D5A82ED098AC2ED105ADFED3B5AC2EDC1
:10FD8000135ADFED365AC2ED165ADFED385AC2ED7E
:10FD90001C5ADFED375AC2ED1D5AA5E0EC87012051
:10FDA000003C0020386F012000000000E63F9EC0AC
:10FDB000BE9FB6C07FD9CFC03E79C2C08A1F144152
:10FDC000AF94C5BFA2B493C05BD3F04076E0B6C099
:10FDD000A2B4B3C0849E0641ABCFD5BD2E9092C0D5
:10FDE000BF0EAC401A409EC1B07220C0A7E818BF39
:10FDF0007E8CB9BD52491D3E9621264166F70DC144
:10FE0000189503C141F10340211F74BC992A384061
:10FE10006688FB3F030992BF3108ACBC8FE4C8C0C1
:10FE2000DCD79D400000FA437CE19BC108AC5CC07C
:10FE30006B1ABCC1C3D37FC0E3362ABFAB3E11C12E
:10FE4000AF9409C0EC5126C1CCEE00C17958F03F07
:10FE5000A4DFBEC00DE0853FE6AE33C12E9098C052
:10FE600017D9BA40A4DF84C01FF4ECC0F16306C107
:10FE70007424DF3F92CBF7BF6C788AC1BADA0641AF
:10FE8000A5BDB3C0F2D2853FBDD28CC1DE93C540C3
:10FE900030BBB3C00E4F2740C898BB3F71AC7F400A
:10FEA000539629C05BB13FBC6076A7BF0D7105C1F9
:10FEB000FDF61540355EDA3F6210F8BE4BC827BF2D
:10FEC00061C353BD2BF646C100005440ED0D4E40BA
:10FED0001973B7BE355E0BC1E2E9ED3FA7E8183FE5
:10FEE000B98DA63E4CA64EC05FED1E5AC2ED1E5AFD
:10FEF0005FED1F5AC2ED1F5A5FED205AC2ED205A26
:10FF00005FED215AC2ED225A8C325FED225A02ED8A
:10FF1000178AC2ED005A5FED245A02ED158AC2ED30
:10FF2000025A5FED265A02ED148AC2ED035A5FEDC4
:10FF3000285A02ED128AC2ED075A5FED2A5A02EDE5
:10FF4000118AC2ED085A5FED225A02ED0E8A42ED87
:10FF5000165A5FED2F5A02ED0B8A42ED0F5A42ED11
:10FF60000C5A5FED295A42ED0A5A243A82ED008A72
:10FF700082ED018A82ED078A82ED0A8A82ED0D8A7E
:10FF8000C2ED0E5A5FED3B5A82ED0F8AC2ED125A56
:10FF90005FED355A82ED138AC2ED145A82ED158A4F
:10FFA00082ED168AC2ED175A82ED188A82ED198AFF
:10FFB000C2ED1A5A6C3282ED008A82ED018AC2EDDE
:10FFC000025A82ED038A82ED048AC2ED055A82ED5F
:10FFD000068A82ED078AC2ED085A82ED098A82ED0F
:10FFE0000A8AC2ED0B5A82ED0C8A82ED0D8AC2EDAF
:10FFF0000E5A82ED0F8A403282ED008AC2ED015A1C
:02000004600298
:1000000082ED028A82ED038AC2ED045A82ED058AEE
:1000100082ED068AC2ED075A82ED088A82ED098ACE
:10002000C2ED0A5A82ED0B8A82ED0C8AC2ED0D5A9E
:1000300082ED0E8A82ED0F8A4032C2ED005A82EDC7
:10004000018A82ED028AC2ED035A82ED048A82EDB2
:10005000058AC2ED065A82ED078A82ED088AC2ED52
:10006000095A82ED0A8A82ED0B8AC2ED0C5A82EDA2
:100070000D8A82ED0E8AC2ED0F5A403282ED008A5F
:1000800082ED018AC2ED025A82ED038A82ED048A72
:10009000C2ED055A82ED068A82ED078AC2ED085A42
:1000A0005FED815A82ED098AC2ED175A5FED835ADE
:1000B000C2ED185A5FED845AC2ED1C5A5FED855AA5
:1000C000C2ED1D5A5FED865AC2ED1E5A5FED875A8A
:1000D000C2ED205A84325FED885A02ED178AC2EDD4
:1000E000005A5FED8A5A02ED158AC2ED065A5FED9D
:1000F0008C5A02ED148A42ED165A42ED135A42ED23
:10010000105A02ED128A02ED118A02ED0F8A02EDF9
:100110000D6A02ED0C8A02ED0B8A02ED088A02EDEF
:10012000076A183A5FED995A82ED008AA2F1200120
:1001300082ED048A82ED078A01F5F67082ED086A85
:1001400082ED098A82ED0A8A82ED0B6A82ED0D8AC0
:1001500082ED0E6AC2ED175A5FEDA55A02ED088ACC
:10016000C2ED185A5FEDA75A82ED0F8AC2ED1A5AF6
:100170005FEDA95AC2ED1B5A74325FEDAA5A02ED27
:100180000D8AC2ED005A5FEDAC5A02ED0C6AC2ED69
:10019000015A5FEDAE5A02ED0B8AC2ED035A5FEDD4
:1001A000B05A02ED0A8AC2ED045A5FEDB25A02ED6E
:1001B000096AC2ED095A02ED088A02ED078A02EDCA
:1001C000048A02ED018A82ED028A82ED058A1832E4
:1001D00082ED006A82ED018A82ED028A82ED048A54
:1001E00082ED058A82ED066A82ED078A82ED088A31
:1001F00082ED096A82ED0A8A82ED0B8A82ED0C6A31
:1002000082ED0D8A82ED0E8A82ED0F6A82ED108AF0
:10021000443282ED008A82ED016A82ED028A82ED2B
:10022000038A82ED046A82ED058A82ED068A82EDF8
:10023000076A82ED088A82ED098A82ED0A6A82EDF8
:100240000B8A82ED0C8A82ED0D6A82ED0E8A82EDB8
:100250000F8A403282ED006A82ED018A82ED028AC5
:1002600082ED036A82ED048A82ED058A82ED066AD8
:1002700082ED078A82ED088A82ED096A82ED0A8A98
:1002800082ED0B8A82ED0D8A82ED0C6A82ED0E8A78
:1002900082ED0F6A403282ED008A82ED018A82EDA2
:1002A000026A82ED038A82ED048A82ED056A82ED9C
:1002B000068A82ED078A82ED086A82ED098A82ED5C
:1002C0000A8A82ED0B6A82ED0C8A82ED0D8A82ED3C
:1002D0000E6A82ED0F8A403282ED016A82ED046A75
:1002E00082ED076A82ED0A6A82ED0D6A9FEDFD6A72
:1002F00082ED008A82ED028A82ED038A82ED058A10
:1003000082ED068A82ED088A82ED098A82ED0B8AE7
:1003100082ED0E8A82ED0C8A82ED136A50329FEDD7
:10032000F26A02ED047A82ED006A9FEDF06A02ED56
:10033000038A82ED116A9FEDEE6A02ED028A82ED78
:10034000126A9FEDEC6A82ED018A82ED146A9FEDDC
:10035000EA6A82ED027A82ED156A82ED038A82ED05
:10036000048A82ED057A82ED068A82ED078A82EDA3
:10037000087A24329FEDE16A82ED008A82ED018ADB
:1003800082ED027A82ED038A82ED048A82ED057A9B
:1003900082ED068A82ED078A82ED0A8A82ED0D8A55
:1003A00082ED0E7A82ED0F8A82ED108A82ED117A4B
:1003B00082ED128A82ED156A68329FEDD16A02EDF4
:1003C000078A82ED006A9FEDCF6A02ED067A82ED20
:1003D000016A02ED048A02ED037A02ED028A02ED5F
:1003E000018A82ED028A82ED037A82ED048A82ED2F
:1003F000058A82ED067A82ED078A82ED088A82ED0F
:10040000097A283281ED7B8A82ED008A82ED018AA9
:1004100082ED027A82ED038A82ED048A82ED057A0A
:1004200082ED068A82ED078A82ED087A82ED098ADA
:1004300082ED0A8A82ED0B7A82ED0C8A82ED0D8ABA
:1004400082ED0E7A82ED0F8A403282ED008A82EDD3
:10045000017A82ED028A82ED038A82ED047A82EDCE
:10046000058A82ED068A82ED077A82ED088A82ED9E
:10047000098A82ED0A7A82ED0B8A82ED0C8A82ED7E
:100480000D7A82ED0E8A82ED0F8A40329FED9E6AD0
:1004900082ED007A82ED018A82ED028A82ED037A92
:1004A00082ED048A82ED058A82ED067A82ED078A62
:1004B00082ED088A82ED097A82ED0A8A82ED0B8A42
:1004C00082ED0C7A82ED0D8A82ED0E8A82ED0F7A32
:1004D000403282ED008A82ED206A82ED018A82ED4F
:1004E000027A82ED038A82ED048A82ED057A82ED3A
:1004F000068A82ED078A82ED087A82ED098A82ED0A
:100500000A8A82ED0B7A82ED0C8A82ED0D8A82EDE9
:100510000E7A3C3282ED027A82ED057A82ED087A1B
:100520009FED7A7A82ED008A82ED018A82ED038A5C
:1005300082ED048A82ED068A82ED078AC2ED0B6A9B
:1005400082ED0C8A82ED0D8AC2ED0E6A82ED0F8A71
:1005500082ED108A8CED008A8CED097A8CED187A88
:100560009FED6B7A9FED6B6A8CED1C7A9FED6A7A3A
:100570008CED0E6A8CED1D7A9FED687A9FED686AAE
:100580008CED1E7A9FED677A089C8CED227A9FEDA8
:10059000667A8CED0F6A8CED237A9FED647A9FED7D
:1005A000646A8CED247A9FED637A82ED0A8A02F503
:1005B00050628CED297A9FED607A84ED008A01F219
:1005C000C454CCED0B6A8CED176A8CED0C8A8CED63
:1005D0000D8A8CED108ACCED116A8CED128A8CEDAF
:1005E000138ACCED146A8CED158A8CED168A8CED8D
:1005F000198ACCED1A6A8CED1B8A8CED1F8ACCED22
:10060000206A8CED218A8CED258ACCED266A8CED52
:100610002A7A9FED4A7A8CED278A8CED2F7A9FED0E
:10062000487A8CED288A8CED307A9FED467A8CEDF5
:100630002B8ACCED2C6A8CED2D8A8CED2E8A8CEDDC
:10064000318ACCED326A8CED338A8CED348ACCED74
:10065000356A8CED368A8CED378ACCED386A8CEDB4
:10066000398A8CED3A8ACCED3B6A8CED3C8A8CED74
:100670003D8ACCED3E6A8CED3F8A8CED408ACCED14
:10068000416A8CED428A8CED438ACCED446A8CED54
:10069000458A8CED468ACCED476A8CED488A8CED14
:1006A000498ACCED4A6A8CED4B8A8CED4C8ACCEDB4
:1006B0004D6A8CED4E8A8CED4F8ACCED506A8CEDF4
:1006C000518A8CED528ACCED536A8CED548A8CEDB4
:1006D000558ACCED566A8CED578A8CED588ACCED54
:1006E000596AF9E0DE711FC1C7BA0440DF4F45C047
:1006F00067D5673FCAC37EC06688633FF7E4213F82
:100700004CA65EC1A1F88D4071AC05C123DB194038
:10071000FDF6953E4E6207C192CBA3C08D28853F62
:100720009C336E409C334EC0FFB28BC08B6C9740A5
:1007300005A3CEC07E1D9840D578C1BFF2B0983FCA
:10074000917E7B3EA392BABD8126C23CC520B0BD3E
:10075000B8AF833D6132D5BD73D712BEFAED6B3AA7
:10076000AAF152BD787A25BCAC8BDB3C4E6290BDC1
:100770009EEF273D925CFEBDB3EAF3BD371A403DC4
:100780006154D2BD17B751BBFCA9713D8A8EE4BD3F
:1007900007F096BD9318843D6EA301BE70CE88BC51
:1007A0009FAB2D3D04560EBE8C4AEABD52491D3CFE
:1007B00099BB163DA913503DFD87743DBBB88DBC58
:1007C0004CA68A3DFF21FDBCEBE2B6BD77BE9F3D46
:1007D000871659BDA8574ABD4FAF943D82E247BC2A
:1007E000BC0592BDA4DFBEBC4260653CFD07B2C142
:1007F00068916D3C5828F5C1E45465420378B9C14D
:100800001E96F6C176CF4442D50941C1515ADFC187
:100810009C843B4221B05DC1788BDEC1C62D304245
:100820006D56ABC08CCACAC1D7231B420091F4C01D
:100830003934CCC1446902C19EEFE1C07958C8BFC8
:10084000789C22C0E6AECDBF888576C0840DE1C01D
:10085000D4DA5E42CE19A140EFC9A3BEF931DAC0A5
:100860006F813FC1F8C25441FD8794BFE8D945C1AB
:100870007CF27A41A245563F219F98C153969341FD
:100880006B9AB5C07C6198C177ADDE4153054BC012
:10089000B89EB6C1C65CD3414CA60DC10601B3C11A
:1008A000DDB50042EB730AC13277B8C101DE084200
:1008B000E6AE55C05F980CC0704E23421E27BBC1E8
:1008C000728A0240BC0546C0228E85BFC217F6BFA1
:1008D00048BF6540705FA3C08CED5A8A8CED5B8A7F
:1008E000CCED5C6A8CED5D8A8CED5E8ACCED5F6A46
:1008F0008CED608A8CED618ACCED626A8CED638A46
:100900008CED648ACCED656A8CED668A8CED678A25
:10091000CCED686A8CED698A8CED7D7A1FED767A74
:10092000CCED6B6A8CED807A1FED787ACCED6E6A37
:100930008CED837A1FED7A7ACCED716A8CED867A34
:100940001FED7C7ACCED746A8CED897ACCED776AF8
:10095000CCED7A6A1FED807A5FED806A1FED806AC8
:100960008CED8C7ACCED816A8CED826A1FED837AF6
:100970005FED835A5FED836A1FED836A8CED6A8AAF
:100980008CED6C8A8CED6D8A8CED6F8A8CED708AA3
:100990008CED728A8CED738A8CED758A8CED768A7B
:1009A0008CED788A8CED798A8CED7B8A80EDF68AE5
:1009B0008CED7E7A8CED7F8A8CED848A8CED858A35
:1009C000CCED875ACCED886A8CED8F6A1FED976A63
:1009D0005FED976A8CED926A1FED986ACCED8B6A99
:1009E0008CED956A1FED9A6A5FED9A6A8CED986AB4
:1009F0001FED9B6ACCED936A8CED9B6A1FED9D6A9F
:100A00005FED9D6A8CED9E6A1FED9E6ACCED976A44
:100A10008CEDA16A1FEDA06A1FEDA07A8CEDA46A8F
:100A20001FEDA16A5FEDA15A8CEDA76A1FEDA26AC6
:100A30005FEDA26A8CEDAA6A1FEDA36A8CED8A7A3B
:100A40008CEDAD6A1FEDA56ACCED915A8CED8E6AE6
:100A5000CCED9C6A1FEDA87A1FEDA86A5FEDA85A3D
:100A60005FEDA86A8CED947A8CED996ACCED9A5A78
:100A7000CCED9F6A1FEDAC7A1FEDAC6A5FEDAC5A0E
:100A80005FEDAC6A8CED9D7A8CEDA06ACCEDA35A3B
:100A9000CCEDA56A1FEDB07A5FEDB06A1FEDB06ACC
:100AA0005FEDB05A8CED8D8A8CED908A8CED968A34
:100AB0008CEDA28A8CEDA67ACCEDA86A1FEDB67AF1
:100AC0008CEDA96ACCEDAB5A5FEDB85A8CEDAC7ADF
:100AD000CCEDB05A5FEDBA6A5FEDBA5A1FEDBA7A43
:100AE000CCEDAE6ACCEDB15A8CEDB27A5FEDBD6A59
:100AF0005FEDBD5A1FEDBD7ACCEDB36ACCEDB45AB3
:100B00008CEDB57A5FEDC06A5FEDC05A1FEDC07A1B
:100B1000CCEDB66ACCEDB75A8CEDB87A5FEDC36A0E
:100B20005FEDC35A1FEDC37ACCEDB96ACCEDBA5A6A
:100B30008CEDBB7A5FEDC66A5FEDC65A1FEDC67AD3
:100B4000CCEDBC6ACCEDBD5A8CEDBE7A5FEDC96AC6
:100B50005FEDC95A1FEDC97ACCEDBF6ACCEDC05A22
:100B60008CEDC17A5FEDCC6A5FEDCC5A1FEDCC7A8B
:100B7000CCEDC26ACCEDC45A8CEDC57A5FEDCF6A7C
:100B80005FEDCF5A1FEDCF7ACCEDC76ACCEDC85AD6
:100B90008CEDC97A1FEDD26A5FEDD26A5FEDD25A51
:100BA0001FEDD27A8CEDAF6A8CEDC38A8CEDC68ACC
:100BB000CCEDCA6ACCEDCB5A8CEDCC7A1FEDD87A4D
:100BC0005FEDD86A8CEDCF7A5FEDD95A1FEDD97AF7
:100BD000CCEDCD6ACCEDCE5A8CEDD27A5FEDDC6AED
:100BE0005FEDDC5A1FEDDC7ACCEDD06ACCEDD15A4A
:100BF0008CEDD57A5FEDDF6A5FEDDF5A1FEDDF7AAE
:100C0000CCEDD36ACCEDD45A8CEDD87A5FEDE26AA4
:100C10005FEDE25A1FEDE27ACCEDD66ACCEDD75A01
:100C20008CEDDB7A5FEDE56A5FEDE55A1FEDE57A65
:100C3000CCEDD96ACCEDDA5A8CEDDE7A5FEDE86A5C
:100C40005FEDE85A1FEDE87ACCEDDC6ACCEDDD5AB9
:100C50008CEDE17A5FEDEB6A5FEDEB5A1FEDEB7A1D
:100C6000CCEDDF6ACCEDE05A8CEDE37A5FEDEE6A15
:100C70005FEDEE5A1FEDEE7ACCEDE26ACCEDE45A70
:100C800084ED692ACCEDE6FA8CEDE7FA8CEDE82AE2
:100C9000CCEDE9EA8CEDEAEACCEDEBDA8CEDECDABE
:100CA000CCEDEDCA03ED017A1FEDFA7A1FEDFA6A79
:100CB00083ED037A1FEDFB7A83ED016A83ED047AFD
:100CC0001FEDFD7A1FEDFD6A83ED057A9FEDFD7A3C
:100CD0008CEDF66A83ED067A9FEDFB7A9FEDFB6A59
:100CE00083ED077A9FEDFA7A8CEDF76A83ED087A47
:100CF0009FEDF87A9FEDF86A83ED097A9FEDF77A18
:100D00008CEDF86A83ED0A7A9FEDF57A9FEDF56A2E
:100D100083ED0B7A9FEDF47A8CEDFA6A83ED0C7A11
:100D20009FEDF27A9FEDF26A83ED0D7A9FEDF17AF5
:100D3000DFEDF15A83ED0E7A9FEDF07ADFEDF06A88
:100D400083ED0F7A8CEDFB6A9FEDEE7A9FEDEE6AF4
:100D5000C3ED006AC3ED025A40338CEDEECACCED10
:100D6000EFBA8CEDF0BACCEDF1AA8CEDF2AACCED95
:100D7000F39A8CEDF49A8CEDF57A8CEDF98A8CED82
:100D8000FC8A8CEDFD6A9FEDE16A8CEDFE6A9FEDB9
:100D9000E06A8CEDFF6A9FEDDF6A83ED006A9FEDEC
:100DA000DE6A83ED0B6A9FEDDD6A83ED0C6A9FEDD1
:100DB000DC6A83ED0D6A9FEDDB6A83ED0E6A9FEDC1
:100DC000DA6A83ED0F6A9FEDD96A83ED106A9FEDB1
:100DD000D86A83ED116A9FEDD76A83ED126A9FEDA1
:100DE000D66A83ED136A9FEDD56A83ED146A9FED91
:100DF000D46A83ED156A9FEDD36A83ED166A9FED81
:100E0000D26A83ED176A9FEDD16A83ED186A9FED70
:100E1000D06A83ED196A68339FEDCE6A03ED128ABA
:100E200083ED006A9FEDCC6A83ED016A9FEDCB6A8A
:100E300083ED026A9FEDCA6A83ED036A9FEDC96A7A
:100E400083ED056A9FEDC86A83ED066A9FEDE76A48
:100E500003ED196A9FEDE66A03ED186A9FEDE56AF6
:100E600003ED176A9FEDE46A03ED166A9FEDE36AEE
:100E700003ED156A9FEDE26A03ED146A9FEDE16AE6
:100E800003ED136A9FEDE96A03ED116A9FEDB76AFE
:100E900084EDB38A03ED106A03F5EB6384EDB68A43
:100EA00001F50A649FEDB26A403404ED106A9FEDCB
:100EB000B16A04ED0F6A9FEDB06A04ED0E6A9FED12
:100EC000AF6A04ED0D6A9FEDAE6A04ED0C6A9FED0A
:100ED000AD6A04ED0B6A9FEDAC6A04ED0A6A9FED02
:100EE000AB6A04ED096A9FEDAA6A04ED086A9FEDFA
:100EF000A96A04ED076A9FEDA86A04ED066A9FEDF2
:100F0000A76A04ED056A9FEDA66A04ED046A9FEDE9
:100F1000A56A04ED036A9FEDA46A04ED026A9FEDE1
:100F2000A36A04ED016A9FEDA26A84ED006A9FED59
:100F3000A16A84ED016A9FEDA06A84ED026A9FEDCB
:100F40009F6A84ED036A9FED9E6A84ED046A9FEDBB
:100F50009D6A84ED056A9FED9C6A84ED066A9FEDAB
:100F60009B6A84ED076A9FED9A6A84ED086A9FED9B
:100F7000996A84ED096A9FED986A84ED0A6A9FED8B
:100F8000976A84ED0B6A9FED966A84ED0D6A9FED7A
:100F9000956A84ED0C6A9FED9E6AC7ED1A6A87ED2B
:100FA0000F6A9FED4A6ADFEDA76A87ED106A9FED31
:100FB0004A6A87ED0E7A87ED116A9FED4A6A9FEDC6
:100FC0008A7A87ED136A9FED4A6AC7ED1D6A87ED3D
:100FD000146A9FED4D6ADFED9D6A87ED166A9FEDFD
:100FE0004B6AC4ED0FFA87ED176A9FED496A84EDED
:100FF0000E2A04F5046487ED186A9FED916A87ED67
:1010000000FA87ED012AC7ED02EA87ED03EAC7ED92
:1010100004DA87ED05DAC7ED06CA87ED07CAC7ED22
:1010200008BA87ED09BAC7ED0AAA87ED0BAAC7ED82
:101030000C9A87ED0D9A87ED128A87ED158A87ED58
:10104000197A87ED1B6AC7ED1C5AC7ED1E6ADFEDE2
:10105000806A87ED328AC7ED1F6ADFED1A6A87ED75
:10106000342AC7ED206ADFED186AC7ED35FAC7EDFF
:10107000216ADFED176A87ED36FAC7ED226ADFEDE8
:10108000156A87ED372AC7ED236ADFED146AC7EDCD
:1010900038EAC7ED246ADFED126A87ED39EAC7ED59
:1010A000256ADFED116AC7ED3ADAC7ED266ADFED92
:1010B0000F6A87ED3BDAC7ED276ADFED0E6AC7EDF1
:1010C0003CCA29E129CBD03F09F9B8BFDC68B6C0DA
:1010D000AF25743F95D483C0BE309FC0319976C090
:1010E0003F351B415D6D753F539631BFC66D48C09E
:1010F000211F143FDAAC3E40EE7C87BF6A4D93C09F
:101100005396993F46B677C0575B75C0BC9678C07A
:101110009CC490BF65AAA0C0FD07B2C15828F5C104
:10112000E45465420378B9C11E96F6C176CF4442B5
:10113000D50941C1515ADFC19C843B4221B05DC1F8
:10114000788BDEC1C62D30426D56ABC08CCACAC189
:10115000D7231B420091F4C03934CCC1446902C189
:101160009EEFE1C07958C8BF789C22C0D4DA5E42B5
:10117000E6AECDBF888576C0840DE1C0CE19A14012
:10118000EFC9A3BEF931DAC0F8C25441FD8794BF5C
:101190006F813FC17CF27A41A245563FE8D945C1F3
:1011A000539693416B9AB5C0219F98C177ADDE41AC
:1011B00053054BC07C6198C1C65CD3414CA60DC1A0
:1011C000B89EB6C1DDB50042EB730AC10601B3C1DA
:1011D00001DE0842E6AE55C03277B8C1704E2342F8
:1011E0001E27BBC15F980CC0728A02407F6ACA404A
:1011F0002B1885BFB76273C0B29D8940E9484EC0C5
:101200007DD099C0BB27EF405396993F46B677C033
:10121000705FA3C0DC68B6C0BE309FC05D6D753F17
:10122000211F143F575B75C0BC9678C08D2883C0C2
:10123000BB27EF407DD099C0E9484EC0B29D8940A0
:10124000228E85BFBC0546C09CC490BFC217F6BFA6
:1012500048BF654029CBD03F6154DEC109F9B8BF12
:10126000A1164A42A9938541AF25743F95D483C006
:10127000319976C03F351B41539631BFC66D48C08A
:10128000DAAC3E406A4D93C065AAA0C07F6ACA40EE
:101290002B1885BFB76273C0C2171640928B574296
:1012A00010FAA7C1D0B3E7C1784B3242857CDEC0CB
:1012B0001FF4C0C148E1BCC19CA24BC03F5727C02E
:1012C00076711B40A779473DA5BD3AC1F1F4CEC068
:1012D0000E4FAF3C38F82FC1E414C8C1025A1F4268
:1012E0008C4A3AC18AB034C1BDE3CCC180772C426C
:1012F000EB62104205A3B6C0BADA02C0FF2135C0C6
:10130000C976804003786BBF3480C9C0933A5E4190
:10131000A7799141F08509C0C7ED286A5FED276A7A
:1013200087ED3DCAC7ED296A5FED296AC7ED3EBA70
:10133000C7ED2A6A5FED536AC7ED2B6A5FED546A09
:10134000C7ED2C6A5FED556AC7ED2D6A5FED566AF1
:10135000C7ED2E6A5FED576AC7ED2F6A5FED586AD9
:10136000C7ED306A5FED596AC7ED316A5FED516ACA
:10137000C7ED336A87ED3FBA87ED516A1FED4F6ABB
:101380005FED5E6A87ED536A1FED506AC7ED446AF0
:1013900087ED546A1FED526A5FED636A87ED556A07
:1013A0001FED546AC7ED456A87ED566A1FED556A11
:1013B0005FED686A87ED576A1FED556AC7ED466AAB
:1013C00087ED586A1FED576A5FED6D6A87ED596AC0
:1013D0001FED596AC7ED476A87ED5A6A5FED716A7A
:1013E0001FED5C6AC7ED496A87ED5B6A5FED746A61
:1013F0001FED5F6AC7ED4A6A87ED5C6A5FED776A49
:101400001FED626AC7ED4C6A87ED5D6A5FED7A6A2F
:101410001FED656AC7ED4D6A87ED5E6A5FED766A1E
:101420001FED686AC7ED4E6A87ED5F6A5FED8A6AF5
:101430001FED6B6AC7ED40AA87ED41AAC7ED429A3E
:1014400087ED439A87ED488A87ED4B8A87ED4F7A7F
:10145000C7ED506AC7ED525A87ED606A87ED799AF9
:101460001FED969A1FED776A87ED7A9A1FED989A8D
:1014700087ED616A87ED7B9A1FED9A9A1FED7C6A72
:1014800087ED7C9A1FED9C9A87ED626A87ED7D9AC5
:101490001FED9E9A1FED816A87ED7F9A1FEDA09A3E
:1014A00087ED636A87ED809A1FEDA29A87ED75BA82
:1014B00087ED829A1FEDA49A1FEDA4BAC7ED76AA14
:1014C00087ED77AA5FEDA6AA1FEDA6AAC7ED789AC9
:1014D00087ED839A5FEDA89A1FEDA89A1FEDA86A81
:1014E000C7ED6BFA87ED6CFAC7ED6EEA87ED6FEA30
:1014F000C7ED70DA87ED71DAC7ED72CA87ED73CA8E
:10150000C7ED74BA87ED649AC7ED659A87ED66AA50
:10151000C7ED67AA87ED688A87ED69BA87ED6A2A01
:1015200087ED6D2A87ED876A1FEDBA6A1FEDBA2A2B
:1015300087ED896A1FEDBB6A87ED842A87ED8A6A89
:101540001FEDBD6AC7ED885A87ED8B6A1FEDBF6A34
:101550005FEDBF5A87ED8C6A1FEDC06A1FEDC02A90
:1015600087ED8D6A1FEDC06A5FEDC2FA87ED8E6A66
:101570001FEDC26A87ED7E8A87ED8F6A1FEDC46A10
:1015800087ED818A87ED906A1FEDC66A87ED857ABF
:1015900087ED916A1FEDC86AC7ED866A87ED926A8A
:1015A0001FEDCA6A87ED9A9A87ED936A1FEDCC6AA0
:1015B000C7ED9B9A87ED946A1FEDCE6A87ED9CAAD2
:1015C00087ED956A1FEDD06AC7ED9DAA87ED966AF3
:1015D0001FEDD26A87ED9FBA87ED976A1FEDD46A37
:1015E00087ED9E8A87ED986A1FEDD66A87EDA02A5F
:1015F00087ED996AC7EDA18AC7EDA25AC7EDBEFA79
:101600005FEDDBFA1FEDDB9AC7EDBFFA5FEDDC9A09
:101610001FEDDCAA1FEDDC2A1FEDDCCA5FEDDCCA82
:101620001FEDDCDA5FEDDCDA1FEDDCEA5FEDDCEA12
:101630001FEDDCFA5FEDDCFA1FEDDC7A5FEDDC6AB2
:101640005FEDDCAA1FEDDCBA5FEDDCBA1FEDDC6AF2
:1016500087EDA39AC7EDA49A1FEDDE9A5FEDDE9A9F
:1016600087EDA5AA87EDA62A1FEDE0AA87EDADCAF2
:10167000C7EDAECA1FEDE2CA5FEDE2CA87EDB1DA8F
:10168000C7EDB2DA1FEDE4DA5FEDE4DA87EDB3EA35
:10169000C7EDB8EA1FEDE6EA5FEDE6EA87EDB9FAD5
:1016A000C7EDC0FA1FEDE8FA5FEDE8FA1FEDE82A92
:1016B00087EDA79AC7EDA89A87EDA9AAC7EDAAAAB0
:1016C00087EDABBAC7EDACBA87EDAFCAC7EDB0CA0C
:1016D00087EDB48A87EDB5DAC7EDB6DA87EDB78A5C
:1016E00087EDBA7A87EDBBEAC7EDBCEA87EDBDFAB4
:1016F000C7EDC1FAC7EDC26A87EDC36A87EDC42A98
:101700001FEDFC2AC7EDD78A87EDC52A9FEDFC2A7D
:10171000C7EDD85A87EDC62A9FEDFA2A87EDDD9AE4
:1017200087EDD92A9FEDF82AC7EDDE9A87EDDA2AF0
:101730009FEDF62A87EDDFAA87EDDB2A9FEDF42ADD
:10174000C7EDE0AA87EDE32A9FEDF22A87EDE1BA23
:1017500087EDE42A9FEDF02A87EDC72A9FEDEF2A57
:1017600087EDC82A9FEDEE2A87EDC92A9FEDED2A65
:1017700087EDCA2A9FEDEC2A87EDCB2A9FEDEB2A55
:1017800087EDCC2A9FEDEA2A87EDCD2A9FEDE92A45
:1017900087EDCE2A9FEDE82A87EDCF2A9FEDE72A35
:1017A00087EDD02A9FEDE62A87EDD12A9FEDE52A25
:1017B00087EDD22A9FEDE42A87EDD32A9FEDE32A15
:1017C00087EDD42A9FEDE22A87EDD52A9FEDE12A05
:1017D00087EDD62A9FEDE02A87EDDC2AC7EDE2BA35
:1017E00087EDE5CA9FEDDDCAC7EDE6CA87EDE7CA1A
:1017F0009FEDCCCA87EDEA8AAAEC01CA9FEDD8CA50
:1018000087EDEBDA87EDE8CA9FEDD6CAC7EDECDAD3
:1018100087EDE9CA9FEDD4CA87EDED8A87EDEECA60
:101820009FEDD2CA87EDF07A87EDEFCA9FEDD0CA5F
:1018300087EDF1EA87EDF4CA9FEDCECAC7EDF2EA73
:1018400087EDF5CA9FEDCCCA87EDF3FA87EDF6CAAE
:101850009FEDCACAC7EDF7FA87EDFACA9FEDC8CA6D
:10186000C7EDF86A87EDFBCA9FEDA5CA87EDF96A57
:1018700087EDFCCA9FEDA9CA87EDFECA9FEDAACAF3
:101880008AED00CA4FF0120A9FEDA9CA85ED03CA7E
:101890009FEDAACA85ED06CA9FED9FCA87EDFDCAD6
:1018A0009FED9FCA87EDFFCA9FEDA0CA85ED02CAD2
:1018B0009FEDA0CA85ED04CA9FED9FCAC5ED149A9D
:1018C00085ED05CADFEDAF9A9FED9DCAC5ED199A6A
:1018D00085ED07CADFEDAC9A9FED9ACAC5ED1E9A59
:1018E00085ED08CADFEDA99A9FED9ACAC5ED0E5A9B
:1018F0001CEE10CAC5ED1F9A9FED94CADFEDA45AE5
:10190000DFEDA49A85ED0ACAC5ED0F5AC5ED249AFC
:101910009FED8FCADFEDA05ADFEDA09A049F85ED01
:101920000BCAC5ED105A85ED139AC5ED16AA9FEDA9
:10193000869AC5ED259ADFED9A5ADFED9A9A9FEDCA
:101940009ACADFED9AAA47F830CFC5ED115A04972D
:1019500001F6286785ED122A85ED15AA85ED17BADF
:10196000C5ED18BA85ED1BCAC5ED1CCA85ED21DA97
:10197000C5ED22DA85ED27EAC5ED28EA85ED099A5D
:10198000C5ED0D8AC5ED1A9AC5ED2AAADFED88AA24
:101990009FED61CAC5ED2BAADFED86AA9FED862AD1
:1019A000C5ED2CAADFED85AA85ED33CAC5ED30AAB9
:1019B00085ED3E2ADFED82AA9FED59CA9FED812A6F
:1019C000C5ED31AA85ED35CA85ED412ADFED7EAA48
:1019D0009FED55CA9FED7D2AC5ED32AA85ED37CA28
:1019E00085ED452ADFED7AAA9FED50CA9FED792A51
:1019F000C5ED34AA85ED38CA85ED462ADFED76AA15
:101A00009FED4CCA9FED752AC5ED36AA85ED3ACA01
:101A100085ED472ADFED72AA9FED47CA9FED712A37
:101A20009FED71AA85ED2F6AC5ED39AA85ED3BCAF8
:101A300085ED3F9A85ED482ADFED6CAA9FED40CAFF
:101A40009FED6B6A9FED6B2A9FED6B9A85ED1DAA4A
:101A500085ED208A85ED238A85ED267A85ED29FAA4
:101A6000C5ED2DFAC5ED3CAA85ED3DCA85ED406A70
:101A700085ED492A85ED4A9A9FED609A9FED606A4F
:101A800085ED4B9A9FED5F9A9FED5F2A85ED4C9A0D
:101A90009FED5E9AC5ED2E6A85ED4E9A9FED5C9A9C
:101AA00087ED006A85ED4F9A9FED5A9AC5ED438AFE
:101AB00085ED519A9FED589A85ED442A85ED529A0D
:101AC0009FED569AC5ED509A85ED549A9FED549A24
:101AD00085ED53AA85ED559A9FED529A85ED5C7A76
:101AE00085ED579A9FED509A9FED50AA85ED589A33
:101AF0009FED4F9ADFED4F9A85ED5A9A86E100BF30
:101B000031998DC1928B574210FAA7C1D0B3E7C16A
:101B1000857CDEC01FF4C0C142E0B741992A5CC099
:101B200086DA8BC1AE58C241B5A6D1C06C89A2C1BC
:101B30004614E641FF2102C1F5CAA3C1F47D01426A
:101B40002B18DDBFB22EA6C1F55B14422A3A76C02F
:101B5000EE5AB1C1A1164A42784B324248E1BCC1AB
:101B60009CA24BC03F5727C076711B40A779473DC9
:101B7000A9938541C2171640A5BD3AC1A7799141E5
:101B8000F08509C09FABA9C0849EA9C0A85792C088
:101B9000B190504252B89E3EEE7C9FC15474F4BF47
:101BA000DC46DEC1A178B8C1EB621042FB3A5D4170
:101BB0008BFDC53EF31F30C1083DA5C1D6C58F4181
:101BC000136167C0F2C1AAC1743589C165D94442A5
:101BD000B7D134C052B8B6C1DE71C74160E5CCC1DF
:101BE000841EE841579B25424BC8B7C119440042A7
:101BF0005F980CC0DB8A11C1BEC1B1C11AC02042BE
:101C0000B1212642006F5EC18A9FB6C1973F1E4236
:101C1000C7BA7CC09FAB0442B4C809C1E6AE26C1B6
:101C20003D0A14C11CEB86401AC0274098EE81C1C2
:101C300038F872C0228E85C0D8F0B4C0787A25BC3E
:101C4000AF252141AC8BDB3C43ADB94005341C4191
:101C50000BB546C066662DC1BBA7A141006FFD4014
:101C6000B00311C15A647741ACADF0C03B7092C172
:101C7000652AAE4185EB05C04BD9CFC17279C2C18F
:101C80004703B0418A1F1442F697C5C08C4A17C15A
:101C90000BB593C15BD3F041AD7AA3C1A4DFB6C14C
:101CA000B89E0642C0ECE94158A8D5BEC06C8FC1B1
:101CB000C58F92C1FBDCF241BF0EAC419C3394C096
:101CC00046B677C179E9AAC1D95FA3C1A9A41042D8
:101CD000A768B6C139B4B3C16B1AA5C127319FC17A
:101CE000A4707540C5201440591785C0575B75C155
:101CF0008D9778C16DC590C0206373C1448B02413C
:101D0000819599407E9D8941EE7C87C0530546C1EF
:101D1000E9484EC1F016F6C0B1BF6541FBCBD040DB
:101D200066F7B8C052277440C3D383C1AAF152BD2D
:101D30009A9976C11B9E6E41AF9431C02F6E48C1F7
:101D400071AC3E416A4D93C130AAA0C1B36ACA4189
:101D5000B1D099C18727EF418D2883C173D79ABF2E
:101D60007D3FF1C04703F8BE85EB813FBC052AC12A
:101D70006A4D8BBF1EA7C6C0810419C08A1FD33FFE
:101D8000BA6B11C17CF2BCC059172F409EEFE9C05D
:101D90007DAEDE3F5396A5400DE031C10B4615BF29
:101DA000DA1BC6400DE034C158A81DC13F571FC003
:101DB000EC5140C016FB11C1A089F8C0AF25643DAD
:101DC0005B4286BFCE88EABF386792C08E75A7C0D7
:101DD00088F4FB3F4B59C6BF24970340EFC900C1AD
:101DE00038F8A0C009F9703F925CA63FE2E9B5BEA1
:101DF000249702C1607657C0CB10B73FF241E7BFCE
:101E00003F35C63F295C21C10F9C033F1FED769AE9
:101E10001FED767A85ED5B9A1FED779A5FED775A25
:101E200085ED5D9A1FED789A85ED5E9A1FED799AA2
:101E300085ED609A1FED7A9A85ED619A1FED7B9A88
:101E400085ED629A1FED7C9A85ED639A1FED7D9A70
:101E500085ED649A1FED7E9A85ED659A1FED7F9A58
:101E600085ED669A1FED809A85ED679A1FED819A40
:101E700085ED689A1FED829A85ED699A1FED839A28
:101E800085ED6A9A85ED7A2A1FED852A85ED6BAA84
:101E900085ED7C2A1FED872A1FED87AA85ED7D2A17
:101EA0001FED882A85ED6CAA85ED7E2A1FED8A2A12
:101EB0001FED8AAA85ED7F2A1FED8B2A85ED6DAA7D
:101EC00085ED802A1FED8D2A1FED8DAA85ED812AD3
:101ED0001FED8E2A85ED6EAA85ED822A1FED902AD0
:101EE0001FED90AA85ED842A1FED912A85ED6FAA3A
:101EF00085ED852A1FED93AA1FED932A85ED71AA22
:101F000085ED862A1FED95AA1FED952A85ED72AA0B
:101F100085ED872A1FED97AA1FED972A85ED73AAF5
:101F200085ED882A1FED99AA1FED992A85ED74AADF
:101F300085ED892A1FED9BAA1FED9B2A1FED9B9A19
:101F400085ED75AAC5ED798A85ED8A2A1FED9EAAD1
:101F50001FED9E2A5FED9E8A85ED4D9A85ED568A8E
:101F600085ED598AC5ED5F9A85ED77AA85ED839A4F
:101F700085ED8B2AC5ED8D8A5FEDA68A1FEDA62A19
:101F8000C5ED8E8A5FEDA78A85ED702AC5ED908A32
:101F90005FEDA98A85EDA62AC5ED918A5FEDAB8A32
:101FA0001FEDAB2AC5ED928A5FEDAC8A85EDA72ABD
:101FB000C5ED938A5FEDAE8A1FEDAE2AC5ED948A1A
:101FC0005FEDAF8A85EDA82AC5ED968A5FEDB18AEF
:101FD0001FEDB12AC5ED978A5FEDB28A85ED768A4D
:101FE000C5ED988A5FEDB48A87ED366A07F52767F5
:101FF000C5ED998A5FEDB78A0C3785ED7B6AC5ED33
:102000009A8A5FEDB98A85ED8C8AC5ED9B8A5FED72
:10201000BB8AC5ED959AC5ED9C8A5FEDBD8A1FED23
:10202000BD6AC5ED9D8A5FEDBE8AC5ED9E8A5FEDF6
:10203000BF8AC5ED9F8A5FEDC08AC5EDA08A5FEDBE
:10204000C18AC5EDA18A5FEDC28AC5EDA28A5FEDA6
:10205000C38AC5EDA38A5FEDC48AC5EDA48A5FED8E
:10206000C58AC5EDA58A85EDA92A1FEDC72A85ED8C
:102070008F8A85EDAA2A1FEDC92A85EDAC8A85EDE8
:10208000AB2A1FEDCB2A85EDAD2A1FEDCC2A83EDBF
:10209000002A1FEDCD2A85EDAF2A1FEDCE2A85ED52
:1020A000B02A1FEDCF2A85EDB12A1FEDD02A85ED8C
:1020B000B22A1FEDD12A85EDB32A1FEDD22A85ED74
:1020C000B42A1FEDD32A85EDB52A1FEDD42A85ED5C
:1020D000B62A1FEDD52A85EDB72A1FEDD62A85ED44
:1020E000B82A1FEDD72A85EDB92A1FEDD82A85ED2C
:1020F000BA2A1FEDD92A85EDBB2A1FEDDA2A85ED14
:10210000BC2A1FEDDB2A85EDBD2A1FEDDC2A85EDFB
:10211000BE2A1FEDDD2A85EDBF2A1FEDDE2A85EDE3
:10212000C02A1FEDDF2A85EDC12A1FEDE02A85EDCB
:10213000C32A1FEDE12A85EDC42A1FEDE22A85EDB1
:10214000C62A1FEDE32A85EDC72A1FEDE42A85ED97
:10215000C82A1FEDE52A85EDC92A1FEDE62A85ED7F
:10216000CA2A1FEDE72A85EDCC2A1FEDE82A85ED66
:10217000C28A85EDCD2A1FEDEA2A85EDC58A85ED57
:10218000CE2A1FEDEC2A85EDCB8A85EDCF2A1FEDF7
:10219000EE2A85EDD08A05F5886505ED3F2A1FED0D
:1021A000F12A05ED3E2A1FEDF22A05ED3D2A1FED2D
:1021B000F32A05ED3C2A1FEDF42A05ED3B2A1FED1D
:1021C000F52A05ED392A1FEDF62A05ED382A1FED0F
:1021D000F72A05ED372A1FEDF82A05ED362A1FEDFF
:1021E000F92A05ED352A1FEDFA2A05ED332A1FEDF0
:1021F000FB2A05ED322A1FEDFC2A05ED312A9FED61
:10220000FC2A05ED302A9FEDFB2A05ED2F2A9FEDD4
:10221000FA2A05ED2E2A9FEDF92A05ED2D2A9FEDCC
:10222000F82A82ED002A9FEDF72A05ED2B2A9FED73
:10223000F62A05ED2A2A9FEDF52A05ED282A9FEDBD
:10224000F42A05ED272A9FEDF32A05ED252A9FEDB7
:10225000F22A05ED242A9FEDF12A05ED222A9FEDB1
:10226000F02A05ED3A8A05ED212A9FEDEE2A84ED4C
:10227000001A05ED1F2A9FEDEC2AC4ED021A05EDA8
:102280001E2A9FEDEA2AC4ED030A05ED1D2A9FEDE3
:10229000E82A84ED040A05ED1C2A9FEDE62A84ED68
:1022A000061A05ED1B2AC4ED081AC4ED090A84EDCF
:1022B0000A0A84ED0C1AC4ED0E1AC4ED0F0A84ED5F
:1022C000018AC4ED052A84ED078AC4ED0B2A84ED4A
:1022D0000D8A04F5AD649FEDD82A45ED231A10341C
:1022E00045ED1A1A45ED190A05ED161A05ED348A61
:1022F00005ED298A45ED262A45ED202A05ED188AA7
:1023000045ED172A05ED158A45ED141A45ED130A1A
:1023100005ED120A45ED112A483505ED072A9FED16
:10232000C72A05ED120A05ED062A9FEDC52A45EDDF
:102330000E1A05ED042A9FEDC32A45ED0D0A05EDA1
:10234000032A9FEDC12A05ED0C0A05ED022A9FED37
:10235000BF2A05ED012A9FEDBE2A05ED101A85ED75
:10236000002A9FEDBC2A05ED0A1A85ED022A9FED91
:10237000BA2A45ED112A85ED032A9FEDB82A45EDCD
:102380000B2A85ED042A9FEDB62ADFEDB62A85EDEE
:10239000052A9FEDB52A85ED062A9FEDB42A85ED25
:1023A000072A9FEDB32A85ED082A9FEDB22A85ED15
:1023B0000A2A9FEDB12A85ED0B2A9FEDB02A85ED03
:1023C0000D2A9FEDAF2A85ED0E2A3C3D85ED008A52
:1023D00085ED068A85ED0A8AC5ED1E2ADFEDA92A5C
:1023E00085ED108AC5ED1F2ADFEDA72A85ED188A35
:1023F000C5ED202ADFEDA52A85ED1B8AC5ED222A31
:10240000DFEDA32A85ED078AC5ED232ADFEDA12A9A
:10241000099BC5ED242ADFEDA02AC5ED252ADFEDB5
:102420009F2AC5ED262ADFED9E2AC5ED272AA03575
:10243000DFED9C2A05ED078AC5ED002ADFED9A2A1B
:1024400085ED058AC5ED012ADFED982AC5ED022A42
:10245000DFED972AC5ED032ADFED962AC5ED042AA4
:10246000DFED952AC5ED062ADFED942AC5ED082A91
:10247000DFED932AC5ED092ADFED922AC5ED0A2A80
:10248000DFED912AC5ED0B2ADFED902AC5ED0C2A70
:10249000DFED8F2AC5ED0D2ADFED8E2AC5ED0E2A60
:1024A000DFED8D2A12EE90CADFED8C2A46F820CFA0
:1024B00012EE90CADFED8A2A06F2A46243F824CB1A
:1024C000C3ED002ADFED872ACEED0A2ADFED862A4A
:1024D000059BCEED0E2ADFED852A2C3383ED008A95
:1024E000CEED0F2ADFED822A059306F5D463CEEDFB
:1024F000102ADFED802A8EED0C5ACEED112ADFED89
:102500007E2A8EED0D8ACEED122ADFED7C2ACEEDED
:10251000132ADFED7B2ACEED142ADFED7A2ACEEDE9
:10252000152ADFED792ACEED162ADFED782ACEEDD9
:10253000172ADFED772ACEED182ADFED762ACEEDC9
:10254000192ADFED752ACEED1A2ADFED742ACEEDB9
:102550001B2ADFED732ACEED1C2ADFED722ACEEDA9
:102560001D2ADFED712ACEED1E2ADFED702ACEED99
:102570001F2ADFED6F2ACEED202ADFED6E2ACEED89
:10258000212ADFED6D2ACEED222ADFED6C2ACEED79
:10259000232ADFED6B2ACEED242ADFED6A2ACEED69
:1025A000252ADFED692ACEED262ADFED682ACEED59
:1025B000272ADFED672ACEED282ADFED662ACEED49
:1025C000292ADFED652A8EED358ACEED2A2ADFED48
:1025D000632A8EED365ACEED2B2ADFED612A8EED81
:1025E000378ACEED2C2ADFED5F2A8EED3B8AFDE0A7
:1025F0008BFDE740E2E9D3C0D71232402C65A14001
:102600008FC295BFBDE366C1B37BB2BFBF8EB1C100
:102610001B2F8BC08863C1C07A36DBBF4F2F8EC1A2
:10262000711B01C0E02D10BCBA498C3E73D723C189
:10263000CA3246C195D491BF17B711C1ECC081BF52
:10264000295C17403480B73DD7A3A4C0BC9609C10C
:10265000BC74933B5EBACD40AED82B409790E1C09E
:10266000F38E26C1CBA1A5BECBA1D5BF4D843EC163
:102670003B7065C17DAEA2402D218340EC515EC10F
:10268000F2B046C16C09BF40EFC995405AF5EBC0A6
:10269000325524C102BCDDBF0BB5D84073D7BC4056
:1026A000BDE3743F1FF40EC1539632C14ED145C0F5
:1026B000D881F9407E1DCE406EA3A9C0A1F89DC06F
:1026C0005474E8406B9A8740AA609CBFBA49E4C042
:1026D0007E1D37C1CA5415C0EC2FB33F60764AC186
:1026E0006DE76B406744B93F7CF2B0BF098ADFBE3B
:1026F000849E9D3FD712B2BEC0EC3EBFECC0693F86
:10270000713D8ABD7FFB2A3F07CE993EA91350BE7B
:10271000AE4701C08B6CB73FCE88523EB7D1A03FC9
:102720000BB5A63D9FCD4ABF363C2D3FC217163F85
:10273000B7D1A0BE956590BFCC7F883F6F1243BFD5
:10274000812612BFD5E77A3F10E9073F8F53343E09
:10275000FA7E2A3E41F1E3BDFBCBEE3D6DC5DE3E88
:102760005D6D25BF371A18C045D8F03F7DAE06BF56
:102770001D38073F20D2EF3E5BD35CBF6688FBBFAE
:10278000F2D2D53FE7FBE93E05C54FBF287E2C3F7F
:10279000CEAAF73F3F57E3BFBEC16B4029EDCDBF87
:1027A000B30C05C00309923F76E0ACBFC3F508C087
:1027B000BE305DC1CD4CC0C153054541A3925EC042
:1027C000D509D9C165191241CDCC2CBF76E04FC1D6
:1027D00089414040A60A02C0EE7C1FC2DC4665412A
:1027E000F38E0340BA6BE3C0696F503FCEED2D2AE4
:1027F0005FED232A8EED3C5ACEED2E2A5FED252A81
:102800008EED3D8ACEED2F2A5FED272A8EED3E8A92
:10281000CEED302A5FED292A8EED3F5ACEED312ADA
:102820005FED2B2A8EED408ACEED322A5FED2D2A08
:102830008EED418ACEED332A5FED2F2A8EED425A7E
:10284000CEED342A5FED312A8EED438ACEED382A63
:102850005FED332A8EED448ACEED392A5FED352ABD
:102860008EED455ACEED3A2A5FED372A8EED468A37
:102870008EED478A8EED485A8EED498A8EED4A8A52
:102880008EED4B5A8EED4C8A8EED4D8A8EED4E5A62
:102890008EED4F8A8EED508A8EED515A8EED528A12
:1028A0008EED538A8EED545A8EED558A8EED568AF2
:1028B0008EED575A8EED588A8EED598A8EED5A5A02
:1028C0008EED5B8A8EED5C8A8EED5D5A8EED5E8AB2
:1028D0008EED5F8A8EED605A8EED618A8EED628A92
:1028E0008EED635A8EED648A8EED658A8EED665AA2
:1028F0008EED678A8EED688A8EED695A8EED6A8A52
:102900008EED6B8A8EED6C5A8EED6F5A8EED725A8B
:10291000CEED8A2A8EED755A8EED785A8EED7B5A61
:102920008EED7E5A8EED815A8EED845A5FED672AC8
:102930001FED675A8EED6D8A8EED6E8A8EED708A70
:102940008EED718A8EED738ACEED8B2A8EED748AB0
:102950008EED768A8EED778A8EED798A8EED7A8A83
:102960008EED7C8A8EED7D8A8EED7F8A8EED808A5B
:102970008EED828A8EED838A8EED858A85ED8D8A35
:1029800005F50D75CEED877A8EED888A05F506750D
:102990008EED898A8EED8C8A8EED935A8EEDA85A33
:1029A0001FED825A5FED822A8EEDA95A1FED835AE0
:1029B000CEED942A8EEDAE5A1FED855A5FED852A35
:1029C0008EEDAF5A1FED865ACEEDA72ACEED8D7A49
:1029D0008EED8E8A8EED8F8ACEED907A8EED918A75
:1029E0008EED928A8EED958ACEED967A8EED978A4F
:1029F0008EED988ACEED997A8EED9A8A8EED9B8A2D
:102A0000CEED9C7A8EED9D8A8EED9E8ACEED9F7ADC
:102A10008EEDA08A8EEDA18ACEEDA27A8EEDA38AEC
:102A20008EEDA48ACEEDA57A8EEDA68A8EEDAA8AC9
:102A3000CEEDAB7A8EEDAC8A8EEDAD8A8EEDB08A9E
:102A4000CEEDB17A8EEDB28A8EEDB38ACEEDB47A48
:102A50008EEDB58A8EEDB68ACEEDB77A8EEDB88A58
:102A60008EEDB98ACEEDBA7A8EEDBB8A8EEDBC8A38
:102A7000CEEDBD7A8EEDBE8A8EEDBF8ACEEDC07AE8
:102A80008EEDC18A8EEDC28ACEEDC37A8EEDC48AF8
:102A90008EEDC58ACEEDC67A8EEDC78A8EEDC88AD8
:102AA000CEEDC97A8EEDCA8A8EEDCB8ACEEDCC7A88
:102AB0008EEDCD8A8EEDCE8ACEEDCF7A8EEDD08A98
:102AC0008EEDD18ACEEDD27A8EEDD38A8EEDD48A78
:102AD000CEEDD57A8EEDD68A8EEDD78ACEEDD87A28
:102AE0008EEDD98A8EEDDA8ACEEDDB7A8EEDDC8A38
:102AF0008EEDDD8ACEEDDE7A8EEDDF8A8EEDE08A18
:102B0000CEEDE17A8EEDE28A8EEDE38ACEEDE47AC7
:102B10008EEDE58A8EEDE68ACEEDE77A8EEDE88AD7
:102B20008EEDE98ACEEDEA7A8EEDEB8A8EEDEC8AB7
:102B3000CEEDED7A8EEDEE8A8EEDEF8A05ED085A38
:102B40001FEDE45ACEEDF07A05ED075A1FEDE65A77
:102B50008EEDF18A05ED065A1FEDE85A8EEDF28AE8
:102B600005ED055A1FEDEA5ACEEDF37A05ED045A4C
:102B70001FEDEC5A8EEDF48A05ED035A1FEDEE5A67
:102B80008EEDF58A05ED025A1FEDF05ACEEDF67A7C
:102B900005ED015A1FEDF25A45ED0A3A85ED005A4E
:102BA0001FEDF45A05ED0C8A85ED015A1FEDF65A1A
:102BB00005ED098A85ED025A1FEDF85A8EEDF78A68
:102BC00085ED035A1FEDFA5A8EEDF88A85ED045A09
:102BD0001FEDFC5A85ED055A1FEDFD5A85ED065A8D
:102BE0009FEDFE5A85ED075A9FEDFD5A85ED085A77
:102BF0009FEDFC5A85ED095A9FEDFB5A85ED0A5A67
:102C00009FEDFA5A85ED0B5A9FEDF95ACEEDF97A00
:102C100004ED045A9FEDF75ACEEDFC7A04ED035A09
:102C20009FEDF55ACEEDFF7A04ED025A9FEDF35A6F
:102C3000DFEDF37A04ED015A9FEDF25A05ED0B8AB0
:102C400005F5E47584ED005A9FEDEF5A8EEDFA8A92
:102C500084ED015A9FEDED5A8EEDFB8A84ED025A08
:102C60009FEDEB5A8EEDFD8A84ED035A9FEDE95AF4
:102C70008EEDFE8A4FF0040E84ED045A9FEDE65A65
:102C800084ED055A9FEDE55A84ED065A9FEDE45A0E
:102C900084ED075A9FEDE35A84ED085A9FEDE25AFE
:102CA00084ED095A9FEDE15A84ED0A5A9FEDE05AEE
:102CB00084ED0B5A9FEDDF5A84ED0C5A9FEDDE5ADE
:102CC00084ED0D5A9FEDDD5A84ED0E5A9FEDDC5ACE
:102CD00084ED125A4C349FEDDB5A84ED077A84ED73
:102CE000005A9FEDD95A9FEDD97A84ED015A9FED94
:102CF000D85A84ED065A9FEDD75A84ED095A9FEDB4
:102D0000D65A04ED048AC4ED033A44ED033A84ED47
:102D1000028A84ED048A84ED058A04ED028A84ED3A
:102D2000088AC4ED0A7A84ED0B6A84ED0C5A3C34AF
:102D30009FEDCA5ADFEDCA7A84ED005A9FEDC95A59
:102D4000C4ED027A84ED035ADFEDC77A9FEDC75ACE
:102D5000C4ED063AC4ED093AC4ED1A7A84ED1B5A63
:102D6000C4ED015A84ED047A04ED028A04ED018A6F
:102D700084ED058A84ED078A84ED088A84ED0A8A49
:102D800084ED0B8A30349FEDBA6AC4ED003AC4ED8D
:102D9000033A84ED018A84ED028A84ED048A84ED8D
:102DA000058A9FEDB45AC4ED063AC4ED093AC4ED64
:102DB0000C3A84ED078A84ED088A84ED0A8A84ED52
:102DC0000B8A84ED0D8A84ED108A84ED116A4834F3
:102DD00084ED005A9FEDA85ADFEDA87A84ED035ADE
:102DE0009FEDA75AC4ED047A84ED065ADFEDA57A6B
:102DF0009FEDA55AC4ED087A84ED095ADFEDA35A78
:102E00009FEDA37A9FEDA36A9FEDA35ADFEDA37A0E
:102E1000C4ED025A84ED057A84ED0A6A84ED0C5AF9
:102E2000C4ED0D7ADFED9E5A9FED9E7A9FED9E5A7E
:102E3000DFED9E7A9FED9E6AC4ED0B5A84ED0E7A0B
:102E400084ED0F5AC4ED107A84ED116A48349FED79
:102E5000995ADFED997A84ED005AC4ED047AC4EDF5
:102E6000066A9FED965ADFED965A9FED967ADFED52
:102E7000966A9FED966ADFED967A84ED035AC4ED6B
:102E8000025A84ED057AC4ED076ADFED925A84EDAB
:102E9000086A9FED917AC4ED097ADFED906ADFED63
:102EA000907AC4ED0A5A84ED0B7ABBEE047AC4ED35
:102EB0000C7A04ED118A04ED0B8A84ED018AC4EDCD
:102EC0000D6A3C34DFED877A85ED008AC4ED007A27
:102ED000DFED857A85ED038AC4ED027ADFED837A32
:102EE00085ED068AC4ED037ADFED817A85ED098AE6
:102EF000C4ED057ADFED7F7A85ED0C8AC4ED067AA4
:102F0000DFED7D7A85ED0F8AC4ED087ADFED7B7AFF
:102F100085ED128AC4ED097ADFED797A85ED158A9F
:102F2000C4ED0B7ADFED777ADFED776AC4ED0C7ACA
:102F3000DFED767A9FED766AC4ED0E7ADFED757A75
:102F4000C4ED0F7ADFED747AC4ED117ADFED737A98
:102F5000C4ED127ADFED727AC4ED147ADFED717A86
:102F6000C4ED157ADFED707A44ED017AC5ED174AAC
:102F700085ED194AC5ED1A4A85ED1C4AC5ED1D4A75
:102F800085ED164A85ED188A85ED1B8A06F29C654B
:102F900082ED008A06F5D5622C46DFED647A82ED7B
:102FA000004A06F2AC623C3407ED024A47ED014AA2
:102FB00005F51E7C07ED038AC3ED004A2B4687ED1D
:102FC000014AC7ED024A303387ED044AC7ED054A8E
:102FD00087ED074AC7ED084AC4E000BF0681FDC07F
:102FE0004A7B4EC16B9ABB40810449C05CA0F7C1CB
:102FF00062A12A4123DBF3C0780BCBC142CF1C4135
:10300000FAED6B3A3BDFA940E9488FC14625D53F31
:10301000107A8EBFAC0B94C1EF388B4011C7CEC075
:10302000D2C02DC294879641925CA8C09F3C66C1D5
:10303000B1E19540DE020AC1294B1DC2A9A4854118
:10304000423E9240764FDEC1849ED74070CE88BC0F
:10305000AF94E5BD7CF2303BD122DBBD575B313D07
:103060004E6290BD6E3400BEB3EAF3BD795828BEFF
:10307000A913503D0AD7A33C4FAF14BE17B751BB9D
:103080003D2CD43C07F096BD6D56FDBD04560EBEDA
:10309000FD87743DBBB88DBCE3A51B3D52491D3C6B
:1030A0004CA68A3DEBE2B6BD4BC807BEFF21FDBC76
:1030B00077BE9F3D0E2D323DA8574ABD742417BEE2
:1030C000871659BD4FAF943D82E247BCBC0592BD07
:1030D0004CA60ABEA4DFBEBC4260653C68916D3C54
:1030E000006F813CC5A0B04118261F41C1A88C418A
:1030F00088F4C9409A0888419A771D4129CB254117
:10310000AC1C92BF1748B8410000C84242CF6AC009
:1031100000004843D73498414FAF2440E6AE974172
:103120008FE46E40B3EAC441539606410F9CEA41D6
:1031300014D040421372B341D0C401425F295141BF
:1031400024A8FB4197907841BA2B6B429FABC540B6
:103150001B0D73423F354E4006C102422FDD38C180
:10316000AE87114287ED0A4AC7ED0B4A87ED0D4A3B
:10317000C7ED0E4A85ED0C4A85ED004AC5ED0D4AB6
:1031800087ED008A87ED038A87ED068A87ED098A35
:1031900087ED0C8A87ED0F8AA1F66437C2ED004AED
:1031A00006F5D662C4ED037A5FED1F7A82ED008AE0
:1031B00006F2B462C4ED047A5FED227A82ED004A31
:1031C00006F5D762C4ED067A5FED257AC2ED004AB6
:1031D00006F2BC62C4ED077A5FED287A82ED008AC0
:1031E00006F5D862C4ED097A5FED2B7A82ED004ACC
:1031F00006F2C462C4ED0A7A5FED2E7AC2ED004A8F
:1032000006F5D962C4ED0C7AA5F5D8565FED327A91
:1032100084ED004AC4ED0D7A5FED347AC4ED014AC5
:10322000C4ED0F7A5FED367A82ED008AC4ED107A34
:103230005FED387A85ED0E8AC4ED127A5FED3A7A49
:1032400084ED028AC4ED137A5FED3C7A84ED058A41
:10325000C4ED157A5FED3E7AF64AC4ED167ADFEDDD
:10326000F67AC4ED187ADFEDF57AC4ED197ADFED60
:10327000F47AC4ED1B7ADFEDF37AC4ED1C7ADFED4E
:10328000F27AC4ED1E7ADFEDF17AC4ED1F7A84ED97
:10329000088AC4F8A070A1F65437DFEDED7AC4F8BF
:1032A000B070A437C4ED217ADFEDEA7AC4F8E420E7
:1032B00002F5F672C4ED227ADFEDE77A84ED0B8A2F
:1032C000C4ED247ADFEDE57A84ED0E8A84ED118A6F
:1032D00084ED148A84ED178A84ED1A8A84ED1D8AA0
:1032E00084ED208AC4ED257AC4F89CE005F57D7E46
:1032F000C4F8F420A3F5D85284ED238A84ED268AFD
:1033000084ED2A8ADFEDD67AC4E93071A1F60C216A
:1033100005F57777C4E93410A431A3F5E350A3F59C
:10332000DB53C4F8E010A431C4F8F0102921C4F82C
:10333000AC10C4F8BC10C4F8CC10C4F8DC101121D7
:10334000C4F8EC101221C4F8FC1005F5247184EDCA
:103350002E8AC4F8A460A6F2646684ED328AC4F8AA
:10336000006106F5716684ED368AC4F80461A6F63C
:10337000C86684ED3A8AC4F8106106F57A6684ED71
:103380003E8AC4F81461A6F6587684ED428AC4F8E1
:103390002061B44EC4F8B42005F52A72C4F8246143
:1033A000A6F6E876C4F80CA1C4F8306106F5865696
:1033B000C4F81CA1C4F83461AB4EC4F82CA1C4F805
:1033C00040614836C4F83CA1C4F850614836C4F89E
:1033D0004CA1C4F860614836C4F85CA1C4F87061BF
:1033E0004836C4F86CA1C4F88061A5F6F466C4F848
:1033F0007CA14FF0110A84ED468A84ED4A8A84ED5F
:103400004E8A84ED528A84ED568AC4F84461A5F64A
:103410001C66C4F80002C4F85461A5F6445684ED55
:103420005A8AC4F86461A5F66C4684ED5E8AC4F8D5
:103430007461049E84ED628AC4F88461A0F52B76E1
:10344000C4F8CCA1C4F8906106F5A156C4F8946103
:10345000864EC4F8A061864EC4F8A461854EC4F8B7
:10346000B06106F5AA56C4F8B461834EC4F8C061D1
:10347000824EC4F8C461A0F5C676C4F8D06106F5E2
:10348000B356C4F8D4617E4EC4F8E061059EC4F81A
:10349000E461A0F1A4067B48C4F8F0617A4EC4F858
:1034A000040200F5F670C4F8F4611226C4F88C61C9
:1034B000C4F89C61C4F8AC61C4F8BC612926C4F8A6
:1034C000DC61C4F8EC61C4F8FC610826C4F814029D
:1034D000C4F80C62A3F15C06C4ED8F7AC4F81062E4
:1034E0000F2684ED907AC4F81C62A0F5D5566030A2
:1034F00084ED913AC4ED927AC4F824020C20C4ED14
:10350000936A84ED943A84ED956AC4ED966A84EDED
:10351000973A84ED986A84ED997A84ED9A3A84ED2D
:10352000668A84ED6A8A84ED6E8A84ED728A84EDFF
:10353000768A84ED7A8A84ED7E8A84ED828A84EDAF
:10354000868AC4F8206205F53076C4E98B0303202F
:103550004E4BC4F880020220C4F8843205F14803BF
:10356000C4F87402C4F87C020020C4F83432C4F8F1
:103570006C020120464BC4F870020020C4F81C33D2
:1035800005F52173C4F89012C4F8CC124FF0000175
:10359000C4F888C2C4F8C8C284ED8A8A84ED8E8AD1
:1035A000C4F8780205F21C4084EDA88A84EDA98A4B
:1035B00084EDAA8A84EDAB8A84EDAC8A84EDAD8A71
:1035C00084EDAE8A84EDAF8A84EDB08A84F8C412AB
:1035D00084EDB88A84EDB98A84EDBA8A84EDBB8A19
:1035E00084EDBC8A84EDBD8A84EDBE8A84EDBF8AF9
:1035F000C4E9C2C284EDC08AC4F88C3205F52773D1
:10360000C4F828E3C4F8D03205F57A73C4EDE87A3B
:10361000C4EDEB7A84EDE97A84EDF27A84EDEA3A4E
:10362000C4EDEC6AC4EDEF6A84EDED3A84EDEE6A28
:1036300030E000BFA497012080B7803FF5F97742C2
:10364000BEC1EBC005E37D42235BA3C1564E2042C1
:103650000F9CD4C140242B4283D1C6C1BFFD76420A
:10366000000091430C9C01206C8C01201C8E0120D9
:10367000CCA20120648E0120AC8E01207CA401200C
:10368000388F0120F8A901200CA80120D43D00208A
:10369000FC3D002084EDF16A84EDF03A84EDF33ACC
:1036A00084F8041384F8181384EDCE8A84EDCF8A4D
:1036B00084EDD08A84EDD18A84EDD28A84EDD38AD8
:1036C000C4F8D0236FF07F02C4F82073C4F860738D
:1036D0004FF0010784EDD48A84EDD58A84EDD68A33
:1036E00084F85C1384EDDE8A84EDDF8A84EDE08A61
:1036F000C4F8243348F28003C4F864E3ADF85830CA
:1037000005F5806384EDE18AC4F8683384EDE28ACC
:1037100084EDE38A84EDE48A84EDE58A84EDE68A2B
:1037200084F89C1384F8DC1316A98DF85A2003F052
:103730005DF905F5856003F0F1F8002384F858740D
:10374000C4F880342F4BC4F84C64C4F85C342E4B5E
:103750002E48C4F860342E4BC4F864342D4BC4F8A2
:1037600068342D4BC4F86C342C4BC4F870342C4B9B
:10377000C4F874342B4BC4F878342B4BC4F87C3425
:1037800005F5567305F59365C4F85034F9F7D2F989
:1037900006F5B470F9F7CEF9244B2548C9F848313D
:1037A000244B89F82071C8F8743BC4F85434C9F824
:1037B0001C51E1F74FFE0BF2FC621F490BF20C7338
:1037C0001E4C16A811601E4A1E49169451601E49CF
:1037D00019601E4B1E4983ED008A1E4B81ED008A45
:1037E00083ED008A1C491D4B11601793F0F7ACFA6A
:1037F0001B4A1C490E481BB0BDEC108BBDE8F04FB6
:1038000003F0F4BEE0470020E8470020F8870120DD
:10381000F0470020F847002000480020084800201A
:103820000C480020144800201C48002074EF0020A1
:10383000ECAC002028B8002015AE873F00004043C4
:10384000BC720020000040C01E85AB3F784C0020B9
:10385000744C00207C4C002000008C410000604231
:10386000FC4C0020E1780000000000002DE9F04F42
:10387000067B85B00D78002E8368BD4C14BF802276
:10388000012203911542DFF800B3BA490CBF0127AA
:1038900000270195BA46B4FBF3F40023E4B2029387
:1038A000B54B002C40F0CB80477B17F0F70F69D168
:1038B000019D90F910C015EA020E14BF4FF00108E7
:1038C0004FF0000888EA0A07BCF1FF3F0CBF002751
:1038D00007F00107002F40F02F81C77B362F0FD84C
:1038E0004FEA071C51F80CE001EB071CDEF80490CE
:1038F000DCF80C8019EA080F00F00181CEF8848012
:10390000002C40F0048190F911C0BCF1FF3F14D0AD
:103910005FFA8CFCBCF1360F0FD84FEA0C1E01EB9E
:103920000C1C51F80EE0DCF80CC0DEF808E01EEAD2
:103930000C0F02D0029D15430295362F0FD84FEA87
:10394000071C01EB071751F80CC0D7F80CE0DCF8A6
:10395000048018EA0E0F00F0CE80CCF888E06EB933
:103960005200D2B2002A9CD190F91130013302D01A
:10397000DDE902231A7005B0BDE8F08F5208002A75
:103980008FD1F1E70C2F6CD190F910707D1C19D0FC
:10399000FFB2362F16D84FEA071C019D01EB07171F
:1039A00051F80CC005EA0209D7F80CE0DCF80480F5
:1039B00018EA0E0F00F05A81B9F1000F00F0708183
:1039C000CCF884E090F80FC0BCF1360F00F2DE8036
:1039D0004FEA0C1701EB0C1E51F80780DEF80C7053
:1039E000D8F8049019EA070F00F00E81C8F8887023
:1039F000002C40F0CE80D8F804C0DEF80C701CEA31
:103A0000070F00F0E880C8F88470002C40F0EA80CE
:103A100090F911707D1CA2D0FFB2362F9FD84FEACB
:103A2000071C01EB071751F80CC0FF68DCF808C051
:103A30001CEA070F93D0029D154302958FE74F4F65
:103A4000D3F804E03F68019DABFB077C4FEA9C4C38
:103A50000CFB04FC5F68A7EB0E07BC45FAD8019588
:103A600022E7C77B362F0FD84FEA071C51F80CE02E
:103A700001EB071CDEF80490DCF80C8019EA080F53
:103A800000F0C780CEF88480002C40F0CA8090F906
:103A900010C0BCF1FF3F1BD05FFA8CFCBCF1360FAD
:103AA00016D84FEA0C1E019D01EB0C1C51F80EE0DC
:103AB00005EA0209DCF80C80DEF8045015EA080F6C
:103AC00000F0DB80B9F1000F00F0F480CEF88480C4
:103AD000362F9DD84FEA071C01EB071751F80CC091
:103AE000D7F80CE0DCF8048018EA0E0F00F0AE8086
:103AF000CCF888E08CE7BF68214D3D602FE7DCF80B
:103B000008C0204DCCF80050002C3FF4FCAE1B4DFB
:103B10009146D3F80480D5F800E0019DABFB0ECEB2
:103B20004FEA9E4E0EFB04FE5A68A2EB080CE645D7
:103B3000FAD84A460195E6E65FFA8CFCBCF1360FEE
:103B400000F288804FEA0C1801EB0C1C51F8088039
:103B5000DCF80C90D8F804A01AEA090F7CD0BEF16A
:103B6000000F00F09380BA46C8F88490B5E600BF15
:103B700020A10700441E0020001000E0844C00201B
:103B80003830010038F0010083DE1B43002C3FF485
:103B90003FAF4A4DD3F804802F68019DABFB077EF1
:103BA0004FEA9E4E04FB0EFE5F68A7EB0807BE457A
:103BB000FAD8BCF1360F019514D84FEA0C1701EB77
:103BC0000C1E51F80780DEF80C70D8F804C01CEA0F
:103BD000070F7FF418AFDEF80870394D3D60002CF8
:103BE0003FF416AF354DD3F804E02F68019DABFBD1
:103BF000077C4FEA9C4C04FB0CFC5F68A7EB0E07AC
:103C0000BC45FAD8019503E7DEF808702D4D3D60FC
:103C1000EEE6DCF808C02A4DCCF80050002C3FF44A
:103C200036AF264D9146D3F80480D5F800E0019DCB
:103C3000ABFB0ECE4FEA9E4E0EFB04FE5A68A2EB83
:103C4000080CE645FAD84A46019520E7BF681D4DA5
:103C50003D60DDE6C24640E6BEF1000F1AD0DCF85A
:103C600008C0BA46164DCCF8005036E6BF68B9F128
:103C7000000F18D0124D3D60A4E6DCF808C0B9F181
:103C8000000F13D00E4DCCF8005021E7F246C8F8D3
:103C9000889022E6DCF80870F2460A4D3D601CE68A
:103CA000CCF888E08EE6074D3D608BE6054DCCF8FC
:103CB00000500DE7CEF888800AE700BF844C002052
:103CC00038F001003830010030B405680DB930BC5F
:103CD000CCE50A462B6840F20121012419611178D4
:103CE0005966186F1146800715D45B6F013C01F8C7
:103CF000013B0A462B685869C007F2D54CB1144401
:103D000029680B6F9B07FCD44B6F02F8013BA24262
:103D1000F6D130BC70475969C907E2D5EEE700BF5C
:103D20002DE9F04F83B00190806808B10BF070F975
:103D3000019B5B68002B00F0F18053F8042C02EB30
:103D4000C20203EB82029342009200F0DF80009BEC
:103D500053F81C0C243B009308B10BF059F9009B5D
:103D60005B68002B00F0CC8053F8042C02EBC202FD
:103D700003EB82094B4500F0BF8059F81C0CA9F1F8
:103D8000240908B10BF044F9D9F80430002B00F0F5
:103D9000AE8053F8042C02EBC20203EB82084345C9
:103DA00000F0A18058F81C0CA8F1240808B10BF011
:103DB0002FF9D8F80430002B00F0908053F8047CE1
:103DC00007EBC70703EB8707BB4200F0838057F878
:103DD0001C0C243F08B10BF01BF97B68002B74D03E
:103DE00053F8046C06EBC60603EB8606B34268D0B4
:103DF00056F81C0C243E08B10BF00AF97368002B2E
:103E00005CD053F8045C05EBC50503EB8505AB42BC
:103E100050D055F81C0C243D08B10BF0F9F86B6834
:103E2000002B44D053F8044C04EBC40403EB84048B
:103E3000A34238D054F81C0C243C08B10BF0E8F82D
:103E400062686AB352F8043C03EBC30302EB830BD2
:103E50005A4521D05BF81C0CABF1240B08B10BF0D8
:103E6000D7F8DBF80420A2B152F8040C00EBC00034
:103E700002EB800A524508D0AAF1240A5046FFF707
:103E80004FFFDBF804205245F6D1AAF108000BF0F1
:103E9000BFF862685A45DDD1ABF108000BF0B8F805
:103EA0006B68A342C6D1A4F108000BF0B1F87368A7
:103EB000AB42AED1A5F108000BF0AAF87B68B34283
:103EC00096D1A6F108000BF0A3F8D8F80430BB4255
:103ED0007FF47DAFA7F108000BF09AF8D9F8043011
:103EE00043457FF45FAFA8F108000BF091F8009B09
:103EF0005B684B457FF441AFA9F108000BF088F8EF
:103F0000019B009A5B6893427FF421AF009BA3F171
:103F1000080003B0BDE8F04F0BF07AB803B0BDE87D
:103F2000F08F00BF2DE9F04F2DED108BB7B0834619
:103F3000047F02AF002C7FD000259FEDA48AA44E01
:103F400065E0DBF800309B6998470146224607F19F
:103F500060000B689B6898473269DBF8043007F112
:103F6000800C126807F15400D3ED095A93ED086AEA
:103F7000D3ED0A7A07F1900397ED197AD7ED186A15
:103F800077EE887A916E37EE257A76EE866A0A6841
:103F9000D2F8008007F17002C7ED1C6A87ED1D7A28
:103FA000C7ED1E7A87ED248A87ED258A87ED268A5C
:103FB00087ED208A87ED218A87ED228ACDF800C01F
:103FC000C047DBF8003058469B6998470368214694
:103FD0001B69984797F85420034658461A70DBF837
:103FE00000309B699847036821461B69984797F8FA
:103FF0005520034658465A70DBF800309B699847B5
:10400000036821461B69984797F856308370DBF8A0
:1040100000305846ACB29B6998470368DB69984703
:10402000034658469D4205F101058AD3D437BD4663
:10403000BDEC108BBDE8F08FD0E90123C7F808D0A4
:10404000586899681D68DB68506007F180009160CE
:1040500002F11001D3601560F3F792FBDBF80C302E
:1040600007F1700207F180013B6707F19000DBF870
:1040700010307B67DBF81430BB67DBF81830FB6768
:10408000F3F77EFB534B5946D7F8902007F13800E1
:104090001A60D7F894205A60D7F898209A60D7F819
:1040A0009C20DA60DBF800301B689847DBF80030B2
:1040B000594607F140005B68984797ED0E5AD7EDD7
:1040C0000F5A002397ED106AF6EE004AD7ED116AF9
:1040D00036EE057AC7F8903076EEA57AC7F89430B8
:1040E000C7F89830C7F89C3027EE247AC7F8A0307C
:1040F00067EEA47AC7F8A430354BC7F8B040197DF5
:1041000087ED2D5AC7ED2E5A87ED2F6AC7ED306A1D
:1041100087ED317AC7ED327AA7F8CC40C7E92A4457
:10412000002900F0658501252246294B1B6953F8BB
:10413000223093F86C20002A40F0BE820134E2B2B3
:104140009142F2D86C2305FB03F3073323F00703F6
:10415000ADEB030D6B1E02AABA62BDB16C22BC6A44
:10416000A01802FB03002346002200241A606C33CF
:1041700043F8382C43F8342C43F8302C43F82C2CDB
:1041800003F8084C43F8042C9842EFD1002900F0C2
:104190001B830023DFED10BAD946C7E9033306E0DD
:1041A000FB680133FB60DBB2994240F20C83084AA2
:1041B000126952F823209B003B6392F86C307A63BB
:1041C000002BEDD04FF0000A9DE000BF0000000082
:1041D000ECAC0020C8C901206F12833AB4EECA9A31
:1041E000F1EE10FAB4EECB9A7AFE097AF1EE10FAFB
:1041F000F4EEE9AA54BFB0EE497AB0EE4B7AF1EE94
:1042000010FA40F31B82F4EEE98AF1EE10FAF4EEB4
:10421000EA8A39FEA86AF1EE10FA54BFF0EE686A35
:10422000F0EE6A6A6C23F96ABC6A002003FB01F1B4
:10423000D7ED2F5A0C440B46796AF4EEE57A6264A6
:104240003433E062F1EE10FA2063C4ED00FA84ED3D
:1042500001AAC4ED029A84ED03BAC4ED04AA84ED68
:10426000059AC4ED068AC4ED07EA84ED08EAC4EDB8
:1042700009DA84ED0ADAC4ED0D7A84ED0E6A84ED74
:104280000F7AC4ED106AC4E91215396A84F8641013
:10429000B969A165F969C4E91486E1657969BA6A01
:1042A0002166134484ED1AFA29D5D7ED2D7AF4EE60
:1042B000C77AF1EE10FA22D593ED017AD7ED307A74
:1042C000B4EEE77AF1EE10FA19D5D7ED2E7AF4EEC6
:1042D000E76AF1EE10FA12DDB7F8A860B7F8AA5055
:1042E000AE4200F0C281B7F8CC20D7F8B03001322E
:1042F00043F826400136A7F8CC20A7F8A8600AF1B9
:1043000001031FFA83FA7B6B586E3B6953449BB2DF
:10431000FB6203685B689847824580F2DB81E44E6C
:104320004FEA8A183A6B3369D9F804409B58586EA3
:10433000D9F80C303B66D9F810307B66D9F81430C8
:10434000BB66D9F81830FB6603681B6998473A6B5F
:10435000336900EB8A1B05469B589BF83C207B6326
:104360009B6E3A627B6242B1DBF80C30BB61DBF8DA
:104370001030FB61DBF814307B6104F1100622463B
:1043800007F180003146F3F7FBF907F1600207F10E
:10439000800107F17000F3F7F3F955F8085094ED38
:1043A000095A07F17001D4ED0A5A07F1480094ED5B
:1043B000086A07F15402D5ED016A95ED027AD5ED50
:1043C000007A76EEC56A37EE657A77EEC67AC7ED83
:1043D000166A87ED177AC7ED157AF3F743FA94ED6D
:1043E0000B7A3146D4ED0C7A224697ED12AA07F1EA
:1043F0008000D7ED139A2AEE07AAD4ED0DCA69EE14
:10440000A79A97ED14DAF3F7BBF907F1600207F109
:10441000800107F17000F3F7B3F9DBF8048094ED45
:10442000095A07F15402D4ED0A5A07F1700194EDCC
:10443000086A07F14800D8ED016A98ED027AD8EDD4
:10444000007A76EEC56A37EE657A77EEC67AC7ED02
:10445000166A87ED177AC7ED157AF3F703FA94ED2C
:104460000B6A3146D4ED0C6A224697ED147A07F1B7
:104470008000D4ED0D7A97ED12BAD7ED13AA27EE8E
:1044800027CA2BEE06BA6AEEA6AAF3F779F907F166
:10449000600207F1800107F17000F3F771F9DBF8B2
:1044A000086094ED095A07F15402D4ED0A5A07F155
:1044B000480094ED086A07F17001D6ED016A96EDA7
:1044C000027AD6ED007A76EEC56A37EE657A77EE37
:1044D000C67AC7ED166A87ED177AC7ED157AF3F736
:1044E000C1F9D5ED027A3AEEE9EA98ED028A7BEE5F
:1044F0004AEAD5ED006A0BF1300238EE678A95ED95
:10450000017AD8ED004A98ED015A94ED0B6A74EEE9
:10451000E64AD4ED0C7A35EE475A94ED0D4A97ED04
:10452000129AD7ED138AD7ED143A29EE069A8BED3D
:10453000088A68EEA78A95ED027AD6ED026A79EECE
:104540004ADACBED064A76EEC76AD6ED005AB0EEEF
:104550004C7AD5ED002A8BED075A6DEECE7A96EDAA
:10456000016A75EEE25A95ED013AADEE2C7A64EEF1
:10457000E6CACBED0B6A36EE436ACBED095A25EE5F
:1045800065CAE5EE88CA28EE468A8BED0A6AA6EE71
:1045900024CA38EEE9DAA6EE858AA3EE847A2CEEF8
:1045A000AC0AEEEE8D7AF0EE084AB7EE005AA8EEAD
:1045B000080A87EE24FAACEE0C0AC5EE27FAB5EE2F
:1045C000400AF1EE10FA00F15883B1EEC07AF7EE2E
:1045D000006A77EE667AF0EEE77AF4EEEB7AF1EEC7
:1045E00010FA0AD4B5EE407AF1EE10FA36D088EE21
:1045F000078ACCEE87CA8CEE07CA8BED0C8ACBED0E
:104600000DCA8BED0ECAB4EECABAF1EE10FA3FF73E
:10461000E5ADB4EECB9AF1EE10FAB4EECA9A7BFE99
:10462000097AF1EE10FAF4EEE9AA54BFB0EE497A35
:10463000B0EE4A7AF1EE10FA3FF7E5ADF4EEEA8A11
:10464000F1EE10FAF4EEE98A3AFEA86AF1EE10FAF9
:1046500054BFF0EE686AF0EE696AE3E59FED15CAB3
:10466000F0EE66CAB0EE4C8AC7E7002E37D1D7F815
:10467000B0304FF008082020FB620AF0C1FCC7F8F8
:10468000B000002340F825300135ADB2A845F9D877
:10469000FB6A4BB118460AF0BBFC054B3A6B1B6931
:1046A000B7F8A8609B587B63A7F8AA801BE600BFF9
:1046B000ECAC002000000000586E013403685B6819
:1046C0009847BD4BE2B22844197D85B291423FF62E
:1046D0002CAD37E5FB6A3B61B74B197D60E54FEACE
:1046E0004608D7F8B0501FFA88F8FD624FEA8800F4
:1046F0000AF086FCC7F8B000B8F1000FC8D04645F4
:10470000B646C5F30202294628BFC646BEF1080FC9
:1047100094BF00230123002A18BF0023002B00F0C0
:1047200023812B1DC31A082B40F21E81BEF1000FFE
:1047300000F1200C00F1100201F1100114BF7346CA
:1047400001231D467B629D4BAD08013DADB20CEBD4
:10475000051C1D0C03F1040B1032002310316BF308
:104760000F03944505F1040B05F1010511ED086BEC
:1047700011ED067B6BF31F43ADB202ED086B02ED4A
:10478000067BE6D1796A21F003028A4293B216D001
:104790005D1CF96AADB251F82320754540F823201D
:1047A0000DD251F8252040F825209D1CADB275454D
:1047B00005D251F82520033340F825209DB2A845A5
:1047C0003FF65FAF64E7CB4600219FED7D8ADFEDCA
:1047D0007D8A07F1A8000D469FED7B9AF4F738F922
:1047E0002E46DBF800305846ACB29B699847036808
:1047F000DB699847A04240F2AB80DBF800305846B6
:104800009B6998470146224607F180000B689B6828
:104810009847D7F8AC30D7ED207AD7ED214A002B56
:1048200000F0AA8193ED037AB4EEE77AF1EE10FA84
:1048300015D893ED057AB4EEE77AF1EE10FA0EDBB7
:1048400093ED047AB4EEE47AF1EE10FA07D893ED22
:10485000067AB4EEE47AF1EE10FA80F2928093EDEB
:104860000C7AF4EEC77AF1EE10FA15DB93ED0E7ABE
:10487000B4EEE77AF1EE10FA0EDB93ED0D7AB4EEBA
:10488000E47AF1EE10FA07D893ED0F7AF4EEC74A06
:10489000F1EE10FA40F2178193ED157AB4EEE77A53
:1048A000F1EE10FA15D893ED177AB4EEE77AF1EE3F
:1048B00010FA0EDB93ED167AF4EEC74AF1EE10FA19
:1048C00007DB93ED187AF4EEC74AF1EE10FA40F2E6
:1048D000FD8093ED1E7AF4EEC77AF1EE10FA15DB47
:1048E00093ED207AF4EEC77AF1EE10FA0ED893ED3C
:1048F0001F7AF4EEC74AF1EE10FA07DB93ED217A46
:10490000F4EEC74AF1EE10FA40F2E380DBF8003033
:1049100058469B699847036821461B699847034698
:1049200058461E70DBF800309B69984703682146A3
:104930001B699847034658465E70DBF800309B6958
:104940009847036821461B6998478670013548E7F8
:1049500007F1A800FFF7E4F9D7F808D0D437BD462F
:10496000BDEC108BBDE8F08FFB6A00251A1F031FFA
:10497000013552F8041FADB243F8041F7545F7D353
:104980001DE71A465368002B7FF44CAF10880028AF
:10499000BCD0D2F808E04FF0000CF7EE002AF0EEA1
:1049A000481AAEF10401B0EE482AE046B0EE481ACB
:1049B0006246B0EE684A0CE0ECAC00200200030056
:1049C00000000000FFFF7F7F6F12833A01329042A8
:1049D00051D051F8043F93ED1A6AB4EEC64AF1EE95
:1049E00010FAF3DDD3ED026A93ED015A74EEE66A34
:1049F00093ED097A37EEC55AD3ED0A3AD3ED005A52
:104A000027EE667AA5EE237A27EE257AB5EEC07AF0
:104A1000F1EE10FADAD493ED073AD3ED083A66EEE8
:104A2000836AE5EE636A65EEA65AF5EEC05AF1EECA
:104A300010FACBD4B4EEE27AF1EE10FAC6DCF4EE62
:104A4000E25AF1EE10FAC1DC72EEC76A76EEE56A60
:104A5000F5EEC06AF1EE10FAB8DB90460132F0EEE6
:104A6000651A4FF0010C9042B0EE472AB0EE661A7C
:104A7000B0EE464AADD1BCF1000F2DD1E046E14683
:104A8000E246DBF8003058469B69984703682146A8
:104A90001B69984780F800A0DBF8003058469B69F6
:104AA0009847036821461B69984780F80190DBF816
:104AB000003058469B699847036821461B69984710
:104AC00080F8028042E703F124025BE703F1480229
:104AD00058E703F16C0255E75EF828301A6D92ED45
:104AE000017AD2ED027AD2ED006A22EE077ADA6C10
:104AF00062EE277A62EE266A92ED005AD2ED015AF2
:104B000092ED026AE5EE016AA5EE817A5A6DE6EE53
:104B1000017A92ED005AD2ED015A92ED026AE5EE69
:104B2000216A93F86420A5EEA17AE6EE217AC7ED1A
:104B30001C6A87ED1D7AC7ED1E7A02BBF0EE487A3B
:104B4000B0EE487A07F16000D3E911310A68D2F873
:104B5000008007F1800287ED207AC7ED217A87ED8A
:104B6000228A009207F17002C04797F860A097F878
:104B7000619097F8628084E707F1A80206E7F7EEF4
:104B8000007A9A6D71EE677AF0EEE77AF4EEC97A00
:104B9000F1EE10FA52D592ED006A92ED011AF7EE9D
:104BA000007ADA6D72EE677AF0EEE77AF4EEC97A9F
:104BB000F1EE10FA32D592ED007AD2ED017AF7EEED
:104BC000006A1A6E37EE067A77EE817A71EEE66A3F
:104BD000F0EEE66AF4EEC96AF1EE10FA0ED5D2ED07
:104BE000006AD2ED011A37EE267A77EEA17AA9E7AC
:104BF0009CB00B4602AABA62FFF7B0BAF0EEE16AC7
:104C0000F4EEC96AF1EE10FA28D4D2ED006A92ED02
:104C1000016A61EEA66A61EE861AE4E7F0EEC27AF6
:104C2000F4EEC97AF1EE10FA22D492ED007AD2EDC8
:104C3000017A22EE077A62EE277AC0E7F0EEC17AB7
:104C4000F4EEC97AF1EE10FA0DD492ED006AD2EDCD
:104C5000017A21EE066A21EE271AA0E7F0EE481A43
:104C6000F0EE486ABFE7B0EE481AB0EE486A96E741
:104C7000F0EE487AB0EE487AA1E77A6002F0ECFCF8
:104C80007A68B0EE407AA2E41C4A538A98421CDA51
:104C9000938AD3B100B5137A5BB1022B16D0012BE6
:104CA00023D09389B2F80AC0013B1B1A1BB20CFB3C
:104CB00003F0936900EB4000B1F800C01A1823F824
:104CC00000C08B7893705DF804FB7047B2F80AE07F
:104CD000B2F80CC00EF1FF330CF1FF3C1B1A0FFAB7
:104CE0008CFC1BB20EFB0C30E3E7B2F80AC00CF1EF
:104CF000FF331BB20CFB0030DBE700BF78C20120A2
:104D00002DE9F04F89B00793C36805909A4200F2ED
:104D10004481037844685B0084F8A53040F20113B5
:104D2000A4F82F310023F5F72BFA0690002800F0A5
:104D30003481129B002B00F032814FF0000B05995B
:104D4000129ACB68A2EB0B024D680C789A42164679
:104D5000284628BF1E46129B9B1B0496F6B25B4555
:104D600001938CBF002301230293F4F741FB002839
:104D700000F010814FF000036400012E4FF0000A94
:104D8000E4B2A5F8A23040F2014338BF0126DFF8B3
:104D90004483BAF1020F44EA0303D8F80090039366
:104DA0002B6931D9544695F8A320872A4FD95969E0
:104DB0000A0500F1B28011F4105F40F07E81D8F84E
:104DC0000020A2EB0902322A00F27781022C95F82A
:104DD000A30094BF00270127B0420AD34FB1D86D7A
:104DE000400706D18A0500F19C80029A002A00F053
:104DF0009880F4F749F9BAF1020F00F24C81A2460B
:104E00002B69BAF1020FCDD8DA6D500702F0070115
:104E1000C8D4701E54465144039F40F4807044B976
:104E20001F6601340A1B032ABDD8022CBBD8002CF4
:104E3000F6D0012C00F03581019A5A4502D84FF482
:104E400000721A6695F8A3200324872AAFD8D96D7B
:104E500011F4E02FC1F30240A9D0511C1F6F05EBE4
:104E6000020C0128C9B285F8A3108CF81A709ED0E4
:104E700088299CD002F1020C1F6F294402285FFA96
:104E80008CFC85F8A3C08F7691D0BCF1880F8ED0B2
:104E9000D11C1F6FAC440328C9B285F8A3108CF84D
:104EA0001A7084D0882982D002F1040C1F6F294423
:104EB00004285FFA8CFC85F8A3C08F763FF477AFA7
:104EC000BCF1880F3FF473AF511D1F6FAC44053820
:104ED000C9B285F8A3108CF81A703FF468AF88291E
:104EE0003FF465AF02F1060C1F6F294401285FFAF9
:104EF0008CFC85F8A3C08F763FF459AFBCF1880FC6
:104F00003FF455AF196F0732AC4485F8A3208CF8F5
:104F10001A1059690A057FF54EAF1A6942F44072BA
:104F20001A61DA6D12F4E02F03D01A6942F40072AC
:104F30001A6195F8A330049A9A422ED1002A00F003
:104F4000B280059B5D6800242846079F2646DDE960
:104F5000045817E090F8A23090F8A3209A4203F189
:104F60000102034440F2B18080F8A220987E01340F
:104F70003E44A4B206F80B00A542264640F29380B8
:104F8000D8F804000368524A5B699342E2D098471C
:104F9000C0B2ECE7049B042BD5D0002306930698FF
:104FA00009B0BDE8F08FD96D11F4E02FC1F30240D4
:104FB00053D0511CD3F870C0AC180128C9B285F881
:104FC000A31084F81AC048D0882946D0941CD3F87E
:104FD00070C029440228E4B285F8A34081F81AC0C1
:104FE0003BD0882C39D0D11CD3F870C02C44032876
:104FF000C9B285F8A31084F81AC02ED088292CD005
:10500000141DD3F870C029440428E4B285F8A340E5
:1050100081F81AC021D0882C1FD0511DD3F870C040
:105020002C440538C9B285F8A31084F81AC014D0EE
:10503000882912D0941DD3F870C029440128E4B205
:1050400085F8A34081F81AC007D0882C05D0196FC5
:1050500007322C4485F8A320A17659690C053FF549
:105060005CAF11F4105F28D1D8F80020A2EB090240
:10507000322A22D895F8A320B2420AD34FB1DA6D72
:10508000500706D18A053FF54CAF029A002A3FF43B
:1050900048AFF3F7F9FF95F8A3202B69872ADCD8EE
:1050A00081E71866BDE6049B9B44129B5B453FF677
:1050B00046AE069809B0BDE8F08F1A6942F4407216
:1050C0001A614FF400721A662BE7FF204FE700BF0A
:1050D000611901005CC301202DE9F0471E4682B032
:1050E00003680546DDF82880002B70D0446893F8EB
:1050F00013C0D4E9000ABCF1000F3FD072B693F898
:1051000013C01CF0010F08D04FF0E0295F69D9F8F7
:1051100080413C409C62C9F880411CF0020F08D0DD
:105120004FF0E0299F69D9F884413C40DC62C9F81E
:1051300084411CF0040F08D04FF0E029DF69D9F852
:1051400088413C401C63C9F888411CF0080F08D016
:105150004FF0E0291F6AD9F88C413C405C63C9F8E4
:105160008C411CF0100F08D04FF0E02E5F6ADEF883
:1051700090413C409C63CEF8904162B69C6884426A
:1051800000F0D780764C9860A469DFF8E8C1C4F3DA
:10519000011EC4F382645CF82EE00134BEFBF4FC13
:1051A000002840F0BB80A64506D30CF10104B4F5FD
:1051B000817FC0F0C8806B48D8601B6800241C61E8
:1051C00003245C6218640120C3F860A0186195F99B
:1051D0000E30581C40F0838072B1013A4C1E0DF124
:1051E000070A8F1814F8012F514628468DF807201A
:1051F000FEF76AFDA742F5D1B8F1000F40D008F1E3
:10520000FF330DF1070A06F1FF384FF0FF091E4486
:1052100040F2012709E051462846FEF727FB9DF89A
:10522000073008F8013F46452AD02B688DF80790D3
:10523000002BF0D01A68012154461761C2F864901F
:10524000136F9B0706D42346506F14B103F8010B6C
:105250001C4601395369D807F2D50029DFD0136FF6
:105260009B07FCD42346506F14B103F8010B1C4676
:105270000139F4D19DF8073008F8013F4645D4D1F3
:1052800095F90E305A1C3AD12B6823B3DA7C12B34D
:10529000D50704D5986A4FF0E021C1F800019407C2
:1052A00004D5D86A4FF0E021C1F80401500704D5B5
:1052B000186B4FF0E021C1F80801110704D5586BB5
:1052C0004FF0E021C1F80C01D20604D59A6B4FF0E3
:1052D000E023C3F81021012002B0BDE8F087DBB263
:1052E000362B3FF679AF1C011F4800EB0313005922
:1052F000DC68476827421ED0C0F888406CE7DBB204
:10530000362BC1D81901184A02EB03135258D96839
:105310005068084213D0C2F88410B5E784451DD305
:10532000BCFBF0F4BCFBF4FC84457FF640AFA44624
:105330003BE7D86841E79B680C4818604CE79B68DE
:105340000B4A1A60A0E7022C08D9023C4FEA540C21
:105350004FEA0C4040EA0C2020432DE700202BE7C9
:1053600000C00F40FF7F7F00441E00203830010046
:1053700038F001009C2300202DE9F84390F82F819C
:10538000B8F1000F6DD00546F4F732F8002868D068
:10539000414E4FF00009376800E0A146C8452A6930
:1053A00036D24C46536919052BD4580568D4990454
:1053B0005CD43168C91B322958D8A04504D2D26DBB
:1053C000520701D1980565D4F3F75EFEC845E4D2D3
:1053D0002A695369190514D4580551D4990445D440
:1053E0003168C91B322941D8A04504D2D26D520779
:1053F00001D19B054ED4F3F747FE2A69536919057D
:10540000EAD51369042043F440731361BDE8F883BF
:10541000D16D4C46480701F00703C3D413E095F85B
:10542000A5100133022441F48061042B11661BD0C6
:10543000804503F1010305EB00010ED991F8A51099
:10544000042B1166AED00120002CE8D02046013399
:105450000134804505EB0001F0D84FF4007313666A
:10546000A0E70420BDE8F88301249BE713694FF40B
:105470000071042043F4407313611166BDE8F883A2
:1054800013694FF40071022043F4407313611166F5
:10549000BDE8F8830020E5E75CC30120F8B5A54C22
:1054A0000146A36A002B51D040F2011094F830203D
:1054B000A14E5200A3F82F01186883F8A5200268B6
:1054C000B24240F03F81B3F830210D46E2B915F801
:1054D000011BB3F830211ABB15F8011BB3F83021BA
:1054E000002A40F0EE8015F8011BB3F83021002AA5
:1054F00040F0DF802978B3F83021002A40F0CE80D8
:105500001846BDE8F84037E7022283F82F21002231
:1055100083F8A620026815F8011BB24240F01E81F4
:1055200093F82F21882A00F209819818013283F814
:105530002F21A36A80F8A5101A6815F8011B1268BC
:10554000B242CBD018469047A36AC5E0226C01F165
:10555000040C206D1368666A23EA00031360D4E923
:105560000E0311F8012B4EB135686A66EA6D12F42C
:10557000F81FFBD06A6F6145F3D1F8BD056812F0E2
:10558000800FA76C0CBFBD433D4312F0400F056078
:105590001D68E76C45EA07051D601D68E76C25EA94
:1055A00007051D600568A76C0CBFBD433D4312F0A5
:1055B000200F05601D68E76C45EA07051D601D6842
:1055C000E76C25EA07051D600568A76C0CBFBD43A5
:1055D0003D4312F0100F05601D68E76C45EA0705B2
:1055E0001D601D68E76C25EA07051D600568A76C4E
:1055F0000CBFBD433D4312F0080F0560E76C1D680A
:1056000045EA07051D601D68E76C25EA07051D6072
:105610000568A76C0CBFBD433D4312F0040F056045
:105620001D68E76C45EA07051D601D68E76C25EA03
:1056300007051D600568A76C0CBFBD433D4312F014
:10564000020F05601D68E76C45EA07051D601D68CF
:10565000E76C25EA07051D600568A76C0CBFBD4314
:105660003D4312F0010F05601D68E76C45EA070530
:105670001D601D68E76C25EA07051D600268A56CC2
:1056800014BF2A43AA4302601A68E56C2A431A60D1
:105690001A68E56C22EA05021A606CE793F82F217C
:1056A000882A3CD901225A60A36A1846BDE8F8400E
:1056B00062E693F82F21882A29D901225A60A36A29
:1056C00014E093F82F21882A1DD89818013283F806
:1056D0002F21A36A80F8A5101A6815F8011B12681B
:1056E000B2423FF402AF18469047A36A1A6829787D
:1056F0001268B2423FF4FFAE18469047A36A1846BC
:10570000BDE8F84038E601225A60A36AE4E7981839
:10571000013283F82F21A36A80F8A510E6E7501C18
:105720001A4483F82F01A36A82F8A5101846BDE831
:10573000F84021E6446000209D19010001225A60D2
:10574000A36AF9E618460D4600219047A36A15F8AA
:10575000011B1A681268B2423FF4BBAE184690476C
:10576000A36AE9E62DE9F047A04CA36A002B00F0FC
:10577000D580A16D00229E481B6981421A6100F20A
:10578000BE8001229B489C4998645A624FF4303293
:105790009962DA62986C00224FF0011118651A6262
:1057A0000122996595481A61FFF778FEB4F908302F
:1057B000402B00F04D8100218C48F4F7B7F9218986
:1057C0008A480139C9B2F4F7B1F9B4F90A20268937
:1057D000D31D48BF02F10E03DB10D4E90A0516FB06
:1057E00003F6B6B2002800F0408194F83030844FC0
:1057F0005B0080F8A53040F20113A0F82F31036858
:105800001B68BB4240F02282B0F830312BB102233A
:1058100080F82F31402380F8A630731E9BB2002EF3
:105820004BD005F1020A012601354FF002099A44D6
:10583000B04614E00136B6B2036815F8011C1B68C7
:10584000BB4268D1B0F8303133B190F82F31882B9A
:1058500029D9C0F80480A06A0135AA452DD0882E28
:10586000E8D1FFF789FD94F83030A06A5B0080F83A
:10587000A53040F20113A0F82F3103681A68BA422C
:1058800040F0D781B0F83021002A00F0EC804022AF
:1058900080F82F91022680F8A6201B6815F8011CBD
:1058A000BB4238D133460135C2180133AA4580F8CE
:1058B0002F31A06A82F8A510D1D1FFF75DFDA36A50
:1058C000002B00F0C181E16D002249481B69814233
:1058D0001A6100F2A381474C012047494FF430324E
:1058E0009C6458629962DA629C6C00204FF001114E
:1058F00001221C65186299651A61BDE8F08741486C
:10590000814240F29E814048404998645A62404A30
:105910009962DA623EE79847A06A9DE7636A002BC6
:1059200000F08880D97CD4E91920002939D072B6DA
:10593000D97CCD0708D54FF0E0265F69D6F88051B5
:105940003D409D62C6F880518F0708D54FF0E02694
:105950009F69D6F884513D40DD62C6F884514E07F8
:1059600008D54FF0E026DF69D6F888513D401D6329
:10597000C6F888510D0708D54FF0E0261F6AD6F803
:105980008C513D405D63C6F88C51C90608D54FF077
:10599000E0255E6AD5F8901131409963C5F8901101
:1059A00062B699688A423BD01A499A6089691A4D51
:1059B000C1F30116C1F3826155F826600131B6FBCF
:1059C000F1F5002A00F04681AA4200F24781B5FBBA
:1059D000F2F1B5FBF1F5AA4201D20D46691CB1F511
:1059E000817FC0F03D810D4ADA601AE044600020FA
:1059F0007F1A06003B372819B80B050528340060CC
:105A00009D1901003F420F000A09070460090101C6
:105A1000007F050000C00F409C230020FF7F7F0017
:105A2000DA681B68002119610321596201211A6497
:105A300018661961626C616D13688E4823EA010370
:105A40001360FFF72BFDB4F90830402B7FF4B3AEA1
:105A500020218948F4F76AF8218987481F31C9B2A3
:105A6000F4F764F8B1E60226F6E6226C216D1368BD
:105A7000676A0B43136086B1A16B06EB050CE36B01
:105A800015F8012B002F39D038684266C26D12F428
:105A9000F81FFBD0426F6545F2D1626C616D1368EF
:105AA0000B431360002F3FF428AFFB7C002B3FF427
:105AB00024AFDC0704D5B96A4FF0E022C2F8001128
:105AC000980704D5F96A4FF0E022C2F8041159078B
:105AD00004D5396B4FF0E022C2F808111A0704D53B
:105AE000796B4FF0E022C2F80C11DB067FF505AFB1
:105AF000BA6B4FF0E023C3F81021FEE6086812F0FD
:105B0000800FA66C0CBFB043304312F0400F08600A
:105B10001868E66C40EA060018601868E66C20EA2F
:105B2000060018600868A66C0CBFB043304312F042
:105B3000200F08601868E66C40EA060018601868D4
:105B4000E66C20EA060018600868A66C0CBFB0433B
:105B5000304312F0100F08601868E66C40EA060047
:105B600018601868E66C20EA060018600868A66CE1
:105B70000CBFB043304312F0080F0860E66C1868A1
:105B800040EA060018601868E66C20EA0600186013
:105B90000868A66C0CBFB043304312F0040F0860D5
:105BA0001868E66C40EA060018601868E66C20EA9F
:105BB000060018600868A66C0CBFB043304312F0B2
:105BC000020F08601868E66C40EA06001860186862
:105BD000E66C20EA060018600868A66C0CBFB043AB
:105BE000304312F0010F08601868E66C40EA0600C6
:105BF00018601868E66C20EA060018600A68A06C55
:105C000014BF024382430A601A68E06C02431A60C0
:105C10001A68E06C22EA00021A603CE717488142E9
:105C20000CD9174C174818499C645A629862D9627B
:105C30005AE6402102269047A06AFDE5134C14481D
:105C4000F1E71248124960E6676A26E74021984763
:105C5000A06AE2E58E42BFF4C1AEC5E60022C3E60B
:105C60000229FBD902394D082A0242EA05420A43B9
:105C7000BAE600BF28340060446000203F420F00B5
:105C80000A09070460090101007F05001C1A120CB3
:105C9000100E0202F8B50D4672B63D4A00233D498A
:105CA000841C91610221D16140F20641C2F8A0300A
:105CB000C2F8F0124FF47021C2F8F432C2F8F83290
:105CC000C2F8FC3220F01F03C2F8A4100121C2F870
:105CD000B010BFF34F8F4FF0E022C2F85C3F20338B
:105CE0009C42FAD8BFF34F8FBFF36F8F284A536996
:105CF000DC07FCD50123284920F07F40244C536168
:105D00004026C2F8F01242F20121244FC2F8F412E8
:105D10002349C2F8BC30C2F8A0000220C2F8A41087
:105D2000C2F8B03001E0590627D46369DA07FAD522
:105D300041211C4B0020164A61610121C4F8F03258
:105D4000194DC4F8F402194CC2F8B810C2F8A000FA
:105D5000C2F8A450C2F8B0105369DF07FCD55161F6
:105D60002378DE07F0D41368094943F00103136078
:105D70000B68DB07FCD462B6F8BD2946024618B1B1
:105D80000544384603F0E2FC00206661CDE700BF21
:105D900000802A40F05AF05A3204180880812A40C4
:105DA00002000F000504012401000F0000812A40B9
:105DB00010B472B602684B4922B190F804C0BCF12D
:105DC0000F0F53D90B8813F0010C27D09C0723D554
:105DD0005A0757D51C0758D5DA0659D59C065AD507
:105DE0005A065BD51C065CD5DA055DD59C055ED5EB
:105DF0005A055FD51C0560D5DA0461D59C0462D5CF
:105E00005A0463D5DA0B64D062B600221023026014
:105E100003715DF8044B70474FF0010C012202FA48
:105E20000CF213430B8062B62F4A5FFA8CF10171BA
:105E3000D36F43F0C003D367A2F5A03240F2824390
:105E400013602A4B91766344917711765B01D17789
:105E50005DF8044B03609FED217B83ED007B83EDB8
:105E6000027B83ED047B83ED067B70470B8843FA4E
:105E70000CF4E407A7D51D4C6444B2EB441FA2D137
:105E800062B6C6E74FF0020CC8E74FF0030CC5E757
:105E90004FF0040CC2E74FF0050CBFE74FF0060CC3
:105EA000BCE74FF0070CB9E74FF0080CB6E74FF02E
:105EB000090CB3E74FF00A0CB0E74FF00B0CADE75D
:105EC0004FF00C0CAAE74FF00D0CA7E74FF00E0CAB
:105ED000A4E74FF00F0CA1E7AFF300800000000033
:105EE00000000000E8AC002000C00F4080740002F9
:105EF000174BD0E9002110B49A4215D00B684C68BA
:105F00001868144A20EA04005DF8044B1860106A0F
:105F100040F4C0101062906A20F00E2090621A685F
:105F200049680A431A6070470A684C681368094850
:105F300023EA04035DF8044B1360036B23F4FF436F
:105F400043F4C0730363136849680B4313607047DD
:105F500000C01A4000C00F400EB400B582B0064821
:105F600003AA52F8041B019202F0D0FD02B05DF8C2
:105F700004EB03B0704700BF184C0020F6EE006A37
:105F800091ED017AD1ED007A27EE267A67EEA67AB6
:105F900080ED017AC0ED007A704700BF2DE9F0472F
:105FA00004461546501CE268904214D822780E46EA
:105FB0006168520081F8A52040F20112A1F82F215A
:105FC0009BB167681A4A3968D1F80480904504D1BA
:105FD000B7F830218AB9BDE8F08719463846012262
:105FE000C0478046B8F1010FF5D12A463146204618
:105FF0000123BDE8F047F4F7C3B897F82F21892AA9
:106000000FD04FF00109C84607F1A500194610440A
:10601000424603F09BFB97F82F31994487F82F9164
:10602000E0E701214FF000097960C846ECE700BFC6
:1060300041400100B4EE400BF1EE10FA80F1A58072
:10604000B0EEC07B9FED6B6BB4EE467BF1EE10FAC9
:1060500000F390809FED697BB4EEC70BF1EE10FA70
:1060600000F381809FED677BB4EEC70BF1EE10FA71
:1060700000F1B680B5EEC00B30B5F1EE10FA2DEDA3
:10608000028B8DB07DD400259FED607B30EE070B39
:10609000FCEEC07BB8EE678B17EE903A30EE488B83
:1060A000002B76D1302321208DF82D303DB10138E1
:1060B0002D22C0B200F130036B4403F8242C554C60
:1060C00023782BB103ABC0F122011844F3F784F815
:1060D000B2EE046B2E2322788DF80C3028EE067B6E
:1060E000FCEEC75BCDED015A9DF8043005EE903A09
:1060F0003033B8EEE55B8DF80D3037EE457B27EE9B
:10610000067BFCEEC75BCDED015A9DF8043005EE31
:10611000903A3033B8EEE55B8DF80E3037EE457BC4
:1061200027EE067BFCEEC75BCDED015A9DF80430EF
:1061300005EE903A3033B8EEE55B8DF80F3037EE70
:10614000457B27EE067BBCEEC77B17EE103A30335B
:106150008DF810301AB1052103A8F3F73DF80DB002
:10616000BDEC028B30BD2B4B1B788BB103212A4831
:10617000F3F732B8274B1B7853B103212748F3F7C5
:106180002BB8B1EE400B01257EE7224B1B7863BB99
:106190007047234C092B4FF02100A4FB032E4FEA3C
:1061A000DE0E0EEB8E02A3EB420202F130028DF8FE
:1061B0002D207FF67BAFA4FB0E3201387146D2084A
:1061C000C0B2092902EB820300F1300CAEEB4303AD
:1061D0009646EC4403F130030CF8243CEBD865E719
:1061E0000C4B1B78002BC1D1704703210D48F2F7EF
:1061F000F3BF00BFFFFFFFFFFFFFEF7F000000E0E6
:10620000FFFFEF41000000E0FFFFEFC12F431CEB59
:10621000E2360A3FF8B1012098470020B04500203F
:10622000CDCCCCCCB84500202DE9F047884682B0D3
:106230000168174605460A9A002971D0446891F80A
:1062400013C0D4E9000ABCF1000F3FD072B691F838
:1062500013C01CF0010F08D04FF0E0294E69D9F8A7
:10626000804134408C62C9F880411CF0020F08D094
:106270004FF0E0298E69D9F884413440CC62C9F8E6
:1062800084411CF0040F08D04FF0E029CE69D9F802
:10629000884134400C63C9F888411CF0080F08D0CD
:1062A0004FF0E0290E6AD9F88C4134404C63C9F8AC
:1062B0008C411CF0100F08D04FF0E02E4E6ADEF833
:1062C000904134408C63CEF8904162B68C68844231
:1062D0001BD05C4C8860A469DFF87CC1C4F3011E4C
:1062E000C4F382645CF82EE00134BEFBF4FC0028A9
:1062F00040F08880A64506D30CF10104B4F5817FF7
:10630000C0F093805048C86000E0C8680968002465
:106310000C6103244C6208640120C1F860A008618C
:1063200095F90E10481C4FD17AB102F1FF395C1E6D
:106330000DF10706994414F8013F314628468DF8BF
:106340000730FDF7C1FCA145F5D17FB1013F08F150
:10635000FF340DF10706474414F8013F3146284643
:106360008DF80730FDF7B0FCBC42F5D195F90E3041
:106370005E1C38D12B6823B3DA7C12B3D50704D561
:10638000986A4FF0E021C1F80001940704D5D86A5B
:106390004FF0E021C1F80401500704D5186B4FF00D
:1063A000E021C1F80801110704D5586B4FF0E02136
:1063B000C1F80C01D20604D59A6B4FF0E023C3F864
:1063C000102102B0BDE8F087C9B23629ACD80C0163
:1063D0001E4800EB01110059CC68466826421CD0CB
:1063E000C0F88840A0E7DBB2362BC3D81901174AA2
:1063F00002EB03135258D9685068084211D0C2F812
:106400008410B7E784451BD3BCFBF0F4BCFBF4FC61
:1064100084457FF673AFA4466EE789680C48086030
:1064200082E79B680B4A1A60A4E7022C08D9023C59
:106430004FEA540C4FEA0C4040EA0C20204362E73C
:10644000002060E700C00F40FF7F7F00441E002057
:106450003830010038F001009C2300202DE9F8437A
:10646000044600680D4616468842A36816D8C2182E
:10647000914213D20F1A4FF001096EB103EB0608D7
:10648000626890450DD8B9F1000F1BD12946184418
:1064900002F0F4FBC4F80880BDE8F8834FF000096F
:1064A000EBE708F1010108F0BBFD0028F4D0A36878
:1064B000C4E90008002BE6D103702068A368B9F195
:1064C000000FE3D03246C119184403F03FF92368A6
:1064D000002203F80820DDE7F8B5002504460F4642
:1064E000056008462573C4E9015503F0D7F968B182
:1064F0000646013008F084FD40B139460570206041
:10650000C4E90166BDE8F84002F0B8BBF8BD00BFC1
:106510000368F0B45BB300249C600124DC60244C6D
:10652000244D1C44241145F8241003211A60224AEA
:1065300099600379214D13551378517820488B4287
:10654000C0F8285228BF0B469178D2788B4228BFDA
:106550000B46934228BF13461A484FF0E0224FF0F3
:10656000806180F87A30C2F80C11F0BC7047164E8A
:106570004FF0010C154CF56E154F45F44055F5667E
:10658000C7F800C0A568046075B1124DA669056022
:1065900066B11035A66A056046B1A56B303404605B
:1065A00015B10360F0BC70472346B8E72B46B6E749
:1065B00000BFF7BFA0720020504C00200512010060
:1065C0000054002000E400E000C00F4000410840FB
:1065D000004008401041084000000000F8B50446A3
:1065E0001546BAB143680E469A4206D8314620682D
:1065F000A560BDE8F84002F041BB511C006808F0FE
:106600000FFD074660B1A368C4E90005002BEDD17A
:106610000370EBE7036803B11A700023A360F8BDB1
:10662000206810B108F0F4FC27600023C4E90133AE
:10663000F8BD00BF0023036043608360C360036153
:1066400043617047494B024670B540F80C3B02F578
:106650009C75FFF7EFFF002402F1240302F13000E4
:1066600040F8044C40E903440C30A842F8D102F54C
:106670001075002440F8044C40E903440C30A84253
:10668000F8D1002002F2FC4582F8F444F6EE004A0C
:10669000286002F59676686002F204554FF0000E0D
:1066A0004FF6FF7C2860686002F20C552860686035
:1066B00002F23220516002F1100592ED057A0431A8
:1066C00092ED065AD2ED037A92ED046A1472A3F8A1
:1066D00000E0033303F801ECA3F805E183F807E1D8
:1066E00051ED016AD1ED005AF4EEE76AF1EE10FACD
:1066F000F4EEC65A77FEA67AF1EE10FAF4EEC76A07
:10670000D4BF0C462C46F1EE10FA01F10801B4EEAC
:10671000E55A94ED006AC2ED037A58BFB0EE667A8E
:1067200082ED046AF1EE10FA77EE275AD8BF11ED28
:10673000025A9E4282ED057A75EE066A82ED065A8D
:1067400065EEA45A66EEA46AC2ED075AC2ED086A65
:1067500020F802CFA0F8B0C0A0F860C1A0F810C225
:10676000B5D11046BDE87040E1F7BAB83C3E002014
:1067700010B4104C034680ED0B0A4FF0000C04607F
:1067800000201222996198829886C3F81CC0C3F831
:1067900020C0C3F824C0C3F828C0C3F830C0C3F871
:1067A00038C0C3E90100C3E90300181D5DF8044BBC
:1067B00008F014BB983E002026490346DFF8A0C02D
:1067C000002230B543F8081B0025014600F522746D
:1067D000C3F800C0203343F81CCC43F8182C43F80E
:1067E000142C43F8102C43F80C2C43F8082C43F8D5
:1067F000045CA342ECD100F55E74DFF868E04FF072
:10680000000C154AC3F800E00C3343F808CC43F8F9
:10681000042CA342F6D10022012400F52073A0F835
:1068200044250271C0F80825C0F80C25C0F81025D1
:10683000C0F81425C0F81825084A80F846450261BA
:1068400020308342FBD14FF03F4241F8202F994244
:10685000FBD130BDAC3E00200AD7233C000080BFF6
:106860006F12833ACDCC4C3D4FF07E5C70B5044640
:10687000C0F800C0C0F810C090B0C0F838C0002008
:106880001D4616462062E062A06460650B68606287
:106890000993214BA06220636063E0642065A065DA
:1068A000E0656060A060E0606061A061E061E0635D
:1068B000206460645868D1F808E0D1ED017A09A934
:1068C000B3F800C09A68DB680D9005A8CDED0A7A90
:1068D000CDF82CE0ADF830C00E920F93F5F700FD27
:1068E000059B01AA05A804F110010193069B0293E0
:1068F000079B0393089B0493F3F72CFD326873689E
:10690000B0682968226263626A68AB68A062E1626B
:106910002263636310B070BD746A002000234FF0DF
:106920007E52436002608360C360026143618361A1
:10693000C361036243628362C26202634263826331
:10694000C363036443648364C3640365436583650D
:10695000C365704710B54FF0040E0446944688B0E6
:1069600080F800E04FF07E5000226060E06120641B
:1069700060640020A4F848200DEB0E02A062E062E3
:10698000206360632062606291ED006AD1ED016A6C
:1069900002A99CED007ADCED017A37EE065AA06080
:1069A00077EEA65AE06020616061A061A0630E48A6
:1069B00084ED0A6AC4ED0B6A84ED0C7AC4ED0D7A9D
:1069C000E06304A88DED025ACDED035AFFF7D6FA25
:1069D00005991A46DDF810C06162211DC4F820C077
:1069E000F3F7B8FC08B010BD00002041002310B43C
:1069F00043600381054C0A888B78046082805DF8CF
:106A0000044B8371A0F8072043727047D83E0020E2
:106A10002DE9F04FCA4B0024CA4F4FF47A7ACA4886
:106A2000CA4ACB4DCB49CC4EDFF8D093DFF8D083A8
:106A30002DED028BC3E90007A0F580409C629C8786
:106A400083B0106007F170009462506007F1E000BD
:106A5000C3E90244C3E90444C3E91044C3E912444E
:106A6000C3E90644C3E90844C3E90B44C3E90D4440
:106A7000BA4BC2E90244C2E90444C2E90644C2E98D
:106A800008445860B64894879860B6481D609C8159
:106A90009C73B54BB54D99609C81B5499C73C2E917
:106AA0000B44C2E90D44C2E91044C2E91244B14AA0
:106AB000106007F59C7094815060AF4894739060AB
:106AC00007F5C872AD4807F5F877C3E90002AC4A8C
:106AD000AC4800F08BFDAA4AA549AB4800F086FD02
:106AE000A74AA349A94800F081FDA54AA849A94899
:106AF00000F07CFDA24AA849A84800F077FDA84B09
:106B00008822214606F11A0074603473C6F808A082
:106B1000348333613760C6F8149002F025F8892277
:106B2000214606F1A500A6F8A24086F8A44002F08E
:106B30001BF89C4B8822214605F11A002B6109F1B4
:106B400050032C732C83C6F82E41A6F832416B619A
:106B50002F6086F83441C5E9014AC6E94E4402F087
:106B600003F88922214605F1A500A5F8A24085F881
:106B7000A44001F0F9FF09F1A00388222146C5F8DD
:106B80002E41C8F8143008F11A00874BA5F832419D
:106B9000C8F808A0C8F8044088F80C40A8F81840C5
:106BA000C8F81030C8F80070002785F83441C5E9EE
:106BB0004E4401F0D9FF8922214608F1A500A8F82A
:106BC000A2407A4D88F8A44001F0CEFF4FF07E53EA
:106BD000C8F82E41A8F832412B606F60AF60EF60BB
:106BE00088F83441C8E94E44F6F7F8F8704A71491C
:106BF000714B11600421D46211634FF48071C2F8AB
:106C0000D470C2F8E41003F53851C2F8D870C2F855
:106C1000DC70C2F8E070C2F8E870C2F8EC70674A45
:106C20001A605C3303F8084C43F8047C9942F7D1AE
:106C3000534A4FF0010A56494FF0C809604800F026
:106C4000D5FC604B6048102260499A8004604C4A31
:106C500000F0CCFC5E4B5F481C86DF62C3F800A0EE
:106C60005D4B474A5D49A3F80490046000F0BEFC08
:106C70005B4BDFF890811C86C3F800A0DF62594BA4
:106C8000A3F80490F3F7BCFB4FF07C51DFF8789148
:106C90004FF07F43C8F80C104FF0804108F1140208
:106CA000DFF868C1C8F84410022108F1240EC8F8C2
:106CB000302088F804104C49A8F84C404FF4C874B0
:106CC000C8F8101009F11C01C8F83470C8F8201079
:106CD00009F13001C8F80870C8F854104349C8F8E1
:106CE0003870C8F868104249C8F83C70C8F86C1091
:106CF0004049C8F84070C8F870103F49C8F848705B
:106D0000C8F87410C8F85070C8F80090C8E9063385
:106D10004FF0FF23C8F814304FF07E5307CAC8F86D
:106D20005C30C8F86030C8F864308EE80700C8F8F6
:106D300078704FF48072C8F87C3009F13C0167E04C
:106D400094AB0020E43E002000003A40E4AB002079
:106D500000C01A4084AB0020E05E002068C2012021
:106D600064AB002000001B4078C30120E4A8002091
:106D7000DD6A010068C3012074AB002000000242FC
:106D8000FC4C0020CCB10120D4B10120E8B101209D
:106D900079DC0000484C0020616A0100284C00208A
:106DA00000003F4000803F4000C03F40C8C9012074
:106DB00078770020CDCC4C3EE8780020CDCC4C3DFF
:106DC000644C0020B46000203C600020516A010047
:106DD0004473002020600020387300202D600100E3
:106DE00000730020F4720020CDCCD440AE67BB3ECF
:106DF0008C65583EABAAAA3EABAA2A3E2C34006052
:106E000024AA002080620020F8400020000080BFFB
:106E1000C8F8803008F58670C8F88C30C8F894300F
:106E2000C8F8AC30C8F8B430C8F8C030C8F8C430BE
:106E3000C8F8E030C8F8E430C8F8F030C8F8F830E6
:106E4000C8F888C0C8F898C0C8F8A0C0C8F8A4C0DE
:106E5000C8F8B8C0C8F8CCC0C8F8D0C0C8F8D8C006
:106E6000C8F8ECC0C8F88470C8F89070C8F89C7076
:106E7000C8F8A870C8F8B070C8F8BC70C8F8C87076
:106E8000C8F8D470C8F8DC70C8F8E870C8F8F470B6
:106E9000C8F8FCC0C8F804C1C8F808C1C8F8007137
:106EA00002F054FC09F13C014FF4807208F50370C4
:106EB00002F04CFC08F12003C8F8583002F0F8FA50
:106EC000074602F0F5FA58FA80F058FA87F3013CC9
:106ED00090F80C1293F80C2283F80C1280F80C2214
:106EE000ECD1E849E84801F5007CE84FA0EB080048
:106EF000431858FA83F393F80C22A7FB02E301F836
:106F0000012F8C454FEAD30303EB4303A2EB83022B
:106F100081F80022ECD19FEDDE8A4FF00009DD48B8
:106F2000F7EE008ADC4A4FF0010BDC4980ED008A65
:106F3000A0F20C7000F05AFBD94BDA49C3F81C9050
:106F40001960596083ED028A83ED038A83ED048A18
:106F500083ED058A83ED068AD34BDFF8AC8383ED9E
:106F6000008A83ED018A4046D04BD14F83ED008AE1
:106F700083ED018ACF4BD04A83ED008A83ED018AED
:106F8000CE4B40F8047B83ED008A83ED018A4FF6F7
:106F9000FF73C2F81C901160516001A982ED028A52
:106FA00082ED038A82ED048A82ED058A82ED068AEB
:106FB000ADF804308DF80630FFF718FD6FF07F4311
:106FC000C8F81000A8F818909C22C8F814302021A6
:106FD00088F8729108F1380088ED078A88ED088AF0
:106FE00088ED098A88ED0A8A88ED0B8A88ED0C8A7B
:106FF00088ED0D8A01F0B8FDDFF810A39C22202156
:1070000008F1D40001F0B0FD4046A34AAC4900F0BD
:10701000EDFADFF8FC825046CAF808908AF80C9026
:107020009C22A849CAE90099FFF7D8FA50469A4A23
:10703000A54900F0DBFA4046C8F808909C2288F881
:107040000C90A249DFF8CCA2C8E90099FFF7C6FA74
:10705000914A9D49404600F0C9FA9D489D4B4FF02A
:10706000100880ED038AC3634FF4000380ED048AA7
:1070700003644FF4803380ED058A436407F1140301
:1070800080ED068A036080ED078A80ED088A80ED36
:10709000098A80ED0A8A80ED0B8A80ED0C8A80EDEA
:1070A0000D8AC0ED0E8A80ED128A80ED138A80ED84
:1070B000148AC0F804B0E5F74BFC07F120008AED14
:1070C000018AB6EE002ACAF8000007F12C0ADFF8A0
:1070D00048920221C5F810A0F0EE0C4ADFF83CA25D
:1070E000032289ED018A4FF0140EC5F82CA007F198
:1070F000380ADFED797AB1EE025AC9F800A04FF0F4
:107100001E0ADFED766A89F808A007F144099FEDB1
:10711000747ADFED742A9FED743ADFED743A9FEDD7
:10712000744AC5F8649007F1500985F8241085F871
:10713000341085F8441085F8541085ED058A85EDE6
:10714000068A85ED078AC5ED0A8AC5ED168A85EDA2
:107150001A8A85ED1D8A85ED082AC5ED187AC5EDD8
:107160000E6AC5ED126A85ED0F7A85ED137A85F802
:107170006C8085F87880C5ED0C2A85ED103AC5ED58
:10718000143A85ED174AC5F8709085ED208A85F888
:10719000901085F8A01085F8B01085F8C01007F1A0
:1071A0005C01DFF87CC1E96752499FED536AC5F87D
:1071B000981007F1680185ED232AC5F8D01007F172
:1071C0007401C5ED272ACCF800104C4985ED2B3A07
:1071D0000846C5ED2F3A85ED324A85F8D88085ED11
:1071E000218A85ED228AC5ED258AC5ED296AC5ED7E
:1071F0002D6A85ED2A7A85ED2E7AC5ED318AC5EDA9
:10720000337A85ED358AC5F8DC2085ED388A85ED41
:10721000396AC5ED3A7A8CED018A8CF808E0CCF831
:107220000C208CED048ACCED058AC1ED064A81ED77
:10723000018A81F808E0CA6081ED048AC1ED058AFF
:1072400007F180012E4BDFED2F5A016007F18C0111
:1072500083ED018A196083F808E01A7383ED048ACC
:10726000C3ED058A83ED065A1A7783ED088AC3EDCC
:10727000098AC3ED0A5A83F82C2083ED0C8A83ED2A
:107280000D6A4FE08B650020F5FCFFFFABAAAAAAB0
:10729000000000008C690020FC4C0020DDDC0000B8
:1072A000E46000206F12833A04610020906900209E
:1072B0003C420020BC720020C4600020C472002048
:1072C000D5DC00003C49002095580100DC49002035
:1072D0001C6A0020FFFF7F7FCDCC6C400000C0C245
:1072E0000000C04233331340CDCC2C409A99D93F93
:1072F0000000C84200409C450000B443CC78002008
:1073000074780020CDCC4C400C610020CC72002061
:10731000E0720020B0720020687800200000404237
:10732000B0780020C3ED0E7A07F19803CCED064A41
:10733000A437C5F8EC3085ED415A85ED3C8A85F8D7
:10734000F4E085F8F82085ED3F8AC5ED408A85F8A0
:10735000082185ED438AC5ED448AD5F83431C5ED61
:10736000455AD90785F8182185ED486AC5ED497A4F
:1073700085F830E1C5F8287185ED478A85ED4B8A9F
:1073800040F1EB80F3F73CF87A487B4900237B4DD2
:107390004FF0FF32436003614362C3628662426121
:1073A000C0F8332080F83720754A764E764FC0E912
:1073B00002117649C0E907338161754B7549C0E90F
:1073C0001653016007237449C0E91913734900F08B
:1073D0000DF9F3F715F8724B0421724A31701968F0
:1073E0001B685B0807EE103A4B086F4906EE103A2F
:1073F000B8EEC77B3960B8EEC66B9FED5C5B26EEDE
:10740000056B27EE057BBCEEC66BFCEEC77B16EE6C
:10741000103A538017EE903A0133138022F01F0385
:107420000432BFF34F8F4FF0E021C1F8683F2033A3
:107430009A42FAD8BFF34F8FBFF36F8F337813B3ED
:107440004FF000084FF0E02538684FF452620021F9
:10745000204401F089FB3A68224422F01F0302F520
:107460005262BFF34F8FC5F8683F20339A42FAD873
:10747000BFF34F8FBFF36F8F08F10108337804F526
:1074800052649845E0DB494B002203F5C04143F8C4
:10749000042C43E903220C338B42F8D144480126E3
:1074A000444B82825A639A63826182628286424935
:1074B000424C196201F54051414D5962DE751D6023
:1074C000DC6240498683C0E90822C0E90E22C0E997
:1074D000102205224260C2604FF0FF320261C26298
:1074E000FF2283F828204FF04012C3F80A20364BC1
:1074F000234A0360042383606FF47F03036300F077
:1075000075F8324B324A04F22C6132481E7004F591
:1075100003731060002243F8042C43E903220C3368
:107520008B42F8D12C4B01202C49D875FF2001F556
:1075300004745A639A6383F8280001F58460284A2A
:107540001D60D862C3F80A20C3E9081403B0BDEC7B
:10755000028BBDE8F04FF5F79DBC094A214922484E
:10756000C5F834B100F042F80CE700BFF9978B95ED
:107570002411E23E4460002080004000801A060092
:10758000FC4C0020F8C2012078B10120010100016B
:10759000A0860100F037002000093D0001660100CF
:1075A000084C0020F0B101204833202030D30120C6
:1075B00000C30120B8C2012024D3012000CB012048
:1075C000EC4200208179000018220020FDC2012039
:1075D0003CBC01208030202078C2012000CD012059
:1075E000B000010079DC00006C4C00200346084626
:1075F000194601F00BBB00BF08B52DED028BB0EEB4
:10760000408A00F053FDB4EE488AF1EE10FA0FD62E
:10761000B5EEC08AF1EE10FA0AD8B5EE408AF1EE66
:1076200010FA08D101F046FA22239FED090A0360FF
:10763000BDEC028B08BD01F03DFABDEC028B0346A8
:1076400021221A600348BDE8084000F0E5BA00BFF7
:10765000000080FFE046002008B52DED028BB0EE63
:10766000408A00F00DFBB4EE488AF1EE10FA06D61F
:10767000DFED098AB4EEE88AF1EE10FA02D4BDEC2F
:10768000028B08BD01F016FA88EEA80ABDEC028B49
:107690002123036008BD00BF000000002DE9F04F6A
:1076A0005BEC10AB2DED0A8B4FEA1B5C11EE90EA00
:1076B0000CF1FF3640F2FD70864210EE101A11EE0A
:1076C000103A89B05A4665464FEA1E5400F2C68009
:1076D000C4F30A06A6F2BE367F2E98BF002000F241
:1076E000BD80BFEE000BE14CE14B1444C4F34635C2
:1076F00003EB451693ED006B93ED027B96ED128B39
:1077000096ED189B96ED162B260D241505EE904A46
:10771000360593ED0C4BB8EEE55B951BA5EE062BFD
:10772000A5EE079B93ED04AB93ED105B93ED08BBC7
:1077300093ED067B93ED0A6B93ED0E3B0C1E45EC2F
:107740001C4BACEE080BA0EE053BA0EE046B20EE4C
:107750000A5B30EE024B20EE058BA0EE0B7BA8EE11
:10776000036B32EE442BA8EE067B32EE002BB0EE1C
:10777000483B39EE022B95EE003B34EE085B20EEE1
:10778000080B34EE454B32EE036B34EE084B36EE0D
:10779000046BA0EE076B35EE064B21EE048B18EE62
:1077A000902AB0EE487BC2F30A556FF47273EB185F
:1077B0003E2B91EE047B35EE445B35EE065BA1EE8D
:1077C000057B00F29380AB4B93ED024B93ED005B96
:1077D000B0EE441B93ED042BA8EE051B93ED066B56
:1077E00011EE101A31EE441B01F07F0293ED0E4BA7
:1077F000A1EE028BA1EE068B93ED0C6B37EE087BAE
:1078000027EE072B921802F10F0403EBC202A7EE3A
:10781000046B92ED1C4B03EBC40293ED0A3B93ED1A
:10782000085B53F834605768A7EE035B40180024E8
:1078300022EE023B37EE047BA219A2EE057B07EB9A
:107840004033A3EE067B002D5FD043EC102BA7EE58
:10785000000B09B0BDEC0A8BBDE8F08FD8184EEBD9
:107860000E09461E37466FF0010849F1FF36B8454C
:107870006FF4001777EB0606C0F02081481842EB42
:107880000209461E374669F10006B8456FF4001735
:1078900077EB0606C0F03981002A6ADB0020C4F3CA
:1078A0000A06A6F2BE337F2B40F2FF774FD9724B08
:1078B00000209A4208BF814200F0FD8040F2BD35B1
:1078C000AE4240F29180012972EB030334BF0123E1
:1078D0000023BC428CBF00240124A3420ED109B076
:1078E000BDEC0A8BBDE8F04F00F060BC002BC0F28D
:1078F000CE80B5F5816F75D9002AF0DB09B0BDECFB
:107900000A8BBDE8F04F00F059BCA14280F2138110
:10791000B7EE003B03F17F5101F50011104641EC39
:10792000150B27EE057B35EE076BB0EEC64BB4EEBC
:10793000C34BF1EE10FA61D49FED480B26EE000B1D
:1079400009B0BDEC0A8BBDE8F04F00F067BC002D1C
:107950007FF4C7AE9FED437B4BEC16AB26EE077B67
:1079600053EC172B23F0004217EE101AA2F15072BD
:10797000B7E6C4F30A0640F2FE3086427EDD40F2EE
:107980003340864200F3FA80801BA0F120054FF0BF
:10799000FF374FF0FF39874009FA05F9C0F1200899
:1079A000019547EA09054FF0FF3727FA08F945EA3C
:1079B0000905874023EA07072EEA05053D435DD107
:1079C000019DC3400EFA08F843EA08032EFA05FEAB
:1079D00043EA0E0303F00103980422F00042CCF3C3
:1079E0000A055EE70025EEE688429341B7EE000BFC
:1079F00034BF31EE000B30EE410B2AE7B5EEC06B21
:107A0000F1EE10FA35EE465BBFEE004B35EE075B4C
:107A100058BFB0EE434B36EE043B34EE437B37EEBB
:107A2000067B37EE057B37EE037B37EE446BB5EE16
:107A3000406BF1EE10FA04D12A4601F0004343EC0A
:107A4000162B9FED065B8DED045B9DED047B27EE11
:107A5000057B8DED067B6FE7AFF300800000000033
:107A6000000010000000000000003043AB6A19C0A5
:107A7000000D0020800200200000F03F4BEC10AB16
:107A800009B0BDEC0A8BBDE8F04F00F0B7BBB7EE14
:107A9000000B38EE000B00283FF4DBAEB1EE400BDC
:107AA000D7E64918594B82F400224FF000005241AA
:107AB000884293415DD3B7EE000BCAE650EA090451
:107AC000EFD0534C0025A24208BFA94247D0491825
:107AD000504B52418D4273EB02044AD3994508BF83
:107AE000A84246D103F100439A4208BFA942E2D01E
:107AF0009A426FEA0E0E34BF002201224FEADE7E68
:107B0000724577D09FED3D0BA3E64BEC17AB002AF7
:107B100027EE070B34DB002250EA09095DD1BEF1E4
:107B2000000FBFF696AE104609B0BDEC0A8BBDE85B
:107B3000F04F00F04BBB03F140419FED326B01F57C
:107B40007001104641EC100BA7EE000B20EE060B67
:107B500009B0BDEC0A8BBDE8F04F00F06BBBDB1841
:107B60002A4A8EF4002E4EEB0E0E9D4272EB0E0250
:107B7000A1D24BEC17AB37EE010B6AE600202CE7E5
:107B8000C4F30A02A2F2FF313429C4D8C2F58662D6
:107B90004FF0FF31A2F11D05033201FA05F701FA9A
:107BA00002F4C2F120063C4321FA06F73C4391401F
:107BB00023EA01012EEA04042143ACD123FA02F2A4
:107BC0000EFA06F632432EFA05F52A4312F00102A8
:107BD000A2D0B1EE400B01229EE7BEF1000FBFF62E
:107BE00038AEB7EE006B86EE007B8DED027B9DED2F
:107BF000020B2EE621EE010B2BE600BF0000000079
:107C000000000000000000000000007F0000F0FF06
:107C10000000F03F0000E0FF9FED010A704700BF49
:107C20000000C07F00F07EBB08B52DED028BF0EEAA
:107C3000408AB0EE608A00F01BFCF4EE488AF1EE58
:107C400010FA06D6DFED098AB4EE688AF1EE10FA72
:107C500002D0BDEC028B08BD00F02CFF88EEA80A14
:107C6000BDEC028B2123036008BD00BF00000000B3
:107C700010EE103A23F0004300EE103A704700BFB8
:107C8000B1EEC00A704700BF0000000030B510EE32
:107C9000104AC4F30A53B3F57D7FB7EEC06A83B0D0
:107CA0001BD226EE065BB3F5667F6ED326EE052B60
:107CB00025EE021B734B93ED1A3B93ED187B93ED6E
:107CC000164BA5EE037BA2EE046BB0EE460BA7EEBF
:107CD000010BB7EEC00B03B030BD40F22E42934211
:107CE0005ED8684991ED087B26EE077BFDEEC77BE9
:107CF00091ED0A5B17EE903A03F500031B1613F0A3
:107D0000020F07EE903A01F1700208BF0A46D80749
:107D1000B8EEE77BA7EE456B26EE067B1BD403F09F
:107D2000030301EBC30192ED1A4B91ED002B92ED91
:107D3000185B26EE026B92ED163BA7EE045B26EE77
:107D4000074B27EE047BA4EE036BA5EE076BB7EEA3
:107D5000C60B03B030BD92ED142B27EE075B92EDFE
:107D6000126B92ED0E3BA7EE026B92ED0C0B92EDB7
:107D7000104BA7EE030B27EE057BA5EE040BA6EE3A
:107D8000070BB7EEC00B03B030BD220D12F4FF6F2E
:107D9000DFD1B7EEC55B00EE104A8DED015AD8E792
:107DA000B3F5FF6F4BD2384BC4F3836203EB820011
:107DB00053F822200569C4F31603C4F3C25143F4F7
:107DC00000038B40016A03FB02F2A3FB0110E3FBFB
:107DD000050202F100518D0F01F04041511A00F0EF
:107DE0003BFE2A4B9FED257B05EBD47441EC160B33
:107DF00014F0020FA3F1700208BF1346E90726EE44
:107E0000077B27EE076B1FD404F0030402EBC402C8
:107E100093ED1A4B92ED002B93ED185B27EE027B4E
:107E200093ED163BA6EE045B27EE064B26EE046BA5
:107E3000A4EE037BA5EE067BB7EEC70B89E703B084
:107E4000BDE8304000F022B993ED142B26EE065B1E
:107E500093ED127B93ED0E3BA6EE027B93ED0C0BA4
:107E600093ED104BA6EE030B26EE056BA5EE040B6F
:107E7000A7EE060BB7EEC00B6BE700BF182D4454FE
:107E8000FB21193C481D00206C430020B81D002038
:107E90000000000038B510EE104AC4F30A53B3F5E1
:107EA0007D7FB7EEC07A1ED227EE077BB3F5667FE3
:107EB0006FD327EE071B634B93ED142B93ED125BEF
:107EC00093ED0E3BA7EE025B93ED0C0B93ED104B85
:107ED000A7EE030B27EE017BA1EE040BA5EE070B2B
:107EE000B7EEC00B38BD40F22E42934254D85549EC
:107EF00091ED086B27EE066BFDEEC66B91ED0A5B0C
:107F000016EE903A03F500031B1613F0020F06EE6F
:107F1000903A01F1700208BF0A46D807B8EEE66B46
:107F2000A6EE457B27EE076B1AD503F0030301EBA2
:107F3000C30191ED002B92ED1A4B92ED185B92ED7F
:107F4000163BA6EE045B27EE027B27EE064B26EEE1
:107F5000046BA4EE037BA5EE067BB7EEC70B38BD22
:107F600092ED142B92ED127B92ED0E3B92ED0C0BE9
:107F700092ED104B26EE065BA6EE027BA6EE030BFF
:107F800026EE056BA5EE040BA7EE060BB7EEC00BB5
:107F900038BDB7EE000A38BDB3F5FF6F3DD22A4BAE
:107FA000C4F3836203EB820053F822200569C4F313
:107FB0001603C4F3C25143F400038B40016A03FB70
:107FC00002F2A3FB0110E3FB050202F100518D0F49
:107FD00001F04041511A00F03FFD1C4B9FED177B13
:107FE00005EBD47441EC160B14F0020FA3F17002F0
:107FF00008BF1346E90726EE077B27EE076B10D56F
:1080000004F0030402EBC40292ED002B93ED1A4B33
:1080100093ED185B93ED163B93E7BDE8384000F015
:1080200035B893ED142B93ED127B93ED0E3B93ED4E
:108030000C0B93ED104B9DE7AFF30080182D4454CB
:10804000FB21193C481D00206C430020B81D002076
:1080500010B582B08DED010A044600F02BFD9DEDB8
:10806000010A046002B010BD9FED070AFFEE007A1E
:10807000B7EE007A00284FF0220047FE277A87EEFD
:10808000800AFFF7E5BF00BF0000000070EE407AF5
:10809000B4EE400A87EEA77AF1EE10FAB0EE470A86
:1080A00002D62120FFF7D4BF704700BF08B510EEFD
:1080B000103A33F000422DED028B2BD0002B32DB37
:1080C000B3F1FF4F41DAB3F5000F35DB0021DA15CC
:1080D0007F3A0A44D10FC1F17F0102EBD272C3F3A0
:1080E000160307EE902A43EAC15300EE103AB8EEA9
:1080F000E78A00F0B3F8DFED177A9FED177A20EEEC
:10810000270ADFED167AA8EE070AA8EE270ABDECCB
:10811000028B08BDBDEC028B9FED117ADFED117A69
:1081200087EE270A08BDBDEC028B70EE407A9FED0A
:108130000D7A87EE870A08BDDFED0B7A60EE277AAD
:108140006FF0180117EE903AC1E7BDEC028B30EEEC
:10815000000A08BDD95BDE3EDB27543580209A3EFD
:10816000000000CC000000000000004C10B582B000
:108170008DED000B044600F09DFC9DED000B0460AE
:1081800002B010BD82B058B1B1EE407B8DED007BE6
:108190009DED007B222020EE070B02B0FFF7E6BF2B
:1081A000B0EE407BF2E700BF000000009FED010B46
:1081B000FFF7E8BF00000000000000109FED010B7A
:1081C000FFF7E0BF000000000000007082B0002850
:1081D000B7EE006BBFEE007B06FE077B8DED007BEC
:1081E0009DED000B9FED037B222080EE070B02B07C
:1081F000FFF7BCBF0000000000000000B4EE400B21
:10820000F1EE10FA30EE407B87EE076BB0EE460BD6
:1082100002D62120FFF7AABF704700BFB5EE400B82
:10822000F1EE10FA00D070472220FFF79FBF00BF89
:10823000000000009FED076BB0EEC07BB4EE467B04
:10824000F1EE10FA00DC70472220FFF78FBF00BF6D
:10825000AFF30080FFFFFFFFFFFFEF7F10EE103A4C
:10826000B3F17E5F10EE102A38D0A3F50001B1F112
:10827000FE4F36D2BFEE000B02F14043264903F514
:108280004D03C3F3C34001EB001091ED404B91ED62
:10829000445B91ED467B91ED426BD90DC90590EDA4
:1082A000002B521A03EE902A90ED021BDB15B7EE5D
:1082B000E33AA2EE030B03EE903A20EE002BA5EE7C
:1082C000007BB8EEE33BA6EE027BA3EE041B30EE90
:1082D000010BA2EE070BB7EEC00B70479FED0F0A24
:1082E0007047590014D0B3F1FF4F14D0002B0BDBB3
:1082F000B1F17F4F08D2DFED0A7A60EE277A17EEF0
:10830000903AA3F13862B5E700EE103AFFF7BEBE2F
:108310000120FFF7A9BE7047F00A0020000000000E
:108320000000004B10B582B0CDED010A019B23F097
:108330000042B2F1FF4FF0EE407A30DC10EE100A4E
:1083400020F00041B1F1FF4F29DCB3F17E5F40D056
:108350009C1704F0020444EAD07431B372B3B2F152
:10836000FF4F3ED0B1F1FF4F28D0891AB1F1F45F31
:108370004FEAE15232DA002B40DA3C323EDA9FED2E
:10838000330A012C4CD0022C41D064B19FED307ADD
:10839000DFED307A30EE070A30EE670A03E09DED3C
:1083A000017A37EE270A02B010BD022C0ED09FEDE5
:1083B0002A7A032C07FE000A02B010BD9FED270A9F
:1083C000DFED277A002820FE270AECE79FED210A3F
:1083D000E9E702B0BDE8104000F0DAB89FED1F0AEF
:1083E000CFE7B1F1FF4F04F1FF3420D0022C26D8A3
:1083F0001C4B03EB840393ED000AD4E79DED017A57
:1084000087EE870AFFF734FC00F0C2F8B9E79FED6A
:10841000107ADFED107A30EE070A37EEC00AC2E7B5
:1084200010EE103A03F1004300EE103ABBE7022CC5
:1084300008D80D4B03EB840393ED000AB3E79FEDDF
:10844000030AB0E79FED090AADE700BF0000000096
:108450002EBDBB33DB0F4940DB0F49C0DB0FC93FEB
:10846000DB0FC9BF184300200C430020DB0F493F3E
:1084700030B583B0CDED010A019D35F0004041D00B
:1084800010EE10EA2EF00041B1F1FF4F3ADAB0F1F0
:10849000FF4F37DC81423BDB0EF000443AD01EF048
:1084A000FF4F56D10B02002B6FF07D0204DD5B0005
:1084B000002B02F1FF32FADC15F0FF4F58D1030216
:1084C0006FF07D0C03D45B000CF1FF3CFBD512F187
:1084D0007E0F47DBCEF3160E4EF400031CF17E0F29
:1084E0003ADBC5F3160141F40000B2EB0C0204D1F3
:1084F00017E00FD04B00013A13D0191A0029F8DA0F
:108500005B00F8E7DDED017A60EE277A87EEA70AD7
:1085100003B030BD1D4B03EB547393ED000A03B061
:1085200030BD181A58BF03461BB9F3E75B000CF1C6
:10853000FF3CB3F5000FF9DB1CF17E0F1DDBA3F54B
:1085400000030CF17F0C234343EACC5300EE103AB6
:10855000DEE7CA157F3AAFE76FF07D01A1EB0C01B2
:108560008840C2E76FF07D039B1A01FA03F3B5E779
:108570004FEAE05CACF17F0CA9E76FF07D02A2EB63
:108580000C021341234300EE103AC1E724430020BC
:1085900038B510EE105A25F00044B4F1A14FF0EEBA
:1085A000407A0ADBB4F1FF4F58DCDFED517A9FEDE2
:1085B000517A002D37FE870A38BD4F4B9C425CDC58
:1085C000B4F1445F4DDB4FF0FF3327EEA76ADFEDD8
:1085D0004B6ADFED4B5ADFED4B4A9FED4B5A9FED57
:1085E0004B4A26EE067A5A1CE7EE265ADFED486A19
:1085F000A5EE875AE7EE246ADFED465ADFED464ADC
:10860000E6EE875AA5EE074A9FED445ADFED446A2D
:10861000A5EE875AE4EE074ADFED425AE4EE876A98
:10862000E5EE075A66EE866A65EE875A3AD03E4A0C
:1086300002EB830276EEA56A92ED007A3B4A96EE53
:10864000A77A02EB8303002DD3ED006A77EE677AF9
:1086500036EEE70AB0DAB1EE400A38BD30EE000A75
:1086600038BD9FED337A30EE077AF7EE006AB4EE4C
:10867000E67AF1EE10FAA6DD38BDFFF7F9FA2D4BD8
:108680009C4216DCA3F5D0039C4227DCF0EE007A76
:10869000BFEE007AA0EE277A002330EE270AC7EE5D
:1086A000007A92E776EEA56AE6EEE77AB0EE670A20
:1086B00038BD214B9C420BDCF7EE087AB7EE007A0E
:1086C000A0EE277A022330EE670AC0EE077A7CE735
:1086D000BFEE007AC7EE007A032376E7F7EE007A62
:1086E00030EE677A30EE270A0123C7EE007A6CE796
:1086F000DB0FC93FDB0FC9BFFFFFDF3ED769853CFA
:1087000059DA4B3D21A215BD356B883D6E2EBA3D21
:108710006BF16EBD95879DBD2549123E388EE3BD38
:10872000ABAAAA3ECDCC4CBE00460020F0450020AE
:10873000CAF24971FFFF973FFFFF1B4081F00041E4
:1087400002E000BF83F0004330B54FEA41044FEA36
:10875000430594EA050F08BF90EA020F1FBF54EAD1
:10876000000C55EA020C7FEA645C7FEA655C00F06D
:10877000E2804FEA5454D4EB5555B8BF6D420CDD3E
:108780002C4480EA020281EA030382EA000083EAC1
:10879000010180EA020281EA0303362D88BF30BD61
:1087A00011F0004F4FEA01314FF4801C4CEA1131B7
:1087B00002D0404261EB410113F0004F4FEA033316
:1087C0004CEA133302D0524263EB430394EA050FA1
:1087D00000F0A780A4F10104D5F1200E0DDB02FA10
:1087E0000EFC22FA05F2801841F1000103FA0EF2A4
:1087F000801843FA05F359410EE0A5F120050EF16A
:10880000200E012A03FA0EFC28BF4CF0020C43FA9A
:1088100005F3C01851EBE37101F0004507D54FF0A7
:10882000000EDCF1000C7EEB00006EEB0101B1F5F7
:10883000801F1BD3B1F5001F0CD349085FEA30003D
:108840004FEA3C0C04F101044FEA445212F5800F48
:1088500080F09A80BCF1004F08BF5FEA500C50F1E5
:10886000000041EB045141EA050130BD5FEA4C0CC8
:10887000404141EB0101013C28BFB1F5801FE9D225
:1088800091F0000F04BF01460020B1FA81F308BF48
:108890002033A3F10B03B3F120020CDA0C3208DD14
:1088A00002F1140CC2F10C0201FA0CF021FA02F1EF
:1088B0000CE002F11402D8BFC2F1200C01FA02F15F
:1088C00020FA0CFCDCBF41EA0C019040E41AA2BF84
:1088D00001EB0451294330BD6FEA04041F3C1CDA4C
:1088E0000C340EDC04F11404C4F1200220FA04F06C
:1088F00001FA02F340EA030021FA04F345EA030116
:1089000030BDC4F10C04C4F1200220FA02F001FAD7
:1089100004F340EA0300294630BD21FA04F0294659
:1089200030BD94F0000F83F4801306BF81F48011F2
:108930000134013D4EE77FEA645C18BF7FEA655C65
:1089400029D094EA050F08BF90EA020F05D054EA37
:10895000000C04BF1946104630BD91EA030F1EBF3C
:108960000021002030BD5FEA545C05D14000494140
:1089700028BF41F0004130BD14F580043CBF01F533
:10898000801130BD01F0004545F0FE4141F4700119
:108990004FF0000030BD7FEA645C1ABF19461046F4
:1089A0007FEA655C1CBF0B46024650EA013406BFF5
:1089B00052EA033591EA030F41F4002130BD00BFB4
:1089C00090F0000F04BF0021704730B54FF4806471
:1089D00004F132044FF000054FF0000150E700BFF2
:1089E00090F0000F04BF0021704730B54FF4806451
:1089F00004F1320410F0004548BF40424FF000013E
:108A00003EE700BF42004FEAE2014FEA31014FEA80
:108A100002701FBF12F07F4393F07F4F81F06051CF
:108A2000704732F07F4208BF704793F07F4F04BF1A
:108A300041F40021704730B54FF4607401F00045F7
:108A400021F000411CE700BF50EA010208BF704757
:108A500030B54FF000050AE050EA010208BF704748
:108A600030B511F0004502D5404261EB41014FF4B1
:108A7000806404F132045FEA915C3FF4D8AE4FF0B9
:108A800003025FEADC0C18BF03325FEADC0C18BF9C
:108A9000033202EBDC02C2F1200300FA03FC20FAED
:108AA00002F001FA03FE40EA0E0021FA02F114443A
:108AB000BDE600BF014B1868704700BF8852002018
:108AC000F0B5ADF5057D04AF009313464FF4007289
:108AD0000E460392394603AA054600F005FE88B10A
:108AE00004460246039B3146284601F06BF9BC421E
:108AF000039004D02846214600F08EFF03980DF520
:108B0000057DF0BD4FF0FF30F9E700BF10B4054C14
:108B10008446134620685DF8044B0A466146FFF719
:108B2000CFBF00BF8852002000B50B4C256814460B
:108B3000EE681A4685B003460D464CB107490095CC
:108B4000CDE901143046064901F09EF8F2F750FFD6
:108B500004490C46F3E700BF885200202C43002054
:108B60003C430020E0460020830730B548D0541E27
:108B7000002A3FD0CAB2034601E0013C3AD303F8D1
:108B8000012B9D07F9D1032C2DD9CDB245EA05253E
:108B90000F2C45EA054536D9A4F1100222F00F0C3E
:108BA00003F1200EE6444FEA121C03F1100242E9E1
:108BB000045542E9025510327245F8D10CF1010218
:108BC00014F00C0F03EB021204F00F0C13D0ACF1F5
:108BD000040323F003030433134442F8045B934279
:108BE000FBD10CF003042CB1C9B21C4403F8011BE7
:108BF0009C42FBD130BD64461346002CF4D1F9E70A
:108C000003461446BFE71A46A446E0E713460A4661
:108C10000146022003F0D2BE70B50D4E0D4D761BFD
:108C2000B61006D0002455F8043B01349847A642FC
:108C3000F9D1094E094D761B06F008FAB61006D098
:108C4000002455F8043B01349847A642F9D170BD81
:108C50009822006098220060A022006098220060A4
:108C6000704700BF704700BF704700BF704700BF2C
:108C7000014B93F828017047004D002080EA010263
:108C8000844612F0030F4FD111F0030F32D14DF88B
:108C9000044D11F0040F51F8043B0BD0A3F1013245
:108CA0009A4312F0803F04BF4CF8043B51F8043B58
:108CB00016D100BF51F8044BA3F101329A4312F0D0
:108CC000803FA4F101320BD14CF8043BA24312F0D7
:108CD000803F04BF51F8043B4CF8044BEAD02346D4
:108CE0000CF8013B13F0FF0F4FEA3323F8D15DF886
:108CF000044B704711F0010F06D011F8012B0CF84E
:108D0000012B002A08BF704711F0020FBFD031F8C5
:108D1000022B12F0FF0F16BF2CF8022B8CF800204C
:108D200012F47F4FB3D1704711F8012B0CF8012BCF
:108D3000002AF9D1704700BF436C70B505460C4658
:108D40004BB153F8240080B1026843F8242000237B
:108D5000C0E9033370BD2122042100F0C9FB0346A2
:108D600068640028EDD1002070BD012101FA04F6ED
:108D7000721D9200284600F0BBFB0028F3D0C0E92A
:108D80000146E4E731B1436C4A6853F822000860B9
:108D900043F82210704700BF2DE9F0410E6980466C
:108DA0000F461D4601F1140E0020DEF800108CB2B3
:108DB00002FB0453090C4FEA134C02FB01CC0130B7
:108DC0009CB204EB0C4486424EF8044B4FEA1C451F
:108DD000EBDC3DB1BB68B34207DD07EB8603013630
:108DE0005D613E613846BDE8F081796840460131F9
:108DF000FFF7A2FF0446B0B13A69023207F10C0155
:108E000092000C3000F0A2FCD8F844307A6853F895
:108E10002210396043F82270274607EB860301369B
:108E20005D613E61DEE7034B03482246BA21FFF74E
:108E30007BFE00BFCC430020E0430020030C1B045A
:108E4000D3B90004102310F07F4F04BF0002083391
:108E500010F0704F04BF0001043310F0404F04BF06
:108E600080000233002805DB10F0804F03F101037E
:108E700008BF2023184670470023E4E7036813F077
:108E8000070208D0D9071FD49A0722D55B080360D0
:108E900001221046704799B209B91B0C1022D9B2B1
:108EA00009B908321B0A190704BF1B0904329907C4
:108EB00004BF9B080232D90703D45B0802F1010208
:108EC00005D00360104670470022104670472022EC
:108ED000DFE79B08022203601046704738B5436CF9
:108EE00004460D464BB15868B0B102685A60002282
:108EF0000123C0E90435C26038BD2122042100F0FD
:108F0000F7FA034660640028EDD1094B09480022B6
:108F100040F24511FFF708FE1C220121204600F017
:108F2000E7FA0028F1D001220223C0E90123DEE79D
:108F3000CC430020E04300202DE9F04F0E69156975
:108F4000AE4285B08846144605DB2A4623463546A0
:108F50000C4616469846A3686168AF19BB42B8BF75
:108F60000131FFF7E9FE0190002800F08780019BA6
:108F700003F1140909EB870AD14505D24B460022BB
:108F800043F8042B9A45FBD808F1140808EB860B2C
:108F900004F11403D8451A4603EB85055FD22B1B59
:108FA000153B23F0030304331534A54238BF0423D3
:108FB000CDE902A7AC461F46924605E0090C29D12F
:108FC000C34509F1040948D958F8041B8DB2002D96
:108FD000F4D056464C46002356F8041B22681FFA6C
:108FE00081FE90B2090C05FB0E00120C034405FB38
:108FF000012202EB13429BB243EA0243B44544F818
:10900000043B4FEA1243E7D849F8073058F8041CEC
:10901000090CD5D0D9F8003050461A464C460026E7
:109020000588120C01FB052216449BB243EA064355
:1090300044F8043B50F8045B22682D0C93B201FB0A
:10904000053303EB164384454FEA1346E8D8C3457E
:1090500049F8073009F10409B6D8DDE902A7002F65
:1090600002DC05E0013F03D05AF8043D002BF9D0A3
:10907000019B18461F6105B0BDE8F08F034B044803
:10908000019A4FF4B171FFF74FFD00BFCC430020B0
:10909000E043002012F003032DE9F0411446064698
:1090A00032D10D46A41020D0D6F84080B8F1000F80
:1090B00033D0E3074FF0000707D4641015D0D8F879
:1090C0000000A8B18046E307F7D54246294630465E
:1090D000FFF732FFB5B16968736C641053F8212053
:1090E0002A6043F821500546E9D12846BDE8F081C1
:1090F000424641463046FFF71FFFC8F800000760B0
:109100008046E0E70546D8E7013B0F4A52F82320A6
:109110000023FFF741FE0546C4E701213046FFF773
:109120000BFE804640B1012340F27122C0E90432B7
:10913000002330640360BCE7044B0548424640F21C
:109140004511FFF7F1FC00BF30460020CC43002062
:10915000E04300202DE9F0470D4614462F69AB6827
:10916000496807EB62177E1C9E4280464FEA6219EF
:1091700004DD5B009E4201F10101FADC4046FFF78D
:10918000DBFD8446002852D0B9F1000F00F1140233
:109190000EDD09F105014FEA810E134600EB810156
:1091A000002043F8040B8B42FBD1AEF114031A44A8
:1091B000296905F1140314F01F0E03EB81012ED071
:1091C000CEF1200910464FF0000A1C6804FA0EF494
:1091D00044EA0A0440F8044B53F8044B994224FA39
:1091E00009FAF2D84B1B153B23F00303043305F1B6
:1091F0001500814238BF0423BAF1000F18BF37466B
:1092000042F803A0D8F844306A68CCF8107053F8DC
:1092100022102960604643F82250BDE8F087043AE6
:1092200053F8040B42F8040F9942F9D8EAE7034BCC
:10923000034862464FF4EF71FFF776FCCC43002001
:10924000E04300200B6984460069C01A16D10CF176
:10925000140C14310CEB830210B401EB830301E016
:10926000944508D252F8044D53F8041D8C42F7D0AF
:1092700005D24FF0FF305DF8044B70477047012076
:109280005DF8044B704700BF2DE9F84F0F69136973
:10929000FF1A002F0E4690467FD101F114051432BB
:1092A00002EB830205EB830301E09D4278D253F881
:1092B000041D52F8044DA142F7D069D37168FFF73D
:1092C0003BFD8146002877D03569D8F81020C7606B
:1092D00008F1140E06F1140009F1140A06F1100148
:1092E0000EEB820200EB850756464FF0000C5EF84D
:1092F000044B51F804BFA3B21CFA8BFCACEB030384
:109300004FEA144CCCEB1B4C0CEB234C9BB243EAC6
:109310000C43724546F8043B4FEA2C4CE7D8A2EBCD
:109320000801153908F11508424521F0030404F13C
:10933000040438BF0424204421F0030238BF002273
:1093400087425244544418D92646014651F8043BFA
:109350001CFA83FC4FEA2C4202EB13421FFA8CFCEE
:109360004CEA02438F4246F8043B4FEA224CEDD8C8
:10937000013F3F1A27F00307E21923B952F8043DD1
:10938000013D002BFAD0C9F810504846BDE8F88FCF
:10939000334601274646984690E7F9DB00278DE7DC
:1093A0000021FFF7C9FC814668B101220023C9E909
:1093B00004234846BDE8F88F064B07484A4640F26A
:1093C0004521FFF7B1FB034B03484A4640F23721E2
:1093D000FFF7AAFBCC430020E04300202DE9F04337
:1093E000884683B0012157EC106B1546FFF7A4FCAB
:1093F0000446002851D0C7F30A59C7F31303B9F143
:10940000000F01D043F48013002E019318D101A85E
:10941000FFF734FD019A6261012200F1200322610D
:10942000B9F1000F25D0A9F2334909EB0302204618
:10943000C3F13503C8F800202B6003B0BDE8F0830A
:1094400068460096FFF71AFD034610B3DDE90002F7
:10945000C3F1200102FA01F10143DA406161019296
:10946000002AA26114BF022201222261B9F1000F79
:10947000D9D1A3F23243C8F8003004EB8203186953
:10948000FFF7DCFCC0EB421320462B6003B0BDE8C5
:10949000F083009A6261019AE2E7034B0348224697
:1094A00040F20F31FFF740FBCC430020E0430020A7
:1094B0000C4B0D4819680D4AD1F8983010B4D1F80A
:1094C0009C4003FB00F002FB0400A3FB02320133CB
:1094D00040EB0200C1E926305DF8044B20F000406B
:1094E000704700BF885200202DF451582D7F954CB5
:1094F00038B5A1FB02148CBB03F0A4FA0546E0B119
:1095000050F8042C22F00302043A242A17D8132A14
:109510001AD91B2AC0E900441DD9242A14BF00F11E
:10952000100200F118024FF00003C0E9024404BF2A
:1095300004614461C2E900339360284638BD214686
:10954000FFF712FB284638BD02460023C2E900336C
:109550009360284638BD00F10802F6E7FFF7AAFA43
:109560000C2300250360E8E7024A0349034800F0A2
:1095700005BC00BF7C520020099B0200E84A002085
:109580000C4B4168994210B5044601D003F04AFDE6
:10959000A168094B994202D0204603F043FDE168DF
:1095A000064B994204D02046BDE8104003F03ABD76
:1095B00010BD00BFF834022060350220C8350220FB
:1095C0002DE9F8432A4C2B4B2B48DFF8C090DFF8ED
:1095D000C0802A4F1860002504230822294604F180
:1095E0005C00274E6566C4E90253C4E90055C4E92E
:1095F0000455A561FFF7B8FA224B63670822294694
:1096000004F1C400C4E90749C4E90987C4E91A554B
:10961000C4E91E55C4F8CC502567C4F88050E662F2
:10962000FFF7A2FA184BC4F8DC30294604F16803AE
:10963000082204F59670C4F88430C4E92298C4E97D
:109640002476C4E93455C4E93855C4F83451C4F813
:10965000D850C4F8E850FFF787FA04F1D003C4E902
:109660003C98C4E93E76C4F8EC30BDE8F88300BF0E
:10967000F8340220303602204D600200F967020003
:10968000196802000900010012000200956702003B
:10969000B967020010B504460A48FFF7E5FA636BA4
:1096A00023B9094B094A1B68626323B1BDE8104026
:1096B0000448FFF7DBBAFFF783FFBDE8104001481D
:1096C000FFF7D4BAC03402203036022065600200B1
:1096D0000148FFF7C9BA00BFC03402200148FFF7B4
:1096E000C5BA00BFC034022030B5146815469BB01F
:1096F0001A4609B1002C19D100214FF42273ADF89C
:109700000C30009104914FF6FF7302910591ADF872
:109710000E3069461E9B00F06DFB002813DB009B9A
:10972000286000221A7004981BB030BD4FF4C1634A
:1097300000910491ADF80C302146E4DA8B230360EC
:1097400000201BB030BD0020EEE700BF844641EA98
:10975000000313F003036DD1403A41D351F8043BA9
:1097600040F8043B51F8043B40F8043B51F8043BFB
:1097700040F8043B51F8043B40F8043B51F8043BEB
:1097800040F8043B51F8043B40F8043B51F8043BDB
:1097900040F8043B51F8043B40F8043B51F8043BCB
:1097A00040F8043B51F8043B40F8043B51F8043BBB
:1097B00040F8043B51F8043B40F8043B51F8043BAB
:1097C00040F8043B51F8043B40F8043B51F8043B9B
:1097D00040F8043B51F8043B40F8043B403ABDD20A
:1097E000303211D351F8043B40F8043B51F8043BAC
:1097F00040F8043B51F8043B40F8043B51F8043B6B
:1098000040F8043B103AEDD20C3205D351F8043B3A
:1098100040F8043B043AF9D2043208D0D2071CBF06
:1098200011F8013B00F8013B01D30B88038060462F
:10983000704700BF082A13D38B078DD010F00303A5
:109840008AD0C3F10403D21ADB071CBF11F8013B15
:1098500000F8013B80D331F8023B20F8023B7BE764
:10986000043AD9D3013A11F8013B00F8013BF9D28F
:109870000B7803704B7843708B7883706046704729
:1098800000000000000000000000000000000000D8
:1098900000000000000000000000000090F800F050
:1098A0006DE9024520F007016FF0000C10F007048D
:1098B00091F820F040F049804FF000046FF007006D
:1098C000D1E9002391F840F000F1080082FA4CF24F
:1098D000A4FA8CF283FA4CF3A2FA8CF34BBBD1E9D5
:1098E000022382FA4CF200F10800A4FA8CF283FA07
:1098F0004CF3A2FA8CF3E3B9D1E9042382FA4CF2D7
:1099000000F10800A4FA8CF283FA4CF3A2FA8CF36B
:109910007BB9D1E9062301F1200182FA4CF200F172
:109920000800A4FA8CF283FA4CF3A2FA8CF3002B11
:10993000C6D0002A04BF04301A4612BAB2FA82F224
:10994000FDE8024500EBD2007047D1E9002304F0A6
:109950000305C4F100004FEAC50514F0040F91F8A7
:1099600040F00CFA05F562EA05021CBF63EA050344
:1099700062464FF00004A9E7F8B5244F0C460646AE
:1099800003F086FCBB685D68C4F57E610F3125F08D
:1099900003054B1923F47F6323F00F03A3F58054D1
:1099A000B4F5805F07DB0021304600F0D5F9BB68D5
:1099B0002B44984204D0304603F070FC0020F8BDE0
:1099C0006142304600F0C8F901300DD0104ABB6842
:1099D0002D1B45F001055D60136830461B1B1360AD
:1099E00003F05CFC0120F8BD0021304600F0B4F922
:1099F000BA68831A0F2BDEDD43F001035360054B79
:109A000003491B68C01A0860D5E700BF6C4E0020F0
:109A1000C434022074520020002961D0F8B50C46ED
:109A2000064603F035FC54F8042C7B4FA4F10805DE
:109A300022F0010105EB010CB868DCF80430604548
:109A400023F0030300F08B80D207CCF8043032D42B
:109A500054F8082CAD1A1144AA6807F10800824294
:109A60006AD00CEB0304D4F804E0EC68D4601EF078
:109A7000010FA26000F0978041F001036B60CCF809
:109A80000010B1F5007F35D27868CB080122490972
:109A900001338A40024357F833107A6007EBC30260
:109AA000083AC5E9021247F83350CD603046BDE8A8
:109AB000F84003F0F3BB0CEB03025268D00710D45C
:109AC000194407F10800DCF80830834273D0DCF851
:109AD0000C20DA60936041F001036B606950D0E7BD
:109AE000704741F00103B1F5007F44F8043CCCF825
:109AF0000010C9D3B1F5206F4FEA512348D28B092A
:109B000003F1390003F13802C300F818FB58083894
:109B1000984259D05A6822F003028A4202D99B68BF
:109B20009842F7D1D868C5E902308560DD603046DB
:109B3000BDE8F84003F0B2BB0CEB03025268D20759
:109B400063D40B44DCE90212CA60916043F0010265
:109B50006A603046EB50BDE8F84003F09FBB0B4411
:109B6000D10707D454F8082CAD1A1344D5E90212D2
:109B7000CA60916043F001026A60284ABD601268C1
:109B80009A4293D8264B30461968FFF7F5FE8DE7C9
:109B9000142B0AD9542B1FD80B0B03F16F0003F1C0
:109BA0006E02C300B1E719448DE703F15C0003F1D5
:109BB0005B02C300A9E741F00103C7E90455C5E909
:109BC00002006B60695071E779689210012404FA11
:109BD00002F20A437A60A6E7B3F5AA7F06D8CB0B58
:109BE00003F1780003F17702C3008EE740F254528C
:109BF000934206D88B0C03F17D0003F17C02C30075
:109C000083E74FF47E737E227FE741F001036B60B0
:109C1000CCF800104AE700BF6C4E002078520020BC
:109C2000F434022040EA01039B0730B501D1032A36
:109C30000FD8844601F1FF3E07E01EF8011F03F82C
:109C4000011B541EC1B19C4622466346002AF4D132
:109C500030BD0B468446194653F8045BA5F1013428
:109C600024EA050414F0803FE4D1043A032A4CF8B6
:109C7000045B1946EFD8DDE79444002CE8D003F8E4
:109C8000011B6345FBD130BD0EB410B583B005ABED
:109C9000064C53F8042B01930146206801F088FE1E
:109CA00003B0BDE8104003B0704700BF88520020E9
:109CB00010B50C46B1F90E1004F09EFD002803DB30
:109CC000236D0344236510BDA38923F48053A3812E
:109CD00010BD00BF2DE9F0410C46B1F90C101F4634
:109CE000CB05054616460BD421F48051A1813B4695
:109CF000B4F90E1032462846BDE8F04100F062B8D3
:109D0000B4F90E100223002204F060FDB4F90C1027
:109D1000EAE700BF10B50C46B1F90E1004F056FD8D
:109D2000A389421C0EBF23F4805343F48053206563
:109D3000A38110BDB1F90E1004F0CEB949B1FF2ACC
:109D400002D80A70012070478A2303604FF0FF3069
:109D500070470846704700BF38B5074D00220446DB
:109D600008462A60EFF762F9431C00D038BD2B6823
:109D7000002BFBD0236038BD343602202DE9F84398
:109D800080460F4616464FF00009D6E90154013DC2
:109D900011D4A389012B05F1FF3508D9B4F90E3090
:109DA0000133214603D04046B84749EA00096B1CFD
:109DB00004F16804EDD13668002EE6D14846BDE8CE
:109DC000F88300BF38B50C46084D8446114620463E
:109DD0001A4600232B606446EEF7DCFF431C00D0DC
:109DE00038BD2B68002BFBD0236038BD34360220F1
:109DF000000000002DE9F04F2DED088BD1B00C468E
:109E00000BEE101A90460893834603F007F9036897
:109E100012931846FFF742FD20AF10900822002150
:109E20003846FEF7A1FEA3891B0603D52369002B44
:109E300000F0558700239FED838B9FED849BCDE938
:109E40002533CDE91333CDE9153327AA0E93249298
:109E50009246119304934446A1467E4BD3F8E450B6
:109E6000FEF706FF4A4603461CA900975846A84736
:109E7000002800F0B080C0F2A6801C9A252A034674
:109E800001D09944E9E7B9EB0405064640F0A78004
:109E900000234FF0FF328DF867309846069309F1A2
:109EA000010999F8003003922B25202609F10109B8
:109EB000A3F120025A2A00F2CF80DFE812F0E80274
:109EC000CD00CD00E302CD00CD00CD006A00CD0075
:109ED000CD0005028402CD001002C902CD00BD02F2
:109EE0005B005B005B005B005B005B005B005B009A
:109EF0005B00CD00CD00CD00CD00CD00CD00CD006C
:109F00005301CD0083011A02530153015301CD00C7
:109F1000CD00CD00CD001502CD00CD009602CD00C4
:109F2000CD00CD00AB01CD00AA02CD00CD00E306EF
:109F3000CD00CD00CD00CD00CD00CD00CD00CD00B9
:109F40005301CD008301DE01530153015301770218
:109F5000DE017F00CD008902CD005F02E0062F0206
:109F60007F00CD00AB017C00B806CD00CD00BD0662
:109F7000CD007C00A3F13002002119F8013B01EB78
:109F8000810102EB4101A3F13002092AF5D90691C2
:109F90008EE7584603F042F8436815931846FFF7DA
:109FA0007DFC1690584603F039F883681393169B8E
:109FB000002B40F02D8699F8003077E799F80030B3
:109FC00048F0200872E7082200213846FEF7CCFD51
:109FD0000123994441E7B9EB0405064611D0269BBD
:109FE0002B442693259B0133072BCAE90045259373
:109FF0001CDC0AF1080A049B2B440493002E7FF416
:10A0000047AF269B002B41F00B821BEE103AB3F9B1
:10A010000C3013F0400F049B18BF4FF0FF33049334
:10A02000049851B0BDEC088BBDE8F08F1BEE101A00
:10A0300024AA584604F0FAFD0028E6D10DF19C0A46
:10A04000D9E700BF0000000000000000FFFFFFFF95
:10A05000FFFFEF7F004D00200B93002BD1D000219C
:10A06000CDE90C118DF8DC3001238DF867100293D7
:10A070000791059303910F9137AC18F002030993F0
:10A0800002D0029B0233029318F084030A9305D195
:10A09000069B029A9D1A002D00F36983269A89B1C6
:10A0A00025990DF1670001310132CAF80000072936
:10A0B0004FF0010026922591CAF8040000F3A28314
:10A0C0000AF1080A099B83B1259B1AA901330232C0
:10A0D000CAF80010072B4FF0020126922593CAF808
:10A0E000041000F3A3830AF1080A0A9B802B00F0F6
:10A0F0006C82039B05995D1A002D00F3A58218F46C
:10A10000807F40F00D82059BCAF804301A44259BDD
:10A11000CAF800400133072B2692259300F31B83D6
:10A120000AF1080A18F0040F05D0069B02995C1A80
:10A13000002C00F38883049B069902988142ACBFEF
:10A140005B181B180493002A40F0B082002325936B
:10A15000079B1BB107995846FFF75EFC0DF19C0A5F
:10A160004C4679E60B93089B073323F00703B3ECC7
:10A17000028BB0EEC87BB4EE497BF1EE10FA089387
:10A1800040F3E984B5EEC08BF1EE10FA01F159808D
:10A190009DF86710AB4CAC4B28F080080B9A472A0F
:10A1A000C8BF1C460023CDE90C330322079302925B
:10A1B000059203930F9300293FF45FAF029B013395
:10A1C00002935AE7432B0B9303D018F0100F00F0C3
:10A1D0005D85089D0822002122A837ACFEF7C4FC4B
:10A1E00022AB55F8042B2146584602F0F1FE0346F7
:10A1F0000133059001F0EE82059B089523EAE37395
:10A2000002930021CDE90C118DF86710079103919D
:10A210000F9132E70B93089B1A4600238DF86730A5
:10A22000134653F8044B0893002C00F048850B9B11
:10A23000532B00F0EC8618F010030C9340F0E786E7
:10A24000039B5D1C01F0E5800C991A46204604F042
:10A250001DF80790002801F02883079B1A1B059220
:10A260000C9B039322EAE2720F930D9307937323DF
:10A270009DF8671002920B939DE718F0200F0B9347
:10A28000089B3DD0073323F007031A4611465B684D
:10A2900051F8082B08911946002BC0F20C84039B3F
:10A2A000013300F09E8228F0800052EA0103029000
:10A2B00040F09982039B002B40F09A828046002355
:10A2C0000393059350AC06E1089B53F8042B0692C8
:10A2D000002A80F21984069A08935242069299F84D
:10A2E000003048F00408E1E599F8003048F008082B
:10A2F000DCE548F0100818F0200F0B93089BC1D143
:10A3000018F0100F40F00B8418F0400F00F0038499
:10A3100033F9042B0893D1170B46BDE7089B48F08F
:10A320000202029253F8042B089347F63003ADF86B
:10A3300068307820454B1193002102230B900020B8
:10A34000039C8DF86700601C00F0AD80029820F03F
:10A35000800852EA010040F0A480002C40F0AE8654
:10A36000002BACD1029B13F00103059300F0D183C5
:10A3700030238DF83F310DF23F14ACE018F0200F80
:10A3800040F0D48318F0100F40F09F8618F0400F73
:10A3900040F0978718F4007F00F09786089B049997
:10A3A00053F8042B089311704C4655E599F800308A
:10A3B000682B03BF99F8013048F4007809F10109CE
:10A3C00048F0400872E599F800308DF867506DE567
:10A3D00099F800306C2B03BF99F8013048F0200841
:10A3E00009F1010948F0100860E50B9348F01008E6
:10A3F00018F0200100F05183089B073323F0070376
:10A40000596853F8082B089328F4806302930023BB
:10A4100095E70B9348F010030293029B13F0200181
:10A4200000F02983089B073323F00703596853F88A
:10A43000082B0893012382E799F8003048F0800840
:10A4400034E500BFAC450020B0450020BC450020ED
:10A45000494611F8013B2A2B01F04982A3F1300251
:10A46000092A894698BF002101F2448119F8013B6D
:10A4700001EB810102EB4101A3F13002092AF5D978
:10A48000039115E599F8003048F001080EE59DF8B4
:10A490006730002B7FF48FAD99F800308DF867603E
:10A4A00004E5CDF80880012B00F09D81022B50AC13
:10A4B00020D1119802F00F031209C35C04F8013D8A
:10A4C00042EA0172090952EA0103F3D150AB1B1BA6
:10A4D000DDF808800593059A03989DF8671082427D
:10A4E0004FF00003B8BF0246CDE90C330793029248
:10A4F0000F9360E602F00703D20842EA4172C908EE
:10A50000303352EA0105204604F8013DF2D1029AA7
:10A51000D10700F14D8250AB1B1B90460593DAE743
:10A520000B9B652B40F3D480B5EE408BF1EE10FA17
:10A5300040F0C181259BBA49CAF8001001330132AD
:10A540000121072B26922593CAF8041000F35185A8
:10A550000AF1080A1B9B0E998B4280F2D082109B55
:10A5600012991A44CAE90013259B26920133072B3E
:10A57000259300F397830AF1080A0E9B5C1E002CBA
:10A580007FF7D0AD102C259B40F36E851BEE106A33
:10A59000102505E00AF1080A103C102C40F36485F0
:10A5A0000133A0491032072BCAE90015CDE9253245
:10A5B000F0DD24AA3146584604F038FB00287ED14D
:10A5C000DDE925320DF19C0AE6E7069B02995D1A4A
:10A5D000002D7FF78EAD102D259B21DD09941026CF
:10A5E0001BEE104A04E0103D102D0AF1080A16DD9A
:10A5F00001338C491032072BCAE90016CDE9253208
:10A60000F1DD24AA214658460DF19C0A04F00EFB08
:10A61000002854D1103D102DDDE92532E8DC099CDD
:10A620008049CAF8045001332A44072BCDE925326A
:10A63000CAF8001000F32685039B05995D1A002DCA
:10A640000AF1080A7FF75BAD102D259B1FDD5146EF
:10A6500010261BEE10AA04E0103D102D01F1080198
:10A6600014DD01336F481032072BC1E90006CDE934
:10A670002532F1DD24AA5146584604F0D7FAF0B944
:10A68000103D102DDDE9253227A9EADC8A46013389
:10A690006449CAF804502A44072BCDE92532CAF888
:10A6A000001000F3DA810AF1080A28E51BEE101AFF
:10A6B00024AA584604F0BAFA00283FF447AD079B95
:10A6C000002B3FF4A2AC07995846FFF7A5F99CE48C
:10A6D0000E9B012B40F37A81259BCAF80040013381
:10A6E00001320121072B26922593CAF8041000F3AA
:10A6F000F8810AF1080A1099129801330A44072BCD
:10A70000CAE90001CDE9253200F3DD810AF1080A2A
:10A71000B5EE408BF1EE10FA00F077810E9901331F
:10A72000013901340A44072BCAF800402593CAF8BE
:10A730000410269200F35B810AF1080A1499CAF802
:10A74000041001330A44072B1EA9CDE92532CAF8AB
:10A7500000107FF7E5AC1BEE101A24AA584604F04F
:10A7600065FA0028ABD1269A0DF19C0ADAE4102D87
:10A77000DDE925122C4E24DD179410231BEE104A20
:10A78000084604E0103D102D0AF1080A17DD0130DB
:10A7900010320728CAE90063CDE92502F2DD24AAB8
:10A7A000214658460DF19C0A04F040FA002886D153
:10A7B000103D102DDDE925024FF01003E7DC179C5A
:10A7C000014601312A440729CDE92512CAF8006063
:10A7D000CAF8045000F3BD839DF867100AF1080A17
:10A7E0005DE4CDF808800A2A71F1000380F045830A
:10A7F00030320123DDF808808DF83F2105930DF2FA
:10A800003F1468E61BEE101A24AA584604F00EFA0C
:10A8100000287FF454AF269A0DF19C0A52E400BF41
:10A82000EC450020C44A0020104600201BEE101A00
:10A8300024AA584604F0FAF900287FF440AF269A7B
:10A840000DF19C0A51E4102C259BBE4E1FDD1BEE22
:10A85000108A102504E0103C102C0AF1080A16DDBD
:10A8600001331032072BCAE90065CDE92532F2DD4C
:10A8700024AA414658460DF19C0A04F0D7F9002855
:10A880007FF41DAF103C102CDDE92532E8DC0133EC
:10A890002244072BCAE90064CDE925327FF74BAC8F
:10A8A0001BEE101A24AA584604F0C0F900287FF4C1
:10A8B00006AF269A3FE41B99002940F35A830C9E69
:10A8C0000E9B9E42A8BF1E46002E0BDD259B01332A
:10A8D0003244072BCAE900462692259300F3898665
:10A8E0000AF1080A0C9D002EA8BFAD1B002D00F335
:10A8F00003820C9B18F4806F2344059340F01F8261
:10A900001B9B0E998B4203DB18F0010F00F0CF84E4
:10A91000109912980A44CAE900012599269201313A
:10A920000729259100F3A5860AF1080A0E996518F2
:10A93000CC1A059BED1AA542A8BF2546002D0DDDBA
:10A94000CAF80030259BCAF8045001332A44072B6B
:10A950002692259300F3BB860AF1080A002DA8BFB2
:10A96000641B002C7FF7DEAB102C259B40F37C830F
:10A970001BEE106A102505E00AF1080A103C102CA5
:10A9800040F37283013370491032072BCAE9001576
:10A99000CDE92532F0DD24AA3146584604F046F9C7
:10A9A00000287FF48CAEDDE925320DF19C0AE5E745
:10A9B000302B3FF48BAD3023023804F8013C50AB10
:10A9C0001B1ADDF808800593044684E518F0010F92
:10A9D0007FF482AE259BCAF8004001330132012189
:10A9E000072B26922593CAF804107FF7A5AE1BEE1D
:10A9F000101A24AA584604F019F900287FF45FAE13
:10AA0000DDE925320DF19C0A98E60E994C1E002CCA
:10AA10007FF794AE102C40F361831BEE106A102573
:10AA200005E00AF1080A103C102C40F3578301336B
:10AA300045491032072BCAE90015CDE92532F0DD72
:10AA400024AA3146584604F0F1F800287FF437AEC6
:10AA5000DDE925320DF19C0AE5E71BEE101A24AA68
:10AA6000584604F0E3F800287FF429AE269A0DF149
:10AA70009C0AFFF744BB029B13F0100340F0C18017
:10AA8000029A12F0400200F07A83089850F8042BE2
:10AA90000890194692B2012351E418F0100355D1E1
:10AAA00018F0400200F05D83089850F8042B0890DD
:10AAB000194692B2A8E4524261EB4101CDF80880F8
:10AAC0002D2001233CE41BEE101A24AA584604F062
:10AAD000ADF800287FF4F3ADDDE925320DF19C0AD5
:10AAE00016E61BEE101A24AA584604F09FF8002818
:10AAF0007FF4E5ADDDE925320DF19C0AFBE518F0A8
:10AB0000010F3FF40FAB2AE5089399F80030FFF7E7
:10AB1000CDB950ACDFE418F4007F40F0DB8353F88C
:10AB2000042B0893D1170B46FFF7B6BB089B04987C
:10AB300053F8041B0893C217C1E900024C46FFF703
:10AB40008BB900BF10460020C44A0020089B53F870
:10AB5000042B089358E4B4EE488BF1EE10FA80F120
:10AB600094860B9B612B00F05285412B00F0C08531
:10AB7000039B01330B9B23F0200500F08084472DBD
:10AB800004D1039B002B08BF0123039318EE903AD6
:10AB9000002B48F480724646C0F21886B0EE48ABEF
:10ABA00000239046099307930B9B413B252B00F212
:10ABB0009883DFE813F06F04960396039603680406
:10ABC0006C049603960396039603960396039603E6
:10ABD00096039603960396039603960396039603AD
:10ABE000960396039603960396039603960396039D
:10ABF00096039603960396039603960396036804BA
:10AC00006C04089B53F8042B08930123FFF797BBB0
:10AC1000139B002B3FF4CFA9139B1B78002B3FF411
:10AC2000CAA999F8003048F48068FFF73FB90B9340
:10AC3000CDF80880FFF7F1BB0B939A4B119318F0F6
:10AC4000200100F00581089B073323F007035968B2
:10AC500053F8082B089318F0010F0AD052EA0103A9
:10AC600007D00B9B8DF86930302348F002088DF82F
:10AC7000683028F4806302930223FFF760BB0B93D4
:10AC8000FFF7B6BB0B93884B1193D8E7089B0121C4
:10AC900053F8042B02918DF8DC200893059137AC12
:10ACA000FFF7AFBA1BEE101A24AA584603F0BEFFF6
:10ACB00000287FF404AD269A0DF19C0A5DE4039B05
:10ACC0000794062B224628BF062303942146CDE98C
:10ACD0000C22764C029305930F92FFF76CBA402139
:10ACE000584601F0AFFE20602061002800F00F867A
:10ACF00040236361FFF79EB8102D259B40F35D82D2
:10AD0000514610261BEE10AA04E00831103D102D0C
:10AD100040F35282013366481032072BC1E9000626
:10AD2000CDE92532F1DD24AA5146584603F07EFFD5
:10AD300000287FF4C4ACDDE9253227A9E6E70E9BA5
:10AD4000CDF82490E31803930D9BCDF82880139E33
:10AD5000059DDDF85890DDF83C800B941BEE101A31
:10AD60005046002B34D0B8F1000F35D10D9B013B7C
:10AD7000013E0D93159BC0E90039259B01334A44E0
:10AD8000072B269225936CDC0830039B96F800C0B5
:10AD90005B1B6345A8BF6346002B9A460CDD259CD0
:10ADA00001341A44072CC0E900532692259400F37D
:10ADB000778196F800C00830BAF1000FACBFACEB59
:10ADC0000A046446002C0ADC65440D9B002BCAD1A2
:10ADD000B8F1000F00F0AC8308F1FF38CAE7102C7F
:10ADE000DDF894C024DD05954FF0100A63460D464A
:10ADF00004E0103C102C00F1080016DD01332C4952
:10AE00001032072BC0E9001ACDE92532F1DD24AA62
:10AE10002946584603F00AFF00287FF450AC103C46
:10AE2000102CDDE9253227A8E8DC2946059D9C4643
:10AE30000CF1010322444460072B1D4C0460CDE952
:10AE4000253200F3C68396F800C008306544BCE79D
:10AE500018F0100300F0C280089B53F8042B0893ED
:10AE6000F9E624AA5846059103F0E0FE00287FF495
:10AE700026AC269A059927A887E70298CDF81CA04A
:10AE800050AC00F4806000250AEE10BA094BDDF8E2
:10AE90004CA0CDF81490A3464FF00508AC460446EC
:10AEA00010E000BFBC450020D0450020E445002054
:10AEB000C44A0020CDCCCCCC0A2A71F1000136D393
:10AEC0004A463146501840F10000A3FB005626F0D8
:10AED000030505EB9605401B151A4FF0CC3661F1C2
:10AEE000000E06FB05F6A5FB039503FB0E6609F0B5
:10AEF000010E2E44AEFB085E2D184FEA590930357D
:10AF00000BF8015C49EAC6790CF1010C0BF1FF3B2F
:10AF10007608002CD0D09AF800008445CCD1BCF142
:10AF2000FF0FC9D00A2A71F1000180F08F815C46C1
:10AF300050AB1B1BDDF81490CDF84CA01AEE10BAE4
:10AF4000DDF81CA0DDF80880CDF838C00593FFF7C8
:10AF5000C2BA1BEE101A24AA584603F067FE002856
:10AF60007FF4ADAB9DF86710269A0DF19C0AFFF7B0
:10AF700096B8259BBE48CAF8000001330132012073
:10AF8000072B26922593CAF8040000F377810AF173
:10AF9000080A002940F0AF800E9908F001030B4326
:10AFA0003FF4C0A8109B12991A44CAE90013259BCC
:10AFB00026920133072B259300F352820AF1080AE7
:10AFC0000E99CAF8004001330A44072BCDE9253217
:10AFD000CAF804107FF7A4A8FFF7BDBB18F0400221
:10AFE00000F0DD80089850F8042B0890194692B2C2
:10AFF00031E61BEE101A24AA584603F017FE00286B
:10B000007FF45DAB269A0DF19C0AFFF7A3BA22AE3E
:10B010000822002130461D94FDF7A6FD039B5A1C13
:10B0200000F0DB800025CDF80890CDF81C80994613
:10B03000A8460CE037A9584601F0CAFF431C40441B
:10B0400000F0C883484508DC00F0188480461D9A4B
:10B05000525933460435002AECD1CDF81480DDF87E
:10B060000890DDF81C80C5E001338249CAF804402D
:10B070002244072BCAF80010CDE925327FF750A8EB
:10B08000FFF769BB1BEE101A24AA584603F0CEFD49
:10B0900000287FF414AB269A0DF19C0AFFF729B81B
:10B0A00024AA5846059103F0C1FD00287FF407ABA0
:10B0B00096F800C0269A059927A87DE6012BCDF8C1
:10B0C00008807FF4F3A9FFF793BB089B049953F81A
:10B0D000042B4C4611600893FEF7BEBE0133654950
:10B0E000CAF804402244072BCDE92532CAF80010E3
:10B0F0007FF722AB7BE4109B12981A44CAE9000345
:10B10000259B26920133072B259300F3A9810AF191
:10B11000080A0029BFF654AF4D42103180F20F8368
:10B120001BEE101A102605E00AF1080A103D102D3A
:10B1300040F3058301334F481032072BCAE900065C
:10B14000CDE92532F0DD24AA5846039103F06EFDC7
:10B1500000287FF4B4AADDE9253203990DF19C0A99
:10B16000E4E7089B18F400711ABF114653F8042B4A
:10B1700053F8042B089318BFD2B2FFF745B9029BCE
:10B1800013F40071089B1ABF114653F8042B53F8AF
:10B19000042B089318BFD2B20123FFF7D0B8089B45
:10B1A00018F400711ABF114653F8042B53F8042BFE
:10B1B000089318BFD2B24EE58A4601332D49CAF82A
:10B1C00004502A44072BCDE92532CAF8001000F3B9
:10B1D00039810AF1080AFFF78CBB00231946009653
:10B1E0001DAA584602F060F803460133059000F0AE
:10B1F000F1821D94059B002B4ED0632B00F3188128
:10B200000023079337AC082200213046FDF7ACFC41
:10B21000059D00962B461DAA2146584602F044F88B
:10B22000854240F07C83059A0023A35422EAE2720F
:10B23000CDE90C339DF86710039302920F93FEF74C
:10B24000BABF2D218DF86710FEF7A4BF169B159984
:10B25000ABEB030B1A465846FEF7E4FC9AF80120C4
:10B26000054B0AB10AF1010A4FF0000C28E600BFB5
:10B27000EC450020C44A0020CDCCCCCC1BEE101AEB
:10B2800024AA584603F0D2FC00287FF418AA1B9980
:10B29000269A0DF19C0A7CE6059B9DF867100F939A
:10B2A000CDE90233CDE90C330793FEF784BF0E9945
:10B2B000059865182D1ACC1AA542A8BF2546FFF798
:10B2C0004DBB089B049953F8042B089311804C46FE
:10B2D000FEF7C2BD13F9042B0893D1170B46FEF7F6
:10B2E000DBBF039A022122AB01931DAB00935846AA
:10B2F0001BABB0EE4A0B029202F078F8472D029A8F
:10B30000044600F06181462D104405D12378302B8E
:10B3100000F06F821B9A1044B5EE40ABF1EE10FACC
:10B3200040F0468103461B1B0E93472D00F0108111
:10B33000462D00F0B5811B9B0C930C9B412D03F116
:10B34000FF331B9300F0E5819DF82C200021002B9A
:10B35000B8BF0C9B8DF87820BABFC3F101032D2232
:10B360002B22092B8DF8792040F3DA810DF18F051E
:10B37000DFF81CC42A4610468CFB0321DA17C2EB07
:10B38000A10202EB8201A3EB4101303100F8011C64
:10B3900019466329134600F1FF32ECDC3033D9B291
:10B3A000831E9D4202F8011C40F28B8213460DF170
:10B3B0007A0201E013F8011B02F8011B9D42F9D14A
:10B3C0000DF191030DF17A021B1A13441EAA9B1A68
:10B3D00014930E9B149A012B1A44059240F3038296
:10B3E000059B109A1344059326F48063059A43F451
:10B3F00080780023CDE90C3322EAE2720F930292A7
:10B40000099B002B40F0B1809DF867100393FEF775
:10B41000D2BE2046FEF742FA02460590FEF720BF54
:10B420001BEE101A24AA584603F000FCFEF7EDBDEF
:10B43000591C584601F006FB0446002800F0CA815A
:10B440000790E0E61BEE101A24AA584603F0EEFB24
:10B4500000287FF434A9269A0DF19C0AFFF749BA17
:10B460001BEE101A24AA584603F0E0FB00287FF4D4
:10B4700026A9DDE925321B990DF19C0A49E6062330
:10B480000393FFF783BB039B02215A1C2BE7039A0C
:10B49000032128E71BA8B0EE4A0B02F047FFB4EEE9
:10B4A000007B20EE070BB5EE400BF1EE10FA01D158
:10B4B00001231B93B348039BB3EE005B013B224681
:10B4C00004E0B5EE400BF1EE10FA13D020EE050BC0
:10B4D000FDEEC07BB3F1FF3F17EE901A415CB8EE72
:10B4E000E76B944630EE460B02F8011B194603F158
:10B4F000FF33E6D1B6EE006BB4EEC60BF1EE10FAF8
:10B5000000F34881B4EE460BF1EE10FA04D117EEC9
:10B51000903ADB0700F13E81002906DB4B1C134407
:10B52000302102F8011B9342FBD1131B0E93FCE662
:10B530000B9C0E9BDDF82490DDF828801396E31811
:10B540009D42294628BF194682460591FFF7D8B982
:10B550001B9B0C93DA1C02DB039A93420CDD0B9BC2
:10B56000023B0B9323F02005E7E62D2100238DF805
:10B5700067100393FEF722BE0C9B0E9A9342C0F213
:10B58000BD80F0070C9B40F13281109A1344059363
:10B59000710503D50C9B002B00F33581059B23EA35
:10B5A000E373029367230B9300230F930D9327E715
:10B5B000229B8342BFF4B7AE30215A1C22921970ED
:10B5C000229B9842F9D8AEE6F30700F1A780229BB0
:10B5D000A9E624AA5846059103F028FB00287FF429
:10B5E0006EA896F800C0269A059927A86544FFF72B
:10B5F000ECBB1BEE101A24AA584603F017FB0028D8
:10B600007FF45DA8269A0DF19C0AFFF76BB97823A9
:10B610008DF8693030238DF86830039B632B48F038
:10B62000020600F3A6800023079337AC18EE903A89
:10B63000002B48F481782BDBB0EE48AB0B9B23F05A
:10B640002005002309930B9B612B7FF4ADAAB0EE7C
:10B650004A0B1BA802F06AFEB4EE007B20EE070B3B
:10B66000B5EE400BF1EE10FA01D101231B934648D1
:10B6700021E71BEE101A24AA584603F0D7FA002837
:10B680007FF41DA81B9B269A0DF19C0AFFF74EB96B
:10B690000B9B23F020052D230993B1EE48ABD2E795
:10B6A0001B9A0C92002A06F0010340F30D810399C6
:10B6B0000B4340F0CF800C9B059366230B937205E0
:10B6C00000F1A380059B23EAE37302936CE71BEE72
:10B6D000101A24AA584603F0A9FA00287EF4EFAF06
:10B6E0001B9C0E9B269A1C1B0DF19C0AFFF736B97A
:10B6F00058238DE700220392FEF7DABB0E9B109AC7
:10B700009A180C9B0592002B40F3AB8067230B9398
:10B71000D5E70B9A0F32D2B2012118E6A018FBE54B
:10B72000002940F0A88030228DF87A200DF17B02AC
:10B73000303302F8013B1EABD31A149349E60133B0
:10B740001249CAF804502A44072BCDE92532CAF819
:10B7500000107FF733AC1BEE101A24AA584603F0F2
:10B7600065FA00287EF4ABAFDDE925320DF19C0AC5
:10B7700026E4591C584601F065F9044650B3079079
:10B7800054E700BFD0450020BC450020C44A00203B
:10B7900067666666CDF888C012F8011C90F80FC085
:10B7A000614513460AD14FF0300E03F801EC229B9D
:10B7B000591E229113F8011C8C45F6D0392916BF69
:10B7C0000131817AC9B203F8011CAEE6002390462C
:10B7D000079360E71BEE102AB2F90C3043F04003E8
:10B7E0009381FEF716BCF5077FF5FEADF8E50593EE
:10B7F000CEE6B5EE40ABF1EE10FA3FF48BADC2F100
:10B8000001021B9287E567230B9313990B78FF2B9B
:10B8100079D000250C9A284603E001300131FF2B36
:10B8200008D0934206DAD21A4B78002BF5D10B7868
:10B830000135F4E70C9213910D900F950F9A0D9B23
:10B8400016991344059A01FB0323059323EAE37336
:10B850000293D5E5109BD3181944662305910B93E9
:10B860002DE7C3F101031A4422EAE273029367232E
:10B8700005920B9398E60DF17A0259E7039BDDF8E8
:10B880000890DDF81C800593B4E418EE903A002B84
:10B89000B4BF2D219DF86710254C264BB8BF8DF8FD
:10B8A000671028F08008FEF779BC039B029305938C
:10B8B00073239DF8671003900F900D900B93FEF784
:10B8C0007ABC0223149384E5039A134305D1012320
:10B8D000662202930B92059366E6109B01331A448D
:10B8E00022EAE2730293662305920B935CE6089AC0
:10B8F00099F80130894652F8041B089241EAE17137
:10B900000391FEF7D3BA00230F930D9396E70C2310
:10B91000CBF800304FF0FF330493FEF781BB1BEEF2
:10B92000102A938943F040039381FEF7C8BE00BFFD
:10B93000B4450020B84500202DE9F84F4B6E9C041B
:10B9400090462DD59368126843B38B46064602F1A4
:10B95000080959E9025A5FEA9A0715D0043D002404
:10B9600001E0A7420ED055F8041F5A46304602F0B7
:10B97000AFFF431C04F10104F3D10023C8E90133F4
:10B98000BDE8F88FD8F808302AF0030AA3EB0A03C1
:10B99000C8F8083009F10809002BDAD10020ECE7DB
:10B9A00002F0CAFF0023C8E90133BDE8F88F00BFE9
:10B9B0002DE9F04F2DED028BC5B00DF1500A8346F5
:10B9C00008EE101A16460021082250461C4607931E
:10B9D000FDF7CAF8BBF1000F04D0DBF83430002BC0
:10B9E00000F0A08618EE102A536EDB0740F1138595
:10B9F000B2F90C108AB295040BD418EE103A41F447
:10BA0000005199815B6E8AB218EE101A23F400532C
:10BA10004B66100740F1058118EE103A1B69002BA8
:10BA200000F0FF8002F01A030A2B00F00A810023C5
:10BA3000CDE91933CDE90D331BAA0C931892914629
:10BA40000B930593B0464446A84BD3F8E450FDF75A
:10BA50000FF92246034612A9CDF800A05846A84780
:10BA6000002800F04581C0F23981129A252A034648
:10BA700001D01C44E8E7B4EB0806054640F03C81E1
:10BA8000002361788DF8433004F1010806934FF0EC
:10BA9000FF371E462B2408F10108A1F120035A2B81
:10BAA00000F27881DFE813F0B50276017601B0028A
:10BAB0007601760176016A00760176017D028D02BB
:10BAC000760188029702760192025B005B005B00C0
:10BAD0005B005B005B005B005B005B007601760156
:10BAE00076017601760176017601760176015C02B7
:10BAF0008400760176017601760176017601760181
:10BB0000760176017601E80076017601760133024E
:10BB10007601DA02760176018B05760176017601EF
:10BB200076017601760176017601760176015C0276
:10BB30008600760176017601CD0286007F007601CF
:10BB4000C0027601FD02EA00ED027F0076013302B9
:10BB50007C006905760176016B0576017C00A1F118
:10BB60003003002218F8011B02EB820203EB4202B1
:10BB7000A1F13003092BF5D906928EE7584601F062
:10BB80004DFA43680D931846FDF788FE0E90054662
:10BB9000584601F043FA83680B93002D40F0D68499
:10BBA00098F8001077E798F8001046F0200672E742
:10BBB00046F01006B40640F18E81079B073323F050
:10BBC00007031A46596852F8083B07920A460029AB
:10BBD000C0F27084791C00F0A28526F080010391E8
:10BBE00053EA020100F03F840A2B72F1000180F059
:10BBF000418530338DF80F31039E012304930DF2FC
:10BC00000F14049BBB42B8BF3B4603930023089329
:10BC10009DF84330002B00F0CB80039B013303934E
:10BC2000C6E018EE101A584618EE105A01F05EFAE7
:10BC3000002840F05286AA8902F01A030A2B7FF4EA
:10BC4000F6AE18EE101AB1F90E30002BFFF6EFAE7B
:10BC50004B6EDB0702D4970540F1128618EE101ADE
:10BC600023463246584600F069FE0590059845B0D7
:10BC7000BDEC028BBDE8F08F46F0100616F02002F6
:10BC800000F03681079B073323F0070319465A68F3
:10BC900051F8083B079126F48061039100210020B0
:10BCA0008DF84300781C00F01082039820F0800685
:10BCB00053EA020040F00882002F40F03885002946
:10BCC00040F0D583039B13F00103049300F011842B
:10BCD00030238DF80F310DF20F1492E70822002166
:10BCE0005046FCF741FF01231C44ADE6004D002007
:10BCF000B4EB080605461BD0199B1A9A013332444F
:10BD0000072BC9E900861A9219931CDD002A00F05E
:10BD1000A68318EE101A18AA5846FFF70DFE20BB8E
:10BD20000DF16C09059B33440593002D7FF4A8AEFB
:10BD30001A9B002B40F0C18518EE103A0022B3F98F
:10BD40000C30199215E009F10809EBE718EE101A0A
:10BD500018AA5846FFF7F0FD002800F0A680089BBF
:10BD60001BB108995846FDF757FE18EE103AB3F983
:10BD70000C3018EE102A526E12F0010F9AB200F039
:10BD8000A080500600F1B285059845B0BDEC028B4D
:10BD9000BDE8F08F0029CBD000238DF8433001237C
:10BDA000CDE903338DF8AC102BAC002308931F466C
:10BDB00016F00203099302D0039B0233039316F09B
:10BDC00084030A9305D1069B039A9D1A002D00F364
:10BDD0007B82DDE91903411C9DF8432082B10122D9
:10BDE0000133C9F8042007290DF14302CDE91913E5
:10BDF000C9F8002000F34A82084609F10809013118
:10BE0000099AE2B111AA0233C9F8002007294FF0BC
:10BE10000202CDE91913C9F8042040F35082002B27
:10BE200000F0438318EE101A18AA5846FFF784FD55
:10BE3000002894D1DDE919030DF16C09411C0A9A1F
:10BE4000802A00F08481049ABD1A002D00F3D78166
:10BE5000049AC9F8004013440729CDE91913C9F819
:10BE6000042040F36E81002B00F0758218EE101A4A
:10BE700018AA5846FFF760FD00287FF470AF1A9BA0
:10BE80000DF16C09750705D5069A0399541A002C13
:10BE900000F36B82DDE9052103988142ACBF5218A3
:10BEA00012180592002B7FF451AF089900231993C3
:10BEB000002900F049815846FDF7AEFD0DF16C09EF
:10BEC000C1E59C053FF55DAF18EE104AA06DFCF78B
:10BED000CDFEA28955E7F006079A00F11F8371068F
:10BEE00040F1198332F9043B0792DA1711466EE6E6
:10BEF00016F01003079940F0098316F0400000F097
:10BF000001831A4651F8043B07919BB2C3E6079B95
:10BF10001A4600238DF84330134653F8044B03931D
:10BF2000002C00F01284532900F0658316F01005F0
:10BF300040F061837B1C00F0B3843A4629462046DA
:10BF400002F0A4F90890002800F09F84031B039AD4
:10BF5000049323EAE3732F4607920393089557E669
:10BF6000432902D0F50640F12D83079D08220021C8
:10BF700016A82BACFCF7F8FD16AB55F8042B2146A0
:10BF8000584601F025F803460133049000F0B384CD
:10BF9000049B079523EAE373039300238DF8433052
:10BFA00003E7079B53F8042B0692002A80F29C8239
:10BFB000069A5242CDE9062398F8001046F004068E
:10BFC00069E598F800108DF8434064E598F8001092
:10BFD00046F080065FE5424612F8011B2A2900F070
:10BFE0009684A1F13003092B90464FF000073FF6ED
:10BFF00054AD18F8011B07EB870703EB4707A1F1C6
:10C000003003092BF5D948E598F8001046F00106F1
:10C0100041E59DF84330002B7FF4C2AD202398F812
:10C0200000108DF8433036E598F800106C2903BFF6
:10C0300098F8011046F0200608F1010846F01006B5
:10C0400029E598F80010682903BF98F8011046F414
:10C05000007608F1010846F040061CE546F01003A2
:10C060000393039B13F0200200F00682079B073323
:10C0700023F0070319465A6851F8083B079101213C
:10C080000DE6079A46F00203039352F8043B079229
:10C0900047F63002ADF84420B84A0C920221002243
:10C0A000FDE5B70600F14882F50600F14683740607
:10C0B00000F1D583B00540F14083079B059953F803
:10C0C000042B07931170BEE4039601293FF48CAD55
:10C0D000022944AC11D10C9803F00F011B09415CFB
:10C0E00004F8011D43EA0273120953EA0201F3D175
:10C0F000039E44AB1B1B049383E503F00701DB089D
:10C1000043EA4273D208303153EA0205204604F86C
:10C11000011DF2D1039EF307EBD53029E8D030237F
:10C12000023804F8013C44AB1B1A039E04930446F6
:10C1300067E5049B1B9401221C931A9319920DF13D
:10C140006C0909F108099DE60DF16C097BE4069A7A
:10C15000039D551B002D7FF776AE102D40F3BB835A
:10C16000099418EE104A07E000F1020C09F10809E1
:10C170001046103D102D1EDD8149C9F80010421CEB
:10C1800010331021072ACDE91923C9F80410EBDD7B
:10C1900018AA002B74D0214658460DF16C09FFF700
:10C1A000CBFB00287FF4DBADDDE91903103D102D3A
:10C1B00000F1010CE0DC099C714AC9F804502B44E1
:10C1C000BCF1070FCDE919C3C9F8002040F39481F1
:10C1D000002B00F01F8318EE101A18AA5846FFF71C
:10C1E000ABFB00287FF4BBAD049ADDE91903BD1A4F
:10C1F000002D00F101010DF16C097FF729AE102D22
:10C2000029DD0994102718EE104A07E000F1020C0E
:10C2100009F108091046103D102D1ADD421C58493D
:10C220001033072AC9E90017CDE91923EEDD18AA52
:10C2300003B3214658460DF16C09FFF77DFB00283A
:10C240007FF48DADDDE91903103D102D00F1010CD7
:10C25000E4DC099C61464A4AC9F804502B4407298A
:10C26000CDE91913C9F8002000F3E78009F10809A6
:10C270000131EDE54FF0010C18460DF16C09CAE7EC
:10C280004FF0010C18460DF16C0972E7002B00F01D
:10C29000048118EE101A18AA5846FFF74DFB002823
:10C2A0007FF45DADDDE919030DF16C09411CA7E5D3
:10C2B000022311AA1C931B9201210DF16C0908465F
:10C2C00009F10809411CBAE5102D40F3E582DDE9CA
:10C2D00019130F94084618EE104A07E000F1020CFB
:10C2E00009F108091046103D102D1DDD2549C9F83A
:10C2F0000010421C10331021072ACDE91923C9F878
:10C300000410EBDD18AA03B3214658460DF16C0961
:10C31000FFF712FB00287FF422ADDDE91903103D81
:10C32000102D00F1010CE1DC0F9C6046154AC9F8A4
:10C3300004502B440728CDE91903C9F8002000F365
:10C34000C18009F10809411C46E518464FF0010C6F
:10C350000DF16C09C7E77607199353D5069A03992F
:10C36000541A002C4EDD0DF16C09102C40F3B082F4
:10C37000199918EE106A10250DE000BFBC45002089
:10C38000D44A002020460020881C09F108091146E3
:10C39000103C102C1ADD4A1CB3481033072AC9E997
:10C3A0000005CDE91923EFDD18AA33B3314658460D
:10C3B000FFF7C2FA00287FF4D2ACDDE91913103C74
:10C3C000102C01F101000DF16C09E4DCA64AC9F85A
:10C3D000044023440728CDE91903C9F800207FF75A
:10C3E00059AD7BB118EE101A18AA5846FFF7A4FAF7
:10C3F00000287FF4B4AC1A9B4CE5012019460DF1DE
:10C400006C09C5E7DDE9053203998A42ACBF9B1888
:10C410005B18059349E5B2F90C108F0518EE103A38
:10C420008AB23FF5E8AA18EE105A986DFCF71CFC8A
:10C43000B5F90C108AB2FFF7DEBA002B3FF479AEE3
:10C4400018EE101A18AA5846FFF776FA00287FF45B
:10C4500086AC19991A9B01310DF16C09F8E4199217
:10C460000DF16C095EE4002F7FF4C3AB039E00273F
:10C47000049744ACFFF7C5BB039B13F0100354D1E2
:10C48000039A12F0400000F06B8107991A4651F8A8
:10C49000043B07919BB2012101E4099A002A64D16F
:10C4A000184601210DF16C09C9E4012118460DF16E
:10C4B0006C09C4E45B4262EB420203962D20012129
:10C4C000FFF7EEBB002B00F0888018EE101A18AAB8
:10C4D0005846FFF731FA00287FF441ACDDE9190333
:10C4E0000DF16C09411C77E498F800100793FFF7F1
:10C4F000D2BA44ACFFF785BB09F108090CF1010180
:10C500006046A0E416F4007240F0978151F8043BB5
:10C510000791FFF7C0BBB30500F1888152F8043BD7
:10C520000792DA171146FFF752BB079951F8043BFF
:10C5300007910121FFF7B3BB079B059853F8041B34
:10C540000793C217C1E90002FFF77DBA0B9B002BCE
:10C550003FF426AB0B9B1B78002B3FF421AB98F8E4
:10C56000001046F48066FFF796BA022311AA1C93C6
:10C570001B9201200DF16C09A2E6039671E53B4B7D
:10C580000C9316F0200259D0079B073323F00703C2
:10C5900018465A6850F8083B0790F40709D553EA43
:10C5A000020006D08DF84510302146F002068DF8C5
:10C5B000441026F4806103910221FFF770BB2C4BDD
:10C5C0000C93DEE7079B012153F8042B03918DF8B0
:10C5D000AC20079304912BACDFE49DF84320002AA4
:10C5E00040F03281099A002A7FF462AE1846012198
:10C5F0000DF16C0927E40021082216A81394FCF71A
:10C60000B3FA791C00F0BC80002507942C460CE09E
:10C610002BA9584600F0DCFC421C204400F06B8142
:10C62000B84208DC00F070810446139A525916ABE8
:10C630000435002AECD10494079CAFE016F01003F7
:10C6400007980CD116F0400405D01A4650F8043B68
:10C6500007909BB2A1E716F4007240F0E18050F819
:10C66000043B079099E700BF20460020BC4500200E
:10C67000D04500200399049744AC9E4608EE90BA3A
:10C6800001F480664FF0000C234606E0BEF10A0F6D
:10C6900072F1000239D3A6462A46A6491EEB0200D3
:10C6A00040F100000F46A1FB001424F0030101EB50
:10C6B0009401401ABEEB00014FF0CC3562F100044A
:10C6C00005FB01F507FB0455A1FB07410D440527B8
:10C6D00004F00101A1FB071B09186408303103F8BD
:10C6E000011C44EAC5740CF1010C013B6D08002EDD
:10C6F000CCD00B9909786145C8D1BCF1FF0FC5D0EA
:10C70000BEF10A0F72F100026CD21C4644AB1B1B37
:10C71000049F039E049318EE90BAFFF772BA039633
:10C72000FFF762BA5846FCF7B5FFFFF75BB901297E
:10C7300003967FF4CDACFFF75CBA079B059953F8DD
:10C74000042B11600793FFF77EB9062F3B46039A2F
:10C75000794C079228BF062304930393FFF725BB68
:10C76000039B079913F4007214BF51F8043B51F86E
:10C77000043B07911CBF0246DBB20121FFF78FBAD1
:10C7800016AB00930023194613AA584600F08CFDFF
:10C7900003460133049000F0AE801394049B002BF9
:10C7A00030D0632B63DC002308932BAC08220021DC
:10C7B00016A8FCF7D9F9049D16AB009313AA2B46D3
:10C7C0002146584600F070FD854240F0AB80039B47
:10C7D000049A07930023A3541F4622EAE2730393AB
:10C7E000FFF716BA0E9A0D999B1A18460893FDF793
:10C7F00019FA0B99089B4A780AB101310B914FF055
:10C80000000C48E7039B0793049B03931F46089380
:10C81000FFF7FEB9012118460DF16C09FFF713BBB4
:10C8200050F8043B07902246DBB2B6E612F9043B0F
:10C830000792DA171146FFF7CAB951F8043B07917E
:10C840000246DBB2FFF727BA01231C9301210DF149
:10C8500043031B930DF16C090B46FFF7CDBA079B01
:10C86000059953F8042B07931180FFF7ECB8591C76
:10C87000584600F0E7F8044600283CD0089095E7B9
:10C88000886DFCF7F3F9FFF7E9B9039B0793CDE94E
:10C890000377089FFFF7BCB919981A9B013045E54B
:10C8A000039B07932046FCF7F9FF20EAE0732F462D
:10C8B000049003930895FFF7ABB918EE101A18AA65
:10C8C0005846FFF739F800283FF436AAFFF74DBA6B
:10C8D000199801307AE58C466EE46B6ED90705D461
:10C8E000AB899A0502D4A86DFCF7C0F94FF0FF336D
:10C8F0000593FFF749BA18EE102AB2F90C3043F04D
:10C9000040039381FFF735BA079C049746E7079BDE
:10C9100098F8011053F8047B0793904647EAE777AD
:10C92000FFF7B9B818EE102A938943F040039381BA
:10C93000FFF715BACDCCCCCCE445002070B50C4641
:10C940008989ADF58E6D21F00201ADF81410616E8C
:10C950001B91E189ADF81610E1690991616A0B91AB
:10C960001CA9029106914FF480610646049107913B
:10C9700018A80021CDE900320891FCF771F9DDE932
:10C98000003202A93046FFF713F8051E07DB02A9A3
:10C99000304601F04BFC002818BF4FF0FF35BDF8C2
:10C9A00014305B0603D5A38943F04003A381189894
:10C9B000FCF758F928460DF58E6D70BD2DE9F0474E
:10C9C000DFF87CA00646DAF8000098460F4691464C
:10C9D000FCF74AF9184B1C6824B365681F2D24DC4A
:10C9E0005EB96B1C0235DAF80000636044F825700C
:10C9F000FCF73CF90020BDE8F08704EB850101233A
:10CA0000C1F88890D4F88821AB401A43022EC4F8AC
:10CA10008821C1F80881E4D1D4F88C211A43C4F8E4
:10CA20008C21DEE7054C1C60D7E7DAF80000FCF744
:10CA30001DF94FF0FF30DEE72433022028330220B7
:10CA4000F84C00202DE9F04F01F10B06162E83B0B3
:10CA5000044624D8102900F2BA8000F019FC1026F0
:10CA600018220220B54F3A44A2F1080153688B42C4
:10CA700000F0BA805A68D96822F003021A449D680F
:10CA8000E9608D60516841F001012046516003F179
:10CA9000080500F003FC284603B0BDE8F08F36F02F
:10CAA000070600F19480B14200F2918000F0F0FBA3
:10CAB000B6F5FC7FC0F09A81730A00F08F80042BDA
:10CAC00000F26F81B30903F1390003F1380CC300A0
:10CAD0009A4F3B44A3F108055B689D4206D10CE0E8
:10CAE000002980F22781DB689D4206D05A6822F037
:10CAF0000302911B0F29F3DD60463D69DFF850C248
:10CB000065457CD06A6822F00302931B0F2B00F36B
:10CB10007B81002BC7E904CC80F26C81B2F5007FE9
:10CB200080F01A81D308796801334FEA521E01223E
:10CB300002FA0EF20A4357F833E0C5F808E007EBB3
:10CB4000C3010839E9607A6047F83350CEF80C50D9
:10CB5000831001219940914257D8114206D120F00B
:10CB600003004900114200F10400FAD007EBC009AC
:10CB70004D468646D5F80C80454508D11DE1002B71
:10CB800080F22481D8F80C80454500F01681D8F851
:10CB9000042022F00302931B0F2BF0DD2046D8E97E
:10CBA000025408EB060146F00106C8F80460EC6088
:10CBB000A56043F00104C7E90411C1E902CC4C604F
:10CBC00048F8023000F06AFB08F1080502E00C2387
:10CBD00023600025284603B0BDE8F08F4FF40073B2
:10CBE00040204FF03F0C73E7D3689A4208BF0230F1
:10CBF0007FF440AF3D69DFF858C1654582D17A685E
:10CC00008310012199409142A7D9BD686B6823F038
:10CC100003094E4503D8A9EB06030F2B7ADCDFF896
:10CC200034B1474BDBF800201B680132334405EB7D
:10CC3000090A00F0338103F580530F3323F47F6832
:10CC400028F00F0841462046FDF786F8411C0246B1
:10CC500000F0F380824500F2EE803A4B19684144BF
:10CC60001960084600F04E81DBF800100193013195
:10CC70001BBFA2EB0A010918CBF80020196012F0C3
:10CC8000070B00F01781CBF108010A44CBF5805166
:10CC900090440831A1EB0801C1F30B0A514620462C
:10CCA0000092FDF759F8421CDDE9002300F04F81A6
:10CCB000801A00EB0A081968BA6048F00100514474
:10CCC000BD425060196000F02981B9F10F0F40F2A8
:10CCD00027816868A9F10C0C2CF0070C00F001000A
:10CCE00040EA0C0068604FF0050E05EB0C00BCF14B
:10CCF0000F0FC0E901EE00F2328150681546124B69
:10CD00001A688A4238BF1960104B1A688A4238BFC5
:10CD1000196094E0AA1943F0010346F001066E6021
:10CD20002046BA60536000F0B9FA0835284603B0CF
:10CD3000BDE8F08FD9681A44A1E600BF6C4E002010
:10CD4000F4340220C4340220EC340220F0340220F7
:10CD5000744E002074520020B2F5206F4FEA522327
:10CD600063D3142B00F2B78003F15C01C9005B337D
:10CD700007EB010E7958AEF1080E8E4500F0918058
:10CD80004B6823F00303934202D989688E45F7D19B
:10CD9000D1F80CE07A68C5E9021ECEF80850CD60E3
:10CDA000D6E6142B59D9542B00F29D80330B03F196
:10CDB0006F0003F16E0CC3008AE60EF1010E1EF047
:10CDC000030F05F108057FF4D5AE51E04244454616
:10CDD0005368D8F80C1043F00103536055F8083F2E
:10CDE0002046D9608B6000F059FAF3E6F00806F1AE
:10CDF000080237E62A442046536843F00103536093
:10CE0000083500F04BFAE5E6A919204646F0010680
:10CE100043F001046E60C7E90411C1E902CC4C6023
:10CE2000AB5000F03BFA0835D4E6930903F1390121
:10CE3000C90038339CE7BD425FD0BD68686820F008
:10CE400003084645A8EB060302D80F2B3FF762AF55
:10CE5000204600F023FA0025BCE603F15C0003F154
:10CE60005B0CC30034E659F808394B4540F0968016
:10CE700010F0030F00F1FF30F5D17B6823EA0103C6
:10CE80007B60490099423FF6C0AE19B9BDE6490042
:10CE90000EF1040E1942FAD0704667E603F110084D
:10CEA000D0E69A104FF001087B6808FA02F21A43A4
:10CEB0007A6070E702EB08014942C1F30B0A514660
:10CEC00020460092FCF748FF431CDDE900237FF475
:10CED000EFAEDA46EFE6542B25D8130B03F16F01C2
:10CEE000C9006E3344E7B3F5AA7F25D8F30B03F1ED
:10CEF000780003F1770CC300EAE5294B1868404439
:10CF00001860B1E6CAF30B0CBCF1000F7FF4ACAEB5
:10CF1000BD68C84448F001006860F0E61546EEE6DA
:10CF20000123536094E7B3F5AA7F23D8D30B03F111
:10CF30007801C90077331BE740F25452934223D85B
:10CF4000B30C03F17D0003F17C0CC300C0E5ABF131
:10CF5000080BD844A8EB02084FF0000AABE605F135
:10CF6000080120460093FCF757FDBD68009B6868E8
:10CF70001968C4E640F254518B420BD8930C03F16C
:10CF80007D01C9007C33F3E64FF47E737F204FF0C0
:10CF90007E0C9DE54FF47E717E23E9E67B6870E7A9
:10CFA000C434022082B049B15AB16BB113780B601E
:10CFB0001278101E18BF012002B0704701A9002A84
:10CFC000F3D1104602B070476FF00100F4E700BFE4
:10CFD00070B5054684B05BB11C4669B10E4B28465E
:10CFE000D3F8E0602346B047431C0FD004B070BDB7
:10CFF00000F582740029F1D1074A2346D2F8E06097
:10D0000028460A4601A9B047431CEFD100228A23D3
:10D0100022602B6004B070BD004D002000487047B6
:10D02000F04D002070B500294BD006460C4610B1DB
:10D03000436B002B48D0636ED80734D5B4F90C305D
:10D04000002B3ED02146304601F058F8E36A0546F1
:10D0500033B1E169304698470028B8BF4FF0FF353B
:10D06000A3891A063CD4216B41B104F140039942D3
:10D0700002D03046FCF7D0FC00232363616C21B161
:10D080003046FCF7C9FC00236364FCF721FB636EA8
:10D090000022DB07A2811FD5A06DFBF7E3FDFCF7A3
:10D0A0001DFB284670BDA3899905CBD4A06DFBF765
:10D0B000DBFDB4F90C30002BC4D1656E15F0010511
:10D0C00005D00025284670BDFCF7E4FAB3E7A06D53
:10D0D000FBF7CCFD284670BDA06DFBF7C7FDDBE775
:10D0E00021693046FCF798FCBDE700BF38B5314BED
:10D0F0001B6805460C4613B15A6B002A4ED0B4F992
:10D100000C3018079AB21CD5216929B312F001001E
:10D1100007D00020A06060694042A06139B10020C2
:10D1200038BD950758BF6069A0600029F7D1120685
:10D1300058BF0846F4D543F04003A3814FF0FF30B9
:10D1400038BDD1062ED5520714D4216943F0080307
:10D15000A3819AB20029D9D102F42070B0F5007FE2
:10D16000D4D02146284600F027F8B4F90C302169C4
:10D170009AB2CBE7216B51B104F14002914204D045
:10D180002846FCF749FCB4F90C30002222632169DF
:10D190000022C4E9001223F02403D7E71846FCF765
:10D1A00079FAACE7092243F040032A604FF0FF30E0
:10D1B000A38138BD885200202DE9F0418B890C46AF
:10D1C000990796B008D504F143030122C4E904325B
:10D1D000236016B0BDE8F081B4F90E1000290646B0
:10D1E00025DB6A4601F0CAFA00281FDB019D05F421
:10D1F0007045A5F50055B5FA85F54FF480686D09C1
:10D200004FF4006741463046FFF71CFCE0B1B4F92B
:10D210000C30C4F8148043F0800320602061A381A7
:10D2200035BB3B43A38116B0BDE8F081A38913F061
:10D23000800519D04FF040080025414630462F4662
:10D24000FFF700FC0028E2D1B4F90C309A05C0D4F5
:10D2500023F0030304F1430243F002030121C4E974
:10D260000421A3812260B4E74FF480682F46C9E708
:10D27000B4F90E10304601F097FA10B9B4F90C3039
:10D28000CFE7A38923F0030343F001031BB2C8E7F0
:10D290000148FBF7E9BC00BFBC3402200148FBF7A2
:10D2A000E5BC00BFBC34022010B582B0049CCDE9BF
:10D2B00000344FF0FF3301F091FE02B010BD00BF0B
:10D2C0002DE9F04F03690C69A34283B0C0F2878057
:10D2D000013C01F11405A30000F11408009355F876
:10D2E000243058F82420013381469A4208EB840008
:10D2F00005EB84070190B2FBF3F63BD34FF0000C33
:10D30000AE464046E24663465EF804BB02681FFA3A
:10D310008BFC06FB0C334FEA134C4FEA1B4B06FB0E
:10D320000BCC9BB2AAEB03031FFA8CFA13FA82F31D
:10D33000CAEB124202EB23429BB243EA0243774517
:10D3400040F8043B4FEA224A4FEA1C43DCD2009BE0
:10D3500058F8033073B9019B043B984504D307E0A8
:10D36000984504F1FF3403D253F80429002AF7D07A
:10D37000C9F810404846FBF765FF00282BDB013653
:10D380004146002355F8040BD1F800C082B29A1A26
:10D39000030C12FA8CF2C3EB1C4303EB224392B250
:10D3A00042EA0342AF4241F8042B4FEA2343E9D259
:10D3B00058F8242008EB84036AB9043B984504D349
:10D3C00007E0984504F1FF3403D253F80429002AFA
:10D3D000F7D0C9F81040304603B0BDE8F08F002008
:10D3E00003B0BDE8F08F00BF000000002DE9F04F52
:10D3F0002DED028B8FB08DED020B0191816B1A9D8B
:10D40000059357EC106B0446934641B1C26B4A60DA
:10D41000012393408B60FBF7B5FC0023A363B7F1B6
:10D420000008B4BF012300232B60BE4BBCBF28F013
:10D430000048CDF80C8033EA080300F09F809DED92
:10D44000028BB5EE408BF1EE10FA11D1059A012353
:10D4500013601B9B002B00F03F82B34B1B9A1360A1
:10D46000013B009300980FB0BDEC028BBDE8F08F3C
:10D470000CAA0DA92046B0EE480BFBF7AFFF5FEA00
:10D480001853054640F09280DDE90C130B4403F27B
:10D490003242202A40F3FA82C2F1400208FA02F82E
:10D4A00003F21242D64048EA060207EE102AB8EE0E
:10D4B000477B581E17EE906A53EC172B4FF0010A6A
:10D4C000A6F1F8739FED913B9FED927B9FED935BEF
:10D4D00006EE900A43EC122BB8EEE64BB7EE086B63
:10D4E00032EE466BA6EE037BA4EE057BFDEEC76B2A
:10D4F000B5EEC07BF1EE10FA16EE907A08D5B8EED4
:10D50000E66BB4EE476BF1EE10FA18BF07F1FF3788
:10D51000162F00F24581854B03EBC70393ED007B8B
:10D52000B4EEC78BF1EE10FA57D5091A0023B1F10A
:10D53000010807F1FF370A9300F1398100230693B0
:10D54000002F52DA069B0497DB1B06937B4208935D
:10D55000019B092B4FF000074ED8052B40F39D820D
:10D56000043B01930026019B9A1E032A00F22581A9
:10D57000DFE812F0AA03A7039D037E03059AC8F310
:10D58000130842F20F7358EA060813601ED11B9B62
:10D59000002B00F09185664B009308331B9A00988E
:10D5A00013600FB0BDEC028BBDE8F08F18EE906AEF
:10D5B000C6F31306A3F2FF3053EC182B46F07F534B
:10D5C0000C994FF0000A43F440137BE71B9B002BA0
:10D5D00040F03B83574B009344E7091A0023B1F115
:10D5E00001080A9300F1E380069300230893019B4E
:10D5F0000497092BB844B0D900230126019307965C
:10D600004FF0FF399B460021E163CDF82C90204676
:10D61000FBF792FB0090002800F04085009BA3637D
:10D62000B9F10E0F00F2DC80002E00F0D980049BCF
:10D63000002B40F3DE833D4A03F00F0102EBC102F1
:10D6400092ED007B1A11DB0540F182833A4991ED9E
:10D65000086B02F00F02032088EE065B5AB13649D0
:10D66000D60704D591ED006B013027EE067B5210F2
:10D6700001F10801F4D185EE076B0A9B3BB1B7EECF
:10D68000007BB4EEC76BF1EE10FA00F1AE8407EE4A
:10D69000900AB8EEE75BB1EE0C7BA5EE067B17EEC9
:10D6A000902A51EC170BA2F15071B9F1000F00F064
:10D6B0008883049E4A46079B002B00F04784B6EE01
:10D6C000003B1A4BFDEEC64B03EBC20CB8EEE47BFD
:10D6D00036EE477B1CED026B83EE065B41EC160BCE
:10D6E00014EE900A35EE465B0099B4EEC75B30301D
:10D6F000F1EE10FA01F8010B00F3AC84B7EE002B49
:10D70000B2EE044B4FF0000C31E000BF61436F6399
:10D71000A787D23FB3C8608B288AC63FFB799F504A
:10D720001344D33F0000F07FED450020380C00206B
:10D73000404500204C450020100C00200CF1010C4D
:10D7400094454DDA27EE047B25EE045BFDEEC76BB6
:10D7500016EE903AB8EEE63B303337EE437BB4EE4C
:10D76000C57BF1EE10FA01F8013B00F1738432EE53
:10D77000476BB4EEC56BF1EE10FADFD5009A049654
:10D7800002E08A4200F05084894611F8013D392BAD
:10D79000F7D00133DBB20B70049B0133049355E1E6
:10D7A000091A0123B1F101080A937FF5C7AEC1F14F
:10D7B000010306934FF00008C2E60026E6633146F7
:10D7C0002046FBF7B9FA0090002800F06784009B20
:10D7D000A3634FF0FF330B9399460123B34607939E
:10D7E0000D9A002A55DB04990E2952DCB74BBBF188
:10D7F000000F03EBC10393ED006B15DAB9F1000FD5
:10D8000012DC40F0F282B1EE047B26EE077BB4EE30
:10D81000C78BF1EE10FACA464E4600F26D82DDF873
:10D8200000806FEA0B0B70E288EE067BBDEEC77BD3
:10D83000009917EE103AB9F1010F03F13003B8EE79
:10D84000C75B01F8013BA5EE468B00F03483B2EED6
:10D85000044B012311E088EE067BBDEEC77B01334C
:10D8600017EE102A4B4502F13002B8EEC75B01F803
:10D87000012BA5EE468B00F01E8328EE048BB5EE3F
:10D88000408BF1EE10FAE6D1049B013304938946F4
:10D89000DCE0079B43B3019B012B40F37682089B9E
:10D8A00009F1FF3A534580F23F82089BCDF820A052
:10D8B000AAEB030217444FF0000AB9F1000FC0F2BF
:10D8C0002583069B09934B44C844069301212046B7
:10D8D000FBF704FB06460CE07D4B009300980FB06D
:10D8E000BDEC028BBDE8F08F069BDDF820A0079E03
:10D8F0000993099B6BB1B8F1000F0ADD4345069906
:10D900001A46A8BF4246891A9B1A06910993A8EBAA
:10D910000208089B63B1079B002B00F0A782BAF1B5
:10D92000000F00F30482089BB3EB0A0240F0FF8271
:10D9300001212046FBF7D2FA002F824600F3AF8088
:10D94000019B012B40F38781002308930120002FC6
:10D9500040F0B180404410F01F0000F07A81C0F127
:10D960002002042A00F3888040F0F681069B002BF9
:10D9700005DD29461A462046FBF7ECFB0546B8F1C3
:10D98000000F05DD514642462046FBF7E3FB824689
:10D990000A9B002B40F03F81B9F1000F40F3258135
:10D9A000079B002B40F0A380049B01330493DDF818
:10D9B0000080012707E0294600230A222046FBF7C2
:10D9C000EBF90137054651462846FFF779FCB94582
:10D9D00000F1300008F8010BEDDCB9F1000F009AFE
:10D9E000CCBFCB464FF0010B03469344002729469A
:10D9F000012220460193FBF7ADFB51460546FBF79C
:10DA000021FC002840F3AF811BF8013C009A0BF188
:10DA1000FF3B04E05A4500F0B1811BF8013D392B72
:10DA20000BF10109F6D001338BF800305146204646
:10DA3000FBF7A8F956B12FB1B74203D039462046BB
:10DA4000FBF7A0F931462046FBF79CF92946204612
:10DA5000FBF798F9002389F80030DDE904231A6008
:10DA60001B9B002B3FF4FEAC0098C3F800900FB056
:10DA7000BDEC028BBDE8F08FC0F11C00069B034497
:10DA80000693099B0344099380446FE7C2F1200287
:10DA900006FA02F207EE102A09E5012663E50146BF
:10DAA0003A462046FBF7F6FA019B012B824640F3EB
:10DAB000C58100230893DAF810200AEB820210696E
:10DAC000FBF7BCF9C0F1200044E700BF380C002090
:10DAD000EC450020314600230A222046FBF75CF982
:10DAE0000B9B002B064640F3CE8204979946099B78
:10DAF000002B05DD31461A462046FBF72BFB064678
:10DB0000089B002B40F0EB81B046029B009F03F086
:10DB100001027B1E4B440893019B0A921343099315
:10DB200051462846FFF7CCFB314683462846FBF793
:10DB300089FB4246514681462046FBF7A5FBC26859
:10DB400001460BF13003002A42D1CDE906032846F5
:10DB5000FBF778FB069902902046FBF713F9029A2F
:10DB6000079B1AB90999002900F07E82B9F1000FCC
:10DB7000C0F28381019949EA01090A9951EA090928
:10DB800000F07B81002A00F3C681089A3B7007F100
:10DB900001099742CB4600F0C481294600230A229E
:10DBA0002046FBF7F9F84645054631464FF000039D
:10DBB0004FF00A02204612D0FBF7EEF84146064627
:10DBC00000230A222046FBF7E7F84F468046A7E7E6
:10DBD00020460293FBF7D6F8029B0122C6E7FBF72B
:10DBE000DBF84F46064680469AE7019B022B71DC24
:10DBF000079B002B7FF47BAF049B514601332846E3
:10DC00000493FFF75DFBDDF800B000F130030BF883
:10DC1000013B0027EBE651462846FBF713FB0028A3
:10DC2000BFF6BAAE294600230A222046FBF7B4F815
:10DC3000049B5F1E079B0546002B7FF44BAF0B9B9D
:10DC4000002B40F318829946B1E6BC4B0093033396
:10DC5000A4E41C2012E7DDE9020100287FF474AE81
:10DC6000C1F31302002A00F0F480029B08936DE6D2
:10DC700001230793049B5B4403F10109B9F1010FF0
:10DC8000CC460B93B8BF4FF0010C0021BCF1170F2D
:10DC9000E1637FF7BCAC01200422520002F11403BF
:10DCA0006345014600F10100F7D9E163AFE40123C8
:10DCB0000793BBF1000F52DDCDF82CB0D946DC46FE
:10DCC000E3E700230793D5E700230793F1E7DDF8A7
:10DCD0002C900497B9F1000F7FF4A1AD51464B464B
:10DCE00005222046FBF758F8014682462846FBF7F6
:10DCF000A9FA00287FF793AD049B03F1010B009B69
:10DD00003122984603F8012B009351462046FBF739
:10DD100039F80BF10103DDF800900493CDF8008091
:10DD2000002E7FF48FAE91E6A3EB0A0AC5E53146DB
:10DD300052462046FBF7AEF92A46014606462046E3
:10DD4000FBF7FAF8294605462046FBF71BF8EAE5FB
:10DD50000220B0EE485B81E4C0F13C008EE64FF05B
:10DD6000010BD9464FE403D1019BDB073FF54CAED5
:10DD7000D9461BF8013D302BFAD057E6049B009A98
:10DD8000013304933123137050E6BAF1000F00F011
:10DD9000238102F23342069B09931344DDF820A04D
:10DDA0000693904492E507EE900AB1EE0C5BB8EE54
:10DDB000E77BA6EE075B15EE902A51EC150BA2F15E
:10DDC000507141EC150BB1EE047B36EE477BB4EE9F
:10DDD000C57BF1EE10FA00F33781B1EE455BB4EE8E
:10DDE000C57BF1EE10FA7FF5FBAC4FF0000A56460A
:10DDF00015E500F0F580049B51495A4202F00F00EE
:10DE000001EBC00191ED006B121128EE066B00F0E2
:10DE10004281B0EE467B4B4900260220D30705D550
:10DE200091ED005B0130012627EE057B521001F1D8
:10DE30000801F3D1002E06FE076B1EE4029B002BA7
:10DE40007FF437AEDDE90201C1F31302002A40F08E
:10DE500037813D4A0A40002A00F0FA80069B0133D0
:10DE60000693012308F1010808936FE52946089AF3
:10DE70002046FBF70FF905465AE5002A12DD294630
:10DE8000012220460193FBF765F951460546FBF751
:10DE9000D9F90028019B40F3E180392B00F0CA80BA
:10DEA0000BF13103B94609F8013B049B01333746B6
:10DEB00004934646BAE538EE088BB4EEC68BF1EE15
:10DEC00010FA0ADCB4EE468BF1EE10FA7FF4DCAC0B
:10DED00017EE103AD8077FF5D7AC009A54E4716872
:10DEE0002046FAF729FF0746002800F0DE80336954
:10DEF00002339A0006F10C010C30FBF727FC39467F
:10DF000001222046FBF726F98046FEE5069BA3EB9F
:10DF100009030993DAE4392B00F08C80B946013308
:10DF2000C1E7049A01323746049246465FE5294626
:10DF30002046FBF7AFF80546FAE400BF4C45002049
:10DF4000380C0020100C00200000F07F5E4BFDEE2E
:10DF5000C65B03EBC20C1CED023BB8EEE57B36EE74
:10DF6000477B41EC160B15EE901A23EE063B00980A
:10DF70003031012A00F8011B00F08380B2EE044B1F
:10DF8000009B991827EE047BFDEEC76B16EE903AC6
:10DF9000303300F8013B8142B8EEE65B37EE457B5B
:10DFA000F0D1B6EE006B33EE065BB4EEC75BF1EE7C
:10DFB00010FA3FF5E3AB36EE436BB4EEC76BF1EE10
:10DFC00010FA7FF70DAC8946013919F8013C302B66
:10DFD000F9D0731C049339E50C9AC2F13602DAE6E3
:10DFE0000220B0EE486BFFF748BBB9F1000F3FF4D9
:10DFF000DAAE0B9A002A7FF7F3ABB2EE044B26EEB3
:10E00000046B013007EE900A049BB8EEE75BB1EEBB
:10E010000C7BA6EE057B17EE90CA51EC170B5E1E2B
:10E02000ACF15071FFF747BB049B013304933123DC
:10E03000FFF7B1BB049BBB4601330493392337463A
:10E040000BF8013B4646E1E44FF0000A564653E622
:10E0500008927BE4731C04938946F7E47FF422AFB3
:10E06000DA077FF51FAF18E7392BE3D0B9F1000FBE
:10E070003FF716AF16E7019B022B3FF728AE049738
:10E08000BAE501468DE7019B022B3FF720AEDDF894
:10E090002C9004972BE50220FFF7EFBA0B4B0C48AE
:10E0A000002240F2AF11FAF73FFD084B08483A460C
:10E0B00040F2EF21FAF738FD064B0093FFF7D2B993
:10E0C000029B0893F7E400BF380C0020CC430020EB
:10E0D000504500204045002038B5074D0022044639
:10E0E00008462A60EAF7BEFF431C00D038BD2B6803
:10E0F000002BFBD0236038BD34360220B1F90C2050
:10E100002DE9F0410C461107804647D4636842F47C
:10E110000062002BA2815EDDA56A002D58D000238D
:10E12000D8F80060C8F8003093B212F4805256D18B
:10E130000123E1694046A847431C67D0A389A56A2B
:10E140005F0705D56368C01A236B0BB1E36BC01A78
:10E15000E169024600234046A847411C41D1D8F856
:10E160000030002B3DD01D2B01D0162B56D1A3899A
:10E170002269226023F4006300216160A381216B86
:10E18000C8F8006021B304F14003994202D0404630
:10E19000FBF742FC00202063BDE8F0812669BEB198
:10E1A00093B2256826609A070CBF63690023AD1BF4
:10E1B000A3600BE02B463246E169676A4046B847E8
:10E1C000B0F1000CA5EB0C05664417DD002DF1DC69
:10E1D0000020BDE8F081E36B002B9DDCF8E7206DAB
:10E1E000AEE7B4F90C302269226023F40063A38106
:10E1F0000022DB046260C2D52065C0E7A38943F03A
:10E2000040034FF0FF30A381BDE8F081D8F8003023
:10E21000002B93D01D2B06D0162B04D0A38943F0DE
:10E220004003A381D5E7C8F80060D1E738B50C46B4
:10E23000054608B1436B03B3B4F90C0088B1636EB3
:10E24000DB0701D481050FD528462146FFF756FF8D
:10E25000636EDA07054602D4A3899B0508D52846D4
:10E2600038BD0546284638BDA06DFAF7FDFCEBE742
:10E27000A06DFAF7FBFC284638BDFBF70BFADBE78D
:10E2800000000000000000000000000001F0FF019D
:10E29000102A2BDB10F0070F08D010F8013B013AD1
:10E2A0008B422DD010F0070F42B3F6D1F0B441EA03
:10E2B000012141EA014122F007047FF00007002319
:10E2C000F0E80256083C85EA010586EA010685FA6F
:10E2D00047F5A3FA87F586FA47F6A5FA87F68EB9C9
:10E2E000EED1F0BC01F0FF0102F0070232B110F8EC
:10E2F000013B013A83EA010313B1F8D100207047D2
:10E3000001387047002D06BF35460338073815F031
:10E31000010F07D1013015F4807F02BF013015F4E1
:10E32000C03F0130F0BC0138704700BF30B482B04C
:10E330008DED000B019A194C22F000430021A342FD
:10E34000016021DC009C1C431ED0154C144054B9C4
:10E350009FED107B20EE077B8DED007B019A6FF027
:10E36000350122F0004322F0FF42DDE9004522F4AE
:10E37000E00242F07F551B1545F40015A3F2FE3371
:10E38000CDE900450B4403609DED000B02B030BCAD
:10E39000704700BF0000000000005043FFFFEF7F08
:10E3A0000000F07F2DE9F84F1746002900F0988013
:10E3B0000C4607F10B058046FEF76AFF162D54F850
:10E3C000041C5BD810252A46AF425CD821F0030616
:10E3D0009642A4F1080962DABC4BD3F808C009EBF5
:10E3E0000600844500F09780D0F804C02CF00103AB
:10E3F00003445B68DB0768D42CF0030C06EB0C03CA
:10E40000934247DACB0710D454F8083CA9EB030A2F
:10E41000DAF8043023F003018C44B444944580F2CC
:10E4200011817318934280F2E88039464046FEF726
:10E4300009FB0746E0B154F8043C23F001034B44C8
:10E44000A0F10802934200F0D280321F242A00F289
:10E45000F580132A00F2AC80034622461168196049
:10E460005168596092689A6021464046FBF7D4FA99
:10E470004046FEF713FF3846BDE8F88F25F0070544
:10E48000002D2A46A0DA0C23C8F8003000273846B1
:10E49000BDE8F88F1E46D0E90223D3609A60731B53
:10E4A0000F2B22D8D9F8043003F0010333434E4434
:10E4B000C9F80430736843F001037360404627468F
:10E4C000FEF7ECFE3846BDE8F88FC907ADD454F826
:10E4D000083CA9EB030ADAF8041021F00301A0E7D5
:10E4E000BDE8F84F1146FEF7ADBAD9F8042009EBA4
:10E4F000050102F001024E4443F001032A43C9F82A
:10E5000004204B60736843F0010308317360404698
:10E51000FBF782FAD2E7DCF8040020F0030B06EBED
:10E520000B0C05F1100084454DDAC9073FF57DAFAE
:10E5300054F8081CA9EB010ADAF8041021F00301D1
:10E540008B44B34458453FF76CAF5746DAF80C108C
:10E5500057F8080F321F242AC160886000F2DB8060
:10E56000132A40F2D6802168CAF808106168CAF8F8
:10E570000C101B2A00F2DF8008340AF11002216817
:10E58000116061685160A16891600AEB0501ABEB15
:10E59000050242F0010299604A60DAF8043003F0A3
:10E5A00001032B434046CAF80430FEF777FE6EE7BE
:10E5B00023680360636843601B2A68D804F108027B
:10E5C00000F108034AE709EB05029A60ACEB05038A
:10E5D00043F00103536054F8043C03F001032B4360
:10E5E000404644F8043CFEF759FE27464FE750F8F2
:10E5F000043C23F003031E4451E75746DAF80C109D
:10E6000057F8080F321F242AC16088604CD8132A9B
:10E6100048D92168CAF808106168CAF80C101B2A8A
:10E6200056D808340AF110021E4623681360636846
:10E630005360A3689360D1463C4630E7214600F022
:10E64000CDFB11E7D0E902135746CB60996057F82C
:10E65000081FDAF80C30CB60321F242A99602DD8BD
:10E66000132A29D92368CAF808306368CAF80C301D
:10E670001B2A42D808340AF1100322681A60626823
:10E680005A60A2689A606646D1463C4607E7A3688E
:10E690008360E368C360242A26D004F1100200F1ED
:10E6A0001003DBE63A46BFE7214638461E46D14610
:10E6B00000F094FB3C46F2E63B46DEE72146384656
:10E6C0006646D14600F08AFB3C46E8E66C4E0020E8
:10E6D000A168CAF81010E168CAF81410242A20D0E2
:10E6E00010340AF118029FE72369036161694161EF
:10E6F00004F1180200F11803B0E6A368CAF810305C
:10E70000E368CAF81430242A21D010340AF118031F
:10E71000B3E73A4633E72146384600F05FFB164B35
:10E7200033E72269CAF818206269CAF81C20183435
:10E730000AF1200278E7A168CAF81010E168CAF867
:10E740001410242A0DD010340AF1180217E7236997
:10E75000CAF818306369CAF81C3018340AF120036B
:10E760008BE72269CAF818206269CAF81C2018349D
:10E770000AF1200203E700BF6C4E002070B50C4682
:10E78000084D03460026204611461C462E60EAF737
:10E790006DFC431C00D070BD2B68002BFBD02360A8
:10E7A00070BD00BF3436022038B5074D0022044644
:10E7B00008462A60EAF760FC431C00D038BD2B688D
:10E7C000002BFBD0236038BD3436022038B50C4610
:10E7D000084D8446114620461A4600232B606446A5
:10E7E000EAF74CFC431C00D038BD2B68002BFBD053
:10E7F000236038BD3436022038B50C46084D8446B7
:10E80000114620461A4600232B606446EAF728FC8E
:10E81000431C00D038BD2B68002BFBD0236038BDD3
:10E82000343602202DE9F04782B0824688461446ED
:10E83000FAF71EFA012803D108F1FF33FE2B36D96F
:10E840000DF10409424604F15C0349465046FEF7C7
:10E85000BFFB421C064632D020B39DF804C0002501
:10E8600009E023685A1C226083F800C00135B542D4
:10E8700018D219F801CFA368013B002BA360F0DA8E
:10E88000A769BB4261462246504602DBBCF10A0F33
:10E89000E7D100F04BFA431CE8D10646304602B0FF
:10E8A000BDE8F0874646304602B0BDE8F0875FFA23
:10E8B00088FC8DF804C006460DF10409CFE7A38952
:10E8C000304643F04003A38102B0BDE8F08700BFAB
:10E8D00030B5536E13F0010FB2F90C30144683B00B
:10E8E00005469AB201D198051CD5900406D4626EF3
:10E8F00043F4005342F40052A38162662246284644
:10E90000FFF790FF636EDA07054602D4A3899B05E3
:10E9100002D5284603B030BDA06DFAF7A7F9284606
:10E9200003B030BDA06D0191FAF79EF9B4F90C3037
:10E9300001999AB2D9E700BF9368002B00F0858057
:10E940002DE9F04FB1F90C300C461907804683B021
:10E95000174698B225D523691BB310F002033D6812
:10E960002DD04FF0000ADFF8C0B25646B9465E45DA
:10E970003346524628BF5B464046002E52D0E169DE
:10E98000676AB847002856DDD9F808301B1A824458
:10E99000361AC9F80830002BE9D1002003B0BDE8D1
:10E9A000F08F21464046FEF7A1FB002840F0388159
:10E9B000B4F90C303D6898B210F00203D1D110F0D8
:10E9C000010944D14E46009746B38205D4F808B0F9
:10E9D00040F18580B3455A4600F2B48010F4906F40
:10E9E00040F0C18020680192494600F0F7F9A36821
:10E9F000019AA3EB0B012368A1601344B246236084
:10EA00000026009A9368A3EB0A03D1449360002B7D
:10EA1000C3D0B4F90C0080B2002ED6D1D5E900964F
:10EA20000835D1E7D5E900A60835A0E721464046DC
:10EA3000FFF7FCFB88B3B4F90C3043F040034FF010
:10EA4000FF30A38103B0BDE8F08F002070471E4661
:10EA5000BA469946184600951F4666B3002832D03C
:10EA60004A46D4E904132068A568B24228BF32465A
:10EA7000884204D905EB030B5A4500F3A780934263
:10EA800064DCE169656A3A464046A847B0F1000B8C
:10EA9000D1DDB9EB0B09C9D00120DAF80830A3EBBE
:10EAA0000B035F44A6EB0B06CAF80830002B3FF4BB
:10EAB00074AF002ED2D1009A5668134608320092E5
:10EAC000002EF8D01F6832460A213846FFF7DEFBD9
:10EAD000002800F09C800130A0EB0709C0E7206807
:10EAE0002369984216D86269B24213D86FF0004386
:10EAF000B34228BF3346E16993FBF2F3676A02FB36
:10EB000003F340464A46B847B0F1000A93DDA6EB4E
:10EB10000A0676E7B345DA4628BFB246524649466A
:10EB200000F05CF9A3682268A3EB0A035244A360D7
:10EB30002260002BEBD121464046FFF777FB0028EF
:10EB4000E5D078E72068B34632464CE73946019273
:10EB500000F044F9019AA3689B1AA3602368134448
:10EB60002360934695E723682169A3EB010B636952
:10EB700003EB430A0AEBDA7A0BF101034FEA6A0A64
:10EB800033445345524684BF9A46524643052CD5DA
:10EB900011464046FDF756FF00283BD05A462169F2
:10EBA0000190FAF7D3FDA289019B22F4906242F012
:10EBB0008002A28103EB0B002361AAEB0B03C4F8D4
:10EBC00014A0A3602060B34632460CE739465A468B
:10EBD00000F004F923685B44236021464046FFF7B8
:10EBE00025FB00283FF455AF25E74046FFF7DAFB49
:10EBF00003460028DED121694046FAF70DFFB4F93B
:10EC00000C300C2223F08003C8F8002015E7721C9A
:10EC1000914626E70C22B4F90C30C8F800200CE726
:10EC20004FF0FF30BAE600BF00FCFF7F2DE9F04F48
:10EC30009368176883B09246002B70D081468A682B
:10EC400008680C46083743E0A38913F4906F2ED070
:10EC5000D4E90416A0EB010806EB460606EBD676CF
:10EC600008F1010076102844B042324684BF0646BF
:10EC700032465B0537D511464846FDF7E3FE019065
:10EC800000283AD042462169FAF760FDA289019B2B
:10EC900022F4906242F08002A281A6EB080203EB0C
:10ECA00008006661A260236120602E46A8464246A5
:10ECB000594600F093F8DAF80830A2682068921BF1
:10ECC00040445B1BA2602060CAF808303BB30837A1
:10ECD00057E902B5002DFAD0AA4216469046B3D99C
:10ECE0002E46A846E3E74846FFF75CFB03460028AC
:10ECF000D3D121694846FAF78FFEA3890C2243F04D
:10ED00004003C9F800204FF0FF30A3810022002308
:10ED1000CAF80820CAF8043003B0BDE8F08F00201C
:10ED20000023CAF8043003B0BDE8F08FF8B50D46F3
:10ED30001446064610B1436B002B4CD0B4F90C209E
:10ED4000A369A360170790B21BD52369CBB1EDB2BD
:10ED500081042F4622D522686169D31A994229DDA0
:10ED60000133A1680139A160511C216015706269ED
:10ED70009A4227D0A389DB0701D50A2D22D0384635
:10ED8000F8BD21463046FEF7B1F908BBB4F90C20B6
:10ED9000236990B2EDB281042F46DCD442F40052D4
:10EDA000A281626E616922F4005262662268D31AFF
:10EDB0009942D5DC21463046FFF738FA40B922683F
:10EDC0000123CEE721463046FFF730FA0028D6D09F
:10EDD0004FF0FF37D3E7FAF75DFCAFE788420DD974
:10EDE0008B1883420AD900EB020CBAB1624613F8C1
:10EDF00001CD02F801CD9942F9D170470F2A0ED802
:10EE0000034602F1FF3C4AB10CF1010C013B8C447A
:10EE100011F8012B03F8012F6145F9D1704740EA41
:10EE200001039B0750D1A2F1100370B501F1200C32
:10EE300023F00F0501F1100E00F11004AC441B0982
:10EE40005EF8105C44F8105C5EF80C5C44F80C5CF6
:10EE50005EF8085C44F8085C5EF8045C44F8045C06
:10EE60000EF1100EE64504F11004E9D1013312F061
:10EE70000C0F01EB031102F00F0400EB031327D07A
:10EE8000043C24F003064FEA940C1E441C1F8E46DB
:10EE90005EF8045B44F8045FB442F9D10CF101045C
:10EEA00002F0030203EB840301EB840102F1FF3C57
:10EEB0004AB10CF1010C013B8C4411F8012B03F811
:10EEC000012F6145F9D170BD02F1FF3C03469BE77C
:10EED0002246EBE72DE9F04F8BB0DDE9158A149F50
:10EEE0000391814605921E46B8F1000F5CD0039B4A
:10EEF000002B5ED0059B1D68002F6AD0741E4EB398
:10EF0000039B0493043D002601950BE0039B2BBB60
:10EF1000019B1A68002A3AD0BC455CD2013C631CB4
:10EF2000664617D0D8F800300293019BDAF8E0501B
:10EF300053F8042F019307A943464846D8F804B074
:10EF4000A847421C3AD000EB060CBC45DED9029B18
:10EF5000C8E9003B30460BB0BDE8F08F00280EDD5D
:10EF6000049B019D18445A1E07A900F1FF3E11F8A9
:10EF7000013B02F8013F7245F9D101950490059BD0
:10EF80001A6804321A60019B1A68002AC4D1039BD4
:10EF90000BB1059B1A600CF1FF3600223046C8F811
:10EFA00000200BB0BDE8F08F039B00F58678002BA6
:10EFB000A0D1059B4FF0FF371D689FE706468A21C9
:10EFC00000223046C9F80010C8F800200BB0BDE898
:10EFD000F08F3E46BEE76646BCE700BF10B584B082
:10EFE000054C069800900798019004480068029428
:10EFF000FFF770FF04B010BD004D002088520020C4
:10F00000024B01461868FDF71DBD00BF8852002065
:10F01000024B01461868FAF7FFBC00BF8852002077
:10F0200010B4044C03460A4620685DF8044B1946A8
:10F03000FFF7B8B988520020000000005FF800F028
:10F04000CD2100605FF800F0512100605FF800F012
:0CF05000512200605FF800F0A120006079
:04F05C00F8B500BF44
:08F060008C85FF7F0100000018
:10F068000000000000000000000000000000000098
:10F078000000000000000000000000000000000088
:10F088000000000000000000000000000000000078
:10F098000000000000000000000000000000000068
:10F0A8000000000000000000000000000000000058
:10F0B8000000000000000000000000000000000048
:10F0C8000000000000000000000000000000000038
:10F0D8000000000000000000000000000000000028
:10F0E8000000000000000000000000000000000018
:10F0F8000000000000000000000000000000000008
:10F1080000000000000000000000000000000000F7
:10F1180000000000000000000000000000000000E7
:10F1280000000000000000000000000000000000D7
:10F1380000000000000000000000000000000000C7
:10F1480000000000000000000000000000000000B7
:10F1580000000000000000000000000000000000A7
:10F168000000000000000000000000000000000097
:10F178000000000000000000000000000000000087
:10F188000000000000000000000000000000000077
:10F198000000000000000000000000000000000067
:10F1A8000000000000000000000000000000000057
:10F1B8000000000000000000000000000000000047
:10F1C8000000000000000000000000000000000037
:10F1D8000000000000000000000000000000000027
:10F1E8000000000000000000000000000000000017
:10F1F8000000000000000000000000000000000007
:10F2080000000000000000000000000000000000F6
:10F2180000000000000000000000000000000000E6
:10F2280000000000000000000000000000000000D6
:10F2380000000000000000000000000000000000C6
:10F2480000000000000000000000000000000000B6
:10F2580000000000000000000000000000000000A6
:10F268000000000000000000000000000000000096
:10F278000000000000000000000000000000000086
:10F288000000000000000000000000000000000076
:10F298000000000000000000000000000000000066
:10F2A8000000000000000000000000000000000056
:10F2B8000000000000000000000000000000000046
:10F2C8000000000000000000000000000000000036
:10F2D8000000000000000000000000000000000026
:10F2E800FE822B6547156740000000000000384388
:10F2F8000000FAFE422E76BF3A3B9EBC9AF70CBD40
:10F30800BDFDFFFFFFFFDF3F3C5455555555C53F39
:10F31800912B17CF5555A53F17D0A4671111813FE1
:10F32800000000000000C842EF39FAFE422EE63F16
:10F3380024C482FFBDBFCE3FB5F40CD7086BAC3FE9
:10F34800CC5046D2ABB2833F843A4E9BE0D7553F70
:10F358000000000000000000000000000000F03F76
:10F368006EBF881A4F3B9B3C3533FBA93DF6EF3FF8
:10F378005DDCD89C136071BC6180773E9AECEF3FEE
:10F38800D16687107A5E90BC857F6EE815E3EF3F03
:10F3980013F6673552D28C3C748515D3B0D9EF3F3C
:10F3A800FA8EF92380CE8BBCDEF6DD296BD0EF3FD9
:10F3B80061C8E6614EF7603CC89B751845C7EF3FCA
:10F3C80099D3335BE4A3903C83F3C6CA3EBEEF3FB8
:10F3D8006D7B835DA69A973C0F89F96C58B5EF3F12
:10F3E800FCEFFD921AB58E3CF747722B92ACEF3FBB
:10F3F800D19C2F703DBE3E3CA2D1D332ECA3EF3F4F
:10F408000B6E908934036ABC1BD3FEAF669BEF3F3B
:10F418000EBD2F2A525695BC515B12D00193EF3F77
:10F4280055EA4E8CEF8050BCCC316CC0BD8AEF3FA2
:10F4380016F4D5B923C991BCE02DA9AE9A82EF3F45
:10F44800AF555CE9E3D3803C518EA5C8987AEF3F6D
:10F458004893A5EA151B80BC7B517D3CB872EF3FF1
:10F468003D32DE55F01F8FBCEA8D8C38F96AEF3FCC
:10F47800BF53133F8C898B3C75CB6FEB5B63EF3FBE
:10F4880026EB11769CD996BCD45C0484E05BEF3FF4
:10F49800602F3A3EF7EC9A3CAAB968318754EF3F9F
:10F4A8009D3886CB82E78FBC1DD9FC22504DEF3F9B
:10F4B8008DC3A644416F8A3CD68C62883B46EF3F99
:10F4C8007D04E4B0057A803C96DC7D91493FEF3FAE
:10F4D80094A8A8E3FD8E963C3862756E7A38EF3FA3
:10F4E8007D4874F2185E873C3FA6B24FCE31EF3F9D
:10F4F800F2E71F982B47803CDD7CE265452BEF3F08
:10F508005E08713F7BB896BC8163F5E1DF24EF3F6D
:10F5180031AB096DE1F7823CE1DE1FF59D1EEF3F3F
:10F52800FABF6F1A9B213DBC90D9DAD07F18EF3F04
:10F53800B40A0C7282378B3C0B03E4A68512EF3FAA
:10F548008FCBCE8992146E3C562F3EA9AF0CEF3F5D
:10F55800B6ABB04D754D833C15B7310AFE06EF3F8B
:10F568004C74ACE20142863C31D84CFC7001EF3F50
:10F578004AF8D35D39DD8F3CFF1664B208FCEE3FD4
:10F58800045B8E3B80A386BCF19F925FC5F6EE3F7D
:10F5980068504BCCED4A92BCCBA93A37A7F1EE3F65
:10F5A8008E2D511BF80799BC66D8056DAEECEE3F61
:10F5B800D236943EE8D171BCF79FE534DBE7EE3FE5
:10F5C800151BCEB3191999BCE5A813C32DE3EE3F5B
:10F5D8006D4C2AA7489F853C2234124CA6DEEE3F8C
:10F5E8008A69287A601293BC1C80AC0445DAEE3F25
:10F5F8005B8917488FA758BC2A2EF7210AD6EE3FF9
:10F608001B9A49679B2C7CBC97A850D9F5D1EE3F33
:10F6180011ACC260ED63433C2D89616008CEEE3FBA
:10F62800EF64063B0966963C57001DED41CAEE3F64
:10F638007903A1DAE1CC6E3CD03CC1B5A2C6EE3F5D
:10F6480030120F3F8EFF933CDED3D7F02AC3EE3F34
:10F65800B0AF7ABBCE90763C272A36D5DABFEE3FDC
:10F6680077E054EBBD1D933C0DDDFD99B2BCEE3F38
:10F678008EA3710034948FBCA72C9D76B2B9EE3F4F
:10F6880049A393DCCCDE87BC4266CFA2DAB6EE3F54
:10F698005F380FBDC6DE78BC824F9D562BB4EE3F57
:10F6A800F65C7BEC461286BC0F925DCAA4B1EE3FB5
:10F6B8008ED7FD180535933CDA27B53647AFEE3FB0
:10F6C800059B8A2FB7987B3CFDC797D412ADEE3FB8
:10F6D80009541CE2E163903C295448DD07ABEE3F36
:10F6E800EAC6195085C7343CB746598A26A9EE3F61
:10F6F80035C0642BE632943C4821AD156FA7EE3F28
:10F708009F7699614AE48CBC09DC76B9E1A5EE3FA5
:10F71800A84DEF3BC5338CBC85553AB07EA4EE3F6F
:10F72800AEE92B89785384BC20C3CC3446A3EE3F82
:10F7380058585678DDCE93BC2522558238A2EE3F24
:10F7480064197E80AA10573C73A94CD455A1EE3F8A
:10F7580028225EBFEFB393BCCD3B7F669EA0EE3FF1
:10F7680082B93487AD126ABCBFDA0B7512A0EE3FBE
:10F77800EEA96DB8EF6763BC2F1A653CB29FEE3FE8
:10F788005188E0543DDC80BC849451F97D9FEE3F64
:10F79800CF3E5A7E641F78BC745FECE8759FEE3FDD
:10F7A800B07D8BC04AEE86BC7481A5489A9FEE3F17
:10F7B8008AE6551E321986BCC9674256EB9FEE3F52
:10F7C800D3D4095ECB9C903C3F5DDE4F69A0EE3FF1
:10F7D8001DA54DB9DC327BBC8701EB7314A1EE3F4C
:10F7E8006BC06754FDEC943C32C13001EDA1EE3F93
:10F7F800556CD6ABE1EB653C624ECF36F3A2EE3FDB
:10F8080042CFB32FC5A188BC121A3E5427A4EE3F9D
:10F8180034373BF1B66993BC13CE4C9989A5EE3FBA
:10F828001EFF193A845E80BCADC723461AA7EE3F77
:10F838006E5772D850D494BCED92449BD9A8EE3F31
:10F84800008A0E5B67AD903C99668AD9C7AAEE3FDD
:10F85800B4EAF0C12FB78D3CDBA02A42E5ACEE3FFD
:10F86800FFE7C59C60B665BC8C44B51632AFEE3F69
:10F87800445FF35983F67B3C36771599AEB1EE3F7A
:10F88800833D1EA71F0993BCC6FF910B5BB4EE3FD7
:10F89800291E6C8BB8A95DBCE5C5CDB037B7EE3F66
:10F8A80059B9907CF9236CBC0F52C8CB44BAEE3FCF
:10F8B800AAF9F422434392BC504EDE9F82BDEE3F2C
:10F8C8004B8E66D76CCA85BCBA07CA70F1C0EE3FCA
:10F8D80027CE912BFCAF713C90F0A38291C4EE3FF0
:10F8E800BB730AE135D26D3C2323E31963C8EE3FAD
:10F8F8006322622204C587BC65E55D7B66CCEE3F6A
:10F90800D531E2E3861C8B3C332D4AEC9BD0EE3F8D
:10F9180015BBBCD3D1BB91BC5D253EB203D5EE3F30
:10F92800D231EE9C31CC903C58B330139ED9EE3F87
:10F93800B35A736E8469843CBFFD79556BDEEE3F24
:10F94800B49D8E97CDDF82BC7AF3D3BF6BE3EE3FD5
:10F958008733CB92771A8C3CADD35A999FE8EE3F08
:10F96800FAD9D14A8F7B90BC66B68D2907EEEE3F57
:10F97800BAAEDC56D9C355BCFB154FB8A2F3EE3F5F
:10F9880040F6A63D0EA490BC3A59E58D72F9EE3FBB
:10F998003493AD38F4D668BC475EFBF276FFEE3F91
:10F9A800358A586BE2EE91BC4A06A130B005EF3FAC
:10F9B800CDDD5F0AD7FF743CD2C14B901E0CEF3FE0
:10F9C800AC9892FAFBBD91BC091ED75BC212EF3FFF
:10F9D800B30CAF30AE6E733C9C5285DD9B19EF3F84
:10F9E80094FD9F5C32E38E3C7AD0FF5FAB20EF3F03
:10F9F800AC5909D18FE0843C4BD1572EF127EF3F0A
:10FA0800671A4E38AFCD633CB5E706946D2FEF3FCC
:10FA18006819926C2C6B673C6990EFDC2037EF3FDC
:10FA2800D2B5CC83188A80BCFAC35D550B3FEF3F33
:10FA38006FFAFF3F5DAD8FBC7C89074A2D47EF3FCA
:10FA480049A97538AE0D90BCF2890D08874FEF3F74
:10FA5800A7073DA685A3743C87A4FBDC1858EF3F95
:10FA68000F2240209E9182BC9883C916E360EF3F25
:10FA7800AC92C1D5505A8E3C8532DB03E669EF3F24
:10FA88004B6B01AC593A843C60B401F32173EF3FEE
:10FA98001F3EB40721D582BC5F9B7B33977CEF3F29
:10FAA800C90D473BB92A89BC29A1F5144686EF3F01
:10FAB800D3883A6004B6743CF63F8BE72E90EF3F4C
:10FAC80071729D51ECC5833C834CC7FB519AEF3F43
:10FAD800F091D38F12F78FBCDA90A4A2AFA4EF3FB6
:10FAE8007D7423E298AE8DBCF1678E2D48AFEF3F51
:10FAF8000820AA41BCC38E3C275A61EE1BBAEF3FCF
:10FB080032EBA9C3942B843C97BA6B372BC5EF3FD4
:10FB1800EE85D131A9648A3C40456E5B76D0EF3FD3
:10FB2800EDE33BE4BA378EBC14BE9CADFDDBEF3F82
:10FB38009DCD914D3B89773CD8909E81C1E7EF3FA1
:10FB480089CC6041C105533CF1718F2BC2F3EF3F63
:10FB5800BEF3F879EC61F63FDEAA8C80F77BD5BF5F
:10FB68003D88AF4AED71F53FDB6DC0A7F0BED2BF4F
:10FB7800B010F0F03995F43F673A517FAE1ED0BF10
:10FB88008503B8B095C9F33FE92482A6D831CBBF25
:10FB9800A564880C190DF33F5877C00A4F57C6BFA4
:10FBA800A08E0B7B225EF23F00819CC72BAAC1BFAF
:10FBB8003F341A4A4ABBF13F5E0E8CCE764EBABF2E
:10FBC800BAE58AF05823F13FCC1C615A3C97B1BF83
:10FBD800A70099413F95F03F1E0CE138F452A2BFAF
:10FBE800000000000000F03F0000000000000000DE
:10FBF800AC479AFD8C60EE3F8459F25DAAA5AA3FF6
:10FC0800A06A021FB3A4EC3FB42E36AA535EBC3FD1
:10FC1800E6FC6A573620EB3F08DB2077E526C53F30
:10FC28002DAAA163D1C2E93F7047220D86C2CB3FFE
:10FC3800ED417803E686E83FE17EA0C88B05D13F19
:10FC4800624853F5DC67E73F09EEB6573004D43F06
:10FC5800EF39FAFE422EE63F3483B848A30ED0BFF0
:10FC68006A0BE00B5B57D53F23410AF2FEFFDFBF6B
:10FC78000080E03779C34143176E05B5B5B89346A0
:10FC8800F5F93FE9034F384D321D30F94877825A6C
:10FC98003CBF737FDD4F1575000000000000F03F8A
:10FCA800000000000000244000000000000059404F
:10FCB8000000000000408F40000000000088C340A2
:10FCC80000000000006AF8400000000080842E4117
:10FCD80000000000D01263410000000084D7974163
:10FCE8000000000065CDCD41000000205FA0024269
:10FCF800000000E876483742000000A2941A6D42DE
:10FD0800000040E59C30A2420000901EC4BCD642D0
:10FD180000003426F56B0C430080E03779C341437B
:10FD280000A0D8855734764300C84E676DC1AB43F1
:10FD3800003D9160E458E143408CB5781DAF15440F
:10FD480050EFE2D6E41A4B4492D54D06CFF08044EA
:10FD5800F64AE1C7022DB544B49DD9794378EA44FF
:10FD68000038FAFE422EE63F3067C79357F32E3D20
:10FD7800000000000000E0BF605555555555E5BF2F
:10FD8800060000000000E03F4E5559999999E93F57
:10FD98007AA429555555E5BFE945489B5B49F2BF0B
:10FDA800C33F268B2B00F03F0000000000A0F63F69
:10FDB800000000000000000000C8B9F2822CD6BF85
:10FDC8008056372824B4FA3C000000000080F63F33
:10FDD8000000000000000000000858BFBDD1D5BFDA
:10FDE80020F7E0D808A51CBD000000000060F63F21
:10FDF8000000000000000000005845177776D5BFC6
:10FE08006D50B6D5A46223BD000000000040F63F47
:10FE1800000000000000000000F82D87AD1AD5BFD3
:10FE2800D567B09EE484E6BC000000000020F63FE1
:10FE38000000000000000000007877955FBED4BF86
:10FE4800E03E2993691B04BD000000000000F63F56
:10FE5800000000000000000000601CC28B61D4BFDD
:10FE6800CC844C482FD8133D0000000000E0F53F3B
:10FE7800000000000000000000A886863004D4BFFF
:10FE88003A0B82EDF342DC3C0000000000C0F53F75
:10FE98000000000000000000004869554CA6D3BFD0
:10FEA80060945186C6B1203D0000000000A0F53FD7
:10FEB80000000000000000000080989ADD47D3BFD2
:10FEC8009280C5D44D59253D000000000080F53FC3
:10FED80000000000000000000020E1BAE2E8D2BF04
:10FEE800D82BB7991E7B263D000000000060F53F27
:10FEF80000000000000000000088DE135A89D2BF0D
:10FF08003FB0CFB614CA153D000000000060F53FB1
:10FF180000000000000000000088DE135A89D2BFEC
:10FF28003FB0CFB614CA153D000000000040F53FB1
:10FF380000000000000000000078CFFB4129D2BF7C
:10FF480076DA5328245A16BD000000000020F53F39
:10FF58000000000000000000009869C198C8D1BFE7
:10FF68000454E768BCAF1FBD000000000000F53F67
:10FF7800000000000000000000A8ABAB5C67D1BF28
:10FF8800F0A88233C61F1F3D0000000000E0F43FC8
:10FF980000000000000000000048AEF98B05D1BF4A
:10FFA800665A05FDC4A826BD0000000000C0F43F45
:10FFB8000000000000000000009073E224A3D0BFFE
:10FFC8000E03F47EEE6B0CBD0000000000A0F43FB1
:10FFD800000000000000000000D0B4942540D0BF0D
:10FFE8007F2DF49EB836F0BC0000000000A0F43F5E
:08FFF800000000000000000001
:02000004600397
:1000000000D0B4942540D0BF7F2DF49EB836F0BC0C
:10001000000000000080F43F00000000000000002D
:1000200000405E6D18B9CFBF873C99AB2A570D3D94
:10003000000000000060F43F00000000000000002D
:100040000060DCCBADF0CEBF24AF869CB7262B3D45
:10005000000000000040F43F00000000000000002D
:1000600000F02A6E0727CEBF10FF3F544F2F17BD59
:10007000000000000020F43F00000000000000002D
:1000800000C04F6B215CCDBF1B68CABB91BA213D3C
:10009000000000000000F43F00000000000000002D
:1000A00000A09AC7F78FCCBF34849F684F79273D53
:1000B000000000000000F43F00000000000000000D
:1000C00000A09AC7F78FCCBF34849F684F79273D33
:1000D0000000000000E0F33F00000000000000000E
:1000E00000902D7486C2CBBF8FB78B31B04E193DB7
:1000F0000000000000C0F33F00000000000000000E
:1001000000C0804EC9F3CABF6690CD3F634EBA3C73
:100110000000000000A0F33F00000000000000000D
:1001200000B0E21FBC23CABFEAC146DC648C25BD17
:100130000000000000A0F33F0000000000000000ED
:1001400000B0E21FBC23CABFEAC146DC648C25BDF7
:10015000000000000080F33F0000000000000000ED
:100160000050F49C5A52C9BFE3D4C104D9D12ABD6E
:10017000000000000060F33F0000000000000000ED
:1001800000D02065A07FC8BF09FADB7FBFBD2B3D33
:10019000000000000040F33F0000000000000000ED
:1001A00000E0100289ABC7BF584A537290DB2B3D69
:1001B000000000000040F33F0000000000000000CD
:1001C00000E0100289ABC7BF584A537290DB2B3D49
:1001D000000000000020F33F0000000000000000CD
:1001E00000D019E70FD6C6BF66E2B2A36AE410BD1D
:1001F000000000000000F33F0000000000000000CD
:100200000090A77030FFC5BF3950109F439E1EBDA0
:10021000000000000000F33F0000000000000000AC
:100220000090A77030FFC5BF3950109F439E1EBD80
:100230000000000000E0F23F0000000000000000AD
:1002400000B0A1E3E526C5BF8F5B07908BDE20BD24
:100250000000000000C0F23F0000000000000000AD
:100260000080CB6C2B4DC4BF3C783561C10C173D71
:100270000000000000C0F23F00000000000000008D
:100280000080CB6C2B4DC4BF3C783561C10C173D51
:100290000000000000A0F23F00000000000000008D
:1002A00000901E20FC71C3BF3A54274D8678F13C64
:1002B000000000000080F23F00000000000000008D
:1002C00000F01FF85295C2BF08C47117308D24BDCD
:1002D000000000000060F23F00000000000000008D
:1002E00000602FD52AB7C1BF96A31118A4802EBDD8
:1002F000000000000060F23F00000000000000006D
:1003000000602FD52AB7C1BF96A31118A4802EBDB7
:10031000000000000040F23F00000000000000006C
:100320000090D07C7ED7C0BFF45BE88896690A3D18
:10033000000000000040F23F00000000000000004C
:100340000090D07C7ED7C0BFF45BE88896690A3DF8
:10035000000000000020F23F00000000000000004C
:1003600000E0DB3191ECBFBFF233A35C547525BDD7
:10037000000000000000F23F00000000000000004C
:1003800000002B6E0727BEBF3C00F02A2C342A3D0C
:10039000000000000000F23F00000000000000002C
:1003A00000002B6E0727BEBF3C00F02A2C342A3DEC
:1003B0000000000000E0F13F00000000000000002D
:1003C00000C05B8F545EBCBF06BE5F58570C1DBD9E
:1003D0000000000000C0F13F00000000000000002D
:1003E00000E04A3A6D92BABFC8AA5BE83539253DAC
:1003F0000000000000C0F13F00000000000000000D
:1004000000E04A3A6D92BABFC8AA5BE83539253D8B
:100410000000000000A0F13F00000000000000000C
:1004200000A031D645C3B8BF68562F4D297C133D77
:100430000000000000A0F13F0000000000000000EC
:1004400000A031D645C3B8BF68562F4D297C133D57
:10045000000000000080F13F0000000000000000EC
:100460000060E58AD2F0B6BFDA7333C9379726BD8C
:10047000000000000060F13F0000000000000000EC
:100480000020063F071BB5BF575EC6615B021F3DDC
:10049000000000000060F13F0000000000000000CC
:1004A0000020063F071BB5BF575EC6615B021F3DBC
:1004B000000000000040F13F0000000000000000CC
:1004C00000E01B96D741B3BFDF13F9CCDA5E2C3DB9
:1004D000000000000040F13F0000000000000000AC
:1004E00000E01B96D741B3BFDF13F9CCDA5E2C3D99
:1004F000000000000020F13F0000000000000000AC
:100500000080A3EE3665B1BF09A38F765E7C143DF3
:10051000000000000000F13F0000000000000000AB
:10052000008011C0300AAFBF918E36839E592D3D99
:10053000000000000000F13F00000000000000008B
:10054000008011C0300AAFBF918E36839E592D3D79
:100550000000000000E0F03F00000000000000008C
:1005600000801971DD42ABBF4C70D6E57A821C3D2C
:100570000000000000E0F03F00000000000000006C
:1005800000801971DD42ABBF4C70D6E57A821C3D0C
:100590000000000000C0F03F00000000000000006C
:1005A00000C032F65874A7BFEEA1F23446FC2CBD51
:1005B0000000000000C0F03F00000000000000004C
:1005C00000C032F65874A7BFEEA1F23446FC2CBD31
:1005D0000000000000A0F03F00000000000000004C
:1005E00000C0FEB9879EA3BFAAFE26F5B702F53C60
:1005F0000000000000A0F03F00000000000000002C
:1006000000C0FEB9879EA3BFAAFE26F5B702F53C3F
:10061000000000000080F03F00000000000000002B
:100620000000780E9B829FBFE4097E7C268029BD56
:10063000000000000080F03F00000000000000000B
:100640000000780E9B829FBFE4097E7C268029BD36
:10065000000000000060F03F00000000000000000B
:100660000080D5071BB997BF39A6FA93548D28BDD2
:10067000000000000040F03F00000000000000000B
:100680000000FCB0A8C08FBF9CA6D3F67C1EDFBCC8
:10069000000000000040F03F0000000000000000EB
:1006A0000000FCB0A8C08FBF9CA6D3F67C1EDFBCA8
:1006B000000000000020F03F0000000000000000EB
:1006C0000000106B2AE07FBFE440DA0D3FE219BD65
:1006D000000000000020F03F0000000000000000CB
:1006E0000000106B2AE07FBFE440DA0D3FE219BD45
:1006F000000000000000F03F0000000000000000CB
:1007000000000000000000000000000000000000E9
:10071000000000000000F03F0000000000000000AA
:1007200000000000000000000000000000000000C9
:100730000000000000C0EF3F0000000000000000CB
:10074000000089751510803FE82B9D996BC710BD7F
:10075000000000000080EF3F0000000000000000EB
:10076000008093585620903FD2F7E2065BDC23BD11
:10077000000000000040EF3F00000000000000000B
:100780000000C9282549983F340C5A32BAA02ABD26
:10079000000000000000EF3F00000000000000002B
:1007A0000040E7895D41A03F53D7F15CC011013D96
:1007B0000000000000C0EE3F00000000000000004C
:1007C00000002ED4AE66A43F28FDBD7573162CBD67
:1007D000000000000080EE3F00000000000000006C
:1007E00000C09F14AA94A83F7D265AD0957919BDC0
:1007F000000000000040EE3F00000000000000008C
:1008000000C0DDCD73CBAC3F0728D847F2681ABDD6
:10081000000000000020EE3F00000000000000008B
:1008200000C006C031EAAE3F7B3BC94F3E110EBD52
:100830000000000000E0ED3F0000000000000000AC
:10084000006046D13B97B13F9B9E0D565D3225BD62
:100850000000000000A0ED3F0000000000000000CC
:1008600000E0D1A7F5BDB33FD74EDBA55EC82C3D58
:10087000000000000060ED3F0000000000000000EC
:1008800000A0974D5AE9B53F1E1D5D3C06692CBD81
:10089000000000000040ED3F0000000000000000EC
:1008A00000C0EA0AD300B73F32ED9DA98D1EEC3C93
:1008B000000000000000ED3F00000000000000000C
:1008C0000040595D5E33B93FDA47BD3A5C11233DC4
:1008D0000000000000C0EC3F00000000000000002D
:1008E0000060AD8DC86ABB3FE568F72B809013BDF3
:1008F0000000000000A0EC3F00000000000000002D
:100900000040BC015888BC3FD3AC5AC6D146263DF6
:10091000000000000060EC3F00000000000000004C
:1009200000200A8339C7BE3FE045E6AF68C02DBD51
:10093000000000000040EC3F00000000000000004C
:1009400000E0DB3991E8BF3FFD0AA14FD63425BD59
:10095000000000000000EC3F00000000000000006C
:1009600000E027828E17C13FF2072DCE78EF213DA0
:100970000000000000E0EB3F00000000000000006D
:1009800000F0237E2BAAC13F349938448EA72C3D1A
:100990000000000000A0EB3F00000000000000008D
:1009A0000080860C61D1C23FA1B481CB6C9D033D18
:1009B000000000000080EB3F00000000000000008D
:1009C000009015B0FC65C33F89724B23A82FC63C2D
:1009D000000000000040EB3F0000000000000000AD
:1009E00000B033833D91C43F78B6FD547983253DF3
:1009F000000000000020EB3F0000000000000000AD
:100A000000B0A1E4E527C53FC77D69E5E833263D91
:100A10000000000000E0EA3F0000000000000000CD
:100A200000108CBE4E57C63F782E3C2C8BCF193D04
:100A30000000000000C0EA3F0000000000000000CD
:100A40000070758B12F0C63FE1219CE58D1125BD2C
:100A50000000000000A0EA3F0000000000000000CD
:100A6000005044858D89C73F0543917010661CBDB9
:100A7000000000000060EA3F0000000000000000ED
:100A8000000039EBAFBEC83FD12CE9AA543D07BDE9
:100A9000000000000040EA3F0000000000000000ED
:100AA0000000F7DC5A5AC93F6FFFA05828F2073DF3
:100AB000000000000000EA3F00000000000000000D
:100AC00000E08A3CED93CA3F69215650437228BD2D
:100AD0000000000000E0E93F00000000000000000E
:100AE00000D05B57D831CB3FAAE1AC4E8D350CBD61
:100AF0000000000000C0E93F00000000000000000E
:100B000000E03B3887D0CB3FB6125459C44B2DBDC3
:100B10000000000000A0E93F00000000000000000D
:100B20000010F0C6FB6FCC3FD22B96C572ECF1BC27
:100B3000000000000060E93F00000000000000002D
:100B40000090D4B03DB1CD3F35B015F72AFF2ABD96
:100B5000000000000040E93F00000000000000002D
:100B60000010E7FF0E53CE3F30F441602712C23C25
:100B7000000000000020E93F00000000000000002D
:100B80000000DDE4ADF5CE3F118EBB651521CABC7A
:100B9000000000000000E93F00000000000000002D
:100BA00000B0B36C1C99CF3F30DF0CCAECCB1B3DBF
:100BB0000000000000C0E83F00000000000000004E
:100BC00000584D603871D03F914EED16DB9CF83CDB
:100BD0000000000000A0E83F00000000000000004E
:100BE000006061672DC4D03FE9EA3C168B18273DB1
:100BF000000000000080E83F00000000000000004E
:100C000000E827828E17D13F1CF0A5630E212CBD72
:100C1000000000000060E83F00000000000000004D
:100C200000F8ACCB5C6BD13F8116A5F7CD9A2B3D7C
:100C3000000000000040E83F00000000000000004D
:100C400000685A6399BFD13FB7BD4751EDA62C3D0F
:100C5000000000000020E83F00000000000000004D
:100C600000B80E6D4514D23FEABA46BADE870A3D97
:100C70000000000000E0E73F00000000000000006E
:100C80000090DC7CF0BED23FF404504AFA9C2A3D2E
:100C90000000000000C0E73F00000000000000006E
:100CA0000060D3E1F114D33FB83C21D37AE228BDF0
:100CB0000000000000A0E73F00000000000000006E
:100CC0000010BE76676BD33FC877F1B0CD6E113D93
:100CD000000000000080E73F00000000000000006E
:100CE0000030337752C2D33F5CBD06B6543B183D4B
:100CF000000000000060E73F00000000000000006E
:100D000000E8D523B419D43F9DE090EC36E4083DCB
:100D1000000000000040E73F00000000000000006D
:100D200000C871C28D71D43F75D66709CE272FBD1B
:100D3000000000000020E73F00000000000000006D
:100D40000030179EE0C9D43FA4D80A1B89202EBDCD
:100D5000000000000000E73F00000000000000006D
:100D600000A03807AE22D53F59C7648170BE2E3D22
:100D70000000000000E0E63F00000000000000006E
:100D800000D0C853F77BD53FEF405DEEEDAD1F3D82
:100D90000000000000C0E63F00000000000000006E
:100DA000006059DFBDD5D53FDC65A4082A0B0ABD1C
:100DB000000000000000F03F000000000000F0BF55
:100DC000000000000000F0BF000000000000F03F45
:100DD00083C8C96D305F6441182D4454FB21F93F2D
:100DE000000000000000F03F1C620CFDFFFFDFBFB1
:100DF000198F06E15355A53F9D359AE887C056BF28
:100E0000C3F87B024393F93E03A695595455C5BFD9
:100E1000C40B23057610813F24CF7437EB9429BF90
:100E2000000000000000F03F000000000000F0BFE4
:100E3000000000000000F0BF000000000000F03FD4
:100E400083C8C96D305F6441182D4454FB21F93FBC
:100E5000000000000000F0BF1C620CFDFFFFDF3F40
:100E6000198F06E15355A5BF9D359AE887C0563FB7
:100E7000C3F87B024393F9BE03A695595455C5BFE9
:100E8000C40B23057610813F24CF7437EB9429BF20
:100E90000406C0000000000020290060A0240060BB
:100EA00068C2012068C3012078C30120000000420D
:100EB000C8801F40B8821F400800000000000042A8
:100EC000C4801F40B4821F400400000000C00042E4
:100ED00024801F4014821F401000000000C0004208
:100EE00028801F4018821F402000000000C00042E0
:100EF0002C801F401C821F404000000000C00042A8
:100F000034801F4024821F40000100000040004246
:100F100064811F4054831F400004000000400042D1
:100F200080811F4070831F4000000200004000428B
:100F30007C811F406C831F40000001000040004284
:100F400068811F4058831F40000800000040004295
:100F50003C811F402C831F400100000000400042E4
:100F600044811F4034831F400400000000400042C1
:100F700040811F4030831F400200000000400042BB
:100F800048811F4038831F400800000000000042D5
:100F900004811F40F4821F40000004000000004252
:100FA00008811F40F8821F40000008000000004236
:100FB00018811F4008831F4000008000000000428D
:100FC00014811F4004831F400000400000000042C5
:100FD00000811F40F0821F4000000200000000421C
:100FE000FC801F40EC821F40000001000000004216
:100FF00024811F4014831F400000000400000042B1
:1010000028811F4018831F40000000080000004294
:101010001C811F400C831F400000000100000042A3
:1010200020811F4010831F4000000002000000428A
:10103000EC801F40DC821F400010000000000042D6
:10104000F0801F40E0821F400020000000000042AE
:1010500034811F4024831F400000004000000042F4
:1010600038811F4028831F4000000080008000421C
:1010700094801F4084821F400000040000C0004292
:1010800090801F4080821F4000000080008000424E
:10109000A8801F4098821F4000008000008000420E
:1010A000A4801F4094821F40000040000040004286
:1010B0006C811F405C831F400010000000C0004294
:1010C00030801F4020821F4080000000004000420E
:1010D000B0811F40A0831F4000000020004000425C
:1010E000AC811F409C831F40000000100040004264
:1010F00084811F4074831F400000040000400042B0
:1011000088811F4078831F400000080000000042D3
:101110002C811F401C831F40000000100000004273
:1011200030811F4020831F4000000020000000424B
:101130000C811F40FC821F40000010000000004294
:1011400010811F4000831F400000200000800042EB
:10115000C8811F40B8831F4000800000008000420B
:10116000C4811F40B4831F40004000000080004243
:10117000C0811F40B0831F4000200000008000425B
:10118000BC811F40AC831F40001000000080004263
:10119000D0811F40C0831F40000002000080004239
:1011A000CC811F40BC831F400000010000C00042F2
:1011B00074801F4064821F400000000100C0004294
:1011C00080801F4070821F400000000800C0004265
:1011D00084801F4074821F400000001000C0004245
:1011E0006C801F405C821F400000400000C0004235
:1011F0007C801F406C821F400000000400C0004241
:1012000078801F4068821F400000000200C000423A
:1012100088801F4078821F400000002000000000EE
:1012200000000000E915010031AA0000E9150100E5
:10123000E9150100E9150100E915010000000000B1
:101240000000000065A300000DDD0000E9A800001B
:10125000000000000000000029D10000E1DC0000D7
:10126000A5A800000000000000000000B1A50000DB
:101270000508010035A90000000000000000000082
:10128000052901000000000000000000A95E010027
:101290001D1F00003D180100AD160100A15C0100FA
:1012A000053F0100751601006117010000000000F4
:1012B00000000000610F01000101000401000004B2
:1012C000013201010132020101100101011101018C
:1012D00001120102010302060103010601120202CA
:1012E00002000001020200010201000102100001DF
:1012F00002220001022300010000000000000000A3
:101300000221000102200001000000000000000096
:101310000130010101310101010200040103000457
:101320000000000000000000012102010121010174
:101330000000000000000000000000000110020199
:101340000000000000000000011301060113020666
:10135000000000000000000000000000000000008D
:10136000010102010101010101000201010001016D
:101370000102020101020101000000000000000062
:101380000000000001230201000000000000000036
:101390000120010135FA8E3C6F12833A00000000F3
:1013A0000000000041D40000ED0701006DA900001D
:1013B0000000000000000000E9150100E91501002F
:1013C000000000000000000081D50000D5070100EA
:1013D00015A90000A99C0000959C000000000000D9
:1013E000000000004531000031AA0000391F000054
:1013F000690000006900000069000000FFFF7F7FB6
:1014000000000000D8399D270054EA2A00A4781F64
:10141000007B9A17000000000000000058320020F6
:101420005032002048320020403200203832002064
:1014300030320020283200202032002018320020D4
:10144000103200200832002000320020AC2300209F
:10145000AC230020AC230020AC230020AC230020D0
:10146000AC230020F8310020F0310020E8310020CA
:10147000E0310020D8310020D0310020C8310020D8
:10148000C0310020B8310020B0310020A831002048
:10149000A0310020983100209031002088310020B8
:1014A0008031002078310020703100206831002028
:1014B0006031002058310020503100204831002098
:1014C00040310020383100203031002050320020DF
:1014D00048320020403200203832002030320020D4
:1014E00028320020F8310020F0310020E8310020BF
:1014F000E0310020D8310020D0310020C831002058
:10150000C0310020B8310020B0310020A8310020C7
:10151000A031002098310020903100208831002037
:1015200080310020783100207031002068310020A7
:101530006031002058310020503100204831002017
:10154000403100203831002030310020203200208E
:10155000183200201032002008320020FFFFFFFF69
:10156000FFFFFFFFFFFFFFFFFFFFFFFFC0000001C6
:10157000800000018000000180000003BFFFFFFE2B
:101580007FFFFFFE7FFFFFFE7FFFFFFDA3623FFFA8
:10159000CCC6547FC4464447D645447DAEAEFFFE1C
:1015A000556DD6FE5DDDEF5E55DC6DFDA62E7FFF31
:1015B000CCED46FFCDCEEECFD6CC6DFDAEAEFFFE70
:1015C000556D56FE5DDF6DDE575D6DFDAEA23FFFD2
:1015D000CD4656FFDC44C447C4C5447DBFFFFFFE73
:1015E0007FFFFFFE7FFFFFFE7FFFFFFDBFFFFFFFCF
:1015F000FFFFFFFFFFFFFFFFFFFFFFFDBFFFFFFE3E
:101600007FFFFFFE7FFFFFFE7FFFFFFDBFFFFFFFAE
:10161000FFFFFFFFFFFFFFFFFFFFFFFDBFFFFFFE1D
:101620007FFFFFFE7FFFFFFE7FFFFFFDBFFFFFFF8E
:10163000FFFFFFFE7FFFFFFFFFFFFFFDBFFFFFFE7E
:101640007FFFFFFFFFFFFFFE7FFFFFFDD5555555D5
:10165000AAAAAAAA55555555AAAAAAABD555555511
:10166000AAAAAAAA55555555AAAAAAABBFFFFFFE1A
:101670007FFFFFFFFFFFFFFE7FFFFFFDA222223F54
:10168000E4CC6546444445CFD644C445AEEEEF7E37
:101690005D56DD6E5DDDD5D655DD5555A6666F7F91
:1016A000ECCED46FCDCDD5CFD6CCD545AEEEEF7E3A
:1016B0007556D56E5DDDD5D6575D555DA2EE237F9F
:1016C000CCD4656FDC444457C4C4C45DBFFFFFFE87
:1016D0007FFFFFFE7FFFFFFE7FFFFFFDBFFFFFFFDE
:1016E000FFFFFFFFFFFFFFFFFFFFFFFDBFFFFFFE4D
:1016F0007FFFFFFE7FFFFFFE7FFFFFFDBFFFFFFFBE
:10170000FFFFFFFFFFFFFFFFFFFFFFFDBFFFFFFE2C
:101710007FFFFFFE7FFFFFFE7FFFFFFDBFFFFFFF9D
:10172000FFFFFFFFFFFFFFFFFFFFFFFDBFFFFFFE0C
:101730007FFFFFFE7FFFFFFE7FFFFFFDC000000178
:10174000800000018000000180000003FFFFFFFF18
:10175000FFFFFFFFFFFFFFFFFFFFFFFFFFFFFFFF99
:10176000FFFFFFFFFFFFFFFFFFFFFFFFC0000001C4
:10177000800000018000000000000003BFFFFFFEAA
:101780007FFFFFFE7FFFFFFFFFFFFFFDAAA22623D3
:10179000D445D5FE7FFFFFFFFFFFFFFDAAAEEAB6EF
:1017A00046DDD5FE7FFFFFFFFFFFFFFDA2A666B768
:1017B000C6DDD5FE7FFFFFFFFFFFFFFDAAAEEAB645
:1017C00056DDD5FE7FFFFFFFFFFFFFFDAA22EAB730
:1017D000D4446C7E7FFFFFFFFFFFFFFDBFFFFFFED6
:1017E0007FFFFFFE7FFFFFFFFFFFFFFDBFFFFFFF4C
:1017F000FFFFFFFE7FFFFFFFFFFFFFFDBFFFFFFEBD
:101800007FFFFFFE7FFFFFFFFFFFFFFDBFFFFFFF2B
:10181000FFFFFFFE7FFFFFFFFFFFFFFDBFFFFFFE9C
:101820007FFFFFFE7FFFFFFFFFFFFFFDBFFFFFFF0B
:10183000FFFFFFFE7FFFFFFFFFFFFFFDBFFFFFFE7C
:101840007FFFFFFE7FFFFFFFFFFFFFFDD5555555D3
:10185000AAAAAAAA7FFFFFFFFFFFFFFDD555555596
:10186000AAAAAAAA7FFFFFFFFFFFFFFDBFFFFFFE9F
:101870007FFFFFFE7FFFFFFFFFFFFFFDAAA2762B8A
:10188000C6C644FE7FFFFFFFFFFFFFFDAAAEAAEA28
:101890005D55D57E7FFFFFFFFFFFFFFDA2A66AE734
:1018A000CC56C57E7FFFFFFFFFFFFFFDAAAEA2EA79
:1018B0005D575D7E7FFFFFFFFFFFFFFDAA226A2BC2
:1018C000DD54DCFE7FFFFFFFFFFFFFFDBFFFFFFEDC
:1018D0007FFFFFFE7FFFFFFFFFFFFFFDBFFFFFFF5B
:1018E000FFFFFFFE7FFFFFFFFFFFFFFDBFFFFFFECC
:1018F0007FFFFFFE7FFFFFFFFFFFFFFDBFFFFFFF3B
:10190000FFFFFFFE7FFFFFFFFFFFFFFDBFFFFFFEAB
:101910007FFFFFFE7FFFFFFFFFFFFFFDBFFFFFFF1A
:10192000FFFFFFFE7FFFFFFFFFFFFFFDBFFFFFFE8B
:101930007FFFFFFE7FFFFFFFFFFFFFFDC0000001F5
:10194000800000018000000000000003FFFFFFFF97
:10195000FFFFFFFFFFFFFFFFFFFFFFFF07080C0B6D
:1019600006050F000D0E0102838407080C0B060507
:101970000F000D0E01028384FFFFFFFFFFFFFFFF3B
:10198000FFFF8182090A0000CC780020B078002097
:101990007478002068780020FFFFFFFFF1FFFF7FD1
:1019A0001FFFFF4310000FFFFFFFFFE1CF9FFFBBB3
:1019B000F7FFFE90700007FFFFFFFF803FBFFF971C
:1019C000F9FFFEF80E0003FFFFFFFF001FBFFFDF60
:1019D000FEFFFFFE0C0001FFFFFFFF01CC7FFF7F3A
:1019E000FF7FFFFF040000FFFFFFFE07F3FFFEFF86
:1019F000FFBFF7FFC000007FFFFFFE0FFFFFF83FB4
:101A0000FFDFFDFFF000003FFFFFFE1FFFFFF01FA5
:101A1000FFD7FE7FF800001FFFFFFE1FFFFFC00F74
:101A2000FFEFFF9FFE00000FFFFFFF3FFFFF80075C
:101A3000FFF3E00FFF800007FFFFFF3FFFFF000302
:101A4000FFF3C001FFF00003FFFFFF7EF87E0003FD
:101A5000FFF780007FFC0001FFFFFF7DF03C0001ED
:101A6000FFF7000007FF8000FFFFFF7FE01E00017F
:101A7000FFEC000030FFF800FFFFFEFFE01F000159
:101A8000FF9800001F03FFC1FFFFFEFFE01F800063
:101A9000FE70000007F8001FFFFFFEFFC01FC00020
:101AA000FDF0000003FFFFFFFFFFFEFFC03EF0015F
:101AB000F3E0000000FFFFFFFFFFFEFF80383C0166
:101AC0008FF00000007FFFFFFFFFFEDF00780F8038
:101AD00067F00000003FFFFFFFFFFEFE007001FF08
:101AE000CFB00000001FFFFFFFFFFF7C00E0000FF2
:101AF0000F9C80000007FFFFFFFFFF3803F0000688
:101B00001F9E40000003FFFFFFFFFF9FFE0C000E23
:101B10001FDF30000001FFFFFFFFFFE03F62001CFE
:101B20003FBF8E000000FFFFFFFFFFFFC1B1807EBF
:101B3000FE7F83C000007FFFFFFFFFFFFF5840FFD5
:101B4000F9FFC07800007FFFFFFFFFFFFFCE20FFFF
:101B500087FFE0E00000FFFFFFFFFFFFFFF311FF43
:101B6000BFFFF83FFFC3FFFFFFFFFFFFFFFDCFFFFA
:101B7000DFFFFE07FF07FFFFFFFFFFFFFFFE767F90
:101B8000BFFFFF80001FFFFFFFFFFFFFFFFF943E2F
:101B9000FFFFFFFC02FFFFFFFFFFFFFFFFFFE83D2E
:101BA000FFFFFFFFFF7FFFFFFFFFFFFFFFFFF0785B
:101BB000FFFFFFBFFF3FFFFFFFFFFFFFFFFFF8F942
:101BC000FFFFFF3FFF9FFFFFFFFFFFFFFFFFFCF750
:101BD000FFFFFC3FFFCFFFFFE03FFFE03FFFFF0FB6
:101BE000FFFFF007FFC7FFFFCF9FFFEF3FFFFFBFE4
:101BF000FFFFE000BFE7FFFFD8C03003301FFF7FCB
:101C0000FFFFF000FF1FFFFFD8CF87C327CFFF7F65
:101C1000FFFFF00060FFFFFFD818CC632E6FFF7F3F
:101C2000FFFFF8020FFFFFFFD818CC63206FFFBF44
:101C3000FFFFF00DFFFFFFFFD818CC63306FFFBF31
:101C4000FFFFF81BFFFFFFFFD818CFE327EFFF9F31
:101C5000FFFE4067FFFFFFFFD8D8CC032C6FFFDFEC
:101C6000FFFE018FFFFFFFFFD8D8CCE30C6FFFED25
:101C7000FFFFC03FFFFFFFFFCF8F87CFC7EFFFE51D
:101C8000FBFF81FFFFFFFFFFE0000000000FFFF000
:101C9000FCFE7FFFFFFFFFFFE00000000067FFFD8D
:101CA0001E01FFFFFFFFFFFFEF80000C30F7FFFF7B
:101CB000C1FFFFFFFFE1FFFFCF80000C30F7C00145
:101CC000FFFE1FFFFFEDFFFFD8C0000C30F7DFBDA8
:101CD000FFFEDFFFFFEDFFFFD8CF8FC5FEF7D80D6A
:101CE0008000C01000010207D81CCC683067D80DF6
:101CF0003C73F7C79F3C78F3D800CC63B06FD80D26
:101D000066C8C66CD98CCD9BD80FCC6FB06FDF0D79
:101D100066C8C66CD98CCD83D818CC6FB06FD80D7F
:101D20007EC0C60CD98CC0F3D8D8CC6FB00FD80CFD
:101D300060C8C6ECD98CCC1BD8D8CC6FB06FD80C8F
:101D400066C8C6ECD98CCD9BCF8FCC6F9E6FDFBFA2
:101D50003C7276E799BE78F3E020000FC00FC00018
:101D6000010700F000008207FFFFFFFFFFFFFFFFFA
:101D7000FFFFFFFFFFFFFFFFFFFFFFFFFFFFFFFF73
:101D8000FFFFFFFFFFFFFFFFFFFFFFFFFFFFFFFF63
:101D9000FFFFFFFFFFFFFFFFFFFFFFFFFFFFFFFF53
:101DA000FFFFFFFFFFFFFFFFFFFFFFFFFFFFFFFF43
:101DB000FFFFFFFFFFFFFFFFFFFFFFFFFFFFFFFF33
:101DC000FFFFFFFFFFFFFFFFF800FFFFFE03FFF035
:101DD0001FFFFFFFFFFFFFFFF0007FFFFE01FFF08F
:101DE0000FFFFFFFFFFFFFFFF1FC3FFFFE71FFF35F
:101DF0008FFFFFFFFFFFFFFFF1FC000000700003FB
:101E0000800100200800007FF1C70000007000037F
:101E1000800000000000003FF1C77F87E3FE3F1F06
:101E2000F3F83F0FC1F8FE1FF1C77F87E3FE3F1FA6
:101E3000F3F83F0FC1F8FE1FF1C771CE387071C3C0
:101E4000838EE39C771CE39FF1FC71CE387071C3E5
:101E5000838E039C771CE39FF1FC71CE387071C3B5
:101E6000838E039C771CE39FF1C0700E387071C3A2
:101E700083803F9C07FCE01FF1C0700E387071C377
:101E80008380E39C7700E03FF1CE718E387071C3A0
:101E9000839CE39C7700E7FFF1CE718E387071C3AD
:101EA000839CE39C771CE7FFF1CE7187E01E3F0027
:101EB000F39C3F8FC1F8E7FFF1CE71C7E01E3F00F2
:101EC000F39C3F8FC1F8E7FFF80E03E00780001C8A
:101ED000001F0000000007FFF81F03F00780003C10
:101EE000003F000008000FFFFFFFFFFFFFFFFFFFA5
:101EF000FFFFFFFFFFFFFFFFFFFFFFFFFFFFFFFFF2
:101F0000FFFFFFFFFFFFFFFFFFFFFFFFFFFFFFFFE1
:101F1000FFFFFFFFFFFFFFFFFFFFFFFFFFFFFFFFD1
:101F2000FFFFFFFFFFFFFFDFFFFFFFFFFFFFFFFFE1
:101F3000FFFFFFFFFFFFFC77FFFFFFFFFFE0000059
:101F400000000000000003FFFFFFFFFFFFE00000B4
:101F50000000001000008FFBFFFFFFFFFFE000000C
:101F60000000001000023FFBFFFFFFFFFFE000E763
:101F7000FE7FE6100008FFFBFFFFFFFFFFE001E62A
:101F800006606E100011FFF7E00000003FC003EE96
:101F900006606C180043C3E7EFEF423FBFC0036E1B
:101FA0000EE0EC38008303EFE821A120BFC006CC8F
:101FB0000CC0CC380304079FEBA553AEBFC00CCCBC
:101FC00000C0DC3804000F1FEBA344AEBF8018CC68
:101FD00000C0DC3808001FDFEBA3BF2EBF8030DC61
:101FE00001C1D83C10003FFFE82506A0BF806198E2
:101FF000FDFFD83C3000FFDFEFEAAABFBF80FF98AB
:1020000019FF183C6001C7DFE00CD8003F01FF98C2
:102010001980383CC00207BFEDA4AC20BF0301B853
:102020001980301EC0000FBFE8C2335B3F06033883
:102030003B80301D80001F7FEB7CF21A3F0C033089
:102040003380301F80003EFFE7082574BF18033F30
:10205000F3007F9B8000FDFFECFE11B0BE30031F3C
:10206000E3007F9F8003FBFFE10AFA3FBE00000010
:1020700000000017800FE7FFE52673EABE000000AE
:1020800000000007C07FCFFFEE9A911ABE0000004B
:1020900000000007FFFFBFFFEAA9C1C43FFFFFFF29
:1020A000FFFFFFF7FFFE7FFFEC95330B3FFFFFFFC6
:1020B000FFFFFFF7FFF9FFFFEC2AB90CBFFFFFFF9F
:1020C000FFFFFFF7FFE7FFFFED0373263FFFFFFF73
:1020D000FFFFFFFBFF9FFFFFEEF954FF3FFFFFFFF6
:1020E000FFFFFFFCF87FFFFFE00EF08C3FFFFFFFDC
:1020F000FFFFFFFF07FFFFFFEFE755AC3FFFFFFFCD
:10210000FFFFFFFFFFFFFFFFE823CF89BFFFFFFFB8
:10211000F7FFFFFFDFFFFFFFEBABD3FD387FFFFFD4
:10212000E7F87FFF9FFFFFFFEBA86840BBECE7CC21
:10213000FF7BECEF39E9FFFFEBA1D2DBB88AD72BAD
:10214000E8788A94A5A5FFFFE8291036B3B087493F
:10215000E973B085AD2DFFFFEFEE23A837B3BE4C7A
:10216000CB77B7BD2D6DFFFFE000000037B88F11B2
:10217000DB77388C2369FFFFFFFFFFFFFFFFFFFFC7
:10218000FFFFFFFFFFFFFFFFFFFFFFFFFFFFFFFF5F
:10219000FFFFFFFFFFFFFFFFFF060C183060C0FFCF
:1021A000C3663C1818181818C3663C18183C66C358
:1021B000C3C3C3C3DBFFE7C3C3C3C36666663C3C9C
:1021C000C3C3C3C3C3C3FF7EFF1818181818181859
:1021D0007FC0C07E030303FEFEC3C3FED8CCC6C3CC
:1021E0007EFFC3C3C3CEFA79FEC3C3FEC0C0C0C066
:1021F0007EFFC3C3C3C3FF7EC3C3E3F3DBCFC7C349
:10220000E7FFDBDBC3C3C3C3C0C0C0C0C0C0C0FFE7
:10221000C6CCD8F0D8CCC6C3FF1818181818D87078
:10222000FF181818181818FFC3C3C3FFC3C3C3C3CC
:102230007EC3C0C0C6C3C37EFFC0C0FFC0C0C0C095
:10224000FFC0C0FFC0C0C0FFFCC6C3C3C3C3C6FC41
:102250007EC3C0C0C0C0C37EFEC3C3FCC3C3C3FE35
:102260003C66C3C3FFC3C3C300003838000038381E
:102270007EC3C37F060C18307EC3C37E7EC3C37E7D
:10228000FF03060C183060C03F60C0C0FEC3C37EB1
:10229000FFC0C0FC06C3663C060E1E3666FF0C0C73
:1022A0007EC30C380CC3663C3C7EC303061860FF3B
:1022B0001878D818181818FF7EFFC3C3C3C3FF7E51
:1022C0000103060C183060C0DB0F4940000100001C
:1022D000884C002012000000000600001C34006042
:1022E0000A00000000020000843300606200000069
:1022F000000700002033006062000000EE030000D1
:10230000E44C002012000000000004EEBC4C002051
:1023100028000000000300001834006000000000E6
:1023200001030904003400600000000002030904F6
:10233000E83300600000000003030904A44C0020FF
:10234000000000000000000000000000000000008D
:1023500000000000003E5B4F5B3E3E6B4F6B3E1C3F
:102360003E7C3E1C183C7E3C181C577D571C1C5E56
:102370007F5E1C00183C1800FFE7C3E7FF0018242D
:102380001800FFE7DBE7FF30483A060E26297929D7
:1023900026407F050507407F05253F5A3CE73C5A0C
:1023A0007F3E1C1C08081C1C3E7F14227F22145FE9
:1023B0005F005F5F06097F017F006689956A606044
:1023C00060606094A2FFA29408047E040810207E3E
:1023D000201008082A1C08081C2A08081E101010C3
:1023E000100C1E0C1E0C30383E3830060E3E0E0609
:1023F000000000000000005F00000007000700145C
:102400007F147F14242A7F2A12231308646236491A
:102410005620500008070300001C22410000412202
:102420001C002A1C7F1C2A08083E08080080703007
:102430000008080808080000606000201008040276
:102440003E5149453E00427F40007249494946217C
:1024500041494D331814127F1027454545393C4AF0
:102460004949314121110907364949493646494907
:10247000291E00001400000040340000000814224F
:1024800041141414141400412214080201590906BD
:102490003E415D594E7C1211127C7F494949363EBE
:1024A000414141227F4141413E7F494949417F09A4
:1024B0000909013E414151737F0808087F00417FAF
:1024C00041002040413F017F081422417F404040AD
:1024D000407F021C027F7F0408107F3E4141413E45
:1024E0007F090909063E4151215E7F0919294626C7
:1024F0004949493203017F01033F4040403F1F20CB
:1025000040201F3F4038403F6314081463030478A1
:1025100004036159494D43007F41414102040810C1
:1025200020004141417F04020102044040404040FC
:10253000000307080020545478407F28444438386A
:1025400044444428384444287F38545454180008DC
:102550007E090218A4A49C787F0804047800447DB6
:1025600040002040403D007F1028440000417F4053
:10257000007C047804787C080404783844444438A7
:10258000FC1824241818242418FC7C080404084887
:102590005454542404043F44243C4040207C1C20D8
:1025A00040201C3C4030403C44281028444C909033
:1025B000907C4464544C440008364100000077008D
:1025C00000004136080002010204023C2623263C9A
:1025D0001EA1A161123A4040207A38545455592125
:1025E000555579412254547842215554784020540D
:1025F0005579400C1E52721239555555593954545B
:10260000545939555454580000457C410002457DC9
:10261000420001457C407D1211127DF0282528F0F2
:102620007C545545002054547C547C0A097F49321F
:10263000494949323A4444443A324A4848303A4196
:1026400041217A3A42402078009DA0A07D3D42423F
:10265000423D3D4040403D3C24FF2424487E4943C8
:10266000662B2FFC2F2BFF0929F620C0887E09033B
:1026700020545479410000447D413048484A323862
:102680004040227A007A0A0A727D0D19317D26298E
:10269000292F28262929292630484D402038080886
:1026A000080808080808382F10C8ACBA2F102834BA
:1026B000FA00007B000008142A142222142A1408AD
:1026C0005500550055AA55AA55AAFF55FF55FF00BC
:1026D0000000FF00101010FF00141414FF00101071
:1026E000FF00FF1010F010F0141414FC001414F785
:1026F00000FF0000FF00FF1414F404FC1414171072
:102700001F10101F101F1414141F00101010F000C1
:102710000000001F101010101F10101010F01000FB
:102720000000FF101010101010101010FF1000000B
:1027300000FF140000FF00FF00001F10170000FC46
:1027400004F414141710171414F404F40000FF0018
:10275000F714141414141414F700F71414141714A1
:1027600010101F101F141414F4141010F010F000A7
:10277000001F101F0000001F14000000FC140000C8
:10278000F010F01010FF10FF141414FF14101010AC
:102790001F00000000F010FFFFFFFFFFF0F0F0F05F
:1027A000F0FFFFFF0000000000FFFF0F0F0F0F0FF3
:1027B0003844443844FC4A4A4A347E02020606023F
:1027C0007E027E0263554941633844443C04407EA6
:1027D000201E2006027E020299A5E7A5991C2A491F
:1027E0002A1C4C7201724C304A4D4D3030487848AA
:1027F00030BC625A463D3E494949007E0101017E96
:102800002A2A2A2A2A44445F444440514A444040E8
:10281000444A51400000FF0103E080FF0000080827
:102820006B6B083612362436060F090F06000018A7
:10283000180000001010003040FF0101001F0101CE
:102840001E00191D1712003C3C3C3C00000000001B
:102850000000000000000000C964010065120100D2
:102860005D12010061120100D922010099190100D5
:102870003D210100A51C0100E91B0100FD1B010019
:1028800079210100991901002D200100F167010053
:102890001D27010061250100111C0100051E01001A
:1028A000B51E0100591F01000000000000000000DB
:1028B000C1150000C915000099920000CD15000057
:1028C000A192000039150000D1150000D5150000B7
:1028D00000000000000000009592000099920000A6
:1028E0009D920000A192000039150000A592000001
:1028F000A992000000000000000000005D9C0000A4
:1029000005DD0000D1A80000E99C0000599C0000F2
:10291000000000000000000075C2000075DC00002F
:1029200069A8000000000000000000008589000088
:1029300071DC00005DA8000097A0895B5A0F830D31
:10294000C95F6035C2E907E18C24671E458E0863C4
:1029500025F0150A17BE0694F778EA4B001AC53E13
:102960005EFCDBCB75230B2039B12158ED95385730
:10297000AE147D88ABA844AF4AA547868B301BA612
:102980004D929EE7536FE57A3CD385E6DC695C297E
:10299000372EF528F4668F3641193FA101D85049EA
:1029A000D14C84BBD05912A9C8C4878274BC9F562D
:1029B000A4646DC6ADBA034034D9E2FA7C7B05CA83
:1029C0002693767EFF5255D4CFCE3BE32F103A119B
:1029D000B6BD1C2ADFB7AAD577F898022C9AA34671
:1029E000DD99659BA72BAC09811627FD13626C6EE0
:1029F0004F71E0E8B2B97068DAF661E4FB22F2C127
:102A0000EED2900CBFB3A2F1513391EBF90EEF6B04
:102A100031C0D61FB5C76A9DB854CCB07379322D7A
:102A20007F0496FE8AECCD5DDE72431D1848F38D5F
:102A300080C34E42D73D9CB400000000000000005F
:102A40005DC2000009DD0000DDA80000F97900008A
:102A5000759C000000000000000000005988000084
:102A600069DC000045A80000000000000000000034
:102A7000E17F000065DC000039A8000000000000D4
:102A8000000000004D7E000000000000000000007B
:102A9000F57E0000317F0000757F0000257A000080
:102AA000B57A0000E97A0000B97F000045A1000076
:102AB000599F00000000000000000000AD920000DF
:102AC0001049002014490020184900201C4900200A
:102AD0002049002024490020284900202C490020BA
:102AE0003049002034490020C0480020C848002058
:102AF000D0480020D8480020E0480020E8480020C6
:102B0000F0480020F8480020004900200849002033
:102B1000744800207C480020844800208C48002015
:102B2000944800209C480020A4480020A848002089
:102B3000B0480020B8480020244800202C4800203D
:102B4000344800203C480020444800204C480020E5
:102B5000544800205C480020644800206C48002055
:102B60000000000000000000110E0000410E0000F7
:102B7000F9000000650E0000410800004D0800004B
:102B8000290F0000E5040000350F00009D0F000034
:102B9000E90F000005100000211000003D100000AA
:102BA000591000005111000049120000C912000024
:102BB00049130000B5480000D540000000000000A7
:102BC00000000000ED040000AD0500006D060000EF
:102BD0008D2E0000E92F0000B90600001907000043
:102BE0000000000000000000BD02000079030000AA
:102BF00035040000D52B0000312D000081040000B9
:102C0000E1040000000000000000000095580000F2
:102C10000D720000E1000000CD0000000000000087
:102C2000000000004D15000055150000291500009A
:102C30005D15000035150000391500006515000010
:102C40006D150000000000000000000021150000CC
:102C5000291500002D15000035150000391500005C
:102C60003D15000045150000100000001100000097
:102C7000120000001300000000000000010000002E
:102C80000200000003000000040000000500000036
:102C90000600000007000000080000000900000016
:102CA0000A0000000B0000000C0000000D000000F6
:102CB0000E0000000F0000001000000011000000D6
:102CC00012000000130000001400000015000000B6
:102CD0001600000017000000180000001900000096
:102CE0001A0000001B0000001C0000001D00000076
:102CF0001E0000001F000000200000002100000056
:102D00002200000023000000240000002500000035
:102D1000260000002700000028000000110000002D
:102D20001200000013000000140000001500000055
:102D30001D0000001E0000001F0000002000000019
:102D400021000000220000002300000024000000F9
:102D500025000000260000002700000028000000D9
:102D6000100000001100000012000000130000001D
:102D700014000000150000001D0000001E000000EF
:102D80001F000000200000002100000022000000C1
:102D900023000000240000002500000026000000A1
:102DA00027000000280000000000000016000000BE
:102DB0001700000018000000190000001A000000B1
:102DC0001B0000001C0000000100000002000000C9
:102DD00003000000040000000500000006000000E1
:102DE0000700000008000000090000000A000000C1
:102DF0000B0000000C0000000D0000000E000000A1
:102E00000F000000290000002A0000002B00000035
:102E10002C0000002D0000002E0000002F000000FC
:102E200030000000310000003200000033000000DC
:102E300034000000000000000000000099150000B0
:102E4000A11500007D150000A915000085150000E2
:102E500039150000B1150000B91500000000000090
:102E600000000000751500007D15000081150000B0
:102E70008515000039150000891500009115000026
:102E80005B5C5D5E5F607B7C7D7E0000000080009F
:102E90000000000000000000E91501000000000033
:102EA000000000001D0700004D070000D1010000D8
:102EB00071070000410800004D08000051080000A3
:102EC000B902000059080000C10800000D09000007
:102ED000250900003D090000550900006D090000AA
:102EE000590A0000450B0000C10B00003D0C00001A
:102EF00061460000C5430000000000000000000023
:102F00005DC000006DDC000051A800000000000062
:102F10000000000071880000AD880000ED8800000E
:102F2000157B00009D7B0000318900005D89000059
:102F300055A20000719D000000000000000000008C
:102F4000999C00002908010061A900006CC00F4095
:102F5000C0000000504F0000A12C01000CFF000039
:102F600013000000000000000000000024851F4046
:102F70000BFF000013000000000000000000000034
:102F800028851F400DFF0000130000000000000016
:102F90000000000020851F400A25240013000000C7
:102FA00012000000120000000102030000000000F7
:102FB0001C851F4000000000000000006CC00F4096
:102FC00030000000100F0000ED2D0100012700006F
:102FD00017000000120000000001000014851F40CF
:102FE0001AFF0000120000000000000001000000B5
:102FF00018851F401BFF00001200000000000000A9
:103000000100000010851F400026FF00170000008F
:10301000120000000000000001010000010000009B
:103020000C851F400C851F40000000007CC00F4035
:103030000C0000005A000000212B0100000040405D
:10304000020304052131323436FFFFFFFFFFFFFF8B
:10305000FFFFFFFFFFFF04050608070D0E0C0FFF23
:10306000FFFFFFFFFFFFFFFFFFFFFFFF141414141C
:103070001414141414FFFFFFFFFFFFFFFFFFFFFFF7
:10308000FFFF000074C00F40030000005B00000061
:10309000A12B010001014141060708090A0B0C0D93
:1030A0002022232425FFFFFFFFFFFFFFFFFF0A1160
:1030B000100B000201030C1D1C1213FFFFFFFFFF8A
:1030C000FFFFFFFF14141414141414141414141414
:1030D00014FFFFFFFFFFFFFFFFFF000084C00F4052
:1030E000003000009C000000212C0100FFFFFFFFCA
:1030F00007080E0F10111213141516171A1B22238E
:1031000024252627282911100203070601000A0B8F
:1031100008090E0F1D1C12130C0D0405191919199D
:10312000191919191919191919191919191919190F
:103130001919000000000000000000009D190100A6
:10314000414001005D1201006112010055190100AA
:103150006119010081190100000000000000000059
:103160007D9C0000DDDC000099A8000099D50000DE
:10317000799C0000000000000000000059C400001D
:10318000D9DC00008DA80000000000000000000055
:103190000D8E000071DC000081A8000097A0895B03
:1031A0005A0F830DC95F6035C2E907E18C24671EA1
:1031B000458E086325F0150A17BE0694F778EA4B8A
:1031C000001AC53E5EFCDBCB75230B2039B12158BC
:1031D000ED953857AE147D88ABA844AF4AA5478615
:1031E0008B301BA64D929EE7536FE57A3CD385E664
:1031F000DC695C29372EF528F4668F3641193FA12A
:1032000001D85049D14C84BBD05912A9C8C4878277
:1032100074BC9F56A4646DC6ADBA034034D9E2FABB
:103220007C7B05CA2693767EFF5255D4CFCE3BE3F6
:103230002F103A11B6BD1C2ADFB7AAD577F898022D
:103240002C9AA346DD99659BA72BAC09811627FD17
:1032500013626C6E4F71E0E8B2B97068DAF661E43F
:10326000FB22F2C1EED2900CBFB3A2F1513391EB2D
:10327000F90EEF6B31C0D61FB5C76A9DB854CCB0FC
:103280007379322D7F0496FE8AECCD5DDE72431D8C
:103290001848F38D80C34E42D73D9CB40000000017
:1032A0000000000059C60000D5DC000075A8000031
:1032B0000000000000000000359400000000000045
:1032C00000000000490D01000000000000000000A7
:1032D000DD4601000000000000000000ED080100D4
:1032E00000000000000000006D0B01000000000065
:1032F000000000004D0D0100000000000000000073
:10330000392F0100000000000000000061500100A2
:103310000000000000000000014C0100000000005F
:1033200000000000614E01000000000000000000ED
:103330008948010000000000000000002553010042
:103340000000000000000000FD0C01000000000073
:1033500000000000E5150000B5160000251600006D
:10336000751E0000D928010001290100111F00006D
:10337000151F0000DB0F49BFE4CB1640E4CB16C09D
:1033800000000080DB0F4940DB0F49C00000000057
:10339000000000802C2066756E6374696F6E3A20A1
:1033A00000000000617373657274696F6E202225DE
:1033B0007322206661696C65643A2066696C6520D9
:1033C000222573222C206C696E65202564257325C7
:1033D000730A0000A2000000F9A2000083F9A20015
:1033E0006E83F9A24E6E83F9444E6E8315444E6E81
:1033F0002915444EFC29154427FC29155727FC297B
:10340000D15727FCF5D1572734F5D157DD34F5D105
:10341000C0DD34F5DBC0DD3462DBC0DD9562DBC0CE
:10342000999562DB3C999562433C999590433C9910
:103430004190433C42616C6C6F63207375636365BC
:1034400065646564000000002F646174612F6A6523
:103450006E6B696E732F776F726B73706163652F1C
:10346000474E552D746F6F6C636861696E2F617282
:103470006D2D31312F7372632F6E65776C69622DFC
:1034800063796777696E2F6E65776C69622F6C69F7
:1034900062632F7374646C69622F6D707265632E42
:1034A0006300000000202020202020202020282849
:1034B00028282820202020202020202020202020F4
:1034C0002020202020881010101010101010101034
:1034D0001010101010040404040404040404041064
:1034E00010101010101041414141414101010101F2
:1034F00001010101010101010101010101010101BC
:1035000010101010101042424242424202020202C7
:10351000020202020202020202020202020202028B
:10352000101010102000000000000000000000003B
:10353000000000000000000000000000000000008B
:10354000000000000000000000000000000000007B
:10355000000000000000000000000000000000006B
:10356000000000000000000000000000000000005B
:10357000000000000000000000000000000000004B
:10358000000000000000000000000000000000003B
:10359000000000000000000000000000000000002B
:1035A0000000000000000000496E66696E697479D1
:1035B000000000004E614E002F646174612F6A6547
:1035C0006E6B696E732F776F726B73706163652FAB
:1035D000474E552D746F6F6C636861696E2F617211
:1035E0006D2D31312F7372632F6E65776C69622D8B
:1035F00063796777696E2F6E65776C69622F6C6986
:1036000062632F7374646C69622F64746F612E63DC
:1036100000000000494E4600696E66004E414E00B3
:103620006E616E003031323334353637383961628D
:10363000636465660000000030313233343536375C
:10364000383941424344454600000000286E756CFD
:103650006C290000300000003863ED3EDA0F493F6E
:103660005E987B3FDA0FC93F6937AC31682122335E
:10367000B40F14336821A2332020202020202020E2
:10368000202020202020202020202020202020203A
:10369000202020202020202005000000190000000C
:1036A0007D0000004572726F723A20696E636F721E
:1036B0007265637420466C6578494F2070696E208E
:1036C000636F6E66696775726174696F6E21000061
:1036D000466C6578494F535049202D206E6F7420F9
:1036E000616C6C2070696E73206D61707065642010
:1036F000746F2073616D6520466C657820636F6E12
:1037000074726F6C6C65720A00000000466C65781C
:10371000494F535049202D206E6F7420616C6C20EE
:1037200070696E7328435329206D61707065642041
:10373000746F2073616D6520466C657820636F6ED1
:1037400074726F6C6C65720A00000000466C6578DC
:10375000494F535049202D204661696C656420749F
:103760006F20616C6C6F636174652074696D657244
:1037700073206F722073686966746572730000004D
:10378000466C6578494F535049202D204D6F736921
:103790002070696E20646F6573206E6F74206D6198
:1037A0007020746F20666C657820636F6E74726F22
:1037B0006C6C65720A0000002020204F4E206F665E
:1037C00066202020000000002020206F6E204F4641
:1037D0004620202000000000202020202020202043
:1037E00020202020000000000A5374617274696E6A
:1037F000672E2E2E000000004650533A2000000095
:103800006F7666002C20416E696D61746564206975
:103810006E200000732C2052656E64657265642012
:10382000696E2000732C20446973706C6179656443
:1038300020696E20000000004F46464C494E45006E
:103840004F4E4C494E45000044454641554C5400AE
:10385000414E475259000000444F55425400000069
:1038600046524F574E0000004C4F4F4B55500000F2
:1038700053414400415544494F31000041554449AA
:103880004F320000415544494F3300003020444539
:1038900047000000333620444547000037322044BB
:1038A000454700003130382044454700313434204A
:1038B00044454700313830204445470032313620F6
:1038C00044454700323532204445470032383820DD
:1038D0004445470033323420444547004752444969
:1038E000454E540059454C4C4F5700004F52414EE5
:1038F0004745000057484954450000004752454598
:103900004E000000505552504C45000052454400B6
:10391000424C5545000000005241494E424F57006D
:103920004E4F4953450000004E4F4E4500000000E9
:1039300050484153455900005048415345580000F4
:103940005048415345520000474C495443485800A1
:103950004D41474E4554000046495348455945009E
:10396000424C555248000000424C5552560000004F
:10397000424C5552520000003130250032302500B3
:103980003330250034302500353025003630250011
:1039900037302500383025003930250031303025CA
:1039A0000000000020202020202020202020202097
:1039B000202020425249474854202020205344458B
:1039C0002042524947485420202020204D4943207E
:1039D00020202020204D4943204C4556454C202096
:1039E00020202020424F4F50202020202020202027
:1039F00053504543202020202020202053495A4561
:103A000020202020202020434F4C4F5220202020D7
:103A100020202048554520462020202020202048D6
:103A20005545204220202020202020454646454361
:103A3000542020202046414E20535045454420200C
:103A40000000000020612062206320642065206661
:103A500020202031325E34352020202020202031CB
:103A6000325E3435202020202020204F4E206F66EB
:103A70006620202020203132333435367C38202017
:103A80002020206F6E204F46462020202020204FEF
:103A90004E206F666620202020202031325E343593
:103AA0002020202020203132333435367C3820202D
:103AB00020203132333435367C38202020203132FA
:103AC000333435367C3820202020313233343536BB
:103AD0007C38202020203132333435367C38202089
:103AE000000000002E0000004C435F434F4C4C414F
:103AF000544500004C435F435459504500000000BA
:103B00004C435F4D4F4E4554415259004C435F4E1C
:103B1000554D4552494300004C435F54494D4500C3
:103B20004C435F4D4553534147455300303030308F
:103B30003030303030303030303030303030303085
:103B40003030303030303030303030300000000035
:103B500000000000F834022060350220C835022041
:103B60000000000000000000000000000000000055
:103B70000000000000000000000000000000000045
:103B80000000000000000000000000000000000035
:103B90000000000000000000000000000000000025
:103BA0000000000000000000000000000000000015
:103BB0000000000000000000000000000000000005
:103BC00000000000000000000000000000000000F5
:103BD00000000000000000000000000000000000E5
:103BE00000000000000000000100000000000000D4
:103BF0000E33CDAB34126DE6ECDE05000B00000099
:103C000000000000000000000000000000000000B4
:103C100000000000000000000000000000000000A4
:103C20000000000000000000000000000000000094
:103C30000000000000000000000000000000000084
:103C40000000000000000000000000000000000074
:103C50000000000000000000000000000000000064
:103C60000000000000000000000000000000000054
:103C70000029DE07F00001013C00F0000101000016
:103C80002422002000000000E803000000000000E3
:103C90004C22002000000000000000000000000096
:103CA0000000000000000000000000000000000014
:103CB0000000000080000000FFFFFFFF3C0000004C
:103CC000000048420000F042401F000000000000D9
:103CD0008000000000000000800000000000803F25
:103CE0000000803F0000803F0000C843007B9A171F
:103CF00012010002EF020140C0168304800201029B
:103D000003010000E0672020010000000C03000018
:103D100000000000000000000000000000000000A3
:103D20000000000028000000000104000100000065
:103D300000000000020157494E55534200000000A8
:103D400000000000000000000000000012034D0011
:103D5000530046005400310030003000F8000000ED
:103D6000B834022000000000430000000000000002
:103D70000000000000000000000000000000000043
:103D800000000000000000004300000000000000F0
:103D90000000000000000000000000000000000023
:103DA00000000000000000004300000000000000D0
:103DB0000000000000000000000000000000000003
:103DC00000000000000000004300000000000000B0
:103DD00000000000000000000000000000000000E3
:103DE0000000000000000000430000000000000090
:103DF00000000000000000000000000000000000C3
:103E0000000000000000000043000000000000006F
:103E100000000000000000000000000000000000A2
:103E2000000000000000000043000000000000004F
:103E30000000000000000000000000000000000082
:103E4000000000000000000021680200899A0200C2
:103E5000000000003C4400207C4A0020E046002096
:103E6000E0460020E0460020E0460020E04600203A
:103E7000E0460020E0460020E0460020E04600202A
:103E8000FFFFFFFFFFFFFFFFFFFFFFFFFFFF000040
:103E900001004153434949000000000000000000B8
:103EA0000000000000000000000000000000000012
:103EB0000000415343494900000000000000000099
:103EC00000000000000000000000000000000000F2
:103ED0000000000000000000000000006C4E002008
:103EE0006C4E0020744E0020744E00207C4E00204A
:103EF0007C4E0020844E0020844E00208C4E0020FA
:103F00008C4E0020944E0020944E00209C4E0020A9
:103F10009C4E0020A44E0020A44E0020AC4E002059
:103F2000AC4E0020B44E0020B44E0020BC4E002009
:103F3000BC4E0020C44E0020C44E0020CC4E0020B9
:103F4000CC4E0020D44E0020D44E0020DC4E002069
:103F5000DC4E0020E44E0020E44E0020EC4E002019
:103F6000EC4E0020F44E0020F44E0020FC4E0020C9
:103F7000FC4E0020044F0020044F00200C4F002076
:103F80000C4F0020144F0020144F00201C4F002025
:103F90001C4F0020244F0020244F00202C4F0020D5
:103FA0002C4F0020344F0020344F00203C4F002085
:103FB0003C4F0020444F0020444F00204C4F002035
:103FC0004C4F0020544F0020544F00205C4F0020E5
:103FD0005C4F0020644F0020644F00206C4F002095
:103FE0006C4F0020744F0020744F00207C4F002045
:103FF0007C4F0020844F0020844F00208C4F0020F5
:104000008C4F0020944F0020944F00209C4F0020A4
:104010009C4F0020A44F0020A44F0020AC4F002054
:10402000AC4F0020B44F0020B44F0020BC4F002004
:10403000BC4F0020C44F0020C44F0020CC4F0020B4
:10404000CC4F0020D44F0020D44F0020DC4F002064
:10405000DC4F0020E44F0020E44F0020EC4F002014
:10406000EC4F0020F44F0020F44F0020FC4F0020C4
:10407000FC4F002004500020045000200C50002071
:104080000C50002014500020145000201C50002020
:104090001C50002024500020245000202C500020D0
:1040A0002C50002034500020345000203C50002080
:1040B0003C50002044500020445000204C50002030
:1040C0004C50002054500020545000205C500020E0
:1040D0005C50002064500020645000206C50002090
:1040E0006C50002074500020745000207C50002040
:1040F0007C50002084500020845000208C500020F0
:104100008C50002094500020945000209C5000209F
:104110009C500020A4500020A4500020AC5000204F
:10412000AC500020B4500020B4500020BC500020FF
:10413000BC500020C4500020C4500020CC500020AF
:10414000CC500020D4500020D4500020DC5000205F
:10415000DC500020E4500020E4500020EC5000200F
:10416000EC500020F4500020F4500020FC500020BF
:10417000FC50002004510020045100200C5100206C
:104180000C51002014510020145100201C5100201B
:104190001C51002024510020245100202C510020CB
:1041A0002C51002034510020345100203C5100207B
:1041B0003C51002044510020445100204C5100202B
:1041C0004C51002054510020545100205C510020DB
:1041D0005C51002064510020645100206C5100208B
:1041E0006C51002074510020745100207C5100203B
:1041F0007C51002084510020845100208C510020EB
:104200008C51002094510020945100209C5100209A
:104210009C510020A4510020A4510020AC5100204A
:10422000AC510020B4510020B4510020BC510020FA
:10423000BC510020C4510020C4510020CC510020AA
:10424000CC510020D4510020D4510020DC5100205A
:10425000DC510020E4510020E4510020EC5100200A
:10426000EC510020F4510020F4510020FC510020BA
:10427000FC51002004520020045200200C52002067
:104280000C52002014520020145200201C52002016
:104290001C52002024520020245200202C520020C6
:1042A0002C52002034520020345200203C52002076
:1042B0003C52002044520020445200204C52002026
:1042C0004C52002054520020545200205C520020D6
:1042D0005C5200206452002064520020FFFFFFFF68
:1042E000000002000000000003000000F83402207B
:1042F000E84A00200000000000000000000000006C
:1043000000000000000000000000000000000000AD
:10431000000000000000000000000000000000009D
:10432000000000000000000000000000000000008D
:10433000000000000000000000000000000000007D
:10434000000000000000000000000000000000006D
:10435000000000000000000000000000000000005D
:10436000000000000000000000000000000000004D
:10437000000000000000000000000000000000003D
:10438000000000000000000000000000000000002D
:10439000000000000000000000000000000000001D
:1043A000000000000000000000000000000000000D
:1043B00000000000000000000000000000000000FD
:1043C00000000000000000000000000000000000ED
:1043D00000000000000000000000000000000000DD
:1043E00000000000000000000000000000000000CD
:1043F00000000000000000000000000000000000BD
:1044000000000000000000000000000000000000AC
:10441000000000000000000000000000000000009C
:10442000000000000000000000000000000000008C
:10443000000000000000000000000000000000007C
:10444000000000000000000000000000000000006C
:10445000000000000000000000000000000000005C
:10446000000000000000000000000000000000004C
:10447000000000000000000000000000000000003C
:10448000000000000000000000000000000000002C
:10449000000000000000000000000000000000001C
:1044A000000000000000000000000000000000000C
:1044B00000000000000000000000000000000000FC
:1044C00000000000000000000000000000000000EC
:1044D00000000000000000000000000000000000DC
:1044E00000000000000000000000000000000000CC
:1044F00000000000000000000000000000000000BC
:1045000000000000000000000000000000000000AB
:10451000000000000000000000000000000000009B
:10452000000000000000000000000000000000008B
:10453000000000000000000000000000000000007B
:10454000000000000000000000000000000000006B
:10455000000000000000000000000000000000005B
:10456000000000000000000000000000000000004B
:10457000000000000000000000000000000000003B
:10458000000000000000000000000000000000002B
:10459000000000000000000000000000000000001B
:1045A000000000000000000000000000000000000B
:1045B00000000000000000000000000000000000FB
:1045C00000000000000000000000000000000000EB
:1045D00000000000000000000000000000000000DB
:1045E00000000000000000000000000000000000CB
:1045F00000000000000000000000000000000000BB
:1046000000000000000000000000000000000000AA
:10461000000000000000000000000000000000009A
:10462000000000000000000000000000000000008A
:10463000000000000000000000000000000000007A
:10464000000000000000000000000000000000006A
:10465000000000000000000000000000000000005A
:10466000000000000000000000000000000000004A
:10467000000000000000000000000000000000003A
:10468000000000000000000000000000000000002A
:10469000000000000000000000000000000000001A
:1046A000000000000000000000000000000000000A
:1046B00000000000000000000000000000000000FA
:1046C00000000000000000000000000000000000EA
:1046D00000000000000000000000000000000000DA
:1046E00000000000000000000000000000000000CA
:1046F00000000000000000000000000000000000BA
:1047000000000000000000000000000000000000A9
:104710000000000000000000000000000000000099
:08472000000000000000000091
:10472800FFFFFFFFFFFFFFFFFFFFFFFFFFFFFFFF91
:10473800FFFFFFFFFFFFFFFFFFFFFFFFFFFFFFFF81
:10474800FFFFFFFFFFFFFFFFFFFFFFFFFFFFFFFF71
:10475800FFFFFFFFFFFFFFFFFFFFFFFFFFFFFFFF61
:10476800FFFFFFFFFFFFFFFFFFFFFFFFFFFFFFFF51
:10477800FFFFFFFFFFFFFFFFFFFFFFFFFFFFFFFF41
:10478800FFFFFFFFFFFFFFFFFFFFFFFFFFFFFFFF31
:10479800FFFFFFFFFFFFFFFFFFFFFFFFFFFFFFFF21
:1047A800FFFFFFFFFFFFFFFFFFFFFFFFFFFFFFFF11
:1047B800FFFFFFFFFFFFFFFFFFFFFFFFFFFFFFFF01
:1047C800FFFFFFFFFFFFFFFFFFFFFFFFFFFFFFFFF1
:1047D800FFFFFFFFFFFFFFFFFFFFFFFFFFFFFFFFE1
:1047E800FFFFFFFFFFFFFFFFFFFFFFFFFFFFFFFFD1
:1047F800FFFFFFFFFFFFFFFF0000000000000000B9
:1048080000000000000000000000000000000000A0
:104818000000000000000000000000000000000090
:104828000000000000000000000000000000000080
:104838000000000000000000000000000000000070
:104848000000000000000000000000000000000060
:104858000000000000000000000000000000000050
:104868000000000000000000000000000000000040
:104878000000000000000000000000000000000030
:104888000000000000000000000000000000000020
:104898000000000000000000000000000000000010
:1048A8000000000000000000000000000000000000
:1048B80000000000000000000000000000000000F0
:1048C80000000000000000000000000000000000E0
:1048D80000000000000000000000000000000000D0
:1048E80000000000000000000000000000000000C0
:1048F80000000000000000000000000000000000B0
:10490800000000000000000000000000000000009F
:10491800000000000000000000000000000000008F
:10492800000000000000000000000000000000007F
:10493800000000000000000000000000000000006F
:10494800000000000000000000000000000000005F
:10495800000000000000000000000000000000004F
:10496800000000000000000000000000000000003F
:10497800000000000000000000000000000000002F
:10498800000000000000000000000000000000001F
:10499800000000000000000000000000000000000F
:1049A80000000000000000000000000000000000FF
:1049B80000000000000000000000000000000000EF
:1049C80000000000000000000000000000000000DF
:1049D80000000000000000000000000000000000CF
:1049E80000000000000000000000000000000000BF
:1049F80000000000000000000000000000000000AF
:104A0800000000000000000000000000000000009E
:104A1800000000000000000000000000000000008E
:104A2800000000000000000000000000000000007E
:104A3800000000000000000000000000000000006E
:104A4800000000000000000000000000000000005E
:104A5800000000000000000000000000000000004E
:104A6800000000000000000000000000000000003E
:104A7800000000000000000000000000000000002E
:104A8800000000000000000000000000000000001E
:104A9800000000000000000000000000000000000E
:104AA80000000000000000000000000000000000FE
:104AB80000000000000000000000000000000000EE
:104AC80000000000000000000000000000000000DE
:104AD80000000000000000000000000000000000CE
:104AE80000000000000000000000000000000000BE
:104AF80000000000000000000000000000000000AE
:104B0800000000000000000000000000000000009D
:104B1800000000000000000000000000000000008D
:104B2800000000000000000000000000000000007D
:104B3800000000000000000000000000000000006D
:104B4800000000000000000000000000000000005D
:104B5800000000000000000000000000000000004D
:104B6800000000000000000000000000000000003D
:104B7800000000000000000000000000000000002D
:104B8800000000000000000000000000000000001D
:104B9800000000000000000000000000000000000D
:104BA80000000000000000000000000000000000FD
:104BB80000000000000000000000000000000000ED
:104BC80000000000000000000000000000000000DD
:104BD80000000000000000000000000000000000CD
:104BE80000000000000000000000000000000000BD
:104BF80000000000000000000000000000000000AD
:104C0800000000000000000000000000000000009C
:104C1800000000000000000000000000000000008C
:104C2800000000000000000000000000000000007C
:104C3800000000000000000000000000000000006C
:104C4800000000000000000000000000000000005C
:104C5800000000000000000000000000000000004C
:104C6800000000000000000000000000000000003C
:104C7800000000000000000000000000000000002C
:104C8800000000000000000000000000000000001C
:104C9800000000000000000000000000000000000C
:104CA80000000000000000000000000000000000FC
:104CB80000000000000000000000000000000000EC
:104CC80000000000000000000000000000000000DC
:104CD80000000000000000000000000000000000CC
:104CE80000000000000000000000000000000000BC
:104CF80000000000000000000000000000000000AC
:104D0800000000000000000000000000000000009B
:104D1800000000000000000000000000000000008B
:104D2800000000000000000000000000000000007B
:104D3800000000000000000000000000000000006B
:104D4800000000000000000000000000000000005B
:104D5800000000000000000000000000000000004B
:104D6800000000000000000000000000000000003B
:104D7800000000000000000000000000000000002B
:104D8800000000000000000000000000000000001B
:104D9800000000000000000000000000000000000B
:104DA80000000000000000000000000000000000FB
:104DB80000000000000000000000000000000000EB
:104DC80000000000000000000000000000000000DB
:104DD80000000000000000000000000000000000CB
:104DE80000000000000000000000000000000000BB
:104DF80000000000000000000000000000000000AB
:104E0800000000000000000000000000000000009A
:104E1800000000000000000000000000000000008A
:104E2800000000000000000000000000000000007A
:104E3800000000000000000000000000000000006A
:104E4800000000000000000000000000000000005A
:104E5800000000000000000000000000000000004A
:104E6800000000000000000000000000000000003A
:104E7800000000000000000000000000000000002A
:104E8800000000000000000000000000000000001A
:104E9800000000000000000000000000000000000A
:104EA80000000000000000000000000000000000FA
:104EB80000000000000000000000000000000000EA
:104EC80000000000000000000000000000000000DA
:104ED80000000000000000000000000000000000CA
:104EE80000000000000000000000000000000000BA
:104EF80000000000000000000000000000000000AA
:104F08000000000000000000000000000000000099
:104F18000000000000000000000000000000000089
:104F28000000000000000000000000000000000079
:104F38000000000000000000000000000000000069
:104F48000000000000000000000000000000000059
:104F58000000000000000000000000000000000049
:104F68000000000000000000000000000000000039
:104F78000000000000000000000000000000000029
:104F88000000000000000000000000000000000019
:104F98000000000000000000000000000000000009
:104FA80000000000000000000000000000000000F9
:104FB80000000000000000000000000000000000E9
:104FC80000000000000000000000000000000000D9
:104FD80000000000000000000000000000000000C9
:104FE80000000000000000000000000000000000B9
:104FF80000000000000000000000000000000000A9
:105008000000000000000000000000000000000098
:105018000000000000000000000000000000000088
:105028000000000000000000000000000000000078
:105038000000000000000000000000000000000068
:105048000000000000000000000000000000000058
:105058000000000000000000000000000000000048
:105068000000000000000000000000000000000038
:105078000000000000000000000000000000000028
:105088000000000000000000000000000000000018
:105098000000000000000000000000000000000008
:1050A80000000000000000000000000000000000F8
:1050B80000000000000000000000000000000000E8
:1050C80000000000000000000000000000000000D8
:1050D80000000000000000000000000000000000C8
:1050E80000000000000000000000000000000000B8
:1050F80000000000000000000000000000000000A8
:105108000000000000000000000000000000000097
:105118000000000000000000000000000000000087
:105128000000000000000000000000000000000077
:105138000000000000000000000000000000000067
:105148000000000000000000000000000000000057
:105158000000000000000000000000000000000047
:105168000000000000000000000000000000000037
:105178000000000000000000000000000000000027
:105188000000000000000000000000000000000017
:105198000000000000000000000000000000000007
:1051A80000000000000000000000000000000000F7
:1051B80000000000000000000000000000000000E7
:1051C80000000000000000000000000000000000D7
:1051D80000000000000000000000000000000000C7
:1051E80000000000000000000000000000000000B7
:1051F80000000000000000000000000000000000A7
:105208000000000000000000000000000000000096
:105218000000000000000000000000000000000086
:105228000000000000000000000000000000000076
:105238000000000000000000000000000000000066
:105248000000000000000000000000000000000056
:105258000000000000000000000000000000000046
:105268000000000000000000000000000000000036
:105278000000000000000000000000000000000026
:105288000000000000000000000000000000000016
:105298000000000000000000000000000000000006
:1052A80000000000000000000000000000000000F6
:1052B80000000000000000000000000000000000E6
:1052C80000000000000000000000000000000000D6
:1052D80000000000000000000000000000000000C6
:1052E80000000000000000000000000000000000B6
:1052F80000000000000000000000000000000000A6
:105308000000000000000000000000000000000095
:105318000000000000000000000000000000000085
:105328000000000000000000000000000000000075
:105338000000000000000000000000000000000065
:105348000000000000000000000000000000000055
:105358000000000000000000000000000000000045
:105368000000000000000000000000000000000035
:105378000000000000000000000000000000000025
:105388000000000000000000000000000000000015
:105398000000000000000000000000000000000005
:1053A80000000000000000000000000000000000F5
:1053B80000000000000000000000000000000000E5
:1053C80000000000000000000000000000000000D5
:1053D80000000000000000000000000000000000C5
:1053E80000000000000000000000000000000000B5
:0853F8000000000000000000AD
:040000056000100087
:00000001FF
